cell_id,drug_id,label,prediction
ACH-000002,10027278,0,0.9499880075454712
ACH-000002,10074640,0,0.9481803774833679
ACH-000002,10077147,0,0.9971652626991272
ACH-000002,10096043,0,0.8913211822509766
ACH-000002,10109823,0,0.9130948781967163
ACH-000002,10113978,0,0.9174923896789551
ACH-000002,10127622,0,0.8584594130516052
ACH-000002,10172943,0,0.9228529930114746
ACH-000002,10184653,0,0.9662454724311829
ACH-000002,10196499,0,0.8249825239181519
ACH-000002,10200390,0,0.9496155977249146
ACH-000002,10302451,0,0.8920543789863586
ACH-000002,10341154,1,0.9947395920753479
ACH-000002,10384072,0,0.9189531803131104
ACH-000002,10390396,1,0.8379931449890137
ACH-000002,10451420,0,0.9962330460548401
ACH-000002,10459196,0,0.9536364674568176
ACH-000002,10461815,0,0.9844490885734558
ACH-000002,104842,0,0.9575281143188477
ACH-000002,11152667,0,0.9474716782569885
ACH-000002,11178236,0,0.9628631472587585
ACH-000002,11282283,0,0.958415150642395
ACH-000002,11316960,1,0.9936043620109558
ACH-000002,11327430,1,0.9693209528923035
ACH-000002,11338033,0,0.9536007046699524
ACH-000002,11364421,0,0.9912757873535156
ACH-000002,11373846,1,0.9882907867431641
ACH-000002,11404337,0,0.983722984790802
ACH-000002,11433190,0,0.9899166226387024
ACH-000002,11455910,0,0.9365414381027222
ACH-000002,11485656,0,0.973201334476471
ACH-000002,11493598,0,0.9845645427703857
ACH-000002,11609586,0,0.943114697933197
ACH-000002,11617559,0,0.9442376494407654
ACH-000002,11624601,0,0.8833427429199219
ACH-000002,11625818,0,0.9960194230079651
ACH-000002,11626560,0,0.8913621306419373
ACH-000002,11626927,0,0.9316166639328003
ACH-000002,11634725,0,0.9299129247665405
ACH-000002,11640390,1,0.9946664571762085
ACH-000002,11647372,0,0.9502912759780884
ACH-000002,11667893,0,0.8980683088302612
ACH-000002,11676786,1,0.9631441235542297
ACH-000002,11707110,0,0.9939389228820801
ACH-000002,11713159,0,0.9801775217056274
ACH-000002,11754511,1,0.9954979419708252
ACH-000002,11844351,0,0.9790246486663818
ACH-000002,11960529,0,0.9536033272743225
ACH-000002,11977753,0,0.9605721235275269
ACH-000002,123631,0,0.93421471118927
ACH-000002,126565,0,0.9844892024993896
ACH-000002,126941,1,0.9919271469116211
ACH-000002,1401,0,0.9902175068855286
ACH-000002,148124,0,0.6707435846328735
ACH-000002,156422,0,0.9634770154953003
ACH-000002,159324,0,0.9646766185760498
ACH-000002,160355,0,0.9544968605041504
ACH-000002,16038120,0,0.8382448554039001
ACH-000002,16095342,0,0.9097043871879578
ACH-000002,16663089,0,0.8386960625648499
ACH-000002,16720766,0,0.9878779649734497
ACH-000002,16722836,1,0.9869353771209717
ACH-000002,16725726,0,0.9944433569908142
ACH-000002,16747388,1,0.9806967377662659
ACH-000002,16760646,0,0.7811223268508911
ACH-000002,176158,0,0.9020969867706299
ACH-000002,176167,0,0.9848810434341431
ACH-000002,176870,0,0.9792824387550354
ACH-000002,17755052,1,0.9777777791023254
ACH-000002,20635522,0,0.9188902378082275
ACH-000002,208908,0,0.9100736975669861
ACH-000002,216239,0,0.8128778338432312
ACH-000002,216326,1,0.984776496887207
ACH-000002,2314623,0,0.9651145935058594
ACH-000002,23725625,0,0.9985949397087097
ACH-000002,2375,0,0.9695723652839661
ACH-000002,24180719,0,0.9742987751960754
ACH-000002,24756910,0,0.9712797403335571
ACH-000002,24772860,0,0.8936692476272583
ACH-000002,24776445,0,0.9148630499839783
ACH-000002,24785538,0,0.9236513376235962
ACH-000002,24825971,0,0.9083428382873535
ACH-000002,24826799,0,0.9286189675331116
ACH-000002,24889392,0,0.9600702524185181
ACH-000002,24894414,1,0.9857096672058105
ACH-000002,24951314,0,0.9880274534225464
ACH-000002,24978538,1,0.9948558807373047
ACH-000002,25022668,0,0.967639148235321
ACH-000002,25102847,0,0.8897884488105774
ACH-000002,25124816,0,0.9423983097076416
ACH-000002,25126798,1,0.9928432703018188
ACH-000002,25167777,1,0.9710643291473389
ACH-000002,25195352,0,0.8867314457893372
ACH-000002,25222038,0,0.9864286780357361
ACH-000002,25257557,1,0.9951445460319519
ACH-000002,25262965,0,0.9158003926277161
ACH-000002,2726824,0,0.918797492980957
ACH-000002,2733526,0,0.9752942323684692
ACH-000002,300471,0,0.8359076380729675
ACH-000002,3005532,0,0.8859096765518188
ACH-000002,3062316,0,0.9953793287277222
ACH-000002,31703,0,0.9415080547332764
ACH-000002,3218,0,0.9985542893409729
ACH-000002,3385,0,0.996526300907135
ACH-000002,3463933,0,0.9854565262794495
ACH-000002,36314,0,0.8482346534729004
ACH-000002,36462,0,0.8863318562507629
ACH-000002,3796,0,0.8926501274108887
ACH-000002,387447,0,0.8658261895179749
ACH-000002,4261,0,0.8513143658638
ACH-000002,4263900,0,0.9273679852485657
ACH-000002,42640,0,0.8664644360542297
ACH-000002,42642645,0,0.8298363089561462
ACH-000002,44137675,0,0.9628477692604065
ACH-000002,44143370,0,0.9375486969947815
ACH-000002,44182295,1,0.943795919418335
ACH-000002,44224160,0,0.9164074659347534
ACH-000002,44450571,0,0.9182581901550293
ACH-000002,44462760,0,0.9685736298561096
ACH-000002,444795,1,0.9346844553947449
ACH-000002,44551660,0,0.8952463865280151
ACH-000002,44632017,0,0.8984267711639404
ACH-000002,446378,0,0.9117735028266907
ACH-000002,447912,1,0.9697108864784241
ACH-000002,448013,0,0.8167673349380493
ACH-000002,44819241,0,0.9788042902946472
ACH-000002,46191454,0,0.8665764927864075
ACH-000002,46224516,0,0.9657224416732788
ACH-000002,462382,0,0.7268298864364624
ACH-000002,46844147,0,0.910183310508728
ACH-000002,46883536,1,0.9379001259803772
ACH-000002,46885626,1,0.9725576043128967
ACH-000002,46907787,1,0.8837006688117981
ACH-000002,46930998,0,0.8865306377410889
ACH-000002,46931012,0,0.9677044749259949
ACH-000002,46943432,1,0.9747495651245117
ACH-000002,49806720,0,0.9548454880714417
ACH-000002,49821040,0,0.8581683039665222
ACH-000002,49836027,0,0.913303554058075
ACH-000002,4993,0,0.9257651567459106
ACH-000002,5113032,0,0.9743106365203857
ACH-000002,51371303,0,0.972539484500885
ACH-000002,5208,0,0.9721535444259644
ACH-000002,521106,0,0.9645591378211975
ACH-000002,5278396,0,0.961834728717804
ACH-000002,5280757,0,0.9196401238441467
ACH-000002,5289247,0,0.9719429016113281
ACH-000002,5291,0,0.8566374182701111
ACH-000002,5311,1,0.8900778293609619
ACH-000002,5311497,0,0.9079130291938782
ACH-000002,5311510,0,0.9438361525535583
ACH-000002,5327091,0,0.9413818120956421
ACH-000002,5328940,0,0.9186059236526489
ACH-000002,5329102,0,0.8662837743759155
ACH-000002,53302361,0,0.9477325081825256
ACH-000002,5330286,0,0.932958722114563
ACH-000002,53340664,0,0.9601888060569763
ACH-000002,53394750,1,0.9907776117324829
ACH-000002,5384616,0,0.810145378112793
ACH-000002,5394,0,0.9663800597190857
ACH-000002,5459322,0,0.9375714063644409
ACH-000002,5460769,0,0.8826163411140442
ACH-000002,54676905,0,0.9420138597488403
ACH-000002,54685215,0,0.8955234289169312
ACH-000002,5494449,1,0.995608389377594
ACH-000002,560326,0,0.9031088948249817
ACH-000002,56962337,0,0.8818259239196777
ACH-000002,56965967,0,0.9634527564048767
ACH-000002,5717801,0,0.7312616109848022
ACH-000002,57339144,0,0.973491370677948
ACH-000002,5746,0,0.8630234599113464
ACH-000002,60750,0,0.9475770592689514
ACH-000002,6253,0,0.9597218632698059
ACH-000002,637858,0,0.9544532895088196
ACH-000002,644215,0,0.908219039440155
ACH-000002,644241,1,0.976223886013031
ACH-000002,6445533,0,0.9574945569038391
ACH-000002,6445562,0,0.9528054594993591
ACH-000002,6450551,0,0.8563655018806458
ACH-000002,6450816,0,0.9624794721603394
ACH-000002,6505803,0,0.880390465259552
ACH-000002,65110,1,0.969901442527771
ACH-000002,66577006,0,0.9742574691772461
ACH-000002,6710780,0,0.9057485461235046
ACH-000002,6753378,0,0.8818795084953308
ACH-000002,6852167,1,0.9112527966499329
ACH-000002,6914657,0,0.8137158155441284
ACH-000002,6918289,0,0.9374778270721436
ACH-000002,6918454,1,0.962363600730896
ACH-000002,6918638,0,0.9261156320571899
ACH-000002,6918848,0,0.8741753697395325
ACH-000002,704473,0,0.9863253235816956
ACH-000002,71271629,0,0.9833516478538513
ACH-000002,7251185,0,0.9598369002342224
ACH-000002,76044,0,0.7689327001571655
ACH-000002,82146,1,0.9740447998046875
ACH-000002,8249,1,0.9371809363365173
ACH-000002,84691,0,0.9940484762191772
ACH-000002,85668777,0,0.8854434490203857
ACH-000002,9549184,1,0.9720673561096191
ACH-000002,9810884,1,0.9889899492263794
ACH-000002,9813758,0,0.9881536364555359
ACH-000002,9826308,0,0.8274943232536316
ACH-000002,9826528,1,0.9053718447685242
ACH-000002,9858940,0,0.977053701877594
ACH-000002,9863776,0,0.9645521640777588
ACH-000002,9868037,0,0.9785778522491455
ACH-000002,9874913,0,0.9548379778862
ACH-000002,9884685,0,0.9128907918930054
ACH-000002,9903786,0,0.9731608033180237
ACH-000002,9907093,0,0.9351252317428589
ACH-000002,9910224,0,0.9848136305809021
ACH-000002,9911830,0,0.9451493620872498
ACH-000002,9914412,0,0.9196088910102844
ACH-000002,9931953,0,0.9097406268119812
ACH-000002,9938202,0,0.9470692276954651
ACH-000002,9943465,0,0.9630306959152222
ACH-000002,9952773,0,0.9036730527877808
ACH-000002,9956119,0,0.9557942748069763
ACH-000002,9956222,0,0.9203997254371643
ACH-000002,9967941,0,0.9755136966705322
ACH-000020,10077147,0,0.9884040355682373
ACH-000020,10127622,0,0.9839127659797668
ACH-000020,10184653,0,0.7373318672180176
ACH-000020,10341154,0,0.7215805649757385
ACH-000020,10384072,0,0.7851407527923584
ACH-000020,10459196,0,0.8387789130210876
ACH-000020,104842,0,0.8834583163261414
ACH-000020,11152667,0,0.9430116415023804
ACH-000020,11316960,0,0.9541099071502686
ACH-000020,11327430,0,0.9654836058616638
ACH-000020,11433190,0,0.9311997890472412
ACH-000020,11455910,0,0.7270715236663818
ACH-000020,11609586,0,0.9844977259635925
ACH-000020,11624601,1,0.9786615371704102
ACH-000020,11667893,1,0.8009337782859802
ACH-000020,11707110,0,0.8713468909263611
ACH-000020,11960529,1,0.8178337216377258
ACH-000020,11977753,0,0.7777310013771057
ACH-000020,123631,0,0.8908742070198059
ACH-000020,126565,0,0.9509561657905579
ACH-000020,126941,0,0.5048442482948303
ACH-000020,1401,0,0.8262280225753784
ACH-000020,148124,0,0.9812490940093994
ACH-000020,156422,0,0.8727717995643616
ACH-000020,16720766,0,0.9445507526397705
ACH-000020,176158,0,0.8764379620552063
ACH-000020,17755052,0,0.9621078968048096
ACH-000020,216326,1,0.9408538937568665
ACH-000020,2314623,1,0.9823680520057678
ACH-000020,23725625,0,0.9875795245170593
ACH-000020,24180719,0,0.995997428894043
ACH-000020,24776445,0,0.9959151148796082
ACH-000020,24978538,0,0.9787648916244507
ACH-000020,25262965,0,0.9104784727096558
ACH-000020,2726824,0,0.8391340970993042
ACH-000020,2733526,1,0.9369404911994934
ACH-000020,300471,0,0.8472326397895813
ACH-000020,44182295,0,0.8171435594558716
ACH-000020,44450571,0,0.7956656813621521
ACH-000020,44462760,0,0.8286091089248657
ACH-000020,444795,0,0.7544427514076233
ACH-000020,44632017,0,0.7811157703399658
ACH-000020,44819241,0,0.8902760148048401
ACH-000020,46930998,0,0.7303285002708435
ACH-000020,51371303,1,0.8847136497497559
ACH-000020,5278396,0,0.8476653099060059
ACH-000020,5311,0,0.7765586376190186
ACH-000020,5327091,0,0.8502715229988098
ACH-000020,5328940,0,0.7488219738006592
ACH-000020,5330286,0,0.7814030647277832
ACH-000020,5394,0,0.8341873288154602
ACH-000020,54685215,1,0.737439751625061
ACH-000020,56962337,1,0.7368807792663574
ACH-000020,57339144,1,0.8600453734397888
ACH-000020,6253,0,0.880994439125061
ACH-000020,637858,0,0.8533368706703186
ACH-000020,644241,0,0.8816390633583069
ACH-000020,6450551,0,0.7264222502708435
ACH-000020,6505803,0,0.7185148596763611
ACH-000020,65110,0,0.8851828575134277
ACH-000020,6710780,0,0.7346412539482117
ACH-000020,6914657,0,0.6784371733665466
ACH-000020,6918289,0,0.7854129672050476
ACH-000020,6918454,0,0.8418172597885132
ACH-000020,71271629,0,0.8998891115188599
ACH-000020,84691,0,0.9712110161781311
ACH-000020,85668777,0,0.7661298513412476
ACH-000020,9826528,0,0.7636719942092896
ACH-000020,9858940,1,0.8488222360610962
ACH-000020,9863776,0,0.8436486124992371
ACH-000020,9914412,0,0.7823894619941711
ACH-000020,9931953,0,0.7364657521247864
ACH-000020,9938202,0,0.8362034559249878
ACH-000020,9943465,0,0.8637945055961609
ACH-000024,10027278,0,0.8046149611473083
ACH-000024,10074640,0,0.7556976079940796
ACH-000024,10077147,0,0.886820375919342
ACH-000024,10096043,0,0.671074628829956
ACH-000024,10109823,0,0.6439733505249023
ACH-000024,10113978,0,0.5541415214538574
ACH-000024,10127622,0,0.44465216994285583
ACH-000024,10172943,0,0.6989356875419617
ACH-000024,10184653,0,0.8206841349601746
ACH-000024,10196499,0,0.5437667965888977
ACH-000024,10200390,0,0.705068826675415
ACH-000024,10302451,0,0.621985912322998
ACH-000024,10341154,0,0.9644248485565186
ACH-000024,10384072,0,0.719398558139801
ACH-000024,10390396,1,0.5504490733146667
ACH-000024,10451420,1,0.8969341516494751
ACH-000024,10459196,0,0.7741581797599792
ACH-000024,10461815,0,0.7267284393310547
ACH-000024,104842,0,0.7465934753417969
ACH-000024,11152667,0,0.8294500112533569
ACH-000024,11178236,0,0.8952240347862244
ACH-000024,11282283,0,0.5706533789634705
ACH-000024,11316960,0,0.7935605049133301
ACH-000024,11327430,0,0.7113150358200073
ACH-000024,11338033,0,0.5149623155593872
ACH-000024,11364421,0,0.842201292514801
ACH-000024,11373846,0,0.8014808297157288
ACH-000024,11404337,0,0.8657760620117188
ACH-000024,11433190,0,0.7878377437591553
ACH-000024,11455910,0,0.8045317530632019
ACH-000024,11485656,0,0.8714699745178223
ACH-000024,11493598,0,0.92960524559021
ACH-000024,11609586,0,0.5304200649261475
ACH-000024,11617559,0,0.7582296133041382
ACH-000024,11624601,0,0.4944319725036621
ACH-000024,11625818,0,0.9533700942993164
ACH-000024,11626560,0,0.5805240273475647
ACH-000024,11626927,1,0.6653415560722351
ACH-000024,11634725,0,0.625572919845581
ACH-000024,11640390,0,0.9533869624137878
ACH-000024,11647372,0,0.5402793884277344
ACH-000024,11667893,0,0.7019844651222229
ACH-000024,11676786,0,0.753425121307373
ACH-000024,11707110,0,0.8792873620986938
ACH-000024,11713159,0,0.8656655550003052
ACH-000024,11754511,1,0.8460327982902527
ACH-000024,11844351,0,0.7904305458068848
ACH-000024,11960529,0,0.8613325357437134
ACH-000024,11977753,0,0.7330014705657959
ACH-000024,123631,0,0.7206363677978516
ACH-000024,126565,0,0.876682460308075
ACH-000024,126941,0,0.9677520990371704
ACH-000024,1401,1,0.8901216387748718
ACH-000024,148124,0,0.36579784750938416
ACH-000024,156422,0,0.8300048112869263
ACH-000024,159324,0,0.7870373129844666
ACH-000024,160355,0,0.8550460338592529
ACH-000024,16038120,1,0.5787898302078247
ACH-000024,16095342,0,0.6503570079803467
ACH-000024,16663089,0,0.6335027813911438
ACH-000024,16720766,0,0.8120611310005188
ACH-000024,16722836,0,0.831322193145752
ACH-000024,16725726,0,0.9265666604042053
ACH-000024,16747388,0,0.7694455981254578
ACH-000024,16760646,0,0.582370936870575
ACH-000024,176158,0,0.611764132976532
ACH-000024,176167,0,0.8389769196510315
ACH-000024,176870,0,0.8766555190086365
ACH-000024,17755052,0,0.7813238501548767
ACH-000024,20635522,0,0.5991073846817017
ACH-000024,208908,0,0.633010745048523
ACH-000024,216239,0,0.528093159198761
ACH-000024,216326,0,0.8005018830299377
ACH-000024,2314623,0,0.6581448316574097
ACH-000024,23725625,0,0.9535470604896545
ACH-000024,2375,0,0.5946639776229858
ACH-000024,24180719,0,0.5966012477874756
ACH-000024,24756910,0,0.7837168574333191
ACH-000024,24772860,0,0.6817507743835449
ACH-000024,24776445,0,0.4001704454421997
ACH-000024,24785538,0,0.7592713236808777
ACH-000024,24825971,0,0.6973090171813965
ACH-000024,24826799,0,0.7139889597892761
ACH-000024,24889392,0,0.5726180672645569
ACH-000024,24894414,0,0.8895924091339111
ACH-000024,24951314,0,0.7898703813552856
ACH-000024,24978538,0,0.7760695815086365
ACH-000024,25022668,0,0.7507705688476562
ACH-000024,25102847,0,0.7111873030662537
ACH-000024,25124816,0,0.48042431473731995
ACH-000024,25126798,1,0.9204131960868835
ACH-000024,25167777,0,0.5966031551361084
ACH-000024,25195352,0,0.6424365639686584
ACH-000024,25222038,0,0.8280115127563477
ACH-000024,25257557,1,0.8765688538551331
ACH-000024,25262965,0,0.7205652594566345
ACH-000024,2726824,0,0.6847336292266846
ACH-000024,2733526,0,0.7387601137161255
ACH-000024,300471,0,0.570559024810791
ACH-000024,3005532,0,0.4827401340007782
ACH-000024,3062316,0,0.9350541234016418
ACH-000024,31703,0,0.445090115070343
ACH-000024,3218,0,0.9771012663841248
ACH-000024,3385,0,0.9849063754081726
ACH-000024,3463933,0,0.6033141613006592
ACH-000024,36314,0,0.5278365612030029
ACH-000024,36462,0,0.4608341455459595
ACH-000024,3796,0,0.5781188011169434
ACH-000024,387447,0,0.8517329692840576
ACH-000024,4261,0,0.6245936155319214
ACH-000024,4263900,0,0.6561798453330994
ACH-000024,42640,0,0.602867841720581
ACH-000024,42642645,0,0.618176281452179
ACH-000024,44137675,0,0.7237725257873535
ACH-000024,44143370,0,0.6925528645515442
ACH-000024,44182295,0,0.6486657857894897
ACH-000024,44224160,0,0.701092541217804
ACH-000024,44450571,0,0.6948418021202087
ACH-000024,44462760,0,0.7112796902656555
ACH-000024,444795,0,0.7093079686164856
ACH-000024,44551660,0,0.6895151734352112
ACH-000024,44632017,0,0.6590785384178162
ACH-000024,446378,0,0.6289455890655518
ACH-000024,447912,0,0.6838663220405579
ACH-000024,448013,0,0.5998592376708984
ACH-000024,44819241,0,0.7689146399497986
ACH-000024,46191454,0,0.6342633366584778
ACH-000024,46224516,0,0.7323225140571594
ACH-000024,462382,1,0.5505825281143188
ACH-000024,46844147,1,0.6647485494613647
ACH-000024,46883536,0,0.7107343673706055
ACH-000024,46885626,1,0.7341055274009705
ACH-000024,46907787,1,0.6435300707817078
ACH-000024,46930998,0,0.6877601742744446
ACH-000024,46931012,1,0.7194040417671204
ACH-000024,46943432,1,0.7659285068511963
ACH-000024,49806720,1,0.6620943546295166
ACH-000024,49821040,0,0.6356820464134216
ACH-000024,49836027,1,0.6877121925354004
ACH-000024,4993,0,0.7211748361587524
ACH-000024,5113032,0,0.7872287631034851
ACH-000024,51371303,0,0.7407312393188477
ACH-000024,5208,0,0.7678542733192444
ACH-000024,521106,0,0.7373716235160828
ACH-000024,5278396,0,0.7322568297386169
ACH-000024,5280757,0,0.6270976662635803
ACH-000024,5289247,0,0.7666893005371094
ACH-000024,5291,0,0.6294765472412109
ACH-000024,5311,0,0.6369799375534058
ACH-000024,5311497,0,0.6427109241485596
ACH-000024,5311510,0,0.6945967078208923
ACH-000024,5327091,0,0.6902798414230347
ACH-000024,5328940,0,0.6751915216445923
ACH-000024,5329102,0,0.6424140334129333
ACH-000024,53302361,0,0.7099246978759766
ACH-000024,5330286,0,0.6809025406837463
ACH-000024,53340664,1,0.7264840602874756
ACH-000024,53394750,1,0.7926092743873596
ACH-000024,5384616,1,0.5798377394676208
ACH-000024,5394,0,0.7341384291648865
ACH-000024,5459322,0,0.6633193492889404
ACH-000024,5460769,0,0.594303548336029
ACH-000024,54676905,0,0.6801312565803528
ACH-000024,54685215,0,0.630571186542511
ACH-000024,5494449,0,0.8343235850334167
ACH-000024,560326,1,0.6705551743507385
ACH-000024,56962337,0,0.6126197576522827
ACH-000024,56965967,0,0.7118796706199646
ACH-000024,5717801,0,0.5604047775268555
ACH-000024,57339144,0,0.7210213541984558
ACH-000024,5746,0,0.6467861533164978
ACH-000024,60750,0,0.6777130365371704
ACH-000024,6253,0,0.6811394095420837
ACH-000024,637858,0,0.698463499546051
ACH-000024,644215,0,0.6663599610328674
ACH-000024,644241,0,0.750953197479248
ACH-000024,6445533,0,0.7305673360824585
ACH-000024,6445562,0,0.7065032124519348
ACH-000024,6450551,0,0.6407039165496826
ACH-000024,6450816,0,0.6851903796195984
ACH-000024,6505803,0,0.6114654541015625
ACH-000024,65110,0,0.6911177039146423
ACH-000024,66577006,1,0.7364957332611084
ACH-000024,6710780,0,0.644106924533844
ACH-000024,6753378,0,0.6517401933670044
ACH-000024,6852167,1,0.6577446460723877
ACH-000024,6914657,0,0.6023563146591187
ACH-000024,6918289,0,0.6445279121398926
ACH-000024,6918454,0,0.7309410572052002
ACH-000024,6918638,0,0.6552137136459351
ACH-000024,6918848,0,0.6331106424331665
ACH-000024,704473,1,0.8004693388938904
ACH-000024,71271629,0,0.7526810169219971
ACH-000024,7251185,0,0.7108393311500549
ACH-000024,76044,0,0.5986045002937317
ACH-000024,82146,0,0.7519951462745667
ACH-000024,8249,0,0.746366560459137
ACH-000024,84691,0,0.8330499529838562
ACH-000024,85668777,0,0.6307661533355713
ACH-000024,9549184,0,0.7520139813423157
ACH-000024,9810884,1,0.7927395105361938
ACH-000024,9813758,1,0.8239849805831909
ACH-000024,9826308,0,0.6318678259849548
ACH-000024,9826528,0,0.6190966963768005
ACH-000024,9858940,0,0.761383056640625
ACH-000024,9863776,0,0.6993196606636047
ACH-000024,9868037,0,0.7582229971885681
ACH-000024,9874913,0,0.7480176091194153
ACH-000024,9884685,0,0.6551468968391418
ACH-000024,9903786,0,0.7809817790985107
ACH-000024,9907093,0,0.6713836193084717
ACH-000024,9910224,1,0.7880579829216003
ACH-000024,9911830,0,0.7211340069770813
ACH-000024,9914412,0,0.6682754755020142
ACH-000024,9931953,0,0.6088292002677917
ACH-000024,9938202,0,0.6951408386230469
ACH-000024,9943465,0,0.7051108479499817
ACH-000024,9952773,0,0.649556040763855
ACH-000024,9956119,0,0.7039507627487183
ACH-000024,9956222,0,0.6773953437805176
ACH-000024,9967941,0,0.7611250877380371
ACH-000040,10027278,0,0.8317060470581055
ACH-000040,10074640,0,0.9079806208610535
ACH-000040,10077147,0,0.9895199537277222
ACH-000040,10096043,0,0.7499061822891235
ACH-000040,10109823,0,0.8998238444328308
ACH-000040,10113978,0,0.6176634430885315
ACH-000040,10127622,0,0.6424170136451721
ACH-000040,10184653,0,0.8146207928657532
ACH-000040,10196499,0,0.6415622234344482
ACH-000040,10200390,0,0.8511748909950256
ACH-000040,10341154,0,0.9888246655464172
ACH-000040,10384072,0,0.7034833431243896
ACH-000040,10451420,0,0.9317522048950195
ACH-000040,10459196,0,0.7976341843605042
ACH-000040,104842,0,0.8904320597648621
ACH-000040,11152667,0,0.9093348979949951
ACH-000040,11178236,0,0.9333759546279907
ACH-000040,11282283,0,0.5961962938308716
ACH-000040,11316960,0,0.8336217999458313
ACH-000040,11327430,0,0.832101583480835
ACH-000040,11338033,0,0.7621736526489258
ACH-000040,11373846,0,0.8445895910263062
ACH-000040,11404337,0,0.8233243227005005
ACH-000040,11433190,0,0.946421205997467
ACH-000040,11455910,0,0.9021716117858887
ACH-000040,11485656,0,0.9186490774154663
ACH-000040,11493598,0,0.9688620567321777
ACH-000040,11609586,1,0.7929732799530029
ACH-000040,11617559,0,0.8411871194839478
ACH-000040,11624601,0,0.6356214880943298
ACH-000040,11625818,0,0.9519175887107849
ACH-000040,11634725,0,0.7256421446800232
ACH-000040,11640390,0,0.9794757962226868
ACH-000040,11647372,0,0.791375994682312
ACH-000040,11667893,0,0.7071385383605957
ACH-000040,11707110,0,0.8757218718528748
ACH-000040,11713159,0,0.9486472606658936
ACH-000040,11754511,0,0.9617278575897217
ACH-000040,11960529,0,0.9264453649520874
ACH-000040,11977753,0,0.8822229504585266
ACH-000040,123631,0,0.8309795260429382
ACH-000040,126565,0,0.9366922974586487
ACH-000040,126941,0,0.9775937795639038
ACH-000040,1401,0,0.9376360774040222
ACH-000040,148124,0,0.42115849256515503
ACH-000040,156422,0,0.799901008605957
ACH-000040,159324,0,0.8438683152198792
ACH-000040,16720766,0,0.9453766942024231
ACH-000040,16722836,0,0.8990092873573303
ACH-000040,16725726,1,0.9544116258621216
ACH-000040,16747388,0,0.9249638319015503
ACH-000040,176158,0,0.731054425239563
ACH-000040,176167,0,0.9003422260284424
ACH-000040,17755052,0,0.9096951484680176
ACH-000040,216326,0,0.9127568602561951
ACH-000040,2314623,0,0.8381393551826477
ACH-000040,23725625,0,0.9701545238494873
ACH-000040,2375,0,0.7930872440338135
ACH-000040,24180719,0,0.8493244647979736
ACH-000040,24756910,0,0.823202908039093
ACH-000040,24772860,0,0.7846356630325317
ACH-000040,24776445,0,0.5950537919998169
ACH-000040,24785538,0,0.788249135017395
ACH-000040,24826799,0,0.8699876666069031
ACH-000040,24889392,0,0.7311127781867981
ACH-000040,24894414,0,0.9155930876731873
ACH-000040,24951314,0,0.9291347861289978
ACH-000040,24978538,0,0.9857207536697388
ACH-000040,25022668,0,0.829294741153717
ACH-000040,25102847,0,0.8198667764663696
ACH-000040,25124816,0,0.6291763782501221
ACH-000040,25126798,0,0.9696230888366699
ACH-000040,25167777,0,0.9021819829940796
ACH-000040,25195352,0,0.7336241602897644
ACH-000040,25222038,0,0.9236342906951904
ACH-000040,25257557,0,0.8789165616035461
ACH-000040,25262965,0,0.7225752472877502
ACH-000040,2726824,0,0.7283825278282166
ACH-000040,2733526,0,0.7642583250999451
ACH-000040,300471,0,0.6194242238998413
ACH-000040,3005532,0,0.6715668439865112
ACH-000040,31703,0,0.7207813858985901
ACH-000040,3218,0,0.9813388586044312
ACH-000040,3385,0,0.9933971166610718
ACH-000040,3463933,0,0.9313266277313232
ACH-000040,36462,0,0.7943887710571289
ACH-000040,3796,0,0.6105427145957947
ACH-000040,4263900,0,0.6423779726028442
ACH-000040,42640,0,0.588215708732605
ACH-000040,42642645,0,0.599018931388855
ACH-000040,44137675,0,0.6790201663970947
ACH-000040,44143370,0,0.6574963331222534
ACH-000040,44182295,0,0.6808903217315674
ACH-000040,44224160,0,0.7005082964897156
ACH-000040,44450571,0,0.6692276000976562
ACH-000040,44462760,0,0.7388550639152527
ACH-000040,444795,0,0.6497554779052734
ACH-000040,44551660,0,0.6954509019851685
ACH-000040,44632017,0,0.6658132076263428
ACH-000040,446378,0,0.608453094959259
ACH-000040,447912,0,0.7120997905731201
ACH-000040,448013,0,0.6193485856056213
ACH-000040,44819241,0,0.730627179145813
ACH-000040,46191454,0,0.6304532289505005
ACH-000040,46224516,0,0.8204110860824585
ACH-000040,46883536,0,0.7092885971069336
ACH-000040,46885626,0,0.6742162704467773
ACH-000040,46907787,0,0.6179326176643372
ACH-000040,46930998,0,0.6708760261535645
ACH-000040,46931012,0,0.6545296907424927
ACH-000040,46943432,0,0.7699504494667053
ACH-000040,49806720,0,0.6888609528541565
ACH-000040,5113032,0,0.8049075603485107
ACH-000040,51371303,0,0.7830618023872375
ACH-000040,5208,0,0.759335994720459
ACH-000040,521106,0,0.8089174032211304
ACH-000040,5278396,0,0.7150494456291199
ACH-000040,5280757,0,0.6001914143562317
ACH-000040,5289247,0,0.7644623517990112
ACH-000040,5311,0,0.7162602543830872
ACH-000040,5311497,0,0.6166686415672302
ACH-000040,5327091,1,0.7025718688964844
ACH-000040,5328940,0,0.6488082408905029
ACH-000040,53302361,0,0.6704835295677185
ACH-000040,5330286,0,0.695887565612793
ACH-000040,53340664,0,0.7227869033813477
ACH-000040,53394750,0,0.8062900900840759
ACH-000040,5394,0,0.7337881326675415
ACH-000040,5459322,0,0.6677182912826538
ACH-000040,5460769,0,0.5805249810218811
ACH-000040,54676905,0,0.7361458539962769
ACH-000040,54685215,0,0.5977078080177307
ACH-000040,560326,0,0.6564968228340149
ACH-000040,56962337,0,0.6080884337425232
ACH-000040,56965967,0,0.6645793914794922
ACH-000040,57339144,0,0.7209413647651672
ACH-000040,5746,0,0.6586530804634094
ACH-000040,60750,0,0.6792854070663452
ACH-000040,6253,0,0.712554395198822
ACH-000040,637858,0,0.7141380906105042
ACH-000040,644241,0,0.8164570331573486
ACH-000040,6445533,0,0.8041560053825378
ACH-000040,6445562,0,0.6277278065681458
ACH-000040,6450551,0,0.6394298672676086
ACH-000040,6450816,0,0.7027012705802917
ACH-000040,6505803,0,0.5998794436454773
ACH-000040,65110,0,0.8005673289299011
ACH-000040,66577006,0,0.7698058485984802
ACH-000040,6710780,0,0.6200929880142212
ACH-000040,6753378,0,0.6330429911613464
ACH-000040,6852167,0,0.6745997071266174
ACH-000040,6914657,0,0.614856481552124
ACH-000040,6918454,0,0.7380774617195129
ACH-000040,6918638,0,0.6847763061523438
ACH-000040,6918848,0,0.670699954032898
ACH-000040,704473,0,0.8597731590270996
ACH-000040,71271629,0,0.794781506061554
ACH-000040,82146,0,0.7766244411468506
ACH-000040,8249,0,0.7661883234977722
ACH-000040,84691,0,0.935030460357666
ACH-000040,85668777,0,0.6436471343040466
ACH-000040,9810884,0,0.8591874837875366
ACH-000040,9813758,0,0.8516520261764526
ACH-000040,9826528,0,0.6311783790588379
ACH-000040,9858940,0,0.7484645843505859
ACH-000040,9863776,0,0.6734867095947266
ACH-000040,9868037,0,0.8001272082328796
ACH-000040,9874913,0,0.7060526609420776
ACH-000040,9884685,0,0.6365410089492798
ACH-000040,9903786,0,0.7836492657661438
ACH-000040,9910224,0,0.7724094986915588
ACH-000040,9911830,0,0.7411654591560364
ACH-000040,9914412,0,0.6913531422615051
ACH-000040,9931953,1,0.6225698590278625
ACH-000040,9938202,1,0.7151622772216797
ACH-000040,9943465,0,0.6968703866004944
ACH-000040,9952773,0,0.6758534908294678
ACH-000040,9956119,1,0.6657424569129944
ACH-000040,9956222,0,0.6478609442710876
ACH-000040,9967941,0,0.7455469965934753
ACH-000046,10027278,0,0.7227416634559631
ACH-000046,10074640,0,0.7247212529182434
ACH-000046,10096043,0,0.6281166076660156
ACH-000046,10109823,1,0.580838143825531
ACH-000046,10113978,0,0.2614385485649109
ACH-000046,10184653,1,0.7139791250228882
ACH-000046,10196499,0,0.4322994351387024
ACH-000046,10200390,0,0.7335720658302307
ACH-000046,10341154,0,0.9610171318054199
ACH-000046,10451420,0,0.8804508447647095
ACH-000046,104842,0,0.7744409441947937
ACH-000046,11152667,0,0.7371047139167786
ACH-000046,11178236,0,0.9166452288627625
ACH-000046,11282283,0,0.4803428649902344
ACH-000046,11338033,0,0.2771405577659607
ACH-000046,11373846,0,0.786112368106842
ACH-000046,11404337,0,0.786790132522583
ACH-000046,11455910,0,0.8605267405509949
ACH-000046,11485656,0,0.7825431823730469
ACH-000046,11493598,0,0.938194990158081
ACH-000046,11609586,0,0.46137845516204834
ACH-000046,11617559,0,0.7120362520217896
ACH-000046,11625818,0,0.9191960692405701
ACH-000046,11634725,0,0.5893434286117554
ACH-000046,11640390,0,0.9303407669067383
ACH-000046,11647372,0,0.3782113492488861
ACH-000046,11707110,1,0.8222513198852539
ACH-000046,11713159,0,0.8757532835006714
ACH-000046,11754511,0,0.8154164552688599
ACH-000046,11960529,0,0.7996045351028442
ACH-000046,123631,1,0.7152811288833618
ACH-000046,126565,0,0.8281698822975159
ACH-000046,126941,0,0.9778256416320801
ACH-000046,148124,0,0.22824852168560028
ACH-000046,159324,0,0.7434917688369751
ACH-000046,16720766,0,0.7334163188934326
ACH-000046,16722836,0,0.6722171902656555
ACH-000046,16725726,0,0.8741222023963928
ACH-000046,16747388,0,0.68165123462677
ACH-000046,176158,0,0.5798370242118835
ACH-000046,176167,0,0.853602409362793
ACH-000046,216326,0,0.8165479898452759
ACH-000046,2314623,0,0.6094274520874023
ACH-000046,23725625,0,0.8923184275627136
ACH-000046,2375,0,0.4460604190826416
ACH-000046,24756910,0,0.7497221827507019
ACH-000046,24772860,0,0.640167772769928
ACH-000046,24776445,0,0.23530885577201843
ACH-000046,24785538,0,0.7048930525779724
ACH-000046,24826799,0,0.6875221729278564
ACH-000046,24889392,0,0.34770798683166504
ACH-000046,24894414,0,0.9032154679298401
ACH-000046,24951314,0,0.5152941346168518
ACH-000046,25022668,0,0.5992253422737122
ACH-000046,25102847,0,0.5605650544166565
ACH-000046,25124816,0,0.31419411301612854
ACH-000046,25126798,0,0.9270240068435669
ACH-000046,25167777,0,0.43051981925964355
ACH-000046,25195352,0,0.4188418388366699
ACH-000046,25222038,0,0.8220794200897217
ACH-000046,25257557,1,0.8082626461982727
ACH-000046,2726824,0,0.7430213093757629
ACH-000046,2733526,0,0.683150589466095
ACH-000046,300471,0,0.698529839515686
ACH-000046,3005532,0,0.48319143056869507
ACH-000046,31703,0,0.3466419577598572
ACH-000046,3218,0,0.9650089740753174
ACH-000046,3385,0,0.9899224638938904
ACH-000046,3463933,0,0.474157452583313
ACH-000046,36462,0,0.3930351138114929
ACH-000046,3796,0,0.45239853858947754
ACH-000046,4263900,0,0.6888551712036133
ACH-000046,42640,0,0.5910759568214417
ACH-000046,42642645,0,0.5851530432701111
ACH-000046,44137675,0,0.6791409850120544
ACH-000046,44143370,0,0.6296250820159912
ACH-000046,44224160,0,0.6804996132850647
ACH-000046,44462760,1,0.6769786477088928
ACH-000046,444795,0,0.6488025188446045
ACH-000046,44551660,0,0.6497036218643188
ACH-000046,44632017,0,0.6434311866760254
ACH-000046,446378,0,0.6462036371231079
ACH-000046,447912,0,0.6797025203704834
ACH-000046,448013,0,0.6197951436042786
ACH-000046,44819241,0,0.7649976015090942
ACH-000046,46191454,0,0.6357570886611938
ACH-000046,46224516,0,0.7416455149650574
ACH-000046,46883536,0,0.6524290442466736
ACH-000046,46885626,0,0.7271016240119934
ACH-000046,46907787,0,0.647373616695404
ACH-000046,46931012,0,0.6505986452102661
ACH-000046,46943432,0,0.7387526631355286
ACH-000046,49806720,0,0.649630069732666
ACH-000046,5113032,0,0.7554978728294373
ACH-000046,51371303,0,0.741566002368927
ACH-000046,5208,0,0.7185877561569214
ACH-000046,521106,0,0.770284116268158
ACH-000046,5280757,0,0.6154367923736572
ACH-000046,5289247,0,0.7503200769424438
ACH-000046,5311,0,0.6736372709274292
ACH-000046,5311497,0,0.6168926954269409
ACH-000046,5327091,0,0.7300631403923035
ACH-000046,5328940,1,0.6170539855957031
ACH-000046,53302361,0,0.6484068632125854
ACH-000046,53340664,0,0.6778103113174438
ACH-000046,53394750,0,0.734406054019928
ACH-000046,5394,0,0.693855345249176
ACH-000046,5459322,0,0.63264399766922
ACH-000046,5460769,0,0.5876531004905701
ACH-000046,54676905,0,0.677751898765564
ACH-000046,54685215,0,0.6027864813804626
ACH-000046,560326,0,0.7310991287231445
ACH-000046,56962337,0,0.6046825647354126
ACH-000046,56965967,0,0.6666992902755737
ACH-000046,57339144,0,0.6797801852226257
ACH-000046,5746,0,0.6499699950218201
ACH-000046,60750,1,0.7260052561759949
ACH-000046,6253,0,0.7395297884941101
ACH-000046,637858,0,0.7403501272201538
ACH-000046,644241,0,0.7282071709632874
ACH-000046,6445533,0,0.7413597106933594
ACH-000046,6445562,0,0.6264216899871826
ACH-000046,6450551,0,0.6562648415565491
ACH-000046,6450816,0,0.654432475566864
ACH-000046,65110,0,0.6896841526031494
ACH-000046,66577006,0,0.6954443454742432
ACH-000046,6710780,0,0.6061074137687683
ACH-000046,6753378,0,0.6406495571136475
ACH-000046,6852167,0,0.6226834058761597
ACH-000046,6914657,0,0.5920605063438416
ACH-000046,6918289,0,0.6563981771469116
ACH-000046,6918454,0,0.6704709529876709
ACH-000046,6918638,0,0.6549345254898071
ACH-000046,6918848,0,0.6317021250724792
ACH-000046,704473,0,0.8092049956321716
ACH-000046,71271629,0,0.7498944401741028
ACH-000046,82146,0,0.7522135376930237
ACH-000046,8249,0,0.7103251218795776
ACH-000046,84691,0,0.8720223307609558
ACH-000046,85668777,0,0.6427380442619324
ACH-000046,9810884,0,0.761862576007843
ACH-000046,9813758,0,0.7832058072090149
ACH-000046,9858940,0,0.7215964198112488
ACH-000046,9863776,0,0.701313316822052
ACH-000046,9868037,0,0.7401956915855408
ACH-000046,9874913,0,0.7340460419654846
ACH-000046,9884685,0,0.6240354180335999
ACH-000046,9903786,0,0.7592046856880188
ACH-000046,9910224,0,0.7288013100624084
ACH-000046,9911830,0,0.6740109920501709
ACH-000046,9931953,0,0.6064038872718811
ACH-000046,9938202,0,0.6834306716918945
ACH-000046,9943465,0,0.7116027474403381
ACH-000046,9952773,0,0.6307188272476196
ACH-000046,9956119,1,0.6422945857048035
ACH-000046,9956222,0,0.6332458853721619
ACH-000046,9967941,0,0.6997045278549194
ACH-000052,10027278,0,0.8558487892150879
ACH-000052,10074640,0,0.8022840023040771
ACH-000052,10077147,0,0.9754917025566101
ACH-000052,10096043,0,0.8292288184165955
ACH-000052,10109823,0,0.7292450666427612
ACH-000052,10113978,0,0.7465522885322571
ACH-000052,10127622,0,0.5648356676101685
ACH-000052,10196499,0,0.6514531970024109
ACH-000052,10200390,0,0.9146056175231934
ACH-000052,10384072,0,0.8582969307899475
ACH-000052,10451420,0,0.9819828271865845
ACH-000052,10459196,0,0.9220631718635559
ACH-000052,104842,1,0.8773191571235657
ACH-000052,11178236,0,0.9504455924034119
ACH-000052,11282283,0,0.8297410607337952
ACH-000052,11316960,0,0.973965585231781
ACH-000052,11327430,0,0.8775333166122437
ACH-000052,11338033,0,0.7024581432342529
ACH-000052,11373846,0,0.9794411659240723
ACH-000052,11404337,0,0.9851658940315247
ACH-000052,11433190,0,0.9667544960975647
ACH-000052,11455910,0,0.837031364440918
ACH-000052,11485656,0,0.9179016947746277
ACH-000052,11493598,0,0.969857394695282
ACH-000052,11609586,0,0.7417559623718262
ACH-000052,11617559,1,0.8060195446014404
ACH-000052,11624601,0,0.5905596613883972
ACH-000052,11625818,0,0.9913234710693359
ACH-000052,11634725,0,0.7984263896942139
ACH-000052,11640390,0,0.9772384762763977
ACH-000052,11647372,0,0.7894647121429443
ACH-000052,11667893,1,0.8768820762634277
ACH-000052,11707110,0,0.9842419028282166
ACH-000052,11713159,0,0.9324021935462952
ACH-000052,11754511,0,0.9458217024803162
ACH-000052,11977753,0,0.936434268951416
ACH-000052,1401,0,0.9577640295028687
ACH-000052,156422,0,0.894931972026825
ACH-000052,159324,0,0.939746618270874
ACH-000052,16720766,1,0.9133425951004028
ACH-000052,16722836,0,0.9390679001808167
ACH-000052,16725726,0,0.9785813689231873
ACH-000052,16747388,0,0.8992197513580322
ACH-000052,176167,0,0.9342244863510132
ACH-000052,17755052,0,0.8231890797615051
ACH-000052,2314623,0,0.8605787754058838
ACH-000052,2375,0,0.8599470257759094
ACH-000052,24180719,0,0.7934919595718384
ACH-000052,24756910,0,0.9445828795433044
ACH-000052,24772860,0,0.7884963750839233
ACH-000052,24785538,0,0.8604761362075806
ACH-000052,24826799,0,0.8653097748756409
ACH-000052,24889392,0,0.8549961447715759
ACH-000052,24894414,0,0.9531518816947937
ACH-000052,24951314,0,0.9388247728347778
ACH-000052,24978538,0,0.9264674782752991
ACH-000052,25022668,0,0.7994024753570557
ACH-000052,25102847,0,0.5859988331794739
ACH-000052,25124816,0,0.7998500466346741
ACH-000052,25126798,0,0.9919974207878113
ACH-000052,25167777,0,0.6848422884941101
ACH-000052,25195352,0,0.5456085205078125
ACH-000052,25222038,0,0.9170657992362976
ACH-000052,25257557,0,0.9867976307868958
ACH-000052,25262965,0,0.8181636929512024
ACH-000052,2726824,0,0.8475775122642517
ACH-000052,2733526,0,0.9426520466804504
ACH-000052,3005532,0,0.725352942943573
ACH-000052,31703,0,0.6848538517951965
ACH-000052,3218,0,0.9964794516563416
ACH-000052,3385,0,0.9954654574394226
ACH-000052,3463933,0,0.8601927161216736
ACH-000052,36462,0,0.6064696311950684
ACH-000052,3796,0,0.693771481513977
ACH-000052,4263900,0,0.901660680770874
ACH-000052,42640,1,0.8095180988311768
ACH-000052,42642645,0,0.8146109580993652
ACH-000052,44137675,0,0.9385057091712952
ACH-000052,44143370,0,0.9024100303649902
ACH-000052,44182295,0,0.9274027347564697
ACH-000052,44450571,0,0.90531325340271
ACH-000052,44462760,1,0.9465875625610352
ACH-000052,44551660,0,0.8561554551124573
ACH-000052,44632017,0,0.8868105411529541
ACH-000052,446378,0,0.8665464520454407
ACH-000052,447912,0,0.9447309374809265
ACH-000052,448013,0,0.7941303253173828
ACH-000052,44819241,1,0.9679564833641052
ACH-000052,46191454,0,0.851405918598175
ACH-000052,46224516,0,0.9572535157203674
ACH-000052,46843772,0,0.8966920375823975
ACH-000052,46883536,0,0.9280188083648682
ACH-000052,46885626,0,0.964316189289093
ACH-000052,46907787,0,0.8440271019935608
ACH-000052,46930998,0,0.8556142449378967
ACH-000052,46931012,0,0.9466575384140015
ACH-000052,46943432,0,0.9613460898399353
ACH-000052,49806720,0,0.9240352511405945
ACH-000052,5113032,0,0.9749656319618225
ACH-000052,51371303,0,0.9505774974822998
ACH-000052,5208,0,0.9725502729415894
ACH-000052,521106,0,0.9644651412963867
ACH-000052,5278396,0,0.9452751278877258
ACH-000052,5280757,0,0.8897593021392822
ACH-000052,5289247,0,0.9648977518081665
ACH-000052,5311497,0,0.8898382782936096
ACH-000052,5327091,0,0.9283541440963745
ACH-000052,53302361,0,0.906872034072876
ACH-000052,5330286,0,0.9053389430046082
ACH-000052,53340664,0,0.9285140037536621
ACH-000052,53394750,0,0.9833918809890747
ACH-000052,5394,0,0.9593702554702759
ACH-000052,5459322,1,0.9227747917175293
ACH-000052,5460769,0,0.8238523602485657
ACH-000052,54676905,0,0.9457592964172363
ACH-000052,54685215,0,0.8792019486427307
ACH-000052,560326,0,0.8805460333824158
ACH-000052,56962337,0,0.8329439163208008
ACH-000052,56965967,0,0.9516269564628601
ACH-000052,57339144,0,0.9665027856826782
ACH-000052,5746,0,0.8351256847381592
ACH-000052,60750,0,0.9211692214012146
ACH-000052,637858,1,0.9468340873718262
ACH-000052,6445533,0,0.9400297403335571
ACH-000052,6445562,0,0.9249346852302551
ACH-000052,6450816,0,0.9355939030647278
ACH-000052,6505803,0,0.8300333023071289
ACH-000052,66577006,0,0.9642707705497742
ACH-000052,6753378,0,0.8419776558876038
ACH-000052,6852167,0,0.8763171434402466
ACH-000052,6914657,0,0.7912806272506714
ACH-000052,6918638,0,0.8899038434028625
ACH-000052,6918848,0,0.8697184324264526
ACH-000052,704473,0,0.9787238836288452
ACH-000052,71271629,0,0.9811038970947266
ACH-000052,82146,0,0.9573768973350525
ACH-000052,8249,0,0.9370288252830505
ACH-000052,85668777,0,0.8765917420387268
ACH-000052,9810884,0,0.9879814982414246
ACH-000052,9813758,0,0.9749772548675537
ACH-000052,9826528,0,0.8894305229187012
ACH-000052,9858940,1,0.9612267017364502
ACH-000052,9863776,0,0.9507297277450562
ACH-000052,9868037,0,0.9588846564292908
ACH-000052,9874913,0,0.920535683631897
ACH-000052,9884685,0,0.8790737390518188
ACH-000052,9903786,0,0.972214937210083
ACH-000052,9910224,0,0.9748446941375732
ACH-000052,9911830,0,0.9373328685760498
ACH-000052,9914412,0,0.8895997405052185
ACH-000052,9931953,1,0.8694461584091187
ACH-000052,9938202,0,0.9132927656173706
ACH-000052,9952773,0,0.871739387512207
ACH-000052,9956119,0,0.9185348749160767
ACH-000052,9956222,0,0.8828886151313782
ACH-000052,9967941,0,0.9590556025505066
ACH-000078,10027278,0,0.34812477231025696
ACH-000078,10074640,0,0.5197781920433044
ACH-000078,10077147,0,0.5560370087623596
ACH-000078,10096043,0,0.4503484070301056
ACH-000078,10109823,0,0.18990887701511383
ACH-000078,10113978,0,0.0305702555924654
ACH-000078,10127622,0,0.07274296879768372
ACH-000078,10172943,0,0.4400847554206848
ACH-000078,10184653,0,0.6374593377113342
ACH-000078,10196499,0,0.1620582640171051
ACH-000078,10200390,0,0.5586200952529907
ACH-000078,10302451,0,0.20613764226436615
ACH-000078,10341154,0,0.984188973903656
ACH-000078,10384072,0,0.6178298592567444
ACH-000078,10390396,0,0.35138142108917236
ACH-000078,10451420,1,0.7479637861251831
ACH-000078,10459196,0,0.6534669995307922
ACH-000078,10461815,0,0.47636356949806213
ACH-000078,104842,1,0.6382336020469666
ACH-000078,11152667,0,0.5894039869308472
ACH-000078,11178236,0,0.9516551494598389
ACH-000078,11282283,0,0.0990394800901413
ACH-000078,11316960,0,0.5436500310897827
ACH-000078,11327430,0,0.2666224539279938
ACH-000078,11338033,0,0.01248480100184679
ACH-000078,11364421,0,0.7208061218261719
ACH-000078,11373846,1,0.5213285684585571
ACH-000078,11404337,0,0.4211663603782654
ACH-000078,11433190,1,0.761945366859436
ACH-000078,11485656,1,0.5662849545478821
ACH-000078,11493598,0,0.9810876250267029
ACH-000078,11617559,0,0.4092354476451874
ACH-000078,11624601,0,0.06905978173017502
ACH-000078,11625818,0,0.9498639702796936
ACH-000078,11626560,0,0.11941193044185638
ACH-000078,11626927,0,0.3673771321773529
ACH-000078,11634725,0,0.33030006289482117
ACH-000078,11640390,0,0.956151008605957
ACH-000078,11647372,0,0.05627139285206795
ACH-000078,11667893,0,0.5870035886764526
ACH-000078,11676786,0,0.35476893186569214
ACH-000078,11713159,0,0.9243711233139038
ACH-000078,11754511,1,0.3291722238063812
ACH-000078,11844351,0,0.7624960541725159
ACH-000078,11960529,1,0.7298591732978821
ACH-000078,11977753,0,0.8049619197845459
ACH-000078,123631,0,0.4604688584804535
ACH-000078,126565,0,0.47766590118408203
ACH-000078,126941,0,0.9920369386672974
ACH-000078,1401,0,0.8055726289749146
ACH-000078,148124,0,0.03099987283349037
ACH-000078,156422,0,0.5431628227233887
ACH-000078,159324,0,0.8067114949226379
ACH-000078,160355,0,0.7593480348587036
ACH-000078,16038120,0,0.36463284492492676
ACH-000078,16095342,1,0.1818428635597229
ACH-000078,16663089,0,0.14063963294029236
ACH-000078,16722836,0,0.44477152824401855
ACH-000078,16725726,0,0.8544371128082275
ACH-000078,16747388,0,0.44230127334594727
ACH-000078,16760646,0,0.42184776067733765
ACH-000078,176158,1,0.37044915556907654
ACH-000078,176167,0,0.8397521376609802
ACH-000078,176870,0,0.699835479259491
ACH-000078,17755052,0,0.30139076709747314
ACH-000078,20635522,0,0.44118162989616394
ACH-000078,208908,0,0.17127878963947296
ACH-000078,216239,0,0.25042277574539185
ACH-000078,216326,0,0.7445240020751953
ACH-000078,23725625,0,0.9286072850227356
ACH-000078,2375,0,0.12715396285057068
ACH-000078,24180719,0,0.0426313541829586
ACH-000078,24756910,0,0.6891101598739624
ACH-000078,24772860,0,0.5108785033226013
ACH-000078,24776445,0,0.03071773611009121
ACH-000078,24785538,0,0.6286398768424988
ACH-000078,24825971,0,0.4360176920890808
ACH-000078,24826799,0,0.6490846872329712
ACH-000078,24889392,0,0.12368985265493393
ACH-000078,24894414,0,0.9192896485328674
ACH-000078,24951314,0,0.22885198891162872
ACH-000078,24978538,0,0.2068643420934677
ACH-000078,25022668,0,0.3489794433116913
ACH-000078,25102847,0,0.12124570459127426
ACH-000078,25124816,0,0.11183188110589981
ACH-000078,25126798,0,0.9287803173065186
ACH-000078,25167777,0,0.046348899602890015
ACH-000078,25195352,0,0.08541111648082733
ACH-000078,25222038,0,0.5343242883682251
ACH-000078,25257557,1,0.702453076839447
ACH-000078,25262965,0,0.4291970431804657
ACH-000078,300471,0,0.6404687166213989
ACH-000078,3005532,0,0.25816434621810913
ACH-000078,3062316,0,0.7643965482711792
ACH-000078,31703,0,0.08183097839355469
ACH-000078,3218,0,0.9552448987960815
ACH-000078,3385,1,0.9958527088165283
ACH-000078,3463933,0,0.08365301042795181
ACH-000078,36314,0,0.3243463337421417
ACH-000078,36462,0,0.026137925684452057
ACH-000078,3796,0,0.18440720438957214
ACH-000078,387447,0,0.6277679204940796
ACH-000078,4261,0,0.6112233400344849
ACH-000078,4263900,0,0.6276056170463562
ACH-000078,42640,0,0.6080116033554077
ACH-000078,42642645,0,0.5975778698921204
ACH-000078,44137675,0,0.6288252472877502
ACH-000078,44143370,0,0.632248044013977
ACH-000078,44182295,1,0.6639717817306519
ACH-000078,44224160,0,0.6316002607345581
ACH-000078,44450571,0,0.6236581206321716
ACH-000078,444795,0,0.6052823662757874
ACH-000078,44551660,0,0.617277204990387
ACH-000078,446378,0,0.6043727397918701
ACH-000078,447912,0,0.6629646420478821
ACH-000078,448013,0,0.6013035774230957
ACH-000078,46191454,0,0.624567985534668
ACH-000078,46224516,0,0.7169249653816223
ACH-000078,462382,0,0.5719437599182129
ACH-000078,46844147,0,0.612036943435669
ACH-000078,46883536,0,0.6618762612342834
ACH-000078,46885626,1,0.6398910880088806
ACH-000078,46907787,0,0.6125364899635315
ACH-000078,46930998,0,0.6115766167640686
ACH-000078,46931012,0,0.6419576406478882
ACH-000078,46943432,0,0.680743932723999
ACH-000078,49806720,0,0.6517309546470642
ACH-000078,49821040,0,0.574169933795929
ACH-000078,49836027,0,0.6103938817977905
ACH-000078,4993,0,0.640093207359314
ACH-000078,5113032,0,0.7126424312591553
ACH-000078,5208,0,0.6923863291740417
ACH-000078,521106,0,0.7060163617134094
ACH-000078,5278396,0,0.6451948285102844
ACH-000078,5280757,0,0.6131898164749146
ACH-000078,5289247,0,0.6941018104553223
ACH-000078,5291,0,0.6170114278793335
ACH-000078,5311,0,0.6385290026664734
ACH-000078,5311497,0,0.6049907207489014
ACH-000078,5311510,0,0.656991183757782
ACH-000078,5328940,0,0.6290008425712585
ACH-000078,5329102,0,0.6100018620491028
ACH-000078,53302361,0,0.6244131922721863
ACH-000078,5330286,1,0.6506447196006775
ACH-000078,53340664,0,0.6510511636734009
ACH-000078,53394750,1,0.7204599380493164
ACH-000078,5384616,0,0.596477746963501
ACH-000078,5459322,0,0.6594521403312683
ACH-000078,5460769,0,0.6034696102142334
ACH-000078,54676905,0,0.6671246290206909
ACH-000078,5494449,0,0.7582528591156006
ACH-000078,560326,0,0.6285756826400757
ACH-000078,56965967,0,0.6339422464370728
ACH-000078,5717801,0,0.5720856189727783
ACH-000078,5746,0,0.60409015417099
ACH-000078,60750,0,0.6359450817108154
ACH-000078,6253,0,0.6713948249816895
ACH-000078,644215,0,0.6115311980247498
ACH-000078,644241,0,0.7030422687530518
ACH-000078,6445533,0,0.6787618398666382
ACH-000078,6445562,0,0.6119095683097839
ACH-000078,6450551,1,0.5983649492263794
ACH-000078,6450816,0,0.6751312613487244
ACH-000078,6505803,0,0.5953876972198486
ACH-000078,65110,0,0.7138915061950684
ACH-000078,66577006,0,0.7078443169593811
ACH-000078,6710780,0,0.6116943955421448
ACH-000078,6753378,0,0.6080264449119568
ACH-000078,6852167,0,0.6568357348442078
ACH-000078,6918289,0,0.6320735216140747
ACH-000078,6918454,0,0.6842455267906189
ACH-000078,6918638,0,0.6393731236457825
ACH-000078,6918848,1,0.6236875057220459
ACH-000078,704473,0,0.7230651378631592
ACH-000078,7251185,0,0.686291515827179
ACH-000078,76044,0,0.6280007362365723
ACH-000078,82146,0,0.6861108541488647
ACH-000078,8249,0,0.6706100702285767
ACH-000078,84691,0,0.8194703459739685
ACH-000078,9549184,0,0.6407159566879272
ACH-000078,9810884,1,0.7482592463493347
ACH-000078,9813758,0,0.732077419757843
ACH-000078,9826308,0,0.626380205154419
ACH-000078,9826528,0,0.6410197019577026
ACH-000078,9868037,0,0.6934781074523926
ACH-000078,9874913,0,0.6229496598243713
ACH-000078,9884685,0,0.616948664188385
ACH-000078,9903786,0,0.691162109375
ACH-000078,9907093,0,0.6253294944763184
ACH-000078,9910224,0,0.7010101675987244
ACH-000078,9911830,0,0.6683451533317566
ACH-000078,9914412,0,0.6253812909126282
ACH-000078,9943465,0,0.6702655553817749
ACH-000078,9952773,0,0.6276881694793701
ACH-000078,9956119,0,0.6347823143005371
ACH-000078,9956222,0,0.6204892992973328
ACH-000078,9967941,0,0.6920318603515625
ACH-000096,10027278,0,0.6019923686981201
ACH-000096,10074640,0,0.6819071173667908
ACH-000096,10077147,0,0.8035069704055786
ACH-000096,10109823,0,0.35335683822631836
ACH-000096,10113978,1,0.09126917272806168
ACH-000096,10127622,0,0.16980768740177155
ACH-000096,10184653,1,0.7964387536048889
ACH-000096,10196499,0,0.2703604996204376
ACH-000096,10200390,0,0.7164204120635986
ACH-000096,10341154,0,0.9863355159759521
ACH-000096,10384072,0,0.6811978220939636
ACH-000096,10451420,0,0.9034314751625061
ACH-000096,10459196,0,0.7168136239051819
ACH-000096,104842,0,0.6856259107589722
ACH-000096,11152667,0,0.7569202184677124
ACH-000096,11178236,0,0.9531176090240479
ACH-000096,11282283,0,0.21245677769184113
ACH-000096,11316960,0,0.6621121764183044
ACH-000096,11327430,0,0.48444896936416626
ACH-000096,11338033,0,0.057649802416563034
ACH-000096,11373846,1,0.6939048171043396
ACH-000096,11404337,0,0.717491865158081
ACH-000096,11433190,1,0.7492510676383972
ACH-000096,11455910,0,0.836325466632843
ACH-000096,11485656,0,0.7917850017547607
ACH-000096,11493598,0,0.9800840616226196
ACH-000096,11609586,0,0.179259791970253
ACH-000096,11617559,0,0.6306405663490295
ACH-000096,11624601,0,0.14748135209083557
ACH-000096,11625818,0,0.9666495323181152
ACH-000096,11634725,0,0.4950055778026581
ACH-000096,11640390,1,0.97203528881073
ACH-000096,11647372,0,0.13066790997982025
ACH-000096,11667893,0,0.6376129388809204
ACH-000096,11707110,0,0.87502121925354
ACH-000096,11713159,0,0.9358481764793396
ACH-000096,11754511,0,0.5473425388336182
ACH-000096,11960529,0,0.7649524211883545
ACH-000096,11977753,0,0.7620267271995544
ACH-000096,123631,0,0.6142758727073669
ACH-000096,126565,0,0.7764050960540771
ACH-000096,126941,0,0.9932863116264343
ACH-000096,1401,1,0.9086868166923523
ACH-000096,148124,0,0.06667595356702805
ACH-000096,156422,1,0.7002418041229248
ACH-000096,159324,1,0.8223102688789368
ACH-000096,16722836,0,0.6984845399856567
ACH-000096,16725726,1,0.9277487993240356
ACH-000096,16747388,0,0.5803995132446289
ACH-000096,176158,0,0.4290982484817505
ACH-000096,176167,0,0.8897154927253723
ACH-000096,17755052,0,0.5580542087554932
ACH-000096,216326,0,0.7896206974983215
ACH-000096,2314623,0,0.41755935549736023
ACH-000096,23725625,0,0.9422261118888855
ACH-000096,2375,0,0.2554265558719635
ACH-000096,24180719,0,0.12845520675182343
ACH-000096,24756910,0,0.7572892308235168
ACH-000096,24772860,0,0.6147491335868835
ACH-000096,24776445,0,0.06400661170482635
ACH-000096,24785538,1,0.6397480964660645
ACH-000096,24826799,0,0.7550034523010254
ACH-000096,24889392,0,0.19960829615592957
ACH-000096,24894414,0,0.9257970452308655
ACH-000096,24951314,0,0.4153950810432434
ACH-000096,24978538,0,0.5752326250076294
ACH-000096,25022668,0,0.5112875699996948
ACH-000096,25102847,0,0.2800128161907196
ACH-000096,25124816,1,0.1728365421295166
ACH-000096,25126798,0,0.9657445549964905
ACH-000096,25167777,0,0.16719436645507812
ACH-000096,25195352,0,0.2435617297887802
ACH-000096,25222038,0,0.7168013453483582
ACH-000096,25257557,1,0.7800852060317993
ACH-000096,25262965,0,0.5596296787261963
ACH-000096,2726824,0,0.6557256579399109
ACH-000096,2733526,0,0.6136929392814636
ACH-000096,300471,0,0.6026284098625183
ACH-000096,3005532,0,0.31230592727661133
ACH-000096,31703,0,0.1546292006969452
ACH-000096,3218,0,0.9843802452087402
ACH-000096,3385,1,0.9956054091453552
ACH-000096,3463933,1,0.2458861917257309
ACH-000096,36462,0,0.08828988671302795
ACH-000096,3796,0,0.3007238507270813
ACH-000096,4263900,0,0.6525556445121765
ACH-000096,42640,1,0.598105251789093
ACH-000096,42642645,1,0.6242600679397583
ACH-000096,44137675,0,0.7112977504730225
ACH-000096,44143370,0,0.6826082468032837
ACH-000096,44182295,0,0.6753754615783691
ACH-000096,44224160,0,0.7103114724159241
ACH-000096,44450571,0,0.6919312477111816
ACH-000096,44462760,0,0.6933526992797852
ACH-000096,444795,0,0.6673399209976196
ACH-000096,44551660,0,0.685718834400177
ACH-000096,44632017,0,0.6921013593673706
ACH-000096,446378,0,0.62416011095047
ACH-000096,447912,0,0.6933875679969788
ACH-000096,448013,0,0.6206075549125671
ACH-000096,44819241,0,0.7399831414222717
ACH-000096,46191454,0,0.6329875588417053
ACH-000096,46224516,0,0.7750950455665588
ACH-000096,46843772,0,0.6555746793746948
ACH-000096,46883536,0,0.6668797135353088
ACH-000096,46885626,1,0.7082093358039856
ACH-000096,46907787,0,0.6268213987350464
ACH-000096,46930998,0,0.6900408267974854
ACH-000096,46931012,0,0.6938217282295227
ACH-000096,46943432,0,0.7599642276763916
ACH-000096,49806720,0,0.6766625046730042
ACH-000096,5113032,0,0.7701385617256165
ACH-000096,51371303,0,0.7534026503562927
ACH-000096,5208,0,0.7852410674095154
ACH-000096,521106,0,0.7946605086326599
ACH-000096,5278396,0,0.7206382751464844
ACH-000096,5280757,0,0.6130709648132324
ACH-000096,5289247,0,0.7575305104255676
ACH-000096,5311,0,0.6764311194419861
ACH-000096,5311497,0,0.6347620487213135
ACH-000096,5327091,0,0.7191466093063354
ACH-000096,5328940,0,0.6661516427993774
ACH-000096,53302361,0,0.7081445455551147
ACH-000096,5330286,0,0.673300564289093
ACH-000096,53340664,1,0.7394605875015259
ACH-000096,53394750,1,0.7873317003250122
ACH-000096,5394,0,0.6994575262069702
ACH-000096,5459322,0,0.6645691394805908
ACH-000096,5460769,0,0.6030017733573914
ACH-000096,54676905,1,0.7608833312988281
ACH-000096,54685215,0,0.6294288039207458
ACH-000096,560326,0,0.6554363369941711
ACH-000096,56962337,0,0.6336109042167664
ACH-000096,56965967,0,0.6837146282196045
ACH-000096,57339144,0,0.7160309553146362
ACH-000096,5746,0,0.6647545695304871
ACH-000096,60750,0,0.6931087970733643
ACH-000096,6253,0,0.7088737487792969
ACH-000096,637858,0,0.6958501935005188
ACH-000096,644241,0,0.7656967639923096
ACH-000096,6445533,0,0.7828333377838135
ACH-000096,6445562,0,0.6781760454177856
ACH-000096,6450551,0,0.6497738361358643
ACH-000096,6450816,0,0.6496768593788147
ACH-000096,6505803,0,0.6092379093170166
ACH-000096,66577006,0,0.7254253029823303
ACH-000096,6710780,0,0.6397931575775146
ACH-000096,6753378,1,0.6613567471504211
ACH-000096,6852167,0,0.6746518015861511
ACH-000096,6914657,0,0.6260878443717957
ACH-000096,6918289,0,0.6340440511703491
ACH-000096,6918454,0,0.7425096035003662
ACH-000096,6918638,0,0.6705882549285889
ACH-000096,6918848,0,0.6653896570205688
ACH-000096,704473,0,0.820140540599823
ACH-000096,71271629,0,0.7609036564826965
ACH-000096,82146,0,0.7482776641845703
ACH-000096,8249,1,0.7633189558982849
ACH-000096,84691,0,0.887543797492981
ACH-000096,85668777,0,0.6539841890335083
ACH-000096,9810884,1,0.8651635646820068
ACH-000096,9813758,1,0.8135518431663513
ACH-000096,9826528,0,0.6445655226707458
ACH-000096,9858940,0,0.7168954014778137
ACH-000096,9863776,1,0.6781669855117798
ACH-000096,9868037,0,0.7533548474311829
ACH-000096,9874913,0,0.7243625521659851
ACH-000096,9884685,0,0.6644935607910156
ACH-000096,9903786,0,0.7739059329032898
ACH-000096,9910224,0,0.7528479695320129
ACH-000096,9911830,0,0.7198458313941956
ACH-000096,9914412,0,0.6866102814674377
ACH-000096,9931953,0,0.6078510284423828
ACH-000096,9938202,0,0.7115192413330078
ACH-000096,9943465,0,0.709831953048706
ACH-000096,9952773,1,0.6708217859268188
ACH-000096,9956119,0,0.6930404901504517
ACH-000096,9956222,0,0.6705172657966614
ACH-000096,9967941,0,0.7168254256248474
ACH-000098,10027278,0,0.7075842022895813
ACH-000098,10074640,0,0.7521423697471619
ACH-000098,10077147,0,0.8264349102973938
ACH-000098,10096043,0,0.6207261681556702
ACH-000098,10109823,0,0.4406745135784149
ACH-000098,10113978,1,0.09288635849952698
ACH-000098,10127622,0,0.14430563151836395
ACH-000098,10196499,0,0.22715850174427032
ACH-000098,10200390,0,0.6541215777397156
ACH-000098,10384072,1,0.6932353973388672
ACH-000098,10451420,0,0.9225413203239441
ACH-000098,10459196,0,0.8723210096359253
ACH-000098,104842,0,0.7900632619857788
ACH-000098,11178236,0,0.9680073261260986
ACH-000098,11282283,0,0.17844489216804504
ACH-000098,11316960,1,0.6942790746688843
ACH-000098,11327430,0,0.5375795364379883
ACH-000098,11338033,0,0.08049191534519196
ACH-000098,11373846,0,0.7884149551391602
ACH-000098,11404337,0,0.8092517852783203
ACH-000098,11433190,0,0.825502872467041
ACH-000098,11455910,0,0.8614377975463867
ACH-000098,11485656,0,0.7921262383460999
ACH-000098,11493598,0,0.9829027652740479
ACH-000098,11609586,0,0.21756060421466827
ACH-000098,11617559,0,0.6548663973808289
ACH-000098,11624601,0,0.14237655699253082
ACH-000098,11625818,0,0.9845364689826965
ACH-000098,11634725,0,0.5311996340751648
ACH-000098,11640390,0,0.9861801266670227
ACH-000098,11647372,0,0.20814144611358643
ACH-000098,11667893,0,0.6783532500267029
ACH-000098,11707110,0,0.933604896068573
ACH-000098,11713159,0,0.9458425045013428
ACH-000098,11754511,0,0.7121245861053467
ACH-000098,11977753,0,0.8066887855529785
ACH-000098,1401,1,0.9070286154747009
ACH-000098,156422,0,0.7891474962234497
ACH-000098,159324,0,0.7642524838447571
ACH-000098,16720766,0,0.8679214119911194
ACH-000098,16722836,0,0.765999972820282
ACH-000098,16725726,1,0.951661229133606
ACH-000098,16747388,0,0.6344617009162903
ACH-000098,176167,0,0.9147167801856995
ACH-000098,17755052,1,0.6919841170310974
ACH-000098,2314623,1,0.4208310842514038
ACH-000098,2375,0,0.22803820669651031
ACH-000098,24180719,1,0.14304384589195251
ACH-000098,24756910,0,0.757282555103302
ACH-000098,24772860,0,0.6380299925804138
ACH-000098,24785538,0,0.757603645324707
ACH-000098,24826799,0,0.7566820383071899
ACH-000098,24889392,0,0.18446268141269684
ACH-000098,24894414,0,0.9420949220657349
ACH-000098,24951314,0,0.6487680673599243
ACH-000098,24978538,0,0.6864621043205261
ACH-000098,25022668,1,0.5437353253364563
ACH-000098,25102847,0,0.31954848766326904
ACH-000098,25124816,0,0.13372328877449036
ACH-000098,25126798,0,0.9634812474250793
ACH-000098,25167777,0,0.1534029245376587
ACH-000098,25195352,0,0.29164212942123413
ACH-000098,25222038,0,0.7573644518852234
ACH-000098,25257557,1,0.8435240387916565
ACH-000098,25262965,0,0.5876438617706299
ACH-000098,2726824,0,0.6690499782562256
ACH-000098,2733526,0,0.6139193773269653
ACH-000098,3005532,0,0.3373449742794037
ACH-000098,31703,0,0.18106621503829956
ACH-000098,3218,0,0.9924135804176331
ACH-000098,3385,0,0.9974873065948486
ACH-000098,3463933,0,0.3050983250141144
ACH-000098,36462,0,0.10961561650037766
ACH-000098,3796,0,0.2859000861644745
ACH-000098,4263900,0,0.6692423820495605
ACH-000098,42640,0,0.6391672492027283
ACH-000098,42642645,0,0.6358500123023987
ACH-000098,44137675,0,0.699271023273468
ACH-000098,44143370,0,0.6713474988937378
ACH-000098,44182295,0,0.7208169102668762
ACH-000098,44224160,0,0.6890673637390137
ACH-000098,44450571,1,0.6873646378517151
ACH-000098,44462760,0,0.7159894108772278
ACH-000098,44551660,0,0.6727636456489563
ACH-000098,44632017,0,0.6923115849494934
ACH-000098,446378,0,0.6451129913330078
ACH-000098,447912,0,0.7285396456718445
ACH-000098,448013,0,0.633212149143219
ACH-000098,44819241,0,0.7707525491714478
ACH-000098,46191454,0,0.6573330163955688
ACH-000098,46224516,0,0.8034635782241821
ACH-000098,46883536,0,0.6777334213256836
ACH-000098,46885626,1,0.7187839150428772
ACH-000098,46907787,0,0.6412705183029175
ACH-000098,46930998,0,0.6659706234931946
ACH-000098,46931012,0,0.7092698216438293
ACH-000098,46943432,0,0.7543835639953613
ACH-000098,49806720,0,0.7061682939529419
ACH-000098,5113032,0,0.7804974913597107
ACH-000098,51371303,0,0.7752353549003601
ACH-000098,5208,0,0.7772574424743652
ACH-000098,521106,0,0.8192214369773865
ACH-000098,5278396,1,0.7309008836746216
ACH-000098,5280757,0,0.640740692615509
ACH-000098,5289247,0,0.7583663463592529
ACH-000098,5311497,0,0.6472902297973633
ACH-000098,5327091,0,0.7234514951705933
ACH-000098,53302361,0,0.6904566884040833
ACH-000098,5330286,0,0.6900399327278137
ACH-000098,53340664,0,0.7354838252067566
ACH-000098,53394750,0,0.782393217086792
ACH-000098,5394,0,0.7532999515533447
ACH-000098,5459322,0,0.6904053688049316
ACH-000098,5460769,0,0.6266694068908691
ACH-000098,54676905,0,0.75290846824646
ACH-000098,54685215,0,0.649592936038971
ACH-000098,560326,0,0.6800797581672668
ACH-000098,56962337,0,0.6456114649772644
ACH-000098,56965967,0,0.6994422674179077
ACH-000098,57339144,0,0.7506363987922668
ACH-000098,5746,0,0.6597983837127686
ACH-000098,60750,0,0.710147500038147
ACH-000098,637858,0,0.7417643666267395
ACH-000098,6445533,0,0.7873637676239014
ACH-000098,6445562,0,0.6662386655807495
ACH-000098,6450816,0,0.6834619045257568
ACH-000098,6505803,0,0.6294022798538208
ACH-000098,66577006,1,0.7364822626113892
ACH-000098,6753378,0,0.654551088809967
ACH-000098,6852167,0,0.7087407112121582
ACH-000098,6914657,0,0.6345082521438599
ACH-000098,6918638,0,0.6933304071426392
ACH-000098,6918848,0,0.6899880170822144
ACH-000098,704473,1,0.8405746221542358
ACH-000098,71271629,0,0.7823445200920105
ACH-000098,82146,0,0.7647244930267334
ACH-000098,8249,0,0.7253113389015198
ACH-000098,85668777,0,0.6887210607528687
ACH-000098,9810884,1,0.8756139874458313
ACH-000098,9813758,0,0.8082187175750732
ACH-000098,9826528,0,0.6866987943649292
ACH-000098,9858940,0,0.7277781963348389
ACH-000098,9863776,0,0.7187007069587708
ACH-000098,9868037,1,0.76581871509552
ACH-000098,9874913,0,0.7071514129638672
ACH-000098,9884685,0,0.6918842792510986
ACH-000098,9903786,0,0.7710651159286499
ACH-000098,9910224,0,0.7492557168006897
ACH-000098,9911830,0,0.7258703112602234
ACH-000098,9914412,0,0.7027055025100708
ACH-000098,9931953,1,0.647817850112915
ACH-000098,9938202,0,0.7369967103004456
ACH-000098,9952773,0,0.7023301720619202
ACH-000098,9956119,0,0.6851524710655212
ACH-000098,9956222,0,0.6784839034080505
ACH-000098,9967941,1,0.7345702648162842
ACH-000132,10074640,0,0.7671920657157898
ACH-000132,10077147,0,0.8030772805213928
ACH-000132,10127622,0,0.059230417013168335
ACH-000132,10184653,1,0.824015200138092
ACH-000132,10341154,0,0.9970333576202393
ACH-000132,10451420,0,0.8662832379341125
ACH-000132,10459196,0,0.7604681253433228
ACH-000132,104842,0,0.8009459376335144
ACH-000132,11152667,0,0.6175187230110168
ACH-000132,11178236,1,0.9886313080787659
ACH-000132,11282283,0,0.19303716719150543
ACH-000132,11316960,0,0.7481448650360107
ACH-000132,11327430,0,0.4408490061759949
ACH-000132,11338033,0,0.008544597774744034
ACH-000132,11373846,0,0.7390626072883606
ACH-000132,11433190,0,0.8867424726486206
ACH-000132,11455910,0,0.8969708681106567
ACH-000132,11485656,0,0.7528756856918335
ACH-000132,11493598,0,0.9949624538421631
ACH-000132,11609586,0,0.16270290315151215
ACH-000132,11617559,0,0.728455662727356
ACH-000132,11624601,0,0.15796750783920288
ACH-000132,11625818,0,0.9798016548156738
ACH-000132,11634725,0,0.4206658899784088
ACH-000132,11647372,0,0.02539144456386566
ACH-000132,11667893,1,0.883845329284668
ACH-000132,11707110,1,0.9488465189933777
ACH-000132,11754511,0,0.7336760759353638
ACH-000132,11960529,0,0.9647955894470215
ACH-000132,11977753,0,0.9211682081222534
ACH-000132,123631,1,0.8149026036262512
ACH-000132,126565,0,0.5975993871688843
ACH-000132,126941,0,0.9997072815895081
ACH-000132,1401,0,0.9505701661109924
ACH-000132,148124,0,0.04742313548922539
ACH-000132,156422,0,0.7598338723182678
ACH-000132,16722836,0,0.7204822301864624
ACH-000132,16725726,0,0.954413890838623
ACH-000132,16747388,0,0.42926302552223206
ACH-000132,176158,0,0.6234344840049744
ACH-000132,176167,0,0.9496709704399109
ACH-000132,17755052,1,0.5025647878646851
ACH-000132,216326,0,0.9380404949188232
ACH-000132,2314623,0,0.31935152411460876
ACH-000132,23725625,0,0.8531275391578674
ACH-000132,24180719,1,0.07685054838657379
ACH-000132,24756910,0,0.8099632263183594
ACH-000132,24772860,0,0.6492472887039185
ACH-000132,24776445,0,0.03613980859518051
ACH-000132,24889392,0,0.07825755327939987
ACH-000132,24894414,0,0.9903263449668884
ACH-000132,24951314,0,0.1712503284215927
ACH-000132,24978538,0,0.1677107959985733
ACH-000132,25102847,0,0.3796605169773102
ACH-000132,25126798,0,0.9569153785705566
ACH-000132,25167777,0,0.06893973797559738
ACH-000132,25195352,0,0.14562389254570007
ACH-000132,25257557,1,0.9232810139656067
ACH-000132,25262965,0,0.6490657925605774
ACH-000132,2726824,1,0.7315269112586975
ACH-000132,2733526,0,0.701808512210846
ACH-000132,300471,1,0.6538360714912415
ACH-000132,3385,0,0.9997256398200989
ACH-000132,3796,1,0.35556864738464355
ACH-000132,42640,1,0.6107978820800781
ACH-000132,42642645,0,0.612391471862793
ACH-000132,44143370,1,0.6681297421455383
ACH-000132,44182295,1,0.6618634462356567
ACH-000132,44224160,0,0.6818199753761292
ACH-000132,44450571,0,0.6641069054603577
ACH-000132,44462760,0,0.7061721682548523
ACH-000132,444795,0,0.6668282747268677
ACH-000132,44551660,0,0.6591017246246338
ACH-000132,447912,0,0.6781045198440552
ACH-000132,44819241,0,0.7161241769790649
ACH-000132,46191454,0,0.6340640783309937
ACH-000132,46224516,0,0.7238864898681641
ACH-000132,46843772,0,0.6555429697036743
ACH-000132,46883536,0,0.6896757483482361
ACH-000132,46885626,0,0.698412299156189
ACH-000132,46930998,0,0.6472944021224976
ACH-000132,46931012,0,0.6837557554244995
ACH-000132,46943432,0,0.7227279543876648
ACH-000132,49806720,0,0.6666479110717773
ACH-000132,5113032,0,0.7482913136482239
ACH-000132,51371303,0,0.7060353755950928
ACH-000132,5278396,0,0.6913485527038574
ACH-000132,5289247,0,0.7303311824798584
ACH-000132,5311,0,0.6516680121421814
ACH-000132,5327091,0,0.6750612258911133
ACH-000132,5328940,0,0.6556578278541565
ACH-000132,5330286,0,0.6737272143363953
ACH-000132,53340664,0,0.6836010813713074
ACH-000132,53394750,0,0.7635853290557861
ACH-000132,5394,0,0.7039865851402283
ACH-000132,54685215,0,0.621677577495575
ACH-000132,56962337,0,0.618146538734436
ACH-000132,56965967,0,0.6788807511329651
ACH-000132,57339144,0,0.7052192091941833
ACH-000132,6253,0,0.6786043047904968
ACH-000132,637858,0,0.6802992224693298
ACH-000132,6445562,0,0.6649913787841797
ACH-000132,6450551,0,0.6330468654632568
ACH-000132,6450816,0,0.6925939917564392
ACH-000132,6505803,0,0.6198562979698181
ACH-000132,65110,0,0.7052806615829468
ACH-000132,66577006,0,0.7357673645019531
ACH-000132,6710780,0,0.6403266787528992
ACH-000132,6852167,0,0.6495371460914612
ACH-000132,6914657,0,0.6101568341255188
ACH-000132,6918289,0,0.6566532254219055
ACH-000132,6918454,0,0.7068701386451721
ACH-000132,6918638,0,0.6554094552993774
ACH-000132,6918848,0,0.6381484866142273
ACH-000132,704473,0,0.7584433555603027
ACH-000132,71271629,0,0.7520107626914978
ACH-000132,8249,0,0.7234336137771606
ACH-000132,84691,0,0.8175182342529297
ACH-000132,85668777,0,0.6251369714736938
ACH-000132,9810884,0,0.7615957856178284
ACH-000132,9813758,0,0.7680789232254028
ACH-000132,9826528,1,0.6362529993057251
ACH-000132,9858940,0,0.7270807027816772
ACH-000132,9863776,0,0.6802294850349426
ACH-000132,9868037,0,0.7264376282691956
ACH-000132,9874913,0,0.6892752051353455
ACH-000132,9884685,0,0.63448166847229
ACH-000132,9903786,0,0.7423931360244751
ACH-000132,9910224,0,0.746654748916626
ACH-000132,9911830,0,0.6990647912025452
ACH-000132,9931953,0,0.6376567482948303
ACH-000132,9938202,0,0.6655057668685913
ACH-000132,9943465,0,0.6808058619499207
ACH-000132,9952773,0,0.63883376121521
ACH-000132,9956222,0,0.6509906649589539
ACH-000132,9967941,1,0.7240967154502869
ACH-000139,10027278,0,0.8000248670578003
ACH-000139,10074640,0,0.8126856684684753
ACH-000139,10077147,0,0.9504357576370239
ACH-000139,10096043,0,0.7223090529441833
ACH-000139,10109823,1,0.6280389428138733
ACH-000139,10113978,0,0.3566748797893524
ACH-000139,10127622,1,0.334199458360672
ACH-000139,10184653,0,0.8479997515678406
ACH-000139,10196499,0,0.5650684833526611
ACH-000139,10200390,0,0.8397096395492554
ACH-000139,10341154,0,0.9816088080406189
ACH-000139,10384072,1,0.7392995953559875
ACH-000139,10451420,0,0.9255263209342957
ACH-000139,10459196,0,0.785470187664032
ACH-000139,104842,0,0.8363088965415955
ACH-000139,11152667,0,0.8326988220214844
ACH-000139,11178236,0,0.9486013650894165
ACH-000139,11282283,0,0.5953488945960999
ACH-000139,11316960,0,0.883300244808197
ACH-000139,11327430,0,0.7975767850875854
ACH-000139,11338033,0,0.4501782953739166
ACH-000139,11373846,0,0.8445159196853638
ACH-000139,11404337,0,0.8237758278846741
ACH-000139,11433190,0,0.9019078612327576
ACH-000139,11455910,0,0.8224141001701355
ACH-000139,11485656,1,0.8385789394378662
ACH-000139,11493598,0,0.97197026014328
ACH-000139,11609586,0,0.5736836194992065
ACH-000139,11617559,1,0.8512738347053528
ACH-000139,11624601,1,0.4615134000778198
ACH-000139,11625818,0,0.9800372123718262
ACH-000139,11634725,0,0.6448922157287598
ACH-000139,11640390,0,0.9746101498603821
ACH-000139,11647372,0,0.43176960945129395
ACH-000139,11667893,0,0.6904898285865784
ACH-000139,11707110,1,0.9366580247879028
ACH-000139,11713159,0,0.9335415363311768
ACH-000139,11754511,0,0.9169259667396545
ACH-000139,11960529,0,0.890192985534668
ACH-000139,11977753,0,0.8913446068763733
ACH-000139,123631,1,0.8045035600662231
ACH-000139,126565,0,0.8768098950386047
ACH-000139,126941,0,0.991168737411499
ACH-000139,1401,0,0.9335936903953552
ACH-000139,148124,0,0.28632068634033203
ACH-000139,156422,0,0.8469043374061584
ACH-000139,159324,0,0.8570078611373901
ACH-000139,16720766,0,0.881114661693573
ACH-000139,16722836,0,0.8684385418891907
ACH-000139,16725726,0,0.9636602997779846
ACH-000139,16747388,0,0.8116524815559387
ACH-000139,176158,0,0.7014550566673279
ACH-000139,176167,0,0.8948256373405457
ACH-000139,17755052,0,0.8166733980178833
ACH-000139,216326,0,0.8858605623245239
ACH-000139,2314623,0,0.7070685625076294
ACH-000139,23725625,0,0.9616332650184631
ACH-000139,2375,0,0.6055609583854675
ACH-000139,24180719,0,0.5636112093925476
ACH-000139,24756910,0,0.8937045931816101
ACH-000139,24772860,0,0.7501322627067566
ACH-000139,24776445,0,0.4352514445781708
ACH-000139,24785538,0,0.8055438995361328
ACH-000139,24826799,0,0.8135226368904114
ACH-000139,24889392,0,0.6523621678352356
ACH-000139,24894414,0,0.9628732800483704
ACH-000139,24951314,0,0.7991839051246643
ACH-000139,24978538,0,0.892798125743866
ACH-000139,25022668,0,0.813054621219635
ACH-000139,25102847,1,0.5775467753410339
ACH-000139,25124816,0,0.5595843195915222
ACH-000139,25126798,0,0.9792688488960266
ACH-000139,25167777,0,0.5883909463882446
ACH-000139,25195352,0,0.4674968421459198
ACH-000139,25222038,0,0.8841322660446167
ACH-000139,25257557,1,0.9286624789237976
ACH-000139,25262965,0,0.8134336471557617
ACH-000139,2726824,0,0.7104742527008057
ACH-000139,2733526,0,0.7936134338378906
ACH-000139,300471,0,0.6255254149436951
ACH-000139,3005532,0,0.6010659337043762
ACH-000139,31703,0,0.42496931552886963
ACH-000139,3218,0,0.9812591671943665
ACH-000139,3385,0,0.9941600561141968
ACH-000139,3463933,0,0.6306450963020325
ACH-000139,36462,0,0.3144644498825073
ACH-000139,3796,0,0.5733118057250977
ACH-000139,4263900,0,0.7437125444412231
ACH-000139,42640,0,0.6640465259552002
ACH-000139,42642645,0,0.6747909188270569
ACH-000139,44137675,0,0.8309363126754761
ACH-000139,44143370,1,0.7983015775680542
ACH-000139,44182295,0,0.7505286931991577
ACH-000139,44224160,0,0.8066793084144592
ACH-000139,44450571,0,0.748479425907135
ACH-000139,44462760,0,0.8417806029319763
ACH-000139,444795,0,0.8145761489868164
ACH-000139,44551660,0,0.8010515570640564
ACH-000139,44632017,0,0.7328786253929138
ACH-000139,446378,0,0.7170645594596863
ACH-000139,447912,0,0.8066059947013855
ACH-000139,448013,1,0.6764746904373169
ACH-000139,44819241,0,0.8067405819892883
ACH-000139,46191454,0,0.6846407651901245
ACH-000139,46224516,0,0.8504071235656738
ACH-000139,46883536,0,0.8191683292388916
ACH-000139,46885626,0,0.8179974555969238
ACH-000139,46907787,0,0.6988595724105835
ACH-000139,46930998,0,0.770014226436615
ACH-000139,46931012,0,0.8157402873039246
ACH-000139,46943432,0,0.8611864447593689
ACH-000139,49806720,0,0.7935318946838379
ACH-000139,5113032,0,0.8746991753578186
ACH-000139,51371303,0,0.8480579853057861
ACH-000139,5208,0,0.8501120209693909
ACH-000139,521106,0,0.8100693821907043
ACH-000139,5278396,0,0.8226088285446167
ACH-000139,5280757,0,0.7340957522392273
ACH-000139,5289247,0,0.8479062914848328
ACH-000139,5311,0,0.7556649446487427
ACH-000139,5311497,0,0.7477456331253052
ACH-000139,5328940,0,0.7700191140174866
ACH-000139,53302361,0,0.8061273694038391
ACH-000139,5330286,0,0.7899227142333984
ACH-000139,53340664,0,0.8243375420570374
ACH-000139,53394750,0,0.9169027209281921
ACH-000139,5394,0,0.7975264191627502
ACH-000139,5459322,0,0.7653806805610657
ACH-000139,5460769,0,0.6809217929840088
ACH-000139,54676905,0,0.796530544757843
ACH-000139,54685215,0,0.7107941508293152
ACH-000139,560326,0,0.6932060718536377
ACH-000139,56962337,0,0.701972246170044
ACH-000139,56965967,0,0.8113704919815063
ACH-000139,57339144,0,0.8259526491165161
ACH-000139,5746,0,0.7425441145896912
ACH-000139,60750,0,0.7531740665435791
ACH-000139,6253,0,0.7381651997566223
ACH-000139,637858,0,0.764754056930542
ACH-000139,644241,0,0.8795015215873718
ACH-000139,6445533,0,0.8559859395027161
ACH-000139,6445562,0,0.8078781962394714
ACH-000139,6450551,0,0.7166817784309387
ACH-000139,6450816,0,0.8279149532318115
ACH-000139,6505803,0,0.708412230014801
ACH-000139,65110,0,0.8382205963134766
ACH-000139,66577006,0,0.8772463798522949
ACH-000139,6710780,0,0.7490317821502686
ACH-000139,6753378,1,0.7161704897880554
ACH-000139,6852167,0,0.724793016910553
ACH-000139,6914657,0,0.6756044626235962
ACH-000139,6918289,0,0.7599154114723206
ACH-000139,6918454,0,0.832353949546814
ACH-000139,6918638,0,0.7700930237770081
ACH-000139,6918848,0,0.7284168004989624
ACH-000139,704473,0,0.9061229228973389
ACH-000139,71271629,0,0.8773983120918274
ACH-000139,82146,0,0.848919153213501
ACH-000139,8249,0,0.8575227856636047
ACH-000139,84691,0,0.923933744430542
ACH-000139,85668777,0,0.6864274740219116
ACH-000139,9810884,0,0.8914895057678223
ACH-000139,9813758,0,0.919175922870636
ACH-000139,9826528,0,0.6939176321029663
ACH-000139,9858940,0,0.8659048080444336
ACH-000139,9863776,0,0.7765703797340393
ACH-000139,9868037,0,0.8831217885017395
ACH-000139,9874913,0,0.830848753452301
ACH-000139,9884685,0,0.7211065292358398
ACH-000139,9903786,0,0.87256920337677
ACH-000139,9910224,0,0.8948132991790771
ACH-000139,9911830,0,0.8356266617774963
ACH-000139,9914412,0,0.7885902523994446
ACH-000139,9931953,0,0.7276818752288818
ACH-000139,9938202,0,0.7798842191696167
ACH-000139,9943465,0,0.7521458864212036
ACH-000139,9952773,0,0.7409796118736267
ACH-000139,9956119,0,0.8130682706832886
ACH-000139,9956222,0,0.7626919746398926
ACH-000139,9967941,1,0.8615538477897644
ACH-000147,10027278,0,0.9772130846977234
ACH-000147,10074640,0,0.8844560384750366
ACH-000147,10077147,0,0.9122560024261475
ACH-000147,10096043,0,0.8242966532707214
ACH-000147,10109823,0,0.8626226186752319
ACH-000147,10113978,0,0.02682884968817234
ACH-000147,10127622,0,0.1126544326543808
ACH-000147,10184653,0,0.92015141248703
ACH-000147,10196499,1,0.3356354236602783
ACH-000147,10200390,0,0.8603185415267944
ACH-000147,10341154,0,0.9997480511665344
ACH-000147,10384072,0,0.8339983224868774
ACH-000147,10451420,0,0.9974652528762817
ACH-000147,10459196,0,0.8427135944366455
ACH-000147,104842,0,0.9615525007247925
ACH-000147,11152667,0,0.7048546671867371
ACH-000147,11178236,0,0.9945968389511108
ACH-000147,11282283,0,0.2802230715751648
ACH-000147,11316960,0,0.9047097563743591
ACH-000147,11327430,0,0.6528550982475281
ACH-000147,11338033,0,0.031692441552877426
ACH-000147,11373846,0,0.9383457899093628
ACH-000147,11404337,0,0.9172506928443909
ACH-000147,11433190,0,0.9654306769371033
ACH-000147,11455910,0,0.9963012933731079
ACH-000147,11485656,0,0.9039171934127808
ACH-000147,11493598,0,0.9991394281387329
ACH-000147,11609586,0,0.29306164383888245
ACH-000147,11617559,0,0.9186257123947144
ACH-000147,11624601,0,0.14899662137031555
ACH-000147,11625818,1,0.9979538917541504
ACH-000147,11634725,0,0.8932998180389404
ACH-000147,11640390,0,0.9996045231819153
ACH-000147,11647372,1,0.2895899713039398
ACH-000147,11667893,0,0.8553734421730042
ACH-000147,11707110,0,0.9891602396965027
ACH-000147,11713159,0,0.9957921504974365
ACH-000147,11754511,0,0.9803521633148193
ACH-000147,11960529,0,0.980168342590332
ACH-000147,11977753,0,0.9555211663246155
ACH-000147,123631,0,0.9748216271400452
ACH-000147,126565,0,0.8506630659103394
ACH-000147,126941,0,0.9999881982803345
ACH-000147,1401,0,0.9911676645278931
ACH-000147,148124,0,0.129548579454422
ACH-000147,156422,0,0.985844612121582
ACH-000147,159324,0,0.8883986473083496
ACH-000147,16720766,0,0.9940410256385803
ACH-000147,16722836,0,0.8975180983543396
ACH-000147,16725726,1,0.998661994934082
ACH-000147,16747388,0,0.7180339694023132
ACH-000147,176158,0,0.6281656622886658
ACH-000147,176167,0,0.9900469183921814
ACH-000147,17755052,0,0.9179952144622803
ACH-000147,216326,0,0.9051941633224487
ACH-000147,2314623,1,0.5658456683158875
ACH-000147,23725625,0,0.9255430102348328
ACH-000147,2375,0,0.4660157561302185
ACH-000147,24180719,0,0.2610427439212799
ACH-000147,24756910,0,0.7392264008522034
ACH-000147,24772860,0,0.5950073599815369
ACH-000147,24776445,0,0.036149777472019196
ACH-000147,24785538,0,0.8462232947349548
ACH-000147,24826799,0,0.8167975544929504
ACH-000147,24889392,0,0.15230371057987213
ACH-000147,24894414,0,0.9959004521369934
ACH-000147,24951314,0,0.6449312567710876
ACH-000147,24978538,0,0.9399299621582031
ACH-000147,25022668,0,0.9038837552070618
ACH-000147,25102847,0,0.8973736763000488
ACH-000147,25124816,0,0.11213603615760803
ACH-000147,25126798,0,0.9972425699234009
ACH-000147,25167777,1,0.20441332459449768
ACH-000147,25195352,0,0.8040345311164856
ACH-000147,25222038,0,0.90764319896698
ACH-000147,25257557,0,0.9443250894546509
ACH-000147,25262965,0,0.8099351525306702
ACH-000147,2726824,0,0.8314774632453918
ACH-000147,2733526,1,0.8370413184165955
ACH-000147,300471,0,0.7759102582931519
ACH-000147,3005532,0,0.41284286975860596
ACH-000147,31703,0,0.09761351346969604
ACH-000147,3218,0,0.9995644688606262
ACH-000147,3385,0,0.9999778270721436
ACH-000147,3463933,0,0.3595119118690491
ACH-000147,36462,0,0.08177772164344788
ACH-000147,3796,0,0.5683695673942566
ACH-000147,4263900,0,0.7124295234680176
ACH-000147,42640,0,0.6493489742279053
ACH-000147,42642645,0,0.6589661836624146
ACH-000147,44137675,1,0.7592272162437439
ACH-000147,44143370,0,0.7312742471694946
ACH-000147,44182295,0,0.6987483501434326
ACH-000147,44224160,0,0.7378476858139038
ACH-000147,44450571,0,0.7432637810707092
ACH-000147,44462760,0,0.7468986511230469
ACH-000147,444795,0,0.7373191714286804
ACH-000147,44551660,0,0.7242099046707153
ACH-000147,44632017,0,0.695155680179596
ACH-000147,446378,0,0.6761924028396606
ACH-000147,447912,0,0.7192413210868835
ACH-000147,448013,0,0.6450090408325195
ACH-000147,44819241,0,0.8215312361717224
ACH-000147,46191454,0,0.6866683959960938
ACH-000147,46224516,0,0.7842006087303162
ACH-000147,46883536,0,0.7463859915733337
ACH-000147,46885626,0,0.7830069065093994
ACH-000147,46907787,0,0.6922325491905212
ACH-000147,46930998,1,0.713325023651123
ACH-000147,46931012,0,0.7626541256904602
ACH-000147,46943432,0,0.7980433702468872
ACH-000147,49806720,0,0.7037966251373291
ACH-000147,5113032,0,0.8276177048683167
ACH-000147,51371303,0,0.7771011590957642
ACH-000147,5208,0,0.8130422234535217
ACH-000147,521106,0,0.7892670631408691
ACH-000147,5278396,0,0.7730964422225952
ACH-000147,5280757,0,0.6770740747451782
ACH-000147,5289247,0,0.8148924708366394
ACH-000147,5311,0,0.6875262260437012
ACH-000147,5311497,0,0.6838005185127258
ACH-000147,5327091,0,0.7386058568954468
ACH-000147,5328940,0,0.7139215469360352
ACH-000147,53302361,0,0.7416010499000549
ACH-000147,5330286,0,0.7251319289207458
ACH-000147,53340664,0,0.7599931359291077
ACH-000147,53394750,1,0.8186763525009155
ACH-000147,5394,0,0.7831541299819946
ACH-000147,5459322,0,0.7124606370925903
ACH-000147,5460769,0,0.6397428512573242
ACH-000147,54676905,0,0.7190240025520325
ACH-000147,54685215,0,0.6685027480125427
ACH-000147,560326,0,0.7332905530929565
ACH-000147,56962337,0,0.6507706046104431
ACH-000147,56965967,0,0.7520358562469482
ACH-000147,57339144,0,0.7694562077522278
ACH-000147,5746,0,0.6901412606239319
ACH-000147,60750,0,0.7277848124504089
ACH-000147,6253,0,0.7424716353416443
ACH-000147,637858,0,0.7555277347564697
ACH-000147,644241,0,0.786268413066864
ACH-000147,6445533,0,0.779657781124115
ACH-000147,6445562,0,0.7406341433525085
ACH-000147,6450551,0,0.6832765936851501
ACH-000147,6450816,0,0.7258272767066956
ACH-000147,6505803,0,0.65632563829422
ACH-000147,65110,0,0.7428932189941406
ACH-000147,66577006,0,0.775471031665802
ACH-000147,6710780,0,0.6847517490386963
ACH-000147,6753378,0,0.6943677663803101
ACH-000147,6852167,1,0.7120115160942078
ACH-000147,6914657,0,0.6412560343742371
ACH-000147,6918289,0,0.6951102018356323
ACH-000147,6918454,0,0.7737126350402832
ACH-000147,6918638,0,0.7046458721160889
ACH-000147,6918848,0,0.6798607707023621
ACH-000147,704473,0,0.844454824924469
ACH-000147,71271629,0,0.7987147569656372
ACH-000147,82146,0,0.789563000202179
ACH-000147,8249,0,0.7776862978935242
ACH-000147,84691,0,0.8815302848815918
ACH-000147,85668777,0,0.6773959994316101
ACH-000147,9810884,0,0.833023726940155
ACH-000147,9813758,0,0.85565185546875
ACH-000147,9826528,0,0.6726158857345581
ACH-000147,9858940,0,0.7974560260772705
ACH-000147,9863776,0,0.7572269439697266
ACH-000147,9868037,0,0.7913199663162231
ACH-000147,9874913,0,0.7880736589431763
ACH-000147,9884685,0,0.6959430575370789
ACH-000147,9903786,0,0.8226494193077087
ACH-000147,9910224,0,0.8223443627357483
ACH-000147,9911830,0,0.7635481953620911
ACH-000147,9914412,0,0.7114049196243286
ACH-000147,9931953,0,0.6579992175102234
ACH-000147,9938202,0,0.7344513535499573
ACH-000147,9943465,0,0.7638742327690125
ACH-000147,9952773,0,0.691845715045929
ACH-000147,9956119,0,0.7395665645599365
ACH-000147,9956222,0,0.7183560132980347
ACH-000147,9967941,0,0.798458456993103
ACH-000151,10027278,0,0.9348409175872803
ACH-000151,10074640,0,0.959337592124939
ACH-000151,10077147,0,0.9974415302276611
ACH-000151,10096043,0,0.892643392086029
ACH-000151,10109823,0,0.9527817964553833
ACH-000151,10113978,0,0.9557049870491028
ACH-000151,10127622,0,0.892508864402771
ACH-000151,10172943,0,0.9283062815666199
ACH-000151,10184653,0,0.937109112739563
ACH-000151,10196499,0,0.8881257772445679
ACH-000151,10200390,0,0.9676942825317383
ACH-000151,10302451,0,0.9257723093032837
ACH-000151,10341154,0,0.9698277711868286
ACH-000151,10384072,0,0.8975824117660522
ACH-000151,10390396,0,0.8423185348510742
ACH-000151,10451420,1,0.9909524917602539
ACH-000151,10459196,0,0.9398851990699768
ACH-000151,10461815,0,0.988138735294342
ACH-000151,104842,1,0.9625087976455688
ACH-000151,11152667,0,0.9605262279510498
ACH-000151,11178236,0,0.8911069631576538
ACH-000151,11282283,1,0.9777427911758423
ACH-000151,11316960,1,0.9928966164588928
ACH-000151,11327430,0,0.9801474809646606
ACH-000151,11338033,0,0.9924170970916748
ACH-000151,11364421,0,0.9873898029327393
ACH-000151,11373846,1,0.9819980263710022
ACH-000151,11404337,0,0.9860982894897461
ACH-000151,11433190,1,0.9863227605819702
ACH-000151,11455910,0,0.8756718635559082
ACH-000151,11485656,0,0.957214891910553
ACH-000151,11493598,0,0.9484579563140869
ACH-000151,11609586,0,0.9655334949493408
ACH-000151,11617559,0,0.9308046698570251
ACH-000151,11624601,0,0.9293829798698425
ACH-000151,11625818,1,0.992661714553833
ACH-000151,11626560,0,0.9401924014091492
ACH-000151,11626927,0,0.8941057324409485
ACH-000151,11634725,0,0.9227962493896484
ACH-000151,11640390,0,0.9853816032409668
ACH-000151,11647372,0,0.9825044274330139
ACH-000151,11667893,0,0.8666171431541443
ACH-000151,11676786,0,0.9393483400344849
ACH-000151,11707110,0,0.9895911812782288
ACH-000151,11713159,0,0.9630646705627441
ACH-000151,11754511,1,0.9958712458610535
ACH-000151,11844351,0,0.9768461585044861
ACH-000151,11960529,0,0.9040064811706543
ACH-000151,11977753,0,0.9437570571899414
ACH-000151,123631,0,0.9527727961540222
ACH-000151,126565,0,0.9837716221809387
ACH-000151,126941,0,0.9494697451591492
ACH-000151,1401,0,0.9801120162010193
ACH-000151,148124,0,0.8801897764205933
ACH-000151,156422,0,0.9508751034736633
ACH-000151,159324,0,0.9516414403915405
ACH-000151,160355,0,0.9548132419586182
ACH-000151,16038120,0,0.7911849617958069
ACH-000151,16095342,0,0.9597689509391785
ACH-000151,16663089,0,0.9121692180633545
ACH-000151,16720766,0,0.9880415201187134
ACH-000151,16722836,0,0.9665082097053528
ACH-000151,16725726,1,0.991794764995575
ACH-000151,16747388,0,0.9710696935653687
ACH-000151,16760646,0,0.7841047048568726
ACH-000151,176158,0,0.9227592945098877
ACH-000151,176167,0,0.9611029028892517
ACH-000151,176870,0,0.9680642485618591
ACH-000151,17755052,0,0.9862231612205505
ACH-000151,20635522,0,0.9468164443969727
ACH-000151,208908,0,0.9339194297790527
ACH-000151,216239,0,0.83381587266922
ACH-000151,216326,1,0.9884676337242126
ACH-000151,2314623,0,0.9705339074134827
ACH-000151,23725625,0,0.9978296160697937
ACH-000151,2375,0,0.97077876329422
ACH-000151,24180719,0,0.9811557531356812
ACH-000151,24756910,1,0.9715194702148438
ACH-000151,24772860,0,0.86208575963974
ACH-000151,24776445,0,0.9795234203338623
ACH-000151,24785538,0,0.8677635788917542
ACH-000151,24825971,0,0.9128839373588562
ACH-000151,24826799,0,0.8997923731803894
ACH-000151,24889392,0,0.9840275049209595
ACH-000151,24894414,0,0.9671891927719116
ACH-000151,24951314,1,0.9918001294136047
ACH-000151,24978538,1,0.995055079460144
ACH-000151,25022668,0,0.9614225625991821
ACH-000151,25102847,0,0.9022876620292664
ACH-000151,25124816,0,0.9805352091789246
ACH-000151,25126798,1,0.9978945851325989
ACH-000151,25167777,0,0.9875766038894653
ACH-000151,25195352,0,0.8323901891708374
ACH-000151,25222038,0,0.9740304350852966
ACH-000151,25257557,1,0.9930203557014465
ACH-000151,25262965,0,0.9477574825286865
ACH-000151,2726824,0,0.8851892948150635
ACH-000151,2733526,0,0.9814268946647644
ACH-000151,300471,0,0.8720849752426147
ACH-000151,3005532,0,0.9312682151794434
ACH-000151,3062316,0,0.9932641983032227
ACH-000151,31703,0,0.9792572855949402
ACH-000151,3218,0,0.9945037364959717
ACH-000151,3385,0,0.9851489067077637
ACH-000151,3463933,0,0.9963591694831848
ACH-000151,36314,0,0.8662779927253723
ACH-000151,36462,1,0.966696560382843
ACH-000151,3796,0,0.9002178311347961
ACH-000151,387447,0,0.8330082297325134
ACH-000151,4261,0,0.8538734316825867
ACH-000151,4263900,0,0.9178497791290283
ACH-000151,42640,1,0.8535702228546143
ACH-000151,42642645,0,0.8350808620452881
ACH-000151,44137675,0,0.9617112278938293
ACH-000151,44143370,0,0.9353305101394653
ACH-000151,44182295,0,0.9475444555282593
ACH-000151,44224160,0,0.9251947999000549
ACH-000151,44450571,0,0.9100813269615173
ACH-000151,44462760,0,0.9608411192893982
ACH-000151,444795,1,0.9258861541748047
ACH-000151,44551660,0,0.897782564163208
ACH-000151,44632017,0,0.9069270491600037
ACH-000151,446378,0,0.8963878154754639
ACH-000151,447912,1,0.9643660187721252
ACH-000151,448013,0,0.8144338130950928
ACH-000151,44819241,1,0.9736269116401672
ACH-000151,46191454,1,0.8564178943634033
ACH-000151,46224516,0,0.9721627831459045
ACH-000151,462382,0,0.7302204370498657
ACH-000151,46844147,0,0.9023928642272949
ACH-000151,46883536,0,0.9274598360061646
ACH-000151,46885626,1,0.9711965322494507
ACH-000151,46907787,0,0.8582425713539124
ACH-000151,46930998,0,0.8862544894218445
ACH-000151,46931012,0,0.9688482880592346
ACH-000151,46943432,1,0.9714353084564209
ACH-000151,49806720,1,0.9524099826812744
ACH-000151,49821040,0,0.8566224575042725
ACH-000151,49836027,0,0.9131097793579102
ACH-000151,4993,0,0.9197567105293274
ACH-000151,5113032,0,0.9753764271736145
ACH-000151,51371303,0,0.9707150459289551
ACH-000151,5208,1,0.978912889957428
ACH-000151,521106,1,0.9724058508872986
ACH-000151,5278396,0,0.9610844850540161
ACH-000151,5280757,0,0.9129887223243713
ACH-000151,5289247,0,0.9702029824256897
ACH-000151,5291,0,0.8673070669174194
ACH-000151,5311,0,0.903166651725769
ACH-000151,5311497,0,0.9096985459327698
ACH-000151,5311510,0,0.938635528087616
ACH-000151,5327091,0,0.9407585859298706
ACH-000151,5328940,0,0.915784478187561
ACH-000151,5329102,0,0.8554549217224121
ACH-000151,53302361,0,0.9449777603149414
ACH-000151,5330286,0,0.9266983866691589
ACH-000151,53340664,0,0.9602933526039124
ACH-000151,53394750,1,0.9904724359512329
ACH-000151,5384616,0,0.8445712924003601
ACH-000151,5394,0,0.9617994427680969
ACH-000151,5459322,1,0.9367231726646423
ACH-000151,5460769,0,0.8687750101089478
ACH-000151,54676905,0,0.9606047868728638
ACH-000151,54685215,0,0.8988286852836609
ACH-000151,5494449,0,0.9955305457115173
ACH-000151,560326,1,0.8743255138397217
ACH-000151,56962337,0,0.8785706162452698
ACH-000151,56965967,0,0.9621484875679016
ACH-000151,5717801,0,0.7120288610458374
ACH-000151,57339144,1,0.9754354357719421
ACH-000151,5746,0,0.8693214058876038
ACH-000151,60750,1,0.9390337467193604
ACH-000151,6253,1,0.9591231346130371
ACH-000151,637858,1,0.950131893157959
ACH-000151,644215,0,0.9042361974716187
ACH-000151,644241,0,0.9760028719902039
ACH-000151,6445533,0,0.967968761920929
ACH-000151,6445562,0,0.9513266086578369
ACH-000151,6450551,0,0.8530669808387756
ACH-000151,6450816,0,0.951556921005249
ACH-000151,6505803,0,0.8692620992660522
ACH-000151,65110,0,0.9782837629318237
ACH-000151,66577006,1,0.9737948775291443
ACH-000151,6710780,0,0.905756950378418
ACH-000151,6753378,0,0.871468722820282
ACH-000151,6852167,1,0.9135518670082092
ACH-000151,6914657,0,0.8176088333129883
ACH-000151,6918289,0,0.9309853315353394
ACH-000151,6918454,0,0.9672195315361023
ACH-000151,6918638,1,0.9242987036705017
ACH-000151,6918848,1,0.894271194934845
ACH-000151,704473,1,0.9885899424552917
ACH-000151,71271629,0,0.9845607280731201
ACH-000151,7251185,1,0.9576021432876587
ACH-000151,76044,0,0.8337878584861755
ACH-000151,82146,0,0.9697856307029724
ACH-000151,8249,0,0.9484309554100037
ACH-000151,84691,0,0.9962192177772522
ACH-000151,85668777,0,0.8907426595687866
ACH-000151,9549184,0,0.9736440777778625
ACH-000151,9810884,1,0.9943891167640686
ACH-000151,9813758,1,0.9858044981956482
ACH-000151,9826308,0,0.8195194602012634
ACH-000151,9826528,0,0.9125415086746216
ACH-000151,9858940,0,0.9701675176620483
ACH-000151,9863776,0,0.9594172239303589
ACH-000151,9868037,0,0.9751601815223694
ACH-000151,9874913,0,0.9481629133224487
ACH-000151,9884685,0,0.9173811078071594
ACH-000151,9903786,0,0.9763704538345337
ACH-000151,9907093,0,0.9332312941551208
ACH-000151,9910224,0,0.9819617867469788
ACH-000151,9911830,1,0.9517545104026794
ACH-000151,9914412,0,0.9308500289916992
ACH-000151,9931953,0,0.9015744924545288
ACH-000151,9938202,0,0.9456273317337036
ACH-000151,9943465,1,0.960693359375
ACH-000151,9952773,0,0.9121649265289307
ACH-000151,9956119,1,0.9515029788017273
ACH-000151,9956222,0,0.9205870032310486
ACH-000151,9967941,1,0.9706487059593201
ACH-000168,10027278,0,0.9259924292564392
ACH-000168,10074640,0,0.9107595086097717
ACH-000168,10077147,0,0.990726113319397
ACH-000168,10096043,0,0.8065999746322632
ACH-000168,10109823,0,0.9063330292701721
ACH-000168,10113978,0,0.9885836839675903
ACH-000168,10127622,1,0.9669308662414551
ACH-000168,10172943,0,0.917829692363739
ACH-000168,10184653,0,0.8744839429855347
ACH-000168,10196499,0,0.9013006687164307
ACH-000168,10200390,0,0.9358841180801392
ACH-000168,10302451,0,0.8759244084358215
ACH-000168,10341154,1,0.9159960150718689
ACH-000168,10384072,0,0.8524287343025208
ACH-000168,10390396,0,0.8366050720214844
ACH-000168,10451420,1,0.9708936810493469
ACH-000168,10459196,1,0.908496618270874
ACH-000168,10461815,0,0.9670606255531311
ACH-000168,104842,0,0.8573009371757507
ACH-000168,11152667,1,0.9473387598991394
ACH-000168,11178236,0,0.7159281373023987
ACH-000168,11282283,0,0.9844380021095276
ACH-000168,11316960,0,0.9749532341957092
ACH-000168,11327430,1,0.9662225842475891
ACH-000168,11338033,0,0.9922492504119873
ACH-000168,11364421,0,0.9637523889541626
ACH-000168,11373846,0,0.9734495282173157
ACH-000168,11404337,0,0.9853423833847046
ACH-000168,11433190,1,0.9403116703033447
ACH-000168,11455910,0,0.7059796452522278
ACH-000168,11485656,1,0.9426442384719849
ACH-000168,11493598,0,0.8064292073249817
ACH-000168,11609586,0,0.9802247881889343
ACH-000168,11617559,0,0.8757271766662598
ACH-000168,11624601,0,0.9516187906265259
ACH-000168,11625818,1,0.9425556659698486
ACH-000168,11626560,0,0.9703633785247803
ACH-000168,11626927,0,0.8868550658226013
ACH-000168,11634725,0,0.8897853493690491
ACH-000168,11640390,0,0.9409419894218445
ACH-000168,11647372,0,0.9856016039848328
ACH-000168,11667893,0,0.8814653754234314
ACH-000168,11676786,1,0.9455175399780273
ACH-000168,11713159,0,0.8102200627326965
ACH-000168,11754511,1,0.9886994957923889
ACH-000168,11844351,0,0.9418062567710876
ACH-000168,11960529,1,0.8360126614570618
ACH-000168,11977753,0,0.8786022663116455
ACH-000168,123631,0,0.9061593413352966
ACH-000168,126565,1,0.9573870301246643
ACH-000168,126941,0,0.7614726424217224
ACH-000168,1401,1,0.9186351895332336
ACH-000168,148124,0,0.9040794372558594
ACH-000168,156422,0,0.9008291959762573
ACH-000168,159324,0,0.8878681659698486
ACH-000168,160355,0,0.8453864455223083
ACH-000168,16038120,0,0.7787340879440308
ACH-000168,16095342,0,0.9183009266853333
ACH-000168,16663089,0,0.8910636901855469
ACH-000168,16720766,0,0.9534380435943604
ACH-000168,16722836,1,0.9664185643196106
ACH-000168,16725726,0,0.9616838693618774
ACH-000168,16747388,0,0.9642190933227539
ACH-000168,16760646,0,0.6725865006446838
ACH-000168,176158,0,0.8467850089073181
ACH-000168,176167,0,0.9029421806335449
ACH-000168,176870,0,0.9025510549545288
ACH-000168,17755052,1,0.9286860823631287
ACH-000168,20635522,0,0.9178244471549988
ACH-000168,208908,0,0.9098264575004578
ACH-000168,216239,0,0.9103810787200928
ACH-000168,216326,0,0.9568350315093994
ACH-000168,2314623,1,0.9699078798294067
ACH-000168,23725625,1,0.9952556490898132
ACH-000168,2375,0,0.9709088802337646
ACH-000168,24180719,0,0.9870412349700928
ACH-000168,24756910,0,0.8985910415649414
ACH-000168,24772860,0,0.8207505345344543
ACH-000168,24776445,1,0.9816644191741943
ACH-000168,24785538,0,0.8952613472938538
ACH-000168,24825971,0,0.9178910255432129
ACH-000168,24826799,0,0.8584070801734924
ACH-000168,24889392,0,0.9797855019569397
ACH-000168,24894414,1,0.8329789638519287
ACH-000168,24951314,0,0.9853251576423645
ACH-000168,24978538,1,0.9828552007675171
ACH-000168,25022668,0,0.9361439347267151
ACH-000168,25102847,0,0.9308476448059082
ACH-000168,25124816,0,0.9810768365859985
ACH-000168,25126798,0,0.9535253643989563
ACH-000168,25167777,0,0.989775538444519
ACH-000168,25195352,0,0.9498922824859619
ACH-000168,25222038,0,0.973997950553894
ACH-000168,25257557,1,0.9758319854736328
ACH-000168,25262965,1,0.8731960654258728
ACH-000168,2726824,0,0.8485006093978882
ACH-000168,2733526,1,0.9569113254547119
ACH-000168,300471,0,0.7915043234825134
ACH-000168,3005532,0,0.8817086815834045
ACH-000168,3062316,0,0.977318286895752
ACH-000168,31703,0,0.9713522791862488
ACH-000168,3218,0,0.9713890552520752
ACH-000168,3385,1,0.8964138627052307
ACH-000168,3463933,0,0.987583577632904
ACH-000168,36314,0,0.896949291229248
ACH-000168,36462,0,0.9641408920288086
ACH-000168,3796,0,0.9426605701446533
ACH-000168,387447,0,0.7630614638328552
ACH-000168,4261,0,0.7688682079315186
ACH-000168,4263900,0,0.8337500095367432
ACH-000168,42640,0,0.7628880143165588
ACH-000168,42642645,0,0.754023015499115
ACH-000168,44137675,0,0.9009557366371155
ACH-000168,44143370,0,0.853926956653595
ACH-000168,44182295,1,0.8686627149581909
ACH-000168,44224160,0,0.8579537868499756
ACH-000168,44450571,0,0.8487113118171692
ACH-000168,44462760,0,0.885154664516449
ACH-000168,444795,1,0.8507614135742188
ACH-000168,44551660,0,0.831172525882721
ACH-000168,44632017,0,0.8335391283035278
ACH-000168,446378,0,0.8000542521476746
ACH-000168,447912,1,0.8941291570663452
ACH-000168,448013,0,0.7281579971313477
ACH-000168,44819241,0,0.9401375651359558
ACH-000168,46191454,0,0.7778990864753723
ACH-000168,46224516,0,0.9314360618591309
ACH-000168,462382,0,0.644561767578125
ACH-000168,46843772,1,0.825108528137207
ACH-000168,46844147,0,0.8296341896057129
ACH-000168,46883536,0,0.8468997478485107
ACH-000168,46885626,1,0.9222419857978821
ACH-000168,46907787,0,0.7760706543922424
ACH-000168,46930998,0,0.8161013126373291
ACH-000168,46931012,0,0.9141973257064819
ACH-000168,46943432,1,0.9256771802902222
ACH-000168,49806720,0,0.8701248168945312
ACH-000168,49821040,0,0.7688430547714233
ACH-000168,49836027,0,0.841611921787262
ACH-000168,4993,0,0.864661455154419
ACH-000168,5113032,1,0.9399166703224182
ACH-000168,51371303,0,0.9288755059242249
ACH-000168,5208,0,0.9413983821868896
ACH-000168,521106,0,0.9401037693023682
ACH-000168,5278396,1,0.9129575490951538
ACH-000168,5280757,0,0.8078142404556274
ACH-000168,5289247,1,0.9265527129173279
ACH-000168,5291,0,0.7934519648551941
ACH-000168,5311,0,0.8284634351730347
ACH-000168,5311497,0,0.8163006901741028
ACH-000168,5311510,0,0.8706198930740356
ACH-000168,5327091,0,0.8801799416542053
ACH-000168,5328940,0,0.8317976593971252
ACH-000168,5329102,0,0.7779184579849243
ACH-000168,53302361,0,0.8767223954200745
ACH-000168,5330286,0,0.8483309745788574
ACH-000168,53340664,0,0.9062103629112244
ACH-000168,53394750,1,0.955886960029602
ACH-000168,5384616,0,0.7404449582099915
ACH-000168,5394,0,0.9135676026344299
ACH-000168,5459322,0,0.848310112953186
ACH-000168,5460769,0,0.7523964643478394
ACH-000168,54676905,0,0.8948991894721985
ACH-000168,54685215,0,0.8096930384635925
ACH-000168,5494449,0,0.9829372763633728
ACH-000168,560326,0,0.8194878101348877
ACH-000168,56962337,0,0.7790191173553467
ACH-000168,56965967,1,0.8997918367385864
ACH-000168,5717801,0,0.6348302960395813
ACH-000168,57339144,0,0.9242138862609863
ACH-000168,5746,0,0.7954146265983582
ACH-000168,60750,0,0.8720557689666748
ACH-000168,6253,0,0.9127872586250305
ACH-000168,637858,0,0.8992793560028076
ACH-000168,644215,0,0.8250771164894104
ACH-000168,644241,1,0.9323976039886475
ACH-000168,6445533,0,0.9273694157600403
ACH-000168,6445562,0,0.878616452217102
ACH-000168,6450551,0,0.7805013656616211
ACH-000168,6450816,0,0.8598228693008423
ACH-000168,6505803,0,0.7692883610725403
ACH-000168,65110,0,0.9313300251960754
ACH-000168,66577006,0,0.9119775891304016
ACH-000168,6710780,1,0.8095147013664246
ACH-000168,6753378,0,0.7912181615829468
ACH-000168,6852167,1,0.8420001268386841
ACH-000168,6918289,0,0.8369159698486328
ACH-000168,6918454,1,0.9107581377029419
ACH-000168,6918638,0,0.8419479131698608
ACH-000168,6918848,0,0.8196712136268616
ACH-000168,704473,0,0.9686245322227478
ACH-000168,71271629,1,0.9422165751457214
ACH-000168,7251185,0,0.9020968675613403
ACH-000168,76044,0,0.759181022644043
ACH-000168,82146,0,0.9259647130966187
ACH-000168,8249,0,0.8915952444076538
ACH-000168,84691,0,0.9866965413093567
ACH-000168,85668777,0,0.8200439214706421
ACH-000168,9549184,0,0.9317697286605835
ACH-000168,9810884,1,0.9784368872642517
ACH-000168,9813758,0,0.9579891562461853
ACH-000168,9826308,0,0.7550146579742432
ACH-000168,9826528,1,0.8211338520050049
ACH-000168,9858940,0,0.9172571301460266
ACH-000168,9863776,0,0.898885190486908
ACH-000168,9868037,0,0.9292983412742615
ACH-000168,9874913,0,0.9022706747055054
ACH-000168,9884685,0,0.8502430319786072
ACH-000168,9903786,1,0.9410898685455322
ACH-000168,9907093,0,0.8617027997970581
ACH-000168,9910224,0,0.9388967752456665
ACH-000168,9911830,0,0.8923092484474182
ACH-000168,9914412,0,0.8627576231956482
ACH-000168,9931953,0,0.7880644798278809
ACH-000168,9938202,0,0.8906899690628052
ACH-000168,9943465,0,0.9089860916137695
ACH-000168,9952773,0,0.8439837098121643
ACH-000168,9956119,0,0.876659631729126
ACH-000168,9956222,0,0.849999725818634
ACH-000168,9967941,0,0.9207815527915955
ACH-000176,10027278,0,0.6907249689102173
ACH-000176,10074640,0,0.7025443315505981
ACH-000176,10077147,0,0.7995618581771851
ACH-000176,10096043,0,0.5782660841941833
ACH-000176,10109823,0,0.5436303019523621
ACH-000176,10113978,0,0.4079008400440216
ACH-000176,10127622,0,0.42899438738822937
ACH-000176,10184653,1,0.7060950994491577
ACH-000176,10196499,0,0.44356897473335266
ACH-000176,10200390,0,0.7283259630203247
ACH-000176,10341154,0,0.9427341818809509
ACH-000176,10384072,0,0.6941982507705688
ACH-000176,10451420,0,0.8870978951454163
ACH-000176,10459196,0,0.7926569581031799
ACH-000176,104842,0,0.665523886680603
ACH-000176,11152667,0,0.7678442001342773
ACH-000176,11178236,0,0.8681554198265076
ACH-000176,11282283,0,0.47467464208602905
ACH-000176,11316960,0,0.7242316603660583
ACH-000176,11327430,0,0.6013143658638
ACH-000176,11338033,0,0.3242122530937195
ACH-000176,11373846,0,0.8202943205833435
ACH-000176,11404337,0,0.89525306224823
ACH-000176,11433190,0,0.8209285140037537
ACH-000176,11455910,0,0.7147224545478821
ACH-000176,11485656,0,0.8412763476371765
ACH-000176,11493598,0,0.9200853109359741
ACH-000176,11609586,0,0.518602728843689
ACH-000176,11617559,0,0.5949254035949707
ACH-000176,11624601,0,0.3792664706707001
ACH-000176,11625818,0,0.9190765023231506
ACH-000176,11634725,0,0.5780291557312012
ACH-000176,11640390,0,0.9286383986473083
ACH-000176,11647372,0,0.4858717620372772
ACH-000176,11667893,0,0.734157145023346
ACH-000176,11707110,0,0.8858596682548523
ACH-000176,11713159,0,0.8116403222084045
ACH-000176,11754511,0,0.7468968629837036
ACH-000176,11960529,0,0.7228376865386963
ACH-000176,11977753,0,0.7547222375869751
ACH-000176,123631,1,0.6440555453300476
ACH-000176,126565,0,0.7230321168899536
ACH-000176,126941,0,0.9594112038612366
ACH-000176,1401,0,0.8290477991104126
ACH-000176,148124,0,0.21643275022506714
ACH-000176,156422,1,0.7707686424255371
ACH-000176,159324,0,0.7752082347869873
ACH-000176,16720766,0,0.772930383682251
ACH-000176,16722836,0,0.8002903461456299
ACH-000176,16725726,0,0.8986066579818726
ACH-000176,16747388,0,0.6526426672935486
ACH-000176,176167,0,0.8200646638870239
ACH-000176,17755052,0,0.4917665123939514
ACH-000176,216326,0,0.770460844039917
ACH-000176,2314623,0,0.616309642791748
ACH-000176,23725625,0,0.976242184638977
ACH-000176,2375,0,0.532505989074707
ACH-000176,24180719,0,0.3564039170742035
ACH-000176,24756910,0,0.7624809741973877
ACH-000176,24772860,0,0.6388972401618958
ACH-000176,24776445,0,0.3104935884475708
ACH-000176,24785538,0,0.7632719874382019
ACH-000176,24826799,0,0.7425758838653564
ACH-000176,24889392,0,0.4846479296684265
ACH-000176,24894414,0,0.8047322034835815
ACH-000176,24951314,0,0.7133094668388367
ACH-000176,24978538,0,0.7873857021331787
ACH-000176,25022668,0,0.5862699151039124
ACH-000176,25102847,0,0.4304697513580322
ACH-000176,25124816,0,0.45670801401138306
ACH-000176,25126798,0,0.9143112301826477
ACH-000176,25167777,0,0.41027331352233887
ACH-000176,25195352,0,0.5006707310676575
ACH-000176,25222038,0,0.8326061964035034
ACH-000176,25257557,0,0.8480900526046753
ACH-000176,25262965,0,0.586458683013916
ACH-000176,2726824,0,0.644519567489624
ACH-000176,2733526,0,0.688673734664917
ACH-000176,300471,0,0.6444929242134094
ACH-000176,3005532,0,0.4945436716079712
ACH-000176,31703,0,0.3992437720298767
ACH-000176,3218,0,0.9538484811782837
ACH-000176,3385,0,0.9682029485702515
ACH-000176,3463933,0,0.5642668008804321
ACH-000176,36462,0,0.2887764871120453
ACH-000176,3796,0,0.5226625800132751
ACH-000176,4263900,0,0.7035049796104431
ACH-000176,42640,0,0.6437668800354004
ACH-000176,42642645,0,0.6452903747558594
ACH-000176,44137675,0,0.7563016414642334
ACH-000176,44143370,0,0.7206753492355347
ACH-000176,44182295,0,0.7381147742271423
ACH-000176,44224160,0,0.7145521640777588
ACH-000176,44450571,0,0.7147454023361206
ACH-000176,44462760,1,0.7443559169769287
ACH-000176,444795,0,0.6920087337493896
ACH-000176,44551660,0,0.6935811042785645
ACH-000176,44632017,0,0.7161743640899658
ACH-000176,446378,0,0.6833357214927673
ACH-000176,447912,0,0.7639366984367371
ACH-000176,448013,0,0.6412608027458191
ACH-000176,44819241,0,0.7874719500541687
ACH-000176,46191454,0,0.6613818407058716
ACH-000176,46224516,0,0.8055144548416138
ACH-000176,46843772,0,0.6933681964874268
ACH-000176,46883536,0,0.691460907459259
ACH-000176,46885626,0,0.7667482495307922
ACH-000176,46907787,0,0.6609688401222229
ACH-000176,46930998,0,0.6915050148963928
ACH-000176,46931012,0,0.7525951862335205
ACH-000176,46943432,0,0.7871956825256348
ACH-000176,49806720,0,0.7444654107093811
ACH-000176,5113032,0,0.7849819660186768
ACH-000176,51371303,0,0.7914763689041138
ACH-000176,5208,0,0.8103772401809692
ACH-000176,521106,0,0.8178576231002808
ACH-000176,5278396,0,0.7581517696380615
ACH-000176,5280757,0,0.6831343770027161
ACH-000176,5289247,0,0.7871963381767273
ACH-000176,5311,0,0.7095997929573059
ACH-000176,5311497,0,0.6821675300598145
ACH-000176,5327091,0,0.7534061670303345
ACH-000176,5328940,1,0.6984751224517822
ACH-000176,53302361,0,0.7434742450714111
ACH-000176,5330286,0,0.7096735835075378
ACH-000176,53340664,0,0.7742788195610046
ACH-000176,53394750,0,0.8303585052490234
ACH-000176,5394,0,0.7440053820610046
ACH-000176,5459322,0,0.7170907855033875
ACH-000176,5460769,0,0.6647688150405884
ACH-000176,54676905,0,0.785068929195404
ACH-000176,560326,0,0.6855610609054565
ACH-000176,56962337,1,0.6774777173995972
ACH-000176,56965967,0,0.7436646223068237
ACH-000176,57339144,0,0.7770977020263672
ACH-000176,5746,0,0.6810519099235535
ACH-000176,60750,0,0.7421659827232361
ACH-000176,6253,0,0.7644402384757996
ACH-000176,637858,0,0.7480648159980774
ACH-000176,644241,0,0.8049311637878418
ACH-000176,6445533,0,0.8092994093894958
ACH-000176,6445562,0,0.7287498712539673
ACH-000176,6450551,0,0.6646168828010559
ACH-000176,6450816,0,0.714947521686554
ACH-000176,6505803,0,0.6591007113456726
ACH-000176,65110,0,0.8095828890800476
ACH-000176,66577006,0,0.7653223276138306
ACH-000176,6710780,0,0.6837418079376221
ACH-000176,6753378,0,0.6871657967567444
ACH-000176,6852167,0,0.7146921157836914
ACH-000176,6914657,0,0.6455488204956055
ACH-000176,6918289,0,0.7031894326210022
ACH-000176,6918454,0,0.7778570652008057
ACH-000176,6918638,0,0.7221074104309082
ACH-000176,6918848,0,0.6931931376457214
ACH-000176,704473,0,0.850459635257721
ACH-000176,71271629,0,0.8069174289703369
ACH-000176,82146,0,0.7813681960105896
ACH-000176,8249,0,0.7464238405227661
ACH-000176,84691,0,0.9072830080986023
ACH-000176,85668777,0,0.6929622292518616
ACH-000176,9810884,0,0.890985906124115
ACH-000176,9813758,0,0.8369013071060181
ACH-000176,9826528,0,0.7001456618309021
ACH-000176,9858940,0,0.7562119960784912
ACH-000176,9863776,0,0.7507408261299133
ACH-000176,9868037,0,0.7928131222724915
ACH-000176,9874913,0,0.7482756972312927
ACH-000176,9884685,0,0.7032409906387329
ACH-000176,9903786,0,0.7900498509407043
ACH-000176,9910224,0,0.7943661212921143
ACH-000176,9911830,0,0.7432965040206909
ACH-000176,9914412,0,0.7254123091697693
ACH-000176,9931953,0,0.6731873750686646
ACH-000176,9938202,0,0.750154972076416
ACH-000176,9943465,0,0.7711871862411499
ACH-000176,9952773,0,0.7064868807792664
ACH-000176,9956119,0,0.7426971197128296
ACH-000176,9956222,0,0.7039973735809326
ACH-000176,9967941,0,0.7545516490936279
ACH-000178,10027278,0,0.9428224563598633
ACH-000178,10074640,0,0.9621598720550537
ACH-000178,10077147,0,0.9944256544113159
ACH-000178,10096043,0,0.8291388154029846
ACH-000178,10109823,0,0.987114429473877
ACH-000178,10113978,0,0.9992709755897522
ACH-000178,10127622,0,0.9964545965194702
ACH-000178,10184653,0,0.8394280076026917
ACH-000178,10196499,0,0.9746734499931335
ACH-000178,10200390,0,0.9056100845336914
ACH-000178,10341154,0,0.6964700818061829
ACH-000178,10451420,0,0.9595781564712524
ACH-000178,10459196,0,0.8260748982429504
ACH-000178,104842,0,0.91398686170578
ACH-000178,11152667,0,0.939864456653595
ACH-000178,11178236,0,0.5254157185554504
ACH-000178,11282283,0,0.9946752786636353
ACH-000178,11316960,0,0.9603087306022644
ACH-000178,11327430,0,0.9841369390487671
ACH-000178,11338033,0,0.9998537302017212
ACH-000178,11373846,0,0.9242661595344543
ACH-000178,11404337,0,0.9661319851875305
ACH-000178,11433190,0,0.9507104754447937
ACH-000178,11455910,0,0.7837380170822144
ACH-000178,11485656,0,0.956213116645813
ACH-000178,11493598,0,0.4785849452018738
ACH-000178,11609586,0,0.9979037046432495
ACH-000178,11617559,0,0.9101064801216125
ACH-000178,11624601,0,0.995707094669342
ACH-000178,11625818,0,0.7164337038993835
ACH-000178,11634725,0,0.9289378523826599
ACH-000178,11640390,0,0.7680267691612244
ACH-000178,11647372,0,0.998115062713623
ACH-000178,11667893,0,0.7649257779121399
ACH-000178,11707110,0,0.7803702354431152
ACH-000178,11713159,0,0.7006235718727112
ACH-000178,11754511,0,0.9965805411338806
ACH-000178,11960529,0,0.895513653755188
ACH-000178,11977753,0,0.6898272633552551
ACH-000178,123631,0,0.9498400092124939
ACH-000178,126565,0,0.9763758182525635
ACH-000178,126941,0,0.36749541759490967
ACH-000178,1401,0,0.8476104140281677
ACH-000178,148124,0,0.9970971345901489
ACH-000178,156422,0,0.9254250526428223
ACH-000178,159324,0,0.7015550136566162
ACH-000178,16722836,0,0.9508601427078247
ACH-000178,16725726,0,0.8932679891586304
ACH-000178,16747388,0,0.9725205302238464
ACH-000178,176167,0,0.8361920118331909
ACH-000178,17755052,0,0.9932765960693359
ACH-000178,216326,0,0.9313502907752991
ACH-000178,2314623,0,0.9882885217666626
ACH-000178,23725625,0,0.9462020397186279
ACH-000178,2375,0,0.9931550621986389
ACH-000178,24180719,0,0.999369204044342
ACH-000178,24756910,0,0.8375952839851379
ACH-000178,24772860,0,0.8242614269256592
ACH-000178,24776445,0,0.9995095729827881
ACH-000178,24785538,0,0.8488421440124512
ACH-000178,24826799,0,0.7726274728775024
ACH-000178,24889392,0,0.9959650039672852
ACH-000178,24894414,0,0.5987331867218018
ACH-000178,24951314,0,0.9952217936515808
ACH-000178,24978538,0,0.9981359243392944
ACH-000178,25022668,0,0.9738795757293701
ACH-000178,25102847,0,0.9929128289222717
ACH-000178,25124816,0,0.9971694350242615
ACH-000178,25126798,0,0.884567379951477
ACH-000178,25167777,0,0.9996519088745117
ACH-000178,25195352,0,0.9953508377075195
ACH-000178,25222038,0,0.9801819920539856
ACH-000178,25257557,0,0.8898119926452637
ACH-000178,25262965,0,0.9258244037628174
ACH-000178,2726824,0,0.7396843433380127
ACH-000178,2733526,0,0.9446094632148743
ACH-000178,300471,0,0.7398937940597534
ACH-000178,3005532,0,0.9159252047538757
ACH-000178,31703,0,0.9984133243560791
ACH-000178,3218,1,0.8398327231407166
ACH-000178,3385,0,0.5206739902496338
ACH-000178,3463933,1,0.999751627445221
ACH-000178,36462,0,0.9994731545448303
ACH-000178,3796,0,0.9825709462165833
ACH-000178,4263900,0,0.6912651658058167
ACH-000178,42640,0,0.6045132279396057
ACH-000178,42642645,0,0.6028139591217041
ACH-000178,44137675,0,0.7315232157707214
ACH-000178,44143370,0,0.7042532563209534
ACH-000178,44182295,0,0.6831842660903931
ACH-000178,44224160,0,0.7189785242080688
ACH-000178,44450571,0,0.6797119975090027
ACH-000178,44462760,0,0.7185328602790833
ACH-000178,444795,0,0.68830406665802
ACH-000178,44551660,0,0.6712191104888916
ACH-000178,44632017,0,0.6393259167671204
ACH-000178,446378,0,0.6364045739173889
ACH-000178,447912,0,0.6810164451599121
ACH-000178,448013,0,0.6038762927055359
ACH-000178,44819241,0,0.7601749897003174
ACH-000178,46191454,0,0.6293280124664307
ACH-000178,46224516,0,0.7611606121063232
ACH-000178,46843772,0,0.6607136130332947
ACH-000178,46883536,0,0.6892284154891968
ACH-000178,46885626,0,0.7581061720848083
ACH-000178,46907787,0,0.6258482933044434
ACH-000178,46930998,0,0.6391218900680542
ACH-000178,46931012,0,0.7489489316940308
ACH-000178,46943432,0,0.748491108417511
ACH-000178,49806720,0,0.6843169927597046
ACH-000178,5113032,0,0.7873904705047607
ACH-000178,51371303,0,0.7224454879760742
ACH-000178,5208,0,0.7996639609336853
ACH-000178,521106,0,0.7498961687088013
ACH-000178,5278396,0,0.7275950908660889
ACH-000178,5280757,0,0.6574999690055847
ACH-000178,5289247,0,0.7783492207527161
ACH-000178,5311,0,0.6490244269371033
ACH-000178,5311497,0,0.6567121148109436
ACH-000178,5327091,0,0.6996825933456421
ACH-000178,5328940,0,0.6769681572914124
ACH-000178,53302361,0,0.6964584589004517
ACH-000178,5330286,0,0.6894940137863159
ACH-000178,53340664,0,0.7126892805099487
ACH-000178,53394750,0,0.8169875741004944
ACH-000178,5394,0,0.7206472754478455
ACH-000178,5459322,0,0.6949209570884705
ACH-000178,5460769,0,0.6084387898445129
ACH-000178,54676905,0,0.7355780005455017
ACH-000178,54685215,0,0.6230832934379578
ACH-000178,560326,0,0.6560643315315247
ACH-000178,56962337,0,0.616115391254425
ACH-000178,56965967,0,0.7134661674499512
ACH-000178,57339144,0,0.7540040612220764
ACH-000178,5746,0,0.6476390361785889
ACH-000178,60750,0,0.6886428594589233
ACH-000178,6253,0,0.7150130867958069
ACH-000178,637858,0,0.695434033870697
ACH-000178,6445533,0,0.7572234272956848
ACH-000178,6445562,0,0.7084376811981201
ACH-000178,6450551,0,0.6316170692443848
ACH-000178,6450816,0,0.7068549990653992
ACH-000178,6505803,0,0.6217116713523865
ACH-000178,65110,0,0.7383052706718445
ACH-000178,66577006,0,0.7817992568016052
ACH-000178,6710780,0,0.6592980623245239
ACH-000178,6753378,0,0.6328833103179932
ACH-000178,6852167,0,0.665695309638977
ACH-000178,6914657,0,0.5901366472244263
ACH-000178,6918289,0,0.6736000776290894
ACH-000178,6918454,1,0.7506871819496155
ACH-000178,6918638,0,0.6700292825698853
ACH-000178,6918848,0,0.6466459631919861
ACH-000178,704473,0,0.8122748732566833
ACH-000178,71271629,0,0.8072307705879211
ACH-000178,82146,0,0.7398460507392883
ACH-000178,8249,0,0.7731198072433472
ACH-000178,84691,0,0.865225076675415
ACH-000178,85668777,0,0.6134187579154968
ACH-000178,9810884,0,0.8367948532104492
ACH-000178,9813758,0,0.8038515448570251
ACH-000178,9826528,1,0.6526882648468018
ACH-000178,9858940,0,0.7587224245071411
ACH-000178,9863776,0,0.7152966260910034
ACH-000178,9868037,0,0.7460862994194031
ACH-000178,9874913,0,0.7305119633674622
ACH-000178,9884685,0,0.6484304070472717
ACH-000178,9903786,0,0.8009583353996277
ACH-000178,9910224,0,0.7933933138847351
ACH-000178,9911830,0,0.7355464100837708
ACH-000178,9914412,0,0.6785238981246948
ACH-000178,9931953,0,0.6480215191841125
ACH-000178,9938202,0,0.6732500195503235
ACH-000178,9943465,0,0.7075597643852234
ACH-000178,9952773,0,0.6428337097167969
ACH-000178,9956119,0,0.7076560258865356
ACH-000178,9956222,0,0.677345335483551
ACH-000178,9967941,0,0.7616629004478455
ACH-000189,10027278,0,0.8811883330345154
ACH-000189,10074640,0,0.7309231162071228
ACH-000189,10077147,0,0.846924364566803
ACH-000189,10096043,0,0.7955980896949768
ACH-000189,10109823,0,0.6892889142036438
ACH-000189,10113978,0,0.933186948299408
ACH-000189,10127622,0,0.8925558924674988
ACH-000189,10172943,0,0.8625074625015259
ACH-000189,10184653,0,0.897270917892456
ACH-000189,10196499,0,0.8639105558395386
ACH-000189,10200390,0,0.8603455424308777
ACH-000189,10302451,0,0.8344682455062866
ACH-000189,10341154,0,0.9157425165176392
ACH-000189,10384072,0,0.8760729432106018
ACH-000189,10390396,0,0.7400481104850769
ACH-000189,10451420,0,0.9364836812019348
ACH-000189,10459196,0,0.7006568312644958
ACH-000189,10461815,0,0.89677494764328
ACH-000189,104842,0,0.6899211406707764
ACH-000189,11152667,0,0.8420596122741699
ACH-000189,11178236,0,0.7643418908119202
ACH-000189,11282283,0,0.9306326508522034
ACH-000189,11316960,0,0.8631889224052429
ACH-000189,11327430,0,0.8052651882171631
ACH-000189,11338033,0,0.79578697681427
ACH-000189,11364421,0,0.8494775891304016
ACH-000189,11373846,0,0.8521007299423218
ACH-000189,11404337,0,0.8257900476455688
ACH-000189,11433190,0,0.8195291757583618
ACH-000189,11455910,0,0.876133143901825
ACH-000189,11485656,0,0.7187475562095642
ACH-000189,11493598,0,0.7731229066848755
ACH-000189,11609586,0,0.9065259695053101
ACH-000189,11617559,0,0.8753572702407837
ACH-000189,11624601,0,0.7135069370269775
ACH-000189,11625818,0,0.8186247944831848
ACH-000189,11626560,0,0.7671434879302979
ACH-000189,11626927,0,0.8510669469833374
ACH-000189,11634725,0,0.8167794942855835
ACH-000189,11640390,0,0.8913422226905823
ACH-000189,11647372,0,0.8770740628242493
ACH-000189,11667893,0,0.7469998598098755
ACH-000189,11676786,0,0.774691104888916
ACH-000189,11707110,0,0.8083794116973877
ACH-000189,11713159,0,0.725848913192749
ACH-000189,11754511,0,0.9381433129310608
ACH-000189,11844351,1,0.783111572265625
ACH-000189,11960529,0,0.8133102655410767
ACH-000189,11977753,0,0.8802835941314697
ACH-000189,123631,0,0.8591294884681702
ACH-000189,126565,0,0.870255172252655
ACH-000189,126941,0,0.7710778713226318
ACH-000189,1401,0,0.8626771569252014
ACH-000189,148124,0,0.9353349804878235
ACH-000189,156422,0,0.8288101553916931
ACH-000189,159324,0,0.8184148073196411
ACH-000189,160355,0,0.8875828981399536
ACH-000189,16038120,0,0.7863020896911621
ACH-000189,16095342,0,0.7345684766769409
ACH-000189,16663089,0,0.6565271615982056
ACH-000189,16720766,0,0.9091729521751404
ACH-000189,16722836,0,0.8601215481758118
ACH-000189,16725726,0,0.9357688426971436
ACH-000189,16747388,0,0.7912445664405823
ACH-000189,16760646,0,0.7018432021141052
ACH-000189,176158,0,0.7720592021942139
ACH-000189,176167,0,0.8745947480201721
ACH-000189,176870,0,0.885806143283844
ACH-000189,17755052,0,0.8963481783866882
ACH-000189,20635522,0,0.6969160437583923
ACH-000189,208908,0,0.8547961711883545
ACH-000189,216239,0,0.7328392863273621
ACH-000189,216326,0,0.8812413811683655
ACH-000189,2314623,0,0.8260831236839294
ACH-000189,23725625,0,0.48261725902557373
ACH-000189,2375,0,0.9037835597991943
ACH-000189,24180719,0,0.8963874578475952
ACH-000189,24756910,0,0.740280270576477
ACH-000189,24772860,0,0.5829989314079285
ACH-000189,24776445,0,0.8706923723220825
ACH-000189,24785538,0,0.843277633190155
ACH-000189,24825971,0,0.8381609320640564
ACH-000189,24826799,0,0.7284348607063293
ACH-000189,24889392,0,0.8571603894233704
ACH-000189,24894414,0,0.8579128384590149
ACH-000189,24951314,0,0.7138451337814331
ACH-000189,24978538,0,0.49303171038627625
ACH-000189,25022668,0,0.8758804798126221
ACH-000189,25102847,0,0.8582969307899475
ACH-000189,25124816,0,0.9252935647964478
ACH-000189,25126798,0,0.8452638983726501
ACH-000189,25167777,0,0.8169516324996948
ACH-000189,25195352,0,0.8759031891822815
ACH-000189,25222038,0,0.8271707892417908
ACH-000189,25257557,0,0.9081521034240723
ACH-000189,25262965,0,0.9042245745658875
ACH-000189,2726824,0,0.8246077299118042
ACH-000189,300471,0,0.7330993413925171
ACH-000189,3005532,1,0.8065286874771118
ACH-000189,3062316,0,0.9589786529541016
ACH-000189,31703,0,0.8497925400733948
ACH-000189,3218,0,0.9440218210220337
ACH-000189,3385,0,0.9292426705360413
ACH-000189,3463933,0,0.6475684642791748
ACH-000189,36314,0,0.8054360747337341
ACH-000189,36462,0,0.89335697889328
ACH-000189,3796,0,0.9297722578048706
ACH-000189,387447,0,0.6819773316383362
ACH-000189,4261,0,0.6267327070236206
ACH-000189,4263900,0,0.701729416847229
ACH-000189,42640,0,0.6013849377632141
ACH-000189,42642645,0,0.6100519895553589
ACH-000189,44137675,1,0.7539507746696472
ACH-000189,44143370,0,0.7039295434951782
ACH-000189,44182295,0,0.6600140333175659
ACH-000189,44224160,0,0.7283679842948914
ACH-000189,44450571,0,0.7219569087028503
ACH-000189,44462760,0,0.7087482810020447
ACH-000189,444795,0,0.7178744077682495
ACH-000189,44551660,0,0.7118498682975769
ACH-000189,446378,0,0.6625698208808899
ACH-000189,447912,0,0.7023729681968689
ACH-000189,448013,0,0.6199265718460083
ACH-000189,44819241,0,0.7851806879043579
ACH-000189,46191454,0,0.6361677050590515
ACH-000189,46224516,0,0.7740833163261414
ACH-000189,462382,0,0.5483276844024658
ACH-000189,46844147,0,0.6867855787277222
ACH-000189,46883536,0,0.689156174659729
ACH-000189,46885626,0,0.7744089365005493
ACH-000189,46907787,1,0.6524549722671509
ACH-000189,46930998,0,0.6776188015937805
ACH-000189,46931012,0,0.7364531755447388
ACH-000189,46943432,0,0.7795156240463257
ACH-000189,49806720,0,0.6898422837257385
ACH-000189,49821040,0,0.6484421491622925
ACH-000189,49836027,0,0.6980157494544983
ACH-000189,4993,0,0.7228191494941711
ACH-000189,5113032,0,0.792704701423645
ACH-000189,51371303,0,0.7735217213630676
ACH-000189,5208,0,0.787800133228302
ACH-000189,521106,0,0.7774748206138611
ACH-000189,5278396,0,0.7616442441940308
ACH-000189,5280757,0,0.6525753140449524
ACH-000189,5289247,0,0.7896460294723511
ACH-000189,5291,0,0.6378043293952942
ACH-000189,5311,0,0.6837970614433289
ACH-000189,5311497,0,0.6617782115936279
ACH-000189,5311510,0,0.7242795825004578
ACH-000189,5327091,0,0.7391462326049805
ACH-000189,5328940,0,0.6753319501876831
ACH-000189,5329102,0,0.6489578485488892
ACH-000189,53302361,0,0.724537193775177
ACH-000189,5330286,0,0.697564959526062
ACH-000189,53340664,0,0.7452023029327393
ACH-000189,53394750,0,0.8063546419143677
ACH-000189,5394,0,0.7102475762367249
ACH-000189,5459322,0,0.6659976243972778
ACH-000189,5460769,0,0.6090140342712402
ACH-000189,54676905,0,0.7159823775291443
ACH-000189,5494449,0,0.8735249042510986
ACH-000189,560326,0,0.7057472467422485
ACH-000189,56962337,0,0.6307568550109863
ACH-000189,56965967,0,0.7274925708770752
ACH-000189,5717801,0,0.5596188902854919
ACH-000189,57339144,0,0.7334339618682861
ACH-000189,5746,0,0.6842285394668579
ACH-000189,60750,0,0.7263418436050415
ACH-000189,6253,0,0.7274004817008972
ACH-000189,644215,0,0.6808364987373352
ACH-000189,644241,0,0.7773674726486206
ACH-000189,6445533,0,0.7993900179862976
ACH-000189,6445562,0,0.7181206941604614
ACH-000189,6450551,0,0.6694458723068237
ACH-000189,6450816,0,0.6877521276473999
ACH-000189,6505803,0,0.6415378451347351
ACH-000189,65110,0,0.7314007878303528
ACH-000189,66577006,0,0.7481966018676758
ACH-000189,6710780,0,0.6574386358261108
ACH-000189,6753378,0,0.6670853495597839
ACH-000189,6852167,0,0.657627284526825
ACH-000189,6918289,0,0.6766793727874756
ACH-000189,6918454,0,0.7362805604934692
ACH-000189,6918638,0,0.6920732855796814
ACH-000189,6918848,0,0.6588759422302246
ACH-000189,704473,0,0.8549277186393738
ACH-000189,7251185,0,0.752748966217041
ACH-000189,76044,0,0.6138960719108582
ACH-000189,82146,0,0.7745866775512695
ACH-000189,8249,0,0.7641345262527466
ACH-000189,84691,0,0.8763863444328308
ACH-000189,85668777,0,0.6461233496665955
ACH-000189,9549184,0,0.7897719144821167
ACH-000189,9810884,1,0.8299015164375305
ACH-000189,9813758,0,0.8418700695037842
ACH-000189,9826308,0,0.6379219889640808
ACH-000189,9826528,0,0.623436450958252
ACH-000189,9868037,0,0.7852192521095276
ACH-000189,9874913,0,0.7903844118118286
ACH-000189,9884685,0,0.6618177890777588
ACH-000189,9903786,0,0.8075438737869263
ACH-000189,9907093,1,0.6990101933479309
ACH-000189,9910224,0,0.7959348559379578
ACH-000189,9911830,0,0.736443281173706
ACH-000189,9914412,0,0.7070942521095276
ACH-000189,9931953,0,0.627010703086853
ACH-000189,9938202,0,0.7144016623497009
ACH-000189,9943465,0,0.7240386605262756
ACH-000189,9952773,0,0.6664503216743469
ACH-000189,9956119,1,0.7190510630607605
ACH-000189,9956222,0,0.6898422837257385
ACH-000189,9967941,0,0.7549246549606323
ACH-000200,10027278,0,0.6429140567779541
ACH-000200,10074640,0,0.5468305945396423
ACH-000200,10077147,0,0.667669415473938
ACH-000200,10096043,0,0.5432641506195068
ACH-000200,10109823,0,0.47776058316230774
ACH-000200,10113978,1,0.2987443208694458
ACH-000200,10127622,0,0.3362533450126648
ACH-000200,10172943,0,0.5928290486335754
ACH-000200,10184653,0,0.5457797646522522
ACH-000200,10196499,0,0.4443387985229492
ACH-000200,10200390,0,0.6233012080192566
ACH-000200,10302451,0,0.4121595621109009
ACH-000200,10341154,0,0.8964879512786865
ACH-000200,10384072,0,0.5715638399124146
ACH-000200,10390396,0,0.5072210431098938
ACH-000200,10451420,0,0.7506029605865479
ACH-000200,10459196,0,0.6592460870742798
ACH-000200,10461815,0,0.6215270161628723
ACH-000200,104842,0,0.6494477391242981
ACH-000200,11152667,0,0.6828181147575378
ACH-000200,11178236,0,0.7855306267738342
ACH-000200,11282283,0,0.3564421534538269
ACH-000200,11316960,0,0.5589359998703003
ACH-000200,11327430,0,0.49338263273239136
ACH-000200,11338033,0,0.22112344205379486
ACH-000200,11364421,0,0.6664732694625854
ACH-000200,11373846,0,0.6915656328201294
ACH-000200,11404337,0,0.8001469969749451
ACH-000200,11433190,1,0.7395410537719727
ACH-000200,11455910,0,0.7460615634918213
ACH-000200,11485656,0,0.7474051713943481
ACH-000200,11493598,0,0.8731004595756531
ACH-000200,11609586,0,0.4027159810066223
ACH-000200,11617559,0,0.5397569537162781
ACH-000200,11624601,0,0.3460350036621094
ACH-000200,11625818,0,0.7945178151130676
ACH-000200,11626560,0,0.4112328290939331
ACH-000200,11626927,0,0.5762473344802856
ACH-000200,11634725,0,0.5267562866210938
ACH-000200,11640390,0,0.783473014831543
ACH-000200,11647372,0,0.3829471170902252
ACH-000200,11667893,0,0.6228086948394775
ACH-000200,11676786,0,0.5421148538589478
ACH-000200,11707110,0,0.7360436320304871
ACH-000200,11713159,0,0.7234758138656616
ACH-000200,11754511,0,0.5927990674972534
ACH-000200,11844351,0,0.6473424434661865
ACH-000200,11960529,0,0.6685271263122559
ACH-000200,11977753,0,0.6810725331306458
ACH-000200,123631,0,0.5502756834030151
ACH-000200,126565,0,0.598825991153717
ACH-000200,126941,0,0.9199129343032837
ACH-000200,1401,0,0.6636066436767578
ACH-000200,148124,1,0.17879892885684967
ACH-000200,156422,0,0.6705687046051025
ACH-000200,159324,1,0.7216784358024597
ACH-000200,160355,0,0.6526064276695251
ACH-000200,16038120,0,0.5373250246047974
ACH-000200,16095342,0,0.4370150864124298
ACH-000200,16663089,0,0.3752307593822479
ACH-000200,16720766,0,0.5782544612884521
ACH-000200,16722836,0,0.7035442590713501
ACH-000200,16725726,0,0.7841624617576599
ACH-000200,16747388,0,0.5607580542564392
ACH-000200,16760646,0,0.49978622794151306
ACH-000200,176158,1,0.5079032778739929
ACH-000200,176167,1,0.6715602278709412
ACH-000200,176870,1,0.6391228437423706
ACH-000200,17755052,0,0.3668072819709778
ACH-000200,20635522,0,0.4944242238998413
ACH-000200,208908,1,0.4071905016899109
ACH-000200,216239,0,0.4108835756778717
ACH-000200,216326,0,0.654076874256134
ACH-000200,2314623,0,0.5209585428237915
ACH-000200,23725625,0,0.9141501188278198
ACH-000200,2375,0,0.46527621150016785
ACH-000200,24180719,1,0.3573651611804962
ACH-000200,24756910,0,0.5856290459632874
ACH-000200,24772860,0,0.5263252854347229
ACH-000200,24776445,0,0.2785622477531433
ACH-000200,24785538,1,0.6559295058250427
ACH-000200,24825971,0,0.5951504707336426
ACH-000200,24826799,0,0.6431525349617004
ACH-000200,24889392,0,0.409019410610199
ACH-000200,24894414,0,0.7175126075744629
ACH-000200,24951314,0,0.589195191860199
ACH-000200,24978538,1,0.640030026435852
ACH-000200,25022668,0,0.47776395082473755
ACH-000200,25102847,0,0.3982407748699188
ACH-000200,25124816,0,0.3253266513347626
ACH-000200,25126798,0,0.7975981831550598
ACH-000200,25167777,0,0.3699354827404022
ACH-000200,25195352,0,0.4231919050216675
ACH-000200,25222038,0,0.7156468033790588
ACH-000200,25257557,1,0.7215485572814941
ACH-000200,25262965,0,0.5042095184326172
ACH-000200,2726824,1,0.5502099394798279
ACH-000200,2733526,0,0.4952482581138611
ACH-000200,300471,0,0.6098642349243164
ACH-000200,3005532,0,0.4688602089881897
ACH-000200,3062316,1,0.7850408554077148
ACH-000200,31703,0,0.2763647139072418
ACH-000200,3218,0,0.8696463704109192
ACH-000200,3385,0,0.9419604539871216
ACH-000200,3463933,0,0.40599489212036133
ACH-000200,36314,0,0.421130508184433
ACH-000200,36462,0,0.2684205174446106
ACH-000200,3796,0,0.4533746540546417
ACH-000200,387447,0,0.5273823738098145
ACH-000200,4261,0,0.5879318714141846
ACH-000200,4263900,0,0.5815390944480896
ACH-000200,42640,0,0.5504303574562073
ACH-000200,42642645,0,0.56159907579422
ACH-000200,44137675,0,0.6041489839553833
ACH-000200,44143370,0,0.5934105515480042
ACH-000200,44182295,0,0.6054908037185669
ACH-000200,44224160,0,0.6148768663406372
ACH-000200,44450571,0,0.6018663644790649
ACH-000200,44462760,1,0.6484789848327637
ACH-000200,444795,0,0.5905112028121948
ACH-000200,44551660,0,0.5960137844085693
ACH-000200,44632017,0,0.6003294587135315
ACH-000200,446378,0,0.5631345510482788
ACH-000200,447912,0,0.6279052495956421
ACH-000200,448013,0,0.5659635663032532
ACH-000200,44819241,0,0.6387917399406433
ACH-000200,46191454,0,0.5787882804870605
ACH-000200,46224516,0,0.6715555787086487
ACH-000200,462382,0,0.5390920042991638
ACH-000200,46843772,0,0.5941628813743591
ACH-000200,46844147,0,0.5857467651367188
ACH-000200,46883536,1,0.6315813660621643
ACH-000200,46885626,0,0.6057642102241516
ACH-000200,46907787,0,0.572911262512207
ACH-000200,46930998,0,0.6033170223236084
ACH-000200,46931012,0,0.5889032483100891
ACH-000200,46943432,0,0.6670716404914856
ACH-000200,49806720,0,0.6054046750068665
ACH-000200,49821040,0,0.5518810153007507
ACH-000200,49836027,0,0.590903639793396
ACH-000200,4993,0,0.6293818354606628
ACH-000200,5113032,0,0.686399519443512
ACH-000200,51371303,0,0.6541623473167419
ACH-000200,5208,0,0.6587429642677307
ACH-000200,521106,0,0.6760295033454895
ACH-000200,5278396,0,0.6185402274131775
ACH-000200,5280757,0,0.559889018535614
ACH-000200,5289247,0,0.6584609746932983
ACH-000200,5291,0,0.5787817239761353
ACH-000200,5311,0,0.6039455533027649
ACH-000200,5311497,0,0.5696156024932861
ACH-000200,5311510,0,0.6332718133926392
ACH-000200,5327091,0,0.6174899339675903
ACH-000200,5328940,0,0.5890548825263977
ACH-000200,5329102,0,0.5741092562675476
ACH-000200,53302361,0,0.6002669930458069
ACH-000200,5330286,0,0.6092110872268677
ACH-000200,53340664,0,0.6248329877853394
ACH-000200,53394750,0,0.6972822546958923
ACH-000200,5394,0,0.6438931226730347
ACH-000200,5459322,0,0.604870617389679
ACH-000200,5460769,1,0.5510682463645935
ACH-000200,54676905,0,0.6460944414138794
ACH-000200,54685215,0,0.5628939867019653
ACH-000200,5494449,0,0.7130351662635803
ACH-000200,560326,0,0.5890244245529175
ACH-000200,56962337,0,0.564058780670166
ACH-000200,56965967,0,0.6014729738235474
ACH-000200,5717801,0,0.5402125120162964
ACH-000200,57339144,0,0.6314324736595154
ACH-000200,5746,0,0.578147828578949
ACH-000200,60750,0,0.6047249436378479
ACH-000200,6253,0,0.6128490567207336
ACH-000200,637858,0,0.6177001595497131
ACH-000200,644215,0,0.5837857723236084
ACH-000200,644241,0,0.6753013134002686
ACH-000200,6445533,0,0.646346926689148
ACH-000200,6445562,0,0.5810725092887878
ACH-000200,6450551,0,0.57646244764328
ACH-000200,6450816,0,0.6226251721382141
ACH-000200,6505803,0,0.5526633262634277
ACH-000200,65110,0,0.6570616960525513
ACH-000200,66577006,0,0.6643346548080444
ACH-000200,6710780,0,0.5712773203849792
ACH-000200,6753378,0,0.579731822013855
ACH-000200,6852167,0,0.5920813679695129
ACH-000200,6914657,0,0.5671097636222839
ACH-000200,6918289,0,0.5845274329185486
ACH-000200,6918454,0,0.645119309425354
ACH-000200,6918638,0,0.5921377539634705
ACH-000200,6918848,0,0.5851587653160095
ACH-000200,704473,0,0.6917417645454407
ACH-000200,71271629,0,0.6834219694137573
ACH-000200,7251185,0,0.6575675010681152
ACH-000200,76044,0,0.6037396192550659
ACH-000200,82146,0,0.661873996257782
ACH-000200,8249,0,0.6621574759483337
ACH-000200,84691,0,0.785618245601654
ACH-000200,85668777,0,0.5802943110466003
ACH-000200,9549184,1,0.6312219500541687
ACH-000200,9810884,0,0.715794026851654
ACH-000200,9813758,0,0.7096348404884338
ACH-000200,9826308,0,0.5988937616348267
ACH-000200,9826528,0,0.5786945223808289
ACH-000200,9858940,1,0.6536582112312317
ACH-000200,9863776,0,0.6005967855453491
ACH-000200,9868037,0,0.6693891286849976
ACH-000200,9874913,0,0.6053441762924194
ACH-000200,9884685,0,0.5751557946205139
ACH-000200,9903786,0,0.6673511862754822
ACH-000200,9907093,0,0.5817416906356812
ACH-000200,9910224,0,0.6704540848731995
ACH-000200,9911830,0,0.6319847702980042
ACH-000200,9914412,0,0.586662769317627
ACH-000200,9931953,0,0.5691549181938171
ACH-000200,9938202,0,0.6148349642753601
ACH-000200,9943465,0,0.619049072265625
ACH-000200,9952773,0,0.5860447287559509
ACH-000200,9956119,0,0.5988268256187439
ACH-000200,9956222,0,0.5802570581436157
ACH-000200,9967941,0,0.6482700705528259
ACH-000201,10027278,0,0.5919994115829468
ACH-000201,10074640,1,0.9213505983352661
ACH-000201,10096043,0,0.5506318211555481
ACH-000201,10109823,0,0.7681496143341064
ACH-000201,10113978,1,0.19035841524600983
ACH-000201,10196499,0,0.17908287048339844
ACH-000201,10200390,0,0.4479641914367676
ACH-000201,10451420,0,0.9492599964141846
ACH-000201,104842,0,0.8486050963401794
ACH-000201,11178236,0,0.9685641527175903
ACH-000201,11282283,0,0.14949184656143188
ACH-000201,11338033,0,0.4874046742916107
ACH-000201,11373846,0,0.8176863789558411
ACH-000201,11404337,0,0.7524041533470154
ACH-000201,11455910,0,0.7979728579521179
ACH-000201,11485656,1,0.9172307252883911
ACH-000201,11493598,0,0.9812394380569458
ACH-000201,11609586,1,0.4871460497379303
ACH-000201,11617559,0,0.6954706311225891
ACH-000201,11625818,0,0.9829974174499512
ACH-000201,11634725,0,0.5227479934692383
ACH-000201,11640390,0,0.997524082660675
ACH-000201,11647372,0,0.6592707633972168
ACH-000201,11707110,0,0.9292024374008179
ACH-000201,11713159,0,0.9614956378936768
ACH-000201,11754511,1,0.8452080488204956
ACH-000201,159324,0,0.5794468522071838
ACH-000201,16720766,0,0.9349782466888428
ACH-000201,16722836,0,0.7991601228713989
ACH-000201,16725726,1,0.9694368839263916
ACH-000201,16747388,1,0.7471804022789001
ACH-000201,176167,0,0.935291588306427
ACH-000201,2314623,0,0.4685054123401642
ACH-000201,2375,0,0.2705978453159332
ACH-000201,24756910,0,0.7067624926567078
ACH-000201,24772860,0,0.7067565321922302
ACH-000201,24785538,0,0.75404953956604
ACH-000201,24826799,1,0.7726345062255859
ACH-000201,24889392,1,0.25974762439727783
ACH-000201,24894414,0,0.8801133036613464
ACH-000201,24951314,0,0.9106544256210327
ACH-000201,25022668,0,0.5148980021476746
ACH-000201,25102847,1,0.4811325669288635
ACH-000201,25124816,0,0.1163797527551651
ACH-000201,25126798,0,0.9769219756126404
ACH-000201,25167777,0,0.6583065986633301
ACH-000201,25195352,0,0.626095712184906
ACH-000201,25222038,1,0.9039533734321594
ACH-000201,25257557,1,0.6476231217384338
ACH-000201,2726824,0,0.518868625164032
ACH-000201,2733526,0,0.5754155516624451
ACH-000201,3005532,0,0.2953309416770935
ACH-000201,31703,1,0.5828785300254822
ACH-000201,3218,0,0.9913781881332397
ACH-000201,3385,0,0.9949631690979004
ACH-000201,3463933,0,0.9382810592651367
ACH-000201,36462,1,0.26994484663009644
ACH-000201,3796,0,0.33084216713905334
ACH-000201,4263900,0,0.5810738801956177
ACH-000201,42640,1,0.5583564043045044
ACH-000201,42642645,1,0.576836109161377
ACH-000201,44137675,0,0.6165974736213684
ACH-000201,44143370,0,0.6009953618049622
ACH-000201,44224160,0,0.6163095831871033
ACH-000201,44462760,1,0.6360798478126526
ACH-000201,44551660,0,0.6191996335983276
ACH-000201,44632017,0,0.6028255224227905
ACH-000201,446378,0,0.5688892006874084
ACH-000201,447912,0,0.6168480515480042
ACH-000201,448013,0,0.5677093267440796
ACH-000201,44819241,0,0.653041422367096
ACH-000201,46191454,0,0.5869652628898621
ACH-000201,46224516,0,0.6675847172737122
ACH-000201,46883536,0,0.6479213833808899
ACH-000201,46885626,0,0.6248742341995239
ACH-000201,46907787,0,0.5822198987007141
ACH-000201,46931012,0,0.6087446212768555
ACH-000201,46943432,0,0.6639225482940674
ACH-000201,49806720,0,0.600705623626709
ACH-000201,5113032,0,0.6979157328605652
ACH-000201,51371303,0,0.6564376950263977
ACH-000201,5208,1,0.6602537631988525
ACH-000201,521106,0,0.664632260799408
ACH-000201,5280757,0,0.5727888345718384
ACH-000201,5289247,0,0.6623708605766296
ACH-000201,5311497,0,0.5867629647254944
ACH-000201,5327091,0,0.609904408454895
ACH-000201,53302361,1,0.6078624725341797
ACH-000201,53340664,1,0.6284744739532471
ACH-000201,53394750,1,0.6778510808944702
ACH-000201,5394,0,0.6594618558883667
ACH-000201,5459322,1,0.6017793416976929
ACH-000201,5460769,0,0.5503059029579163
ACH-000201,54676905,0,0.6115407943725586
ACH-000201,54685215,0,0.5823341012001038
ACH-000201,560326,0,0.5977155566215515
ACH-000201,56962337,0,0.5628172755241394
ACH-000201,56965967,0,0.626279354095459
ACH-000201,57339144,0,0.638944149017334
ACH-000201,5746,0,0.5911635756492615
ACH-000201,60750,0,0.5940235257148743
ACH-000201,637858,1,0.6328588128089905
ACH-000201,6445533,0,0.6537105441093445
ACH-000201,6445562,0,0.6040812134742737
ACH-000201,6450816,0,0.6188820004463196
ACH-000201,66577006,0,0.6505168080329895
ACH-000201,6753378,0,0.5846103429794312
ACH-000201,6852167,0,0.5984669327735901
ACH-000201,6914657,0,0.5720107555389404
ACH-000201,6918638,0,0.6000044345855713
ACH-000201,6918848,0,0.5980971455574036
ACH-000201,704473,0,0.7071199417114258
ACH-000201,71271629,0,0.6641294956207275
ACH-000201,82146,0,0.6581577658653259
ACH-000201,8249,0,0.6467511653900146
ACH-000201,85668777,0,0.5940414071083069
ACH-000201,9810884,0,0.6937236785888672
ACH-000201,9813758,0,0.7134669423103333
ACH-000201,9858940,0,0.6577854752540588
ACH-000201,9863776,1,0.6178697943687439
ACH-000201,9868037,0,0.6710284948348999
ACH-000201,9874913,0,0.631071150302887
ACH-000201,9884685,0,0.5881785750389099
ACH-000201,9903786,0,0.6764647364616394
ACH-000201,9910224,0,0.6757321357727051
ACH-000201,9911830,1,0.6477693915367126
ACH-000201,9931953,0,0.5678179264068604
ACH-000201,9938202,0,0.6207327842712402
ACH-000201,9952773,0,0.6015074253082275
ACH-000201,9956119,0,0.6048979163169861
ACH-000201,9956222,0,0.5964085459709167
ACH-000201,9967941,0,0.6579057574272156
ACH-000211,10027278,1,0.8770579695701599
ACH-000211,10074640,0,0.9461129307746887
ACH-000211,10096043,1,0.8407451510429382
ACH-000211,10109823,0,0.9505609273910522
ACH-000211,10113978,1,0.7917596697807312
ACH-000211,10184653,0,0.8372679948806763
ACH-000211,10196499,0,0.7324512600898743
ACH-000211,10200390,0,0.9354070425033569
ACH-000211,10341154,0,0.9787745475769043
ACH-000211,10451420,1,0.9183292388916016
ACH-000211,104842,1,0.9598997235298157
ACH-000211,11152667,0,0.9425744414329529
ACH-000211,11178236,0,0.9296088218688965
ACH-000211,11282283,1,0.8487355709075928
ACH-000211,11338033,0,0.9318978190422058
ACH-000211,11373846,0,0.9405817985534668
ACH-000211,11404337,1,0.8921641111373901
ACH-000211,11455910,0,0.8677412271499634
ACH-000211,11485656,0,0.9008909463882446
ACH-000211,11493598,0,0.9540585875511169
ACH-000211,11609586,0,0.8932394981384277
ACH-000211,11617559,0,0.9263388514518738
ACH-000211,11625818,0,0.9849913716316223
ACH-000211,11634725,0,0.8088158965110779
ACH-000211,11640390,0,0.9799931645393372
ACH-000211,11647372,0,0.8925694823265076
ACH-000211,11707110,0,0.958428144454956
ACH-000211,11713159,0,0.9554435610771179
ACH-000211,11754511,0,0.987740695476532
ACH-000211,11960529,1,0.9393457174301147
ACH-000211,123631,0,0.9217315912246704
ACH-000211,126565,0,0.9663807153701782
ACH-000211,126941,0,0.9766210317611694
ACH-000211,148124,1,0.7021864056587219
ACH-000211,159324,1,0.9269904494285583
ACH-000211,16720766,1,0.9493350982666016
ACH-000211,16722836,0,0.9001892805099487
ACH-000211,16725726,1,0.9502186179161072
ACH-000211,16747388,0,0.9423543214797974
ACH-000211,176158,1,0.9134264588356018
ACH-000211,176167,0,0.9039486050605774
ACH-000211,216326,1,0.9783861041069031
ACH-000211,2314623,0,0.9218255877494812
ACH-000211,23725625,0,0.9904014468193054
ACH-000211,2375,0,0.8862716555595398
ACH-000211,24756910,0,0.9176477193832397
ACH-000211,24772860,0,0.8199048638343811
ACH-000211,24776445,0,0.8685951828956604
ACH-000211,24785538,0,0.8481158018112183
ACH-000211,24826799,0,0.821296215057373
ACH-000211,24889392,0,0.8943837881088257
ACH-000211,24894414,0,0.9642849564552307
ACH-000211,24951314,1,0.9325332045555115
ACH-000211,25102847,0,0.9104152321815491
ACH-000211,25124816,1,0.8954530954360962
ACH-000211,25126798,0,0.987589955329895
ACH-000211,25167777,0,0.9302197098731995
ACH-000211,25195352,0,0.5672774314880371
ACH-000211,25222038,0,0.9479086995124817
ACH-000211,25257557,1,0.9787211418151855
ACH-000211,2726824,0,0.8591347336769104
ACH-000211,2733526,0,0.9493377208709717
ACH-000211,300471,0,0.7944937944412231
ACH-000211,3005532,0,0.8875916004180908
ACH-000211,31703,1,0.8620209693908691
ACH-000211,3218,0,0.9803988337516785
ACH-000211,3385,0,0.9955018162727356
ACH-000211,3463933,0,0.9378257989883423
ACH-000211,36462,0,0.8975307941436768
ACH-000211,3796,0,0.7030279636383057
ACH-000211,4263900,1,0.7931225299835205
ACH-000211,42640,0,0.7127512693405151
ACH-000211,42642645,0,0.7142660617828369
ACH-000211,44137675,0,0.8384745121002197
ACH-000211,44143370,0,0.7783804535865784
ACH-000211,44224160,0,0.8179200291633606
ACH-000211,44462760,0,0.8765708804130554
ACH-000211,444795,0,0.7872255444526672
ACH-000211,44551660,0,0.7682244181632996
ACH-000211,44632017,1,0.804550051689148
ACH-000211,446378,0,0.7624865174293518
ACH-000211,448013,1,0.7189511060714722
ACH-000211,44819241,1,0.8781186938285828
ACH-000211,46191454,0,0.7426707148551941
ACH-000211,46224516,0,0.9124152660369873
ACH-000211,46883536,1,0.8392826318740845
ACH-000211,46885626,0,0.8772085905075073
ACH-000211,46907787,0,0.7222523093223572
ACH-000211,46931012,0,0.840992271900177
ACH-000211,46943432,0,0.8924463391304016
ACH-000211,49806720,0,0.8516814112663269
ACH-000211,5113032,0,0.9197791218757629
ACH-000211,51371303,0,0.8992835879325867
ACH-000211,5208,1,0.8978750705718994
ACH-000211,521106,1,0.9204453229904175
ACH-000211,5280757,1,0.7812178730964661
ACH-000211,5289247,0,0.8803272843360901
ACH-000211,5311,0,0.8403642177581787
ACH-000211,5311497,0,0.7934491038322449
ACH-000211,5327091,0,0.8480187058448792
ACH-000211,5328940,0,0.7656769156455994
ACH-000211,53302361,0,0.7907822728157043
ACH-000211,53340664,0,0.8390796184539795
ACH-000211,53394750,1,0.9398844838142395
ACH-000211,5394,0,0.8841368556022644
ACH-000211,5459322,0,0.8264440298080444
ACH-000211,5460769,0,0.7163129448890686
ACH-000211,54676905,0,0.8892505168914795
ACH-000211,54685215,0,0.7870122790336609
ACH-000211,560326,0,0.759945273399353
ACH-000211,56962337,0,0.7440094947814941
ACH-000211,56965967,0,0.8649088144302368
ACH-000211,57339144,0,0.8988808989524841
ACH-000211,5746,0,0.7498886585235596
ACH-000211,60750,1,0.8341282606124878
ACH-000211,6253,0,0.8760768175125122
ACH-000211,637858,1,0.8783427476882935
ACH-000211,644241,0,0.9150011539459229
ACH-000211,6445533,1,0.8861597776412964
ACH-000211,6445562,0,0.8014984130859375
ACH-000211,6450551,0,0.7471701502799988
ACH-000211,6450816,0,0.8568868041038513
ACH-000211,65110,0,0.931037425994873
ACH-000211,66577006,0,0.903558075428009
ACH-000211,6710780,0,0.7688639760017395
ACH-000211,6753378,0,0.7239049673080444
ACH-000211,6852167,0,0.7689252495765686
ACH-000211,6914657,0,0.7144111394882202
ACH-000211,6918454,0,0.8750065565109253
ACH-000211,6918638,1,0.8053370118141174
ACH-000211,6918848,1,0.8043267130851746
ACH-000211,704473,0,0.9444260001182556
ACH-000211,71271629,0,0.9390338063240051
ACH-000211,82146,1,0.8975330591201782
ACH-000211,8249,0,0.8592578768730164
ACH-000211,84691,1,0.9850589036941528
ACH-000211,85668777,0,0.8023205399513245
ACH-000211,9810884,0,0.9616895318031311
ACH-000211,9813758,0,0.9169387817382812
ACH-000211,9858940,0,0.8833098411560059
ACH-000211,9863776,0,0.8575680255889893
ACH-000211,9868037,1,0.906426727771759
ACH-000211,9874913,1,0.8064114451408386
ACH-000211,9884685,0,0.7877665758132935
ACH-000211,9903786,0,0.9099684953689575
ACH-000211,9910224,0,0.9044049382209778
ACH-000211,9911830,1,0.8593830466270447
ACH-000211,9931953,0,0.7798227667808533
ACH-000211,9938202,0,0.8413709402084351
ACH-000211,9943465,0,0.8686180114746094
ACH-000211,9952773,0,0.8034632802009583
ACH-000211,9956119,0,0.8029665946960449
ACH-000211,9956222,0,0.7727282643318176
ACH-000211,9967941,0,0.8767902255058289
ACH-000212,10027278,0,0.5327910780906677
ACH-000212,10074640,0,0.6311037540435791
ACH-000212,10077147,0,0.7426643967628479
ACH-000212,10096043,0,0.5387359261512756
ACH-000212,10109823,0,0.43091538548469543
ACH-000212,10113978,0,0.11951302736997604
ACH-000212,10127622,0,0.17463001608848572
ACH-000212,10184653,0,0.6824843287467957
ACH-000212,10196499,0,0.219221293926239
ACH-000212,10200390,0,0.5568848848342896
ACH-000212,10341154,0,0.9730318784713745
ACH-000212,10384072,0,0.5767074823379517
ACH-000212,10451420,0,0.8484088778495789
ACH-000212,10459196,0,0.7065747380256653
ACH-000212,104842,0,0.6826213598251343
ACH-000212,11152667,0,0.6573526859283447
ACH-000212,11178236,0,0.9269068241119385
ACH-000212,11282283,0,0.1419178545475006
ACH-000212,11316960,0,0.5450462698936462
ACH-000212,11327430,0,0.4334254562854767
ACH-000212,11338033,0,0.09018922597169876
ACH-000212,11373846,0,0.6511213183403015
ACH-000212,11404337,0,0.7776151895523071
ACH-000212,11433190,0,0.7028353214263916
ACH-000212,11455910,0,0.7781333923339844
ACH-000212,11485656,0,0.7754945158958435
ACH-000212,11493598,0,0.9659621119499207
ACH-000212,11609586,0,0.1891871839761734
ACH-000212,11617559,0,0.5548023581504822
ACH-000212,11624601,0,0.17639365792274475
ACH-000212,11625818,0,0.9412952661514282
ACH-000212,11634725,0,0.4401279389858246
ACH-000212,11640390,0,0.9651857614517212
ACH-000212,11647372,0,0.17957769334316254
ACH-000212,11667893,0,0.6066811084747314
ACH-000212,11707110,0,0.8593996167182922
ACH-000212,11713159,0,0.8897314667701721
ACH-000212,11754511,0,0.5708368420600891
ACH-000212,11960529,0,0.7004423141479492
ACH-000212,11977753,0,0.6729119420051575
ACH-000212,123631,0,0.5063948035240173
ACH-000212,126565,0,0.6792520880699158
ACH-000212,126941,0,0.9878928065299988
ACH-000212,1401,0,0.8605213165283203
ACH-000212,148124,0,0.09025688469409943
ACH-000212,156422,0,0.7020625472068787
ACH-000212,159324,0,0.6746912002563477
ACH-000212,16720766,0,0.732858419418335
ACH-000212,16722836,0,0.6811394095420837
ACH-000212,16725726,0,0.8843572735786438
ACH-000212,16747388,0,0.5244833827018738
ACH-000212,176158,0,0.35510534048080444
ACH-000212,176167,0,0.8395387530326843
ACH-000212,17755052,0,0.6309412717819214
ACH-000212,216326,0,0.6625646352767944
ACH-000212,2314623,0,0.3552621006965637
ACH-000212,23725625,0,0.9575486779212952
ACH-000212,2375,0,0.2340569794178009
ACH-000212,24180719,0,0.15235012769699097
ACH-000212,24756910,0,0.6675375699996948
ACH-000212,24772860,0,0.5736147165298462
ACH-000212,24776445,0,0.06954024732112885
ACH-000212,24785538,0,0.617704451084137
ACH-000212,24826799,0,0.7182295322418213
ACH-000212,24889392,0,0.17859220504760742
ACH-000212,24894414,0,0.8666350841522217
ACH-000212,24951314,0,0.6103693842887878
ACH-000212,24978538,1,0.6731340885162354
ACH-000212,25022668,0,0.4713880121707916
ACH-000212,25102847,0,0.28979969024658203
ACH-000212,25124816,0,0.1351245641708374
ACH-000212,25126798,0,0.9274353981018066
ACH-000212,25167777,0,0.1883917599916458
ACH-000212,25195352,0,0.300072580575943
ACH-000212,25222038,0,0.6893090009689331
ACH-000212,25257557,1,0.6580981612205505
ACH-000212,25262965,0,0.4852762222290039
ACH-000212,2726824,0,0.5114622116088867
ACH-000212,2733526,0,0.4774947166442871
ACH-000212,300471,0,0.500267744064331
ACH-000212,3005532,0,0.24461837112903595
ACH-000212,31703,0,0.14398814737796783
ACH-000212,3218,0,0.9712236523628235
ACH-000212,3385,0,0.9899932742118835
ACH-000212,3463933,0,0.4214581251144409
ACH-000212,36462,0,0.08072669059038162
ACH-000212,3796,0,0.26875829696655273
ACH-000212,4263900,0,0.5898630023002625
ACH-000212,42640,0,0.5606219172477722
ACH-000212,42642645,0,0.5770272612571716
ACH-000212,44137675,0,0.6217372417449951
ACH-000212,44143370,0,0.6092072129249573
ACH-000212,44182295,0,0.6007652878761292
ACH-000212,44224160,0,0.6264036297798157
ACH-000212,44450571,0,0.6079877018928528
ACH-000212,44462760,1,0.6206013560295105
ACH-000212,444795,0,0.6063151359558105
ACH-000212,44551660,0,0.6192640066146851
ACH-000212,44632017,0,0.605358898639679
ACH-000212,446378,0,0.5735742449760437
ACH-000212,447912,0,0.6076542139053345
ACH-000212,448013,0,0.5759502053260803
ACH-000212,44819241,0,0.630486249923706
ACH-000212,46191454,0,0.5817520618438721
ACH-000212,46224516,0,0.6666460037231445
ACH-000212,46883536,1,0.6173385977745056
ACH-000212,46885626,0,0.6199687719345093
ACH-000212,46907787,0,0.576643168926239
ACH-000212,46930998,0,0.6113898158073425
ACH-000212,46931012,0,0.612805962562561
ACH-000212,46943432,0,0.6497509479522705
ACH-000212,49806720,0,0.6040807962417603
ACH-000212,5113032,0,0.6702515482902527
ACH-000212,51371303,0,0.6448103785514832
ACH-000212,5208,0,0.6655306816101074
ACH-000212,521106,0,0.6633196473121643
ACH-000212,5278396,0,0.628630518913269
ACH-000212,5280757,0,0.5760405659675598
ACH-000212,5289247,0,0.6526300311088562
ACH-000212,5311,0,0.6135167479515076
ACH-000212,5311497,0,0.5877208709716797
ACH-000212,5327091,0,0.6171229481697083
ACH-000212,5328940,0,0.6004892587661743
ACH-000212,53302361,0,0.6153050065040588
ACH-000212,5330286,0,0.6087969541549683
ACH-000212,53340664,0,0.6322583556175232
ACH-000212,53394750,0,0.6721230745315552
ACH-000212,5394,0,0.6221349835395813
ACH-000212,5459322,1,0.6011179089546204
ACH-000212,5460769,0,0.5619480609893799
ACH-000212,54676905,0,0.6410101056098938
ACH-000212,54685215,0,0.5790383219718933
ACH-000212,560326,0,0.587323009967804
ACH-000212,56962337,0,0.5755539536476135
ACH-000212,56965967,0,0.6122671365737915
ACH-000212,57339144,0,0.6296809911727905
ACH-000212,5746,0,0.601325273513794
ACH-000212,60750,0,0.6002421379089355
ACH-000212,6253,0,0.6058073043823242
ACH-000212,637858,0,0.6132976412773132
ACH-000212,644241,0,0.663356363773346
ACH-000212,6445533,0,0.6695269346237183
ACH-000212,6445562,0,0.6059228777885437
ACH-000212,6450551,0,0.5902218818664551
ACH-000212,6450816,0,0.6036423444747925
ACH-000212,6505803,0,0.5708454251289368
ACH-000212,65110,0,0.6529640555381775
ACH-000212,66577006,0,0.6455879211425781
ACH-000212,6710780,0,0.5884950160980225
ACH-000212,6753378,0,0.5903749465942383
ACH-000212,6852167,0,0.6009216904640198
ACH-000212,6914657,0,0.5776069164276123
ACH-000212,6918289,0,0.588072657585144
ACH-000212,6918454,0,0.6442016363143921
ACH-000212,6918638,0,0.6047341823577881
ACH-000212,6918848,0,0.6025918126106262
ACH-000212,704473,0,0.6977099776268005
ACH-000212,71271629,0,0.6589657068252563
ACH-000212,82146,0,0.6424956321716309
ACH-000212,8249,0,0.6590601205825806
ACH-000212,84691,0,0.747576117515564
ACH-000212,85668777,0,0.5876891613006592
ACH-000212,9810884,1,0.7119076251983643
ACH-000212,9813758,0,0.693056046962738
ACH-000212,9826528,0,0.58379727602005
ACH-000212,9858940,0,0.6347652673721313
ACH-000212,9863776,0,0.6049365401268005
ACH-000212,9868037,0,0.6546290516853333
ACH-000212,9874913,0,0.6298748254776001
ACH-000212,9884685,0,0.5903582572937012
ACH-000212,9903786,0,0.6674619317054749
ACH-000212,9910224,0,0.6568816304206848
ACH-000212,9911830,0,0.6412570476531982
ACH-000212,9914412,0,0.6165047883987427
ACH-000212,9931953,0,0.5737641453742981
ACH-000212,9938202,0,0.6157797574996948
ACH-000212,9943465,0,0.6134200692176819
ACH-000212,9952773,0,0.6013450026512146
ACH-000212,9956119,0,0.6110557913780212
ACH-000212,9956222,0,0.6002272367477417
ACH-000212,9967941,0,0.6356180310249329
ACH-000231,10027278,0,0.5248910188674927
ACH-000231,10074640,0,0.8563863039016724
ACH-000231,10096043,0,0.5215994715690613
ACH-000231,10109823,0,0.6561687588691711
ACH-000231,10113978,0,0.14870545268058777
ACH-000231,10172943,0,0.5251681208610535
ACH-000231,10196499,0,0.16140176355838776
ACH-000231,10200390,0,0.4983399510383606
ACH-000231,10302451,1,0.3354523777961731
ACH-000231,10390396,0,0.35566040873527527
ACH-000231,10451420,0,0.9286729693412781
ACH-000231,10461815,0,0.4938317835330963
ACH-000231,104842,0,0.7502389550209045
ACH-000231,11178236,1,0.9586275219917297
ACH-000231,11282283,0,0.1282442808151245
ACH-000231,11338033,0,0.2586909532546997
ACH-000231,11364421,0,0.9186118245124817
ACH-000231,11373846,0,0.7591025233268738
ACH-000231,11404337,0,0.8312922716140747
ACH-000231,11455910,0,0.7377176284790039
ACH-000231,11485656,0,0.8750110268592834
ACH-000231,11493598,0,0.9795913696289062
ACH-000231,11609586,0,0.31585246324539185
ACH-000231,11617559,0,0.5382135510444641
ACH-000231,11625818,0,0.9725043773651123
ACH-000231,11626560,0,0.3721688389778137
ACH-000231,11626927,0,0.46056613326072693
ACH-000231,11634725,0,0.45635440945625305
ACH-000231,11640390,0,0.990659773349762
ACH-000231,11647372,0,0.5467594861984253
ACH-000231,11676786,0,0.6549010872840881
ACH-000231,11707110,1,0.9079151749610901
ACH-000231,11713159,0,0.9332815408706665
ACH-000231,11754511,0,0.6361544132232666
ACH-000231,11844351,0,0.8128979206085205
ACH-000231,159324,0,0.6237462759017944
ACH-000231,160355,0,0.774289071559906
ACH-000231,16038120,0,0.32071781158447266
ACH-000231,16095342,0,0.40101736783981323
ACH-000231,16663089,0,0.5224026441574097
ACH-000231,16720766,0,0.8602519035339355
ACH-000231,16722836,0,0.7271019220352173
ACH-000231,16725726,1,0.9521469473838806
ACH-000231,16747388,0,0.6436755657196045
ACH-000231,16760646,0,0.4197717607021332
ACH-000231,176167,0,0.9027360677719116
ACH-000231,176870,0,0.7076857686042786
ACH-000231,20635522,0,0.6009723544120789
ACH-000231,208908,0,0.2429160177707672
ACH-000231,216239,0,0.3534397780895233
ACH-000231,2314623,0,0.34817564487457275
ACH-000231,2375,0,0.23121260106563568
ACH-000231,24756910,0,0.6813117861747742
ACH-000231,24772860,0,0.6341780424118042
ACH-000231,24785538,0,0.714546799659729
ACH-000231,24825971,0,0.65047687292099
ACH-000231,24826799,0,0.7515504360198975
ACH-000231,24889392,0,0.22327595949172974
ACH-000231,24894414,0,0.847017228603363
ACH-000231,24951314,0,0.8558410406112671
ACH-000231,25022668,0,0.447134405374527
ACH-000231,25102847,0,0.27493831515312195
ACH-000231,25124816,0,0.12493499368429184
ACH-000231,25126798,0,0.9882823824882507
ACH-000231,25167777,0,0.4604604244232178
ACH-000231,25195352,0,0.36737874150276184
ACH-000231,25222038,0,0.8588679432868958
ACH-000231,25257557,1,0.6858043670654297
ACH-000231,2726824,0,0.4457303583621979
ACH-000231,2733526,0,0.5156624913215637
ACH-000231,3005532,0,0.24625593423843384
ACH-000231,3062316,1,0.899377167224884
ACH-000231,31703,0,0.3792138993740082
ACH-000231,3218,0,0.9883562922477722
ACH-000231,3385,0,0.9917696714401245
ACH-000231,3463933,0,0.765259325504303
ACH-000231,36314,1,0.33036673069000244
ACH-000231,36462,0,0.19456720352172852
ACH-000231,3796,0,0.23301942646503448
ACH-000231,387447,0,0.7851912379264832
ACH-000231,4261,0,0.6128095388412476
ACH-000231,4263900,0,0.6211506128311157
ACH-000231,42640,0,0.5883800983428955
ACH-000231,42642645,0,0.5965591073036194
ACH-000231,44137675,0,0.6318649053573608
ACH-000231,44143370,0,0.6226410269737244
ACH-000231,44224160,0,0.6644924879074097
ACH-000231,44462760,0,0.6554383635520935
ACH-000231,44551660,0,0.6184174418449402
ACH-000231,44632017,0,0.6366186141967773
ACH-000231,446378,0,0.5828262567520142
ACH-000231,447912,0,0.6414923667907715
ACH-000231,448013,0,0.6023491024971008
ACH-000231,44819241,0,0.6729692816734314
ACH-000231,46191454,0,0.6111209392547607
ACH-000231,46224516,0,0.7383013367652893
ACH-000231,462382,0,0.5648890733718872
ACH-000231,46844147,0,0.6106216311454773
ACH-000231,46883536,0,0.625706672668457
ACH-000231,46885626,0,0.6459580063819885
ACH-000231,46907787,0,0.5842304229736328
ACH-000231,46931012,0,0.6443383693695068
ACH-000231,46943432,0,0.6794916391372681
ACH-000231,49806720,0,0.6364744305610657
ACH-000231,49821040,0,0.5721038579940796
ACH-000231,4993,0,0.6437663435935974
ACH-000231,5113032,0,0.7214930653572083
ACH-000231,51371303,0,0.6802484393119812
ACH-000231,5208,0,0.731644868850708
ACH-000231,521106,0,0.7521985769271851
ACH-000231,5280757,0,0.5885134935379028
ACH-000231,5289247,0,0.6939513683319092
ACH-000231,5291,0,0.6188022494316101
ACH-000231,5311497,0,0.6013208627700806
ACH-000231,5311510,0,0.6427627801895142
ACH-000231,5327091,0,0.6615740060806274
ACH-000231,5329102,0,0.6026452779769897
ACH-000231,53302361,0,0.6216013431549072
ACH-000231,53340664,0,0.6559832692146301
ACH-000231,53394750,0,0.7245602607727051
ACH-000231,5384616,1,0.6364559531211853
ACH-000231,5394,0,0.6733084321022034
ACH-000231,5459322,0,0.647209107875824
ACH-000231,5460769,0,0.5771763920783997
ACH-000231,54676905,0,0.7333622574806213
ACH-000231,54685215,0,0.5933899879455566
ACH-000231,5494449,0,0.7548893094062805
ACH-000231,560326,0,0.6095119714736938
ACH-000231,56962337,0,0.5976107120513916
ACH-000231,56965967,0,0.6225993633270264
ACH-000231,5717801,0,0.5563069581985474
ACH-000231,57339144,0,0.6850661635398865
ACH-000231,5746,0,0.615707278251648
ACH-000231,60750,0,0.6403176188468933
ACH-000231,637858,0,0.6526236534118652
ACH-000231,644215,0,0.6097953915596008
ACH-000231,6445533,0,0.7153148055076599
ACH-000231,6445562,0,0.6024718284606934
ACH-000231,6450816,0,0.6266666054725647
ACH-000231,66577006,0,0.7028497457504272
ACH-000231,6753378,0,0.6000221967697144
ACH-000231,6852167,0,0.6466158628463745
ACH-000231,6914657,0,0.5989442467689514
ACH-000231,6918638,0,0.6256816983222961
ACH-000231,6918848,0,0.6438689231872559
ACH-000231,704473,0,0.7490766048431396
ACH-000231,71271629,0,0.7403039932250977
ACH-000231,7251185,0,0.6888765692710876
ACH-000231,76044,0,0.688450038433075
ACH-000231,82146,0,0.6832846999168396
ACH-000231,8249,0,0.7209697961807251
ACH-000231,85668777,0,0.6207305192947388
ACH-000231,9549184,1,0.6608166694641113
ACH-000231,9810884,1,0.8227167129516602
ACH-000231,9813758,0,0.7126963138580322
ACH-000231,9826308,0,0.6135447025299072
ACH-000231,9858940,0,0.6583962440490723
ACH-000231,9863776,0,0.6320021748542786
ACH-000231,9868037,0,0.6761563420295715
ACH-000231,9874913,0,0.6226679682731628
ACH-000231,9884685,0,0.6270508766174316
ACH-000231,9903786,0,0.7212258577346802
ACH-000231,9907093,1,0.6158218383789062
ACH-000231,9910224,0,0.6784101128578186
ACH-000231,9911830,0,0.6759058833122253
ACH-000231,9931953,0,0.6053389310836792
ACH-000231,9938202,0,0.6502811908721924
ACH-000231,9952773,0,0.6345176100730896
ACH-000231,9956119,0,0.6187829375267029
ACH-000231,9956222,0,0.620529055595398
ACH-000231,9967941,0,0.6667430996894836
ACH-000257,10027278,0,0.4392242133617401
ACH-000257,10074640,1,0.9611082077026367
ACH-000257,10077147,0,0.9744463562965393
ACH-000257,10096043,0,0.7327462434768677
ACH-000257,10109823,0,0.7080520391464233
ACH-000257,10113978,0,0.01699693873524666
ACH-000257,10127622,0,0.0522020198404789
ACH-000257,10172943,0,0.726049542427063
ACH-000257,10184653,0,0.8326921463012695
ACH-000257,10196499,0,0.1866813600063324
ACH-000257,10200390,0,0.830706000328064
ACH-000257,10302451,0,0.45692750811576843
ACH-000257,10341154,0,0.998651921749115
ACH-000257,10384072,0,0.8213042616844177
ACH-000257,10390396,0,0.3378784954547882
ACH-000257,10451420,1,0.6062860488891602
ACH-000257,10459196,0,0.6773410439491272
ACH-000257,10461815,0,0.36928772926330566
ACH-000257,104842,0,0.9450297951698303
ACH-000257,11152667,0,0.7262513637542725
ACH-000257,11178236,0,0.9912403225898743
ACH-000257,11282283,1,0.10997498035430908
ACH-000257,11316960,0,0.8532569408416748
ACH-000257,11327430,0,0.711575448513031
ACH-000257,11338033,0,0.03411256894469261
ACH-000257,11364421,0,0.9193852543830872
ACH-000257,11373846,0,0.36089271306991577
ACH-000257,11404337,0,0.0820731446146965
ACH-000257,11433190,0,0.877955436706543
ACH-000257,11455910,0,0.9042288661003113
ACH-000257,11485656,0,0.656182050704956
ACH-000257,11493598,0,0.9984686970710754
ACH-000257,11609586,0,0.10159534215927124
ACH-000257,11617559,1,0.8085480332374573
ACH-000257,11624601,0,0.27049580216407776
ACH-000257,11625818,1,0.9917639493942261
ACH-000257,11626560,0,0.040789175778627396
ACH-000257,11626927,0,0.5590118765830994
ACH-000257,11634725,0,0.37369993329048157
ACH-000257,11640390,0,0.9941502213478088
ACH-000257,11647372,0,0.018293336033821106
ACH-000257,11667893,0,0.8054553270339966
ACH-000257,11676786,0,0.6538063883781433
ACH-000257,11707110,0,0.9161771535873413
ACH-000257,11713159,0,0.9972614049911499
ACH-000257,11754511,1,0.8544433116912842
ACH-000257,11844351,0,0.9482831954956055
ACH-000257,11960529,0,0.982337236404419
ACH-000257,11977753,0,0.9021366834640503
ACH-000257,123631,0,0.7950287461280823
ACH-000257,126565,0,0.8840157985687256
ACH-000257,126941,1,0.9997923970222473
ACH-000257,1401,0,0.9755380749702454
ACH-000257,148124,0,0.08188284188508987
ACH-000257,156422,0,0.5672571063041687
ACH-000257,159324,0,0.9202353954315186
ACH-000257,160355,1,0.8395004272460938
ACH-000257,16038120,0,0.5469529628753662
ACH-000257,16095342,0,0.24020566046237946
ACH-000257,16663089,0,0.14814011752605438
ACH-000257,16722836,0,0.4304099977016449
ACH-000257,16725726,1,0.8898294568061829
ACH-000257,16747388,0,0.7910647392272949
ACH-000257,16760646,0,0.8297770023345947
ACH-000257,176158,0,0.7802398800849915
ACH-000257,176167,0,0.9784601330757141
ACH-000257,17755052,0,0.8568238615989685
ACH-000257,20635522,0,0.7404911518096924
ACH-000257,208908,0,0.5377517938613892
ACH-000257,216239,0,0.3560785949230194
ACH-000257,216326,0,0.9652818441390991
ACH-000257,2314623,0,0.4269697368144989
ACH-000257,23725625,0,0.7055969834327698
ACH-000257,2375,0,0.11894652992486954
ACH-000257,24180719,0,0.08356433361768723
ACH-000257,24756910,0,0.9334155917167664
ACH-000257,24772860,0,0.860615611076355
ACH-000257,24776445,0,0.038362111896276474
ACH-000257,24785538,0,0.6811326146125793
ACH-000257,24825971,0,0.4912179708480835
ACH-000257,24826799,0,0.7847416996955872
ACH-000257,24889392,1,0.13523679971694946
ACH-000257,24894414,0,0.9984675049781799
ACH-000257,24951314,0,0.18923315405845642
ACH-000257,24978538,1,0.5629897713661194
ACH-000257,25022668,0,0.8253486752510071
ACH-000257,25102847,0,0.5980744361877441
ACH-000257,25124816,0,0.19563060998916626
ACH-000257,25126798,0,0.9690084457397461
ACH-000257,25167777,0,0.17698229849338531
ACH-000257,25195352,0,0.10400407016277313
ACH-000257,25222038,0,0.8247189521789551
ACH-000257,25257557,1,0.8835729360580444
ACH-000257,25262965,0,0.6049770712852478
ACH-000257,2726824,0,0.8391258716583252
ACH-000257,2733526,0,0.8217064738273621
ACH-000257,300471,0,0.5156005024909973
ACH-000257,3005532,0,0.4802885353565216
ACH-000257,3062316,0,0.9731984734535217
ACH-000257,31703,0,0.1490233689546585
ACH-000257,3218,0,0.9747946262359619
ACH-000257,3385,0,0.999919056892395
ACH-000257,3463933,0,0.0855778157711029
ACH-000257,36314,0,0.5236245393753052
ACH-000257,36462,0,0.14000670611858368
ACH-000257,3796,0,0.18905848264694214
ACH-000257,387447,0,0.9565638899803162
ACH-000257,4261,0,0.5953941941261292
ACH-000257,4263900,0,0.5665124654769897
ACH-000257,42640,0,0.5630374550819397
ACH-000257,42642645,0,0.575595498085022
ACH-000257,44137675,0,0.5870344638824463
ACH-000257,44143370,0,0.5826630592346191
ACH-000257,44182295,0,0.601473867893219
ACH-000257,44224160,1,0.5984418988227844
ACH-000257,44450571,0,0.5891838073730469
ACH-000257,44462760,0,0.6379882097244263
ACH-000257,444795,0,0.5926851630210876
ACH-000257,44551660,0,0.6114161014556885
ACH-000257,44632017,0,0.594004213809967
ACH-000257,446378,0,0.5614991784095764
ACH-000257,447912,0,0.6164663434028625
ACH-000257,448013,0,0.5725703835487366
ACH-000257,44819241,1,0.6194817423820496
ACH-000257,46191454,1,0.5856202244758606
ACH-000257,46224516,1,0.6684787273406982
ACH-000257,462382,0,0.5657285451889038
ACH-000257,46844147,0,0.5818629264831543
ACH-000257,46883536,0,0.647284209728241
ACH-000257,46885626,0,0.5874395370483398
ACH-000257,46907787,0,0.5751793384552002
ACH-000257,46930998,0,0.6049991250038147
ACH-000257,46931012,0,0.5798600316047668
ACH-000257,46943432,1,0.6425333619117737
ACH-000257,49806720,0,0.6007770895957947
ACH-000257,49821040,0,0.5631826519966125
ACH-000257,49836027,0,0.5935598611831665
ACH-000257,4993,0,0.6187297701835632
ACH-000257,5113032,1,0.6809589862823486
ACH-000257,51371303,0,0.6482487320899963
ACH-000257,5208,0,0.6257780194282532
ACH-000257,521106,0,0.6533573865890503
ACH-000257,5278396,0,0.6143954992294312
ACH-000257,5280757,0,0.5673481822013855
ACH-000257,5289247,0,0.6353058815002441
ACH-000257,5291,0,0.5941625833511353
ACH-000257,5311,0,0.6254871487617493
ACH-000257,5311497,0,0.5787986516952515
ACH-000257,5311510,0,0.6465048789978027
ACH-000257,5327091,0,0.5898956060409546
ACH-000257,5328940,0,0.5865619778633118
ACH-000257,5329102,0,0.5686116814613342
ACH-000257,53302361,0,0.5835999846458435
ACH-000257,5330286,0,0.6103564500808716
ACH-000257,53340664,0,0.6089271903038025
ACH-000257,53394750,1,0.6564655303955078
ACH-000257,5384616,0,0.5721745491027832
ACH-000257,5394,0,0.6545557379722595
ACH-000257,5459322,0,0.5986699461936951
ACH-000257,5460769,0,0.5516579747200012
ACH-000257,54676905,0,0.5991678833961487
ACH-000257,54685215,0,0.5756710171699524
ACH-000257,5494449,0,0.7107958197593689
ACH-000257,560326,0,0.5823768973350525
ACH-000257,56962337,0,0.5611035227775574
ACH-000257,56965967,0,0.6045702695846558
ACH-000257,5717801,0,0.5608459711074829
ACH-000257,57339144,1,0.6256049275398254
ACH-000257,5746,1,0.5845823287963867
ACH-000257,60750,0,0.5763248205184937
ACH-000257,6253,0,0.5919110178947449
ACH-000257,637858,0,0.6219879984855652
ACH-000257,644215,0,0.5748167037963867
ACH-000257,644241,0,0.6803573369979858
ACH-000257,6445533,0,0.6424723267555237
ACH-000257,6445562,0,0.5750787258148193
ACH-000257,6450551,0,0.5788861513137817
ACH-000257,6450816,0,0.6244025230407715
ACH-000257,6505803,0,0.5623143911361694
ACH-000257,65110,0,0.6669037342071533
ACH-000257,66577006,0,0.6458796858787537
ACH-000257,6710780,0,0.5749229788780212
ACH-000257,6753378,0,0.572658896446228
ACH-000257,6852167,1,0.5984485745429993
ACH-000257,6914657,0,0.5772739052772522
ACH-000257,6918289,0,0.5895206928253174
ACH-000257,6918454,0,0.630023181438446
ACH-000257,6918638,0,0.5993483066558838
ACH-000257,6918848,1,0.6014693975448608
ACH-000257,704473,0,0.6905953884124756
ACH-000257,71271629,0,0.6520546674728394
ACH-000257,7251185,0,0.6552935242652893
ACH-000257,76044,0,0.6015616655349731
ACH-000257,82146,0,0.6450024843215942
ACH-000257,8249,0,0.6258704662322998
ACH-000257,84691,0,0.7641483545303345
ACH-000257,85668777,0,0.5936644673347473
ACH-000257,9549184,0,0.6157608032226562
ACH-000257,9810884,0,0.6701709032058716
ACH-000257,9813758,0,0.6931315064430237
ACH-000257,9826308,0,0.6250123977661133
ACH-000257,9826528,0,0.5793198347091675
ACH-000257,9858940,0,0.6414638757705688
ACH-000257,9863776,0,0.5996876358985901
ACH-000257,9868037,0,0.6645997762680054
ACH-000257,9874913,0,0.5958603024482727
ACH-000257,9884685,1,0.5799075961112976
ACH-000257,9903786,0,0.6479601860046387
ACH-000257,9907093,0,0.5932860374450684
ACH-000257,9910224,0,0.6509197950363159
ACH-000257,9911830,0,0.6390665769577026
ACH-000257,9914412,0,0.6061058640480042
ACH-000257,9931953,0,0.5757929086685181
ACH-000257,9938202,0,0.6139591932296753
ACH-000257,9943465,0,0.609377384185791
ACH-000257,9952773,0,0.6039333939552307
ACH-000257,9956119,0,0.584015429019928
ACH-000257,9956222,0,0.5824180245399475
ACH-000273,10027278,0,0.7107990980148315
ACH-000273,10074640,0,0.9117318987846375
ACH-000273,10077147,0,0.9640939831733704
ACH-000273,10096043,0,0.5908263325691223
ACH-000273,10109823,0,0.8987871408462524
ACH-000273,10113978,0,0.9111438393592834
ACH-000273,10127622,0,0.8252013921737671
ACH-000273,10172943,0,0.8016253113746643
ACH-000273,10184653,0,0.730985701084137
ACH-000273,10196499,0,0.6830523610115051
ACH-000273,10200390,0,0.7244414687156677
ACH-000273,10302451,0,0.7656693458557129
ACH-000273,10341154,0,0.7954028248786926
ACH-000273,10384072,1,0.693889856338501
ACH-000273,10390396,0,0.5739346146583557
ACH-000273,10451420,0,0.7024120688438416
ACH-000273,10459196,0,0.7723522186279297
ACH-000273,10461815,1,0.7017173767089844
ACH-000273,104842,0,0.8535106182098389
ACH-000273,11152667,1,0.7767713665962219
ACH-000273,11178236,0,0.6920126676559448
ACH-000273,11282283,0,0.8546201586723328
ACH-000273,11316960,0,0.8057214021682739
ACH-000273,11327430,0,0.8947394490242004
ACH-000273,11338033,0,0.9658722281455994
ACH-000273,11364421,0,0.8633161187171936
ACH-000273,11373846,0,0.7586575150489807
ACH-000273,11404337,0,0.7109637260437012
ACH-000273,11433190,0,0.8658897280693054
ACH-000273,11455910,0,0.6566426157951355
ACH-000273,11485656,1,0.8493683934211731
ACH-000273,11493598,0,0.7130564451217651
ACH-000273,11609586,0,0.9264620542526245
ACH-000273,11617559,0,0.7789202332496643
ACH-000273,11624601,1,0.9087749719619751
ACH-000273,11625818,0,0.812364935874939
ACH-000273,11626560,1,0.7984492182731628
ACH-000273,11626927,0,0.766144335269928
ACH-000273,11634725,0,0.7105702757835388
ACH-000273,11640390,0,0.7961058616638184
ACH-000273,11647372,0,0.9005602598190308
ACH-000273,11667893,1,0.6583794355392456
ACH-000273,11676786,0,0.817491888999939
ACH-000273,11707110,1,0.7316020727157593
ACH-000273,11713159,0,0.7572855949401855
ACH-000273,11754511,0,0.9256607294082642
ACH-000273,11844351,0,0.7913187146186829
ACH-000273,11960529,0,0.8488155603408813
ACH-000273,11977753,0,0.7326102256774902
ACH-000273,123631,0,0.8170424699783325
ACH-000273,126565,0,0.8914012312889099
ACH-000273,126941,0,0.72281414270401
ACH-000273,1401,0,0.7076634764671326
ACH-000273,148124,1,0.8232401609420776
ACH-000273,156422,0,0.697281002998352
ACH-000273,159324,0,0.6504254341125488
ACH-000273,160355,0,0.7063515782356262
ACH-000273,16038120,1,0.6294323801994324
ACH-000273,16095342,1,0.7991091012954712
ACH-000273,16663089,0,0.8642573356628418
ACH-000273,16720766,0,0.816310703754425
ACH-000273,16722836,0,0.7576817870140076
ACH-000273,16725726,1,0.8001375794410706
ACH-000273,16747388,0,0.8329232335090637
ACH-000273,16760646,0,0.6806536316871643
ACH-000273,176158,1,0.7839142084121704
ACH-000273,176167,0,0.7514567375183105
ACH-000273,176870,0,0.642295241355896
ACH-000273,17755052,0,0.8855221271514893
ACH-000273,20635522,0,0.776215672492981
ACH-000273,208908,0,0.7936013340950012
ACH-000273,216239,0,0.7548152208328247
ACH-000273,216326,0,0.8532728552818298
ACH-000273,2314623,0,0.8608254790306091
ACH-000273,23725625,1,0.8927496671676636
ACH-000273,2375,0,0.8161870241165161
ACH-000273,24180719,0,0.9233644604682922
ACH-000273,24772860,0,0.7269516587257385
ACH-000273,24776445,0,0.9285796284675598
ACH-000273,24785538,0,0.7611094117164612
ACH-000273,24825971,0,0.7550399899482727
ACH-000273,24826799,0,0.6095211505889893
ACH-000273,24889392,0,0.8008300065994263
ACH-000273,24894414,1,0.6943788528442383
ACH-000273,24951314,0,0.8518502116203308
ACH-000273,24978538,0,0.9447717070579529
ACH-000273,25022668,0,0.8330225348472595
ACH-000273,25102847,0,0.8746528029441833
ACH-000273,25124816,0,0.8586011528968811
ACH-000273,25126798,0,0.8316728472709656
ACH-000273,25167777,0,0.9683058857917786
ACH-000273,25195352,0,0.7938005328178406
ACH-000273,25222038,0,0.9076668620109558
ACH-000273,25257557,0,0.8165578842163086
ACH-000273,25262965,0,0.7620392441749573
ACH-000273,2726824,0,0.6259088516235352
ACH-000273,2733526,1,0.7943618297576904
ACH-000273,300471,0,0.5469752550125122
ACH-000273,3005532,0,0.6873424649238586
ACH-000273,3062316,0,0.8307986259460449
ACH-000273,31703,0,0.9271824359893799
ACH-000273,3218,0,0.7962883710861206
ACH-000273,3385,0,0.8113518357276917
ACH-000273,3463933,0,0.9201943874359131
ACH-000273,36314,0,0.7471072673797607
ACH-000273,36462,0,0.9566370844841003
ACH-000273,3796,0,0.7477001547813416
ACH-000273,387447,0,0.8436480164527893
ACH-000273,4261,1,0.5729702711105347
ACH-000273,4263900,0,0.5583785772323608
ACH-000273,42640,0,0.5368043184280396
ACH-000273,42642645,0,0.5547637939453125
ACH-000273,44137675,0,0.5825597643852234
ACH-000273,44143370,0,0.5618016123771667
ACH-000273,44182295,0,0.6022209525108337
ACH-000273,44224160,0,0.5912917256355286
ACH-000273,44450571,1,0.5821388363838196
ACH-000273,44462760,0,0.5918654799461365
ACH-000273,444795,0,0.5543717741966248
ACH-000273,44551660,0,0.5614049434661865
ACH-000273,44632017,0,0.5942304134368896
ACH-000273,446378,0,0.5396255254745483
ACH-000273,447912,0,0.5977416038513184
ACH-000273,448013,0,0.5444473028182983
ACH-000273,44819241,0,0.6291199326515198
ACH-000273,46191454,0,0.56123948097229
ACH-000273,462382,0,0.5348979234695435
ACH-000273,46844147,0,0.5683444142341614
ACH-000273,46883536,0,0.5853983759880066
ACH-000273,46885626,0,0.6062793135643005
ACH-000273,46907787,0,0.5414522290229797
ACH-000273,46930998,0,0.5720442533493042
ACH-000273,46931012,0,0.5890323519706726
ACH-000273,46943432,0,0.626605212688446
ACH-000273,49806720,0,0.5794620513916016
ACH-000273,49821040,0,0.5362785458564758
ACH-000273,49836027,0,0.5682662129402161
ACH-000273,4993,1,0.592369019985199
ACH-000273,5113032,1,0.6631745100021362
ACH-000273,51371303,0,0.6250754594802856
ACH-000273,5208,0,0.6615417003631592
ACH-000273,521106,0,0.6828758120536804
ACH-000273,5278396,0,0.6065009236335754
ACH-000273,5280757,0,0.5446100831031799
ACH-000273,5289247,0,0.6287298798561096
ACH-000273,5291,0,0.5676739811897278
ACH-000273,5311,0,0.5928978323936462
ACH-000273,5311497,0,0.5610089898109436
ACH-000273,5311510,0,0.5882278680801392
ACH-000273,5327091,0,0.6045321822166443
ACH-000273,5328940,0,0.561540424823761
ACH-000273,5329102,0,0.5499653220176697
ACH-000273,53302361,0,0.5708756446838379
ACH-000273,5330286,0,0.5734320878982544
ACH-000273,53340664,0,0.5995067358016968
ACH-000273,53394750,1,0.6505756974220276
ACH-000273,5384616,1,0.5626653432846069
ACH-000273,5394,1,0.631178081035614
ACH-000273,5459322,0,0.5850223302841187
ACH-000273,5460769,0,0.5276707410812378
ACH-000273,54676905,0,0.6486984491348267
ACH-000273,54685215,0,0.5668938159942627
ACH-000273,5494449,0,0.6997096538543701
ACH-000273,560326,0,0.5626420378684998
ACH-000273,56962337,0,0.5464354157447815
ACH-000273,56965967,0,0.5962899923324585
ACH-000273,5717801,0,0.5185700058937073
ACH-000273,57339144,1,0.6297135949134827
ACH-000273,5746,0,0.5569045543670654
ACH-000273,60750,0,0.5838366150856018
ACH-000273,6253,0,0.6212841868400574
ACH-000273,637858,1,0.6157812476158142
ACH-000273,644215,0,0.5612236857414246
ACH-000273,644241,0,0.6343806982040405
ACH-000273,6445533,0,0.6314939260482788
ACH-000273,6445562,0,0.5658751130104065
ACH-000273,6450551,0,0.5559655427932739
ACH-000273,6450816,0,0.5659758448600769
ACH-000273,6505803,0,0.5310055613517761
ACH-000273,65110,0,0.6599783897399902
ACH-000273,66577006,0,0.6163507699966431
ACH-000273,6710780,0,0.5535110235214233
ACH-000273,6753378,0,0.5520731806755066
ACH-000273,6852167,0,0.5795579552650452
ACH-000273,6914657,0,0.5495116114616394
ACH-000273,6918289,0,0.5658610463142395
ACH-000273,6918454,0,0.6299766898155212
ACH-000273,6918638,0,0.5664602518081665
ACH-000273,6918848,0,0.5869249105453491
ACH-000273,704473,1,0.6772915720939636
ACH-000273,71271629,0,0.659587025642395
ACH-000273,7251185,1,0.6304587125778198
ACH-000273,76044,0,0.6128419041633606
ACH-000273,82146,0,0.6246716380119324
ACH-000273,8249,0,0.6253844499588013
ACH-000273,84691,0,0.7858270406723022
ACH-000273,85668777,0,0.5873443484306335
ACH-000273,9549184,0,0.6180572509765625
ACH-000273,9810884,0,0.7420397400856018
ACH-000273,9813758,0,0.6441611647605896
ACH-000273,9826308,0,0.5647439360618591
ACH-000273,9826528,0,0.5814581513404846
ACH-000273,9858940,0,0.6016534566879272
ACH-000273,9863776,0,0.594106912612915
ACH-000273,9868037,0,0.6166811585426331
ACH-000273,9874913,0,0.5729770660400391
ACH-000273,9884685,0,0.5797032117843628
ACH-000273,9903786,0,0.6527361273765564
ACH-000273,9907093,0,0.5742021203041077
ACH-000273,9910224,1,0.6207990050315857
ACH-000273,9911830,1,0.6109751462936401
ACH-000273,9914412,0,0.5796523094177246
ACH-000273,9931953,0,0.5430129766464233
ACH-000273,9938202,0,0.599962592124939
ACH-000273,9943465,0,0.6236497759819031
ACH-000273,9952773,0,0.5827639102935791
ACH-000273,9956119,0,0.5652360916137695
ACH-000273,9956222,0,0.5662434697151184
ACH-000273,9967941,0,0.6059666872024536
ACH-000287,10027278,0,0.9790955781936646
ACH-000287,10074640,0,0.9776005148887634
ACH-000287,10077147,0,0.9975031018257141
ACH-000287,10096043,0,0.8989364504814148
ACH-000287,10109823,0,0.9976118803024292
ACH-000287,10113978,0,0.9996801614761353
ACH-000287,10127622,0,0.9960677623748779
ACH-000287,10172943,0,0.9740239381790161
ACH-000287,10184653,0,0.8057582378387451
ACH-000287,10196499,0,0.9930589199066162
ACH-000287,10200390,0,0.9618414640426636
ACH-000287,10302451,0,0.9899791479110718
ACH-000287,10341154,0,0.5107880234718323
ACH-000287,10384072,0,0.8537010550498962
ACH-000287,10390396,0,0.9075536131858826
ACH-000287,10451420,1,0.8957884907722473
ACH-000287,10459196,1,0.6641573905944824
ACH-000287,10461815,0,0.9789350628852844
ACH-000287,104842,1,0.9743890762329102
ACH-000287,11152667,1,0.9749736785888672
ACH-000287,11178236,0,0.4748231768608093
ACH-000287,11282283,0,0.9986133575439453
ACH-000287,11316960,0,0.9774473905563354
ACH-000287,11327430,1,0.9940542578697205
ACH-000287,11338033,1,0.9999780654907227
ACH-000287,11364421,0,0.9368122816085815
ACH-000287,11373846,0,0.9376870393753052
ACH-000287,11404337,0,0.9601791501045227
ACH-000287,11433190,1,0.9574292302131653
ACH-000287,11455910,0,0.9161414504051208
ACH-000287,11485656,0,0.9775133728981018
ACH-000287,11493598,0,0.43564772605895996
ACH-000287,11609586,1,0.9986897110939026
ACH-000287,11617559,1,0.9841164946556091
ACH-000287,11624601,0,0.9986989498138428
ACH-000287,11625818,1,0.7928345203399658
ACH-000287,11626560,0,0.9954785704612732
ACH-000287,11626927,0,0.9728338122367859
ACH-000287,11634725,0,0.9657654762268066
ACH-000287,11640390,0,0.6818894147872925
ACH-000287,11647372,1,0.9990329742431641
ACH-000287,11667893,0,0.8280685544013977
ACH-000287,11676786,0,0.9676341414451599
ACH-000287,11707110,0,0.7345936298370361
ACH-000287,11713159,0,0.7299399971961975
ACH-000287,11754511,1,0.9987099170684814
ACH-000287,11844351,1,0.8970082998275757
ACH-000287,11960529,0,0.963276207447052
ACH-000287,11977753,0,0.9066243767738342
ACH-000287,123631,0,0.9775390625
ACH-000287,126565,1,0.9942966103553772
ACH-000287,126941,0,0.4305976927280426
ACH-000287,1401,0,0.8859986662864685
ACH-000287,148124,0,0.9992784857749939
ACH-000287,159324,0,0.9201468229293823
ACH-000287,160355,0,0.8358475565910339
ACH-000287,16038120,0,0.9285836219787598
ACH-000287,16095342,0,0.9970959424972534
ACH-000287,16663089,0,0.9943997263908386
ACH-000287,16720766,0,0.9683004021644592
ACH-000287,16722836,1,0.9705888032913208
ACH-000287,16725726,1,0.8596241474151611
ACH-000287,16747388,1,0.9890228509902954
ACH-000287,16760646,0,0.9097689986228943
ACH-000287,176158,0,0.9826967716217041
ACH-000287,176167,0,0.7169087529182434
ACH-000287,176870,0,0.8642639517784119
ACH-000287,17755052,1,0.9964067339897156
ACH-000287,20635522,0,0.9680314064025879
ACH-000287,208908,0,0.9964122176170349
ACH-000287,216239,0,0.9721158146858215
ACH-000287,216326,0,0.9714475274085999
ACH-000287,23725625,1,0.8921387195587158
ACH-000287,2375,1,0.9985358715057373
ACH-000287,24180719,1,0.9998346567153931
ACH-000287,24756910,1,0.85200035572052
ACH-000287,24772860,0,0.8490999341011047
ACH-000287,24776445,1,0.9998935461044312
ACH-000287,24785538,0,0.8468732237815857
ACH-000287,24825971,0,0.9422083497047424
ACH-000287,24826799,1,0.7900298237800598
ACH-000287,24889392,0,0.999106228351593
ACH-000287,24894414,1,0.7659306526184082
ACH-000287,24951314,1,0.9902700185775757
ACH-000287,24978538,1,0.9984481334686279
ACH-000287,25022668,0,0.9891899824142456
ACH-000287,25102847,1,0.9988855719566345
ACH-000287,25124816,0,0.999219536781311
ACH-000287,25126798,1,0.9054656624794006
ACH-000287,25167777,1,0.9998371601104736
ACH-000287,25195352,0,0.9923398494720459
ACH-000287,25222038,0,0.976360559463501
ACH-000287,25257557,1,0.9742266535758972
ACH-000287,25262965,1,0.986352801322937
ACH-000287,2726824,0,0.9104170203208923
ACH-000287,2733526,0,0.9818341135978699
ACH-000287,300471,0,0.8561233282089233
ACH-000287,3005532,0,0.984408438205719
ACH-000287,3062316,1,0.9749667644500732
ACH-000287,31703,0,0.9986555576324463
ACH-000287,3218,1,0.8481668829917908
ACH-000287,3385,1,0.8014901876449585
ACH-000287,3463933,0,0.9994207620620728
ACH-000287,36314,0,0.9481424689292908
ACH-000287,36462,0,0.9998867511749268
ACH-000287,3796,0,0.9874337315559387
ACH-000287,387447,0,0.9543361663818359
ACH-000287,4261,0,0.6569340825080872
ACH-000287,4263900,1,0.6883817911148071
ACH-000287,42640,0,0.6163092851638794
ACH-000287,42642645,0,0.6168147325515747
ACH-000287,44137675,1,0.7766837477684021
ACH-000287,44143370,1,0.722284197807312
ACH-000287,44182295,0,0.7200894951820374
ACH-000287,44224160,1,0.7195256352424622
ACH-000287,44450571,0,0.716969907283783
ACH-000287,44462760,0,0.774369478225708
ACH-000287,444795,1,0.7217304706573486
ACH-000287,44551660,1,0.6993623375892639
ACH-000287,44632017,0,0.7165918350219727
ACH-000287,446378,0,0.6754493117332458
ACH-000287,447912,1,0.7928178906440735
ACH-000287,448013,0,0.6114712953567505
ACH-000287,44819241,0,0.8037967681884766
ACH-000287,46191454,1,0.6334398984909058
ACH-000287,46224516,1,0.8028795123100281
ACH-000287,462382,0,0.5433955788612366
ACH-000287,46844147,0,0.699780285358429
ACH-000287,46883536,1,0.710443913936615
ACH-000287,46885626,1,0.7753269672393799
ACH-000287,46907787,0,0.6512972712516785
ACH-000287,46930998,1,0.7106866836547852
ACH-000287,46931012,1,0.753477931022644
ACH-000287,46943432,1,0.8276024460792542
ACH-000287,49806720,1,0.7494552135467529
ACH-000287,49821040,1,0.6405015587806702
ACH-000287,49836027,0,0.7176246047019958
ACH-000287,4993,0,0.7562976479530334
ACH-000287,5113032,1,0.8065542578697205
ACH-000287,51371303,0,0.825164794921875
ACH-000287,5208,1,0.8084758520126343
ACH-000287,521106,0,0.8204848170280457
ACH-000287,5278396,1,0.776897132396698
ACH-000287,5280757,1,0.6585754752159119
ACH-000287,5289247,0,0.7983637452125549
ACH-000287,5291,0,0.6663938760757446
ACH-000287,5311,1,0.6861997842788696
ACH-000287,5311497,0,0.668052077293396
ACH-000287,5311510,0,0.7596743702888489
ACH-000287,5327091,0,0.7601438164710999
ACH-000287,5328940,0,0.695487916469574
ACH-000287,5329102,0,0.6575340032577515
ACH-000287,53302361,1,0.7645992636680603
ACH-000287,5330286,0,0.7117612361907959
ACH-000287,53340664,1,0.7973060011863708
ACH-000287,53394750,1,0.8719065189361572
ACH-000287,5384616,0,0.6188598275184631
ACH-000287,5394,0,0.752193033695221
ACH-000287,5459322,0,0.7001023888587952
ACH-000287,5460769,0,0.6391923427581787
ACH-000287,54676905,0,0.7789283990859985
ACH-000287,54685215,0,0.6647827625274658
ACH-000287,5494449,0,0.9021776914596558
ACH-000287,560326,0,0.6754105091094971
ACH-000287,56962337,0,0.6656764149665833
ACH-000287,56965967,1,0.7555097937583923
ACH-000287,5717801,0,0.5510206818580627
ACH-000287,57339144,1,0.775078296661377
ACH-000287,5746,0,0.6649339199066162
ACH-000287,60750,1,0.7528830766677856
ACH-000287,6253,1,0.7582150101661682
ACH-000287,637858,0,0.7490578889846802
ACH-000287,644215,0,0.7072681784629822
ACH-000287,644241,0,0.8344714641571045
ACH-000287,6445533,1,0.8060294389724731
ACH-000287,6445562,0,0.7405101656913757
ACH-000287,6450551,0,0.6547041535377502
ACH-000287,6450816,0,0.7323853969573975
ACH-000287,6505803,0,0.6399551033973694
ACH-000287,65110,1,0.7974951863288879
ACH-000287,66577006,1,0.7825455069541931
ACH-000287,6710780,1,0.6691576242446899
ACH-000287,6753378,1,0.6812596917152405
ACH-000287,6852167,1,0.6841220259666443
ACH-000287,6914657,0,0.619800865650177
ACH-000287,6918289,1,0.691436231136322
ACH-000287,6918454,0,0.7776702642440796
ACH-000287,6918638,1,0.7090011835098267
ACH-000287,6918848,1,0.6623460650444031
ACH-000287,704473,1,0.8690527081489563
ACH-000287,71271629,0,0.8199612498283386
ACH-000287,7251185,1,0.7728258967399597
ACH-000287,76044,0,0.6179190278053284
ACH-000287,82146,0,0.8184548616409302
ACH-000287,8249,1,0.7646458148956299
ACH-000287,84691,1,0.9171484112739563
ACH-000287,85668777,0,0.675220787525177
ACH-000287,9549184,1,0.8267520070075989
ACH-000287,9810884,1,0.8963349461555481
ACH-000287,9813758,0,0.8784666657447815
ACH-000287,9826308,0,0.6429020762443542
ACH-000287,9826528,0,0.6602860689163208
ACH-000287,9858940,0,0.7953842282295227
ACH-000287,9863776,0,0.7442576289176941
ACH-000287,9868037,1,0.8331098556518555
ACH-000287,9874913,0,0.7747930884361267
ACH-000287,9884685,1,0.6955429315567017
ACH-000287,9903786,1,0.8058403134346008
ACH-000287,9907093,1,0.7045277953147888
ACH-000287,9910224,0,0.8303928971290588
ACH-000287,9911830,1,0.7409339547157288
ACH-000287,9914412,0,0.7117735147476196
ACH-000287,9931953,0,0.646432638168335
ACH-000287,9943465,0,0.7641539573669434
ACH-000287,9952773,0,0.6940417289733887
ACH-000287,9956119,0,0.758277416229248
ACH-000287,9956222,1,0.6998101472854614
ACH-000287,9967941,0,0.7846416234970093
ACH-000309,10027278,0,0.9408478736877441
ACH-000309,10074640,0,0.8494659662246704
ACH-000309,10077147,0,0.9766426086425781
ACH-000309,10096043,0,0.7167695760726929
ACH-000309,10109823,0,0.714752197265625
ACH-000309,10113978,1,0.5741801857948303
ACH-000309,10127622,1,0.6830955743789673
ACH-000309,10196499,0,0.5896050930023193
ACH-000309,10200390,0,0.8922338485717773
ACH-000309,10384072,1,0.7850223183631897
ACH-000309,10451420,0,0.9758240580558777
ACH-000309,10459196,1,0.8649823069572449
ACH-000309,104842,0,0.8140067458152771
ACH-000309,11178236,0,0.9370456337928772
ACH-000309,11282283,0,0.7978902459144592
ACH-000309,11316960,0,0.8680447936058044
ACH-000309,11327430,0,0.8005496263504028
ACH-000309,11338033,0,0.62599778175354
ACH-000309,11373846,0,0.9534995555877686
ACH-000309,11404337,0,0.9497591257095337
ACH-000309,11433190,0,0.934830904006958
ACH-000309,11455910,0,0.9111962914466858
ACH-000309,11485656,0,0.9228869080543518
ACH-000309,11493598,0,0.9670976400375366
ACH-000309,11609586,0,0.8624787330627441
ACH-000309,11617559,0,0.8553094267845154
ACH-000309,11624601,1,0.6027969717979431
ACH-000309,11625818,0,0.9570184350013733
ACH-000309,11634725,0,0.7979338765144348
ACH-000309,11640390,1,0.9768253564834595
ACH-000309,11647372,0,0.6325989961624146
ACH-000309,11667893,0,0.8304901123046875
ACH-000309,11707110,0,0.9424034357070923
ACH-000309,11713159,0,0.9256031513214111
ACH-000309,11754511,0,0.9491434097290039
ACH-000309,11977753,0,0.8989648818969727
ACH-000309,1401,0,0.9352768063545227
ACH-000309,156422,0,0.8666802048683167
ACH-000309,159324,0,0.8871343731880188
ACH-000309,16720766,0,0.9171035885810852
ACH-000309,16722836,0,0.9352344870567322
ACH-000309,16725726,0,0.9680473804473877
ACH-000309,16747388,0,0.9272059798240662
ACH-000309,176167,0,0.9353965520858765
ACH-000309,17755052,0,0.8262467384338379
ACH-000309,2314623,0,0.8910720944404602
ACH-000309,2375,0,0.8206913471221924
ACH-000309,24180719,0,0.7723844051361084
ACH-000309,24756910,0,0.8831177949905396
ACH-000309,24772860,0,0.8303194642066956
ACH-000309,24785538,1,0.8512505888938904
ACH-000309,24826799,0,0.8801846504211426
ACH-000309,24889392,0,0.6107239723205566
ACH-000309,24894414,0,0.9312169551849365
ACH-000309,24951314,0,0.8775381445884705
ACH-000309,24978538,0,0.9307153224945068
ACH-000309,25022668,0,0.7767658233642578
ACH-000309,25102847,0,0.7558162212371826
ACH-000309,25124816,0,0.6209530234336853
ACH-000309,25126798,0,0.9799047708511353
ACH-000309,25167777,0,0.7529909014701843
ACH-000309,25195352,0,0.7833341360092163
ACH-000309,25222038,0,0.9488003849983215
ACH-000309,25257557,1,0.9576000571250916
ACH-000309,25262965,0,0.7395721673965454
ACH-000309,2726824,0,0.850039005279541
ACH-000309,2733526,0,0.8388434648513794
ACH-000309,3005532,0,0.6481413245201111
ACH-000309,31703,1,0.655856728553772
ACH-000309,3218,0,0.9869695901870728
ACH-000309,3385,0,0.9948086142539978
ACH-000309,3463933,0,0.7870105504989624
ACH-000309,36462,0,0.7890148162841797
ACH-000309,3796,0,0.6872022151947021
ACH-000309,4263900,0,0.7534328103065491
ACH-000309,42640,0,0.6462128162384033
ACH-000309,42642645,0,0.6787893772125244
ACH-000309,44137675,0,0.8101564645767212
ACH-000309,44143370,0,0.7562662363052368
ACH-000309,44182295,0,0.8102020025253296
ACH-000309,44224160,0,0.7891114354133606
ACH-000309,44450571,0,0.8010449409484863
ACH-000309,44462760,0,0.866007387638092
ACH-000309,44551660,0,0.7688396573066711
ACH-000309,44632017,0,0.8042522668838501
ACH-000309,446378,0,0.728394627571106
ACH-000309,447912,0,0.8730456829071045
ACH-000309,448013,0,0.6956310868263245
ACH-000309,44819241,0,0.869805634021759
ACH-000309,46191454,0,0.724524736404419
ACH-000309,46224516,0,0.9142418503761292
ACH-000309,46843772,0,0.786131739616394
ACH-000309,46883536,0,0.828417956829071
ACH-000309,46885626,0,0.8286705017089844
ACH-000309,46907787,0,0.7194318175315857
ACH-000309,46930998,0,0.7779008150100708
ACH-000309,46931012,0,0.7582282423973083
ACH-000309,46943432,0,0.9029858708381653
ACH-000309,49806720,1,0.8255521655082703
ACH-000309,5113032,0,0.9134989380836487
ACH-000309,51371303,0,0.9038847088813782
ACH-000309,5208,0,0.8831589818000793
ACH-000309,521106,0,0.9246653914451599
ACH-000309,5278396,0,0.8418557643890381
ACH-000309,5280757,0,0.7145292162895203
ACH-000309,5289247,0,0.8863643407821655
ACH-000309,5311497,0,0.7302379012107849
ACH-000309,5327091,0,0.8468747735023499
ACH-000309,53302361,0,0.7907341718673706
ACH-000309,5330286,0,0.7981369495391846
ACH-000309,53340664,0,0.8467656373977661
ACH-000309,53394750,0,0.9291651248931885
ACH-000309,5394,0,0.8586575984954834
ACH-000309,5459322,0,0.7871077656745911
ACH-000309,5460769,0,0.6792911291122437
ACH-000309,54676905,1,0.8698752522468567
ACH-000309,54685215,0,0.7253537178039551
ACH-000309,560326,0,0.7727895975112915
ACH-000309,56962337,0,0.7111916542053223
ACH-000309,56965967,0,0.820513129234314
ACH-000309,57339144,0,0.857136607170105
ACH-000309,5746,1,0.7408093214035034
ACH-000309,60750,1,0.8238003849983215
ACH-000309,637858,0,0.8612250089645386
ACH-000309,6445533,0,0.8976826071739197
ACH-000309,6445562,0,0.7525485754013062
ACH-000309,6450816,0,0.8235136866569519
ACH-000309,6505803,0,0.6873501539230347
ACH-000309,66577006,0,0.8744087219238281
ACH-000309,6753378,0,0.7428357601165771
ACH-000309,6852167,0,0.7559096813201904
ACH-000309,6914657,0,0.7007274031639099
ACH-000309,6918638,0,0.7957767248153687
ACH-000309,6918848,0,0.7648616433143616
ACH-000309,704473,0,0.9464138150215149
ACH-000309,71271629,0,0.916020929813385
ACH-000309,82146,0,0.8993400931358337
ACH-000309,8249,0,0.8462343215942383
ACH-000309,85668777,0,0.7762511968612671
ACH-000309,9810884,0,0.956141471862793
ACH-000309,9813758,0,0.9453943371772766
ACH-000309,9826528,0,0.7373910546302795
ACH-000309,9858940,0,0.8688670992851257
ACH-000309,9863776,0,0.8252770900726318
ACH-000309,9868037,0,0.915355384349823
ACH-000309,9874913,0,0.8116072416305542
ACH-000309,9884685,0,0.7320716977119446
ACH-000309,9903786,0,0.8916861414909363
ACH-000309,9910224,0,0.8993650674819946
ACH-000309,9911830,0,0.8395219445228577
ACH-000309,9914412,0,0.7847773432731628
ACH-000309,9931953,0,0.7135864496231079
ACH-000309,9938202,0,0.8368017077445984
ACH-000309,9952773,0,0.7707559466362
ACH-000309,9956119,0,0.7880074381828308
ACH-000309,9956222,0,0.7311378121376038
ACH-000309,9967941,0,0.8511559963226318
ACH-000315,10027278,0,0.8899754881858826
ACH-000315,10074640,0,0.9625483751296997
ACH-000315,10077147,0,0.9931555390357971
ACH-000315,10096043,0,0.8000462651252747
ACH-000315,10109823,0,0.9876329898834229
ACH-000315,10113978,0,0.9913853406906128
ACH-000315,10127622,0,0.9748308062553406
ACH-000315,10172943,0,0.9151840209960938
ACH-000315,10184653,0,0.6911646127700806
ACH-000315,10196499,0,0.9271593689918518
ACH-000315,10200390,0,0.891226589679718
ACH-000315,10302451,0,0.9193317294120789
ACH-000315,10341154,0,0.6792975068092346
ACH-000315,10384072,0,0.7693001627922058
ACH-000315,10390396,0,0.8311925530433655
ACH-000315,10451420,0,0.8820298910140991
ACH-000315,10459196,0,0.7067978382110596
ACH-000315,10461815,0,0.8951027989387512
ACH-000315,104842,0,0.947412371635437
ACH-000315,11152667,0,0.8958786129951477
ACH-000315,11178236,0,0.5476704239845276
ACH-000315,11282283,0,0.9822810888290405
ACH-000315,11316960,0,0.9458447098731995
ACH-000315,11327430,1,0.9793409705162048
ACH-000315,11338033,0,0.9994263648986816
ACH-000315,11364421,0,0.9185980558395386
ACH-000315,11373846,0,0.9020620584487915
ACH-000315,11404337,0,0.9338434934616089
ACH-000315,11433190,0,0.941443681716919
ACH-000315,11455910,0,0.783344566822052
ACH-000315,11485656,0,0.9252092838287354
ACH-000315,11493598,0,0.6137059330940247
ACH-000315,11609586,0,0.9831470847129822
ACH-000315,11617559,0,0.9317265152931213
ACH-000315,11624601,0,0.9890537261962891
ACH-000315,11625818,1,0.8259921669960022
ACH-000315,11626560,0,0.9707896709442139
ACH-000315,11626927,0,0.8882209062576294
ACH-000315,11634725,0,0.8739871382713318
ACH-000315,11640390,0,0.8529516458511353
ACH-000315,11647372,0,0.9913853406906128
ACH-000315,11667893,0,0.754217267036438
ACH-000315,11676786,0,0.9085046052932739
ACH-000315,11707110,0,0.7784556150436401
ACH-000315,11713159,0,0.8187146782875061
ACH-000315,11754511,0,0.9939712882041931
ACH-000315,11844351,0,0.8546680808067322
ACH-000315,11960529,0,0.8967955112457275
ACH-000315,11977753,0,0.7840784192085266
ACH-000315,123631,0,0.9362380504608154
ACH-000315,126565,0,0.9550509452819824
ACH-000315,126941,0,0.6288532614707947
ACH-000315,1401,0,0.8439788818359375
ACH-000315,148124,0,0.9785982966423035
ACH-000315,156422,0,0.8596113920211792
ACH-000315,159324,0,0.7669240832328796
ACH-000315,160355,0,0.7202961444854736
ACH-000315,16038120,0,0.7924407124519348
ACH-000315,16095342,0,0.9601849913597107
ACH-000315,16663089,0,0.9690883159637451
ACH-000315,16720766,0,0.9433906674385071
ACH-000315,16722836,0,0.9287756681442261
ACH-000315,16725726,1,0.8710006475448608
ACH-000315,16747388,0,0.9528846144676208
ACH-000315,16760646,0,0.7993238568305969
ACH-000315,176158,0,0.9200477600097656
ACH-000315,176167,0,0.8144221901893616
ACH-000315,176870,0,0.8287938833236694
ACH-000315,17755052,0,0.9821048378944397
ACH-000315,20635522,0,0.908515214920044
ACH-000315,208908,0,0.9704294800758362
ACH-000315,216239,0,0.864592432975769
ACH-000315,216326,0,0.9308316111564636
ACH-000315,2314623,0,0.9786726236343384
ACH-000315,23725625,0,0.9190161824226379
ACH-000315,2375,0,0.9783098697662354
ACH-000315,24180719,0,0.996357262134552
ACH-000315,24756910,0,0.7890587449073792
ACH-000315,24772860,0,0.8026190996170044
ACH-000315,24776445,0,0.9947001934051514
ACH-000315,24785538,0,0.7600347399711609
ACH-000315,24825971,1,0.8681054711341858
ACH-000315,24826799,0,0.7058263421058655
ACH-000315,24889392,0,0.9844167828559875
ACH-000315,24894414,0,0.8066686987876892
ACH-000315,24951314,0,0.9773090481758118
ACH-000315,24978538,1,0.9954961538314819
ACH-000315,25022668,0,0.9559178352355957
ACH-000315,25102847,0,0.986003041267395
ACH-000315,25124816,0,0.9849026799201965
ACH-000315,25126798,0,0.9311181306838989
ACH-000315,25167777,0,0.9983990788459778
ACH-000315,25195352,0,0.9603546857833862
ACH-000315,25222038,0,0.9420653581619263
ACH-000315,25257557,1,0.9068673253059387
ACH-000315,25262965,1,0.9185436367988586
ACH-000315,2726824,0,0.799670398235321
ACH-000315,2733526,0,0.9264215230941772
ACH-000315,300471,0,0.7133308053016663
ACH-000315,3005532,0,0.9176632165908813
ACH-000315,3062316,1,0.9460797309875488
ACH-000315,31703,0,0.9884699583053589
ACH-000315,3218,0,0.883485734462738
ACH-000315,3385,0,0.8362227082252502
ACH-000315,3463933,0,0.9978931546211243
ACH-000315,36314,0,0.8743714690208435
ACH-000315,36462,0,0.9936442375183105
ACH-000315,3796,0,0.9331487417221069
ACH-000315,387447,0,0.872969388961792
ACH-000315,4261,0,0.6263806819915771
ACH-000315,4263900,0,0.6504858136177063
ACH-000315,42640,1,0.5690009593963623
ACH-000315,42642645,0,0.5827122926712036
ACH-000315,44137675,1,0.7067018747329712
ACH-000315,44143370,0,0.6623263359069824
ACH-000315,44182295,0,0.6524103283882141
ACH-000315,44224160,0,0.6681458950042725
ACH-000315,44450571,0,0.6959973573684692
ACH-000315,44462760,0,0.7037453651428223
ACH-000315,444795,0,0.6547433137893677
ACH-000315,44551660,0,0.642930269241333
ACH-000315,44632017,0,0.6742829084396362
ACH-000315,446378,0,0.6294901967048645
ACH-000315,447912,0,0.7185695767402649
ACH-000315,448013,0,0.5860299468040466
ACH-000315,44819241,0,0.7642033100128174
ACH-000315,46191454,1,0.6123171448707581
ACH-000315,46224516,0,0.7420539855957031
ACH-000315,462382,0,0.5276612639427185
ACH-000315,46844147,0,0.6594927310943604
ACH-000315,46883536,0,0.6550248265266418
ACH-000315,46885626,0,0.7145262956619263
ACH-000315,46907787,0,0.6291758418083191
ACH-000315,46930998,1,0.6668503880500793
ACH-000315,46931012,0,0.6666429042816162
ACH-000315,46943432,1,0.7749367356300354
ACH-000315,49806720,0,0.6738266944885254
ACH-000315,49821040,0,0.5908382534980774
ACH-000315,49836027,0,0.6632363796234131
ACH-000315,4993,0,0.7170321345329285
ACH-000315,5113032,0,0.7530034780502319
ACH-000315,51371303,0,0.7587271928787231
ACH-000315,5208,0,0.7569642066955566
ACH-000315,521106,0,0.7787778377532959
ACH-000315,5278396,1,0.7127770781517029
ACH-000315,5280757,0,0.5993685126304626
ACH-000315,5289247,0,0.7593023180961609
ACH-000315,5291,0,0.6241320371627808
ACH-000315,5311,0,0.6359478831291199
ACH-000315,5311497,0,0.6058633923530579
ACH-000315,5311510,0,0.6918068528175354
ACH-000315,5327091,0,0.7250687479972839
ACH-000315,5328940,0,0.6398225426673889
ACH-000315,5329102,0,0.6351568698883057
ACH-000315,53302361,0,0.7032949328422546
ACH-000315,5330286,0,0.6565280556678772
ACH-000315,53340664,0,0.7338705658912659
ACH-000315,53394750,0,0.7945491075515747
ACH-000315,5384616,1,0.562850296497345
ACH-000315,5394,0,0.6941614747047424
ACH-000315,5459322,0,0.644462525844574
ACH-000315,5460769,0,0.5945931673049927
ACH-000315,54676905,0,0.7232940196990967
ACH-000315,54685215,0,0.6050034165382385
ACH-000315,5494449,0,0.8380370736122131
ACH-000315,560326,0,0.6752215027809143
ACH-000315,56962337,0,0.6152126789093018
ACH-000315,56965967,0,0.6816788911819458
ACH-000315,5717801,0,0.5380760431289673
ACH-000315,57339144,0,0.6980774998664856
ACH-000315,5746,0,0.6261775493621826
ACH-000315,60750,0,0.7138969302177429
ACH-000315,6253,0,0.7033906579017639
ACH-000315,637858,0,0.705210268497467
ACH-000315,644215,0,0.6637357473373413
ACH-000315,644241,0,0.763525128364563
ACH-000315,6445533,0,0.7450957298278809
ACH-000315,6445562,0,0.6659677028656006
ACH-000315,6450551,0,0.6246289610862732
ACH-000315,6450816,0,0.6547577381134033
ACH-000315,6505803,0,0.5903308987617493
ACH-000315,65110,0,0.7084278464317322
ACH-000315,66577006,0,0.7032533288002014
ACH-000315,6710780,0,0.6097097992897034
ACH-000315,6753378,0,0.6554526090621948
ACH-000315,6852167,0,0.6388559341430664
ACH-000315,6914657,0,0.5891573429107666
ACH-000315,6918289,1,0.6308153867721558
ACH-000315,6918454,0,0.7191200852394104
ACH-000315,6918638,0,0.6528538465499878
ACH-000315,6918848,0,0.6091458797454834
ACH-000315,704473,0,0.8033950924873352
ACH-000315,71271629,0,0.75092613697052
ACH-000315,7251185,0,0.7226091623306274
ACH-000315,76044,0,0.5955117344856262
ACH-000315,82146,0,0.7611170411109924
ACH-000315,8249,0,0.7143969535827637
ACH-000315,84691,0,0.874133825302124
ACH-000315,85668777,0,0.6331251859664917
ACH-000315,9549184,0,0.7583045959472656
ACH-000315,9810884,1,0.8326342701911926
ACH-000315,9813758,0,0.8276985287666321
ACH-000315,9826308,0,0.6165831685066223
ACH-000315,9826528,0,0.608799934387207
ACH-000315,9858940,0,0.72943514585495
ACH-000315,9863776,0,0.6910237073898315
ACH-000315,9868037,0,0.7633530497550964
ACH-000315,9874913,0,0.7251378893852234
ACH-000315,9884685,1,0.6312119960784912
ACH-000315,9903786,0,0.7492880821228027
ACH-000315,9907093,1,0.6412225365638733
ACH-000315,9910224,0,0.76439368724823
ACH-000315,9911830,0,0.6754077076911926
ACH-000315,9914412,0,0.6373754739761353
ACH-000315,9931953,0,0.584709644317627
ACH-000315,9938202,0,0.7043130993843079
ACH-000315,9943465,0,0.724585235118866
ACH-000315,9952773,0,0.628483772277832
ACH-000315,9956119,0,0.691044807434082
ACH-000315,9956222,0,0.6387178301811218
ACH-000315,9967941,0,0.7112736105918884
ACH-000320,10027278,1,0.8623084425926208
ACH-000320,10074640,0,0.8462033867835999
ACH-000320,10077147,0,0.9661409854888916
ACH-000320,10096043,1,0.7468663454055786
ACH-000320,10109823,0,0.7241541743278503
ACH-000320,10113978,0,0.45789703726768494
ACH-000320,10127622,1,0.5879093408584595
ACH-000320,10172943,1,0.7775277495384216
ACH-000320,10184653,0,0.838358461856842
ACH-000320,10196499,0,0.6100813150405884
ACH-000320,10200390,1,0.8549788594245911
ACH-000320,10302451,0,0.7013052105903625
ACH-000320,10341154,0,0.9762505888938904
ACH-000320,10384072,0,0.7517098784446716
ACH-000320,10390396,1,0.6358650922775269
ACH-000320,10451420,1,0.9696491956710815
ACH-000320,10459196,1,0.8418469429016113
ACH-000320,10461815,1,0.8451814651489258
ACH-000320,104842,0,0.8438282608985901
ACH-000320,11152667,0,0.888614296913147
ACH-000320,11178236,0,0.9387367367744446
ACH-000320,11282283,0,0.7340683341026306
ACH-000320,11316960,1,0.9109243154525757
ACH-000320,11327430,0,0.837310254573822
ACH-000320,11338033,0,0.6414098143577576
ACH-000320,11364421,1,0.9292333126068115
ACH-000320,11373846,0,0.8982271552085876
ACH-000320,11404337,1,0.9460354447364807
ACH-000320,11433190,0,0.9192282557487488
ACH-000320,11455910,0,0.8490535020828247
ACH-000320,11485656,0,0.9152971506118774
ACH-000320,11493598,1,0.9687041640281677
ACH-000320,11609586,0,0.6458802819252014
ACH-000320,11617559,1,0.835966169834137
ACH-000320,11624601,1,0.547936737537384
ACH-000320,11625818,0,0.9812964797019958
ACH-000320,11626560,1,0.6287862062454224
ACH-000320,11626927,0,0.6906535029411316
ACH-000320,11634725,1,0.7573544383049011
ACH-000320,11640390,0,0.9801384210586548
ACH-000320,11647372,0,0.7068507671356201
ACH-000320,11667893,0,0.7706519365310669
ACH-000320,11676786,1,0.831205427646637
ACH-000320,11707110,1,0.952032744884491
ACH-000320,11713159,0,0.9331001043319702
ACH-000320,11754511,0,0.933415412902832
ACH-000320,11844351,0,0.9098487496376038
ACH-000320,11960529,0,0.8243919610977173
ACH-000320,11977753,0,0.8530377149581909
ACH-000320,123631,0,0.8147217631340027
ACH-000320,126565,0,0.9099426865577698
ACH-000320,126941,0,0.9901290535926819
ACH-000320,1401,0,0.9510249495506287
ACH-000320,148124,1,0.2838296592235565
ACH-000320,156422,0,0.862932026386261
ACH-000320,159324,0,0.8793282508850098
ACH-000320,160355,0,0.8634433746337891
ACH-000320,16038120,1,0.6141390800476074
ACH-000320,16095342,0,0.7532941699028015
ACH-000320,16663089,0,0.5915079116821289
ACH-000320,16720766,0,0.9173600077629089
ACH-000320,16722836,0,0.8994631171226501
ACH-000320,16725726,0,0.9721843004226685
ACH-000320,16747388,1,0.8813945055007935
ACH-000320,16760646,1,0.6087061166763306
ACH-000320,176158,1,0.6760631203651428
ACH-000320,176167,0,0.9253324866294861
ACH-000320,176870,0,0.9233670830726624
ACH-000320,17755052,0,0.7714284062385559
ACH-000320,20635522,1,0.7821634411811829
ACH-000320,208908,0,0.6412091851234436
ACH-000320,216239,0,0.5933502912521362
ACH-000320,216326,0,0.8810100555419922
ACH-000320,2314623,0,0.8326234221458435
ACH-000320,23725625,0,0.9911721348762512
ACH-000320,2375,0,0.7027063965797424
ACH-000320,24180719,0,0.6395316123962402
ACH-000320,24756910,0,0.9118658900260925
ACH-000320,24772860,1,0.7600921392440796
ACH-000320,24776445,1,0.46180930733680725
ACH-000320,24785538,1,0.7741899490356445
ACH-000320,24825971,0,0.7537392377853394
ACH-000320,24826799,0,0.841442346572876
ACH-000320,24889392,0,0.7336522936820984
ACH-000320,24894414,0,0.9519292712211609
ACH-000320,24951314,1,0.9062722325325012
ACH-000320,24978538,0,0.9642744064331055
ACH-000320,25022668,1,0.8196280002593994
ACH-000320,25102847,0,0.6562793254852295
ACH-000320,25124816,0,0.62479567527771
ACH-000320,25126798,0,0.9878124594688416
ACH-000320,25167777,0,0.7259076237678528
ACH-000320,25195352,1,0.6420636773109436
ACH-000320,25222038,0,0.9284369349479675
ACH-000320,25257557,1,0.9399453401565552
ACH-000320,25262965,0,0.7832757830619812
ACH-000320,2726824,0,0.7942155599594116
ACH-000320,2733526,0,0.8428428173065186
ACH-000320,300471,1,0.7052693963050842
ACH-000320,3005532,0,0.6910184025764465
ACH-000320,3062316,1,0.9763739705085754
ACH-000320,31703,1,0.5983909964561462
ACH-000320,3218,0,0.9881375432014465
ACH-000320,3385,1,0.9919000864028931
ACH-000320,3463933,0,0.880458414554596
ACH-000320,36314,1,0.6283293962478638
ACH-000320,36462,0,0.44096630811691284
ACH-000320,3796,0,0.6107537150382996
ACH-000320,387447,0,0.7812028527259827
ACH-000320,4261,0,0.7440275549888611
ACH-000320,4263900,1,0.8143875598907471
ACH-000320,42640,0,0.7258856892585754
ACH-000320,42642645,1,0.7051740288734436
ACH-000320,44137675,0,0.873043417930603
ACH-000320,44143370,0,0.8194885849952698
ACH-000320,44182295,1,0.8220432996749878
ACH-000320,44224160,0,0.8221615552902222
ACH-000320,44450571,1,0.8123326301574707
ACH-000320,44462760,1,0.8622084856033325
ACH-000320,444795,0,0.8207542896270752
ACH-000320,44551660,0,0.7972316145896912
ACH-000320,44632017,1,0.8017984628677368
ACH-000320,446378,1,0.7961293458938599
ACH-000320,447912,0,0.8823293447494507
ACH-000320,448013,1,0.7202515602111816
ACH-000320,44819241,0,0.8847212195396423
ACH-000320,46191454,1,0.7290811538696289
ACH-000320,46224516,0,0.8879647254943848
ACH-000320,462382,0,0.6354929804801941
ACH-000320,46844147,0,0.8023402690887451
ACH-000320,46883536,0,0.7910094857215881
ACH-000320,46885626,0,0.880135178565979
ACH-000320,46907787,0,0.7523849010467529
ACH-000320,46930998,0,0.7821870446205139
ACH-000320,46931012,0,0.8580434918403625
ACH-000320,46943432,0,0.8978422284126282
ACH-000320,49806720,0,0.8537918925285339
ACH-000320,49821040,0,0.7466726899147034
ACH-000320,49836027,0,0.8067938089370728
ACH-000320,4993,1,0.8295640349388123
ACH-000320,5113032,1,0.8786489367485046
ACH-000320,51371303,0,0.9040098190307617
ACH-000320,5208,0,0.8836867809295654
ACH-000320,521106,0,0.8953227996826172
ACH-000320,5278396,0,0.8708430528640747
ACH-000320,5280757,1,0.7824349403381348
ACH-000320,5289247,1,0.8792404532432556
ACH-000320,5291,0,0.7537211775779724
ACH-000320,5311,0,0.7982113361358643
ACH-000320,5311497,0,0.7817737460136414
ACH-000320,5311510,0,0.8552780151367188
ACH-000320,5327091,1,0.8604208827018738
ACH-000320,5328940,0,0.7900169491767883
ACH-000320,5329102,0,0.7500839829444885
ACH-000320,53302361,0,0.8512200713157654
ACH-000320,5330286,0,0.815078616142273
ACH-000320,53340664,0,0.876148521900177
ACH-000320,53394750,1,0.9356136322021484
ACH-000320,5394,0,0.8287104368209839
ACH-000320,5459322,0,0.8003949522972107
ACH-000320,5460769,0,0.753178596496582
ACH-000320,54676905,0,0.8676886558532715
ACH-000320,54685215,0,0.7688632011413574
ACH-000320,5494449,1,0.9574300646781921
ACH-000320,560326,0,0.7854482531547546
ACH-000320,56962337,0,0.7745240330696106
ACH-000320,56965967,0,0.8526414632797241
ACH-000320,5717801,0,0.6463262438774109
ACH-000320,57339144,1,0.8674758672714233
ACH-000320,5746,1,0.7751372456550598
ACH-000320,60750,1,0.8609904646873474
ACH-000320,6253,0,0.8694831132888794
ACH-000320,637858,0,0.8518037796020508
ACH-000320,644215,1,0.8011621236801147
ACH-000320,644241,0,0.9058347940444946
ACH-000320,6445533,0,0.8972201943397522
ACH-000320,6445562,0,0.8382603526115417
ACH-000320,6450551,0,0.7632529735565186
ACH-000320,6450816,0,0.8381677865982056
ACH-000320,6505803,0,0.7636619210243225
ACH-000320,65110,0,0.8877887725830078
ACH-000320,66577006,0,0.8765885829925537
ACH-000320,6710780,1,0.7783046364784241
ACH-000320,6753378,0,0.7746191620826721
ACH-000320,6852167,0,0.7738143801689148
ACH-000320,6914657,0,0.712913990020752
ACH-000320,6918289,0,0.8133547902107239
ACH-000320,6918454,1,0.8552150130271912
ACH-000320,6918638,0,0.8185796737670898
ACH-000320,6918848,0,0.7689505815505981
ACH-000320,704473,1,0.9388773441314697
ACH-000320,71271629,0,0.9072483777999878
ACH-000320,7251185,0,0.872041642665863
ACH-000320,76044,0,0.7095101475715637
ACH-000320,82146,1,0.8978000283241272
ACH-000320,8249,0,0.8515069484710693
ACH-000320,84691,1,0.9611989259719849
ACH-000320,85668777,0,0.7728939652442932
ACH-000320,9549184,1,0.9057968258857727
ACH-000320,9810884,1,0.9471858143806458
ACH-000320,9813758,1,0.9319816827774048
ACH-000320,9826308,1,0.7298163175582886
ACH-000320,9826528,1,0.7644131779670715
ACH-000320,9858940,0,0.8798880577087402
ACH-000320,9863776,1,0.8495349287986755
ACH-000320,9868037,0,0.9092744588851929
ACH-000320,9874913,0,0.872257649898529
ACH-000320,9884685,0,0.7952125668525696
ACH-000320,9903786,0,0.8898278474807739
ACH-000320,9907093,0,0.816246747970581
ACH-000320,9910224,0,0.9037468433380127
ACH-000320,9911830,0,0.8326074481010437
ACH-000320,9914412,0,0.8207486867904663
ACH-000320,9931953,0,0.771111249923706
ACH-000320,9938202,0,0.8546717166900635
ACH-000320,9943465,0,0.8518102169036865
ACH-000320,9952773,0,0.7945765852928162
ACH-000320,9956119,0,0.8516318798065186
ACH-000320,9956222,0,0.8015070557594299
ACH-000320,9967941,0,0.8682008385658264
ACH-000326,10027278,0,0.8720402121543884
ACH-000326,10074640,1,0.9096718430519104
ACH-000326,10077147,0,0.9863414168357849
ACH-000326,10096043,0,0.8206255435943604
ACH-000326,10109823,0,0.8798256516456604
ACH-000326,10113978,0,0.9664063453674316
ACH-000326,10127622,0,0.742119312286377
ACH-000326,10184653,0,0.896835446357727
ACH-000326,10196499,0,0.726276695728302
ACH-000326,10200390,0,0.8877196311950684
ACH-000326,10302451,0,0.8811848163604736
ACH-000326,10341154,1,0.9401132464408875
ACH-000326,10384072,0,0.8477871417999268
ACH-000326,10451420,1,0.9749129414558411
ACH-000326,10459196,1,0.9180863499641418
ACH-000326,10461815,0,0.9456213712692261
ACH-000326,104842,0,0.8943958282470703
ACH-000326,11152667,1,0.9190627932548523
ACH-000326,11178236,0,0.932332456111908
ACH-000326,11282283,0,0.8592368364334106
ACH-000326,11316960,0,0.9510868787765503
ACH-000326,11327430,0,0.9155740141868591
ACH-000326,11338033,0,0.9476936459541321
ACH-000326,11373846,0,0.9572736620903015
ACH-000326,11404337,0,0.9766991138458252
ACH-000326,11433190,0,0.9036878347396851
ACH-000326,11455910,0,0.8384450078010559
ACH-000326,11485656,0,0.9630966186523438
ACH-000326,11493598,1,0.9026768207550049
ACH-000326,11609586,1,0.8558951616287231
ACH-000326,11617559,0,0.887307345867157
ACH-000326,11624601,0,0.8751991391181946
ACH-000326,11625818,0,0.9766278266906738
ACH-000326,11626560,0,0.8644806146621704
ACH-000326,11626927,0,0.8198140859603882
ACH-000326,11634725,1,0.7883605360984802
ACH-000326,11640390,0,0.9487179517745972
ACH-000326,11647372,0,0.9073150157928467
ACH-000326,11667893,0,0.8322597146034241
ACH-000326,11676786,1,0.8422406911849976
ACH-000326,11707110,1,0.9554724097251892
ACH-000326,11713159,0,0.8851749897003174
ACH-000326,11754511,0,0.9715787768363953
ACH-000326,11960529,1,0.8942147493362427
ACH-000326,11977753,0,0.8679032921791077
ACH-000326,123631,1,0.9064716100692749
ACH-000326,126565,0,0.9669198393821716
ACH-000326,126941,1,0.9600908160209656
ACH-000326,1401,1,0.9583097100257874
ACH-000326,148124,0,0.7844835519790649
ACH-000326,156422,1,0.9229143857955933
ACH-000326,159324,0,0.8520335555076599
ACH-000326,160355,0,0.9503648281097412
ACH-000326,16038120,0,0.6894528269767761
ACH-000326,16095342,0,0.9512068033218384
ACH-000326,16720766,0,0.8829799294471741
ACH-000326,16722836,0,0.9456655979156494
ACH-000326,16725726,0,0.9628645777702332
ACH-000326,16747388,1,0.8804837465286255
ACH-000326,176158,0,0.8537878394126892
ACH-000326,176167,0,0.869766354560852
ACH-000326,176870,0,0.9356478452682495
ACH-000326,17755052,0,0.9496459364891052
ACH-000326,208908,0,0.8499333262443542
ACH-000326,216239,0,0.7185651063919067
ACH-000326,216326,1,0.9577001929283142
ACH-000326,2314623,1,0.8850356936454773
ACH-000326,23725625,1,0.9946150183677673
ACH-000326,2375,0,0.8464738726615906
ACH-000326,24180719,0,0.9563310742378235
ACH-000326,24756910,0,0.9037941694259644
ACH-000326,24772860,0,0.8088376522064209
ACH-000326,24776445,1,0.9177964329719543
ACH-000326,24785538,0,0.8899076581001282
ACH-000326,24826799,1,0.8357239365577698
ACH-000326,24889392,0,0.8829036355018616
ACH-000326,24894414,0,0.8871849775314331
ACH-000326,24951314,0,0.9374401569366455
ACH-000326,24978538,1,0.9501416683197021
ACH-000326,25022668,0,0.905796468257904
ACH-000326,25102847,1,0.8286842107772827
ACH-000326,25124816,0,0.8895548582077026
ACH-000326,25126798,0,0.9675698280334473
ACH-000326,25167777,0,0.9530293345451355
ACH-000326,25195352,0,0.6853606104850769
ACH-000326,25222038,0,0.9730231761932373
ACH-000326,25257557,1,0.9755268692970276
ACH-000326,25262965,1,0.8895938992500305
ACH-000326,2726824,0,0.7829475402832031
ACH-000326,2733526,0,0.9347718358039856
ACH-000326,300471,0,0.6853686571121216
ACH-000326,3005532,0,0.7627788186073303
ACH-000326,31703,0,0.8308293223381042
ACH-000326,3218,0,0.9918145537376404
ACH-000326,3385,0,0.9741186499595642
ACH-000326,3463933,0,0.928063154220581
ACH-000326,36462,0,0.8519333004951477
ACH-000326,3796,0,0.7973796725273132
ACH-000326,387447,0,0.9496580958366394
ACH-000326,4261,0,0.709843099117279
ACH-000326,4263900,0,0.8274286389350891
ACH-000326,42640,0,0.758154034614563
ACH-000326,42642645,1,0.7218643426895142
ACH-000326,44137675,0,0.8795876502990723
ACH-000326,44143370,0,0.8529585599899292
ACH-000326,44182295,1,0.8365800380706787
ACH-000326,44224160,0,0.8253366947174072
ACH-000326,44450571,0,0.8083603382110596
ACH-000326,44462760,1,0.8542590737342834
ACH-000326,444795,1,0.8174113035202026
ACH-000326,44551660,0,0.8018247485160828
ACH-000326,44632017,0,0.776441216468811
ACH-000326,446378,0,0.7907484769821167
ACH-000326,447912,0,0.8506425619125366
ACH-000326,448013,0,0.7136855721473694
ACH-000326,44819241,0,0.9058459401130676
ACH-000326,46191454,0,0.7503621578216553
ACH-000326,46224516,0,0.894019365310669
ACH-000326,462382,0,0.6031537652015686
ACH-000326,46843772,0,0.7836343050003052
ACH-000326,46844147,0,0.7902617454528809
ACH-000326,46883536,0,0.784173846244812
ACH-000326,46885626,1,0.8879143595695496
ACH-000326,46907787,0,0.7620866894721985
ACH-000326,46930998,0,0.7699621915817261
ACH-000326,46931012,1,0.8984149098396301
ACH-000326,46943432,1,0.8821029663085938
ACH-000326,49806720,0,0.8480233550071716
ACH-000326,4993,0,0.8170385956764221
ACH-000326,5113032,0,0.881843090057373
ACH-000326,51371303,1,0.8818612098693848
ACH-000326,5208,0,0.9126573801040649
ACH-000326,521106,0,0.8852653503417969
ACH-000326,5278396,0,0.8689071536064148
ACH-000326,5280757,0,0.8005211353302002
ACH-000326,5289247,1,0.8979389071464539
ACH-000326,5291,1,0.7644655108451843
ACH-000326,5311,0,0.7653921246528625
ACH-000326,5311497,0,0.7822205424308777
ACH-000326,5327091,0,0.839216947555542
ACH-000326,5328940,1,0.8217907547950745
ACH-000326,53302361,1,0.863348126411438
ACH-000326,5330286,1,0.8229614496231079
ACH-000326,53340664,1,0.8812872767448425
ACH-000326,53394750,1,0.9312929511070251
ACH-000326,5394,0,0.8517573475837708
ACH-000326,5459322,0,0.8285618424415588
ACH-000326,5460769,0,0.7704926133155823
ACH-000326,54676905,0,0.8580496311187744
ACH-000326,54685215,0,0.7552266716957092
ACH-000326,560326,0,0.7875671982765198
ACH-000326,56962337,0,0.7705926299095154
ACH-000326,56965967,1,0.8516734838485718
ACH-000326,5717801,0,0.6203082203865051
ACH-000326,57339144,0,0.8880784511566162
ACH-000326,5746,0,0.7739219665527344
ACH-000326,60750,0,0.8436630368232727
ACH-000326,6253,1,0.8770452737808228
ACH-000326,637858,0,0.832968533039093
ACH-000326,644241,1,0.8866322636604309
ACH-000326,6445533,0,0.901777446269989
ACH-000326,6445562,0,0.8606349229812622
ACH-000326,6450551,1,0.7458992004394531
ACH-000326,6450816,0,0.8397036790847778
ACH-000326,6505803,0,0.7654847502708435
ACH-000326,65110,1,0.8856698870658875
ACH-000326,66577006,0,0.8880188465118408
ACH-000326,6710780,0,0.7968120574951172
ACH-000326,6753378,0,0.7804110050201416
ACH-000326,6852167,0,0.8324471116065979
ACH-000326,6914657,0,0.7061683535575867
ACH-000326,6918289,1,0.8057940602302551
ACH-000326,6918454,1,0.8792402744293213
ACH-000326,6918638,0,0.8269866108894348
ACH-000326,6918848,0,0.7696022987365723
ACH-000326,704473,1,0.9365348219871521
ACH-000326,71271629,0,0.9077017307281494
ACH-000326,7251185,0,0.8312638998031616
ACH-000326,82146,0,0.8803282976150513
ACH-000326,8249,0,0.8590361475944519
ACH-000326,84691,0,0.9534583687782288
ACH-000326,85668777,0,0.7492928504943848
ACH-000326,9810884,1,0.9539386034011841
ACH-000326,9813758,1,0.9335151314735413
ACH-000326,9826528,1,0.8010915517807007
ACH-000326,9858940,1,0.8829154372215271
ACH-000326,9863776,0,0.865529477596283
ACH-000326,9868037,1,0.8900560140609741
ACH-000326,9874913,0,0.8792399764060974
ACH-000326,9884685,0,0.8117309808731079
ACH-000326,9903786,1,0.8991721272468567
ACH-000326,9907093,0,0.8249865174293518
ACH-000326,9910224,0,0.9118149280548096
ACH-000326,9911830,1,0.8520721197128296
ACH-000326,9914412,0,0.830642819404602
ACH-000326,9931953,0,0.7912905216217041
ACH-000326,9938202,0,0.8461247086524963
ACH-000326,9943465,0,0.8642094731330872
ACH-000326,9952773,0,0.7987545132637024
ACH-000326,9956119,0,0.8707447052001953
ACH-000326,9956222,0,0.8309375643730164
ACH-000326,9967941,0,0.8895012736320496
ACH-000330,10027278,0,0.6180070042610168
ACH-000330,10074640,0,0.7565874457359314
ACH-000330,10109823,0,0.568146288394928
ACH-000330,10113978,1,0.04726957529783249
ACH-000330,10184653,0,0.7501505017280579
ACH-000330,10196499,1,0.287138432264328
ACH-000330,10200390,0,0.6458525657653809
ACH-000330,10341154,0,0.9938888549804688
ACH-000330,10451420,0,0.8310962915420532
ACH-000330,104842,0,0.8664451837539673
ACH-000330,11152667,0,0.6848498582839966
ACH-000330,11178236,0,0.9788963198661804
ACH-000330,11282283,0,0.14412403106689453
ACH-000330,11338033,0,0.051919810473918915
ACH-000330,11373846,0,0.6260780096054077
ACH-000330,11404337,0,0.4197659492492676
ACH-000330,11455910,0,0.8880046606063843
ACH-000330,11485656,0,0.7945688962936401
ACH-000330,11493598,0,0.9911667704582214
ACH-000330,11609586,0,0.2060050070285797
ACH-000330,11617559,0,0.7218142747879028
ACH-000330,11625818,0,0.9826768040657043
ACH-000330,11634725,0,0.505933403968811
ACH-000330,11640390,0,0.9862610697746277
ACH-000330,11647372,0,0.18249469995498657
ACH-000330,11707110,0,0.8900765180587769
ACH-000330,11754511,0,0.7231916189193726
ACH-000330,11960529,0,0.9196898341178894
ACH-000330,123631,0,0.6539636254310608
ACH-000330,126565,0,0.8109716176986694
ACH-000330,126941,0,0.9977589845657349
ACH-000330,148124,0,0.051390424370765686
ACH-000330,159324,0,0.8321509957313538
ACH-000330,16720766,0,0.8871278166770935
ACH-000330,16722836,0,0.6923940181732178
ACH-000330,16725726,1,0.9173714518547058
ACH-000330,16747388,0,0.7087430357933044
ACH-000330,176158,0,0.5739800333976746
ACH-000330,176167,1,0.8867557048797607
ACH-000330,216326,0,0.7703546285629272
ACH-000330,2314623,0,0.3672788143157959
ACH-000330,23725625,0,0.9452039003372192
ACH-000330,2375,0,0.2843729555606842
ACH-000330,24756910,0,0.7368223071098328
ACH-000330,24772860,0,0.6513774394989014
ACH-000330,24776445,0,0.06491280347108841
ACH-000330,24785538,0,0.6742691397666931
ACH-000330,24826799,0,0.7787722945213318
ACH-000330,24889392,0,0.20040594041347504
ACH-000330,24894414,0,0.9590830206871033
ACH-000330,24951314,0,0.4494042694568634
ACH-000330,25022668,0,0.5447835922241211
ACH-000330,25102847,0,0.4190625548362732
ACH-000330,25124816,0,0.11150038242340088
ACH-000330,25126798,0,0.9749211668968201
ACH-000330,25167777,0,0.19948899745941162
ACH-000330,25195352,0,0.2254713624715805
ACH-000330,25222038,0,0.6818710565567017
ACH-000330,25257557,0,0.8015860915184021
ACH-000330,2726824,0,0.6551402807235718
ACH-000330,2733526,0,0.5616708993911743
ACH-000330,300471,0,0.48624706268310547
ACH-000330,3005532,0,0.37277016043663025
ACH-000330,31703,0,0.1651509702205658
ACH-000330,3218,0,0.983618438243866
ACH-000330,3385,0,0.9983616471290588
ACH-000330,3463933,0,0.3217858076095581
ACH-000330,36462,0,0.10155250132083893
ACH-000330,3796,0,0.19897012412548065
ACH-000330,4263900,0,0.5847173929214478
ACH-000330,42640,0,0.5947659015655518
ACH-000330,42642645,0,0.6014267802238464
ACH-000330,44137675,0,0.6162161231040955
ACH-000330,44143370,0,0.603428065776825
ACH-000330,44224160,0,0.6211466789245605
ACH-000330,44462760,0,0.670068621635437
ACH-000330,444795,0,0.6251221895217896
ACH-000330,44551660,0,0.617354154586792
ACH-000330,44632017,0,0.6145256161689758
ACH-000330,447912,0,0.6436533331871033
ACH-000330,448013,0,0.5757082104682922
ACH-000330,44819241,0,0.6994614005088806
ACH-000330,46191454,0,0.6147194504737854
ACH-000330,46224516,0,0.6865206956863403
ACH-000330,46883536,0,0.687459409236908
ACH-000330,46885626,0,0.642067015171051
ACH-000330,46907787,0,0.5980833172798157
ACH-000330,46931012,0,0.6394764184951782
ACH-000330,46943432,0,0.682931125164032
ACH-000330,49806720,0,0.6135496497154236
ACH-000330,5113032,0,0.7417333126068115
ACH-000330,51371303,0,0.6780251860618591
ACH-000330,5208,0,0.6782585382461548
ACH-000330,521106,0,0.6937892436981201
ACH-000330,5280757,1,0.5837361216545105
ACH-000330,5289247,0,0.6783000230789185
ACH-000330,5311,0,0.6215307712554932
ACH-000330,5311497,0,0.6010929346084595
ACH-000330,5327091,0,0.6101077198982239
ACH-000330,5328940,0,0.6135470271110535
ACH-000330,53302361,0,0.6060359477996826
ACH-000330,53340664,0,0.6346850395202637
ACH-000330,53394750,1,0.7008563280105591
ACH-000330,5394,0,0.7346537113189697
ACH-000330,5459322,0,0.6312863826751709
ACH-000330,5460769,1,0.5560348033905029
ACH-000330,54676905,0,0.6144853830337524
ACH-000330,54685215,0,0.6075944304466248
ACH-000330,560326,0,0.6145542860031128
ACH-000330,56962337,0,0.5691713690757751
ACH-000330,56965967,0,0.6523551940917969
ACH-000330,57339144,0,0.681075394153595
ACH-000330,5746,0,0.5827382206916809
ACH-000330,60750,0,0.6003053188323975
ACH-000330,6253,0,0.6500357985496521
ACH-000330,637858,0,0.6674782633781433
ACH-000330,644241,0,0.6944054365158081
ACH-000330,6445533,0,0.6308963298797607
ACH-000330,6445562,0,0.6116078495979309
ACH-000330,6450551,0,0.5895438194274902
ACH-000330,6450816,0,0.6515731811523438
ACH-000330,65110,1,0.6841105222702026
ACH-000330,66577006,0,0.68030846118927
ACH-000330,6710780,0,0.592979371547699
ACH-000330,6753378,0,0.5822992920875549
ACH-000330,6852167,0,0.6294236183166504
ACH-000330,6914657,0,0.5836547613143921
ACH-000330,6918289,0,0.6091061234474182
ACH-000330,6918454,0,0.6674888730049133
ACH-000330,6918638,0,0.5999977588653564
ACH-000330,6918848,0,0.6168435215950012
ACH-000330,704473,0,0.7181252837181091
ACH-000330,71271629,0,0.6985529661178589
ACH-000330,82146,0,0.6878902316093445
ACH-000330,8249,0,0.655227541923523
ACH-000330,84691,0,0.8088647127151489
ACH-000330,85668777,0,0.6237302422523499
ACH-000330,9810884,0,0.719365656375885
ACH-000330,9813758,0,0.7213802337646484
ACH-000330,9858940,0,0.6952207684516907
ACH-000330,9863776,0,0.6458262801170349
ACH-000330,9868037,0,0.6851691603660583
ACH-000330,9874913,0,0.622137188911438
ACH-000330,9884685,0,0.624769389629364
ACH-000330,9903786,0,0.7024040818214417
ACH-000330,9910224,0,0.698638379573822
ACH-000330,9911830,0,0.6680598258972168
ACH-000330,9931953,0,0.5884395241737366
ACH-000330,9938202,0,0.6479370594024658
ACH-000330,9943465,0,0.6640671491622925
ACH-000330,9952773,0,0.628577470779419
ACH-000330,9956119,1,0.6058979630470276
ACH-000330,9956222,0,0.6158292293548584
ACH-000330,9967941,1,0.7056620121002197
ACH-000345,10172943,0,0.8351938128471375
ACH-000345,10302451,0,0.7136948704719543
ACH-000345,10390396,0,0.5786747336387634
ACH-000345,10461815,0,0.8567702174186707
ACH-000345,11364421,0,0.9330106377601624
ACH-000345,11626560,1,0.6069470047950745
ACH-000345,11844351,0,0.8988128900527954
ACH-000345,16038120,0,0.5966135859489441
ACH-000345,16663089,0,0.7207875847816467
ACH-000345,16760646,0,0.629421055316925
ACH-000345,20635522,0,0.6915888786315918
ACH-000345,24825971,0,0.8089244365692139
ACH-000345,3062316,0,0.9609684944152832
ACH-000345,36314,0,0.6780170202255249
ACH-000345,49821040,0,0.6958516836166382
ACH-000345,49836027,0,0.754519522190094
ACH-000345,5291,1,0.677236020565033
ACH-000345,5311510,0,0.7527815699577332
ACH-000345,5329102,0,0.6835244297981262
ACH-000345,5384616,0,0.6452342867851257
ACH-000345,5494449,0,0.9225627779960632
ACH-000345,644215,0,0.7106768488883972
ACH-000345,76044,0,0.7129361629486084
ACH-000345,9549184,0,0.826551616191864
ACH-000345,9826308,0,0.6896989941596985
ACH-000348,10027278,0,0.3623958230018616
ACH-000348,10074640,0,0.5318955183029175
ACH-000348,10077147,0,0.6346321105957031
ACH-000348,10096043,1,0.5250005722045898
ACH-000348,10109823,0,0.3465310037136078
ACH-000348,10113978,0,0.05417203530669212
ACH-000348,10127622,0,0.08924946933984756
ACH-000348,10184653,0,0.5642086267471313
ACH-000348,10196499,0,0.21487204730510712
ACH-000348,10200390,0,0.5712139010429382
ACH-000348,10384072,0,0.5254502892494202
ACH-000348,10451420,0,0.6923550367355347
ACH-000348,10459196,0,0.55902498960495
ACH-000348,104842,0,0.6805193424224854
ACH-000348,11152667,0,0.49063554406166077
ACH-000348,11178236,0,0.8770849704742432
ACH-000348,11282283,0,0.15525412559509277
ACH-000348,11316960,0,0.5378334522247314
ACH-000348,11327430,0,0.3711903989315033
ACH-000348,11338033,0,0.055276304483413696
ACH-000348,11373846,1,0.4526813328266144
ACH-000348,11404337,0,0.4258767366409302
ACH-000348,11433190,0,0.6203592419624329
ACH-000348,11455910,0,0.706085741519928
ACH-000348,11485656,1,0.4631801247596741
ACH-000348,11493598,0,0.9434321522712708
ACH-000348,11609586,0,0.14804519712924957
ACH-000348,11617559,0,0.47640830278396606
ACH-000348,11624601,0,0.15582463145256042
ACH-000348,11625818,1,0.8887791633605957
ACH-000348,11634725,0,0.3877478241920471
ACH-000348,11640390,0,0.8802326917648315
ACH-000348,11647372,0,0.10972128063440323
ACH-000348,11667893,0,0.5502715706825256
ACH-000348,11713159,0,0.8831421732902527
ACH-000348,11754511,0,0.3966010808944702
ACH-000348,11960529,0,0.6405375003814697
ACH-000348,11977753,0,0.6315056085586548
ACH-000348,123631,0,0.48205646872520447
ACH-000348,126565,0,0.5448441505432129
ACH-000348,126941,0,0.9640797972679138
ACH-000348,1401,0,0.7641161680221558
ACH-000348,148124,1,0.11058784276247025
ACH-000348,156422,0,0.4910365343093872
ACH-000348,159324,0,0.685928463935852
ACH-000348,16722836,0,0.3715091347694397
ACH-000348,16725726,1,0.765216052532196
ACH-000348,16747388,0,0.4436120092868805
ACH-000348,176158,1,0.4119325280189514
ACH-000348,176167,0,0.7649256587028503
ACH-000348,17755052,0,0.6087938547134399
ACH-000348,216326,0,0.7432611584663391
ACH-000348,2314623,0,0.28969427943229675
ACH-000348,23725625,0,0.7587406635284424
ACH-000348,2375,0,0.17870965600013733
ACH-000348,24180719,1,0.11499796062707901
ACH-000348,24756910,0,0.6740984320640564
ACH-000348,24772860,0,0.5211561322212219
ACH-000348,24776445,0,0.0784018263220787
ACH-000348,24785538,0,0.4416739344596863
ACH-000348,24826799,0,0.6302922964096069
ACH-000348,24889392,1,0.1658862680196762
ACH-000348,24894414,0,0.895305871963501
ACH-000348,24951314,0,0.3334250748157501
ACH-000348,24978538,0,0.3287639915943146
ACH-000348,25022668,0,0.4176224172115326
ACH-000348,25102847,0,0.17527656257152557
ACH-000348,25124816,0,0.1482914388179779
ACH-000348,25126798,0,0.9486184120178223
ACH-000348,25167777,0,0.1331334263086319
ACH-000348,25195352,0,0.11809922754764557
ACH-000348,25222038,0,0.40676847100257874
ACH-000348,25257557,1,0.6016345620155334
ACH-000348,25262965,0,0.42422330379486084
ACH-000348,2726824,0,0.5284614562988281
ACH-000348,2733526,0,0.4905394911766052
ACH-000348,300471,0,0.5272675156593323
ACH-000348,3005532,0,0.3196592628955841
ACH-000348,31703,0,0.13323673605918884
ACH-000348,3218,0,0.8835158348083496
ACH-000348,3385,0,0.975338876247406
ACH-000348,3463933,0,0.24250464141368866
ACH-000348,36462,0,0.08621024340391159
ACH-000348,3796,0,0.19798144698143005
ACH-000348,4263900,1,0.569662868976593
ACH-000348,42640,0,0.5537461042404175
ACH-000348,42642645,0,0.5694528222084045
ACH-000348,44137675,0,0.5878149271011353
ACH-000348,44143370,0,0.5795422792434692
ACH-000348,44182295,1,0.6004594564437866
ACH-000348,44224160,0,0.6026014685630798
ACH-000348,44450571,0,0.5869815349578857
ACH-000348,444795,0,0.5816947817802429
ACH-000348,44551660,0,0.5865458250045776
ACH-000348,446378,0,0.5539020895957947
ACH-000348,447912,0,0.6003828644752502
ACH-000348,448013,0,0.5632094144821167
ACH-000348,44819241,0,0.6191958785057068
ACH-000348,46191454,0,0.5775983929634094
ACH-000348,46224516,0,0.6484258770942688
ACH-000348,46843772,0,0.5850309133529663
ACH-000348,46883536,0,0.6238452792167664
ACH-000348,46885626,0,0.6012839674949646
ACH-000348,46907787,0,0.5629599094390869
ACH-000348,46930998,0,0.588947594165802
ACH-000348,46931012,0,0.5901315808296204
ACH-000348,46943432,0,0.6311981081962585
ACH-000348,49806720,0,0.5879056453704834
ACH-000348,5113032,0,0.6715239882469177
ACH-000348,51371303,0,0.6220494508743286
ACH-000348,5208,1,0.64567631483078
ACH-000348,521106,0,0.6519953012466431
ACH-000348,5278396,0,0.6069929003715515
ACH-000348,5280757,1,0.563673198223114
ACH-000348,5289247,0,0.6329718232154846
ACH-000348,5311,0,0.6019276976585388
ACH-000348,5311497,0,0.5764029026031494
ACH-000348,5327091,0,0.5940138101577759
ACH-000348,5328940,0,0.5803156495094299
ACH-000348,53302361,0,0.5776254534721375
ACH-000348,5330286,0,0.5949327945709229
ACH-000348,53340664,0,0.5973929166793823
ACH-000348,53394750,1,0.6562027931213379
ACH-000348,5459322,0,0.5985603928565979
ACH-000348,5460769,0,0.5448744893074036
ACH-000348,54676905,0,0.6249364614486694
ACH-000348,54685215,1,0.573628306388855
ACH-000348,560326,0,0.5730167627334595
ACH-000348,56965967,0,0.602540135383606
ACH-000348,5746,0,0.571963906288147
ACH-000348,60750,0,0.5780524611473083
ACH-000348,6253,0,0.5981920957565308
ACH-000348,637858,1,0.6108054518699646
ACH-000348,644241,0,0.6425293684005737
ACH-000348,6445533,0,0.6215755939483643
ACH-000348,6445562,0,0.5774447321891785
ACH-000348,6450551,0,0.5704951882362366
ACH-000348,6450816,0,0.6033291816711426
ACH-000348,6505803,1,0.5512257814407349
ACH-000348,65110,0,0.6478350758552551
ACH-000348,66577006,0,0.6407838463783264
ACH-000348,6710780,0,0.571439266204834
ACH-000348,6753378,0,0.5641619563102722
ACH-000348,6852167,0,0.5861197710037231
ACH-000348,6918289,1,0.5824872851371765
ACH-000348,6918454,0,0.6313312649726868
ACH-000348,6918848,0,0.5918692350387573
ACH-000348,704473,0,0.6634377837181091
ACH-000348,71271629,0,0.660065233707428
ACH-000348,82146,0,0.627849280834198
ACH-000348,8249,1,0.6366949081420898
ACH-000348,84691,0,0.7498818635940552
ACH-000348,9810884,1,0.6887979507446289
ACH-000348,9813758,0,0.6574210524559021
ACH-000348,9826528,0,0.5828112363815308
ACH-000348,9858940,0,0.6267361044883728
ACH-000348,9868037,0,0.6316037178039551
ACH-000348,9874913,0,0.5824150443077087
ACH-000348,9884685,0,0.5770933628082275
ACH-000348,9903786,0,0.6525963544845581
ACH-000348,9910224,0,0.640407383441925
ACH-000348,9911830,0,0.6263856291770935
ACH-000348,9914412,0,0.587347686290741
ACH-000348,9931953,0,0.5667291879653931
ACH-000348,9938202,0,0.5958827137947083
ACH-000348,9943465,0,0.6096318364143372
ACH-000348,9952773,0,0.586529016494751
ACH-000348,9956119,1,0.5781946778297424
ACH-000348,9956222,0,0.5765681266784668
ACH-000348,9967941,0,0.6291630864143372
ACH-000352,10027278,0,0.6329046487808228
ACH-000352,10074640,0,0.6655926704406738
ACH-000352,10077147,0,0.7788869142532349
ACH-000352,10096043,0,0.6286846399307251
ACH-000352,10109823,0,0.6091551184654236
ACH-000352,10113978,0,0.3237041234970093
ACH-000352,10127622,0,0.27112510800361633
ACH-000352,10184653,0,0.6963056921958923
ACH-000352,10196499,0,0.5098784565925598
ACH-000352,10200390,0,0.6548199653625488
ACH-000352,10341154,0,0.898052990436554
ACH-000352,10384072,0,0.6447161436080933
ACH-000352,10451420,0,0.7326409816741943
ACH-000352,10459196,0,0.6585689783096313
ACH-000352,104842,0,0.7350497841835022
ACH-000352,11152667,0,0.6011214852333069
ACH-000352,11178236,0,0.8517044186592102
ACH-000352,11282283,0,0.4073120653629303
ACH-000352,11316960,0,0.6684475541114807
ACH-000352,11327430,0,0.5722949504852295
ACH-000352,11338033,0,0.3147028684616089
ACH-000352,11373846,0,0.6464159488677979
ACH-000352,11404337,0,0.6128474473953247
ACH-000352,11433190,0,0.7196741104125977
ACH-000352,11455910,0,0.7732607126235962
ACH-000352,11485656,0,0.6561513543128967
ACH-000352,11493598,0,0.8834744691848755
ACH-000352,11609586,0,0.4127798080444336
ACH-000352,11617559,0,0.7258216142654419
ACH-000352,11624601,0,0.42885249853134155
ACH-000352,11625818,0,0.8751656413078308
ACH-000352,11634725,0,0.5790533423423767
ACH-000352,11640390,0,0.8104410767555237
ACH-000352,11647372,0,0.43653973937034607
ACH-000352,11667893,0,0.5981523990631104
ACH-000352,11707110,0,0.7668370008468628
ACH-000352,11754511,0,0.6977527141571045
ACH-000352,11960529,0,0.7728230953216553
ACH-000352,11977753,0,0.7547606229782104
ACH-000352,123631,0,0.7310905456542969
ACH-000352,126565,0,0.757518470287323
ACH-000352,126941,0,0.92795729637146
ACH-000352,1401,0,0.7780480980873108
ACH-000352,148124,0,0.35849231481552124
ACH-000352,156422,0,0.6978941559791565
ACH-000352,159324,0,0.6906130909919739
ACH-000352,16720766,1,0.6648232340812683
ACH-000352,16722836,0,0.6075271964073181
ACH-000352,16725726,0,0.8504062294960022
ACH-000352,16747388,0,0.5609679222106934
ACH-000352,176158,0,0.6286998987197876
ACH-000352,176167,0,0.7254510521888733
ACH-000352,17755052,0,0.6474050879478455
ACH-000352,216326,0,0.7805226445198059
ACH-000352,2314623,0,0.4845646023750305
ACH-000352,23725625,0,0.6656709313392639
ACH-000352,2375,0,0.4765098989009857
ACH-000352,24180719,0,0.4585171639919281
ACH-000352,24756910,0,0.6451205015182495
ACH-000352,24772860,0,0.5790095925331116
ACH-000352,24776445,0,0.3295833468437195
ACH-000352,24785538,0,0.6524460911750793
ACH-000352,24826799,0,0.6166926622390747
ACH-000352,24889392,1,0.4128796458244324
ACH-000352,24894414,0,0.8585671186447144
ACH-000352,24951314,0,0.4672423303127289
ACH-000352,24978538,0,0.5487107634544373
ACH-000352,25022668,0,0.6071597337722778
ACH-000352,25102847,0,0.4661767780780792
ACH-000352,25124816,0,0.34648028016090393
ACH-000352,25126798,0,0.8972015976905823
ACH-000352,25167777,0,0.4522586762905121
ACH-000352,25195352,0,0.3885483145713806
ACH-000352,25222038,0,0.6308677792549133
ACH-000352,25257557,0,0.8124282956123352
ACH-000352,25262965,0,0.6160394549369812
ACH-000352,2726824,0,0.593428373336792
ACH-000352,2733526,0,0.6543499231338501
ACH-000352,300471,0,0.5121960043907166
ACH-000352,3005532,0,0.5464463829994202
ACH-000352,31703,0,0.37669292092323303
ACH-000352,3218,0,0.9072297215461731
ACH-000352,3385,0,0.946445882320404
ACH-000352,3463933,0,0.38691771030426025
ACH-000352,36462,0,0.41754278540611267
ACH-000352,3796,0,0.4336782395839691
ACH-000352,4263900,0,0.5741184949874878
ACH-000352,42640,0,0.5599673986434937
ACH-000352,42642645,0,0.5730694532394409
ACH-000352,44137675,0,0.6236070990562439
ACH-000352,44143370,0,0.6104337573051453
ACH-000352,44182295,0,0.593665599822998
ACH-000352,44224160,0,0.621559202671051
ACH-000352,44450571,0,0.603445827960968
ACH-000352,44462760,0,0.6489898562431335
ACH-000352,444795,1,0.6298099756240845
ACH-000352,44551660,0,0.6256105303764343
ACH-000352,44632017,0,0.5900201797485352
ACH-000352,446378,0,0.5597456693649292
ACH-000352,447912,0,0.6125546097755432
ACH-000352,448013,0,0.5564053058624268
ACH-000352,44819241,0,0.660453736782074
ACH-000352,46191454,0,0.581574022769928
ACH-000352,46224516,0,0.6633927822113037
ACH-000352,46843772,0,0.5945500135421753
ACH-000352,46883536,0,0.6625779867172241
ACH-000352,46885626,0,0.626448929309845
ACH-000352,46907787,0,0.5782310962677002
ACH-000352,46930998,0,0.6199343204498291
ACH-000352,46931012,0,0.6269655227661133
ACH-000352,46943432,0,0.671031653881073
ACH-000352,49806720,0,0.5969310998916626
ACH-000352,5113032,0,0.711696207523346
ACH-000352,51371303,0,0.6573283672332764
ACH-000352,5208,0,0.6646410822868347
ACH-000352,521106,0,0.6488606333732605
ACH-000352,5278396,0,0.6421024203300476
ACH-000352,5280757,0,0.5686666965484619
ACH-000352,5289247,0,0.6675989627838135
ACH-000352,5311,1,0.5965309143066406
ACH-000352,5311497,0,0.5846241116523743
ACH-000352,5327091,0,0.5930444598197937
ACH-000352,5328940,0,0.6063219308853149
ACH-000352,53302361,0,0.6144774556159973
ACH-000352,5330286,0,0.618072509765625
ACH-000352,53340664,0,0.632784903049469
ACH-000352,53394750,0,0.697719395160675
ACH-000352,5394,0,0.67473965883255
ACH-000352,5459322,0,0.6037144064903259
ACH-000352,5460769,0,0.541378378868103
ACH-000352,54676905,0,0.5956322550773621
ACH-000352,54685215,0,0.5761825442314148
ACH-000352,560326,0,0.5856890678405762
ACH-000352,56962337,0,0.5543079972267151
ACH-000352,56965967,0,0.6306948661804199
ACH-000352,57339144,0,0.6460217833518982
ACH-000352,5746,0,0.5831467509269714
ACH-000352,60750,0,0.5805822014808655
ACH-000352,6253,0,0.5946813821792603
ACH-000352,637858,0,0.6211978197097778
ACH-000352,644241,0,0.6817792654037476
ACH-000352,6445533,1,0.6424880623817444
ACH-000352,6445562,0,0.6154287457466125
ACH-000352,6450551,0,0.5773799419403076
ACH-000352,6450816,0,0.633039116859436
ACH-000352,6505803,0,0.557188868522644
ACH-000352,65110,0,0.6436315774917603
ACH-000352,66577006,0,0.6693766713142395
ACH-000352,6710780,0,0.5836350917816162
ACH-000352,6753378,0,0.576255738735199
ACH-000352,6852167,0,0.5999011993408203
ACH-000352,6914657,0,0.5618799924850464
ACH-000352,6918289,0,0.5855533480644226
ACH-000352,6918454,0,0.6509262919425964
ACH-000352,6918638,0,0.5924628376960754
ACH-000352,6918848,0,0.5885699391365051
ACH-000352,704473,0,0.7085556983947754
ACH-000352,71271629,0,0.6708804965019226
ACH-000352,82146,0,0.6644405722618103
ACH-000352,8249,0,0.6609815359115601
ACH-000352,84691,0,0.7557865977287292
ACH-000352,85668777,0,0.5785242319107056
ACH-000352,9810884,0,0.6879450678825378
ACH-000352,9813758,0,0.7293007373809814
ACH-000352,9826528,0,0.5703533291816711
ACH-000352,9858940,0,0.6795529723167419
ACH-000352,9863776,0,0.6141886115074158
ACH-000352,9868037,0,0.6791731119155884
ACH-000352,9874913,0,0.6383696794509888
ACH-000352,9884685,0,0.5902760028839111
ACH-000352,9903786,0,0.6879495978355408
ACH-000352,9910224,0,0.6961402893066406
ACH-000352,9911830,0,0.6566545963287354
ACH-000352,9914412,0,0.6077538132667542
ACH-000352,9931953,0,0.5666161775588989
ACH-000352,9938202,0,0.6196920871734619
ACH-000352,9943465,0,0.6164823770523071
ACH-000352,9952773,0,0.5988437533378601
ACH-000352,9956119,0,0.6134436726570129
ACH-000352,9956222,0,0.6041619181632996
ACH-000352,9967941,0,0.6849971413612366
ACH-000360,10077147,0,0.9467587471008301
ACH-000360,10127622,1,0.480503112077713
ACH-000360,10184653,1,0.8383983373641968
ACH-000360,10341154,1,0.9838578104972839
ACH-000360,10384072,0,0.6335745453834534
ACH-000360,10459196,0,0.8503209352493286
ACH-000360,104842,0,0.6971654295921326
ACH-000360,11152667,0,0.7966115474700928
ACH-000360,11316960,0,0.6980347037315369
ACH-000360,11327430,0,0.6275148987770081
ACH-000360,11433190,0,0.8134560585021973
ACH-000360,11455910,0,0.7836132645606995
ACH-000360,11609586,0,0.5615906119346619
ACH-000360,11624601,0,0.38379770517349243
ACH-000360,11667893,0,0.6154620051383972
ACH-000360,11707110,0,0.8971540927886963
ACH-000360,11960529,0,0.7963013648986816
ACH-000360,11977753,0,0.7785105109214783
ACH-000360,123631,1,0.622411847114563
ACH-000360,126565,0,0.8531487584114075
ACH-000360,126941,0,0.9845512509346008
ACH-000360,1401,0,0.9061064720153809
ACH-000360,148124,0,0.1983189582824707
ACH-000360,156422,0,0.7168604135513306
ACH-000360,16720766,0,0.8719441890716553
ACH-000360,176158,0,0.4597697854042053
ACH-000360,17755052,1,0.7917228937149048
ACH-000360,216326,0,0.7893902659416199
ACH-000360,2314623,0,0.6120603680610657
ACH-000360,23725625,0,0.9818074703216553
ACH-000360,24180719,1,0.514298677444458
ACH-000360,24776445,0,0.23439130187034607
ACH-000360,24978538,1,0.9098314046859741
ACH-000360,25262965,0,0.5295398831367493
ACH-000360,2726824,0,0.6388490796089172
ACH-000360,2733526,0,0.6139221787452698
ACH-000360,300471,0,0.5158693194389343
ACH-000360,44182295,1,0.6631205081939697
ACH-000360,44450571,0,0.6313437819480896
ACH-000360,44462760,0,0.6951503157615662
ACH-000360,444795,1,0.6225531101226807
ACH-000360,44632017,0,0.657170832157135
ACH-000360,44819241,0,0.677401065826416
ACH-000360,46843772,0,0.6288454532623291
ACH-000360,46930998,0,0.6485860347747803
ACH-000360,51371303,0,0.7291696667671204
ACH-000360,5278396,0,0.6727277040481567
ACH-000360,5311,0,0.6697026491165161
ACH-000360,5327091,0,0.6633166074752808
ACH-000360,5328940,0,0.6216044425964355
ACH-000360,5330286,0,0.646763026714325
ACH-000360,5394,0,0.6926383972167969
ACH-000360,54685215,0,0.6121718287467957
ACH-000360,56962337,0,0.6029847264289856
ACH-000360,57339144,0,0.6914111375808716
ACH-000360,6253,0,0.6602146625518799
ACH-000360,637858,0,0.6733735203742981
ACH-000360,644241,0,0.7602332830429077
ACH-000360,6450551,0,0.6054148077964783
ACH-000360,6505803,0,0.5828894376754761
ACH-000360,65110,0,0.7551417350769043
ACH-000360,6710780,0,0.6067295074462891
ACH-000360,6914657,0,0.6025248169898987
ACH-000360,6918289,0,0.626595139503479
ACH-000360,6918454,0,0.7014835476875305
ACH-000360,71271629,0,0.7359236478805542
ACH-000360,84691,0,0.871846616268158
ACH-000360,85668777,0,0.6371535658836365
ACH-000360,9826528,0,0.6214179396629333
ACH-000360,9858940,0,0.6903653740882874
ACH-000360,9863776,0,0.6467608213424683
ACH-000360,9914412,0,0.6517578959465027
ACH-000360,9931953,0,0.600678563117981
ACH-000360,9938202,0,0.6796910762786865
ACH-000360,9943465,0,0.6747386455535889
ACH-000362,10027278,0,0.9730937480926514
ACH-000362,10074640,1,0.9721637964248657
ACH-000362,10077147,1,0.9993185997009277
ACH-000362,10096043,0,0.9242330193519592
ACH-000362,10109823,0,0.9876700639724731
ACH-000362,10113978,1,0.9986379742622375
ACH-000362,10127622,0,0.9878700375556946
ACH-000362,10172943,1,0.9659550786018372
ACH-000362,10184653,0,0.922369658946991
ACH-000362,10196499,0,0.9657233357429504
ACH-000362,10200390,1,0.9785159826278687
ACH-000362,10302451,1,0.9696277976036072
ACH-000362,10341154,0,0.969180703163147
ACH-000362,10384072,0,0.9034227132797241
ACH-000362,10390396,1,0.920950174331665
ACH-000362,10451420,1,0.9953698515892029
ACH-000362,10459196,0,0.951219379901886
ACH-000362,10461815,1,0.9937638640403748
ACH-000362,104842,0,0.9705797433853149
ACH-000362,11152667,1,0.9888558983802795
ACH-000362,11178236,0,0.876700222492218
ACH-000362,11282283,1,0.9932981133460999
ACH-000362,11316960,0,0.9959207773208618
ACH-000362,11327430,0,0.9901677370071411
ACH-000362,11338033,1,0.9993877410888672
ACH-000362,11364421,0,0.9899336695671082
ACH-000362,11373846,1,0.9928764700889587
ACH-000362,11404337,0,0.997384250164032
ACH-000362,11433190,1,0.9910544753074646
ACH-000362,11455910,0,0.9025880098342896
ACH-000362,11485656,1,0.9923508763313293
ACH-000362,11493598,1,0.9040369987487793
ACH-000362,11609586,1,0.9939416646957397
ACH-000362,11617559,0,0.9437867403030396
ACH-000362,11624601,0,0.987274169921875
ACH-000362,11625818,1,0.9909562468528748
ACH-000362,11626560,1,0.9919577836990356
ACH-000362,11626927,1,0.9495837092399597
ACH-000362,11634725,1,0.9544827342033386
ACH-000362,11640390,0,0.9760185480117798
ACH-000362,11647372,1,0.9969580173492432
ACH-000362,11667893,1,0.9251453876495361
ACH-000362,11676786,1,0.9792649745941162
ACH-000362,11707110,1,0.9838557839393616
ACH-000362,11713159,1,0.9374455809593201
ACH-000362,11754511,1,0.9992725253105164
ACH-000362,11844351,0,0.9816869497299194
ACH-000362,11960529,0,0.9519298076629639
ACH-000362,11977753,0,0.9436275959014893
ACH-000362,123631,0,0.9605200886726379
ACH-000362,126565,1,0.996584415435791
ACH-000362,126941,1,0.9227443337440491
ACH-000362,1401,0,0.9799949526786804
ACH-000362,148124,0,0.9833106994628906
ACH-000362,156422,0,0.9701064229011536
ACH-000362,159324,0,0.9677780270576477
ACH-000362,160355,1,0.9625526666641235
ACH-000362,16038120,1,0.8588390946388245
ACH-000362,16095342,1,0.9896016716957092
ACH-000362,16663089,0,0.9734476208686829
ACH-000362,16722836,1,0.9900825619697571
ACH-000362,16725726,1,0.9878103733062744
ACH-000362,16747388,1,0.9916952252388
ACH-000362,16760646,0,0.8326113224029541
ACH-000362,176158,0,0.958767294883728
ACH-000362,176167,1,0.9410868287086487
ACH-000362,176870,1,0.9674870371818542
ACH-000362,17755052,0,0.9827281832695007
ACH-000362,20635522,1,0.9747501015663147
ACH-000362,208908,0,0.9757478833198547
ACH-000362,216239,1,0.9650474190711975
ACH-000362,216326,1,0.9894728064537048
ACH-000362,2314623,0,0.99435955286026
ACH-000362,23725625,0,0.9998089671134949
ACH-000362,2375,0,0.9958795309066772
ACH-000362,24180719,0,0.9989159107208252
ACH-000362,24756910,0,0.9742169380187988
ACH-000362,24772860,1,0.9011831283569336
ACH-000362,24776445,0,0.9981297850608826
ACH-000362,24785538,0,0.9231061339378357
ACH-000362,24825971,0,0.9480804204940796
ACH-000362,24826799,1,0.9453021287918091
ACH-000362,24889392,1,0.9972742199897766
ACH-000362,24894414,1,0.9161573648452759
ACH-000362,24951314,0,0.998313307762146
ACH-000362,24978538,1,0.9994062185287476
ACH-000362,25022668,1,0.9833225011825562
ACH-000362,25102847,1,0.9847739934921265
ACH-000362,25124816,0,0.9963296055793762
ACH-000362,25126798,1,0.9955515265464783
ACH-000362,25167777,1,0.9985055923461914
ACH-000362,25195352,0,0.9734968543052673
ACH-000362,25222038,0,0.99333655834198
ACH-000362,25257557,1,0.9959856867790222
ACH-000362,25262965,1,0.9758453965187073
ACH-000362,2726824,0,0.9184265732765198
ACH-000362,2733526,0,0.9887286424636841
ACH-000362,300471,0,0.8967660665512085
ACH-000362,3005532,0,0.9584973454475403
ACH-000362,3062316,1,0.9946475625038147
ACH-000362,31703,0,0.993122398853302
ACH-000362,3218,0,0.9951449036598206
ACH-000362,3385,1,0.9901183247566223
ACH-000362,3463933,0,0.9994088411331177
ACH-000362,36314,0,0.9319043755531311
ACH-000362,36462,0,0.9953627586364746
ACH-000362,3796,1,0.9706552028656006
ACH-000362,387447,0,0.9623880386352539
ACH-000362,4261,0,0.8510647416114807
ACH-000362,4263900,0,0.9169420599937439
ACH-000362,42640,0,0.8462695479393005
ACH-000362,42642645,1,0.8235308527946472
ACH-000362,44137675,0,0.9589254856109619
ACH-000362,44143370,0,0.9291941523551941
ACH-000362,44182295,0,0.9416256546974182
ACH-000362,44224160,0,0.9203877449035645
ACH-000362,44450571,0,0.9151841402053833
ACH-000362,44462760,1,0.9642061591148376
ACH-000362,444795,1,0.9274021983146667
ACH-000362,44551660,1,0.9010297060012817
ACH-000362,44632017,0,0.899864137172699
ACH-000362,446378,0,0.8945999145507812
ACH-000362,447912,1,0.9651610851287842
ACH-000362,448013,0,0.8085260391235352
ACH-000362,44819241,0,0.9776341915130615
ACH-000362,46191454,1,0.8589411973953247
ACH-000362,46224516,0,0.9738057255744934
ACH-000362,462382,0,0.7172518968582153
ACH-000362,46844147,1,0.9034112691879272
ACH-000362,46883536,1,0.9374751448631287
ACH-000362,46885626,1,0.9707112312316895
ACH-000362,46907787,0,0.8658394813537598
ACH-000362,46930998,0,0.8852567672729492
ACH-000362,46931012,1,0.9641686081886292
ACH-000362,46943432,1,0.9744589924812317
ACH-000362,49806720,1,0.9497410655021667
ACH-000362,49821040,1,0.8459606170654297
ACH-000362,49836027,0,0.9103687405586243
ACH-000362,4993,0,0.9256762862205505
ACH-000362,5113032,0,0.9793767929077148
ACH-000362,51371303,1,0.9743928909301758
ACH-000362,5208,0,0.975881040096283
ACH-000362,521106,0,0.973170816898346
ACH-000362,5278396,0,0.9628234505653381
ACH-000362,5280757,0,0.9064563512802124
ACH-000362,5289247,0,0.9730179905891418
ACH-000362,5291,0,0.8600542545318604
ACH-000362,5311,1,0.9065839052200317
ACH-000362,5311497,0,0.9020888209342957
ACH-000362,5311510,0,0.947270393371582
ACH-000362,5327091,1,0.9405887722969055
ACH-000362,5328940,0,0.9100328087806702
ACH-000362,5329102,1,0.8510612845420837
ACH-000362,53302361,1,0.9404870867729187
ACH-000362,5330286,1,0.9298111200332642
ACH-000362,53340664,1,0.9585766792297363
ACH-000362,53394750,1,0.9903075695037842
ACH-000362,5384616,0,0.8169238567352295
ACH-000362,5394,0,0.9675472974777222
ACH-000362,5459322,0,0.9320997595787048
ACH-000362,5460769,0,0.8557151556015015
ACH-000362,54676905,0,0.9477068185806274
ACH-000362,54685215,0,0.8893513083457947
ACH-000362,5494449,1,0.9966764450073242
ACH-000362,560326,0,0.8941172361373901
ACH-000362,56962337,0,0.8651744723320007
ACH-000362,56965967,1,0.9614565968513489
ACH-000362,5717801,0,0.7081718444824219
ACH-000362,57339144,1,0.9739954471588135
ACH-000362,5746,0,0.8660808801651001
ACH-000362,60750,0,0.9403729438781738
ACH-000362,6253,0,0.9592134952545166
ACH-000362,637858,0,0.9569769501686096
ACH-000362,644215,0,0.8981598019599915
ACH-000362,644241,0,0.9795385003089905
ACH-000362,6445533,0,0.9676904082298279
ACH-000362,6445562,1,0.9453997015953064
ACH-000362,6450551,0,0.8535478711128235
ACH-000362,6450816,0,0.9554768204689026
ACH-000362,6505803,0,0.8639047741889954
ACH-000362,65110,1,0.9769217371940613
ACH-000362,66577006,1,0.9739921689033508
ACH-000362,6710780,0,0.8961412310600281
ACH-000362,6753378,0,0.868767261505127
ACH-000362,6852167,1,0.9092562198638916
ACH-000362,6914657,0,0.8066379427909851
ACH-000362,6918289,0,0.9306932091712952
ACH-000362,6918454,0,0.9644544720649719
ACH-000362,6918638,0,0.9238176345825195
ACH-000362,6918848,1,0.8868345618247986
ACH-000362,704473,1,0.9905259609222412
ACH-000362,71271629,0,0.9845564365386963
ACH-000362,7251185,0,0.9649214148521423
ACH-000362,76044,1,0.8077638149261475
ACH-000362,82146,0,0.9742982983589172
ACH-000362,8249,0,0.94463711977005
ACH-000362,84691,0,0.9970422387123108
ACH-000362,85668777,0,0.8888251185417175
ACH-000362,9549184,0,0.9730958938598633
ACH-000362,9810884,1,0.9926667809486389
ACH-000362,9813758,1,0.9892228841781616
ACH-000362,9826308,0,0.8394380211830139
ACH-000362,9826528,0,0.8997175097465515
ACH-000362,9858940,0,0.9747145771980286
ACH-000362,9863776,1,0.9614343643188477
ACH-000362,9868037,1,0.97935551404953
ACH-000362,9874913,0,0.9531691074371338
ACH-000362,9884685,1,0.9095116853713989
ACH-000362,9903786,1,0.9776648879051208
ACH-000362,9907093,0,0.9330464005470276
ACH-000362,9910224,1,0.9838972687721252
ACH-000362,9911830,1,0.9521358013153076
ACH-000362,9914412,1,0.9267319440841675
ACH-000362,9931953,1,0.8950598835945129
ACH-000362,9938202,0,0.9471800327301025
ACH-000362,9943465,1,0.9621641635894775
ACH-000362,9952773,1,0.9087198376655579
ACH-000362,9956119,0,0.9475318193435669
ACH-000362,9956222,0,0.9154430031776428
ACH-000362,9967941,0,0.9740250706672668
ACH-000373,10077147,1,0.8280768990516663
ACH-000373,10127622,1,0.6376862525939941
ACH-000373,10172943,0,0.707140326499939
ACH-000373,10302451,0,0.676112711429596
ACH-000373,10384072,0,0.6623980402946472
ACH-000373,10390396,0,0.5987852811813354
ACH-000373,10459196,1,0.6638171076774597
ACH-000373,10461815,0,0.7746859192848206
ACH-000373,104842,0,0.6058940291404724
ACH-000373,11316960,0,0.6825092434883118
ACH-000373,11327430,1,0.6598847508430481
ACH-000373,11364421,0,0.7848494052886963
ACH-000373,11433190,1,0.6542842388153076
ACH-000373,11455910,0,0.7236195206642151
ACH-000373,11609586,1,0.6800987124443054
ACH-000373,11624601,0,0.7120711207389832
ACH-000373,11626560,0,0.6908285021781921
ACH-000373,11626927,0,0.7416988611221313
ACH-000373,11667893,0,0.7471609711647034
ACH-000373,11676786,0,0.7349986433982849
ACH-000373,11707110,1,0.6817120313644409
ACH-000373,11844351,0,0.7845830321311951
ACH-000373,11977753,0,0.6643117070198059
ACH-000373,1401,1,0.7994415163993835
ACH-000373,156422,0,0.7198248505592346
ACH-000373,160355,0,0.6847784519195557
ACH-000373,16038120,0,0.6402232050895691
ACH-000373,16095342,0,0.7444407939910889
ACH-000373,16663089,0,0.6505642533302307
ACH-000373,16720766,0,0.6013498306274414
ACH-000373,16760646,0,0.5785061120986938
ACH-000373,176870,0,0.7345884442329407
ACH-000373,17755052,1,0.7223920226097107
ACH-000373,20635522,0,0.5883468985557556
ACH-000373,208908,0,0.699417769908905
ACH-000373,216239,0,0.7151779532432556
ACH-000373,2314623,1,0.6997089385986328
ACH-000373,24180719,0,0.7831283211708069
ACH-000373,24825971,0,0.713821530342102
ACH-000373,24978538,1,0.7223055362701416
ACH-000373,25262965,0,0.6189568042755127
ACH-000373,2726824,0,0.675401508808136
ACH-000373,2733526,0,0.7105728387832642
ACH-000373,3062316,0,0.8886298537254333
ACH-000373,36314,0,0.5864354968070984
ACH-000373,387447,0,0.7841042876243591
ACH-000373,4261,0,0.5747281312942505
ACH-000373,44182295,1,0.5896217226982117
ACH-000373,44450571,0,0.6220279335975647
ACH-000373,44462760,0,0.5931113958358765
ACH-000373,44632017,0,0.6035751104354858
ACH-000373,44819241,0,0.671356201171875
ACH-000373,462382,0,0.5320784449577332
ACH-000373,46843772,1,0.5903787016868591
ACH-000373,46844147,0,0.5968140363693237
ACH-000373,46930998,0,0.6056486368179321
ACH-000373,49821040,0,0.576603889465332
ACH-000373,49836027,0,0.6102813482284546
ACH-000373,4993,0,0.6268869638442993
ACH-000373,51371303,0,0.6445861458778381
ACH-000373,5278396,1,0.6455526947975159
ACH-000373,5291,0,0.5848804712295532
ACH-000373,5311510,0,0.6034726500511169
ACH-000373,5327091,0,0.6244025230407715
ACH-000373,5329102,0,0.5810965895652771
ACH-000373,5330286,1,0.5955364108085632
ACH-000373,5384616,0,0.5517315864562988
ACH-000373,5394,0,0.6352974772453308
ACH-000373,54685215,0,0.5803890824317932
ACH-000373,5494449,0,0.7301771640777588
ACH-000373,56962337,0,0.5608659386634827
ACH-000373,5717801,0,0.5274448990821838
ACH-000373,57339144,0,0.6371232271194458
ACH-000373,637858,0,0.6306682825088501
ACH-000373,644215,0,0.5963202714920044
ACH-000373,6505803,0,0.5579825639724731
ACH-000373,6914657,0,0.5591051578521729
ACH-000373,71271629,1,0.6499171257019043
ACH-000373,7251185,0,0.6267151236534119
ACH-000373,76044,0,0.5828089118003845
ACH-000373,85668777,0,0.5906715989112854
ACH-000373,9549184,0,0.6630220413208008
ACH-000373,9826308,0,0.5732602477073669
ACH-000373,9826528,1,0.5757219195365906
ACH-000373,9858940,0,0.6331754922866821
ACH-000373,9863776,1,0.6228705644607544
ACH-000373,9907093,0,0.604705810546875
ACH-000373,9914412,1,0.6122052073478699
ACH-000373,9931953,0,0.5483977794647217
ACH-000373,9938202,1,0.6188680529594421
ACH-000399,10027278,0,0.5892108678817749
ACH-000399,10074640,1,0.7029812932014465
ACH-000399,10096043,0,0.5272064208984375
ACH-000399,10109823,0,0.49179890751838684
ACH-000399,10113978,0,0.24428732693195343
ACH-000399,10172943,0,0.601175844669342
ACH-000399,10196499,0,0.3485494554042816
ACH-000399,10200390,0,0.6621576547622681
ACH-000399,10302451,0,0.40518131852149963
ACH-000399,10390396,0,0.4837283492088318
ACH-000399,10451420,0,0.8251810073852539
ACH-000399,10461815,0,0.53944331407547
ACH-000399,11178236,0,0.8613574504852295
ACH-000399,11282283,1,0.3874875605106354
ACH-000399,11338033,0,0.24411597847938538
ACH-000399,11364421,0,0.8053320646286011
ACH-000399,11373846,0,0.6767115592956543
ACH-000399,11404337,0,0.6575862169265747
ACH-000399,11485656,0,0.7797654867172241
ACH-000399,11493598,0,0.9392937421798706
ACH-000399,11617559,0,0.5704208016395569
ACH-000399,11625818,0,0.849044144153595
ACH-000399,11626560,0,0.43090683221817017
ACH-000399,11626927,0,0.5588898062705994
ACH-000399,11634725,0,0.521953821182251
ACH-000399,11640390,0,0.9398978352546692
ACH-000399,11647372,0,0.3380294144153595
ACH-000399,11676786,0,0.6405665278434753
ACH-000399,11713159,0,0.884088933467865
ACH-000399,11754511,0,0.697675883769989
ACH-000399,11844351,0,0.8008180260658264
ACH-000399,159324,0,0.7541489005088806
ACH-000399,160355,0,0.5644325613975525
ACH-000399,16038120,0,0.47411608695983887
ACH-000399,16095342,0,0.38724514842033386
ACH-000399,16663089,0,0.37730681896209717
ACH-000399,16722836,0,0.6990554332733154
ACH-000399,16725726,1,0.795263409614563
ACH-000399,16747388,0,0.7640788555145264
ACH-000399,16760646,0,0.4666503667831421
ACH-000399,176167,0,0.8569207191467285
ACH-000399,176870,0,0.6718395352363586
ACH-000399,20635522,0,0.6624353528022766
ACH-000399,208908,0,0.43332329392433167
ACH-000399,216239,0,0.5374411940574646
ACH-000399,2375,0,0.4567139148712158
ACH-000399,24756910,0,0.6944954991340637
ACH-000399,24772860,0,0.6590921878814697
ACH-000399,24785538,0,0.6062778234481812
ACH-000399,24825971,0,0.5903080105781555
ACH-000399,24826799,0,0.7405573129653931
ACH-000399,24889392,1,0.3391708433628082
ACH-000399,24894414,0,0.8220723271369934
ACH-000399,24951314,0,0.6257644891738892
ACH-000399,25022668,0,0.5400592684745789
ACH-000399,25102847,0,0.4828464984893799
ACH-000399,25124816,0,0.3305749297142029
ACH-000399,25126798,1,0.8542813658714294
ACH-000399,25167777,0,0.45295464992523193
ACH-000399,25195352,0,0.4930639863014221
ACH-000399,25222038,0,0.7991008758544922
ACH-000399,25257557,1,0.7061905860900879
ACH-000399,3005532,0,0.3810902237892151
ACH-000399,3062316,0,0.8351463079452515
ACH-000399,31703,0,0.39852020144462585
ACH-000399,3218,0,0.9062638282775879
ACH-000399,3385,0,0.9800136089324951
ACH-000399,3463933,0,0.5676596760749817
ACH-000399,36314,0,0.4956355094909668
ACH-000399,36462,0,0.28025832772254944
ACH-000399,3796,0,0.43450072407722473
ACH-000399,387447,0,0.6314261555671692
ACH-000399,4261,0,0.6003694534301758
ACH-000399,4263900,0,0.5879348516464233
ACH-000399,42640,0,0.5608874559402466
ACH-000399,42642645,0,0.5752350091934204
ACH-000399,44137675,0,0.6074720025062561
ACH-000399,44143370,0,0.5872272849082947
ACH-000399,44224160,0,0.6090909838676453
ACH-000399,44551660,0,0.6187981367111206
ACH-000399,446378,0,0.5728970766067505
ACH-000399,447912,0,0.632081151008606
ACH-000399,448013,0,0.5717807412147522
ACH-000399,46191454,0,0.5975826382637024
ACH-000399,46224516,0,0.7014009952545166
ACH-000399,462382,0,0.559154748916626
ACH-000399,46844147,0,0.6000226140022278
ACH-000399,46883536,0,0.6579465866088867
ACH-000399,46885626,0,0.6326209306716919
ACH-000399,46907787,0,0.5878095626831055
ACH-000399,46931012,0,0.6007606983184814
ACH-000399,46943432,0,0.6723738312721252
ACH-000399,49806720,0,0.6095881462097168
ACH-000399,49821040,0,0.5625133514404297
ACH-000399,49836027,0,0.6028653979301453
ACH-000399,4993,0,0.6350065469741821
ACH-000399,5113032,0,0.7211114764213562
ACH-000399,5208,0,0.66322261095047
ACH-000399,521106,0,0.7007211446762085
ACH-000399,5280757,0,0.5752272009849548
ACH-000399,5289247,0,0.6770612001419067
ACH-000399,5291,0,0.5978040099143982
ACH-000399,5311497,0,0.5860026478767395
ACH-000399,5311510,0,0.6617620587348938
ACH-000399,5329102,0,0.574988603591919
ACH-000399,53302361,0,0.5934410095214844
ACH-000399,53340664,0,0.6268700361251831
ACH-000399,53394750,0,0.6759701371192932
ACH-000399,5384616,0,0.5577036142349243
ACH-000399,5459322,0,0.6069809794425964
ACH-000399,5460769,0,0.5466314554214478
ACH-000399,54676905,0,0.6083632707595825
ACH-000399,5494449,0,0.7790945768356323
ACH-000399,560326,0,0.6220764517784119
ACH-000399,56965967,0,0.632316529750824
ACH-000399,5717801,0,0.5509094595909119
ACH-000399,5746,0,0.5936758518218994
ACH-000399,60750,0,0.6069347858428955
ACH-000399,644215,0,0.5829609632492065
ACH-000399,6445533,0,0.6771888136863708
ACH-000399,6445562,0,0.5872308611869812
ACH-000399,6450816,0,0.6279754638671875
ACH-000399,66577006,0,0.6552423238754272
ACH-000399,6753378,0,0.5817948579788208
ACH-000399,6852167,0,0.6093178391456604
ACH-000399,6918638,0,0.6130238771438599
ACH-000399,6918848,0,0.6119568347930908
ACH-000399,704473,0,0.7461334466934204
ACH-000399,7251185,0,0.692338228225708
ACH-000399,76044,0,0.6006610989570618
ACH-000399,82146,0,0.6780776381492615
ACH-000399,8249,1,0.6339185833930969
ACH-000399,9549184,0,0.6491054892539978
ACH-000399,9810884,0,0.7141078114509583
ACH-000399,9813758,0,0.7319180369377136
ACH-000399,9826308,0,0.6316913962364197
ACH-000399,9868037,0,0.6909053325653076
ACH-000399,9874913,0,0.6325315237045288
ACH-000399,9884685,0,0.5908814668655396
ACH-000399,9903786,0,0.6893391609191895
ACH-000399,9907093,0,0.6155771017074585
ACH-000399,9910224,0,0.6799570322036743
ACH-000399,9911830,0,0.657681941986084
ACH-000399,9952773,0,0.6146937608718872
ACH-000399,9956119,0,0.592373251914978
ACH-000399,9956222,0,0.5923363566398621
ACH-000399,9967941,0,0.6649622917175293
ACH-000416,10027278,0,0.8426230549812317
ACH-000416,10074640,0,0.7621873617172241
ACH-000416,10077147,0,0.8840773701667786
ACH-000416,10096043,0,0.5842160582542419
ACH-000416,10109823,0,0.6374964118003845
ACH-000416,10113978,0,0.5533369779586792
ACH-000416,10127622,0,0.6264532804489136
ACH-000416,10184653,0,0.7017765641212463
ACH-000416,10196499,0,0.6339659094810486
ACH-000416,10200390,0,0.7920105457305908
ACH-000416,10341154,0,0.8846388459205627
ACH-000416,10451420,0,0.8475326895713806
ACH-000416,10459196,0,0.7863710522651672
ACH-000416,104842,0,0.7554171681404114
ACH-000416,11152667,0,0.7237908244132996
ACH-000416,11178236,0,0.7290946245193481
ACH-000416,11282283,1,0.7373732924461365
ACH-000416,11316960,0,0.8099676370620728
ACH-000416,11327430,1,0.7563362121582031
ACH-000416,11338033,0,0.7468231916427612
ACH-000416,11373846,0,0.8835155367851257
ACH-000416,11404337,0,0.8901643753051758
ACH-000416,11433190,0,0.8317503929138184
ACH-000416,11485656,0,0.7813185453414917
ACH-000416,11493598,0,0.847625732421875
ACH-000416,11617559,0,0.6988354325294495
ACH-000416,11624601,0,0.6094613075256348
ACH-000416,11625818,0,0.8972588777542114
ACH-000416,11634725,0,0.7145312428474426
ACH-000416,11640390,0,0.8318374156951904
ACH-000416,11647372,0,0.6934443712234497
ACH-000416,11667893,0,0.6887211203575134
ACH-000416,11707110,0,0.8741158843040466
ACH-000416,11713159,0,0.7772356271743774
ACH-000416,11754511,0,0.8869396448135376
ACH-000416,11960529,0,0.731508195400238
ACH-000416,11977753,0,0.798219621181488
ACH-000416,123631,0,0.7090727090835571
ACH-000416,126565,0,0.8200322985649109
ACH-000416,126941,0,0.8823940753936768
ACH-000416,1401,0,0.7512235641479492
ACH-000416,148124,0,0.4829626977443695
ACH-000416,156422,0,0.7213960289955139
ACH-000416,159324,0,0.706331193447113
ACH-000416,16720766,1,0.7650846838951111
ACH-000416,16722836,0,0.7416578531265259
ACH-000416,16725726,0,0.8025546073913574
ACH-000416,16747388,0,0.7938807010650635
ACH-000416,176158,0,0.6324433088302612
ACH-000416,176167,0,0.7876676321029663
ACH-000416,17755052,0,0.6301317811012268
ACH-000416,216326,0,0.8536994457244873
ACH-000416,2314623,0,0.776282012462616
ACH-000416,23725625,0,0.9505549073219299
ACH-000416,2375,0,0.6535358428955078
ACH-000416,24180719,0,0.6820923089981079
ACH-000416,24756910,0,0.7646934986114502
ACH-000416,24772860,0,0.7047296762466431
ACH-000416,24776445,0,0.6034112572669983
ACH-000416,24785538,0,0.718731701374054
ACH-000416,24826799,0,0.7243552803993225
ACH-000416,24889392,0,0.6081216931343079
ACH-000416,24894414,0,0.8058629631996155
ACH-000416,24951314,0,0.8218023180961609
ACH-000416,24978538,0,0.8387997150421143
ACH-000416,25022668,0,0.6507889032363892
ACH-000416,25102847,0,0.7016496658325195
ACH-000416,25124816,0,0.6265762448310852
ACH-000416,25126798,0,0.8723008036613464
ACH-000416,25167777,0,0.7292397618293762
ACH-000416,25195352,0,0.640373170375824
ACH-000416,25222038,0,0.8268079161643982
ACH-000416,25257557,1,0.8618395328521729
ACH-000416,25262965,0,0.6291031837463379
ACH-000416,2726824,1,0.7103644609451294
ACH-000416,2733526,0,0.7515113949775696
ACH-000416,300471,0,0.7139022350311279
ACH-000416,3005532,0,0.5352572202682495
ACH-000416,31703,0,0.5587049126625061
ACH-000416,3218,0,0.8440876603126526
ACH-000416,3385,0,0.9325917959213257
ACH-000416,3463933,0,0.7363107800483704
ACH-000416,36462,0,0.7293943166732788
ACH-000416,3796,0,0.6152387261390686
ACH-000416,4263900,0,0.6376174092292786
ACH-000416,42640,0,0.5825905203819275
ACH-000416,42642645,0,0.6297454237937927
ACH-000416,44137675,0,0.6931363940238953
ACH-000416,44143370,0,0.6397547125816345
ACH-000416,44182295,0,0.7028169631958008
ACH-000416,44224160,0,0.6844785213470459
ACH-000416,44450571,0,0.7025412321090698
ACH-000416,44462760,0,0.7458760738372803
ACH-000416,444795,0,0.679822564125061
ACH-000416,44551660,0,0.6763135194778442
ACH-000416,44632017,0,0.699213981628418
ACH-000416,446378,0,0.6191549897193909
ACH-000416,447912,0,0.7425650954246521
ACH-000416,448013,0,0.6067093014717102
ACH-000416,44819241,0,0.7853235602378845
ACH-000416,46191454,0,0.6547040939331055
ACH-000416,46224516,0,0.8035479187965393
ACH-000416,46883536,0,0.7727246880531311
ACH-000416,46885626,0,0.7487754225730896
ACH-000416,46907787,0,0.632187008857727
ACH-000416,46930998,0,0.6826464533805847
ACH-000416,46931012,0,0.6794666647911072
ACH-000416,46943432,0,0.7913289070129395
ACH-000416,49806720,0,0.6912262439727783
ACH-000416,5113032,0,0.854083240032196
ACH-000416,5208,0,0.7857511639595032
ACH-000416,521106,0,0.8220891356468201
ACH-000416,5278396,0,0.7528689503669739
ACH-000416,5280757,0,0.6357446908950806
ACH-000416,5289247,0,0.783523678779602
ACH-000416,5311,0,0.7359009981155396
ACH-000416,5311497,0,0.6663481593132019
ACH-000416,5328940,0,0.6425847411155701
ACH-000416,53302361,0,0.6551195383071899
ACH-000416,5330286,0,0.6931801438331604
ACH-000416,53340664,0,0.7073997855186462
ACH-000416,53394750,0,0.8107031583786011
ACH-000416,5394,0,0.8110777139663696
ACH-000416,5459322,0,0.6892735362052917
ACH-000416,5460769,0,0.5679038166999817
ACH-000416,54676905,0,0.7172038555145264
ACH-000416,54685215,0,0.6738764643669128
ACH-000416,560326,0,0.6779463887214661
ACH-000416,56962337,0,0.5956915616989136
ACH-000416,56965967,0,0.7558543682098389
ACH-000416,57339144,0,0.7762610912322998
ACH-000416,5746,0,0.639694333076477
ACH-000416,60750,0,0.6787506937980652
ACH-000416,6253,0,0.7093594670295715
ACH-000416,637858,0,0.785687267780304
ACH-000416,6445533,0,0.75946044921875
ACH-000416,6445562,0,0.6681575179100037
ACH-000416,6450551,0,0.6435551047325134
ACH-000416,6450816,0,0.7158181071281433
ACH-000416,6505803,0,0.5982949733734131
ACH-000416,65110,0,0.8134732842445374
ACH-000416,66577006,0,0.7620425820350647
ACH-000416,6710780,0,0.633784294128418
ACH-000416,6753378,0,0.6251332759857178
ACH-000416,6852167,0,0.653645932674408
ACH-000416,6914657,0,0.6174013018608093
ACH-000416,6918289,0,0.6945313215255737
ACH-000416,6918454,0,0.7641170620918274
ACH-000416,6918638,0,0.6726812720298767
ACH-000416,6918848,0,0.689590573310852
ACH-000416,704473,0,0.8593782782554626
ACH-000416,71271629,0,0.8162183165550232
ACH-000416,82146,0,0.7876713275909424
ACH-000416,8249,0,0.723281979560852
ACH-000416,84691,0,0.9432838559150696
ACH-000416,85668777,0,0.7059195041656494
ACH-000416,9810884,0,0.8538971543312073
ACH-000416,9813758,0,0.8383957147598267
ACH-000416,9826528,0,0.649948239326477
ACH-000416,9858940,0,0.7740935683250427
ACH-000416,9863776,0,0.7428924441337585
ACH-000416,9868037,0,0.8006756901741028
ACH-000416,9874913,0,0.6972861289978027
ACH-000416,9884685,0,0.6554155945777893
ACH-000416,9903786,0,0.8131610155105591
ACH-000416,9910224,0,0.801349401473999
ACH-000416,9911830,0,0.7590372562408447
ACH-000416,9938202,0,0.7196946144104004
ACH-000416,9943465,1,0.7694602012634277
ACH-000416,9952773,0,0.6853384375572205
ACH-000416,9956119,0,0.6545876860618591
ACH-000416,9956222,0,0.645169198513031
ACH-000416,9967941,0,0.767524003982544
ACH-000438,10027278,0,0.8564683198928833
ACH-000438,10074640,0,0.9278978109359741
ACH-000438,10077147,0,0.9759352207183838
ACH-000438,10096043,0,0.7008742094039917
ACH-000438,10109823,0,0.8727115392684937
ACH-000438,10113978,0,0.6570329666137695
ACH-000438,10127622,0,0.6920381188392639
ACH-000438,10172943,0,0.8555821180343628
ACH-000438,10184653,0,0.8315714001655579
ACH-000438,10196499,0,0.6490525007247925
ACH-000438,10200390,0,0.8250033855438232
ACH-000438,10302451,0,0.7680699229240417
ACH-000438,10341154,0,0.9781239628791809
ACH-000438,10384072,0,0.7664716839790344
ACH-000438,10390396,0,0.6025835871696472
ACH-000438,10451420,0,0.8929875493049622
ACH-000438,10459196,0,0.8003472685813904
ACH-000438,10461815,0,0.7903807163238525
ACH-000438,104842,0,0.9092848896980286
ACH-000438,11152667,0,0.8412765860557556
ACH-000438,11178236,0,0.9080202579498291
ACH-000438,11282283,0,0.6923250555992126
ACH-000438,11316960,0,0.8922424912452698
ACH-000438,11327430,0,0.8598085641860962
ACH-000438,11338033,0,0.8009454011917114
ACH-000438,11364421,0,0.9475540518760681
ACH-000438,11373846,0,0.8669537305831909
ACH-000438,11404337,0,0.8026708364486694
ACH-000438,11433190,0,0.9306384325027466
ACH-000438,11455910,0,0.8258988857269287
ACH-000438,11485656,0,0.9347237348556519
ACH-000438,11493598,0,0.9568236470222473
ACH-000438,11609586,0,0.866875171661377
ACH-000438,11617559,0,0.8594764471054077
ACH-000438,11624601,0,0.6824638247489929
ACH-000438,11625818,0,0.9694563746452332
ACH-000438,11626560,0,0.7136613726615906
ACH-000438,11626927,0,0.7823354005813599
ACH-000438,11634725,0,0.7791025638580322
ACH-000438,11640390,0,0.9850652813911438
ACH-000438,11647372,0,0.7930660843849182
ACH-000438,11667893,0,0.7893508076667786
ACH-000438,11676786,0,0.8923345804214478
ACH-000438,11707110,0,0.8957915902137756
ACH-000438,11713159,0,0.9366849064826965
ACH-000438,11754511,0,0.9574510455131531
ACH-000438,11844351,0,0.8867202997207642
ACH-000438,11960529,0,0.9402857422828674
ACH-000438,11977753,0,0.8897460699081421
ACH-000438,123631,0,0.8453716039657593
ACH-000438,126565,0,0.9581520557403564
ACH-000438,126941,0,0.9725326895713806
ACH-000438,1401,0,0.9115883111953735
ACH-000438,148124,0,0.5050116777420044
ACH-000438,156422,0,0.8235857486724854
ACH-000438,159324,0,0.8510184288024902
ACH-000438,160355,0,0.80986088514328
ACH-000438,16038120,0,0.657100260257721
ACH-000438,16095342,0,0.7881758809089661
ACH-000438,16663089,0,0.7382637858390808
ACH-000438,16720766,0,0.9513821005821228
ACH-000438,16722836,0,0.9103338122367859
ACH-000438,16725726,0,0.9271392822265625
ACH-000438,16747388,0,0.9163722395896912
ACH-000438,16760646,0,0.6487199664115906
ACH-000438,176158,0,0.7609954476356506
ACH-000438,176167,0,0.9049895405769348
ACH-000438,176870,0,0.8351137042045593
ACH-000438,17755052,0,0.877876341342926
ACH-000438,20635522,0,0.8233718872070312
ACH-000438,208908,0,0.7624854445457458
ACH-000438,216239,0,0.7036665678024292
ACH-000438,216326,0,0.8935550451278687
ACH-000438,2314623,0,0.8685659170150757
ACH-000438,23725625,0,0.9795143604278564
ACH-000438,2375,0,0.8134647011756897
ACH-000438,24180719,0,0.8204306364059448
ACH-000438,24756910,0,0.7913357615470886
ACH-000438,24772860,0,0.8002490997314453
ACH-000438,24776445,0,0.6808935403823853
ACH-000438,24785538,0,0.8208894729614258
ACH-000438,24825971,0,0.8109161257743835
ACH-000438,24826799,0,0.8414169549942017
ACH-000438,24889392,0,0.713850736618042
ACH-000438,24894414,0,0.8900203108787537
ACH-000438,24951314,0,0.8697400689125061
ACH-000438,24978538,0,0.9695963263511658
ACH-000438,25022668,0,0.8079360723495483
ACH-000438,25102847,0,0.8708297610282898
ACH-000438,25124816,1,0.671072244644165
ACH-000438,25126798,0,0.960098147392273
ACH-000438,25167777,0,0.8070205450057983
ACH-000438,25195352,0,0.8068661093711853
ACH-000438,25222038,0,0.9090362191200256
ACH-000438,25257557,1,0.9232655763626099
ACH-000438,25262965,0,0.8083606362342834
ACH-000438,2726824,0,0.7749740481376648
ACH-000438,2733526,0,0.8524459600448608
ACH-000438,300471,0,0.4798865020275116
ACH-000438,3005532,0,0.5768892168998718
ACH-000438,3062316,0,0.9720543026924133
ACH-000438,31703,0,0.7589719891548157
ACH-000438,3218,0,0.9732796549797058
ACH-000438,3385,0,0.9947409629821777
ACH-000438,3463933,0,0.879826009273529
ACH-000438,36314,0,0.6734879016876221
ACH-000438,36462,0,0.7575053572654724
ACH-000438,3796,0,0.6712488532066345
ACH-000438,387447,0,0.8856802582740784
ACH-000438,4261,0,0.6707696914672852
ACH-000438,4263900,0,0.59844571352005
ACH-000438,42640,0,0.6070648431777954
ACH-000438,42642645,0,0.6385445594787598
ACH-000438,44137675,0,0.6860460638999939
ACH-000438,44143370,0,0.6510504484176636
ACH-000438,44182295,0,0.7099798321723938
ACH-000438,44224160,0,0.6612682342529297
ACH-000438,44450571,0,0.6691925525665283
ACH-000438,44462760,0,0.7321469187736511
ACH-000438,444795,0,0.6667025685310364
ACH-000438,44551660,0,0.6979465484619141
ACH-000438,44632017,0,0.695662260055542
ACH-000438,446378,0,0.6013479232788086
ACH-000438,447912,0,0.735834002494812
ACH-000438,448013,0,0.5965116024017334
ACH-000438,44819241,0,0.7727112770080566
ACH-000438,46191454,0,0.644947350025177
ACH-000438,46224516,0,0.8202373385429382
ACH-000438,462382,0,0.5943372845649719
ACH-000438,46843772,0,0.6627935171127319
ACH-000438,46844147,0,0.6555414795875549
ACH-000438,46883536,0,0.7499861121177673
ACH-000438,46885626,0,0.7032274603843689
ACH-000438,46907787,0,0.6178553104400635
ACH-000438,46930998,0,0.6970482468605042
ACH-000438,46931012,0,0.6944910287857056
ACH-000438,46943432,0,0.7740520238876343
ACH-000438,49806720,0,0.696647584438324
ACH-000438,49821040,0,0.6085124015808105
ACH-000438,49836027,0,0.687831699848175
ACH-000438,4993,0,0.7238445281982422
ACH-000438,5113032,0,0.8330559134483337
ACH-000438,51371303,0,0.7995300889015198
ACH-000438,5208,0,0.7740027904510498
ACH-000438,521106,0,0.8206448554992676
ACH-000438,5278396,0,0.7461104393005371
ACH-000438,5280757,0,0.6181768178939819
ACH-000438,5289247,0,0.7606138586997986
ACH-000438,5291,0,0.6907857656478882
ACH-000438,5311,0,0.7315537333488464
ACH-000438,5311497,0,0.6483229398727417
ACH-000438,5311510,0,0.7606222629547119
ACH-000438,5327091,0,0.6773616671562195
ACH-000438,5328940,0,0.6567609310150146
ACH-000438,5329102,0,0.613619863986969
ACH-000438,53302361,0,0.676970362663269
ACH-000438,5330286,0,0.6886342763900757
ACH-000438,53340664,0,0.7375548481941223
ACH-000438,53394750,0,0.7912157773971558
ACH-000438,5384616,0,0.5900170803070068
ACH-000438,5394,0,0.8095934987068176
ACH-000438,5459322,0,0.678521454334259
ACH-000438,5460769,0,0.5749594569206238
ACH-000438,54676905,0,0.6944162845611572
ACH-000438,54685215,0,0.6641236543655396
ACH-000438,5494449,0,0.9081312417984009
ACH-000438,560326,0,0.6364506483078003
ACH-000438,56962337,0,0.6035174131393433
ACH-000438,56965967,0,0.7347793579101562
ACH-000438,5717801,0,0.5657473206520081
ACH-000438,57339144,0,0.7699671983718872
ACH-000438,5746,0,0.640986979007721
ACH-000438,60750,0,0.6436265707015991
ACH-000438,6253,0,0.7081578969955444
ACH-000438,637858,0,0.7586246132850647
ACH-000438,644215,0,0.6443669199943542
ACH-000438,644241,0,0.8394333124160767
ACH-000438,6445533,0,0.7894001603126526
ACH-000438,6445562,0,0.6697261929512024
ACH-000438,6450551,0,0.6243985891342163
ACH-000438,6450816,0,0.6970062851905823
ACH-000438,6505803,0,0.5946589112281799
ACH-000438,65110,0,0.8364311456680298
ACH-000438,66577006,0,0.7377088069915771
ACH-000438,6710780,0,0.632416307926178
ACH-000438,6753378,0,0.6253019571304321
ACH-000438,6852167,0,0.7020604610443115
ACH-000438,6914657,0,0.623069703578949
ACH-000438,6918289,0,0.6597903966903687
ACH-000438,6918454,0,0.7633943557739258
ACH-000438,6918638,0,0.6866796016693115
ACH-000438,6918848,0,0.6989057064056396
ACH-000438,704473,1,0.872831404209137
ACH-000438,71271629,0,0.7746152877807617
ACH-000438,7251185,0,0.7760347127914429
ACH-000438,76044,0,0.6643568873405457
ACH-000438,82146,0,0.7773202657699585
ACH-000438,8249,0,0.6925466060638428
ACH-000438,84691,0,0.9412548542022705
ACH-000438,85668777,0,0.7040297389030457
ACH-000438,9549184,0,0.766103208065033
ACH-000438,9810884,0,0.8760764598846436
ACH-000438,9813758,0,0.8515859842300415
ACH-000438,9826308,0,0.7066680192947388
ACH-000438,9826528,0,0.6607254147529602
ACH-000438,9858940,0,0.7521165013313293
ACH-000438,9863776,0,0.7219480872154236
ACH-000438,9868037,0,0.8038633465766907
ACH-000438,9874913,0,0.6968408226966858
ACH-000438,9884685,0,0.685092031955719
ACH-000438,9903786,0,0.7855923771858215
ACH-000438,9907093,0,0.6963247656822205
ACH-000438,9910224,0,0.7814536690711975
ACH-000438,9911830,0,0.7620875835418701
ACH-000438,9914412,0,0.7228370308876038
ACH-000438,9931953,0,0.6117382049560547
ACH-000438,9938202,0,0.7474207282066345
ACH-000438,9943465,0,0.7569224834442139
ACH-000438,9952773,0,0.7200130820274353
ACH-000438,9956119,0,0.6688402891159058
ACH-000438,9956222,0,0.6684615612030029
ACH-000438,9967941,0,0.7664205431938171
ACH-000440,10027278,0,0.9701147079467773
ACH-000440,10074640,0,0.9686405062675476
ACH-000440,10077147,0,0.9986982345581055
ACH-000440,10096043,0,0.897457480430603
ACH-000440,10109823,0,0.9938675761222839
ACH-000440,10113978,0,0.9995274543762207
ACH-000440,10127622,0,0.9927833080291748
ACH-000440,10172943,0,0.9627947211265564
ACH-000440,10184653,0,0.8522801995277405
ACH-000440,10196499,0,0.9861444234848022
ACH-000440,10200390,0,0.9765997529029846
ACH-000440,10302451,0,0.9831300377845764
ACH-000440,10341154,0,0.7469934821128845
ACH-000440,10384072,0,0.8772205114364624
ACH-000440,10390396,0,0.931425154209137
ACH-000440,10451420,1,0.9844909310340881
ACH-000440,10459196,0,0.9191004037857056
ACH-000440,10461815,0,0.992852509021759
ACH-000440,104842,0,0.9699661731719971
ACH-000440,11152667,0,0.9788287281990051
ACH-000440,11178236,0,0.6004968881607056
ACH-000440,11282283,0,0.9977387189865112
ACH-000440,11316960,0,0.992082953453064
ACH-000440,11327430,0,0.994357168674469
ACH-000440,11338033,1,0.9999634027481079
ACH-000440,11364421,0,0.9749072790145874
ACH-000440,11373846,0,0.9899071455001831
ACH-000440,11404337,0,0.9985900521278381
ACH-000440,11433190,0,0.9788724780082703
ACH-000440,11455910,0,0.8362403512001038
ACH-000440,11485656,0,0.9837998151779175
ACH-000440,11493598,0,0.6655479669570923
ACH-000440,11609586,0,0.9967039227485657
ACH-000440,11617559,0,0.9605034589767456
ACH-000440,11624601,0,0.996178388595581
ACH-000440,11625818,0,0.9634345173835754
ACH-000440,11626560,0,0.9981324076652527
ACH-000440,11626927,0,0.9456356167793274
ACH-000440,11634725,0,0.957227885723114
ACH-000440,11640390,0,0.9117053151130676
ACH-000440,11647372,1,0.9996281862258911
ACH-000440,11667893,0,0.8744133114814758
ACH-000440,11676786,0,0.9649778008460999
ACH-000440,11707110,0,0.9663112759590149
ACH-000440,11713159,0,0.8162837624549866
ACH-000440,11754511,1,0.9992757439613342
ACH-000440,11844351,0,0.9520589113235474
ACH-000440,11960529,0,0.8885197043418884
ACH-000440,11977753,0,0.909397304058075
ACH-000440,123631,0,0.9662233591079712
ACH-000440,126565,0,0.9917410612106323
ACH-000440,126941,0,0.5494970679283142
ACH-000440,1401,0,0.942268431186676
ACH-000440,148124,0,0.9961471557617188
ACH-000440,156422,0,0.96566241979599
ACH-000440,159324,0,0.9309237599372864
ACH-000440,160355,0,0.9264129400253296
ACH-000440,16038120,0,0.8635955452919006
ACH-000440,16095342,0,0.9951358437538147
ACH-000440,16663089,0,0.9932583570480347
ACH-000440,16720766,0,0.9835826754570007
ACH-000440,16722836,0,0.9868990182876587
ACH-000440,16725726,1,0.9641017913818359
ACH-000440,16747388,1,0.9891402721405029
ACH-000440,16760646,0,0.8355752229690552
ACH-000440,176158,0,0.9622522592544556
ACH-000440,176167,0,0.8387720584869385
ACH-000440,176870,0,0.9508622884750366
ACH-000440,17755052,0,0.994569718837738
ACH-000440,20635522,0,0.9725907444953918
ACH-000440,208908,0,0.9876644015312195
ACH-000440,216239,0,0.9578072428703308
ACH-000440,216326,0,0.9802464246749878
ACH-000440,2314623,0,0.9963975548744202
ACH-000440,23725625,0,0.9990257024765015
ACH-000440,2375,0,0.9977333545684814
ACH-000440,24180719,0,0.9996321201324463
ACH-000440,24756910,1,0.9457263946533203
ACH-000440,24772860,0,0.8580833077430725
ACH-000440,24776445,0,0.9996857643127441
ACH-000440,24785538,0,0.8917659521102905
ACH-000440,24825971,0,0.958035409450531
ACH-000440,24826799,1,0.8805484175682068
ACH-000440,24889392,1,0.9991681575775146
ACH-000440,24894414,1,0.8238558173179626
ACH-000440,24951314,1,0.9990146160125732
ACH-000440,24978538,0,0.9992021918296814
ACH-000440,25022668,0,0.981521725654602
ACH-000440,25102847,0,0.9918822646141052
ACH-000440,25124816,0,0.9984366297721863
ACH-000440,25126798,0,0.9929048418998718
ACH-000440,25167777,0,0.9996926784515381
ACH-000440,25195352,0,0.9807677865028381
ACH-000440,25222038,0,0.9844278693199158
ACH-000440,25257557,1,0.9919529557228088
ACH-000440,25262965,0,0.9764165878295898
ACH-000440,2726824,0,0.8951067924499512
ACH-000440,2733526,0,0.9844641089439392
ACH-000440,300471,0,0.9040778279304504
ACH-000440,3005532,0,0.975606381893158
ACH-000440,3062316,0,0.9896948337554932
ACH-000440,31703,0,0.997452437877655
ACH-000440,3218,0,0.9807119369506836
ACH-000440,3385,0,0.8945518136024475
ACH-000440,3463933,0,0.999874472618103
ACH-000440,36314,0,0.9431782960891724
ACH-000440,36462,0,0.9991270899772644
ACH-000440,3796,0,0.9814172387123108
ACH-000440,387447,0,0.8749502301216125
ACH-000440,4261,0,0.8079419136047363
ACH-000440,4263900,0,0.8850303292274475
ACH-000440,42640,0,0.8110154271125793
ACH-000440,42642645,0,0.785252571105957
ACH-000440,44137675,0,0.939970076084137
ACH-000440,44143370,0,0.8996703028678894
ACH-000440,44182295,0,0.9116057753562927
ACH-000440,44224160,1,0.8827682733535767
ACH-000440,44450571,0,0.8895981311798096
ACH-000440,44462760,0,0.9295800924301147
ACH-000440,444795,0,0.8921703100204468
ACH-000440,44551660,1,0.871545135974884
ACH-000440,44632017,0,0.8727301359176636
ACH-000440,446378,0,0.8644149899482727
ACH-000440,447912,0,0.9427982568740845
ACH-000440,448013,0,0.7665134072303772
ACH-000440,44819241,0,0.966040313243866
ACH-000440,46191454,1,0.8172872066497803
ACH-000440,46224516,1,0.9584656953811646
ACH-000440,462382,0,0.6688746213912964
ACH-000440,46844147,0,0.8750634789466858
ACH-000440,46883536,0,0.8837059736251831
ACH-000440,46885626,0,0.9537597894668579
ACH-000440,46907787,0,0.8294567465782166
ACH-000440,46930998,0,0.8516750335693359
ACH-000440,46931012,1,0.9461307525634766
ACH-000440,46943432,1,0.9557323455810547
ACH-000440,49806720,1,0.9236615896224976
ACH-000440,49821040,0,0.8115708231925964
ACH-000440,49836027,0,0.8845533728599548
ACH-000440,4993,0,0.8993944525718689
ACH-000440,5113032,0,0.9578484892845154
ACH-000440,51371303,0,0.9613099694252014
ACH-000440,5208,1,0.9601566195487976
ACH-000440,521106,1,0.9612787961959839
ACH-000440,5278396,0,0.9453028440475464
ACH-000440,5280757,0,0.8681636452674866
ACH-000440,5289247,0,0.9544916152954102
ACH-000440,5291,0,0.8401768803596497
ACH-000440,5311,0,0.8742200136184692
ACH-000440,5311497,0,0.8622652888298035
ACH-000440,5311510,0,0.9184406399726868
ACH-000440,5327091,0,0.9204004406929016
ACH-000440,5328940,0,0.8749402761459351
ACH-000440,5329102,0,0.8231490254402161
ACH-000440,53302361,1,0.9217193126678467
ACH-000440,5330286,0,0.8932989835739136
ACH-000440,53340664,1,0.9441803693771362
ACH-000440,53394750,1,0.9771139025688171
ACH-000440,5384616,0,0.7626764178276062
ACH-000440,5394,0,0.9408344626426697
ACH-000440,5459322,0,0.8915577530860901
ACH-000440,5460769,0,0.8212944865226746
ACH-000440,54676905,0,0.9199673533439636
ACH-000440,54685215,0,0.8541653156280518
ACH-000440,5494449,0,0.9935687780380249
ACH-000440,560326,0,0.8682813048362732
ACH-000440,56962337,0,0.8344751596450806
ACH-000440,56965967,0,0.9380057454109192
ACH-000440,5717801,0,0.6645489931106567
ACH-000440,57339144,0,0.9536409378051758
ACH-000440,5746,0,0.8383646607398987
ACH-000440,60750,0,0.919994592666626
ACH-000440,6253,0,0.9447985291481018
ACH-000440,637858,0,0.9371320009231567
ACH-000440,644215,0,0.8738868236541748
ACH-000440,644241,0,0.9651747941970825
ACH-000440,6445533,1,0.9587074518203735
ACH-000440,6445562,0,0.9217164516448975
ACH-000440,6450551,0,0.8194060325622559
ACH-000440,6450816,0,0.9130479693412781
ACH-000440,6505803,0,0.8296697735786438
ACH-000440,65110,0,0.9614654183387756
ACH-000440,66577006,1,0.9421316385269165
ACH-000440,6710780,0,0.8575103878974915
ACH-000440,6753378,0,0.8431135416030884
ACH-000440,6852167,1,0.8856058120727539
ACH-000440,6914657,0,0.7672282457351685
ACH-000440,6918289,0,0.8926591277122498
ACH-000440,6918454,0,0.9404506087303162
ACH-000440,6918638,1,0.8987335562705994
ACH-000440,6918848,1,0.8545729517936707
ACH-000440,704473,0,0.9849511384963989
ACH-000440,71271629,1,0.964668333530426
ACH-000440,7251185,0,0.9370882511138916
ACH-000440,76044,0,0.7495153546333313
ACH-000440,82146,0,0.9566313028335571
ACH-000440,8249,0,0.9035343527793884
ACH-000440,84691,0,0.993362545967102
ACH-000440,85668777,0,0.8624652028083801
ACH-000440,9549184,0,0.9622648358345032
ACH-000440,9810884,1,0.988093912601471
ACH-000440,9813758,1,0.9802727699279785
ACH-000440,9826308,0,0.7944821119308472
ACH-000440,9826528,0,0.864104151725769
ACH-000440,9858940,0,0.9496449828147888
ACH-000440,9863776,0,0.9417765140533447
ACH-000440,9868037,0,0.9633144736289978
ACH-000440,9874913,0,0.940383791923523
ACH-000440,9884685,1,0.887939453125
ACH-000440,9903786,0,0.9589586853981018
ACH-000440,9907093,0,0.9075120091438293
ACH-000440,9910224,0,0.9663357734680176
ACH-000440,9911830,0,0.922147274017334
ACH-000440,9914412,0,0.9069048762321472
ACH-000440,9931953,0,0.847945511341095
ACH-000440,9938202,0,0.9310499429702759
ACH-000440,9943465,0,0.9459506273269653
ACH-000440,9952773,0,0.8856983184814453
ACH-000440,9956119,0,0.9250501990318298
ACH-000440,9956222,1,0.8904432058334351
ACH-000440,9967941,0,0.949701726436615
ACH-000441,10027278,0,0.8857305645942688
ACH-000441,10074640,0,0.816599428653717
ACH-000441,10077147,0,0.9546215534210205
ACH-000441,10096043,0,0.7122080326080322
ACH-000441,10109823,0,0.7801923751831055
ACH-000441,10113978,1,0.6097936630249023
ACH-000441,10127622,1,0.5449407696723938
ACH-000441,10172943,0,0.8600139021873474
ACH-000441,10184653,0,0.7971558570861816
ACH-000441,10196499,0,0.7306867241859436
ACH-000441,10200390,0,0.848482608795166
ACH-000441,10302451,0,0.7471656203269958
ACH-000441,10341154,0,0.9746152758598328
ACH-000441,10384072,0,0.7305155396461487
ACH-000441,10390396,0,0.6380664706230164
ACH-000441,10451420,1,0.9106478095054626
ACH-000441,10459196,0,0.7579273581504822
ACH-000441,10461815,0,0.8489339351654053
ACH-000441,104842,0,0.8533374071121216
ACH-000441,11152667,0,0.8366498947143555
ACH-000441,11178236,0,0.8970512747764587
ACH-000441,11282283,0,0.7146139740943909
ACH-000441,11316960,1,0.850951611995697
ACH-000441,11327430,0,0.7814964652061462
ACH-000441,11338033,0,0.6133195161819458
ACH-000441,11364421,0,0.8866977095603943
ACH-000441,11373846,0,0.8572118878364563
ACH-000441,11404337,1,0.8957599997520447
ACH-000441,11433190,1,0.9070483446121216
ACH-000441,11455910,0,0.8807168006896973
ACH-000441,11485656,0,0.9157487154006958
ACH-000441,11493598,1,0.9574295282363892
ACH-000441,11609586,0,0.7940823435783386
ACH-000441,11617559,0,0.8051841855049133
ACH-000441,11624601,0,0.6518010497093201
ACH-000441,11625818,0,0.946213960647583
ACH-000441,11626560,0,0.6071775555610657
ACH-000441,11626927,0,0.8317680358886719
ACH-000441,11634725,1,0.7656600475311279
ACH-000441,11640390,0,0.930492103099823
ACH-000441,11647372,0,0.6319295167922974
ACH-000441,11667893,0,0.7920337319374084
ACH-000441,11676786,1,0.8207759261131287
ACH-000441,11707110,1,0.8813233971595764
ACH-000441,11713159,0,0.8888073563575745
ACH-000441,11754511,0,0.9335955381393433
ACH-000441,11844351,1,0.8949454426765442
ACH-000441,11960529,0,0.9320333003997803
ACH-000441,11977753,0,0.8520185351371765
ACH-000441,123631,0,0.802412211894989
ACH-000441,126565,0,0.9221956729888916
ACH-000441,126941,0,0.977473795413971
ACH-000441,1401,0,0.9056650996208191
ACH-000441,148124,0,0.5007864236831665
ACH-000441,156422,0,0.8495705723762512
ACH-000441,159324,0,0.8839191794395447
ACH-000441,160355,0,0.8431426286697388
ACH-000441,16038120,0,0.7082949876785278
ACH-000441,16095342,0,0.7833478450775146
ACH-000441,16663089,0,0.6755495071411133
ACH-000441,16720766,0,0.8513173460960388
ACH-000441,16722836,0,0.880348801612854
ACH-000441,16725726,0,0.9342581033706665
ACH-000441,16747388,1,0.8581358194351196
ACH-000441,16760646,0,0.6855724453926086
ACH-000441,176158,0,0.7700622081756592
ACH-000441,176167,0,0.8696901202201843
ACH-000441,176870,0,0.8867244124412537
ACH-000441,17755052,0,0.798856258392334
ACH-000441,20635522,1,0.723874568939209
ACH-000441,208908,0,0.7291015386581421
ACH-000441,216239,1,0.6557095050811768
ACH-000441,216326,0,0.9057158827781677
ACH-000441,2314623,0,0.8273008465766907
ACH-000441,23725625,0,0.9631037712097168
ACH-000441,2375,0,0.8045634627342224
ACH-000441,24180719,1,0.7865617871284485
ACH-000441,24756910,0,0.8207136988639832
ACH-000441,24772860,0,0.7344307899475098
ACH-000441,24776445,0,0.6573253870010376
ACH-000441,24785538,0,0.8182657361030579
ACH-000441,24825971,0,0.7877615690231323
ACH-000441,24826799,0,0.8263275623321533
ACH-000441,24889392,0,0.6963036060333252
ACH-000441,24894414,0,0.9155446290969849
ACH-000441,24951314,0,0.8236886858940125
ACH-000441,24978538,0,0.9036602973937988
ACH-000441,25022668,0,0.8380672931671143
ACH-000441,25102847,0,0.7537853717803955
ACH-000441,25124816,0,0.6375601887702942
ACH-000441,25126798,0,0.9544126987457275
ACH-000441,25167777,0,0.7357923984527588
ACH-000441,25195352,0,0.7041234970092773
ACH-000441,25222038,0,0.8833885192871094
ACH-000441,25257557,0,0.9424131512641907
ACH-000441,25262965,0,0.8030685782432556
ACH-000441,2726824,1,0.7448827624320984
ACH-000441,2733526,1,0.7970967292785645
ACH-000441,300471,0,0.6550045609474182
ACH-000441,3005532,0,0.6257190108299255
ACH-000441,3062316,1,0.9627448916435242
ACH-000441,31703,0,0.5511253476142883
ACH-000441,3218,0,0.9648517370223999
ACH-000441,3385,0,0.9917009472846985
ACH-000441,3463933,1,0.7101011276245117
ACH-000441,36314,0,0.5629100799560547
ACH-000441,36462,0,0.6792693138122559
ACH-000441,3796,0,0.6719075441360474
ACH-000441,387447,1,0.7870136499404907
ACH-000441,4261,0,0.6866461634635925
ACH-000441,4263900,0,0.6574265956878662
ACH-000441,42640,0,0.6092061400413513
ACH-000441,42642645,0,0.6465415954589844
ACH-000441,44137675,0,0.7564031481742859
ACH-000441,44143370,0,0.7223723530769348
ACH-000441,44182295,1,0.7123352289199829
ACH-000441,44224160,0,0.7239257097244263
ACH-000441,44450571,0,0.718977689743042
ACH-000441,44462760,1,0.7972933650016785
ACH-000441,444795,0,0.744281530380249
ACH-000441,44551660,0,0.7449151277542114
ACH-000441,44632017,0,0.7138405442237854
ACH-000441,446378,0,0.647851288318634
ACH-000441,447912,0,0.7722164392471313
ACH-000441,448013,0,0.6206299066543579
ACH-000441,44819241,0,0.7989784479141235
ACH-000441,46191454,0,0.6629141569137573
ACH-000441,46224516,0,0.8277989029884338
ACH-000441,462382,1,0.5869477391242981
ACH-000441,46843772,0,0.7044199705123901
ACH-000441,46844147,1,0.6917047500610352
ACH-000441,46883536,0,0.8023850321769714
ACH-000441,46885626,0,0.7561343908309937
ACH-000441,46907787,0,0.6626948118209839
ACH-000441,46930998,0,0.7437785863876343
ACH-000441,46931012,0,0.7334612011909485
ACH-000441,46943432,0,0.8335744142532349
ACH-000441,49806720,0,0.7349570393562317
ACH-000441,49821040,0,0.652258038520813
ACH-000441,49836027,0,0.7334448099136353
ACH-000441,4993,0,0.7715880870819092
ACH-000441,5113032,0,0.8641712665557861
ACH-000441,51371303,0,0.8237040042877197
ACH-000441,5208,0,0.8122086524963379
ACH-000441,521106,0,0.8117668032646179
ACH-000441,5278396,0,0.780345618724823
ACH-000441,5280757,0,0.6604248881340027
ACH-000441,5289247,1,0.8178747892379761
ACH-000441,5291,0,0.6883487701416016
ACH-000441,5311,0,0.731197714805603
ACH-000441,5311497,0,0.6833276152610779
ACH-000441,5311510,0,0.7961134314537048
ACH-000441,5327091,0,0.7194657325744629
ACH-000441,5328940,0,0.7082843780517578
ACH-000441,5329102,0,0.6519662141799927
ACH-000441,53302361,0,0.7431520223617554
ACH-000441,5330286,0,0.7360107898712158
ACH-000441,53340664,0,0.7812430262565613
ACH-000441,53394750,0,0.8664859533309937
ACH-000441,5384616,1,0.6054129004478455
ACH-000441,5394,0,0.812357485294342
ACH-000441,5459322,1,0.7160354256629944
ACH-000441,5460769,0,0.6120159029960632
ACH-000441,54676905,0,0.7264110445976257
ACH-000441,54685215,0,0.6739153265953064
ACH-000441,5494449,0,0.9180216193199158
ACH-000441,560326,0,0.6736215353012085
ACH-000441,56962337,0,0.6341446042060852
ACH-000441,56965967,1,0.7732090950012207
ACH-000441,5717801,0,0.5789878964424133
ACH-000441,57339144,0,0.790416419506073
ACH-000441,5746,0,0.678327202796936
ACH-000441,60750,0,0.6919176578521729
ACH-000441,6253,0,0.6895729303359985
ACH-000441,637858,0,0.7622395753860474
ACH-000441,644215,0,0.692301332950592
ACH-000441,644241,0,0.8663231730461121
ACH-000441,6445533,0,0.8102142810821533
ACH-000441,6445562,0,0.7358141541481018
ACH-000441,6450551,0,0.6610709428787231
ACH-000441,6450816,0,0.7670588493347168
ACH-000441,6505803,0,0.6310462951660156
ACH-000441,65110,0,0.8205994963645935
ACH-000441,66577006,0,0.8101220726966858
ACH-000441,6710780,0,0.6766313910484314
ACH-000441,6753378,0,0.6747144460678101
ACH-000441,6852167,0,0.701777458190918
ACH-000441,6914657,0,0.6396579146385193
ACH-000441,6918289,0,0.700335681438446
ACH-000441,6918454,1,0.8023717403411865
ACH-000441,6918638,0,0.7190080285072327
ACH-000441,6918848,0,0.6913671493530273
ACH-000441,704473,0,0.8851986527442932
ACH-000441,71271629,0,0.8252148032188416
ACH-000441,7251185,0,0.8034718632698059
ACH-000441,76044,0,0.6462225317955017
ACH-000441,82146,0,0.8194579482078552
ACH-000441,8249,0,0.7752765417098999
ACH-000441,84691,0,0.9344179034233093
ACH-000441,85668777,0,0.6872130632400513
ACH-000441,9549184,1,0.8108394742012024
ACH-000441,9810884,0,0.8698363900184631
ACH-000441,9813758,0,0.9038262963294983
ACH-000441,9826308,0,0.7169038653373718
ACH-000441,9826528,1,0.6547994017601013
ACH-000441,9858940,0,0.8225405812263489
ACH-000441,9863776,1,0.7490488290786743
ACH-000441,9868037,0,0.852841317653656
ACH-000441,9874913,0,0.7671850323677063
ACH-000441,9884685,0,0.6785589456558228
ACH-000441,9903786,0,0.8305416107177734
ACH-000441,9907093,0,0.7178924679756165
ACH-000441,9910224,0,0.8565278053283691
ACH-000441,9911830,0,0.7960018515586853
ACH-000441,9914412,0,0.7345533967018127
ACH-000441,9931953,0,0.6464966535568237
ACH-000441,9938202,0,0.7562357783317566
ACH-000441,9943465,0,0.7617424726486206
ACH-000441,9952773,0,0.7100315093994141
ACH-000441,9956119,0,0.7421871423721313
ACH-000441,9956222,0,0.6994709372520447
ACH-000441,9967941,0,0.8202235102653503
ACH-000449,10027278,0,0.6682389378547668
ACH-000449,10074640,0,0.8379448652267456
ACH-000449,10077147,0,0.9410538077354431
ACH-000449,10096043,0,0.6522581577301025
ACH-000449,10109823,0,0.8038570880889893
ACH-000449,10113978,0,0.44458553194999695
ACH-000449,10127622,0,0.45107656717300415
ACH-000449,10184653,0,0.6653732657432556
ACH-000449,10196499,1,0.48698604106903076
ACH-000449,10200390,1,0.7203429937362671
ACH-000449,10341154,0,0.9106176495552063
ACH-000449,10384072,0,0.660193145275116
ACH-000449,10451420,0,0.7287958860397339
ACH-000449,10459196,0,0.6472593545913696
ACH-000449,104842,0,0.8364083766937256
ACH-000449,11152667,0,0.7689331769943237
ACH-000449,11178236,0,0.848528265953064
ACH-000449,11282283,0,0.4725508987903595
ACH-000449,11316960,0,0.7333709001541138
ACH-000449,11327430,0,0.7028173208236694
ACH-000449,11338033,0,0.5662460327148438
ACH-000449,11373846,0,0.6273871064186096
ACH-000449,11404337,0,0.5967631936073303
ACH-000449,11433190,1,0.7961039543151855
ACH-000449,11455910,1,0.841993510723114
ACH-000449,11485656,0,0.8165086507797241
ACH-000449,11493598,0,0.904919445514679
ACH-000449,11609586,0,0.5687146186828613
ACH-000449,11617559,0,0.7781060934066772
ACH-000449,11624601,0,0.5877849459648132
ACH-000449,11625818,0,0.8783285021781921
ACH-000449,11634725,0,0.6259950995445251
ACH-000449,11640390,0,0.9093562960624695
ACH-000449,11647372,0,0.5155072212219238
ACH-000449,11667893,0,0.619540810585022
ACH-000449,11707110,0,0.761387050151825
ACH-000449,11713159,1,0.8927083611488342
ACH-000449,11754511,0,0.8245226144790649
ACH-000449,11960529,0,0.8234755396842957
ACH-000449,11977753,0,0.7919872999191284
ACH-000449,123631,0,0.7620869278907776
ACH-000449,126565,0,0.8387426137924194
ACH-000449,126941,1,0.9491260051727295
ACH-000449,1401,0,0.8293095827102661
ACH-000449,148124,0,0.40312522649765015
ACH-000449,156422,1,0.6381100416183472
ACH-000449,159324,0,0.7617763876914978
ACH-000449,16722836,0,0.6497614979743958
ACH-000449,16725726,0,0.8189147114753723
ACH-000449,16747388,0,0.7495472431182861
ACH-000449,176167,0,0.7895219922065735
ACH-000449,17755052,0,0.7731406688690186
ACH-000449,216326,0,0.8264638185501099
ACH-000449,2314623,0,0.664674699306488
ACH-000449,23725625,0,0.8198817372322083
ACH-000449,2375,0,0.5184459686279297
ACH-000449,24180719,0,0.6355193257331848
ACH-000449,24756910,0,0.677705705165863
ACH-000449,24772860,0,0.6634223461151123
ACH-000449,24776445,0,0.44200944900512695
ACH-000449,24785538,0,0.6392629146575928
ACH-000449,24826799,1,0.6827630400657654
ACH-000449,24889392,0,0.4687007963657379
ACH-000449,24894414,0,0.8529335260391235
ACH-000449,24951314,0,0.6189624071121216
ACH-000449,24978538,0,0.8574205040931702
ACH-000449,25022668,0,0.7102805972099304
ACH-000449,25102847,0,0.7171022891998291
ACH-000449,25124816,0,0.4812489449977875
ACH-000449,25126798,0,0.9169088006019592
ACH-000449,25167777,0,0.7567101716995239
ACH-000449,25195352,0,0.40631237626075745
ACH-000449,25222038,0,0.7946206331253052
ACH-000449,25257557,0,0.7809831500053406
ACH-000449,25262965,0,0.7073256969451904
ACH-000449,2726824,0,0.6601612567901611
ACH-000449,2733526,0,0.722312867641449
ACH-000449,300471,0,0.5617449879646301
ACH-000449,3005532,0,0.6193861365318298
ACH-000449,31703,0,0.5265661478042603
ACH-000449,3218,0,0.8889186382293701
ACH-000449,3385,0,0.9690351486206055
ACH-000449,3463933,0,0.7020816802978516
ACH-000449,36462,0,0.5843411087989807
ACH-000449,3796,0,0.4289664030075073
ACH-000449,4263900,0,0.5549501180648804
ACH-000449,42640,0,0.5411766767501831
ACH-000449,42642645,0,0.5519805550575256
ACH-000449,44137675,0,0.5822106599807739
ACH-000449,44143370,0,0.5705468058586121
ACH-000449,44182295,0,0.5934990644454956
ACH-000449,44224160,0,0.5724419951438904
ACH-000449,44450571,0,0.5776827931404114
ACH-000449,44462760,0,0.5967584848403931
ACH-000449,444795,0,0.5521856546401978
ACH-000449,44551660,0,0.5806062817573547
ACH-000449,44632017,1,0.5953913331031799
ACH-000449,446378,0,0.5546442270278931
ACH-000449,447912,0,0.6122072339057922
ACH-000449,448013,0,0.5529208183288574
ACH-000449,44819241,0,0.6024971008300781
ACH-000449,46191454,0,0.557656466960907
ACH-000449,46224516,0,0.6577296853065491
ACH-000449,46843772,0,0.5679255723953247
ACH-000449,46883536,0,0.5736419558525085
ACH-000449,46885626,0,0.5721668601036072
ACH-000449,46907787,0,0.5521062612533569
ACH-000449,46930998,0,0.5846334099769592
ACH-000449,46931012,0,0.5643267631530762
ACH-000449,46943432,0,0.6236414313316345
ACH-000449,49806720,0,0.5967928767204285
ACH-000449,5113032,0,0.6216918230056763
ACH-000449,51371303,0,0.6399521231651306
ACH-000449,5208,0,0.6227625012397766
ACH-000449,521106,0,0.6640647649765015
ACH-000449,5278396,0,0.5947452187538147
ACH-000449,5280757,0,0.5472975373268127
ACH-000449,5289247,0,0.6133459210395813
ACH-000449,5311,0,0.6039870977401733
ACH-000449,5311497,0,0.5526373386383057
ACH-000449,5327091,0,0.6002388596534729
ACH-000449,5328940,0,0.5657160878181458
ACH-000449,53302361,0,0.5891165733337402
ACH-000449,5330286,0,0.5780494809150696
ACH-000449,53340664,0,0.6181414723396301
ACH-000449,53394750,0,0.6341611742973328
ACH-000449,5394,0,0.595794677734375
ACH-000449,5459322,0,0.5742213726043701
ACH-000449,5460769,0,0.5511002540588379
ACH-000449,54676905,0,0.6243650913238525
ACH-000449,54685215,0,0.5563963651657104
ACH-000449,560326,0,0.5621250867843628
ACH-000449,56962337,0,0.5623354315757751
ACH-000449,56965967,0,0.577025294303894
ACH-000449,57339144,0,0.6007031798362732
ACH-000449,5746,0,0.5710970163345337
ACH-000449,60750,0,0.5860610008239746
ACH-000449,6253,0,0.5972681045532227
ACH-000449,637858,0,0.5995808839797974
ACH-000449,644241,0,0.6617686152458191
ACH-000449,6445533,0,0.6580162048339844
ACH-000449,6445562,0,0.5620114207267761
ACH-000449,6450551,0,0.5592283606529236
ACH-000449,6450816,0,0.5715992450714111
ACH-000449,6505803,1,0.5466673374176025
ACH-000449,65110,0,0.6618234515190125
ACH-000449,66577006,0,0.5954322814941406
ACH-000449,6710780,0,0.5550155639648438
ACH-000449,6753378,0,0.57184237241745
ACH-000449,6852167,0,0.5901180505752563
ACH-000449,6914657,0,0.5610948204994202
ACH-000449,6918289,0,0.562635064125061
ACH-000449,6918454,0,0.615318238735199
ACH-000449,6918638,0,0.5922437310218811
ACH-000449,6918848,0,0.5824080109596252
ACH-000449,704473,0,0.6810376644134521
ACH-000449,71271629,0,0.6187111139297485
ACH-000449,82146,0,0.622231125831604
ACH-000449,8249,0,0.591543436050415
ACH-000449,84691,0,0.7553389668464661
ACH-000449,85668777,0,0.5825815200805664
ACH-000449,9810884,0,0.7123762369155884
ACH-000449,9813758,0,0.6716746687889099
ACH-000449,9826528,0,0.5710981488227844
ACH-000449,9858940,0,0.5877813100814819
ACH-000449,9863776,1,0.5828667879104614
ACH-000449,9868037,0,0.6387515068054199
ACH-000449,9874913,0,0.5849825143814087
ACH-000449,9884685,0,0.5716252326965332
ACH-000449,9903786,0,0.6092174649238586
ACH-000449,9910224,0,0.6095432043075562
ACH-000449,9911830,0,0.5995242595672607
ACH-000449,9914412,0,0.5945165157318115
ACH-000449,9931953,0,0.5509916543960571
ACH-000449,9938202,0,0.6121651530265808
ACH-000449,9943465,0,0.6086674332618713
ACH-000449,9952773,0,0.5898858308792114
ACH-000449,9956119,0,0.5820671916007996
ACH-000449,9956222,0,0.5663114786148071
ACH-000449,9967941,0,0.5866087079048157
ACH-000452,10027278,1,0.7534810304641724
ACH-000452,10074640,0,0.5472974181175232
ACH-000452,10077147,0,0.7985917925834656
ACH-000452,10096043,1,0.6149478554725647
ACH-000452,10109823,0,0.5804705023765564
ACH-000452,10113978,1,0.634705126285553
ACH-000452,10127622,0,0.20320755243301392
ACH-000452,10172943,0,0.5427622199058533
ACH-000452,10184653,1,0.7391536235809326
ACH-000452,10196499,0,0.4023227393627167
ACH-000452,10200390,0,0.6792340278625488
ACH-000452,10302451,1,0.607495903968811
ACH-000452,10341154,0,0.8911204934120178
ACH-000452,10384072,0,0.5303397178649902
ACH-000452,10390396,1,0.4136947989463806
ACH-000452,10451420,0,0.7066336870193481
ACH-000452,10459196,0,0.734100341796875
ACH-000452,10461815,0,0.7388474345207214
ACH-000452,104842,0,0.5972303748130798
ACH-000452,11152667,0,0.7546956539154053
ACH-000452,11178236,0,0.9100564122200012
ACH-000452,11282283,0,0.35074183344841003
ACH-000452,11316960,0,0.511620283126831
ACH-000452,11327430,0,0.47928690910339355
ACH-000452,11338033,0,0.3860872983932495
ACH-000452,11364421,1,0.6904677748680115
ACH-000452,11373846,0,0.7816004157066345
ACH-000452,11404337,0,0.7795165181159973
ACH-000452,11433190,0,0.6721501350402832
ACH-000452,11455910,0,0.7734726667404175
ACH-000452,11485656,0,0.7879105806350708
ACH-000452,11493598,0,0.808817982673645
ACH-000452,11609586,0,0.46988895535469055
ACH-000452,11617559,0,0.6410594582557678
ACH-000452,11624601,0,0.34249621629714966
ACH-000452,11625818,0,0.8869343400001526
ACH-000452,11626560,0,0.6316825747489929
ACH-000452,11626927,0,0.4130218029022217
ACH-000452,11634725,0,0.4767739176750183
ACH-000452,11640390,1,0.8174282908439636
ACH-000452,11647372,0,0.5274684429168701
ACH-000452,11667893,0,0.5573745369911194
ACH-000452,11676786,0,0.601775050163269
ACH-000452,11707110,1,0.7240544557571411
ACH-000452,11713159,0,0.6939643621444702
ACH-000452,11754511,0,0.560391366481781
ACH-000452,11844351,1,0.6577264666557312
ACH-000452,11960529,0,0.7757658958435059
ACH-000452,11977753,0,0.8219704031944275
ACH-000452,123631,0,0.5865098237991333
ACH-000452,126565,0,0.8565656542778015
ACH-000452,126941,0,0.8803779482841492
ACH-000452,1401,0,0.7131117582321167
ACH-000452,148124,1,0.35896867513656616
ACH-000452,156422,0,0.6696272492408752
ACH-000452,159324,0,0.7329033017158508
ACH-000452,160355,0,0.8767454028129578
ACH-000452,16038120,0,0.5359712839126587
ACH-000452,16095342,0,0.7891674637794495
ACH-000452,16663089,1,0.5943573117256165
ACH-000452,16720766,0,0.600957453250885
ACH-000452,16722836,0,0.6780622005462646
ACH-000452,16725726,0,0.8080571889877319
ACH-000452,16747388,0,0.6454454660415649
ACH-000452,16760646,1,0.5279725790023804
ACH-000452,176158,0,0.6432837843894958
ACH-000452,176167,0,0.4724276065826416
ACH-000452,176870,0,0.6890759468078613
ACH-000452,17755052,0,0.6305452585220337
ACH-000452,20635522,1,0.5716570615768433
ACH-000452,208908,1,0.4605953097343445
ACH-000452,216239,0,0.5440129637718201
ACH-000452,216326,0,0.6954964399337769
ACH-000452,2314623,0,0.5056557059288025
ACH-000452,23725625,0,0.9279623627662659
ACH-000452,2375,0,0.5114601850509644
ACH-000452,24180719,0,0.4922929108142853
ACH-000452,24756910,0,0.6961091160774231
ACH-000452,24772860,0,0.6448415517807007
ACH-000452,24776445,0,0.47332146763801575
ACH-000452,24785538,1,0.6859313249588013
ACH-000452,24825971,0,0.6786460876464844
ACH-000452,24826799,0,0.6518358588218689
ACH-000452,24889392,0,0.45051199197769165
ACH-000452,24894414,0,0.6719792485237122
ACH-000452,24951314,0,0.6210840344429016
ACH-000452,24978538,0,0.6705184578895569
ACH-000452,25022668,1,0.45727676153182983
ACH-000452,25102847,0,0.4876055419445038
ACH-000452,25124816,0,0.33351683616638184
ACH-000452,25126798,0,0.9200255274772644
ACH-000452,25167777,0,0.3690362870693207
ACH-000452,25195352,0,0.3085376024246216
ACH-000452,25222038,0,0.6921625137329102
ACH-000452,25257557,1,0.7963424921035767
ACH-000452,25262965,0,0.6814860105514526
ACH-000452,2726824,0,0.6048329472541809
ACH-000452,2733526,0,0.5874188542366028
ACH-000452,300471,0,0.6205844879150391
ACH-000452,3005532,0,0.5566713809967041
ACH-000452,3062316,1,0.7616571187973022
ACH-000452,31703,1,0.3898423910140991
ACH-000452,3218,0,0.9274536967277527
ACH-000452,3385,0,0.9474223256111145
ACH-000452,3463933,0,0.48067986965179443
ACH-000452,36314,1,0.37298575043678284
ACH-000452,36462,0,0.6921341419219971
ACH-000452,3796,0,0.30902913212776184
ACH-000452,387447,0,0.8629650473594666
ACH-000452,4261,0,0.5926732420921326
ACH-000452,4263900,1,0.5636365413665771
ACH-000452,42640,0,0.5336213707923889
ACH-000452,42642645,0,0.5684611797332764
ACH-000452,44137675,0,0.5956264138221741
ACH-000452,44143370,0,0.5766744613647461
ACH-000452,44182295,0,0.6093152761459351
ACH-000452,44224160,0,0.6015772819519043
ACH-000452,44450571,0,0.5934341549873352
ACH-000452,44462760,0,0.5943506360054016
ACH-000452,444795,0,0.5663055777549744
ACH-000452,44551660,0,0.5999116897583008
ACH-000452,44632017,0,0.6095463037490845
ACH-000452,446378,0,0.549969494342804
ACH-000452,447912,0,0.6016023755073547
ACH-000452,448013,1,0.5602805614471436
ACH-000452,44819241,0,0.6170661449432373
ACH-000452,46191454,0,0.570329487323761
ACH-000452,46224516,0,0.6916038990020752
ACH-000452,462382,0,0.5576044321060181
ACH-000452,46843772,0,0.5837520360946655
ACH-000452,46844147,0,0.5753931999206543
ACH-000452,46883536,0,0.6063715815544128
ACH-000452,46885626,0,0.6117992997169495
ACH-000452,46907787,0,0.5479289293289185
ACH-000452,46930998,0,0.5903100371360779
ACH-000452,46931012,0,0.5886909365653992
ACH-000452,46943432,0,0.6313870549201965
ACH-000452,49806720,0,0.5976824164390564
ACH-000452,49821040,1,0.5553860664367676
ACH-000452,49836027,0,0.590562641620636
ACH-000452,4993,0,0.5986945629119873
ACH-000452,5113032,0,0.678896427154541
ACH-000452,51371303,1,0.6422897577285767
ACH-000452,5208,0,0.6746892929077148
ACH-000452,521106,0,0.69611656665802
ACH-000452,5278396,0,0.6203626990318298
ACH-000452,5280757,0,0.564753532409668
ACH-000452,5289247,0,0.6434527635574341
ACH-000452,5291,0,0.5982570052146912
ACH-000452,5311,0,0.641772449016571
ACH-000452,5311497,0,0.5817416310310364
ACH-000452,5311510,0,0.6235871911048889
ACH-000452,5327091,0,0.6108556389808655
ACH-000452,5328940,0,0.5722243189811707
ACH-000452,5329102,0,0.5560502409934998
ACH-000452,53302361,0,0.5817936062812805
ACH-000452,5330286,0,0.5892733335494995
ACH-000452,53340664,0,0.6139552593231201
ACH-000452,53394750,0,0.6482071280479431
ACH-000452,5394,0,0.6278389692306519
ACH-000452,5459322,0,0.5935763120651245
ACH-000452,5460769,0,0.5379379391670227
ACH-000452,54676905,0,0.6521233320236206
ACH-000452,54685215,0,0.5814205408096313
ACH-000452,5494449,0,0.7331953048706055
ACH-000452,560326,0,0.5638958811759949
ACH-000452,56962337,0,0.5546269416809082
ACH-000452,56965967,0,0.6142122149467468
ACH-000452,5717801,0,0.5328705310821533
ACH-000452,57339144,0,0.6410200595855713
ACH-000452,5746,0,0.5888121128082275
ACH-000452,60750,0,0.5777003169059753
ACH-000452,6253,0,0.5996861457824707
ACH-000452,637858,0,0.630883514881134
ACH-000452,644215,0,0.5727229714393616
ACH-000452,644241,0,0.6777880787849426
ACH-000452,6445533,1,0.6899951696395874
ACH-000452,6445562,0,0.579763650894165
ACH-000452,6450551,0,0.5723577737808228
ACH-000452,6450816,0,0.5754125714302063
ACH-000452,6505803,0,0.5488214492797852
ACH-000452,65110,0,0.7040160894393921
ACH-000452,66577006,0,0.6237570643424988
ACH-000452,6710780,0,0.5709302425384521
ACH-000452,6753378,0,0.5664535164833069
ACH-000452,6852167,0,0.5950295925140381
ACH-000452,6914657,0,0.5682125091552734
ACH-000452,6918289,0,0.5856355428695679
ACH-000452,6918454,0,0.6507163047790527
ACH-000452,6918638,0,0.601897656917572
ACH-000452,6918848,0,0.6178194284439087
ACH-000452,704473,0,0.7235762476921082
ACH-000452,71271629,0,0.6618227958679199
ACH-000452,7251185,0,0.6529001593589783
ACH-000452,76044,0,0.6314198970794678
ACH-000452,82146,0,0.6255236268043518
ACH-000452,8249,0,0.6256181597709656
ACH-000452,84691,0,0.8125904202461243
ACH-000452,85668777,0,0.6045932769775391
ACH-000452,9549184,1,0.6415296196937561
ACH-000452,9810884,1,0.7560315132141113
ACH-000452,9813758,0,0.6763816475868225
ACH-000452,9826308,1,0.5988159775733948
ACH-000452,9826528,0,0.5876374244689941
ACH-000452,9858940,1,0.5987617373466492
ACH-000452,9863776,1,0.6087810397148132
ACH-000452,9868037,0,0.6439974904060364
ACH-000452,9874913,0,0.5930926203727722
ACH-000452,9884685,0,0.5793663859367371
ACH-000452,9903786,0,0.6650407314300537
ACH-000452,9907093,0,0.5960228443145752
ACH-000452,9910224,0,0.6325346827507019
ACH-000452,9911830,0,0.6450279355049133
ACH-000452,9914412,0,0.6244153380393982
ACH-000452,9931953,1,0.5550616979598999
ACH-000452,9938202,0,0.6092683672904968
ACH-000452,9943465,0,0.6311973333358765
ACH-000452,9952773,0,0.6060816645622253
ACH-000452,9956119,0,0.5776172280311584
ACH-000452,9956222,0,0.5761064887046814
ACH-000452,9967941,0,0.6031282544136047
ACH-000456,10027278,0,0.7616199254989624
ACH-000456,10074640,0,0.8337101340293884
ACH-000456,10077147,0,0.9309072494506836
ACH-000456,10096043,0,0.696694016456604
ACH-000456,10109823,0,0.7110370397567749
ACH-000456,10113978,0,0.703463613986969
ACH-000456,10127622,1,0.6824325919151306
ACH-000456,10196499,0,0.6925549507141113
ACH-000456,10200390,0,0.8517457246780396
ACH-000456,10384072,0,0.781431257724762
ACH-000456,10451420,0,0.9196043610572815
ACH-000456,10459196,0,0.7996537685394287
ACH-000456,104842,0,0.7766038179397583
ACH-000456,11178236,0,0.8015111088752747
ACH-000456,11282283,0,0.8187289237976074
ACH-000456,11316960,0,0.8970096111297607
ACH-000456,11327430,0,0.8549911379814148
ACH-000456,11338033,0,0.7796527743339539
ACH-000456,11373846,0,0.8824161291122437
ACH-000456,11404337,0,0.9453409910202026
ACH-000456,11433190,0,0.8568976521492004
ACH-000456,11455910,0,0.6609927415847778
ACH-000456,11485656,0,0.8613524436950684
ACH-000456,11493598,0,0.8971060514450073
ACH-000456,11609586,0,0.7244625091552734
ACH-000456,11617559,0,0.7599272131919861
ACH-000456,11624601,0,0.6955655813217163
ACH-000456,11625818,0,0.939425528049469
ACH-000456,11634725,0,0.7059600353240967
ACH-000456,11640390,0,0.9168499112129211
ACH-000456,11647372,0,0.7352671027183533
ACH-000456,11667893,0,0.7979015111923218
ACH-000456,11707110,1,0.9050439596176147
ACH-000456,11713159,1,0.816348671913147
ACH-000456,11754511,0,0.9176681041717529
ACH-000456,11977753,0,0.7856656312942505
ACH-000456,1401,0,0.8776508569717407
ACH-000456,156422,0,0.8071381449699402
ACH-000456,159324,0,0.8044022917747498
ACH-000456,16720766,0,0.8102150559425354
ACH-000456,16722836,0,0.8604324460029602
ACH-000456,16725726,0,0.9160246849060059
ACH-000456,16747388,0,0.7880297303199768
ACH-000456,176167,0,0.8640758991241455
ACH-000456,17755052,0,0.726799726486206
ACH-000456,2314623,1,0.8107107281684875
ACH-000456,2375,0,0.7038602232933044
ACH-000456,24180719,1,0.7234764099121094
ACH-000456,24756910,0,0.8598986268043518
ACH-000456,24772860,0,0.7197977304458618
ACH-000456,24785538,0,0.8015943765640259
ACH-000456,24826799,0,0.7634521722793579
ACH-000456,24889392,0,0.7861340641975403
ACH-000456,24894414,0,0.8895960450172424
ACH-000456,24951314,0,0.8520045876502991
ACH-000456,24978538,0,0.8635034561157227
ACH-000456,25022668,0,0.8001003265380859
ACH-000456,25102847,0,0.6841557025909424
ACH-000456,25124816,0,0.786490797996521
ACH-000456,25126798,0,0.9388369917869568
ACH-000456,25167777,0,0.7942334413528442
ACH-000456,25195352,0,0.6653382778167725
ACH-000456,25222038,0,0.9149637222290039
ACH-000456,25257557,1,0.9214087128639221
ACH-000456,25262965,0,0.7409026026725769
ACH-000456,2726824,0,0.735112190246582
ACH-000456,2733526,0,0.8508163094520569
ACH-000456,3005532,0,0.6554880142211914
ACH-000456,31703,0,0.6518337726593018
ACH-000456,3218,0,0.951679527759552
ACH-000456,3385,0,0.9547574520111084
ACH-000456,3463933,0,0.7622997164726257
ACH-000456,36462,0,0.5596181154251099
ACH-000456,3796,0,0.7449584603309631
ACH-000456,4263900,0,0.7768478989601135
ACH-000456,42640,0,0.6942123174667358
ACH-000456,42642645,0,0.6872398257255554
ACH-000456,44137675,0,0.8404515981674194
ACH-000456,44143370,1,0.7912638187408447
ACH-000456,44182295,0,0.7772314548492432
ACH-000456,44224160,0,0.8048532009124756
ACH-000456,44450571,0,0.7800838351249695
ACH-000456,44462760,1,0.805076539516449
ACH-000456,44551660,0,0.7746340036392212
ACH-000456,44632017,0,0.754105269908905
ACH-000456,446378,0,0.7404072284698486
ACH-000456,447912,0,0.8085290193557739
ACH-000456,448013,0,0.6826432347297668
ACH-000456,44819241,0,0.8635272979736328
ACH-000456,46191454,0,0.704645037651062
ACH-000456,46224516,0,0.856372594833374
ACH-000456,46883536,0,0.7632092237472534
ACH-000456,46885626,0,0.8586328625679016
ACH-000456,46907787,0,0.7126647233963013
ACH-000456,46930998,0,0.7466334104537964
ACH-000456,46931012,0,0.8465608358383179
ACH-000456,46943432,0,0.8555057048797607
ACH-000456,49806720,0,0.7928498387336731
ACH-000456,5113032,0,0.8668835759162903
ACH-000456,51371303,0,0.8553668260574341
ACH-000456,5208,0,0.8755689263343811
ACH-000456,521106,0,0.8614808917045593
ACH-000456,5278396,0,0.8433452248573303
ACH-000456,5280757,0,0.7434194684028625
ACH-000456,5289247,0,0.8578456044197083
ACH-000456,5311497,0,0.7515908479690552
ACH-000456,5327091,0,0.8122332096099854
ACH-000456,53302361,1,0.8108683228492737
ACH-000456,5330286,0,0.7778124809265137
ACH-000456,53340664,0,0.8338659405708313
ACH-000456,53394750,0,0.900307297706604
ACH-000456,5394,0,0.8111357688903809
ACH-000456,5459322,0,0.7668684124946594
ACH-000456,5460769,0,0.695010244846344
ACH-000456,54676905,1,0.8253152966499329
ACH-000456,54685215,0,0.7333216071128845
ACH-000456,560326,0,0.7501887679100037
ACH-000456,56962337,0,0.7193129062652588
ACH-000456,56965967,0,0.8226690292358398
ACH-000456,57339144,0,0.8432900309562683
ACH-000456,5746,0,0.7454771995544434
ACH-000456,60750,0,0.8044638633728027
ACH-000456,637858,0,0.8129902482032776
ACH-000456,6445533,0,0.8668206334114075
ACH-000456,6445562,0,0.8132601976394653
ACH-000456,6450816,0,0.7842020988464355
ACH-000456,6505803,0,0.7184337377548218
ACH-000456,66577006,0,0.8458843231201172
ACH-000456,6753378,0,0.730025589466095
ACH-000456,6852167,0,0.7516239881515503
ACH-000456,6914657,0,0.6740052700042725
ACH-000456,6918638,0,0.7709859609603882
ACH-000456,6918848,0,0.7448921203613281
ACH-000456,704473,0,0.9170029163360596
ACH-000456,71271629,0,0.8773776888847351
ACH-000456,82146,0,0.8537448048591614
ACH-000456,8249,0,0.8403826355934143
ACH-000456,85668777,0,0.7308178544044495
ACH-000456,9810884,1,0.9275612831115723
ACH-000456,9813758,0,0.8992457985877991
ACH-000456,9826528,0,0.7334442734718323
ACH-000456,9858940,0,0.8469082117080688
ACH-000456,9863776,1,0.8161666989326477
ACH-000456,9868037,0,0.8604902625083923
ACH-000456,9874913,0,0.8478288650512695
ACH-000456,9884685,0,0.7676700949668884
ACH-000456,9903786,0,0.8811172246932983
ACH-000456,9910224,0,0.8749624490737915
ACH-000456,9911830,0,0.8190664052963257
ACH-000456,9914412,0,0.7930646538734436
ACH-000456,9931953,0,0.7240641713142395
ACH-000456,9938202,0,0.8066569566726685
ACH-000456,9952773,0,0.7609754204750061
ACH-000456,9956119,1,0.8104578256607056
ACH-000456,9956222,0,0.7806322574615479
ACH-000456,9967941,0,0.8467105627059937
ACH-000463,10027278,1,0.7536746859550476
ACH-000463,10074640,0,0.7153010368347168
ACH-000463,10077147,0,0.9173733592033386
ACH-000463,10096043,0,0.7498748898506165
ACH-000463,10109823,0,0.6574258804321289
ACH-000463,10113978,0,0.37688952684402466
ACH-000463,10127622,1,0.26456525921821594
ACH-000463,10184653,0,0.7535815834999084
ACH-000463,10196499,1,0.48598384857177734
ACH-000463,10200390,0,0.8266242742538452
ACH-000463,10341154,0,0.9548323750495911
ACH-000463,10384072,0,0.6885833740234375
ACH-000463,10451420,0,0.9238980412483215
ACH-000463,10459196,1,0.7611397504806519
ACH-000463,104842,0,0.7999629974365234
ACH-000463,11152667,0,0.8377707600593567
ACH-000463,11178236,0,0.9455048441886902
ACH-000463,11282283,1,0.4771152436733246
ACH-000463,11316960,0,0.82448810338974
ACH-000463,11327430,0,0.6625564098358154
ACH-000463,11338033,0,0.3628329932689667
ACH-000463,11373846,0,0.8565600514411926
ACH-000463,11404337,0,0.886923611164093
ACH-000463,11433190,1,0.8644363880157471
ACH-000463,11455910,0,0.8450647592544556
ACH-000463,11485656,0,0.8435091972351074
ACH-000463,11493598,0,0.9424248933792114
ACH-000463,11609586,0,0.38633692264556885
ACH-000463,11617559,0,0.7557032704353333
ACH-000463,11624601,0,0.39517226815223694
ACH-000463,11625818,0,0.969325065612793
ACH-000463,11634725,0,0.6367804408073425
ACH-000463,11640390,0,0.9137232303619385
ACH-000463,11647372,0,0.42460963129997253
ACH-000463,11667893,0,0.7253550887107849
ACH-000463,11707110,0,0.9028220176696777
ACH-000463,11713159,0,0.8981750011444092
ACH-000463,11754511,0,0.7984442710876465
ACH-000463,11960529,0,0.7903509736061096
ACH-000463,11977753,0,0.8659065961837769
ACH-000463,123631,0,0.7405455112457275
ACH-000463,126565,0,0.8953531980514526
ACH-000463,126941,1,0.9754102230072021
ACH-000463,1401,0,0.9234747290611267
ACH-000463,148124,0,0.2923996150493622
ACH-000463,156422,0,0.753521203994751
ACH-000463,159324,0,0.8851677179336548
ACH-000463,16720766,0,0.7571789622306824
ACH-000463,16722836,0,0.7835356593132019
ACH-000463,16725726,0,0.9374886155128479
ACH-000463,16747388,0,0.7252160906791687
ACH-000463,176158,0,0.7234689593315125
ACH-000463,176167,0,0.7704240083694458
ACH-000463,17755052,0,0.6747047305107117
ACH-000463,216326,0,0.9054381251335144
ACH-000463,2314623,1,0.6896729469299316
ACH-000463,23725625,1,0.9736015200614929
ACH-000463,2375,0,0.5765830874443054
ACH-000463,24180719,0,0.4838649034500122
ACH-000463,24756910,0,0.8887255191802979
ACH-000463,24772860,0,0.6798723340034485
ACH-000463,24776445,0,0.36259564757347107
ACH-000463,24785538,0,0.6693508625030518
ACH-000463,24826799,0,0.7936887741088867
ACH-000463,24889392,0,0.5773365497589111
ACH-000463,24894414,0,0.9258493185043335
ACH-000463,24951314,0,0.701972246170044
ACH-000463,24978538,0,0.833007276058197
ACH-000463,25022668,0,0.6855907440185547
ACH-000463,25102847,0,0.4055517017841339
ACH-000463,25124816,0,0.4705389738082886
ACH-000463,25126798,0,0.9817410111427307
ACH-000463,25167777,0,0.414926141500473
ACH-000463,25195352,0,0.2536158561706543
ACH-000463,25222038,0,0.7953174710273743
ACH-000463,25257557,0,0.929035484790802
ACH-000463,25262965,0,0.776616096496582
ACH-000463,2726824,0,0.7528902888298035
ACH-000463,2733526,0,0.8034990429878235
ACH-000463,300471,0,0.7427950501441956
ACH-000463,3005532,0,0.7191042304039001
ACH-000463,31703,1,0.3468500077724457
ACH-000463,3218,0,0.9804317951202393
ACH-000463,3385,0,0.991472601890564
ACH-000463,3463933,0,0.6028634905815125
ACH-000463,36462,1,0.35991382598876953
ACH-000463,3796,0,0.4205336570739746
ACH-000463,4263900,1,0.7726525068283081
ACH-000463,42640,0,0.6771228313446045
ACH-000463,42642645,0,0.6688463687896729
ACH-000463,44137675,0,0.823340654373169
ACH-000463,44143370,0,0.7764189839363098
ACH-000463,44182295,0,0.7893049716949463
ACH-000463,44224160,0,0.777451753616333
ACH-000463,44450571,0,0.7761024236679077
ACH-000463,44462760,0,0.836747407913208
ACH-000463,444795,0,0.7628017663955688
ACH-000463,44551660,0,0.7412002086639404
ACH-000463,44632017,0,0.7695735692977905
ACH-000463,446378,0,0.7516467571258545
ACH-000463,447912,0,0.8510006666183472
ACH-000463,448013,1,0.6883746385574341
ACH-000463,44819241,1,0.842629611492157
ACH-000463,46191454,0,0.7006518840789795
ACH-000463,46224516,0,0.8554407954216003
ACH-000463,46843772,0,0.7620319128036499
ACH-000463,46883536,0,0.7634429931640625
ACH-000463,46885626,0,0.830263078212738
ACH-000463,46907787,0,0.717979371547699
ACH-000463,46930998,0,0.7450900077819824
ACH-000463,46931012,0,0.795059084892273
ACH-000463,46943432,0,0.8682063221931458
ACH-000463,49806720,0,0.8167009949684143
ACH-000463,5113032,0,0.8464308381080627
ACH-000463,51371303,0,0.8637199401855469
ACH-000463,5208,0,0.8525071144104004
ACH-000463,521106,0,0.867229163646698
ACH-000463,5278396,0,0.8183737993240356
ACH-000463,5280757,0,0.7379211783409119
ACH-000463,5289247,0,0.8495742678642273
ACH-000463,5311,1,0.7594100832939148
ACH-000463,5311497,0,0.7332489490509033
ACH-000463,5327091,1,0.8262649774551392
ACH-000463,5328940,1,0.7478864192962646
ACH-000463,53302361,0,0.8052734732627869
ACH-000463,5330286,0,0.7757593989372253
ACH-000463,53340664,0,0.8339813351631165
ACH-000463,53394750,0,0.9118471145629883
ACH-000463,5394,0,0.7921704053878784
ACH-000463,5459322,0,0.7731509804725647
ACH-000463,5460769,0,0.7190417051315308
ACH-000463,54676905,0,0.8475466966629028
ACH-000463,54685215,0,0.720116138458252
ACH-000463,560326,0,0.7487621307373047
ACH-000463,56962337,0,0.7340407967567444
ACH-000463,56965967,0,0.8036717176437378
ACH-000463,57339144,1,0.828680694103241
ACH-000463,5746,1,0.7273836135864258
ACH-000463,60750,0,0.8233978748321533
ACH-000463,6253,0,0.8206344842910767
ACH-000463,637858,0,0.8089272379875183
ACH-000463,644241,0,0.8741012215614319
ACH-000463,6445533,0,0.8543031811714172
ACH-000463,6445562,0,0.7830905318260193
ACH-000463,6450551,0,0.7196398377418518
ACH-000463,6450816,0,0.8064688444137573
ACH-000463,6505803,1,0.7138810157775879
ACH-000463,65110,0,0.8547365665435791
ACH-000463,66577006,0,0.8481606841087341
ACH-000463,6710780,0,0.7333236932754517
ACH-000463,6753378,0,0.7417618036270142
ACH-000463,6852167,0,0.736460268497467
ACH-000463,6914657,0,0.6845642328262329
ACH-000463,6918454,1,0.8281586170196533
ACH-000463,6918638,0,0.7771121859550476
ACH-000463,6918848,0,0.7233008742332458
ACH-000463,704473,0,0.8999853730201721
ACH-000463,71271629,0,0.8832829594612122
ACH-000463,82146,0,0.8623241186141968
ACH-000463,8249,0,0.8192816972732544
ACH-000463,84691,0,0.9474474787712097
ACH-000463,85668777,0,0.7318004369735718
ACH-000463,9810884,0,0.9239144325256348
ACH-000463,9813758,0,0.905632734298706
ACH-000463,9826528,0,0.7325819730758667
ACH-000463,9858940,0,0.8426985144615173
ACH-000463,9863776,0,0.8067694306373596
ACH-000463,9868037,0,0.8751364350318909
ACH-000463,9874913,0,0.8120967149734497
ACH-000463,9884685,0,0.7365092635154724
ACH-000463,9903786,0,0.8497000932693481
ACH-000463,9910224,0,0.8727854490280151
ACH-000463,9911830,0,0.7901337146759033
ACH-000463,9914412,0,0.7605675458908081
ACH-000463,9931953,1,0.7328187227249146
ACH-000463,9938202,0,0.8070971965789795
ACH-000463,9943465,1,0.8198015689849854
ACH-000463,9952773,0,0.7398766875267029
ACH-000463,9956119,0,0.8081296682357788
ACH-000463,9956222,0,0.7443205714225769
ACH-000463,9967941,0,0.8249748349189758
ACH-000469,10074640,0,0.9246277809143066
ACH-000469,10077147,1,0.9748095870018005
ACH-000469,10127622,0,0.3446091115474701
ACH-000469,10184653,0,0.8715545535087585
ACH-000469,10341154,0,0.9961678385734558
ACH-000469,10384072,0,0.7113009095191956
ACH-000469,10451420,0,0.9553520083427429
ACH-000469,10459196,0,0.8777401447296143
ACH-000469,104842,0,0.9151246547698975
ACH-000469,11152667,0,0.8949156403541565
ACH-000469,11178236,0,0.9796075820922852
ACH-000469,11282283,0,0.1674477607011795
ACH-000469,11316960,0,0.8500587344169617
ACH-000469,11327430,0,0.6883218884468079
ACH-000469,11338033,0,0.3408796489238739
ACH-000469,11373846,1,0.8129599094390869
ACH-000469,11433190,0,0.9590879678726196
ACH-000469,11455910,0,0.8956917524337769
ACH-000469,11485656,1,0.9273866415023804
ACH-000469,11493598,0,0.9923415184020996
ACH-000469,11609586,0,0.3589276671409607
ACH-000469,11617559,0,0.7899302840232849
ACH-000469,11624601,0,0.16418878734111786
ACH-000469,11625818,0,0.993391752243042
ACH-000469,11634725,0,0.5748611688613892
ACH-000469,11647372,0,0.6038559675216675
ACH-000469,11667893,1,0.5476344227790833
ACH-000469,11707110,0,0.9538594484329224
ACH-000469,11754511,0,0.8685070872306824
ACH-000469,11960529,0,0.8266769051551819
ACH-000469,11977753,0,0.9057846069335938
ACH-000469,123631,0,0.7742002010345459
ACH-000469,126565,0,0.9144026041030884
ACH-000469,126941,0,0.997668445110321
ACH-000469,1401,0,0.9292272925376892
ACH-000469,148124,0,0.05526493489742279
ACH-000469,156422,0,0.7841635346412659
ACH-000469,16722836,0,0.770620584487915
ACH-000469,16725726,1,0.9836944937705994
ACH-000469,16747388,0,0.7785401344299316
ACH-000469,176158,1,0.5041546821594238
ACH-000469,176167,0,0.9444720149040222
ACH-000469,17755052,1,0.5761260986328125
ACH-000469,216326,0,0.7811922430992126
ACH-000469,2314623,0,0.44245943427085876
ACH-000469,23725625,0,0.9970105886459351
ACH-000469,24180719,0,0.2772570550441742
ACH-000469,24756910,0,0.7900936603546143
ACH-000469,24772860,0,0.663602888584137
ACH-000469,24776445,0,0.08091729134321213
ACH-000469,24889392,0,0.3327104151248932
ACH-000469,24894414,0,0.9417089819908142
ACH-000469,24951314,0,0.8769546747207642
ACH-000469,24978538,0,0.9905106425285339
ACH-000469,25102847,1,0.485144704580307
ACH-000469,25126798,0,0.9940144419670105
ACH-000469,25167777,0,0.5591408014297485
ACH-000469,25195352,0,0.34903523325920105
ACH-000469,25257557,0,0.8104872703552246
ACH-000469,25262965,0,0.6865929365158081
ACH-000469,2726824,0,0.5869415402412415
ACH-000469,2733526,0,0.6985116600990295
ACH-000469,300471,0,0.47684893012046814
ACH-000469,3385,0,0.9990540146827698
ACH-000469,3796,0,0.2614732086658478
ACH-000469,42640,0,0.6300142407417297
ACH-000469,42642645,0,0.6450019478797913
ACH-000469,44143370,0,0.7052657604217529
ACH-000469,44182295,0,0.7076758146286011
ACH-000469,44224160,0,0.7382922172546387
ACH-000469,44450571,1,0.6879578828811646
ACH-000469,44462760,0,0.7508644461631775
ACH-000469,444795,1,0.7160888910293579
ACH-000469,44551660,0,0.7099311351776123
ACH-000469,44632017,0,0.6887933015823364
ACH-000469,447912,0,0.723517894744873
ACH-000469,44819241,0,0.7526050806045532
ACH-000469,46191454,0,0.6516216993331909
ACH-000469,46224516,0,0.7886281609535217
ACH-000469,46843772,0,0.6828851103782654
ACH-000469,46883536,0,0.739628255367279
ACH-000469,46885626,0,0.7434879541397095
ACH-000469,46930998,0,0.6979999542236328
ACH-000469,46931012,0,0.7408624887466431
ACH-000469,46943432,0,0.7786517143249512
ACH-000469,49806720,0,0.7068306803703308
ACH-000469,5113032,0,0.8179457783699036
ACH-000469,51371303,0,0.7681640982627869
ACH-000469,5278396,0,0.7483892440795898
ACH-000469,5289247,0,0.7726858854293823
ACH-000469,5311,0,0.6989078521728516
ACH-000469,5327091,0,0.708681046962738
ACH-000469,5328940,0,0.6937991380691528
ACH-000469,5330286,0,0.7111170291900635
ACH-000469,53340664,0,0.7380043268203735
ACH-000469,53394750,0,0.8335122466087341
ACH-000469,5394,0,0.7598796486854553
ACH-000469,54685215,0,0.6657693982124329
ACH-000469,56962337,0,0.6427834630012512
ACH-000469,56965967,0,0.7333853244781494
ACH-000469,57339144,0,0.7659505605697632
ACH-000469,6253,0,0.719677746295929
ACH-000469,637858,0,0.7191215753555298
ACH-000469,644241,0,0.7892287373542786
ACH-000469,6445562,0,0.7129713892936707
ACH-000469,6450551,1,0.6612447500228882
ACH-000469,6450816,0,0.7281739711761475
ACH-000469,6505803,0,0.6363284587860107
ACH-000469,65110,0,0.782884418964386
ACH-000469,66577006,0,0.7946959137916565
ACH-000469,6710780,0,0.6756598949432373
ACH-000469,6852167,0,0.681445300579071
ACH-000469,6914657,0,0.6366591453552246
ACH-000469,6918289,0,0.684025228023529
ACH-000469,6918454,0,0.7657886147499084
ACH-000469,6918638,0,0.684901773929596
ACH-000469,6918848,0,0.690333366394043
ACH-000469,704473,0,0.8334323167800903
ACH-000469,71271629,0,0.8140237927436829
ACH-000469,8249,0,0.7928254008293152
ACH-000469,84691,0,0.8956947922706604
ACH-000469,9810884,1,0.8575718998908997
ACH-000469,9813758,0,0.824377179145813
ACH-000469,9826528,0,0.6696986556053162
ACH-000469,9858940,0,0.7767031192779541
ACH-000469,9863776,1,0.7084833383560181
ACH-000469,9868037,0,0.7852259278297424
ACH-000469,9874913,0,0.7285572290420532
ACH-000469,9884685,0,0.6855295300483704
ACH-000469,9903786,0,0.8108959197998047
ACH-000469,9910224,0,0.801246702671051
ACH-000469,9911830,0,0.7627976536750793
ACH-000469,9914412,0,0.710356593132019
ACH-000469,9931953,0,0.6578311920166016
ACH-000469,9938202,0,0.7182055711746216
ACH-000469,9943465,0,0.7134337425231934
ACH-000469,9952773,0,0.6928781270980835
ACH-000469,9956222,0,0.6950989365577698
ACH-000469,9967941,0,0.780877947807312
ACH-000470,10027278,0,0.919394850730896
ACH-000470,10074640,0,0.9556872844696045
ACH-000470,10096043,0,0.6984657049179077
ACH-000470,10109823,0,0.9716352224349976
ACH-000470,10113978,0,0.9830750823020935
ACH-000470,10196499,0,0.8193154335021973
ACH-000470,10200390,0,0.8416123390197754
ACH-000470,10451420,0,0.9356813430786133
ACH-000470,104842,0,0.900295615196228
ACH-000470,11178236,0,0.8004530668258667
ACH-000470,11338033,0,0.9943337440490723
ACH-000470,11373846,0,0.9267914295196533
ACH-000470,11404337,0,0.9477776288986206
ACH-000470,11455910,0,0.8542208671569824
ACH-000470,11485656,0,0.9651026129722595
ACH-000470,11493598,0,0.8627520203590393
ACH-000470,11609586,0,0.9876731038093567
ACH-000470,11617559,0,0.8785896301269531
ACH-000470,11625818,1,0.8523313999176025
ACH-000470,11634725,0,0.8556215763092041
ACH-000470,11640390,0,0.9636609554290771
ACH-000470,11647372,0,0.9838926792144775
ACH-000470,11707110,1,0.8929151892662048
ACH-000470,11713159,0,0.8546845316886902
ACH-000470,11754511,0,0.9894247055053711
ACH-000470,159324,0,0.7612329721450806
ACH-000470,16720766,0,0.9446437954902649
ACH-000470,16722836,0,0.9437161684036255
ACH-000470,16725726,0,0.9334333539009094
ACH-000470,16747388,0,0.9691380262374878
ACH-000470,176167,0,0.8985801935195923
ACH-000470,2314623,0,0.9656388759613037
ACH-000470,2375,0,0.9579011797904968
ACH-000470,24756910,0,0.7898274660110474
ACH-000470,24772860,0,0.8331639766693115
ACH-000470,24785538,0,0.8678233027458191
ACH-000470,24826799,0,0.8348468542098999
ACH-000470,24889392,0,0.929385244846344
ACH-000470,24894414,0,0.7294034957885742
ACH-000470,24951314,0,0.9886645078659058
ACH-000470,25022668,0,0.9248124957084656
ACH-000470,25102847,0,0.9691531658172607
ACH-000470,25124816,0,0.9333948493003845
ACH-000470,25126798,0,0.9212598204612732
ACH-000470,25167777,0,0.9963120818138123
ACH-000470,25195352,0,0.9732990860939026
ACH-000470,25222038,0,0.9828192591667175
ACH-000470,25257557,0,0.8958741426467896
ACH-000470,2726824,0,0.7214873433113098
ACH-000470,2733526,0,0.8789637088775635
ACH-000470,3005532,0,0.7912421226501465
ACH-000470,31703,0,0.9792446494102478
ACH-000470,3218,0,0.9286053776741028
ACH-000470,3385,0,0.9118422865867615
ACH-000470,3463933,0,0.9965516328811646
ACH-000470,36462,0,0.9920244216918945
ACH-000470,3796,0,0.8989049792289734
ACH-000470,4263900,0,0.6061276793479919
ACH-000470,42640,0,0.5716181993484497
ACH-000470,42642645,0,0.6073562502861023
ACH-000470,44137675,0,0.6755919456481934
ACH-000470,44143370,0,0.6265074610710144
ACH-000470,44224160,0,0.6359992027282715
ACH-000470,44462760,0,0.6875671148300171
ACH-000470,44551660,0,0.6447329521179199
ACH-000470,44632017,0,0.6768043637275696
ACH-000470,446378,0,0.6084017753601074
ACH-000470,448013,0,0.5816963911056519
ACH-000470,44819241,0,0.7235868573188782
ACH-000470,46191454,0,0.6116647720336914
ACH-000470,46224516,0,0.7575615644454956
ACH-000470,46883536,0,0.6928322911262512
ACH-000470,46885626,0,0.7056440711021423
ACH-000470,46907787,0,0.5967360734939575
ACH-000470,46931012,0,0.6636397242546082
ACH-000470,46943432,0,0.734607994556427
ACH-000470,49806720,0,0.6791695356369019
ACH-000470,5113032,0,0.7706458568572998
ACH-000470,51371303,0,0.7477855086326599
ACH-000470,5208,0,0.7403919100761414
ACH-000470,521106,0,0.7740485072135925
ACH-000470,5280757,0,0.6225788593292236
ACH-000470,5289247,1,0.7195824384689331
ACH-000470,5311497,0,0.6426107287406921
ACH-000470,5327091,0,0.6784416437149048
ACH-000470,53302361,0,0.6522243022918701
ACH-000470,53340664,0,0.6960641741752625
ACH-000470,53394750,0,0.7586803436279297
ACH-000470,5394,0,0.734606146812439
ACH-000470,5459322,0,0.6522713899612427
ACH-000470,5460769,0,0.5785544514656067
ACH-000470,54676905,0,0.6965251564979553
ACH-000470,54685215,0,0.6552369594573975
ACH-000470,560326,0,0.6161238551139832
ACH-000470,56962337,0,0.5996045470237732
ACH-000470,56965967,0,0.7187972068786621
ACH-000470,57339144,0,0.7332402467727661
ACH-000470,5746,0,0.6188242435455322
ACH-000470,60750,0,0.6491354703903198
ACH-000470,637858,0,0.7289072275161743
ACH-000470,6445533,0,0.7428409457206726
ACH-000470,6445562,1,0.6586816906929016
ACH-000470,6450816,0,0.6600990891456604
ACH-000470,66577006,0,0.6929879188537598
ACH-000470,6753378,0,0.6104891300201416
ACH-000470,6852167,0,0.6377637386322021
ACH-000470,6914657,0,0.6001250743865967
ACH-000470,6918638,0,0.6589234471321106
ACH-000470,6918848,0,0.6624864339828491
ACH-000470,704473,0,0.8153383731842041
ACH-000470,71271629,0,0.7466064691543579
ACH-000470,82146,0,0.7278854846954346
ACH-000470,8249,0,0.6495583057403564
ACH-000470,85668777,0,0.6773284077644348
ACH-000470,9810884,0,0.8338112235069275
ACH-000470,9813758,0,0.7823783159255981
ACH-000470,9858940,0,0.6995903849601746
ACH-000470,9863776,0,0.7034866809844971
ACH-000470,9868037,0,0.7512243390083313
ACH-000470,9874913,1,0.6638512015342712
ACH-000470,9884685,0,0.6432273387908936
ACH-000470,9903786,0,0.7397911548614502
ACH-000470,9910224,0,0.7378337383270264
ACH-000470,9911830,0,0.706649124622345
ACH-000470,9931953,0,0.5985718965530396
ACH-000470,9938202,0,0.6962911486625671
ACH-000470,9952773,0,0.6680681705474854
ACH-000470,9956119,0,0.6492398977279663
ACH-000470,9956222,0,0.6285360455513
ACH-000470,9967941,0,0.6970204710960388
ACH-000473,10027278,1,0.5895935893058777
ACH-000473,10074640,0,0.6632350087165833
ACH-000473,10096043,1,0.578641951084137
ACH-000473,10109823,0,0.5581811666488647
ACH-000473,10113978,1,0.5354115962982178
ACH-000473,10196499,0,0.4932347536087036
ACH-000473,10200390,0,0.6665683388710022
ACH-000473,10451420,0,0.8015208840370178
ACH-000473,104842,0,0.6106078624725342
ACH-000473,11178236,0,0.7097114324569702
ACH-000473,11282283,0,0.491409569978714
ACH-000473,11338033,0,0.538881778717041
ACH-000473,11373846,0,0.7234154343605042
ACH-000473,11404337,0,0.8100963830947876
ACH-000473,11455910,0,0.6127476096153259
ACH-000473,11485656,1,0.69553542137146
ACH-000473,11493598,0,0.7577677965164185
ACH-000473,11609586,0,0.5707890391349792
ACH-000473,11617559,0,0.597849428653717
ACH-000473,11625818,0,0.8077084422111511
ACH-000473,11634725,0,0.5893799066543579
ACH-000473,11640390,0,0.7755702137947083
ACH-000473,11647372,0,0.5552246570587158
ACH-000473,11707110,0,0.7591731548309326
ACH-000473,11713159,1,0.6905787587165833
ACH-000473,11754511,0,0.7208118438720703
ACH-000473,159324,1,0.5907328128814697
ACH-000473,16720766,0,0.7230379581451416
ACH-000473,16722836,0,0.6852568984031677
ACH-000473,16725726,1,0.8145690560340881
ACH-000473,16747388,0,0.567595899105072
ACH-000473,176167,0,0.7033809423446655
ACH-000473,2314623,0,0.6056078672409058
ACH-000473,2375,0,0.5076149702072144
ACH-000473,24756910,0,0.6489644646644592
ACH-000473,24772860,0,0.5972691178321838
ACH-000473,24785538,0,0.621788740158081
ACH-000473,24826799,1,0.689472496509552
ACH-000473,24889392,0,0.4717550277709961
ACH-000473,24894414,0,0.6627134084701538
ACH-000473,24951314,0,0.698415994644165
ACH-000473,25022668,1,0.5914377570152283
ACH-000473,25102847,0,0.4073673188686371
ACH-000473,25124816,0,0.48073893785476685
ACH-000473,25126798,0,0.8637115359306335
ACH-000473,25167777,0,0.53084796667099
ACH-000473,25195352,0,0.4899519681930542
ACH-000473,25222038,0,0.6465319991111755
ACH-000473,25257557,1,0.7018414735794067
ACH-000473,2726824,0,0.5542858242988586
ACH-000473,2733526,0,0.6155028939247131
ACH-000473,3005532,0,0.4818485975265503
ACH-000473,31703,0,0.5010409355163574
ACH-000473,3218,0,0.8579462170600891
ACH-000473,3385,0,0.8341929316520691
ACH-000473,3463933,0,0.6775221824645996
ACH-000473,36462,0,0.47566190361976624
ACH-000473,3796,0,0.5255117416381836
ACH-000473,4263900,0,0.5927705764770508
ACH-000473,42640,0,0.5646780133247375
ACH-000473,42642645,1,0.5795661211013794
ACH-000473,44137675,0,0.6417636275291443
ACH-000473,44143370,0,0.6272245645523071
ACH-000473,44224160,0,0.6224231123924255
ACH-000473,44462760,0,0.6326988935470581
ACH-000473,44551660,0,0.6438660025596619
ACH-000473,44632017,0,0.6259438395500183
ACH-000473,446378,0,0.5818172693252563
ACH-000473,447912,0,0.6392101645469666
ACH-000473,448013,0,0.5752736926078796
ACH-000473,44819241,0,0.6630378365516663
ACH-000473,46191454,0,0.5862870216369629
ACH-000473,46224516,0,0.736419141292572
ACH-000473,46883536,0,0.6133738160133362
ACH-000473,46885626,1,0.6300908923149109
ACH-000473,46907787,0,0.5779283046722412
ACH-000473,46931012,0,0.6332973837852478
ACH-000473,46943432,0,0.673355758190155
ACH-000473,49806720,0,0.639447033405304
ACH-000473,5113032,0,0.6905884146690369
ACH-000473,51371303,0,0.6968693733215332
ACH-000473,5208,0,0.7017064094543457
ACH-000473,521106,0,0.7232717275619507
ACH-000473,5280757,1,0.5848643183708191
ACH-000473,5289247,0,0.6837167739868164
ACH-000473,5311497,0,0.5897523760795593
ACH-000473,5327091,0,0.6372898817062378
ACH-000473,53302361,0,0.6433951258659363
ACH-000473,53340664,0,0.6788173913955688
ACH-000473,53394750,1,0.6944113969802856
ACH-000473,5394,0,0.64374178647995
ACH-000473,5459322,0,0.6147570610046387
ACH-000473,5460769,0,0.5742844939231873
ACH-000473,54676905,0,0.6639257073402405
ACH-000473,54685215,0,0.5826877951622009
ACH-000473,560326,0,0.5921622514724731
ACH-000473,56962337,0,0.5863513350486755
ACH-000473,56965967,0,0.6280475854873657
ACH-000473,57339144,0,0.6623126268386841
ACH-000473,5746,0,0.6194310784339905
ACH-000473,60750,0,0.6147764921188354
ACH-000473,637858,0,0.6434588432312012
ACH-000473,6445533,1,0.7513723373413086
ACH-000473,6445562,0,0.6188136339187622
ACH-000473,6450816,0,0.6086016893386841
ACH-000473,66577006,0,0.6530151963233948
ACH-000473,6753378,0,0.6059545278549194
ACH-000473,6852167,0,0.6470847129821777
ACH-000473,6914657,0,0.5837088823318481
ACH-000473,6918638,0,0.647675633430481
ACH-000473,6918848,0,0.6293843984603882
ACH-000473,704473,0,0.7803295850753784
ACH-000473,71271629,0,0.6752548813819885
ACH-000473,82146,0,0.6706236004829407
ACH-000473,8249,0,0.6478967070579529
ACH-000473,85668777,0,0.6105301380157471
ACH-000473,9810884,1,0.7968088388442993
ACH-000473,9813758,0,0.7584801316261292
ACH-000473,9858940,0,0.6390968561172485
ACH-000473,9863776,0,0.6362044811248779
ACH-000473,9868037,0,0.7016581296920776
ACH-000473,9874913,0,0.6573632955551147
ACH-000473,9884685,0,0.6111006736755371
ACH-000473,9903786,0,0.68445885181427
ACH-000473,9910224,0,0.6782470345497131
ACH-000473,9911830,0,0.6715091466903687
ACH-000473,9931953,0,0.581961452960968
ACH-000473,9938202,0,0.6594855189323425
ACH-000473,9952773,0,0.6390607357025146
ACH-000473,9956119,1,0.6373664736747742
ACH-000473,9956222,0,0.6188622117042542
ACH-000473,9967941,1,0.6475239992141724
ACH-000504,10027278,0,0.8039695024490356
ACH-000504,10074640,0,0.8073281645774841
ACH-000504,10077147,0,0.9579041600227356
ACH-000504,10096043,0,0.6988843083381653
ACH-000504,10109823,0,0.8284766674041748
ACH-000504,10113978,1,0.9510316848754883
ACH-000504,10127622,0,0.8196115493774414
ACH-000504,10172943,0,0.8453145027160645
ACH-000504,10184653,0,0.7617420554161072
ACH-000504,10196499,0,0.726764440536499
ACH-000504,10200390,0,0.8705007433891296
ACH-000504,10302451,0,0.7469712495803833
ACH-000504,10341154,0,0.8480623364448547
ACH-000504,10384072,0,0.7242991924285889
ACH-000504,10390396,0,0.6279633045196533
ACH-000504,10451420,0,0.8620220422744751
ACH-000504,10459196,0,0.6989348530769348
ACH-000504,10461815,0,0.8809460401535034
ACH-000504,104842,0,0.7075206637382507
ACH-000504,11152667,0,0.8756245970726013
ACH-000504,11178236,0,0.7256346940994263
ACH-000504,11282283,0,0.8741203546524048
ACH-000504,11316960,0,0.803026020526886
ACH-000504,11327430,0,0.8284731507301331
ACH-000504,11338033,0,0.9194517731666565
ACH-000504,11364421,0,0.8761970400810242
ACH-000504,11373846,0,0.8697961568832397
ACH-000504,11404337,0,0.9044401049613953
ACH-000504,11433190,0,0.8320974111557007
ACH-000504,11455910,1,0.7389182448387146
ACH-000504,11485656,0,0.8624599575996399
ACH-000504,11493598,0,0.7524853944778442
ACH-000504,11609586,0,0.9105013012886047
ACH-000504,11617559,0,0.7777846455574036
ACH-000504,11624601,0,0.8928496241569519
ACH-000504,11625818,0,0.6911466121673584
ACH-000504,11626560,0,0.8265465497970581
ACH-000504,11626927,0,0.8349236249923706
ACH-000504,11634725,0,0.6915210485458374
ACH-000504,11640390,0,0.7731651663780212
ACH-000504,11647372,0,0.8673352599143982
ACH-000504,11667893,0,0.7880834937095642
ACH-000504,11676786,0,0.804902970790863
ACH-000504,11707110,0,0.7356199622154236
ACH-000504,11713159,0,0.7014141082763672
ACH-000504,11754511,0,0.9093748927116394
ACH-000504,11844351,1,0.8976954817771912
ACH-000504,11960529,0,0.8152821660041809
ACH-000504,11977753,0,0.8152768015861511
ACH-000504,123631,0,0.8572810292243958
ACH-000504,126565,0,0.866577684879303
ACH-000504,126941,0,0.7854737043380737
ACH-000504,1401,0,0.8271227478981018
ACH-000504,148124,0,0.7652835249900818
ACH-000504,156422,0,0.7344104647636414
ACH-000504,159324,0,0.7549525499343872
ACH-000504,160355,0,0.6705676913261414
ACH-000504,16038120,0,0.7201929688453674
ACH-000504,16095342,0,0.8215146660804749
ACH-000504,16663089,0,0.7454416751861572
ACH-000504,16720766,0,0.7194012403488159
ACH-000504,16722836,0,0.8744745850563049
ACH-000504,16725726,0,0.8457086086273193
ACH-000504,16747388,0,0.8418885469436646
ACH-000504,16760646,0,0.5953109860420227
ACH-000504,176158,0,0.8057516813278198
ACH-000504,176167,0,0.7593576908111572
ACH-000504,176870,0,0.7522003650665283
ACH-000504,17755052,0,0.8201529383659363
ACH-000504,20635522,0,0.7383620738983154
ACH-000504,208908,0,0.8410997986793518
ACH-000504,216239,0,0.8327951431274414
ACH-000504,216326,0,0.8994747996330261
ACH-000504,2314623,0,0.8623073697090149
ACH-000504,23725625,0,0.8859375715255737
ACH-000504,2375,0,0.8840340375900269
ACH-000504,24180719,0,0.9415032863616943
ACH-000504,24756910,0,0.7700300216674805
ACH-000504,24772860,0,0.7496732473373413
ACH-000504,24776445,0,0.9203723073005676
ACH-000504,24785538,0,0.7888876795768738
ACH-000504,24825971,0,0.8568056225776672
ACH-000504,24826799,0,0.7378345131874084
ACH-000504,24889392,0,0.8395308256149292
ACH-000504,24894414,0,0.7209576964378357
ACH-000504,24951314,0,0.8250375390052795
ACH-000504,24978538,0,0.862590491771698
ACH-000504,25022668,0,0.8059683442115784
ACH-000504,25102847,0,0.822163462638855
ACH-000504,25124816,0,0.9003432393074036
ACH-000504,25126798,0,0.8644545078277588
ACH-000504,25167777,0,0.9490005970001221
ACH-000504,25195352,0,0.7837276458740234
ACH-000504,25222038,0,0.9315090775489807
ACH-000504,25257557,1,0.8937218189239502
ACH-000504,25262965,0,0.7347524762153625
ACH-000504,2726824,0,0.6919245719909668
ACH-000504,2733526,0,0.848007321357727
ACH-000504,300471,0,0.6789373159408569
ACH-000504,3005532,0,0.7591373920440674
ACH-000504,3062316,1,0.9099235534667969
ACH-000504,31703,0,0.8511579632759094
ACH-000504,3218,0,0.8622080087661743
ACH-000504,3385,0,0.8221952319145203
ACH-000504,3463933,0,0.8580639362335205
ACH-000504,36314,0,0.708462655544281
ACH-000504,36462,0,0.9151960015296936
ACH-000504,3796,0,0.804050862789154
ACH-000504,387447,0,0.7116909027099609
ACH-000504,4261,0,0.6216897964477539
ACH-000504,4263900,0,0.6483249068260193
ACH-000504,42640,0,0.5846989750862122
ACH-000504,42642645,0,0.6024379730224609
ACH-000504,44137675,1,0.7063362002372742
ACH-000504,44143370,0,0.6805435419082642
ACH-000504,44182295,0,0.6729182600975037
ACH-000504,44224160,0,0.7104469537734985
ACH-000504,44450571,0,0.6648920774459839
ACH-000504,44462760,0,0.7001981735229492
ACH-000504,444795,0,0.6612316966056824
ACH-000504,44551660,0,0.6842347979545593
ACH-000504,44632017,0,0.6630568504333496
ACH-000504,446378,0,0.6096523404121399
ACH-000504,447912,0,0.681749701499939
ACH-000504,448013,0,0.606346607208252
ACH-000504,44819241,0,0.7186499834060669
ACH-000504,46191454,0,0.6139112710952759
ACH-000504,46224516,0,0.7844645380973816
ACH-000504,462382,0,0.5419347286224365
ACH-000504,46843772,0,0.6429752707481384
ACH-000504,46844147,0,0.6413055658340454
ACH-000504,46883536,0,0.6682910919189453
ACH-000504,46885626,0,0.7027992606163025
ACH-000504,46907787,0,0.6034006476402283
ACH-000504,46930998,0,0.6641122698783875
ACH-000504,46931012,0,0.6993478536605835
ACH-000504,46943432,0,0.7474735379219055
ACH-000504,49806720,0,0.6774110794067383
ACH-000504,49821040,0,0.6087267994880676
ACH-000504,49836027,0,0.667313814163208
ACH-000504,4993,0,0.6970730423927307
ACH-000504,5113032,0,0.7736659049987793
ACH-000504,51371303,0,0.7445805072784424
ACH-000504,5208,0,0.7832142114639282
ACH-000504,521106,0,0.779994547367096
ACH-000504,5278396,0,0.7125715017318726
ACH-000504,5280757,0,0.6141417026519775
ACH-000504,5289247,0,0.7538285851478577
ACH-000504,5291,0,0.6427019238471985
ACH-000504,5311,0,0.6763112545013428
ACH-000504,5311497,0,0.6311783194541931
ACH-000504,5311510,0,0.7013235688209534
ACH-000504,5327091,0,0.6974309682846069
ACH-000504,5328940,0,0.6597537994384766
ACH-000504,5329102,0,0.623108446598053
ACH-000504,53302361,0,0.6920404434204102
ACH-000504,5330286,0,0.6748300790786743
ACH-000504,53340664,0,0.7249818444252014
ACH-000504,53394750,0,0.7998806834220886
ACH-000504,5394,0,0.6915897130966187
ACH-000504,5459322,0,0.6657940149307251
ACH-000504,5460769,0,0.5889719724655151
ACH-000504,54676905,0,0.7544718980789185
ACH-000504,54685215,0,0.6105067133903503
ACH-000504,5494449,0,0.8367994427680969
ACH-000504,560326,0,0.6254166960716248
ACH-000504,56962337,0,0.6159188151359558
ACH-000504,56965967,0,0.6773707866668701
ACH-000504,5717801,0,0.5422455668449402
ACH-000504,57339144,0,0.7225193381309509
ACH-000504,5746,0,0.6559323072433472
ACH-000504,60750,0,0.6714067459106445
ACH-000504,6253,0,0.6966896653175354
ACH-000504,637858,0,0.6790536046028137
ACH-000504,644215,1,0.6519615650177002
ACH-000504,644241,0,0.7686798572540283
ACH-000504,6445533,0,0.7899019122123718
ACH-000504,6445562,0,0.6714712381362915
ACH-000504,6450551,0,0.6318261027336121
ACH-000504,6450816,0,0.6678146123886108
ACH-000504,6505803,0,0.6019675731658936
ACH-000504,65110,0,0.7667196393013
ACH-000504,66577006,0,0.752190113067627
ACH-000504,6710780,0,0.6367882490158081
ACH-000504,6753378,0,0.6339231133460999
ACH-000504,6852167,0,0.6651326417922974
ACH-000504,6914657,0,0.6053901314735413
ACH-000504,6918289,0,0.6364318132400513
ACH-000504,6918454,0,0.7416315674781799
ACH-000504,6918638,0,0.6698159575462341
ACH-000504,6918848,0,0.6606988906860352
ACH-000504,704473,0,0.8297067284584045
ACH-000504,71271629,0,0.7789919972419739
ACH-000504,7251185,0,0.7225923538208008
ACH-000504,76044,0,0.667608380317688
ACH-000504,82146,1,0.7397187352180481
ACH-000504,8249,0,0.7705121636390686
ACH-000504,84691,0,0.894628643989563
ACH-000504,85668777,0,0.6263126134872437
ACH-000504,9549184,1,0.7465029358863831
ACH-000504,9810884,1,0.8650182485580444
ACH-000504,9813758,0,0.8144497275352478
ACH-000504,9826308,0,0.6301789283752441
ACH-000504,9826528,0,0.6365720629692078
ACH-000504,9858940,0,0.7219812870025635
ACH-000504,9863776,0,0.6697384715080261
ACH-000504,9868037,0,0.7569382190704346
ACH-000504,9874913,0,0.712784469127655
ACH-000504,9884685,0,0.646089494228363
ACH-000504,9903786,0,0.7799146175384521
ACH-000504,9907093,1,0.6548844575881958
ACH-000504,9910224,0,0.7606618404388428
ACH-000504,9911830,0,0.7298684120178223
ACH-000504,9914412,0,0.6902598738670349
ACH-000504,9931953,0,0.6160499453544617
ACH-000504,9938202,0,0.6925955414772034
ACH-000504,9943465,0,0.6851871609687805
ACH-000504,9952773,0,0.6612091660499573
ACH-000504,9956119,0,0.686732292175293
ACH-000504,9956222,0,0.66233229637146
ACH-000504,9967941,0,0.7254594564437866
ACH-000508,10027278,0,0.6063999533653259
ACH-000508,10074640,0,0.6145604848861694
ACH-000508,10077147,0,0.8306972980499268
ACH-000508,10096043,0,0.5578517913818359
ACH-000508,10109823,0,0.505095899105072
ACH-000508,10113978,0,0.19073282182216644
ACH-000508,10127622,0,0.19167888164520264
ACH-000508,10172943,0,0.5794571042060852
ACH-000508,10184653,0,0.6976404190063477
ACH-000508,10196499,0,0.28206610679626465
ACH-000508,10200390,0,0.5667949914932251
ACH-000508,10302451,0,0.44782549142837524
ACH-000508,10341154,0,0.971422553062439
ACH-000508,10384072,0,0.5551759600639343
ACH-000508,10390396,0,0.4544055461883545
ACH-000508,10451420,0,0.7943388819694519
ACH-000508,10459196,0,0.685714840888977
ACH-000508,10461815,0,0.5812205672264099
ACH-000508,104842,0,0.7462201714515686
ACH-000508,11152667,0,0.6265461444854736
ACH-000508,11282283,1,0.25710174441337585
ACH-000508,11316960,0,0.6230888962745667
ACH-000508,11327430,0,0.5042874217033386
ACH-000508,11338033,0,0.1413513720035553
ACH-000508,11364421,0,0.77596116065979
ACH-000508,11373846,0,0.6098717451095581
ACH-000508,11404337,0,0.6406348347663879
ACH-000508,11433190,0,0.796433687210083
ACH-000508,11455910,0,0.7965336441993713
ACH-000508,11485656,0,0.7719324231147766
ACH-000508,11493598,0,0.9509364366531372
ACH-000508,11609586,0,0.3408759534358978
ACH-000508,11617559,0,0.6208311319351196
ACH-000508,11624601,0,0.2989817261695862
ACH-000508,11625818,0,0.938244104385376
ACH-000508,11626560,0,0.4127103090286255
ACH-000508,11626927,0,0.5598701238632202
ACH-000508,11634725,0,0.5241482257843018
ACH-000508,11640390,0,0.9540367722511292
ACH-000508,11647372,0,0.28459909558296204
ACH-000508,11667893,0,0.6387833952903748
ACH-000508,11676786,0,0.619010329246521
ACH-000508,11707110,0,0.8201612234115601
ACH-000508,11713159,0,0.8790076971054077
ACH-000508,11754511,0,0.6656098961830139
ACH-000508,11844351,0,0.7440145611763
ACH-000508,11960529,0,0.8529537916183472
ACH-000508,11977753,0,0.7642850875854492
ACH-000508,123631,0,0.5655079483985901
ACH-000508,126565,0,0.7656999826431274
ACH-000508,126941,0,0.9772511124610901
ACH-000508,1401,0,0.8253397345542908
ACH-000508,148124,0,0.1821577250957489
ACH-000508,156422,0,0.7186494469642639
ACH-000508,159324,0,0.7701065540313721
ACH-000508,160355,0,0.8305689096450806
ACH-000508,16038120,0,0.4477911591529846
ACH-000508,16095342,0,0.5436888933181763
ACH-000508,16663089,0,0.549202561378479
ACH-000508,16720766,0,0.7817140817642212
ACH-000508,16722836,0,0.6723957657814026
ACH-000508,16725726,0,0.8722233176231384
ACH-000508,16747388,0,0.6632779836654663
ACH-000508,16760646,0,0.5467391014099121
ACH-000508,176158,0,0.517827033996582
ACH-000508,176167,0,0.8045768737792969
ACH-000508,176870,0,0.7824137210845947
ACH-000508,17755052,0,0.6923462748527527
ACH-000508,20635522,0,0.5599709153175354
ACH-000508,208908,0,0.4375761151313782
ACH-000508,216239,0,0.38107991218566895
ACH-000508,216326,0,0.7752805948257446
ACH-000508,2314623,0,0.4872000217437744
ACH-000508,23725625,0,0.9295990467071533
ACH-000508,2375,0,0.37906742095947266
ACH-000508,24180719,0,0.3569457530975342
ACH-000508,24772860,0,0.5980594754219055
ACH-000508,24776445,0,0.21130408346652985
ACH-000508,24785538,0,0.6408178210258484
ACH-000508,24825971,0,0.5658588409423828
ACH-000508,24826799,0,0.6815149188041687
ACH-000508,24889392,0,0.33081236481666565
ACH-000508,24894414,0,0.8879228234291077
ACH-000508,24951314,0,0.6376025676727295
ACH-000508,24978538,1,0.6003896594047546
ACH-000508,25022668,0,0.5898343920707703
ACH-000508,25102847,0,0.410452663898468
ACH-000508,25124816,0,0.23975063860416412
ACH-000508,25126798,0,0.9112561941146851
ACH-000508,25167777,0,0.2871226370334625
ACH-000508,25195352,0,0.3904288113117218
ACH-000508,25222038,0,0.6527584195137024
ACH-000508,25257557,0,0.7550455927848816
ACH-000508,25262965,0,0.6027920842170715
ACH-000508,2726824,0,0.585971474647522
ACH-000508,2733526,0,0.5176987648010254
ACH-000508,300471,0,0.4658673107624054
ACH-000508,3005532,0,0.38604193925857544
ACH-000508,3062316,0,0.8260741829872131
ACH-000508,31703,0,0.262556254863739
ACH-000508,3218,0,0.9595755934715271
ACH-000508,3385,0,0.9906760454177856
ACH-000508,3463933,0,0.4543643891811371
ACH-000508,36314,0,0.3924095630645752
ACH-000508,36462,0,0.1996026635169983
ACH-000508,3796,0,0.32947009801864624
ACH-000508,387447,0,0.7881174683570862
ACH-000508,4261,1,0.5823304653167725
ACH-000508,4263900,0,0.5737298727035522
ACH-000508,42640,0,0.5611244440078735
ACH-000508,42642645,0,0.563145637512207
ACH-000508,44137675,0,0.5862830877304077
ACH-000508,44143370,0,0.5821639895439148
ACH-000508,44182295,0,0.6057456731796265
ACH-000508,44224160,0,0.5944851636886597
ACH-000508,44450571,0,0.5849717855453491
ACH-000508,44462760,0,0.6473520398139954
ACH-000508,444795,0,0.5846721529960632
ACH-000508,44551660,0,0.5913564562797546
ACH-000508,44632017,0,0.582587480545044
ACH-000508,446378,0,0.5609265565872192
ACH-000508,447912,0,0.6210813522338867
ACH-000508,448013,0,0.5636390447616577
ACH-000508,44819241,0,0.6305124163627625
ACH-000508,46191454,0,0.5814527869224548
ACH-000508,46224516,0,0.6621361374855042
ACH-000508,462382,0,0.5484916567802429
ACH-000508,46844147,0,0.5765372514724731
ACH-000508,46883536,0,0.6413149237632751
ACH-000508,46885626,0,0.594012439250946
ACH-000508,46907787,0,0.5725039839744568
ACH-000508,46930998,0,0.5883663892745972
ACH-000508,46931012,0,0.5857459306716919
ACH-000508,46943432,0,0.6447701454162598
ACH-000508,49806720,0,0.6019452810287476
ACH-000508,49821040,0,0.5488346815109253
ACH-000508,49836027,0,0.5797861218452454
ACH-000508,4993,0,0.6096911430358887
ACH-000508,5113032,0,0.6799259185791016
ACH-000508,51371303,0,0.6419979929924011
ACH-000508,5208,0,0.6305029392242432
ACH-000508,521106,0,0.6508329510688782
ACH-000508,5278396,0,0.6092469692230225
ACH-000508,5280757,0,0.5669387578964233
ACH-000508,5289247,0,0.6410322785377502
ACH-000508,5291,0,0.5759111642837524
ACH-000508,5311,0,0.6064145565032959
ACH-000508,5311497,0,0.5713744759559631
ACH-000508,5311510,0,0.6330089569091797
ACH-000508,5327091,0,0.5911770462989807
ACH-000508,5328940,0,0.5837256908416748
ACH-000508,5329102,0,0.5638808012008667
ACH-000508,53302361,0,0.5795853734016418
ACH-000508,5330286,0,0.6087461113929749
ACH-000508,53340664,0,0.6037362217903137
ACH-000508,53394750,1,0.6728060841560364
ACH-000508,5384616,0,0.561936616897583
ACH-000508,5394,0,0.6582816243171692
ACH-000508,5459322,0,0.6046664714813232
ACH-000508,5460769,0,0.551548182964325
ACH-000508,54676905,1,0.60514235496521
ACH-000508,54685215,0,0.5649816989898682
ACH-000508,5494449,0,0.710480272769928
ACH-000508,560326,0,0.5838795304298401
ACH-000508,56962337,0,0.5565303564071655
ACH-000508,56965967,0,0.6010081768035889
ACH-000508,5717801,0,0.546751856803894
ACH-000508,57339144,0,0.6315367221832275
ACH-000508,5746,0,0.5692020058631897
ACH-000508,60750,0,0.5843237638473511
ACH-000508,6253,0,0.6049903631210327
ACH-000508,637858,0,0.6187707781791687
ACH-000508,644215,0,0.5686364769935608
ACH-000508,644241,0,0.6687796115875244
ACH-000508,6445533,0,0.6250036954879761
ACH-000508,6445562,0,0.5719456672668457
ACH-000508,6450551,0,0.5678143501281738
ACH-000508,6450816,0,0.6334195733070374
ACH-000508,6505803,0,0.5559844374656677
ACH-000508,65110,0,0.6588053703308105
ACH-000508,66577006,0,0.6587013602256775
ACH-000508,6710780,0,0.5700909495353699
ACH-000508,6753378,1,0.5655422806739807
ACH-000508,6852167,0,0.5947010517120361
ACH-000508,6914657,0,0.5642943978309631
ACH-000508,6918289,0,0.5904870629310608
ACH-000508,6918454,0,0.6306313872337341
ACH-000508,6918638,0,0.5912233591079712
ACH-000508,704473,0,0.6787674427032471
ACH-000508,71271629,0,0.669503927230835
ACH-000508,7251185,0,0.6537401676177979
ACH-000508,76044,0,0.5889760851860046
ACH-000508,82146,0,0.6480720639228821
ACH-000508,8249,0,0.6289670467376709
ACH-000508,84691,0,0.7660830616950989
ACH-000508,85668777,0,0.5805419683456421
ACH-000508,9549184,0,0.6060497164726257
ACH-000508,9810884,0,0.6733012795448303
ACH-000508,9813758,0,0.6905096769332886
ACH-000508,9826308,0,0.6046369075775146
ACH-000508,9826528,0,0.5812341570854187
ACH-000508,9858940,0,0.6507135033607483
ACH-000508,9863776,0,0.6038495302200317
ACH-000508,9868037,0,0.6604086756706238
ACH-000508,9874913,0,0.587397038936615
ACH-000508,9884685,0,0.5734233856201172
ACH-000508,9903786,0,0.6497043967247009
ACH-000508,9907093,0,0.5862519145011902
ACH-000508,9910224,0,0.6592912077903748
ACH-000508,9911830,0,0.6296265125274658
ACH-000508,9914412,0,0.587109386920929
ACH-000508,9931953,0,0.5791381001472473
ACH-000508,9938202,0,0.6065380573272705
ACH-000508,9943465,0,0.6133633852005005
ACH-000508,9952773,0,0.5891678333282471
ACH-000508,9956119,0,0.5850231051445007
ACH-000508,9956222,0,0.5764642953872681
ACH-000508,9967941,0,0.6506659388542175
ACH-000522,10027278,0,0.8995587825775146
ACH-000522,10074640,0,0.8645634651184082
ACH-000522,10096043,0,0.7075799107551575
ACH-000522,10109823,0,0.9301684498786926
ACH-000522,10113978,0,0.9927260875701904
ACH-000522,10184653,0,0.6414395570755005
ACH-000522,10196499,0,0.92850261926651
ACH-000522,10200390,0,0.8633736371994019
ACH-000522,10341154,0,0.5982844233512878
ACH-000522,10451420,1,0.8416621685028076
ACH-000522,104842,0,0.7931571006774902
ACH-000522,11152667,0,0.8742416501045227
ACH-000522,11178236,0,0.49193283915519714
ACH-000522,11282283,0,0.967162549495697
ACH-000522,11338033,0,0.9963160157203674
ACH-000522,11373846,0,0.8984737396240234
ACH-000522,11404337,0,0.9670157432556152
ACH-000522,11455910,0,0.6996264457702637
ACH-000522,11485656,0,0.9024757742881775
ACH-000522,11493598,0,0.46929022669792175
ACH-000522,11609586,0,0.9821121692657471
ACH-000522,11617559,0,0.8173372149467468
ACH-000522,11625818,0,0.6256857514381409
ACH-000522,11634725,0,0.8225492238998413
ACH-000522,11640390,0,0.6550598740577698
ACH-000522,11647372,0,0.9834122657775879
ACH-000522,11707110,0,0.7245358824729919
ACH-000522,11713159,0,0.5251107215881348
ACH-000522,11754511,0,0.9715155959129333
ACH-000522,11960529,0,0.7803491950035095
ACH-000522,123631,0,0.8497968316078186
ACH-000522,126565,0,0.9279487133026123
ACH-000522,126941,0,0.32450756430625916
ACH-000522,148124,0,0.9603484272956848
ACH-000522,159324,0,0.75294429063797
ACH-000522,16720766,1,0.842730700969696
ACH-000522,16722836,0,0.9236356616020203
ACH-000522,16725726,0,0.7270756959915161
ACH-000522,16747388,0,0.926302433013916
ACH-000522,176158,0,0.8477662205696106
ACH-000522,176167,0,0.6210452318191528
ACH-000522,216326,1,0.8266423940658569
ACH-000522,2314623,0,0.9658281803131104
ACH-000522,23725625,0,0.9550866484642029
ACH-000522,2375,0,0.9730390906333923
ACH-000522,24756910,0,0.7107309699058533
ACH-000522,24772860,0,0.7282572388648987
ACH-000522,24776445,0,0.9927010536193848
ACH-000522,24785538,0,0.8012793660163879
ACH-000522,24826799,0,0.7172061800956726
ACH-000522,24889392,0,0.9797880053520203
ACH-000522,24894414,0,0.451374351978302
ACH-000522,24951314,0,0.964203953742981
ACH-000522,25022668,0,0.8351879715919495
ACH-000522,25102847,0,0.9550147652626038
ACH-000522,25124816,0,0.9783969521522522
ACH-000522,25126798,0,0.7736804485321045
ACH-000522,25167777,0,0.9874693155288696
ACH-000522,25195352,0,0.9728068709373474
ACH-000522,25222038,0,0.9203187823295593
ACH-000522,25257557,1,0.8784883618354797
ACH-000522,2726824,0,0.7306366562843323
ACH-000522,2733526,0,0.8512356281280518
ACH-000522,300471,0,0.7290475964546204
ACH-000522,3005532,0,0.8441324234008789
ACH-000522,31703,0,0.9760655760765076
ACH-000522,3218,0,0.7684181928634644
ACH-000522,3385,0,0.73393714427948
ACH-000522,3463933,1,0.9905133247375488
ACH-000522,36462,0,0.9893091917037964
ACH-000522,3796,0,0.9388905763626099
ACH-000522,4263900,0,0.6273162961006165
ACH-000522,42640,0,0.5856934785842896
ACH-000522,42642645,0,0.6002140045166016
ACH-000522,44137675,0,0.6733768582344055
ACH-000522,44143370,0,0.6480574011802673
ACH-000522,44224160,0,0.6330949664115906
ACH-000522,44462760,0,0.698342502117157
ACH-000522,444795,0,0.6204062104225159
ACH-000522,44551660,0,0.6523224115371704
ACH-000522,44632017,0,0.6599379181861877
ACH-000522,446378,0,0.6101491451263428
ACH-000522,447912,1,0.7044462561607361
ACH-000522,448013,0,0.5831132531166077
ACH-000522,44819241,0,0.7654645442962646
ACH-000522,46191454,0,0.6303372979164124
ACH-000522,46224516,0,0.792324423789978
ACH-000522,46883536,0,0.6851818561553955
ACH-000522,46885626,0,0.6989588737487793
ACH-000522,46907787,0,0.617390513420105
ACH-000522,46931012,0,0.6745339632034302
ACH-000522,46943432,0,0.7413486242294312
ACH-000522,49806720,0,0.681049644947052
ACH-000522,5113032,0,0.7804579138755798
ACH-000522,51371303,0,0.7562269568443298
ACH-000522,5208,0,0.7627155780792236
ACH-000522,521106,0,0.7940657138824463
ACH-000522,5280757,0,0.618552029132843
ACH-000522,5289247,0,0.7587174773216248
ACH-000522,5311,0,0.690423846244812
ACH-000522,5311497,0,0.6170006990432739
ACH-000522,5327091,0,0.6833587288856506
ACH-000522,5328940,0,0.6370245218276978
ACH-000522,53302361,0,0.6650844216346741
ACH-000522,53340664,0,0.7144069671630859
ACH-000522,53394750,1,0.759075403213501
ACH-000522,5394,0,0.7530443668365479
ACH-000522,5459322,0,0.6670365929603577
ACH-000522,5460769,0,0.5896204710006714
ACH-000522,54676905,0,0.6854985952377319
ACH-000522,54685215,0,0.6171440482139587
ACH-000522,560326,0,0.6569305658340454
ACH-000522,56962337,0,0.5945085287094116
ACH-000522,56965967,1,0.6948997974395752
ACH-000522,57339144,0,0.7387818694114685
ACH-000522,5746,0,0.6240254640579224
ACH-000522,60750,0,0.6622064709663391
ACH-000522,6253,0,0.7025980949401855
ACH-000522,637858,1,0.731161892414093
ACH-000522,644241,0,0.7939291596412659
ACH-000522,6445533,0,0.7768955826759338
ACH-000522,6445562,0,0.6490504145622253
ACH-000522,6450551,0,0.6039713025093079
ACH-000522,6450816,0,0.6688244938850403
ACH-000522,65110,0,0.7940426468849182
ACH-000522,66577006,1,0.707588791847229
ACH-000522,6710780,0,0.6140285730361938
ACH-000522,6753378,0,0.6286686062812805
ACH-000522,6852167,0,0.6895450353622437
ACH-000522,6914657,0,0.5939412713050842
ACH-000522,6918289,0,0.6485081911087036
ACH-000522,6918454,0,0.7404253482818604
ACH-000522,6918638,0,0.6800057291984558
ACH-000522,6918848,0,0.6542556881904602
ACH-000522,704473,1,0.8407291769981384
ACH-000522,71271629,0,0.7536414861679077
ACH-000522,82146,0,0.7408737540245056
ACH-000522,8249,0,0.6590532660484314
ACH-000522,84691,0,0.9166504144668579
ACH-000522,85668777,0,0.660088837146759
ACH-000522,9810884,1,0.8500713109970093
ACH-000522,9813758,0,0.827470600605011
ACH-000522,9858940,0,0.7151921987533569
ACH-000522,9863776,0,0.7193461060523987
ACH-000522,9868037,1,0.7630032896995544
ACH-000522,9874913,1,0.68914794921875
ACH-000522,9884685,0,0.6414047479629517
ACH-000522,9903786,0,0.7501572966575623
ACH-000522,9910224,1,0.7552763223648071
ACH-000522,9911830,0,0.7171870470046997
ACH-000522,9931953,0,0.6078129410743713
ACH-000522,9938202,0,0.7069635987281799
ACH-000522,9943465,0,0.7506401538848877
ACH-000522,9952773,0,0.6687548756599426
ACH-000522,9956119,0,0.6658421158790588
ACH-000522,9956222,0,0.641501247882843
ACH-000522,9967941,0,0.7210605144500732
ACH-000527,10027278,0,0.5046547055244446
ACH-000527,10074640,0,0.5687260627746582
ACH-000527,10077147,0,0.5929732322692871
ACH-000527,10096043,0,0.49073681235313416
ACH-000527,10109823,0,0.15790048241615295
ACH-000527,10113978,0,0.04153768718242645
ACH-000527,10127622,0,0.10555196553468704
ACH-000527,10184653,1,0.7157244086265564
ACH-000527,10196499,0,0.16321396827697754
ACH-000527,10200390,0,0.6440812349319458
ACH-000527,10341154,1,0.9881559610366821
ACH-000527,10451420,0,0.8714036345481873
ACH-000527,10459196,0,0.8226194977760315
ACH-000527,104842,0,0.5814784169197083
ACH-000527,11152667,0,0.6769004464149475
ACH-000527,11178236,0,0.965086042881012
ACH-000527,11282283,0,0.11494055390357971
ACH-000527,11316960,1,0.5722283124923706
ACH-000527,11327430,0,0.3073611557483673
ACH-000527,11338033,0,0.016551749780774117
ACH-000527,11373846,0,0.7735886573791504
ACH-000527,11404337,0,0.858641505241394
ACH-000527,11433190,1,0.6589010953903198
ACH-000527,11455910,0,0.7238544225692749
ACH-000527,11485656,0,0.7044349312782288
ACH-000527,11493598,0,0.9828249216079712
ACH-000527,11609586,0,0.08904013782739639
ACH-000527,11617559,0,0.47198614478111267
ACH-000527,11624601,0,0.05979510396718979
ACH-000527,11625818,0,0.9650251865386963
ACH-000527,11634725,0,0.31893375515937805
ACH-000527,11640390,0,0.9762005805969238
ACH-000527,11647372,0,0.07396043837070465
ACH-000527,11667893,0,0.7008541822433472
ACH-000527,11707110,0,0.905902087688446
ACH-000527,11713159,0,0.8963180780410767
ACH-000527,11754511,0,0.40915822982788086
ACH-000527,11960529,0,0.6063523888587952
ACH-000527,11977753,0,0.7614607810974121
ACH-000527,123631,1,0.4751013517379761
ACH-000527,126565,0,0.605434000492096
ACH-000527,126941,0,0.9941080808639526
ACH-000527,1401,0,0.8327609300613403
ACH-000527,148124,0,0.01709756627678871
ACH-000527,156422,0,0.6259072422981262
ACH-000527,159324,0,0.748769998550415
ACH-000527,16720766,0,0.590191662311554
ACH-000527,16722836,0,0.6415196657180786
ACH-000527,16725726,1,0.8844830393791199
ACH-000527,16747388,0,0.45102235674858093
ACH-000527,176158,0,0.27497613430023193
ACH-000527,176167,0,0.8660165071487427
ACH-000527,17755052,1,0.2183047980070114
ACH-000527,216326,0,0.7096863985061646
ACH-000527,2314623,0,0.2609723210334778
ACH-000527,23725625,0,0.984716534614563
ACH-000527,2375,0,0.10166729241609573
ACH-000527,24180719,1,0.036253564059734344
ACH-000527,24756910,0,0.7595685720443726
ACH-000527,24772860,0,0.5690091848373413
ACH-000527,24776445,0,0.016483744606375694
ACH-000527,24785538,0,0.7361650466918945
ACH-000527,24826799,0,0.7232503294944763
ACH-000527,24889392,0,0.09516745060682297
ACH-000527,24894414,0,0.9195797443389893
ACH-000527,24951314,0,0.34566831588745117
ACH-000527,24978538,1,0.26904019713401794
ACH-000527,25022668,0,0.27029168605804443
ACH-000527,25102847,0,0.1179884523153305
ACH-000527,25124816,0,0.06700479984283447
ACH-000527,25126798,0,0.92537921667099
ACH-000527,25167777,0,0.04109106585383415
ACH-000527,25195352,0,0.13290250301361084
ACH-000527,25222038,0,0.7410306930541992
ACH-000527,25257557,1,0.7850447297096252
ACH-000527,25262965,0,0.3833603262901306
ACH-000527,2726824,0,0.6219695806503296
ACH-000527,2733526,0,0.5080671906471252
ACH-000527,300471,0,0.6267725825309753
ACH-000527,3005532,0,0.22182807326316833
ACH-000527,31703,0,0.05574510246515274
ACH-000527,3218,0,0.9859910607337952
ACH-000527,3385,0,0.9968944787979126
ACH-000527,3463933,0,0.07612452656030655
ACH-000527,36462,0,0.01863907277584076
ACH-000527,3796,0,0.21092192828655243
ACH-000527,4263900,0,0.698722779750824
ACH-000527,42640,0,0.6454790234565735
ACH-000527,42642645,0,0.6421879529953003
ACH-000527,44137675,0,0.7222440838813782
ACH-000527,44143370,0,0.6807404160499573
ACH-000527,44182295,0,0.6962863802909851
ACH-000527,44224160,0,0.7156885266304016
ACH-000527,44450571,0,0.7240241765975952
ACH-000527,44462760,0,0.6912915706634521
ACH-000527,444795,0,0.6818498969078064
ACH-000527,44551660,0,0.7067875862121582
ACH-000527,44632017,0,0.6870026588439941
ACH-000527,446378,0,0.6601793169975281
ACH-000527,447912,0,0.6995356678962708
ACH-000527,448013,0,0.6434148550033569
ACH-000527,44819241,0,0.808866024017334
ACH-000527,46191454,0,0.6715306639671326
ACH-000527,46224516,0,0.8068667650222778
ACH-000527,46843772,0,0.6911518573760986
ACH-000527,46883536,0,0.67996746301651
ACH-000527,46885626,0,0.7599071860313416
ACH-000527,46907787,0,0.6644052267074585
ACH-000527,46930998,1,0.6721630692481995
ACH-000527,46931012,0,0.7340484857559204
ACH-000527,46943432,0,0.7610053420066833
ACH-000527,49806720,0,0.6871230006217957
ACH-000527,5113032,0,0.8015329837799072
ACH-000527,51371303,0,0.7847983837127686
ACH-000527,5208,0,0.788550853729248
ACH-000527,521106,0,0.8240697979927063
ACH-000527,5278396,0,0.7634989619255066
ACH-000527,5280757,0,0.6476902365684509
ACH-000527,5289247,0,0.7840933203697205
ACH-000527,5311,0,0.717219352722168
ACH-000527,5311497,0,0.6582449674606323
ACH-000527,5327091,0,0.7428133487701416
ACH-000527,5328940,0,0.6715702414512634
ACH-000527,53302361,0,0.7005326151847839
ACH-000527,5330286,0,0.7006198167800903
ACH-000527,53340664,0,0.7396332621574402
ACH-000527,53394750,1,0.7611150145530701
ACH-000527,5394,0,0.7597873210906982
ACH-000527,5459322,0,0.6759939789772034
ACH-000527,5460769,0,0.6153481602668762
ACH-000527,54676905,0,0.7197200655937195
ACH-000527,54685215,0,0.6531804203987122
ACH-000527,560326,0,0.7332894802093506
ACH-000527,56962337,0,0.6390454173088074
ACH-000527,56965967,0,0.7153691649436951
ACH-000527,57339144,0,0.7475382685661316
ACH-000527,5746,0,0.6898003816604614
ACH-000527,60750,0,0.729727029800415
ACH-000527,6253,0,0.7864331007003784
ACH-000527,637858,0,0.7709848880767822
ACH-000527,6445533,0,0.8102279901504517
ACH-000527,6445562,1,0.6852371692657471
ACH-000527,6450551,0,0.6788926720619202
ACH-000527,6450816,0,0.6665486693382263
ACH-000527,6505803,0,0.6458527445793152
ACH-000527,65110,0,0.7778036594390869
ACH-000527,66577006,0,0.723859965801239
ACH-000527,6710780,0,0.6520333886146545
ACH-000527,6753378,0,0.6684614419937134
ACH-000527,6852167,0,0.7089635133743286
ACH-000527,6914657,0,0.6308590173721313
ACH-000527,6918289,0,0.6740870475769043
ACH-000527,6918454,0,0.7357456088066101
ACH-000527,6918638,0,0.7005507946014404
ACH-000527,6918848,0,0.6988547444343567
ACH-000527,704473,1,0.8691990375518799
ACH-000527,71271629,0,0.7737137675285339
ACH-000527,82146,0,0.7774538993835449
ACH-000527,8249,0,0.7415609359741211
ACH-000527,84691,0,0.9164591431617737
ACH-000527,85668777,0,0.6947575807571411
ACH-000527,9810884,0,0.8595647811889648
ACH-000527,9813758,0,0.8230692148208618
ACH-000527,9826528,0,0.6697462797164917
ACH-000527,9858940,0,0.7432900667190552
ACH-000527,9863776,0,0.7413772940635681
ACH-000527,9868037,0,0.7702516317367554
ACH-000527,9874913,0,0.7714376449584961
ACH-000527,9884685,0,0.7026389241218567
ACH-000527,9903786,0,0.8045150637626648
ACH-000527,9910224,0,0.7588710188865662
ACH-000527,9911830,0,0.7411623597145081
ACH-000527,9931953,0,0.6377688050270081
ACH-000527,9938202,0,0.7440484166145325
ACH-000527,9943465,0,0.7600702047348022
ACH-000527,9952773,0,0.7099846601486206
ACH-000527,9956119,0,0.6891553401947021
ACH-000527,9956222,0,0.7011429667472839
ACH-000527,9967941,0,0.749788761138916
ACH-000536,10027278,0,0.8973276019096375
ACH-000536,10074640,0,0.9000747799873352
ACH-000536,10077147,0,0.9827258586883545
ACH-000536,10096043,0,0.722456693649292
ACH-000536,10109823,0,0.8947225213050842
ACH-000536,10113978,0,0.853651225566864
ACH-000536,10127622,0,0.6947004795074463
ACH-000536,10184653,1,0.8233296871185303
ACH-000536,10196499,0,0.7139214873313904
ACH-000536,10200390,0,0.8913857936859131
ACH-000536,10341154,0,0.9750548005104065
ACH-000536,10384072,0,0.8170585036277771
ACH-000536,10451420,0,0.9364294409751892
ACH-000536,10459196,0,0.8974863290786743
ACH-000536,104842,0,0.9044583439826965
ACH-000536,11152667,0,0.8977001309394836
ACH-000536,11178236,0,0.9074812531471252
ACH-000536,11282283,0,0.7918069362640381
ACH-000536,11316960,0,0.9194440841674805
ACH-000536,11327430,0,0.8856027126312256
ACH-000536,11338033,0,0.8904398679733276
ACH-000536,11373846,0,0.9515821933746338
ACH-000536,11404337,0,0.9591060280799866
ACH-000536,11433190,0,0.941821813583374
ACH-000536,11455910,0,0.8359254598617554
ACH-000536,11485656,0,0.9580093622207642
ACH-000536,11493598,0,0.9438547492027283
ACH-000536,11609586,0,0.854769766330719
ACH-000536,11617559,0,0.8015568852424622
ACH-000536,11624601,0,0.753544807434082
ACH-000536,11625818,0,0.9748709797859192
ACH-000536,11634725,0,0.7855547666549683
ACH-000536,11640390,0,0.9622550010681152
ACH-000536,11647372,0,0.845649242401123
ACH-000536,11667893,0,0.8317422270774841
ACH-000536,11707110,0,0.9443097114562988
ACH-000536,11713159,0,0.8950330018997192
ACH-000536,11754511,0,0.9678468108177185
ACH-000536,11960529,0,0.9079744815826416
ACH-000536,11977753,0,0.896662712097168
ACH-000536,123631,0,0.8146583437919617
ACH-000536,126565,0,0.9664784669876099
ACH-000536,126941,0,0.9666218161582947
ACH-000536,1401,0,0.9274432063102722
ACH-000536,148124,0,0.6135686039924622
ACH-000536,156422,0,0.8631647825241089
ACH-000536,159324,0,0.8813337087631226
ACH-000536,16720766,0,0.9084625840187073
ACH-000536,16722836,0,0.9239151477813721
ACH-000536,16725726,1,0.9315230250358582
ACH-000536,16747388,0,0.9181041121482849
ACH-000536,176158,0,0.8234348297119141
ACH-000536,176167,0,0.8544950485229492
ACH-000536,17755052,0,0.8662325143814087
ACH-000536,216326,0,0.9386947154998779
ACH-000536,2314623,0,0.8973588347434998
ACH-000536,23725625,0,0.9962261915206909
ACH-000536,2375,0,0.8482061624526978
ACH-000536,24180719,0,0.8881896734237671
ACH-000536,24756910,0,0.8605732321739197
ACH-000536,24772860,0,0.7903451919555664
ACH-000536,24776445,0,0.7869867086410522
ACH-000536,24785538,0,0.8669677376747131
ACH-000536,24826799,0,0.8672853112220764
ACH-000536,24889392,0,0.7873773574829102
ACH-000536,24894414,0,0.864837646484375
ACH-000536,24951314,0,0.9190666675567627
ACH-000536,24978538,0,0.9806755185127258
ACH-000536,25022668,0,0.8366348743438721
ACH-000536,25102847,0,0.8646056652069092
ACH-000536,25124816,0,0.7519096732139587
ACH-000536,25126798,0,0.9723671078681946
ACH-000536,25167777,0,0.8867188692092896
ACH-000536,25195352,0,0.661167323589325
ACH-000536,25222038,0,0.9381808638572693
ACH-000536,25257557,0,0.9652008414268494
ACH-000536,25262965,0,0.8504824042320251
ACH-000536,2726824,0,0.8177577257156372
ACH-000536,2733526,0,0.9080250859260559
ACH-000536,300471,0,0.7211683988571167
ACH-000536,3005532,0,0.6576932668685913
ACH-000536,31703,0,0.7131712436676025
ACH-000536,3218,0,0.9827002286911011
ACH-000536,3385,0,0.9921892881393433
ACH-000536,3463933,0,0.8923637270927429
ACH-000536,36462,0,0.8700069785118103
ACH-000536,3796,0,0.7153867483139038
ACH-000536,4263900,0,0.7075011730194092
ACH-000536,42640,0,0.6705763339996338
ACH-000536,42642645,0,0.7108845710754395
ACH-000536,44137675,1,0.8017930388450623
ACH-000536,44143370,0,0.7409314513206482
ACH-000536,44182295,0,0.801649272441864
ACH-000536,44224160,0,0.745320737361908
ACH-000536,44450571,0,0.7870886325836182
ACH-000536,44462760,0,0.8045026659965515
ACH-000536,444795,0,0.7539390921592712
ACH-000536,44551660,0,0.7432600855827332
ACH-000536,44632017,0,0.7945020198822021
ACH-000536,446378,0,0.6985260248184204
ACH-000536,447912,0,0.8325461149215698
ACH-000536,448013,0,0.6508017182350159
ACH-000536,44819241,0,0.8935866355895996
ACH-000536,46191454,0,0.7255723476409912
ACH-000536,46224516,0,0.8774455785751343
ACH-000536,46843772,0,0.7556092739105225
ACH-000536,46883536,0,0.8123242259025574
ACH-000536,46885626,0,0.847115159034729
ACH-000536,46907787,0,0.7045332789421082
ACH-000536,46930998,0,0.7692214846611023
ACH-000536,46931012,0,0.8114240169525146
ACH-000536,46943432,0,0.8705552816390991
ACH-000536,49806720,0,0.7819055318832397
ACH-000536,5113032,0,0.9065495729446411
ACH-000536,51371303,0,0.8742188215255737
ACH-000536,5208,0,0.8868103623390198
ACH-000536,521106,0,0.9068597555160522
ACH-000536,5278396,0,0.8469781279563904
ACH-000536,5280757,0,0.7113324403762817
ACH-000536,5289247,0,0.8652380108833313
ACH-000536,5311,0,0.7849900722503662
ACH-000536,5311497,0,0.7389649152755737
ACH-000536,5327091,0,0.8027970790863037
ACH-000536,5328940,0,0.7362920641899109
ACH-000536,53302361,0,0.7797507047653198
ACH-000536,5330286,0,0.758049726486206
ACH-000536,53340664,0,0.8307905197143555
ACH-000536,53394750,0,0.8849977850914001
ACH-000536,5394,0,0.8890424370765686
ACH-000536,5459322,0,0.7698990702629089
ACH-000536,5460769,0,0.6521954536437988
ACH-000536,54676905,0,0.8103025555610657
ACH-000536,54685215,0,0.7639961838722229
ACH-000536,560326,0,0.7494550347328186
ACH-000536,56962337,0,0.6837810277938843
ACH-000536,56965967,0,0.8476002216339111
ACH-000536,57339144,0,0.8690564036369324
ACH-000536,5746,0,0.703324556350708
ACH-000536,60750,0,0.772946834564209
ACH-000536,6253,0,0.8254213929176331
ACH-000536,637858,0,0.8626551628112793
ACH-000536,644241,0,0.8921124339103699
ACH-000536,6445533,0,0.8520718216896057
ACH-000536,6445562,0,0.7857541441917419
ACH-000536,6450551,0,0.700640082359314
ACH-000536,6450816,0,0.7607014775276184
ACH-000536,6505803,0,0.6637027263641357
ACH-000536,65110,0,0.8912151455879211
ACH-000536,66577006,0,0.8089053630828857
ACH-000536,6710780,0,0.7139108777046204
ACH-000536,6753378,0,0.7166629433631897
ACH-000536,6852167,0,0.7719478011131287
ACH-000536,6914657,0,0.6803207397460938
ACH-000536,6918289,0,0.7559859752655029
ACH-000536,6918454,0,0.8570951819419861
ACH-000536,6918638,0,0.7560215592384338
ACH-000536,6918848,0,0.7635329365730286
ACH-000536,704473,0,0.9289680123329163
ACH-000536,71271629,0,0.8722087144851685
ACH-000536,82146,0,0.8645913600921631
ACH-000536,8249,0,0.7714092135429382
ACH-000536,84691,0,0.9754998683929443
ACH-000536,85668777,1,0.7967331409454346
ACH-000536,9810884,0,0.9491876363754272
ACH-000536,9813758,0,0.9119701385498047
ACH-000536,9826528,0,0.7518803477287292
ACH-000536,9858940,0,0.8401880264282227
ACH-000536,9863776,0,0.8414555788040161
ACH-000536,9868037,0,0.8681508898735046
ACH-000536,9874913,0,0.8008720874786377
ACH-000536,9884685,0,0.7770330309867859
ACH-000536,9903786,0,0.8804977536201477
ACH-000536,9910224,0,0.8741567134857178
ACH-000536,9911830,0,0.8279966711997986
ACH-000536,9914412,0,0.7840864658355713
ACH-000536,9931953,0,0.6731411218643188
ACH-000536,9938202,0,0.8307944536209106
ACH-000536,9943465,0,0.8770184516906738
ACH-000536,9952773,0,0.7840192914009094
ACH-000536,9956119,0,0.7702931761741638
ACH-000536,9956222,0,0.753059983253479
ACH-000536,9967941,0,0.8459867238998413
ACH-000544,10027278,0,0.6963377594947815
ACH-000544,10074640,0,0.9223531484603882
ACH-000544,10077147,0,0.9776960611343384
ACH-000544,10109823,0,0.9613339900970459
ACH-000544,10113978,0,0.7789944410324097
ACH-000544,10127622,0,0.8013168573379517
ACH-000544,10184653,1,0.7244787812232971
ACH-000544,10196499,0,0.6840554475784302
ACH-000544,10200390,0,0.7359253168106079
ACH-000544,10341154,0,0.901553213596344
ACH-000544,10451420,0,0.7725743651390076
ACH-000544,10459196,0,0.5894376039505005
ACH-000544,104842,0,0.9277064204216003
ACH-000544,11152667,1,0.8490017056465149
ACH-000544,11178236,0,0.7767199277877808
ACH-000544,11282283,0,0.7212635278701782
ACH-000544,11316960,0,0.8605077266693115
ACH-000544,11327430,0,0.8987691402435303
ACH-000544,11338033,0,0.9486236572265625
ACH-000544,11373846,0,0.6585978269577026
ACH-000544,11404337,1,0.5676729679107666
ACH-000544,11433190,0,0.914337158203125
ACH-000544,11455910,0,0.8711591958999634
ACH-000544,11485656,0,0.877876341342926
ACH-000544,11493598,0,0.8502272963523865
ACH-000544,11609586,0,0.842970609664917
ACH-000544,11617559,0,0.8611031174659729
ACH-000544,11624601,1,0.8410424590110779
ACH-000544,11625818,0,0.8691281676292419
ACH-000544,11634725,0,0.7659504413604736
ACH-000544,11640390,0,0.9516523480415344
ACH-000544,11647372,0,0.8742292523384094
ACH-000544,11667893,0,0.6313217282295227
ACH-000544,11707110,1,0.7201231122016907
ACH-000544,11754511,0,0.9516048431396484
ACH-000544,11960529,0,0.8839378356933594
ACH-000544,11977753,1,0.7701500654220581
ACH-000544,123631,1,0.8419010639190674
ACH-000544,126565,0,0.9335982203483582
ACH-000544,126941,0,0.8561035990715027
ACH-000544,1401,0,0.8747447729110718
ACH-000544,148124,0,0.7728348970413208
ACH-000544,156422,0,0.7016728520393372
ACH-000544,159324,0,0.7943224906921387
ACH-000544,16722836,0,0.8164923191070557
ACH-000544,16725726,0,0.855182409286499
ACH-000544,16747388,0,0.886848509311676
ACH-000544,176167,0,0.8468135595321655
ACH-000544,17755052,0,0.9492173790931702
ACH-000544,216326,0,0.8447522521018982
ACH-000544,2314623,0,0.8739990592002869
ACH-000544,23725625,0,0.8516544103622437
ACH-000544,2375,0,0.8481459021568298
ACH-000544,24180719,0,0.9247894883155823
ACH-000544,24756910,0,0.6624979972839355
ACH-000544,24772860,0,0.6911709308624268
ACH-000544,24776445,0,0.8416401743888855
ACH-000544,24785538,0,0.5922401547431946
ACH-000544,24826799,0,0.7150872349739075
ACH-000544,24889392,0,0.8335464596748352
ACH-000544,24894414,0,0.8203533887863159
ACH-000544,24951314,0,0.8993983864784241
ACH-000544,24978538,0,0.9855306148529053
ACH-000544,25022668,0,0.8782455325126648
ACH-000544,25102847,0,0.9280867576599121
ACH-000544,25124816,0,0.7988486886024475
ACH-000544,25126798,0,0.8700242042541504
ACH-000544,25167777,0,0.9551206827163696
ACH-000544,25195352,0,0.8129209280014038
ACH-000544,25222038,0,0.8378297686576843
ACH-000544,25257557,0,0.7490774989128113
ACH-000544,25262965,0,0.8428130149841309
ACH-000544,2726824,1,0.6764912605285645
ACH-000544,2733526,1,0.8151207566261292
ACH-000544,300471,0,0.5194113254547119
ACH-000544,3005532,0,0.7543813586235046
ACH-000544,31703,0,0.9084435701370239
ACH-000544,3218,0,0.9121050238609314
ACH-000544,3385,0,0.9645224213600159
ACH-000544,3463933,0,0.9774948954582214
ACH-000544,36462,0,0.8903425335884094
ACH-000544,3796,0,0.6981757879257202
ACH-000544,4263900,0,0.5365927219390869
ACH-000544,42640,0,0.5247615575790405
ACH-000544,42642645,0,0.5360720157623291
ACH-000544,44137675,0,0.5617244839668274
ACH-000544,44143370,0,0.5495603680610657
ACH-000544,44182295,0,0.563431441783905
ACH-000544,44224160,0,0.5560691356658936
ACH-000544,44450571,1,0.5536733865737915
ACH-000544,44462760,0,0.5644896626472473
ACH-000544,444795,0,0.5423184037208557
ACH-000544,44551660,0,0.5518943071365356
ACH-000544,44632017,0,0.5655322074890137
ACH-000544,446378,1,0.5332568883895874
ACH-000544,447912,0,0.5730499029159546
ACH-000544,448013,0,0.5312733054161072
ACH-000544,44819241,0,0.5747407674789429
ACH-000544,46191454,0,0.5369620323181152
ACH-000544,46224516,0,0.6018708944320679
ACH-000544,46843772,0,0.5455151796340942
ACH-000544,46883536,0,0.5540978312492371
ACH-000544,46885626,0,0.5611926317214966
ACH-000544,46907787,0,0.5312145352363586
ACH-000544,46930998,0,0.5579712390899658
ACH-000544,46931012,0,0.5547119975090027
ACH-000544,46943432,0,0.5874037146568298
ACH-000544,49806720,0,0.5616468787193298
ACH-000544,5113032,0,0.593233048915863
ACH-000544,51371303,0,0.5909668207168579
ACH-000544,5208,0,0.5963013768196106
ACH-000544,521106,0,0.612153172492981
ACH-000544,5278396,0,0.5694406628608704
ACH-000544,5280757,0,0.5324105620384216
ACH-000544,5289247,0,0.5807414650917053
ACH-000544,5311,0,0.563697338104248
ACH-000544,5311497,0,0.5403270125389099
ACH-000544,5327091,0,0.5680129528045654
ACH-000544,5328940,1,0.5458728671073914
ACH-000544,53302361,0,0.5612034797668457
ACH-000544,5330286,0,0.5508657693862915
ACH-000544,53340664,0,0.5789045095443726
ACH-000544,53394750,0,0.601260781288147
ACH-000544,5394,0,0.5710580348968506
ACH-000544,5459322,0,0.5523514151573181
ACH-000544,5460769,0,0.5285011529922485
ACH-000544,54676905,0,0.5915968418121338
ACH-000544,54685215,0,0.5433521866798401
ACH-000544,560326,0,0.536827802658081
ACH-000544,56962337,0,0.5388903617858887
ACH-000544,56965967,0,0.5617678761482239
ACH-000544,57339144,0,0.5765593647956848
ACH-000544,5746,0,0.5445163249969482
ACH-000544,60750,0,0.5560271143913269
ACH-000544,6253,0,0.5657102465629578
ACH-000544,637858,0,0.5678313970565796
ACH-000544,644241,0,0.6032456755638123
ACH-000544,6445533,0,0.59951251745224
ACH-000544,6445562,0,0.5505848526954651
ACH-000544,6450551,0,0.5387798547744751
ACH-000544,6450816,0,0.5470377802848816
ACH-000544,6505803,0,0.5276948809623718
ACH-000544,65110,0,0.6060634255409241
ACH-000544,66577006,0,0.5707931518554688
ACH-000544,6710780,1,0.5392642617225647
ACH-000544,6753378,0,0.5442136526107788
ACH-000544,6852167,0,0.5551595687866211
ACH-000544,6914657,0,0.537531852722168
ACH-000544,6918289,0,0.5428276062011719
ACH-000544,6918454,0,0.584052324295044
ACH-000544,6918638,0,0.5547428727149963
ACH-000544,6918848,0,0.5551247000694275
ACH-000544,704473,0,0.621303915977478
ACH-000544,71271629,1,0.5903329253196716
ACH-000544,82146,0,0.5830289125442505
ACH-000544,8249,0,0.5731786489486694
ACH-000544,84691,0,0.6790032982826233
ACH-000544,85668777,1,0.5551759600639343
ACH-000544,9810884,0,0.6559970378875732
ACH-000544,9813758,0,0.612071692943573
ACH-000544,9826528,0,0.5483028292655945
ACH-000544,9858940,0,0.5649488568305969
ACH-000544,9863776,0,0.5582066774368286
ACH-000544,9868037,0,0.5896990895271301
ACH-000544,9874913,0,0.5581179857254028
ACH-000544,9884685,0,0.5510904788970947
ACH-000544,9903786,0,0.5868744850158691
ACH-000544,9910224,0,0.5816825032234192
ACH-000544,9911830,0,0.5713339447975159
ACH-000544,9914412,0,0.5612748265266418
ACH-000544,9931953,0,0.530860424041748
ACH-000544,9938202,0,0.5723966360092163
ACH-000544,9943465,0,0.5750885009765625
ACH-000544,9952773,0,0.5579596161842346
ACH-000544,9956119,0,0.5563192367553711
ACH-000544,9956222,0,0.5468839406967163
ACH-000544,9967941,0,0.5653519630432129
ACH-000563,10027278,0,0.8546842336654663
ACH-000563,10074640,0,0.844684362411499
ACH-000563,10077147,0,0.9576653242111206
ACH-000563,10096043,0,0.6814344525337219
ACH-000563,10109823,0,0.7594500184059143
ACH-000563,10113978,0,0.41440287232398987
ACH-000563,10127622,1,0.4456881284713745
ACH-000563,10184653,0,0.803081214427948
ACH-000563,10196499,0,0.6374918222427368
ACH-000563,10200390,0,0.8539722561836243
ACH-000563,10341154,0,0.9681243896484375
ACH-000563,10384072,0,0.7648844718933105
ACH-000563,10451420,0,0.915432333946228
ACH-000563,10459196,0,0.7824965715408325
ACH-000563,104842,1,0.9006813168525696
ACH-000563,11152667,0,0.8079851269721985
ACH-000563,11178236,0,0.8983191251754761
ACH-000563,11282283,0,0.7037604451179504
ACH-000563,11316960,0,0.8809317946434021
ACH-000563,11327430,0,0.828758716583252
ACH-000563,11338033,0,0.6650773882865906
ACH-000563,11373846,0,0.8871608376502991
ACH-000563,11404337,0,0.8304153084754944
ACH-000563,11433190,0,0.9235584735870361
ACH-000563,11455910,1,0.8355401158332825
ACH-000563,11485656,0,0.8837407827377319
ACH-000563,11493598,0,0.954889178276062
ACH-000563,11609586,0,0.7366256713867188
ACH-000563,11617559,0,0.8850570321083069
ACH-000563,11624601,0,0.5380773544311523
ACH-000563,11625818,0,0.9734005331993103
ACH-000563,11634725,0,0.7376492619514465
ACH-000563,11640390,0,0.9765123128890991
ACH-000563,11647372,0,0.6631429195404053
ACH-000563,11667893,0,0.7309900522232056
ACH-000563,11707110,1,0.9181410074234009
ACH-000563,11713159,0,0.9203819632530212
ACH-000563,11754511,0,0.9402158856391907
ACH-000563,11977753,0,0.913898229598999
ACH-000563,123631,0,0.8304569721221924
ACH-000563,126565,0,0.910311222076416
ACH-000563,126941,0,0.9752614498138428
ACH-000563,1401,0,0.8928715586662292
ACH-000563,148124,0,0.33490633964538574
ACH-000563,156422,0,0.844323992729187
ACH-000563,159324,0,0.8802577257156372
ACH-000563,16720766,0,0.93581622838974
ACH-000563,16722836,0,0.8946208953857422
ACH-000563,16725726,0,0.93745356798172
ACH-000563,16747388,0,0.8746798038482666
ACH-000563,176158,0,0.7489570379257202
ACH-000563,176167,0,0.8507290482521057
ACH-000563,17755052,0,0.8225523829460144
ACH-000563,216326,0,0.9009970426559448
ACH-000563,2314623,0,0.8132779002189636
ACH-000563,23725625,0,0.9700468182563782
ACH-000563,2375,0,0.79084312915802
ACH-000563,24180719,0,0.7073835134506226
ACH-000563,24756910,0,0.8216592669487
ACH-000563,24772860,0,0.7429786324501038
ACH-000563,24776445,0,0.5703153014183044
ACH-000563,24785538,0,0.8031780123710632
ACH-000563,24826799,0,0.8240763545036316
ACH-000563,24889392,0,0.7365748882293701
ACH-000563,24894414,0,0.9310581088066101
ACH-000563,24951314,0,0.7892048358917236
ACH-000563,24978538,1,0.9230920076370239
ACH-000563,25022668,0,0.7850698828697205
ACH-000563,25102847,1,0.7036128640174866
ACH-000563,25124816,0,0.600640594959259
ACH-000563,25126798,0,0.9762124419212341
ACH-000563,25167777,0,0.6836956143379211
ACH-000563,25195352,0,0.5146370530128479
ACH-000563,25222038,0,0.8307753801345825
ACH-000563,25257557,0,0.9481208324432373
ACH-000563,25262965,0,0.8053721189498901
ACH-000563,2726824,1,0.7872359156608582
ACH-000563,2733526,1,0.8151261806488037
ACH-000563,300471,0,0.6387094855308533
ACH-000563,3005532,0,0.6903711557388306
ACH-000563,31703,0,0.5876504778862
ACH-000563,3218,0,0.9799454212188721
ACH-000563,3385,0,0.9931426048278809
ACH-000563,3463933,0,0.7241756916046143
ACH-000563,36462,0,0.5118024945259094
ACH-000563,3796,0,0.5980151295661926
ACH-000563,4263900,0,0.6909412741661072
ACH-000563,42640,0,0.6589874029159546
ACH-000563,42642645,1,0.6717960238456726
ACH-000563,44137675,0,0.796076774597168
ACH-000563,44143370,0,0.7564212083816528
ACH-000563,44182295,1,0.766884446144104
ACH-000563,44224160,0,0.755285382270813
ACH-000563,44450571,0,0.7459962368011475
ACH-000563,444795,0,0.769894540309906
ACH-000563,44551660,0,0.7765235900878906
ACH-000563,44632017,0,0.7589325904846191
ACH-000563,446378,0,0.6897640824317932
ACH-000563,447912,0,0.8365446329116821
ACH-000563,448013,0,0.6529666781425476
ACH-000563,44819241,0,0.8402727842330933
ACH-000563,46191454,0,0.6886938810348511
ACH-000563,46224516,0,0.8750768899917603
ACH-000563,46883536,0,0.8153256773948669
ACH-000563,46885626,0,0.780994176864624
ACH-000563,46907787,0,0.692842423915863
ACH-000563,46930998,0,0.779886782169342
ACH-000563,46931012,0,0.7739058136940002
ACH-000563,46943432,0,0.8748218417167664
ACH-000563,49806720,0,0.7917158603668213
ACH-000563,5113032,0,0.8840640783309937
ACH-000563,51371303,0,0.8815187215805054
ACH-000563,5208,0,0.8390029072761536
ACH-000563,521106,0,0.8680615425109863
ACH-000563,5278396,0,0.8206310272216797
ACH-000563,5280757,0,0.683071494102478
ACH-000563,5289247,0,0.8442568778991699
ACH-000563,5311,0,0.7672609090805054
ACH-000563,5311497,0,0.7048173546791077
ACH-000563,5327091,0,0.770578145980835
ACH-000563,5328940,0,0.743583619594574
ACH-000563,53302361,0,0.793032705783844
ACH-000563,5330286,0,0.7744191288948059
ACH-000563,53340664,0,0.8382260203361511
ACH-000563,53394750,0,0.9068493843078613
ACH-000563,5394,0,0.8448179364204407
ACH-000563,5459322,0,0.7484245896339417
ACH-000563,5460769,0,0.6558920741081238
ACH-000563,54676905,0,0.7859209775924683
ACH-000563,54685215,0,0.703437864780426
ACH-000563,560326,0,0.7047083973884583
ACH-000563,56962337,0,0.6869547963142395
ACH-000563,56965967,0,0.7974982857704163
ACH-000563,57339144,0,0.8253788948059082
ACH-000563,5746,0,0.7101556062698364
ACH-000563,60750,0,0.7541215419769287
ACH-000563,6253,0,0.7741324305534363
ACH-000563,637858,0,0.8012163043022156
ACH-000563,644241,0,0.9078571200370789
ACH-000563,6445533,0,0.8591554164886475
ACH-000563,6445562,0,0.7636184692382812
ACH-000563,6450551,0,0.6923927664756775
ACH-000563,6450816,0,0.8043419718742371
ACH-000563,6505803,1,0.66743004322052
ACH-000563,65110,0,0.8730364441871643
ACH-000563,66577006,0,0.8438888788223267
ACH-000563,6710780,0,0.7051540613174438
ACH-000563,6753378,0,0.7126592397689819
ACH-000563,6852167,0,0.751609206199646
ACH-000563,6914657,0,0.6736682057380676
ACH-000563,6918289,0,0.7284124493598938
ACH-000563,6918454,0,0.8319533467292786
ACH-000563,6918638,0,0.7627911567687988
ACH-000563,6918848,0,0.7274317741394043
ACH-000563,704473,0,0.9235550165176392
ACH-000563,71271629,1,0.8613258004188538
ACH-000563,82146,0,0.8710604310035706
ACH-000563,8249,0,0.8080991506576538
ACH-000563,84691,0,0.9635054469108582
ACH-000563,85668777,0,0.7300083041191101
ACH-000563,9810884,0,0.9232726693153381
ACH-000563,9813758,0,0.934862494468689
ACH-000563,9826528,1,0.6986061334609985
ACH-000563,9858940,0,0.8565589189529419
ACH-000563,9863776,0,0.7796482443809509
ACH-000563,9868037,0,0.8967494964599609
ACH-000563,9874913,0,0.8056542277336121
ACH-000563,9884685,0,0.7370681762695312
ACH-000563,9903786,0,0.8548807501792908
ACH-000563,9910224,0,0.8825527429580688
ACH-000563,9911830,0,0.8199537992477417
ACH-000563,9914412,0,0.7757570147514343
ACH-000563,9931953,0,0.6865819096565247
ACH-000563,9938202,0,0.8221507668495178
ACH-000563,9943465,0,0.8022465109825134
ACH-000563,9952773,0,0.7641201615333557
ACH-000563,9956119,0,0.7870140671730042
ACH-000563,9956222,0,0.7424615025520325
ACH-000563,9967941,0,0.8549700379371643
ACH-000580,10027278,0,0.7198623418807983
ACH-000580,10074640,0,0.5897778272628784
ACH-000580,10077147,0,0.8843721747398376
ACH-000580,10096043,0,0.6573536396026611
ACH-000580,10109823,0,0.5430483222007751
ACH-000580,10113978,0,0.2509719729423523
ACH-000580,10127622,0,0.2669685482978821
ACH-000580,10184653,0,0.6694786548614502
ACH-000580,10196499,0,0.5628477931022644
ACH-000580,10200390,0,0.8347268104553223
ACH-000580,10341154,0,0.9659230709075928
ACH-000580,10384072,0,0.6479483842849731
ACH-000580,10451420,0,0.788282036781311
ACH-000580,10459196,0,0.6922160983085632
ACH-000580,104842,0,0.7817627787590027
ACH-000580,11152667,0,0.7461003661155701
ACH-000580,11178236,0,0.8545874357223511
ACH-000580,11282283,0,0.4933813512325287
ACH-000580,11316960,1,0.8027961254119873
ACH-000580,11327430,0,0.6058777570724487
ACH-000580,11338033,0,0.1823548823595047
ACH-000580,11373846,0,0.7776260375976562
ACH-000580,11404337,0,0.8332308530807495
ACH-000580,11433190,1,0.8189308047294617
ACH-000580,11455910,0,0.8237472772598267
ACH-000580,11485656,1,0.7507034540176392
ACH-000580,11493598,0,0.956285834312439
ACH-000580,11609586,0,0.4099813997745514
ACH-000580,11617559,0,0.6355740427970886
ACH-000580,11624601,1,0.36259162425994873
ACH-000580,11625818,0,0.9060145020484924
ACH-000580,11634725,0,0.6442325115203857
ACH-000580,11640390,0,0.891869306564331
ACH-000580,11647372,0,0.44105303287506104
ACH-000580,11667893,1,0.7321448922157288
ACH-000580,11707110,1,0.8793399930000305
ACH-000580,11713159,0,0.8865943551063538
ACH-000580,11754511,0,0.7200989127159119
ACH-000580,11960529,0,0.7220293879508972
ACH-000580,11977753,0,0.8249099254608154
ACH-000580,123631,0,0.6857942342758179
ACH-000580,126565,0,0.7617326974868774
ACH-000580,126941,0,0.9409008622169495
ACH-000580,1401,0,0.8622334599494934
ACH-000580,148124,0,0.21126073598861694
ACH-000580,156422,0,0.6922398805618286
ACH-000580,159324,0,0.9017395377159119
ACH-000580,16720766,0,0.797825038433075
ACH-000580,16722836,0,0.6518526077270508
ACH-000580,16725726,0,0.8509814143180847
ACH-000580,16747388,0,0.7647110223770142
ACH-000580,176158,0,0.6269715428352356
ACH-000580,176167,0,0.8385900855064392
ACH-000580,17755052,0,0.7108041048049927
ACH-000580,216326,0,0.883074939250946
ACH-000580,2314623,0,0.6142615079879761
ACH-000580,23725625,0,0.9289422631263733
ACH-000580,2375,0,0.6086472868919373
ACH-000580,24180719,1,0.46883344650268555
ACH-000580,24756910,0,0.7522401809692383
ACH-000580,24772860,0,0.5883552432060242
ACH-000580,24776445,0,0.2850300371646881
ACH-000580,24785538,0,0.604047417640686
ACH-000580,24826799,0,0.7656663060188293
ACH-000580,24889392,0,0.5499629378318787
ACH-000580,24894414,0,0.8847240805625916
ACH-000580,24951314,0,0.653658926486969
ACH-000580,24978538,0,0.6005768179893494
ACH-000580,25022668,0,0.6102451682090759
ACH-000580,25102847,0,0.4240869879722595
ACH-000580,25124816,0,0.46672090888023376
ACH-000580,25126798,0,0.9520738124847412
ACH-000580,25167777,0,0.42975756525993347
ACH-000580,25195352,0,0.31142207980155945
ACH-000580,25222038,0,0.6263654232025146
ACH-000580,25257557,0,0.8753430247306824
ACH-000580,25262965,0,0.5193204879760742
ACH-000580,2726824,0,0.686802327632904
ACH-000580,2733526,0,0.7401591539382935
ACH-000580,300471,0,0.7305242419242859
ACH-000580,3005532,0,0.5927759408950806
ACH-000580,31703,0,0.32380449771881104
ACH-000580,3218,1,0.9437080025672913
ACH-000580,3385,0,0.9796056151390076
ACH-000580,3463933,1,0.5403245091438293
ACH-000580,36462,0,0.3212154507637024
ACH-000580,3796,0,0.4189301133155823
ACH-000580,4263900,0,0.6607730984687805
ACH-000580,42640,0,0.6437252163887024
ACH-000580,42642645,0,0.6865540146827698
ACH-000580,44137675,0,0.7460436820983887
ACH-000580,44143370,0,0.7107313275337219
ACH-000580,44182295,1,0.754554033279419
ACH-000580,44224160,0,0.706010103225708
ACH-000580,44450571,0,0.7285963296890259
ACH-000580,44462760,1,0.7530261278152466
ACH-000580,444795,0,0.713454008102417
ACH-000580,44551660,0,0.7106075286865234
ACH-000580,44632017,0,0.7336612343788147
ACH-000580,446378,0,0.6461284160614014
ACH-000580,447912,0,0.7532718181610107
ACH-000580,448013,0,0.622044563293457
ACH-000580,44819241,0,0.8371391296386719
ACH-000580,46191454,0,0.6945235133171082
ACH-000580,46224516,0,0.8274359107017517
ACH-000580,46843772,0,0.7040382027626038
ACH-000580,46883536,0,0.7845016121864319
ACH-000580,46885626,0,0.7911829948425293
ACH-000580,46907787,0,0.6642891764640808
ACH-000580,46930998,0,0.7240214943885803
ACH-000580,46931012,0,0.7747308015823364
ACH-000580,46943432,0,0.804557740688324
ACH-000580,49806720,0,0.7234640717506409
ACH-000580,5113032,0,0.8692719340324402
ACH-000580,51371303,0,0.7991952896118164
ACH-000580,5208,0,0.848482608795166
ACH-000580,521106,0,0.8432621359825134
ACH-000580,5278396,0,0.7886323928833008
ACH-000580,5280757,0,0.6825754642486572
ACH-000580,5289247,1,0.8185804486274719
ACH-000580,5311,0,0.7358932495117188
ACH-000580,5311497,0,0.7055785655975342
ACH-000580,5327091,0,0.7232066988945007
ACH-000580,5328940,0,0.7079895734786987
ACH-000580,53302361,0,0.7241392135620117
ACH-000580,5330286,0,0.717872679233551
ACH-000580,53340664,0,0.767328679561615
ACH-000580,53394750,0,0.8272868990898132
ACH-000580,5394,0,0.8517295122146606
ACH-000580,5459322,0,0.7390429973602295
ACH-000580,5460769,0,0.6202186942100525
ACH-000580,54676905,0,0.7461841106414795
ACH-000580,54685215,0,0.7196345329284668
ACH-000580,560326,0,0.6875766515731812
ACH-000580,56962337,0,0.6373812556266785
ACH-000580,56965967,0,0.8001033663749695
ACH-000580,57339144,0,0.828848659992218
ACH-000580,5746,0,0.6662858128547668
ACH-000580,60750,0,0.6871230006217957
ACH-000580,6253,1,0.7464566230773926
ACH-000580,637858,0,0.7981549501419067
ACH-000580,644241,1,0.8340282440185547
ACH-000580,6445533,0,0.7944002151489258
ACH-000580,6445562,0,0.7466819882392883
ACH-000580,6450551,0,0.6558274626731873
ACH-000580,6450816,0,0.7242745161056519
ACH-000580,6505803,1,0.6294822096824646
ACH-000580,65110,0,0.8438364863395691
ACH-000580,66577006,0,0.774892270565033
ACH-000580,6710780,0,0.6868722438812256
ACH-000580,6753378,0,0.6692925691604614
ACH-000580,6852167,0,0.7423149943351746
ACH-000580,6914657,0,0.6503925323486328
ACH-000580,6918289,0,0.7111005187034607
ACH-000580,6918454,1,0.8202179074287415
ACH-000580,6918638,0,0.7109258770942688
ACH-000580,6918848,0,0.7268180251121521
ACH-000580,704473,0,0.8772140145301819
ACH-000580,71271629,0,0.8225947022438049
ACH-000580,82146,0,0.792795717716217
ACH-000580,8249,0,0.7343936562538147
ACH-000580,84691,0,0.9433872699737549
ACH-000580,85668777,0,0.7395899295806885
ACH-000580,9810884,0,0.9045021533966064
ACH-000580,9813758,0,0.8593873381614685
ACH-000580,9826528,1,0.7196598052978516
ACH-000580,9858940,0,0.790601372718811
ACH-000580,9863776,1,0.7902722358703613
ACH-000580,9868037,0,0.8024250268936157
ACH-000580,9874913,0,0.7382771968841553
ACH-000580,9884685,0,0.7269762754440308
ACH-000580,9903786,0,0.8372252583503723
ACH-000580,9910224,0,0.8295705318450928
ACH-000580,9911830,0,0.7983537912368774
ACH-000580,9914412,0,0.744042694568634
ACH-000580,9931953,0,0.650116503238678
ACH-000580,9938202,0,0.7614212036132812
ACH-000580,9943465,1,0.8205487728118896
ACH-000580,9952773,0,0.7370957136154175
ACH-000580,9956119,0,0.7229286432266235
ACH-000580,9956222,0,0.7159225940704346
ACH-000580,9967941,0,0.8072059750556946
ACH-000586,10027278,0,0.6454424858093262
ACH-000586,10074640,0,0.8363775014877319
ACH-000586,10077147,0,0.9689185619354248
ACH-000586,10096043,0,0.6391048431396484
ACH-000586,10109823,0,0.7998629808425903
ACH-000586,10113978,0,0.8289389610290527
ACH-000586,10127622,0,0.5066075325012207
ACH-000586,10172943,0,0.7548026442527771
ACH-000586,10184653,0,0.6814846992492676
ACH-000586,10196499,0,0.48271235823631287
ACH-000586,10200390,0,0.77590411901474
ACH-000586,10302451,0,0.6515257954597473
ACH-000586,10341154,0,0.9252976775169373
ACH-000586,10384072,0,0.6985611915588379
ACH-000586,10390396,0,0.5693269968032837
ACH-000586,10451420,0,0.801647424697876
ACH-000586,10459196,0,0.7973514199256897
ACH-000586,10461815,0,0.8105917572975159
ACH-000586,104842,1,0.8491494059562683
ACH-000586,11152667,0,0.7637878060340881
ACH-000586,11178236,0,0.8465673327445984
ACH-000586,11282283,0,0.6542549133300781
ACH-000586,11316960,0,0.8484264612197876
ACH-000586,11327430,1,0.803943395614624
ACH-000586,11338033,0,0.8114325404167175
ACH-000586,11364421,0,0.8846860527992249
ACH-000586,11373846,0,0.8420354127883911
ACH-000586,11404337,0,0.8318182229995728
ACH-000586,11433190,0,0.8580681681632996
ACH-000586,11455910,0,0.6117937564849854
ACH-000586,11485656,0,0.8126516342163086
ACH-000586,11493598,0,0.8751509189605713
ACH-000586,11609586,0,0.7186270356178284
ACH-000586,11617559,0,0.7144563794136047
ACH-000586,11624601,0,0.7914283871650696
ACH-000586,11625818,0,0.9162288308143616
ACH-000586,11626560,0,0.670905590057373
ACH-000586,11626927,0,0.684842050075531
ACH-000586,11634725,0,0.606252133846283
ACH-000586,11640390,0,0.8488097190856934
ACH-000586,11647372,0,0.6902815103530884
ACH-000586,11667893,0,0.7548048496246338
ACH-000586,11676786,0,0.7852990031242371
ACH-000586,11707110,0,0.8679570555686951
ACH-000586,11713159,0,0.8469005227088928
ACH-000586,11754511,0,0.9100651144981384
ACH-000586,11844351,0,0.8789661526679993
ACH-000586,11960529,0,0.8633918166160583
ACH-000586,11977753,0,0.8119897246360779
ACH-000586,123631,0,0.7433380484580994
ACH-000586,126565,0,0.878566563129425
ACH-000586,126941,0,0.9136430025100708
ACH-000586,1401,0,0.8314189910888672
ACH-000586,148124,0,0.6464775204658508
ACH-000586,156422,0,0.6319770216941833
ACH-000586,159324,0,0.7729670405387878
ACH-000586,160355,0,0.8213237524032593
ACH-000586,16038120,0,0.5075789093971252
ACH-000586,16095342,0,0.776729941368103
ACH-000586,16663089,0,0.737263023853302
ACH-000586,16722836,0,0.7540087103843689
ACH-000586,16725726,1,0.7588543891906738
ACH-000586,16747388,0,0.8236882090568542
ACH-000586,16760646,0,0.6846904158592224
ACH-000586,176158,0,0.7668429613113403
ACH-000586,176167,0,0.7299796342849731
ACH-000586,176870,0,0.7369324564933777
ACH-000586,17755052,1,0.8459418416023254
ACH-000586,20635522,0,0.7062281370162964
ACH-000586,208908,0,0.6934064030647278
ACH-000586,216239,0,0.6244320869445801
ACH-000586,216326,0,0.929252028465271
ACH-000586,2314623,0,0.7805564403533936
ACH-000586,23725625,1,0.9806203842163086
ACH-000586,2375,0,0.6884483695030212
ACH-000586,24180719,1,0.8773839473724365
ACH-000586,24756910,0,0.7816961407661438
ACH-000586,24772860,0,0.7346229553222656
ACH-000586,24776445,0,0.7788165807723999
ACH-000586,24785538,0,0.7224674820899963
ACH-000586,24825971,0,0.6721041798591614
ACH-000586,24826799,0,0.7253580689430237
ACH-000586,24889392,0,0.6669602394104004
ACH-000586,24894414,0,0.8356337547302246
ACH-000586,24951314,0,0.8268028497695923
ACH-000586,24978538,1,0.8089484572410583
ACH-000586,25022668,0,0.799771785736084
ACH-000586,25102847,0,0.727070152759552
ACH-000586,25124816,0,0.7487918734550476
ACH-000586,25126798,0,0.9003736972808838
ACH-000586,25167777,0,0.8758615851402283
ACH-000586,25195352,0,0.44957995414733887
ACH-000586,25222038,0,0.8949781656265259
ACH-000586,25257557,1,0.8907976746559143
ACH-000586,25262965,0,0.6515522599220276
ACH-000586,2726824,0,0.6699061393737793
ACH-000586,2733526,0,0.7911722660064697
ACH-000586,300471,0,0.5644181966781616
ACH-000586,3005532,0,0.5691708326339722
ACH-000586,3062316,0,0.8423519134521484
ACH-000586,31703,0,0.6280685663223267
ACH-000586,3218,0,0.897553026676178
ACH-000586,3385,0,0.9593204855918884
ACH-000586,3463933,0,0.7656758427619934
ACH-000586,36314,0,0.6721922755241394
ACH-000586,36462,0,0.7368725538253784
ACH-000586,3796,0,0.6000540256500244
ACH-000586,387447,0,0.9102776050567627
ACH-000586,4261,0,0.6362344026565552
ACH-000586,4263900,0,0.6241400241851807
ACH-000586,42640,0,0.598398745059967
ACH-000586,42642645,0,0.6106171011924744
ACH-000586,44137675,0,0.654641330242157
ACH-000586,44143370,0,0.624876856803894
ACH-000586,44182295,0,0.6806129217147827
ACH-000586,44224160,0,0.6462852358818054
ACH-000586,44450571,0,0.6559438109397888
ACH-000586,44462760,0,0.7188486456871033
ACH-000586,444795,0,0.6472522616386414
ACH-000586,44551660,0,0.6270809173583984
ACH-000586,44632017,0,0.644143283367157
ACH-000586,446378,0,0.6021730899810791
ACH-000586,447912,0,0.6985772252082825
ACH-000586,448013,0,0.586887776851654
ACH-000586,44819241,1,0.7550308108329773
ACH-000586,46191454,0,0.6380046010017395
ACH-000586,46224516,0,0.7396039366722107
ACH-000586,462382,0,0.5863296985626221
ACH-000586,46843772,0,0.656469464302063
ACH-000586,46844147,0,0.6367189884185791
ACH-000586,46883536,0,0.7313593626022339
ACH-000586,46885626,0,0.7077823877334595
ACH-000586,46907787,0,0.6184538006782532
ACH-000586,46930998,0,0.6346367597579956
ACH-000586,46931012,0,0.6738479733467102
ACH-000586,46943432,0,0.7348147034645081
ACH-000586,49806720,0,0.657789409160614
ACH-000586,49821040,0,0.585887610912323
ACH-000586,49836027,0,0.631270170211792
ACH-000586,4993,0,0.6683631539344788
ACH-000586,5113032,0,0.8008090853691101
ACH-000586,51371303,0,0.7236502170562744
ACH-000586,5208,0,0.7365043759346008
ACH-000586,521106,0,0.7528655529022217
ACH-000586,5278396,0,0.7025206685066223
ACH-000586,5280757,0,0.6221530437469482
ACH-000586,5289247,0,0.7367807626724243
ACH-000586,5291,0,0.6096280813217163
ACH-000586,5311,0,0.6646906733512878
ACH-000586,5311497,0,0.6352874040603638
ACH-000586,5311510,0,0.691253125667572
ACH-000586,5327091,0,0.6593178510665894
ACH-000586,5328940,0,0.6301408410072327
ACH-000586,5329102,0,0.5952484607696533
ACH-000586,53302361,0,0.6245806813240051
ACH-000586,5330286,0,0.6653002500534058
ACH-000586,53340664,0,0.6618025302886963
ACH-000586,53394750,0,0.7667224407196045
ACH-000586,5384616,0,0.5773026347160339
ACH-000586,5394,0,0.7840211987495422
ACH-000586,5459322,0,0.6740989089012146
ACH-000586,5460769,0,0.5715699195861816
ACH-000586,54676905,0,0.6640858054161072
ACH-000586,54685215,0,0.6387252807617188
ACH-000586,5494449,0,0.8435863256454468
ACH-000586,560326,0,0.6509292125701904
ACH-000586,56962337,0,0.5818973779678345
ACH-000586,56965967,0,0.709266185760498
ACH-000586,5717801,0,0.5643481612205505
ACH-000586,57339144,1,0.742084801197052
ACH-000586,5746,0,0.596921980381012
ACH-000586,60750,0,0.6453133821487427
ACH-000586,6253,0,0.6938297748565674
ACH-000586,637858,0,0.7301182150840759
ACH-000586,644215,0,0.6079704761505127
ACH-000586,644241,0,0.748876690864563
ACH-000586,6445533,0,0.6742060780525208
ACH-000586,6445562,0,0.6428696513175964
ACH-000586,6450551,0,0.6067894697189331
ACH-000586,6450816,0,0.7003163695335388
ACH-000586,6505803,0,0.5853109955787659
ACH-000586,65110,0,0.7482118010520935
ACH-000586,66577006,0,0.7355231642723083
ACH-000586,6710780,0,0.6164150834083557
ACH-000586,6753378,0,0.5971962809562683
ACH-000586,6852167,0,0.6451383829116821
ACH-000586,6914657,0,0.5917152762413025
ACH-000586,6918289,0,0.6628864407539368
ACH-000586,6918454,0,0.7189490795135498
ACH-000586,6918638,0,0.6331974864006042
ACH-000586,6918848,0,0.6434332728385925
ACH-000586,704473,0,0.7807855010032654
ACH-000586,71271629,0,0.7750261425971985
ACH-000586,7251185,0,0.75075763463974
ACH-000586,76044,0,0.6370447874069214
ACH-000586,82146,0,0.737318754196167
ACH-000586,8249,0,0.6832340359687805
ACH-000586,84691,1,0.8856870532035828
ACH-000586,85668777,0,0.6574671864509583
ACH-000586,9549184,0,0.690751850605011
ACH-000586,9810884,0,0.7850669026374817
ACH-000586,9813758,0,0.7733259201049805
ACH-000586,9826308,0,0.6473214030265808
ACH-000586,9826528,0,0.6430420279502869
ACH-000586,9858940,0,0.7448224425315857
ACH-000586,9863776,0,0.708196222782135
ACH-000586,9868037,0,0.7373077273368835
ACH-000586,9874913,0,0.6487120389938354
ACH-000586,9884685,0,0.6388969421386719
ACH-000586,9903786,0,0.7600347399711609
ACH-000586,9907093,0,0.6631734371185303
ACH-000586,9910224,0,0.7591056823730469
ACH-000586,9911830,0,0.7089623212814331
ACH-000586,9914412,0,0.63833087682724
ACH-000586,9931953,0,0.6169742345809937
ACH-000586,9938202,0,0.675512433052063
ACH-000586,9943465,0,0.7268000841140747
ACH-000586,9952773,0,0.6470599174499512
ACH-000586,9956119,0,0.6332927942276001
ACH-000586,9956222,0,0.6296157240867615
ACH-000586,9967941,0,0.7471187710762024
ACH-000587,10027278,0,0.5328955054283142
ACH-000587,10074640,0,0.5812997817993164
ACH-000587,10077147,0,0.6140794157981873
ACH-000587,10096043,1,0.5745763182640076
ACH-000587,10109823,1,0.2836357355117798
ACH-000587,10113978,0,0.17734001576900482
ACH-000587,10127622,0,0.18861648440361023
ACH-000587,10172943,0,0.577355146408081
ACH-000587,10184653,1,0.6359788179397583
ACH-000587,10196499,0,0.3438141644001007
ACH-000587,10200390,1,0.6690971851348877
ACH-000587,10302451,1,0.4107867479324341
ACH-000587,10341154,0,0.8695124983787537
ACH-000587,10384072,0,0.6270638704299927
ACH-000587,10390396,1,0.39643195271492004
ACH-000587,10451420,0,0.5960655212402344
ACH-000587,10459196,0,0.6389933228492737
ACH-000587,10461815,0,0.5618374347686768
ACH-000587,104842,0,0.5848476886749268
ACH-000587,11152667,0,0.48344916105270386
ACH-000587,11178236,1,0.8122742772102356
ACH-000587,11282283,0,0.3178938031196594
ACH-000587,11316960,0,0.5926099419593811
ACH-000587,11327430,0,0.4590122699737549
ACH-000587,11338033,0,0.10113625228404999
ACH-000587,11364421,0,0.686277449131012
ACH-000587,11373846,0,0.6582029461860657
ACH-000587,11404337,0,0.5746787190437317
ACH-000587,11433190,0,0.5563557744026184
ACH-000587,11455910,0,0.5494277477264404
ACH-000587,11485656,0,0.44733840227127075
ACH-000587,11493598,0,0.875191867351532
ACH-000587,11609586,0,0.2757643759250641
ACH-000587,11617559,0,0.6304440498352051
ACH-000587,11624601,0,0.25310543179512024
ACH-000587,11625818,0,0.8343946933746338
ACH-000587,11626560,0,0.2655753493309021
ACH-000587,11626927,0,0.43181031942367554
ACH-000587,11634725,0,0.4213119447231293
ACH-000587,11640390,1,0.8587619066238403
ACH-000587,11647372,0,0.162889763712883
ACH-000587,11667893,0,0.6480349898338318
ACH-000587,11676786,0,0.4997253715991974
ACH-000587,11707110,1,0.7370828986167908
ACH-000587,11713159,0,0.7859996557235718
ACH-000587,11754511,0,0.4628864526748657
ACH-000587,11844351,1,0.7075762748718262
ACH-000587,11960529,0,0.6718116402626038
ACH-000587,11977753,0,0.7193772196769714
ACH-000587,123631,0,0.601003110408783
ACH-000587,126565,0,0.5364994406700134
ACH-000587,126941,0,0.9283660650253296
ACH-000587,1401,0,0.7217609882354736
ACH-000587,148124,0,0.14343278110027313
ACH-000587,156422,1,0.5333998203277588
ACH-000587,159324,0,0.6711102724075317
ACH-000587,160355,0,0.7348979711532593
ACH-000587,16038120,1,0.46888041496276855
ACH-000587,16095342,1,0.35281646251678467
ACH-000587,16663089,0,0.21786347031593323
ACH-000587,16720766,0,0.5737404227256775
ACH-000587,16722836,0,0.5646079778671265
ACH-000587,16725726,1,0.730016827583313
ACH-000587,16747388,0,0.4485880732536316
ACH-000587,16760646,0,0.521870493888855
ACH-000587,176167,0,0.7559241056442261
ACH-000587,17755052,0,0.45153823494911194
ACH-000587,20635522,1,0.4264565408229828
ACH-000587,208908,0,0.36383768916130066
ACH-000587,216239,0,0.35806751251220703
ACH-000587,216326,0,0.733238697052002
ACH-000587,2314623,0,0.3889911472797394
ACH-000587,23725625,0,0.6941497921943665
ACH-000587,2375,0,0.2735200524330139
ACH-000587,24180719,0,0.17975419759750366
ACH-000587,24756910,0,0.6613599061965942
ACH-000587,24772860,0,0.5760393738746643
ACH-000587,24776445,0,0.14138813316822052
ACH-000587,24785538,0,0.6292120814323425
ACH-000587,24825971,0,0.6026725769042969
ACH-000587,24826799,0,0.5922885537147522
ACH-000587,24889392,0,0.2390364706516266
ACH-000587,24894414,0,0.8682320713996887
ACH-000587,24951314,0,0.2940519154071808
ACH-000587,24978538,0,0.1862139254808426
ACH-000587,25022668,0,0.4484570622444153
ACH-000587,25102847,0,0.2592300474643707
ACH-000587,25124816,0,0.2837142050266266
ACH-000587,25126798,0,0.7946383953094482
ACH-000587,25167777,0,0.15780843794345856
ACH-000587,25195352,0,0.22359022498130798
ACH-000587,25222038,1,0.5280354619026184
ACH-000587,25257557,1,0.727634072303772
ACH-000587,25262965,0,0.45587584376335144
ACH-000587,2726824,0,0.6226887702941895
ACH-000587,2733526,0,0.581781804561615
ACH-000587,300471,0,0.5280347466468811
ACH-000587,3005532,0,0.45001986622810364
ACH-000587,3062316,1,0.8203369379043579
ACH-000587,31703,0,0.209104984998703
ACH-000587,3218,0,0.8358134031295776
ACH-000587,3385,0,0.918286144733429
ACH-000587,3463933,0,0.1264421045780182
ACH-000587,36314,0,0.48627784848213196
ACH-000587,36462,0,0.12268569320440292
ACH-000587,3796,0,0.3371409773826599
ACH-000587,387447,1,0.5878358483314514
ACH-000587,4261,1,0.594841718673706
ACH-000587,4263900,0,0.5715045928955078
ACH-000587,42640,0,0.5427582859992981
ACH-000587,42642645,0,0.5732133984565735
ACH-000587,44137675,0,0.6148098111152649
ACH-000587,44143370,0,0.5960435271263123
ACH-000587,44182295,0,0.6038864850997925
ACH-000587,44224160,0,0.6169940829277039
ACH-000587,44450571,0,0.6084651947021484
ACH-000587,44462760,1,0.6069604754447937
ACH-000587,444795,0,0.5889701247215271
ACH-000587,44551660,0,0.6271138191223145
ACH-000587,44632017,0,0.6168487668037415
ACH-000587,446378,0,0.5594927668571472
ACH-000587,447912,0,0.609541654586792
ACH-000587,448013,0,0.5676711797714233
ACH-000587,44819241,0,0.6347861886024475
ACH-000587,46191454,0,0.5757718086242676
ACH-000587,46224516,0,0.703635573387146
ACH-000587,462382,0,0.5483956933021545
ACH-000587,46843772,0,0.5903540253639221
ACH-000587,46844147,0,0.5886260271072388
ACH-000587,46883536,0,0.6127969622612
ACH-000587,46885626,0,0.6140129566192627
ACH-000587,46907787,0,0.5629234313964844
ACH-000587,46930998,1,0.6146591901779175
ACH-000587,46931012,0,0.5992620587348938
ACH-000587,46943432,0,0.6545096039772034
ACH-000587,49806720,1,0.6046271324157715
ACH-000587,49821040,1,0.567855715751648
ACH-000587,49836027,0,0.6116682887077332
ACH-000587,4993,0,0.6297332048416138
ACH-000587,5113032,0,0.68644779920578
ACH-000587,51371303,0,0.6677306294441223
ACH-000587,5208,0,0.67904132604599
ACH-000587,521106,0,0.7029109001159668
ACH-000587,5278396,0,0.6365064978599548
ACH-000587,5280757,0,0.5623219609260559
ACH-000587,5289247,0,0.6594222187995911
ACH-000587,5291,0,0.6127846837043762
ACH-000587,5311,0,0.6423918008804321
ACH-000587,5311497,0,0.580415666103363
ACH-000587,5311510,0,0.6439369320869446
ACH-000587,5327091,1,0.6219537258148193
ACH-000587,5328940,0,0.5885393023490906
ACH-000587,5329102,0,0.5742999911308289
ACH-000587,53302361,0,0.6102138161659241
ACH-000587,5330286,0,0.6032130718231201
ACH-000587,53340664,0,0.6422788500785828
ACH-000587,53394750,1,0.6638137698173523
ACH-000587,5384616,0,0.5767509937286377
ACH-000587,5394,0,0.6293920278549194
ACH-000587,5459322,0,0.591479480266571
ACH-000587,5460769,0,0.5446508526802063
ACH-000587,54676905,0,0.6479166150093079
ACH-000587,54685215,0,0.5776726007461548
ACH-000587,5494449,0,0.7502714395523071
ACH-000587,560326,1,0.5808404684066772
ACH-000587,56962337,0,0.5647493004798889
ACH-000587,56965967,0,0.6141010522842407
ACH-000587,5717801,0,0.5370571613311768
ACH-000587,57339144,0,0.6360456347465515
ACH-000587,5746,0,0.6055518388748169
ACH-000587,60750,0,0.5921598076820374
ACH-000587,6253,0,0.6071026921272278
ACH-000587,637858,0,0.631942868232727
ACH-000587,644215,0,0.5922742486000061
ACH-000587,644241,0,0.6989554166793823
ACH-000587,6445533,1,0.7128964066505432
ACH-000587,6445562,1,0.5937314033508301
ACH-000587,6450551,0,0.5857582688331604
ACH-000587,6450816,0,0.5824539661407471
ACH-000587,6505803,0,0.55795818567276
ACH-000587,65110,0,0.6980123519897461
ACH-000587,66577006,0,0.6301154494285583
ACH-000587,6710780,0,0.5768654346466064
ACH-000587,6753378,0,0.585956871509552
ACH-000587,6852167,0,0.6087521910667419
ACH-000587,6914657,0,0.5753569006919861
ACH-000587,6918289,0,0.5804617404937744
ACH-000587,6918454,0,0.6552291512489319
ACH-000587,6918638,0,0.6145504117012024
ACH-000587,6918848,0,0.6183330416679382
ACH-000587,704473,0,0.7466146945953369
ACH-000587,71271629,0,0.656693696975708
ACH-000587,7251185,0,0.6540600061416626
ACH-000587,76044,0,0.6184811592102051
ACH-000587,82146,0,0.6489203572273254
ACH-000587,8249,0,0.6456046104431152
ACH-000587,84691,0,0.8135905861854553
ACH-000587,85668777,1,0.603472888469696
ACH-000587,9549184,1,0.6645694971084595
ACH-000587,9810884,1,0.7598844170570374
ACH-000587,9813758,0,0.718260645866394
ACH-000587,9826308,0,0.612720251083374
ACH-000587,9826528,0,0.5810625553131104
ACH-000587,9858940,0,0.619247317314148
ACH-000587,9863776,0,0.609075665473938
ACH-000587,9868037,0,0.6710633635520935
ACH-000587,9874913,0,0.6313290596008301
ACH-000587,9884685,0,0.5902986526489258
ACH-000587,9903786,0,0.6755564212799072
ACH-000587,9907093,0,0.6019620895385742
ACH-000587,9910224,0,0.6515229344367981
ACH-000587,9911830,0,0.6543694734573364
ACH-000587,9914412,0,0.6373466849327087
ACH-000587,9931953,0,0.5552011728286743
ACH-000587,9938202,0,0.6307561993598938
ACH-000587,9943465,1,0.630374014377594
ACH-000587,9952773,0,0.6170317530632019
ACH-000587,9956119,1,0.6001595258712769
ACH-000587,9956222,0,0.5942251682281494
ACH-000587,9967941,0,0.6231380105018616
ACH-000589,10027278,0,0.7052976489067078
ACH-000589,10074640,0,0.9575315117835999
ACH-000589,10077147,0,0.9946793913841248
ACH-000589,10096043,0,0.8547678589820862
ACH-000589,10109823,0,0.8861486315727234
ACH-000589,10113978,0,0.015127786435186863
ACH-000589,10127622,0,0.08333108574151993
ACH-000589,10184653,0,0.9068343639373779
ACH-000589,10196499,1,0.15617749094963074
ACH-000589,10200390,0,0.8221116065979004
ACH-000589,10341154,0,0.9999250173568726
ACH-000589,10384072,0,0.723747193813324
ACH-000589,10451420,0,0.9789139032363892
ACH-000589,10459196,0,0.840973973274231
ACH-000589,104842,0,0.9567732214927673
ACH-000589,11152667,0,0.8591123819351196
ACH-000589,11178236,0,0.998765230178833
ACH-000589,11282283,0,0.03840300068259239
ACH-000589,11316960,0,0.8721703886985779
ACH-000589,11327430,0,0.5897107124328613
ACH-000589,11338033,0,0.019621312618255615
ACH-000589,11373846,0,0.497295081615448
ACH-000589,11404337,0,0.13645972311496735
ACH-000589,11433190,0,0.9762503504753113
ACH-000589,11455910,0,0.9891387820243835
ACH-000589,11485656,0,0.9259034991264343
ACH-000589,11493598,0,0.9997181296348572
ACH-000589,11609586,0,0.1272454410791397
ACH-000589,11617559,0,0.7695550322532654
ACH-000589,11624601,0,0.09199263900518417
ACH-000589,11625818,0,0.9986609220504761
ACH-000589,11634725,0,0.5609358549118042
ACH-000589,11640390,0,0.9994670748710632
ACH-000589,11647372,0,0.035437580198049545
ACH-000589,11667893,0,0.7585729360580444
ACH-000589,11707110,1,0.9558729529380798
ACH-000589,11713159,0,0.9992604851722717
ACH-000589,11754511,0,0.9427234530448914
ACH-000589,11960529,0,0.989528238773346
ACH-000589,11977753,0,0.9366634488105774
ACH-000589,123631,0,0.8014146685600281
ACH-000589,126565,0,0.9656912088394165
ACH-000589,126941,0,0.9999792575836182
ACH-000589,1401,0,0.996353268623352
ACH-000589,148124,0,0.06630416959524155
ACH-000589,156422,1,0.799772322177887
ACH-000589,159324,0,0.941974937915802
ACH-000589,16722836,0,0.6720290780067444
ACH-000589,16725726,0,0.9899015426635742
ACH-000589,16747388,0,0.8987829089164734
ACH-000589,176167,1,0.9879543781280518
ACH-000589,17755052,0,0.955883800983429
ACH-000589,216326,0,0.943134069442749
ACH-000589,2314623,1,0.4164492189884186
ACH-000589,23725625,0,0.9644396305084229
ACH-000589,2375,0,0.2274058759212494
ACH-000589,24180719,0,0.16233490407466888
ACH-000589,24756910,0,0.9533499479293823
ACH-000589,24772860,0,0.837312638759613
ACH-000589,24776445,0,0.018062639981508255
ACH-000589,24785538,1,0.712312638759613
ACH-000589,24826799,0,0.9637599587440491
ACH-000589,24889392,1,0.14358161389827728
ACH-000589,24894414,0,0.9982149600982666
ACH-000589,24951314,0,0.7009508013725281
ACH-000589,24978538,0,0.9978991746902466
ACH-000589,25022668,0,0.8844192624092102
ACH-000589,25102847,0,0.6282636523246765
ACH-000589,25124816,1,0.08900189399719238
ACH-000589,25126798,0,0.9993091821670532
ACH-000589,25167777,0,0.27272942662239075
ACH-000589,25195352,0,0.21348430216312408
ACH-000589,25222038,0,0.8839108943939209
ACH-000589,25257557,0,0.8119553327560425
ACH-000589,25262965,0,0.7294780611991882
ACH-000589,2726824,0,0.8068837523460388
ACH-000589,2733526,0,0.7378720045089722
ACH-000589,300471,0,0.5444064736366272
ACH-000589,3005532,1,0.3811999261379242
ACH-000589,31703,0,0.13774928450584412
ACH-000589,3218,0,0.997934103012085
ACH-000589,3385,0,0.9999908208847046
ACH-000589,3463933,0,0.7219135761260986
ACH-000589,36462,0,0.12276490032672882
ACH-000589,3796,0,0.17681154608726501
ACH-000589,4263900,0,0.6133850812911987
ACH-000589,42640,0,0.5996851325035095
ACH-000589,42642645,0,0.5962487459182739
ACH-000589,44137675,0,0.627448558807373
ACH-000589,44143370,0,0.6308068037033081
ACH-000589,44182295,1,0.6490877866744995
ACH-000589,44224160,0,0.6268813014030457
ACH-000589,44450571,0,0.6130868792533875
ACH-000589,44462760,0,0.695594310760498
ACH-000589,444795,0,0.6196121573448181
ACH-000589,44551660,0,0.6326374411582947
ACH-000589,446378,0,0.6039410829544067
ACH-000589,447912,0,0.6672098636627197
ACH-000589,448013,0,0.6019465327262878
ACH-000589,44819241,0,0.651934802532196
ACH-000589,46191454,0,0.615029513835907
ACH-000589,46224516,0,0.7051198482513428
ACH-000589,46843772,0,0.6254447102546692
ACH-000589,46883536,0,0.6768677830696106
ACH-000589,46885626,0,0.6209036111831665
ACH-000589,46907787,0,0.6093029379844666
ACH-000589,46930998,0,0.6239662170410156
ACH-000589,46931012,0,0.623110830783844
ACH-000589,46943432,0,0.6795142292976379
ACH-000589,49806720,0,0.6542981863021851
ACH-000589,5113032,0,0.7025635838508606
ACH-000589,51371303,0,0.6794536113739014
ACH-000589,5208,0,0.6624553203582764
ACH-000589,521106,0,0.6761459708213806
ACH-000589,5278396,0,0.6388326287269592
ACH-000589,5280757,1,0.6133662462234497
ACH-000589,5289247,1,0.6760685443878174
ACH-000589,5311,0,0.6463149189949036
ACH-000589,5311497,0,0.6091814041137695
ACH-000589,5327091,0,0.6226707696914673
ACH-000589,5328940,0,0.6274347305297852
ACH-000589,53302361,0,0.6251205801963806
ACH-000589,5330286,0,0.6513948440551758
ACH-000589,53340664,0,0.6482359766960144
ACH-000589,53394750,0,0.7188506722450256
ACH-000589,5394,0,0.6821697950363159
ACH-000589,5459322,1,0.6491312980651855
ACH-000589,5460769,0,0.6028223633766174
ACH-000589,54676905,0,0.6445707678794861
ACH-000589,54685215,0,0.5964818596839905
ACH-000589,560326,0,0.6091737747192383
ACH-000589,56962337,0,0.6007839441299438
ACH-000589,56965967,0,0.6340347528457642
ACH-000589,57339144,0,0.6689482927322388
ACH-000589,5746,0,0.6087192893028259
ACH-000589,60750,0,0.6189653873443604
ACH-000589,6253,0,0.6303550004959106
ACH-000589,637858,0,0.6425143480300903
ACH-000589,644241,0,0.7164695262908936
ACH-000589,6445533,0,0.6745985150337219
ACH-000589,6445562,0,0.6133566498756409
ACH-000589,6450551,0,0.599808931350708
ACH-000589,6450816,0,0.685143768787384
ACH-000589,6505803,0,0.5999556183815002
ACH-000589,65110,0,0.707459032535553
ACH-000589,66577006,0,0.7056005001068115
ACH-000589,6710780,0,0.6137643456459045
ACH-000589,6753378,0,0.6063576936721802
ACH-000589,6852167,0,0.6397043466567993
ACH-000589,6914657,0,0.6034039855003357
ACH-000589,6918289,0,0.6331663131713867
ACH-000589,6918454,1,0.6726762652397156
ACH-000589,6918638,0,0.6421996355056763
ACH-000589,6918848,0,0.6213170886039734
ACH-000589,704473,0,0.7146803736686707
ACH-000589,71271629,0,0.7068412899971008
ACH-000589,82146,0,0.6808767914772034
ACH-000589,8249,0,0.6605142951011658
ACH-000589,84691,0,0.7898874878883362
ACH-000589,9810884,0,0.7085552215576172
ACH-000589,9813758,0,0.7367948293685913
ACH-000589,9826528,1,0.6224324703216553
ACH-000589,9858940,0,0.6872331500053406
ACH-000589,9863776,0,0.6396535634994507
ACH-000589,9868037,0,0.7060861587524414
ACH-000589,9874913,0,0.6210429668426514
ACH-000589,9884685,0,0.6042680144309998
ACH-000589,9903786,0,0.6737218499183655
ACH-000589,9910224,0,0.7013251185417175
ACH-000589,9911830,0,0.6685613393783569
ACH-000589,9914412,0,0.6314988136291504
ACH-000589,9931953,0,0.6299741864204407
ACH-000589,9938202,0,0.6426234245300293
ACH-000589,9943465,0,0.6435437202453613
ACH-000589,9952773,0,0.6263871192932129
ACH-000589,9956119,0,0.6356990337371826
ACH-000589,9956222,0,0.6142299175262451
ACH-000589,9967941,0,0.6866925954818726
ACH-000595,10027278,0,0.7556344866752625
ACH-000595,10074640,0,0.7571150660514832
ACH-000595,10077147,0,0.9234846830368042
ACH-000595,10096043,0,0.6669222712516785
ACH-000595,10109823,0,0.6478720903396606
ACH-000595,10113978,0,0.8056002855300903
ACH-000595,10127622,1,0.510979950428009
ACH-000595,10184653,0,0.7286918759346008
ACH-000595,10196499,0,0.533239483833313
ACH-000595,10200390,0,0.7792195081710815
ACH-000595,10341154,0,0.8873138427734375
ACH-000595,10384072,0,0.6823303699493408
ACH-000595,10451420,0,0.8608502745628357
ACH-000595,10459196,0,0.8268257975578308
ACH-000595,104842,0,0.7363963723182678
ACH-000595,11152667,0,0.6986402273178101
ACH-000595,11178236,0,0.8257257342338562
ACH-000595,11282283,0,0.6611526608467102
ACH-000595,11316960,0,0.7940390706062317
ACH-000595,11327430,0,0.7482020258903503
ACH-000595,11338033,0,0.6914600729942322
ACH-000595,11373846,0,0.8779391646385193
ACH-000595,11404337,0,0.9041472673416138
ACH-000595,11433190,0,0.7739694118499756
ACH-000595,11455910,0,0.6621652245521545
ACH-000595,11485656,0,0.8107936382293701
ACH-000595,11493598,0,0.8598962426185608
ACH-000595,11609586,0,0.7282974720001221
ACH-000595,11617559,0,0.6848363280296326
ACH-000595,11624601,0,0.651032030582428
ACH-000595,11625818,0,0.906158983707428
ACH-000595,11634725,0,0.675216019153595
ACH-000595,11640390,0,0.8568788170814514
ACH-000595,11647372,0,0.6855103373527527
ACH-000595,11667893,0,0.7395269870758057
ACH-000595,11707110,1,0.8952137231826782
ACH-000595,11713159,0,0.8228578567504883
ACH-000595,11754511,0,0.8667516708374023
ACH-000595,11960529,0,0.7690073847770691
ACH-000595,11977753,0,0.7462782263755798
ACH-000595,123631,0,0.685813307762146
ACH-000595,126565,0,0.8062769174575806
ACH-000595,126941,0,0.898976743221283
ACH-000595,1401,0,0.8674560785293579
ACH-000595,148124,0,0.5843193531036377
ACH-000595,156422,0,0.7366953492164612
ACH-000595,159324,0,0.7483278512954712
ACH-000595,16720766,0,0.798978328704834
ACH-000595,16722836,0,0.8209061622619629
ACH-000595,16725726,0,0.8934981226921082
ACH-000595,16747388,0,0.784159243106842
ACH-000595,176158,0,0.6353349089622498
ACH-000595,176167,0,0.8085496425628662
ACH-000595,17755052,0,0.8811975121498108
ACH-000595,216326,0,0.8724888563156128
ACH-000595,2314623,0,0.7501527667045593
ACH-000595,23725625,0,0.9543727040290833
ACH-000595,2375,0,0.6861408352851868
ACH-000595,24180719,0,0.7551912069320679
ACH-000595,24756910,0,0.7717994451522827
ACH-000595,24772860,0,0.710487425327301
ACH-000595,24776445,0,0.6583136320114136
ACH-000595,24785538,0,0.7411010265350342
ACH-000595,24826799,0,0.75946044921875
ACH-000595,24889392,0,0.5868621468544006
ACH-000595,24894414,0,0.7922844290733337
ACH-000595,24951314,0,0.8372503519058228
ACH-000595,24978538,0,0.7329686880111694
ACH-000595,25022668,0,0.7621335983276367
ACH-000595,25102847,0,0.582622230052948
ACH-000595,25124816,0,0.6876510381698608
ACH-000595,25126798,0,0.9133187532424927
ACH-000595,25167777,0,0.7455892562866211
ACH-000595,25195352,0,0.5292340517044067
ACH-000595,25222038,0,0.8528546690940857
ACH-000595,25257557,0,0.8886183500289917
ACH-000595,25262965,0,0.6473683714866638
ACH-000595,2726824,0,0.6766477227210999
ACH-000595,2733526,0,0.7694035768508911
ACH-000595,300471,0,0.6182604432106018
ACH-000595,3005532,0,0.6031631827354431
ACH-000595,31703,0,0.6160956621170044
ACH-000595,3218,0,0.9318685531616211
ACH-000595,3385,0,0.905722975730896
ACH-000595,3463933,0,0.7349637746810913
ACH-000595,36462,0,0.6799935102462769
ACH-000595,3796,0,0.5921833515167236
ACH-000595,4263900,0,0.6577630043029785
ACH-000595,42640,0,0.6317092776298523
ACH-000595,42642645,0,0.6416595578193665
ACH-000595,44137675,0,0.723823606967926
ACH-000595,44143370,0,0.6905280351638794
ACH-000595,44182295,0,0.7392778396606445
ACH-000595,44224160,0,0.6770710945129395
ACH-000595,44450571,1,0.6845534443855286
ACH-000595,44462760,0,0.7391668558120728
ACH-000595,444795,0,0.6664071679115295
ACH-000595,44551660,0,0.6798908710479736
ACH-000595,44632017,0,0.7082697153091431
ACH-000595,446378,0,0.6522377133369446
ACH-000595,447912,0,0.761254072189331
ACH-000595,448013,0,0.618915855884552
ACH-000595,44819241,0,0.7734382152557373
ACH-000595,46191454,0,0.6513532996177673
ACH-000595,46224516,0,0.8097790479660034
ACH-000595,46883536,0,0.7069032788276672
ACH-000595,46885626,0,0.7369171380996704
ACH-000595,46907787,0,0.6370315551757812
ACH-000595,46930998,0,0.6831699013710022
ACH-000595,46931012,0,0.7299664616584778
ACH-000595,46943432,0,0.7724430561065674
ACH-000595,49806720,0,0.7345859408378601
ACH-000595,5113032,0,0.7925025224685669
ACH-000595,51371303,0,0.7892933487892151
ACH-000595,5208,0,0.7931511998176575
ACH-000595,521106,0,0.8169317245483398
ACH-000595,5278396,0,0.7445364594459534
ACH-000595,5280757,0,0.6645089387893677
ACH-000595,5289247,0,0.7666978240013123
ACH-000595,5311,0,0.717865526676178
ACH-000595,5311497,0,0.6697507500648499
ACH-000595,5327091,0,0.7181922793388367
ACH-000595,5328940,0,0.6789063215255737
ACH-000595,53302361,0,0.7136212587356567
ACH-000595,5330286,0,0.6955375075340271
ACH-000595,53340664,0,0.7574081420898438
ACH-000595,53394750,0,0.8130255937576294
ACH-000595,5394,1,0.7702870965003967
ACH-000595,5459322,1,0.7079965472221375
ACH-000595,5460769,0,0.6393318176269531
ACH-000595,54676905,0,0.7566631436347961
ACH-000595,54685215,0,0.6763352751731873
ACH-000595,560326,0,0.6502231359481812
ACH-000595,56962337,0,0.6526455879211426
ACH-000595,56965967,0,0.740975558757782
ACH-000595,57339144,0,0.7799376249313354
ACH-000595,5746,0,0.6549438238143921
ACH-000595,60750,0,0.7000455260276794
ACH-000595,6253,0,0.7424654960632324
ACH-000595,637858,1,0.7488221526145935
ACH-000595,644241,0,0.8178511261940002
ACH-000595,6445533,0,0.796330451965332
ACH-000595,6445562,0,0.7042869329452515
ACH-000595,6450551,0,0.6367290616035461
ACH-000595,6450816,0,0.7091640830039978
ACH-000595,6505803,0,0.6335059404373169
ACH-000595,65110,0,0.8322336673736572
ACH-000595,66577006,0,0.7500329613685608
ACH-000595,6710780,0,0.6646266579627991
ACH-000595,6753378,0,0.6578308343887329
ACH-000595,6852167,0,0.7140976190567017
ACH-000595,6914657,0,0.6361901760101318
ACH-000595,6918289,0,0.6906952857971191
ACH-000595,6918454,0,0.7740107178688049
ACH-000595,6918638,0,0.710395336151123
ACH-000595,6918848,0,0.6957027316093445
ACH-000595,704473,0,0.8517879843711853
ACH-000595,71271629,0,0.7931410670280457
ACH-000595,82146,0,0.7699731588363647
ACH-000595,8249,0,0.7022932767868042
ACH-000595,84691,0,0.921329140663147
ACH-000595,85668777,0,0.7006034851074219
ACH-000595,9810884,0,0.8902242183685303
ACH-000595,9813758,0,0.8314409255981445
ACH-000595,9826528,0,0.6967512965202332
ACH-000595,9858940,0,0.7426716089248657
ACH-000595,9863776,0,0.7424397468566895
ACH-000595,9868037,0,0.7903791666030884
ACH-000595,9874913,0,0.7067695260047913
ACH-000595,9884685,0,0.6968546509742737
ACH-000595,9903786,0,0.7730451226234436
ACH-000595,9910224,0,0.781177818775177
ACH-000595,9911830,0,0.7440877556800842
ACH-000595,9914412,0,0.7233439683914185
ACH-000595,9931953,0,0.6568798422813416
ACH-000595,9938202,0,0.747364342212677
ACH-000595,9943465,0,0.7709746956825256
ACH-000595,9952773,0,0.712925136089325
ACH-000595,9956119,0,0.713937520980835
ACH-000595,9956222,0,0.6848753094673157
ACH-000595,9967941,0,0.7494086027145386
ACH-000609,10027278,0,0.7563953399658203
ACH-000609,10074640,0,0.740534782409668
ACH-000609,10077147,0,0.8726494312286377
ACH-000609,10096043,0,0.6834767460823059
ACH-000609,10109823,0,0.6577913761138916
ACH-000609,10113978,1,0.5722767114639282
ACH-000609,10127622,0,0.44398602843284607
ACH-000609,10172943,0,0.7089625597000122
ACH-000609,10184653,0,0.7442346215248108
ACH-000609,10196499,0,0.5719029903411865
ACH-000609,10200390,0,0.7228193879127502
ACH-000609,10302451,1,0.6741995215415955
ACH-000609,10341154,0,0.9095534086227417
ACH-000609,10384072,0,0.6415100693702698
ACH-000609,10390396,0,0.5347491502761841
ACH-000609,10451420,0,0.8237590193748474
ACH-000609,10459196,0,0.7948722243309021
ACH-000609,10461815,0,0.7393040060997009
ACH-000609,104842,0,0.6847164034843445
ACH-000609,11152667,0,0.7508907914161682
ACH-000609,11178236,0,0.8485719561576843
ACH-000609,11282283,0,0.5001656413078308
ACH-000609,11316960,0,0.65496426820755
ACH-000609,11327430,0,0.6662280559539795
ACH-000609,11338033,0,0.5304678678512573
ACH-000609,11364421,0,0.7946965098381042
ACH-000609,11373846,0,0.7592400312423706
ACH-000609,11404337,0,0.788174033164978
ACH-000609,11433190,0,0.7680501937866211
ACH-000609,11455910,1,0.7778559923171997
ACH-000609,11485656,0,0.7495070695877075
ACH-000609,11493598,0,0.8585991263389587
ACH-000609,11609586,0,0.6261759996414185
ACH-000609,11617559,0,0.7251607775688171
ACH-000609,11624601,0,0.4446457326412201
ACH-000609,11625818,0,0.9062478542327881
ACH-000609,11626560,0,0.6294008493423462
ACH-000609,11626927,0,0.5771751999855042
ACH-000609,11634725,0,0.6175892353057861
ACH-000609,11640390,0,0.8983911871910095
ACH-000609,11647372,0,0.631171703338623
ACH-000609,11667893,1,0.5934345722198486
ACH-000609,11676786,0,0.6702366471290588
ACH-000609,11707110,0,0.7796226739883423
ACH-000609,11713159,0,0.8024181127548218
ACH-000609,11754511,0,0.7801883220672607
ACH-000609,11844351,1,0.7108275294303894
ACH-000609,11960529,0,0.7525528073310852
ACH-000609,11977753,0,0.7429523468017578
ACH-000609,123631,0,0.6580239534378052
ACH-000609,126565,0,0.8298332691192627
ACH-000609,126941,0,0.8659385442733765
ACH-000609,1401,0,0.800118625164032
ACH-000609,148124,0,0.4168829023838043
ACH-000609,156422,1,0.7149689793586731
ACH-000609,159324,0,0.700467586517334
ACH-000609,160355,0,0.8433725237846375
ACH-000609,16038120,0,0.5884191989898682
ACH-000609,16095342,0,0.674492359161377
ACH-000609,16663089,0,0.5727786421775818
ACH-000609,16722836,0,0.818579375743866
ACH-000609,16725726,0,0.9054185748100281
ACH-000609,16747388,0,0.741567850112915
ACH-000609,16760646,0,0.5963757634162903
ACH-000609,176158,0,0.5795847177505493
ACH-000609,176167,0,0.721784234046936
ACH-000609,176870,0,0.7360853552818298
ACH-000609,17755052,0,0.7546333074569702
ACH-000609,20635522,0,0.683742344379425
ACH-000609,208908,0,0.50355464220047
ACH-000609,216239,1,0.5490022897720337
ACH-000609,216326,0,0.7556096911430359
ACH-000609,2314623,0,0.6544514298439026
ACH-000609,23725625,0,0.9238367676734924
ACH-000609,2375,0,0.5923835039138794
ACH-000609,24180719,0,0.564446747303009
ACH-000609,24756910,0,0.7154404520988464
ACH-000609,24772860,0,0.6549649238586426
ACH-000609,24776445,0,0.4763954281806946
ACH-000609,24785538,0,0.737358570098877
ACH-000609,24825971,0,0.7093061804771423
ACH-000609,24826799,1,0.7407843470573425
ACH-000609,24889392,0,0.5746762752532959
ACH-000609,24894414,0,0.7752214670181274
ACH-000609,24951314,0,0.7849941849708557
ACH-000609,24978538,0,0.8273926377296448
ACH-000609,25022668,0,0.6286042332649231
ACH-000609,25102847,0,0.5423923134803772
ACH-000609,25124816,0,0.4749123752117157
ACH-000609,25126798,0,0.8959686756134033
ACH-000609,25167777,0,0.5621081590652466
ACH-000609,25195352,0,0.5698157548904419
ACH-000609,25222038,0,0.73460453748703
ACH-000609,25257557,1,0.799437940120697
ACH-000609,25262965,0,0.700175940990448
ACH-000609,2726824,0,0.6373230814933777
ACH-000609,2733526,0,0.647140622138977
ACH-000609,300471,1,0.5299057364463806
ACH-000609,3005532,0,0.616140604019165
ACH-000609,3062316,1,0.9005007147789001
ACH-000609,31703,0,0.5602660179138184
ACH-000609,3218,0,0.9388020038604736
ACH-000609,3385,0,0.9362117648124695
ACH-000609,3463933,0,0.6552308201789856
ACH-000609,36314,0,0.49250528216362
ACH-000609,36462,0,0.6025999188423157
ACH-000609,3796,0,0.5246034860610962
ACH-000609,387447,1,0.6990771293640137
ACH-000609,4261,0,0.615879237651825
ACH-000609,4263900,0,0.5899954438209534
ACH-000609,42640,0,0.568622350692749
ACH-000609,42642645,0,0.5866188406944275
ACH-000609,44137675,0,0.6438527703285217
ACH-000609,44143370,0,0.6239802241325378
ACH-000609,44182295,0,0.6559644937515259
ACH-000609,44224160,0,0.6515761613845825
ACH-000609,44450571,1,0.6216334700584412
ACH-000609,44462760,0,0.6565487384796143
ACH-000609,444795,0,0.5962498188018799
ACH-000609,44551660,0,0.6510800123214722
ACH-000609,446378,0,0.574076235294342
ACH-000609,447912,0,0.665272057056427
ACH-000609,448013,0,0.5873293876647949
ACH-000609,44819241,0,0.6689582467079163
ACH-000609,46191454,0,0.5904216170310974
ACH-000609,46224516,0,0.7723143100738525
ACH-000609,462382,0,0.5433988571166992
ACH-000609,46844147,0,0.6095060706138611
ACH-000609,46883536,0,0.6221774220466614
ACH-000609,46885626,0,0.6259990930557251
ACH-000609,46907787,0,0.5709546804428101
ACH-000609,46930998,0,0.6417123675346375
ACH-000609,46931012,0,0.6318209171295166
ACH-000609,46943432,0,0.7033856511116028
ACH-000609,49806720,0,0.6519691348075867
ACH-000609,49821040,0,0.5699464678764343
ACH-000609,49836027,0,0.6346750259399414
ACH-000609,4993,0,0.6711244583129883
ACH-000609,5113032,0,0.7238236665725708
ACH-000609,51371303,0,0.7309290766716003
ACH-000609,5208,0,0.7266855239868164
ACH-000609,521106,0,0.7753093242645264
ACH-000609,5278396,0,0.668485701084137
ACH-000609,5280757,0,0.5681642889976501
ACH-000609,5289247,0,0.6944390535354614
ACH-000609,5291,0,0.6496149301528931
ACH-000609,5311,0,0.6744738221168518
ACH-000609,5311497,0,0.588822066783905
ACH-000609,5311510,1,0.6880448460578918
ACH-000609,5327091,0,0.6621899604797363
ACH-000609,5328940,0,0.6161016225814819
ACH-000609,5329102,0,0.5967753529548645
ACH-000609,53302361,0,0.6483034491539001
ACH-000609,5330286,0,0.63545823097229
ACH-000609,53340664,0,0.6974326372146606
ACH-000609,53394750,0,0.7351250052452087
ACH-000609,5394,0,0.6644079089164734
ACH-000609,5459322,0,0.6241340637207031
ACH-000609,5460769,0,0.5654526948928833
ACH-000609,54676905,0,0.7237838506698608
ACH-000609,54685215,1,0.5878582000732422
ACH-000609,5494449,0,0.8103979825973511
ACH-000609,560326,0,0.5880810618400574
ACH-000609,56962337,0,0.5962601900100708
ACH-000609,56965967,0,0.624948263168335
ACH-000609,5717801,0,0.5375992059707642
ACH-000609,57339144,0,0.677726686000824
ACH-000609,5746,0,0.6268319487571716
ACH-000609,60750,0,0.632973849773407
ACH-000609,6253,1,0.6764450073242188
ACH-000609,637858,0,0.656936764717102
ACH-000609,644215,0,0.6206229329109192
ACH-000609,644241,0,0.7588924765586853
ACH-000609,6445533,0,0.7731220126152039
ACH-000609,6445562,0,0.6065674424171448
ACH-000609,6450551,0,0.6014681458473206
ACH-000609,6450816,0,0.6144598126411438
ACH-000609,6505803,0,0.5708330273628235
ACH-000609,65110,0,0.7711988091468811
ACH-000609,66577006,0,0.6840706467628479
ACH-000609,6710780,0,0.5941461324691772
ACH-000609,6753378,0,0.6067141890525818
ACH-000609,6852167,0,0.6545388102531433
ACH-000609,6914657,0,0.5969375967979431
ACH-000609,6918289,1,0.593296468257904
ACH-000609,6918454,0,0.6993504762649536
ACH-000609,6918638,0,0.6477733254432678
ACH-000609,6918848,0,0.6504719853401184
ACH-000609,704473,0,0.8087167143821716
ACH-000609,71271629,0,0.7173161506652832
ACH-000609,7251185,0,0.6944416165351868
ACH-000609,76044,0,0.6628150939941406
ACH-000609,82146,0,0.7059275507926941
ACH-000609,8249,0,0.7012213468551636
ACH-000609,84691,0,0.8931031227111816
ACH-000609,85668777,0,0.628724217414856
ACH-000609,9549184,1,0.708332896232605
ACH-000609,9810884,1,0.8536562919616699
ACH-000609,9813758,0,0.7773516178131104
ACH-000609,9826308,0,0.6369321346282959
ACH-000609,9826528,0,0.6195066571235657
ACH-000609,9858940,0,0.6547024846076965
ACH-000609,9863776,0,0.6248059272766113
ACH-000609,9868037,0,0.7270461916923523
ACH-000609,9874913,0,0.6523566842079163
ACH-000609,9884685,0,0.6308021545410156
ACH-000609,9903786,0,0.7150892615318298
ACH-000609,9907093,1,0.6194762587547302
ACH-000609,9910224,0,0.6878306865692139
ACH-000609,9911830,0,0.6878370046615601
ACH-000609,9914412,0,0.6712363362312317
ACH-000609,9931953,0,0.5815489888191223
ACH-000609,9938202,0,0.6864457726478577
ACH-000609,9943465,1,0.6626124978065491
ACH-000609,9952773,0,0.659152626991272
ACH-000609,9956119,0,0.6341818571090698
ACH-000609,9956222,0,0.6242097020149231
ACH-000609,9967941,0,0.6633412837982178
ACH-000610,10027278,0,0.6107705235481262
ACH-000610,10074640,0,0.8424697518348694
ACH-000610,10077147,0,0.9352968335151672
ACH-000610,10096043,0,0.6612954139709473
ACH-000610,10109823,0,0.7923563122749329
ACH-000610,10113978,0,0.6907471418380737
ACH-000610,10127622,0,0.6096398234367371
ACH-000610,10184653,0,0.6912897229194641
ACH-000610,10196499,0,0.5808365345001221
ACH-000610,10200390,0,0.7294366955757141
ACH-000610,10341154,0,0.8850463032722473
ACH-000610,10384072,0,0.7026317119598389
ACH-000610,10451420,1,0.7341210842132568
ACH-000610,10459196,0,0.6306409239768982
ACH-000610,104842,0,0.8441316485404968
ACH-000610,11152667,0,0.7454107403755188
ACH-000610,11178236,0,0.7538458108901978
ACH-000610,11282283,0,0.6991605758666992
ACH-000610,11316960,0,0.8361544013023376
ACH-000610,11327430,0,0.8005210161209106
ACH-000610,11338033,0,0.8175917267799377
ACH-000610,11373846,1,0.7292181849479675
ACH-000610,11404337,0,0.5881226658821106
ACH-000610,11433190,0,0.8204277753829956
ACH-000610,11455910,0,0.6526145935058594
ACH-000610,11485656,0,0.7005124688148499
ACH-000610,11493598,0,0.84457927942276
ACH-000610,11609586,0,0.7310672998428345
ACH-000610,11617559,0,0.7439891695976257
ACH-000610,11624601,0,0.7257297039031982
ACH-000610,11625818,0,0.8779070377349854
ACH-000610,11626927,0,0.6692832708358765
ACH-000610,11634725,0,0.6457091569900513
ACH-000610,11640390,0,0.8712955713272095
ACH-000610,11647372,0,0.6237086653709412
ACH-000610,11667893,0,0.663350522518158
ACH-000610,11676786,0,0.7512645125389099
ACH-000610,11707110,0,0.7939088344573975
ACH-000610,11713159,0,0.8759830594062805
ACH-000610,11754511,1,0.9151070713996887
ACH-000610,11960529,0,0.8624780178070068
ACH-000610,11977753,0,0.7119607329368591
ACH-000610,123631,0,0.6956210136413574
ACH-000610,126565,0,0.886943519115448
ACH-000610,126941,0,0.8228427767753601
ACH-000610,1401,0,0.7986748218536377
ACH-000610,148124,0,0.7277283072471619
ACH-000610,156422,0,0.6364904642105103
ACH-000610,159324,0,0.7287600040435791
ACH-000610,160355,0,0.7719420194625854
ACH-000610,16095342,0,0.6998240351676941
ACH-000610,16720766,0,0.8145337104797363
ACH-000610,16722836,0,0.715282142162323
ACH-000610,16725726,1,0.7646252512931824
ACH-000610,16747388,0,0.8147926330566406
ACH-000610,176158,0,0.7225993871688843
ACH-000610,176167,1,0.8032922744750977
ACH-000610,176870,0,0.7414391040802002
ACH-000610,17755052,0,0.9058198928833008
ACH-000610,208908,0,0.7047625184059143
ACH-000610,216239,0,0.6518007516860962
ACH-000610,216326,0,0.8948471546173096
ACH-000610,2314623,0,0.7837521433830261
ACH-000610,23725625,0,0.8656007051467896
ACH-000610,2375,0,0.7372492551803589
ACH-000610,24180719,0,0.8179057836532593
ACH-000610,24756910,1,0.7646222710609436
ACH-000610,24772860,0,0.7338358759880066
ACH-000610,24776445,0,0.7557139992713928
ACH-000610,24785538,0,0.6290079355239868
ACH-000610,24826799,0,0.706509530544281
ACH-000610,24889392,0,0.7057319283485413
ACH-000610,24894414,1,0.8504166007041931
ACH-000610,24951314,0,0.7749438285827637
ACH-000610,24978538,1,0.7436213493347168
ACH-000610,25022668,0,0.7807438373565674
ACH-000610,25102847,0,0.7463914155960083
ACH-000610,25124816,0,0.7429189085960388
ACH-000610,25126798,0,0.8831184506416321
ACH-000610,25167777,0,0.8021762371063232
ACH-000610,25195352,0,0.5948778986930847
ACH-000610,25222038,0,0.7449080944061279
ACH-000610,25257557,1,0.8300191164016724
ACH-000610,25262965,0,0.7333576679229736
ACH-000610,2726824,0,0.6888806819915771
ACH-000610,2733526,0,0.7721560001373291
ACH-000610,300471,0,0.5546709895133972
ACH-000610,3005532,0,0.5852836966514587
ACH-000610,31703,0,0.7598558664321899
ACH-000610,3218,0,0.879050076007843
ACH-000610,3385,0,0.9543582797050476
ACH-000610,3463933,0,0.8399237394332886
ACH-000610,36462,0,0.7418335676193237
ACH-000610,3796,0,0.6317588686943054
ACH-000610,387447,0,0.792495608329773
ACH-000610,4261,0,0.6151821613311768
ACH-000610,4263900,0,0.5858768820762634
ACH-000610,42640,0,0.5669716596603394
ACH-000610,42642645,1,0.5804616808891296
ACH-000610,44137675,0,0.6261685490608215
ACH-000610,44143370,0,0.6137223839759827
ACH-000610,44182295,0,0.6422119140625
ACH-000610,44224160,0,0.6312474608421326
ACH-000610,44450571,0,0.6203868389129639
ACH-000610,44462760,0,0.7274709939956665
ACH-000610,444795,1,0.6361089944839478
ACH-000610,44551660,0,0.6300114393234253
ACH-000610,44632017,0,0.614761471748352
ACH-000610,446378,0,0.5702893137931824
ACH-000610,447912,0,0.6815674304962158
ACH-000610,448013,0,0.569161057472229
ACH-000610,44819241,0,0.6996468901634216
ACH-000610,46191454,0,0.607977032661438
ACH-000610,46224516,0,0.7257305979728699
ACH-000610,462382,0,0.5528355836868286
ACH-000610,46844147,0,0.604277491569519
ACH-000610,46883536,0,0.7319082617759705
ACH-000610,46885626,1,0.6405584812164307
ACH-000610,46907787,0,0.5964522957801819
ACH-000610,46930998,0,0.6365613341331482
ACH-000610,46931012,0,0.6208218336105347
ACH-000610,46943432,1,0.7282891869544983
ACH-000610,49806720,0,0.6402022838592529
ACH-000610,4993,0,0.6680788993835449
ACH-000610,5113032,0,0.7815110087394714
ACH-000610,51371303,0,0.711610734462738
ACH-000610,5208,0,0.6924160122871399
ACH-000610,521106,0,0.7103310823440552
ACH-000610,5278396,0,0.6646459698677063
ACH-000610,5280757,0,0.5834299921989441
ACH-000610,5289247,0,0.712952733039856
ACH-000610,5311,0,0.6414963603019714
ACH-000610,5311497,0,0.5977383255958557
ACH-000610,5327091,0,0.6190617084503174
ACH-000610,5328940,0,0.6171960830688477
ACH-000610,53302361,0,0.6130022406578064
ACH-000610,5330286,0,0.6559948325157166
ACH-000610,53340664,0,0.6499109864234924
ACH-000610,53394750,0,0.7686709761619568
ACH-000610,5394,0,0.749695897102356
ACH-000610,5459322,0,0.6479893326759338
ACH-000610,5460769,0,0.5489444732666016
ACH-000610,54676905,0,0.6326107978820801
ACH-000610,54685215,0,0.5903412699699402
ACH-000610,560326,0,0.6093800663948059
ACH-000610,56962337,0,0.5595709681510925
ACH-000610,56965967,0,0.6615588068962097
ACH-000610,5717801,0,0.5476415157318115
ACH-000610,57339144,0,0.6975131034851074
ACH-000610,5746,0,0.5808808207511902
ACH-000610,60750,0,0.6056287288665771
ACH-000610,6253,0,0.626987099647522
ACH-000610,637858,0,0.6744750738143921
ACH-000610,644241,0,0.7553830146789551
ACH-000610,6445533,0,0.6600823402404785
ACH-000610,6445562,0,0.6087706685066223
ACH-000610,6450551,0,0.5836824178695679
ACH-000610,6450816,0,0.7043694853782654
ACH-000610,6505803,0,0.5594107508659363
ACH-000610,65110,0,0.7204756140708923
ACH-000610,66577006,0,0.738772988319397
ACH-000610,6710780,0,0.5912963151931763
ACH-000610,6753378,0,0.5812769532203674
ACH-000610,6852167,0,0.6201493740081787
ACH-000610,6914657,0,0.5764017701148987
ACH-000610,6918289,0,0.6258687376976013
ACH-000610,6918454,0,0.6964506506919861
ACH-000610,6918638,1,0.6168337464332581
ACH-000610,6918848,1,0.6085706353187561
ACH-000610,704473,0,0.758163332939148
ACH-000610,71271629,0,0.7512370944023132
ACH-000610,7251185,0,0.7286310195922852
ACH-000610,82146,0,0.7256375551223755
ACH-000610,8249,0,0.6886999607086182
ACH-000610,84691,0,0.8648178577423096
ACH-000610,85668777,0,0.608031690120697
ACH-000610,9810884,1,0.7394905686378479
ACH-000610,9813758,0,0.7923276424407959
ACH-000610,9826528,0,0.5978026390075684
ACH-000610,9858940,0,0.7401816248893738
ACH-000610,9863776,0,0.6514898538589478
ACH-000610,9868037,0,0.7460854053497314
ACH-000610,9874913,0,0.6257027387619019
ACH-000610,9884685,0,0.5935827493667603
ACH-000610,9903786,1,0.7287968993186951
ACH-000610,9907093,0,0.620111346244812
ACH-000610,9910224,0,0.754895031452179
ACH-000610,9911830,0,0.6942523717880249
ACH-000610,9914412,0,0.612335741519928
ACH-000610,9931953,0,0.5960099697113037
ACH-000610,9938202,0,0.6508520245552063
ACH-000610,9943465,0,0.6652448177337646
ACH-000610,9952773,0,0.6171494126319885
ACH-000610,9956119,0,0.6214255094528198
ACH-000610,9956222,0,0.6011560559272766
ACH-000610,9967941,0,0.7381601333618164
ACH-000624,10027278,0,0.8074478507041931
ACH-000624,10074640,0,0.853263795375824
ACH-000624,10077147,0,0.983810544013977
ACH-000624,10096043,0,0.8127970099449158
ACH-000624,10109823,1,0.873418927192688
ACH-000624,10113978,0,0.595984935760498
ACH-000624,10127622,0,0.47096773982048035
ACH-000624,10200390,0,0.8775023818016052
ACH-000624,10384072,1,0.7466191649436951
ACH-000624,10451420,0,0.9659323692321777
ACH-000624,10459196,1,0.7874130606651306
ACH-000624,104842,0,0.872439444065094
ACH-000624,11178236,0,0.9711650609970093
ACH-000624,11282283,0,0.5946353673934937
ACH-000624,11316960,0,0.9052467942237854
ACH-000624,11327430,0,0.8031309247016907
ACH-000624,11338033,0,0.5105857849121094
ACH-000624,11373846,0,0.8692187666893005
ACH-000624,11404337,0,0.8950676321983337
ACH-000624,11433190,0,0.9518175721168518
ACH-000624,11455910,0,0.9259542226791382
ACH-000624,11485656,0,0.9404308199882507
ACH-000624,11493598,0,0.9787684082984924
ACH-000624,11609586,0,0.6132243275642395
ACH-000624,11617559,0,0.8182235360145569
ACH-000624,11624601,0,0.5996384024620056
ACH-000624,11625818,0,0.9790592193603516
ACH-000624,11634725,0,0.7249855995178223
ACH-000624,11640390,0,0.9849705696105957
ACH-000624,11647372,0,0.6705523729324341
ACH-000624,11667893,0,0.8126906752586365
ACH-000624,11707110,0,0.9248549342155457
ACH-000624,11713159,0,0.9523096084594727
ACH-000624,11754511,0,0.9289377331733704
ACH-000624,11977753,0,0.927338719367981
ACH-000624,1401,0,0.9691731929779053
ACH-000624,156422,0,0.8293030858039856
ACH-000624,159324,0,0.9309824705123901
ACH-000624,16720766,1,0.9218924045562744
ACH-000624,16722836,0,0.9007498025894165
ACH-000624,16725726,0,0.9712157249450684
ACH-000624,16747388,0,0.8935491442680359
ACH-000624,176167,0,0.9158493876457214
ACH-000624,17755052,0,0.8647775053977966
ACH-000624,2314623,0,0.8072343468666077
ACH-000624,2375,0,0.7849717140197754
ACH-000624,24180719,0,0.7775258421897888
ACH-000624,24756910,0,0.9032413959503174
ACH-000624,24772860,0,0.760191798210144
ACH-000624,24785538,0,0.7706411480903625
ACH-000624,24826799,0,0.8569005131721497
ACH-000624,24889392,0,0.7688497304916382
ACH-000624,24894414,0,0.9598711729049683
ACH-000624,24951314,0,0.8884885907173157
ACH-000624,24978538,0,0.97350013256073
ACH-000624,25022668,0,0.8588773012161255
ACH-000624,25102847,0,0.7338770627975464
ACH-000624,25124816,1,0.6632279753684998
ACH-000624,25126798,0,0.9817883968353271
ACH-000624,25167777,0,0.7598632574081421
ACH-000624,25195352,0,0.6091507077217102
ACH-000624,25222038,0,0.9281421303749084
ACH-000624,25257557,1,0.9377794861793518
ACH-000624,25262965,0,0.8078785538673401
ACH-000624,2726824,0,0.7847718000411987
ACH-000624,2733526,0,0.8625083565711975
ACH-000624,3005532,0,0.7393993139266968
ACH-000624,31703,0,0.6178866028785706
ACH-000624,3218,0,0.9925094842910767
ACH-000624,3385,0,0.9970430731773376
ACH-000624,3463933,0,0.8855829834938049
ACH-000624,36462,0,0.5728433728218079
ACH-000624,3796,0,0.579231321811676
ACH-000624,4263900,0,0.7941556572914124
ACH-000624,42640,0,0.6951964497566223
ACH-000624,42642645,0,0.6806537508964539
ACH-000624,44137675,0,0.831025242805481
ACH-000624,44143370,0,0.7871524691581726
ACH-000624,44182295,0,0.7840270400047302
ACH-000624,44224160,0,0.789133608341217
ACH-000624,44450571,0,0.7830303311347961
ACH-000624,44462760,0,0.8089567422866821
ACH-000624,44551660,0,0.7450999021530151
ACH-000624,44632017,0,0.7519071698188782
ACH-000624,446378,0,0.7586016058921814
ACH-000624,447912,0,0.8177623748779297
ACH-000624,448013,0,0.6937916278839111
ACH-000624,46191454,0,0.7119947075843811
ACH-000624,46224516,0,0.8421233296394348
ACH-000624,46883536,0,0.7477342486381531
ACH-000624,46885626,0,0.854123055934906
ACH-000624,46907787,0,0.7251782417297363
ACH-000624,46930998,0,0.7250548601150513
ACH-000624,46931012,0,0.8281006217002869
ACH-000624,46943432,0,0.8462833762168884
ACH-000624,49806720,0,0.8014646768569946
ACH-000624,5113032,0,0.841924250125885
ACH-000624,51371303,0,0.8385542035102844
ACH-000624,5208,0,0.864037275314331
ACH-000624,521106,0,0.8514648675918579
ACH-000624,5278396,0,0.8242138028144836
ACH-000624,5280757,0,0.7582416534423828
ACH-000624,5289247,0,0.8532175421714783
ACH-000624,5311497,0,0.7489771246910095
ACH-000624,5327091,0,0.8213846683502197
ACH-000624,53302361,0,0.8016277551651001
ACH-000624,5330286,0,0.7741767168045044
ACH-000624,53340664,0,0.8203944563865662
ACH-000624,53394750,1,0.8938606977462769
ACH-000624,5394,0,0.7895798683166504
ACH-000624,5459322,1,0.776728630065918
ACH-000624,5460769,1,0.7229966521263123
ACH-000624,54676905,0,0.8331477642059326
ACH-000624,54685215,0,0.727731466293335
ACH-000624,560326,0,0.7653471827507019
ACH-000624,56962337,0,0.7309690117835999
ACH-000624,56965967,0,0.8117828965187073
ACH-000624,57339144,0,0.8348978757858276
ACH-000624,5746,0,0.7380903959274292
ACH-000624,60750,0,0.8200365900993347
ACH-000624,637858,0,0.8098995089530945
ACH-000624,6445533,0,0.8503695130348206
ACH-000624,6445562,0,0.8009046316146851
ACH-000624,6450816,0,0.7918915152549744
ACH-000624,6505803,0,0.7279519438743591
ACH-000624,66577006,0,0.8411068320274353
ACH-000624,6753378,0,0.7397739887237549
ACH-000624,6852167,0,0.745694100856781
ACH-000624,6914657,0,0.6793830394744873
ACH-000624,6918638,0,0.7751253247261047
ACH-000624,6918848,0,0.7310546636581421
ACH-000624,704473,1,0.8936580419540405
ACH-000624,71271629,0,0.8775162696838379
ACH-000624,82146,0,0.8423106670379639
ACH-000624,8249,0,0.8208712339401245
ACH-000624,85668777,0,0.7269023060798645
ACH-000624,9810884,0,0.9129818677902222
ACH-000624,9813758,0,0.8824670314788818
ACH-000624,9826528,0,0.7438376545906067
ACH-000624,9858940,0,0.8349331617355347
ACH-000624,9863776,0,0.8209839463233948
ACH-000624,9868037,0,0.8470476865768433
ACH-000624,9874913,0,0.8280634880065918
ACH-000624,9884685,0,0.747885525226593
ACH-000624,9903786,0,0.8602928519248962
ACH-000624,9910224,0,0.8650842905044556
ACH-000624,9911830,0,0.7956865429878235
ACH-000624,9914412,0,0.7701166868209839
ACH-000624,9931953,0,0.7419241070747375
ACH-000624,9938202,0,0.7904543876647949
ACH-000624,9952773,0,0.7390866875648499
ACH-000624,9956119,0,0.8082789778709412
ACH-000624,9956222,0,0.7627838850021362
ACH-000624,9967941,0,0.8253024220466614
ACH-000628,10027278,0,0.7159557938575745
ACH-000628,10074640,0,0.6420174837112427
ACH-000628,10077147,0,0.8856037855148315
ACH-000628,10096043,0,0.6302748918533325
ACH-000628,10109823,0,0.4486260414123535
ACH-000628,10113978,0,0.23476234078407288
ACH-000628,10127622,0,0.15505848824977875
ACH-000628,10184653,0,0.7526237368583679
ACH-000628,10196499,0,0.37254267930984497
ACH-000628,10200390,0,0.7522208094596863
ACH-000628,10341154,0,0.982302188873291
ACH-000628,10384072,0,0.6864861845970154
ACH-000628,10451420,0,0.8716818690299988
ACH-000628,10459196,0,0.8517865538597107
ACH-000628,104842,0,0.7553625702857971
ACH-000628,11152667,0,0.7753615379333496
ACH-000628,11178236,0,0.9483404159545898
ACH-000628,11282283,0,0.3546428382396698
ACH-000628,11316960,0,0.745331883430481
ACH-000628,11327430,0,0.5822906494140625
ACH-000628,11338033,0,0.15124958753585815
ACH-000628,11373846,0,0.832023561000824
ACH-000628,11404337,0,0.8792500495910645
ACH-000628,11433190,0,0.852867603302002
ACH-000628,11455910,0,0.776505172252655
ACH-000628,11485656,0,0.7727858424186707
ACH-000628,11493598,0,0.965929388999939
ACH-000628,11609586,0,0.29518449306488037
ACH-000628,11617559,0,0.6681294441223145
ACH-000628,11624601,0,0.2458079755306244
ACH-000628,11625818,0,0.9758242964744568
ACH-000628,11634725,0,0.5346276760101318
ACH-000628,11640390,0,0.9516056180000305
ACH-000628,11647372,0,0.3609570860862732
ACH-000628,11667893,0,0.6385799050331116
ACH-000628,11707110,0,0.9267281889915466
ACH-000628,11713159,0,0.886479914188385
ACH-000628,11754511,0,0.7699199914932251
ACH-000628,11960529,0,0.7889593839645386
ACH-000628,11977753,0,0.8411518335342407
ACH-000628,123631,0,0.6495299339294434
ACH-000628,126565,0,0.8038931488990784
ACH-000628,126941,0,0.9853248000144958
ACH-000628,1401,0,0.8502809405326843
ACH-000628,148124,0,0.14768725633621216
ACH-000628,156422,0,0.7191434502601624
ACH-000628,159324,0,0.8162158131599426
ACH-000628,16720766,0,0.7217005491256714
ACH-000628,16722836,0,0.6730855703353882
ACH-000628,16725726,1,0.9284316897392273
ACH-000628,16747388,0,0.6582741141319275
ACH-000628,176158,0,0.576479434967041
ACH-000628,176167,0,0.8042815327644348
ACH-000628,17755052,0,0.547989547252655
ACH-000628,216326,0,0.8631721138954163
ACH-000628,2314623,0,0.5193586349487305
ACH-000628,23725625,0,0.9827476143836975
ACH-000628,2375,0,0.3638207018375397
ACH-000628,24180719,0,0.2919446527957916
ACH-000628,24756910,0,0.8147932887077332
ACH-000628,24772860,0,0.6236220598220825
ACH-000628,24776445,0,0.16183491051197052
ACH-000628,24785538,0,0.7282397747039795
ACH-000628,24826799,0,0.7067363858222961
ACH-000628,24889392,0,0.3412446975708008
ACH-000628,24894414,0,0.9348815679550171
ACH-000628,24951314,0,0.6973505616188049
ACH-000628,24978538,0,0.6325476765632629
ACH-000628,25022668,0,0.5932358503341675
ACH-000628,25102847,0,0.36166247725486755
ACH-000628,25124816,0,0.2605338394641876
ACH-000628,25126798,0,0.9517531991004944
ACH-000628,25167777,0,0.3092633783817291
ACH-000628,25195352,0,0.22154450416564941
ACH-000628,25222038,0,0.7767720818519592
ACH-000628,25257557,1,0.8824610710144043
ACH-000628,25262965,0,0.5771977305412292
ACH-000628,2726824,0,0.6873679161071777
ACH-000628,2733526,0,0.6548430323600769
ACH-000628,300471,0,0.6796507239341736
ACH-000628,3005532,0,0.5080165266990662
ACH-000628,31703,0,0.22318394482135773
ACH-000628,3218,0,0.9789326786994934
ACH-000628,3385,0,0.9909588098526001
ACH-000628,3463933,0,0.3821922540664673
ACH-000628,36462,0,0.23984964191913605
ACH-000628,3796,0,0.3406767249107361
ACH-000628,4263900,0,0.7080071568489075
ACH-000628,42640,0,0.6290916800498962
ACH-000628,42642645,0,0.6575613021850586
ACH-000628,44137675,0,0.7639026045799255
ACH-000628,44143370,0,0.6976278424263
ACH-000628,44182295,0,0.7161155939102173
ACH-000628,44224160,0,0.7485647201538086
ACH-000628,44450571,0,0.7474138140678406
ACH-000628,44462760,0,0.7571489810943604
ACH-000628,444795,0,0.7457035779953003
ACH-000628,44551660,0,0.7187986969947815
ACH-000628,44632017,0,0.7241619825363159
ACH-000628,446378,0,0.6797850131988525
ACH-000628,447912,0,0.7620370984077454
ACH-000628,448013,0,0.646918773651123
ACH-000628,44819241,0,0.8178922533988953
ACH-000628,46191454,0,0.676434338092804
ACH-000628,46224516,0,0.8011998534202576
ACH-000628,46883536,0,0.7667182683944702
ACH-000628,46885626,0,0.8108561038970947
ACH-000628,46907787,0,0.6729736924171448
ACH-000628,46930998,0,0.7110803723335266
ACH-000628,46931012,0,0.7531428337097168
ACH-000628,46943432,0,0.8167617321014404
ACH-000628,49806720,0,0.7210527062416077
ACH-000628,5113032,0,0.8552483916282654
ACH-000628,51371303,0,0.8095211386680603
ACH-000628,5208,0,0.814476728439331
ACH-000628,521106,0,0.8271216154098511
ACH-000628,5278396,0,0.7976096868515015
ACH-000628,5280757,0,0.6826391816139221
ACH-000628,5289247,0,0.8079248070716858
ACH-000628,5311,0,0.7385658025741577
ACH-000628,5311497,0,0.7113676071166992
ACH-000628,5327091,0,0.7658115029335022
ACH-000628,5328940,0,0.6876895427703857
ACH-000628,53302361,0,0.7193266749382019
ACH-000628,5330286,0,0.7242211699485779
ACH-000628,53340664,0,0.7508764863014221
ACH-000628,53394750,0,0.8411375284194946
ACH-000628,5394,0,0.7996543049812317
ACH-000628,5459322,0,0.7083377838134766
ACH-000628,5460769,0,0.6157363057136536
ACH-000628,54676905,0,0.7563681602478027
ACH-000628,54685215,0,0.7098369002342224
ACH-000628,560326,0,0.7242961525917053
ACH-000628,56962337,0,0.6500284671783447
ACH-000628,56965967,0,0.7890428304672241
ACH-000628,57339144,0,0.7920162081718445
ACH-000628,5746,0,0.6913045644760132
ACH-000628,60750,0,0.7447047233581543
ACH-000628,6253,0,0.76420658826828
ACH-000628,637858,0,0.8022396564483643
ACH-000628,644241,0,0.816226065158844
ACH-000628,6445533,0,0.7874755263328552
ACH-000628,6445562,0,0.7356009483337402
ACH-000628,6450551,0,0.6968051195144653
ACH-000628,6450816,0,0.733317494392395
ACH-000628,6505803,0,0.6573276519775391
ACH-000628,65110,0,0.7944321036338806
ACH-000628,66577006,0,0.7858037948608398
ACH-000628,6710780,0,0.682898759841919
ACH-000628,6753378,0,0.6709734201431274
ACH-000628,6852167,0,0.6656230688095093
ACH-000628,6914657,0,0.6430084109306335
ACH-000628,6918289,0,0.7279687523841858
ACH-000628,6918454,0,0.77358478307724
ACH-000628,6918638,0,0.7007110118865967
ACH-000628,6918848,0,0.710067629814148
ACH-000628,704473,0,0.8728822469711304
ACH-000628,71271629,0,0.8350335359573364
ACH-000628,82146,0,0.8143864274024963
ACH-000628,8249,0,0.7810142636299133
ACH-000628,84691,0,0.9260387420654297
ACH-000628,85668777,0,0.720617413520813
ACH-000628,9810884,1,0.8635377883911133
ACH-000628,9813758,0,0.8449870347976685
ACH-000628,9826528,0,0.6697322726249695
ACH-000628,9858940,0,0.8040348291397095
ACH-000628,9863776,0,0.7708789706230164
ACH-000628,9868037,0,0.8151960372924805
ACH-000628,9874913,0,0.7773309946060181
ACH-000628,9884685,0,0.703888475894928
ACH-000628,9903786,0,0.8450765013694763
ACH-000628,9910224,0,0.8252158761024475
ACH-000628,9911830,0,0.7738216519355774
ACH-000628,9914412,0,0.7261525392532349
ACH-000628,9931953,0,0.6531851887702942
ACH-000628,9938202,0,0.749358057975769
ACH-000628,9943465,0,0.7789832949638367
ACH-000628,9952773,0,0.709257185459137
ACH-000628,9956119,0,0.7145472764968872
ACH-000628,9956222,0,0.7029364109039307
ACH-000628,9967941,0,0.7939861416816711
ACH-000639,10027278,0,0.3663928508758545
ACH-000639,10074640,0,0.6660127639770508
ACH-000639,10077147,0,0.7302407622337341
ACH-000639,10096043,0,0.5259057283401489
ACH-000639,10109823,0,0.17630083858966827
ACH-000639,10113978,0,0.014816654846072197
ACH-000639,10127622,0,0.09331758320331573
ACH-000639,10172943,0,0.4660450220108032
ACH-000639,10184653,0,0.7349429726600647
ACH-000639,10196499,0,0.166452556848526
ACH-000639,10200390,0,0.658810019493103
ACH-000639,10302451,0,0.27318301796913147
ACH-000639,10341154,0,0.990880012512207
ACH-000639,10384072,0,0.6537382006645203
ACH-000639,10390396,0,0.3578220307826996
ACH-000639,10451420,1,0.8396663069725037
ACH-000639,10459196,0,0.7015742063522339
ACH-000639,10461815,0,0.3889678716659546
ACH-000639,104842,0,0.7318677306175232
ACH-000639,11152667,0,0.46282607316970825
ACH-000639,11178236,0,0.9622383117675781
ACH-000639,11282283,1,0.12683527171611786
ACH-000639,11316960,0,0.6870067715644836
ACH-000639,11327430,0,0.34063345193862915
ACH-000639,11338033,0,0.012593353167176247
ACH-000639,11364421,0,0.7474741339683533
ACH-000639,11373846,0,0.48612117767333984
ACH-000639,11404337,0,0.315977543592453
ACH-000639,11433190,0,0.7900070548057556
ACH-000639,11455910,0,0.8092945218086243
ACH-000639,11485656,1,0.4206291139125824
ACH-000639,11493598,0,0.9915265440940857
ACH-000639,11609586,0,0.1362002044916153
ACH-000639,11617559,1,0.4578689932823181
ACH-000639,11624601,0,0.08391252160072327
ACH-000639,11625818,0,0.9401814341545105
ACH-000639,11626560,0,0.06581409275531769
ACH-000639,11626927,1,0.4155938923358917
ACH-000639,11634725,0,0.35142144560813904
ACH-000639,11640390,0,0.9692689776420593
ACH-000639,11647372,0,0.03860769048333168
ACH-000639,11667893,0,0.610652506351471
ACH-000639,11676786,0,0.39595121145248413
ACH-000639,11707110,0,0.8888278603553772
ACH-000639,11713159,0,0.9735681414604187
ACH-000639,11754511,0,0.4749945402145386
ACH-000639,11844351,0,0.8759865164756775
ACH-000639,11960529,0,0.7007404565811157
ACH-000639,11977753,0,0.7316177487373352
ACH-000639,123631,0,0.48427265882492065
ACH-000639,126565,0,0.46383416652679443
ACH-000639,126941,1,0.9968562126159668
ACH-000639,1401,0,0.8794884085655212
ACH-000639,148124,0,0.03901151940226555
ACH-000639,156422,0,0.47771090269088745
ACH-000639,159324,0,0.7683165073394775
ACH-000639,160355,0,0.6788860559463501
ACH-000639,16038120,0,0.33475804328918457
ACH-000639,16095342,0,0.13141044974327087
ACH-000639,16663089,0,0.13170665502548218
ACH-000639,16720766,0,0.7156131863594055
ACH-000639,16722836,1,0.3621811866760254
ACH-000639,16725726,0,0.867904543876648
ACH-000639,16747388,0,0.5326260328292847
ACH-000639,16760646,0,0.542773425579071
ACH-000639,176158,0,0.3663765490055084
ACH-000639,176167,1,0.9649773836135864
ACH-000639,176870,0,0.7830928564071655
ACH-000639,17755052,0,0.5085611343383789
ACH-000639,20635522,0,0.5090771913528442
ACH-000639,208908,0,0.18678338825702667
ACH-000639,216239,0,0.23458470404148102
ACH-000639,216326,0,0.7960565090179443
ACH-000639,2314623,0,0.26869291067123413
ACH-000639,23725625,1,0.736153781414032
ACH-000639,2375,0,0.09544242173433304
ACH-000639,24180719,0,0.04628193378448486
ACH-000639,24756910,0,0.8296974301338196
ACH-000639,24772860,0,0.6341861486434937
ACH-000639,24776445,0,0.021515242755413055
ACH-000639,24785538,0,0.5849097371101379
ACH-000639,24825971,0,0.36003202199935913
ACH-000639,24826799,0,0.7232117056846619
ACH-000639,24889392,1,0.07896461337804794
ACH-000639,24894414,0,0.9791826605796814
ACH-000639,24951314,0,0.25415748357772827
ACH-000639,24978538,1,0.3695797920227051
ACH-000639,25022668,0,0.4480782449245453
ACH-000639,25102847,0,0.11768476665019989
ACH-000639,25124816,0,0.09245317429304123
ACH-000639,25126798,0,0.9712842106819153
ACH-000639,25167777,0,0.0875234305858612
ACH-000639,25195352,0,0.08934680372476578
ACH-000639,25222038,0,0.6380163431167603
ACH-000639,25257557,1,0.6719174385070801
ACH-000639,25262965,0,0.40189793705940247
ACH-000639,2726824,0,0.610151469707489
ACH-000639,2733526,0,0.5790947079658508
ACH-000639,300471,0,0.6600666046142578
ACH-000639,3005532,0,0.24301648139953613
ACH-000639,3062316,0,0.8093841671943665
ACH-000639,31703,0,0.09949148446321487
ACH-000639,3218,0,0.9403721690177917
ACH-000639,3385,0,0.996195912361145
ACH-000639,3463933,0,0.21096238493919373
ACH-000639,36314,0,0.33297422528266907
ACH-000639,36462,0,0.041962724179029465
ACH-000639,3796,0,0.19117464125156403
ACH-000639,387447,0,0.4717221260070801
ACH-000639,4261,0,0.6346663236618042
ACH-000639,4263900,0,0.6264418959617615
ACH-000639,42640,1,0.594024121761322
ACH-000639,42642645,0,0.6122815608978271
ACH-000639,44137675,0,0.660226583480835
ACH-000639,44143370,1,0.6375006437301636
ACH-000639,44182295,0,0.6552567481994629
ACH-000639,44224160,0,0.652076780796051
ACH-000639,44450571,0,0.6469926834106445
ACH-000639,44462760,0,0.6957990527153015
ACH-000639,444795,0,0.6565960645675659
ACH-000639,44551660,0,0.6485671997070312
ACH-000639,44632017,0,0.6400291323661804
ACH-000639,446378,0,0.6135815382003784
ACH-000639,447912,0,0.6773665547370911
ACH-000639,448013,0,0.6021825671195984
ACH-000639,44819241,0,0.6960703134536743
ACH-000639,46191454,0,0.6257604360580444
ACH-000639,46224516,1,0.7127691507339478
ACH-000639,462382,0,0.5986588001251221
ACH-000639,46844147,0,0.6329193711280823
ACH-000639,46883536,0,0.7080722451210022
ACH-000639,46885626,1,0.6849201917648315
ACH-000639,46907787,0,0.6172443628311157
ACH-000639,46930998,0,0.6419737339019775
ACH-000639,46931012,0,0.6575092077255249
ACH-000639,46943432,1,0.7082701325416565
ACH-000639,49806720,0,0.6562978029251099
ACH-000639,49821040,0,0.6108005046844482
ACH-000639,49836027,0,0.6416094303131104
ACH-000639,4993,0,0.6572041511535645
ACH-000639,5113032,0,0.753413200378418
ACH-000639,51371303,0,0.6989043354988098
ACH-000639,5208,0,0.7053027749061584
ACH-000639,521106,0,0.7046889066696167
ACH-000639,5278396,0,0.6831600666046143
ACH-000639,5280757,0,0.6310557723045349
ACH-000639,5289247,0,0.7069222331047058
ACH-000639,5291,0,0.6176262497901917
ACH-000639,5311,0,0.6667816638946533
ACH-000639,5311497,0,0.6418392658233643
ACH-000639,5311510,0,0.6885319352149963
ACH-000639,5327091,0,0.6493145823478699
ACH-000639,5328940,0,0.6339084506034851
ACH-000639,5329102,0,0.6016393303871155
ACH-000639,53302361,0,0.63629549741745
ACH-000639,5330286,0,0.6591323018074036
ACH-000639,53340664,0,0.6582834720611572
ACH-000639,53394750,1,0.7394605278968811
ACH-000639,5384616,0,0.6050137281417847
ACH-000639,5394,0,0.7188090682029724
ACH-000639,5459322,0,0.6573707461357117
ACH-000639,5460769,0,0.5906723737716675
ACH-000639,54676905,0,0.655927300453186
ACH-000639,54685215,0,0.635417640209198
ACH-000639,5494449,1,0.7907425165176392
ACH-000639,560326,0,0.6302300095558167
ACH-000639,56962337,0,0.5986689925193787
ACH-000639,56965967,0,0.6904765963554382
ACH-000639,5717801,0,0.5838583111763
ACH-000639,57339144,1,0.704571008682251
ACH-000639,5746,0,0.6215776205062866
ACH-000639,60750,0,0.6339817643165588
ACH-000639,6253,0,0.6439244151115417
ACH-000639,637858,0,0.6903294920921326
ACH-000639,644215,0,0.6187597513198853
ACH-000639,644241,0,0.7304791808128357
ACH-000639,6445533,1,0.6853532791137695
ACH-000639,6445562,0,0.6503875255584717
ACH-000639,6450551,0,0.6191387176513672
ACH-000639,6450816,0,0.6862013339996338
ACH-000639,6505803,0,0.6059716939926147
ACH-000639,65110,0,0.719119131565094
ACH-000639,66577006,0,0.7143234610557556
ACH-000639,6710780,0,0.628502607345581
ACH-000639,6753378,0,0.6105962991714478
ACH-000639,6852167,1,0.6288977265357971
ACH-000639,6914657,0,0.6054554581642151
ACH-000639,6918289,0,0.6583133339881897
ACH-000639,6918454,0,0.6965211033821106
ACH-000639,6918638,1,0.6437693238258362
ACH-000639,6918848,1,0.6424610018730164
ACH-000639,704473,0,0.7515196204185486
ACH-000639,71271629,0,0.7350927591323853
ACH-000639,7251185,0,0.7186669111251831
ACH-000639,76044,0,0.6316009759902954
ACH-000639,82146,0,0.7033219337463379
ACH-000639,8249,0,0.6786206364631653
ACH-000639,84691,0,0.820310115814209
ACH-000639,85668777,0,0.6399132609367371
ACH-000639,9549184,1,0.6869317889213562
ACH-000639,9810884,1,0.736151397228241
ACH-000639,9813758,0,0.74866783618927
ACH-000639,9826308,0,0.646389901638031
ACH-000639,9826528,0,0.6257280707359314
ACH-000639,9858940,0,0.7127212285995483
ACH-000639,9863776,0,0.6785048842430115
ACH-000639,9868037,0,0.7208256125450134
ACH-000639,9874913,0,0.6563897728919983
ACH-000639,9884685,0,0.6232919692993164
ACH-000639,9903786,0,0.7264302968978882
ACH-000639,9907093,0,0.6553694009780884
ACH-000639,9910224,0,0.7327213883399963
ACH-000639,9911830,0,0.6969985365867615
ACH-000639,9914412,0,0.6519383192062378
ACH-000639,9931953,0,0.622635006904602
ACH-000639,9938202,0,0.6553462147712708
ACH-000639,9943465,0,0.6805960536003113
ACH-000639,9952773,0,0.6400100588798523
ACH-000639,9956119,0,0.6435045599937439
ACH-000639,9956222,0,0.6297158002853394
ACH-000639,9967941,1,0.7098817825317383
ACH-000641,10027278,0,0.944800615310669
ACH-000641,10074640,1,0.9078782200813293
ACH-000641,10077147,0,0.9737528562545776
ACH-000641,10096043,1,0.8249438405036926
ACH-000641,10109823,1,0.9035724997520447
ACH-000641,10113978,0,0.9061872363090515
ACH-000641,10127622,0,0.8757718801498413
ACH-000641,10172943,0,0.9005260467529297
ACH-000641,10184653,0,0.8830816149711609
ACH-000641,10196499,0,0.8895907998085022
ACH-000641,10200390,1,0.9129400253295898
ACH-000641,10302451,0,0.9031057357788086
ACH-000641,10341154,0,0.9441892504692078
ACH-000641,10384072,0,0.8322352766990662
ACH-000641,10390396,0,0.799152135848999
ACH-000641,10451420,1,0.966433584690094
ACH-000641,10459196,0,0.8924590349197388
ACH-000641,10461815,0,0.9578321576118469
ACH-000641,104842,0,0.8789777755737305
ACH-000641,11152667,0,0.9123889207839966
ACH-000641,11178236,0,0.8248332738876343
ACH-000641,11282283,0,0.9327998161315918
ACH-000641,11316960,0,0.9653149247169495
ACH-000641,11327430,0,0.9362478852272034
ACH-000641,11338033,0,0.9594674706459045
ACH-000641,11364421,0,0.9267826080322266
ACH-000641,11373846,1,0.9394388198852539
ACH-000641,11404337,0,0.9686105251312256
ACH-000641,11433190,0,0.9266086220741272
ACH-000641,11455910,0,0.9031543731689453
ACH-000641,11485656,0,0.9481639862060547
ACH-000641,11493598,1,0.9185053110122681
ACH-000641,11609586,0,0.9160377383232117
ACH-000641,11617559,0,0.8889437317848206
ACH-000641,11624601,0,0.8536084294319153
ACH-000641,11625818,1,0.9679998159408569
ACH-000641,11626560,1,0.9026139378547668
ACH-000641,11626927,0,0.8894751667976379
ACH-000641,11634725,0,0.8815547823905945
ACH-000641,11640390,1,0.965314507484436
ACH-000641,11647372,1,0.9085026383399963
ACH-000641,11667893,0,0.8502038717269897
ACH-000641,11676786,0,0.8849261403083801
ACH-000641,11707110,0,0.9658721089363098
ACH-000641,11713159,0,0.9144676327705383
ACH-000641,11754511,0,0.9800572395324707
ACH-000641,11844351,0,0.9327332973480225
ACH-000641,11960529,0,0.8710561394691467
ACH-000641,11977753,0,0.8230960965156555
ACH-000641,123631,0,0.8840533494949341
ACH-000641,126565,0,0.9459761381149292
ACH-000641,126941,1,0.9412760734558105
ACH-000641,1401,0,0.9617166519165039
ACH-000641,148124,0,0.7808341383934021
ACH-000641,156422,0,0.9511173963546753
ACH-000641,159324,1,0.9129435420036316
ACH-000641,160355,0,0.8963153958320618
ACH-000641,16038120,1,0.8142310976982117
ACH-000641,16095342,1,0.8944615125656128
ACH-000641,16663089,0,0.8544358015060425
ACH-000641,16720766,0,0.9745821952819824
ACH-000641,16722836,1,0.9671220779418945
ACH-000641,16725726,1,0.9775607585906982
ACH-000641,16747388,0,0.9432618618011475
ACH-000641,16760646,0,0.7221963405609131
ACH-000641,176158,0,0.8279282450675964
ACH-000641,176167,0,0.9439430832862854
ACH-000641,176870,0,0.9400151968002319
ACH-000641,17755052,0,0.9657701253890991
ACH-000641,20635522,0,0.8591442704200745
ACH-000641,208908,0,0.8786556124687195
ACH-000641,216239,0,0.7859042286872864
ACH-000641,216326,0,0.9061686396598816
ACH-000641,2314623,1,0.9382585883140564
ACH-000641,23725625,0,0.9837126731872559
ACH-000641,2375,0,0.9473565220832825
ACH-000641,24180719,0,0.9356582760810852
ACH-000641,24756910,0,0.9117114543914795
ACH-000641,24772860,1,0.8117591738700867
ACH-000641,24776445,0,0.9124069213867188
ACH-000641,24785538,1,0.8807668685913086
ACH-000641,24825971,0,0.8695583939552307
ACH-000641,24826799,0,0.8880735635757446
ACH-000641,24889392,1,0.9493187069892883
ACH-000641,24894414,1,0.9007490277290344
ACH-000641,24951314,1,0.9701154828071594
ACH-000641,24978538,1,0.9854387044906616
ACH-000641,25022668,0,0.9308979511260986
ACH-000641,25102847,0,0.8890213370323181
ACH-000641,25124816,0,0.9281787872314453
ACH-000641,25126798,1,0.9805285334587097
ACH-000641,25167777,1,0.9348286986351013
ACH-000641,25195352,0,0.9125698804855347
ACH-000641,25222038,0,0.9255788326263428
ACH-000641,25257557,1,0.9766916036605835
ACH-000641,25262965,0,0.9072224497795105
ACH-000641,2726824,0,0.8209127187728882
ACH-000641,2733526,1,0.9403810501098633
ACH-000641,300471,0,0.724997341632843
ACH-000641,3005532,0,0.8500228524208069
ACH-000641,3062316,0,0.9892426133155823
ACH-000641,31703,0,0.9082319140434265
ACH-000641,3218,0,0.988857626914978
ACH-000641,3385,0,0.9719127416610718
ACH-000641,3463933,0,0.9657865762710571
ACH-000641,36314,0,0.7560669779777527
ACH-000641,36462,0,0.8804325461387634
ACH-000641,3796,0,0.8892083168029785
ACH-000641,387447,0,0.7182672619819641
ACH-000641,4261,0,0.7779799103736877
ACH-000641,4263900,0,0.8069108128547668
ACH-000641,42640,0,0.770563542842865
ACH-000641,42642645,0,0.7655308842658997
ACH-000641,44137675,0,0.9069644808769226
ACH-000641,44143370,0,0.8852041363716125
ACH-000641,44182295,0,0.8856330513954163
ACH-000641,44224160,0,0.8189917206764221
ACH-000641,44450571,0,0.8241723775863647
ACH-000641,44462760,0,0.9021631479263306
ACH-000641,444795,0,0.8429251313209534
ACH-000641,44551660,1,0.8327325582504272
ACH-000641,44632017,0,0.8444024324417114
ACH-000641,446378,0,0.8072470426559448
ACH-000641,447912,1,0.9134709239006042
ACH-000641,448013,0,0.7144178748130798
ACH-000641,44819241,0,0.9225698113441467
ACH-000641,46191454,0,0.7703162431716919
ACH-000641,46224516,0,0.9282850027084351
ACH-000641,462382,0,0.6422730684280396
ACH-000641,46844147,0,0.813183605670929
ACH-000641,46883536,1,0.847959041595459
ACH-000641,46885626,1,0.8967294692993164
ACH-000641,46907787,1,0.7775704860687256
ACH-000641,46930998,0,0.8417980670928955
ACH-000641,46931012,1,0.9151026606559753
ACH-000641,46943432,1,0.9238475561141968
ACH-000641,49806720,1,0.898207426071167
ACH-000641,49821040,0,0.7718897461891174
ACH-000641,49836027,1,0.859541654586792
ACH-000641,4993,1,0.8641637563705444
ACH-000641,5113032,1,0.9138855934143066
ACH-000641,51371303,1,0.9245892763137817
ACH-000641,5208,0,0.9391082525253296
ACH-000641,521106,1,0.92066490650177
ACH-000641,5278396,0,0.8947350382804871
ACH-000641,5280757,0,0.8273857235908508
ACH-000641,5289247,0,0.9193273186683655
ACH-000641,5291,0,0.834369957447052
ACH-000641,5311,0,0.8112091422080994
ACH-000641,5311497,0,0.8154808878898621
ACH-000641,5311510,0,0.8692934513092041
ACH-000641,5327091,0,0.8536171913146973
ACH-000641,5328940,0,0.8582493662834167
ACH-000641,5329102,0,0.7972127795219421
ACH-000641,53302361,0,0.9065064191818237
ACH-000641,5330286,0,0.8479279279708862
ACH-000641,53340664,1,0.927588939666748
ACH-000641,53394750,1,0.9606950879096985
ACH-000641,5384616,0,0.7003891468048096
ACH-000641,5394,0,0.9009080529212952
ACH-000641,5459322,1,0.8679896593093872
ACH-000641,5460769,0,0.8079063296318054
ACH-000641,54676905,0,0.8943492770195007
ACH-000641,54685215,0,0.8117320537567139
ACH-000641,5494449,0,0.97856205701828
ACH-000641,560326,0,0.7557819485664368
ACH-000641,56962337,0,0.8075598478317261
ACH-000641,56965967,0,0.8996242880821228
ACH-000641,5717801,0,0.6322333216667175
ACH-000641,57339144,0,0.9262236952781677
ACH-000641,5746,0,0.7843612432479858
ACH-000641,60750,0,0.8469790816307068
ACH-000641,6253,0,0.8673569560050964
ACH-000641,637858,0,0.8599429726600647
ACH-000641,644215,0,0.850570797920227
ACH-000641,644241,0,0.9457122683525085
ACH-000641,6445533,1,0.9301050305366516
ACH-000641,6445562,1,0.9000528454780579
ACH-000641,6450551,0,0.7439480423927307
ACH-000641,6450816,0,0.8779770731925964
ACH-000641,6505803,0,0.776128351688385
ACH-000641,65110,0,0.942130446434021
ACH-000641,66577006,1,0.9088717103004456
ACH-000641,6710780,0,0.8296233415603638
ACH-000641,6753378,0,0.8179371356964111
ACH-000641,6852167,0,0.8763383030891418
ACH-000641,6914657,0,0.7508598566055298
ACH-000641,6918289,0,0.8335612416267395
ACH-000641,6918454,0,0.9280385375022888
ACH-000641,6918638,1,0.8678197860717773
ACH-000641,6918848,1,0.806469202041626
ACH-000641,704473,1,0.9582560658454895
ACH-000641,71271629,1,0.9252707958221436
ACH-000641,7251185,0,0.8568196296691895
ACH-000641,76044,0,0.7011100649833679
ACH-000641,82146,1,0.9106841087341309
ACH-000641,8249,1,0.84884113073349
ACH-000641,84691,0,0.9766794443130493
ACH-000641,85668777,0,0.8080805540084839
ACH-000641,9549184,0,0.9332761764526367
ACH-000641,9810884,1,0.9796589612960815
ACH-000641,9813758,1,0.9666306376457214
ACH-000641,9826308,0,0.7464465498924255
ACH-000641,9826528,0,0.8425285816192627
ACH-000641,9858940,0,0.9077202081680298
ACH-000641,9863776,0,0.8960810303688049
ACH-000641,9868037,1,0.9342909455299377
ACH-000641,9874913,0,0.8833133578300476
ACH-000641,9884685,0,0.847120463848114
ACH-000641,9903786,1,0.9081969857215881
ACH-000641,9907093,0,0.8545386791229248
ACH-000641,9910224,1,0.9438281655311584
ACH-000641,9911830,0,0.8895884156227112
ACH-000641,9914412,0,0.8726962804794312
ACH-000641,9931953,0,0.8105913996696472
ACH-000641,9938202,0,0.8947359919548035
ACH-000641,9943465,0,0.9101418256759644
ACH-000641,9952773,0,0.8483827710151672
ACH-000641,9956119,0,0.9106775522232056
ACH-000641,9956222,0,0.8551408052444458
ACH-000641,9967941,0,0.9154092669487
ACH-000644,10027278,0,0.7614210844039917
ACH-000644,10074640,0,0.7028965950012207
ACH-000644,10096043,0,0.6451428532600403
ACH-000644,10109823,0,0.6395967602729797
ACH-000644,10113978,0,0.47836408019065857
ACH-000644,10172943,0,0.6858803629875183
ACH-000644,10196499,0,0.4899137020111084
ACH-000644,10200390,0,0.7040435075759888
ACH-000644,10302451,0,0.6596089005470276
ACH-000644,10390396,0,0.537147581577301
ACH-000644,10451420,0,0.8894239068031311
ACH-000644,10461815,0,0.7276387810707092
ACH-000644,104842,0,0.8051642775535583
ACH-000644,11178236,0,0.9145093560218811
ACH-000644,11282283,0,0.5005692839622498
ACH-000644,11338033,0,0.5225290656089783
ACH-000644,11364421,0,0.7980822920799255
ACH-000644,11373846,0,0.7847628593444824
ACH-000644,11404337,0,0.7860615253448486
ACH-000644,11455910,0,0.861689567565918
ACH-000644,11485656,0,0.8673058152198792
ACH-000644,11493598,0,0.9230488538742065
ACH-000644,11609586,0,0.6661294102668762
ACH-000644,11617559,0,0.7418031096458435
ACH-000644,11625818,0,0.9074866771697998
ACH-000644,11626560,0,0.6271030902862549
ACH-000644,11626927,0,0.5822449326515198
ACH-000644,11634725,0,0.6346996426582336
ACH-000644,11640390,0,0.9399590492248535
ACH-000644,11647372,0,0.6411457061767578
ACH-000644,11676786,1,0.6689251065254211
ACH-000644,11707110,1,0.8408929109573364
ACH-000644,11713159,1,0.8380995392799377
ACH-000644,11754511,0,0.8037487864494324
ACH-000644,11844351,1,0.7639489769935608
ACH-000644,159324,0,0.7775218486785889
ACH-000644,160355,0,0.849128782749176
ACH-000644,16038120,0,0.48433536291122437
ACH-000644,16095342,0,0.8108253479003906
ACH-000644,16663089,0,0.7256070375442505
ACH-000644,16722836,0,0.7513941526412964
ACH-000644,16725726,0,0.9295445680618286
ACH-000644,16747388,0,0.8020806908607483
ACH-000644,16760646,0,0.5744605660438538
ACH-000644,176167,0,0.7941296100616455
ACH-000644,176870,0,0.7747936844825745
ACH-000644,20635522,0,0.6604962944984436
ACH-000644,208908,0,0.5424015522003174
ACH-000644,216239,0,0.4764242172241211
ACH-000644,2314623,0,0.6673774719238281
ACH-000644,2375,0,0.5566390156745911
ACH-000644,24756910,0,0.7158316969871521
ACH-000644,24772860,0,0.6233972311019897
ACH-000644,24785538,0,0.6974417567253113
ACH-000644,24825971,0,0.6640909314155579
ACH-000644,24826799,0,0.7558265924453735
ACH-000644,24889392,0,0.5695431232452393
ACH-000644,24894414,0,0.8146011829376221
ACH-000644,24951314,0,0.8065282702445984
ACH-000644,25022668,0,0.6660736203193665
ACH-000644,25102847,0,0.552187979221344
ACH-000644,25124816,0,0.43258345127105713
ACH-000644,25126798,0,0.8919442296028137
ACH-000644,25167777,0,0.6553828120231628
ACH-000644,25195352,0,0.573082685470581
ACH-000644,25222038,0,0.8195531368255615
ACH-000644,25257557,0,0.7942543625831604
ACH-000644,2726824,0,0.6711340546607971
ACH-000644,2733526,0,0.6964365839958191
ACH-000644,3005532,1,0.5721899271011353
ACH-000644,3062316,1,0.8635057806968689
ACH-000644,31703,0,0.583410382270813
ACH-000644,3218,0,0.9648873209953308
ACH-000644,3385,0,0.9766882061958313
ACH-000644,3463933,1,0.8197242021560669
ACH-000644,36314,0,0.439624547958374
ACH-000644,36462,0,0.6140419244766235
ACH-000644,3796,0,0.5411322116851807
ACH-000644,387447,0,0.737995445728302
ACH-000644,4261,0,0.6228752136230469
ACH-000644,4263900,0,0.6164200901985168
ACH-000644,42640,0,0.5864521861076355
ACH-000644,42642645,0,0.6153018474578857
ACH-000644,44137675,0,0.682715117931366
ACH-000644,44143370,0,0.6493101716041565
ACH-000644,44224160,0,0.6718923449516296
ACH-000644,44462760,1,0.6652153730392456
ACH-000644,44551660,0,0.6675949692726135
ACH-000644,446378,0,0.5945380330085754
ACH-000644,447912,0,0.6546222567558289
ACH-000644,448013,0,0.5856024622917175
ACH-000644,44819241,0,0.7414759397506714
ACH-000644,46191454,0,0.6210024356842041
ACH-000644,46224516,0,0.7354073524475098
ACH-000644,462382,0,0.5634287595748901
ACH-000644,46843772,0,0.6377283334732056
ACH-000644,46844147,0,0.6405999064445496
ACH-000644,46883536,0,0.686816394329071
ACH-000644,46885626,0,0.7060708403587341
ACH-000644,46907787,0,0.6094127893447876
ACH-000644,46931012,0,0.6913524866104126
ACH-000644,46943432,0,0.727007269859314
ACH-000644,49821040,0,0.6137438416481018
ACH-000644,49836027,0,0.6633424162864685
ACH-000644,4993,1,0.689141571521759
ACH-000644,5113032,0,0.7765509486198425
ACH-000644,51371303,0,0.7211377620697021
ACH-000644,5208,0,0.7543760538101196
ACH-000644,521106,0,0.7490002512931824
ACH-000644,5280757,0,0.6033634543418884
ACH-000644,5289247,0,0.733709454536438
ACH-000644,5291,0,0.6321585774421692
ACH-000644,5311497,1,0.6296265125274658
ACH-000644,5311510,0,0.6758764386177063
ACH-000644,5327091,0,0.664713442325592
ACH-000644,5329102,0,0.6124385595321655
ACH-000644,53302361,1,0.6657310724258423
ACH-000644,53340664,0,0.6947362422943115
ACH-000644,53394750,0,0.7426829934120178
ACH-000644,5384616,0,0.5807725787162781
ACH-000644,5394,0,0.7309107184410095
ACH-000644,5459322,0,0.6418753862380981
ACH-000644,5460769,0,0.5632560849189758
ACH-000644,54676905,0,0.6719493269920349
ACH-000644,54685215,1,0.630478024482727
ACH-000644,5494449,0,0.8287277221679688
ACH-000644,560326,0,0.6377577185630798
ACH-000644,56962337,0,0.5886502265930176
ACH-000644,56965967,0,0.6956965923309326
ACH-000644,5717801,0,0.551736056804657
ACH-000644,57339144,0,0.7129188179969788
ACH-000644,5746,0,0.6301301121711731
ACH-000644,60750,0,0.6384010910987854
ACH-000644,637858,0,0.6980693936347961
ACH-000644,644215,0,0.6344223618507385
ACH-000644,6445533,0,0.7274877429008484
ACH-000644,6445562,0,0.6695194244384766
ACH-000644,6450816,0,0.6383649110794067
ACH-000644,66577006,0,0.6951448321342468
ACH-000644,6753378,0,0.6189572811126709
ACH-000644,6852167,0,0.6498137712478638
ACH-000644,6914657,0,0.5948792695999146
ACH-000644,6918638,0,0.6366504430770874
ACH-000644,6918848,0,0.6478026509284973
ACH-000644,704473,0,0.7987436056137085
ACH-000644,71271629,0,0.7271353006362915
ACH-000644,7251185,0,0.7022607922554016
ACH-000644,76044,0,0.6290327906608582
ACH-000644,82146,0,0.7192646265029907
ACH-000644,8249,0,0.7078338861465454
ACH-000644,9549184,0,0.7276650071144104
ACH-000644,9810884,0,0.8077459931373596
ACH-000644,9813758,0,0.7821400761604309
ACH-000644,9826308,0,0.6324473023414612
ACH-000644,9858940,0,0.7124808430671692
ACH-000644,9863776,0,0.6812506914138794
ACH-000644,9868037,0,0.7237421274185181
ACH-000644,9874913,0,0.7031410932540894
ACH-000644,9884685,0,0.6509876847267151
ACH-000644,9903786,0,0.7623237371444702
ACH-000644,9907093,1,0.6600582599639893
ACH-000644,9910224,0,0.7405890226364136
ACH-000644,9911830,0,0.711863100528717
ACH-000644,9931953,0,0.5833663940429688
ACH-000644,9938202,0,0.6823121905326843
ACH-000644,9952773,0,0.6562142968177795
ACH-000644,9956119,1,0.6555919051170349
ACH-000644,9956222,0,0.6542890071868896
ACH-000644,9967941,0,0.721912682056427
ACH-000647,10027278,0,0.7882009148597717
ACH-000647,10074640,0,0.9043549299240112
ACH-000647,10077147,0,0.9636626243591309
ACH-000647,10096043,0,0.6183093786239624
ACH-000647,10109823,0,0.9149144291877747
ACH-000647,10113978,0,0.8087904453277588
ACH-000647,10127622,0,0.7715783715248108
ACH-000647,10172943,0,0.758921205997467
ACH-000647,10184653,1,0.6238429546356201
ACH-000647,10196499,0,0.7287404537200928
ACH-000647,10200390,0,0.7893888354301453
ACH-000647,10302451,1,0.8203133344650269
ACH-000647,10341154,0,0.8379939794540405
ACH-000647,10384072,0,0.6754989624023438
ACH-000647,10390396,0,0.7019885778427124
ACH-000647,10451420,0,0.7740674614906311
ACH-000647,10459196,0,0.7463356256484985
ACH-000647,10461815,0,0.6792370080947876
ACH-000647,104842,0,0.9106539487838745
ACH-000647,11152667,0,0.7915253639221191
ACH-000647,11178236,0,0.6653029322624207
ACH-000647,11282283,0,0.8473905324935913
ACH-000647,11316960,0,0.8505872488021851
ACH-000647,11327430,0,0.9185981750488281
ACH-000647,11338033,0,0.9730954170227051
ACH-000647,11364421,0,0.8318673968315125
ACH-000647,11373846,0,0.7319020628929138
ACH-000647,11404337,0,0.7770883440971375
ACH-000647,11433190,0,0.8800020217895508
ACH-000647,11455910,0,0.7182987928390503
ACH-000647,11485656,0,0.8319762945175171
ACH-000647,11493598,0,0.7669673562049866
ACH-000647,11609586,0,0.8778638243675232
ACH-000647,11617559,0,0.805874764919281
ACH-000647,11624601,0,0.8652290105819702
ACH-000647,11625818,0,0.9169875979423523
ACH-000647,11626560,0,0.8288219571113586
ACH-000647,11626927,0,0.6710970401763916
ACH-000647,11634725,0,0.7311989068984985
ACH-000647,11640390,1,0.9040044546127319
ACH-000647,11647372,0,0.8668520450592041
ACH-000647,11667893,0,0.6045929789543152
ACH-000647,11676786,0,0.7898076176643372
ACH-000647,11707110,0,0.7907204627990723
ACH-000647,11713159,0,0.8392808437347412
ACH-000647,11754511,0,0.9687528014183044
ACH-000647,11844351,0,0.7460978627204895
ACH-000647,11960529,0,0.854496955871582
ACH-000647,11977753,0,0.6626042723655701
ACH-000647,123631,0,0.7996559143066406
ACH-000647,126565,0,0.8994066715240479
ACH-000647,126941,0,0.8189170360565186
ACH-000647,1401,0,0.7219512462615967
ACH-000647,148124,0,0.830723226070404
ACH-000647,156422,0,0.7906076312065125
ACH-000647,159324,0,0.68156898021698
ACH-000647,160355,0,0.797347366809845
ACH-000647,16038120,0,0.595388650894165
ACH-000647,16095342,0,0.8652374744415283
ACH-000647,16663089,0,0.8728862404823303
ACH-000647,16720766,0,0.9300336837768555
ACH-000647,16722836,0,0.7318451404571533
ACH-000647,16725726,0,0.7796953320503235
ACH-000647,16747388,0,0.8654181361198425
ACH-000647,16760646,0,0.7562028169631958
ACH-000647,176158,0,0.7690519094467163
ACH-000647,176167,0,0.77900230884552
ACH-000647,176870,1,0.7225187420845032
ACH-000647,17755052,0,0.9365708827972412
ACH-000647,20635522,0,0.839321494102478
ACH-000647,208908,1,0.8085182309150696
ACH-000647,216239,0,0.6106359958648682
ACH-000647,216326,1,0.8346465826034546
ACH-000647,2314623,0,0.8766524195671082
ACH-000647,23725625,0,0.9535861015319824
ACH-000647,2375,0,0.7586796879768372
ACH-000647,24180719,0,0.9022164344787598
ACH-000647,24756910,0,0.7054645419120789
ACH-000647,24772860,0,0.6883774995803833
ACH-000647,24776445,0,0.9099446535110474
ACH-000647,24785538,0,0.6551921367645264
ACH-000647,24825971,0,0.6212709546089172
ACH-000647,24826799,0,0.6355810165405273
ACH-000647,24889392,0,0.8333321213722229
ACH-000647,24894414,0,0.7803482413291931
ACH-000647,24951314,0,0.9177059531211853
ACH-000647,24978538,0,0.9583795666694641
ACH-000647,25022668,0,0.8500504493713379
ACH-000647,25102847,0,0.9243472218513489
ACH-000647,25124816,0,0.8485363125801086
ACH-000647,25126798,0,0.879689633846283
ACH-000647,25167777,0,0.9536342024803162
ACH-000647,25195352,0,0.8111584186553955
ACH-000647,25222038,0,0.833267092704773
ACH-000647,25257557,0,0.7706799507141113
ACH-000647,25262965,0,0.825979471206665
ACH-000647,2726824,0,0.6519470810890198
ACH-000647,2733526,0,0.7631434202194214
ACH-000647,300471,0,0.5911241173744202
ACH-000647,3005532,0,0.6941782832145691
ACH-000647,3062316,1,0.8716667890548706
ACH-000647,31703,0,0.8949573636054993
ACH-000647,3218,0,0.8540797233581543
ACH-000647,3385,0,0.9239393472671509
ACH-000647,3463933,0,0.9636238813400269
ACH-000647,36314,0,0.7460514903068542
ACH-000647,36462,0,0.9105597138404846
ACH-000647,3796,0,0.7306029796600342
ACH-000647,387447,0,0.8851358890533447
ACH-000647,4261,0,0.5923749804496765
ACH-000647,4263900,0,0.5754401087760925
ACH-000647,42640,0,0.5415446758270264
ACH-000647,42642645,0,0.5756610631942749
ACH-000647,44137675,0,0.6088356971740723
ACH-000647,44143370,0,0.5788617134094238
ACH-000647,44182295,0,0.6082277894020081
ACH-000647,44224160,0,0.6095577478408813
ACH-000647,44450571,0,0.6216623783111572
ACH-000647,44462760,0,0.5938832759857178
ACH-000647,444795,0,0.5844076871871948
ACH-000647,44551660,0,0.6013571619987488
ACH-000647,44632017,0,0.6136890649795532
ACH-000647,446378,0,0.5532510876655579
ACH-000647,447912,0,0.5993438959121704
ACH-000647,448013,0,0.5550816655158997
ACH-000647,44819241,0,0.6809210777282715
ACH-000647,46191454,0,0.58601975440979
ACH-000647,46224516,0,0.6920753717422485
ACH-000647,462382,0,0.5518426895141602
ACH-000647,46843772,0,0.5964388251304626
ACH-000647,46844147,0,0.5926180481910706
ACH-000647,46883536,0,0.6228697299957275
ACH-000647,46885626,0,0.6503352522850037
ACH-000647,46907787,0,0.5648730993270874
ACH-000647,46930998,0,0.5971745848655701
ACH-000647,46931012,0,0.6151631474494934
ACH-000647,46943432,0,0.6535501480102539
ACH-000647,49806720,0,0.5856385231018066
ACH-000647,49821040,1,0.5598494410514832
ACH-000647,49836027,0,0.5991100072860718
ACH-000647,4993,0,0.6189254522323608
ACH-000647,5113032,0,0.7162904739379883
ACH-000647,51371303,0,0.6561546921730042
ACH-000647,5208,0,0.6990245580673218
ACH-000647,521106,0,0.7168486714363098
ACH-000647,5278396,0,0.6489753723144531
ACH-000647,5280757,0,0.5637412667274475
ACH-000647,5289247,0,0.6743637919425964
ACH-000647,5291,0,0.593026340007782
ACH-000647,5311,0,0.6319441795349121
ACH-000647,5311497,0,0.584766149520874
ACH-000647,5311510,0,0.6183314323425293
ACH-000647,5327091,0,0.6261269450187683
ACH-000647,5328940,0,0.5775435566902161
ACH-000647,5329102,0,0.5659093856811523
ACH-000647,53302361,0,0.5885699391365051
ACH-000647,5330286,0,0.5945685505867004
ACH-000647,53340664,0,0.6214450001716614
ACH-000647,53394750,0,0.6519842743873596
ACH-000647,5384616,0,0.5525580048561096
ACH-000647,5394,0,0.6743403077125549
ACH-000647,5459322,0,0.5960452556610107
ACH-000647,5460769,0,0.5262579917907715
ACH-000647,54676905,0,0.6355374455451965
ACH-000647,54685215,0,0.5904219150543213
ACH-000647,5494449,0,0.7711029648780823
ACH-000647,560326,0,0.6042201519012451
ACH-000647,56962337,0,0.5457527041435242
ACH-000647,56965967,0,0.6379228830337524
ACH-000647,5717801,0,0.5278622508049011
ACH-000647,57339144,0,0.659735381603241
ACH-000647,5746,0,0.5865574479103088
ACH-000647,60750,0,0.5950638651847839
ACH-000647,6253,0,0.6328731179237366
ACH-000647,637858,0,0.6659679412841797
ACH-000647,644215,0,0.5783578753471375
ACH-000647,644241,0,0.6748446226119995
ACH-000647,6445533,1,0.6809614300727844
ACH-000647,6445562,0,0.5944664478302002
ACH-000647,6450551,0,0.5800763368606567
ACH-000647,6450816,0,0.5715767741203308
ACH-000647,6505803,0,0.5450392961502075
ACH-000647,65110,1,0.6881863474845886
ACH-000647,66577006,0,0.6216055750846863
ACH-000647,6710780,0,0.5690745711326599
ACH-000647,6753378,0,0.5721052289009094
ACH-000647,6852167,0,0.6029840707778931
ACH-000647,6914657,0,0.5609670877456665
ACH-000647,6918289,0,0.587759792804718
ACH-000647,6918454,0,0.6590427160263062
ACH-000647,6918638,0,0.5937724709510803
ACH-000647,6918848,0,0.6161627769470215
ACH-000647,704473,0,0.7428548336029053
ACH-000647,71271629,0,0.6723881363868713
ACH-000647,7251185,0,0.6667899489402771
ACH-000647,76044,0,0.6190152168273926
ACH-000647,82146,0,0.6503478288650513
ACH-000647,8249,0,0.6324347257614136
ACH-000647,84691,0,0.830379068851471
ACH-000647,85668777,1,0.6180951595306396
ACH-000647,9549184,1,0.6574824452400208
ACH-000647,9810884,0,0.7613961696624756
ACH-000647,9813758,0,0.6957917213439941
ACH-000647,9826308,0,0.5980179905891418
ACH-000647,9826528,0,0.5887383818626404
ACH-000647,9858940,0,0.6281452178955078
ACH-000647,9863776,0,0.6387877464294434
ACH-000647,9868037,0,0.6489065885543823
ACH-000647,9874913,0,0.6256464123725891
ACH-000647,9884685,0,0.5969274044036865
ACH-000647,9903786,0,0.6991448402404785
ACH-000647,9907093,0,0.611791729927063
ACH-000647,9910224,0,0.6558594703674316
ACH-000647,9911830,0,0.6533253788948059
ACH-000647,9914412,0,0.6197562217712402
ACH-000647,9931953,0,0.5432931184768677
ACH-000647,9938202,0,0.6238417625427246
ACH-000647,9943465,0,0.6660351753234863
ACH-000647,9952773,0,0.6099633574485779
ACH-000647,9956119,0,0.5801885724067688
ACH-000647,9956222,0,0.5901874303817749
ACH-000647,9967941,0,0.6351792812347412
ACH-000650,10027278,0,0.7981529235839844
ACH-000650,10074640,0,0.684365451335907
ACH-000650,10077147,0,0.8746885657310486
ACH-000650,10096043,0,0.6982490420341492
ACH-000650,10109823,0,0.5805929899215698
ACH-000650,10113978,0,0.1851268857717514
ACH-000650,10127622,1,0.2911977171897888
ACH-000650,10184653,0,0.8116945028305054
ACH-000650,10196499,0,0.37999269366264343
ACH-000650,10200390,0,0.7847802639007568
ACH-000650,10341154,0,0.9773558378219604
ACH-000650,10384072,1,0.641778826713562
ACH-000650,10451420,1,0.9439375996589661
ACH-000650,10459196,0,0.775269627571106
ACH-000650,104842,0,0.7566679120063782
ACH-000650,11152667,1,0.8353215456008911
ACH-000650,11178236,0,0.9479249715805054
ACH-000650,11282283,0,0.3903005123138428
ACH-000650,11316960,1,0.7792014479637146
ACH-000650,11327430,0,0.5841703414916992
ACH-000650,11338033,0,0.19731898605823517
ACH-000650,11373846,0,0.7733355164527893
ACH-000650,11404337,0,0.7808626294136047
ACH-000650,11433190,0,0.8338689208030701
ACH-000650,11455910,0,0.8900065422058105
ACH-000650,11485656,0,0.8110881447792053
ACH-000650,11493598,0,0.9613438844680786
ACH-000650,11609586,0,0.3693279027938843
ACH-000650,11617559,0,0.7145246267318726
ACH-000650,11624601,0,0.2592175006866455
ACH-000650,11625818,0,0.9569799900054932
ACH-000650,11634725,1,0.5901033282279968
ACH-000650,11640390,0,0.9676815867424011
ACH-000650,11647372,0,0.35219213366508484
ACH-000650,11667893,0,0.6464953422546387
ACH-000650,11707110,1,0.8951494097709656
ACH-000650,11713159,0,0.9149431586265564
ACH-000650,11754511,0,0.7855812907218933
ACH-000650,11960529,0,0.7650601863861084
ACH-000650,11977753,0,0.8726738691329956
ACH-000650,123631,0,0.7258018851280212
ACH-000650,126565,1,0.8121349215507507
ACH-000650,126941,0,0.9895444512367249
ACH-000650,1401,0,0.904569149017334
ACH-000650,148124,0,0.1953570544719696
ACH-000650,156422,0,0.7563918232917786
ACH-000650,159324,0,0.8363654017448425
ACH-000650,16720766,0,0.8399364948272705
ACH-000650,16722836,0,0.7368927001953125
ACH-000650,16725726,0,0.9427948594093323
ACH-000650,16747388,0,0.7406582832336426
ACH-000650,176158,0,0.5980326533317566
ACH-000650,176167,0,0.8540204167366028
ACH-000650,17755052,1,0.662259578704834
ACH-000650,216326,0,0.8075482249259949
ACH-000650,2314623,0,0.5620003342628479
ACH-000650,23725625,0,0.9522103071212769
ACH-000650,2375,0,0.47671473026275635
ACH-000650,24180719,1,0.34189799427986145
ACH-000650,24756910,0,0.8536737561225891
ACH-000650,24772860,0,0.6539024114608765
ACH-000650,24776445,0,0.21708713471889496
ACH-000650,24785538,0,0.6666182279586792
ACH-000650,24826799,0,0.7881908416748047
ACH-000650,24889392,0,0.48815852403640747
ACH-000650,24894414,1,0.9268373847007751
ACH-000650,24951314,0,0.7558228969573975
ACH-000650,24978538,0,0.8962956070899963
ACH-000650,25022668,0,0.6634116172790527
ACH-000650,25102847,0,0.46314311027526855
ACH-000650,25124816,0,0.3511066436767578
ACH-000650,25126798,0,0.9713867902755737
ACH-000650,25167777,0,0.34927088022232056
ACH-000650,25195352,0,0.35834088921546936
ACH-000650,25222038,0,0.8283458352088928
ACH-000650,25257557,1,0.8503657579421997
ACH-000650,25262965,1,0.7363668084144592
ACH-000650,2726824,0,0.6826330423355103
ACH-000650,2733526,0,0.7075645923614502
ACH-000650,300471,0,0.7200470566749573
ACH-000650,3005532,0,0.6372441649436951
ACH-000650,31703,0,0.3636826276779175
ACH-000650,3218,1,0.9763679504394531
ACH-000650,3385,0,0.991546094417572
ACH-000650,3463933,1,0.681606650352478
ACH-000650,36462,0,0.26862582564353943
ACH-000650,3796,0,0.4011397957801819
ACH-000650,4263900,0,0.718684196472168
ACH-000650,42640,0,0.6623989343643188
ACH-000650,42642645,0,0.6476181149482727
ACH-000650,44137675,0,0.7801873683929443
ACH-000650,44143370,0,0.7409090399742126
ACH-000650,44182295,1,0.7433053255081177
ACH-000650,44224160,0,0.7433916926383972
ACH-000650,44450571,0,0.7033367156982422
ACH-000650,44462760,1,0.7818428874015808
ACH-000650,444795,1,0.7356246709823608
ACH-000650,44551660,0,0.7213833928108215
ACH-000650,44632017,0,0.713064432144165
ACH-000650,446378,0,0.7041986584663391
ACH-000650,447912,0,0.7895491719245911
ACH-000650,448013,0,0.6575907468795776
ACH-000650,44819241,0,0.7625557780265808
ACH-000650,46191454,0,0.654350996017456
ACH-000650,46224516,0,0.8020529747009277
ACH-000650,46883536,0,0.7174053192138672
ACH-000650,46885626,0,0.7732003927230835
ACH-000650,46907787,0,0.6645772457122803
ACH-000650,46930998,0,0.7041125297546387
ACH-000650,46931012,0,0.7720006108283997
ACH-000650,46943432,0,0.8002797365188599
ACH-000650,49806720,0,0.7701135873794556
ACH-000650,5113032,1,0.7851524353027344
ACH-000650,51371303,0,0.8072004318237305
ACH-000650,5208,0,0.7933149933815002
ACH-000650,521106,0,0.7922816872596741
ACH-000650,5278396,0,0.7701131105422974
ACH-000650,5280757,1,0.7055259943008423
ACH-000650,5289247,0,0.7768644094467163
ACH-000650,5311,0,0.7175944447517395
ACH-000650,5311497,0,0.7074258923530579
ACH-000650,5327091,0,0.7517076730728149
ACH-000650,5328940,0,0.7167552709579468
ACH-000650,53302361,0,0.7602036595344543
ACH-000650,5330286,0,0.7333605885505676
ACH-000650,53340664,0,0.7832596302032471
ACH-000650,53394750,1,0.8640787601470947
ACH-000650,5394,0,0.7330954074859619
ACH-000650,5459322,0,0.7264588475227356
ACH-000650,5460769,1,0.6825430989265442
ACH-000650,54676905,0,0.790436327457428
ACH-000650,54685215,0,0.6911866068840027
ACH-000650,56962337,0,0.699454128742218
ACH-000650,56965967,0,0.7573437690734863
ACH-000650,57339144,0,0.7811256051063538
ACH-000650,5746,0,0.6969424486160278
ACH-000650,60750,0,0.7501471638679504
ACH-000650,6253,0,0.7617536783218384
ACH-000650,637858,0,0.7361432313919067
ACH-000650,644241,0,0.8193228840827942
ACH-000650,6445533,0,0.8085019588470459
ACH-000650,6445562,0,0.7514781951904297
ACH-000650,6450551,0,0.6805586218833923
ACH-000650,6450816,0,0.7633750438690186
ACH-000650,6505803,1,0.6882529854774475
ACH-000650,65110,0,0.8120980858802795
ACH-000650,66577006,0,0.8068307638168335
ACH-000650,6710780,0,0.7084462642669678
ACH-000650,6753378,0,0.6859657764434814
ACH-000650,6852167,0,0.6990645527839661
ACH-000650,6914657,0,0.6555145382881165
ACH-000650,6918289,1,0.7270346879959106
ACH-000650,6918454,1,0.7725570201873779
ACH-000650,6918848,0,0.6995275020599365
ACH-000650,704473,1,0.8514137864112854
ACH-000650,71271629,0,0.8267101645469666
ACH-000650,82146,1,0.7985730767250061
ACH-000650,8249,0,0.7790442109107971
ACH-000650,84691,0,0.8870587944984436
ACH-000650,85668777,0,0.6833460927009583
ACH-000650,9810884,0,0.8757569789886475
ACH-000650,9813758,0,0.8432134389877319
ACH-000650,9826528,1,0.6961075067520142
ACH-000650,9858940,1,0.7882640361785889
ACH-000650,9863776,1,0.7419507503509521
ACH-000650,9868037,0,0.8205387592315674
ACH-000650,9874913,0,0.7629255652427673
ACH-000650,9884685,0,0.7118515968322754
ACH-000650,9903786,0,0.7970678806304932
ACH-000650,9910224,0,0.8158575892448425
ACH-000650,9911830,0,0.7560181617736816
ACH-000650,9914412,0,0.7420350313186646
ACH-000650,9931953,0,0.7069018483161926
ACH-000650,9938202,0,0.7567821145057678
ACH-000650,9952773,0,0.7163416743278503
ACH-000650,9956119,0,0.7646980285644531
ACH-000650,9956222,0,0.7201770544052124
ACH-000650,9967941,1,0.7819531559944153
ACH-000663,10027278,0,0.6620720624923706
ACH-000663,10074640,0,0.8824902176856995
ACH-000663,10077147,0,0.9504001140594482
ACH-000663,10096043,0,0.5671912431716919
ACH-000663,10109823,1,0.6545201539993286
ACH-000663,10113978,0,0.0667908787727356
ACH-000663,10127622,0,0.3050922155380249
ACH-000663,10184653,1,0.836468517780304
ACH-000663,10196499,0,0.21682661771774292
ACH-000663,10200390,0,0.7056810855865479
ACH-000663,10341154,0,0.9967057108879089
ACH-000663,10451420,0,0.9318214654922485
ACH-000663,10459196,0,0.8127685785293579
ACH-000663,104842,0,0.8523203134536743
ACH-000663,11152667,0,0.7010452747344971
ACH-000663,11178236,0,0.978289008140564
ACH-000663,11282283,0,0.2208406627178192
ACH-000663,11316960,0,0.7478342056274414
ACH-000663,11327430,0,0.5970540642738342
ACH-000663,11338033,0,0.11509039998054504
ACH-000663,11373846,0,0.7286671996116638
ACH-000663,11404337,0,0.5632663369178772
ACH-000663,11433190,1,0.9272435307502747
ACH-000663,11455910,0,0.8972421884536743
ACH-000663,11485656,0,0.8805161714553833
ACH-000663,11493598,0,0.9931190013885498
ACH-000663,11609586,0,0.47154682874679565
ACH-000663,11617559,0,0.675129234790802
ACH-000663,11624601,1,0.20875093340873718
ACH-000663,11625818,0,0.9756887555122375
ACH-000663,11634725,0,0.5379319190979004
ACH-000663,11640390,0,0.995576024055481
ACH-000663,11647372,0,0.24803267419338226
ACH-000663,11667893,0,0.7076377868652344
ACH-000663,11707110,0,0.9088912606239319
ACH-000663,11713159,1,0.978939950466156
ACH-000663,11754511,0,0.8454247713088989
ACH-000663,11960529,0,0.9157397150993347
ACH-000663,11977753,0,0.8224595785140991
ACH-000663,123631,1,0.6957836151123047
ACH-000663,126565,0,0.8334940075874329
ACH-000663,126941,0,0.9984564781188965
ACH-000663,1401,0,0.9366660714149475
ACH-000663,148124,0,0.06365159898996353
ACH-000663,156422,0,0.719913125038147
ACH-000663,159324,0,0.7928513288497925
ACH-000663,16722836,0,0.7658502459526062
ACH-000663,16725726,0,0.9617375731468201
ACH-000663,16747388,0,0.80140221118927
ACH-000663,176158,0,0.4999263286590576
ACH-000663,176167,0,0.9668405055999756
ACH-000663,17755052,1,0.662231981754303
ACH-000663,216326,0,0.7848371863365173
ACH-000663,2314623,0,0.5633968114852905
ACH-000663,23725625,0,0.9517126083374023
ACH-000663,2375,0,0.30574342608451843
ACH-000663,24180719,1,0.20955593883991241
ACH-000663,24756910,0,0.808746337890625
ACH-000663,24772860,0,0.7490229606628418
ACH-000663,24776445,0,0.07531242072582245
ACH-000663,24785538,0,0.7607351541519165
ACH-000663,24826799,0,0.8409450054168701
ACH-000663,24889392,0,0.16702310740947723
ACH-000663,24894414,0,0.9586228132247925
ACH-000663,24951314,0,0.6445227265357971
ACH-000663,24978538,1,0.958405613899231
ACH-000663,25022668,0,0.6473769545555115
ACH-000663,25102847,0,0.4544646143913269
ACH-000663,25124816,0,0.13991403579711914
ACH-000663,25126798,0,0.9805827736854553
ACH-000663,25167777,0,0.3712114989757538
ACH-000663,25195352,0,0.44099393486976624
ACH-000663,25222038,1,0.9021521210670471
ACH-000663,25257557,1,0.7829009294509888
ACH-000663,25262965,1,0.5696483254432678
ACH-000663,2726824,0,0.6950899958610535
ACH-000663,2733526,0,0.6405802369117737
ACH-000663,300471,1,0.4986901581287384
ACH-000663,3005532,1,0.34505629539489746
ACH-000663,31703,0,0.3596038222312927
ACH-000663,3218,0,0.9873688817024231
ACH-000663,3385,0,0.9987886548042297
ACH-000663,3463933,0,0.6635997891426086
ACH-000663,36462,0,0.19032293558120728
ACH-000663,3796,0,0.33627671003341675
ACH-000663,4263900,0,0.6244632601737976
ACH-000663,42640,0,0.5818420648574829
ACH-000663,42642645,0,0.6015994548797607
ACH-000663,44137675,1,0.6627745628356934
ACH-000663,44143370,0,0.6348761916160583
ACH-000663,44182295,0,0.6539462208747864
ACH-000663,44224160,0,0.6481406092643738
ACH-000663,44450571,0,0.6648874282836914
ACH-000663,44462760,0,0.6728911995887756
ACH-000663,444795,0,0.6262034773826599
ACH-000663,44551660,0,0.6648753881454468
ACH-000663,44632017,0,0.6645376086235046
ACH-000663,446378,0,0.6149834394454956
ACH-000663,447912,0,0.6874138712882996
ACH-000663,448013,0,0.6062644124031067
ACH-000663,44819241,0,0.7095151543617249
ACH-000663,46191454,0,0.6196519732475281
ACH-000663,46224516,0,0.7635864615440369
ACH-000663,46843772,0,0.6438275575637817
ACH-000663,46883536,0,0.6570098400115967
ACH-000663,46885626,0,0.6650122404098511
ACH-000663,46907787,1,0.616304874420166
ACH-000663,46930998,1,0.6553798913955688
ACH-000663,46931012,0,0.6325429677963257
ACH-000663,46943432,0,0.7238789200782776
ACH-000663,49806720,0,0.6653337478637695
ACH-000663,5113032,0,0.7367345690727234
ACH-000663,51371303,0,0.7438204884529114
ACH-000663,5208,0,0.7171595692634583
ACH-000663,521106,0,0.7690845131874084
ACH-000663,5278396,1,0.690852701663971
ACH-000663,5280757,0,0.6025395393371582
ACH-000663,5289247,0,0.7197279334068298
ACH-000663,5311,0,0.6923990249633789
ACH-000663,5311497,0,0.6123500466346741
ACH-000663,5327091,0,0.687443196773529
ACH-000663,5328940,1,0.6255298256874084
ACH-000663,53302361,0,0.6608427166938782
ACH-000663,5330286,1,0.6541414856910706
ACH-000663,53340664,0,0.7017538547515869
ACH-000663,53394750,0,0.7267249822616577
ACH-000663,5394,0,0.6867995858192444
ACH-000663,5459322,0,0.6343144178390503
ACH-000663,5460769,0,0.5913008451461792
ACH-000663,54676905,1,0.688205897808075
ACH-000663,54685215,0,0.6119664907455444
ACH-000663,560326,0,0.6514317393302917
ACH-000663,56962337,0,0.6093263626098633
ACH-000663,56965967,0,0.6599406003952026
ACH-000663,57339144,0,0.6832329630851746
ACH-000663,5746,0,0.6447941660881042
ACH-000663,60750,0,0.665858805179596
ACH-000663,6253,0,0.6780158281326294
ACH-000663,637858,0,0.701826274394989
ACH-000663,644241,0,0.7706177234649658
ACH-000663,6445533,0,0.7686044573783875
ACH-000663,6445562,0,0.6286320686340332
ACH-000663,6450551,0,0.6281045079231262
ACH-000663,6450816,0,0.6409321427345276
ACH-000663,6505803,0,0.6009806990623474
ACH-000663,65110,0,0.7541311383247375
ACH-000663,66577006,0,0.6765618920326233
ACH-000663,6710780,0,0.6096214056015015
ACH-000663,6753378,1,0.637097954750061
ACH-000663,6852167,0,0.6552003026008606
ACH-000663,6914657,0,0.6112228631973267
ACH-000663,6918289,0,0.6316350698471069
ACH-000663,6918454,0,0.6986486315727234
ACH-000663,6918638,0,0.6698676347732544
ACH-000663,6918848,0,0.6523884534835815
ACH-000663,704473,1,0.8121982216835022
ACH-000663,71271629,1,0.7130097150802612
ACH-000663,82146,0,0.7243282198905945
ACH-000663,8249,0,0.6734460592269897
ACH-000663,84691,0,0.8791088461875916
ACH-000663,85668777,1,0.6527785658836365
ACH-000663,9810884,0,0.8095753788948059
ACH-000663,9813758,0,0.795670211315155
ACH-000663,9826528,0,0.6193360090255737
ACH-000663,9858940,0,0.6820974349975586
ACH-000663,9863776,0,0.6716368198394775
ACH-000663,9868037,0,0.7464665770530701
ACH-000663,9874913,0,0.6898568868637085
ACH-000663,9884685,0,0.6305263042449951
ACH-000663,9903786,0,0.7193613052368164
ACH-000663,9910224,0,0.7120563983917236
ACH-000663,9911830,0,0.6907195448875427
ACH-000663,9914412,0,0.6765537858009338
ACH-000663,9931953,0,0.5978524088859558
ACH-000663,9938202,0,0.6955731511116028
ACH-000663,9943465,0,0.6991661787033081
ACH-000663,9952773,0,0.6609636545181274
ACH-000663,9956119,1,0.6506301164627075
ACH-000663,9956222,0,0.6318415999412537
ACH-000663,9967941,0,0.6765113472938538
ACH-000670,10027278,0,0.7075065970420837
ACH-000670,10074640,0,0.9001742005348206
ACH-000670,10077147,0,0.9553964138031006
ACH-000670,10096043,0,0.6108900308609009
ACH-000670,10109823,0,0.8133056163787842
ACH-000670,10113978,0,0.42771831154823303
ACH-000670,10127622,0,0.5356941223144531
ACH-000670,10184653,0,0.7859221696853638
ACH-000670,10196499,0,0.3493543267250061
ACH-000670,10200390,0,0.6738448739051819
ACH-000670,10341154,0,0.9683797359466553
ACH-000670,10384072,0,0.6745918989181519
ACH-000670,10451420,0,0.9010903835296631
ACH-000670,10459196,0,0.8521003127098083
ACH-000670,104842,0,0.8318968415260315
ACH-000670,11152667,0,0.7717249989509583
ACH-000670,11178236,0,0.9252825379371643
ACH-000670,11282283,1,0.46707916259765625
ACH-000670,11316960,0,0.7820734977722168
ACH-000670,11327430,0,0.73219895362854
ACH-000670,11338033,0,0.7019857168197632
ACH-000670,11373846,0,0.8016204237937927
ACH-000670,11404337,0,0.735897958278656
ACH-000670,11433190,0,0.8997880816459656
ACH-000670,11455910,0,0.8003323078155518
ACH-000670,11485656,0,0.834661602973938
ACH-000670,11493598,0,0.9408369660377502
ACH-000670,11609586,0,0.6639503836631775
ACH-000670,11617559,0,0.7296781539916992
ACH-000670,11624601,0,0.5344298481941223
ACH-000670,11625818,0,0.928584635257721
ACH-000670,11634725,0,0.5573848485946655
ACH-000670,11640390,0,0.9736591577529907
ACH-000670,11647372,0,0.6305643320083618
ACH-000670,11667893,0,0.6409526467323303
ACH-000670,11707110,0,0.8808295130729675
ACH-000670,11754511,0,0.8806470632553101
ACH-000670,11960529,0,0.8250691294670105
ACH-000670,11977753,0,0.7110753655433655
ACH-000670,123631,0,0.7204391956329346
ACH-000670,126565,0,0.8466390371322632
ACH-000670,126941,1,0.9779078364372253
ACH-000670,1401,0,0.8711450695991516
ACH-000670,148124,0,0.3001910448074341
ACH-000670,156422,0,0.7391625642776489
ACH-000670,159324,0,0.6636333465576172
ACH-000670,16720766,0,0.8629688620567322
ACH-000670,16722836,0,0.762290358543396
ACH-000670,16725726,0,0.9343855381011963
ACH-000670,16747388,0,0.7803619503974915
ACH-000670,176158,0,0.6286149621009827
ACH-000670,176167,0,0.8854671716690063
ACH-000670,17755052,0,0.7673739790916443
ACH-000670,216326,0,0.7464988231658936
ACH-000670,2314623,1,0.6622187495231628
ACH-000670,23725625,0,0.9486528635025024
ACH-000670,2375,0,0.5140967965126038
ACH-000670,24180719,0,0.6036346554756165
ACH-000670,24756910,0,0.813481330871582
ACH-000670,24772860,0,0.7510887384414673
ACH-000670,24776445,0,0.4086179733276367
ACH-000670,24785538,0,0.7457022070884705
ACH-000670,24826799,0,0.7434454560279846
ACH-000670,24889392,0,0.4750715494155884
ACH-000670,24894414,0,0.8743728399276733
ACH-000670,24951314,0,0.8400986790657043
ACH-000670,24978538,0,0.9742968082427979
ACH-000670,25022668,0,0.6913286447525024
ACH-000670,25102847,0,0.602645218372345
ACH-000670,25124816,0,0.40353813767433167
ACH-000670,25126798,0,0.9736346006393433
ACH-000670,25167777,0,0.8037116527557373
ACH-000670,25195352,0,0.5645300149917603
ACH-000670,25222038,0,0.9116378426551819
ACH-000670,25257557,0,0.7862789630889893
ACH-000670,25262965,0,0.6322992444038391
ACH-000670,2726824,0,0.6256763339042664
ACH-000670,2733526,0,0.7265273928642273
ACH-000670,300471,0,0.5382563471794128
ACH-000670,3005532,0,0.5705111622810364
ACH-000670,31703,0,0.7076565027236938
ACH-000670,3218,0,0.965008020401001
ACH-000670,3385,0,0.9736402630805969
ACH-000670,3463933,0,0.9104830622673035
ACH-000670,36462,0,0.648522138595581
ACH-000670,3796,0,0.4880198836326599
ACH-000670,4263900,0,0.623837411403656
ACH-000670,42640,0,0.5786399245262146
ACH-000670,42642645,0,0.5934114456176758
ACH-000670,44137675,0,0.6813315153121948
ACH-000670,44143370,0,0.6560948491096497
ACH-000670,44182295,0,0.6646838784217834
ACH-000670,44224160,0,0.6579054594039917
ACH-000670,44450571,0,0.651339054107666
ACH-000670,44462760,0,0.7029980421066284
ACH-000670,444795,0,0.6367332935333252
ACH-000670,44551660,0,0.6327493786811829
ACH-000670,44632017,1,0.6682642698287964
ACH-000670,446378,0,0.6146921515464783
ACH-000670,447912,0,0.7109251022338867
ACH-000670,448013,0,0.5928665399551392
ACH-000670,44819241,0,0.6947457194328308
ACH-000670,46191454,0,0.603238582611084
ACH-000670,46224516,0,0.725502073764801
ACH-000670,46883536,0,0.6523959636688232
ACH-000670,46885626,0,0.6674502491950989
ACH-000670,46907787,0,0.6064595580101013
ACH-000670,46930998,0,0.6605126261711121
ACH-000670,46931012,0,0.6513089537620544
ACH-000670,46943432,0,0.7401852011680603
ACH-000670,49806720,0,0.6773064136505127
ACH-000670,5113032,0,0.7192287445068359
ACH-000670,51371303,0,0.726176381111145
ACH-000670,5208,0,0.7314766645431519
ACH-000670,521106,0,0.7450135946273804
ACH-000670,5278396,0,0.6761122345924377
ACH-000670,5280757,1,0.6030418872833252
ACH-000670,5289247,0,0.7137014865875244
ACH-000670,5311,0,0.6367220878601074
ACH-000670,5311497,0,0.6117682456970215
ACH-000670,5327091,0,0.687207818031311
ACH-000670,5328940,0,0.6397758722305298
ACH-000670,53302361,0,0.6841723322868347
ACH-000670,5330286,0,0.6478510499000549
ACH-000670,53340664,0,0.7120058536529541
ACH-000670,53394750,0,0.7831478714942932
ACH-000670,5394,0,0.6702421307563782
ACH-000670,5459322,0,0.6521982550621033
ACH-000670,5460769,0,0.6055159568786621
ACH-000670,54676905,0,0.7352902889251709
ACH-000670,54685215,1,0.6112934947013855
ACH-000670,560326,0,0.6126554012298584
ACH-000670,56962337,0,0.6235877871513367
ACH-000670,56965967,0,0.6618413329124451
ACH-000670,57339144,0,0.6898391842842102
ACH-000670,5746,1,0.6167173981666565
ACH-000670,60750,1,0.6733901500701904
ACH-000670,6253,0,0.6663699150085449
ACH-000670,637858,0,0.6587904691696167
ACH-000670,644241,0,0.7452796101570129
ACH-000670,6445533,0,0.7181161642074585
ACH-000670,6445562,0,0.652675986289978
ACH-000670,6450551,0,0.6100617051124573
ACH-000670,6450816,0,0.6617098450660706
ACH-000670,6505803,0,0.5910609364509583
ACH-000670,65110,0,0.7229783535003662
ACH-000670,66577006,0,0.7090186476707458
ACH-000670,6710780,0,0.618259072303772
ACH-000670,6753378,0,0.6369163393974304
ACH-000670,6852167,0,0.6374348402023315
ACH-000670,6914657,0,0.6042416095733643
ACH-000670,6918289,0,0.6265894770622253
ACH-000670,6918454,0,0.7124861478805542
ACH-000670,6918638,0,0.6457096338272095
ACH-000670,6918848,0,0.619431734085083
ACH-000670,704473,0,0.7551019191741943
ACH-000670,71271629,0,0.7390651702880859
ACH-000670,82146,0,0.7236034870147705
ACH-000670,8249,0,0.7070950269699097
ACH-000670,84691,0,0.8411526083946228
ACH-000670,85668777,1,0.6255246996879578
ACH-000670,9810884,0,0.8209973573684692
ACH-000670,9813758,0,0.78240567445755
ACH-000670,9826528,0,0.6256743669509888
ACH-000670,9858940,0,0.6991620659828186
ACH-000670,9863776,0,0.6532963514328003
ACH-000670,9868037,0,0.7363030314445496
ACH-000670,9874913,0,0.6639814376831055
ACH-000670,9884685,0,0.6278441548347473
ACH-000670,9903786,0,0.7115110158920288
ACH-000670,9910224,0,0.7339217066764832
ACH-000670,9911830,0,0.6699761748313904
ACH-000670,9914412,0,0.63674396276474
ACH-000670,9931953,0,0.6046313047409058
ACH-000670,9938202,1,0.6825680732727051
ACH-000670,9943465,0,0.6841238737106323
ACH-000670,9952773,0,0.631497859954834
ACH-000670,9956119,0,0.6779316067695618
ACH-000670,9956222,0,0.629084050655365
ACH-000670,9967941,0,0.6884662508964539
ACH-000691,10027278,0,0.7270768284797668
ACH-000691,10074640,0,0.7286941409111023
ACH-000691,10077147,0,0.8979803919792175
ACH-000691,10096043,0,0.5854525566101074
ACH-000691,10109823,0,0.5769029259681702
ACH-000691,10113978,0,0.13848380744457245
ACH-000691,10127622,0,0.2053680568933487
ACH-000691,10172943,0,0.6514410972595215
ACH-000691,10184653,1,0.6780209541320801
ACH-000691,10196499,0,0.3538687527179718
ACH-000691,10200390,0,0.6882706880569458
ACH-000691,10302451,0,0.4639195501804352
ACH-000691,10341154,0,0.9727741479873657
ACH-000691,10384072,0,0.6050909161567688
ACH-000691,10390396,0,0.46825695037841797
ACH-000691,10451420,0,0.8657535314559937
ACH-000691,10459196,0,0.7799504399299622
ACH-000691,10461815,0,0.5929368734359741
ACH-000691,104842,0,0.8103427290916443
ACH-000691,11152667,0,0.6671938300132751
ACH-000691,11178236,0,0.9428004026412964
ACH-000691,11282283,0,0.27070316672325134
ACH-000691,11316960,0,0.6948195695877075
ACH-000691,11327430,1,0.5302750468254089
ACH-000691,11338033,0,0.19099359214305878
ACH-000691,11364421,0,0.8364401459693909
ACH-000691,11373846,0,0.7826040983200073
ACH-000691,11404337,0,0.7507920265197754
ACH-000691,11433190,0,0.8410916924476624
ACH-000691,11455910,0,0.7869048714637756
ACH-000691,11485656,0,0.8375786542892456
ACH-000691,11493598,0,0.9681228995323181
ACH-000691,11609586,0,0.32284751534461975
ACH-000691,11617559,1,0.6983080506324768
ACH-000691,11624601,0,0.21112483739852905
ACH-000691,11625818,0,0.9752911329269409
ACH-000691,11626560,0,0.3068888783454895
ACH-000691,11626927,1,0.46660369634628296
ACH-000691,11634725,0,0.5812888145446777
ACH-000691,11640390,0,0.9711163640022278
ACH-000691,11647372,0,0.41510871052742004
ACH-000691,11667893,0,0.6088031530380249
ACH-000691,11676786,0,0.6428002715110779
ACH-000691,11707110,0,0.885250985622406
ACH-000691,11713159,0,0.9142764210700989
ACH-000691,11754511,0,0.7760747075080872
ACH-000691,11844351,0,0.7469146847724915
ACH-000691,11960529,0,0.8261809349060059
ACH-000691,11977753,0,0.8608843088150024
ACH-000691,123631,0,0.6723085045814514
ACH-000691,126565,0,0.8179479837417603
ACH-000691,126941,0,0.9906542897224426
ACH-000691,1401,0,0.8540468811988831
ACH-000691,148124,0,0.10926111787557602
ACH-000691,156422,0,0.7626449465751648
ACH-000691,159324,1,0.7723777890205383
ACH-000691,160355,0,0.8316156268119812
ACH-000691,16038120,0,0.47569605708122253
ACH-000691,16095342,0,0.6075069904327393
ACH-000691,16663089,0,0.38901159167289734
ACH-000691,16720766,0,0.8605186939239502
ACH-000691,16722836,0,0.7042971253395081
ACH-000691,16725726,1,0.913735568523407
ACH-000691,16747388,0,0.6777209639549255
ACH-000691,16760646,0,0.5476574301719666
ACH-000691,176158,0,0.5218389630317688
ACH-000691,176167,0,0.8067610859870911
ACH-000691,176870,1,0.7849790453910828
ACH-000691,17755052,1,0.5187535285949707
ACH-000691,20635522,0,0.604220986366272
ACH-000691,208908,1,0.33742472529411316
ACH-000691,216239,0,0.30153408646583557
ACH-000691,216326,0,0.7553583383560181
ACH-000691,2314623,0,0.497342586517334
ACH-000691,23725625,0,0.9710730910301208
ACH-000691,2375,0,0.3297685384750366
ACH-000691,24180719,0,0.29852619767189026
ACH-000691,24756910,0,0.6744431853294373
ACH-000691,24772860,0,0.6220243573188782
ACH-000691,24776445,1,0.12683311104774475
ACH-000691,24785538,0,0.704904317855835
ACH-000691,24825971,0,0.5999974012374878
ACH-000691,24826799,0,0.7674299478530884
ACH-000691,24889392,1,0.30012091994285583
ACH-000691,24894414,0,0.8859767913818359
ACH-000691,24951314,0,0.6158973574638367
ACH-000691,24978538,1,0.864589273929596
ACH-000691,25022668,0,0.5004919767379761
ACH-000691,25102847,0,0.4030478596687317
ACH-000691,25124816,1,0.16897700726985931
ACH-000691,25126798,0,0.9787227511405945
ACH-000691,25167777,0,0.35285475850105286
ACH-000691,25195352,0,0.26457110047340393
ACH-000691,25222038,0,0.724287211894989
ACH-000691,25257557,0,0.8174359798431396
ACH-000691,25262965,1,0.6212008595466614
ACH-000691,2726824,0,0.6466789245605469
ACH-000691,2733526,0,0.5768631100654602
ACH-000691,300471,0,0.5527136921882629
ACH-000691,3005532,0,0.40024715662002563
ACH-000691,3062316,0,0.9001091718673706
ACH-000691,31703,0,0.21183568239212036
ACH-000691,3218,0,0.9714968204498291
ACH-000691,3385,0,0.9934003353118896
ACH-000691,3463933,0,0.5498809814453125
ACH-000691,36314,0,0.36292752623558044
ACH-000691,36462,0,0.1701078712940216
ACH-000691,3796,0,0.2590954005718231
ACH-000691,387447,0,0.8082486987113953
ACH-000691,4261,0,0.639310896396637
ACH-000691,4263900,0,0.60050368309021
ACH-000691,42640,0,0.5928903222084045
ACH-000691,42642645,0,0.607134997844696
ACH-000691,44137675,0,0.6497923135757446
ACH-000691,44143370,0,0.6237559914588928
ACH-000691,44182295,0,0.6603602170944214
ACH-000691,44224160,0,0.6378893852233887
ACH-000691,44450571,0,0.6556005477905273
ACH-000691,44462760,0,0.6963133811950684
ACH-000691,444795,1,0.6353980898857117
ACH-000691,44551660,0,0.6696507334709167
ACH-000691,44632017,0,0.6572437882423401
ACH-000691,446378,0,0.596309244632721
ACH-000691,447912,0,0.6949960589408875
ACH-000691,448013,0,0.5933294296264648
ACH-000691,44819241,0,0.737582266330719
ACH-000691,46191454,0,0.6271883845329285
ACH-000691,46224516,0,0.7750089764595032
ACH-000691,462382,0,0.5717207193374634
ACH-000691,46843772,1,0.642955482006073
ACH-000691,46844147,0,0.6373175382614136
ACH-000691,46883536,0,0.6992935538291931
ACH-000691,46885626,0,0.6590471863746643
ACH-000691,46907787,0,0.6161015033721924
ACH-000691,46930998,1,0.6634311676025391
ACH-000691,46931012,0,0.640663743019104
ACH-000691,46943432,0,0.7370256781578064
ACH-000691,49806720,0,0.6593104600906372
ACH-000691,49821040,0,0.5853921175003052
ACH-000691,49836027,0,0.6531636118888855
ACH-000691,4993,0,0.7002509236335754
ACH-000691,5113032,0,0.7770772576332092
ACH-000691,51371303,0,0.7616409063339233
ACH-000691,5208,0,0.7133118510246277
ACH-000691,521106,0,0.7762950658798218
ACH-000691,5278396,1,0.7027941942214966
ACH-000691,5280757,0,0.5896102786064148
ACH-000691,5289247,0,0.725904643535614
ACH-000691,5291,0,0.6574922204017639
ACH-000691,5311,0,0.6918640732765198
ACH-000691,5311497,0,0.6074053645133972
ACH-000691,5311510,0,0.7269616723060608
ACH-000691,5327091,0,0.6637496948242188
ACH-000691,5328940,0,0.627291738986969
ACH-000691,5329102,0,0.6099211573600769
ACH-000691,53302361,0,0.6490188837051392
ACH-000691,5330286,0,0.6630495190620422
ACH-000691,53340664,0,0.7002578973770142
ACH-000691,53394750,0,0.7370888590812683
ACH-000691,5384616,0,0.5712085962295532
ACH-000691,5394,0,0.7500410079956055
ACH-000691,5459322,0,0.6382176876068115
ACH-000691,5460769,0,0.5691111087799072
ACH-000691,54676905,1,0.6503349542617798
ACH-000691,54685215,0,0.6151505708694458
ACH-000691,5494449,0,0.8598251342773438
ACH-000691,560326,0,0.6503128409385681
ACH-000691,56962337,1,0.5903211236000061
ACH-000691,56965967,0,0.6723328828811646
ACH-000691,5717801,0,0.565775454044342
ACH-000691,57339144,0,0.7030986547470093
ACH-000691,5746,0,0.6275333762168884
ACH-000691,60750,0,0.6441354155540466
ACH-000691,6253,0,0.6871104836463928
ACH-000691,637858,0,0.719403862953186
ACH-000691,644215,0,0.6261360049247742
ACH-000691,644241,1,0.791120171546936
ACH-000691,6445533,0,0.7517284154891968
ACH-000691,6445562,0,0.6224973797798157
ACH-000691,6450551,0,0.6168656349182129
ACH-000691,6450816,0,0.6633148193359375
ACH-000691,6505803,0,0.5860938429832458
ACH-000691,65110,1,0.7684045433998108
ACH-000691,66577006,0,0.6927410364151001
ACH-000691,6710780,0,0.6010580062866211
ACH-000691,6753378,0,0.619510293006897
ACH-000691,6852167,0,0.6679239869117737
ACH-000691,6914657,0,0.6044320464134216
ACH-000691,6918289,0,0.6267051100730896
ACH-000691,6918454,0,0.7042423486709595
ACH-000691,6918638,0,0.660010814666748
ACH-000691,6918848,0,0.6545981168746948
ACH-000691,704473,1,0.8277750015258789
ACH-000691,71271629,0,0.7224788069725037
ACH-000691,7251185,0,0.7398412227630615
ACH-000691,76044,0,0.6261293888092041
ACH-000691,82146,0,0.7457682490348816
ACH-000691,8249,1,0.6675040125846863
ACH-000691,84691,0,0.9016174077987671
ACH-000691,85668777,0,0.6614392995834351
ACH-000691,9549184,0,0.7180705666542053
ACH-000691,9810884,0,0.8078052997589111
ACH-000691,9813758,0,0.8170729875564575
ACH-000691,9826308,0,0.683866024017334
ACH-000691,9826528,0,0.6198800206184387
ACH-000691,9858940,0,0.7155097126960754
ACH-000691,9863776,0,0.6792691946029663
ACH-000691,9868037,0,0.7656086087226868
ACH-000691,9874913,0,0.683998703956604
ACH-000691,9884685,0,0.6441789865493774
ACH-000691,9903786,0,0.7355310916900635
ACH-000691,9907093,0,0.6550740003585815
ACH-000691,9910224,0,0.7331508994102478
ACH-000691,9911830,1,0.7077140212059021
ACH-000691,9914412,0,0.6754108667373657
ACH-000691,9931953,0,0.5925832390785217
ACH-000691,9938202,0,0.710808515548706
ACH-000691,9943465,1,0.7100493907928467
ACH-000691,9952773,0,0.6755222082138062
ACH-000691,9956119,0,0.6390867829322815
ACH-000691,9956222,0,0.6368474960327148
ACH-000691,9967941,0,0.7202752828598022
ACH-000702,10027278,0,0.8173398375511169
ACH-000702,10074640,0,0.752128541469574
ACH-000702,10077147,1,0.8667201995849609
ACH-000702,10096043,0,0.6771373152732849
ACH-000702,10109823,0,0.6039860248565674
ACH-000702,10113978,0,0.5504615902900696
ACH-000702,10127622,0,0.5298409461975098
ACH-000702,10172943,0,0.7541980147361755
ACH-000702,10184653,0,0.7521554231643677
ACH-000702,10196499,0,0.6020548343658447
ACH-000702,10200390,0,0.7967904806137085
ACH-000702,10302451,0,0.6249215602874756
ACH-000702,10341154,0,0.8840488791465759
ACH-000702,10384072,0,0.7390873432159424
ACH-000702,10390396,0,0.5621443390846252
ACH-000702,10451420,1,0.893952488899231
ACH-000702,10459196,0,0.7831735610961914
ACH-000702,10461815,0,0.8392662405967712
ACH-000702,104842,0,0.7591371536254883
ACH-000702,11152667,0,0.7368544340133667
ACH-000702,11178236,0,0.8320133090019226
ACH-000702,11282283,0,0.7485624551773071
ACH-000702,11316960,0,0.788239598274231
ACH-000702,11327430,0,0.7458522915840149
ACH-000702,11338033,0,0.5962750315666199
ACH-000702,11364421,0,0.8571991324424744
ACH-000702,11373846,0,0.8660773634910583
ACH-000702,11404337,0,0.8296051621437073
ACH-000702,11433190,0,0.8573148250579834
ACH-000702,11455910,0,0.7347751259803772
ACH-000702,11485656,0,0.7403659224510193
ACH-000702,11493598,0,0.8419378399848938
ACH-000702,11609586,0,0.6930464506149292
ACH-000702,11617559,1,0.799278736114502
ACH-000702,11624601,0,0.5630989074707031
ACH-000702,11625818,0,0.9194930791854858
ACH-000702,11626560,0,0.5452409386634827
ACH-000702,11626927,0,0.665391206741333
ACH-000702,11634725,0,0.7019297480583191
ACH-000702,11640390,0,0.8694227337837219
ACH-000702,11647372,0,0.6005603671073914
ACH-000702,11667893,0,0.6917706727981567
ACH-000702,11676786,0,0.7101256847381592
ACH-000702,11707110,0,0.8511011600494385
ACH-000702,11713159,0,0.8188988566398621
ACH-000702,11754511,0,0.8501959443092346
ACH-000702,11844351,0,0.8089267015457153
ACH-000702,11960529,0,0.7624096870422363
ACH-000702,11977753,1,0.8275547623634338
ACH-000702,123631,0,0.7527755498886108
ACH-000702,126565,1,0.7878953218460083
ACH-000702,126941,1,0.9061169624328613
ACH-000702,1401,0,0.8402104377746582
ACH-000702,148124,0,0.4211846888065338
ACH-000702,156422,0,0.7548982501029968
ACH-000702,159324,0,0.7766173481941223
ACH-000702,160355,0,0.8254752159118652
ACH-000702,16038120,0,0.6340715289115906
ACH-000702,16095342,0,0.661637008190155
ACH-000702,16663089,0,0.5129919648170471
ACH-000702,16720766,0,0.8206077218055725
ACH-000702,16722836,0,0.8427491784095764
ACH-000702,16725726,0,0.9078863263130188
ACH-000702,16747388,0,0.7506211996078491
ACH-000702,16760646,0,0.5858324766159058
ACH-000702,176158,0,0.6761761903762817
ACH-000702,176167,0,0.7943732142448425
ACH-000702,176870,0,0.8195638656616211
ACH-000702,17755052,0,0.7230507135391235
ACH-000702,20635522,0,0.6466856598854065
ACH-000702,208908,0,0.6100610494613647
ACH-000702,216239,0,0.5304132103919983
ACH-000702,216326,0,0.8858649730682373
ACH-000702,2314623,0,0.7510777115821838
ACH-000702,23725625,0,0.8967917561531067
ACH-000702,2375,0,0.6961674690246582
ACH-000702,24180719,1,0.6059610843658447
ACH-000702,24756910,0,0.7854220867156982
ACH-000702,24772860,0,0.6741035580635071
ACH-000702,24776445,0,0.5420031547546387
ACH-000702,24785538,0,0.7442980408668518
ACH-000702,24825971,0,0.7065148949623108
ACH-000702,24826799,0,0.7137798070907593
ACH-000702,24889392,0,0.6274634599685669
ACH-000702,24894414,0,0.8749217391014099
ACH-000702,24951314,0,0.7105613350868225
ACH-000702,24978538,1,0.8019582629203796
ACH-000702,25022668,0,0.7265245318412781
ACH-000702,25102847,0,0.5983977913856506
ACH-000702,25124816,0,0.6487129330635071
ACH-000702,25126798,1,0.9007095694541931
ACH-000702,25167777,0,0.6249759197235107
ACH-000702,25195352,0,0.5379376411437988
ACH-000702,25222038,0,0.786867082118988
ACH-000702,25257557,0,0.9006441831588745
ACH-000702,25262965,1,0.7557916045188904
ACH-000702,2726824,0,0.7668792605400085
ACH-000702,2733526,0,0.7887004613876343
ACH-000702,300471,0,0.7119418382644653
ACH-000702,3005532,0,0.7323399186134338
ACH-000702,3062316,0,0.9263562560081482
ACH-000702,31703,0,0.6054731011390686
ACH-000702,3218,0,0.9476407766342163
ACH-000702,3385,0,0.9326928853988647
ACH-000702,3463933,0,0.605817973613739
ACH-000702,36314,0,0.5826942324638367
ACH-000702,36462,0,0.5798215866088867
ACH-000702,3796,0,0.6179654002189636
ACH-000702,387447,0,0.6625815033912659
ACH-000702,4261,0,0.6819090843200684
ACH-000702,4263900,0,0.6948683261871338
ACH-000702,42640,0,0.6361016035079956
ACH-000702,42642645,0,0.6308806538581848
ACH-000702,44137675,0,0.7502574324607849
ACH-000702,44143370,0,0.7050341963768005
ACH-000702,44182295,0,0.7439825534820557
ACH-000702,44224160,0,0.7256994843482971
ACH-000702,44450571,0,0.7224066853523254
ACH-000702,44462760,0,0.7759487628936768
ACH-000702,444795,1,0.6830672025680542
ACH-000702,44551660,0,0.6820902824401855
ACH-000702,44632017,0,0.7362052798271179
ACH-000702,446378,0,0.6741898059844971
ACH-000702,447912,0,0.7989060878753662
ACH-000702,448013,0,0.6406506299972534
ACH-000702,44819241,0,0.8032246232032776
ACH-000702,46191454,0,0.6564760208129883
ACH-000702,46224516,0,0.8244070410728455
ACH-000702,462382,0,0.5702565908432007
ACH-000702,46844147,0,0.705839216709137
ACH-000702,46883536,0,0.6923718452453613
ACH-000702,46885626,0,0.7495847940444946
ACH-000702,46907787,0,0.6591359972953796
ACH-000702,46930998,0,0.7095320224761963
ACH-000702,46931012,0,0.7253169417381287
ACH-000702,46943432,0,0.8259953260421753
ACH-000702,49806720,0,0.7505733370780945
ACH-000702,49821040,0,0.6222571730613708
ACH-000702,49836027,0,0.7034302949905396
ACH-000702,4993,0,0.7659051418304443
ACH-000702,5113032,0,0.8046921491622925
ACH-000702,51371303,0,0.82955002784729
ACH-000702,5208,0,0.8113261461257935
ACH-000702,521106,0,0.8577788472175598
ACH-000702,5278396,0,0.7631831169128418
ACH-000702,5280757,0,0.6418776512145996
ACH-000702,5289247,0,0.7958070635795593
ACH-000702,5291,0,0.686508059501648
ACH-000702,5311,0,0.7044978737831116
ACH-000702,5311497,0,0.6529465317726135
ACH-000702,5311510,0,0.7591198086738586
ACH-000702,5327091,0,0.7810265421867371
ACH-000702,5328940,0,0.6892265677452087
ACH-000702,5329102,0,0.6762173175811768
ACH-000702,53302361,0,0.7493629455566406
ACH-000702,5330286,0,0.7137123346328735
ACH-000702,53340664,0,0.7937051653862
ACH-000702,53394750,0,0.8642095327377319
ACH-000702,5384616,0,0.657382607460022
ACH-000702,5394,0,0.758747398853302
ACH-000702,5459322,0,0.7100083231925964
ACH-000702,5460769,0,0.648648202419281
ACH-000702,54676905,0,0.8211109042167664
ACH-000702,54685215,0,0.6587283611297607
ACH-000702,5494449,0,0.8907962441444397
ACH-000702,560326,0,0.6976586580276489
ACH-000702,56962337,0,0.6807941794395447
ACH-000702,56965967,0,0.7227441668510437
ACH-000702,5717801,0,0.57865971326828
ACH-000702,57339144,0,0.7695346474647522
ACH-000702,5746,0,0.6694630980491638
ACH-000702,60750,0,0.7728122472763062
ACH-000702,637858,0,0.7579413056373596
ACH-000702,644215,0,0.7092602252960205
ACH-000702,644241,0,0.8304488658905029
ACH-000702,6445533,0,0.8102489709854126
ACH-000702,6445562,0,0.6988179087638855
ACH-000702,6450551,0,0.6677586436271667
ACH-000702,6450816,0,0.7202078700065613
ACH-000702,6505803,0,0.6374458074569702
ACH-000702,65110,1,0.8169873356819153
ACH-000702,66577006,0,0.7815260291099548
ACH-000702,6753378,0,0.6910275816917419
ACH-000702,6852167,0,0.7065858244895935
ACH-000702,6914657,0,0.6450961232185364
ACH-000702,6918289,0,0.6831409335136414
ACH-000702,6918454,0,0.7781521677970886
ACH-000702,6918638,0,0.7083829045295715
ACH-000702,6918848,0,0.6811416149139404
ACH-000702,704473,0,0.8646663427352905
ACH-000702,71271629,1,0.8309763073921204
ACH-000702,7251185,0,0.7899458408355713
ACH-000702,76044,0,0.6919105052947998
ACH-000702,82146,0,0.8252755403518677
ACH-000702,8249,0,0.7835276126861572
ACH-000702,85668777,0,0.6975449323654175
ACH-000702,9549184,0,0.8085582256317139
ACH-000702,9810884,1,0.9172807931900024
ACH-000702,9813758,0,0.8664067387580872
ACH-000702,9826308,0,0.6699736714363098
ACH-000702,9826528,0,0.6896554231643677
ACH-000702,9858940,0,0.779301643371582
ACH-000702,9863776,0,0.7310351729393005
ACH-000702,9868037,0,0.8241150975227356
ACH-000702,9874913,0,0.7458178997039795
ACH-000702,9884685,0,0.707653284072876
ACH-000702,9903786,1,0.80124431848526
ACH-000702,9907093,0,0.6897389888763428
ACH-000702,9910224,0,0.8051583170890808
ACH-000702,9911830,0,0.731052815914154
ACH-000702,9914412,0,0.698717474937439
ACH-000702,9931953,0,0.654037594795227
ACH-000702,9938202,0,0.7787781357765198
ACH-000702,9943465,0,0.7755861282348633
ACH-000702,9952773,0,0.7058912515640259
ACH-000702,9956119,0,0.7371484637260437
ACH-000702,9956222,0,0.6928203701972961
ACH-000702,9967941,0,0.7683009505271912
ACH-000706,10027278,0,0.7500569820404053
ACH-000706,10074640,0,0.563248872756958
ACH-000706,10077147,0,0.677238404750824
ACH-000706,10096043,0,0.6642187237739563
ACH-000706,10109823,0,0.3998810648918152
ACH-000706,10113978,0,0.23145166039466858
ACH-000706,10127622,0,0.3641933500766754
ACH-000706,10172943,0,0.685287594795227
ACH-000706,10184653,1,0.7728738784790039
ACH-000706,10196499,0,0.4865305423736572
ACH-000706,10200390,0,0.7620543241500854
ACH-000706,10302451,0,0.4905291795730591
ACH-000706,10341154,0,0.9496573209762573
ACH-000706,10390396,0,0.5506462454795837
ACH-000706,10451420,0,0.9401637315750122
ACH-000706,10459196,0,0.6837247610092163
ACH-000706,10461815,0,0.8067399859428406
ACH-000706,104842,0,0.6033158302307129
ACH-000706,11152667,0,0.6580643057823181
ACH-000706,11178236,1,0.859990656375885
ACH-000706,11282283,0,0.48222029209136963
ACH-000706,11316960,0,0.7178358435630798
ACH-000706,11327430,0,0.5835278034210205
ACH-000706,11338033,0,0.17440253496170044
ACH-000706,11364421,0,0.7781044840812683
ACH-000706,11373846,0,0.826237678527832
ACH-000706,11404337,0,0.8719849586486816
ACH-000706,11433190,0,0.73774254322052
ACH-000706,11455910,0,0.8050709366798401
ACH-000706,11485656,0,0.6776878833770752
ACH-000706,11493598,0,0.9412733316421509
ACH-000706,11609586,0,0.38216567039489746
ACH-000706,11617559,0,0.6515597701072693
ACH-000706,11624601,0,0.28014618158340454
ACH-000706,11625818,0,0.8816322088241577
ACH-000706,11626560,0,0.29060232639312744
ACH-000706,11626927,0,0.6724898815155029
ACH-000706,11634725,0,0.6304445266723633
ACH-000706,11640390,0,0.9034242033958435
ACH-000706,11647372,0,0.27851375937461853
ACH-000706,11667893,0,0.6880260705947876
ACH-000706,11676786,0,0.6087507605552673
ACH-000706,11707110,0,0.8739351630210876
ACH-000706,11713159,0,0.8233544826507568
ACH-000706,11754511,0,0.6840339303016663
ACH-000706,11844351,0,0.7880614399909973
ACH-000706,11960529,0,0.6516289710998535
ACH-000706,11977753,0,0.7546167373657227
ACH-000706,123631,0,0.6471672654151917
ACH-000706,126565,0,0.6949183940887451
ACH-000706,126941,0,0.9651286005973816
ACH-000706,1401,0,0.8931670784950256
ACH-000706,148124,0,0.2071487307548523
ACH-000706,156422,0,0.7943011522293091
ACH-000706,159324,0,0.7623696327209473
ACH-000706,160355,0,0.7435449957847595
ACH-000706,16038120,0,0.5747383236885071
ACH-000706,16095342,0,0.3683336675167084
ACH-000706,16663089,0,0.34327390789985657
ACH-000706,16720766,0,0.7815083861351013
ACH-000706,16722836,0,0.8174607157707214
ACH-000706,16725726,0,0.9454610347747803
ACH-000706,16747388,0,0.6016035079956055
ACH-000706,16760646,0,0.4621761441230774
ACH-000706,176167,0,0.8564677238464355
ACH-000706,176870,1,0.86210036277771
ACH-000706,17755052,0,0.7195461988449097
ACH-000706,20635522,0,0.5077997446060181
ACH-000706,208908,1,0.4492010772228241
ACH-000706,216239,0,0.4001733660697937
ACH-000706,216326,0,0.7716455459594727
ACH-000706,2314623,0,0.5594693422317505
ACH-000706,23725625,0,0.794145405292511
ACH-000706,2375,0,0.5582352876663208
ACH-000706,24180719,0,0.2907768785953522
ACH-000706,24756910,0,0.773396909236908
ACH-000706,24772860,0,0.5909212231636047
ACH-000706,24776445,0,0.19792552292346954
ACH-000706,24785538,1,0.6933298110961914
ACH-000706,24825971,0,0.6734514236450195
ACH-000706,24826799,0,0.7904276847839355
ACH-000706,24889392,0,0.4446059465408325
ACH-000706,24894414,0,0.9033244848251343
ACH-000706,24951314,0,0.6413629055023193
ACH-000706,24978538,0,0.7351430058479309
ACH-000706,25022668,0,0.6282140016555786
ACH-000706,25102847,0,0.34587347507476807
ACH-000706,25124816,0,0.3914247453212738
ACH-000706,25126798,0,0.957725465297699
ACH-000706,25167777,0,0.2964923083782196
ACH-000706,25195352,0,0.5221587419509888
ACH-000706,25222038,0,0.6922820210456848
ACH-000706,25257557,0,0.818246066570282
ACH-000706,25262965,0,0.6281025409698486
ACH-000706,2726824,1,0.671194851398468
ACH-000706,2733526,0,0.6815715432167053
ACH-000706,300471,0,0.6991116404533386
ACH-000706,3005532,0,0.4271547198295593
ACH-000706,3062316,0,0.9151937365531921
ACH-000706,31703,0,0.280231773853302
ACH-000706,3218,0,0.9417504072189331
ACH-000706,3385,0,0.9631454944610596
ACH-000706,3463933,0,0.47320324182510376
ACH-000706,36314,0,0.4307028353214264
ACH-000706,36462,0,0.20707744359970093
ACH-000706,3796,0,0.5698270797729492
ACH-000706,387447,0,0.3559827506542206
ACH-000706,4261,0,0.6748028993606567
ACH-000706,4263900,0,0.6750127673149109
ACH-000706,42640,0,0.6191468834877014
ACH-000706,42642645,0,0.6474220156669617
ACH-000706,44137675,0,0.7707879543304443
ACH-000706,44143370,0,0.7275206446647644
ACH-000706,44182295,0,0.7054640054702759
ACH-000706,44224160,0,0.7420947551727295
ACH-000706,44450571,0,0.7158649563789368
ACH-000706,44462760,0,0.7612202763557434
ACH-000706,444795,0,0.7429059147834778
ACH-000706,44551660,0,0.7252674102783203
ACH-000706,44632017,0,0.7209014892578125
ACH-000706,446378,0,0.6612563729286194
ACH-000706,447912,0,0.758689820766449
ACH-000706,448013,0,0.629196047782898
ACH-000706,44819241,0,0.7746073007583618
ACH-000706,46191454,0,0.6461180448532104
ACH-000706,46224516,0,0.7876765727996826
ACH-000706,462382,0,0.5844142436981201
ACH-000706,46843772,0,0.6926600933074951
ACH-000706,46844147,0,0.698362410068512
ACH-000706,46883536,0,0.7409213185310364
ACH-000706,46885626,0,0.7654746174812317
ACH-000706,46907787,0,0.6521223783493042
ACH-000706,46930998,0,0.734164834022522
ACH-000706,46931012,0,0.7511512041091919
ACH-000706,46943432,0,0.8142845630645752
ACH-000706,49806720,0,0.7272372841835022
ACH-000706,49821040,0,0.6708967685699463
ACH-000706,49836027,0,0.7310550212860107
ACH-000706,4993,0,0.7587504386901855
ACH-000706,5113032,0,0.8181841969490051
ACH-000706,51371303,0,0.7995036840438843
ACH-000706,5208,0,0.8106657862663269
ACH-000706,521106,0,0.7965573668479919
ACH-000706,5278396,0,0.7715305089950562
ACH-000706,5280757,1,0.6608322262763977
ACH-000706,5289247,0,0.7894836664199829
ACH-000706,5291,0,0.6749911904335022
ACH-000706,5311,0,0.6954760551452637
ACH-000706,5311497,0,0.687528133392334
ACH-000706,5311510,0,0.7539095282554626
ACH-000706,5327091,0,0.7381910085678101
ACH-000706,5328940,0,0.7070913314819336
ACH-000706,5329102,0,0.6614660024642944
ACH-000706,53302361,0,0.7568674087524414
ACH-000706,5330286,0,0.7134700417518616
ACH-000706,53340664,0,0.7810542583465576
ACH-000706,53394750,0,0.8568857312202454
ACH-000706,5384616,0,0.6499883532524109
ACH-000706,5394,0,0.7515929937362671
ACH-000706,5459322,0,0.7014907002449036
ACH-000706,5460769,0,0.6294704675674438
ACH-000706,54676905,1,0.7720588445663452
ACH-000706,54685215,0,0.6817734837532043
ACH-000706,5494449,0,0.8734800219535828
ACH-000706,560326,0,0.657806396484375
ACH-000706,56962337,0,0.662040114402771
ACH-000706,56965967,0,0.7587647438049316
ACH-000706,5717801,0,0.582520067691803
ACH-000706,57339144,0,0.7684414386749268
ACH-000706,5746,0,0.6825688481330872
ACH-000706,60750,0,0.7168415784835815
ACH-000706,6253,0,0.7123533487319946
ACH-000706,637858,0,0.7298028469085693
ACH-000706,644215,0,0.706034779548645
ACH-000706,6445533,0,0.7916805744171143
ACH-000706,6445562,0,0.7481919527053833
ACH-000706,6450551,0,0.6709484457969666
ACH-000706,6450816,0,0.7253989577293396
ACH-000706,6505803,0,0.6429172158241272
ACH-000706,65110,0,0.77923583984375
ACH-000706,66577006,0,0.7846737504005432
ACH-000706,6710780,0,0.6841175556182861
ACH-000706,6753378,0,0.6811681389808655
ACH-000706,6852167,0,0.679126501083374
ACH-000706,6914657,0,0.6424210667610168
ACH-000706,6918289,0,0.6866627335548401
ACH-000706,6918454,0,0.7809620499610901
ACH-000706,6918638,0,0.6989979147911072
ACH-000706,6918848,0,0.6829190850257874
ACH-000706,704473,0,0.8494408130645752
ACH-000706,71271629,0,0.8078550100326538
ACH-000706,7251185,0,0.761023223400116
ACH-000706,76044,0,0.6629118919372559
ACH-000706,82146,1,0.7965867519378662
ACH-000706,8249,0,0.7905300855636597
ACH-000706,84691,0,0.8926893472671509
ACH-000706,85668777,1,0.6782988905906677
ACH-000706,9549184,0,0.8139933943748474
ACH-000706,9810884,0,0.8755001425743103
ACH-000706,9813758,0,0.8602105975151062
ACH-000706,9826308,0,0.6656967997550964
ACH-000706,9826528,0,0.6588634252548218
ACH-000706,9858940,0,0.7890479564666748
ACH-000706,9863776,0,0.7237641215324402
ACH-000706,9868037,0,0.8143206238746643
ACH-000706,9874913,0,0.7673987746238708
ACH-000706,9884685,0,0.6957173943519592
ACH-000706,9903786,0,0.8139671683311462
ACH-000706,9907093,0,0.7058078050613403
ACH-000706,9910224,0,0.824308454990387
ACH-000706,9911830,0,0.7619764804840088
ACH-000706,9931953,0,0.6438369154930115
ACH-000706,9938202,0,0.7463800311088562
ACH-000706,9943465,0,0.7365098595619202
ACH-000706,9952773,0,0.6985179781913757
ACH-000706,9956119,0,0.7483910918235779
ACH-000706,9956222,0,0.7072354555130005
ACH-000706,9967941,0,0.7843188047409058
ACH-000717,10027278,0,0.8480525016784668
ACH-000717,10074640,0,0.8054050207138062
ACH-000717,10077147,0,0.9433177709579468
ACH-000717,10096043,0,0.7523960471153259
ACH-000717,10109823,0,0.7515131831169128
ACH-000717,10113978,0,0.7194676995277405
ACH-000717,10127622,0,0.5723243951797485
ACH-000717,10184653,0,0.7837124466896057
ACH-000717,10196499,0,0.7647770047187805
ACH-000717,10200390,0,0.8848982453346252
ACH-000717,10341154,0,0.9330829381942749
ACH-000717,10384072,0,0.7937023043632507
ACH-000717,10451420,0,0.8819511532783508
ACH-000717,10459196,0,0.7429839968681335
ACH-000717,104842,0,0.7872530817985535
ACH-000717,11152667,0,0.911491334438324
ACH-000717,11178236,0,0.8028268218040466
ACH-000717,11282283,0,0.8465020060539246
ACH-000717,11316960,0,0.8992900252342224
ACH-000717,11327430,0,0.831348717212677
ACH-000717,11338033,0,0.7285134792327881
ACH-000717,11373846,0,0.8441398739814758
ACH-000717,11404337,0,0.8945552706718445
ACH-000717,11433190,0,0.8482995629310608
ACH-000717,11455910,0,0.7778700590133667
ACH-000717,11485656,0,0.8071331977844238
ACH-000717,11493598,0,0.902090311050415
ACH-000717,11609586,0,0.6600684523582458
ACH-000717,11617559,0,0.7957236170768738
ACH-000717,11624601,0,0.6866077184677124
ACH-000717,11625818,0,0.9257625937461853
ACH-000717,11634725,0,0.6989132165908813
ACH-000717,11640390,0,0.8915119767189026
ACH-000717,11647372,0,0.6438588500022888
ACH-000717,11667893,0,0.7484334707260132
ACH-000717,11707110,0,0.8944206237792969
ACH-000717,11713159,0,0.8560178875923157
ACH-000717,11754511,0,0.9145746827125549
ACH-000717,11960529,0,0.8140097856521606
ACH-000717,11977753,0,0.8365150690078735
ACH-000717,123631,0,0.825718879699707
ACH-000717,126565,0,0.8761337399482727
ACH-000717,126941,0,0.9446644186973572
ACH-000717,1401,0,0.8861949443817139
ACH-000717,148124,0,0.5712551474571228
ACH-000717,156422,0,0.7660622000694275
ACH-000717,159324,0,0.8722848296165466
ACH-000717,16720766,0,0.8073818683624268
ACH-000717,16722836,0,0.7497736215591431
ACH-000717,16725726,1,0.9094343781471252
ACH-000717,16747388,0,0.8242695927619934
ACH-000717,176158,0,0.80426025390625
ACH-000717,176167,0,0.8495299816131592
ACH-000717,17755052,0,0.7945300936698914
ACH-000717,216326,0,0.9318765997886658
ACH-000717,2314623,0,0.7835690379142761
ACH-000717,23725625,0,0.938781201839447
ACH-000717,2375,0,0.7055484056472778
ACH-000717,24180719,0,0.7707974314689636
ACH-000717,24756910,0,0.8660334944725037
ACH-000717,24772860,0,0.683222770690918
ACH-000717,24776445,0,0.6762676239013672
ACH-000717,24785538,0,0.7404994964599609
ACH-000717,24826799,0,0.7181209921836853
ACH-000717,24889392,0,0.8018686771392822
ACH-000717,24894414,0,0.9366154670715332
ACH-000717,24951314,0,0.8181198239326477
ACH-000717,24978538,0,0.7096414566040039
ACH-000717,25022668,0,0.8425650596618652
ACH-000717,25102847,0,0.7973327040672302
ACH-000717,25124816,0,0.821894645690918
ACH-000717,25126798,0,0.930705189704895
ACH-000717,25167777,0,0.8352656364440918
ACH-000717,25195352,0,0.5347938537597656
ACH-000717,25222038,0,0.8690797686576843
ACH-000717,25257557,0,0.9187918305397034
ACH-000717,25262965,0,0.7855100035667419
ACH-000717,2726824,0,0.7927669286727905
ACH-000717,2733526,0,0.8678646683692932
ACH-000717,300471,0,0.8130439519882202
ACH-000717,3005532,0,0.7504674196243286
ACH-000717,31703,0,0.6164952516555786
ACH-000717,3218,0,0.9329678416252136
ACH-000717,3385,0,0.9600229859352112
ACH-000717,3463933,0,0.6862590312957764
ACH-000717,36462,0,0.732606053352356
ACH-000717,3796,0,0.7099384069442749
ACH-000717,4263900,0,0.7414929270744324
ACH-000717,42640,0,0.6431898474693298
ACH-000717,42642645,0,0.6752092838287354
ACH-000717,44137675,0,0.8135361671447754
ACH-000717,44143370,0,0.7630101442337036
ACH-000717,44182295,0,0.7337414026260376
ACH-000717,44224160,0,0.7837234139442444
ACH-000717,44450571,0,0.7817363739013672
ACH-000717,44462760,0,0.7754124999046326
ACH-000717,444795,0,0.7787724137306213
ACH-000717,44551660,0,0.7432137727737427
ACH-000717,44632017,0,0.7421237230300903
ACH-000717,446378,0,0.6987046003341675
ACH-000717,447912,0,0.7647463083267212
ACH-000717,448013,0,0.6499118804931641
ACH-000717,44819241,0,0.8594066500663757
ACH-000717,46191454,0,0.695330798625946
ACH-000717,46224516,0,0.8158368468284607
ACH-000717,46883536,0,0.7745645046234131
ACH-000717,46885626,0,0.84679114818573
ACH-000717,46907787,0,0.6992392539978027
ACH-000717,46930998,0,0.7441877126693726
ACH-000717,46931012,0,0.8119468092918396
ACH-000717,46943432,0,0.8468461632728577
ACH-000717,49806720,1,0.7385661602020264
ACH-000717,5113032,0,0.8732454776763916
ACH-000717,51371303,0,0.8162710070610046
ACH-000717,5208,0,0.8729615807533264
ACH-000717,521106,0,0.8406717777252197
ACH-000717,5278396,0,0.8218302726745605
ACH-000717,5280757,0,0.7058786749839783
ACH-000717,5289247,0,0.8555542826652527
ACH-000717,5311,0,0.7129708528518677
ACH-000717,5311497,0,0.7261127233505249
ACH-000717,5327091,0,0.7901829481124878
ACH-000717,5328940,0,0.7379810214042664
ACH-000717,53302361,0,0.7818667888641357
ACH-000717,5330286,0,0.7455542683601379
ACH-000717,53340664,0,0.8006600141525269
ACH-000717,53394750,0,0.8785303235054016
ACH-000717,5394,0,0.8125072717666626
ACH-000717,5459322,0,0.7434611916542053
ACH-000717,5460769,0,0.6453415751457214
ACH-000717,54676905,0,0.7948359251022339
ACH-000717,54685215,0,0.7144463658332825
ACH-000717,560326,0,0.7446712255477905
ACH-000717,56962337,0,0.6716305017471313
ACH-000717,56965967,0,0.812448263168335
ACH-000717,57339144,0,0.8220667839050293
ACH-000717,5746,0,0.711014449596405
ACH-000717,60750,0,0.7690013647079468
ACH-000717,6253,0,0.7767623066902161
ACH-000717,637858,0,0.7980550527572632
ACH-000717,644241,0,0.8218674659729004
ACH-000717,6445533,0,0.816956639289856
ACH-000717,6445562,0,0.793572723865509
ACH-000717,6450551,0,0.7070043683052063
ACH-000717,6450816,0,0.7455995678901672
ACH-000717,6505803,0,0.6687381863594055
ACH-000717,65110,0,0.7874341011047363
ACH-000717,66577006,0,0.8164939284324646
ACH-000717,6710780,0,0.7152137756347656
ACH-000717,6753378,0,0.7135332822799683
ACH-000717,6852167,0,0.7128755450248718
ACH-000717,6914657,0,0.6502524614334106
ACH-000717,6918289,0,0.7321760058403015
ACH-000717,6918454,0,0.8232876658439636
ACH-000717,6918638,0,0.7221490144729614
ACH-000717,6918848,0,0.7083796858787537
ACH-000717,704473,0,0.8855233788490295
ACH-000717,71271629,0,0.8568851947784424
ACH-000717,82146,0,0.8294074535369873
ACH-000717,8249,0,0.8279346823692322
ACH-000717,84691,0,0.9252081513404846
ACH-000717,85668777,0,0.7115771174430847
ACH-000717,9810884,0,0.9016997218132019
ACH-000717,9813758,0,0.8846750259399414
ACH-000717,9826528,0,0.6958603858947754
ACH-000717,9858940,0,0.8334205746650696
ACH-000717,9863776,0,0.7988668084144592
ACH-000717,9868037,0,0.8271308541297913
ACH-000717,9874913,0,0.8241564631462097
ACH-000717,9884685,0,0.7266380786895752
ACH-000717,9903786,0,0.875632643699646
ACH-000717,9910224,0,0.8676906824111938
ACH-000717,9911830,0,0.8011802434921265
ACH-000717,9914412,0,0.7417664527893066
ACH-000717,9931953,0,0.6654117703437805
ACH-000717,9938202,0,0.7648906707763672
ACH-000717,9943465,0,0.8087545037269592
ACH-000717,9952773,0,0.7127678990364075
ACH-000717,9956119,0,0.7773761749267578
ACH-000717,9956222,0,0.7451289892196655
ACH-000717,9967941,0,0.8298110365867615
ACH-000720,10027278,0,0.3952544331550598
ACH-000720,10074640,0,0.5611066222190857
ACH-000720,10077147,0,0.5904040932655334
ACH-000720,10096043,0,0.544794499874115
ACH-000720,10109823,0,0.3105016350746155
ACH-000720,10113978,0,0.10562414675951004
ACH-000720,10127622,0,0.15408578515052795
ACH-000720,10196499,0,0.25756725668907166
ACH-000720,10200390,0,0.6246591806411743
ACH-000720,10384072,0,0.6174491047859192
ACH-000720,10451420,0,0.7601847052574158
ACH-000720,10459196,0,0.5655697584152222
ACH-000720,104842,0,0.6912407875061035
ACH-000720,11178236,0,0.874484121799469
ACH-000720,11282283,0,0.23724737763404846
ACH-000720,11316960,0,0.6208351850509644
ACH-000720,11327430,0,0.4786394536495209
ACH-000720,11338033,0,0.09465591609477997
ACH-000720,11373846,0,0.5847551226615906
ACH-000720,11404337,0,0.5533225536346436
ACH-000720,11433190,0,0.6557518243789673
ACH-000720,11455910,0,0.6742222905158997
ACH-000720,11485656,0,0.5853168964385986
ACH-000720,11493598,0,0.9299409985542297
ACH-000720,11609586,0,0.18606850504875183
ACH-000720,11617559,0,0.5174045562744141
ACH-000720,11624601,0,0.18623298406600952
ACH-000720,11625818,0,0.9175171852111816
ACH-000720,11634725,0,0.4520871937274933
ACH-000720,11640390,0,0.9079964756965637
ACH-000720,11647372,0,0.15706321597099304
ACH-000720,11667893,0,0.5583025813102722
ACH-000720,11707110,0,0.8021039962768555
ACH-000720,11713159,0,0.8745480179786682
ACH-000720,11754511,0,0.4713599383831024
ACH-000720,11977753,0,0.7136522531509399
ACH-000720,1401,0,0.781178891658783
ACH-000720,156422,0,0.5955164432525635
ACH-000720,159324,0,0.7296592593193054
ACH-000720,16720766,0,0.7287324070930481
ACH-000720,16722836,0,0.5078588128089905
ACH-000720,16725726,0,0.8281899094581604
ACH-000720,16747388,0,0.4307844936847687
ACH-000720,176167,0,0.7916882634162903
ACH-000720,17755052,0,0.5901130437850952
ACH-000720,2314623,0,0.3755122125148773
ACH-000720,2375,0,0.22227999567985535
ACH-000720,24180719,0,0.1248074620962143
ACH-000720,24756910,0,0.640880286693573
ACH-000720,24772860,0,0.5175284147262573
ACH-000720,24785538,0,0.5101587176322937
ACH-000720,24826799,0,0.6206709146499634
ACH-000720,24889392,0,0.22655753791332245
ACH-000720,24894414,0,0.880730390548706
ACH-000720,24951314,0,0.33324748277664185
ACH-000720,24978538,0,0.36291393637657166
ACH-000720,25022668,0,0.4363996386528015
ACH-000720,25102847,0,0.2362672984600067
ACH-000720,25124816,0,0.22864559292793274
ACH-000720,25126798,0,0.9358472228050232
ACH-000720,25167777,0,0.15968266129493713
ACH-000720,25195352,0,0.17478284239768982
ACH-000720,25222038,0,0.49174240231513977
ACH-000720,25257557,0,0.6723835468292236
ACH-000720,25262965,0,0.60472571849823
ACH-000720,2726824,0,0.5896175503730774
ACH-000720,2733526,0,0.5673028826713562
ACH-000720,3005532,1,0.3144403398036957
ACH-000720,31703,0,0.20180360972881317
ACH-000720,3218,0,0.9113156795501709
ACH-000720,3385,0,0.9800620675086975
ACH-000720,3463933,0,0.3068544566631317
ACH-000720,36462,0,0.08504719287157059
ACH-000720,3796,0,0.28365886211395264
ACH-000720,4263900,0,0.5974371433258057
ACH-000720,42640,0,0.5816472172737122
ACH-000720,42642645,0,0.591645359992981
ACH-000720,44137675,0,0.6268351674079895
ACH-000720,44143370,0,0.6089260578155518
ACH-000720,44182295,0,0.6293505430221558
ACH-000720,44224160,0,0.6270461082458496
ACH-000720,44450571,0,0.6188251972198486
ACH-000720,44462760,0,0.6202440857887268
ACH-000720,44551660,0,0.6104346513748169
ACH-000720,44632017,0,0.6193654537200928
ACH-000720,446378,0,0.5780501365661621
ACH-000720,447912,0,0.6203706860542297
ACH-000720,448013,0,0.5774651169776917
ACH-000720,44819241,0,0.6757078766822815
ACH-000720,46191454,0,0.5978691577911377
ACH-000720,46224516,0,0.6849991083145142
ACH-000720,46883536,0,0.6169237494468689
ACH-000720,46885626,0,0.6455702185630798
ACH-000720,46907787,0,0.5830480456352234
ACH-000720,46930998,0,0.6097137928009033
ACH-000720,46931012,0,0.6422571539878845
ACH-000720,46943432,0,0.6568744778633118
ACH-000720,49806720,0,0.6107685565948486
ACH-000720,5113032,0,0.6924598217010498
ACH-000720,51371303,0,0.6599257588386536
ACH-000720,5208,0,0.6935371160507202
ACH-000720,521106,0,0.7026645541191101
ACH-000720,5278396,0,0.64825040102005
ACH-000720,5280757,0,0.5828261971473694
ACH-000720,5289247,0,0.6669866442680359
ACH-000720,5311497,0,0.5956698656082153
ACH-000720,5327091,0,0.6313292384147644
ACH-000720,53302361,1,0.6177539229393005
ACH-000720,5330286,0,0.6122442483901978
ACH-000720,53340664,0,0.6425129771232605
ACH-000720,53394750,0,0.6750354766845703
ACH-000720,5394,0,0.6667466759681702
ACH-000720,5459322,0,0.6163164973258972
ACH-000720,5460769,0,0.5655539035797119
ACH-000720,54676905,0,0.6576751470565796
ACH-000720,54685215,0,0.5981066226959229
ACH-000720,560326,0,0.6046885251998901
ACH-000720,56962337,0,0.5812527537345886
ACH-000720,56965967,0,0.6318647265434265
ACH-000720,57339144,0,0.6618354320526123
ACH-000720,5746,0,0.5978397727012634
ACH-000720,60750,0,0.6155440211296082
ACH-000720,637858,0,0.6461124420166016
ACH-000720,6445533,0,0.6728888750076294
ACH-000720,6445562,0,0.61379075050354
ACH-000720,6450816,0,0.5994682312011719
ACH-000720,6505803,0,0.5720942616462708
ACH-000720,66577006,0,0.6452910900115967
ACH-000720,6753378,0,0.5917233228683472
ACH-000720,6852167,0,0.6265250444412231
ACH-000720,6914657,0,0.5812644958496094
ACH-000720,6918638,0,0.6066327095031738
ACH-000720,6918848,0,0.6191278696060181
ACH-000720,704473,0,0.7180315256118774
ACH-000720,71271629,0,0.6771990656852722
ACH-000720,82146,0,0.6575348377227783
ACH-000720,8249,0,0.6552733778953552
ACH-000720,85668777,1,0.6152791976928711
ACH-000720,9810884,0,0.7590224742889404
ACH-000720,9813758,0,0.689294159412384
ACH-000720,9826528,0,0.613176703453064
ACH-000720,9858940,0,0.6417229771614075
ACH-000720,9863776,0,0.6333537101745605
ACH-000720,9868037,0,0.6518016457557678
ACH-000720,9874913,0,0.6317031383514404
ACH-000720,9884685,0,0.6222631335258484
ACH-000720,9903786,0,0.6872252821922302
ACH-000720,9910224,0,0.6593584418296814
ACH-000720,9911830,0,0.6493727564811707
ACH-000720,9914412,0,0.6244744658470154
ACH-000720,9931953,0,0.5792337656021118
ACH-000720,9938202,0,0.639120876789093
ACH-000720,9952773,0,0.6227627396583557
ACH-000720,9956119,0,0.6117164492607117
ACH-000720,9956222,0,0.6155387759208679
ACH-000720,9967941,0,0.6519136428833008
ACH-000729,10027278,0,0.8163211941719055
ACH-000729,10096043,0,0.663987398147583
ACH-000729,10109823,0,0.8839770555496216
ACH-000729,10113978,0,0.9063177704811096
ACH-000729,10172943,0,0.7773689031600952
ACH-000729,10184653,0,0.7584521770477295
ACH-000729,10196499,0,0.6799530386924744
ACH-000729,10200390,0,0.7870128750801086
ACH-000729,10302451,0,0.8115365505218506
ACH-000729,10341154,0,0.9082533717155457
ACH-000729,10390396,0,0.5974889993667603
ACH-000729,10451420,1,0.8554237484931946
ACH-000729,10461815,0,0.8213160037994385
ACH-000729,104842,0,0.8490128517150879
ACH-000729,11152667,0,0.8403141498565674
ACH-000729,11178236,0,0.8203265070915222
ACH-000729,11364421,1,0.8610578179359436
ACH-000729,11404337,0,0.8444122076034546
ACH-000729,11455910,0,0.809942901134491
ACH-000729,11493598,0,0.8062970638275146
ACH-000729,11609586,0,0.8464105129241943
ACH-000729,11626560,0,0.8730078935623169
ACH-000729,11626927,0,0.7104321718215942
ACH-000729,11634725,0,0.7236803770065308
ACH-000729,11640390,0,0.9079186320304871
ACH-000729,11676786,0,0.8021101355552673
ACH-000729,11713159,0,0.8209633231163025
ACH-000729,11844351,0,0.7695104479789734
ACH-000729,11960529,0,0.8869184851646423
ACH-000729,123631,0,0.7803778648376465
ACH-000729,126565,0,0.9462488889694214
ACH-000729,126941,0,0.8276605606079102
ACH-000729,148124,0,0.7350251078605652
ACH-000729,159324,0,0.7827542424201965
ACH-000729,160355,0,0.8358809947967529
ACH-000729,16038120,0,0.6568350791931152
ACH-000729,16095342,1,0.8638243079185486
ACH-000729,16663089,0,0.8499172925949097
ACH-000729,16747388,0,0.8958110213279724
ACH-000729,16760646,0,0.6265439987182617
ACH-000729,176158,0,0.7474960088729858
ACH-000729,176870,0,0.755637526512146
ACH-000729,20635522,0,0.8015285134315491
ACH-000729,208908,0,0.795815110206604
ACH-000729,216239,0,0.7560222744941711
ACH-000729,216326,0,0.829190194606781
ACH-000729,2314623,0,0.8755056858062744
ACH-000729,23725625,0,0.969014585018158
ACH-000729,2375,0,0.8880606889724731
ACH-000729,24756910,0,0.6911745667457581
ACH-000729,24772860,0,0.7230979800224304
ACH-000729,24776445,0,0.8830429911613464
ACH-000729,24785538,0,0.7265363931655884
ACH-000729,24825971,0,0.7703540325164795
ACH-000729,24826799,0,0.7736581563949585
ACH-000729,24894414,0,0.661018967628479
ACH-000729,24951314,0,0.8873207569122314
ACH-000729,25022668,0,0.7778602838516235
ACH-000729,25102847,0,0.8867907524108887
ACH-000729,25124816,0,0.7834895849227905
ACH-000729,25195352,0,0.7779308557510376
ACH-000729,25222038,0,0.8319911360740662
ACH-000729,25257557,1,0.8783625364303589
ACH-000729,300471,0,0.600985586643219
ACH-000729,3005532,0,0.6413595080375671
ACH-000729,3062316,0,0.903007447719574
ACH-000729,31703,0,0.8343061804771423
ACH-000729,3218,0,0.9553040266036987
ACH-000729,3385,0,0.9629907011985779
ACH-000729,3463933,0,0.9179856777191162
ACH-000729,36314,0,0.6444700956344604
ACH-000729,36462,0,0.8915368318557739
ACH-000729,3796,0,0.6915693879127502
ACH-000729,387447,0,0.8919153809547424
ACH-000729,4261,0,0.6086214184761047
ACH-000729,4263900,0,0.6000027060508728
ACH-000729,42640,0,0.595694899559021
ACH-000729,42642645,0,0.5911064743995667
ACH-000729,44137675,0,0.6287477612495422
ACH-000729,44143370,0,0.6182210445404053
ACH-000729,444795,0,0.5956888794898987
ACH-000729,446378,0,0.584404468536377
ACH-000729,448013,0,0.577306866645813
ACH-000729,46224516,0,0.7652875781059265
ACH-000729,462382,0,0.5467556118965149
ACH-000729,46844147,0,0.6120782494544983
ACH-000729,46907787,0,0.6015333533287048
ACH-000729,46931012,0,0.6472055912017822
ACH-000729,46943432,0,0.703024685382843
ACH-000729,49821040,0,0.5560795664787292
ACH-000729,49836027,0,0.6213307976722717
ACH-000729,4993,0,0.6625598073005676
ACH-000729,5113032,0,0.7502483129501343
ACH-000729,51371303,0,0.7288457751274109
ACH-000729,5208,1,0.7126473784446716
ACH-000729,521106,0,0.761544406414032
ACH-000729,5280757,0,0.5881215929985046
ACH-000729,5291,0,0.6404997110366821
ACH-000729,5311,0,0.6622669100761414
ACH-000729,5311497,0,0.5885226130485535
ACH-000729,5311510,0,0.6849456429481506
ACH-000729,5327091,0,0.6416906714439392
ACH-000729,5328940,0,0.6191741228103638
ACH-000729,5329102,0,0.6001126766204834
ACH-000729,53302361,0,0.6294811964035034
ACH-000729,53340664,0,0.6799549460411072
ACH-000729,53394750,1,0.7186786532402039
ACH-000729,5384616,0,0.5519065260887146
ACH-000729,5459322,0,0.6437998414039612
ACH-000729,5460769,0,0.5724776387214661
ACH-000729,54676905,0,0.6462681293487549
ACH-000729,5494449,0,0.8440957069396973
ACH-000729,560326,0,0.6349896192550659
ACH-000729,56965967,0,0.6475617289543152
ACH-000729,5717801,0,0.5412524342536926
ACH-000729,5746,0,0.6015376448631287
ACH-000729,60750,0,0.6300562620162964
ACH-000729,6253,0,0.6959110498428345
ACH-000729,644215,0,0.6082653403282166
ACH-000729,644241,0,0.7584752440452576
ACH-000729,6445533,0,0.732893168926239
ACH-000729,6450551,0,0.587257444858551
ACH-000729,65110,0,0.7633368372917175
ACH-000729,66577006,0,0.6875938773155212
ACH-000729,6710780,0,0.5912368297576904
ACH-000729,6753378,0,0.6011781692504883
ACH-000729,6852167,0,0.6793941259384155
ACH-000729,6918289,0,0.6153035163879395
ACH-000729,6918454,0,0.698643147945404
ACH-000729,6918638,0,0.6493557691574097
ACH-000729,6918848,0,0.6368255615234375
ACH-000729,704473,0,0.8035067319869995
ACH-000729,7251185,0,0.7076368927955627
ACH-000729,76044,0,0.6089279055595398
ACH-000729,82146,0,0.7165385484695435
ACH-000729,8249,0,0.6439271569252014
ACH-000729,84691,0,0.891960084438324
ACH-000729,9549184,0,0.6797906756401062
ACH-000729,9810884,0,0.8092506527900696
ACH-000729,9826308,0,0.6454302072525024
ACH-000729,9903786,0,0.7137705683708191
ACH-000729,9907093,0,0.6390880942344666
ACH-000729,9910224,0,0.7125634551048279
ACH-000729,9931953,0,0.5992081761360168
ACH-000729,9938202,0,0.6884141564369202
ACH-000729,9943465,0,0.7073479890823364
ACH-000729,9956119,0,0.6291436553001404
ACH-000729,9956222,0,0.6266293525695801
ACH-000729,9967941,0,0.7072820067405701
ACH-000748,10027278,1,0.7561697363853455
ACH-000748,10074640,0,0.7791885137557983
ACH-000748,10077147,0,0.9275420904159546
ACH-000748,10096043,0,0.6750626564025879
ACH-000748,10109823,0,0.8473342061042786
ACH-000748,10113978,0,0.9307825565338135
ACH-000748,10127622,1,0.7762056589126587
ACH-000748,10172943,0,0.8258067965507507
ACH-000748,10184653,0,0.6337053775787354
ACH-000748,10196499,0,0.7456826567649841
ACH-000748,10200390,0,0.8140283226966858
ACH-000748,10302451,0,0.7290083169937134
ACH-000748,10341154,0,0.7637165188789368
ACH-000748,10384072,0,0.7187825441360474
ACH-000748,10390396,1,0.6558867692947388
ACH-000748,10451420,0,0.7484433054924011
ACH-000748,10459196,0,0.6230878233909607
ACH-000748,10461815,0,0.8172231912612915
ACH-000748,104842,0,0.774969220161438
ACH-000748,11152667,0,0.8398522734642029
ACH-000748,11178236,0,0.6506497263908386
ACH-000748,11282283,0,0.874748945236206
ACH-000748,11316960,0,0.8032288551330566
ACH-000748,11327430,0,0.8376591801643372
ACH-000748,11338033,0,0.907803475856781
ACH-000748,11364421,0,0.8297940492630005
ACH-000748,11373846,0,0.7792014479637146
ACH-000748,11404337,0,0.8376333117485046
ACH-000748,11433190,1,0.7908052206039429
ACH-000748,11455910,0,0.6906194686889648
ACH-000748,11485656,0,0.8491902947425842
ACH-000748,11493598,0,0.6568210124969482
ACH-000748,11609586,0,0.8645500540733337
ACH-000748,11617559,0,0.8041942119598389
ACH-000748,11624601,0,0.8664318919181824
ACH-000748,11625818,0,0.7599429488182068
ACH-000748,11626560,0,0.8184185028076172
ACH-000748,11626927,0,0.7518652081489563
ACH-000748,11634725,0,0.7118141651153564
ACH-000748,11640390,1,0.7137665748596191
ACH-000748,11647372,0,0.8405425548553467
ACH-000748,11667893,0,0.7672556042671204
ACH-000748,11676786,1,0.7636660933494568
ACH-000748,11707110,0,0.6731237769126892
ACH-000748,11713159,0,0.6489617228507996
ACH-000748,11754511,0,0.9050032496452332
ACH-000748,11844351,0,0.7792560458183289
ACH-000748,11960529,0,0.8430728912353516
ACH-000748,11977753,0,0.783823549747467
ACH-000748,123631,0,0.830906093120575
ACH-000748,126565,0,0.8846720457077026
ACH-000748,126941,0,0.6786960363388062
ACH-000748,1401,0,0.7268185019493103
ACH-000748,148124,1,0.8176063895225525
ACH-000748,156422,1,0.7169824242591858
ACH-000748,159324,0,0.7890370488166809
ACH-000748,160355,0,0.7153398394584656
ACH-000748,16038120,0,0.6799869537353516
ACH-000748,16095342,1,0.8252707123756409
ACH-000748,16663089,0,0.7724761962890625
ACH-000748,16722836,0,0.795564591884613
ACH-000748,16725726,1,0.7176175713539124
ACH-000748,16747388,0,0.8072517514228821
ACH-000748,16760646,0,0.6414499878883362
ACH-000748,176158,0,0.8066093325614929
ACH-000748,176167,0,0.6226041913032532
ACH-000748,176870,0,0.7223951816558838
ACH-000748,17755052,0,0.786949098110199
ACH-000748,20635522,0,0.724786102771759
ACH-000748,208908,0,0.8256487846374512
ACH-000748,216239,0,0.7463325262069702
ACH-000748,216326,0,0.888420820236206
ACH-000748,2314623,0,0.8664419651031494
ACH-000748,23725625,0,0.8577452898025513
ACH-000748,2375,0,0.8524413704872131
ACH-000748,24180719,0,0.9178335070610046
ACH-000748,24756910,0,0.6477428078651428
ACH-000748,24772860,0,0.6540707945823669
ACH-000748,24776445,0,0.9111129641532898
ACH-000748,24785538,0,0.720715343952179
ACH-000748,24825971,0,0.7665184736251831
ACH-000748,24826799,0,0.6637722849845886
ACH-000748,24889392,0,0.8383738994598389
ACH-000748,24894414,0,0.6770179867744446
ACH-000748,24951314,0,0.7437129020690918
ACH-000748,24978538,0,0.7532632946968079
ACH-000748,25022668,0,0.8006917238235474
ACH-000748,25102847,0,0.883866012096405
ACH-000748,25124816,0,0.8935719728469849
ACH-000748,25126798,0,0.798704206943512
ACH-000748,25167777,0,0.9157033562660217
ACH-000748,25195352,0,0.7522933483123779
ACH-000748,25222038,0,0.8381254076957703
ACH-000748,25257557,1,0.8621147871017456
ACH-000748,25262965,0,0.7927135825157166
ACH-000748,2726824,0,0.7210609316825867
ACH-000748,2733526,0,0.8151670098304749
ACH-000748,300471,0,0.6206420660018921
ACH-000748,3005532,1,0.7292000651359558
ACH-000748,3062316,0,0.8751132488250732
ACH-000748,31703,0,0.7982873916625977
ACH-000748,3218,1,0.7994956970214844
ACH-000748,3385,0,0.8789964914321899
ACH-000748,3463933,0,0.7701378464698792
ACH-000748,36314,0,0.7463561296463013
ACH-000748,36462,0,0.8841239809989929
ACH-000748,3796,0,0.7926997542381287
ACH-000748,387447,0,0.8309083580970764
ACH-000748,4261,0,0.5887171030044556
ACH-000748,4263900,1,0.594167172908783
ACH-000748,42640,0,0.5526790022850037
ACH-000748,42642645,0,0.5696173906326294
ACH-000748,44137675,0,0.6156395077705383
ACH-000748,44143370,0,0.5837588906288147
ACH-000748,44182295,1,0.6147488951683044
ACH-000748,44224160,0,0.6243355870246887
ACH-000748,44450571,0,0.6308509707450867
ACH-000748,44462760,0,0.6081704497337341
ACH-000748,444795,0,0.5828782916069031
ACH-000748,44551660,0,0.5989580750465393
ACH-000748,446378,0,0.5631925463676453
ACH-000748,447912,0,0.6142075061798096
ACH-000748,448013,0,0.5636910796165466
ACH-000748,44819241,0,0.6982209086418152
ACH-000748,46191454,0,0.5893665552139282
ACH-000748,46224516,0,0.7035006880760193
ACH-000748,462382,0,0.5370352864265442
ACH-000748,46843772,0,0.6018771529197693
ACH-000748,46844147,0,0.6024672985076904
ACH-000748,46883536,0,0.6071096062660217
ACH-000748,46885626,0,0.652615487575531
ACH-000748,46907787,0,0.5735408663749695
ACH-000748,46930998,0,0.5965348482131958
ACH-000748,46931012,0,0.6190476417541504
ACH-000748,46943432,0,0.6704303622245789
ACH-000748,49806720,0,0.5937083959579468
ACH-000748,49821040,0,0.5534681677818298
ACH-000748,49836027,0,0.5971620082855225
ACH-000748,4993,1,0.63539719581604
ACH-000748,5113032,0,0.7148928642272949
ACH-000748,51371303,0,0.6753587126731873
ACH-000748,5208,0,0.702957034111023
ACH-000748,521106,0,0.7376404404640198
ACH-000748,5278396,0,0.6545588970184326
ACH-000748,5280757,0,0.5566889643669128
ACH-000748,5289247,0,0.6844856142997742
ACH-000748,5291,0,0.591200590133667
ACH-000748,5311,0,0.6247099041938782
ACH-000748,5311497,0,0.5745108127593994
ACH-000748,5311510,0,0.6238374710083008
ACH-000748,5327091,0,0.6495341062545776
ACH-000748,5328940,0,0.5813604593276978
ACH-000748,5329102,0,0.5785605907440186
ACH-000748,53302361,0,0.5998846292495728
ACH-000748,5330286,0,0.6030072569847107
ACH-000748,53340664,0,0.6360211968421936
ACH-000748,53394750,0,0.6736977100372314
ACH-000748,5384616,0,0.5631372332572937
ACH-000748,5394,0,0.6713467836380005
ACH-000748,5459322,0,0.5980295538902283
ACH-000748,5460769,0,0.5335334539413452
ACH-000748,54676905,0,0.6602431535720825
ACH-000748,54685215,0,0.5781968832015991
ACH-000748,5494449,0,0.7759279012680054
ACH-000748,560326,0,0.6255274415016174
ACH-000748,56962337,0,0.5571771264076233
ACH-000748,56965967,0,0.6230184435844421
ACH-000748,5717801,0,0.5269891619682312
ACH-000748,57339144,0,0.6558454036712646
ACH-000748,5746,0,0.5905170440673828
ACH-000748,60750,0,0.6276281476020813
ACH-000748,6253,0,0.673393189907074
ACH-000748,637858,0,0.669569730758667
ACH-000748,644215,0,0.5876772999763489
ACH-000748,644241,0,0.6764972805976868
ACH-000748,6445533,0,0.6899830102920532
ACH-000748,6445562,0,0.5868661403656006
ACH-000748,6450551,0,0.5886671543121338
ACH-000748,6450816,0,0.5770430564880371
ACH-000748,6505803,0,0.5493102669715881
ACH-000748,65110,0,0.6842272281646729
ACH-000748,66577006,0,0.6353314518928528
ACH-000748,6710780,0,0.5659216642379761
ACH-000748,6753378,0,0.5816926956176758
ACH-000748,6852167,0,0.6094694137573242
ACH-000748,6914657,0,0.5615452527999878
ACH-000748,6918289,0,0.5841037631034851
ACH-000748,6918454,0,0.6557267308235168
ACH-000748,6918638,0,0.5956016778945923
ACH-000748,6918848,0,0.6109006404876709
ACH-000748,704473,0,0.7522205710411072
ACH-000748,71271629,0,0.6895647644996643
ACH-000748,7251185,0,0.6763430237770081
ACH-000748,76044,0,0.6234713196754456
ACH-000748,82146,0,0.6750757098197937
ACH-000748,8249,0,0.6599016785621643
ACH-000748,84691,0,0.8470577001571655
ACH-000748,85668777,0,0.6143103241920471
ACH-000748,9549184,0,0.6636892557144165
ACH-000748,9810884,1,0.780785083770752
ACH-000748,9813758,0,0.7106232643127441
ACH-000748,9826308,0,0.5957992076873779
ACH-000748,9826528,0,0.5919203162193298
ACH-000748,9858940,0,0.6416705846786499
ACH-000748,9863776,0,0.6359413266181946
ACH-000748,9868037,0,0.6615691184997559
ACH-000748,9874913,0,0.6403332948684692
ACH-000748,9884685,0,0.6056522727012634
ACH-000748,9903786,0,0.7071211934089661
ACH-000748,9907093,0,0.606867253780365
ACH-000748,9910224,0,0.6601501703262329
ACH-000748,9911830,0,0.6451075077056885
ACH-000748,9914412,0,0.6113855838775635
ACH-000748,9931953,0,0.5491428375244141
ACH-000748,9938202,0,0.6397948861122131
ACH-000748,9943465,0,0.6683862209320068
ACH-000748,9952773,0,0.6105050444602966
ACH-000748,9956119,0,0.5881386399269104
ACH-000748,9956222,0,0.5963621139526367
ACH-000748,9967941,0,0.6447544693946838
ACH-000751,10027278,0,0.9367855191230774
ACH-000751,10077147,0,0.9812150001525879
ACH-000751,10096043,0,0.7775622010231018
ACH-000751,10109823,0,0.9583823084831238
ACH-000751,10113978,0,0.9938463568687439
ACH-000751,10127622,0,0.9691135287284851
ACH-000751,10172943,0,0.9100759029388428
ACH-000751,10184653,0,0.7945488095283508
ACH-000751,10196499,0,0.9219747185707092
ACH-000751,10200390,0,0.8865505456924438
ACH-000751,10302451,0,0.9199962019920349
ACH-000751,10341154,0,0.7303882837295532
ACH-000751,10384072,0,0.8106783628463745
ACH-000751,10390396,0,0.8200300335884094
ACH-000751,10451420,1,0.9445782899856567
ACH-000751,10459196,0,0.7896135449409485
ACH-000751,10461815,0,0.9380245208740234
ACH-000751,104842,0,0.8924019932746887
ACH-000751,11152667,0,0.9219378232955933
ACH-000751,11178236,0,0.6223246455192566
ACH-000751,11282283,0,0.9844182729721069
ACH-000751,11316960,0,0.9401034712791443
ACH-000751,11327430,0,0.9653527140617371
ACH-000751,11338033,0,0.9978464841842651
ACH-000751,11364421,0,0.9010390043258667
ACH-000751,11373846,1,0.936802864074707
ACH-000751,11404337,0,0.9615083932876587
ACH-000751,11433190,0,0.9008063673973083
ACH-000751,11455910,0,0.7920375466346741
ACH-000751,11485656,0,0.9490857124328613
ACH-000751,11493598,1,0.605366587638855
ACH-000751,11609586,0,0.9802294969558716
ACH-000751,11617559,1,0.9261416792869568
ACH-000751,11624601,0,0.9786033034324646
ACH-000751,11625818,1,0.8473557829856873
ACH-000751,11626560,0,0.9655817151069641
ACH-000751,11626927,0,0.9061020016670227
ACH-000751,11634725,1,0.8805527091026306
ACH-000751,11640390,0,0.8356321454048157
ACH-000751,11647372,1,0.9785797595977783
ACH-000751,11667893,0,0.8016097545623779
ACH-000751,11676786,0,0.9102323055267334
ACH-000751,11707110,0,0.8291885852813721
ACH-000751,11713159,0,0.7254236936569214
ACH-000751,11754511,1,0.9875220656394958
ACH-000751,11844351,0,0.879070520401001
ACH-000751,11960529,0,0.885570228099823
ACH-000751,11977753,0,0.7907425165176392
ACH-000751,123631,0,0.9190549850463867
ACH-000751,126565,0,0.9539163708686829
ACH-000751,126941,0,0.6762940287590027
ACH-000751,1401,0,0.8696054220199585
ACH-000751,148124,0,0.9682400226593018
ACH-000751,156422,0,0.9043936133384705
ACH-000751,159324,0,0.80841463804245
ACH-000751,160355,0,0.7995330691337585
ACH-000751,16038120,0,0.8078857064247131
ACH-000751,16095342,1,0.9618263840675354
ACH-000751,16663089,0,0.9565998911857605
ACH-000751,16720766,0,0.9299023151397705
ACH-000751,16722836,1,0.9558940529823303
ACH-000751,16725726,1,0.9068925380706787
ACH-000751,16747388,0,0.9394238591194153
ACH-000751,16760646,1,0.7178632616996765
ACH-000751,176158,0,0.8969009518623352
ACH-000751,176167,1,0.7863235473632812
ACH-000751,176870,0,0.8579413294792175
ACH-000751,17755052,0,0.9670431613922119
ACH-000751,20635522,0,0.8564126491546631
ACH-000751,208908,0,0.9588225483894348
ACH-000751,216239,0,0.8718345165252686
ACH-000751,216326,0,0.9277980327606201
ACH-000751,2314623,0,0.9716227650642395
ACH-000751,23725625,0,0.956032395362854
ACH-000751,2375,1,0.9752098917961121
ACH-000751,24180719,0,0.9940265417098999
ACH-000751,24756910,0,0.8028221726417542
ACH-000751,24772860,0,0.7841054797172546
ACH-000751,24776445,0,0.9922601580619812
ACH-000751,24785538,0,0.8446794748306274
ACH-000751,24825971,0,0.8697779178619385
ACH-000751,24826799,0,0.7759002447128296
ACH-000751,24889392,1,0.9769467711448669
ACH-000751,24894414,1,0.7576211094856262
ACH-000751,24951314,1,0.9685008525848389
ACH-000751,24978538,1,0.986513078212738
ACH-000751,25022668,0,0.9523548483848572
ACH-000751,25102847,0,0.97690749168396
ACH-000751,25124816,0,0.9823013544082642
ACH-000751,25126798,1,0.8501979112625122
ACH-000751,25167777,1,0.9950953722000122
ACH-000751,25195352,0,0.9586364030838013
ACH-000751,25222038,0,0.9530091881752014
ACH-000751,25257557,1,0.9437065124511719
ACH-000751,25262965,0,0.9211632609367371
ACH-000751,2726824,0,0.808993399143219
ACH-000751,2733526,0,0.9320659041404724
ACH-000751,300471,0,0.7343910336494446
ACH-000751,3005532,0,0.8876250386238098
ACH-000751,3062316,0,0.9489506483078003
ACH-000751,31703,0,0.9735785722732544
ACH-000751,3218,0,0.9328699111938477
ACH-000751,3385,0,0.793282151222229
ACH-000751,3463933,0,0.9869874715805054
ACH-000751,36314,0,0.8576757311820984
ACH-000751,36462,0,0.9860403537750244
ACH-000751,3796,0,0.9500592350959778
ACH-000751,387447,0,0.8758453726768494
ACH-000751,4261,0,0.6610215306282043
ACH-000751,4263900,0,0.6917327046394348
ACH-000751,42640,0,0.621008038520813
ACH-000751,42642645,0,0.6358804106712341
ACH-000751,44137675,0,0.7869687080383301
ACH-000751,44143370,0,0.7466621398925781
ACH-000751,44182295,0,0.7135916352272034
ACH-000751,44224160,1,0.7330992221832275
ACH-000751,44450571,0,0.7393493056297302
ACH-000751,44462760,0,0.7653208374977112
ACH-000751,444795,0,0.7315168976783752
ACH-000751,44551660,0,0.7025308012962341
ACH-000751,44632017,0,0.7281681895256042
ACH-000751,446378,0,0.6710472106933594
ACH-000751,448013,0,0.612903892993927
ACH-000751,44819241,0,0.8240219950675964
ACH-000751,46191454,1,0.6503970623016357
ACH-000751,46224516,0,0.7882164716720581
ACH-000751,462382,0,0.5382871627807617
ACH-000751,46844147,0,0.7072597742080688
ACH-000751,46883536,1,0.7109106779098511
ACH-000751,46885626,1,0.7809814214706421
ACH-000751,46907787,0,0.6685957908630371
ACH-000751,46930998,0,0.7361953854560852
ACH-000751,46931012,0,0.7685325145721436
ACH-000751,46943432,1,0.8347428441047668
ACH-000751,49806720,1,0.7328394651412964
ACH-000751,49821040,0,0.6516030430793762
ACH-000751,49836027,0,0.7339351177215576
ACH-000751,4993,0,0.7781776785850525
ACH-000751,5113032,1,0.8115385174751282
ACH-000751,51371303,1,0.8091773986816406
ACH-000751,5208,0,0.8372485041618347
ACH-000751,521106,0,0.8194521069526672
ACH-000751,5278396,0,0.7765947580337524
ACH-000751,5280757,0,0.6518498659133911
ACH-000751,5289247,1,0.8182600140571594
ACH-000751,5291,0,0.675629198551178
ACH-000751,5311,0,0.6500441431999207
ACH-000751,5311497,0,0.6632343530654907
ACH-000751,5311510,0,0.7274920344352722
ACH-000751,5327091,0,0.7645079493522644
ACH-000751,5328940,0,0.7177813649177551
ACH-000751,5329102,0,0.6887805461883545
ACH-000751,53302361,0,0.7873198390007019
ACH-000751,5330286,0,0.7094911932945251
ACH-000751,53340664,0,0.8104615211486816
ACH-000751,53394750,1,0.8709616661071777
ACH-000751,5384616,0,0.5959004759788513
ACH-000751,5394,1,0.7576155066490173
ACH-000751,5459322,0,0.7091041803359985
ACH-000751,5460769,0,0.6449488401412964
ACH-000751,54676905,0,0.7894683480262756
ACH-000751,54685215,0,0.6618719696998596
ACH-000751,5494449,0,0.8853901028633118
ACH-000751,560326,0,0.690762460231781
ACH-000751,56962337,1,0.6693150401115417
ACH-000751,56965967,1,0.7537657022476196
ACH-000751,5717801,0,0.5517937541007996
ACH-000751,57339144,1,0.7741712927818298
ACH-000751,5746,0,0.6677606701850891
ACH-000751,60750,0,0.7529214024543762
ACH-000751,6253,0,0.7481260895729065
ACH-000751,637858,0,0.7323241233825684
ACH-000751,644215,0,0.7294805645942688
ACH-000751,644241,0,0.8139642477035522
ACH-000751,6445533,0,0.7945131659507751
ACH-000751,6445562,0,0.7602353692054749
ACH-000751,6450551,0,0.6591532230377197
ACH-000751,6450816,0,0.7126139402389526
ACH-000751,6505803,0,0.6312265396118164
ACH-000751,65110,0,0.7595696449279785
ACH-000751,66577006,1,0.775800347328186
ACH-000751,6710780,0,0.67596834897995
ACH-000751,6753378,0,0.7071009278297424
ACH-000751,6852167,0,0.7062053084373474
ACH-000751,6914657,0,0.6287116408348083
ACH-000751,6918289,0,0.6702086329460144
ACH-000751,6918454,0,0.7970007061958313
ACH-000751,6918638,1,0.6992866396903992
ACH-000751,6918848,1,0.6512015461921692
ACH-000751,704473,1,0.849928081035614
ACH-000751,71271629,0,0.8101029396057129
ACH-000751,7251185,0,0.7400794625282288
ACH-000751,76044,0,0.6204148530960083
ACH-000751,82146,0,0.8123870491981506
ACH-000751,8249,1,0.788621187210083
ACH-000751,84691,0,0.8993885517120361
ACH-000751,85668777,0,0.6686139106750488
ACH-000751,9549184,0,0.8278369307518005
ACH-000751,9810884,1,0.9011488556861877
ACH-000751,9813758,0,0.88372802734375
ACH-000751,9826308,0,0.6298269629478455
ACH-000751,9826528,0,0.6682571768760681
ACH-000751,9858940,0,0.7976253032684326
ACH-000751,9863776,0,0.7439114451408386
ACH-000751,9868037,0,0.8161118626594543
ACH-000751,9874913,1,0.7883730530738831
ACH-000751,9884685,1,0.7033107876777649
ACH-000751,9903786,1,0.8147163391113281
ACH-000751,9907093,0,0.6967273354530334
ACH-000751,9910224,1,0.8387507796287537
ACH-000751,9911830,1,0.7430927157402039
ACH-000751,9914412,0,0.6974439024925232
ACH-000751,9931953,0,0.6314975619316101
ACH-000751,9938202,0,0.7634156942367554
ACH-000751,9943465,0,0.7754760384559631
ACH-000751,9952773,1,0.6841273307800293
ACH-000751,9956119,0,0.7758052945137024
ACH-000751,9956222,0,0.7152201533317566
ACH-000751,9967941,0,0.7919767498970032
ACH-000755,10027278,0,0.5896385908126831
ACH-000755,10074640,0,0.6259149312973022
ACH-000755,10077147,0,0.6463904976844788
ACH-000755,10096043,0,0.5215514898300171
ACH-000755,10109823,0,0.28849607706069946
ACH-000755,10113978,0,0.18396000564098358
ACH-000755,10127622,0,0.30640918016433716
ACH-000755,10172943,0,0.4989655017852783
ACH-000755,10184653,1,0.6825379133224487
ACH-000755,10196499,0,0.24868634343147278
ACH-000755,10200390,0,0.498170405626297
ACH-000755,10302451,0,0.32007962465286255
ACH-000755,10341154,0,0.9344555139541626
ACH-000755,10384072,0,0.6146363019943237
ACH-000755,10390396,0,0.41796234250068665
ACH-000755,10451420,0,0.8370924592018127
ACH-000755,10459196,0,0.7756450176239014
ACH-000755,10461815,0,0.4987441301345825
ACH-000755,104842,0,0.5867645144462585
ACH-000755,11152667,0,0.6322511434555054
ACH-000755,11178236,0,0.8744012117385864
ACH-000755,11282283,1,0.2242749035358429
ACH-000755,11316960,0,0.5944262146949768
ACH-000755,11327430,0,0.43727242946624756
ACH-000755,11338033,0,0.13852450251579285
ACH-000755,11364421,0,0.7450284361839294
ACH-000755,11373846,0,0.7885684967041016
ACH-000755,11404337,0,0.837009847164154
ACH-000755,11433190,0,0.6149995923042297
ACH-000755,11455910,0,0.5644524097442627
ACH-000755,11485656,0,0.7088983654975891
ACH-000755,11493598,0,0.9242619872093201
ACH-000755,11609586,0,0.25519222021102905
ACH-000755,11617559,1,0.5376431941986084
ACH-000755,11624601,0,0.1660623848438263
ACH-000755,11625818,0,0.907931923866272
ACH-000755,11626560,0,0.3932676315307617
ACH-000755,11626927,0,0.3749801814556122
ACH-000755,11634725,0,0.44276031851768494
ACH-000755,11640390,0,0.9465206265449524
ACH-000755,11647372,0,0.31022170186042786
ACH-000755,11667893,0,0.611812174320221
ACH-000755,11676786,0,0.5857313871383667
ACH-000755,11707110,0,0.8668297529220581
ACH-000755,11713159,0,0.800616979598999
ACH-000755,11754511,0,0.5041716694831848
ACH-000755,11844351,0,0.6708627939224243
ACH-000755,11960529,0,0.5541964769363403
ACH-000755,11977753,0,0.7001515030860901
ACH-000755,123631,0,0.4964295029640198
ACH-000755,126565,0,0.5823970437049866
ACH-000755,126941,0,0.9592172503471375
ACH-000755,1401,0,0.74062579870224
ACH-000755,148124,0,0.09397391974925995
ACH-000755,156422,0,0.5924166440963745
ACH-000755,159324,0,0.6108609437942505
ACH-000755,160355,0,0.7830604314804077
ACH-000755,16038120,0,0.29329073429107666
ACH-000755,16095342,0,0.3624851405620575
ACH-000755,16663089,0,0.3266843557357788
ACH-000755,16720766,0,0.6298858523368835
ACH-000755,16722836,0,0.6334420442581177
ACH-000755,16725726,1,0.8713001608848572
ACH-000755,16747388,0,0.5273634791374207
ACH-000755,16760646,0,0.39875853061676025
ACH-000755,176158,0,0.3151204288005829
ACH-000755,176167,1,0.7888936996459961
ACH-000755,176870,0,0.7119155526161194
ACH-000755,17755052,0,0.34749436378479004
ACH-000755,20635522,0,0.4116211533546448
ACH-000755,208908,1,0.2566993534564972
ACH-000755,216239,0,0.3008521497249603
ACH-000755,216326,0,0.6314913034439087
ACH-000755,2314623,0,0.3713037073612213
ACH-000755,23725625,0,0.9746142029762268
ACH-000755,2375,0,0.20090584456920624
ACH-000755,24180719,0,0.18815667927265167
ACH-000755,24756910,0,0.6389983892440796
ACH-000755,24772860,0,0.5397602915763855
ACH-000755,24776445,0,0.08912712335586548
ACH-000755,24785538,0,0.6892573833465576
ACH-000755,24825971,0,0.6373594999313354
ACH-000755,24826799,0,0.6445180773735046
ACH-000755,24889392,0,0.22035972774028778
ACH-000755,24894414,0,0.7994846701622009
ACH-000755,24951314,0,0.6308336853981018
ACH-000755,24978538,0,0.3698245584964752
ACH-000755,25022668,0,0.3957253396511078
ACH-000755,25102847,0,0.24447232484817505
ACH-000755,25124816,0,0.16894812881946564
ACH-000755,25126798,0,0.8478877544403076
ACH-000755,25167777,0,0.1748291701078415
ACH-000755,25195352,0,0.3080812692642212
ACH-000755,25222038,0,0.728890061378479
ACH-000755,25257557,1,0.7041357755661011
ACH-000755,25262965,0,0.4189612567424774
ACH-000755,2726824,0,0.5664810538291931
ACH-000755,2733526,0,0.494061142206192
ACH-000755,300471,0,0.48451489210128784
ACH-000755,3005532,0,0.34024399518966675
ACH-000755,3062316,0,0.8131077885627747
ACH-000755,31703,0,0.1979607790708542
ACH-000755,3218,0,0.9436850547790527
ACH-000755,3385,0,0.9686641097068787
ACH-000755,3463933,0,0.2623203992843628
ACH-000755,36314,0,0.4661335349082947
ACH-000755,36462,0,0.10317060351371765
ACH-000755,3796,0,0.35003918409347534
ACH-000755,387447,0,0.6920583248138428
ACH-000755,4261,0,0.6023370027542114
ACH-000755,4263900,0,0.5939656496047974
ACH-000755,42640,0,0.569037139415741
ACH-000755,42642645,0,0.5775666236877441
ACH-000755,44137675,0,0.628050684928894
ACH-000755,44143370,0,0.6047656536102295
ACH-000755,44182295,0,0.6159441471099854
ACH-000755,44224160,0,0.6236500144004822
ACH-000755,44450571,0,0.6216182708740234
ACH-000755,44462760,0,0.6561138033866882
ACH-000755,444795,0,0.617999255657196
ACH-000755,44551660,0,0.6309223175048828
ACH-000755,44632017,0,0.6165626049041748
ACH-000755,446378,0,0.5844671726226807
ACH-000755,447912,0,0.6493548154830933
ACH-000755,448013,0,0.5782738327980042
ACH-000755,44819241,0,0.6693975925445557
ACH-000755,46191454,0,0.5922250151634216
ACH-000755,46224516,0,0.6994968056678772
ACH-000755,462382,0,0.5540667772293091
ACH-000755,46843772,0,0.6143884658813477
ACH-000755,46844147,0,0.6085650324821472
ACH-000755,46883536,1,0.64946448802948
ACH-000755,46885626,0,0.6326761841773987
ACH-000755,46907787,0,0.5904793739318848
ACH-000755,46930998,0,0.6226798295974731
ACH-000755,46931012,0,0.613018274307251
ACH-000755,46943432,0,0.6852589249610901
ACH-000755,49806720,0,0.6249633431434631
ACH-000755,49821040,0,0.5760825872421265
ACH-000755,49836027,0,0.6176818609237671
ACH-000755,4993,0,0.6501947641372681
ACH-000755,5113032,0,0.7075738310813904
ACH-000755,51371303,0,0.6944554448127747
ACH-000755,5208,0,0.662887692451477
ACH-000755,521106,0,0.6980682611465454
ACH-000755,5278396,0,0.6546825766563416
ACH-000755,5280757,0,0.5783629417419434
ACH-000755,5289247,0,0.6730183959007263
ACH-000755,5291,0,0.6054412722587585
ACH-000755,5311,0,0.6387029886245728
ACH-000755,5311497,0,0.5906800031661987
ACH-000755,5311510,0,0.6713388562202454
ACH-000755,5327091,0,0.633450448513031
ACH-000755,5328940,0,0.6014806628227234
ACH-000755,5329102,0,0.5852241516113281
ACH-000755,53302361,0,0.6203051209449768
ACH-000755,5330286,0,0.6278653144836426
ACH-000755,53340664,0,0.6503769159317017
ACH-000755,53394750,0,0.699708878993988
ACH-000755,5384616,0,0.5752370953559875
ACH-000755,5394,0,0.6693852543830872
ACH-000755,5459322,0,0.6074889898300171
ACH-000755,5460769,0,0.5610913038253784
ACH-000755,54676905,0,0.6298689842224121
ACH-000755,54685215,0,0.587782621383667
ACH-000755,5494449,0,0.7699969410896301
ACH-000755,560326,0,0.6135976910591125
ACH-000755,56962337,0,0.5773506164550781
ACH-000755,56965967,0,0.6323353052139282
ACH-000755,5717801,0,0.5546449422836304
ACH-000755,57339144,0,0.6494678854942322
ACH-000755,5746,0,0.6035885810852051
ACH-000755,60750,0,0.6214802861213684
ACH-000755,6253,0,0.6372194290161133
ACH-000755,637858,0,0.6565864682197571
ACH-000755,644215,0,0.6003804206848145
ACH-000755,644241,0,0.7144894003868103
ACH-000755,6445533,0,0.6873635649681091
ACH-000755,6450551,0,0.5975005030632019
ACH-000755,6450816,0,0.6343417763710022
ACH-000755,6505803,0,0.576091468334198
ACH-000755,65110,0,0.6882430911064148
ACH-000755,66577006,0,0.6633118391036987
ACH-000755,6710780,0,0.5863378047943115
ACH-000755,6753378,1,0.5942921042442322
ACH-000755,6852167,0,0.6102204322814941
ACH-000755,6914657,0,0.5798897743225098
ACH-000755,6918289,0,0.6051189303398132
ACH-000755,6918454,0,0.6518579125404358
ACH-000755,6918638,0,0.6200441122055054
ACH-000755,6918848,0,0.6113311052322388
ACH-000755,704473,0,0.7461760640144348
ACH-000755,71271629,0,0.6829168796539307
ACH-000755,7251185,0,0.6839316487312317
ACH-000755,76044,0,0.5976747870445251
ACH-000755,82146,0,0.6885360479354858
ACH-000755,8249,1,0.6527677178382874
ACH-000755,84691,0,0.8106534481048584
ACH-000755,85668777,0,0.6100370287895203
ACH-000755,9549184,1,0.669658362865448
ACH-000755,9810884,0,0.7270340919494629
ACH-000755,9813758,1,0.7419854998588562
ACH-000755,9826308,0,0.6282175779342651
ACH-000755,9826528,0,0.5852863788604736
ACH-000755,9858940,0,0.671967089176178
ACH-000755,9863776,0,0.6306043267250061
ACH-000755,9868037,0,0.7041576504707336
ACH-000755,9874913,1,0.6482794880867004
ACH-000755,9884685,0,0.6024143695831299
ACH-000755,9903786,0,0.6861981153488159
ACH-000755,9907093,0,0.6161748170852661
ACH-000755,9910224,0,0.6862636208534241
ACH-000755,9911830,0,0.6554804444313049
ACH-000755,9914412,0,0.6280362010002136
ACH-000755,9931953,0,0.5801162719726562
ACH-000755,9938202,0,0.6497370600700378
ACH-000755,9943465,0,0.6432554125785828
ACH-000755,9952773,0,0.6212553381919861
ACH-000755,9956119,0,0.6154853701591492
ACH-000755,9956222,0,0.6050891876220703
ACH-000755,9967941,0,0.6685720682144165
ACH-000756,10027278,0,0.6518144011497498
ACH-000756,10074640,0,0.666158139705658
ACH-000756,10077147,0,0.6962621212005615
ACH-000756,10096043,0,0.5639328956604004
ACH-000756,10109823,0,0.4566953778266907
ACH-000756,10113978,1,0.37734660506248474
ACH-000756,10127622,0,0.3718456029891968
ACH-000756,10172943,0,0.6405056715011597
ACH-000756,10184653,0,0.6212056279182434
ACH-000756,10196499,0,0.4655601382255554
ACH-000756,10200390,0,0.7257888913154602
ACH-000756,10302451,1,0.4364965856075287
ACH-000756,10341154,0,0.8904248476028442
ACH-000756,10384072,0,0.7078974843025208
ACH-000756,10390396,0,0.47739145159721375
ACH-000756,10451420,1,0.818381130695343
ACH-000756,10459196,0,0.7142497301101685
ACH-000756,10461815,1,0.6810804009437561
ACH-000756,104842,0,0.6614992022514343
ACH-000756,11152667,0,0.7091149091720581
ACH-000756,11178236,0,0.8052250742912292
ACH-000756,11282283,0,0.5481865406036377
ACH-000756,11316960,0,0.6796217560768127
ACH-000756,11327430,0,0.5927163362503052
ACH-000756,11338033,0,0.2874041199684143
ACH-000756,11364421,1,0.781786322593689
ACH-000756,11373846,1,0.7643243670463562
ACH-000756,11404337,0,0.8578556180000305
ACH-000756,11433190,0,0.6964554190635681
ACH-000756,11455910,0,0.6665188670158386
ACH-000756,11485656,0,0.7214109301567078
ACH-000756,11493598,0,0.8759685754776001
ACH-000756,11609586,0,0.4479098618030548
ACH-000756,11617559,0,0.5989857316017151
ACH-000756,11624601,0,0.3903542459011078
ACH-000756,11625818,0,0.8589487671852112
ACH-000756,11626560,1,0.4150058627128601
ACH-000756,11626927,0,0.604011058807373
ACH-000756,11634725,0,0.5280376076698303
ACH-000756,11640390,0,0.8610658049583435
ACH-000756,11647372,0,0.35865435004234314
ACH-000756,11667893,1,0.761476993560791
ACH-000756,11676786,0,0.6061215400695801
ACH-000756,11707110,0,0.7797006368637085
ACH-000756,11713159,0,0.7418059706687927
ACH-000756,11754511,0,0.6925521492958069
ACH-000756,11844351,0,0.7551436424255371
ACH-000756,11960529,0,0.7170173525810242
ACH-000756,11977753,0,0.7271943092346191
ACH-000756,123631,0,0.6609163284301758
ACH-000756,126941,0,0.9277930855751038
ACH-000756,1401,0,0.7242461442947388
ACH-000756,148124,1,0.22325237095355988
ACH-000756,156422,0,0.6635962724685669
ACH-000756,159324,0,0.7147380113601685
ACH-000756,160355,1,0.7116362452507019
ACH-000756,16038120,0,0.5205294489860535
ACH-000756,16095342,1,0.39672645926475525
ACH-000756,16663089,1,0.35815465450286865
ACH-000756,16720766,0,0.6238747239112854
ACH-000756,16722836,0,0.7305758595466614
ACH-000756,16725726,0,0.7774341106414795
ACH-000756,16747388,0,0.6115708351135254
ACH-000756,16760646,0,0.4748755395412445
ACH-000756,176158,0,0.539821207523346
ACH-000756,176167,0,0.7564396858215332
ACH-000756,176870,0,0.7681779265403748
ACH-000756,17755052,0,0.5063665509223938
ACH-000756,20635522,0,0.4723653495311737
ACH-000756,208908,1,0.4688347578048706
ACH-000756,216239,0,0.4515383839607239
ACH-000756,216326,0,0.8222242593765259
ACH-000756,2314623,0,0.5803127884864807
ACH-000756,23725625,0,0.9300880432128906
ACH-000756,2375,0,0.44073277711868286
ACH-000756,24180719,0,0.348084956407547
ACH-000756,24756910,0,0.6984660625457764
ACH-000756,24772860,0,0.6129553318023682
ACH-000756,24776445,0,0.2920292019844055
ACH-000756,24785538,0,0.7349247932434082
ACH-000756,24825971,1,0.650734007358551
ACH-000756,24826799,0,0.6655672192573547
ACH-000756,24889392,0,0.440758615732193
ACH-000756,24894414,0,0.8248339891433716
ACH-000756,24951314,0,0.5151920914649963
ACH-000756,24978538,0,0.43622878193855286
ACH-000756,25022668,0,0.5338470935821533
ACH-000756,25102847,1,0.4816185235977173
ACH-000756,25124816,0,0.4481029808521271
ACH-000756,25126798,1,0.8515319228172302
ACH-000756,25167777,0,0.3500652611255646
ACH-000756,25195352,0,0.41568121314048767
ACH-000756,25222038,1,0.7542558312416077
ACH-000756,25257557,1,0.8348476886749268
ACH-000756,25262965,0,0.579936146736145
ACH-000756,2726824,0,0.6879956126213074
ACH-000756,2733526,0,0.6835204362869263
ACH-000756,300471,0,0.6221792101860046
ACH-000756,3005532,0,0.4397335946559906
ACH-000756,3062316,1,0.8919793367385864
ACH-000756,31703,0,0.3160467743873596
ACH-000756,3218,1,0.9128856062889099
ACH-000756,3385,0,0.9635187387466431
ACH-000756,3463933,1,0.288359135389328
ACH-000756,36314,1,0.5553553700447083
ACH-000756,36462,0,0.2659529447555542
ACH-000756,3796,0,0.5221915245056152
ACH-000756,387447,0,0.6450986266136169
ACH-000756,4261,0,0.6222168207168579
ACH-000756,4263900,0,0.6478210091590881
ACH-000756,42640,0,0.6171194911003113
ACH-000756,42642645,1,0.6121639013290405
ACH-000756,44137675,1,0.675423264503479
ACH-000756,44143370,0,0.6376921534538269
ACH-000756,44182295,0,0.6735421419143677
ACH-000756,44224160,0,0.6754748821258545
ACH-000756,44450571,0,0.6812113523483276
ACH-000756,44462760,0,0.6694691777229309
ACH-000756,444795,0,0.6362181901931763
ACH-000756,44551660,0,0.6461856961250305
ACH-000756,44632017,1,0.6612430810928345
ACH-000756,446378,0,0.6124539375305176
ACH-000756,447912,0,0.6776348352432251
ACH-000756,448013,0,0.6023956537246704
ACH-000756,44819241,1,0.7813363671302795
ACH-000756,46191454,0,0.6379684805870056
ACH-000756,46224516,0,0.7629380226135254
ACH-000756,462382,0,0.5547863245010376
ACH-000756,46843772,0,0.648173987865448
ACH-000756,46844147,0,0.657137930393219
ACH-000756,46883536,0,0.6478118896484375
ACH-000756,46885626,0,0.7126060724258423
ACH-000756,46907787,0,0.6248707175254822
ACH-000756,46930998,0,0.643606424331665
ACH-000756,46931012,0,0.6954630613327026
ACH-000756,46943432,1,0.735130250453949
ACH-000756,49806720,0,0.6480933427810669
ACH-000756,49821040,1,0.5926300287246704
ACH-000756,49836027,0,0.647344172000885
ACH-000756,4993,0,0.6993059515953064
ACH-000756,5113032,0,0.7721866965293884
ACH-000756,51371303,0,0.7487274408340454
ACH-000756,5208,0,0.7589533925056458
ACH-000756,521106,0,0.8005961179733276
ACH-000756,5278396,1,0.7201886177062988
ACH-000756,5280757,1,0.5957777500152588
ACH-000756,5289247,0,0.7438271641731262
ACH-000756,5291,0,0.6388350129127502
ACH-000756,5311,0,0.6570478677749634
ACH-000756,5311497,0,0.6123775839805603
ACH-000756,5311510,1,0.6756736040115356
ACH-000756,5327091,0,0.7049829959869385
ACH-000756,5328940,0,0.6364819407463074
ACH-000756,5329102,0,0.6315892338752747
ACH-000756,53302361,0,0.6629446744918823
ACH-000756,5330286,0,0.6581505537033081
ACH-000756,53340664,0,0.7053241729736328
ACH-000756,53394750,1,0.7426790595054626
ACH-000756,5394,1,0.7452508211135864
ACH-000756,5459322,0,0.647740364074707
ACH-000756,5460769,0,0.577654242515564
ACH-000756,54676905,1,0.7068558931350708
ACH-000756,54685215,0,0.6198815703392029
ACH-000756,5494449,0,0.8477736115455627
ACH-000756,560326,0,0.6866423487663269
ACH-000756,56962337,0,0.6060397028923035
ACH-000756,56965967,0,0.6733431220054626
ACH-000756,5717801,0,0.5557782053947449
ACH-000756,57339144,0,0.7172011137008667
ACH-000756,5746,0,0.6310573816299438
ACH-000756,60750,0,0.6937965750694275
ACH-000756,6253,0,0.7632939219474792
ACH-000756,637858,1,0.7289023399353027
ACH-000756,644215,0,0.6409538388252258
ACH-000756,644241,0,0.7338647842407227
ACH-000756,6445533,0,0.7425180673599243
ACH-000756,6445562,0,0.6409204602241516
ACH-000756,6450551,0,0.6323959231376648
ACH-000756,6450816,0,0.6311866044998169
ACH-000756,6505803,0,0.593660831451416
ACH-000756,65110,0,0.7370032668113708
ACH-000756,66577006,0,0.6931623816490173
ACH-000756,6710780,0,0.6091087460517883
ACH-000756,6753378,0,0.628680408000946
ACH-000756,6852167,0,0.6756185293197632
ACH-000756,6914657,0,0.5978931784629822
ACH-000756,6918289,0,0.6245348453521729
ACH-000756,6918454,0,0.7059637308120728
ACH-000756,6918638,0,0.6424497961997986
ACH-000756,6918848,0,0.6534355282783508
ACH-000756,704473,0,0.8178408145904541
ACH-000756,71271629,1,0.74810791015625
ACH-000756,7251185,0,0.725377082824707
ACH-000756,76044,0,0.6503174901008606
ACH-000756,82146,0,0.7495132088661194
ACH-000756,8249,0,0.715514063835144
ACH-000756,84691,1,0.8980697393417358
ACH-000756,85668777,0,0.6625890731811523
ACH-000756,9549184,1,0.7258703708648682
ACH-000756,9810884,1,0.8457968235015869
ACH-000756,9813758,0,0.7806608080863953
ACH-000756,9826308,1,0.6339006423950195
ACH-000756,9826528,0,0.6457124352455139
ACH-000756,9858940,0,0.7133874893188477
ACH-000756,9863776,0,0.6947683691978455
ACH-000756,9868037,0,0.7264208793640137
ACH-000756,9874913,0,0.7092521786689758
ACH-000756,9884685,0,0.6771106719970703
ACH-000756,9903786,0,0.7670838236808777
ACH-000756,9907093,0,0.661056637763977
ACH-000756,9910224,0,0.7227510213851929
ACH-000756,9911830,0,0.6931745409965515
ACH-000756,9914412,0,0.6598623394966125
ACH-000756,9931953,0,0.5963140726089478
ACH-000756,9938202,0,0.7138396501541138
ACH-000756,9943465,0,0.7307696342468262
ACH-000756,9952773,0,0.6702870726585388
ACH-000756,9956119,1,0.6480696797370911
ACH-000756,9956222,0,0.6609787344932556
ACH-000756,9967941,0,0.7224861979484558
ACH-000770,10027278,0,0.7638763189315796
ACH-000770,10074640,0,0.9067411422729492
ACH-000770,10077147,0,0.973217785358429
ACH-000770,10096043,0,0.6773335337638855
ACH-000770,10109823,0,0.945054829120636
ACH-000770,10113978,0,0.9731884598731995
ACH-000770,10127622,0,0.947252631187439
ACH-000770,10172943,0,0.8211033940315247
ACH-000770,10184653,0,0.6932929754257202
ACH-000770,10196499,0,0.7700279355049133
ACH-000770,10200390,0,0.7307390570640564
ACH-000770,10302451,0,0.8372335433959961
ACH-000770,10341154,0,0.6883622407913208
ACH-000770,10384072,0,0.6669199466705322
ACH-000770,10390396,0,0.7534305453300476
ACH-000770,10451420,0,0.9153885841369629
ACH-000770,10459196,0,0.740050733089447
ACH-000770,10461815,0,0.8005610108375549
ACH-000770,104842,0,0.8595039248466492
ACH-000770,11152667,0,0.794206976890564
ACH-000770,11178236,0,0.5893175601959229
ACH-000770,11282283,0,0.9010564684867859
ACH-000770,11316960,0,0.8608407378196716
ACH-000770,11327430,0,0.9213382601737976
ACH-000770,11338033,0,0.9947378039360046
ACH-000770,11364421,0,0.8657218217849731
ACH-000770,11373846,0,0.8651507496833801
ACH-000770,11433190,0,0.839484691619873
ACH-000770,11455910,0,0.6539892554283142
ACH-000770,11485656,0,0.9164189696311951
ACH-000770,11493598,0,0.6075693368911743
ACH-000770,11609586,0,0.9524669647216797
ACH-000770,11617559,0,0.8236936330795288
ACH-000770,11624601,0,0.9454213380813599
ACH-000770,11625818,0,0.7883737683296204
ACH-000770,11626560,0,0.9314266443252563
ACH-000770,11626927,0,0.799425482749939
ACH-000770,11634725,0,0.8009325861930847
ACH-000770,11640390,0,0.8820292353630066
ACH-000770,11647372,0,0.9769003391265869
ACH-000770,11667893,0,0.6422218680381775
ACH-000770,11676786,0,0.8362582921981812
ACH-000770,11713159,0,0.7450219392776489
ACH-000770,11754511,0,0.9737570285797119
ACH-000770,11844351,0,0.7791688442230225
ACH-000770,11960529,0,0.75156569480896
ACH-000770,11977753,0,0.616259753704071
ACH-000770,123631,0,0.8326913714408875
ACH-000770,126565,0,0.9094072580337524
ACH-000770,126941,0,0.6199816465377808
ACH-000770,1401,0,0.796964704990387
ACH-000770,148124,0,0.9324789047241211
ACH-000770,156422,0,0.812586784362793
ACH-000770,159324,0,0.5650890469551086
ACH-000770,160355,0,0.6684252023696899
ACH-000770,16038120,0,0.5848950147628784
ACH-000770,16095342,0,0.9214781522750854
ACH-000770,16663089,0,0.9558217525482178
ACH-000770,16720766,0,0.9167214632034302
ACH-000770,16722836,0,0.8788692355155945
ACH-000770,16725726,0,0.8713067770004272
ACH-000770,16747388,0,0.8765007853507996
ACH-000770,16760646,0,0.6282594203948975
ACH-000770,176158,0,0.7326592803001404
ACH-000770,176167,0,0.7794601917266846
ACH-000770,176870,0,0.7427517771720886
ACH-000770,17755052,0,0.957973062992096
ACH-000770,20635522,0,0.8280605673789978
ACH-000770,208908,0,0.8815374374389648
ACH-000770,216239,0,0.7663301229476929
ACH-000770,216326,1,0.801855206489563
ACH-000770,2314623,0,0.9211695790290833
ACH-000770,23725625,0,0.9387234449386597
ACH-000770,2375,1,0.9196527600288391
ACH-000770,24180719,0,0.9805822968482971
ACH-000770,24756910,0,0.6629988551139832
ACH-000770,24772860,0,0.7335367202758789
ACH-000770,24776445,0,0.9633069634437561
ACH-000770,24785538,0,0.6889503002166748
ACH-000770,24825971,0,0.7898266315460205
ACH-000770,24826799,0,0.7249309420585632
ACH-000770,24889392,0,0.9116088151931763
ACH-000770,24894414,0,0.5996560454368591
ACH-000770,24951314,0,0.9664208292961121
ACH-000770,24978538,0,0.9913412928581238
ACH-000770,25022668,0,0.8769225478172302
ACH-000770,25102847,0,0.9225365519523621
ACH-000770,25124816,0,0.9100075364112854
ACH-000770,25126798,0,0.8927099704742432
ACH-000770,25167777,0,0.9905962944030762
ACH-000770,25195352,0,0.936418890953064
ACH-000770,25222038,0,0.9124770760536194
ACH-000770,25257557,1,0.7582288384437561
ACH-000770,25262965,0,0.7814011573791504
ACH-000770,2726824,0,0.6335284113883972
ACH-000770,2733526,0,0.8239513039588928
ACH-000770,300471,0,0.5446339845657349
ACH-000770,3005532,0,0.7056835293769836
ACH-000770,3062316,0,0.8595789670944214
ACH-000770,31703,0,0.9602929949760437
ACH-000770,3218,0,0.875929594039917
ACH-000770,3385,0,0.6949322819709778
ACH-000770,3463933,0,0.9959681034088135
ACH-000770,36314,0,0.757864773273468
ACH-000770,36462,0,0.9593244194984436
ACH-000770,3796,0,0.849430501461029
ACH-000770,387447,0,0.798020601272583
ACH-000770,4261,0,0.5790273547172546
ACH-000770,4263900,0,0.5849980115890503
ACH-000770,42640,0,0.5498128533363342
ACH-000770,42642645,0,0.5630505084991455
ACH-000770,44137675,0,0.6506421566009521
ACH-000770,44143370,0,0.6160982847213745
ACH-000770,44182295,0,0.5950101017951965
ACH-000770,44224160,0,0.614156186580658
ACH-000770,44450571,0,0.6237694025039673
ACH-000770,44462760,0,0.6238636374473572
ACH-000770,444795,0,0.6208824515342712
ACH-000770,44551660,0,0.614545464515686
ACH-000770,44632017,0,0.6170627474784851
ACH-000770,446378,0,0.5797883868217468
ACH-000770,447912,1,0.6383072733879089
ACH-000770,448013,0,0.5499909520149231
ACH-000770,44819241,0,0.6775581240653992
ACH-000770,46191454,0,0.5670579671859741
ACH-000770,46224516,0,0.6611974835395813
ACH-000770,462382,0,0.5167846083641052
ACH-000770,46844147,0,0.6051471829414368
ACH-000770,46883536,0,0.6043200492858887
ACH-000770,46885626,0,0.6472070217132568
ACH-000770,46907787,0,0.5780006051063538
ACH-000770,46930998,0,0.6242937445640564
ACH-000770,46931012,0,0.6323878169059753
ACH-000770,46943432,0,0.6851212382316589
ACH-000770,49806720,0,0.6125614643096924
ACH-000770,49821040,0,0.5765080451965332
ACH-000770,49836027,0,0.6244558095932007
ACH-000770,4993,0,0.6500961184501648
ACH-000770,5113032,0,0.6726250648498535
ACH-000770,51371303,0,0.6811056137084961
ACH-000770,5208,0,0.6774235963821411
ACH-000770,521106,0,0.6811625361442566
ACH-000770,5278396,0,0.6545009613037109
ACH-000770,5280757,0,0.5658314228057861
ACH-000770,5289247,0,0.6686673164367676
ACH-000770,5291,0,0.5926179885864258
ACH-000770,5311,0,0.5889390110969543
ACH-000770,5311497,0,0.5783049464225769
ACH-000770,5311510,0,0.630703866481781
ACH-000770,5327091,0,0.6366264224052429
ACH-000770,5328940,0,0.6006927490234375
ACH-000770,5329102,0,0.5862690210342407
ACH-000770,53302361,0,0.6490131616592407
ACH-000770,5330286,0,0.6014022827148438
ACH-000770,53340664,0,0.6696575284004211
ACH-000770,53394750,0,0.69957035779953
ACH-000770,5384616,0,0.5391955971717834
ACH-000770,5394,1,0.6312422156333923
ACH-000770,5459322,0,0.5872971415519714
ACH-000770,5460769,0,0.5568702816963196
ACH-000770,54676905,0,0.6336813569068909
ACH-000770,54685215,0,0.5809658765792847
ACH-000770,5494449,0,0.7510509490966797
ACH-000770,560326,0,0.5962383151054382
ACH-000770,56962337,0,0.5757774710655212
ACH-000770,56965967,0,0.6339827179908752
ACH-000770,5717801,0,0.5215516686439514
ACH-000770,57339144,1,0.6359167098999023
ACH-000770,5746,0,0.5892104506492615
ACH-000770,60750,0,0.625276505947113
ACH-000770,6253,0,0.6233629584312439
ACH-000770,637858,0,0.6302288174629211
ACH-000770,644215,0,0.6129493713378906
ACH-000770,644241,0,0.6861280202865601
ACH-000770,6445533,0,0.676419734954834
ACH-000770,6445562,0,0.6309811472892761
ACH-000770,6450551,0,0.5813301205635071
ACH-000770,6450816,0,0.5924407839775085
ACH-000770,6505803,0,0.5615661144256592
ACH-000770,65110,0,0.642522394657135
ACH-000770,66577006,0,0.6254025101661682
ACH-000770,6710780,0,0.5796637535095215
ACH-000770,6753378,0,0.6000855565071106
ACH-000770,6852167,0,0.5965808629989624
ACH-000770,6914657,0,0.5590360760688782
ACH-000770,6918289,0,0.5788851380348206
ACH-000770,6918454,0,0.6486316323280334
ACH-000770,6918638,0,0.60227370262146
ACH-000770,6918848,0,0.5804154872894287
ACH-000770,704473,1,0.7248671650886536
ACH-000770,71271629,0,0.6504696607589722
ACH-000770,7251185,0,0.6308499574661255
ACH-000770,76044,0,0.5502380728721619
ACH-000770,82146,0,0.6729616522789001
ACH-000770,8249,0,0.6387885212898254
ACH-000770,84691,0,0.7566240429878235
ACH-000770,85668777,0,0.5908241868019104
ACH-000770,9549184,0,0.6931697726249695
ACH-000770,9810884,0,0.741703450679779
ACH-000770,9813758,0,0.7360358834266663
ACH-000770,9826308,0,0.5751563906669617
ACH-000770,9826528,0,0.5676795840263367
ACH-000770,9858940,0,0.6523498892784119
ACH-000770,9863776,0,0.6243278980255127
ACH-000770,9868037,1,0.6819642782211304
ACH-000770,9874913,0,0.6668295860290527
ACH-000770,9884685,0,0.6024747490882874
ACH-000770,9903786,0,0.6721808314323425
ACH-000770,9907093,0,0.6038005352020264
ACH-000770,9910224,1,0.6815004944801331
ACH-000770,9911830,0,0.6281495690345764
ACH-000770,9914412,1,0.6131631731987
ACH-000770,9931953,0,0.5492652058601379
ACH-000770,9938202,0,0.6452224254608154
ACH-000770,9943465,0,0.6427009105682373
ACH-000770,9952773,0,0.6007668375968933
ACH-000770,9956119,0,0.6364120244979858
ACH-000770,9956222,0,0.6074675917625427
ACH-000770,9967941,0,0.64841228723526
ACH-000783,10027278,0,0.693173885345459
ACH-000783,10074640,0,0.7897419333457947
ACH-000783,10096043,0,0.535250186920166
ACH-000783,10109823,0,0.4872472286224365
ACH-000783,10113978,0,0.3209229111671448
ACH-000783,10196499,0,0.42475417256355286
ACH-000783,10200390,0,0.6598469614982605
ACH-000783,10451420,0,0.8475964665412903
ACH-000783,104842,0,0.8042153120040894
ACH-000783,11178236,0,0.9010080099105835
ACH-000783,11282283,0,0.45864877104759216
ACH-000783,11338033,0,0.42433708906173706
ACH-000783,11373846,0,0.8175210356712341
ACH-000783,11404337,0,0.8273066878318787
ACH-000783,11455910,0,0.6843557953834534
ACH-000783,11485656,0,0.8540686964988708
ACH-000783,11493598,0,0.9485658407211304
ACH-000783,11609586,0,0.5297552943229675
ACH-000783,11617559,0,0.6890096068382263
ACH-000783,11625818,0,0.9601792693138123
ACH-000783,11634725,0,0.5731589198112488
ACH-000783,11640390,0,0.9661418795585632
ACH-000783,11647372,0,0.49136853218078613
ACH-000783,11707110,0,0.8914039731025696
ACH-000783,11713159,0,0.8916851282119751
ACH-000783,11754511,0,0.8453832864761353
ACH-000783,159324,0,0.7351342439651489
ACH-000783,16720766,0,0.8042944669723511
ACH-000783,16722836,0,0.7815903425216675
ACH-000783,16725726,1,0.8698632717132568
ACH-000783,16747388,0,0.7615392804145813
ACH-000783,176167,0,0.8561409115791321
ACH-000783,2314623,0,0.6094260811805725
ACH-000783,2375,1,0.46480560302734375
ACH-000783,24756910,0,0.7391404509544373
ACH-000783,24772860,0,0.6829368472099304
ACH-000783,24785538,0,0.7407802939414978
ACH-000783,24826799,0,0.7474945187568665
ACH-000783,24889392,0,0.45826616883277893
ACH-000783,24894414,0,0.8682289123535156
ACH-000783,24951314,0,0.7570779323577881
ACH-000783,25022668,0,0.5675227046012878
ACH-000783,25102847,0,0.521904706954956
ACH-000783,25124816,0,0.3512450158596039
ACH-000783,25126798,0,0.9233186841011047
ACH-000783,25167777,0,0.4933735728263855
ACH-000783,25195352,0,0.5306451916694641
ACH-000783,25222038,0,0.8366966247558594
ACH-000783,25257557,0,0.8509253263473511
ACH-000783,2726824,0,0.6527141332626343
ACH-000783,2733526,0,0.6616358757019043
ACH-000783,3005532,0,0.38360458612442017
ACH-000783,31703,0,0.4038351774215698
ACH-000783,3218,0,0.9604443311691284
ACH-000783,3385,0,0.9929267764091492
ACH-000783,3463933,1,0.6148656010627747
ACH-000783,36462,0,0.24280287325382233
ACH-000783,3796,0,0.48454591631889343
ACH-000783,4263900,0,0.6218974590301514
ACH-000783,42640,0,0.6120975017547607
ACH-000783,42642645,0,0.6139839887619019
ACH-000783,44137675,1,0.6716071963310242
ACH-000783,44143370,0,0.6500264406204224
ACH-000783,44224160,0,0.6806750297546387
ACH-000783,44462760,0,0.7534483075141907
ACH-000783,44551660,0,0.690028965473175
ACH-000783,44632017,0,0.6411031484603882
ACH-000783,446378,0,0.5967390537261963
ACH-000783,447912,0,0.7027067542076111
ACH-000783,448013,0,0.5970265865325928
ACH-000783,44819241,0,0.7742186784744263
ACH-000783,46191454,0,0.6454696655273438
ACH-000783,46224516,0,0.7819233536720276
ACH-000783,46883536,0,0.7650397419929504
ACH-000783,46885626,0,0.6919296979904175
ACH-000783,46907787,1,0.6339160203933716
ACH-000783,46931012,0,0.6842243075370789
ACH-000783,46943432,0,0.7721673250198364
ACH-000783,49806720,1,0.6624190211296082
ACH-000783,5113032,0,0.8348304629325867
ACH-000783,51371303,0,0.7723594307899475
ACH-000783,5208,0,0.7390961647033691
ACH-000783,521106,0,0.7679840326309204
ACH-000783,5280757,0,0.6020456552505493
ACH-000783,5289247,0,0.7637602686882019
ACH-000783,5311497,0,0.6245247721672058
ACH-000783,5327091,0,0.6568432450294495
ACH-000783,53302361,0,0.6561676859855652
ACH-000783,53340664,0,0.7011162638664246
ACH-000783,53394750,0,0.7983308434486389
ACH-000783,5394,0,0.805965781211853
ACH-000783,5459322,0,0.669845700263977
ACH-000783,5460769,0,0.5590909123420715
ACH-000783,54676905,0,0.6402280926704407
ACH-000783,54685215,0,0.6171074509620667
ACH-000783,560326,0,0.6678144335746765
ACH-000783,56962337,0,0.580731213092804
ACH-000783,56965967,0,0.6994428634643555
ACH-000783,57339144,0,0.7381070852279663
ACH-000783,5746,0,0.6252919435501099
ACH-000783,60750,0,0.6455984711647034
ACH-000783,637858,0,0.729812502861023
ACH-000783,6445533,0,0.7254142761230469
ACH-000783,6445562,0,0.6477839350700378
ACH-000783,6450816,0,0.7287327647209167
ACH-000783,66577006,0,0.7707269787788391
ACH-000783,6753378,0,0.6117902398109436
ACH-000783,6852167,0,0.6719433665275574
ACH-000783,6914657,0,0.5990184545516968
ACH-000783,6918638,0,0.6522698998451233
ACH-000783,6918848,0,0.6511200070381165
ACH-000783,704473,0,0.8360719084739685
ACH-000783,71271629,0,0.7824497818946838
ACH-000783,82146,1,0.782053530216217
ACH-000783,8249,0,0.7386044859886169
ACH-000783,85668777,0,0.6459271907806396
ACH-000783,9810884,0,0.7927415370941162
ACH-000783,9813758,0,0.8475380539894104
ACH-000783,9858940,0,0.7901156544685364
ACH-000783,9863776,0,0.6950804591178894
ACH-000783,9868037,0,0.7942891716957092
ACH-000783,9874913,0,0.7065760493278503
ACH-000783,9884685,0,0.6523635983467102
ACH-000783,9903786,0,0.7913381457328796
ACH-000783,9910224,0,0.7960151433944702
ACH-000783,9911830,0,0.744625985622406
ACH-000783,9931953,0,0.6163402199745178
ACH-000783,9938202,0,0.7111436724662781
ACH-000783,9952773,0,0.6730172038078308
ACH-000783,9956119,0,0.6563727855682373
ACH-000783,9956222,0,0.6588873863220215
ACH-000783,9967941,0,0.7967522144317627
ACH-000811,10027278,0,0.9861317873001099
ACH-000811,10074640,0,0.9909776449203491
ACH-000811,10077147,0,0.9989821314811707
ACH-000811,10096043,1,0.8816450834274292
ACH-000811,10109823,0,0.9992332458496094
ACH-000811,10113978,0,0.99994957447052
ACH-000811,10127622,0,0.9994112253189087
ACH-000811,10184653,0,0.7983738780021667
ACH-000811,10196499,0,0.9933136105537415
ACH-000811,10200390,0,0.9373680353164673
ACH-000811,10341154,0,0.5606825351715088
ACH-000811,10384072,0,0.8340622782707214
ACH-000811,10451420,0,0.8548014163970947
ACH-000811,10459196,0,0.7790895700454712
ACH-000811,104842,0,0.9727798104286194
ACH-000811,11152667,0,0.9885920882225037
ACH-000811,11178236,0,0.43500036001205444
ACH-000811,11282283,0,0.9986959099769592
ACH-000811,11316960,0,0.9726333022117615
ACH-000811,11327430,0,0.9963034391403198
ACH-000811,11338033,0,0.9999967813491821
ACH-000811,11373846,0,0.9206244945526123
ACH-000811,11404337,0,0.9503962397575378
ACH-000811,11433190,0,0.9625399708747864
ACH-000811,11455910,0,0.9058883190155029
ACH-000811,11485656,0,0.9872231483459473
ACH-000811,11493598,0,0.29205745458602905
ACH-000811,11609586,0,0.9995290040969849
ACH-000811,11617559,0,0.9856616854667664
ACH-000811,11624601,0,0.9995126724243164
ACH-000811,11625818,0,0.6573429703712463
ACH-000811,11634725,0,0.9583655595779419
ACH-000811,11640390,0,0.8339235782623291
ACH-000811,11647372,0,0.9997236132621765
ACH-000811,11667893,0,0.7695180177688599
ACH-000811,11707110,0,0.694148600101471
ACH-000811,11713159,0,0.7264359593391418
ACH-000811,11754511,0,0.9996318817138672
ACH-000811,11960529,0,0.9698569774627686
ACH-000811,11977753,0,0.8820778727531433
ACH-000811,126565,0,0.9940032362937927
ACH-000811,126941,0,0.337385356426239
ACH-000811,1401,0,0.8013259768486023
ACH-000811,148124,0,0.9997468590736389
ACH-000811,156422,0,0.9512745141983032
ACH-000811,159324,0,0.8200460076332092
ACH-000811,16720766,0,0.98160719871521
ACH-000811,16722836,0,0.9723445773124695
ACH-000811,16725726,1,0.7356052398681641
ACH-000811,16747388,0,0.9942114949226379
ACH-000811,176158,0,0.9828783273696899
ACH-000811,176167,1,0.7353025078773499
ACH-000811,17755052,0,0.9972764849662781
ACH-000811,216326,0,0.9326714873313904
ACH-000811,2314623,0,0.9978870749473572
ACH-000811,23725625,0,0.9217330813407898
ACH-000811,2375,0,0.9989816546440125
ACH-000811,24180719,0,0.9999586343765259
ACH-000811,24756910,0,0.7690351605415344
ACH-000811,24772860,0,0.8816214799880981
ACH-000811,24776445,0,0.9999610185623169
ACH-000811,24785538,0,0.8917359113693237
ACH-000811,24826799,0,0.7284803986549377
ACH-000811,24889392,0,0.999482274055481
ACH-000811,24894414,0,0.5614907741546631
ACH-000811,24951314,0,0.9980388283729553
ACH-000811,24978538,0,0.9997815489768982
ACH-000811,25022668,0,0.991591215133667
ACH-000811,25102847,0,0.9998825788497925
ACH-000811,25124816,0,0.9995959401130676
ACH-000811,25126798,0,0.708380937576294
ACH-000811,25167777,0,0.9999791383743286
ACH-000811,25195352,0,0.9989389777183533
ACH-000811,25222038,0,0.9919872283935547
ACH-000811,25257557,1,0.9270607829093933
ACH-000811,25262965,0,0.9858478307723999
ACH-000811,2726824,0,0.8519716262817383
ACH-000811,2733526,0,0.974584698677063
ACH-000811,300471,0,0.8048415184020996
ACH-000811,3005532,0,0.9826555252075195
ACH-000811,31703,0,0.9996389150619507
ACH-000811,3218,0,0.7562406659126282
ACH-000811,3385,0,0.7150058746337891
ACH-000811,3463933,0,0.9999332427978516
ACH-000811,36462,0,0.9999781847000122
ACH-000811,3796,0,0.9924518465995789
ACH-000811,4263900,0,0.5319481492042542
ACH-000811,42640,0,0.5036925673484802
ACH-000811,42642645,0,0.5080305933952332
ACH-000811,44137675,1,0.5564159154891968
ACH-000811,44143370,0,0.539142370223999
ACH-000811,44182295,0,0.5634343028068542
ACH-000811,44224160,0,0.5509063005447388
ACH-000811,44450571,0,0.5385594367980957
ACH-000811,44462760,0,0.5820841789245605
ACH-000811,444795,0,0.5274155139923096
ACH-000811,44551660,0,0.5400530695915222
ACH-000811,44632017,0,0.5524240136146545
ACH-000811,446378,1,0.5235171318054199
ACH-000811,447912,0,0.5879685878753662
ACH-000811,448013,0,0.5165014863014221
ACH-000811,44819241,0,0.5654274225234985
ACH-000811,46191454,0,0.5171421766281128
ACH-000811,46224516,0,0.6216575503349304
ACH-000811,46883536,0,0.5487502217292786
ACH-000811,46885626,0,0.5529369711875916
ACH-000811,46907787,0,0.5129112601280212
ACH-000811,46930998,0,0.5392823815345764
ACH-000811,46931012,0,0.5403573513031006
ACH-000811,46943432,0,0.5978022217750549
ACH-000811,49806720,0,0.5699760913848877
ACH-000811,5113032,0,0.5987611413002014
ACH-000811,5208,0,0.5932058691978455
ACH-000811,521106,0,0.6237295866012573
ACH-000811,5278396,0,0.5637975931167603
ACH-000811,5280757,0,0.5206564664840698
ACH-000811,5289247,0,0.5838173627853394
ACH-000811,5311,0,0.5647549629211426
ACH-000811,5311497,0,0.5250433683395386
ACH-000811,5327091,0,0.5691477656364441
ACH-000811,5328940,0,0.5315487384796143
ACH-000811,53302361,0,0.551218569278717
ACH-000811,5330286,0,0.5501059293746948
ACH-000811,53340664,0,0.5773030519485474
ACH-000811,53394750,0,0.6334623694419861
ACH-000811,5394,0,0.5624179840087891
ACH-000811,5459322,0,0.5483289361000061
ACH-000811,5460769,0,0.5151848793029785
ACH-000811,54676905,0,0.6037077903747559
ACH-000811,54685215,0,0.5212120413780212
ACH-000811,560326,0,0.5218367576599121
ACH-000811,56962337,0,0.5266600847244263
ACH-000811,56965967,0,0.5505978465080261
ACH-000811,57339144,0,0.5773895978927612
ACH-000811,5746,0,0.5313908457756042
ACH-000811,60750,0,0.558779776096344
ACH-000811,6253,0,0.5689308643341064
ACH-000811,637858,0,0.5643478035926819
ACH-000811,644241,0,0.6258891224861145
ACH-000811,6445533,0,0.613868772983551
ACH-000811,6445562,0,0.532524824142456
ACH-000811,6450551,0,0.5232368111610413
ACH-000811,6450816,1,0.560729444026947
ACH-000811,6505803,0,0.5142833590507507
ACH-000811,65110,0,0.6284357309341431
ACH-000811,66577006,0,0.5936503410339355
ACH-000811,6710780,0,0.5248831510543823
ACH-000811,6753378,0,0.5270713567733765
ACH-000811,6852167,0,0.5399907827377319
ACH-000811,6914657,0,0.5183600187301636
ACH-000811,6918289,0,0.5411912202835083
ACH-000811,6918454,0,0.5833225250244141
ACH-000811,6918638,0,0.5535041093826294
ACH-000811,6918848,0,0.542498767375946
ACH-000811,704473,0,0.6456053256988525
ACH-000811,71271629,0,0.6182553768157959
ACH-000811,82146,0,0.5972183346748352
ACH-000811,8249,0,0.5802987813949585
ACH-000811,84691,0,0.729498565196991
ACH-000811,85668777,0,0.5370033383369446
ACH-000811,9810884,1,0.6797581315040588
ACH-000811,9813758,1,0.6364555358886719
ACH-000811,9826528,0,0.5351183414459229
ACH-000811,9858940,0,0.5740742087364197
ACH-000811,9863776,0,0.5505350828170776
ACH-000811,9868037,0,0.612822949886322
ACH-000811,9874913,0,0.5478200316429138
ACH-000811,9884685,0,0.5308456420898438
ACH-000811,9903786,0,0.591086208820343
ACH-000811,9910224,0,0.5943357348442078
ACH-000811,9911830,0,0.5687242150306702
ACH-000811,9914412,0,0.552606463432312
ACH-000811,9931953,0,0.5275540947914124
ACH-000811,9938202,0,0.5691472887992859
ACH-000811,9943465,0,0.5658438801765442
ACH-000811,9952773,0,0.5453417897224426
ACH-000811,9956119,1,0.5506390929222107
ACH-000811,9956222,0,0.5291415452957153
ACH-000811,9967941,0,0.5681469440460205
ACH-000816,10027278,0,0.9997802376747131
ACH-000816,10074640,0,0.9995026588439941
ACH-000816,10077147,0,0.9999951124191284
ACH-000816,10096043,0,0.974621593952179
ACH-000816,10109823,0,0.9999954700469971
ACH-000816,10113978,0,1.0
ACH-000816,10127622,0,0.999998927116394
ACH-000816,10172943,0,0.996776282787323
ACH-000816,10184653,0,0.9546477198600769
ACH-000816,10196499,0,0.9998676776885986
ACH-000816,10200390,0,0.9881487488746643
ACH-000816,10302451,0,0.9998064637184143
ACH-000816,10341154,1,0.6392278671264648
ACH-000816,10384072,0,0.936924159526825
ACH-000816,10390396,0,0.9948864579200745
ACH-000816,10451420,0,0.9909301400184631
ACH-000816,10459196,0,0.8922852873802185
ACH-000816,10461815,0,0.9945317506790161
ACH-000816,104842,0,0.9981215596199036
ACH-000816,11152667,0,0.999270498752594
ACH-000816,11282283,0,0.999996542930603
ACH-000816,11316960,0,0.9981024861335754
ACH-000816,11327430,0,0.9999376535415649
ACH-000816,11338033,0,1.0
ACH-000816,11364421,0,0.9900639653205872
ACH-000816,11373846,0,0.9914536476135254
ACH-000816,11404337,0,0.9956276416778564
ACH-000816,11433190,0,0.9972420930862427
ACH-000816,11455910,0,0.9917145371437073
ACH-000816,11485656,0,0.9996770620346069
ACH-000816,11493598,0,0.17619286477565765
ACH-000816,11609586,0,0.9999995231628418
ACH-000816,11617559,0,0.999258816242218
ACH-000816,11624601,0,0.9999990463256836
ACH-000816,11625818,0,0.7207410931587219
ACH-000816,11626560,0,0.9999932050704956
ACH-000816,11626927,0,0.9994210004806519
ACH-000816,11634725,0,0.9983637928962708
ACH-000816,11640390,0,0.8948772549629211
ACH-000816,11647372,0,0.9999996423721313
ACH-000816,11667893,0,0.8634607195854187
ACH-000816,11676786,0,0.9995562434196472
ACH-000816,11707110,0,0.7383912801742554
ACH-000816,11713159,0,0.8376795053482056
ACH-000816,11754511,1,0.9999992847442627
ACH-000816,11844351,0,0.9750324487686157
ACH-000816,11960529,0,0.9982088804244995
ACH-000816,11977753,0,0.9614967107772827
ACH-000816,123631,0,0.9989873766899109
ACH-000816,126565,0,0.9999339580535889
ACH-000816,126941,1,0.24944375455379486
ACH-000816,1401,0,0.9500383734703064
ACH-000816,148124,0,0.9999997615814209
ACH-000816,156422,0,0.9961049556732178
ACH-000816,159324,0,0.8786788582801819
ACH-000816,160355,0,0.85472571849823
ACH-000816,16038120,0,0.9932975172996521
ACH-000816,16095342,0,0.9999864101409912
ACH-000816,16663089,0,0.9999868869781494
ACH-000816,16720766,0,0.999249279499054
ACH-000816,16722836,0,0.9988221526145935
ACH-000816,16725726,1,0.9204046130180359
ACH-000816,16747388,0,0.9998968839645386
ACH-000816,16760646,0,0.9901354908943176
ACH-000816,176158,0,0.9992696642875671
ACH-000816,176167,0,0.8952565789222717
ACH-000816,176870,0,0.8705695271492004
ACH-000816,17755052,0,0.9999897480010986
ACH-000816,20635522,0,0.9993903636932373
ACH-000816,208908,0,0.9999830722808838
ACH-000816,216239,0,0.999415397644043
ACH-000816,216326,0,0.9910858273506165
ACH-000816,2314623,0,0.9999778270721436
ACH-000816,23725625,0,0.9846400022506714
ACH-000816,2375,0,0.9999960660934448
ACH-000816,24180719,0,1.0
ACH-000816,24756910,0,0.8553795218467712
ACH-000816,24772860,0,0.9701223373413086
ACH-000816,24776445,1,1.0
ACH-000816,24785538,0,0.9704473614692688
ACH-000816,24825971,0,0.9859523773193359
ACH-000816,24826799,0,0.8983224630355835
ACH-000816,24889392,0,0.9999973773956299
ACH-000816,24894414,0,0.5346897840499878
ACH-000816,24951314,0,0.9999889135360718
ACH-000816,24978538,1,0.9999998807907104
ACH-000816,25022668,0,0.9998661279678345
ACH-000816,25102847,0,0.9999998807907104
ACH-000816,25124816,0,0.9999988079071045
ACH-000816,25126798,0,0.7582273483276367
ACH-000816,25167777,0,1.0
ACH-000816,25195352,0,0.9999979734420776
ACH-000816,25222038,0,0.9998507499694824
ACH-000816,25257557,0,0.9858108758926392
ACH-000816,25262965,0,0.9996739625930786
ACH-000816,2726824,0,0.9505654573440552
ACH-000816,2733526,0,0.9975637197494507
ACH-000816,300471,0,0.8942103385925293
ACH-000816,3005532,0,0.9986999034881592
ACH-000816,3062316,0,0.9885778427124023
ACH-000816,31703,0,0.9999994039535522
ACH-000816,3218,0,0.8531426787376404
ACH-000816,3385,0,0.6366515755653381
ACH-000816,3463933,0,1.0
ACH-000816,36314,0,0.9970267415046692
ACH-000816,36462,0,1.0
ACH-000816,3796,0,0.9998733997344971
ACH-000816,387447,0,0.9993152618408203
ACH-000816,4261,0,0.510890781879425
ACH-000816,4263900,0,0.5297673344612122
ACH-000816,42640,0,0.48817965388298035
ACH-000816,42642645,0,0.4939199388027191
ACH-000816,44137675,0,0.5633933544158936
ACH-000816,44143370,0,0.5488726496696472
ACH-000816,44182295,0,0.5433955788612366
ACH-000816,44224160,0,0.5653088092803955
ACH-000816,44450571,0,0.5440775156021118
ACH-000816,44462760,0,0.6088855862617493
ACH-000816,444795,0,0.5544052124023438
ACH-000816,44551660,0,0.5442769527435303
ACH-000816,44632017,0,0.5239119529724121
ACH-000816,446378,0,0.5022124648094177
ACH-000816,447912,0,0.5674692988395691
ACH-000816,448013,0,0.4930005669593811
ACH-000816,44819241,0,0.6065184473991394
ACH-000816,46191454,1,0.516342043876648
ACH-000816,46224516,0,0.6165549159049988
ACH-000816,462382,0,0.45751380920410156
ACH-000816,46843772,0,0.5370314121246338
ACH-000816,46844147,0,0.5243881940841675
ACH-000816,46883536,0,0.5970867872238159
ACH-000816,46885626,1,0.5738505125045776
ACH-000816,46907787,0,0.5138896107673645
ACH-000816,46930998,0,0.5401571989059448
ACH-000816,46931012,0,0.5604346394538879
ACH-000816,46943432,0,0.6243452429771423
ACH-000816,49806720,0,0.5470902323722839
ACH-000816,49821040,0,0.4934961795806885
ACH-000816,49836027,0,0.5344763994216919
ACH-000816,4993,0,0.5708778500556946
ACH-000816,5113032,0,0.6603407263755798
ACH-000816,51371303,0,0.59992915391922
ACH-000816,5208,0,0.6194218397140503
ACH-000816,521106,0,0.6061053276062012
ACH-000816,5278396,0,0.5761347413063049
ACH-000816,5280757,0,0.5089189410209656
ACH-000816,5289247,0,0.6245449185371399
ACH-000816,5291,1,0.5012779831886292
ACH-000816,5311,0,0.5313994288444519
ACH-000816,5311497,0,0.5161348581314087
ACH-000816,5311510,0,0.5766295790672302
ACH-000816,5327091,0,0.5501358509063721
ACH-000816,5328940,0,0.5394949913024902
ACH-000816,5329102,0,0.5071173906326294
ACH-000816,53302361,0,0.548252522945404
ACH-000816,5330286,0,0.5608704090118408
ACH-000816,53340664,0,0.5693193674087524
ACH-000816,53394750,0,0.672711193561554
ACH-000816,5384616,0,0.491690069437027
ACH-000816,5394,0,0.610670804977417
ACH-000816,5459322,0,0.554557740688324
ACH-000816,5460769,0,0.4830818474292755
ACH-000816,54676905,0,0.5686803460121155
ACH-000816,54685215,0,0.49985912442207336
ACH-000816,5494449,1,0.6938725113868713
ACH-000816,560326,0,0.5309856534004211
ACH-000816,56962337,0,0.49205318093299866
ACH-000816,56965967,0,0.5632855892181396
ACH-000816,5717801,0,0.46163055300712585
ACH-000816,57339144,0,0.5943491458892822
ACH-000816,5746,0,0.5128503441810608
ACH-000816,60750,0,0.5408684015274048
ACH-000816,6253,0,0.5518296360969543
ACH-000816,637858,0,0.5631881356239319
ACH-000816,644215,0,0.520353376865387
ACH-000816,644241,0,0.6255505681037903
ACH-000816,6445533,0,0.5849795341491699
ACH-000816,6445562,0,0.5435237884521484
ACH-000816,6450551,0,0.5100830793380737
ACH-000816,6450816,0,0.5889811515808105
ACH-000816,6505803,0,0.49123603105545044
ACH-000816,65110,1,0.5937626957893372
ACH-000816,66577006,0,0.6380894184112549
ACH-000816,6710780,0,0.5174624919891357
ACH-000816,6753378,0,0.5116614103317261
ACH-000816,6852167,0,0.5313604474067688
ACH-000816,6914657,0,0.4907490909099579
ACH-000816,6918289,0,0.5335259437561035
ACH-000816,6918454,0,0.5998652577400208
ACH-000816,6918638,0,0.5316566228866577
ACH-000816,6918848,0,0.5161162614822388
ACH-000816,704473,0,0.6541627645492554
ACH-000816,71271629,0,0.6518383622169495
ACH-000816,7251185,1,0.6053963303565979
ACH-000816,76044,0,0.5146135687828064
ACH-000816,82146,0,0.6172897219657898
ACH-000816,8249,0,0.6205452084541321
ACH-000816,84691,0,0.740938127040863
ACH-000816,85668777,0,0.504805326461792
ACH-000816,9549184,0,0.5815624594688416
ACH-000816,9810884,0,0.6553599238395691
ACH-000816,9813758,0,0.6829321384429932
ACH-000816,9826308,0,0.525329053401947
ACH-000816,9826528,0,0.5128394961357117
ACH-000816,9858940,1,0.631928026676178
ACH-000816,9863776,0,0.5585931539535522
ACH-000816,9868037,0,0.6287151575088501
ACH-000816,9874913,0,0.5675896406173706
ACH-000816,9884685,0,0.512982964515686
ACH-000816,9903786,0,0.6399194598197937
ACH-000816,9907093,0,0.5325495600700378
ACH-000816,9910224,0,0.6528905034065247
ACH-000816,9911830,0,0.5917738080024719
ACH-000816,9914412,1,0.5286673903465271
ACH-000816,9931953,0,0.5136147141456604
ACH-000816,9938202,0,0.5511887669563293
ACH-000816,9943465,0,0.5630335211753845
ACH-000816,9952773,0,0.5197205543518066
ACH-000816,9956119,0,0.5536971688270569
ACH-000816,9956222,0,0.52994304895401
ACH-000816,9967941,0,0.6291890740394592
ACH-000817,10027278,0,0.9874414205551147
ACH-000817,10074640,0,0.9873320460319519
ACH-000817,10077147,0,0.9985992312431335
ACH-000817,10096043,0,0.900515615940094
ACH-000817,10109823,0,0.9974971413612366
ACH-000817,10113978,0,0.9986605644226074
ACH-000817,10127622,0,0.9856794476509094
ACH-000817,10172943,0,0.9703935980796814
ACH-000817,10184653,0,0.8935507535934448
ACH-000817,10196499,0,0.9910880327224731
ACH-000817,10200390,0,0.9637786746025085
ACH-000817,10302451,0,0.9900590777397156
ACH-000817,10341154,1,0.8658345937728882
ACH-000817,10384072,0,0.8984225392341614
ACH-000817,10390396,0,0.9023323655128479
ACH-000817,10451420,1,0.8390871286392212
ACH-000817,10459196,1,0.7109900116920471
ACH-000817,10461815,0,0.9585753679275513
ACH-000817,104842,0,0.9885025024414062
ACH-000817,11152667,0,0.9800735116004944
ACH-000817,11178236,0,0.7077494263648987
ACH-000817,11282283,0,0.9979898929595947
ACH-000817,11316960,0,0.9839175939559937
ACH-000817,11327430,0,0.9952497482299805
ACH-000817,11338033,0,0.9998688697814941
ACH-000817,11364421,0,0.9465294480323792
ACH-000817,11373846,0,0.9095239639282227
ACH-000817,11404337,0,0.8977139592170715
ACH-000817,11433190,0,0.9746522903442383
ACH-000817,11455910,0,0.9586461186408997
ACH-000817,11485656,0,0.9780991673469543
ACH-000817,11493598,0,0.7750957608222961
ACH-000817,11609586,0,0.9961142539978027
ACH-000817,11617559,0,0.9917091727256775
ACH-000817,11624601,0,0.997283935546875
ACH-000817,11625818,0,0.9325194358825684
ACH-000817,11626560,0,0.9837722182273865
ACH-000817,11626927,1,0.9735861420631409
ACH-000817,11634725,0,0.9626456499099731
ACH-000817,11640390,0,0.8967145085334778
ACH-000817,11647372,0,0.995256245136261
ACH-000817,11667893,0,0.8200878500938416
ACH-000817,11676786,0,0.9753696322441101
ACH-000817,11707110,0,0.8289453983306885
ACH-000817,11713159,0,0.9103262424468994
ACH-000817,11754511,0,0.9994363188743591
ACH-000817,11844351,0,0.9249866604804993
ACH-000817,11960529,1,0.9924942255020142
ACH-000817,11977753,0,0.9444646835327148
ACH-000817,123631,0,0.9865278601646423
ACH-000817,126565,0,0.9953989386558533
ACH-000817,126941,1,0.8792281150817871
ACH-000817,1401,1,0.9373418688774109
ACH-000817,148124,0,0.9982054233551025
ACH-000817,156422,0,0.9624726176261902
ACH-000817,159324,0,0.9417870044708252
ACH-000817,160355,0,0.8969526290893555
ACH-000817,16038120,0,0.949458122253418
ACH-000817,16095342,0,0.994544506072998
ACH-000817,16663089,0,0.9863579869270325
ACH-000817,16722836,0,0.9705519080162048
ACH-000817,16725726,0,0.8705398440361023
ACH-000817,16747388,0,0.9907455444335938
ACH-000817,16760646,1,0.9554608464241028
ACH-000817,176158,0,0.9883977770805359
ACH-000817,176167,0,0.8578516840934753
ACH-000817,17755052,0,0.9978988170623779
ACH-000817,20635522,0,0.969613254070282
ACH-000817,208908,0,0.9970285296440125
ACH-000817,216239,0,0.947673499584198
ACH-000817,216326,1,0.9811990261077881
ACH-000817,2314623,0,0.9938160181045532
ACH-000817,23725625,1,0.8583896160125732
ACH-000817,2375,1,0.9971080422401428
ACH-000817,24180719,0,0.9996510744094849
ACH-000817,24756910,0,0.8694658875465393
ACH-000817,24772860,0,0.8681034445762634
ACH-000817,24776445,1,0.9996030926704407
ACH-000817,24785538,0,0.8814094066619873
ACH-000817,24825971,1,0.912068247795105
ACH-000817,24826799,0,0.7592079043388367
ACH-000817,24889392,0,0.9976008534431458
ACH-000817,24894414,1,0.933846116065979
ACH-000817,24951314,0,0.9812381863594055
ACH-000817,24978538,1,0.9969280362129211
ACH-000817,25022668,0,0.9952865242958069
ACH-000817,25102847,0,0.9996347427368164
ACH-000817,25124816,0,0.9981402158737183
ACH-000817,25126798,0,0.8934924006462097
ACH-000817,25167777,0,0.9996531009674072
ACH-000817,25195352,0,0.9867868423461914
ACH-000817,25222038,0,0.9823540449142456
ACH-000817,25257557,1,0.9846767783164978
ACH-000817,25262965,1,0.9922314882278442
ACH-000817,2726824,0,0.9095442891120911
ACH-000817,2733526,0,0.9812606573104858
ACH-000817,300471,0,0.8233301639556885
ACH-000817,3005532,0,0.9755610823631287
ACH-000817,3062316,0,0.9852036237716675
ACH-000817,31703,0,0.9964021444320679
ACH-000817,3218,0,0.9270473718643188
ACH-000817,3385,1,0.9698566198348999
ACH-000817,3463933,0,0.9963053464889526
ACH-000817,36314,0,0.9428678154945374
ACH-000817,36462,0,0.9996821880340576
ACH-000817,3796,0,0.9790531992912292
ACH-000817,387447,0,0.9875418543815613
ACH-000817,4261,0,0.6080934405326843
ACH-000817,4263900,0,0.6190853714942932
ACH-000817,42640,0,0.6046217679977417
ACH-000817,42642645,0,0.6069527864456177
ACH-000817,44137675,0,0.7276664972305298
ACH-000817,44143370,0,0.6803958415985107
ACH-000817,44182295,0,0.650512158870697
ACH-000817,44224160,0,0.6950699090957642
ACH-000817,44450571,0,0.661504328250885
ACH-000817,44462760,0,0.7298312783241272
ACH-000817,444795,1,0.726926326751709
ACH-000817,44551660,0,0.6898094415664673
ACH-000817,44632017,0,0.6507155895233154
ACH-000817,446378,0,0.6074219942092896
ACH-000817,447912,1,0.7082512974739075
ACH-000817,448013,0,0.5702154040336609
ACH-000817,44819241,0,0.7683635950088501
ACH-000817,46191454,1,0.6064420342445374
ACH-000817,46224516,0,0.7285255193710327
ACH-000817,462382,0,0.5234414339065552
ACH-000817,46844147,0,0.6553995013237
ACH-000817,46883536,0,0.7242290377616882
ACH-000817,46885626,0,0.7293218970298767
ACH-000817,46907787,0,0.6151169538497925
ACH-000817,46930998,0,0.6919324994087219
ACH-000817,46931012,0,0.738510012626648
ACH-000817,46943432,1,0.7777377963066101
ACH-000817,49806720,1,0.6660791039466858
ACH-000817,49821040,0,0.6310139298439026
ACH-000817,49836027,1,0.6886851787567139
ACH-000817,4993,0,0.7264904379844666
ACH-000817,5113032,0,0.8007662892341614
ACH-000817,51371303,0,0.768008828163147
ACH-000817,5208,0,0.7519487738609314
ACH-000817,521106,0,0.7319162487983704
ACH-000817,5278396,1,0.7461742162704468
ACH-000817,5280757,0,0.6070913672447205
ACH-000817,5289247,0,0.7448180317878723
ACH-000817,5291,0,0.61573326587677
ACH-000817,5311,0,0.6201156973838806
ACH-000817,5311497,0,0.639482855796814
ACH-000817,5311510,0,0.7134308218955994
ACH-000817,5327091,0,0.6631832718849182
ACH-000817,5328940,0,0.670350193977356
ACH-000817,5329102,0,0.6107940077781677
ACH-000817,53302361,0,0.710625171661377
ACH-000817,5330286,0,0.6772271394729614
ACH-000817,53340664,0,0.7353460192680359
ACH-000817,53394750,1,0.8209495544433594
ACH-000817,5384616,1,0.5729032754898071
ACH-000817,5394,0,0.761602520942688
ACH-000817,5459322,0,0.6494437456130981
ACH-000817,5460769,0,0.5657925009727478
ACH-000817,54676905,0,0.6613315939903259
ACH-000817,54685215,0,0.6383320689201355
ACH-000817,5494449,0,0.8586358428001404
ACH-000817,560326,0,0.6230725049972534
ACH-000817,56962337,1,0.6010050773620605
ACH-000817,56965967,0,0.7258930802345276
ACH-000817,5717801,0,0.5344892144203186
ACH-000817,57339144,0,0.7333143949508667
ACH-000817,5746,0,0.6208372712135315
ACH-000817,60750,0,0.6566450595855713
ACH-000817,6253,0,0.6899426579475403
ACH-000817,637858,0,0.6944077014923096
ACH-000817,644215,0,0.6503960490226746
ACH-000817,644241,1,0.7718643546104431
ACH-000817,6445533,0,0.7096735239028931
ACH-000817,6445562,0,0.7130680680274963
ACH-000817,6450551,0,0.6195359826087952
ACH-000817,6450816,0,0.6996437311172485
ACH-000817,6505803,0,0.5948933362960815
ACH-000817,65110,1,0.7079249620437622
ACH-000817,66577006,0,0.7493473887443542
ACH-000817,6710780,1,0.6351490616798401
ACH-000817,6753378,0,0.6174420118331909
ACH-000817,6852167,0,0.6412474513053894
ACH-000817,6914657,0,0.5816940665245056
ACH-000817,6918289,1,0.6318955421447754
ACH-000817,6918454,0,0.7217206358909607
ACH-000817,6918638,0,0.633746862411499
ACH-000817,6918848,0,0.6265433430671692
ACH-000817,704473,0,0.8151869773864746
ACH-000817,71271629,0,0.758746862411499
ACH-000817,7251185,0,0.710304856300354
ACH-000817,76044,0,0.5689149498939514
ACH-000817,82146,0,0.7726233601570129
ACH-000817,8249,0,0.7441149950027466
ACH-000817,84691,0,0.8439741730690002
ACH-000817,85668777,0,0.6279707551002502
ACH-000817,9549184,0,0.7676551342010498
ACH-000817,9810884,1,0.8081230521202087
ACH-000817,9813758,0,0.8320386409759521
ACH-000817,9826308,0,0.6210348010063171
ACH-000817,9826528,0,0.6040319800376892
ACH-000817,9858940,0,0.7829946875572205
ACH-000817,9863776,0,0.6848716735839844
ACH-000817,9868037,0,0.7811018824577332
ACH-000817,9874913,0,0.7424682378768921
ACH-000817,9884685,0,0.6757863759994507
ACH-000817,9903786,0,0.7857643961906433
ACH-000817,9907093,0,0.672630250453949
ACH-000817,9910224,1,0.799324095249176
ACH-000817,9911830,0,0.7233195900917053
ACH-000817,9914412,0,0.6710789799690247
ACH-000817,9931953,0,0.5968858003616333
ACH-000817,9938202,0,0.7157359719276428
ACH-000817,9943465,0,0.686601996421814
ACH-000817,9952773,0,0.6646038889884949
ACH-000817,9956119,0,0.7014214396476746
ACH-000817,9956222,0,0.6825035810470581
ACH-000817,9967941,0,0.7893438935279846
ACH-000824,10027278,1,0.9271372556686401
ACH-000824,10074640,0,0.9254665374755859
ACH-000824,10077147,0,0.9870191812515259
ACH-000824,10096043,0,0.803962767124176
ACH-000824,10109823,0,0.9365590810775757
ACH-000824,10113978,0,0.9788668751716614
ACH-000824,10127622,0,0.9353855848312378
ACH-000824,10184653,0,0.8259482383728027
ACH-000824,10196499,1,0.8880829811096191
ACH-000824,10200390,0,0.9257206916809082
ACH-000824,10341154,0,0.9231609106063843
ACH-000824,10384072,0,0.8171031475067139
ACH-000824,10451420,0,0.9025017023086548
ACH-000824,10459196,1,0.7690342664718628
ACH-000824,104842,0,0.8701835870742798
ACH-000824,11152667,0,0.9413300156593323
ACH-000824,11178236,0,0.7390692830085754
ACH-000824,11282283,0,0.9603356719017029
ACH-000824,11316960,0,0.9521287083625793
ACH-000824,11327430,0,0.9503054022789001
ACH-000824,11338033,0,0.981892466545105
ACH-000824,11373846,0,0.882424533367157
ACH-000824,11404337,1,0.9022247791290283
ACH-000824,11433190,0,0.9131066799163818
ACH-000824,11455910,0,0.8505184054374695
ACH-000824,11485656,0,0.9356900453567505
ACH-000824,11493598,0,0.8315373659133911
ACH-000824,11609586,1,0.9656131863594055
ACH-000824,11617559,0,0.8825970888137817
ACH-000824,11624601,0,0.9612805247306824
ACH-000824,11625818,0,0.8348687887191772
ACH-000824,11634725,0,0.8316679000854492
ACH-000824,11640390,0,0.8842467069625854
ACH-000824,11647372,0,0.8837437629699707
ACH-000824,11667893,0,0.8642796277999878
ACH-000824,11707110,0,0.8720992207527161
ACH-000824,11713159,1,0.8627068996429443
ACH-000824,11754511,0,0.98382967710495
ACH-000824,11960529,1,0.9416730403900146
ACH-000824,11977753,0,0.8486568331718445
ACH-000824,123631,1,0.9064335227012634
ACH-000824,126565,0,0.9455217123031616
ACH-000824,126941,1,0.9117674827575684
ACH-000824,1401,0,0.9116689562797546
ACH-000824,148124,0,0.9242085814476013
ACH-000824,159324,0,0.8946995139122009
ACH-000824,16720766,0,0.9099772572517395
ACH-000824,16722836,0,0.9312687516212463
ACH-000824,16725726,0,0.8728816509246826
ACH-000824,16747388,0,0.9514882564544678
ACH-000824,176158,0,0.9079042673110962
ACH-000824,176167,0,0.8901504874229431
ACH-000824,17755052,0,0.9464959502220154
ACH-000824,216326,0,0.9280308485031128
ACH-000824,2314623,0,0.9506242871284485
ACH-000824,23725625,0,0.9163408279418945
ACH-000824,2375,0,0.9492719769477844
ACH-000824,24180719,0,0.9806631207466125
ACH-000824,24756910,0,0.8833664655685425
ACH-000824,24772860,0,0.8324500322341919
ACH-000824,24776445,1,0.9789410829544067
ACH-000824,24785538,0,0.8494352698326111
ACH-000824,24826799,0,0.8108508586883545
ACH-000824,24889392,0,0.9536337852478027
ACH-000824,24894414,0,0.8619194626808167
ACH-000824,24951314,0,0.939977765083313
ACH-000824,24978538,0,0.9672828912734985
ACH-000824,25022668,1,0.9537015557289124
ACH-000824,25102847,0,0.9782489538192749
ACH-000824,25124816,1,0.9800171852111816
ACH-000824,25126798,0,0.8703789710998535
ACH-000824,25167777,0,0.9876115918159485
ACH-000824,25195352,0,0.9288153648376465
ACH-000824,25222038,0,0.9756361246109009
ACH-000824,25257557,1,0.9418293833732605
ACH-000824,25262965,0,0.8865180611610413
ACH-000824,2726824,0,0.8098084330558777
ACH-000824,2733526,0,0.9333515167236328
ACH-000824,300471,0,0.7536557912826538
ACH-000824,3005532,0,0.8446000814437866
ACH-000824,31703,1,0.9385278820991516
ACH-000824,3218,0,0.8732749223709106
ACH-000824,3385,0,0.9295356869697571
ACH-000824,3463933,0,0.9471715688705444
ACH-000824,36462,0,0.9750925302505493
ACH-000824,3796,0,0.91798996925354
ACH-000824,4263900,1,0.7009133696556091
ACH-000824,42640,0,0.6314884424209595
ACH-000824,42642645,0,0.6488239765167236
ACH-000824,44137675,0,0.7695448398590088
ACH-000824,44143370,0,0.742777407169342
ACH-000824,44182295,0,0.735037088394165
ACH-000824,44224160,0,0.7250428199768066
ACH-000824,44450571,0,0.7000548839569092
ACH-000824,44462760,0,0.7563577890396118
ACH-000824,444795,0,0.7216240167617798
ACH-000824,44551660,0,0.704147219657898
ACH-000824,44632017,0,0.6937881708145142
ACH-000824,446378,0,0.6733186841011047
ACH-000824,447912,0,0.7421849966049194
ACH-000824,448013,1,0.6271791458129883
ACH-000824,44819241,0,0.771358847618103
ACH-000824,46191454,0,0.6566042304039001
ACH-000824,46224516,0,0.7905706763267517
ACH-000824,46883536,0,0.7375012636184692
ACH-000824,46885626,0,0.7861646413803101
ACH-000824,46907787,0,0.6502322554588318
ACH-000824,46930998,0,0.6872770190238953
ACH-000824,46931012,0,0.7814251184463501
ACH-000824,46943432,0,0.7777891159057617
ACH-000824,49806720,0,0.7416327595710754
ACH-000824,5113032,0,0.8079276084899902
ACH-000824,51371303,0,0.7569510340690613
ACH-000824,5208,0,0.8277916312217712
ACH-000824,521106,0,0.7715296149253845
ACH-000824,5278396,0,0.7576920986175537
ACH-000824,5280757,0,0.7110408544540405
ACH-000824,5289247,0,0.7961640954017639
ACH-000824,5311,0,0.7002770304679871
ACH-000824,5311497,0,0.7095881700515747
ACH-000824,5327091,1,0.7175342440605164
ACH-000824,5328940,0,0.7147945761680603
ACH-000824,53302361,0,0.7400829792022705
ACH-000824,5330286,0,0.7169756293296814
ACH-000824,53340664,0,0.7568867206573486
ACH-000824,53394750,0,0.8468665480613708
ACH-000824,5394,1,0.7567790150642395
ACH-000824,5459322,1,0.7383556962013245
ACH-000824,5460769,0,0.6590083241462708
ACH-000824,54676905,0,0.7672820687294006
ACH-000824,54685215,0,0.6880506873130798
ACH-000824,560326,0,0.6468984484672546
ACH-000824,56962337,0,0.659898579120636
ACH-000824,56965967,0,0.7741908431053162
ACH-000824,57339144,0,0.801317036151886
ACH-000824,5746,1,0.6751322746276855
ACH-000824,60750,1,0.6986836791038513
ACH-000824,6253,0,0.7070202231407166
ACH-000824,637858,0,0.7277643084526062
ACH-000824,644241,0,0.7954607605934143
ACH-000824,6445533,0,0.7911651730537415
ACH-000824,6445562,0,0.7626081705093384
ACH-000824,6450551,0,0.6502932906150818
ACH-000824,6450816,0,0.7473717927932739
ACH-000824,6505803,0,0.6591578722000122
ACH-000824,65110,0,0.8052212595939636
ACH-000824,66577006,0,0.8018070459365845
ACH-000824,6710780,0,0.7065120339393616
ACH-000824,6753378,0,0.6683681011199951
ACH-000824,6852167,0,0.704952597618103
ACH-000824,6914657,0,0.6345522403717041
ACH-000824,6918454,0,0.7993779182434082
ACH-000824,6918638,0,0.719287097454071
ACH-000824,6918848,0,0.6919941902160645
ACH-000824,704473,0,0.8360410928726196
ACH-000824,71271629,0,0.8251067399978638
ACH-000824,82146,0,0.7566699981689453
ACH-000824,8249,0,0.7606313228607178
ACH-000824,84691,1,0.8801254034042358
ACH-000824,85668777,1,0.6686863899230957
ACH-000824,9810884,0,0.8712299466133118
ACH-000824,9813758,0,0.832040011882782
ACH-000824,9826528,0,0.700608491897583
ACH-000824,9858940,0,0.7768761515617371
ACH-000824,9863776,0,0.7603507041931152
ACH-000824,9868037,0,0.7849343419075012
ACH-000824,9874913,0,0.7404088377952576
ACH-000824,9884685,0,0.6854760646820068
ACH-000824,9903786,0,0.809441328048706
ACH-000824,9910224,0,0.8253685235977173
ACH-000824,9911830,0,0.7738004326820374
ACH-000824,9914412,0,0.7326516509056091
ACH-000824,9931953,0,0.688251256942749
ACH-000824,9938202,0,0.7123860120773315
ACH-000824,9943465,0,0.7559893727302551
ACH-000824,9952773,0,0.6911184191703796
ACH-000824,9956119,0,0.7543066740036011
ACH-000824,9956222,0,0.7084288597106934
ACH-000824,9967941,0,0.7813078165054321
ACH-000827,10027278,0,0.9402468800544739
ACH-000827,10074640,1,0.9755914211273193
ACH-000827,10077147,0,0.9989370703697205
ACH-000827,10096043,1,0.8189394474029541
ACH-000827,10109823,0,0.995327353477478
ACH-000827,10113978,0,0.9975206255912781
ACH-000827,10127622,0,0.9806684851646423
ACH-000827,10184653,0,0.8381348252296448
ACH-000827,10196499,0,0.9259361028671265
ACH-000827,10200390,0,0.9508058428764343
ACH-000827,10341154,0,0.9628913402557373
ACH-000827,10384072,0,0.8384299874305725
ACH-000827,10451420,0,0.8904149532318115
ACH-000827,10459196,0,0.8388960361480713
ACH-000827,104842,0,0.9694032669067383
ACH-000827,11152667,0,0.9833372235298157
ACH-000827,11178236,0,0.7892528176307678
ACH-000827,11282283,0,0.983210563659668
ACH-000827,11316960,1,0.9661489129066467
ACH-000827,11327430,0,0.9847416281700134
ACH-000827,11338033,0,0.9988227486610413
ACH-000827,11373846,0,0.9098778367042542
ACH-000827,11404337,1,0.8887583613395691
ACH-000827,11433190,1,0.9795564413070679
ACH-000827,11455910,0,0.9201369285583496
ACH-000827,11485656,0,0.983756422996521
ACH-000827,11493598,0,0.8304383158683777
ACH-000827,11609586,0,0.9935398697853088
ACH-000827,11617559,0,0.9469183683395386
ACH-000827,11624601,0,0.9929618239402771
ACH-000827,11625818,0,0.8744522333145142
ACH-000827,11634725,0,0.8589400053024292
ACH-000827,11640390,0,0.9534513354301453
ACH-000827,11647372,0,0.9925630688667297
ACH-000827,11667893,0,0.8346273899078369
ACH-000827,11707110,1,0.8333646059036255
ACH-000827,11713159,0,0.9014158248901367
ACH-000827,11754511,0,0.9980043768882751
ACH-000827,11960529,0,0.9800746440887451
ACH-000827,11977753,0,0.9322589635848999
ACH-000827,123631,0,0.966405987739563
ACH-000827,126565,0,0.9832659959793091
ACH-000827,126941,0,0.9078660607337952
ACH-000827,1401,0,0.9028207659721375
ACH-000827,148124,0,0.9829387664794922
ACH-000827,156422,0,0.9085512161254883
ACH-000827,159324,0,0.922191321849823
ACH-000827,16720766,0,0.9645059108734131
ACH-000827,16722836,0,0.9403138756752014
ACH-000827,16725726,0,0.890141487121582
ACH-000827,16747388,0,0.983660876750946
ACH-000827,176158,0,0.9692812561988831
ACH-000827,176167,0,0.8583235144615173
ACH-000827,17755052,0,0.9745511412620544
ACH-000827,216326,0,0.9638450145721436
ACH-000827,2314623,0,0.9866716265678406
ACH-000827,23725625,0,0.9746232628822327
ACH-000827,2375,0,0.987506628036499
ACH-000827,24180719,1,0.9985911250114441
ACH-000827,24756910,0,0.8211832642555237
ACH-000827,24772860,0,0.8292308449745178
ACH-000827,24776445,0,0.9977295994758606
ACH-000827,24785538,0,0.8998060822486877
ACH-000827,24826799,0,0.7829350233078003
ACH-000827,24889392,0,0.9892093539237976
ACH-000827,24894414,0,0.8316383361816406
ACH-000827,24951314,0,0.9837258458137512
ACH-000827,24978538,0,0.9983680844306946
ACH-000827,25022668,0,0.9814255237579346
ACH-000827,25102847,0,0.9971081614494324
ACH-000827,25124816,0,0.9927991628646851
ACH-000827,25126798,0,0.854250967502594
ACH-000827,25167777,0,0.9995355606079102
ACH-000827,25195352,0,0.9653317332267761
ACH-000827,25222038,1,0.9933580756187439
ACH-000827,25257557,0,0.9521369934082031
ACH-000827,25262965,0,0.9557207822799683
ACH-000827,2726824,0,0.8173595666885376
ACH-000827,2733526,0,0.9573028087615967
ACH-000827,300471,0,0.8148844838142395
ACH-000827,3005532,1,0.9471843838691711
ACH-000827,31703,1,0.9920601844787598
ACH-000827,3218,0,0.9171009659767151
ACH-000827,3385,0,0.9649718999862671
ACH-000827,3463933,0,0.997077226638794
ACH-000827,36462,0,0.9980879426002502
ACH-000827,3796,0,0.9582564830780029
ACH-000827,4263900,0,0.633184552192688
ACH-000827,42640,0,0.5776241421699524
ACH-000827,42642645,0,0.5976700186729431
ACH-000827,44137675,1,0.6823802590370178
ACH-000827,44143370,0,0.6518155932426453
ACH-000827,44182295,0,0.6407255530357361
ACH-000827,44224160,0,0.677371084690094
ACH-000827,44450571,0,0.6600140333175659
ACH-000827,444795,0,0.6454606652259827
ACH-000827,44551660,0,0.648131787776947
ACH-000827,44632017,0,0.6351538896560669
ACH-000827,446378,1,0.5919473767280579
ACH-000827,447912,0,0.6272768378257751
ACH-000827,448013,0,0.5802882313728333
ACH-000827,44819241,0,0.7330811619758606
ACH-000827,46191454,0,0.6093767881393433
ACH-000827,46224516,0,0.7280038595199585
ACH-000827,46883536,0,0.6437371969223022
ACH-000827,46885626,0,0.7113617062568665
ACH-000827,46907787,0,0.597104012966156
ACH-000827,46930998,0,0.6326935887336731
ACH-000827,46931012,0,0.6989153027534485
ACH-000827,46943432,0,0.7054725885391235
ACH-000827,49806720,0,0.6264857649803162
ACH-000827,5113032,0,0.7535070776939392
ACH-000827,51371303,1,0.6932509541511536
ACH-000827,5208,0,0.7657448649406433
ACH-000827,521106,0,0.742990255355835
ACH-000827,5278396,0,0.6984865665435791
ACH-000827,5280757,1,0.6026549339294434
ACH-000827,5289247,0,0.7332468628883362
ACH-000827,5311,0,0.6326947212219238
ACH-000827,5311497,0,0.619393527507782
ACH-000827,5327091,0,0.6692951917648315
ACH-000827,5328940,0,0.635934054851532
ACH-000827,53302361,1,0.6594887375831604
ACH-000827,5330286,0,0.6398643851280212
ACH-000827,53340664,0,0.6829291582107544
ACH-000827,53394750,0,0.7358234524726868
ACH-000827,5394,0,0.6948180794715881
ACH-000827,5459322,0,0.6397755742073059
ACH-000827,5460769,0,0.5637089014053345
ACH-000827,54676905,0,0.6937839984893799
ACH-000827,54685215,0,0.6087414622306824
ACH-000827,560326,1,0.6342728734016418
ACH-000827,56962337,0,0.5845680236816406
ACH-000827,56965967,0,0.6754446625709534
ACH-000827,57339144,0,0.7055636644363403
ACH-000827,5746,0,0.6261504292488098
ACH-000827,60750,0,0.6452449560165405
ACH-000827,6253,0,0.6834453344345093
ACH-000827,637858,1,0.6773794889450073
ACH-000827,644241,0,0.7000043392181396
ACH-000827,6445533,0,0.7313870191574097
ACH-000827,6445562,0,0.6637037396430969
ACH-000827,6450551,0,0.6128141283988953
ACH-000827,6450816,0,0.6179174184799194
ACH-000827,6505803,1,0.581951916217804
ACH-000827,65110,0,0.7032376527786255
ACH-000827,66577006,0,0.694120466709137
ACH-000827,6710780,0,0.6163111925125122
ACH-000827,6753378,0,0.6120472550392151
ACH-000827,6852167,0,0.644469678401947
ACH-000827,6914657,0,0.5789452195167542
ACH-000827,6918289,0,0.6162434816360474
ACH-000827,6918454,0,0.7096326351165771
ACH-000827,6918638,0,0.6295259594917297
ACH-000827,6918848,0,0.6355705857276917
ACH-000827,704473,0,0.7861837148666382
ACH-000827,71271629,0,0.7326375842094421
ACH-000827,82146,0,0.6973786950111389
ACH-000827,8249,0,0.7200709581375122
ACH-000827,84691,0,0.8447872996330261
ACH-000827,85668777,0,0.6192461252212524
ACH-000827,9810884,0,0.817672073841095
ACH-000827,9813758,0,0.7568524479866028
ACH-000827,9826528,0,0.6207437515258789
ACH-000827,9858940,0,0.6913921236991882
ACH-000827,9863776,1,0.6737530827522278
ACH-000827,9868037,0,0.6927663683891296
ACH-000827,9874913,0,0.6992449164390564
ACH-000827,9884685,0,0.6384302377700806
ACH-000827,9903786,0,0.7609637379646301
ACH-000827,9910224,0,0.7252519726753235
ACH-000827,9911830,0,0.6982789635658264
ACH-000827,9914412,0,0.657246470451355
ACH-000827,9931953,0,0.5837805867195129
ACH-000827,9938202,0,0.6590935587882996
ACH-000827,9943465,0,0.6885153651237488
ACH-000827,9952773,0,0.6349819898605347
ACH-000827,9956119,1,0.6531461477279663
ACH-000827,9956222,0,0.6486663222312927
ACH-000827,9967941,0,0.7017996311187744
ACH-000830,10027278,0,0.9645348787307739
ACH-000830,10074640,0,0.9412599802017212
ACH-000830,10077147,0,0.9891253709793091
ACH-000830,10096043,0,0.7318435311317444
ACH-000830,10109823,0,0.9285511374473572
ACH-000830,10113978,0,0.9811502695083618
ACH-000830,10127622,0,0.9347379207611084
ACH-000830,10172943,0,0.8899439573287964
ACH-000830,10184653,0,0.8397831916809082
ACH-000830,10196499,0,0.8687897324562073
ACH-000830,10200390,0,0.9196256399154663
ACH-000830,10302451,1,0.9220739006996155
ACH-000830,10341154,0,0.9562461376190186
ACH-000830,10384072,0,0.8022638559341431
ACH-000830,10390396,0,0.8260853290557861
ACH-000830,10451420,0,0.9370778799057007
ACH-000830,10459196,0,0.8390929698944092
ACH-000830,10461815,0,0.8834429383277893
ACH-000830,104842,0,0.9288332462310791
ACH-000830,11152667,0,0.84917813539505
ACH-000830,11178236,0,0.815862238407135
ACH-000830,11282283,0,0.9770311713218689
ACH-000830,11316960,0,0.9387751817703247
ACH-000830,11327430,0,0.9667460322380066
ACH-000830,11338033,0,0.9899564981460571
ACH-000830,11364421,0,0.9187508821487427
ACH-000830,11373846,0,0.9101039171218872
ACH-000830,11404337,0,0.8880016803741455
ACH-000830,11433190,0,0.9255661964416504
ACH-000830,11455910,0,0.8545279502868652
ACH-000830,11485656,0,0.944476306438446
ACH-000830,11493598,0,0.8500751852989197
ACH-000830,11609586,0,0.9811469316482544
ACH-000830,11617559,1,0.9194676876068115
ACH-000830,11624601,0,0.9723348617553711
ACH-000830,11625818,0,0.9330925345420837
ACH-000830,11626560,0,0.9084172248840332
ACH-000830,11626927,0,0.9506333470344543
ACH-000830,11634725,0,0.8829878568649292
ACH-000830,11640390,0,0.9388647079467773
ACH-000830,11647372,0,0.905767023563385
ACH-000830,11667893,0,0.8447324633598328
ACH-000830,11676786,0,0.9562248587608337
ACH-000830,11707110,0,0.8976686000823975
ACH-000830,11713159,0,0.902336835861206
ACH-000830,11754511,0,0.996010422706604
ACH-000830,11844351,0,0.9267051219940186
ACH-000830,11960529,0,0.979046106338501
ACH-000830,11977753,0,0.8117042779922485
ACH-000830,123631,0,0.914904773235321
ACH-000830,126565,0,0.9616144299507141
ACH-000830,126941,0,0.9511212706565857
ACH-000830,1401,0,0.9113065004348755
ACH-000830,148124,0,0.9723345041275024
ACH-000830,156422,0,0.9417584538459778
ACH-000830,159324,0,0.8423730731010437
ACH-000830,160355,0,0.8371077179908752
ACH-000830,16038120,0,0.8084808588027954
ACH-000830,16095342,0,0.9085599780082703
ACH-000830,16663089,0,0.9472492337226868
ACH-000830,16720766,0,0.9681864976882935
ACH-000830,16722836,0,0.9433690905570984
ACH-000830,16725726,1,0.8592702150344849
ACH-000830,16747388,0,0.9704549908638
ACH-000830,16760646,0,0.853784441947937
ACH-000830,176158,0,0.8728678226470947
ACH-000830,176167,0,0.91217041015625
ACH-000830,17755052,0,0.991125762462616
ACH-000830,20635522,0,0.9251574277877808
ACH-000830,208908,0,0.964224636554718
ACH-000830,216239,1,0.8516541123390198
ACH-000830,216326,0,0.945094645023346
ACH-000830,2314623,0,0.9783334732055664
ACH-000830,23725625,0,0.9154385924339294
ACH-000830,2375,0,0.959816575050354
ACH-000830,24180719,0,0.9891997575759888
ACH-000830,24756910,0,0.8448149561882019
ACH-000830,24772860,0,0.8603053092956543
ACH-000830,24776445,0,0.987524151802063
ACH-000830,24785538,0,0.856167197227478
ACH-000830,24825971,0,0.7697998285293579
ACH-000830,24826799,0,0.8113475441932678
ACH-000830,24889392,0,0.9404628872871399
ACH-000830,24894414,0,0.8897682428359985
ACH-000830,24951314,0,0.9633980989456177
ACH-000830,24978538,0,0.9721158146858215
ACH-000830,25022668,0,0.9750478863716125
ACH-000830,25102847,0,0.9917318224906921
ACH-000830,25124816,0,0.9785122871398926
ACH-000830,25126798,0,0.7700012922286987
ACH-000830,25167777,0,0.9898192286491394
ACH-000830,25195352,0,0.9737763404846191
ACH-000830,25222038,0,0.9746717810630798
ACH-000830,25257557,1,0.936930239200592
ACH-000830,25262965,0,0.913783073425293
ACH-000830,2726824,0,0.8522034287452698
ACH-000830,2733526,1,0.9071818590164185
ACH-000830,300471,0,0.7610292434692383
ACH-000830,3005532,0,0.7578713297843933
ACH-000830,3062316,0,0.9575241804122925
ACH-000830,31703,0,0.9595566987991333
ACH-000830,3218,0,0.9304260611534119
ACH-000830,3385,0,0.9762446880340576
ACH-000830,3463933,0,0.9739610552787781
ACH-000830,36314,0,0.8832005858421326
ACH-000830,36462,0,0.989683985710144
ACH-000830,3796,0,0.9441283941268921
ACH-000830,387447,0,0.9575468301773071
ACH-000830,4261,0,0.6249033808708191
ACH-000830,4263900,0,0.612920343875885
ACH-000830,42640,0,0.5886489748954773
ACH-000830,42642645,0,0.5984282493591309
ACH-000830,44137675,0,0.6543030142784119
ACH-000830,44143370,1,0.6199384331703186
ACH-000830,44182295,0,0.6642604470252991
ACH-000830,44224160,0,0.6342174410820007
ACH-000830,44450571,0,0.6580425500869751
ACH-000830,44462760,0,0.6875672936439514
ACH-000830,444795,0,0.6303198337554932
ACH-000830,44551660,0,0.649042010307312
ACH-000830,44632017,0,0.6460065245628357
ACH-000830,446378,0,0.5974118709564209
ACH-000830,447912,0,0.6885232925415039
ACH-000830,448013,0,0.5811469554901123
ACH-000830,44819241,0,0.7569865584373474
ACH-000830,46191454,0,0.6249120831489563
ACH-000830,46224516,0,0.7673059105873108
ACH-000830,462382,0,0.5608618259429932
ACH-000830,46843772,0,0.6430830359458923
ACH-000830,46844147,0,0.6349294781684875
ACH-000830,46883536,0,0.6915496587753296
ACH-000830,46885626,0,0.6889590620994568
ACH-000830,46907787,0,0.611610472202301
ACH-000830,46930998,0,0.638841450214386
ACH-000830,46931012,0,0.6607151031494141
ACH-000830,46943432,0,0.73080974817276
ACH-000830,49806720,0,0.6543169021606445
ACH-000830,49821040,0,0.5777842998504639
ACH-000830,49836027,0,0.6401828527450562
ACH-000830,4993,0,0.6805606484413147
ACH-000830,5113032,1,0.7821599841117859
ACH-000830,51371303,0,0.749889075756073
ACH-000830,5208,0,0.7285837531089783
ACH-000830,521106,0,0.7762615084648132
ACH-000830,5278396,0,0.7077486515045166
ACH-000830,5280757,0,0.5991423726081848
ACH-000830,5289247,0,0.7342796921730042
ACH-000830,5291,1,0.6363575458526611
ACH-000830,5311,0,0.6800573468208313
ACH-000830,5311497,0,0.6116751432418823
ACH-000830,5311510,0,0.7055741548538208
ACH-000830,5327091,0,0.6672614812850952
ACH-000830,5328940,0,0.6206067204475403
ACH-000830,5329102,0,0.5998097658157349
ACH-000830,53302361,0,0.6388033032417297
ACH-000830,5330286,0,0.6568798422813416
ACH-000830,53340664,0,0.6877446174621582
ACH-000830,53394750,0,0.738071084022522
ACH-000830,5384616,0,0.558144211769104
ACH-000830,5394,0,0.7584803700447083
ACH-000830,5459322,0,0.6434104442596436
ACH-000830,5460769,0,0.563445508480072
ACH-000830,54676905,0,0.649518609046936
ACH-000830,54685215,0,0.6175010204315186
ACH-000830,5494449,0,0.8674264550209045
ACH-000830,560326,0,0.6572973728179932
ACH-000830,56962337,1,0.5799861550331116
ACH-000830,56965967,0,0.6861972212791443
ACH-000830,5717801,0,0.5483275055885315
ACH-000830,57339144,1,0.7190261483192444
ACH-000830,5746,0,0.6146124601364136
ACH-000830,60750,0,0.6500428318977356
ACH-000830,6253,0,0.703231155872345
ACH-000830,637858,0,0.7309583425521851
ACH-000830,644215,0,0.6162176728248596
ACH-000830,644241,0,0.773463249206543
ACH-000830,6445533,0,0.7392041087150574
ACH-000830,6445562,0,0.6295313239097595
ACH-000830,6450551,0,0.6080054640769958
ACH-000830,6450816,0,0.6604194641113281
ACH-000830,6505803,0,0.581956684589386
ACH-000830,65110,0,0.763717770576477
ACH-000830,66577006,0,0.6947354674339294
ACH-000830,6710780,0,0.5997626781463623
ACH-000830,6753378,0,0.6073674559593201
ACH-000830,6852167,0,0.6608186960220337
ACH-000830,6914657,0,0.586971640586853
ACH-000830,6918289,0,0.6364737153053284
ACH-000830,6918454,0,0.70631343126297
ACH-000830,6918638,0,0.6513285636901855
ACH-000830,6918848,0,0.6478803157806396
ACH-000830,704473,0,0.8255397081375122
ACH-000830,71271629,0,0.7380594611167908
ACH-000830,7251185,0,0.7406654953956604
ACH-000830,76044,0,0.6150673627853394
ACH-000830,82146,0,0.7405970096588135
ACH-000830,8249,0,0.659699022769928
ACH-000830,84691,0,0.9028043746948242
ACH-000830,85668777,0,0.6583712100982666
ACH-000830,9549184,1,0.7150049209594727
ACH-000830,9810884,0,0.8116068840026855
ACH-000830,9813758,0,0.8025751709938049
ACH-000830,9826308,0,0.6570385098457336
ACH-000830,9826528,0,0.625099778175354
ACH-000830,9858940,0,0.717682421207428
ACH-000830,9863776,0,0.6990253925323486
ACH-000830,9868037,0,0.7511716485023499
ACH-000830,9874913,0,0.6827210187911987
ACH-000830,9884685,0,0.6425216197967529
ACH-000830,9903786,0,0.7475089430809021
ACH-000830,9907093,0,0.6611273884773254
ACH-000830,9910224,0,0.7373009324073792
ACH-000830,9911830,0,0.7042029500007629
ACH-000830,9914412,0,0.6660370826721191
ACH-000830,9931953,0,0.5928340554237366
ACH-000830,9938202,0,0.6995642781257629
ACH-000830,9943465,0,0.7255169153213501
ACH-000830,9952773,0,0.6642631888389587
ACH-000830,9956119,0,0.6346814036369324
ACH-000830,9956222,0,0.6340470910072327
ACH-000830,9967941,0,0.7231582403182983
ACH-000838,10027278,0,0.888362467288971
ACH-000838,10074640,0,0.9760417342185974
ACH-000838,10077147,0,0.9992807507514954
ACH-000838,10096043,0,0.8781841993331909
ACH-000838,10109823,0,0.9919916987419128
ACH-000838,10113978,0,0.9187638759613037
ACH-000838,10127622,0,0.9472734928131104
ACH-000838,10172943,0,0.9134502410888672
ACH-000838,10184653,0,0.8175011277198792
ACH-000838,10196499,0,0.7542123794555664
ACH-000838,10200390,0,0.8764663934707642
ACH-000838,10302451,0,0.741758406162262
ACH-000838,10341154,1,0.9961047172546387
ACH-000838,10384072,0,0.754410445690155
ACH-000838,10390396,0,0.7756689786911011
ACH-000838,10451420,1,0.9513930082321167
ACH-000838,10459196,0,0.7929561138153076
ACH-000838,10461815,0,0.7914678454399109
ACH-000838,104842,0,0.9658197164535522
ACH-000838,11152667,0,0.9936763644218445
ACH-000838,11178236,0,0.9563522934913635
ACH-000838,11282283,0,0.6674023866653442
ACH-000838,11316960,0,0.9435269832611084
ACH-000838,11327430,0,0.9273980259895325
ACH-000838,11338033,0,0.9611908793449402
ACH-000838,11364421,0,0.959902286529541
ACH-000838,11373846,0,0.8439564108848572
ACH-000838,11404337,0,0.9296693205833435
ACH-000838,11433190,1,0.9675494432449341
ACH-000838,11455910,0,0.9873167276382446
ACH-000838,11485656,0,0.9939756989479065
ACH-000838,11493598,0,0.9863558411598206
ACH-000838,11609586,1,0.8716855049133301
ACH-000838,11617559,1,0.9197692275047302
ACH-000838,11624601,0,0.9082047939300537
ACH-000838,11625818,0,0.9540483951568604
ACH-000838,11626560,0,0.902880847454071
ACH-000838,11626927,0,0.7903579473495483
ACH-000838,11634725,0,0.8261618614196777
ACH-000838,11640390,1,0.9939769506454468
ACH-000838,11647372,0,0.9494743943214417
ACH-000838,11667893,0,0.8143749833106995
ACH-000838,11676786,0,0.8620061874389648
ACH-000838,11707110,0,0.8979571461677551
ACH-000838,11713159,0,0.985714852809906
ACH-000838,11754511,0,0.9890984296798706
ACH-000838,11844351,0,0.9565537571907043
ACH-000838,11960529,0,0.918219268321991
ACH-000838,11977753,0,0.8884227871894836
ACH-000838,123631,0,0.9165942072868347
ACH-000838,126565,0,0.9870837926864624
ACH-000838,126941,1,0.994492769241333
ACH-000838,1401,0,0.9808440804481506
ACH-000838,148124,0,0.672960102558136
ACH-000838,156422,0,0.8482947945594788
ACH-000838,159324,0,0.9481093287467957
ACH-000838,160355,0,0.7177412509918213
ACH-000838,16038120,0,0.6819257140159607
ACH-000838,16095342,0,0.9435641765594482
ACH-000838,16663089,0,0.9123098850250244
ACH-000838,16720766,0,0.9578516483306885
ACH-000838,16722836,0,0.9200802445411682
ACH-000838,16725726,1,0.9774994254112244
ACH-000838,16747388,1,0.9810494184494019
ACH-000838,16760646,1,0.785441517829895
ACH-000838,176158,0,0.8762071132659912
ACH-000838,176167,0,0.9592540860176086
ACH-000838,176870,0,0.8236215114593506
ACH-000838,17755052,0,0.9244213700294495
ACH-000838,20635522,0,0.9421856999397278
ACH-000838,208908,0,0.8885757327079773
ACH-000838,216239,0,0.8386396765708923
ACH-000838,216326,0,0.9258320927619934
ACH-000838,2314623,0,0.9416671395301819
ACH-000838,23725625,0,0.9964062571525574
ACH-000838,2375,1,0.9084712266921997
ACH-000838,24180719,0,0.9806725382804871
ACH-000838,24756910,0,0.850555956363678
ACH-000838,24772860,1,0.8159812688827515
ACH-000838,24776445,0,0.769814670085907
ACH-000838,24785538,0,0.7689803242683411
ACH-000838,24825971,0,0.8392322659492493
ACH-000838,24826799,0,0.9037556052207947
ACH-000838,24889392,1,0.889544665813446
ACH-000838,24894414,0,0.9268642663955688
ACH-000838,24951314,0,0.9856928586959839
ACH-000838,24978538,0,0.9996887445449829
ACH-000838,25022668,0,0.9415832757949829
ACH-000838,25102847,0,0.9797633290290833
ACH-000838,25124816,0,0.7949007749557495
ACH-000838,25126798,1,0.9861226081848145
ACH-000838,25167777,0,0.994888961315155
ACH-000838,25195352,0,0.9086722731590271
ACH-000838,25222038,0,0.9908684492111206
ACH-000838,25257557,1,0.9105545878410339
ACH-000838,25262965,0,0.8810037970542908
ACH-000838,2726824,0,0.7744796872138977
ACH-000838,2733526,0,0.9282573461532593
ACH-000838,300471,0,0.6878001689910889
ACH-000838,3005532,0,0.8714174628257751
ACH-000838,3062316,0,0.9858250617980957
ACH-000838,31703,0,0.8742318749427795
ACH-000838,3218,0,0.9925619959831238
ACH-000838,3385,0,0.9990606904029846
ACH-000838,3463933,0,0.9974820017814636
ACH-000838,36314,0,0.5913534164428711
ACH-000838,36462,0,0.9387640953063965
ACH-000838,3796,0,0.7152182459831238
ACH-000838,387447,1,0.9694635272026062
ACH-000838,4261,0,0.6223210096359253
ACH-000838,4263900,0,0.6077189445495605
ACH-000838,42640,0,0.5749139189720154
ACH-000838,42642645,0,0.5916358232498169
ACH-000838,44137675,0,0.6798070073127747
ACH-000838,44143370,1,0.646176815032959
ACH-000838,44182295,0,0.6411683559417725
ACH-000838,44224160,0,0.6622597575187683
ACH-000838,44450571,0,0.6499165296554565
ACH-000838,44462760,0,0.6867433190345764
ACH-000838,444795,0,0.6497170329093933
ACH-000838,44551660,0,0.635650634765625
ACH-000838,44632017,1,0.6639411449432373
ACH-000838,446378,0,0.6004037261009216
ACH-000838,447912,0,0.694616436958313
ACH-000838,448013,0,0.5823684930801392
ACH-000838,44819241,0,0.699499249458313
ACH-000838,46191454,0,0.5939618349075317
ACH-000838,46224516,1,0.7031448483467102
ACH-000838,462382,0,0.5425245761871338
ACH-000838,46843772,1,0.6233911514282227
ACH-000838,46844147,0,0.6360949873924255
ACH-000838,46883536,1,0.6475842595100403
ACH-000838,46885626,0,0.6649601459503174
ACH-000838,46907787,0,0.600060760974884
ACH-000838,46930998,0,0.6688172221183777
ACH-000838,46931012,1,0.6526928544044495
ACH-000838,46943432,1,0.7406708598136902
ACH-000838,49806720,0,0.6531920433044434
ACH-000838,49821040,0,0.5964012742042542
ACH-000838,49836027,0,0.6533472537994385
ACH-000838,4993,0,0.6991121172904968
ACH-000838,5113032,0,0.7210581302642822
ACH-000838,51371303,0,0.7253400683403015
ACH-000838,5208,0,0.7216159701347351
ACH-000838,521106,0,0.7358271479606628
ACH-000838,5278396,0,0.6813586354255676
ACH-000838,5280757,0,0.5797656178474426
ACH-000838,5289247,0,0.7027230858802795
ACH-000838,5291,0,0.6192386746406555
ACH-000838,5311,0,0.6143969297409058
ACH-000838,5311497,0,0.6023318767547607
ACH-000838,5311510,0,0.671501100063324
ACH-000838,5327091,0,0.678947389125824
ACH-000838,5328940,0,0.6340928077697754
ACH-000838,5329102,0,0.6161614656448364
ACH-000838,53302361,0,0.6835924983024597
ACH-000838,5330286,0,0.6369048953056335
ACH-000838,53340664,0,0.7095639109611511
ACH-000838,53394750,1,0.7738670110702515
ACH-000838,5384616,0,0.5935888290405273
ACH-000838,5394,0,0.6707451343536377
ACH-000838,5459322,0,0.629240870475769
ACH-000838,5460769,0,0.5822455286979675
ACH-000838,54676905,1,0.7165396809577942
ACH-000838,54685215,0,0.6084163188934326
ACH-000838,5494449,0,0.7704602479934692
ACH-000838,560326,0,0.6095714569091797
ACH-000838,56962337,1,0.6125750541687012
ACH-000838,56965967,1,0.657084584236145
ACH-000838,5717801,0,0.5492130517959595
ACH-000838,57339144,1,0.6733940243721008
ACH-000838,5746,0,0.6104241013526917
ACH-000838,60750,0,0.6651216149330139
ACH-000838,6253,0,0.6641729474067688
ACH-000838,637858,0,0.6514893174171448
ACH-000838,644215,0,0.6454751491546631
ACH-000838,644241,0,0.7293657660484314
ACH-000838,6445533,0,0.6969601511955261
ACH-000838,6445562,0,0.6519739031791687
ACH-000838,6450551,0,0.6103314757347107
ACH-000838,6450816,0,0.6393275856971741
ACH-000838,6505803,0,0.5785614252090454
ACH-000838,65110,0,0.6876413226127625
ACH-000838,66577006,1,0.6907334923744202
ACH-000838,6710780,0,0.6067337989807129
ACH-000838,6753378,0,0.6290214657783508
ACH-000838,6852167,1,0.6208991408348083
ACH-000838,6914657,0,0.5951153635978699
ACH-000838,6918289,0,0.6030619740486145
ACH-000838,6918454,0,0.6947671175003052
ACH-000838,6918638,0,0.621362566947937
ACH-000838,6918848,0,0.6087082028388977
ACH-000838,704473,1,0.7475751638412476
ACH-000838,71271629,1,0.7186460494995117
ACH-000838,7251185,0,0.6786673665046692
ACH-000838,76044,0,0.617263674736023
ACH-000838,82146,0,0.7254789471626282
ACH-000838,8249,0,0.7140029072761536
ACH-000838,84691,0,0.8215504884719849
ACH-000838,85668777,0,0.6201887726783752
ACH-000838,9549184,0,0.7258062958717346
ACH-000838,9810884,1,0.8080666065216064
ACH-000838,9813758,0,0.7756905555725098
ACH-000838,9826308,0,0.6089929938316345
ACH-000838,9826528,0,0.6036702990531921
ACH-000838,9858940,0,0.7002061605453491
ACH-000838,9863776,0,0.6352637410163879
ACH-000838,9868037,0,0.7278320789337158
ACH-000838,9874913,0,0.6759371161460876
ACH-000838,9884685,0,0.6345272064208984
ACH-000838,9903786,0,0.7150893211364746
ACH-000838,9907093,0,0.6174970865249634
ACH-000838,9910224,0,0.7262983918190002
ACH-000838,9911830,1,0.6606106162071228
ACH-000838,9914412,0,0.6259443163871765
ACH-000838,9931953,0,0.5786776542663574
ACH-000838,9938202,0,0.6837854981422424
ACH-000838,9943465,1,0.6676232218742371
ACH-000838,9952773,0,0.6281403303146362
ACH-000838,9956119,0,0.6682223677635193
ACH-000838,9956222,0,0.6315992474555969
ACH-000838,9967941,0,0.6920859813690186
ACH-000852,10027278,0,0.9900172352790833
ACH-000852,10074640,0,0.9902252554893494
ACH-000852,10077147,0,0.9996968507766724
ACH-000852,10096043,0,0.9087387323379517
ACH-000852,10109823,0,0.9993849992752075
ACH-000852,10113978,0,0.9999958276748657
ACH-000852,10127622,0,0.999613344669342
ACH-000852,10184653,0,0.7941230535507202
ACH-000852,10196499,0,0.9944050312042236
ACH-000852,10200390,0,0.9747251272201538
ACH-000852,10341154,1,0.637442946434021
ACH-000852,10384072,0,0.8560841679573059
ACH-000852,10451420,0,0.8777371048927307
ACH-000852,10459196,0,0.7871412634849548
ACH-000852,104842,0,0.9698062539100647
ACH-000852,11152667,0,0.9945323467254639
ACH-000852,11178236,0,0.38845956325531006
ACH-000852,11282283,0,0.999570906162262
ACH-000852,11316960,0,0.9836358428001404
ACH-000852,11327430,0,0.9977008700370789
ACH-000852,11338033,0,0.9999986886978149
ACH-000852,11373846,0,0.938457190990448
ACH-000852,11404337,0,0.9656069278717041
ACH-000852,11433190,0,0.9436829090118408
ACH-000852,11455910,0,0.9043945670127869
ACH-000852,11485656,0,0.9891934990882874
ACH-000852,11493598,0,0.2558203637599945
ACH-000852,11609586,0,0.9997454285621643
ACH-000852,11617559,1,0.9798623919487
ACH-000852,11624601,0,0.9998902082443237
ACH-000852,11625818,0,0.5687260627746582
ACH-000852,11634725,0,0.9618382453918457
ACH-000852,11640390,0,0.7017186284065247
ACH-000852,11647372,0,0.999774158000946
ACH-000852,11667893,0,0.877349853515625
ACH-000852,11707110,0,0.6983018517494202
ACH-000852,11713159,0,0.765632152557373
ACH-000852,11754511,0,0.9998503923416138
ACH-000852,11960529,0,0.9861300587654114
ACH-000852,11977753,0,0.8633714914321899
ACH-000852,123631,0,0.981825053691864
ACH-000852,126565,0,0.9964918494224548
ACH-000852,126941,0,0.24262569844722748
ACH-000852,1401,0,0.8719974160194397
ACH-000852,148124,0,0.9999568462371826
ACH-000852,156422,0,0.9608297944068909
ACH-000852,159324,0,0.9080626964569092
ACH-000852,16720766,0,0.9831265807151794
ACH-000852,16722836,0,0.9783469438552856
ACH-000852,16725726,0,0.6787038445472717
ACH-000852,16747388,0,0.9975218176841736
ACH-000852,176158,0,0.990013599395752
ACH-000852,176167,0,0.7356393337249756
ACH-000852,17755052,0,0.9993070363998413
ACH-000852,216326,0,0.9770324230194092
ACH-000852,2314623,0,0.9992541670799255
ACH-000852,23725625,0,0.9436514973640442
ACH-000852,2375,1,0.999619722366333
ACH-000852,24180719,0,0.9999943971633911
ACH-000852,24756910,0,0.8429182767868042
ACH-000852,24772860,0,0.9169085025787354
ACH-000852,24776445,0,0.999995231628418
ACH-000852,24785538,0,0.8893947005271912
ACH-000852,24826799,0,0.7957730889320374
ACH-000852,24889392,0,0.9998118281364441
ACH-000852,24894414,0,0.5302688479423523
ACH-000852,24951314,0,0.9989213943481445
ACH-000852,24978538,1,0.9989041090011597
ACH-000852,25022668,0,0.996906578540802
ACH-000852,25102847,0,0.9999561309814453
ACH-000852,25124816,0,0.999948263168335
ACH-000852,25126798,0,0.6330465078353882
ACH-000852,25167777,0,0.9999953508377075
ACH-000852,25195352,0,0.9992771744728088
ACH-000852,25222038,0,0.9963988065719604
ACH-000852,25257557,0,0.9573678970336914
ACH-000852,25262965,0,0.9864365458488464
ACH-000852,2726824,0,0.8905786871910095
ACH-000852,2733526,0,0.9837634563446045
ACH-000852,300471,0,0.8775509595870972
ACH-000852,3005532,0,0.9883883595466614
ACH-000852,31703,0,0.9998400211334229
ACH-000852,3218,0,0.7152177095413208
ACH-000852,3385,0,0.6743916273117065
ACH-000852,3463933,1,0.9999312162399292
ACH-000852,36462,0,0.9999942779541016
ACH-000852,3796,0,0.9971567392349243
ACH-000852,4263900,0,0.5647933483123779
ACH-000852,42640,0,0.533721387386322
ACH-000852,42642645,0,0.5235681533813477
ACH-000852,44137675,0,0.5639696717262268
ACH-000852,44143370,0,0.5713484883308411
ACH-000852,44182295,0,0.6111036539077759
ACH-000852,44224160,0,0.5669748783111572
ACH-000852,44450571,0,0.5564956068992615
ACH-000852,44462760,0,0.6137068271636963
ACH-000852,444795,0,0.5132782459259033
ACH-000852,44551660,0,0.556468665599823
ACH-000852,44632017,0,0.5546990633010864
ACH-000852,446378,0,0.5333020091056824
ACH-000852,447912,0,0.593618631362915
ACH-000852,448013,0,0.5341577529907227
ACH-000852,44819241,0,0.6237484216690063
ACH-000852,46191454,0,0.554161012172699
ACH-000852,46224516,0,0.6981568336486816
ACH-000852,46883536,0,0.5687286853790283
ACH-000852,46885626,0,0.5693337321281433
ACH-000852,46907787,0,0.5357005000114441
ACH-000852,46930998,0,0.5365156531333923
ACH-000852,46931012,0,0.5780335068702698
ACH-000852,46943432,0,0.6131410002708435
ACH-000852,49806720,0,0.5956067442893982
ACH-000852,5113032,0,0.6479371786117554
ACH-000852,51371303,0,0.6263657212257385
ACH-000852,5208,0,0.6561031341552734
ACH-000852,521106,0,0.6813468933105469
ACH-000852,5278396,1,0.5797967910766602
ACH-000852,5280757,1,0.5429732799530029
ACH-000852,5289247,0,0.6447070240974426
ACH-000852,5311,0,0.5924296379089355
ACH-000852,5311497,0,0.5290696620941162
ACH-000852,5327091,0,0.5847914218902588
ACH-000852,5328940,0,0.5617374181747437
ACH-000852,53302361,0,0.5636924505233765
ACH-000852,5330286,0,0.5850521922111511
ACH-000852,53340664,0,0.6019643545150757
ACH-000852,53394750,0,0.659152626991272
ACH-000852,5394,0,0.6217232942581177
ACH-000852,5459322,0,0.5967612862586975
ACH-000852,5460769,0,0.5381279587745667
ACH-000852,54676905,1,0.6332148909568787
ACH-000852,54685215,0,0.5130473971366882
ACH-000852,560326,0,0.5589187741279602
ACH-000852,56962337,0,0.5345401763916016
ACH-000852,56965967,0,0.5546907782554626
ACH-000852,57339144,0,0.6288184523582458
ACH-000852,5746,0,0.5484243035316467
ACH-000852,60750,0,0.574908971786499
ACH-000852,6253,0,0.6238196492195129
ACH-000852,637858,0,0.5930957794189453
ACH-000852,644241,0,0.661779522895813
ACH-000852,6445533,0,0.6745110750198364
ACH-000852,6445562,0,0.537370502948761
ACH-000852,6450551,0,0.5277628302574158
ACH-000852,6450816,0,0.5943366885185242
ACH-000852,6505803,0,0.5253086090087891
ACH-000852,65110,0,0.6950902938842773
ACH-000852,66577006,0,0.6451501250267029
ACH-000852,6710780,0,0.542188286781311
ACH-000852,6753378,0,0.5451602339744568
ACH-000852,6852167,0,0.6144287586212158
ACH-000852,6914657,0,0.5307871103286743
ACH-000852,6918289,0,0.559864342212677
ACH-000852,6918454,0,0.6372894644737244
ACH-000852,6918638,0,0.5931471586227417
ACH-000852,6918848,0,0.5707459449768066
ACH-000852,704473,0,0.7070987224578857
ACH-000852,71271629,0,0.6719568967819214
ACH-000852,82146,0,0.6213138699531555
ACH-000852,8249,0,0.6112823486328125
ACH-000852,84691,0,0.8223602771759033
ACH-000852,85668777,0,0.5475666522979736
ACH-000852,9810884,0,0.7527193427085876
ACH-000852,9813758,0,0.6935370564460754
ACH-000852,9826528,0,0.5859832167625427
ACH-000852,9858940,0,0.6040085554122925
ACH-000852,9863776,0,0.593424916267395
ACH-000852,9868037,0,0.6371665596961975
ACH-000852,9874913,0,0.5623458623886108
ACH-000852,9884685,0,0.5507144331932068
ACH-000852,9903786,0,0.6347804069519043
ACH-000852,9910224,0,0.6316630840301514
ACH-000852,9911830,0,0.6148651838302612
ACH-000852,9914412,0,0.581248939037323
ACH-000852,9931953,0,0.5638510584831238
ACH-000852,9938202,0,0.5922574400901794
ACH-000852,9943465,0,0.6172010898590088
ACH-000852,9952773,0,0.5724694132804871
ACH-000852,9956119,0,0.5730997920036316
ACH-000852,9956222,0,0.5562359690666199
ACH-000852,9967941,0,0.6140121221542358
ACH-000853,10027278,0,0.9827057123184204
ACH-000853,10074640,0,0.9936284422874451
ACH-000853,10077147,0,0.9996637105941772
ACH-000853,10096043,0,0.889300525188446
ACH-000853,10109823,0,0.9989699125289917
ACH-000853,10113978,0,0.9999536275863647
ACH-000853,10127622,0,0.9993404746055603
ACH-000853,10184653,1,0.8607085347175598
ACH-000853,10196499,0,0.9899914264678955
ACH-000853,10200390,0,0.9615498781204224
ACH-000853,10341154,0,0.7259481549263
ACH-000853,10384072,0,0.8653308153152466
ACH-000853,10451420,0,0.9336742162704468
ACH-000853,10459196,0,0.8324233293533325
ACH-000853,104842,0,0.9767728447914124
ACH-000853,11152667,0,0.9845511317253113
ACH-000853,11178236,1,0.47798609733581543
ACH-000853,11282283,0,0.9992280006408691
ACH-000853,11316960,0,0.9858530759811401
ACH-000853,11327430,0,0.9976535439491272
ACH-000853,11338033,0,0.9999954700469971
ACH-000853,11373846,0,0.9537219405174255
ACH-000853,11404337,0,0.9531280994415283
ACH-000853,11433190,0,0.9797613620758057
ACH-000853,11455910,0,0.8468901515007019
ACH-000853,11485656,0,0.9850732684135437
ACH-000853,11493598,0,0.44877898693084717
ACH-000853,11609586,0,0.9997439980506897
ACH-000853,11617559,0,0.9862974882125854
ACH-000853,11624601,1,0.9996819496154785
ACH-000853,11625818,0,0.7545439004898071
ACH-000853,11634725,0,0.9658142924308777
ACH-000853,11640390,0,0.8992775082588196
ACH-000853,11647372,0,0.9996620416641235
ACH-000853,11667893,1,0.8572683930397034
ACH-000853,11707110,0,0.7985274791717529
ACH-000853,11713159,0,0.8365414142608643
ACH-000853,11754511,0,0.9998132586479187
ACH-000853,11960529,0,0.9836893677711487
ACH-000853,11977753,0,0.9259130358695984
ACH-000853,123631,0,0.9874511957168579
ACH-000853,126565,0,0.9929793477058411
ACH-000853,126941,0,0.5103998184204102
ACH-000853,1401,0,0.8859624862670898
ACH-000853,148124,0,0.9996737241744995
ACH-000853,156422,1,0.9352603554725647
ACH-000853,159324,0,0.8346903324127197
ACH-000853,16720766,0,0.9864509105682373
ACH-000853,16722836,0,0.9833193421363831
ACH-000853,16725726,0,0.8446826934814453
ACH-000853,16747388,0,0.9963494539260864
ACH-000853,176167,0,0.8634835481643677
ACH-000853,17755052,0,0.9980460405349731
ACH-000853,216326,0,0.975793182849884
ACH-000853,2314623,1,0.9985256791114807
ACH-000853,23725625,0,0.9470619559288025
ACH-000853,2375,0,0.9990239143371582
ACH-000853,24180719,0,0.9999687671661377
ACH-000853,24756910,0,0.8560368418693542
ACH-000853,24772860,0,0.9220073223114014
ACH-000853,24776445,0,0.9999613761901855
ACH-000853,24785538,0,0.9164039492607117
ACH-000853,24826799,0,0.8061654567718506
ACH-000853,24889392,0,0.9992448091506958
ACH-000853,24894414,0,0.756654679775238
ACH-000853,24951314,0,0.9984719157218933
ACH-000853,24978538,0,0.9997128844261169
ACH-000853,25022668,0,0.9958271384239197
ACH-000853,25102847,0,0.9998237490653992
ACH-000853,25124816,0,0.9997389912605286
ACH-000853,25126798,0,0.8120442032814026
ACH-000853,25167777,0,0.9999889135360718
ACH-000853,25195352,0,0.9987691044807434
ACH-000853,25222038,0,0.9968035221099854
ACH-000853,25257557,1,0.9592077136039734
ACH-000853,25262965,0,0.9803774952888489
ACH-000853,2726824,0,0.8782986998558044
ACH-000853,2733526,0,0.9801133871078491
ACH-000853,300471,1,0.7823564410209656
ACH-000853,3005532,1,0.9803125262260437
ACH-000853,31703,0,0.9996708631515503
ACH-000853,3218,0,0.7620018124580383
ACH-000853,3385,0,0.7433101534843445
ACH-000853,3463933,0,0.9999120235443115
ACH-000853,36462,0,0.9999631643295288
ACH-000853,3796,0,0.9940893650054932
ACH-000853,4263900,0,0.6129928231239319
ACH-000853,42640,0,0.5560718774795532
ACH-000853,42642645,0,0.5399489402770996
ACH-000853,44137675,0,0.6347029209136963
ACH-000853,44143370,0,0.5955387949943542
ACH-000853,44182295,0,0.6261794567108154
ACH-000853,44224160,0,0.634419858455658
ACH-000853,44450571,0,0.5994778871536255
ACH-000853,44462760,0,0.6802692413330078
ACH-000853,444795,0,0.6096979379653931
ACH-000853,44551660,0,0.615470290184021
ACH-000853,44632017,0,0.5933181643486023
ACH-000853,446378,0,0.5891984701156616
ACH-000853,447912,0,0.6738900542259216
ACH-000853,448013,0,0.5698206424713135
ACH-000853,44819241,0,0.6534865498542786
ACH-000853,46191454,0,0.5653939843177795
ACH-000853,46224516,0,0.7191252708435059
ACH-000853,46883536,0,0.6328487992286682
ACH-000853,46885626,0,0.6459437012672424
ACH-000853,46907787,0,0.5666118264198303
ACH-000853,46930998,0,0.5811623930931091
ACH-000853,46931012,0,0.6184598803520203
ACH-000853,46943432,0,0.6899194717407227
ACH-000853,49806720,0,0.6471853852272034
ACH-000853,5113032,0,0.7063965201377869
ACH-000853,51371303,1,0.71051424741745
ACH-000853,5208,0,0.656287431716919
ACH-000853,521106,0,0.7056088447570801
ACH-000853,5278396,0,0.6566282510757446
ACH-000853,5280757,0,0.5835840702056885
ACH-000853,5289247,0,0.6696726679801941
ACH-000853,5311,0,0.6455919742584229
ACH-000853,5311497,0,0.5886464715003967
ACH-000853,5327091,0,0.6450802683830261
ACH-000853,5328940,0,0.585003137588501
ACH-000853,53302361,0,0.6052258610725403
ACH-000853,5330286,0,0.6340743899345398
ACH-000853,53340664,0,0.641228437423706
ACH-000853,53394750,0,0.7457259893417358
ACH-000853,5394,0,0.6482401490211487
ACH-000853,5459322,0,0.6092387437820435
ACH-000853,5460769,0,0.5548748970031738
ACH-000853,54676905,0,0.6598877310752869
ACH-000853,54685215,0,0.5701317191123962
ACH-000853,560326,0,0.5970455408096313
ACH-000853,56962337,0,0.573611319065094
ACH-000853,56965967,0,0.6275380849838257
ACH-000853,57339144,0,0.6597992181777954
ACH-000853,5746,0,0.5948079824447632
ACH-000853,60750,0,0.6424998641014099
ACH-000853,6253,0,0.6690455079078674
ACH-000853,637858,0,0.6583961844444275
ACH-000853,644241,0,0.7263582348823547
ACH-000853,6445533,0,0.7043130397796631
ACH-000853,6445562,0,0.5903497338294983
ACH-000853,6450551,0,0.5876884460449219
ACH-000853,6450816,0,0.6644864678382874
ACH-000853,6505803,0,0.5783640742301941
ACH-000853,65110,0,0.7180202603340149
ACH-000853,66577006,0,0.7073642015457153
ACH-000853,6710780,0,0.5809682607650757
ACH-000853,6753378,0,0.5654280185699463
ACH-000853,6852167,0,0.5811663866043091
ACH-000853,6914657,0,0.5546078085899353
ACH-000853,6918289,0,0.6239566206932068
ACH-000853,6918454,0,0.6415693759918213
ACH-000853,6918638,0,0.622764527797699
ACH-000853,6918848,0,0.6040785312652588
ACH-000853,704473,0,0.771881639957428
ACH-000853,71271629,0,0.73493492603302
ACH-000853,82146,0,0.7065272331237793
ACH-000853,8249,1,0.675121009349823
ACH-000853,84691,0,0.84663325548172
ACH-000853,85668777,0,0.5871118307113647
ACH-000853,9810884,0,0.7517127990722656
ACH-000853,9813758,0,0.7432507872581482
ACH-000853,9826528,0,0.5775545835494995
ACH-000853,9858940,1,0.6876398324966431
ACH-000853,9863776,0,0.6283587217330933
ACH-000853,9868037,0,0.7265706658363342
ACH-000853,9874913,0,0.6418144106864929
ACH-000853,9884685,0,0.5865971446037292
ACH-000853,9903786,0,0.70029217004776
ACH-000853,9910224,0,0.6983169913291931
ACH-000853,9911830,0,0.6523216366767883
ACH-000853,9914412,0,0.6255674958229065
ACH-000853,9931953,0,0.5988380908966064
ACH-000853,9938202,1,0.6437184810638428
ACH-000853,9943465,0,0.6233780980110168
ACH-000853,9952773,0,0.6093741655349731
ACH-000853,9956119,0,0.611430823802948
ACH-000853,9956222,0,0.5910851359367371
ACH-000853,9967941,0,0.6751857995986938
ACH-000885,10027278,0,0.8724268078804016
ACH-000885,10074640,0,0.96755051612854
ACH-000885,10077147,1,0.9976465106010437
ACH-000885,10096043,0,0.8227950930595398
ACH-000885,10109823,0,0.9817149639129639
ACH-000885,10113978,0,0.9954560995101929
ACH-000885,10127622,0,0.9677997827529907
ACH-000885,10184653,1,0.8045899868011475
ACH-000885,10196499,0,0.8963854312896729
ACH-000885,10200390,0,0.9309790134429932
ACH-000885,10341154,0,0.9167807698249817
ACH-000885,10451420,0,0.8473794460296631
ACH-000885,10459196,0,0.7597230076789856
ACH-000885,104842,0,0.9252693057060242
ACH-000885,11152667,0,0.9641239047050476
ACH-000885,11178236,0,0.7462564706802368
ACH-000885,11282283,0,0.9651893377304077
ACH-000885,11316960,0,0.9533872008323669
ACH-000885,11327430,0,0.9677724242210388
ACH-000885,11338033,0,0.9942944645881653
ACH-000885,11373846,0,0.887701690196991
ACH-000885,11404337,0,0.8740156292915344
ACH-000885,11433190,1,0.9460936188697815
ACH-000885,11455910,1,0.8118512630462646
ACH-000885,11485656,0,0.9589909911155701
ACH-000885,11493598,0,0.7875455617904663
ACH-000885,11609586,0,0.9786051511764526
ACH-000885,11617559,0,0.9187491536140442
ACH-000885,11624601,0,0.9873442649841309
ACH-000885,11625818,1,0.8228587508201599
ACH-000885,11634725,0,0.8450357913970947
ACH-000885,11640390,0,0.8973559141159058
ACH-000885,11647372,0,0.9721052050590515
ACH-000885,11667893,0,0.8776360154151917
ACH-000885,11707110,1,0.817743718624115
ACH-000885,11713159,0,0.880759060382843
ACH-000885,11754511,0,0.992588222026825
ACH-000885,11960529,1,0.9612612724304199
ACH-000885,11977753,1,0.9075408577919006
ACH-000885,123631,0,0.9443892240524292
ACH-000885,126565,1,0.971800684928894
ACH-000885,126941,0,0.8275756239891052
ACH-000885,1401,0,0.9120624661445618
ACH-000885,148124,0,0.9703966975212097
ACH-000885,156422,0,0.7831791043281555
ACH-000885,159324,0,0.9057179093360901
ACH-000885,16722836,0,0.9246583580970764
ACH-000885,16725726,0,0.819275438785553
ACH-000885,16747388,0,0.9672832489013672
ACH-000885,176167,1,0.8571752905845642
ACH-000885,17755052,0,0.9387693405151367
ACH-000885,216326,0,0.9690427780151367
ACH-000885,2314623,0,0.978449285030365
ACH-000885,23725625,1,0.9489916563034058
ACH-000885,2375,0,0.971428632736206
ACH-000885,24180719,1,0.9952249526977539
ACH-000885,24756910,0,0.8516328930854797
ACH-000885,24772860,0,0.8354863524436951
ACH-000885,24776445,0,0.9907484650611877
ACH-000885,24785538,0,0.8462974429130554
ACH-000885,24826799,0,0.777751624584198
ACH-000885,24889392,0,0.9654243588447571
ACH-000885,24894414,0,0.8553506135940552
ACH-000885,24951314,0,0.9529325366020203
ACH-000885,24978538,0,0.9758623242378235
ACH-000885,25022668,0,0.9681604504585266
ACH-000885,25102847,0,0.9897358417510986
ACH-000885,25124816,0,0.9886292219161987
ACH-000885,25126798,0,0.8099607229232788
ACH-000885,25167777,0,0.9975786805152893
ACH-000885,25195352,0,0.9296509027481079
ACH-000885,25222038,0,0.9848279356956482
ACH-000885,25257557,0,0.9521178007125854
ACH-000885,25262965,0,0.8924599885940552
ACH-000885,2726824,0,0.838565468788147
ACH-000885,2733526,0,0.9481898546218872
ACH-000885,300471,0,0.7413691878318787
ACH-000885,3005532,0,0.916399359703064
ACH-000885,31703,0,0.9750584363937378
ACH-000885,3218,0,0.8418735265731812
ACH-000885,3385,0,0.941804051399231
ACH-000885,3463933,0,0.9755629301071167
ACH-000885,36462,0,0.9913873076438904
ACH-000885,3796,0,0.9237557053565979
ACH-000885,4263900,1,0.6727026700973511
ACH-000885,42640,0,0.585343062877655
ACH-000885,42642645,0,0.5694108009338379
ACH-000885,44137675,0,0.6662606596946716
ACH-000885,44143370,0,0.6205829977989197
ACH-000885,44182295,0,0.6521485447883606
ACH-000885,44224160,0,0.6478265523910522
ACH-000885,44450571,0,0.6566491723060608
ACH-000885,444795,0,0.6187106370925903
ACH-000885,44551660,0,0.6220206618309021
ACH-000885,44632017,0,0.6217365860939026
ACH-000885,446378,0,0.6404013633728027
ACH-000885,447912,1,0.682847261428833
ACH-000885,448013,0,0.6029863953590393
ACH-000885,44819241,1,0.7112171053886414
ACH-000885,46191454,0,0.6074216365814209
ACH-000885,46224516,0,0.7298264503479004
ACH-000885,46843772,0,0.6524271368980408
ACH-000885,46883536,1,0.6224905252456665
ACH-000885,46885626,0,0.7092416286468506
ACH-000885,46907787,0,0.6124234795570374
ACH-000885,46930998,0,0.5813108682632446
ACH-000885,46931012,0,0.6532056331634521
ACH-000885,46943432,0,0.6944144368171692
ACH-000885,49806720,0,0.6668354272842407
ACH-000885,5113032,0,0.7079735994338989
ACH-000885,51371303,0,0.7135601043701172
ACH-000885,5208,0,0.6949486136436462
ACH-000885,521106,0,0.7362057566642761
ACH-000885,5278396,0,0.6858727931976318
ACH-000885,5280757,0,0.6334710717201233
ACH-000885,5289247,0,0.7081805467605591
ACH-000885,5311,0,0.6730368137359619
ACH-000885,5311497,0,0.6230685710906982
ACH-000885,5327091,0,0.6974772214889526
ACH-000885,5328940,1,0.6034101843833923
ACH-000885,53302361,0,0.6276694536209106
ACH-000885,5330286,0,0.6494231820106506
ACH-000885,53340664,0,0.655910849571228
ACH-000885,53394750,0,0.7249681353569031
ACH-000885,5394,0,0.6584322452545166
ACH-000885,5459322,0,0.6363422274589539
ACH-000885,5460769,0,0.5995340943336487
ACH-000885,54676905,0,0.6792762279510498
ACH-000885,54685215,0,0.6056091785430908
ACH-000885,560326,0,0.6708449721336365
ACH-000885,56962337,1,0.6050381064414978
ACH-000885,56965967,0,0.6637757420539856
ACH-000885,57339144,0,0.6862041354179382
ACH-000885,5746,0,0.6292887926101685
ACH-000885,60750,0,0.69626384973526
ACH-000885,6253,0,0.7165887951850891
ACH-000885,637858,0,0.7115789651870728
ACH-000885,644241,0,0.7157185673713684
ACH-000885,6445533,0,0.7333385944366455
ACH-000885,6445562,0,0.6239045858383179
ACH-000885,6450551,0,0.6239471435546875
ACH-000885,6450816,0,0.6594541668891907
ACH-000885,6505803,1,0.6192618012428284
ACH-000885,65110,0,0.7238084077835083
ACH-000885,66577006,0,0.6921083331108093
ACH-000885,6710780,0,0.6104938387870789
ACH-000885,6753378,0,0.6091716289520264
ACH-000885,6852167,0,0.6130509376525879
ACH-000885,6914657,0,0.579298734664917
ACH-000885,6918289,1,0.6664773225784302
ACH-000885,6918454,0,0.6613898873329163
ACH-000885,6918638,0,0.6581229567527771
ACH-000885,6918848,0,0.6311163306236267
ACH-000885,704473,0,0.7864344120025635
ACH-000885,71271629,0,0.7432397603988647
ACH-000885,82146,0,0.7107648253440857
ACH-000885,8249,0,0.6612456440925598
ACH-000885,84691,1,0.8480260372161865
ACH-000885,85668777,0,0.6286370158195496
ACH-000885,9810884,0,0.762169599533081
ACH-000885,9813758,0,0.7346254587173462
ACH-000885,9826528,0,0.6171654462814331
ACH-000885,9858940,0,0.6843409538269043
ACH-000885,9863776,0,0.6921756267547607
ACH-000885,9868037,0,0.7167057394981384
ACH-000885,9874913,0,0.6842712163925171
ACH-000885,9884685,0,0.6121376156806946
ACH-000885,9903786,0,0.7187989354133606
ACH-000885,9910224,0,0.7009398341178894
ACH-000885,9911830,1,0.6601594686508179
ACH-000885,9914412,1,0.6501725316047668
ACH-000885,9931953,0,0.6269158720970154
ACH-000885,9938202,1,0.6592459678649902
ACH-000885,9943465,0,0.6898055076599121
ACH-000885,9952773,0,0.6264806985855103
ACH-000885,9956119,0,0.6360697746276855
ACH-000885,9956222,0,0.6170995235443115
ACH-000885,9967941,0,0.6669493913650513
ACH-000888,10027278,0,0.9976598024368286
ACH-000888,10074640,0,0.9950630068778992
ACH-000888,10096043,0,0.937491238117218
ACH-000888,10109823,0,0.9996871948242188
ACH-000888,10113978,0,0.9999998807907104
ACH-000888,10196499,0,0.9984508752822876
ACH-000888,10200390,0,0.9766789078712463
ACH-000888,10451420,0,0.9825840592384338
ACH-000888,104842,0,0.9766029119491577
ACH-000888,11178236,0,0.4611370265483856
ACH-000888,11282283,0,0.9999617338180542
ACH-000888,11338033,0,1.0
ACH-000888,11373846,0,0.9899173378944397
ACH-000888,11404337,0,0.9955329895019531
ACH-000888,11455910,0,0.9091407656669617
ACH-000888,11485656,0,0.9973993301391602
ACH-000888,11493598,0,0.22967617213726044
ACH-000888,11609586,0,0.9999890327453613
ACH-000888,11617559,0,0.993331253528595
ACH-000888,11625818,0,0.6772891283035278
ACH-000888,11634725,0,0.9896492958068848
ACH-000888,11640390,0,0.805341899394989
ACH-000888,11647372,0,0.9999819993972778
ACH-000888,11707110,0,0.8865365982055664
ACH-000888,11754511,0,0.9999697208404541
ACH-000888,159324,0,0.9137490391731262
ACH-000888,16720766,0,0.9911461472511292
ACH-000888,16722836,0,0.9982953667640686
ACH-000888,16725726,0,0.8920096755027771
ACH-000888,16747388,0,0.9993775486946106
ACH-000888,176167,0,0.8655693531036377
ACH-000888,2314623,0,0.9998632669448853
ACH-000888,2375,0,0.9999713897705078
ACH-000888,24756910,0,0.9351306557655334
ACH-000888,24772860,0,0.9660770297050476
ACH-000888,24785538,0,0.9641077518463135
ACH-000888,24826799,0,0.8764928579330444
ACH-000888,24889392,0,0.9999626874923706
ACH-000888,24894414,0,0.5635736584663391
ACH-000888,24951314,0,0.9998652935028076
ACH-000888,25022668,0,0.9991614818572998
ACH-000888,25102847,0,0.9999864101409912
ACH-000888,25124816,0,0.9999922513961792
ACH-000888,25126798,0,0.7510334849357605
ACH-000888,25167777,0,0.9999995231628418
ACH-000888,25195352,0,0.9999439716339111
ACH-000888,25222038,0,0.9995890259742737
ACH-000888,25257557,0,0.9919713735580444
ACH-000888,2726824,0,0.9308615922927856
ACH-000888,2733526,0,0.9944435954093933
ACH-000888,3005532,0,0.9954324960708618
ACH-000888,31703,0,0.9999850988388062
ACH-000888,3218,0,0.8520222306251526
ACH-000888,3385,0,0.44539138674736023
ACH-000888,36462,0,0.9999995231628418
ACH-000888,3796,0,0.9994297623634338
ACH-000888,4263900,0,0.7345156669616699
ACH-000888,42640,0,0.6474931836128235
ACH-000888,42642645,0,0.5955182313919067
ACH-000888,44137675,0,0.7853467464447021
ACH-000888,44143370,0,0.74185711145401
ACH-000888,44224160,0,0.7132687568664551
ACH-000888,44462760,0,0.8477547764778137
ACH-000888,44551660,0,0.6780422329902649
ACH-000888,44632017,0,0.6820532083511353
ACH-000888,446378,0,0.7275903224945068
ACH-000888,447912,0,0.8503018021583557
ACH-000888,448013,0,0.6366472244262695
ACH-000888,44819241,0,0.7321677207946777
ACH-000888,46191454,0,0.6234466433525085
ACH-000888,46224516,0,0.799341082572937
ACH-000888,46883536,0,0.7435727119445801
ACH-000888,46885626,0,0.7763559818267822
ACH-000888,46907787,0,0.6505264639854431
ACH-000888,46931012,0,0.7640261650085449
ACH-000888,46943432,0,0.8151741027832031
ACH-000888,49806720,0,0.8201847672462463
ACH-000888,5113032,0,0.7717293500900269
ACH-000888,51371303,0,0.8171543478965759
ACH-000888,5208,0,0.7591065168380737
ACH-000888,521106,0,0.7546871304512024
ACH-000888,5280757,0,0.741092324256897
ACH-000888,5289247,0,0.7695716023445129
ACH-000888,5311497,0,0.7142928242683411
ACH-000888,5327091,0,0.7438690662384033
ACH-000888,53302361,0,0.7494799494743347
ACH-000888,53340664,0,0.7723538279533386
ACH-000888,53394750,0,0.9120996594429016
ACH-000888,5394,0,0.7281323075294495
ACH-000888,5459322,0,0.756145179271698
ACH-000888,5460769,0,0.7106407284736633
ACH-000888,54676905,0,0.7956587076187134
ACH-000888,54685215,0,0.6803342700004578
ACH-000888,560326,0,0.6254684925079346
ACH-000888,56962337,0,0.7041483521461487
ACH-000888,56965967,0,0.7725221514701843
ACH-000888,57339144,0,0.8036970496177673
ACH-000888,5746,0,0.6560520529747009
ACH-000888,60750,0,0.7642737627029419
ACH-000888,637858,0,0.7301154136657715
ACH-000888,6445533,0,0.7814279794692993
ACH-000888,6445562,0,0.7503445148468018
ACH-000888,6450816,0,0.8423856496810913
ACH-000888,66577006,0,0.861274003982544
ACH-000888,6753378,0,0.6563206315040588
ACH-000888,6852167,0,0.661756694316864
ACH-000888,6914657,0,0.6261143684387207
ACH-000888,6918638,0,0.7482964992523193
ACH-000888,6918848,0,0.6628327369689941
ACH-000888,704473,0,0.8377687931060791
ACH-000888,71271629,0,0.8744329810142517
ACH-000888,82146,0,0.8148452043533325
ACH-000888,8249,0,0.7516965270042419
ACH-000888,85668777,0,0.647819459438324
ACH-000888,9810884,0,0.855934739112854
ACH-000888,9813758,0,0.8562567830085754
ACH-000888,9858940,0,0.8247701525688171
ACH-000888,9863776,0,0.7594708800315857
ACH-000888,9868037,0,0.8564921021461487
ACH-000888,9874913,0,0.7178059220314026
ACH-000888,9884685,0,0.667525053024292
ACH-000888,9903786,0,0.7735750675201416
ACH-000888,9910224,0,0.8525350093841553
ACH-000888,9911830,0,0.7416941523551941
ACH-000888,9931953,0,0.7560632824897766
ACH-000888,9938202,0,0.7394914031028748
ACH-000888,9952773,0,0.6821919679641724
ACH-000888,9956119,0,0.7816394567489624
ACH-000888,9956222,0,0.6856455206871033
ACH-000888,9967941,0,0.8017316460609436
ACH-000893,10027278,0,0.9818249344825745
ACH-000893,10074640,0,0.9371097087860107
ACH-000893,10077147,0,0.9879319071769714
ACH-000893,10096043,0,0.8498188853263855
ACH-000893,10109823,0,0.9636986255645752
ACH-000893,10113978,0,0.9810081124305725
ACH-000893,10127622,0,0.9516087174415588
ACH-000893,10184653,0,0.8906822204589844
ACH-000893,10196499,0,0.9483755230903625
ACH-000893,10200390,0,0.9471155405044556
ACH-000893,10341154,0,0.9313744902610779
ACH-000893,10384072,0,0.8591819405555725
ACH-000893,10451420,0,0.9546844363212585
ACH-000893,10459196,0,0.798007607460022
ACH-000893,104842,0,0.9273778200149536
ACH-000893,11152667,0,0.9531270861625671
ACH-000893,11178236,0,0.7670028209686279
ACH-000893,11282283,0,0.9852238893508911
ACH-000893,11316960,0,0.9615001678466797
ACH-000893,11327430,0,0.9732245802879333
ACH-000893,11338033,0,0.9934049248695374
ACH-000893,11373846,0,0.9349797964096069
ACH-000893,11404337,0,0.9323630332946777
ACH-000893,11433190,0,0.9469417929649353
ACH-000893,11455910,0,0.9282896518707275
ACH-000893,11485656,0,0.9547635316848755
ACH-000893,11493598,0,0.8355668187141418
ACH-000893,11609586,1,0.9838528633117676
ACH-000893,11617559,0,0.9556551575660706
ACH-000893,11624601,0,0.9684961438179016
ACH-000893,11625818,0,0.9228816032409668
ACH-000893,11634725,0,0.9313236474990845
ACH-000893,11640390,0,0.9178474545478821
ACH-000893,11647372,0,0.9622668027877808
ACH-000893,11667893,0,0.822690486907959
ACH-000893,11707110,0,0.9062131643295288
ACH-000893,11713159,0,0.8827710747718811
ACH-000893,11754511,0,0.9950879216194153
ACH-000893,11960529,0,0.9636071920394897
ACH-000893,11977753,0,0.9135927557945251
ACH-000893,123631,0,0.9506523609161377
ACH-000893,126565,0,0.9772321581840515
ACH-000893,126941,0,0.917517364025116
ACH-000893,1401,0,0.9301472306251526
ACH-000893,148124,0,0.9675763249397278
ACH-000893,156422,0,0.9579087495803833
ACH-000893,159324,0,0.893095850944519
ACH-000893,16720766,0,0.9690704345703125
ACH-000893,16722836,0,0.9582909941673279
ACH-000893,16725726,0,0.9283439517021179
ACH-000893,16747388,0,0.9720965623855591
ACH-000893,176158,0,0.9313819408416748
ACH-000893,176167,0,0.8972877860069275
ACH-000893,17755052,0,0.9826651811599731
ACH-000893,216326,0,0.948280394077301
ACH-000893,2314623,1,0.9739660620689392
ACH-000893,23725625,0,0.8981269598007202
ACH-000893,2375,0,0.9793842434883118
ACH-000893,24180719,0,0.9898282289505005
ACH-000893,24756910,0,0.8687198162078857
ACH-000893,24772860,0,0.8444616198539734
ACH-000893,24776445,0,0.9909524917602539
ACH-000893,24785538,0,0.873747706413269
ACH-000893,24826799,0,0.8179019093513489
ACH-000893,24889392,0,0.9760394096374512
ACH-000893,24894414,0,0.8962758779525757
ACH-000893,24951314,0,0.9675219655036926
ACH-000893,24978538,0,0.9887911081314087
ACH-000893,25022668,0,0.9709687829017639
ACH-000893,25102847,0,0.9935966730117798
ACH-000893,25124816,0,0.9848783612251282
ACH-000893,25126798,0,0.8735405206680298
ACH-000893,25167777,0,0.9912689924240112
ACH-000893,25195352,0,0.9754499197006226
ACH-000893,25222038,0,0.9725939035415649
ACH-000893,25257557,0,0.966918408870697
ACH-000893,25262965,0,0.9511195421218872
ACH-000893,2726824,0,0.8748481869697571
ACH-000893,2733526,0,0.9511072635650635
ACH-000893,300471,0,0.8528578281402588
ACH-000893,3005532,0,0.8908904194831848
ACH-000893,31703,0,0.9669934511184692
ACH-000893,3218,0,0.941611647605896
ACH-000893,3385,0,0.9575102925300598
ACH-000893,3463933,0,0.9782852530479431
ACH-000893,36462,0,0.9931024312973022
ACH-000893,3796,0,0.9436404705047607
ACH-000893,4263900,0,0.7254694104194641
ACH-000893,42640,0,0.6546127200126648
ACH-000893,42642645,0,0.6625122427940369
ACH-000893,44137675,0,0.7914134860038757
ACH-000893,44143370,0,0.7511247992515564
ACH-000893,44182295,0,0.7612059712409973
ACH-000893,44224160,0,0.7634220719337463
ACH-000893,44450571,0,0.7323389053344727
ACH-000893,44462760,0,0.7920366525650024
ACH-000893,444795,0,0.7470563054084778
ACH-000893,44551660,0,0.730613648891449
ACH-000893,44632017,0,0.7233660221099854
ACH-000893,446378,0,0.6897844076156616
ACH-000893,447912,0,0.7812696099281311
ACH-000893,448013,0,0.648875892162323
ACH-000893,44819241,1,0.820600152015686
ACH-000893,46191454,0,0.679189145565033
ACH-000893,46224516,0,0.8359575271606445
ACH-000893,46843772,0,0.7216264009475708
ACH-000893,46883536,0,0.7646964192390442
ACH-000893,46885626,0,0.8142661452293396
ACH-000893,46907787,0,0.6707506775856018
ACH-000893,46930998,0,0.7135419845581055
ACH-000893,46931012,0,0.8022499084472656
ACH-000893,46943432,0,0.8242163062095642
ACH-000893,49806720,0,0.7634874582290649
ACH-000893,5113032,0,0.8554189801216125
ACH-000893,51371303,1,0.8157687783241272
ACH-000893,5208,0,0.8526267409324646
ACH-000893,521106,0,0.8342791199684143
ACH-000893,5278396,0,0.7993447184562683
ACH-000893,5280757,0,0.7116593718528748
ACH-000893,5289247,0,0.8286447525024414
ACH-000893,5311,0,0.7331538796424866
ACH-000893,5311497,0,0.7213580012321472
ACH-000893,5327091,0,0.762134850025177
ACH-000893,5328940,0,0.7292383909225464
ACH-000893,53302361,0,0.7590638399124146
ACH-000893,5330286,0,0.7475168108940125
ACH-000893,53340664,0,0.7885557413101196
ACH-000893,53394750,0,0.8817583322525024
ACH-000893,5394,0,0.8045621514320374
ACH-000893,5459322,0,0.7535367608070374
ACH-000893,5460769,0,0.6576036214828491
ACH-000893,54676905,0,0.8028883337974548
ACH-000893,54685215,0,0.7045060992240906
ACH-000893,560326,0,0.6922150254249573
ACH-000893,56962337,0,0.6760637164115906
ACH-000893,56965967,0,0.7939195036888123
ACH-000893,57339144,0,0.8271096348762512
ACH-000893,5746,1,0.6975635886192322
ACH-000893,60750,0,0.7457238435745239
ACH-000893,6253,0,0.7787413597106934
ACH-000893,637858,0,0.7782205939292908
ACH-000893,644241,0,0.8365148901939392
ACH-000893,6445533,0,0.8252250552177429
ACH-000893,6445562,0,0.769207775592804
ACH-000893,6450551,0,0.6819289326667786
ACH-000893,6450816,0,0.7718472480773926
ACH-000893,6505803,0,0.6716105341911316
ACH-000893,65110,0,0.8394544720649719
ACH-000893,66577006,0,0.8345407843589783
ACH-000893,6710780,0,0.7144839763641357
ACH-000893,6753378,0,0.68345046043396
ACH-000893,6852167,0,0.7240033149719238
ACH-000893,6914657,0,0.6494797468185425
ACH-000893,6918289,0,0.7392966151237488
ACH-000893,6918454,0,0.8179538249969482
ACH-000893,6918638,0,0.7350905537605286
ACH-000893,6918848,0,0.7199008464813232
ACH-000893,704473,0,0.8859561681747437
ACH-000893,71271629,0,0.8651064038276672
ACH-000893,82146,0,0.8175029754638672
ACH-000893,8249,0,0.8096638321876526
ACH-000893,84691,0,0.9359998106956482
ACH-000893,85668777,0,0.7026491761207581
ACH-000893,9810884,0,0.9103459715843201
ACH-000893,9813758,0,0.8720465302467346
ACH-000893,9826528,0,0.7160505652427673
ACH-000893,9858940,0,0.8198495507240295
ACH-000893,9863776,0,0.7825157046318054
ACH-000893,9868037,0,0.8311278223991394
ACH-000893,9874913,0,0.7785109281539917
ACH-000893,9884685,0,0.7223722338676453
ACH-000893,9903786,0,0.8538671731948853
ACH-000893,9910224,0,0.853312611579895
ACH-000893,9911830,0,0.8004735112190247
ACH-000893,9914412,0,0.7534452676773071
ACH-000893,9931953,1,0.6991037726402283
ACH-000893,9938202,1,0.762078583240509
ACH-000893,9943465,0,0.7869660258293152
ACH-000893,9952773,0,0.7259384393692017
ACH-000893,9956119,0,0.7659248113632202
ACH-000893,9956222,0,0.7331854701042175
ACH-000893,9967941,0,0.8221471905708313
ACH-000895,10077147,0,0.987662672996521
ACH-000895,10127622,0,0.8414230346679688
ACH-000895,10184653,0,0.8278314471244812
ACH-000895,10341154,0,0.9882122874259949
ACH-000895,10384072,0,0.8004253506660461
ACH-000895,10459196,0,0.8080984354019165
ACH-000895,104842,0,0.924649715423584
ACH-000895,11152667,0,0.9564967751502991
ACH-000895,11316960,1,0.8901330232620239
ACH-000895,11327430,0,0.8960362672805786
ACH-000895,11433190,0,0.9319307804107666
ACH-000895,11455910,0,0.9613640308380127
ACH-000895,11609586,0,0.9164376258850098
ACH-000895,11624601,0,0.8449618220329285
ACH-000895,11667893,0,0.7411847114562988
ACH-000895,11707110,1,0.8776331543922424
ACH-000895,11960529,0,0.9695539474487305
ACH-000895,11977753,0,0.9188141822814941
ACH-000895,123631,0,0.8806241154670715
ACH-000895,126565,0,0.967048704624176
ACH-000895,126941,0,0.9870538115501404
ACH-000895,1401,0,0.9077078104019165
ACH-000895,148124,0,0.8236473202705383
ACH-000895,156422,0,0.9012048840522766
ACH-000895,16720766,0,0.9412752985954285
ACH-000895,176158,0,0.8786090016365051
ACH-000895,17755052,0,0.9279913306236267
ACH-000895,216326,0,0.8867149353027344
ACH-000895,2314623,0,0.9252825379371643
ACH-000895,23725625,0,0.9358845353126526
ACH-000895,24180719,1,0.9533681273460388
ACH-000895,24776445,0,0.9038060307502747
ACH-000895,24978538,0,0.9811556339263916
ACH-000895,25262965,0,0.9235647320747375
ACH-000895,2726824,0,0.8229268789291382
ACH-000895,2733526,0,0.8649735450744629
ACH-000895,300471,0,0.7463181614875793
ACH-000895,44182295,1,0.6182420253753662
ACH-000895,44450571,0,0.6191043853759766
ACH-000895,444795,0,0.6190943121910095
ACH-000895,44632017,0,0.6186745166778564
ACH-000895,44819241,0,0.6614753603935242
ACH-000895,46843772,0,0.6144283413887024
ACH-000895,46930998,0,0.6262159943580627
ACH-000895,51371303,0,0.698868989944458
ACH-000895,5278396,0,0.6635562181472778
ACH-000895,5311,0,0.6705262660980225
ACH-000895,5327091,0,0.6250206828117371
ACH-000895,5328940,0,0.5999739170074463
ACH-000895,5330286,0,0.6321285963058472
ACH-000895,5394,0,0.6821573972702026
ACH-000895,54685215,0,0.5921416282653809
ACH-000895,56962337,0,0.5610871315002441
ACH-000895,57339144,0,0.6687130331993103
ACH-000895,6253,0,0.6136362552642822
ACH-000895,637858,0,0.6665662527084351
ACH-000895,644241,0,0.7418545484542847
ACH-000895,6450551,0,0.595575749874115
ACH-000895,6505803,0,0.5682647824287415
ACH-000895,65110,0,0.7293376922607422
ACH-000895,6710780,0,0.5891770124435425
ACH-000895,6914657,0,0.5787985920906067
ACH-000895,6918289,0,0.6111380457878113
ACH-000895,6918454,1,0.6751372218132019
ACH-000895,71271629,0,0.7000978589057922
ACH-000895,84691,0,0.8528532385826111
ACH-000895,85668777,0,0.615793764591217
ACH-000895,9826528,1,0.5845842957496643
ACH-000895,9858940,0,0.6720600724220276
ACH-000895,9863776,0,0.637267529964447
ACH-000895,9914412,0,0.654791533946991
ACH-000895,9931953,0,0.5744184851646423
ACH-000895,9938202,0,0.6447916030883789
ACH-000895,9943465,0,0.646786093711853
ACH-000903,10027278,0,0.9774657487869263
ACH-000903,10074640,0,0.9760270714759827
ACH-000903,10077147,0,0.998239278793335
ACH-000903,10096043,0,0.8526970148086548
ACH-000903,10109823,0,0.9926201701164246
ACH-000903,10113978,0,0.9990662932395935
ACH-000903,10127622,0,0.9942546486854553
ACH-000903,10184653,0,0.899124026298523
ACH-000903,10196499,0,0.9625237584114075
ACH-000903,10200390,0,0.9463402628898621
ACH-000903,10341154,1,0.926914632320404
ACH-000903,10384072,0,0.8835462331771851
ACH-000903,10451420,0,0.9502458572387695
ACH-000903,10459196,0,0.7992523908615112
ACH-000903,104842,0,0.9522156119346619
ACH-000903,11152667,0,0.9803155064582825
ACH-000903,11178236,0,0.747291624546051
ACH-000903,11282283,1,0.9950358271598816
ACH-000903,11316960,0,0.9789653420448303
ACH-000903,11327430,0,0.9849475026130676
ACH-000903,11338033,0,0.9995367527008057
ACH-000903,11373846,0,0.9546103477478027
ACH-000903,11404337,0,0.9352929592132568
ACH-000903,11433190,0,0.9803731441497803
ACH-000903,11455910,0,0.9303832650184631
ACH-000903,11485656,0,0.9815973043441772
ACH-000903,11493598,0,0.7507957816123962
ACH-000903,11609586,0,0.9983950257301331
ACH-000903,11617559,0,0.969971776008606
ACH-000903,11624601,0,0.9956691265106201
ACH-000903,11625818,0,0.852895200252533
ACH-000903,11634725,0,0.9341632127761841
ACH-000903,11640390,0,0.952409565448761
ACH-000903,11647372,0,0.9951958060264587
ACH-000903,11667893,0,0.8967227339744568
ACH-000903,11707110,0,0.8923836350440979
ACH-000903,11713159,0,0.8919149041175842
ACH-000903,11754511,0,0.9989575147628784
ACH-000903,11960529,0,0.9877975583076477
ACH-000903,11977753,0,0.9402605891227722
ACH-000903,123631,0,0.9687157869338989
ACH-000903,126565,0,0.9876447319984436
ACH-000903,126941,0,0.8384592533111572
ACH-000903,1401,0,0.9183677434921265
ACH-000903,148124,1,0.9939026832580566
ACH-000903,156422,0,0.9465160965919495
ACH-000903,159324,0,0.9256619811058044
ACH-000903,16720766,0,0.9787907004356384
ACH-000903,16722836,0,0.9817891716957092
ACH-000903,16725726,0,0.9025452733039856
ACH-000903,16747388,0,0.9920990467071533
ACH-000903,176158,0,0.9703602194786072
ACH-000903,176167,0,0.9157750010490417
ACH-000903,17755052,0,0.9849453568458557
ACH-000903,216326,0,0.9581935405731201
ACH-000903,2314623,0,0.9944316744804382
ACH-000903,23725625,0,0.9488577842712402
ACH-000903,2375,0,0.9973474740982056
ACH-000903,24180719,0,0.9993889331817627
ACH-000903,24756910,0,0.882819652557373
ACH-000903,24772860,0,0.9099406599998474
ACH-000903,24776445,0,0.9992740750312805
ACH-000903,24785538,0,0.9310570359230042
ACH-000903,24826799,0,0.8317570090293884
ACH-000903,24889392,0,0.9942622184753418
ACH-000903,24894414,0,0.8386353850364685
ACH-000903,24951314,0,0.9874997735023499
ACH-000903,24978538,0,0.9954946041107178
ACH-000903,25022668,0,0.984793484210968
ACH-000903,25102847,0,0.9984083771705627
ACH-000903,25124816,0,0.9975340366363525
ACH-000903,25126798,0,0.8716066479682922
ACH-000903,25167777,0,0.9992918968200684
ACH-000903,25195352,0,0.9926460981369019
ACH-000903,25222038,0,0.9934681057929993
ACH-000903,25257557,0,0.9817662239074707
ACH-000903,25262965,0,0.9646698832511902
ACH-000903,2726824,0,0.9007549285888672
ACH-000903,2733526,0,0.9684154391288757
ACH-000903,300471,0,0.8233259320259094
ACH-000903,3005532,1,0.9609335660934448
ACH-000903,31703,0,0.996852695941925
ACH-000903,3218,0,0.9413763284683228
ACH-000903,3385,0,0.9671788215637207
ACH-000903,3463933,0,0.9958362579345703
ACH-000903,36462,0,0.999245285987854
ACH-000903,3796,0,0.9815511703491211
ACH-000903,4263900,0,0.7495061755180359
ACH-000903,42640,0,0.6537958383560181
ACH-000903,42642645,0,0.6106917858123779
ACH-000903,44137675,0,0.7617904543876648
ACH-000903,44143370,0,0.73748779296875
ACH-000903,44182295,0,0.7660788893699646
ACH-000903,44224160,0,0.7095240950584412
ACH-000903,44450571,0,0.7059656381607056
ACH-000903,44462760,0,0.8397389054298401
ACH-000903,444795,0,0.7057031393051147
ACH-000903,44551660,0,0.7060003876686096
ACH-000903,44632017,0,0.6796979904174805
ACH-000903,446378,0,0.7247785925865173
ACH-000903,447912,0,0.825249195098877
ACH-000903,448013,0,0.6586363315582275
ACH-000903,44819241,0,0.7866512537002563
ACH-000903,46191454,0,0.6721466183662415
ACH-000903,46224516,0,0.8452765941619873
ACH-000903,46843772,0,0.7312913537025452
ACH-000903,46883536,0,0.7642253041267395
ACH-000903,46885626,0,0.7694233655929565
ACH-000903,46907787,0,0.6889165043830872
ACH-000903,46930998,0,0.6602081656455994
ACH-000903,46931012,0,0.738998293876648
ACH-000903,46943432,0,0.8176360130310059
ACH-000903,49806720,0,0.8038778305053711
ACH-000903,5113032,0,0.813066840171814
ACH-000903,51371303,0,0.8259040713310242
ACH-000903,5208,0,0.778375506401062
ACH-000903,521106,0,0.8012279868125916
ACH-000903,5278396,0,0.759085476398468
ACH-000903,5280757,1,0.7327966690063477
ACH-000903,5289247,0,0.8160810470581055
ACH-000903,5311,0,0.7521147727966309
ACH-000903,5311497,0,0.6952870488166809
ACH-000903,5327091,0,0.7560160756111145
ACH-000903,5328940,0,0.7080843448638916
ACH-000903,53302361,0,0.7337794303894043
ACH-000903,5330286,0,0.76594477891922
ACH-000903,53340664,0,0.7693898677825928
ACH-000903,53394750,0,0.885762631893158
ACH-000903,5394,0,0.7727524638175964
ACH-000903,5459322,0,0.7604767680168152
ACH-000903,5460769,0,0.7030019164085388
ACH-000903,54676905,0,0.7609759569168091
ACH-000903,54685215,0,0.6536059975624084
ACH-000903,560326,0,0.7130703926086426
ACH-000903,56962337,0,0.6842610239982605
ACH-000903,56965967,0,0.7544653415679932
ACH-000903,57339144,0,0.8020356297492981
ACH-000903,5746,0,0.6839662790298462
ACH-000903,60750,0,0.7682227492332458
ACH-000903,6253,0,0.7676061987876892
ACH-000903,637858,0,0.7728962898254395
ACH-000903,644241,0,0.8651654720306396
ACH-000903,6445533,0,0.8266345262527466
ACH-000903,6445562,0,0.7176203727722168
ACH-000903,6450551,0,0.6631790995597839
ACH-000903,6450816,0,0.8342018723487854
ACH-000903,6505803,0,0.6961939334869385
ACH-000903,65110,0,0.853507399559021
ACH-000903,66577006,0,0.8525042533874512
ACH-000903,6710780,0,0.7004982829093933
ACH-000903,6753378,0,0.6827799081802368
ACH-000903,6852167,0,0.7162905335426331
ACH-000903,6914657,0,0.6396446228027344
ACH-000903,6918289,0,0.7714702486991882
ACH-000903,6918454,0,0.7869353890419006
ACH-000903,6918638,0,0.7720823884010315
ACH-000903,6918848,0,0.6838224530220032
ACH-000903,704473,0,0.8787001967430115
ACH-000903,71271629,0,0.8690457940101624
ACH-000903,82146,0,0.8248745799064636
ACH-000903,8249,0,0.7474152445793152
ACH-000903,84691,0,0.933901309967041
ACH-000903,85668777,0,0.666693925857544
ACH-000903,9810884,0,0.852776288986206
ACH-000903,9813758,0,0.8912709355354309
ACH-000903,9826528,0,0.7032738924026489
ACH-000903,9858940,0,0.8278801441192627
ACH-000903,9863776,0,0.7852193713188171
ACH-000903,9868037,0,0.8636454343795776
ACH-000903,9874913,0,0.7480663657188416
ACH-000903,9884685,0,0.657993495464325
ACH-000903,9903786,0,0.7968323826789856
ACH-000903,9910224,0,0.8545609712600708
ACH-000903,9911830,0,0.7687633633613586
ACH-000903,9914412,0,0.7309925556182861
ACH-000903,9931953,0,0.7491878867149353
ACH-000903,9938202,0,0.7491343021392822
ACH-000903,9943465,0,0.7710598707199097
ACH-000903,9952773,0,0.6961959600448608
ACH-000903,9956119,0,0.7651288509368896
ACH-000903,9956222,0,0.6889798641204834
ACH-000903,9967941,0,0.8099892735481262
ACH-000911,10027278,0,0.9672242403030396
ACH-000911,10074640,0,0.9880924820899963
ACH-000911,10077147,0,0.9988635778427124
ACH-000911,10096043,0,0.8186149001121521
ACH-000911,10109823,0,0.9925966262817383
ACH-000911,10113978,0,0.9982794523239136
ACH-000911,10127622,1,0.9938249588012695
ACH-000911,10196499,1,0.9669212102890015
ACH-000911,10200390,0,0.9620497226715088
ACH-000911,10384072,0,0.900862455368042
ACH-000911,10451420,0,0.8699737787246704
ACH-000911,10459196,0,0.7953524589538574
ACH-000911,104842,0,0.9676918387413025
ACH-000911,11178236,0,0.6570420265197754
ACH-000911,11282283,0,0.9948299527168274
ACH-000911,11316960,0,0.9793477654457092
ACH-000911,11327430,0,0.9925468564033508
ACH-000911,11338033,0,0.9996497631072998
ACH-000911,11373846,0,0.9165513515472412
ACH-000911,11404337,0,0.8724697232246399
ACH-000911,11433190,0,0.9688102006912231
ACH-000911,11455910,0,0.8664281368255615
ACH-000911,11485656,0,0.970624566078186
ACH-000911,11493598,0,0.8270635604858398
ACH-000911,11609586,0,0.9963451027870178
ACH-000911,11617559,0,0.9717740416526794
ACH-000911,11624601,0,0.9962630867958069
ACH-000911,11625818,0,0.898030698299408
ACH-000911,11634725,0,0.9166774749755859
ACH-000911,11640390,0,0.9488017559051514
ACH-000911,11647372,0,0.9887689352035522
ACH-000911,11667893,0,0.8513703942298889
ACH-000911,11707110,1,0.8819724917411804
ACH-000911,11713159,0,0.9227209091186523
ACH-000911,11754511,0,0.9992640614509583
ACH-000911,11977753,1,0.9364144802093506
ACH-000911,1401,0,0.9206695556640625
ACH-000911,156422,0,0.9074811935424805
ACH-000911,159324,0,0.9155511856079102
ACH-000911,16720766,0,0.977016031742096
ACH-000911,16722836,0,0.9640196561813354
ACH-000911,16725726,0,0.8467783331871033
ACH-000911,16747388,0,0.9916011691093445
ACH-000911,176167,0,0.9355059266090393
ACH-000911,17755052,0,0.9897487759590149
ACH-000911,2314623,0,0.9946582913398743
ACH-000911,2375,0,0.9947938323020935
ACH-000911,24180719,1,0.9988246560096741
ACH-000911,24756910,0,0.8998352289199829
ACH-000911,24772860,0,0.9088337421417236
ACH-000911,24785538,0,0.9210720062255859
ACH-000911,24826799,0,0.8190145492553711
ACH-000911,24889392,0,0.9929206967353821
ACH-000911,24894414,0,0.9124218225479126
ACH-000911,24951314,0,0.986817479133606
ACH-000911,24978538,0,0.9960299134254456
ACH-000911,25022668,0,0.9913921356201172
ACH-000911,25102847,0,0.9989196062088013
ACH-000911,25124816,1,0.9975692629814148
ACH-000911,25126798,0,0.8638080358505249
ACH-000911,25167777,0,0.9995695948600769
ACH-000911,25195352,0,0.9864696264266968
ACH-000911,25222038,0,0.9927234053611755
ACH-000911,25257557,0,0.9729748964309692
ACH-000911,25262965,0,0.9727698564529419
ACH-000911,2726824,0,0.8768993020057678
ACH-000911,2733526,0,0.9720399975776672
ACH-000911,3005532,0,0.9385551810264587
ACH-000911,31703,0,0.9954030513763428
ACH-000911,3218,0,0.897835373878479
ACH-000911,3385,0,0.9697936177253723
ACH-000911,3463933,0,0.9955795407295227
ACH-000911,36462,0,0.9989491105079651
ACH-000911,3796,0,0.980079710483551
ACH-000911,4263900,0,0.6228539943695068
ACH-000911,42640,0,0.5769742727279663
ACH-000911,42642645,0,0.5968412160873413
ACH-000911,44137675,0,0.7201728820800781
ACH-000911,44143370,0,0.676427960395813
ACH-000911,44182295,0,0.6704464554786682
ACH-000911,44224160,0,0.6931796669960022
ACH-000911,44450571,0,0.6592493653297424
ACH-000911,44462760,0,0.7738823294639587
ACH-000911,44551660,0,0.7067664265632629
ACH-000911,44632017,0,0.6715207695960999
ACH-000911,446378,0,0.6230116486549377
ACH-000911,447912,0,0.7566698789596558
ACH-000911,448013,0,0.594289243221283
ACH-000911,44819241,1,0.7180678844451904
ACH-000911,46191454,0,0.6050237417221069
ACH-000911,46224516,0,0.7798716425895691
ACH-000911,46883536,0,0.755607008934021
ACH-000911,46885626,0,0.7023268342018127
ACH-000911,46907787,0,0.6144423484802246
ACH-000911,46930998,0,0.6998550295829773
ACH-000911,46931012,0,0.681002140045166
ACH-000911,46943432,0,0.7968953251838684
ACH-000911,49806720,0,0.7126638293266296
ACH-000911,5113032,0,0.808393120765686
ACH-000911,51371303,0,0.7960911393165588
ACH-000911,5208,0,0.7368355989456177
ACH-000911,521106,0,0.7548220753669739
ACH-000911,5278396,0,0.7354951500892639
ACH-000911,5280757,0,0.6248463988304138
ACH-000911,5289247,0,0.7505355477333069
ACH-000911,5311497,0,0.6496953964233398
ACH-000911,5327091,0,0.6825593709945679
ACH-000911,53302361,0,0.7027058601379395
ACH-000911,5330286,0,0.6993504762649536
ACH-000911,53340664,0,0.7393916249275208
ACH-000911,53394750,0,0.8474125266075134
ACH-000911,5394,0,0.7409915924072266
ACH-000911,5460769,0,0.5857675075531006
ACH-000911,54676905,0,0.7006399631500244
ACH-000911,54685215,0,0.6370456218719482
ACH-000911,560326,0,0.6107604503631592
ACH-000911,56962337,0,0.6148770451545715
ACH-000911,56965967,0,0.724433422088623
ACH-000911,57339144,0,0.7341997027397156
ACH-000911,5746,1,0.6431883573532104
ACH-000911,60750,0,0.6653386950492859
ACH-000911,637858,0,0.7066555023193359
ACH-000911,6445533,0,0.7651765942573547
ACH-000911,6445562,0,0.6892764568328857
ACH-000911,6450816,0,0.7459197044372559
ACH-000911,6505803,0,0.610120952129364
ACH-000911,66577006,0,0.7841919660568237
ACH-000911,6753378,0,0.6270833611488342
ACH-000911,6852167,0,0.6300838589668274
ACH-000911,6914657,0,0.6057210564613342
ACH-000911,6918638,0,0.6791837215423584
ACH-000911,6918848,0,0.6492264270782471
ACH-000911,704473,0,0.8445490002632141
ACH-000911,71271629,0,0.7925469875335693
ACH-000911,82146,0,0.7884131073951721
ACH-000911,8249,0,0.7455222606658936
ACH-000911,85668777,1,0.6393172144889832
ACH-000911,9810884,0,0.8193891644477844
ACH-000911,9813758,0,0.8641388416290283
ACH-000911,9826528,0,0.6031760573387146
ACH-000911,9858940,0,0.7863298654556274
ACH-000911,9863776,0,0.6835853457450867
ACH-000911,9868037,0,0.8287060856819153
ACH-000911,9874913,0,0.7199822068214417
ACH-000911,9884685,0,0.6364462375640869
ACH-000911,9903786,0,0.777433454990387
ACH-000911,9910224,0,0.8140348792076111
ACH-000911,9911830,0,0.7430942058563232
ACH-000911,9914412,1,0.6940876245498657
ACH-000911,9931953,0,0.6255263090133667
ACH-000911,9938202,0,0.7181158065795898
ACH-000911,9952773,0,0.6696662902832031
ACH-000911,9956119,0,0.7027827501296997
ACH-000911,9956222,0,0.65358567237854
ACH-000911,9967941,0,0.7748389840126038
ACH-000918,10077147,0,0.9996961355209351
ACH-000918,10127622,0,0.9976720213890076
ACH-000918,10184653,0,0.9530500173568726
ACH-000918,10341154,1,0.8992370963096619
ACH-000918,10384072,1,0.9275506734848022
ACH-000918,10459196,0,0.9103872776031494
ACH-000918,104842,1,0.9836777448654175
ACH-000918,11152667,0,0.9865256547927856
ACH-000918,11316960,1,0.9971651434898376
ACH-000918,11327430,0,0.9973592162132263
ACH-000918,11433190,1,0.9908635020256042
ACH-000918,11455910,0,0.9636808633804321
ACH-000918,11609586,1,0.9992623925209045
ACH-000918,11624601,1,0.9991974234580994
ACH-000918,11667893,0,0.9185943007469177
ACH-000918,11707110,0,0.9688178300857544
ACH-000918,11960529,1,0.9816250205039978
ACH-000918,11977753,0,0.9445651769638062
ACH-000918,123631,0,0.9895048141479492
ACH-000918,126565,1,0.9981046915054321
ACH-000918,126941,1,0.7850620746612549
ACH-000918,1401,1,0.984930157661438
ACH-000918,148124,0,0.9992908239364624
ACH-000918,156422,0,0.9832887053489685
ACH-000918,16720766,0,0.9935500621795654
ACH-000918,176158,0,0.9905320405960083
ACH-000918,17755052,0,0.9992896318435669
ACH-000918,216326,0,0.9920470714569092
ACH-000918,23725625,1,0.9827644228935242
ACH-000918,24180719,0,0.9999420642852783
ACH-000918,24776445,1,0.9999306201934814
ACH-000918,24978538,1,0.9997466206550598
ACH-000918,25262965,0,0.989231526851654
ACH-000918,2726824,0,0.9493878483772278
ACH-000918,2733526,1,0.9948737025260925
ACH-000918,300471,1,0.926886260509491
ACH-000918,44182295,0,0.9030026793479919
ACH-000918,44450571,0,0.8664588332176208
ACH-000918,44462760,1,0.9313802719116211
ACH-000918,444795,1,0.8729678988456726
ACH-000918,44632017,1,0.8341332674026489
ACH-000918,44819241,1,0.9529473781585693
ACH-000918,46930998,1,0.8056941032409668
ACH-000918,51371303,1,0.9422736167907715
ACH-000918,5278396,0,0.922136127948761
ACH-000918,5311,1,0.8364236950874329
ACH-000918,5327091,1,0.9034789800643921
ACH-000918,5328940,1,0.8646339774131775
ACH-000918,5330286,1,0.8845700621604919
ACH-000918,5394,1,0.9172583222389221
ACH-000918,54685215,0,0.8272526860237122
ACH-000918,56962337,1,0.8333173990249634
ACH-000918,57339144,1,0.941320538520813
ACH-000918,6253,1,0.9309388399124146
ACH-000918,637858,1,0.914321780204773
ACH-000918,644241,1,0.9477748274803162
ACH-000918,6450551,0,0.7931594848632812
ACH-000918,6505803,0,0.8347534537315369
ACH-000918,65110,0,0.9419273138046265
ACH-000918,6710780,1,0.8518907427787781
ACH-000918,6914657,0,0.7469058036804199
ACH-000918,6918289,1,0.8956539630889893
ACH-000918,6918454,0,0.9223443269729614
ACH-000918,71271629,1,0.9583247900009155
ACH-000918,84691,0,0.9819192886352539
ACH-000918,85668777,0,0.8209284543991089
ACH-000918,9826528,0,0.8565241098403931
ACH-000918,9858940,1,0.9428709745407104
ACH-000918,9863776,0,0.9345733523368835
ACH-000918,9914412,1,0.8742740750312805
ACH-000918,9931953,1,0.8671777248382568
ACH-000918,9938202,1,0.904948353767395
ACH-000918,9943465,0,0.9307425022125244
ACH-000920,10077147,0,0.9996030926704407
ACH-000920,10127622,0,0.9424623847007751
ACH-000920,10184653,0,0.9412519931793213
ACH-000920,10341154,0,0.9964873790740967
ACH-000920,10384072,0,0.8914841413497925
ACH-000920,10459196,1,0.8712129592895508
ACH-000920,104842,1,0.9829176068305969
ACH-000920,11152667,0,0.9889863729476929
ACH-000920,11316960,1,0.990261971950531
ACH-000920,11327430,0,0.9814704060554504
ACH-000920,11433190,1,0.9922077059745789
ACH-000920,11455910,0,0.9768234491348267
ACH-000920,11609586,0,0.9556425213813782
ACH-000920,11624601,0,0.9711689949035645
ACH-000920,11667893,0,0.8846853971481323
ACH-000920,11707110,0,0.9723730683326721
ACH-000920,11960529,0,0.9872170090675354
ACH-000920,11977753,0,0.956451416015625
ACH-000920,123631,0,0.9709044694900513
ACH-000920,126565,0,0.9953368306159973
ACH-000920,126941,1,0.9963592886924744
ACH-000920,1401,1,0.9899824261665344
ACH-000920,148124,0,0.8672456741333008
ACH-000920,156422,0,0.938988208770752
ACH-000920,16720766,0,0.9916446805000305
ACH-000920,176158,0,0.9683964252471924
ACH-000920,17755052,0,0.9822574257850647
ACH-000920,216326,0,0.9721179604530334
ACH-000920,2314623,0,0.9838975071907043
ACH-000920,23725625,1,0.9963786005973816
ACH-000920,24180719,1,0.9884824156761169
ACH-000920,24776445,1,0.9619312286376953
ACH-000920,24978538,1,0.9994601607322693
ACH-000920,25262965,0,0.9606594443321228
ACH-000920,2726824,0,0.9052019715309143
ACH-000920,2733526,0,0.977264404296875
ACH-000920,300471,0,0.8269305229187012
ACH-000920,44182295,0,0.849267840385437
ACH-000920,44450571,0,0.8372052907943726
ACH-000920,44462760,1,0.888535737991333
ACH-000920,444795,1,0.8219656348228455
ACH-000920,44632017,0,0.8003895878791809
ACH-000920,44819241,1,0.9069304466247559
ACH-000920,46930998,0,0.7819568514823914
ACH-000920,51371303,0,0.9037133455276489
ACH-000920,5278396,0,0.8724110126495361
ACH-000920,5311,0,0.8118175864219666
ACH-000920,5327091,0,0.8696095943450928
ACH-000920,5328940,1,0.8263077139854431
ACH-000920,5330286,1,0.8433132171630859
ACH-000920,5394,1,0.8373347520828247
ACH-000920,54685215,0,0.7657742500305176
ACH-000920,56962337,1,0.7974239587783813
ACH-000920,57339144,1,0.8912249207496643
ACH-000920,6253,1,0.8582134246826172
ACH-000920,637858,0,0.8603448271751404
ACH-000920,644241,1,0.9247592091560364
ACH-000920,6450551,1,0.7614980340003967
ACH-000920,6505803,0,0.7984444499015808
ACH-000920,65110,1,0.9066937565803528
ACH-000920,6710780,0,0.8119802474975586
ACH-000920,6914657,0,0.7274543046951294
ACH-000920,6918289,0,0.8512327075004578
ACH-000920,6918454,0,0.8911754488945007
ACH-000920,71271629,0,0.9160103797912598
ACH-000920,84691,0,0.958784282207489
ACH-000920,85668777,0,0.7664650082588196
ACH-000920,9826528,0,0.8021642565727234
ACH-000920,9858940,0,0.8944443464279175
ACH-000920,9863776,0,0.8943563103675842
ACH-000920,9914412,0,0.8425393104553223
ACH-000920,9931953,0,0.820789635181427
ACH-000920,9938202,0,0.8557379245758057
ACH-000920,9943465,0,0.8901767134666443
ACH-000924,10027278,0,0.9987181425094604
ACH-000924,10074640,0,0.9984007477760315
ACH-000924,10077147,0,0.9999485015869141
ACH-000924,10096043,0,0.9640883803367615
ACH-000924,10109823,1,0.9999526739120483
ACH-000924,10127622,0,0.9999599456787109
ACH-000924,10184653,0,0.9229913949966431
ACH-000924,10196499,0,0.9989851117134094
ACH-000924,10200390,0,0.9887996912002563
ACH-000924,10341154,0,0.8859751224517822
ACH-000924,10384072,0,0.9490687251091003
ACH-000924,10451420,0,0.9482573866844177
ACH-000924,10459196,0,0.7959460020065308
ACH-000924,104842,0,0.9959476590156555
ACH-000924,11152667,0,0.9992371797561646
ACH-000924,11178236,0,0.6382570862770081
ACH-000924,11282283,0,0.9999116659164429
ACH-000924,11316960,0,0.9969532489776611
ACH-000924,11327430,0,0.999582827091217
ACH-000924,11338033,0,0.9999998807907104
ACH-000924,11373846,0,0.9649762511253357
ACH-000924,11404337,0,0.9656884074211121
ACH-000924,11433190,0,0.9931429624557495
ACH-000924,11455910,0,0.9920513033866882
ACH-000924,11485656,0,0.9986302852630615
ACH-000924,11493598,0,0.45842042565345764
ACH-000924,11609586,0,0.9999698400497437
ACH-000924,11617559,0,0.9979801774024963
ACH-000924,11624601,0,0.9999741315841675
ACH-000924,11625818,0,0.8082776069641113
ACH-000924,11634725,0,0.9913502931594849
ACH-000924,11640390,1,0.9442599415779114
ACH-000924,11647372,0,0.9999415874481201
ACH-000924,11667893,0,0.9070431590080261
ACH-000924,11707110,0,0.8239190578460693
ACH-000924,11713159,0,0.924855649471283
ACH-000924,11754511,0,0.9999896287918091
ACH-000924,11960529,0,0.9979804158210754
ACH-000924,11977753,0,0.9717305898666382
ACH-000924,123631,0,0.996791660785675
ACH-000924,126565,0,0.9997506737709045
ACH-000924,126941,0,0.634820818901062
ACH-000924,1401,0,0.9509882926940918
ACH-000924,148124,0,0.9999871253967285
ACH-000924,156422,0,0.9885608553886414
ACH-000924,159324,0,0.9694197177886963
ACH-000924,16720766,0,0.9975437521934509
ACH-000924,16722836,0,0.9956990480422974
ACH-000924,16725726,0,0.8385724425315857
ACH-000924,16747388,0,0.9995960593223572
ACH-000924,176158,0,0.9987226128578186
ACH-000924,176167,0,0.9098883271217346
ACH-000924,17755052,0,0.9997608065605164
ACH-000924,216326,0,0.9879438877105713
ACH-000924,2314623,0,0.9998750686645508
ACH-000924,23725625,0,0.9510482549667358
ACH-000924,2375,0,0.9999492168426514
ACH-000924,24180719,0,0.9999990463256836
ACH-000924,24756910,0,0.8936086297035217
ACH-000924,24772860,0,0.9548717141151428
ACH-000924,24776445,0,0.9999991655349731
ACH-000924,24826799,0,0.8614838719367981
ACH-000924,24889392,1,0.9999552965164185
ACH-000924,24894414,0,0.7750681042671204
ACH-000924,24951314,0,0.999542236328125
ACH-000924,24978538,0,0.9999740123748779
ACH-000924,25022668,0,0.9993218183517456
ACH-000924,25102847,0,0.9999988079071045
ACH-000924,25124816,0,0.9999855756759644
ACH-000924,25126798,0,0.6375136971473694
ACH-000924,25167777,0,0.9999992847442627
ACH-000924,25195352,0,0.9999209642410278
ACH-000924,25222038,0,0.9992790818214417
ACH-000924,25257557,0,0.9888268709182739
ACH-000924,25262965,0,0.9991193413734436
ACH-000924,2726824,0,0.9618650674819946
ACH-000924,2733526,0,0.9967207312583923
ACH-000924,300471,0,0.9166672229766846
ACH-000924,3005532,0,0.9972782731056213
ACH-000924,31703,0,0.9999752044677734
ACH-000924,3218,0,0.9224010109901428
ACH-000924,3385,0,0.9758806824684143
ACH-000924,3463933,0,0.9999923706054688
ACH-000924,36462,0,0.9999994039535522
ACH-000924,3796,0,0.9991616010665894
ACH-000924,4263900,0,0.6134723424911499
ACH-000924,42640,0,0.5442829132080078
ACH-000924,42642645,0,0.5424820780754089
ACH-000924,44137675,0,0.6230524778366089
ACH-000924,44143370,0,0.6128326058387756
ACH-000924,44182295,0,0.6454671025276184
ACH-000924,44224160,0,0.5828654766082764
ACH-000924,44450571,0,0.6016878485679626
ACH-000924,44462760,0,0.6747329831123352
ACH-000924,444795,0,0.5672402381896973
ACH-000924,44551660,0,0.5697253346443176
ACH-000924,44632017,0,0.5904318690299988
ACH-000924,446378,0,0.5922324657440186
ACH-000924,447912,0,0.6669979691505432
ACH-000924,448013,0,0.5536538362503052
ACH-000924,44819241,0,0.660767138004303
ACH-000924,46191454,0,0.5787603259086609
ACH-000924,46224516,0,0.6993837952613831
ACH-000924,46883536,0,0.6293146014213562
ACH-000924,46885626,0,0.6441139578819275
ACH-000924,46907787,0,0.5764872431755066
ACH-000924,46930998,0,0.5621340274810791
ACH-000924,46931012,0,0.6128313541412354
ACH-000924,46943432,0,0.6675795316696167
ACH-000924,49806720,0,0.6535509824752808
ACH-000924,5113032,0,0.6796523928642273
ACH-000924,51371303,0,0.6559573411941528
ACH-000924,5208,0,0.6842883229255676
ACH-000924,521106,0,0.6813649535179138
ACH-000924,5278396,0,0.6194470524787903
ACH-000924,5289247,0,0.6879008412361145
ACH-000924,5311,0,0.6202321648597717
ACH-000924,5311497,0,0.5852066874504089
ACH-000924,5327091,0,0.6293248534202576
ACH-000924,5328940,0,0.5919709801673889
ACH-000924,53302361,0,0.6057091951370239
ACH-000924,5330286,0,0.61943519115448
ACH-000924,53340664,0,0.6317496299743652
ACH-000924,53394750,0,0.7266026139259338
ACH-000924,5394,0,0.6506007313728333
ACH-000924,5459322,0,0.6428887844085693
ACH-000924,54676905,0,0.6564828157424927
ACH-000924,54685215,0,0.5660454034805298
ACH-000924,560326,0,0.592628538608551
ACH-000924,56962337,0,0.5701971054077148
ACH-000924,56965967,0,0.6343080401420593
ACH-000924,57339144,0,0.6783149838447571
ACH-000924,5746,0,0.5671789646148682
ACH-000924,60750,0,0.6239601969718933
ACH-000924,6253,0,0.6213980913162231
ACH-000924,637858,0,0.6423934698104858
ACH-000924,644241,0,0.7036113739013672
ACH-000924,6445533,0,0.6774949431419373
ACH-000924,6445562,0,0.6027333736419678
ACH-000924,6450551,0,0.5531029105186462
ACH-000924,6450816,0,0.6644467711448669
ACH-000924,6505803,0,0.5682309865951538
ACH-000924,65110,0,0.7155863642692566
ACH-000924,66577006,0,0.6906875371932983
ACH-000924,6710780,0,0.5870195627212524
ACH-000924,6753378,0,0.5813782811164856
ACH-000924,6852167,0,0.6119871139526367
ACH-000924,6914657,0,0.5521204471588135
ACH-000924,6918289,0,0.63393634557724
ACH-000924,6918454,0,0.6786215901374817
ACH-000924,6918638,0,0.6325147747993469
ACH-000924,6918848,0,0.5815631151199341
ACH-000924,704473,0,0.7160627245903015
ACH-000924,71271629,0,0.7237207293510437
ACH-000924,82146,0,0.6579915285110474
ACH-000924,8249,0,0.6095221638679504
ACH-000924,84691,0,0.8159884810447693
ACH-000924,85668777,0,0.5784602165222168
ACH-000924,9810884,0,0.7438071370124817
ACH-000924,9813758,0,0.731137216091156
ACH-000924,9826528,0,0.609798014163971
ACH-000924,9858940,0,0.6607808470726013
ACH-000924,9863776,0,0.661695122718811
ACH-000924,9868037,0,0.6876204609870911
ACH-000924,9874913,0,0.5955093502998352
ACH-000924,9884685,0,0.5567705035209656
ACH-000924,9903786,0,0.6613103747367859
ACH-000924,9910224,0,0.7028780579566956
ACH-000924,9911830,0,0.6392579078674316
ACH-000924,9914412,0,0.6000328063964844
ACH-000924,9931953,0,0.608639121055603
ACH-000924,9938202,0,0.6082031726837158
ACH-000924,9943465,0,0.6704742312431335
ACH-000924,9952773,0,0.5776070356369019
ACH-000924,9956119,0,0.6282389163970947
ACH-000924,9956222,0,0.5724645853042603
ACH-000924,9967941,0,0.6498976349830627
ACH-000927,10027278,0,0.9706576466560364
ACH-000927,10074640,0,0.9902426600456238
ACH-000927,10077147,0,0.9994826316833496
ACH-000927,10096043,0,0.8774741291999817
ACH-000927,10109823,0,0.9982333183288574
ACH-000927,10113978,0,0.9998049139976501
ACH-000927,10127622,0,0.9973903298377991
ACH-000927,10172943,0,0.9680702090263367
ACH-000927,10184653,1,0.8342475891113281
ACH-000927,10196499,0,0.9767763614654541
ACH-000927,10200390,0,0.9566769003868103
ACH-000927,10302451,0,0.9765521287918091
ACH-000927,10341154,0,0.8250696659088135
ACH-000927,10384072,0,0.8604553937911987
ACH-000927,10390396,0,0.931745707988739
ACH-000927,10451420,0,0.880786657333374
ACH-000927,10459196,0,0.7793422937393188
ACH-000927,10461815,0,0.9361960887908936
ACH-000927,104842,0,0.9745936393737793
ACH-000927,11152667,0,0.9876741766929626
ACH-000927,11178236,0,0.5095140337944031
ACH-000927,11282283,0,0.9970260262489319
ACH-000927,11316960,0,0.9853125214576721
ACH-000927,11327430,0,0.9956967830657959
ACH-000927,11338033,0,0.9999629259109497
ACH-000927,11364421,0,0.9547855257987976
ACH-000927,11373846,0,0.9232237935066223
ACH-000927,11404337,0,0.9324367046356201
ACH-000927,11433190,0,0.9518064260482788
ACH-000927,11455910,0,0.8789557814598083
ACH-000927,11485656,0,0.9843421578407288
ACH-000927,11493598,0,0.5981473922729492
ACH-000927,11609586,0,0.9981733560562134
ACH-000927,11617559,0,0.9782092571258545
ACH-000927,11624601,0,0.999136745929718
ACH-000927,11625818,0,0.7861683964729309
ACH-000927,11626560,0,0.995513379573822
ACH-000927,11626927,0,0.9738446474075317
ACH-000927,11634725,0,0.9441481232643127
ACH-000927,11640390,0,0.9166746735572815
ACH-000927,11647372,0,0.9982814788818359
ACH-000927,11667893,0,0.8649696707725525
ACH-000927,11676786,0,0.983301043510437
ACH-000927,11707110,0,0.8294646143913269
ACH-000927,11713159,0,0.8880550265312195
ACH-000927,11754511,0,0.9995307922363281
ACH-000927,11844351,0,0.940997302532196
ACH-000927,11960529,0,0.9794297218322754
ACH-000927,11977753,0,0.9066279530525208
ACH-000927,123631,1,0.9810454845428467
ACH-000927,126565,0,0.9906788468360901
ACH-000927,126941,0,0.6783905029296875
ACH-000927,1401,0,0.9130088090896606
ACH-000927,148124,0,0.9986827969551086
ACH-000927,156422,0,0.9256643056869507
ACH-000927,159324,0,0.8858375549316406
ACH-000927,160355,0,0.6850773692131042
ACH-000927,16038120,0,0.9104688167572021
ACH-000927,16095342,0,0.990447998046875
ACH-000927,16663089,0,0.9907139539718628
ACH-000927,16722836,0,0.971900463104248
ACH-000927,16725726,1,0.7957184314727783
ACH-000927,16747388,0,0.9936227202415466
ACH-000927,16760646,0,0.9204937815666199
ACH-000927,176158,0,0.9780879020690918
ACH-000927,176167,0,0.8631115555763245
ACH-000927,176870,0,0.8257494568824768
ACH-000927,17755052,0,0.9962477087974548
ACH-000927,20635522,0,0.9848317503929138
ACH-000927,208908,1,0.9964118599891663
ACH-000927,216239,0,0.976321816444397
ACH-000927,216326,0,0.9697466492652893
ACH-000927,2314623,0,0.9967716336250305
ACH-000927,23725625,0,0.9526111483573914
ACH-000927,2375,0,0.9970359802246094
ACH-000927,24180719,0,0.999875545501709
ACH-000927,24756910,0,0.8316490650177002
ACH-000927,24772860,0,0.9037768244743347
ACH-000927,24776445,0,0.9997772574424744
ACH-000927,24785538,0,0.8727525472640991
ACH-000927,24825971,0,0.9315195083618164
ACH-000927,24826799,0,0.8032444715499878
ACH-000927,24889392,0,0.9977120161056519
ACH-000927,24894414,0,0.7680796980857849
ACH-000927,24951314,0,0.9961543679237366
ACH-000927,24978538,0,0.998704195022583
ACH-000927,25022668,0,0.9936866164207458
ACH-000927,25102847,0,0.9997095465660095
ACH-000927,25124816,0,0.9991685152053833
ACH-000927,25126798,0,0.7583535313606262
ACH-000927,25167777,0,0.9999517202377319
ACH-000927,25195352,0,0.9953846335411072
ACH-000927,25222038,0,0.994806706905365
ACH-000927,25257557,0,0.9579282999038696
ACH-000927,25262965,0,0.9713751077651978
ACH-000927,2726824,0,0.8483129739761353
ACH-000927,2733526,0,0.9779401421546936
ACH-000927,300471,0,0.7708791494369507
ACH-000927,3005532,0,0.963532030582428
ACH-000927,3062316,0,0.9673900604248047
ACH-000927,31703,0,0.9982790946960449
ACH-000927,3218,0,0.8127171397209167
ACH-000927,3385,0,0.8781374096870422
ACH-000927,3463933,0,0.9995080232620239
ACH-000927,36314,0,0.9741938710212708
ACH-000927,36462,0,0.9996964931488037
ACH-000927,3796,0,0.9860658645629883
ACH-000927,387447,0,0.9855248332023621
ACH-000927,4261,0,0.5660140514373779
ACH-000927,4263900,0,0.5854927897453308
ACH-000927,42640,0,0.5681739449501038
ACH-000927,42642645,0,0.5623598098754883
ACH-000927,44137675,0,0.6375076174736023
ACH-000927,44143370,0,0.6181469559669495
ACH-000927,44182295,0,0.6219006180763245
ACH-000927,44224160,0,0.615502655506134
ACH-000927,44450571,0,0.5837309956550598
ACH-000927,44462760,0,0.6574552059173584
ACH-000927,444795,0,0.6201675534248352
ACH-000927,44551660,0,0.6238039135932922
ACH-000927,446378,0,0.5731683969497681
ACH-000927,447912,0,0.6386003494262695
ACH-000927,448013,0,0.5531888604164124
ACH-000927,44819241,0,0.6519187092781067
ACH-000927,46191454,0,0.5688047409057617
ACH-000927,46224516,0,0.6916651725769043
ACH-000927,462382,0,0.522419273853302
ACH-000927,46843772,1,0.5914905071258545
ACH-000927,46844147,0,0.5834115743637085
ACH-000927,46883536,0,0.6415293216705322
ACH-000927,46885626,0,0.6379273533821106
ACH-000927,46907787,0,0.5642228722572327
ACH-000927,46930998,0,0.5962030291557312
ACH-000927,46931012,0,0.6521701812744141
ACH-000927,46943432,0,0.6626383662223816
ACH-000927,49806720,0,0.6311486959457397
ACH-000927,49821040,1,0.5703346729278564
ACH-000927,49836027,0,0.607001006603241
ACH-000927,4993,0,0.6142726540565491
ACH-000927,5113032,0,0.6957905292510986
ACH-000927,51371303,0,0.6744005680084229
ACH-000927,5208,1,0.6683116555213928
ACH-000927,521106,0,0.6595503091812134
ACH-000927,5278396,0,0.6486090421676636
ACH-000927,5280757,0,0.5911117196083069
ACH-000927,5289247,0,0.6607909798622131
ACH-000927,5291,0,0.5862216353416443
ACH-000927,5311,0,0.6154339909553528
ACH-000927,5311497,0,0.5954254269599915
ACH-000927,5311510,0,0.6518051624298096
ACH-000927,5327091,0,0.5960851907730103
ACH-000927,5328940,0,0.6073065996170044
ACH-000927,5329102,0,0.560270369052887
ACH-000927,53302361,0,0.6201682686805725
ACH-000927,5330286,0,0.6238046288490295
ACH-000927,53340664,0,0.6448359489440918
ACH-000927,53394750,0,0.717237114906311
ACH-000927,5384616,0,0.5665861964225769
ACH-000927,5394,0,0.6641897559165955
ACH-000927,5459322,0,0.6152015924453735
ACH-000927,5460769,0,0.5590865015983582
ACH-000927,54676905,0,0.6163556575775146
ACH-000927,54685215,0,0.5815702080726624
ACH-000927,5494449,0,0.7739084362983704
ACH-000927,560326,0,0.5632690191268921
ACH-000927,56962337,0,0.5669854283332825
ACH-000927,56965967,0,0.640812337398529
ACH-000927,5717801,0,0.5206075310707092
ACH-000927,57339144,0,0.6692145466804504
ACH-000927,5746,0,0.5854043960571289
ACH-000927,60750,0,0.5898367166519165
ACH-000927,6253,0,0.6221835017204285
ACH-000927,637858,0,0.6261709332466125
ACH-000927,644215,0,0.5848820209503174
ACH-000927,644241,0,0.7036224007606506
ACH-000927,6445533,0,0.6810559630393982
ACH-000927,6445562,1,0.6252558827400208
ACH-000927,6450551,0,0.5677339434623718
ACH-000927,6450816,0,0.649955689907074
ACH-000927,6505803,1,0.5722847580909729
ACH-000927,65110,0,0.6992801427841187
ACH-000927,66577006,0,0.6856014728546143
ACH-000927,6710780,0,0.5946536064147949
ACH-000927,6753378,0,0.5659944415092468
ACH-000927,6852167,0,0.6114057302474976
ACH-000927,6914657,0,0.555682897567749
ACH-000927,6918289,0,0.6066703200340271
ACH-000927,6918454,0,0.657447099685669
ACH-000927,6918638,0,0.6171647310256958
ACH-000927,6918848,0,0.6017168760299683
ACH-000927,704473,0,0.7411718368530273
ACH-000927,71271629,0,0.6918297410011292
ACH-000927,7251185,0,0.6521387696266174
ACH-000927,76044,0,0.5617726445198059
ACH-000927,82146,0,0.6660027503967285
ACH-000927,8249,0,0.6441896557807922
ACH-000927,84691,0,0.7834727168083191
ACH-000927,85668777,0,0.5801309943199158
ACH-000927,9549184,0,0.661992073059082
ACH-000927,9810884,0,0.7323076725006104
ACH-000927,9813758,0,0.7300271391868591
ACH-000927,9826308,0,0.5855608582496643
ACH-000927,9826528,0,0.5895417928695679
ACH-000927,9858940,0,0.6742901802062988
ACH-000927,9863776,0,0.6298655867576599
ACH-000927,9868037,0,0.6944534182548523
ACH-000927,9874913,1,0.6358184218406677
ACH-000927,9884685,0,0.6006101965904236
ACH-000927,9903786,0,0.6835199594497681
ACH-000927,9907093,0,0.6186404228210449
ACH-000927,9910224,0,0.6967768669128418
ACH-000927,9911830,0,0.6626485586166382
ACH-000927,9914412,0,0.6361132264137268
ACH-000927,9931953,0,0.5934568047523499
ACH-000927,9938202,0,0.6319237947463989
ACH-000927,9943465,0,0.6223670840263367
ACH-000927,9952773,0,0.6156870722770691
ACH-000927,9956119,0,0.6278077960014343
ACH-000927,9956222,0,0.6111310720443726
ACH-000927,9967941,1,0.6831760406494141
ACH-000932,10027278,0,0.9995507597923279
ACH-000932,10074640,0,0.9974713325500488
ACH-000932,10077147,0,0.9999635219573975
ACH-000932,10096043,0,0.952566385269165
ACH-000932,10109823,0,0.999785840511322
ACH-000932,10113978,0,1.0
ACH-000932,10127622,0,0.9999878406524658
ACH-000932,10172943,0,0.996026873588562
ACH-000932,10184653,0,0.9375444650650024
ACH-000932,10196499,0,0.9995710253715515
ACH-000932,10200390,0,0.9947116374969482
ACH-000932,10302451,0,0.9989153146743774
ACH-000932,10341154,0,0.7089011073112488
ACH-000932,10384072,0,0.9531257152557373
ACH-000932,10390396,0,0.9938119649887085
ACH-000932,10451420,1,0.9884607791900635
ACH-000932,10459196,0,0.9561132788658142
ACH-000932,10461815,0,0.9987102746963501
ACH-000932,104842,0,0.9844018816947937
ACH-000932,11152667,0,0.9981604218482971
ACH-000932,11178236,0,0.35314807295799255
ACH-000932,11282283,0,0.9999958276748657
ACH-000932,11316960,0,0.9978384375572205
ACH-000932,11327430,0,0.9998102784156799
ACH-000932,11338033,0,1.0
ACH-000932,11364421,0,0.9865425825119019
ACH-000932,11373846,0,0.9958240985870361
ACH-000932,11404337,0,0.9990923404693604
ACH-000932,11433190,0,0.9844611287117004
ACH-000932,11455910,0,0.9161084294319153
ACH-000932,11485656,0,0.9985767602920532
ACH-000932,11493598,0,0.25953248143196106
ACH-000932,11609586,0,0.9999964237213135
ACH-000932,11617559,0,0.9960446357727051
ACH-000932,11624601,0,0.9999961853027344
ACH-000932,11625818,0,0.7024456262588501
ACH-000932,11626560,0,0.9999778270721436
ACH-000932,11626927,0,0.999371349811554
ACH-000932,11634725,1,0.9948193430900574
ACH-000932,11640390,0,0.7540072798728943
ACH-000932,11647372,0,0.9999921321868896
ACH-000932,11667893,0,0.9750269055366516
ACH-000932,11676786,1,0.9992730021476746
ACH-000932,11707110,0,0.9152913093566895
ACH-000932,11713159,0,0.699294924736023
ACH-000932,11754511,0,0.9999938011169434
ACH-000932,11844351,0,0.9917688369750977
ACH-000932,11960529,0,0.9959740042686462
ACH-000932,11977753,0,0.9555913209915161
ACH-000932,123631,0,0.9975237250328064
ACH-000932,126565,0,0.9989830851554871
ACH-000932,126941,0,0.31730443239212036
ACH-000932,1401,0,0.9559221863746643
ACH-000932,148124,0,0.9999980926513672
ACH-000932,156422,0,0.9913561344146729
ACH-000932,159324,0,0.9575561881065369
ACH-000932,160355,0,0.8313904404640198
ACH-000932,16038120,0,0.9896222352981567
ACH-000932,16095342,0,0.999788224697113
ACH-000932,16663089,0,0.9998273849487305
ACH-000932,16720766,0,0.9952492713928223
ACH-000932,16722836,0,0.9989672899246216
ACH-000932,16725726,0,0.9084877371788025
ACH-000932,16747388,1,0.999758780002594
ACH-000932,16760646,0,0.9769275188446045
ACH-000932,176158,0,0.9976611137390137
ACH-000932,176167,0,0.8715924024581909
ACH-000932,176870,1,0.9245447516441345
ACH-000932,17755052,0,0.9999282360076904
ACH-000932,20635522,0,0.9988003969192505
ACH-000932,208908,0,0.9999337196350098
ACH-000932,216239,0,0.9993599057197571
ACH-000932,216326,0,0.9965559244155884
ACH-000932,2314623,0,0.9999539852142334
ACH-000932,23725625,0,0.9946836829185486
ACH-000932,2375,0,0.9999877214431763
ACH-000932,24180719,0,0.9999998807907104
ACH-000932,24756910,0,0.9397344589233398
ACH-000932,24772860,0,0.9678286910057068
ACH-000932,24776445,0,1.0
ACH-000932,24785538,0,0.9825302958488464
ACH-000932,24825971,0,0.9880286455154419
ACH-000932,24826799,0,0.9218007326126099
ACH-000932,24889392,1,0.9999910593032837
ACH-000932,24894414,0,0.6447447538375854
ACH-000932,24951314,0,0.9999504089355469
ACH-000932,24978538,1,0.9999171495437622
ACH-000932,25022668,0,0.9997829794883728
ACH-000932,25102847,0,0.9999977350234985
ACH-000932,25124816,0,0.9999991655349731
ACH-000932,25126798,0,0.7254383563995361
ACH-000932,25167777,0,0.9999998807907104
ACH-000932,25195352,0,0.9999808073043823
ACH-000932,25222038,0,0.9998620748519897
ACH-000932,25257557,1,0.9968428611755371
ACH-000932,25262965,0,0.9968972206115723
ACH-000932,2726824,0,0.9642887115478516
ACH-000932,2733526,0,0.997794508934021
ACH-000932,300471,0,0.9313524961471558
ACH-000932,3005532,0,0.9973863959312439
ACH-000932,3062316,0,0.9923104047775269
ACH-000932,31703,0,0.9999898672103882
ACH-000932,3218,0,0.8336306214332581
ACH-000932,3385,0,0.4795658588409424
ACH-000932,3463933,0,0.9999936819076538
ACH-000932,36314,0,0.9979210495948792
ACH-000932,36462,0,0.9999998807907104
ACH-000932,3796,0,0.9998886585235596
ACH-000932,387447,0,0.9958429932594299
ACH-000932,4261,0,0.6816436052322388
ACH-000932,4263900,0,0.6741083860397339
ACH-000932,42640,0,0.6660340428352356
ACH-000932,42642645,0,0.6658307909965515
ACH-000932,44137675,0,0.8009880185127258
ACH-000932,44143370,1,0.7512274980545044
ACH-000932,44182295,0,0.7898140549659729
ACH-000932,44224160,0,0.7387022972106934
ACH-000932,44450571,0,0.7205168604850769
ACH-000932,44462760,0,0.8089221119880676
ACH-000932,444795,0,0.7424095273017883
ACH-000932,44551660,0,0.7248582243919373
ACH-000932,44632017,0,0.7525736689567566
ACH-000932,446378,0,0.6645495295524597
ACH-000932,447912,0,0.8243928551673889
ACH-000932,448013,0,0.6070579290390015
ACH-000932,44819241,0,0.8624911308288574
ACH-000932,46191454,0,0.6665685176849365
ACH-000932,46224516,0,0.8615958094596863
ACH-000932,462382,0,0.5526185631752014
ACH-000932,46844147,0,0.7154154777526855
ACH-000932,46883536,0,0.7632506489753723
ACH-000932,46885626,0,0.808077871799469
ACH-000932,46907787,0,0.6523898839950562
ACH-000932,46930998,0,0.746178150177002
ACH-000932,46931012,0,0.8267197608947754
ACH-000932,46943432,0,0.8566292524337769
ACH-000932,49806720,0,0.7800135612487793
ACH-000932,49821040,0,0.6533657312393188
ACH-000932,49836027,0,0.7508231401443481
ACH-000932,4993,0,0.7886228561401367
ACH-000932,5113032,0,0.8736100196838379
ACH-000932,51371303,0,0.8648543357849121
ACH-000932,5208,0,0.8712772130966187
ACH-000932,521106,0,0.8786128759384155
ACH-000932,5278396,0,0.8223924040794373
ACH-000932,5280757,0,0.6749028563499451
ACH-000932,5289247,0,0.8338978290557861
ACH-000932,5291,1,0.7181863784790039
ACH-000932,5311,0,0.7140311598777771
ACH-000932,5311497,0,0.6989561319351196
ACH-000932,5311510,0,0.7823535203933716
ACH-000932,5327091,0,0.7598453760147095
ACH-000932,5328940,0,0.7375776171684265
ACH-000932,5329102,0,0.6705397367477417
ACH-000932,53302361,0,0.7919257283210754
ACH-000932,5330286,0,0.741034984588623
ACH-000932,53340664,1,0.8385787010192871
ACH-000932,53394750,0,0.9053897261619568
ACH-000932,5384616,0,0.6229459643363953
ACH-000932,5394,0,0.8557060360908508
ACH-000932,5459322,0,0.7515076994895935
ACH-000932,5460769,0,0.6405388116836548
ACH-000932,54676905,0,0.8145415186882019
ACH-000932,54685215,0,0.7144662737846375
ACH-000932,5494449,0,0.9489513039588928
ACH-000932,560326,0,0.6595838069915771
ACH-000932,56962337,0,0.6769604086875916
ACH-000932,56965967,0,0.8087850213050842
ACH-000932,5717801,0,0.5381144285202026
ACH-000932,57339144,0,0.8521274924278259
ACH-000932,5746,0,0.6648280620574951
ACH-000932,60750,0,0.7444844841957092
ACH-000932,6253,0,0.8177038431167603
ACH-000932,637858,0,0.7932636737823486
ACH-000932,644215,0,0.7253551483154297
ACH-000932,644241,0,0.8775789737701416
ACH-000932,6445533,0,0.8376825451850891
ACH-000932,6445562,0,0.7817211747169495
ACH-000932,6450551,0,0.6493180990219116
ACH-000932,6450816,0,0.7612042427062988
ACH-000932,6505803,0,0.6368272304534912
ACH-000932,65110,0,0.876987636089325
ACH-000932,66577006,1,0.8253804445266724
ACH-000932,6710780,0,0.6983501315116882
ACH-000932,6753378,0,0.6801247000694275
ACH-000932,6852167,0,0.7634612917900085
ACH-000932,6914657,0,0.6385940313339233
ACH-000932,6918289,0,0.7060493230819702
ACH-000932,6918454,0,0.8406540751457214
ACH-000932,6918638,0,0.7293651700019836
ACH-000932,6918848,0,0.7190532088279724
ACH-000932,704473,0,0.9147222638130188
ACH-000932,71271629,0,0.8640937209129333
ACH-000932,7251185,0,0.7962872982025146
ACH-000932,76044,0,0.6650022268295288
ACH-000932,82146,0,0.8531672954559326
ACH-000932,8249,0,0.790847659111023
ACH-000932,84691,0,0.963474452495575
ACH-000932,85668777,0,0.7301967144012451
ACH-000932,9549184,0,0.8588213324546814
ACH-000932,9810884,1,0.953794002532959
ACH-000932,9813758,1,0.9085376262664795
ACH-000932,9826308,0,0.6658837795257568
ACH-000932,9826528,0,0.731158971786499
ACH-000932,9858940,0,0.8350765109062195
ACH-000932,9863776,0,0.7899998426437378
ACH-000932,9868037,0,0.8616613745689392
ACH-000932,9874913,1,0.781725287437439
ACH-000932,9884685,0,0.7715855836868286
ACH-000932,9903786,0,0.8576865196228027
ACH-000932,9907093,0,0.7503541111946106
ACH-000932,9910224,0,0.86787348985672
ACH-000932,9911830,0,0.8039500713348389
ACH-000932,9914412,0,0.7635721564292908
ACH-000932,9931953,0,0.6681334376335144
ACH-000932,9938202,1,0.8215735554695129
ACH-000932,9943465,0,0.8252474069595337
ACH-000932,9952773,1,0.7644505500793457
ACH-000932,9956119,0,0.7845467329025269
ACH-000932,9956222,0,0.7526412606239319
ACH-000932,9967941,0,0.849906861782074
ACH-000935,10027278,0,0.9920456409454346
ACH-000935,10074640,0,0.9880802631378174
ACH-000935,10077147,0,0.9992150068283081
ACH-000935,10096043,0,0.8094415664672852
ACH-000935,10109823,0,0.9964964985847473
ACH-000935,10113978,0,0.9999170303344727
ACH-000935,10127622,1,0.9992343187332153
ACH-000935,10172943,0,0.9695290923118591
ACH-000935,10184653,0,0.8828824758529663
ACH-000935,10196499,0,0.9873220324516296
ACH-000935,10200390,0,0.9540597200393677
ACH-000935,10302451,0,0.9867734909057617
ACH-000935,10341154,0,0.8435786962509155
ACH-000935,10384072,0,0.8309211730957031
ACH-000935,10390396,0,0.9381015300750732
ACH-000935,10451420,0,0.928705632686615
ACH-000935,10459196,0,0.8114719986915588
ACH-000935,10461815,0,0.9379962086677551
ACH-000935,104842,0,0.9472365975379944
ACH-000935,11152667,0,0.9846775531768799
ACH-000935,11282283,0,0.9990552067756653
ACH-000935,11316960,0,0.9671168327331543
ACH-000935,11327430,0,0.9936913251876831
ACH-000935,11338033,0,0.9999806880950928
ACH-000935,11364421,0,0.9472494125366211
ACH-000935,11373846,0,0.944851815700531
ACH-000935,11404337,0,0.9506093859672546
ACH-000935,11433190,1,0.9628883004188538
ACH-000935,11455910,0,0.8687494993209839
ACH-000935,11485656,0,0.987809419631958
ACH-000935,11493598,0,0.4960953891277313
ACH-000935,11609586,0,0.9997239708900452
ACH-000935,11617559,0,0.9718644618988037
ACH-000935,11624601,0,0.9991791844367981
ACH-000935,11625818,0,0.6955221891403198
ACH-000935,11626560,0,0.9983286261558533
ACH-000935,11626927,0,0.9855925440788269
ACH-000935,11634725,0,0.9522046446800232
ACH-000935,11640390,0,0.8999794721603394
ACH-000935,11647372,0,0.9988172054290771
ACH-000935,11667893,0,0.8448976874351501
ACH-000935,11676786,0,0.9925948977470398
ACH-000935,11707110,1,0.7339975833892822
ACH-000935,11713159,0,0.7954785823822021
ACH-000935,11754511,0,0.9996585845947266
ACH-000935,11844351,0,0.938169538974762
ACH-000935,11960529,0,0.9882293939590454
ACH-000935,11977753,0,0.8595281839370728
ACH-000935,123631,0,0.969919741153717
ACH-000935,126565,0,0.9941284656524658
ACH-000935,126941,1,0.5248608589172363
ACH-000935,1401,0,0.8340868353843689
ACH-000935,148124,0,0.9994112253189087
ACH-000935,156422,0,0.935724139213562
ACH-000935,159324,0,0.8491981625556946
ACH-000935,160355,0,0.6170272827148438
ACH-000935,16038120,0,0.9417091012001038
ACH-000935,16095342,0,0.9899654388427734
ACH-000935,16663089,0,0.9944871068000793
ACH-000935,16722836,0,0.9827356338500977
ACH-000935,16725726,0,0.779100239276886
ACH-000935,16747388,0,0.9967415928840637
ACH-000935,16760646,0,0.9063078761100769
ACH-000935,176158,0,0.9711464047431946
ACH-000935,176167,0,0.8299340009689331
ACH-000935,176870,0,0.7716330289840698
ACH-000935,17755052,0,0.9961360096931458
ACH-000935,20635522,0,0.9922298789024353
ACH-000935,208908,0,0.9962359070777893
ACH-000935,216239,0,0.9932293891906738
ACH-000935,216326,0,0.9411763548851013
ACH-000935,2314623,1,0.9983205199241638
ACH-000935,23725625,0,0.9571720361709595
ACH-000935,2375,0,0.9989664554595947
ACH-000935,24180719,1,0.999933123588562
ACH-000935,24756910,0,0.8409793972969055
ACH-000935,24772860,0,0.9245017170906067
ACH-000935,24776445,0,0.9999328851699829
ACH-000935,24785538,0,0.9170113205909729
ACH-000935,24825971,0,0.9223793745040894
ACH-000935,24826799,0,0.8463389873504639
ACH-000935,24889392,0,0.9985308647155762
ACH-000935,24894414,0,0.577879786491394
ACH-000935,24951314,0,0.9977912902832031
ACH-000935,24978538,1,0.9992040991783142
ACH-000935,25022668,0,0.9918422698974609
ACH-000935,25102847,0,0.9998015761375427
ACH-000935,25124816,0,0.9994552731513977
ACH-000935,25126798,0,0.7650349140167236
ACH-000935,25167777,0,0.9999490976333618
ACH-000935,25195352,0,0.9992179870605469
ACH-000935,25222038,0,0.9955499172210693
ACH-000935,25257557,0,0.9465904831886292
ACH-000935,25262965,0,0.975330650806427
ACH-000935,2726824,0,0.8533530235290527
ACH-000935,2733526,0,0.9562361240386963
ACH-000935,300471,0,0.776095986366272
ACH-000935,3005532,0,0.9538651704788208
ACH-000935,3062316,0,0.9528673887252808
ACH-000935,31703,0,0.9994820952415466
ACH-000935,3218,0,0.7632147669792175
ACH-000935,3385,0,0.8409281969070435
ACH-000935,3463933,0,0.9997480511665344
ACH-000935,36314,0,0.9714093208312988
ACH-000935,36462,0,0.9999557733535767
ACH-000935,3796,0,0.9933562278747559
ACH-000935,387447,0,0.9766156673431396
ACH-000935,4261,0,0.5757308602333069
ACH-000935,4263900,0,0.5103132724761963
ACH-000935,42640,0,0.4998425245285034
ACH-000935,42642645,0,0.528346598148346
ACH-000935,44137675,0,0.5657335519790649
ACH-000935,44143370,0,0.554175853729248
ACH-000935,44182295,1,0.5836799740791321
ACH-000935,44224160,0,0.5733282566070557
ACH-000935,44450571,0,0.5630682706832886
ACH-000935,44462760,1,0.6566406488418579
ACH-000935,444795,0,0.5666354894638062
ACH-000935,44551660,0,0.6234477758407593
ACH-000935,446378,0,0.5095916390419006
ACH-000935,447912,0,0.6274577379226685
ACH-000935,448013,0,0.52629554271698
ACH-000935,44819241,0,0.6157371997833252
ACH-000935,46191454,0,0.5462890863418579
ACH-000935,46224516,0,0.736167311668396
ACH-000935,462382,0,0.5058601498603821
ACH-000935,46843772,0,0.5696045160293579
ACH-000935,46844147,0,0.5473150014877319
ACH-000935,46883536,0,0.6670897006988525
ACH-000935,46885626,0,0.5487366318702698
ACH-000935,46907787,0,0.5311505198478699
ACH-000935,46930998,0,0.6031172275543213
ACH-000935,46931012,0,0.5342520475387573
ACH-000935,46943432,0,0.6746284365653992
ACH-000935,49806720,0,0.598203182220459
ACH-000935,49821040,0,0.5092028379440308
ACH-000935,49836027,0,0.5822615027427673
ACH-000935,4993,0,0.6297061443328857
ACH-000935,5113032,0,0.7297364473342896
ACH-000935,51371303,0,0.7000187635421753
ACH-000935,5208,0,0.6317521929740906
ACH-000935,521106,0,0.699313759803772
ACH-000935,5278396,0,0.6172154545783997
ACH-000935,5280757,0,0.5153303146362305
ACH-000935,5289247,0,0.6557639837265015
ACH-000935,5291,0,0.5905441045761108
ACH-000935,5311,0,0.651334285736084
ACH-000935,5311497,0,0.5360468029975891
ACH-000935,5311510,0,0.6952922344207764
ACH-000935,5327091,0,0.5692427158355713
ACH-000935,5328940,0,0.5564656257629395
ACH-000935,5329102,0,0.5221477746963501
ACH-000935,53302361,0,0.5666225552558899
ACH-000935,5330286,0,0.6057788729667664
ACH-000935,53340664,0,0.6236908435821533
ACH-000935,53394750,0,0.6942806243896484
ACH-000935,5384616,0,0.5204410552978516
ACH-000935,5394,0,0.6731385588645935
ACH-000935,5459322,0,0.5718477368354797
ACH-000935,5460769,0,0.4902800917625427
ACH-000935,54676905,0,0.5802305936813354
ACH-000935,54685215,0,0.5290727019309998
ACH-000935,5494449,0,0.810302197933197
ACH-000935,560326,0,0.5434430837631226
ACH-000935,56962337,1,0.5097601413726807
ACH-000935,56965967,0,0.5901087522506714
ACH-000935,5717801,0,0.49850353598594666
ACH-000935,57339144,1,0.627643346786499
ACH-000935,5746,0,0.5646594166755676
ACH-000935,60750,0,0.5386027693748474
ACH-000935,6253,0,0.5577415227890015
ACH-000935,637858,0,0.6281256675720215
ACH-000935,644215,0,0.5421701073646545
ACH-000935,644241,1,0.7661175727844238
ACH-000935,6445533,0,0.7090267539024353
ACH-000935,6445562,0,0.5355854630470276
ACH-000935,6450551,0,0.541523814201355
ACH-000935,6450816,0,0.6265831589698792
ACH-000935,6505803,0,0.5109232664108276
ACH-000935,65110,1,0.7343422174453735
ACH-000935,66577006,0,0.6627918481826782
ACH-000935,6710780,0,0.531573474407196
ACH-000935,6753378,0,0.5383063554763794
ACH-000935,6852167,0,0.5880743861198425
ACH-000935,6914657,0,0.5395764708518982
ACH-000935,6918289,1,0.5592554211616516
ACH-000935,6918454,1,0.6463043689727783
ACH-000935,704473,0,0.7846327424049377
ACH-000935,71271629,0,0.6716247797012329
ACH-000935,7251185,0,0.6932311058044434
ACH-000935,76044,0,0.5726941227912903
ACH-000935,82146,0,0.6782521605491638
ACH-000935,8249,0,0.6205046772956848
ACH-000935,84691,0,0.8778508305549622
ACH-000935,85668777,0,0.5729495882987976
ACH-000935,9549184,0,0.6386500000953674
ACH-000935,9810884,0,0.7379089593887329
ACH-000935,9813758,0,0.7873275279998779
ACH-000935,9826308,0,0.643871545791626
ACH-000935,9826528,0,0.5336282849311829
ACH-000935,9858940,0,0.656919538974762
ACH-000935,9863776,1,0.5828210711479187
ACH-000935,9868037,0,0.7307405471801758
ACH-000935,9874913,0,0.5933483242988586
ACH-000935,9884685,0,0.5403095483779907
ACH-000935,9903786,0,0.6690083742141724
ACH-000935,9907093,0,0.5730414986610413
ACH-000935,9910224,0,0.6844500303268433
ACH-000935,9911830,0,0.6649664640426636
ACH-000935,9914412,0,0.6176697015762329
ACH-000935,9931953,0,0.5299605131149292
ACH-000935,9938202,1,0.6269077658653259
ACH-000935,9943465,0,0.6038205027580261
ACH-000935,9952773,0,0.602180540561676
ACH-000935,9956119,0,0.5637606382369995
ACH-000935,9956222,0,0.5496819019317627
ACH-000935,9967941,0,0.6579894423484802
ACH-000936,10027278,0,0.8993382453918457
ACH-000936,10074640,0,0.8763399124145508
ACH-000936,10077147,0,0.95797199010849
ACH-000936,10096043,0,0.7406022548675537
ACH-000936,10109823,0,0.9014158248901367
ACH-000936,10113978,0,0.9845573902130127
ACH-000936,10127622,1,0.9254536628723145
ACH-000936,10184653,1,0.703931450843811
ACH-000936,10196499,0,0.8688626885414124
ACH-000936,10200390,0,0.8912321925163269
ACH-000936,10341154,0,0.7854251265525818
ACH-000936,10384072,0,0.7697651386260986
ACH-000936,10451420,0,0.8041408658027649
ACH-000936,10459196,0,0.6718889474868774
ACH-000936,104842,0,0.817662239074707
ACH-000936,11152667,0,0.879686176776886
ACH-000936,11178236,0,0.6585220098495483
ACH-000936,11282283,0,0.9526098370552063
ACH-000936,11316960,0,0.8692616820335388
ACH-000936,11327430,0,0.9079363942146301
ACH-000936,11338033,0,0.9769028425216675
ACH-000936,11373846,0,0.8575148582458496
ACH-000936,11404337,0,0.862716555595398
ACH-000936,11433190,0,0.8203164935112
ACH-000936,11455910,1,0.7849817872047424
ACH-000936,11485656,0,0.8945083618164062
ACH-000936,11493598,0,0.6360422968864441
ACH-000936,11609586,0,0.9539855718612671
ACH-000936,11617559,0,0.8649379014968872
ACH-000936,11624601,0,0.9557328820228577
ACH-000936,11625818,0,0.6944616436958313
ACH-000936,11634725,0,0.8156486749649048
ACH-000936,11640390,0,0.7074039578437805
ACH-000936,11647372,0,0.8780276775360107
ACH-000936,11667893,0,0.8395827412605286
ACH-000936,11707110,1,0.7122972011566162
ACH-000936,11713159,0,0.7313005328178406
ACH-000936,11754511,0,0.962734043598175
ACH-000936,11960529,0,0.9197989702224731
ACH-000936,11977753,0,0.8193815350532532
ACH-000936,123631,1,0.8833708763122559
ACH-000936,126565,0,0.933208167552948
ACH-000936,126941,0,0.7467653155326843
ACH-000936,1401,0,0.8036530613899231
ACH-000936,148124,0,0.9432003498077393
ACH-000936,156422,0,0.7918062210083008
ACH-000936,159324,0,0.8487737774848938
ACH-000936,16720766,0,0.8269572257995605
ACH-000936,16722836,0,0.9140781760215759
ACH-000936,16725726,1,0.7509575486183167
ACH-000936,16747388,0,0.913080632686615
ACH-000936,176158,0,0.8780317306518555
ACH-000936,176167,0,0.716294527053833
ACH-000936,17755052,0,0.9011086821556091
ACH-000936,216326,0,0.9078207612037659
ACH-000936,2314623,0,0.9512062668800354
ACH-000936,23725625,0,0.8039849996566772
ACH-000936,2375,0,0.9526277184486389
ACH-000936,24180719,0,0.9762859344482422
ACH-000936,24756910,0,0.7689976692199707
ACH-000936,24772860,0,0.7683943510055542
ACH-000936,24776445,0,0.9796452522277832
ACH-000936,24785538,0,0.774023175239563
ACH-000936,24826799,0,0.7414093017578125
ACH-000936,24889392,0,0.9260603785514832
ACH-000936,24894414,0,0.7117005586624146
ACH-000936,24951314,0,0.8277395367622375
ACH-000936,24978538,0,0.869491696357727
ACH-000936,25022668,0,0.9069793224334717
ACH-000936,25102847,0,0.9701831340789795
ACH-000936,25124816,1,0.9703611135482788
ACH-000936,25126798,0,0.7210478186607361
ACH-000936,25167777,0,0.9722824692726135
ACH-000936,25195352,0,0.9128534197807312
ACH-000936,25222038,0,0.9365994334220886
ACH-000936,25257557,1,0.9159992933273315
ACH-000936,25262965,0,0.8776722550392151
ACH-000936,2726824,0,0.8194206357002258
ACH-000936,2733526,0,0.8947766423225403
ACH-000936,300471,0,0.700794517993927
ACH-000936,3005532,0,0.8385429978370667
ACH-000936,31703,0,0.9271100163459778
ACH-000936,3218,0,0.766023576259613
ACH-000936,3385,0,0.8849862813949585
ACH-000936,3463933,0,0.8722373843193054
ACH-000936,36462,0,0.9741991758346558
ACH-000936,3796,1,0.9049714803695679
ACH-000936,4263900,0,0.5816240310668945
ACH-000936,42640,0,0.553396463394165
ACH-000936,42642645,0,0.5654808282852173
ACH-000936,44137675,0,0.6227296590805054
ACH-000936,44143370,0,0.5895141959190369
ACH-000936,44182295,0,0.6408860087394714
ACH-000936,44224160,0,0.6066616773605347
ACH-000936,44450571,0,0.6156476736068726
ACH-000936,44462760,1,0.6500514149665833
ACH-000936,444795,0,0.5781817436218262
ACH-000936,44551660,0,0.5972567200660706
ACH-000936,44632017,0,0.6378903985023499
ACH-000936,446378,0,0.5761599540710449
ACH-000936,447912,0,0.677022397518158
ACH-000936,448013,0,0.5641949772834778
ACH-000936,44819241,0,0.6738954782485962
ACH-000936,46191454,0,0.5784353017807007
ACH-000936,46224516,0,0.7204462289810181
ACH-000936,46883536,0,0.6131435632705688
ACH-000936,46885626,0,0.6295833587646484
ACH-000936,46907787,0,0.5691282153129578
ACH-000936,46930998,0,0.6118678450584412
ACH-000936,46931012,0,0.6029449701309204
ACH-000936,46943432,0,0.6931683421134949
ACH-000936,49806720,0,0.6391398906707764
ACH-000936,5113032,0,0.6975762844085693
ACH-000936,51371303,0,0.7102360725402832
ACH-000936,5208,0,0.6857227087020874
ACH-000936,521106,0,0.7467661499977112
ACH-000936,5278396,0,0.6499849557876587
ACH-000936,5280757,0,0.5637187957763672
ACH-000936,5289247,0,0.6706526875495911
ACH-000936,5311,0,0.6412196159362793
ACH-000936,5311497,0,0.5764722228050232
ACH-000936,5327091,0,0.6554592251777649
ACH-000936,5328940,0,0.5852165222167969
ACH-000936,53302361,0,0.6205268502235413
ACH-000936,5330286,0,0.6103171110153198
ACH-000936,53340664,0,0.6652893424034119
ACH-000936,53394750,1,0.715652585029602
ACH-000936,5394,0,0.6634588241577148
ACH-000936,5459322,0,0.6084110140800476
ACH-000936,5460769,0,0.5588892698287964
ACH-000936,54676905,0,0.6871460676193237
ACH-000936,54685215,0,0.5871518850326538
ACH-000936,560326,0,0.5953278541564941
ACH-000936,56962337,0,0.5814031958580017
ACH-000936,56965967,0,0.6277969479560852
ACH-000936,57339144,0,0.6619229912757874
ACH-000936,5746,0,0.5859271883964539
ACH-000936,60750,0,0.6380020380020142
ACH-000936,6253,0,0.6665323972702026
ACH-000936,637858,0,0.664871871471405
ACH-000936,644241,0,0.7275540232658386
ACH-000936,6445533,0,0.7051407694816589
ACH-000936,6445562,0,0.589370846748352
ACH-000936,6450551,0,0.5802470445632935
ACH-000936,6450816,0,0.6099486351013184
ACH-000936,6505803,0,0.557033360004425
ACH-000936,65110,0,0.7297452092170715
ACH-000936,66577006,0,0.6497833132743835
ACH-000936,6710780,0,0.5716146230697632
ACH-000936,6753378,0,0.5898630023002625
ACH-000936,6852167,0,0.6134119033813477
ACH-000936,6914657,0,0.5736117362976074
ACH-000936,6918289,1,0.5969793200492859
ACH-000936,6918454,0,0.6664825081825256
ACH-000936,6918638,0,0.6176328063011169
ACH-000936,6918848,0,0.6121092438697815
ACH-000936,704473,0,0.7595794200897217
ACH-000936,71271629,0,0.6988682150840759
ACH-000936,82146,0,0.6946977376937866
ACH-000936,8249,0,0.6388752460479736
ACH-000936,84691,0,0.8620312809944153
ACH-000936,85668777,0,0.6242629289627075
ACH-000936,9810884,1,0.8057732582092285
ACH-000936,9813758,0,0.739721417427063
ACH-000936,9826528,0,0.6008297204971313
ACH-000936,9858940,0,0.6468269228935242
ACH-000936,9863776,0,0.6323598027229309
ACH-000936,9868037,0,0.7037999033927917
ACH-000936,9874913,0,0.6203029751777649
ACH-000936,9884685,0,0.6076992154121399
ACH-000936,9903786,0,0.6781224608421326
ACH-000936,9910224,0,0.671960175037384
ACH-000936,9911830,0,0.6396804451942444
ACH-000936,9914412,0,0.6211102604866028
ACH-000936,9931953,0,0.566743791103363
ACH-000936,9938202,0,0.665354311466217
ACH-000936,9943465,0,0.6717319488525391
ACH-000936,9952773,0,0.6237848401069641
ACH-000936,9956119,0,0.6107869148254395
ACH-000936,9956222,0,0.5902273058891296
ACH-000936,9967941,0,0.641494631767273
ACH-000945,10027278,0,0.9410608410835266
ACH-000945,10074640,0,0.9934315085411072
ACH-000945,10077147,0,0.9996622800827026
ACH-000945,10096043,0,0.918819785118103
ACH-000945,10109823,0,0.9978669881820679
ACH-000945,10113978,0,0.986422598361969
ACH-000945,10127622,0,0.9406477212905884
ACH-000945,10184653,0,0.8729861974716187
ACH-000945,10196499,0,0.9382770657539368
ACH-000945,10200390,0,0.9791983366012573
ACH-000945,10341154,0,0.9826328754425049
ACH-000945,10384072,0,0.911546528339386
ACH-000945,10451420,0,0.9275186657905579
ACH-000945,10459196,0,0.8409240245819092
ACH-000945,104842,0,0.9919145107269287
ACH-000945,11152667,0,0.9837964177131653
ACH-000945,11178236,0,0.8926486968994141
ACH-000945,11282283,0,0.97774338722229
ACH-000945,11316960,0,0.989354133605957
ACH-000945,11327430,0,0.9911417961120605
ACH-000945,11338033,0,0.9977779984474182
ACH-000945,11373846,0,0.922044038772583
ACH-000945,11433190,0,0.9842313528060913
ACH-000945,11455910,0,0.9662169814109802
ACH-000945,11485656,0,0.9758057594299316
ACH-000945,11493598,0,0.9602091312408447
ACH-000945,11609586,0,0.9789835810661316
ACH-000945,11617559,0,0.9763376116752625
ACH-000945,11624601,0,0.9892532229423523
ACH-000945,11625818,0,0.9745936393737793
ACH-000945,11634725,0,0.9214298725128174
ACH-000945,11640390,0,0.9819076657295227
ACH-000945,11647372,0,0.9807412028312683
ACH-000945,11667893,0,0.9104147553443909
ACH-000945,11707110,0,0.9340847730636597
ACH-000945,11713159,0,0.9855939745903015
ACH-000945,11754511,0,0.9993756413459778
ACH-000945,11960529,0,0.9911112189292908
ACH-000945,11977753,0,0.9499092698097229
ACH-000945,123631,0,0.9841982126235962
ACH-000945,126565,0,0.9946601986885071
ACH-000945,126941,0,0.9819769859313965
ACH-000945,1401,0,0.9799504280090332
ACH-000945,148124,0,0.9813729524612427
ACH-000945,156422,0,0.9241178631782532
ACH-000945,159324,0,0.9623310565948486
ACH-000945,16722836,0,0.9422992467880249
ACH-000945,16725726,0,0.9490893483161926
ACH-000945,16747388,0,0.9893256425857544
ACH-000945,176158,1,0.9799898266792297
ACH-000945,176167,0,0.956745445728302
ACH-000945,17755052,0,0.9951781034469604
ACH-000945,216326,0,0.9934130311012268
ACH-000945,2314623,0,0.9904622435569763
ACH-000945,23725625,0,0.9585054516792297
ACH-000945,2375,0,0.9843793511390686
ACH-000945,24180719,0,0.9969940185546875
ACH-000945,24756910,0,0.942651629447937
ACH-000945,24772860,0,0.9095234274864197
ACH-000945,24776445,0,0.9922020435333252
ACH-000945,24785538,0,0.8721985220909119
ACH-000945,24826799,0,0.8645384311676025
ACH-000945,24889392,0,0.9840359091758728
ACH-000945,24894414,0,0.9802271127700806
ACH-000945,24951314,0,0.9745426774024963
ACH-000945,24978538,0,0.997562050819397
ACH-000945,25022668,0,0.9905894994735718
ACH-000945,25102847,0,0.9971203804016113
ACH-000945,25124816,0,0.9894401431083679
ACH-000945,25126798,0,0.9833502769470215
ACH-000945,25167777,0,0.998842179775238
ACH-000945,25195352,0,0.9224147200584412
ACH-000945,25222038,0,0.9894842505455017
ACH-000945,25257557,1,0.9878998398780823
ACH-000945,25262965,0,0.9693498015403748
ACH-000945,2726824,0,0.9250032305717468
ACH-000945,2733526,0,0.9868125319480896
ACH-000945,300471,0,0.8385364413261414
ACH-000945,3005532,0,0.96148282289505
ACH-000945,31703,0,0.9861782789230347
ACH-000945,3218,0,0.9799047708511353
ACH-000945,3385,0,0.9976392984390259
ACH-000945,3463933,0,0.9952919483184814
ACH-000945,36462,0,0.9964519739151001
ACH-000945,3796,0,0.9238102436065674
ACH-000945,4263900,0,0.7378604412078857
ACH-000945,42640,0,0.6955272555351257
ACH-000945,42642645,0,0.6737636923789978
ACH-000945,44137675,0,0.7952139973640442
ACH-000945,44143370,0,0.7383726835250854
ACH-000945,44182295,0,0.7894949316978455
ACH-000945,44224160,0,0.7544271349906921
ACH-000945,44450571,0,0.7560716271400452
ACH-000945,44462760,0,0.8024623990058899
ACH-000945,444795,0,0.7400477528572083
ACH-000945,44551660,0,0.7403292059898376
ACH-000945,44632017,0,0.7497644424438477
ACH-000945,446378,0,0.7134151458740234
ACH-000945,447912,0,0.8235858082771301
ACH-000945,448013,0,0.6629287004470825
ACH-000945,44819241,0,0.872221052646637
ACH-000945,46191454,0,0.7022228240966797
ACH-000945,46224516,0,0.8735170364379883
ACH-000945,46843772,0,0.7416462302207947
ACH-000945,46883536,0,0.7542209625244141
ACH-000945,46885626,0,0.8252652287483215
ACH-000945,46907787,0,0.6959728598594666
ACH-000945,46930998,0,0.7230995893478394
ACH-000945,46931012,0,0.8116974234580994
ACH-000945,46943432,0,0.8478676080703735
ACH-000945,49806720,1,0.7862973213195801
ACH-000945,5113032,0,0.8686785101890564
ACH-000945,51371303,0,0.872122585773468
ACH-000945,5208,0,0.8498762845993042
ACH-000945,521106,0,0.8885549902915955
ACH-000945,5278396,0,0.8313232064247131
ACH-000945,5280757,0,0.7054814696311951
ACH-000945,5289247,0,0.8398858904838562
ACH-000945,5311,0,0.7661254405975342
ACH-000945,5311497,0,0.7145429253578186
ACH-000945,5327091,0,0.7984025478363037
ACH-000945,5328940,0,0.7276372909545898
ACH-000945,53302361,0,0.7717075347900391
ACH-000945,5330286,0,0.762553334236145
ACH-000945,53340664,0,0.8210527300834656
ACH-000945,53394750,0,0.8804696202278137
ACH-000945,5394,0,0.8468818068504333
ACH-000945,5459322,0,0.7506060600280762
ACH-000945,5460769,0,0.6681728363037109
ACH-000945,54676905,0,0.8015761971473694
ACH-000945,54685215,1,0.7188662886619568
ACH-000945,560326,0,0.749646008014679
ACH-000945,56962337,0,0.6964362263679504
ACH-000945,56965967,0,0.8008410334587097
ACH-000945,57339144,0,0.8402108550071716
ACH-000945,5746,0,0.7094929814338684
ACH-000945,60750,0,0.7937533259391785
ACH-000945,6253,0,0.8576439619064331
ACH-000945,637858,0,0.8352106809616089
ACH-000945,644241,0,0.873271107673645
ACH-000945,6445533,0,0.8586807250976562
ACH-000945,6445562,0,0.7573202848434448
ACH-000945,6450551,0,0.7011568546295166
ACH-000945,6450816,0,0.7702015042304993
ACH-000945,6505803,0,0.686802327632904
ACH-000945,65110,0,0.8757908940315247
ACH-000945,66577006,0,0.8192268013954163
ACH-000945,6710780,0,0.705497682094574
ACH-000945,6753378,0,0.7010359168052673
ACH-000945,6852167,0,0.763263463973999
ACH-000945,6914657,0,0.6616129875183105
ACH-000945,6918289,0,0.745654821395874
ACH-000945,6918454,0,0.8138653039932251
ACH-000945,6918638,0,0.7588390111923218
ACH-000945,6918848,0,0.744470477104187
ACH-000945,704473,0,0.9256857633590698
ACH-000945,71271629,0,0.8670453429222107
ACH-000945,82146,0,0.8622528314590454
ACH-000945,8249,0,0.7862733602523804
ACH-000945,84691,0,0.9666985869407654
ACH-000945,85668777,1,0.7540728449821472
ACH-000945,9810884,1,0.9360660314559937
ACH-000945,9813758,0,0.8983541131019592
ACH-000945,9826528,0,0.7370791435241699
ACH-000945,9858940,0,0.8327708840370178
ACH-000945,9863776,0,0.8124164938926697
ACH-000945,9868037,0,0.8640983700752258
ACH-000945,9874913,0,0.809517502784729
ACH-000945,9884685,0,0.7712730765342712
ACH-000945,9903786,0,0.8609169721603394
ACH-000945,9910224,0,0.8503217697143555
ACH-000945,9911830,0,0.8001163601875305
ACH-000945,9914412,0,0.7778510451316833
ACH-000945,9931953,0,0.7037273049354553
ACH-000945,9938202,0,0.8253524303436279
ACH-000945,9943465,0,0.8339429497718811
ACH-000945,9952773,0,0.7747871279716492
ACH-000945,9956119,0,0.7672916650772095
ACH-000945,9956222,0,0.7546993494033813
ACH-000945,9967941,0,0.8374271392822266
ACH-000951,10027278,1,0.9406239986419678
ACH-000951,10074640,0,0.9671627879142761
ACH-000951,10077147,0,0.9971258044242859
ACH-000951,10096043,0,0.8908616304397583
ACH-000951,10109823,0,0.9729137420654297
ACH-000951,10113978,1,0.992647647857666
ACH-000951,10127622,0,0.9580219388008118
ACH-000951,10184653,0,0.9172655344009399
ACH-000951,10196499,1,0.9291514754295349
ACH-000951,10200390,0,0.9574674367904663
ACH-000951,10341154,0,0.9470784068107605
ACH-000951,10384072,0,0.8988182544708252
ACH-000951,10451420,0,0.960053563117981
ACH-000951,10459196,0,0.8226160407066345
ACH-000951,104842,0,0.9489855170249939
ACH-000951,11152667,0,0.9559186697006226
ACH-000951,11178236,0,0.8239595890045166
ACH-000951,11282283,1,0.9861689805984497
ACH-000951,11316960,0,0.9882872700691223
ACH-000951,11327430,0,0.9796618223190308
ACH-000951,11338033,0,0.9945868253707886
ACH-000951,11373846,0,0.945734977722168
ACH-000951,11404337,0,0.9228656888008118
ACH-000951,11433190,0,0.9702762961387634
ACH-000951,11455910,0,0.8808449506759644
ACH-000951,11485656,0,0.9471267461776733
ACH-000951,11493598,0,0.8873087167739868
ACH-000951,11609586,0,0.983336329460144
ACH-000951,11617559,1,0.9534926414489746
ACH-000951,11624601,0,0.9844824075698853
ACH-000951,11625818,0,0.940290629863739
ACH-000951,11634725,0,0.9139354825019836
ACH-000951,11640390,0,0.9431502223014832
ACH-000951,11647372,0,0.9624091982841492
ACH-000951,11667893,0,0.9043077230453491
ACH-000951,11707110,0,0.9503929018974304
ACH-000951,11713159,0,0.9367591738700867
ACH-000951,11754511,0,0.9969730377197266
ACH-000951,11960529,0,0.97385174036026
ACH-000951,11977753,0,0.9420410394668579
ACH-000951,123631,0,0.9688174724578857
ACH-000951,126565,0,0.9782792925834656
ACH-000951,126941,0,0.941611647605896
ACH-000951,1401,0,0.9681210517883301
ACH-000951,148124,0,0.9804249405860901
ACH-000951,156422,0,0.9204821586608887
ACH-000951,159324,1,0.9380102753639221
ACH-000951,16720766,0,0.9605473875999451
ACH-000951,16722836,0,0.9535837173461914
ACH-000951,16725726,0,0.9441907405853271
ACH-000951,16747388,0,0.9730055928230286
ACH-000951,176158,0,0.9605340361595154
ACH-000951,176167,0,0.9427822828292847
ACH-000951,17755052,0,0.9839680194854736
ACH-000951,216326,0,0.9838369488716125
ACH-000951,23725625,0,0.9326059818267822
ACH-000951,2375,0,0.9859339594841003
ACH-000951,24180719,0,0.9959173798561096
ACH-000951,24756910,0,0.9450704455375671
ACH-000951,24772860,0,0.8795300722122192
ACH-000951,24776445,0,0.9938901662826538
ACH-000951,24785538,0,0.8836913704872131
ACH-000951,24826799,1,0.8468388915061951
ACH-000951,24889392,0,0.983558714389801
ACH-000951,24894414,0,0.9581491351127625
ACH-000951,24951314,0,0.9667853713035583
ACH-000951,24978538,1,0.9786683917045593
ACH-000951,25022668,1,0.9860844016075134
ACH-000951,25102847,0,0.9875298738479614
ACH-000951,25124816,1,0.9940866231918335
ACH-000951,25126798,0,0.9525021910667419
ACH-000951,25167777,0,0.9961483478546143
ACH-000951,25195352,0,0.9372491836547852
ACH-000951,25222038,0,0.9856857061386108
ACH-000951,25257557,0,0.9858167171478271
ACH-000951,25262965,0,0.9445247650146484
ACH-000951,2726824,1,0.8886337876319885
ACH-000951,2733526,0,0.9783937335014343
ACH-000951,300471,0,0.8141689300537109
ACH-000951,3005532,0,0.933991551399231
ACH-000951,31703,0,0.9805991649627686
ACH-000951,3218,0,0.9442702531814575
ACH-000951,3385,0,0.9690432548522949
ACH-000951,3463933,0,0.9776971340179443
ACH-000951,36462,0,0.9906255006790161
ACH-000951,3796,0,0.9571191072463989
ACH-000951,4263900,0,0.8165953755378723
ACH-000951,42640,0,0.7283417582511902
ACH-000951,42642645,0,0.6973263025283813
ACH-000951,44137675,1,0.8704105019569397
ACH-000951,44143370,0,0.8302483558654785
ACH-000951,44182295,0,0.8265354037284851
ACH-000951,44224160,0,0.8118953108787537
ACH-000951,44450571,0,0.7817196249961853
ACH-000951,44462760,0,0.8873743414878845
ACH-000951,444795,0,0.8356247544288635
ACH-000951,44551660,0,0.7890933156013489
ACH-000951,44632017,0,0.756778359413147
ACH-000951,446378,1,0.7938884496688843
ACH-000951,447912,0,0.8772603273391724
ACH-000951,448013,0,0.705075204372406
ACH-000951,44819241,0,0.869373619556427
ACH-000951,46191454,0,0.7272723913192749
ACH-000951,46224516,0,0.8703367114067078
ACH-000951,46883536,0,0.8415709137916565
ACH-000951,46885626,0,0.8851988315582275
ACH-000951,46907787,0,0.7474801540374756
ACH-000951,46930998,0,0.7523885369300842
ACH-000951,46931012,0,0.8731537461280823
ACH-000951,46943432,0,0.8850686550140381
ACH-000951,49806720,0,0.8589134216308594
ACH-000951,5113032,0,0.8892459869384766
ACH-000951,51371303,1,0.8777804374694824
ACH-000951,5208,1,0.8747044205665588
ACH-000951,521106,0,0.8387240767478943
ACH-000951,5278396,0,0.8595320582389832
ACH-000951,5280757,1,0.8168248534202576
ACH-000951,5289247,0,0.8779010772705078
ACH-000951,5311,0,0.7843402028083801
ACH-000951,5311497,0,0.8028591275215149
ACH-000951,5327091,0,0.8173483610153198
ACH-000951,5328940,0,0.7996143102645874
ACH-000951,53302361,0,0.8320378661155701
ACH-000951,5330286,0,0.8272387385368347
ACH-000951,53340664,0,0.8475074172019958
ACH-000951,53394750,0,0.943966805934906
ACH-000951,5394,0,0.8515111207962036
ACH-000951,5459322,0,0.8277616500854492
ACH-000951,5460769,1,0.7589976787567139
ACH-000951,54676905,0,0.8288986682891846
ACH-000951,54685215,0,0.7708522081375122
ACH-000951,560326,0,0.7522042393684387
ACH-000951,56962337,0,0.7552998661994934
ACH-000951,56965967,0,0.8704384565353394
ACH-000951,57339144,0,0.8864532113075256
ACH-000951,5746,0,0.7511850595474243
ACH-000951,60750,0,0.825980544090271
ACH-000951,6253,0,0.8291352987289429
ACH-000951,637858,0,0.835770308971405
ACH-000951,644241,0,0.8981442451477051
ACH-000951,6445533,0,0.8618102073669434
ACH-000951,6445562,0,0.8524994850158691
ACH-000951,6450551,0,0.7363265156745911
ACH-000951,6450816,0,0.8863533139228821
ACH-000951,6505803,0,0.7696176767349243
ACH-000951,65110,0,0.8845168948173523
ACH-000951,66577006,0,0.9101015329360962
ACH-000951,6710780,0,0.7964492440223694
ACH-000951,6753378,0,0.742202639579773
ACH-000951,6852167,0,0.7626840472221375
ACH-000951,6914657,0,0.6935182213783264
ACH-000951,6918289,0,0.841462254524231
ACH-000951,6918454,0,0.8618844747543335
ACH-000951,6918638,0,0.8167088031768799
ACH-000951,6918848,0,0.7544863820075989
ACH-000951,704473,0,0.9207909107208252
ACH-000951,71271629,0,0.9222834706306458
ACH-000951,82146,0,0.8819566369056702
ACH-000951,8249,0,0.8417699337005615
ACH-000951,84691,0,0.9407193660736084
ACH-000951,85668777,0,0.7382588386535645
ACH-000951,9810884,0,0.9122058153152466
ACH-000951,9813758,0,0.9247500896453857
ACH-000951,9826528,0,0.76955246925354
ACH-000951,9858940,0,0.9012183547019958
ACH-000951,9863776,0,0.8607909083366394
ACH-000951,9868037,0,0.9064138531684875
ACH-000951,9874913,0,0.8480649590492249
ACH-000951,9884685,0,0.7675502896308899
ACH-000951,9903786,0,0.890201210975647
ACH-000951,9910224,0,0.9230105876922607
ACH-000951,9911830,0,0.8489241003990173
ACH-000951,9914412,0,0.812225878238678
ACH-000951,9931953,0,0.8071193695068359
ACH-000951,9943465,0,0.8347890377044678
ACH-000951,9952773,0,0.7713448405265808
ACH-000951,9956119,0,0.854453980922699
ACH-000951,9956222,0,0.7948375940322876
ACH-000951,9967941,0,0.893919825553894
ACH-000966,10077147,0,0.9974937438964844
ACH-000966,10127622,0,0.9970824122428894
ACH-000966,10184653,1,0.7852886915206909
ACH-000966,10341154,0,0.7312752604484558
ACH-000966,10384072,0,0.8182453513145447
ACH-000966,10459196,0,0.8011197447776794
ACH-000966,104842,0,0.9687674641609192
ACH-000966,11152667,0,0.9634727835655212
ACH-000966,11316960,0,0.95726478099823
ACH-000966,11327430,0,0.9920179843902588
ACH-000966,11433190,0,0.95716792345047
ACH-000966,11455910,0,0.8776842951774597
ACH-000966,11609586,0,0.9984458088874817
ACH-000966,11624601,0,0.9978950023651123
ACH-000966,11667893,0,0.7409182190895081
ACH-000966,11707110,0,0.7761486768722534
ACH-000966,11960529,0,0.9653472304344177
ACH-000966,11977753,0,0.8224368095397949
ACH-000966,123631,0,0.9550954103469849
ACH-000966,126565,0,0.9870500564575195
ACH-000966,126941,0,0.5545029044151306
ACH-000966,1401,1,0.8062635064125061
ACH-000966,148124,0,0.9984390139579773
ACH-000966,156422,0,0.9568564295768738
ACH-000966,16720766,0,0.977972149848938
ACH-000966,176158,0,0.9528051614761353
ACH-000966,17755052,0,0.9947804808616638
ACH-000966,216326,0,0.9053299427032471
ACH-000966,2314623,0,0.9943830966949463
ACH-000966,23725625,0,0.9259363412857056
ACH-000966,24180719,0,0.999698281288147
ACH-000966,24776445,0,0.9997220635414124
ACH-000966,24978538,0,0.99921715259552
ACH-000966,25262965,0,0.965900719165802
ACH-000966,2726824,0,0.8232502341270447
ACH-000966,2733526,0,0.9483020901679993
ACH-000966,300471,0,0.7473465800285339
ACH-000966,44182295,0,0.5741856694221497
ACH-000966,44450571,0,0.5625580549240112
ACH-000966,44462760,0,0.6000512838363647
ACH-000966,444795,0,0.5522432923316956
ACH-000966,44632017,0,0.5578762888908386
ACH-000966,44819241,0,0.6097525358200073
ACH-000966,46930998,1,0.5499836802482605
ACH-000966,51371303,0,0.6296152472496033
ACH-000966,5278396,0,0.594709038734436
ACH-000966,5311,0,0.5898036360740662
ACH-000966,5327091,0,0.5821818113327026
ACH-000966,5328940,1,0.5440858602523804
ACH-000966,5330286,0,0.5740617513656616
ACH-000966,5394,0,0.6129618287086487
ACH-000966,54685215,0,0.5373388528823853
ACH-000966,56962337,0,0.5278177261352539
ACH-000966,57339144,0,0.6025701761245728
ACH-000966,6253,0,0.5995352864265442
ACH-000966,637858,0,0.6060354113578796
ACH-000966,644241,0,0.6469207406044006
ACH-000966,6450551,0,0.5440646409988403
ACH-000966,6505803,0,0.5290310978889465
ACH-000966,65110,0,0.6443237066268921
ACH-000966,6710780,0,0.5365261435508728
ACH-000966,6914657,0,0.5276405215263367
ACH-000966,6918289,0,0.5626998543739319
ACH-000966,6918454,0,0.595397412776947
ACH-000966,71271629,0,0.6432091593742371
ACH-000966,84691,0,0.7686456441879272
ACH-000966,85668777,0,0.5583814978599548
ACH-000966,9826528,0,0.5458651185035706
ACH-000966,9858940,0,0.6103923320770264
ACH-000966,9863776,0,0.5814720988273621
ACH-000966,9914412,0,0.5720086097717285
ACH-000966,9931953,0,0.5411843657493591
ACH-000966,9938202,0,0.5874614119529724
ACH-000966,9943465,0,0.5912474989891052
ACH-000973,10027278,1,0.904356062412262
ACH-000973,10074640,0,0.9405142068862915
ACH-000973,10077147,0,0.9869828224182129
ACH-000973,10096043,1,0.7935478091239929
ACH-000973,10109823,0,0.9785581827163696
ACH-000973,10113978,0,0.9811158180236816
ACH-000973,10127622,0,0.947391927242279
ACH-000973,10184653,0,0.7142093777656555
ACH-000973,10196499,0,0.9296680688858032
ACH-000973,10200390,0,0.9124764800071716
ACH-000973,10341154,0,0.7882805466651917
ACH-000973,10384072,0,0.8083301782608032
ACH-000973,10451420,0,0.7884686589241028
ACH-000973,10459196,0,0.6975459456443787
ACH-000973,104842,1,0.9457594156265259
ACH-000973,11152667,0,0.9016178250312805
ACH-000973,11178236,0,0.5944324135780334
ACH-000973,11282283,0,0.9750545620918274
ACH-000973,11316960,0,0.9399373531341553
ACH-000973,11327430,1,0.9713882803916931
ACH-000973,11338033,0,0.995745837688446
ACH-000973,11373846,0,0.8470118641853333
ACH-000973,11404337,0,0.8070165514945984
ACH-000973,11433190,1,0.9198634028434753
ACH-000973,11455910,0,0.8588845133781433
ACH-000973,11485656,0,0.9120504856109619
ACH-000973,11493598,0,0.7045028209686279
ACH-000973,11609586,0,0.9765107035636902
ACH-000973,11617559,0,0.9230411648750305
ACH-000973,11624601,1,0.9792648553848267
ACH-000973,11625818,0,0.8109456300735474
ACH-000973,11634725,0,0.8880720734596252
ACH-000973,11640390,0,0.7885386347770691
ACH-000973,11647372,0,0.9653229117393494
ACH-000973,11667893,1,0.796298623085022
ACH-000973,11707110,0,0.7779374718666077
ACH-000973,11713159,0,0.8449229598045349
ACH-000973,11754511,0,0.9909572601318359
ACH-000973,11960529,1,0.9337685704231262
ACH-000973,11977753,0,0.8282688856124878
ACH-000973,123631,1,0.9153422117233276
ACH-000973,126565,0,0.9584120512008667
ACH-000973,126941,0,0.7069977521896362
ACH-000973,1401,1,0.855163037776947
ACH-000973,148124,0,0.9747973680496216
ACH-000973,156422,0,0.8518696427345276
ACH-000973,159324,0,0.8642446398735046
ACH-000973,16720766,0,0.9406687021255493
ACH-000973,16722836,0,0.8998030424118042
ACH-000973,16725726,0,0.7932789325714111
ACH-000973,16747388,0,0.9603511691093445
ACH-000973,176158,1,0.9307721257209778
ACH-000973,176167,0,0.8130537271499634
ACH-000973,17755052,0,0.9756970405578613
ACH-000973,216326,1,0.9431157112121582
ACH-000973,2314623,0,0.9748631715774536
ACH-000973,23725625,1,0.8025124669075012
ACH-000973,2375,0,0.9713696241378784
ACH-000973,24180719,0,0.9898802042007446
ACH-000973,24756910,0,0.7813789248466492
ACH-000973,24772860,0,0.7899321913719177
ACH-000973,24776445,1,0.9904481768608093
ACH-000973,24785538,0,0.769373893737793
ACH-000973,24826799,0,0.7358843088150024
ACH-000973,24889392,0,0.9674926400184631
ACH-000973,24894414,0,0.8355757594108582
ACH-000973,24951314,0,0.9312811493873596
ACH-000973,24978538,0,0.9813055396080017
ACH-000973,25022668,0,0.9587176442146301
ACH-000973,25102847,0,0.988297164440155
ACH-000973,25124816,0,0.980822741985321
ACH-000973,25126798,0,0.7822197675704956
ACH-000973,25167777,0,0.9940322041511536
ACH-000973,25195352,0,0.9346629977226257
ACH-000973,25222038,1,0.9290350079536438
ACH-000973,25257557,1,0.9348469376564026
ACH-000973,25262965,0,0.9249199628829956
ACH-000973,2726824,0,0.8459746837615967
ACH-000973,2733526,0,0.9387057423591614
ACH-000973,300471,0,0.7527064681053162
ACH-000973,3005532,0,0.9152919054031372
ACH-000973,31703,1,0.9736438989639282
ACH-000973,3218,0,0.8142920732498169
ACH-000973,3385,0,0.8997799754142761
ACH-000973,3463933,0,0.9802770614624023
ACH-000973,36462,0,0.9919216632843018
ACH-000973,3796,0,0.9190900325775146
ACH-000973,4263900,1,0.610194206237793
ACH-000973,42640,0,0.5911310911178589
ACH-000973,42642645,0,0.5979796051979065
ACH-000973,44137675,1,0.6635288000106812
ACH-000973,44143370,0,0.6181501746177673
ACH-000973,44182295,0,0.6719235777854919
ACH-000973,44224160,0,0.6204730868339539
ACH-000973,44450571,1,0.6540642976760864
ACH-000973,44462760,0,0.6677044034004211
ACH-000973,444795,0,0.6189033389091492
ACH-000973,44551660,0,0.6081135869026184
ACH-000973,44632017,0,0.6616367697715759
ACH-000973,446378,1,0.6050713658332825
ACH-000973,447912,0,0.7028800845146179
ACH-000973,448013,1,0.5703552961349487
ACH-000973,44819241,0,0.7532544136047363
ACH-000973,46191454,0,0.6116464734077454
ACH-000973,46224516,0,0.7255772948265076
ACH-000973,46843772,0,0.630925178527832
ACH-000973,46883536,0,0.6461987495422363
ACH-000973,46885626,0,0.6976584792137146
ACH-000973,46907787,0,0.6030693650245667
ACH-000973,46930998,0,0.6333373188972473
ACH-000973,46931012,0,0.6715375781059265
ACH-000973,46943432,0,0.7236475348472595
ACH-000973,49806720,0,0.656856119632721
ACH-000973,5113032,1,0.7405471801757812
ACH-000973,51371303,0,0.7341588735580444
ACH-000973,5208,1,0.7292868494987488
ACH-000973,521106,0,0.769981324672699
ACH-000973,5278396,1,0.6983838081359863
ACH-000973,5280757,1,0.598404586315155
ACH-000973,5289247,0,0.7100198864936829
ACH-000973,5311,0,0.6407644152641296
ACH-000973,5311497,0,0.6108085513114929
ACH-000973,5327091,0,0.6794576644897461
ACH-000973,5328940,0,0.6159265637397766
ACH-000973,53302361,0,0.6532732248306274
ACH-000973,5330286,0,0.6307353973388672
ACH-000973,53340664,0,0.6942640542984009
ACH-000973,53394750,0,0.7375717163085938
ACH-000973,5394,0,0.7332087159156799
ACH-000973,5459322,1,0.6389372944831848
ACH-000973,5460769,0,0.5790038704872131
ACH-000973,54676905,0,0.6846413612365723
ACH-000973,54685215,0,0.6323853135108948
ACH-000973,560326,0,0.6388311982154846
ACH-000973,56962337,0,0.5987446904182434
ACH-000973,56965967,0,0.6884797215461731
ACH-000973,57339144,0,0.7139822840690613
ACH-000973,5746,1,0.5931951999664307
ACH-000973,60750,0,0.6679264903068542
ACH-000973,6253,0,0.7155292630195618
ACH-000973,637858,0,0.715851366519928
ACH-000973,644241,0,0.7357535362243652
ACH-000973,6445533,0,0.699820876121521
ACH-000973,6445562,0,0.6438570618629456
ACH-000973,6450551,1,0.5971850156784058
ACH-000973,6450816,0,0.6301515698432922
ACH-000973,6505803,0,0.5781339406967163
ACH-000973,65110,0,0.7377327084541321
ACH-000973,66577006,0,0.6612339019775391
ACH-000973,6710780,0,0.5993887782096863
ACH-000973,6753378,0,0.6115962266921997
ACH-000973,6852167,0,0.6468333005905151
ACH-000973,6914657,0,0.5839869976043701
ACH-000973,6918289,1,0.6278002262115479
ACH-000973,6918454,0,0.6982139945030212
ACH-000973,6918638,0,0.6301794052124023
ACH-000973,6918848,0,0.6297877430915833
ACH-000973,704473,0,0.7810988426208496
ACH-000973,71271629,0,0.7219722867012024
ACH-000973,82146,0,0.7253252267837524
ACH-000973,8249,0,0.637649416923523
ACH-000973,84691,1,0.8704081177711487
ACH-000973,85668777,0,0.6624069213867188
ACH-000973,9810884,0,0.8261961936950684
ACH-000973,9813758,0,0.7583199143409729
ACH-000973,9826528,1,0.6354826092720032
ACH-000973,9858940,1,0.6903960108757019
ACH-000973,9863776,0,0.6937775015830994
ACH-000973,9868037,0,0.7173743844032288
ACH-000973,9874913,0,0.6629739999771118
ACH-000973,9884685,0,0.6566113829612732
ACH-000973,9903786,0,0.7191591262817383
ACH-000973,9910224,0,0.7128203511238098
ACH-000973,9911830,0,0.6638119220733643
ACH-000973,9914412,0,0.6404571533203125
ACH-000973,9931953,0,0.5841606855392456
ACH-000973,9938202,0,0.6993054151535034
ACH-000973,9943465,1,0.7327702045440674
ACH-000973,9952773,0,0.6521831154823303
ACH-000973,9956119,0,0.6438165903091431
ACH-000973,9956222,0,0.6309801340103149
ACH-000973,9967941,0,0.6930726766586304
ACH-000979,10027278,0,0.9950562715530396
ACH-000979,10074640,0,0.9898922443389893
ACH-000979,10077147,0,0.9998583793640137
ACH-000979,10096043,0,0.876541018486023
ACH-000979,10109823,0,0.9990818500518799
ACH-000979,10113978,0,0.9999078512191772
ACH-000979,10127622,0,0.9995232820510864
ACH-000979,10184653,1,0.8933542370796204
ACH-000979,10196499,0,0.9913290739059448
ACH-000979,10200390,0,0.9759771823883057
ACH-000979,10341154,1,0.9830905199050903
ACH-000979,10384072,1,0.8691638708114624
ACH-000979,10451420,0,0.9813125729560852
ACH-000979,10459196,0,0.9338170289993286
ACH-000979,104842,0,0.9855934977531433
ACH-000979,11152667,0,0.9972115159034729
ACH-000979,11178236,0,0.7848519682884216
ACH-000979,11282283,0,0.9988885521888733
ACH-000979,11316960,0,0.987636923789978
ACH-000979,11327430,0,0.9978793859481812
ACH-000979,11338033,0,0.9999920129776001
ACH-000979,11373846,0,0.9779061675071716
ACH-000979,11404337,0,0.991089940071106
ACH-000979,11433190,0,0.9931403994560242
ACH-000979,11455910,0,0.9703299403190613
ACH-000979,11485656,0,0.9984379410743713
ACH-000979,11493598,0,0.8374186754226685
ACH-000979,11609586,0,0.9997798800468445
ACH-000979,11617559,0,0.9783130884170532
ACH-000979,11624601,1,0.9993200302124023
ACH-000979,11625818,0,0.9228143692016602
ACH-000979,11634725,0,0.9697908163070679
ACH-000979,11640390,0,0.9742487668991089
ACH-000979,11647372,0,0.999774158000946
ACH-000979,11667893,1,0.8817328810691833
ACH-000979,11707110,1,0.9149715900421143
ACH-000979,11713159,0,0.9098940491676331
ACH-000979,11754511,0,0.9999434947967529
ACH-000979,11960529,1,0.993300199508667
ACH-000979,11977753,0,0.9267684817314148
ACH-000979,123631,1,0.9645125865936279
ACH-000979,126565,0,0.9982882142066956
ACH-000979,126941,0,0.9271751642227173
ACH-000979,1401,1,0.9285116791725159
ACH-000979,148124,0,0.9988999366760254
ACH-000979,156422,1,0.9819074273109436
ACH-000979,159324,0,0.943263590335846
ACH-000979,16720766,0,0.9928355813026428
ACH-000979,16722836,0,0.9942830204963684
ACH-000979,16725726,0,0.9204485416412354
ACH-000979,16747388,0,0.999240517616272
ACH-000979,176158,1,0.9807441830635071
ACH-000979,176167,0,0.9347642660140991
ACH-000979,17755052,0,0.9948474168777466
ACH-000979,216326,0,0.9563807845115662
ACH-000979,2314623,0,0.9993960857391357
ACH-000979,23725625,0,0.9989821314811707
ACH-000979,2375,0,0.9993662238121033
ACH-000979,24180719,0,0.999962329864502
ACH-000979,24756910,0,0.9262645840644836
ACH-000979,24772860,0,0.9461495280265808
ACH-000979,24776445,1,0.9999507665634155
ACH-000979,24785538,0,0.9563988447189331
ACH-000979,24826799,0,0.9256803393363953
ACH-000979,24889392,0,0.9994956254959106
ACH-000979,24894414,0,0.8237411975860596
ACH-000979,24951314,0,0.9997733235359192
ACH-000979,24978538,1,0.9999865293502808
ACH-000979,25022668,0,0.9951613545417786
ACH-000979,25102847,0,0.9999017715454102
ACH-000979,25124816,0,0.9992910623550415
ACH-000979,25126798,0,0.8181652426719666
ACH-000979,25167777,0,0.9999842643737793
ACH-000979,25195352,0,0.9995993971824646
ACH-000979,25222038,0,0.9994305968284607
ACH-000979,25257557,1,0.9775741696357727
ACH-000979,25262965,0,0.9849217534065247
ACH-000979,2726824,1,0.9257845878601074
ACH-000979,2733526,0,0.9711059331893921
ACH-000979,300471,0,0.8977184295654297
ACH-000979,3005532,0,0.9747841358184814
ACH-000979,31703,0,0.9994631409645081
ACH-000979,3218,0,0.9606855511665344
ACH-000979,3385,0,0.986289918422699
ACH-000979,3463933,0,0.9999837875366211
ACH-000979,36462,0,0.9999725818634033
ACH-000979,3796,0,0.9948263764381409
ACH-000979,4263900,0,0.7227491736412048
ACH-000979,42640,0,0.6249527931213379
ACH-000979,42642645,0,0.6171786785125732
ACH-000979,44137675,0,0.7572641968727112
ACH-000979,44143370,0,0.686813473701477
ACH-000979,44182295,0,0.7228232622146606
ACH-000979,44224160,0,0.7340433597564697
ACH-000979,44450571,0,0.732884407043457
ACH-000979,44462760,0,0.7947126626968384
ACH-000979,444795,0,0.7329962253570557
ACH-000979,44551660,0,0.7204397916793823
ACH-000979,44632017,0,0.6945883631706238
ACH-000979,446378,0,0.6913678050041199
ACH-000979,447912,0,0.793371856212616
ACH-000979,448013,0,0.6419156789779663
ACH-000979,44819241,0,0.8204649686813354
ACH-000979,46191454,0,0.6640664935112
ACH-000979,46224516,0,0.835677444934845
ACH-000979,46883536,0,0.7717105150222778
ACH-000979,46885626,0,0.8025463223457336
ACH-000979,46907787,0,0.6712499260902405
ACH-000979,46930998,1,0.6776471734046936
ACH-000979,46931012,0,0.7364214658737183
ACH-000979,46943432,0,0.8267796635627747
ACH-000979,49806720,0,0.7496610879898071
ACH-000979,5113032,0,0.8586253523826599
ACH-000979,51371303,0,0.8404263257980347
ACH-000979,5208,1,0.7861883640289307
ACH-000979,521106,0,0.8342105746269226
ACH-000979,5278396,1,0.7986841201782227
ACH-000979,5280757,0,0.6864952445030212
ACH-000979,5289247,0,0.8145377039909363
ACH-000979,5311,0,0.7613860964775085
ACH-000979,5311497,0,0.6956763863563538
ACH-000979,5328940,0,0.6729105114936829
ACH-000979,53302361,0,0.705016553401947
ACH-000979,5330286,0,0.7439238429069519
ACH-000979,53340664,0,0.7508043646812439
ACH-000979,53394750,0,0.862033486366272
ACH-000979,5394,0,0.8029491901397705
ACH-000979,5459322,0,0.7084696292877197
ACH-000979,5460769,0,0.6180129051208496
ACH-000979,54676905,0,0.7331218123435974
ACH-000979,54685215,0,0.6779727339744568
ACH-000979,560326,0,0.7368128299713135
ACH-000979,56962337,0,0.6418305039405823
ACH-000979,56965967,0,0.7770493030548096
ACH-000979,57339144,0,0.793366014957428
ACH-000979,5746,1,0.6873849630355835
ACH-000979,60750,0,0.7621298432350159
ACH-000979,6253,0,0.7871196269989014
ACH-000979,637858,0,0.81670743227005
ACH-000979,644241,0,0.8550322651863098
ACH-000979,6445533,0,0.8177647590637207
ACH-000979,6445562,0,0.7072463631629944
ACH-000979,6450551,0,0.6868042945861816
ACH-000979,6450816,0,0.779215395450592
ACH-000979,6505803,0,0.6653122305870056
ACH-000979,65110,0,0.8294997215270996
ACH-000979,66577006,0,0.8161388635635376
ACH-000979,6710780,0,0.6694790124893188
ACH-000979,6753378,0,0.6546340584754944
ACH-000979,6852167,0,0.6632870435714722
ACH-000979,6914657,0,0.6211732625961304
ACH-000979,6918289,0,0.746568500995636
ACH-000979,6918454,0,0.7604033946990967
ACH-000979,6918638,0,0.7264828681945801
ACH-000979,6918848,0,0.7005006670951843
ACH-000979,704473,0,0.9039929509162903
ACH-000979,71271629,0,0.8574168682098389
ACH-000979,82146,0,0.8403744697570801
ACH-000979,8249,0,0.7671506404876709
ACH-000979,84691,0,0.9502302408218384
ACH-000979,85668777,1,0.702965259552002
ACH-000979,9810884,0,0.857297956943512
ACH-000979,9813758,0,0.8796370029449463
ACH-000979,9826528,0,0.6554645895957947
ACH-000979,9858940,0,0.8270565271377563
ACH-000979,9863776,0,0.780210554599762
ACH-000979,9868037,0,0.8559901714324951
ACH-000979,9874913,0,0.7833439111709595
ACH-000979,9884685,0,0.6806846261024475
ACH-000979,9903786,0,0.8431022763252258
ACH-000979,9910224,0,0.8412291407585144
ACH-000979,9911830,0,0.7753316760063171
ACH-000979,9914412,0,0.7322731018066406
ACH-000979,9931953,0,0.678161084651947
ACH-000979,9938202,0,0.7600855231285095
ACH-000979,9943465,1,0.774737536907196
ACH-000979,9952773,0,0.7083278894424438
ACH-000979,9956119,0,0.7128645777702332
ACH-000979,9956222,0,0.6880735754966736
ACH-000979,9967941,0,0.8104111552238464
ACH-000995,10077147,0,0.9999994039535522
ACH-000995,10127622,0,0.9999971389770508
ACH-000995,10184653,0,0.938966691493988
ACH-000995,10341154,0,0.640020489692688
ACH-000995,10384072,0,0.9534306526184082
ACH-000995,10459196,0,0.9741564393043518
ACH-000995,104842,0,0.9982175230979919
ACH-000995,11152667,0,0.999603807926178
ACH-000995,11316960,1,0.9990972280502319
ACH-000995,11327430,0,0.9999616146087646
ACH-000995,11433190,0,0.9972202777862549
ACH-000995,11455910,0,0.9317961931228638
ACH-000995,11609586,0,0.9999982118606567
ACH-000995,11624601,0,0.9999994039535522
ACH-000995,11667893,0,0.9163610339164734
ACH-000995,11707110,0,0.9476398229598999
ACH-000995,11960529,0,0.9957559704780579
ACH-000995,11977753,0,0.970524251461029
ACH-000995,123631,0,0.9989606142044067
ACH-000995,126565,0,0.9999243021011353
ACH-000995,126941,1,0.22386370599269867
ACH-000995,1401,0,0.9640717506408691
ACH-000995,148124,0,0.9999995231628418
ACH-000995,156422,0,0.9931021928787231
ACH-000995,16720766,0,0.9989709854125977
ACH-000995,176158,0,0.9991256594657898
ACH-000995,17755052,0,0.9999767541885376
ACH-000995,216326,0,0.9955328702926636
ACH-000995,2314623,0,0.9999791383743286
ACH-000995,23725625,0,0.9998517036437988
ACH-000995,24180719,0,1.0
ACH-000995,24776445,0,1.0
ACH-000995,24978538,0,0.9999998807907104
ACH-000995,25262965,0,0.9987137317657471
ACH-000995,2726824,0,0.9394770264625549
ACH-000995,2733526,0,0.9986793398857117
ACH-000995,300471,0,0.88315349817276
ACH-000995,44182295,0,0.7292091250419617
ACH-000995,44450571,0,0.7285491228103638
ACH-000995,44462760,0,0.7650547623634338
ACH-000995,444795,0,0.6992238163948059
ACH-000995,44632017,1,0.7098786234855652
ACH-000995,44819241,0,0.8371750712394714
ACH-000995,46843772,0,0.6931936144828796
ACH-000995,46930998,0,0.6840842962265015
ACH-000995,51371303,1,0.8246937394142151
ACH-000995,5278396,0,0.7812567353248596
ACH-000995,5311,0,0.6805545091629028
ACH-000995,5327091,0,0.7709816694259644
ACH-000995,5328940,0,0.6847816705703735
ACH-000995,5330286,0,0.7056489586830139
ACH-000995,5394,0,0.77232825756073
ACH-000995,54685215,0,0.6596589088439941
ACH-000995,56962337,0,0.6546423435211182
ACH-000995,57339144,1,0.7889693975448608
ACH-000995,6253,0,0.786485493183136
ACH-000995,637858,0,0.7755078673362732
ACH-000995,644241,0,0.8292818665504456
ACH-000995,6450551,0,0.6431693434715271
ACH-000995,6505803,0,0.6328824162483215
ACH-000995,65110,0,0.8032118678092957
ACH-000995,6710780,0,0.6584770679473877
ACH-000995,6914657,0,0.6020251512527466
ACH-000995,6918289,0,0.6982405185699463
ACH-000995,6918454,0,0.7813661694526672
ACH-000995,71271629,0,0.8259258270263672
ACH-000995,84691,0,0.9315699934959412
ACH-000995,85668777,0,0.6821892261505127
ACH-000995,9826528,0,0.6712023615837097
ACH-000995,9858940,0,0.7934111952781677
ACH-000995,9863776,0,0.7741419672966003
ACH-000995,9914412,0,0.7018406987190247
ACH-000995,9931953,0,0.6427156925201416
ACH-000995,9938202,1,0.7678091526031494
ACH-000995,9943465,0,0.7993884086608887
ACH-001075,10027278,0,0.959558367729187
ACH-001075,10074640,0,0.9035786390304565
ACH-001075,10096043,0,0.7420604825019836
ACH-001075,10109823,0,0.9502423405647278
ACH-001075,10113978,0,0.9984763264656067
ACH-001075,10184653,1,0.8146427869796753
ACH-001075,10196499,0,0.9262176752090454
ACH-001075,10200390,0,0.8872381448745728
ACH-001075,10341154,0,0.777773380279541
ACH-001075,10451420,0,0.9004288911819458
ACH-001075,104842,0,0.8026707172393799
ACH-001075,11152667,0,0.897643506526947
ACH-001075,11178236,1,0.5595981478691101
ACH-001075,11282283,0,0.9861798882484436
ACH-001075,11373846,0,0.9013124704360962
ACH-001075,11404337,0,0.9163441061973572
ACH-001075,11455910,0,0.7729199528694153
ACH-001075,11485656,0,0.9376832246780396
ACH-001075,11493598,1,0.4937117397785187
ACH-001075,11609586,1,0.992845356464386
ACH-001075,11617559,0,0.8832675218582153
ACH-001075,11625818,0,0.5874357223510742
ACH-001075,11634725,1,0.8869893550872803
ACH-001075,11640390,1,0.6806192994117737
ACH-001075,11647372,0,0.9796538949012756
ACH-001075,11707110,1,0.7437458038330078
ACH-001075,11713159,0,0.6501134634017944
ACH-001075,11754511,0,0.9920697212219238
ACH-001075,11960529,0,0.9440791010856628
ACH-001075,123631,1,0.8893097639083862
ACH-001075,126565,0,0.9415691494941711
ACH-001075,126941,0,0.5901654958724976
ACH-001075,148124,1,0.9935076236724854
ACH-001075,159324,0,0.7616563439369202
ACH-001075,16722836,0,0.9511759281158447
ACH-001075,16725726,0,0.7795312404632568
ACH-001075,16747388,1,0.9652741551399231
ACH-001075,176158,0,0.8823304176330566
ACH-001075,176167,0,0.7308410406112671
ACH-001075,216326,0,0.8857039213180542
ACH-001075,2314623,1,0.982907235622406
ACH-001075,23725625,0,0.8231841921806335
ACH-001075,2375,0,0.9886921644210815
ACH-001075,24756910,1,0.7611085176467896
ACH-001075,24772860,1,0.8213440179824829
ACH-001075,24776445,0,0.9979604482650757
ACH-001075,24785538,0,0.8369047045707703
ACH-001075,24826799,0,0.7723761200904846
ACH-001075,24889392,0,0.9799981713294983
ACH-001075,24894414,1,0.6042459011077881
ACH-001075,24951314,0,0.9808057546615601
ACH-001075,25022668,0,0.9713966846466064
ACH-001075,25102847,0,0.9934573769569397
ACH-001075,25124816,0,0.9932156205177307
ACH-001075,25126798,1,0.4838452637195587
ACH-001075,25167777,0,0.9974653720855713
ACH-001075,25195352,1,0.991010308265686
ACH-001075,25222038,0,0.9790387749671936
ACH-001075,25257557,1,0.8857165575027466
ACH-001075,2726824,1,0.7741135358810425
ACH-001075,2733526,1,0.8757088780403137
ACH-001075,300471,1,0.744144082069397
ACH-001075,3005532,0,0.8629143834114075
ACH-001075,31703,0,0.9869250059127808
ACH-001075,3218,0,0.6698926687240601
ACH-001075,3385,1,0.6392172574996948
ACH-001075,3463933,0,0.9874381422996521
ACH-001075,36462,0,0.9980613589286804
ACH-001075,3796,1,0.9732037782669067
ACH-001075,4263900,0,0.5458081364631653
ACH-001075,42640,0,0.5224672555923462
ACH-001075,42642645,0,0.523082435131073
ACH-001075,44137675,0,0.573316216468811
ACH-001075,44143370,1,0.5563833713531494
ACH-001075,44224160,0,0.5706458687782288
ACH-001075,44462760,0,0.6186378598213196
ACH-001075,444795,1,0.563385546207428
ACH-001075,44551660,0,0.5823121666908264
ACH-001075,446378,0,0.5410979986190796
ACH-001075,447912,0,0.6088521480560303
ACH-001075,448013,0,0.5359620451927185
ACH-001075,44819241,1,0.5740841031074524
ACH-001075,46191454,0,0.5337969660758972
ACH-001075,46224516,0,0.6520466208457947
ACH-001075,46843772,0,0.5622172951698303
ACH-001075,46883536,0,0.5982019305229187
ACH-001075,46885626,0,0.564697802066803
ACH-001075,46907787,0,0.5320116877555847
ACH-001075,46931012,0,0.5549306869506836
ACH-001075,46943432,0,0.6193937659263611
ACH-001075,49806720,0,0.5926850438117981
ACH-001075,5113032,0,0.6356126666069031
ACH-001075,51371303,0,0.6380403637886047
ACH-001075,5208,0,0.5888680815696716
ACH-001075,521106,0,0.6247079968452454
ACH-001075,5280757,1,0.5433681607246399
ACH-001075,5289247,0,0.6010082364082336
ACH-001075,5311,0,0.6019072532653809
ACH-001075,5311497,0,0.5488613247871399
ACH-001075,5327091,0,0.5703297257423401
ACH-001075,5328940,1,0.5508633852005005
ACH-001075,53302361,0,0.5624441504478455
ACH-001075,53340664,1,0.5904343724250793
ACH-001075,53394750,1,0.6569914817810059
ACH-001075,5394,0,0.5940243005752563
ACH-001075,5459322,0,0.5637409090995789
ACH-001075,5460769,0,0.5263367295265198
ACH-001075,54676905,0,0.585113525390625
ACH-001075,54685215,1,0.5375311970710754
ACH-001075,560326,0,0.5370111465454102
ACH-001075,56962337,0,0.5367960333824158
ACH-001075,56965967,0,0.5749180316925049
ACH-001075,57339144,0,0.5958989858627319
ACH-001075,5746,0,0.5567359924316406
ACH-001075,60750,0,0.5620383024215698
ACH-001075,6253,1,0.570380687713623
ACH-001075,637858,1,0.5879986882209778
ACH-001075,644241,0,0.6713560819625854
ACH-001075,6445533,0,0.6422309875488281
ACH-001075,6445562,0,0.549250066280365
ACH-001075,6450551,1,0.544192373752594
ACH-001075,6450816,0,0.6068807244300842
ACH-001075,65110,0,0.6584433913230896
ACH-001075,66577006,0,0.6309830546379089
ACH-001075,6710780,0,0.5455338954925537
ACH-001075,6753378,0,0.5359369516372681
ACH-001075,6852167,1,0.5536583662033081
ACH-001075,6914657,0,0.5349280834197998
ACH-001075,6918289,1,0.5691356658935547
ACH-001075,6918454,1,0.5946263670921326
ACH-001075,6918638,0,0.5817045569419861
ACH-001075,6918848,0,0.5663389563560486
ACH-001075,704473,0,0.6885846257209778
ACH-001075,71271629,1,0.639186680316925
ACH-001075,82146,0,0.6259922385215759
ACH-001075,8249,1,0.5971642732620239
ACH-001075,84691,0,0.751562237739563
ACH-001075,85668777,1,0.5506183505058289
ACH-001075,9810884,1,0.6619797945022583
ACH-001075,9813758,0,0.6792922616004944
ACH-001075,9858940,1,0.6143352389335632
ACH-001075,9863776,0,0.5686286091804504
ACH-001075,9868037,0,0.6589226126670837
ACH-001075,9874913,0,0.5766640305519104
ACH-001075,9884685,0,0.5421010851860046
ACH-001075,9903786,1,0.6161093711853027
ACH-001075,9910224,0,0.6291807889938354
ACH-001075,9911830,0,0.6053814888000488
ACH-001075,9931953,0,0.5542780756950378
ACH-001075,9938202,0,0.5887405276298523
ACH-001075,9943465,0,0.5667917132377625
ACH-001075,9952773,0,0.5715712904930115
ACH-001075,9956119,0,0.5665634274482727
ACH-001075,9956222,0,0.5488754510879517
ACH-001075,9967941,0,0.6084984540939331
ACH-001190,10027278,0,0.9762573838233948
ACH-001190,10074640,0,0.9505633115768433
ACH-001190,10077147,0,0.9954397082328796
ACH-001190,10096043,0,0.8637301921844482
ACH-001190,10109823,0,0.9619291424751282
ACH-001190,10113978,0,0.9870702028274536
ACH-001190,10127622,0,0.9193827509880066
ACH-001190,10172943,0,0.9453400373458862
ACH-001190,10184653,0,0.9114781618118286
ACH-001190,10196499,0,0.9514198303222656
ACH-001190,10200390,0,0.9725401401519775
ACH-001190,10302451,0,0.9554893374443054
ACH-001190,10341154,0,0.9539116024971008
ACH-001190,10384072,0,0.9001083374023438
ACH-001190,10390396,0,0.8376950621604919
ACH-001190,10451420,0,0.9463270306587219
ACH-001190,10459196,0,0.8748409152030945
ACH-001190,10461815,0,0.975142776966095
ACH-001190,104842,0,0.9470850825309753
ACH-001190,11152667,1,0.9673413634300232
ACH-001190,11178236,0,0.8243770003318787
ACH-001190,11282283,0,0.9852942228317261
ACH-001190,11316960,1,0.9846599698066711
ACH-001190,11327430,0,0.9763414859771729
ACH-001190,11338033,0,0.9928014278411865
ACH-001190,11364421,0,0.9601194858551025
ACH-001190,11373846,0,0.9650369882583618
ACH-001190,11404337,0,0.9689120650291443
ACH-001190,11433190,0,0.9588543176651001
ACH-001190,11455910,0,0.8979202508926392
ACH-001190,11485656,0,0.9515714645385742
ACH-001190,11493598,0,0.8937178254127502
ACH-001190,11609586,0,0.9816905856132507
ACH-001190,11617559,0,0.9616374969482422
ACH-001190,11624601,1,0.9734187126159668
ACH-001190,11625818,0,0.9498592615127563
ACH-001190,11626560,0,0.9445144534111023
ACH-001190,11626927,0,0.9538393616676331
ACH-001190,11634725,0,0.8944075107574463
ACH-001190,11640390,0,0.9443934559822083
ACH-001190,11647372,0,0.9598339796066284
ACH-001190,11667893,0,0.8945702314376831
ACH-001190,11676786,0,0.961972177028656
ACH-001190,11707110,1,0.9611552953720093
ACH-001190,11713159,0,0.8947258591651917
ACH-001190,11754511,0,0.9966893196105957
ACH-001190,11844351,0,0.959771990776062
ACH-001190,11960529,0,0.9689856767654419
ACH-001190,11977753,0,0.9510384202003479
ACH-001190,123631,0,0.9667696356773376
ACH-001190,126565,1,0.9832928776741028
ACH-001190,126941,0,0.9219605326652527
ACH-001190,1401,0,0.94044029712677
ACH-001190,148124,0,0.9622042179107666
ACH-001190,156422,1,0.9488728046417236
ACH-001190,159324,1,0.9408288598060608
ACH-001190,160355,0,0.8832261562347412
ACH-001190,16038120,0,0.8892091512680054
ACH-001190,16095342,0,0.9649676084518433
ACH-001190,16663089,0,0.8894906044006348
ACH-001190,16720766,0,0.9489911198616028
ACH-001190,16722836,0,0.9587645530700684
ACH-001190,16725726,0,0.9078530073165894
ACH-001190,16747388,0,0.9779326915740967
ACH-001190,16760646,0,0.8690937757492065
ACH-001190,176158,0,0.9586279392242432
ACH-001190,176167,0,0.904525876045227
ACH-001190,176870,0,0.9427144527435303
ACH-001190,17755052,0,0.9823696613311768
ACH-001190,20635522,0,0.9226284623146057
ACH-001190,208908,0,0.9726346135139465
ACH-001190,216239,0,0.894315242767334
ACH-001190,216326,0,0.9816746115684509
ACH-001190,2314623,0,0.9750996828079224
ACH-001190,23725625,0,0.9740090370178223
ACH-001190,2375,0,0.9822299480438232
ACH-001190,24180719,0,0.9932745695114136
ACH-001190,24756910,0,0.9413312077522278
ACH-001190,24772860,0,0.8831408619880676
ACH-001190,24776445,0,0.9922171831130981
ACH-001190,24785538,0,0.921902060508728
ACH-001190,24825971,0,0.9062134623527527
ACH-001190,24826799,0,0.8445234298706055
ACH-001190,24889392,0,0.9854655265808105
ACH-001190,24894414,0,0.9358733296394348
ACH-001190,24951314,0,0.9694958925247192
ACH-001190,24978538,0,0.970026433467865
ACH-001190,25022668,0,0.9697012305259705
ACH-001190,25102847,0,0.9880084991455078
ACH-001190,25124816,0,0.9893419742584229
ACH-001190,25126798,0,0.9550440907478333
ACH-001190,25167777,0,0.9914371371269226
ACH-001190,25195352,0,0.9272871613502502
ACH-001190,25222038,0,0.9808535575866699
ACH-001190,25257557,0,0.990265429019928
ACH-001190,25262965,0,0.9480435848236084
ACH-001190,2726824,0,0.8834062814712524
ACH-001190,2733526,0,0.9769943356513977
ACH-001190,300471,0,0.8538918495178223
ACH-001190,3005532,0,0.9094318151473999
ACH-001190,3062316,0,0.9875717163085938
ACH-001190,31703,0,0.957565188407898
ACH-001190,3218,0,0.9687055945396423
ACH-001190,3385,0,0.9792528748512268
ACH-001190,3463933,1,0.9676275253295898
ACH-001190,36314,0,0.8926499485969543
ACH-001190,36462,0,0.9897763729095459
ACH-001190,3796,0,0.9401752352714539
ACH-001190,387447,0,0.9167705178260803
ACH-001190,4261,0,0.7598848938941956
ACH-001190,4263900,0,0.802672803401947
ACH-001190,42640,0,0.7448081970214844
ACH-001190,42642645,0,0.7552531361579895
ACH-001190,44137675,0,0.8837231993675232
ACH-001190,44143370,0,0.851927638053894
ACH-001190,44182295,1,0.8582338690757751
ACH-001190,44224160,0,0.8396357893943787
ACH-001190,44450571,0,0.8177542090415955
ACH-001190,44462760,1,0.8922908902168274
ACH-001190,444795,0,0.8535332083702087
ACH-001190,44551660,0,0.8402717709541321
ACH-001190,44632017,0,0.7998918294906616
ACH-001190,446378,0,0.7697204351425171
ACH-001190,447912,0,0.8704389929771423
ACH-001190,448013,0,0.7094069719314575
ACH-001190,44819241,0,0.9212362766265869
ACH-001190,46191454,0,0.7750074863433838
ACH-001190,46224516,0,0.9267572164535522
ACH-001190,462382,0,0.6604382395744324
ACH-001190,46843772,0,0.8128511905670166
ACH-001190,46844147,0,0.7966427206993103
ACH-001190,46883536,0,0.890995979309082
ACH-001190,46885626,0,0.907176673412323
ACH-001190,46907787,0,0.7605878710746765
ACH-001190,46930998,0,0.8087387681007385
ACH-001190,46931012,0,0.9067443013191223
ACH-001190,46943432,0,0.9101585149765015
ACH-001190,49806720,0,0.8585392832756042
ACH-001190,49821040,0,0.7642835378646851
ACH-001190,49836027,0,0.8324782848358154
ACH-001190,4993,0,0.8372657895088196
ACH-001190,5113032,0,0.9478859901428223
ACH-001190,51371303,0,0.9068633913993835
ACH-001190,5208,0,0.933888852596283
ACH-001190,521106,0,0.9088178873062134
ACH-001190,5278396,0,0.8984118700027466
ACH-001190,5280757,0,0.8171157240867615
ACH-001190,5289247,0,0.9218764305114746
ACH-001190,5291,0,0.7824244499206543
ACH-001190,5311,0,0.8338116407394409
ACH-001190,5311497,0,0.8230698108673096
ACH-001190,5311510,0,0.8714430332183838
ACH-001190,5327091,0,0.8236048221588135
ACH-001190,5328940,0,0.8325386643409729
ACH-001190,5329102,0,0.7457554936408997
ACH-001190,53302361,0,0.8510921597480774
ACH-001190,5330286,0,0.8507315516471863
ACH-001190,53340664,0,0.8808596730232239
ACH-001190,53394750,0,0.9506675601005554
ACH-001190,5384616,0,0.7124192714691162
ACH-001190,5394,0,0.925061047077179
ACH-001190,5459322,0,0.8563655018806458
ACH-001190,5460769,0,0.732408344745636
ACH-001190,54676905,0,0.8458613157272339
ACH-001190,54685215,0,0.8039376735687256
ACH-001190,5494449,0,0.9812870621681213
ACH-001190,560326,0,0.774628221988678
ACH-001190,56962337,0,0.7406538724899292
ACH-001190,56965967,0,0.9037717580795288
ACH-001190,5717801,0,0.6318732500076294
ACH-001190,57339144,0,0.9275571703910828
ACH-001190,5746,0,0.7800577282905579
ACH-001190,60750,0,0.8046093583106995
ACH-001190,6253,0,0.8530129790306091
ACH-001190,637858,0,0.8817874193191528
ACH-001190,644215,0,0.794084906578064
ACH-001190,644241,0,0.9343595504760742
ACH-001190,6445533,0,0.9130654335021973
ACH-001190,6445562,0,0.8766797184944153
ACH-001190,6450551,0,0.7519257068634033
ACH-001190,6450816,0,0.8840330243110657
ACH-001190,6505803,0,0.7555952668190002
ACH-001190,65110,0,0.9337906241416931
ACH-001190,66577006,0,0.9239140152931213
ACH-001190,6710780,0,0.8132378458976746
ACH-001190,6753378,0,0.7590945363044739
ACH-001190,6852167,0,0.838814914226532
ACH-001190,6914657,0,0.7205142974853516
ACH-001190,6918289,0,0.841788649559021
ACH-001190,6918454,1,0.9153546094894409
ACH-001190,6918638,0,0.8392203450202942
ACH-001190,6918848,0,0.818112313747406
ACH-001190,704473,0,0.9627752900123596
ACH-001190,71271629,0,0.9391122460365295
ACH-001190,7251185,0,0.895612895488739
ACH-001190,76044,0,0.7391392588615417
ACH-001190,82146,0,0.9051911234855652
ACH-001190,8249,0,0.8753920197486877
ACH-001190,84691,0,0.9823004603385925
ACH-001190,85668777,0,0.7967793941497803
ACH-001190,9549184,0,0.9092217683792114
ACH-001190,9810884,0,0.9632787704467773
ACH-001190,9813758,0,0.9572389125823975
ACH-001190,9826308,0,0.7707287669181824
ACH-001190,9826528,1,0.8119366765022278
ACH-001190,9858940,0,0.9208365082740784
ACH-001190,9863776,1,0.8942824602127075
ACH-001190,9868037,0,0.9257104992866516
ACH-001190,9874913,0,0.8767462372779846
ACH-001190,9884685,0,0.8189548850059509
ACH-001190,9903786,0,0.9375824928283691
ACH-001190,9907093,0,0.8596408367156982
ACH-001190,9910224,0,0.9451121091842651
ACH-001190,9911830,0,0.9095561504364014
ACH-001190,9914412,0,0.8650190830230713
ACH-001190,9931953,0,0.795582115650177
ACH-001190,9938202,0,0.85854172706604
ACH-001190,9943465,0,0.8911411166191101
ACH-001190,9952773,0,0.8327056169509888
ACH-001190,9956119,1,0.8646647334098816
ACH-001190,9956222,0,0.8368534445762634
ACH-001190,9967941,0,0.9288263916969299
