cell_id,drug_id,label,prediction
ACH-000004,10027278,0,0.14985574781894684
ACH-000004,10096043,0,0.08562798798084259
ACH-000004,10200390,0,0.1033390536904335
ACH-000004,10390396,0,0.06959065049886703
ACH-000004,11178236,0,0.3697076141834259
ACH-000004,11404337,0,0.07488888502120972
ACH-000004,11707110,0,0.08983200043439865
ACH-000004,11844351,0,0.08416260778903961
ACH-000004,16663089,0,0.10162581503391266
ACH-000004,16725726,0,0.1003991961479187
ACH-000004,20635522,0,0.09672324359416962
ACH-000004,2314623,0,0.19132333993911743
ACH-000004,25222038,0,0.09410610795021057
ACH-000004,25257557,1,0.1321592479944229
ACH-000004,4263900,1,0.04934810474514961
ACH-000004,42642645,0,0.08002646267414093
ACH-000004,44137675,0,0.12028717249631882
ACH-000004,44819241,1,0.10660504549741745
ACH-000004,46191454,0,0.1791941076517105
ACH-000004,46943432,1,0.07093062251806259
ACH-000004,5311497,0,0.07432378083467484
ACH-000004,5327091,0,0.08172143250703812
ACH-000004,53394750,1,0.11588818579912186
ACH-000004,5394,0,0.14479650557041168
ACH-000004,5460769,0,0.07422196865081787
ACH-000004,56965967,0,0.08220658451318741
ACH-000004,7251185,1,0.10004937648773193
ACH-000004,8249,0,0.26251310110092163
ACH-000004,9549184,0,0.06038118153810501
ACH-000004,9863776,0,0.12120334804058075
ACH-000004,9910224,1,0.0771668329834938
ACH-000004,9911830,0,0.07157891243696213
ACH-000004,9931953,0,0.2608778476715088
ACH-000038,10027278,0,0.08029645681381226
ACH-000038,10077147,0,0.2837925851345062
ACH-000038,10096043,0,0.0828387513756752
ACH-000038,10200390,0,0.13360626995563507
ACH-000038,10390396,0,0.11311247944831848
ACH-000038,11404337,0,0.0928867906332016
ACH-000038,11667893,0,0.060122355818748474
ACH-000038,11707110,0,0.08151687681674957
ACH-000038,11844351,0,0.07260552048683167
ACH-000038,11977753,0,0.1646670252084732
ACH-000038,123631,0,0.07161316275596619
ACH-000038,126565,0,0.09253094345331192
ACH-000038,16663089,0,0.19237607717514038
ACH-000038,20635522,0,0.04617589712142944
ACH-000038,2314623,0,0.19699712097644806
ACH-000038,25222038,0,0.12033244967460632
ACH-000038,25262965,0,0.062135960906744
ACH-000038,300471,0,0.3142439126968384
ACH-000038,4263900,0,0.08671775460243225
ACH-000038,44137675,0,0.12821446359157562
ACH-000038,44819241,0,0.08136574178934097
ACH-000038,5311497,0,0.0625118613243103
ACH-000038,5327091,0,0.08435997366905212
ACH-000038,5330286,0,0.07391126453876495
ACH-000038,5394,0,0.2819726765155792
ACH-000038,5460769,0,0.07305881381034851
ACH-000038,6253,0,0.36474326252937317
ACH-000038,9549184,1,0.07495081424713135
ACH-000038,9863776,0,0.1087326928973198
ACH-000038,9931953,0,0.07537227869033813
ACH-000038,9943465,0,0.10139559209346771
ACH-000050,10077147,1,0.18447345495224
ACH-000050,11667893,1,0.06170392408967018
ACH-000050,11707110,1,0.07352495193481445
ACH-000050,11977753,1,0.10539919137954712
ACH-000050,123631,0,0.08436547964811325
ACH-000050,126565,0,0.14031556248664856
ACH-000050,2314623,1,0.22915075719356537
ACH-000050,25262965,1,0.060617875307798386
ACH-000050,300471,0,0.20702920854091644
ACH-000050,44819241,0,0.08917151391506195
ACH-000050,46843772,1,0.03823132812976837
ACH-000050,5327091,1,0.07173135876655579
ACH-000050,5330286,0,0.14438489079475403
ACH-000050,5394,0,0.13194605708122253
ACH-000050,6253,0,0.15918971598148346
ACH-000050,9863776,1,0.10088253766298294
ACH-000050,9931953,0,0.12804105877876282
ACH-000050,9943465,0,0.10098987817764282
ACH-000054,10027278,1,0.15156657993793488
ACH-000054,10077147,0,0.0931878387928009
ACH-000054,10096043,0,0.15394368767738342
ACH-000054,10200390,0,0.15887604653835297
ACH-000054,11178236,0,0.3865569829940796
ACH-000054,11404337,0,0.14745666086673737
ACH-000054,11667893,0,0.09001707285642624
ACH-000054,11707110,1,0.08369410037994385
ACH-000054,11977753,0,0.15425480902194977
ACH-000054,126565,1,0.21299907565116882
ACH-000054,16725726,0,0.14535623788833618
ACH-000054,2314623,0,0.19201189279556274
ACH-000054,25222038,0,0.1326119601726532
ACH-000054,25257557,1,0.13635265827178955
ACH-000054,25262965,0,0.11388197541236877
ACH-000054,300471,0,0.20668403804302216
ACH-000054,4263900,0,0.11440395563840866
ACH-000054,42642645,0,0.10297958552837372
ACH-000054,44137675,0,0.2673039734363556
ACH-000054,44819241,1,0.17856483161449432
ACH-000054,46191454,0,0.1638663411140442
ACH-000054,46943432,0,0.10941679775714874
ACH-000054,5311497,0,0.10780741274356842
ACH-000054,5327091,1,0.14802129566669464
ACH-000054,5330286,0,0.11261903494596481
ACH-000054,53394750,0,0.1232893317937851
ACH-000054,5394,0,0.23533810675144196
ACH-000054,5460769,0,0.052064891904592514
ACH-000054,56965967,0,0.07742194086313248
ACH-000054,6253,1,0.14420972764492035
ACH-000054,8249,0,0.28333377838134766
ACH-000054,9863776,0,0.13978910446166992
ACH-000054,9910224,0,0.08556080609560013
ACH-000054,9911830,0,0.1359054297208786
ACH-000054,9931953,1,0.11170149594545364
ACH-000054,9943465,0,0.14899252355098724
ACH-000062,10027278,0,0.16714347898960114
ACH-000062,10077147,0,0.14767257869243622
ACH-000062,10096043,0,0.10914900153875351
ACH-000062,10200390,0,0.08208240568637848
ACH-000062,11178236,0,0.5097360610961914
ACH-000062,11404337,0,0.07473459094762802
ACH-000062,11667893,0,0.10771255195140839
ACH-000062,11707110,1,0.07438842952251434
ACH-000062,11977753,0,0.20030725002288818
ACH-000062,123631,0,0.2341730296611786
ACH-000062,126565,0,0.2005017101764679
ACH-000062,16725726,0,0.1383327692747116
ACH-000062,2314623,0,0.17924140393733978
ACH-000062,25222038,0,0.24318110942840576
ACH-000062,25257557,1,0.15148067474365234
ACH-000062,25262965,0,0.12349531799554825
ACH-000062,300471,0,0.1732727736234665
ACH-000062,4263900,0,0.07636895775794983
ACH-000062,42642645,0,0.1638917177915573
ACH-000062,44137675,0,0.1630159616470337
ACH-000062,44819241,0,0.11883825808763504
ACH-000062,46191454,0,0.1685478389263153
ACH-000062,46843772,0,0.0662710964679718
ACH-000062,46943432,0,0.07260048389434814
ACH-000062,5311497,0,0.09296144545078278
ACH-000062,5327091,0,0.1011895015835762
ACH-000062,5330286,0,0.112996406853199
ACH-000062,53394750,0,0.11099225282669067
ACH-000062,5394,0,0.20783397555351257
ACH-000062,5460769,0,0.06428974121809006
ACH-000062,56965967,0,0.07663455605506897
ACH-000062,6253,0,0.2136976718902588
ACH-000062,8249,0,0.26231226325035095
ACH-000062,9863776,0,0.1339622586965561
ACH-000062,9910224,0,0.07253408432006836
ACH-000062,9911830,0,0.12070075422525406
ACH-000062,9931953,0,0.17034904658794403
ACH-000062,9943465,0,0.08837687969207764
ACH-000072,10027278,0,0.10029248893260956
ACH-000072,10077147,0,0.07151510566473007
ACH-000072,10096043,0,0.05365179106593132
ACH-000072,10200390,0,0.11216357350349426
ACH-000072,10390396,0,0.04248950257897377
ACH-000072,11178236,0,0.2736400365829468
ACH-000072,11404337,0,0.07459821552038193
ACH-000072,11667893,0,0.05984549969434738
ACH-000072,11707110,1,0.0469362735748291
ACH-000072,11844351,1,0.0722605437040329
ACH-000072,11977753,0,0.06324673444032669
ACH-000072,123631,0,0.0997643992304802
ACH-000072,126565,0,0.08709938824176788
ACH-000072,16663089,0,0.05098806694149971
ACH-000072,16725726,0,0.08388692140579224
ACH-000072,20635522,0,0.04478676617145538
ACH-000072,2314623,0,0.1247623935341835
ACH-000072,25222038,0,0.08345327526330948
ACH-000072,25257557,1,0.06500322371721268
ACH-000072,25262965,0,0.09648920595645905
ACH-000072,300471,0,0.08222544193267822
ACH-000072,4263900,0,0.05176650360226631
ACH-000072,42642645,1,0.04895131662487984
ACH-000072,44137675,0,0.07910377532243729
ACH-000072,44819241,0,0.06183983385562897
ACH-000072,46191454,0,0.07620503753423691
ACH-000072,46943432,1,0.0509321391582489
ACH-000072,5311497,0,0.05554394796490669
ACH-000072,5327091,0,0.0549483448266983
ACH-000072,5330286,0,0.06460238248109818
ACH-000072,53394750,1,0.05271005630493164
ACH-000072,5394,0,0.13750901818275452
ACH-000072,5460769,0,0.03520030155777931
ACH-000072,56965967,0,0.03592325747013092
ACH-000072,6253,0,0.1433376520872116
ACH-000072,7251185,0,0.07674708962440491
ACH-000072,8249,0,0.18235500156879425
ACH-000072,9549184,1,0.04190334305167198
ACH-000072,9863776,0,0.08013486117124557
ACH-000072,9910224,1,0.07439399510622025
ACH-000072,9911830,1,0.0857868492603302
ACH-000072,9931953,0,0.13705454766750336
ACH-000072,9943465,0,0.06888820976018906
ACH-000074,10027278,0,0.14511851966381073
ACH-000074,10077147,0,0.11249246448278427
ACH-000074,10096043,0,0.0944686308503151
ACH-000074,10200390,0,0.11392334848642349
ACH-000074,10390396,0,0.052158840000629425
ACH-000074,11178236,0,0.2500905692577362
ACH-000074,11404337,0,0.07900743931531906
ACH-000074,11667893,0,0.05485156178474426
ACH-000074,11707110,1,0.044950444251298904
ACH-000074,11844351,0,0.06506858766078949
ACH-000074,11977753,0,0.09184665232896805
ACH-000074,123631,0,0.1378147006034851
ACH-000074,126565,0,0.09004633128643036
ACH-000074,16663089,0,0.07762320339679718
ACH-000074,16725726,1,0.0868457481265068
ACH-000074,20635522,0,0.056794434785842896
ACH-000074,2314623,0,0.15747922658920288
ACH-000074,25222038,0,0.16828513145446777
ACH-000074,25257557,1,0.06338543444871902
ACH-000074,25262965,1,0.12635239958763123
ACH-000074,300471,0,0.13798071444034576
ACH-000074,4263900,1,0.052725475281476974
ACH-000074,42642645,0,0.09139980375766754
ACH-000074,44137675,1,0.21025587618350983
ACH-000074,44819241,0,0.0691877156496048
ACH-000074,46191454,1,0.07135995477437973
ACH-000074,46943432,1,0.07099276781082153
ACH-000074,5311497,0,0.06338615715503693
ACH-000074,5327091,0,0.06527092307806015
ACH-000074,5330286,0,0.07174912840127945
ACH-000074,53394750,1,0.07213056832551956
ACH-000074,5394,1,0.10961780697107315
ACH-000074,5460769,0,0.054819654673337936
ACH-000074,56965967,1,0.062003571540117264
ACH-000074,6253,0,0.20540741086006165
ACH-000074,7251185,0,0.17344032227993011
ACH-000074,8249,1,0.265395849943161
ACH-000074,9549184,1,0.04274870827794075
ACH-000074,9863776,1,0.10292462259531021
ACH-000074,9910224,0,0.06653735786676407
ACH-000074,9911830,0,0.06978296488523483
ACH-000074,9931953,0,0.13545991480350494
ACH-000074,9943465,0,0.09274277091026306
ACH-000082,10027278,0,0.07671890407800674
ACH-000082,10077147,0,0.1194390282034874
ACH-000082,10096043,0,0.05618853121995926
ACH-000082,10200390,0,0.08767636865377426
ACH-000082,11178236,0,0.3225950300693512
ACH-000082,11667893,0,0.07045549899339676
ACH-000082,11707110,0,0.04253252223134041
ACH-000082,11977753,0,0.09786473959684372
ACH-000082,123631,0,0.1034303680062294
ACH-000082,126565,0,0.06553003191947937
ACH-000082,16725726,0,0.07138191908597946
ACH-000082,2314623,1,0.1456722915172577
ACH-000082,25222038,0,0.09101630002260208
ACH-000082,25257557,0,0.06027641519904137
ACH-000082,25262965,0,0.07690829783678055
ACH-000082,300471,0,0.07566738873720169
ACH-000082,4263900,0,0.04832466319203377
ACH-000082,42642645,0,0.06929955631494522
ACH-000082,44137675,0,0.1042056456208229
ACH-000082,44819241,0,0.07018756121397018
ACH-000082,46191454,0,0.061566151678562164
ACH-000082,46943432,0,0.06436268985271454
ACH-000082,5311497,0,0.06293229013681412
ACH-000082,5330286,0,0.053734589368104935
ACH-000082,53394750,0,0.04573480039834976
ACH-000082,5394,0,0.08729349076747894
ACH-000082,5460769,0,0.0402173213660717
ACH-000082,56965967,0,0.05903458222746849
ACH-000082,6253,0,0.15799589455127716
ACH-000082,8249,0,0.1524485945701599
ACH-000082,9863776,0,0.07253137230873108
ACH-000082,9910224,0,0.07582662999629974
ACH-000082,9911830,0,0.07087445259094238
ACH-000082,9943465,0,0.06511629372835159
ACH-000094,10027278,0,0.0835377424955368
ACH-000094,10096043,0,0.07772264629602432
ACH-000094,10200390,0,0.11599317938089371
ACH-000094,11178236,0,0.3389138877391815
ACH-000094,11404337,0,0.10611195117235184
ACH-000094,11707110,1,0.06772518157958984
ACH-000094,16725726,0,0.08332239091396332
ACH-000094,2314623,0,0.3319205045700073
ACH-000094,25222038,0,0.16676966845989227
ACH-000094,25257557,0,0.06592905521392822
ACH-000094,4263900,0,0.05767498537898064
ACH-000094,42642645,0,0.08819698542356491
ACH-000094,44137675,0,0.12843595445156097
ACH-000094,44819241,0,0.06641211360692978
ACH-000094,46191454,0,0.08132287114858627
ACH-000094,46943432,0,0.058453503996133804
ACH-000094,5311497,0,0.07093530148267746
ACH-000094,5327091,0,0.07130762934684753
ACH-000094,53394750,0,0.06152558699250221
ACH-000094,5394,0,0.20559193193912506
ACH-000094,5460769,0,0.04176323115825653
ACH-000094,56965967,0,0.10488729178905487
ACH-000094,8249,0,0.3526425063610077
ACH-000094,9863776,0,0.10086951404809952
ACH-000094,9910224,0,0.09822088479995728
ACH-000094,9911830,0,0.09162721782922745
ACH-000094,9931953,0,0.08985982090234756
ACH-000118,10027278,0,0.07052836567163467
ACH-000118,10077147,0,0.22969473898410797
ACH-000118,10096043,0,0.053228624165058136
ACH-000118,10200390,0,0.15635421872138977
ACH-000118,11178236,0,0.4411441683769226
ACH-000118,11404337,0,0.11986882239580154
ACH-000118,11667893,0,0.0951622799038887
ACH-000118,11707110,1,0.07072135806083679
ACH-000118,11977753,0,0.11376733332872391
ACH-000118,123631,0,0.0873853787779808
ACH-000118,126565,0,0.10091614723205566
ACH-000118,16725726,0,0.08941107243299484
ACH-000118,2314623,0,0.189845472574234
ACH-000118,25222038,0,0.08719820529222488
ACH-000118,25257557,1,0.10403760522603989
ACH-000118,25262965,0,0.09255100786685944
ACH-000118,300471,0,0.10965416580438614
ACH-000118,4263900,0,0.06098198890686035
ACH-000118,42642645,0,0.05544246360659599
ACH-000118,44137675,0,0.1333276778459549
ACH-000118,44819241,0,0.10692040622234344
ACH-000118,46191454,0,0.10112866014242172
ACH-000118,46843772,0,0.0547468364238739
ACH-000118,46943432,0,0.10407587885856628
ACH-000118,5311497,0,0.08396057039499283
ACH-000118,5327091,0,0.05835498124361038
ACH-000118,5330286,0,0.08513245731592178
ACH-000118,53394750,0,0.05847672000527382
ACH-000118,5394,0,0.15902316570281982
ACH-000118,5460769,0,0.04535074532032013
ACH-000118,56965967,0,0.09243088215589523
ACH-000118,6253,0,0.20362277328968048
ACH-000118,8249,0,0.21397605538368225
ACH-000118,9863776,0,0.12059721350669861
ACH-000118,9910224,0,0.1186952069401741
ACH-000118,9911830,0,0.10842142254114151
ACH-000118,9931953,0,0.13130627572536469
ACH-000118,9943465,0,0.0961458832025528
ACH-000121,10027278,0,0.06022689491510391
ACH-000121,10077147,0,0.08891186863183975
ACH-000121,10096043,0,0.06776726990938187
ACH-000121,10200390,0,0.09511273354291916
ACH-000121,11178236,0,0.19789628684520721
ACH-000121,11404337,0,0.07759547233581543
ACH-000121,11667893,0,0.06604725122451782
ACH-000121,11707110,0,0.041132524609565735
ACH-000121,11977753,0,0.05396930128335953
ACH-000121,123631,0,0.08005539327859879
ACH-000121,126565,0,0.09476567804813385
ACH-000121,16725726,0,0.034097298979759216
ACH-000121,2314623,0,0.3211381733417511
ACH-000121,25222038,0,0.1439274698495865
ACH-000121,25257557,0,0.060207951813936234
ACH-000121,25262965,0,0.030092554166913033
ACH-000121,300471,0,0.4347270429134369
ACH-000121,4263900,0,0.10661209374666214
ACH-000121,42642645,0,0.1126813143491745
ACH-000121,44137675,0,0.0832761898636818
ACH-000121,44819241,0,0.05646157264709473
ACH-000121,46191454,0,0.07671955972909927
ACH-000121,46943432,0,0.04201087728142738
ACH-000121,5311497,0,0.05604588985443115
ACH-000121,5327091,0,0.07886745780706406
ACH-000121,5330286,0,0.07333546876907349
ACH-000121,53394750,0,0.0871308222413063
ACH-000121,5394,0,0.13233505189418793
ACH-000121,5460769,0,0.04522137716412544
ACH-000121,56965967,0,0.08838152140378952
ACH-000121,6253,0,0.1169315055012703
ACH-000121,8249,0,0.2283795177936554
ACH-000121,9863776,0,0.06923451274633408
ACH-000121,9910224,0,0.12735694646835327
ACH-000121,9911830,0,0.10487883538007736
ACH-000121,9931953,0,0.08747364580631256
ACH-000121,9943465,0,0.0785469338297844
ACH-000124,10027278,0,0.14422594010829926
ACH-000124,10077147,0,0.14577966928482056
ACH-000124,10096043,0,0.13480587303638458
ACH-000124,10200390,1,0.12279068678617477
ACH-000124,10390396,0,0.10102924704551697
ACH-000124,11178236,0,0.5621804594993591
ACH-000124,11404337,0,0.13130788505077362
ACH-000124,11667893,0,0.1816234588623047
ACH-000124,11707110,0,0.18176910281181335
ACH-000124,11844351,0,0.14407271146774292
ACH-000124,11977753,0,0.17333386838436127
ACH-000124,123631,0,0.15304233133792877
ACH-000124,126565,1,0.28563570976257324
ACH-000124,16663089,0,0.16282017529010773
ACH-000124,16725726,1,0.17774419486522675
ACH-000124,20635522,0,0.12002243101596832
ACH-000124,2314623,0,0.24950848519802094
ACH-000124,25222038,0,0.16170278191566467
ACH-000124,25257557,1,0.2128799557685852
ACH-000124,25262965,0,0.13208724558353424
ACH-000124,300471,0,0.15908080339431763
ACH-000124,4263900,1,0.07112663984298706
ACH-000124,42642645,1,0.12450756877660751
ACH-000124,44137675,0,0.15756283700466156
ACH-000124,44819241,0,0.1815561056137085
ACH-000124,46191454,1,0.2406178116798401
ACH-000124,46843772,0,0.10864599049091339
ACH-000124,46943432,1,0.13536283373832703
ACH-000124,5311497,1,0.130748450756073
ACH-000124,5327091,0,0.11721889674663544
ACH-000124,5330286,0,0.14901144802570343
ACH-000124,53394750,1,0.13533948361873627
ACH-000124,5394,0,0.16688644886016846
ACH-000124,5460769,1,0.1031690314412117
ACH-000124,56965967,1,0.13124097883701324
ACH-000124,6253,1,0.34535911679267883
ACH-000124,7251185,1,0.11758238822221756
ACH-000124,8249,1,0.15616844594478607
ACH-000124,9549184,0,0.10108722746372223
ACH-000124,9863776,0,0.19710268080234528
ACH-000124,9910224,0,0.12506575882434845
ACH-000124,9911830,0,0.14891676604747772
ACH-000124,9931953,0,0.402499258518219
ACH-000124,9943465,1,0.12447237968444824
ACH-000136,10027278,0,0.09794076532125473
ACH-000136,10077147,0,0.11419230699539185
ACH-000136,10096043,0,0.12477406114339828
ACH-000136,10200390,0,0.17368294298648834
ACH-000136,10390396,0,0.07964934408664703
ACH-000136,11178236,0,0.2803266942501068
ACH-000136,11404337,0,0.18581809103488922
ACH-000136,11667893,0,0.14726324379444122
ACH-000136,11707110,0,0.1148969754576683
ACH-000136,11844351,0,0.22368237376213074
ACH-000136,11977753,0,0.08691927045583725
ACH-000136,123631,0,0.08575309813022614
ACH-000136,126565,0,0.20851680636405945
ACH-000136,16663089,0,0.14329750835895538
ACH-000136,16725726,0,0.06263212859630585
ACH-000136,20635522,0,0.12564748525619507
ACH-000136,2314623,0,0.41338667273521423
ACH-000136,25222038,0,0.08571897447109222
ACH-000136,25257557,1,0.13984867930412292
ACH-000136,25262965,0,0.06530402600765228
ACH-000136,300471,0,0.46832963824272156
ACH-000136,4263900,0,0.1316007822751999
ACH-000136,42642645,0,0.09847874939441681
ACH-000136,44137675,0,0.11341174691915512
ACH-000136,44819241,1,0.1670713722705841
ACH-000136,46191454,0,0.1961340606212616
ACH-000136,46943432,0,0.1151847392320633
ACH-000136,5311497,0,0.12940537929534912
ACH-000136,5327091,0,0.14214210212230682
ACH-000136,5330286,0,0.15583938360214233
ACH-000136,53394750,1,0.1093299612402916
ACH-000136,5394,1,0.19713295996189117
ACH-000136,5460769,0,0.07717360556125641
ACH-000136,56965967,0,0.10969860851764679
ACH-000136,6253,0,0.1648382991552353
ACH-000136,7251185,0,0.1280539333820343
ACH-000136,8249,0,0.24894271790981293
ACH-000136,9549184,0,0.10073745995759964
ACH-000136,9863776,0,0.14088474214076996
ACH-000136,9910224,0,0.15953174233436584
ACH-000136,9911830,0,0.1335449367761612
ACH-000136,9931953,0,0.2186267077922821
ACH-000136,9943465,0,0.19201171398162842
ACH-000144,10027278,0,0.16602356731891632
ACH-000144,10077147,0,0.1296682059764862
ACH-000144,10096043,0,0.07166390120983124
ACH-000144,10200390,0,0.07660666108131409
ACH-000144,11178236,0,0.3637959063053131
ACH-000144,11667893,0,0.06751751899719238
ACH-000144,11707110,0,0.06023426353931427
ACH-000144,16725726,1,0.08014064282178879
ACH-000144,2314623,1,0.15598848462104797
ACH-000144,25222038,0,0.14550098776817322
ACH-000144,25257557,1,0.09762124717235565
ACH-000144,4263900,0,0.03882138803601265
ACH-000144,42642645,0,0.11228983849287033
ACH-000144,44137675,0,0.15651577711105347
ACH-000144,44819241,0,0.07891529053449631
ACH-000144,46191454,0,0.12034178525209427
ACH-000144,46943432,0,0.05312712490558624
ACH-000144,5311497,0,0.052110202610492706
ACH-000144,5327091,0,0.0601174421608448
ACH-000144,53394750,0,0.10191775858402252
ACH-000144,5394,0,0.1260560005903244
ACH-000144,5460769,0,0.05702872574329376
ACH-000144,56965967,0,0.07027706503868103
ACH-000144,8249,0,0.2238234132528305
ACH-000144,9863776,0,0.0990944653749466
ACH-000144,9910224,0,0.05241923779249191
ACH-000144,9911830,0,0.050867121666669846
ACH-000144,9931953,0,0.27155691385269165
ACH-000157,10027278,0,0.18011566996574402
ACH-000157,10077147,0,0.18433590233325958
ACH-000157,10096043,0,0.15839090943336487
ACH-000157,10200390,0,0.11872689425945282
ACH-000157,10390396,1,0.1166546419262886
ACH-000157,11178236,0,0.6159628629684448
ACH-000157,11404337,0,0.07977741211652756
ACH-000157,11667893,0,0.09741225838661194
ACH-000157,11707110,0,0.09486336261034012
ACH-000157,11844351,0,0.13093002140522003
ACH-000157,11977753,0,0.18794791400432587
ACH-000157,123631,0,0.1839616745710373
ACH-000157,126565,1,0.24782292544841766
ACH-000157,16663089,0,0.1478303074836731
ACH-000157,16725726,0,0.19159986078739166
ACH-000157,20635522,1,0.14573492109775543
ACH-000157,2314623,0,0.19452044367790222
ACH-000157,25222038,0,0.21592125296592712
ACH-000157,25257557,1,0.17048463225364685
ACH-000157,25262965,1,0.15756991505622864
ACH-000157,300471,0,0.18804876506328583
ACH-000157,4263900,0,0.1368638426065445
ACH-000157,42642645,0,0.12841223180294037
ACH-000157,44137675,0,0.17823591828346252
ACH-000157,44819241,0,0.13495787978172302
ACH-000157,46191454,0,0.20088352262973785
ACH-000157,46943432,0,0.09042584151029587
ACH-000157,5311497,0,0.11481717228889465
ACH-000157,5327091,0,0.15278375148773193
ACH-000157,5330286,0,0.18831703066825867
ACH-000157,53394750,0,0.1290639340877533
ACH-000157,5394,1,0.24223197996616364
ACH-000157,5460769,0,0.07751914113759995
ACH-000157,56965967,1,0.06341011077165604
ACH-000157,6253,0,0.2074052095413208
ACH-000157,7251185,0,0.2612498998641968
ACH-000157,8249,0,0.28860700130462646
ACH-000157,9549184,0,0.07012512534856796
ACH-000157,9863776,0,0.15647108852863312
ACH-000157,9910224,0,0.10207061469554901
ACH-000157,9911830,0,0.08028054237365723
ACH-000157,9931953,0,0.2375505119562149
ACH-000157,9943465,0,0.07354562729597092
ACH-000174,10027278,1,0.12890273332595825
ACH-000174,10077147,0,0.2411884069442749
ACH-000174,10096043,0,0.10222960263490677
ACH-000174,10200390,0,0.1000627726316452
ACH-000174,11178236,0,0.32912325859069824
ACH-000174,11404337,0,0.07841867953538895
ACH-000174,11667893,0,0.0816434994339943
ACH-000174,11707110,1,0.07474514096975327
ACH-000174,11977753,0,0.15669959783554077
ACH-000174,123631,0,0.11987942457199097
ACH-000174,126565,0,0.17819559574127197
ACH-000174,16725726,0,0.0994928777217865
ACH-000174,2314623,1,0.35259029269218445
ACH-000174,25222038,0,0.27972114086151123
ACH-000174,25257557,1,0.10858070105314255
ACH-000174,25262965,0,0.06704813987016678
ACH-000174,300471,0,0.4070979654788971
ACH-000174,4263900,0,0.06948740035295486
ACH-000174,42642645,0,0.14171583950519562
ACH-000174,44137675,0,0.16228017210960388
ACH-000174,44819241,1,0.07266052812337875
ACH-000174,46191454,0,0.1715385913848877
ACH-000174,46843772,1,0.07732701301574707
ACH-000174,46943432,0,0.0643199235200882
ACH-000174,5311497,0,0.07935428619384766
ACH-000174,5327091,0,0.09423189610242844
ACH-000174,5330286,0,0.1717502325773239
ACH-000174,53394750,0,0.11672212183475494
ACH-000174,5394,0,0.23811125755310059
ACH-000174,5460769,0,0.07161283493041992
ACH-000174,56965967,0,0.1315678358078003
ACH-000174,6253,0,0.249643474817276
ACH-000174,8249,0,0.36527183651924133
ACH-000174,9863776,1,0.13264921307563782
ACH-000174,9910224,0,0.12970982491970062
ACH-000174,9911830,0,0.0756879597902298
ACH-000174,9931953,0,0.23013442754745483
ACH-000174,9943465,0,0.11413981765508652
ACH-000186,10027278,0,0.07711859792470932
ACH-000186,10077147,0,0.21139341592788696
ACH-000186,10096043,0,0.1223960742354393
ACH-000186,10200390,0,0.18640059232711792
ACH-000186,11178236,0,0.34141263365745544
ACH-000186,11404337,0,0.15043222904205322
ACH-000186,11667893,0,0.16303187608718872
ACH-000186,11707110,0,0.12185585498809814
ACH-000186,11977753,0,0.16973508894443512
ACH-000186,123631,0,0.1140030100941658
ACH-000186,126565,0,0.23545822501182556
ACH-000186,16725726,0,0.10367041826248169
ACH-000186,2314623,0,0.511334240436554
ACH-000186,25222038,0,0.17523449659347534
ACH-000186,25257557,0,0.1827370524406433
ACH-000186,25262965,0,0.062147729098796844
ACH-000186,300471,0,0.3873014450073242
ACH-000186,4263900,0,0.13483908772468567
ACH-000186,42642645,0,0.1473255157470703
ACH-000186,44137675,0,0.18254932761192322
ACH-000186,44819241,0,0.16867642104625702
ACH-000186,46191454,0,0.2830866277217865
ACH-000186,46943432,0,0.12660366296768188
ACH-000186,5311497,0,0.20554398000240326
ACH-000186,5327091,0,0.11845719814300537
ACH-000186,5330286,0,0.1949472576379776
ACH-000186,53394750,0,0.10316196829080582
ACH-000186,5394,0,0.21832557022571564
ACH-000186,5460769,0,0.12079636752605438
ACH-000186,56965967,0,0.22329764068126678
ACH-000186,6253,0,0.2788182497024536
ACH-000186,8249,0,0.18660180270671844
ACH-000186,9863776,0,0.22318750619888306
ACH-000186,9910224,0,0.21977901458740234
ACH-000186,9911830,0,0.15760692954063416
ACH-000186,9931953,0,0.2662440240383148
ACH-000186,9943465,0,0.1635148674249649
ACH-000207,10027278,0,0.12364928424358368
ACH-000207,10077147,0,0.09182921051979065
ACH-000207,10096043,0,0.06151318922638893
ACH-000207,10200390,0,0.08973696082830429
ACH-000207,11178236,0,0.42141053080558777
ACH-000207,11404337,0,0.0777222141623497
ACH-000207,11667893,0,0.06705549359321594
ACH-000207,11707110,0,0.0710899755358696
ACH-000207,11977753,0,0.09922580420970917
ACH-000207,123631,0,0.09906166791915894
ACH-000207,126565,0,0.12376885116100311
ACH-000207,16725726,0,0.10284141451120377
ACH-000207,2314623,0,0.09571116417646408
ACH-000207,25222038,0,0.07637736946344376
ACH-000207,25257557,0,0.09509381651878357
ACH-000207,25262965,0,0.08090116083621979
ACH-000207,300471,0,0.093108631670475
ACH-000207,4263900,0,0.050097621977329254
ACH-000207,42642645,0,0.06314443051815033
ACH-000207,44137675,1,0.11753027886152267
ACH-000207,44819241,0,0.10713785886764526
ACH-000207,46191454,0,0.10715516656637192
ACH-000207,46943432,0,0.07534432411193848
ACH-000207,5311497,0,0.06054003909230232
ACH-000207,5327091,0,0.06185641512274742
ACH-000207,5330286,0,0.07373692095279694
ACH-000207,53394750,0,0.06665361672639847
ACH-000207,5394,0,0.18744094669818878
ACH-000207,5460769,0,0.039276741445064545
ACH-000207,56965967,0,0.045731376856565475
ACH-000207,6253,0,0.18502277135849
ACH-000207,8249,0,0.19485367834568024
ACH-000207,9863776,0,0.0855780839920044
ACH-000207,9910224,0,0.06443863362073898
ACH-000207,9911830,0,0.09451206028461456
ACH-000207,9931953,0,0.15792810916900635
ACH-000207,9943465,0,0.07133081555366516
ACH-000210,10077147,0,0.10406773537397385
ACH-000210,11178236,0,0.3027310073375702
ACH-000210,11667893,0,0.10646326094865799
ACH-000210,11707110,0,0.1120465025305748
ACH-000210,11977753,0,0.06927207112312317
ACH-000210,123631,0,0.05814766883850098
ACH-000210,126565,0,0.10449618846178055
ACH-000210,16725726,0,0.07458086311817169
ACH-000210,2314623,0,0.28059083223342896
ACH-000210,25257557,1,0.07696884870529175
ACH-000210,25262965,0,0.07191373407840729
ACH-000210,300471,0,0.37582147121429443
ACH-000210,42642645,1,0.05973638966679573
ACH-000210,44819241,0,0.14119507372379303
ACH-000210,46191454,0,0.072065569460392
ACH-000210,46843772,0,0.05802975594997406
ACH-000210,46943432,0,0.109845831990242
ACH-000210,5327091,0,0.09009670466184616
ACH-000210,5330286,0,0.07026038318872452
ACH-000210,53394750,1,0.09525013715028763
ACH-000210,5394,0,0.1968340277671814
ACH-000210,56965967,0,0.1545860469341278
ACH-000210,6253,0,0.20471543073654175
ACH-000210,8249,0,0.3254736363887787
ACH-000210,9863776,0,0.08147333562374115
ACH-000210,9910224,0,0.15281395614147186
ACH-000210,9911830,0,0.19154836237430573
ACH-000210,9931953,0,0.06483916193246841
ACH-000210,9943465,0,0.19158193469047546
ACH-000225,25222038,0,0.11340823769569397
ACH-000225,44137675,0,0.09034616500139236
ACH-000225,5311497,1,0.07653392851352692
ACH-000225,7251185,0,0.0855925977230072
ACH-000227,10027278,0,0.09594722092151642
ACH-000227,10077147,0,0.07102113217115402
ACH-000227,10096043,0,0.08734217286109924
ACH-000227,10200390,0,0.1036984920501709
ACH-000227,10390396,0,0.056180138140916824
ACH-000227,11178236,0,0.2369774729013443
ACH-000227,11404337,0,0.089507557451725
ACH-000227,11667893,0,0.08042073994874954
ACH-000227,11707110,0,0.09002330899238586
ACH-000227,11844351,0,0.10357151180505753
ACH-000227,11977753,0,0.05136416107416153
ACH-000227,123631,0,0.0695449560880661
ACH-000227,126565,0,0.15596075356006622
ACH-000227,16663089,0,0.0771697387099266
ACH-000227,16725726,0,0.06979735195636749
ACH-000227,20635522,0,0.07808271050453186
ACH-000227,25222038,0,0.10504744201898575
ACH-000227,25257557,1,0.0964246392250061
ACH-000227,25262965,0,0.06739716976881027
ACH-000227,300471,0,0.2694525122642517
ACH-000227,4263900,0,0.06247001141309738
ACH-000227,42642645,0,0.06494800746440887
ACH-000227,44137675,0,0.11342737823724747
ACH-000227,44819241,0,0.09841877222061157
ACH-000227,46191454,0,0.1124754473567009
ACH-000227,46843772,1,0.05790713429450989
ACH-000227,46943432,0,0.05890069156885147
ACH-000227,5311497,0,0.07315241545438766
ACH-000227,5330286,0,0.11495660990476608
ACH-000227,53394750,0,0.07983063161373138
ACH-000227,5394,0,0.16648481786251068
ACH-000227,5460769,0,0.05180101841688156
ACH-000227,56965967,0,0.06356053799390793
ACH-000227,6253,0,0.16514186561107635
ACH-000227,7251185,0,0.10930231213569641
ACH-000227,8249,0,0.2065124809741974
ACH-000227,9549184,0,0.05453617498278618
ACH-000227,9863776,0,0.09230520576238632
ACH-000227,9910224,0,0.06296322494745255
ACH-000227,9911830,0,0.07364563643932343
ACH-000227,9943465,0,0.11653079092502594
ACH-000235,10027278,0,0.09964549541473389
ACH-000235,10077147,0,0.18550127744674683
ACH-000235,10096043,0,0.10968729853630066
ACH-000235,10200390,0,0.1310349404811859
ACH-000235,11178236,0,0.2862911522388458
ACH-000235,11404337,0,0.12509532272815704
ACH-000235,11667893,0,0.10563039034605026
ACH-000235,11977753,0,0.1297118365764618
ACH-000235,123631,0,0.0912184864282608
ACH-000235,126565,0,0.1636970043182373
ACH-000235,16725726,0,0.08706053346395493
ACH-000235,2314623,1,0.451259583234787
ACH-000235,25222038,0,0.13766422867774963
ACH-000235,25257557,0,0.132899671792984
ACH-000235,25262965,0,0.07482258975505829
ACH-000235,300471,0,0.3774266541004181
ACH-000235,4263900,0,0.08119799196720123
ACH-000235,42642645,0,0.09659526497125626
ACH-000235,44137675,0,0.1941039264202118
ACH-000235,46191454,0,0.1773560792207718
ACH-000235,46943432,0,0.08610103279352188
ACH-000235,5311497,0,0.10281264781951904
ACH-000235,5327091,0,0.10570131987333298
ACH-000235,5330286,0,0.17385248839855194
ACH-000235,53394750,0,0.0761377364397049
ACH-000235,5460769,0,0.0563817098736763
ACH-000235,56965967,0,0.14384326338768005
ACH-000235,6253,0,0.21415825188159943
ACH-000235,8249,0,0.2955358326435089
ACH-000235,9863776,0,0.13077950477600098
ACH-000235,9910224,0,0.11266469955444336
ACH-000235,9911830,0,0.07689975202083588
ACH-000235,9931953,0,0.15796484053134918
ACH-000235,9943465,0,0.1835741549730301
ACH-000238,10027278,0,0.08470729738473892
ACH-000238,10096043,0,0.09265432506799698
ACH-000238,10200390,0,0.1746581345796585
ACH-000238,11178236,0,0.2846575081348419
ACH-000238,11404337,0,0.11364501714706421
ACH-000238,11707110,0,0.07567811012268066
ACH-000238,123631,1,0.09467461705207825
ACH-000238,126565,0,0.12225127965211868
ACH-000238,16725726,0,0.07744408398866653
ACH-000238,2314623,0,0.43219706416130066
ACH-000238,25222038,0,0.1492777168750763
ACH-000238,25257557,0,0.09708502143621445
ACH-000238,300471,0,0.3576996326446533
ACH-000238,4263900,0,0.09374239295721054
ACH-000238,42642645,0,0.10318408906459808
ACH-000238,44137675,0,0.14108814299106598
ACH-000238,44819241,0,0.09103047847747803
ACH-000238,46191454,0,0.13637728989124298
ACH-000238,46843772,0,0.05756506696343422
ACH-000238,46943432,0,0.08935130387544632
ACH-000238,5311497,0,0.09805135428905487
ACH-000238,5327091,0,0.10412996262311935
ACH-000238,53394750,0,0.10166963934898376
ACH-000238,5394,0,0.19489794969558716
ACH-000238,5460769,0,0.06415572762489319
ACH-000238,56965967,0,0.1305849403142929
ACH-000238,6253,0,0.20096388459205627
ACH-000238,8249,0,0.35526883602142334
ACH-000238,9863776,0,0.15893110632896423
ACH-000238,9910224,0,0.176285058259964
ACH-000238,9911830,0,0.11579225957393646
ACH-000238,9931953,0,0.16594591736793518
ACH-000238,9943465,0,0.12234620749950409
ACH-000258,10027278,0,0.056075647473335266
ACH-000258,10077147,0,0.16905701160430908
ACH-000258,10096043,0,0.06467921286821365
ACH-000258,10200390,0,0.14539489150047302
ACH-000258,10390396,0,0.06391561776399612
ACH-000258,11178236,0,0.33784350752830505
ACH-000258,11404337,0,0.08809779584407806
ACH-000258,11667893,0,0.05485657602548599
ACH-000258,11707110,1,0.09011960029602051
ACH-000258,11844351,0,0.11675772070884705
ACH-000258,11977753,0,0.09762822091579437
ACH-000258,123631,0,0.06623369455337524
ACH-000258,126565,0,0.15172943472862244
ACH-000258,16663089,0,0.13712051510810852
ACH-000258,16725726,0,0.0962599441409111
ACH-000258,20635522,0,0.06307993084192276
ACH-000258,2314623,0,0.30679360032081604
ACH-000258,25222038,0,0.0544128455221653
ACH-000258,25257557,1,0.12332030385732651
ACH-000258,25262965,0,0.04694337770342827
ACH-000258,300471,0,0.26549285650253296
ACH-000258,4263900,1,0.18397775292396545
ACH-000258,42642645,0,0.06885624676942825
ACH-000258,44137675,0,0.10978737473487854
ACH-000258,44819241,0,0.09775162488222122
ACH-000258,46191454,0,0.10436679422855377
ACH-000258,46943432,1,0.07315120846033096
ACH-000258,5311497,0,0.09487427771091461
ACH-000258,5327091,0,0.09451866894960403
ACH-000258,5330286,0,0.12343472242355347
ACH-000258,53394750,1,0.10402656346559525
ACH-000258,5394,0,0.272056519985199
ACH-000258,5460769,0,0.06935825198888779
ACH-000258,56965967,0,0.07601169496774673
ACH-000258,6253,0,0.17192068696022034
ACH-000258,7251185,0,0.21008124947547913
ACH-000258,8249,1,0.26263049244880676
ACH-000258,9549184,0,0.11332949995994568
ACH-000258,9863776,1,0.14237381517887115
ACH-000258,9910224,0,0.18093658983707428
ACH-000258,9911830,1,0.07347574084997177
ACH-000258,9931953,0,0.12114546447992325
ACH-000258,9943465,0,0.09966393560171127
ACH-000267,10027278,0,0.0848747193813324
ACH-000267,10077147,0,0.12317578494548798
ACH-000267,10096043,0,0.08921290189027786
ACH-000267,10200390,0,0.11799515783786774
ACH-000267,10390396,0,0.06263121217489243
ACH-000267,11178236,0,0.33219489455223083
ACH-000267,11404337,0,0.061573658138513565
ACH-000267,11667893,0,0.05000310391187668
ACH-000267,11707110,0,0.041783444583415985
ACH-000267,11844351,0,0.07948508858680725
ACH-000267,11977753,0,0.08355427533388138
ACH-000267,123631,0,0.1317930519580841
ACH-000267,126565,0,0.08089210093021393
ACH-000267,16663089,0,0.1280805766582489
ACH-000267,16725726,0,0.0945066511631012
ACH-000267,20635522,0,0.06169859319925308
ACH-000267,2314623,0,0.22345809638500214
ACH-000267,25222038,0,0.14010955393314362
ACH-000267,25257557,0,0.05605308711528778
ACH-000267,25262965,0,0.08920099586248398
ACH-000267,300471,0,0.19985860586166382
ACH-000267,4263900,0,0.07131418585777283
ACH-000267,42642645,0,0.07938120514154434
ACH-000267,44137675,0,0.13337558507919312
ACH-000267,44819241,0,0.051543768495321274
ACH-000267,46191454,0,0.06849651038646698
ACH-000267,46943432,0,0.04498591274023056
ACH-000267,5311497,0,0.06755159795284271
ACH-000267,5327091,0,0.06875120848417282
ACH-000267,5330286,0,0.08493394404649734
ACH-000267,53394750,0,0.07894635945558548
ACH-000267,5394,1,0.13996118307113647
ACH-000267,5460769,0,0.062259841710329056
ACH-000267,56965967,0,0.04733489081263542
ACH-000267,6253,0,0.22933438420295715
ACH-000267,7251185,0,0.19228458404541016
ACH-000267,8249,0,0.3391357660293579
ACH-000267,9549184,1,0.043289557099342346
ACH-000267,9863776,0,0.11038161814212799
ACH-000267,9910224,0,0.07951251417398453
ACH-000267,9911830,0,0.05754147469997406
ACH-000267,9931953,0,0.10383221507072449
ACH-000267,9943465,1,0.0812302753329277
ACH-000291,10027278,0,0.1741296350955963
ACH-000291,10077147,0,0.1702767014503479
ACH-000291,10096043,0,0.2047692835330963
ACH-000291,10200390,0,0.1403617411851883
ACH-000291,11178236,0,0.34841448068618774
ACH-000291,11404337,0,0.13441160321235657
ACH-000291,11667893,0,0.15119580924510956
ACH-000291,11707110,1,0.08953212201595306
ACH-000291,11977753,1,0.15211881697177887
ACH-000291,123631,0,0.24088051915168762
ACH-000291,126565,0,0.20691366493701935
ACH-000291,16725726,0,0.11701509356498718
ACH-000291,2314623,0,0.35494306683540344
ACH-000291,25222038,0,0.3951601982116699
ACH-000291,25257557,0,0.16543039679527283
ACH-000291,25262965,0,0.14153443276882172
ACH-000291,300471,0,0.45688480138778687
ACH-000291,4263900,0,0.09144312888383865
ACH-000291,42642645,0,0.18032711744308472
ACH-000291,44137675,0,0.22458969056606293
ACH-000291,44819241,0,0.13981972634792328
ACH-000291,46191454,0,0.20326636731624603
ACH-000291,46843772,0,0.12120573222637177
ACH-000291,46943432,0,0.09541195631027222
ACH-000291,5311497,0,0.11617131531238556
ACH-000291,5327091,0,0.1686752736568451
ACH-000291,5330286,0,0.1587241291999817
ACH-000291,53394750,0,0.13778692483901978
ACH-000291,5394,0,0.2639636695384979
ACH-000291,5460769,0,0.08039151877164841
ACH-000291,56965967,0,0.13305579125881195
ACH-000291,6253,0,0.21084554493427277
ACH-000291,8249,0,0.36999842524528503
ACH-000291,9863776,0,0.15431593358516693
ACH-000291,9910224,0,0.11146961152553558
ACH-000291,9911830,0,0.16045963764190674
ACH-000291,9931953,0,0.1787114292383194
ACH-000291,9943465,0,0.16445419192314148
ACH-000292,10027278,0,0.0938132032752037
ACH-000292,10077147,0,0.10654902458190918
ACH-000292,10200390,0,0.11479230225086212
ACH-000292,11178236,0,0.3491377532482147
ACH-000292,11404337,0,0.10249073058366776
ACH-000292,11667893,0,0.068272165954113
ACH-000292,11707110,0,0.07305474579334259
ACH-000292,11977753,0,0.10906533896923065
ACH-000292,123631,0,0.12192802131175995
ACH-000292,126565,0,0.09340411424636841
ACH-000292,16725726,0,0.15212035179138184
ACH-000292,2314623,0,0.14391812682151794
ACH-000292,25222038,0,0.12131276726722717
ACH-000292,25257557,1,0.07196858525276184
ACH-000292,25262965,0,0.08768323063850403
ACH-000292,300471,0,0.14784850180149078
ACH-000292,4263900,0,0.06105509027838707
ACH-000292,42642645,0,0.09161104261875153
ACH-000292,44137675,0,0.16121803224086761
ACH-000292,44819241,0,0.08489296585321426
ACH-000292,46191454,0,0.06436976045370102
ACH-000292,46843772,0,0.04907134175300598
ACH-000292,46943432,0,0.08290131390094757
ACH-000292,5311497,0,0.08194971829652786
ACH-000292,5327091,0,0.05761982873082161
ACH-000292,5330286,0,0.05417396128177643
ACH-000292,53394750,0,0.08346018940210342
ACH-000292,5394,0,0.24701663851737976
ACH-000292,5460769,0,0.06999238580465317
ACH-000292,56965967,0,0.09144997596740723
ACH-000292,6253,0,0.3824479281902313
ACH-000292,8249,1,0.24206824600696564
ACH-000292,9863776,0,0.1316363662481308
ACH-000292,9910224,0,0.06351450085639954
ACH-000292,9911830,0,0.1282741278409958
ACH-000292,9931953,0,0.060938071459531784
ACH-000292,9943465,0,0.10882190614938736
ACH-000301,10027278,0,0.07504845410585403
ACH-000301,10077147,1,0.06713709980249405
ACH-000301,10096043,0,0.07369241118431091
ACH-000301,10200390,0,0.11676449328660965
ACH-000301,10390396,0,0.03073686547577381
ACH-000301,11178236,0,0.26430973410606384
ACH-000301,11404337,0,0.08134430646896362
ACH-000301,11667893,0,0.08304629474878311
ACH-000301,11707110,0,0.05743519589304924
ACH-000301,11844351,1,0.1160578802227974
ACH-000301,11977753,0,0.059726424515247345
ACH-000301,123631,0,0.10930127650499344
ACH-000301,126565,0,0.1333523541688919
ACH-000301,16663089,0,0.07445762306451797
ACH-000301,16725726,1,0.05281762406229973
ACH-000301,20635522,0,0.0723261684179306
ACH-000301,2314623,0,0.1937248557806015
ACH-000301,25222038,0,0.11004853248596191
ACH-000301,25257557,1,0.07230906933546066
ACH-000301,25262965,1,0.04927225783467293
ACH-000301,300471,0,0.1966937631368637
ACH-000301,4263900,0,0.055545683950185776
ACH-000301,42642645,1,0.09056100249290466
ACH-000301,44137675,0,0.11959295719861984
ACH-000301,44819241,0,0.08520425856113434
ACH-000301,46191454,0,0.10221853107213974
ACH-000301,46943432,1,0.05185476318001747
ACH-000301,5311497,0,0.058392178267240524
ACH-000301,5327091,0,0.07180830091238022
ACH-000301,5330286,1,0.08528133481740952
ACH-000301,53394750,0,0.07642694562673569
ACH-000301,5394,0,0.13884493708610535
ACH-000301,5460769,0,0.043498456478118896
ACH-000301,56965967,1,0.06480062007904053
ACH-000301,6253,1,0.1778525412082672
ACH-000301,7251185,0,0.08863001316785812
ACH-000301,8249,0,0.151768758893013
ACH-000301,9549184,1,0.04695635288953781
ACH-000301,9863776,0,0.08898335695266724
ACH-000301,9910224,1,0.07430481910705566
ACH-000301,9911830,1,0.10385136306285858
ACH-000301,9931953,0,0.16129668056964874
ACH-000301,9943465,0,0.08298901468515396
ACH-000322,10027278,0,0.18370665609836578
ACH-000322,10077147,0,0.10493917018175125
ACH-000322,10096043,1,0.08646932244300842
ACH-000322,10200390,0,0.09293729066848755
ACH-000322,10390396,0,0.058201368898153305
ACH-000322,11178236,0,0.2971042990684509
ACH-000322,11404337,1,0.0557488314807415
ACH-000322,11667893,1,0.08143523335456848
ACH-000322,11707110,1,0.060019295662641525
ACH-000322,11844351,0,0.08263204246759415
ACH-000322,11977753,0,0.14665289223194122
ACH-000322,16663089,0,0.13955910503864288
ACH-000322,16725726,0,0.11138316243886948
ACH-000322,20635522,1,0.056597139686346054
ACH-000322,2314623,0,0.18266065418720245
ACH-000322,25222038,1,0.157651886343956
ACH-000322,25257557,1,0.09095313400030136
ACH-000322,25262965,0,0.1334792971611023
ACH-000322,4263900,0,0.05697079002857208
ACH-000322,42642645,0,0.09775866568088531
ACH-000322,44137675,0,0.1486753225326538
ACH-000322,44819241,0,0.08600255101919174
ACH-000322,46191454,0,0.12465018033981323
ACH-000322,46943432,0,0.056269507855176926
ACH-000322,5311497,1,0.06817431002855301
ACH-000322,5327091,0,0.07568012177944183
ACH-000322,5330286,0,0.10642334073781967
ACH-000322,53394750,0,0.09432929754257202
ACH-000322,5394,0,0.13077771663665771
ACH-000322,5460769,0,0.044063419103622437
ACH-000322,56965967,0,0.05824267864227295
ACH-000322,7251185,0,0.13120850920677185
ACH-000322,8249,0,0.23470714688301086
ACH-000322,9549184,1,0.04547392949461937
ACH-000322,9863776,1,0.09156844019889832
ACH-000322,9910224,0,0.051755037158727646
ACH-000322,9911830,0,0.053775664418935776
ACH-000322,9931953,0,0.2133144587278366
ACH-000329,10027278,0,0.06153295189142227
ACH-000329,10077147,0,0.1314520388841629
ACH-000329,10096043,1,0.11451884359121323
ACH-000329,10200390,0,0.16871000826358795
ACH-000329,11178236,0,0.3573683798313141
ACH-000329,11404337,0,0.13203470408916473
ACH-000329,11667893,1,0.13698765635490417
ACH-000329,11707110,0,0.12514281272888184
ACH-000329,11977753,0,0.10693099349737167
ACH-000329,123631,0,0.0966615229845047
ACH-000329,126565,0,0.11675089597702026
ACH-000329,16725726,1,0.11853494495153427
ACH-000329,2314623,0,0.27895066142082214
ACH-000329,25222038,0,0.16740182042121887
ACH-000329,25257557,0,0.09854986518621445
ACH-000329,25262965,0,0.09515496343374252
ACH-000329,300471,0,0.22033578157424927
ACH-000329,4263900,0,0.08030258119106293
ACH-000329,42642645,0,0.08074896782636642
ACH-000329,44137675,1,0.15771129727363586
ACH-000329,44819241,0,0.13699372112751007
ACH-000329,46191454,0,0.12203920632600784
ACH-000329,46943432,0,0.12340905517339706
ACH-000329,5311497,0,0.12654496729373932
ACH-000329,5327091,0,0.1055680587887764
ACH-000329,5330286,0,0.06799831241369247
ACH-000329,53394750,0,0.06319242715835571
ACH-000329,5394,0,0.3162257969379425
ACH-000329,5460769,0,0.059431176632642746
ACH-000329,56965967,0,0.1460830718278885
ACH-000329,6253,0,0.3105897903442383
ACH-000329,8249,0,0.26629504561424255
ACH-000329,9863776,0,0.1183469220995903
ACH-000329,9910224,0,0.12233024835586548
ACH-000329,9911830,1,0.1970575749874115
ACH-000329,9931953,0,0.08629854768514633
ACH-000329,9943465,0,0.1358131468296051
ACH-000335,10027278,0,0.21020857989788055
ACH-000335,10077147,0,0.07077081501483917
ACH-000335,10096043,0,0.12043621391057968
ACH-000335,10200390,0,0.09905906766653061
ACH-000335,10390396,0,0.07536239176988602
ACH-000335,11178236,0,0.3861057758331299
ACH-000335,11404337,0,0.09287310391664505
ACH-000335,11667893,0,0.13224084675312042
ACH-000335,11844351,0,0.09729883074760437
ACH-000335,11977753,0,0.13396650552749634
ACH-000335,123631,0,0.1352347582578659
ACH-000335,126565,0,0.24437987804412842
ACH-000335,16663089,0,0.11462876200675964
ACH-000335,16725726,0,0.09650512784719467
ACH-000335,20635522,0,0.09420660883188248
ACH-000335,2314623,0,0.17967461049556732
ACH-000335,25222038,0,0.16378405690193176
ACH-000335,25257557,0,0.11266949772834778
ACH-000335,25262965,0,0.10751230269670486
ACH-000335,300471,0,0.222499817609787
ACH-000335,4263900,0,0.06603388488292694
ACH-000335,42642645,0,0.12905563414096832
ACH-000335,44137675,0,0.11506999284029007
ACH-000335,44819241,1,0.11570689082145691
ACH-000335,46191454,0,0.12642811238765717
ACH-000335,46843772,0,0.04470119625329971
ACH-000335,46943432,0,0.08689450472593307
ACH-000335,5311497,0,0.06861914694309235
ACH-000335,5327091,0,0.13095811009407043
ACH-000335,5330286,0,0.11530298739671707
ACH-000335,53394750,0,0.15589267015457153
ACH-000335,5460769,0,0.06616076081991196
ACH-000335,56965967,0,0.08680228888988495
ACH-000335,6253,0,0.13005349040031433
ACH-000335,7251185,0,0.10588598251342773
ACH-000335,8249,0,0.2206662893295288
ACH-000335,9549184,0,0.05486780032515526
ACH-000335,9910224,0,0.10040106624364853
ACH-000335,9911830,0,0.12246180325746536
ACH-000335,9931953,0,0.29462483525276184
ACH-000335,9943465,0,0.11072853952646255
ACH-000341,10027278,0,0.12243657559156418
ACH-000341,10077147,0,0.20664918422698975
ACH-000341,10096043,0,0.10686711966991425
ACH-000341,10200390,0,0.13491179049015045
ACH-000341,10390396,0,0.07055322825908661
ACH-000341,11178236,0,0.42211300134658813
ACH-000341,11404337,0,0.10962028056383133
ACH-000341,11667893,0,0.13817836344242096
ACH-000341,11707110,1,0.12204480171203613
ACH-000341,11844351,0,0.15916354954242706
ACH-000341,11977753,0,0.12339184433221817
ACH-000341,123631,0,0.1375972479581833
ACH-000341,126565,0,0.14566829800605774
ACH-000341,16663089,0,0.19145670533180237
ACH-000341,16725726,0,0.11623035371303558
ACH-000341,20635522,0,0.09010905772447586
ACH-000341,2314623,0,0.3847220242023468
ACH-000341,25222038,0,0.17716644704341888
ACH-000341,25257557,0,0.12789353728294373
ACH-000341,25262965,0,0.13953711092472076
ACH-000341,300471,0,0.23590584099292755
ACH-000341,4263900,0,0.09295372664928436
ACH-000341,42642645,0,0.10861162096261978
ACH-000341,44137675,0,0.12293288856744766
ACH-000341,44819241,0,0.12615016102790833
ACH-000341,46191454,0,0.14340002834796906
ACH-000341,46943432,0,0.08916905522346497
ACH-000341,5311497,0,0.1037907525897026
ACH-000341,5330286,0,0.18564380705356598
ACH-000341,53394750,0,0.08601850271224976
ACH-000341,5394,0,0.2539435625076294
ACH-000341,5460769,0,0.08621090650558472
ACH-000341,56965967,0,0.12246875464916229
ACH-000341,6253,0,0.2964620292186737
ACH-000341,7251185,0,0.18356306850910187
ACH-000341,8249,0,0.24634265899658203
ACH-000341,9549184,0,0.07104082405567169
ACH-000341,9863776,1,0.1228860393166542
ACH-000341,9910224,0,0.13734158873558044
ACH-000341,9911830,0,0.07882630079984665
ACH-000341,9943465,0,0.1208275705575943
ACH-000349,10027278,0,0.09794292598962784
ACH-000349,10077147,0,0.08912867307662964
ACH-000349,10096043,0,0.05971362814307213
ACH-000349,10200390,0,0.08115013688802719
ACH-000349,11178236,0,0.2828713059425354
ACH-000349,11404337,0,0.06767745316028595
ACH-000349,11667893,0,0.046095576137304306
ACH-000349,11707110,0,0.05006404593586922
ACH-000349,11977753,0,0.10043628513813019
ACH-000349,123631,0,0.07866325229406357
ACH-000349,126565,0,0.11227888613939285
ACH-000349,16725726,0,0.0696883574128151
ACH-000349,2314623,0,0.11140754073858261
ACH-000349,25222038,0,0.06989254057407379
ACH-000349,25257557,0,0.052257806062698364
ACH-000349,25262965,1,0.045026570558547974
ACH-000349,300471,0,0.1991921067237854
ACH-000349,4263900,0,0.054624129086732864
ACH-000349,42642645,0,0.08579475432634354
ACH-000349,44137675,0,0.11190325021743774
ACH-000349,44819241,0,0.06050921231508255
ACH-000349,46191454,0,0.06471789628267288
ACH-000349,46943432,0,0.05816350132226944
ACH-000349,5311497,0,0.053487636148929596
ACH-000349,5327091,0,0.05703026428818703
ACH-000349,5330286,0,0.053577523678541183
ACH-000349,53394750,0,0.08251979947090149
ACH-000349,5394,0,0.06829375773668289
ACH-000349,5460769,0,0.06495119631290436
ACH-000349,56965967,0,0.06645228713750839
ACH-000349,6253,0,0.19766543805599213
ACH-000349,7251185,0,0.08940231800079346
ACH-000349,9863776,0,0.08901370316743851
ACH-000349,9910224,0,0.08487527817487717
ACH-000349,9911830,0,0.08249127119779587
ACH-000349,9931953,0,0.12482786178588867
ACH-000349,9943465,0,0.07165774703025818
ACH-000365,10027278,0,0.04515424370765686
ACH-000365,10077147,0,0.1783107966184616
ACH-000365,10096043,0,0.05206184834241867
ACH-000365,10200390,0,0.09569236636161804
ACH-000365,10390396,0,0.03942332789301872
ACH-000365,11178236,0,0.2981164753437042
ACH-000365,11404337,0,0.080214723944664
ACH-000365,11667893,0,0.060189418494701385
ACH-000365,11707110,0,0.04756275564432144
ACH-000365,11844351,1,0.12069211900234222
ACH-000365,11977753,0,0.08825674653053284
ACH-000365,123631,0,0.08437865227460861
ACH-000365,126565,0,0.07206598669290543
ACH-000365,16663089,1,0.08127855509519577
ACH-000365,16725726,1,0.07093490660190582
ACH-000365,20635522,0,0.04627194628119469
ACH-000365,2314623,1,0.17682360112667084
ACH-000365,25222038,0,0.0940658301115036
ACH-000365,25257557,1,0.06865411251783371
ACH-000365,25262965,0,0.06447428464889526
ACH-000365,300471,0,0.12627331912517548
ACH-000365,4263900,0,0.06748000532388687
ACH-000365,42642645,0,0.0608307421207428
ACH-000365,44137675,0,0.12194579094648361
ACH-000365,44819241,0,0.0726478174328804
ACH-000365,46191454,0,0.07574249804019928
ACH-000365,46943432,1,0.062482643872499466
ACH-000365,5311497,0,0.07212802767753601
ACH-000365,5327091,0,0.04700683802366257
ACH-000365,5330286,0,0.06973840296268463
ACH-000365,53394750,1,0.036097995936870575
ACH-000365,5394,1,0.17248551547527313
ACH-000365,5460769,0,0.03614868223667145
ACH-000365,56965967,0,0.06825732439756393
ACH-000365,6253,0,0.15056045353412628
ACH-000365,7251185,0,0.10536561161279678
ACH-000365,8249,1,0.18443143367767334
ACH-000365,9549184,1,0.050939690321683884
ACH-000365,9863776,0,0.0718107670545578
ACH-000365,9910224,1,0.09311377257108688
ACH-000365,9911830,1,0.08397167176008224
ACH-000365,9931953,0,0.05505768209695816
ACH-000365,9943465,0,0.07406292110681534
ACH-000372,10027278,1,0.1158718541264534
ACH-000372,10077147,0,0.0858708992600441
ACH-000372,10096043,0,0.08245810866355896
ACH-000372,10200390,0,0.15286029875278473
ACH-000372,11178236,0,0.34461164474487305
ACH-000372,11404337,0,0.14892515540122986
ACH-000372,11667893,0,0.08936522156000137
ACH-000372,11707110,0,0.10269445180892944
ACH-000372,11977753,0,0.06845998764038086
ACH-000372,123631,0,0.08302975445985794
ACH-000372,126565,0,0.11156580597162247
ACH-000372,16725726,1,0.07416371256113052
ACH-000372,2314623,0,0.20951080322265625
ACH-000372,25222038,0,0.10085295885801315
ACH-000372,25257557,1,0.06384629756212234
ACH-000372,25262965,0,0.07242334634065628
ACH-000372,300471,0,0.28052589297294617
ACH-000372,4263900,0,0.08553571999073029
ACH-000372,42642645,0,0.07202758640050888
ACH-000372,44137675,0,0.08827294409275055
ACH-000372,44819241,0,0.09932397305965424
ACH-000372,46191454,0,0.06150774285197258
ACH-000372,46943432,1,0.08034909516572952
ACH-000372,5311497,0,0.0672759935259819
ACH-000372,5327091,0,0.09664655476808548
ACH-000372,5330286,0,0.06244148686528206
ACH-000372,53394750,1,0.11277877539396286
ACH-000372,5394,0,0.199454203248024
ACH-000372,5460769,0,0.05857671797275543
ACH-000372,56965967,0,0.12307234108448029
ACH-000372,6253,0,0.30775877833366394
ACH-000372,8249,1,0.35726049542427063
ACH-000372,9863776,0,0.09600319713354111
ACH-000372,9910224,1,0.1248578280210495
ACH-000372,9911830,0,0.1540483981370926
ACH-000372,9931953,0,0.09889651089906693
ACH-000372,9943465,0,0.1183517575263977
ACH-000375,10027278,0,0.13546152412891388
ACH-000375,10077147,0,0.10940668731927872
ACH-000375,10096043,0,0.1166970506310463
ACH-000375,10200390,0,0.1253771036863327
ACH-000375,11178236,0,0.34122586250305176
ACH-000375,11404337,0,0.11311785131692886
ACH-000375,11667893,1,0.08768678456544876
ACH-000375,11707110,0,0.07546903938055038
ACH-000375,11977753,0,0.12958768010139465
ACH-000375,123631,0,0.12119441479444504
ACH-000375,126565,0,0.12545156478881836
ACH-000375,16725726,0,0.14137589931488037
ACH-000375,2314623,0,0.19945193827152252
ACH-000375,25222038,0,0.10900142043828964
ACH-000375,25257557,1,0.09671646356582642
ACH-000375,25262965,1,0.1754877120256424
ACH-000375,300471,1,0.18507692217826843
ACH-000375,4263900,0,0.0975269004702568
ACH-000375,42642645,0,0.08421400934457779
ACH-000375,44137675,1,0.1648327112197876
ACH-000375,44819241,0,0.10907550901174545
ACH-000375,46191454,0,0.09586358070373535
ACH-000375,46943432,0,0.11239571124315262
ACH-000375,5311497,0,0.10890427231788635
ACH-000375,5327091,0,0.09358762204647064
ACH-000375,5330286,0,0.07309035211801529
ACH-000375,53394750,0,0.09953926503658295
ACH-000375,5394,0,0.09310581535100937
ACH-000375,5460769,1,0.0843443050980568
ACH-000375,56965967,0,0.07045253366231918
ACH-000375,6253,0,0.23818649351596832
ACH-000375,8249,0,0.30013731122016907
ACH-000375,9863776,0,0.14534921944141388
ACH-000375,9910224,0,0.0901060476899147
ACH-000375,9911830,1,0.09134089946746826
ACH-000375,9931953,1,0.10607654601335526
ACH-000375,9943465,0,0.11652787774801254
ACH-000376,10027278,0,0.12777380645275116
ACH-000376,10077147,0,0.13233289122581482
ACH-000376,10096043,0,0.11017870157957077
ACH-000376,10200390,0,0.11495315283536911
ACH-000376,11178236,0,0.6407427191734314
ACH-000376,11404337,0,0.13357709348201752
ACH-000376,11667893,0,0.11767539381980896
ACH-000376,11707110,0,0.09778808802366257
ACH-000376,11977753,0,0.1468680053949356
ACH-000376,123631,0,0.18130819499492645
ACH-000376,126565,0,0.17934675514698029
ACH-000376,16725726,0,0.11914759129285812
ACH-000376,2314623,0,0.19291454553604126
ACH-000376,25222038,0,0.12831413745880127
ACH-000376,25257557,1,0.1535801738500595
ACH-000376,25262965,0,0.10825016349554062
ACH-000376,300471,0,0.12378350645303726
ACH-000376,4263900,1,0.08738623559474945
ACH-000376,42642645,0,0.1324886828660965
ACH-000376,44137675,1,0.1542743444442749
ACH-000376,44819241,0,0.17682155966758728
ACH-000376,46191454,0,0.12558452785015106
ACH-000376,46843772,0,0.06375384330749512
ACH-000376,46943432,0,0.10411114245653152
ACH-000376,5311497,0,0.10060247778892517
ACH-000376,5327091,0,0.11016374826431274
ACH-000376,5330286,0,0.09178134799003601
ACH-000376,53394750,0,0.10263627022504807
ACH-000376,5394,0,0.09242477267980576
ACH-000376,5460769,1,0.06908310204744339
ACH-000376,56965967,0,0.09190384298563004
ACH-000376,6253,0,0.22210565209388733
ACH-000376,8249,0,0.16115623712539673
ACH-000376,9863776,0,0.1547699123620987
ACH-000376,9910224,0,0.08954703062772751
ACH-000376,9911830,0,0.13677231967449188
ACH-000376,9931953,0,0.18439336121082306
ACH-000376,9943465,0,0.09307724237442017
ACH-000396,10027278,1,0.046611979603767395
ACH-000396,10096043,0,0.06099171191453934
ACH-000396,10200390,0,0.10041601955890656
ACH-000396,11178236,0,0.35217031836509705
ACH-000396,11404337,0,0.07442549616098404
ACH-000396,11707110,0,0.050979092717170715
ACH-000396,16725726,0,0.07278615981340408
ACH-000396,2314623,0,0.22623975574970245
ACH-000396,25222038,0,0.11690674722194672
ACH-000396,25257557,0,0.07907047122716904
ACH-000396,4263900,0,0.06284666061401367
ACH-000396,42642645,0,0.05470186099410057
ACH-000396,44137675,1,0.09434709697961807
ACH-000396,44819241,0,0.07438276708126068
ACH-000396,46191454,0,0.10087244212627411
ACH-000396,46943432,0,0.05321430042386055
ACH-000396,5311497,0,0.06549125164747238
ACH-000396,5327091,0,0.06799177080392838
ACH-000396,53394750,0,0.04449060559272766
ACH-000396,5394,0,0.20792651176452637
ACH-000396,5460769,0,0.02831469662487507
ACH-000396,56965967,0,0.06765752285718918
ACH-000396,8249,0,0.17733392119407654
ACH-000396,9863776,0,0.06883223354816437
ACH-000396,9910224,0,0.10510340332984924
ACH-000396,9911830,0,0.11241089552640915
ACH-000396,9931953,0,0.0897826999425888
ACH-000411,10027278,0,0.14242590963840485
ACH-000411,10096043,0,0.09098377823829651
ACH-000411,10200390,1,0.11312165856361389
ACH-000411,11178236,0,0.37567198276519775
ACH-000411,11404337,0,0.08947953581809998
ACH-000411,11707110,1,0.08770895004272461
ACH-000411,16725726,0,0.08272682875394821
ACH-000411,2314623,0,0.2141210436820984
ACH-000411,25222038,0,0.13266022503376007
ACH-000411,25257557,1,0.12427480518817902
ACH-000411,4263900,0,0.059074439108371735
ACH-000411,42642645,0,0.09601901471614838
ACH-000411,44137675,0,0.13696029782295227
ACH-000411,44819241,0,0.12519873678684235
ACH-000411,46191454,0,0.16135694086551666
ACH-000411,46943432,0,0.08358041942119598
ACH-000411,5311497,0,0.09435191005468369
ACH-000411,53394750,1,0.09752245247364044
ACH-000411,5394,0,0.13244782388210297
ACH-000411,5460769,0,0.07740282267332077
ACH-000411,56965967,0,0.08695080131292343
ACH-000411,8249,0,0.17719119787216187
ACH-000411,9863776,0,0.13711680471897125
ACH-000411,9910224,0,0.08117976039648056
ACH-000411,9911830,0,0.06510850042104721
ACH-000414,10027278,0,0.10697997361421585
ACH-000414,10077147,0,0.280511736869812
ACH-000414,10096043,0,0.1099211722612381
ACH-000414,10200390,0,0.13327373564243317
ACH-000414,11178236,0,0.44807541370391846
ACH-000414,11404337,0,0.10838016867637634
ACH-000414,11667893,0,0.11473438143730164
ACH-000414,11707110,0,0.12653601169586182
ACH-000414,11977753,0,0.16427969932556152
ACH-000414,123631,0,0.10868766903877258
ACH-000414,126565,0,0.1877424716949463
ACH-000414,16725726,0,0.1327621042728424
ACH-000414,2314623,0,0.3459049165248871
ACH-000414,25222038,0,0.22226575016975403
ACH-000414,25257557,1,0.16846027970314026
ACH-000414,25262965,0,0.11902551352977753
ACH-000414,300471,0,0.22040186822414398
ACH-000414,4263900,0,0.06641516089439392
ACH-000414,42642645,0,0.09591484814882278
ACH-000414,44137675,0,0.24832190573215485
ACH-000414,44819241,0,0.12210825830698013
ACH-000414,46191454,0,0.23191288113594055
ACH-000414,46843772,0,0.09815145283937454
ACH-000414,46943432,0,0.11281988769769669
ACH-000414,5311497,0,0.12490279972553253
ACH-000414,5327091,0,0.0779455304145813
ACH-000414,5330286,0,0.16449213027954102
ACH-000414,53394750,0,0.10974646359682083
ACH-000414,5394,0,0.28092536330223083
ACH-000414,5460769,0,0.09382646530866623
ACH-000414,56965967,0,0.16704371571540833
ACH-000414,6253,1,0.45294395089149475
ACH-000414,8249,0,0.27826371788978577
ACH-000414,9863776,0,0.19391226768493652
ACH-000414,9910224,0,0.10826513916254044
ACH-000414,9911830,0,0.07479546219110489
ACH-000414,9931953,0,0.2897183895111084
ACH-000414,9943465,1,0.12216319143772125
ACH-000417,10027278,0,0.07464974373579025
ACH-000417,10096043,0,0.09456134587526321
ACH-000417,10200390,0,0.21494236588478088
ACH-000417,11178236,0,0.3111184239387512
ACH-000417,11404337,0,0.22081223130226135
ACH-000417,11707110,0,0.1539931446313858
ACH-000417,123631,0,0.06490395218133926
ACH-000417,126565,0,0.225190669298172
ACH-000417,16725726,0,0.07676737010478973
ACH-000417,2314623,0,0.5647247433662415
ACH-000417,25222038,1,0.08153871446847916
ACH-000417,25257557,0,0.20317095518112183
ACH-000417,300471,0,0.4701792001724243
ACH-000417,4263900,0,0.266677588224411
ACH-000417,42642645,0,0.11058887094259262
ACH-000417,44137675,0,0.09848843514919281
ACH-000417,44819241,0,0.22796042263507843
ACH-000417,46191454,0,0.18919679522514343
ACH-000417,46943432,0,0.12764506042003632
ACH-000417,5311497,0,0.1598397046327591
ACH-000417,5327091,0,0.17847177386283875
ACH-000417,53394750,0,0.10749416053295135
ACH-000417,5394,0,0.24076972901821136
ACH-000417,5460769,0,0.07212013006210327
ACH-000417,56965967,0,0.16059066355228424
ACH-000417,6253,0,0.10661276429891586
ACH-000417,8249,0,0.23480777442455292
ACH-000417,9863776,0,0.14201997220516205
ACH-000417,9910224,0,0.2641157805919647
ACH-000417,9911830,0,0.1468178629875183
ACH-000417,9931953,0,0.13590039312839508
ACH-000417,9943465,0,0.162021204829216
ACH-000420,10027278,0,0.18071375787258148
ACH-000420,10077147,0,0.20770935714244843
ACH-000420,10096043,0,0.11198877543210983
ACH-000420,10200390,0,0.13378337025642395
ACH-000420,11178236,0,0.39084136486053467
ACH-000420,11404337,0,0.09320201724767685
ACH-000420,11667893,0,0.11036267876625061
ACH-000420,11707110,0,0.10002633184194565
ACH-000420,11977753,0,0.1925724595785141
ACH-000420,123631,0,0.1343175619840622
ACH-000420,126565,0,0.2133287489414215
ACH-000420,16725726,0,0.15820860862731934
ACH-000420,2314623,0,0.29298993945121765
ACH-000420,25222038,0,0.17322379350662231
ACH-000420,25257557,0,0.13285000622272491
ACH-000420,25262965,0,0.08851608633995056
ACH-000420,300471,0,0.281950980424881
ACH-000420,4263900,1,0.05706968903541565
ACH-000420,42642645,0,0.12926235795021057
ACH-000420,44137675,0,0.19961321353912354
ACH-000420,44819241,0,0.10551747679710388
ACH-000420,46191454,0,0.19178028404712677
ACH-000420,46943432,0,0.0918160080909729
ACH-000420,5311497,0,0.08877598494291306
ACH-000420,5330286,0,0.16411423683166504
ACH-000420,53394750,0,0.15324823558330536
ACH-000420,5394,0,0.16392551362514496
ACH-000420,5460769,0,0.08750571310520172
ACH-000420,56965967,0,0.13140828907489777
ACH-000420,6253,0,0.3117164969444275
ACH-000420,8249,0,0.36145079135894775
ACH-000420,9863776,0,0.18220654129981995
ACH-000420,9910224,0,0.10483478009700775
ACH-000420,9911830,0,0.08085054159164429
ACH-000420,9931953,0,0.30266010761260986
ACH-000420,9943465,0,0.11915736645460129
ACH-000437,10027278,0,0.20408225059509277
ACH-000437,10096043,0,0.19363267719745636
ACH-000437,10200390,0,0.1330629587173462
ACH-000437,11178236,0,0.38299697637557983
ACH-000437,11404337,0,0.1369541585445404
ACH-000437,11707110,0,0.11773664504289627
ACH-000437,16725726,0,0.16904987394809723
ACH-000437,2314623,0,0.28825515508651733
ACH-000437,25222038,0,0.19571000337600708
ACH-000437,25257557,0,0.2072596698999405
ACH-000437,4263900,0,0.16564497351646423
ACH-000437,42642645,0,0.15682950615882874
ACH-000437,44137675,1,0.3116895854473114
ACH-000437,44819241,0,0.19753499329090118
ACH-000437,46191454,0,0.17925551533699036
ACH-000437,46943432,0,0.11409028619527817
ACH-000437,5311497,0,0.13172587752342224
ACH-000437,5327091,0,0.18123017251491547
ACH-000437,53394750,0,0.18083640933036804
ACH-000437,5394,0,0.2227579951286316
ACH-000437,5460769,0,0.06790518760681152
ACH-000437,56965967,0,0.09875073283910751
ACH-000437,8249,0,0.4309631586074829
ACH-000437,9863776,0,0.16719196736812592
ACH-000437,9910224,0,0.08036604523658752
ACH-000437,9911830,0,0.09609267115592957
ACH-000437,9931953,0,0.11031457781791687
ACH-000447,10027278,0,0.12257469445466995
ACH-000447,10096043,0,0.09504175931215286
ACH-000447,10200390,0,0.11402925848960876
ACH-000447,11178236,0,0.28287291526794434
ACH-000447,11404337,0,0.09567449986934662
ACH-000447,16725726,1,0.06996932625770569
ACH-000447,25222038,0,0.17509862780570984
ACH-000447,25257557,1,0.11681244522333145
ACH-000447,4263900,0,0.10161194950342178
ACH-000447,42642645,0,0.10581737756729126
ACH-000447,44137675,0,0.17480731010437012
ACH-000447,46191454,0,0.16142576932907104
ACH-000447,46943432,0,0.0723767951130867
ACH-000447,5311497,0,0.09113548696041107
ACH-000447,53394750,0,0.09222090244293213
ACH-000447,5460769,0,0.049341071397066116
ACH-000447,56965967,0,0.07688827812671661
ACH-000447,8249,0,0.306222528219223
ACH-000447,9863776,0,0.09857456386089325
ACH-000447,9910224,0,0.094347283244133
ACH-000447,9911830,0,0.0915243923664093
ACH-000451,10027278,0,0.16944630444049835
ACH-000451,10077147,0,0.1371801495552063
ACH-000451,10096043,0,0.091807059943676
ACH-000451,10200390,0,0.10642094165086746
ACH-000451,11178236,0,0.29678109288215637
ACH-000451,11404337,0,0.08562775701284409
ACH-000451,11667893,0,0.09586211293935776
ACH-000451,11707110,0,0.08575921505689621
ACH-000451,11977753,0,0.07243993133306503
ACH-000451,16725726,0,0.07770881801843643
ACH-000451,2314623,0,0.16472283005714417
ACH-000451,25222038,0,0.20610423386096954
ACH-000451,25257557,1,0.14704002439975739
ACH-000451,25262965,0,0.14187155663967133
ACH-000451,4263900,0,0.06502174586057663
ACH-000451,42642645,0,0.10658154636621475
ACH-000451,44137675,1,0.14909881353378296
ACH-000451,44819241,0,0.11697480827569962
ACH-000451,46191454,0,0.12506060302257538
ACH-000451,46943432,0,0.07018820196390152
ACH-000451,5311497,0,0.06480100750923157
ACH-000451,5327091,0,0.08081704378128052
ACH-000451,5330286,0,0.16362866759300232
ACH-000451,53394750,0,0.08981242775917053
ACH-000451,5394,0,0.29514145851135254
ACH-000451,5460769,0,0.0491304025053978
ACH-000451,56965967,0,0.0753885880112648
ACH-000451,8249,0,0.1730434000492096
ACH-000451,9863776,0,0.10297229140996933
ACH-000451,9910224,0,0.06503821164369583
ACH-000451,9911830,0,0.08979001641273499
ACH-000451,9931953,0,0.22962895035743713
ACH-000475,10027278,0,0.17655731737613678
ACH-000475,10077147,0,0.2108965963125229
ACH-000475,10096043,0,0.11187054216861725
ACH-000475,10200390,0,0.10415393859148026
ACH-000475,11178236,0,0.6140702366828918
ACH-000475,11404337,0,0.10872869193553925
ACH-000475,11667893,0,0.10806895792484283
ACH-000475,11707110,0,0.1388341337442398
ACH-000475,11977753,0,0.19759970903396606
ACH-000475,123631,0,0.124924436211586
ACH-000475,126565,0,0.277858704328537
ACH-000475,16725726,0,0.19932487607002258
ACH-000475,2314623,0,0.16874241828918457
ACH-000475,25222038,0,0.17721717059612274
ACH-000475,25257557,0,0.17523418366909027
ACH-000475,25262965,0,0.12483058124780655
ACH-000475,300471,0,0.15802481770515442
ACH-000475,4263900,0,0.0721375048160553
ACH-000475,42642645,0,0.10758688300848007
ACH-000475,44137675,0,0.21696677803993225
ACH-000475,44819241,0,0.1566314995288849
ACH-000475,46191454,0,0.16025219857692719
ACH-000475,46843772,0,0.05728842318058014
ACH-000475,46943432,0,0.11941912770271301
ACH-000475,5311497,0,0.11556150764226913
ACH-000475,5327091,0,0.09383207559585571
ACH-000475,5330286,0,0.15079353749752045
ACH-000475,53394750,0,0.17189554870128632
ACH-000475,5394,0,0.15746118128299713
ACH-000475,5460769,0,0.10311492532491684
ACH-000475,56965967,0,0.1279643177986145
ACH-000475,6253,0,0.3336881995201111
ACH-000475,8249,0,0.3252348303794861
ACH-000475,9863776,0,0.17197448015213013
ACH-000475,9910224,0,0.08422617614269257
ACH-000475,9911830,0,0.087684765458107
ACH-000475,9931953,0,0.20443230867385864
ACH-000475,9943465,1,0.10505399852991104
ACH-000476,10027278,0,0.08015654981136322
ACH-000476,10077147,0,0.1904536485671997
ACH-000476,10096043,0,0.08995385468006134
ACH-000476,10200390,0,0.06720275431871414
ACH-000476,11178236,0,0.4125395119190216
ACH-000476,11404337,1,0.05615415796637535
ACH-000476,11667893,0,0.09791954606771469
ACH-000476,11707110,0,0.060591280460357666
ACH-000476,11977753,0,0.10562016814947128
ACH-000476,123631,0,0.17635895311832428
ACH-000476,126565,0,0.1405373364686966
ACH-000476,16725726,0,0.07335396111011505
ACH-000476,2314623,0,0.16712528467178345
ACH-000476,25222038,0,0.2761935293674469
ACH-000476,25257557,0,0.11870437115430832
ACH-000476,25262965,0,0.08032255619764328
ACH-000476,300471,0,0.17037656903266907
ACH-000476,4263900,0,0.05922412872314453
ACH-000476,42642645,0,0.13026531040668488
ACH-000476,44137675,0,0.12396654486656189
ACH-000476,44819241,0,0.08398352563381195
ACH-000476,46191454,0,0.10885993391275406
ACH-000476,46943432,0,0.06392396241426468
ACH-000476,5311497,0,0.05616290867328644
ACH-000476,5327091,0,0.09947638213634491
ACH-000476,5330286,0,0.09786222130060196
ACH-000476,53394750,0,0.07729122787714005
ACH-000476,5394,0,0.18301600217819214
ACH-000476,5460769,0,0.038485292345285416
ACH-000476,56965967,0,0.09165196120738983
ACH-000476,6253,0,0.1711088865995407
ACH-000476,9863776,0,0.07862531393766403
ACH-000476,9910224,0,0.10688400268554688
ACH-000476,9911830,1,0.12153750658035278
ACH-000476,9931953,0,0.18056409060955048
ACH-000476,9943465,0,0.0661623626947403
ACH-000478,10027278,0,0.2666400372982025
ACH-000478,10077147,0,0.28634124994277954
ACH-000478,10096043,0,0.12698541581630707
ACH-000478,10200390,0,0.12271105498075485
ACH-000478,11178236,0,0.7850890755653381
ACH-000478,11404337,0,0.10478714853525162
ACH-000478,11667893,0,0.10545451194047928
ACH-000478,11707110,0,0.0876607894897461
ACH-000478,11977753,0,0.3043401837348938
ACH-000478,123631,0,0.3295024335384369
ACH-000478,126565,0,0.20583690702915192
ACH-000478,16725726,0,0.2127656489610672
ACH-000478,2314623,0,0.1943785548210144
ACH-000478,25222038,0,0.19486571848392487
ACH-000478,25257557,0,0.13773879408836365
ACH-000478,25262965,0,0.12379481643438339
ACH-000478,300471,0,0.18970869481563568
ACH-000478,4263900,0,0.0789063572883606
ACH-000478,42642645,1,0.22901782393455505
ACH-000478,44137675,0,0.2531675100326538
ACH-000478,44819241,0,0.10781677067279816
ACH-000478,46191454,0,0.11535649746656418
ACH-000478,46843772,0,0.05729953572154045
ACH-000478,46943432,0,0.12502829730510712
ACH-000478,5311497,0,0.10589390993118286
ACH-000478,5330286,0,0.1634945273399353
ACH-000478,53394750,0,0.3058173656463623
ACH-000478,5394,0,0.13219419121742249
ACH-000478,5460769,0,0.18627770245075226
ACH-000478,56965967,1,0.15326349437236786
ACH-000478,6253,0,0.6231820583343506
ACH-000478,8249,0,0.4008234441280365
ACH-000478,9863776,0,0.328370600938797
ACH-000478,9910224,0,0.11160758137702942
ACH-000478,9911830,0,0.1074172705411911
ACH-000478,9931953,0,0.34768733382225037
ACH-000478,9943465,1,0.0923120453953743
ACH-000489,11178236,0,0.5124372839927673
ACH-000489,11707110,1,0.24634207785129547
ACH-000489,16725726,0,0.14289669692516327
ACH-000489,2314623,0,0.40193748474121094
ACH-000489,25257557,0,0.22917845845222473
ACH-000489,42642645,0,0.12834329903125763
ACH-000489,44819241,0,0.3152919113636017
ACH-000489,46191454,0,0.18536615371704102
ACH-000489,46943432,0,0.2381160706281662
ACH-000489,5327091,0,0.18883205950260162
ACH-000489,53394750,0,0.15811555087566376
ACH-000489,5394,0,0.15855945646762848
ACH-000489,56965967,0,0.31891149282455444
ACH-000489,8249,0,0.24273309111595154
ACH-000489,9863776,0,0.20704257488250732
ACH-000489,9910224,0,0.24675503373146057
ACH-000489,9911830,0,0.30738237500190735
ACH-000489,9931953,0,0.17381519079208374
ACH-000514,10027278,0,0.06732115894556046
ACH-000514,10077147,0,0.16699722409248352
ACH-000514,10096043,0,0.0488150492310524
ACH-000514,10200390,0,0.12127750366926193
ACH-000514,10390396,0,0.04113255441188812
ACH-000514,11178236,0,0.2728085219860077
ACH-000514,11404337,0,0.11239475011825562
ACH-000514,11667893,0,0.07481085509061813
ACH-000514,11707110,0,0.08458206057548523
ACH-000514,11844351,0,0.1094585582613945
ACH-000514,11977753,0,0.05569023638963699
ACH-000514,123631,0,0.04773148149251938
ACH-000514,126565,0,0.11485113948583603
ACH-000514,16663089,0,0.05608010292053223
ACH-000514,16725726,1,0.059189897030591965
ACH-000514,20635522,0,0.0642051175236702
ACH-000514,2314623,0,0.27320894598960876
ACH-000514,25222038,0,0.07410526275634766
ACH-000514,25257557,1,0.09698637574911118
ACH-000514,25262965,0,0.04295254498720169
ACH-000514,300471,0,0.2606422007083893
ACH-000514,4263900,0,0.08743570744991302
ACH-000514,42642645,0,0.05906325578689575
ACH-000514,44137675,0,0.07772630453109741
ACH-000514,44819241,0,0.08715669065713882
ACH-000514,46191454,0,0.10238507390022278
ACH-000514,46943432,0,0.08136967569589615
ACH-000514,5311497,0,0.08076907694339752
ACH-000514,5327091,0,0.0631101131439209
ACH-000514,5330286,0,0.0992230474948883
ACH-000514,53394750,0,0.07039742916822433
ACH-000514,5394,0,0.18974566459655762
ACH-000514,5460769,0,0.05964314565062523
ACH-000514,56965967,0,0.0999390110373497
ACH-000514,6253,0,0.176364004611969
ACH-000514,7251185,0,0.13532045483589172
ACH-000514,8249,0,0.2085465043783188
ACH-000514,9549184,0,0.06663467735052109
ACH-000514,9863776,0,0.10741438716650009
ACH-000514,9910224,0,0.14944159984588623
ACH-000514,9911830,0,0.08968625962734222
ACH-000514,9931953,0,0.14379683136940002
ACH-000514,9943465,0,0.07897501438856125
ACH-000534,10027278,0,0.1056094840168953
ACH-000534,10077147,0,0.10928694158792496
ACH-000534,10096043,0,0.07763916254043579
ACH-000534,10200390,0,0.10821086168289185
ACH-000534,10390396,0,0.07342933863401413
ACH-000534,11178236,0,0.40809324383735657
ACH-000534,11404337,0,0.10935515910387039
ACH-000534,11667893,0,0.08558139950037003
ACH-000534,11707110,0,0.0714295282959938
ACH-000534,11844351,0,0.10973677039146423
ACH-000534,11977753,0,0.10339900106191635
ACH-000534,123631,0,0.10257921367883682
ACH-000534,126565,0,0.0924113392829895
ACH-000534,16663089,0,0.0947655513882637
ACH-000534,20635522,0,0.03862180933356285
ACH-000534,2314623,1,0.12289989739656448
ACH-000534,25222038,0,0.09052639454603195
ACH-000534,25257557,0,0.06975477933883667
ACH-000534,25262965,1,0.11797530949115753
ACH-000534,300471,0,0.10502403229475021
ACH-000534,4263900,0,0.04924704506993294
ACH-000534,42642645,0,0.060709476470947266
ACH-000534,44137675,0,0.15225788950920105
ACH-000534,44819241,0,0.1085473895072937
ACH-000534,46191454,0,0.0638519749045372
ACH-000534,46843772,0,0.03687067702412605
ACH-000534,46943432,0,0.09224534034729004
ACH-000534,5311497,0,0.06080777198076248
ACH-000534,5327091,0,0.06478551030158997
ACH-000534,5330286,0,0.0672345831990242
ACH-000534,53394750,0,0.059402283281087875
ACH-000534,5394,0,0.14208856225013733
ACH-000534,5460769,0,0.03731953725218773
ACH-000534,56965967,0,0.09063433855772018
ACH-000534,6253,0,0.24242928624153137
ACH-000534,7251185,0,0.07174250483512878
ACH-000534,8249,0,0.2034657895565033
ACH-000534,9549184,0,0.04908056929707527
ACH-000534,9863776,0,0.0762564092874527
ACH-000534,9910224,0,0.0718548446893692
ACH-000534,9911830,0,0.0982641726732254
ACH-000534,9931953,0,0.10517781227827072
ACH-000534,9943465,0,0.10893029719591141
ACH-000548,10027278,1,0.09754475951194763
ACH-000548,10077147,0,0.12786874175071716
ACH-000548,10096043,0,0.07442230731248856
ACH-000548,10200390,0,0.107496477663517
ACH-000548,11178236,0,0.33266139030456543
ACH-000548,11404337,1,0.09160005301237106
ACH-000548,11667893,0,0.06689728796482086
ACH-000548,11707110,0,0.05805376172065735
ACH-000548,11977753,0,0.08731698244810104
ACH-000548,16725726,0,0.10246477276086807
ACH-000548,2314623,0,0.1873127818107605
ACH-000548,25222038,0,0.1526867002248764
ACH-000548,25257557,1,0.0841226652264595
ACH-000548,25262965,0,0.1360713541507721
ACH-000548,4263900,0,0.08346956968307495
ACH-000548,42642645,0,0.07706914842128754
ACH-000548,44137675,0,0.1334017813205719
ACH-000548,44819241,0,0.09221144765615463
ACH-000548,46191454,0,0.08409454673528671
ACH-000548,46943432,0,0.06721454858779907
ACH-000548,5311497,0,0.07628170400857925
ACH-000548,5327091,0,0.0676380842924118
ACH-000548,5330286,0,0.09090692549943924
ACH-000548,53394750,0,0.06062224879860878
ACH-000548,5394,0,0.227180615067482
ACH-000548,5460769,0,0.03558481112122536
ACH-000548,56965967,0,0.052593134343624115
ACH-000548,8249,0,0.20907649397850037
ACH-000548,9863776,0,0.08839145302772522
ACH-000548,9910224,0,0.06593573838472366
ACH-000548,9911830,0,0.08348052948713303
ACH-000548,9931953,0,0.07105432450771332
ACH-000551,10027278,0,0.08211719989776611
ACH-000551,10077147,0,0.1693076640367508
ACH-000551,10096043,0,0.10984881222248077
ACH-000551,10200390,0,0.16292615234851837
ACH-000551,10390396,0,0.04117058217525482
ACH-000551,11178236,0,0.30071794986724854
ACH-000551,11404337,0,0.1416710466146469
ACH-000551,11667893,0,0.14248768985271454
ACH-000551,11707110,1,0.07150636613368988
ACH-000551,11844351,1,0.1762925088405609
ACH-000551,11977753,0,0.12164875119924545
ACH-000551,123631,0,0.11265166103839874
ACH-000551,126565,0,0.12433461844921112
ACH-000551,16663089,0,0.10778900980949402
ACH-000551,16725726,0,0.08709432184696198
ACH-000551,20635522,0,0.11406705528497696
ACH-000551,2314623,0,0.35236266255378723
ACH-000551,25222038,0,0.18741221725940704
ACH-000551,25257557,1,0.11854236572980881
ACH-000551,25262965,0,0.07350462675094604
ACH-000551,300471,0,0.34408804774284363
ACH-000551,4263900,0,0.07492270320653915
ACH-000551,42642645,1,0.06979740411043167
ACH-000551,44137675,0,0.1817270964384079
ACH-000551,44819241,0,0.12418543547391891
ACH-000551,46191454,0,0.22248907387256622
ACH-000551,46843772,0,0.0946948304772377
ACH-000551,46943432,0,0.10871850699186325
ACH-000551,5311497,0,0.11816626787185669
ACH-000551,5327091,0,0.10700929164886475
ACH-000551,5330286,0,0.12279587984085083
ACH-000551,53394750,1,0.06771418452262878
ACH-000551,5394,0,0.2758578360080719
ACH-000551,5460769,0,0.04604371637105942
ACH-000551,56965967,0,0.1362299770116806
ACH-000551,6253,0,0.22052693367004395
ACH-000551,7251185,0,0.1125810444355011
ACH-000551,8249,0,0.2439829409122467
ACH-000551,9549184,1,0.07556723058223724
ACH-000551,9863776,0,0.12352819740772247
ACH-000551,9910224,0,0.14102551341056824
ACH-000551,9911830,1,0.17813874781131744
ACH-000551,9931953,0,0.15453769266605377
ACH-000551,9943465,0,0.17438265681266785
ACH-000560,10027278,0,0.15945717692375183
ACH-000560,10077147,0,0.2943473756313324
ACH-000560,10096043,0,0.11979757994413376
ACH-000560,10200390,1,0.1834566295146942
ACH-000560,11178236,0,0.5514194369316101
ACH-000560,11404337,0,0.15700197219848633
ACH-000560,11667893,0,0.11760639399290085
ACH-000560,11707110,1,0.11951935291290283
ACH-000560,11977753,0,0.2535603940486908
ACH-000560,123631,0,0.13476334512233734
ACH-000560,126565,0,0.2427583485841751
ACH-000560,16725726,1,0.12716802954673767
ACH-000560,2314623,0,0.4162086844444275
ACH-000560,25222038,0,0.13380472362041473
ACH-000560,25257557,0,0.18464398384094238
ACH-000560,25262965,0,0.07498742640018463
ACH-000560,300471,0,0.3573223352432251
ACH-000560,4263900,0,0.13482710719108582
ACH-000560,42642645,0,0.16514073312282562
ACH-000560,44137675,0,0.20604164898395538
ACH-000560,44819241,0,0.16678254306316376
ACH-000560,46191454,0,0.20707397162914276
ACH-000560,46943432,0,0.13176019489765167
ACH-000560,5311497,0,0.12654365599155426
ACH-000560,5327091,0,0.1576191782951355
ACH-000560,5330286,0,0.20114614069461823
ACH-000560,53394750,1,0.1582731455564499
ACH-000560,5394,0,0.17238928377628326
ACH-000560,5460769,0,0.10729171335697174
ACH-000560,56965967,0,0.18312688171863556
ACH-000560,6253,0,0.20474740862846375
ACH-000560,8249,0,0.4125855267047882
ACH-000560,9863776,0,0.22013148665428162
ACH-000560,9910224,0,0.21249131858348846
ACH-000560,9911830,1,0.11338328570127487
ACH-000560,9931953,0,0.23635074496269226
ACH-000560,9943465,0,0.14430178701877594
ACH-000562,10027278,0,0.14877104759216309
ACH-000562,10077147,0,0.09896220266819
ACH-000562,10096043,0,0.0600745752453804
ACH-000562,10200390,0,0.08133174479007721
ACH-000562,11178236,0,0.38326016068458557
ACH-000562,11404337,0,0.0690983310341835
ACH-000562,11667893,0,0.07132037729024887
ACH-000562,11707110,0,0.045369695872068405
ACH-000562,11977753,0,0.11219728738069534
ACH-000562,123631,0,0.16352732479572296
ACH-000562,126565,0,0.11807849258184433
ACH-000562,16725726,1,0.09489578753709793
ACH-000562,25222038,0,0.12430638819932938
ACH-000562,25257557,0,0.08283083885908127
ACH-000562,25262965,0,0.0879402905702591
ACH-000562,300471,0,0.08370054513216019
ACH-000562,4263900,0,0.03840643912553787
ACH-000562,42642645,0,0.09816426783800125
ACH-000562,44137675,0,0.1377645879983902
ACH-000562,44819241,0,0.07569286227226257
ACH-000562,46191454,0,0.08010309189558029
ACH-000562,46843772,0,0.02675698697566986
ACH-000562,46943432,0,0.05394228175282478
ACH-000562,5311497,0,0.05096673220396042
ACH-000562,5330286,0,0.07471852749586105
ACH-000562,53394750,0,0.06817329674959183
ACH-000562,5394,0,0.11125139892101288
ACH-000562,5460769,0,0.04120277985930443
ACH-000562,56965967,0,0.047811828553676605
ACH-000562,6253,0,0.15491104125976562
ACH-000562,8249,0,0.18614749610424042
ACH-000562,9863776,0,0.09678063541650772
ACH-000562,9910224,0,0.04732191190123558
ACH-000562,9911830,0,0.07973665744066238
ACH-000562,9943465,0,0.0674038678407669
ACH-000565,10027278,0,0.0638974979519844
ACH-000565,10077147,0,0.1220327764749527
ACH-000565,10096043,0,0.07102207094430923
ACH-000565,10200390,0,0.09741142392158508
ACH-000565,11178236,0,0.440021276473999
ACH-000565,11404337,0,0.09264097362756729
ACH-000565,11667893,0,0.08112184703350067
ACH-000565,11707110,1,0.11460002511739731
ACH-000565,11977753,0,0.10900864005088806
ACH-000565,123631,0,0.0845104232430458
ACH-000565,126565,0,0.16617779433727264
ACH-000565,16725726,0,0.10394459217786789
ACH-000565,2314623,1,0.2669564485549927
ACH-000565,25222038,0,0.12123207747936249
ACH-000565,25257557,0,0.10072707384824753
ACH-000565,25262965,0,0.035647761076688766
ACH-000565,300471,0,0.23912516236305237
ACH-000565,4263900,0,0.05298906937241554
ACH-000565,42642645,0,0.1052105575799942
ACH-000565,44137675,0,0.14508487284183502
ACH-000565,44819241,0,0.09707348793745041
ACH-000565,46191454,0,0.11830013990402222
ACH-000565,46843772,0,0.06422693282365799
ACH-000565,46943432,0,0.0648253858089447
ACH-000565,5311497,0,0.08686783164739609
ACH-000565,5327091,0,0.06355145573616028
ACH-000565,5330286,0,0.11036311835050583
ACH-000565,53394750,0,0.10010275989770889
ACH-000565,5394,0,0.16621002554893494
ACH-000565,5460769,0,0.07406625896692276
ACH-000565,56965967,0,0.1274181753396988
ACH-000565,6253,0,0.38131555914878845
ACH-000565,8249,0,0.1895325630903244
ACH-000565,9863776,0,0.15040622651576996
ACH-000565,9910224,0,0.07253354042768478
ACH-000565,9911830,0,0.09947976469993591
ACH-000565,9931953,0,0.14352363348007202
ACH-000565,9943465,0,0.11418699473142624
ACH-000568,10027278,0,0.10412170737981796
ACH-000568,10096043,0,0.10012834519147873
ACH-000568,10200390,0,0.07638321816921234
ACH-000568,11178236,0,0.5359946489334106
ACH-000568,11404337,0,0.08953054249286652
ACH-000568,16725726,0,0.11489003896713257
ACH-000568,25222038,0,0.1852928251028061
ACH-000568,25257557,0,0.14253678917884827
ACH-000568,4263900,0,0.08132525533437729
ACH-000568,42642645,0,0.12836112082004547
ACH-000568,44137675,0,0.13617265224456787
ACH-000568,46191454,0,0.11023396253585815
ACH-000568,46943432,0,0.11046332865953445
ACH-000568,5311497,0,0.10138871520757675
ACH-000568,53394750,1,0.09330414980649948
ACH-000568,5460769,0,0.05620510131120682
ACH-000568,56965967,0,0.11367357522249222
ACH-000568,7251185,0,0.12055856734514236
ACH-000568,8249,0,0.23166561126708984
ACH-000568,9910224,0,0.10843365639448166
ACH-000568,9911830,0,0.12640798091888428
ACH-000570,10027278,0,0.09604637324810028
ACH-000570,10077147,0,0.19842404127120972
ACH-000570,10096043,0,0.06328044831752777
ACH-000570,10200390,1,0.14400836825370789
ACH-000570,11404337,0,0.11142629384994507
ACH-000570,11667893,0,0.07974343746900558
ACH-000570,11707110,0,0.06280657649040222
ACH-000570,11977753,0,0.17292530834674835
ACH-000570,123631,0,0.1490786373615265
ACH-000570,126565,0,0.11731696873903275
ACH-000570,16725726,1,0.10196418315172195
ACH-000570,2314623,0,0.19014540314674377
ACH-000570,25222038,0,0.07873095571994781
ACH-000570,25257557,1,0.0786605030298233
ACH-000570,25262965,0,0.06383221596479416
ACH-000570,300471,0,0.13516078889369965
ACH-000570,4263900,0,0.1108311340212822
ACH-000570,42642645,0,0.10472089797258377
ACH-000570,44137675,0,0.11686722934246063
ACH-000570,44819241,0,0.0872846469283104
ACH-000570,46191454,0,0.06770056486129761
ACH-000570,46943432,0,0.08637996017932892
ACH-000570,5311497,0,0.08179100602865219
ACH-000570,5327091,0,0.06456688791513443
ACH-000570,5330286,0,0.10250924527645111
ACH-000570,53394750,0,0.1160806193947792
ACH-000570,5394,0,0.1275937855243683
ACH-000570,5460769,0,0.07992278039455414
ACH-000570,56965967,0,0.08828101307153702
ACH-000570,6253,0,0.27161887288093567
ACH-000570,8249,0,0.22421860694885254
ACH-000570,9863776,0,0.16722746193408966
ACH-000570,9910224,0,0.13789598643779755
ACH-000570,9911830,0,0.0911141037940979
ACH-000570,9931953,0,0.12263798713684082
ACH-000570,9943465,0,0.08614768087863922
ACH-000585,10027278,0,0.118521548807621
ACH-000585,10096043,0,0.07914569228887558
ACH-000585,10200390,0,0.10464558005332947
ACH-000585,11178236,0,0.3579968810081482
ACH-000585,11404337,0,0.07711150497198105
ACH-000585,11707110,1,0.08615502715110779
ACH-000585,123631,0,0.09647981077432632
ACH-000585,126565,0,0.17721424996852875
ACH-000585,16725726,1,0.056829094886779785
ACH-000585,2314623,0,0.24103815853595734
ACH-000585,25222038,0,0.09928959608078003
ACH-000585,25257557,1,0.11673969030380249
ACH-000585,300471,0,0.2501142919063568
ACH-000585,4263900,0,0.08977938443422318
ACH-000585,42642645,0,0.10680819302797318
ACH-000585,44137675,0,0.10190058499574661
ACH-000585,44819241,0,0.11714904010295868
ACH-000585,46191454,1,0.12577302753925323
ACH-000585,46843772,0,0.04406088963150978
ACH-000585,46943432,0,0.0682135820388794
ACH-000585,5311497,0,0.07455676048994064
ACH-000585,5327091,0,0.0959625318646431
ACH-000585,53394750,1,0.09342218935489655
ACH-000585,5394,0,0.14318719506263733
ACH-000585,5460769,0,0.06151759251952171
ACH-000585,56965967,0,0.0865701287984848
ACH-000585,6253,0,0.18458108603954315
ACH-000585,8249,1,0.17767994105815887
ACH-000585,9863776,1,0.09930778294801712
ACH-000585,9910224,0,0.1044008806347847
ACH-000585,9911830,0,0.07818528264760971
ACH-000585,9931953,0,0.24047556519508362
ACH-000585,9943465,0,0.0709105134010315
ACH-000599,10027278,0,0.07584146410226822
ACH-000599,10077147,0,0.07738431543111801
ACH-000599,10096043,0,0.0906832367181778
ACH-000599,10200390,0,0.11298865079879761
ACH-000599,11178236,0,0.21987074613571167
ACH-000599,11404337,0,0.1083243116736412
ACH-000599,11667893,0,0.09124082326889038
ACH-000599,11707110,1,0.08713948726654053
ACH-000599,11977753,0,0.06566709280014038
ACH-000599,123631,0,0.07448098063468933
ACH-000599,126565,0,0.13880208134651184
ACH-000599,16725726,0,0.07248581945896149
ACH-000599,2314623,0,0.21183815598487854
ACH-000599,25222038,0,0.10283408313989639
ACH-000599,25257557,1,0.11856531351804733
ACH-000599,25262965,0,0.08599333465099335
ACH-000599,300471,0,0.2235691100358963
ACH-000599,4263900,0,0.11115851253271103
ACH-000599,42642645,0,0.06712828576564789
ACH-000599,44137675,0,0.10715989023447037
ACH-000599,44819241,0,0.1533556431531906
ACH-000599,46191454,0,0.12376024574041367
ACH-000599,46943432,0,0.09277858585119247
ACH-000599,5311497,0,0.09915012866258621
ACH-000599,5327091,0,0.1148349940776825
ACH-000599,5330286,0,0.0701218992471695
ACH-000599,53394750,0,0.05516786128282547
ACH-000599,5394,0,0.227041095495224
ACH-000599,5460769,0,0.03665446862578392
ACH-000599,56965967,0,0.06469608098268509
ACH-000599,6253,0,0.10058064758777618
ACH-000599,8249,0,0.17016282677650452
ACH-000599,9863776,1,0.07329369336366653
ACH-000599,9910224,0,0.10075290501117706
ACH-000599,9911830,0,0.12890462577342987
ACH-000599,9931953,0,0.1029236763715744
ACH-000599,9943465,0,0.10952373594045639
ACH-000603,10027278,0,0.11866191774606705
ACH-000603,10096043,0,0.08615913987159729
ACH-000603,10200390,0,0.09942697733640671
ACH-000603,11178236,0,0.3602895736694336
ACH-000603,11404337,0,0.09723568707704544
ACH-000603,11707110,0,0.06692227721214294
ACH-000603,16725726,0,0.05983385071158409
ACH-000603,2314623,0,0.16080524027347565
ACH-000603,25222038,0,0.14114609360694885
ACH-000603,25257557,0,0.09388052672147751
ACH-000603,4263900,0,0.06499351561069489
ACH-000603,42642645,0,0.0663028135895729
ACH-000603,44137675,0,0.12214158475399017
ACH-000603,44819241,0,0.09809385240077972
ACH-000603,46191454,0,0.07333602756261826
ACH-000603,46943432,0,0.08743665367364883
ACH-000603,5311497,0,0.060775578022003174
ACH-000603,5327091,0,0.0917612686753273
ACH-000603,53394750,0,0.07489268481731415
ACH-000603,5394,0,0.20348598062992096
ACH-000603,5460769,0,0.034201573580503464
ACH-000603,56965967,0,0.06921540200710297
ACH-000603,8249,0,0.254011332988739
ACH-000603,9863776,0,0.07754712551832199
ACH-000603,9910224,0,0.10889450460672379
ACH-000603,9911830,0,0.10624493658542633
ACH-000603,9931953,0,0.15397660434246063
ACH-000607,10027278,0,0.04955976828932762
ACH-000607,10077147,0,0.20235396921634674
ACH-000607,10096043,0,0.07203412055969238
ACH-000607,10200390,0,0.2370690554380417
ACH-000607,11178236,0,0.47200438380241394
ACH-000607,11404337,0,0.1507159322500229
ACH-000607,11667893,0,0.14651134610176086
ACH-000607,11707110,0,0.0884915292263031
ACH-000607,11977753,0,0.09210138022899628
ACH-000607,123631,1,0.14487306773662567
ACH-000607,126565,0,0.11382505297660828
ACH-000607,16725726,0,0.07043357938528061
ACH-000607,2314623,0,0.40972527861595154
ACH-000607,25222038,0,0.12504532933235168
ACH-000607,25257557,0,0.11592157185077667
ACH-000607,25262965,0,0.054035887122154236
ACH-000607,300471,0,0.23387980461120605
ACH-000607,4263900,0,0.10561149567365646
ACH-000607,42642645,0,0.10768304020166397
ACH-000607,44137675,0,0.11042490601539612
ACH-000607,44819241,0,0.12726937234401703
ACH-000607,46191454,0,0.11610002815723419
ACH-000607,46943432,0,0.10450440645217896
ACH-000607,5311497,0,0.12070485949516296
ACH-000607,5327091,0,0.07800628244876862
ACH-000607,53394750,0,0.09829524159431458
ACH-000607,5394,0,0.1463414430618286
ACH-000607,5460769,0,0.08225671947002411
ACH-000607,56965967,0,0.1711379885673523
ACH-000607,6253,1,0.37883955240249634
ACH-000607,8249,0,0.13638818264007568
ACH-000607,9863776,1,0.22233515977859497
ACH-000607,9910224,0,0.19168539345264435
ACH-000607,9911830,0,0.18820667266845703
ACH-000607,9931953,1,0.21255820989608765
ACH-000607,9943465,1,0.12714305520057678
ACH-000625,10027278,1,0.07647384703159332
ACH-000625,10077147,0,0.10391467809677124
ACH-000625,10096043,0,0.09208422154188156
ACH-000625,10200390,0,0.1200682520866394
ACH-000625,11178236,0,0.3935934007167816
ACH-000625,11404337,1,0.10709220916032791
ACH-000625,11667893,1,0.07411764562129974
ACH-000625,11707110,1,0.05803971365094185
ACH-000625,11977753,0,0.06470652669668198
ACH-000625,123631,0,0.11948306858539581
ACH-000625,126565,0,0.09505070000886917
ACH-000625,16725726,0,0.08449710160493851
ACH-000625,2314623,0,0.21191582083702087
ACH-000625,25222038,0,0.19274523854255676
ACH-000625,25257557,0,0.06626177579164505
ACH-000625,25262965,0,0.08315838128328323
ACH-000625,300471,0,0.2324865609407425
ACH-000625,4263900,1,0.05909184366464615
ACH-000625,42642645,0,0.06353966891765594
ACH-000625,44137675,0,0.16360685229301453
ACH-000625,44819241,0,0.07176436483860016
ACH-000625,46191454,0,0.07027339190244675
ACH-000625,46943432,0,0.06495729088783264
ACH-000625,5311497,0,0.06627675145864487
ACH-000625,5330286,0,0.07068215310573578
ACH-000625,53394750,0,0.0640888661146164
ACH-000625,5394,0,0.33909159898757935
ACH-000625,5460769,0,0.030025359243154526
ACH-000625,56965967,0,0.0848284587264061
ACH-000625,6253,0,0.26818907260894775
ACH-000625,8249,0,0.3492356836795807
ACH-000625,9863776,1,0.09905175119638443
ACH-000625,9910224,0,0.07169466465711594
ACH-000625,9911830,0,0.13780085742473602
ACH-000625,9931953,0,0.06857755035161972
ACH-000625,9943465,0,0.12986189126968384
ACH-000627,10027278,0,0.09617708623409271
ACH-000627,10077147,0,0.14042873680591583
ACH-000627,10096043,0,0.11446724086999893
ACH-000627,10200390,0,0.1936987340450287
ACH-000627,11178236,0,0.29133009910583496
ACH-000627,11404337,1,0.24597150087356567
ACH-000627,11667893,0,0.13276828825473785
ACH-000627,11707110,0,0.16154581308364868
ACH-000627,11977753,0,0.062931127846241
ACH-000627,123631,0,0.08401551097631454
ACH-000627,126565,0,0.15725134313106537
ACH-000627,16725726,1,0.0816752165555954
ACH-000627,2314623,0,0.3957909047603607
ACH-000627,25222038,1,0.10876841098070145
ACH-000627,25257557,0,0.1634901612997055
ACH-000627,25262965,0,0.08783138543367386
ACH-000627,300471,0,0.427714079618454
ACH-000627,4263900,1,0.16190636157989502
ACH-000627,42642645,0,0.09913326799869537
ACH-000627,44137675,0,0.14293654263019562
ACH-000627,44819241,0,0.21717244386672974
ACH-000627,46191454,0,0.140060693025589
ACH-000627,46943432,0,0.1729215383529663
ACH-000627,5311497,1,0.1520257294178009
ACH-000627,5327091,0,0.1352429836988449
ACH-000627,53394750,0,0.10748652368783951
ACH-000627,5394,0,0.30271250009536743
ACH-000627,5460769,0,0.06846986711025238
ACH-000627,56965967,0,0.14519701898097992
ACH-000627,6253,0,0.20236729085445404
ACH-000627,8249,0,0.30314284563064575
ACH-000627,9863776,0,0.14184251427650452
ACH-000627,9910224,0,0.18157535791397095
ACH-000627,9911830,1,0.19506901502609253
ACH-000627,9931953,1,0.1196613609790802
ACH-000627,9943465,0,0.20644494891166687
ACH-000638,10027278,0,0.15513785183429718
ACH-000638,10096043,0,0.07704325765371323
ACH-000638,10200390,0,0.0744955912232399
ACH-000638,11178236,0,0.5058180689811707
ACH-000638,11404337,0,0.057001858949661255
ACH-000638,11707110,0,0.07762818783521652
ACH-000638,123631,0,0.1138085275888443
ACH-000638,126565,0,0.21041035652160645
ACH-000638,16725726,0,0.11650581657886505
ACH-000638,2314623,0,0.14790567755699158
ACH-000638,25222038,0,0.09976035356521606
ACH-000638,25257557,0,0.11222227662801743
ACH-000638,300471,0,0.164113849401474
ACH-000638,4263900,0,0.06887505948543549
ACH-000638,42642645,0,0.08671025186777115
ACH-000638,44137675,0,0.10471981018781662
ACH-000638,44819241,0,0.10466712713241577
ACH-000638,46191454,0,0.13281099498271942
ACH-000638,46843772,0,0.041136935353279114
ACH-000638,46943432,0,0.05184357985854149
ACH-000638,5311497,0,0.06469167768955231
ACH-000638,5327091,0,0.09081916511058807
ACH-000638,53394750,0,0.1389029324054718
ACH-000638,5394,0,0.07864077389240265
ACH-000638,5460769,0,0.06387948244810104
ACH-000638,56965967,0,0.054949164390563965
ACH-000638,6253,0,0.21421483159065247
ACH-000638,8249,0,0.1861230581998825
ACH-000638,9863776,0,0.11656120419502258
ACH-000638,9910224,0,0.070733942091465
ACH-000638,9911830,0,0.05570850893855095
ACH-000638,9931953,0,0.33221855759620667
ACH-000638,9943465,0,0.07602012902498245
ACH-000640,10077147,0,0.19800016283988953
ACH-000640,11667893,0,0.15824876725673676
ACH-000640,11707110,0,0.19517381489276886
ACH-000640,11977753,0,0.14652085304260254
ACH-000640,123631,0,0.15311919152736664
ACH-000640,126565,0,0.26210644841194153
ACH-000640,2314623,0,0.2459585964679718
ACH-000640,25262965,0,0.14329442381858826
ACH-000640,300471,0,0.1622910350561142
ACH-000640,44819241,0,0.20630943775177002
ACH-000640,5327091,0,0.11095999926328659
ACH-000640,5330286,0,0.15954962372779846
ACH-000640,5394,0,0.1693871021270752
ACH-000640,6253,0,0.4218495488166809
ACH-000640,9863776,0,0.21662287414073944
ACH-000640,9931953,0,0.2963240444660187
ACH-000640,9943465,0,0.10977976024150848
ACH-000651,10027278,1,0.07409647852182388
ACH-000651,10077147,0,0.2583965063095093
ACH-000651,10096043,0,0.10671541094779968
ACH-000651,10200390,0,0.12213324755430222
ACH-000651,11178236,0,0.3695492446422577
ACH-000651,11404337,1,0.09966342151165009
ACH-000651,11667893,0,0.09995140880346298
ACH-000651,11707110,1,0.07682061940431595
ACH-000651,11977753,0,0.11122437566518784
ACH-000651,123631,0,0.1490456759929657
ACH-000651,126565,0,0.20688515901565552
ACH-000651,16725726,0,0.07330009341239929
ACH-000651,2314623,0,0.37822675704956055
ACH-000651,25222038,0,0.18829986453056335
ACH-000651,25257557,1,0.19186820089817047
ACH-000651,25262965,0,0.053152892738580704
ACH-000651,300471,0,0.3260175287723541
ACH-000651,4263900,1,0.11783815920352936
ACH-000651,42642645,0,0.1391204297542572
ACH-000651,44137675,0,0.15944160521030426
ACH-000651,44819241,0,0.11773418635129929
ACH-000651,46191454,0,0.166627436876297
ACH-000651,46843772,0,0.08319095522165298
ACH-000651,46943432,0,0.06578008830547333
ACH-000651,5311497,0,0.0849301740527153
ACH-000651,5327091,0,0.1290896087884903
ACH-000651,5330286,0,0.2208193689584732
ACH-000651,53394750,0,0.11077083647251129
ACH-000651,5394,1,0.23750337958335876
ACH-000651,5460769,0,0.05577402561903
ACH-000651,56965967,0,0.12286999821662903
ACH-000651,6253,0,0.12560983002185822
ACH-000651,8249,0,0.2585906386375427
ACH-000651,9863776,1,0.14048908650875092
ACH-000651,9910224,0,0.14857646822929382
ACH-000651,9911830,0,0.10982976853847504
ACH-000651,9931953,0,0.14212027192115784
ACH-000651,9943465,0,0.11745797842741013
ACH-000652,10027278,0,0.07022770494222641
ACH-000652,10077147,0,0.14632552862167358
ACH-000652,10096043,0,0.05259448289871216
ACH-000652,10200390,0,0.0879601538181305
ACH-000652,11178236,0,0.592221200466156
ACH-000652,11404337,1,0.08172667771577835
ACH-000652,11667893,1,0.0637202262878418
ACH-000652,11707110,1,0.06530187278985977
ACH-000652,11977753,0,0.09037590771913528
ACH-000652,123631,0,0.09646032005548477
ACH-000652,126565,0,0.10462941229343414
ACH-000652,16725726,0,0.08593256026506424
ACH-000652,2314623,0,0.1931953877210617
ACH-000652,25222038,0,0.094134122133255
ACH-000652,25257557,1,0.07421033829450607
ACH-000652,25262965,0,0.04626205936074257
ACH-000652,300471,0,0.19092729687690735
ACH-000652,4263900,0,0.06395991146564484
ACH-000652,42642645,0,0.07387054711580276
ACH-000652,44137675,0,0.08452130854129791
ACH-000652,44819241,0,0.08116470277309418
ACH-000652,46191454,0,0.06116577982902527
ACH-000652,46943432,1,0.05848945304751396
ACH-000652,5311497,0,0.055073175579309464
ACH-000652,5327091,0,0.07031779736280441
ACH-000652,5330286,1,0.06120013818144798
ACH-000652,53394750,1,0.07273323833942413
ACH-000652,5394,0,0.10046371072530746
ACH-000652,5460769,0,0.038546014577150345
ACH-000652,56965967,1,0.07472911477088928
ACH-000652,6253,0,0.18109792470932007
ACH-000652,8249,1,0.24077287316322327
ACH-000652,9863776,0,0.10049086064100266
ACH-000652,9910224,0,0.13479439914226532
ACH-000652,9911830,0,0.09465735405683517
ACH-000652,9931953,0,0.10946778208017349
ACH-000652,9943465,0,0.06962355226278305
ACH-000655,10027278,0,0.22926543653011322
ACH-000655,10077147,0,0.27504634857177734
ACH-000655,10096043,0,0.09064634889364243
ACH-000655,10200390,0,0.09556462615728378
ACH-000655,10390396,0,0.09632772207260132
ACH-000655,11178236,0,0.6091601848602295
ACH-000655,11404337,0,0.07368723303079605
ACH-000655,11667893,1,0.08145356923341751
ACH-000655,11707110,0,0.08878639340400696
ACH-000655,11844351,1,0.0638229176402092
ACH-000655,11977753,0,0.2945563495159149
ACH-000655,123631,0,0.18335305154323578
ACH-000655,126565,0,0.2126619666814804
ACH-000655,16663089,0,0.19725301861763
ACH-000655,16725726,0,0.2027565985918045
ACH-000655,20635522,0,0.07159896194934845
ACH-000655,2314623,0,0.19112209975719452
ACH-000655,25222038,0,0.2119918018579483
ACH-000655,25257557,1,0.1333465427160263
ACH-000655,25262965,0,0.08749247342348099
ACH-000655,300471,1,0.21836557984352112
ACH-000655,4263900,0,0.05282977968454361
ACH-000655,42642645,0,0.1653537005186081
ACH-000655,44137675,0,0.2073577344417572
ACH-000655,44819241,0,0.14254708588123322
ACH-000655,46191454,0,0.1094370111823082
ACH-000655,46843772,0,0.03130492568016052
ACH-000655,46943432,0,0.08359120041131973
ACH-000655,5311497,0,0.0610661543905735
ACH-000655,5327091,0,0.0879739448428154
ACH-000655,5330286,0,0.1464172750711441
ACH-000655,53394750,1,0.18822592496871948
ACH-000655,5394,0,0.15446044504642487
ACH-000655,5460769,0,0.08116207271814346
ACH-000655,56965967,0,0.15563790500164032
ACH-000655,6253,0,0.34244027733802795
ACH-000655,7251185,0,0.12523384392261505
ACH-000655,8249,0,0.42855313420295715
ACH-000655,9549184,1,0.06354574114084244
ACH-000655,9863776,0,0.1388915330171585
ACH-000655,9910224,0,0.10994695872068405
ACH-000655,9911830,0,0.0711330696940422
ACH-000655,9931953,0,0.20217934250831604
ACH-000655,9943465,1,0.10209935158491135
ACH-000656,10027278,1,0.054832398891448975
ACH-000656,10077147,0,0.07588642835617065
ACH-000656,10096043,0,0.07849747687578201
ACH-000656,10200390,0,0.12936004996299744
ACH-000656,10390396,0,0.03974373638629913
ACH-000656,11178236,0,0.2683192193508148
ACH-000656,11404337,1,0.1226828545331955
ACH-000656,11667893,0,0.10284899175167084
ACH-000656,11707110,0,0.08641009032726288
ACH-000656,11844351,0,0.1977054625749588
ACH-000656,11977753,0,0.05564640462398529
ACH-000656,16663089,1,0.06798931211233139
ACH-000656,16725726,1,0.06118331104516983
ACH-000656,20635522,0,0.11344528198242188
ACH-000656,25222038,0,0.10518530756235123
ACH-000656,25257557,1,0.10154063254594803
ACH-000656,25262965,0,0.04448651894927025
ACH-000656,4263900,1,0.08096437901258469
ACH-000656,42642645,0,0.07150980085134506
ACH-000656,44137675,0,0.09943218529224396
ACH-000656,44819241,0,0.11849132925271988
ACH-000656,46191454,0,0.13098551332950592
ACH-000656,46843772,0,0.08468680083751678
ACH-000656,46943432,1,0.07464750111103058
ACH-000656,5311497,0,0.08827514946460724
ACH-000656,5327091,0,0.07558119297027588
ACH-000656,5330286,0,0.08963482826948166
ACH-000656,53394750,1,0.08604518324136734
ACH-000656,5394,0,0.20512144267559052
ACH-000656,5460769,0,0.052599500864744186
ACH-000656,56965967,1,0.0871705412864685
ACH-000656,7251185,1,0.12132802605628967
ACH-000656,8249,1,0.14161358773708344
ACH-000656,9549184,1,0.059300292283296585
ACH-000656,9863776,0,0.0974639430642128
ACH-000656,9910224,1,0.08809516578912735
ACH-000656,9911830,1,0.15766479074954987
ACH-000656,9931953,0,0.11822621524333954
ACH-000660,10027278,1,0.07257142663002014
ACH-000660,10077147,1,0.18483783304691315
ACH-000660,10096043,0,0.09756931662559509
ACH-000660,10200390,1,0.14942675828933716
ACH-000660,11178236,0,0.25474902987480164
ACH-000660,11404337,1,0.11887560039758682
ACH-000660,11667893,0,0.1260318160057068
ACH-000660,11707110,1,0.09638204425573349
ACH-000660,11977753,1,0.13471108675003052
ACH-000660,123631,0,0.05870018154382706
ACH-000660,126565,1,0.15029606223106384
ACH-000660,16725726,1,0.06951851397752762
ACH-000660,2314623,1,0.3869835436344147
ACH-000660,25222038,1,0.1404126137495041
ACH-000660,25257557,1,0.0990765318274498
ACH-000660,25262965,1,0.04462452232837677
ACH-000660,300471,0,0.5212051868438721
ACH-000660,4263900,1,0.08814367651939392
ACH-000660,42642645,1,0.06885167211294174
ACH-000660,44137675,1,0.13905300199985504
ACH-000660,44819241,1,0.11359761655330658
ACH-000660,46191454,1,0.17722651362419128
ACH-000660,46943432,1,0.09149911999702454
ACH-000660,5311497,1,0.1053600013256073
ACH-000660,5327091,0,0.10309471189975739
ACH-000660,5330286,0,0.15212295949459076
ACH-000660,53394750,1,0.09942843019962311
ACH-000660,5394,1,0.23013190925121307
ACH-000660,5460769,0,0.0555926077067852
ACH-000660,56965967,0,0.19092623889446259
ACH-000660,6253,0,0.20222218334674835
ACH-000660,8249,1,0.338629812002182
ACH-000660,9863776,1,0.09632367640733719
ACH-000660,9910224,1,0.1359395682811737
ACH-000660,9911830,1,0.1407981663942337
ACH-000660,9931953,0,0.12346167117357254
ACH-000660,9943465,0,0.19545410573482513
ACH-000665,10027278,0,0.1134699359536171
ACH-000665,10077147,0,0.0801333412528038
ACH-000665,10096043,0,0.0778612419962883
ACH-000665,10200390,0,0.09477390348911285
ACH-000665,11178236,0,0.33572089672088623
ACH-000665,11404337,0,0.08004366606473923
ACH-000665,11667893,0,0.07802551239728928
ACH-000665,11707110,1,0.07528204470872879
ACH-000665,11977753,0,0.08707746863365173
ACH-000665,123631,0,0.10848915576934814
ACH-000665,126565,1,0.15232208371162415
ACH-000665,16725726,0,0.08457589149475098
ACH-000665,2314623,0,0.20057012140750885
ACH-000665,25222038,1,0.1155606061220169
ACH-000665,25257557,0,0.1097220629453659
ACH-000665,25262965,0,0.09383035451173782
ACH-000665,300471,0,0.14167064428329468
ACH-000665,4263900,0,0.08548160642385483
ACH-000665,42642645,0,0.09428653120994568
ACH-000665,44137675,1,0.11151988804340363
ACH-000665,44819241,0,0.12039423733949661
ACH-000665,46191454,0,0.09621334075927734
ACH-000665,46843772,0,0.03749381750822067
ACH-000665,46943432,0,0.05955341458320618
ACH-000665,5311497,0,0.07559555023908615
ACH-000665,5327091,0,0.08930380642414093
ACH-000665,5330286,0,0.09956430643796921
ACH-000665,53394750,0,0.07571914792060852
ACH-000665,5394,0,0.12948717176914215
ACH-000665,5460769,0,0.041985150426626205
ACH-000665,56965967,0,0.05444781854748726
ACH-000665,6253,0,0.11340168118476868
ACH-000665,8249,0,0.15589173138141632
ACH-000665,9863776,0,0.08854591101408005
ACH-000665,9910224,0,0.06188212335109711
ACH-000665,9911830,0,0.07658419758081436
ACH-000665,9931953,0,0.13197864592075348
ACH-000665,9943465,0,0.08806721121072769
ACH-000667,10027278,1,0.15069060027599335
ACH-000667,10077147,1,0.1266249269247055
ACH-000667,10096043,1,0.09633687138557434
ACH-000667,10200390,0,0.11106400191783905
ACH-000667,11178236,0,0.4492064118385315
ACH-000667,11404337,0,0.12967196106910706
ACH-000667,11667893,0,0.10982534289360046
ACH-000667,11707110,1,0.11644721776247025
ACH-000667,11977753,1,0.0938832089304924
ACH-000667,123631,0,0.14323879778385162
ACH-000667,126565,0,0.1661853790283203
ACH-000667,16725726,0,0.10247053951025009
ACH-000667,2314623,0,0.17324312031269073
ACH-000667,25222038,0,0.23589251935482025
ACH-000667,25257557,1,0.12122083455324173
ACH-000667,25262965,1,0.15206028521060944
ACH-000667,300471,0,0.1637960821390152
ACH-000667,4263900,1,0.04691801220178604
ACH-000667,42642645,0,0.08649879693984985
ACH-000667,44137675,0,0.18225856125354767
ACH-000667,44819241,1,0.1412510722875595
ACH-000667,46191454,0,0.11017541587352753
ACH-000667,46943432,0,0.09076196700334549
ACH-000667,5311497,1,0.06924929469823837
ACH-000667,5327091,0,0.08533627539873123
ACH-000667,5330286,0,0.11136788874864578
ACH-000667,53394750,1,0.09656711667776108
ACH-000667,5394,0,0.19773808121681213
ACH-000667,5460769,0,0.04166524484753609
ACH-000667,56965967,0,0.13164104521274567
ACH-000667,6253,0,0.3105161786079407
ACH-000667,8249,0,0.23613908886909485
ACH-000667,9863776,0,0.10811728984117508
ACH-000667,9910224,1,0.07277388125658035
ACH-000667,9911830,0,0.12853290140628815
ACH-000667,9931953,0,0.2249727100133896
ACH-000667,9943465,0,0.14154303073883057
ACH-000672,10027278,1,0.04957462102174759
ACH-000672,10077147,0,0.20893819630146027
ACH-000672,10096043,0,0.07891549170017242
ACH-000672,10200390,0,0.17317155003547668
ACH-000672,10390396,0,0.04149136319756508
ACH-000672,11178236,0,0.3800404965877533
ACH-000672,11404337,0,0.12497458606958389
ACH-000672,11667893,0,0.11018095165491104
ACH-000672,11707110,0,0.08438700437545776
ACH-000672,11844351,0,0.18467740714550018
ACH-000672,11977753,0,0.10876025259494781
ACH-000672,123631,0,0.08982422202825546
ACH-000672,126565,0,0.11323419958353043
ACH-000672,16663089,0,0.12684935331344604
ACH-000672,16725726,1,0.06487677246332169
ACH-000672,20635522,0,0.10860572755336761
ACH-000672,2314623,0,0.468709260225296
ACH-000672,25222038,0,0.13145624101161957
ACH-000672,25257557,1,0.10195744782686234
ACH-000672,25262965,0,0.036400359123945236
ACH-000672,300471,0,0.33931198716163635
ACH-000672,4263900,0,0.1096934825181961
ACH-000672,42642645,0,0.11362181603908539
ACH-000672,44137675,0,0.09878230839967728
ACH-000672,44819241,0,0.10833117365837097
ACH-000672,46191454,0,0.12496740370988846
ACH-000672,46843772,0,0.10385025292634964
ACH-000672,46943432,0,0.0785822942852974
ACH-000672,5311497,0,0.11278906464576721
ACH-000672,5327091,0,0.08962444216012955
ACH-000672,5330286,0,0.11587204784154892
ACH-000672,53394750,0,0.07475483417510986
ACH-000672,5394,0,0.1967003047466278
ACH-000672,5460769,0,0.07128173112869263
ACH-000672,56965967,0,0.1635509878396988
ACH-000672,6253,0,0.2429075390100479
ACH-000672,8249,0,0.20695079863071442
ACH-000672,9549184,0,0.07740141451358795
ACH-000672,9863776,0,0.15149086713790894
ACH-000672,9910224,0,0.17493385076522827
ACH-000672,9911830,0,0.12282759696245193
ACH-000672,9931953,0,0.12160717695951462
ACH-000672,9943465,0,0.09783719480037689
ACH-000696,10027278,0,0.18393899500370026
ACH-000696,10077147,0,0.24800240993499756
ACH-000696,10096043,0,0.15060167014598846
ACH-000696,10200390,0,0.10821536183357239
ACH-000696,11178236,0,0.5662493109703064
ACH-000696,11404337,0,0.08543359488248825
ACH-000696,11667893,0,0.08878928422927856
ACH-000696,11707110,0,0.09538868814706802
ACH-000696,11977753,0,0.18453456461429596
ACH-000696,123631,0,0.17145556211471558
ACH-000696,126565,0,0.208176851272583
ACH-000696,16725726,0,0.15156446397304535
ACH-000696,2314623,0,0.22532659769058228
ACH-000696,25222038,0,0.23451058566570282
ACH-000696,25257557,1,0.1624092310667038
ACH-000696,25262965,0,0.13637535274028778
ACH-000696,300471,1,0.17137986421585083
ACH-000696,4263900,0,0.0710466280579567
ACH-000696,42642645,0,0.13186344504356384
ACH-000696,44137675,0,0.2503010630607605
ACH-000696,44819241,1,0.1435232162475586
ACH-000696,46191454,0,0.161958709359169
ACH-000696,46843772,0,0.06815313547849655
ACH-000696,46943432,0,0.08361677080392838
ACH-000696,5311497,0,0.07915440201759338
ACH-000696,5327091,0,0.1106819286942482
ACH-000696,5330286,0,0.1970449537038803
ACH-000696,53394750,1,0.1363428384065628
ACH-000696,5394,0,0.20119959115982056
ACH-000696,5460769,1,0.07083358615636826
ACH-000696,56965967,0,0.10916147381067276
ACH-000696,6253,0,0.2971365451812744
ACH-000696,8249,0,0.3406795263290405
ACH-000696,9863776,0,0.15222160518169403
ACH-000696,9910224,1,0.06883567571640015
ACH-000696,9911830,0,0.06122111901640892
ACH-000696,9931953,1,0.22074006497859955
ACH-000696,9943465,0,0.10020308941602707
ACH-000697,10027278,0,0.1320432424545288
ACH-000697,10077147,0,0.23762020468711853
ACH-000697,10096043,0,0.13942790031433105
ACH-000697,10200390,1,0.11838261038064957
ACH-000697,10390396,0,0.07396701723337173
ACH-000697,11178236,0,0.3030402660369873
ACH-000697,11404337,0,0.09026848524808884
ACH-000697,11667893,0,0.14530088007450104
ACH-000697,11707110,1,0.08908151090145111
ACH-000697,11844351,0,0.16683141887187958
ACH-000697,11977753,0,0.17752854526042938
ACH-000697,123631,0,0.2153247743844986
ACH-000697,126565,0,0.1691470891237259
ACH-000697,16663089,0,0.16915765404701233
ACH-000697,16725726,1,0.12844906747341156
ACH-000697,20635522,0,0.11599376797676086
ACH-000697,2314623,0,0.33374881744384766
ACH-000697,25222038,0,0.30329784750938416
ACH-000697,25257557,1,0.160493403673172
ACH-000697,25262965,0,0.18634209036827087
ACH-000697,300471,0,0.20028559863567352
ACH-000697,4263900,0,0.10657460242509842
ACH-000697,42642645,0,0.14948458969593048
ACH-000697,44137675,0,0.1511187106370926
ACH-000697,44819241,0,0.1378985345363617
ACH-000697,46191454,1,0.21754305064678192
ACH-000697,46943432,1,0.09768509119749069
ACH-000697,5311497,0,0.12722361087799072
ACH-000697,5327091,0,0.11475376039743423
ACH-000697,5330286,0,0.20434361696243286
ACH-000697,53394750,1,0.09663378447294235
ACH-000697,5394,0,0.287221223115921
ACH-000697,5460769,0,0.07470599561929703
ACH-000697,56965967,0,0.10476132482290268
ACH-000697,6253,0,0.21205855906009674
ACH-000697,7251185,1,0.20162266492843628
ACH-000697,8249,1,0.17853711545467377
ACH-000697,9549184,0,0.06594535708427429
ACH-000697,9863776,0,0.13259124755859375
ACH-000697,9910224,1,0.12249759584665298
ACH-000697,9911830,0,0.10579080134630203
ACH-000697,9931953,0,0.2436004877090454
ACH-000697,9943465,0,0.11604347079992294
ACH-000704,10027278,0,0.09753221273422241
ACH-000704,10077147,0,0.11522116512060165
ACH-000704,10096043,0,0.08935640752315521
ACH-000704,10200390,0,0.11093582957983017
ACH-000704,11178236,0,0.268310010433197
ACH-000704,11404337,0,0.10319031029939651
ACH-000704,11667893,0,0.10355252772569656
ACH-000704,11707110,0,0.11247608810663223
ACH-000704,11977753,0,0.06557635217905045
ACH-000704,123631,1,0.08163264393806458
ACH-000704,126565,0,0.21405023336410522
ACH-000704,16725726,1,0.07866118103265762
ACH-000704,2314623,0,0.1986372470855713
ACH-000704,25222038,0,0.14486081898212433
ACH-000704,25257557,0,0.1404636800289154
ACH-000704,25262965,0,0.06887712329626083
ACH-000704,300471,0,0.207406684756279
ACH-000704,4263900,0,0.08137168735265732
ACH-000704,42642645,0,0.09054669737815857
ACH-000704,44137675,0,0.1283167153596878
ACH-000704,44819241,0,0.123868428170681
ACH-000704,46191454,0,0.14138054847717285
ACH-000704,46943432,0,0.09263866394758224
ACH-000704,5311497,0,0.08847252279520035
ACH-000704,5327091,0,0.09348233789205551
ACH-000704,5330286,0,0.11954834312200546
ACH-000704,53394750,0,0.09477632492780685
ACH-000704,5394,0,0.22786511480808258
ACH-000704,5460769,0,0.05243520066142082
ACH-000704,56965967,0,0.09948448091745377
ACH-000704,6253,0,0.13733547925949097
ACH-000704,8249,0,0.16678722202777863
ACH-000704,9863776,0,0.09570466727018356
ACH-000704,9910224,0,0.0922679454088211
ACH-000704,9911830,0,0.11686062067747116
ACH-000704,9931953,0,0.1567351073026657
ACH-000704,9943465,0,0.08936949819326401
ACH-000716,10027278,1,0.19739271700382233
ACH-000716,10077147,1,0.41503268480300903
ACH-000716,10096043,0,0.18944776058197021
ACH-000716,10200390,1,0.16693052649497986
ACH-000716,11178236,0,0.672714114189148
ACH-000716,11404337,0,0.17919738590717316
ACH-000716,11667893,0,0.17942719161510468
ACH-000716,11707110,0,0.165782630443573
ACH-000716,11977753,0,0.2908218204975128
ACH-000716,123631,0,0.27618446946144104
ACH-000716,126565,1,0.2230234593153
ACH-000716,16725726,0,0.22322170436382294
ACH-000716,2314623,0,0.38943761587142944
ACH-000716,25222038,1,0.3066329061985016
ACH-000716,25257557,1,0.24656453728675842
ACH-000716,25262965,0,0.21068689227104187
ACH-000716,300471,0,0.21302421391010284
ACH-000716,4263900,0,0.12343525886535645
ACH-000716,44137675,0,0.28878840804100037
ACH-000716,44819241,0,0.19647996127605438
ACH-000716,46191454,0,0.2143673598766327
ACH-000716,46843772,0,0.15634529292583466
ACH-000716,46943432,0,0.1631009429693222
ACH-000716,5311497,0,0.1756722331047058
ACH-000716,5327091,0,0.1457156538963318
ACH-000716,5330286,1,0.2741635739803314
ACH-000716,53394750,1,0.1363532841205597
ACH-000716,5394,0,0.2069043219089508
ACH-000716,5460769,0,0.1436888575553894
ACH-000716,56965967,0,0.21816304326057434
ACH-000716,6253,0,0.354339599609375
ACH-000716,8249,0,0.34876200556755066
ACH-000716,9863776,0,0.2559817433357239
ACH-000716,9910224,0,0.12604758143424988
ACH-000716,9911830,0,0.12892897427082062
ACH-000716,9931953,0,0.19353222846984863
ACH-000716,9943465,0,0.1711837500333786
ACH-000725,10027278,0,0.07597456127405167
ACH-000725,10077147,0,0.14886939525604248
ACH-000725,10096043,0,0.11260048300027847
ACH-000725,10200390,0,0.2769637107849121
ACH-000725,11178236,0,0.37608596682548523
ACH-000725,11404337,0,0.24402689933776855
ACH-000725,11667893,0,0.19022154808044434
ACH-000725,11707110,0,0.20589864253997803
ACH-000725,11977753,0,0.15495137870311737
ACH-000725,123631,0,0.06635896861553192
ACH-000725,126565,0,0.22038690745830536
ACH-000725,2314623,0,0.43955692648887634
ACH-000725,25257557,0,0.1795220822095871
ACH-000725,25262965,0,0.05174751207232475
ACH-000725,300471,0,0.3813222646713257
ACH-000725,4263900,0,0.1732780933380127
ACH-000725,42642645,0,0.09948111325502396
ACH-000725,44819241,0,0.2418653964996338
ACH-000725,46843772,0,0.1131824180483818
ACH-000725,46943432,0,0.18590940535068512
ACH-000725,5327091,0,0.1599440723657608
ACH-000725,5330286,0,0.11120002716779709
ACH-000725,53394750,0,0.11896299570798874
ACH-000725,5394,0,0.21601150929927826
ACH-000725,5460769,0,0.11637882143259048
ACH-000725,56965967,0,0.2540525496006012
ACH-000725,6253,0,0.2817509174346924
ACH-000725,8249,1,0.22511427104473114
ACH-000725,9863776,0,0.19916245341300964
ACH-000725,9910224,0,0.23576384782791138
ACH-000725,9931953,0,0.13177233934402466
ACH-000725,9943465,0,0.2322503626346588
ACH-000744,10027278,0,0.08070346713066101
ACH-000744,10077147,0,0.06741758435964584
ACH-000744,10096043,0,0.07300293445587158
ACH-000744,10200390,0,0.14376501739025116
ACH-000744,11178236,0,0.2859005928039551
ACH-000744,11404337,0,0.1253722608089447
ACH-000744,11667893,0,0.14249758422374725
ACH-000744,11707110,0,0.06563135236501694
ACH-000744,11977753,0,0.061702050268650055
ACH-000744,123631,1,0.08031462877988815
ACH-000744,126565,0,0.09315544366836548
ACH-000744,16725726,0,0.037680577486753464
ACH-000744,2314623,0,0.2577537000179291
ACH-000744,25222038,0,0.09373874962329865
ACH-000744,25257557,0,0.07373520731925964
ACH-000744,25262965,0,0.06611926108598709
ACH-000744,300471,0,0.23941656947135925
ACH-000744,4263900,0,0.08120914548635483
ACH-000744,42642645,0,0.06047378480434418
ACH-000744,44137675,0,0.07316041737794876
ACH-000744,44819241,1,0.12490621954202652
ACH-000744,46191454,0,0.09189560264348984
ACH-000744,46843772,0,0.06744928658008575
ACH-000744,46943432,0,0.07326094061136246
ACH-000744,5311497,0,0.0758151039481163
ACH-000744,5327091,0,0.0813511535525322
ACH-000744,5330286,0,0.07982233166694641
ACH-000744,53394750,0,0.05349395051598549
ACH-000744,5394,0,0.11814192682504654
ACH-000744,5460769,0,0.03037339262664318
ACH-000744,56965967,0,0.09293147176504135
ACH-000744,6253,0,0.15698552131652832
ACH-000744,8249,0,0.10794125497341156
ACH-000744,9863776,0,0.07083876430988312
ACH-000744,9910224,0,0.07614661753177643
ACH-000744,9911830,0,0.12749676406383514
ACH-000744,9931953,0,0.13053178787231445
ACH-000744,9943465,0,0.1166389212012291
ACH-000745,10027278,0,0.11374623328447342
ACH-000745,10077147,0,0.43133464455604553
ACH-000745,10096043,0,0.08993922173976898
ACH-000745,10200390,1,0.1912013590335846
ACH-000745,10390396,1,0.09134986251592636
ACH-000745,11178236,0,0.5528023838996887
ACH-000745,11404337,0,0.14087265729904175
ACH-000745,11667893,0,0.1150103434920311
ACH-000745,11844351,0,0.13101425766944885
ACH-000745,11977753,0,0.2808002233505249
ACH-000745,123631,0,0.15258066356182098
ACH-000745,126565,0,0.19099661707878113
ACH-000745,16663089,1,0.2490188032388687
ACH-000745,16725726,1,0.1493285745382309
ACH-000745,20635522,1,0.08686919510364532
ACH-000745,2314623,0,0.42670780420303345
ACH-000745,25222038,1,0.16049601137638092
ACH-000745,25257557,1,0.19384483993053436
ACH-000745,25262965,0,0.08806690573692322
ACH-000745,300471,0,0.25122615694999695
ACH-000745,4263900,1,0.1320260763168335
ACH-000745,42642645,0,0.11776364594697952
ACH-000745,44137675,0,0.12545768916606903
ACH-000745,44819241,0,0.1476932018995285
ACH-000745,46191454,1,0.15042051672935486
ACH-000745,46943432,1,0.11157111078500748
ACH-000745,5311497,0,0.10413815826177597
ACH-000745,5327091,0,0.1343107372522354
ACH-000745,5330286,0,0.2513161599636078
ACH-000745,53394750,1,0.12764224410057068
ACH-000745,5394,1,0.27759531140327454
ACH-000745,5460769,0,0.08047690242528915
ACH-000745,56965967,1,0.17599797248840332
ACH-000745,6253,0,0.26255807280540466
ACH-000745,7251185,1,0.15041185915470123
ACH-000745,8249,1,0.35923275351524353
ACH-000745,9549184,0,0.10952853411436081
ACH-000745,9863776,0,0.20954807102680206
ACH-000745,9910224,1,0.2978695034980774
ACH-000745,9911830,0,0.10199720412492752
ACH-000745,9931953,0,0.20712821185588837
ACH-000745,9943465,0,0.13165661692619324
ACH-000767,10027278,0,0.1918736696243286
ACH-000767,10077147,0,0.1539933681488037
ACH-000767,10096043,0,0.10421781986951828
ACH-000767,10200390,0,0.11439670622348785
ACH-000767,10390396,0,0.10775738209486008
ACH-000767,11178236,0,0.43547385931015015
ACH-000767,11404337,0,0.10233978182077408
ACH-000767,11667893,0,0.07273490726947784
ACH-000767,11707110,0,0.09854558855295181
ACH-000767,11844351,0,0.10970744490623474
ACH-000767,11977753,0,0.137605682015419
ACH-000767,123631,0,0.09502207487821579
ACH-000767,126565,0,0.22258567810058594
ACH-000767,16663089,0,0.12420836836099625
ACH-000767,16725726,1,0.11992873251438141
ACH-000767,20635522,0,0.10693542659282684
ACH-000767,2314623,0,0.2238687127828598
ACH-000767,25222038,0,0.14637425541877747
ACH-000767,25257557,1,0.12349057197570801
ACH-000767,25262965,0,0.11299627274274826
ACH-000767,300471,0,0.2797371745109558
ACH-000767,4263900,0,0.09317684173583984
ACH-000767,42642645,0,0.08541500568389893
ACH-000767,44137675,0,0.1417391151189804
ACH-000767,44819241,0,0.10343868285417557
ACH-000767,46191454,1,0.12816815078258514
ACH-000767,46943432,1,0.08039046823978424
ACH-000767,5311497,0,0.08192028850317001
ACH-000767,5327091,0,0.11162813752889633
ACH-000767,5330286,0,0.1529814898967743
ACH-000767,53394750,1,0.12554866075515747
ACH-000767,5394,0,0.17547816038131714
ACH-000767,5460769,0,0.05913061648607254
ACH-000767,56965967,0,0.08955639600753784
ACH-000767,6253,0,0.16034069657325745
ACH-000767,7251185,0,0.14645902812480927
ACH-000767,8249,0,0.3843567669391632
ACH-000767,9549184,0,0.06360261887311935
ACH-000767,9863776,0,0.1269797682762146
ACH-000767,9910224,0,0.10249114781618118
ACH-000767,9911830,0,0.07686468958854675
ACH-000767,9931953,0,0.16080646216869354
ACH-000767,9943465,0,0.10593792051076889
ACH-000772,10027278,0,0.07333775609731674
ACH-000772,10096043,0,0.10303839296102524
ACH-000772,10200390,0,0.12816554307937622
ACH-000772,10390396,0,0.046368926763534546
ACH-000772,11404337,0,0.10005392879247665
ACH-000772,11844351,0,0.14440205693244934
ACH-000772,16663089,0,0.09548524022102356
ACH-000772,16725726,0,0.06785329431295395
ACH-000772,20635522,0,0.10422536730766296
ACH-000772,25222038,0,0.1290561407804489
ACH-000772,4263900,0,0.0781211107969284
ACH-000772,42642645,0,0.06728745251893997
ACH-000772,44137675,0,0.10905508697032928
ACH-000772,46191454,0,0.11486483365297318
ACH-000772,5311497,0,0.06928487122058868
ACH-000772,5460769,0,0.034217849373817444
ACH-000772,56965967,0,0.10934243351221085
ACH-000772,7251185,0,0.12153799831867218
ACH-000772,9549184,1,0.05332891643047333
ACH-000772,9910224,0,0.130265474319458
ACH-000772,9911830,0,0.11359915882349014
ACH-000781,10027278,0,0.0853988453745842
ACH-000781,10077147,0,0.1207197979092598
ACH-000781,10096043,0,0.09043525904417038
ACH-000781,10200390,0,0.17410136759281158
ACH-000781,11178236,0,0.3054194450378418
ACH-000781,11404337,0,0.2175348848104477
ACH-000781,11667893,0,0.1412162184715271
ACH-000781,11707110,1,0.09069564193487167
ACH-000781,11977753,0,0.07901923358440399
ACH-000781,123631,0,0.063674695789814
ACH-000781,126565,0,0.09818097949028015
ACH-000781,16725726,0,0.049409881234169006
ACH-000781,2314623,0,0.3156389892101288
ACH-000781,25222038,0,0.07513757050037384
ACH-000781,25257557,0,0.08012557774782181
ACH-000781,25262965,0,0.0636603832244873
ACH-000781,300471,0,0.34407684206962585
ACH-000781,4263900,0,0.10502821952104568
ACH-000781,42642645,0,0.07052125036716461
ACH-000781,44137675,0,0.10842777788639069
ACH-000781,44819241,1,0.1581350862979889
ACH-000781,46191454,0,0.08147506415843964
ACH-000781,46943432,0,0.14724034070968628
ACH-000781,5311497,0,0.08116570860147476
ACH-000781,5327091,0,0.11359584331512451
ACH-000781,5330286,0,0.0704430416226387
ACH-000781,53394750,0,0.09039691835641861
ACH-000781,5394,0,0.13166546821594238
ACH-000781,5460769,0,0.03873539716005325
ACH-000781,56965967,0,0.18323290348052979
ACH-000781,6253,0,0.1546247899532318
ACH-000781,8249,0,0.2269999235868454
ACH-000781,9863776,0,0.07923697680234909
ACH-000781,9910224,0,0.18675191700458527
ACH-000781,9911830,0,0.17486454546451569
ACH-000781,9931953,0,0.10930797457695007
ACH-000781,9943465,0,0.17364217340946198
ACH-000788,10027278,0,0.08590061962604523
ACH-000788,10096043,0,0.07182548195123672
ACH-000788,10200390,0,0.10213270783424377
ACH-000788,11178236,0,0.40082868933677673
ACH-000788,11404337,0,0.06380774080753326
ACH-000788,123631,0,0.10519623756408691
ACH-000788,126565,0,0.14081481099128723
ACH-000788,16725726,0,0.09021724760532379
ACH-000788,2314623,0,0.26124370098114014
ACH-000788,25222038,0,0.11017052084207535
ACH-000788,25257557,0,0.10298827290534973
ACH-000788,300471,0,0.20960742235183716
ACH-000788,4263900,0,0.0750901997089386
ACH-000788,42642645,0,0.10057058930397034
ACH-000788,44137675,0,0.169150710105896
ACH-000788,44819241,1,0.07501866668462753
ACH-000788,46191454,0,0.10311911255121231
ACH-000788,46843772,0,0.042242590337991714
ACH-000788,46943432,0,0.054499924182891846
ACH-000788,5311497,0,0.07177701592445374
ACH-000788,5327091,1,0.06316722929477692
ACH-000788,53394750,0,0.09018412232398987
ACH-000788,5460769,0,0.05914679914712906
ACH-000788,56965967,0,0.0742342546582222
ACH-000788,6253,0,0.20580744743347168
ACH-000788,8249,0,0.27572280168533325
ACH-000788,9910224,0,0.07541477680206299
ACH-000788,9911830,0,0.05534323677420616
ACH-000788,9931953,0,0.14546236395835876
ACH-000788,9943465,0,0.10672279447317123
ACH-000798,10077147,0,0.12872165441513062
ACH-000798,11667893,0,0.06983327865600586
ACH-000798,11707110,1,0.08413293957710266
ACH-000798,11977753,0,0.12698262929916382
ACH-000798,123631,0,0.08152373135089874
ACH-000798,126565,0,0.15110793709754944
ACH-000798,2314623,0,0.17138107120990753
ACH-000798,25262965,0,0.049810294061899185
ACH-000798,300471,0,0.22454649209976196
ACH-000798,44819241,0,0.09241097420454025
ACH-000798,5327091,0,0.11067401617765427
ACH-000798,5330286,0,0.09817285090684891
ACH-000798,5394,0,0.2322399616241455
ACH-000798,6253,0,0.1783771514892578
ACH-000798,9863776,0,0.0764060690999031
ACH-000798,9931953,0,0.11774002015590668
ACH-000798,9943465,0,0.09458666294813156
ACH-000810,10027278,0,0.059303391724824905
ACH-000810,10077147,0,0.10872320085763931
ACH-000810,10096043,0,0.08651158958673477
ACH-000810,10200390,0,0.1676550954580307
ACH-000810,11178236,0,0.27081167697906494
ACH-000810,11404337,1,0.10540369898080826
ACH-000810,11667893,1,0.09193435311317444
ACH-000810,11707110,1,0.10050756484270096
ACH-000810,123631,0,0.060771822929382324
ACH-000810,126565,0,0.18050013482570648
ACH-000810,16725726,0,0.06853903084993362
ACH-000810,2314623,0,0.3877062201499939
ACH-000810,25222038,0,0.10044147074222565
ACH-000810,25257557,1,0.11656312644481659
ACH-000810,300471,0,0.36900660395622253
ACH-000810,4263900,0,0.13071489334106445
ACH-000810,42642645,0,0.07629341632127762
ACH-000810,44137675,0,0.11051585525274277
ACH-000810,44819241,0,0.11123800277709961
ACH-000810,46191454,0,0.1324474960565567
ACH-000810,46843772,0,0.07458427548408508
ACH-000810,46943432,0,0.06944681704044342
ACH-000810,5311497,0,0.09481177479028702
ACH-000810,5327091,0,0.11366687715053558
ACH-000810,53394750,1,0.09460069239139557
ACH-000810,5394,0,0.25631481409072876
ACH-000810,5460769,0,0.05200599506497383
ACH-000810,56965967,0,0.11124485731124878
ACH-000810,6253,0,0.1442045271396637
ACH-000810,8249,1,0.23264992237091064
ACH-000810,9863776,1,0.11168365925550461
ACH-000810,9910224,0,0.145333930850029
ACH-000810,9911830,0,0.11789744347333908
ACH-000810,9931953,0,0.12251061946153641
ACH-000810,9943465,0,0.14084428548812866
ACH-000812,10027278,0,0.048669882118701935
ACH-000812,10077147,0,0.1579837054014206
ACH-000812,10096043,0,0.08615720272064209
ACH-000812,10200390,0,0.09829205274581909
ACH-000812,11178236,0,0.361859530210495
ACH-000812,11404337,0,0.09233124554157257
ACH-000812,11667893,1,0.11133391410112381
ACH-000812,11707110,1,0.0503767728805542
ACH-000812,11977753,0,0.0858088955283165
ACH-000812,123631,0,0.12846845388412476
ACH-000812,126565,0,0.1031256690621376
ACH-000812,16725726,0,0.07219590246677399
ACH-000812,2314623,0,0.3462708592414856
ACH-000812,25222038,0,0.2069602906703949
ACH-000812,25257557,0,0.08486655354499817
ACH-000812,25262965,0,0.050466977059841156
ACH-000812,300471,0,0.3315103352069855
ACH-000812,4263900,0,0.09689775854349136
ACH-000812,42642645,0,0.08886315673589706
ACH-000812,44137675,0,0.10311581194400787
ACH-000812,44819241,0,0.0880153551697731
ACH-000812,46191454,0,0.12665405869483948
ACH-000812,46843772,0,0.09618077427148819
ACH-000812,46943432,0,0.06509171426296234
ACH-000812,5311497,0,0.09325123578310013
ACH-000812,5330286,0,0.0966731607913971
ACH-000812,53394750,0,0.06756286323070526
ACH-000812,5394,0,0.16042377054691315
ACH-000812,5460769,0,0.04439646005630493
ACH-000812,56965967,0,0.12074801325798035
ACH-000812,6253,0,0.2301211953163147
ACH-000812,8249,0,0.15485045313835144
ACH-000812,9863776,0,0.11022230982780457
ACH-000812,9910224,0,0.16640976071357727
ACH-000812,9911830,0,0.14736348390579224
ACH-000812,9943465,1,0.09090393036603928
ACH-000818,10027278,0,0.03952241316437721
ACH-000818,10077147,0,0.12092375010251999
ACH-000818,10096043,0,0.05682268366217613
ACH-000818,10200390,0,0.15376625955104828
ACH-000818,11178236,0,0.31646209955215454
ACH-000818,11404337,0,0.1302919238805771
ACH-000818,11667893,0,0.09708710014820099
ACH-000818,11707110,0,0.07277374714612961
ACH-000818,11977753,0,0.05367381125688553
ACH-000818,123631,0,0.08182401955127716
ACH-000818,126565,0,0.09078012406826019
ACH-000818,16725726,0,0.05200311914086342
ACH-000818,2314623,0,0.3609996438026428
ACH-000818,25222038,0,0.07339363545179367
ACH-000818,25257557,0,0.09289935976266861
ACH-000818,25262965,0,0.03832506388425827
ACH-000818,300471,0,0.2455928474664688
ACH-000818,4263900,0,0.14282526075839996
ACH-000818,42642645,0,0.07827064394950867
ACH-000818,44137675,0,0.07209113240242004
ACH-000818,44819241,0,0.12178973108530045
ACH-000818,46191454,0,0.09828406572341919
ACH-000818,46843772,0,0.08161470293998718
ACH-000818,46943432,0,0.07341940701007843
ACH-000818,5311497,0,0.10689650475978851
ACH-000818,5327091,0,0.07577832043170929
ACH-000818,5330286,0,0.09830143302679062
ACH-000818,53394750,0,0.054897088557481766
ACH-000818,5394,0,0.2382090538740158
ACH-000818,5460769,0,0.04212900996208191
ACH-000818,56965967,0,0.0861068144440651
ACH-000818,6253,0,0.17554941773414612
ACH-000818,8249,0,0.11310991644859314
ACH-000818,9863776,0,0.10949621349573135
ACH-000818,9910224,0,0.11661282926797867
ACH-000818,9911830,0,0.1573314517736435
ACH-000818,9931953,0,0.07483770698308945
ACH-000818,9943465,0,0.11181551963090897
ACH-000821,10027278,0,0.09286408871412277
ACH-000821,10077147,0,0.1030036062002182
ACH-000821,10096043,0,0.1148488000035286
ACH-000821,10200390,0,0.19561432301998138
ACH-000821,10390396,0,0.06140463426709175
ACH-000821,11178236,0,0.30481621623039246
ACH-000821,11404337,0,0.16197852790355682
ACH-000821,11667893,0,0.15688340365886688
ACH-000821,11707110,0,0.10225304216146469
ACH-000821,11844351,0,0.24622488021850586
ACH-000821,11977753,0,0.06535789370536804
ACH-000821,123631,0,0.14559929072856903
ACH-000821,126565,0,0.126559779047966
ACH-000821,16663089,0,0.10328537970781326
ACH-000821,16725726,1,0.07645568251609802
ACH-000821,20635522,0,0.15523739159107208
ACH-000821,2314623,0,0.26208025217056274
ACH-000821,25222038,0,0.1116684228181839
ACH-000821,25257557,1,0.12307490408420563
ACH-000821,25262965,0,0.11089350283145905
ACH-000821,300471,0,0.24166767299175262
ACH-000821,4263900,0,0.1079980656504631
ACH-000821,42642645,0,0.0976402759552002
ACH-000821,44137675,0,0.13612478971481323
ACH-000821,44819241,0,0.1178397461771965
ACH-000821,46191454,0,0.14329186081886292
ACH-000821,46943432,0,0.109455905854702
ACH-000821,5311497,0,0.13104408979415894
ACH-000821,5327091,0,0.08798487484455109
ACH-000821,5330286,0,0.12384559214115143
ACH-000821,53394750,1,0.08183275163173676
ACH-000821,5394,0,0.23837769031524658
ACH-000821,5460769,0,0.0960850864648819
ACH-000821,56965967,0,0.098932646214962
ACH-000821,6253,0,0.32834234833717346
ACH-000821,7251185,0,0.12732140719890594
ACH-000821,8249,0,0.14057497680187225
ACH-000821,9549184,0,0.0958331748843193
ACH-000821,9863776,0,0.2086460143327713
ACH-000821,9910224,1,0.08143157511949539
ACH-000821,9911830,0,0.17020486295223236
ACH-000821,9931953,0,0.15350520610809326
ACH-000821,9943465,1,0.13356651365756989
ACH-000857,10027278,1,0.09036632627248764
ACH-000857,10077147,0,0.12589359283447266
ACH-000857,10096043,1,0.07964780926704407
ACH-000857,10200390,0,0.09554295241832733
ACH-000857,11178236,0,0.3885287642478943
ACH-000857,11404337,1,0.06074828281998634
ACH-000857,11667893,0,0.07237430661916733
ACH-000857,11707110,0,0.06226202845573425
ACH-000857,11977753,0,0.12343627959489822
ACH-000857,123631,0,0.13236024975776672
ACH-000857,126565,0,0.1812247931957245
ACH-000857,16725726,1,0.07724583894014359
ACH-000857,2314623,0,0.23958198726177216
ACH-000857,25222038,0,0.1768421232700348
ACH-000857,25257557,1,0.11420571804046631
ACH-000857,25262965,0,0.05362341180443764
ACH-000857,300471,0,0.24529723823070526
ACH-000857,4263900,0,0.07189244031906128
ACH-000857,42642645,0,0.13003914058208466
ACH-000857,44137675,1,0.13483190536499023
ACH-000857,44819241,0,0.08889531344175339
ACH-000857,46191454,0,0.12921284139156342
ACH-000857,46943432,0,0.05076717585325241
ACH-000857,5311497,0,0.0697331428527832
ACH-000857,5327091,0,0.08623325824737549
ACH-000857,5330286,0,0.12089470773935318
ACH-000857,53394750,0,0.09673845767974854
ACH-000857,5394,0,0.1347310096025467
ACH-000857,5460769,1,0.051249656826257706
ACH-000857,56965967,0,0.08157918602228165
ACH-000857,6253,0,0.16389881074428558
ACH-000857,8249,0,0.20723816752433777
ACH-000857,9863776,0,0.11293885111808777
ACH-000857,9910224,0,0.07799601554870605
ACH-000857,9911830,0,0.09158631414175034
ACH-000857,9931953,0,0.16317464411258698
ACH-000857,9943465,0,0.08741836249828339
ACH-000860,10027278,0,0.16525505483150482
ACH-000860,10077147,0,0.18711136281490326
ACH-000860,10096043,0,0.09857513010501862
ACH-000860,10200390,1,0.14951658248901367
ACH-000860,11178236,0,0.5503426790237427
ACH-000860,11404337,0,0.10519839078187943
ACH-000860,11667893,1,0.09635376930236816
ACH-000860,11707110,1,0.1336168646812439
ACH-000860,11977753,0,0.17824357748031616
ACH-000860,123631,0,0.14113368093967438
ACH-000860,126565,0,0.2427932769060135
ACH-000860,16725726,0,0.1646043062210083
ACH-000860,2314623,0,0.19540907442569733
ACH-000860,25222038,0,0.15746133029460907
ACH-000860,25257557,1,0.14902067184448242
ACH-000860,25262965,0,0.08639375120401382
ACH-000860,300471,0,0.20119306445121765
ACH-000860,4263900,0,0.06480871140956879
ACH-000860,42642645,0,0.14926257729530334
ACH-000860,44137675,0,0.20363929867744446
ACH-000860,44819241,0,0.11528879404067993
ACH-000860,46191454,0,0.14213450253009796
ACH-000860,46943432,0,0.11382026225328445
ACH-000860,5311497,0,0.09988396614789963
ACH-000860,5327091,0,0.09960482269525528
ACH-000860,53394750,1,0.16358503699302673
ACH-000860,5394,0,0.19724783301353455
ACH-000860,5460769,0,0.12187214940786362
ACH-000860,56965967,0,0.14741438627243042
ACH-000860,6253,0,0.400381863117218
ACH-000860,8249,0,0.31452620029449463
ACH-000860,9863776,0,0.22909824550151825
ACH-000860,9910224,0,0.1087946966290474
ACH-000860,9911830,0,0.11661622673273087
ACH-000860,9931953,0,0.25821712613105774
ACH-000860,9943465,0,0.09507811069488525
ACH-000864,10027278,0,0.14905394613742828
ACH-000864,10077147,0,0.09595061838626862
ACH-000864,10096043,0,0.07273251563310623
ACH-000864,10200390,0,0.06646130234003067
ACH-000864,10390396,0,0.05349572375416756
ACH-000864,11178236,0,0.3624725639820099
ACH-000864,11404337,0,0.0562431775033474
ACH-000864,11667893,0,0.06299453973770142
ACH-000864,11707110,0,0.03717172145843506
ACH-000864,11844351,0,0.0636509507894516
ACH-000864,11977753,0,0.09038504958152771
ACH-000864,123631,0,0.18452905118465424
ACH-000864,126565,0,0.11135093122720718
ACH-000864,16663089,0,0.05218200385570526
ACH-000864,16725726,1,0.09318064898252487
ACH-000864,20635522,0,0.0636880025267601
ACH-000864,2314623,0,0.0959734246134758
ACH-000864,25222038,0,0.1645096242427826
ACH-000864,25257557,1,0.068409763276577
ACH-000864,25262965,1,0.10287540405988693
ACH-000864,300471,0,0.10168011486530304
ACH-000864,4263900,0,0.046851832419633865
ACH-000864,42642645,0,0.1113864853978157
ACH-000864,44137675,1,0.10380817949771881
ACH-000864,44819241,0,0.0567462295293808
ACH-000864,46191454,0,0.07814298570156097
ACH-000864,46843772,0,0.030171595513820648
ACH-000864,46943432,0,0.044912539422512054
ACH-000864,5311497,0,0.0440744087100029
ACH-000864,5327091,0,0.060786668211221695
ACH-000864,5330286,0,0.07757473737001419
ACH-000864,53394750,0,0.07647448778152466
ACH-000864,5394,0,0.12450096011161804
ACH-000864,5460769,0,0.0390331856906414
ACH-000864,56965967,0,0.03427776321768761
ACH-000864,6253,0,0.12935730814933777
ACH-000864,7251185,0,0.0844026505947113
ACH-000864,8249,0,0.2138587087392807
ACH-000864,9549184,0,0.027114856988191605
ACH-000864,9863776,0,0.07552319020032883
ACH-000864,9910224,0,0.0568632036447525
ACH-000864,9911830,0,0.07255373150110245
ACH-000864,9931953,0,0.12928876280784607
ACH-000864,9943465,0,0.04876527190208435
ACH-000871,10027278,0,0.08678770065307617
ACH-000871,10077147,0,0.234847292304039
ACH-000871,10096043,0,0.10798326134681702
ACH-000871,10200390,0,0.14150622487068176
ACH-000871,10390396,0,0.04944310337305069
ACH-000871,11178236,0,0.37995007634162903
ACH-000871,11404337,0,0.11164171248674393
ACH-000871,11667893,0,0.12454219162464142
ACH-000871,11844351,0,0.09063369780778885
ACH-000871,11977753,0,0.10623499006032944
ACH-000871,123631,0,0.10464076697826385
ACH-000871,126565,0,0.1625387817621231
ACH-000871,16663089,0,0.1261487901210785
ACH-000871,16725726,0,0.09893349558115005
ACH-000871,20635522,0,0.08571354299783707
ACH-000871,2314623,0,0.3515298068523407
ACH-000871,25222038,0,0.20777688920497894
ACH-000871,25257557,1,0.12134970724582672
ACH-000871,25262965,0,0.0695091038942337
ACH-000871,300471,0,0.3311615288257599
ACH-000871,4263900,0,0.06196025758981705
ACH-000871,42642645,0,0.1089230552315712
ACH-000871,44137675,0,0.16488532721996307
ACH-000871,46191454,0,0.14769437909126282
ACH-000871,46943432,0,0.1015719324350357
ACH-000871,5311497,0,0.091513991355896
ACH-000871,5327091,0,0.09850640594959259
ACH-000871,5330286,0,0.13270048797130585
ACH-000871,53394750,1,0.0842241570353508
ACH-000871,5460769,0,0.06948884576559067
ACH-000871,56965967,0,0.17718984186649323
ACH-000871,6253,0,0.3021942675113678
ACH-000871,7251185,0,0.14478152990341187
ACH-000871,8249,0,0.2653675079345703
ACH-000871,9549184,1,0.06201646476984024
ACH-000871,9910224,0,0.157850980758667
ACH-000871,9911830,0,0.10816257447004318
ACH-000871,9931953,0,0.23313744366168976
ACH-000871,9943465,0,0.10868693143129349
ACH-000875,10027278,0,0.09134893864393234
ACH-000875,10077147,0,0.17028845846652985
ACH-000875,10096043,0,0.03984992206096649
ACH-000875,10200390,0,0.14215658605098724
ACH-000875,11178236,0,0.5141658186912537
ACH-000875,11404337,0,0.08823491632938385
ACH-000875,11667893,0,0.0633278340101242
ACH-000875,11707110,1,0.09544522315263748
ACH-000875,11977753,0,0.10016525536775589
ACH-000875,123631,0,0.05294421315193176
ACH-000875,126565,0,0.10921302437782288
ACH-000875,16725726,0,0.08721040934324265
ACH-000875,2314623,0,0.16437570750713348
ACH-000875,25222038,0,0.06604716181755066
ACH-000875,25257557,0,0.06734208017587662
ACH-000875,25262965,0,0.05970016121864319
ACH-000875,300471,0,0.1525132805109024
ACH-000875,4263900,0,0.035847458988428116
ACH-000875,42642645,0,0.04280887916684151
ACH-000875,44137675,0,0.07901382446289062
ACH-000875,44819241,0,0.05990254133939743
ACH-000875,46191454,0,0.05610103905200958
ACH-000875,46843772,0,0.034321364015340805
ACH-000875,46943432,0,0.07891730964183807
ACH-000875,5311497,0,0.04619364067912102
ACH-000875,5327091,0,0.04724316671490669
ACH-000875,5330286,0,0.08188412338495255
ACH-000875,53394750,0,0.07907485961914062
ACH-000875,5394,0,0.11674244701862335
ACH-000875,5460769,0,0.06381066888570786
ACH-000875,56965967,0,0.10553522408008575
ACH-000875,6253,0,0.3434877395629883
ACH-000875,8249,0,0.292790949344635
ACH-000875,9863776,0,0.11927714198827744
ACH-000875,9910224,0,0.16988879442214966
ACH-000875,9911830,0,0.08123220503330231
ACH-000875,9931953,0,0.236137256026268
ACH-000875,9943465,0,0.0767713114619255
ACH-000876,10027278,0,0.11187433451414108
ACH-000876,10077147,0,0.07205258309841156
ACH-000876,10096043,0,0.058653272688388824
ACH-000876,10200390,0,0.11347353458404541
ACH-000876,11178236,0,0.3060469925403595
ACH-000876,11404337,0,0.08611743897199631
ACH-000876,11667893,0,0.0755007416009903
ACH-000876,11707110,0,0.06345608085393906
ACH-000876,11977753,0,0.07543209940195084
ACH-000876,123631,0,0.09845054894685745
ACH-000876,126565,0,0.14318284392356873
ACH-000876,16725726,0,0.06339388340711594
ACH-000876,2314623,0,0.14449018239974976
ACH-000876,25222038,0,0.07281342148780823
ACH-000876,25257557,0,0.07757304608821869
ACH-000876,25262965,0,0.07741791009902954
ACH-000876,300471,0,0.14427511394023895
ACH-000876,4263900,0,0.10334993153810501
ACH-000876,42642645,0,0.07519559562206268
ACH-000876,44137675,1,0.08004380762577057
ACH-000876,44819241,0,0.09751114249229431
ACH-000876,46191454,0,0.07761767506599426
ACH-000876,46843772,0,0.03858265280723572
ACH-000876,46943432,0,0.0683702677488327
ACH-000876,5311497,0,0.07361584156751633
ACH-000876,5330286,0,0.10211721062660217
ACH-000876,53394750,0,0.09843579679727554
ACH-000876,5394,0,0.10628410428762436
ACH-000876,5460769,0,0.05450554937124252
ACH-000876,56965967,0,0.050829365849494934
ACH-000876,6253,0,0.16081269085407257
ACH-000876,8249,0,0.1005227118730545
ACH-000876,9863776,0,0.09694355726242065
ACH-000876,9910224,0,0.06408589333295822
ACH-000876,9911830,0,0.09437044709920883
ACH-000876,9943465,0,0.0846140906214714
ACH-000881,10027278,0,0.07925093173980713
ACH-000881,10077147,0,0.13201011717319489
ACH-000881,10096043,0,0.06405409425497055
ACH-000881,10200390,0,0.1084042489528656
ACH-000881,11178236,1,0.4208700656890869
ACH-000881,11404337,1,0.11257193982601166
ACH-000881,11667893,1,0.07279756665229797
ACH-000881,11707110,1,0.07168622314929962
ACH-000881,11977753,0,0.09878544509410858
ACH-000881,123631,0,0.073471799492836
ACH-000881,126565,0,0.13379567861557007
ACH-000881,16725726,0,0.07579599320888519
ACH-000881,2314623,1,0.3062608242034912
ACH-000881,25222038,0,0.08450470864772797
ACH-000881,25257557,1,0.09407988935709
ACH-000881,25262965,0,0.031973037868738174
ACH-000881,300471,0,0.34210312366485596
ACH-000881,4263900,0,0.10589772462844849
ACH-000881,42642645,0,0.08863849937915802
ACH-000881,44137675,0,0.0783647820353508
ACH-000881,44819241,0,0.12106042355298996
ACH-000881,46191454,0,0.10879785567522049
ACH-000881,46943432,0,0.06874100863933563
ACH-000881,5311497,0,0.08314964175224304
ACH-000881,5327091,0,0.09675032645463943
ACH-000881,5330286,0,0.09588669240474701
ACH-000881,53394750,0,0.10240372270345688
ACH-000881,5394,0,0.14583942294120789
ACH-000881,5460769,1,0.06000787392258644
ACH-000881,56965967,0,0.0780099555850029
ACH-000881,6253,1,0.16293740272521973
ACH-000881,8249,0,0.28419971466064453
ACH-000881,9863776,0,0.09696383029222488
ACH-000881,9910224,0,0.1480070948600769
ACH-000881,9911830,0,0.09386991709470749
ACH-000881,9931953,0,0.11993158608675003
ACH-000881,9943465,0,0.08855193108320236
ACH-000914,10027278,0,0.0619223527610302
ACH-000914,10077147,0,0.06931553781032562
ACH-000914,10096043,0,0.07914852350950241
ACH-000914,10200390,0,0.11342750489711761
ACH-000914,10390396,0,0.04625546932220459
ACH-000914,11178236,0,0.24364812672138214
ACH-000914,11404337,0,0.09275411069393158
ACH-000914,11667893,0,0.09157054126262665
ACH-000914,11707110,0,0.10063859820365906
ACH-000914,11844351,0,0.14718952775001526
ACH-000914,11977753,0,0.08315892517566681
ACH-000914,123631,0,0.0542432963848114
ACH-000914,126565,0,0.16882623732089996
ACH-000914,16663089,0,0.08917596936225891
ACH-000914,16725726,1,0.091179259121418
ACH-000914,20635522,0,0.08687380701303482
ACH-000914,2314623,0,0.2203456610441208
ACH-000914,25222038,0,0.08649954944849014
ACH-000914,25257557,1,0.09607906639575958
ACH-000914,25262965,0,0.038189493119716644
ACH-000914,300471,0,0.30323347449302673
ACH-000914,4263900,0,0.1057756170630455
ACH-000914,42642645,0,0.0692439004778862
ACH-000914,44137675,0,0.08365530520677567
ACH-000914,44819241,0,0.11913657188415527
ACH-000914,46191454,0,0.1361151933670044
ACH-000914,46943432,1,0.08819542825222015
ACH-000914,5311497,0,0.09850403666496277
ACH-000914,5327091,0,0.11450058966875076
ACH-000914,5330286,0,0.07188700139522552
ACH-000914,53394750,1,0.09049441665410995
ACH-000914,5394,1,0.2101576179265976
ACH-000914,5460769,0,0.05245779827237129
ACH-000914,56965967,0,0.07569704949855804
ACH-000914,6253,0,0.1526651680469513
ACH-000914,7251185,0,0.15054436028003693
ACH-000914,8249,0,0.17770153284072876
ACH-000914,9549184,0,0.08012091368436813
ACH-000914,9863776,0,0.08385459333658218
ACH-000914,9910224,0,0.12498094141483307
ACH-000914,9911830,0,0.16129492223262787
ACH-000914,9931953,0,0.11356458812952042
ACH-000914,9943465,0,0.10683080554008484
ACH-000917,10077147,0,0.1604011356830597
ACH-000917,11178236,0,0.24663105607032776
ACH-000917,11667893,0,0.06858399510383606
ACH-000917,11707110,1,0.058453042060136795
ACH-000917,11977753,0,0.0735013484954834
ACH-000917,123631,1,0.0916622132062912
ACH-000917,126565,0,0.07966331392526627
ACH-000917,16725726,1,0.06465596705675125
ACH-000917,2314623,1,0.17591704428195953
ACH-000917,25257557,0,0.07825156301259995
ACH-000917,25262965,0,0.06739833950996399
ACH-000917,300471,0,0.1139674037694931
ACH-000917,42642645,0,0.06369718164205551
ACH-000917,44819241,0,0.06789599359035492
ACH-000917,46191454,0,0.08755690604448318
ACH-000917,46843772,0,0.054832056164741516
ACH-000917,46943432,0,0.058267150074243546
ACH-000917,5327091,0,0.043029360473155975
ACH-000917,5330286,0,0.10252808779478073
ACH-000917,53394750,0,0.05438464134931564
ACH-000917,5394,0,0.2293470799922943
ACH-000917,56965967,0,0.0597081296145916
ACH-000917,6253,0,0.2183312475681305
ACH-000917,8249,0,0.14289237558841705
ACH-000917,9863776,0,0.09712231904268265
ACH-000917,9910224,0,0.0874563679099083
ACH-000917,9911830,0,0.07694583386182785
ACH-000917,9931953,0,0.13976351916790009
ACH-000917,9943465,1,0.05287516862154007
ACH-000929,10027278,0,0.1110328808426857
ACH-000929,10077147,0,0.23998765647411346
ACH-000929,10096043,0,0.10807523876428604
ACH-000929,10200390,0,0.08935968577861786
ACH-000929,11178236,0,0.31862103939056396
ACH-000929,11404337,0,0.06413476169109344
ACH-000929,11667893,0,0.1000627875328064
ACH-000929,11707110,0,0.07535509765148163
ACH-000929,11977753,0,0.16431039571762085
ACH-000929,123631,1,0.14303401112556458
ACH-000929,126565,0,0.21379104256629944
ACH-000929,16725726,1,0.0967756062746048
ACH-000929,2314623,0,0.2707982063293457
ACH-000929,25222038,0,0.3043424189090729
ACH-000929,25257557,1,0.15495522320270538
ACH-000929,25262965,0,0.09470844268798828
ACH-000929,300471,0,0.29994189739227295
ACH-000929,4263900,0,0.11137596517801285
ACH-000929,42642645,0,0.14592933654785156
ACH-000929,44137675,0,0.1616021692752838
ACH-000929,44819241,0,0.1179528683423996
ACH-000929,46191454,0,0.15701830387115479
ACH-000929,46843772,0,0.04950976371765137
ACH-000929,46943432,0,0.0793888196349144
ACH-000929,5311497,0,0.0967605859041214
ACH-000929,5327091,0,0.13193722069263458
ACH-000929,5330286,0,0.14942769706249237
ACH-000929,53394750,1,0.11088281869888306
ACH-000929,5394,0,0.23452383279800415
ACH-000929,5460769,0,0.05677423253655434
ACH-000929,56965967,1,0.12828081846237183
ACH-000929,6253,0,0.13554538786411285
ACH-000929,8249,0,0.2907080054283142
ACH-000929,9863776,0,0.08838924020528793
ACH-000929,9910224,0,0.14385800063610077
ACH-000929,9911830,0,0.0982096716761589
ACH-000929,9931953,0,0.15569597482681274
ACH-000929,9943465,0,0.10064628720283508
ACH-000934,10027278,0,0.04809273034334183
ACH-000934,10077147,0,0.17504721879959106
ACH-000934,10096043,0,0.07634792476892471
ACH-000934,10200390,0,0.13660603761672974
ACH-000934,11178236,0,0.32545632123947144
ACH-000934,11404337,0,0.11520770192146301
ACH-000934,11667893,0,0.08455046266317368
ACH-000934,11707110,0,0.11434468626976013
ACH-000934,11977753,0,0.08955737203359604
ACH-000934,123631,0,0.05407363176345825
ACH-000934,126565,0,0.17738479375839233
ACH-000934,16725726,1,0.08071969449520111
ACH-000934,2314623,1,0.34721383452415466
ACH-000934,25222038,0,0.1247248724102974
ACH-000934,25257557,0,0.11274192482233047
ACH-000934,25262965,0,0.03732376918196678
ACH-000934,300471,0,0.4015636146068573
ACH-000934,4263900,0,0.08582247793674469
ACH-000934,42642645,0,0.07186970859766006
ACH-000934,44137675,0,0.12331943213939667
ACH-000934,44819241,0,0.0906137079000473
ACH-000934,46191454,0,0.13575243949890137
ACH-000934,46943432,0,0.07995373010635376
ACH-000934,5311497,0,0.0897338017821312
ACH-000934,5327091,0,0.09496862441301346
ACH-000934,5330286,0,0.12517406046390533
ACH-000934,53394750,0,0.09137383848428726
ACH-000934,5394,0,0.24551206827163696
ACH-000934,5460769,1,0.058076824992895126
ACH-000934,56965967,0,0.16830217838287354
ACH-000934,6253,0,0.20440667867660522
ACH-000934,8249,0,0.29439622163772583
ACH-000934,9863776,0,0.11993767321109772
ACH-000934,9910224,0,0.1752822995185852
ACH-000934,9911830,0,0.14295215904712677
ACH-000934,9931953,0,0.11509569734334946
ACH-000934,9943465,0,0.15353935956954956
ACH-000937,10027278,0,0.08512991666793823
ACH-000937,10077147,0,0.10166753083467484
ACH-000937,10096043,0,0.06835145503282547
ACH-000937,10200390,0,0.10105554759502411
ACH-000937,10390396,0,0.03617238998413086
ACH-000937,11178236,0,0.23733359575271606
ACH-000937,11404337,0,0.08845940977334976
ACH-000937,11667893,0,0.1075146421790123
ACH-000937,11707110,0,0.06291280686855316
ACH-000937,11977753,0,0.0904795229434967
ACH-000937,123631,0,0.06057298183441162
ACH-000937,126565,0,0.13079708814620972
ACH-000937,16663089,1,0.07796420156955719
ACH-000937,16725726,1,0.054692935198545456
ACH-000937,20635522,0,0.07318151742219925
ACH-000937,2314623,0,0.2582629323005676
ACH-000937,25222038,0,0.11173330992460251
ACH-000937,25257557,1,0.09238819032907486
ACH-000937,25262965,0,0.0534246563911438
ACH-000937,300471,0,0.27493852376937866
ACH-000937,4263900,0,0.06318893283605576
ACH-000937,42642645,0,0.06905420124530792
ACH-000937,44137675,0,0.09833362698554993
ACH-000937,44819241,0,0.10958722978830338
ACH-000937,46191454,0,0.13714857399463654
ACH-000937,46943432,1,0.07216452807188034
ACH-000937,5311497,0,0.08227361738681793
ACH-000937,5327091,0,0.07735703140497208
ACH-000937,5330286,0,0.0891752690076828
ACH-000937,53394750,1,0.06130378693342209
ACH-000937,5394,0,0.1651061773300171
ACH-000937,5460769,0,0.04254462197422981
ACH-000937,56965967,1,0.09493021667003632
ACH-000937,6253,0,0.13556887209415436
ACH-000937,7251185,0,0.11994162946939468
ACH-000937,8249,0,0.18319107592105865
ACH-000937,9549184,1,0.05416326969861984
ACH-000937,9863776,0,0.0651039332151413
ACH-000937,9910224,1,0.09728603065013885
ACH-000937,9911830,1,0.09180686622858047
ACH-000937,9931953,0,0.13233985006809235
ACH-000937,9943465,0,0.08549268543720245
ACH-000947,10077147,0,0.16493946313858032
ACH-000947,11178236,0,0.3411921262741089
ACH-000947,11667893,0,0.05702883005142212
ACH-000947,11707110,0,0.04313628375530243
ACH-000947,11977753,1,0.14477859437465668
ACH-000947,123631,0,0.1260806918144226
ACH-000947,126565,0,0.09963518381118774
ACH-000947,16725726,0,0.08752426505088806
ACH-000947,2314623,0,0.35691046714782715
ACH-000947,25257557,1,0.07429719716310501
ACH-000947,25262965,1,0.053830552846193314
ACH-000947,300471,0,0.30695509910583496
ACH-000947,42642645,0,0.10625214874744415
ACH-000947,44819241,0,0.07053562998771667
ACH-000947,46191454,0,0.08418475091457367
ACH-000947,46843772,0,0.05595334619283676
ACH-000947,46943432,0,0.04388383775949478
ACH-000947,5327091,0,0.07509908080101013
ACH-000947,5330286,0,0.08404405415058136
ACH-000947,53394750,0,0.08926479518413544
ACH-000947,5394,0,0.11993098258972168
ACH-000947,56965967,0,0.08359260112047195
ACH-000947,6253,1,0.17888665199279785
ACH-000947,8249,0,0.3367229998111725
ACH-000947,9863776,0,0.11380153894424438
ACH-000947,9910224,0,0.1374414712190628
ACH-000947,9911830,0,0.0665837824344635
ACH-000947,9931953,0,0.08519524335861206
ACH-000947,9943465,0,0.09221266955137253
ACH-000955,10077147,0,0.07269378751516342
ACH-000955,11178236,0,0.3125200569629669
ACH-000955,11667893,0,0.08189480751752853
ACH-000955,11707110,1,0.10534680634737015
ACH-000955,11977753,0,0.09316455572843552
ACH-000955,123631,0,0.05450472608208656
ACH-000955,126565,0,0.19227755069732666
ACH-000955,16725726,1,0.07022243738174438
ACH-000955,2314623,0,0.2752915322780609
ACH-000955,25257557,1,0.11526063084602356
ACH-000955,25262965,0,0.042834870517253876
ACH-000955,300471,0,0.4078591763973236
ACH-000955,42642645,0,0.07248808443546295
ACH-000955,44819241,0,0.12538406252861023
ACH-000955,46191454,0,0.1453968584537506
ACH-000955,46843772,0,0.07501202821731567
ACH-000955,46943432,1,0.05629347637295723
ACH-000955,5327091,0,0.1259542852640152
ACH-000955,5330286,0,0.1337842345237732
ACH-000955,53394750,0,0.0963842123746872
ACH-000955,5394,0,0.18243950605392456
ACH-000955,56965967,1,0.09021496772766113
ACH-000955,6253,0,0.13876567780971527
ACH-000955,8249,0,0.2733150124549866
ACH-000955,9863776,0,0.07944156229496002
ACH-000955,9910224,0,0.0826529935002327
ACH-000955,9911830,0,0.08643237501382828
ACH-000955,9931953,0,0.1631840616464615
ACH-000955,9943465,0,0.1300538182258606
ACH-000963,10027278,0,0.08330871164798737
ACH-000963,10077147,0,0.16075818240642548
ACH-000963,10096043,0,0.10922351479530334
ACH-000963,10200390,0,0.10343912988901138
ACH-000963,11178236,0,0.4172252416610718
ACH-000963,11404337,0,0.10962223261594772
ACH-000963,11667893,0,0.10911794751882553
ACH-000963,11707110,0,0.08732763677835464
ACH-000963,11977753,0,0.11203785985708237
ACH-000963,123631,1,0.12686246633529663
ACH-000963,126565,0,0.14021626114845276
ACH-000963,16725726,0,0.10327791422605515
ACH-000963,2314623,0,0.25347575545310974
ACH-000963,25222038,0,0.20915809273719788
ACH-000963,25257557,1,0.12374085187911987
ACH-000963,25262965,0,0.07772727310657501
ACH-000963,300471,0,0.2392551153898239
ACH-000963,4263900,0,0.09044387191534042
ACH-000963,42642645,0,0.10390155762434006
ACH-000963,44137675,0,0.1296524852514267
ACH-000963,44819241,0,0.12598899006843567
ACH-000963,46191454,0,0.13580384850502014
ACH-000963,46843772,0,0.07556396722793579
ACH-000963,46943432,1,0.08841806650161743
ACH-000963,5311497,0,0.1118076890707016
ACH-000963,5327091,0,0.10470014065504074
ACH-000963,5330286,0,0.09583105891942978
ACH-000963,53394750,0,0.08475311845541
ACH-000963,5394,0,0.2722805440425873
ACH-000963,5460769,0,0.05682545527815819
ACH-000963,56965967,0,0.0959661453962326
ACH-000963,6253,0,0.19620324671268463
ACH-000963,8249,1,0.2534734904766083
ACH-000963,9863776,0,0.10975570976734161
ACH-000963,9910224,0,0.09813793003559113
ACH-000963,9911830,0,0.13401177525520325
ACH-000963,9931953,0,0.09095001965761185
ACH-000963,9943465,0,0.09594880044460297
ACH-000965,10390396,0,0.0570530891418457
ACH-000965,11178236,0,0.28130823373794556
ACH-000965,11707110,1,0.06603562831878662
ACH-000965,11844351,1,0.1364637166261673
ACH-000965,123631,1,0.10456330329179764
ACH-000965,126565,1,0.16477620601654053
ACH-000965,16663089,0,0.06456650048494339
ACH-000965,16725726,0,0.07993703335523605
ACH-000965,20635522,0,0.09893698245286942
ACH-000965,25222038,0,0.08675393462181091
ACH-000965,25257557,1,0.10285712033510208
ACH-000965,300471,0,0.20724914968013763
ACH-000965,42642645,0,0.0735054537653923
ACH-000965,44137675,0,0.1747705042362213
ACH-000965,44819241,0,0.13239286839962006
ACH-000965,46191454,0,0.14589110016822815
ACH-000965,46843772,1,0.03902535140514374
ACH-000965,46943432,0,0.0703461542725563
ACH-000965,5311497,0,0.06891508400440216
ACH-000965,53394750,0,0.08862519264221191
ACH-000965,5394,0,0.16157619655132294
ACH-000965,56965967,0,0.05403377488255501
ACH-000965,6253,0,0.10764756798744202
ACH-000965,7251185,0,0.11321692913770676
ACH-000965,8249,0,0.17407213151454926
ACH-000965,9549184,1,0.051536187529563904
ACH-000965,9863776,0,0.10590727627277374
ACH-000965,9910224,0,0.06609021872282028
ACH-000965,9911830,0,0.09186334162950516
ACH-000965,9943465,0,0.12184838205575943
ACH-000969,10027278,0,0.29447439312934875
ACH-000969,10077147,0,0.25154078006744385
ACH-000969,10096043,0,0.16303394734859467
ACH-000969,10200390,0,0.12595988810062408
ACH-000969,10390396,1,0.14807206392288208
ACH-000969,11178236,0,0.5495961308479309
ACH-000969,11404337,0,0.10770898312330246
ACH-000969,11667893,0,0.1249488964676857
ACH-000969,11707110,0,0.11125265806913376
ACH-000969,11844351,0,0.11238452792167664
ACH-000969,11977753,0,0.2866559624671936
ACH-000969,123631,0,0.3295256793498993
ACH-000969,126565,1,0.19643963873386383
ACH-000969,16663089,0,0.27442729473114014
ACH-000969,16725726,1,0.25130608677864075
ACH-000969,20635522,1,0.12050359696149826
ACH-000969,2314623,0,0.3095328211784363
ACH-000969,25222038,1,0.2813445031642914
ACH-000969,25257557,1,0.17202262580394745
ACH-000969,25262965,0,0.2179313451051712
ACH-000969,300471,0,0.15710464119911194
ACH-000969,4263900,0,0.06874348223209381
ACH-000969,42642645,0,0.25257760286331177
ACH-000969,44137675,0,0.34298333525657654
ACH-000969,44819241,0,0.13095930218696594
ACH-000969,46191454,0,0.15407897531986237
ACH-000969,46843772,0,0.0695643499493599
ACH-000969,46943432,0,0.10772646218538284
ACH-000969,5311497,0,0.11894278228282928
ACH-000969,5327091,1,0.10373961180448532
ACH-000969,5330286,0,0.2038334608078003
ACH-000969,53394750,0,0.15282109379768372
ACH-000969,5394,0,0.25401321053504944
ACH-000969,5460769,0,0.12451690435409546
ACH-000969,56965967,0,0.13858895003795624
ACH-000969,6253,0,0.4085029363632202
ACH-000969,7251185,0,0.17709042131900787
ACH-000969,8249,0,0.362155944108963
ACH-000969,9549184,0,0.08719983696937561
ACH-000969,9863776,0,0.25178125500679016
ACH-000969,9910224,0,0.06875406205654144
ACH-000969,9911830,1,0.07810056209564209
ACH-000969,9931953,0,0.24260996282100677
ACH-000969,9943465,1,0.16709570586681366
ACH-000971,10027278,0,0.06945851445198059
ACH-000971,10077147,0,0.1994859278202057
ACH-000971,10096043,0,0.07150951772928238
ACH-000971,10200390,0,0.15915340185165405
ACH-000971,11178236,0,0.3882429301738739
ACH-000971,11404337,0,0.11972828209400177
ACH-000971,11667893,0,0.10230431705713272
ACH-000971,11707110,1,0.08046162128448486
ACH-000971,11977753,0,0.10267601907253265
ACH-000971,123631,0,0.08291075378656387
ACH-000971,126565,0,0.09529037773609161
ACH-000971,16725726,1,0.08295126259326935
ACH-000971,2314623,0,0.3503093421459198
ACH-000971,25222038,1,0.13187257945537567
ACH-000971,25257557,1,0.09434143453836441
ACH-000971,25262965,0,0.060210321098566055
ACH-000971,300471,0,0.2767358720302582
ACH-000971,4263900,0,0.0948575884103775
ACH-000971,42642645,0,0.07296409457921982
ACH-000971,44137675,0,0.12842994928359985
ACH-000971,46191454,1,0.1074117124080658
ACH-000971,46843772,0,0.07056307047605515
ACH-000971,46943432,0,0.08497219532728195
ACH-000971,5311497,1,0.0879485160112381
ACH-000971,5327091,0,0.08122019469738007
ACH-000971,5330286,0,0.10282258689403534
ACH-000971,53394750,1,0.06006913632154465
ACH-000971,5394,0,0.41928529739379883
ACH-000971,5460769,0,0.040874727070331573
ACH-000971,56965967,0,0.130468487739563
ACH-000971,6253,0,0.24019968509674072
ACH-000971,8249,0,0.30891740322113037
ACH-000971,9863776,1,0.10042799264192581
ACH-000971,9910224,0,0.12299226969480515
ACH-000971,9911830,0,0.12313606590032578
ACH-000971,9931953,1,0.07070005685091019
ACH-000971,9943465,0,0.12131662666797638
ACH-000976,10027278,0,0.13325254619121552
ACH-000976,10077147,0,0.20156961679458618
ACH-000976,10096043,0,0.11698590219020844
ACH-000976,10200390,0,0.1650380641222
ACH-000976,11178236,0,0.3813343048095703
ACH-000976,11404337,0,0.15607737004756927
ACH-000976,11667893,0,0.12289422005414963
ACH-000976,11707110,1,0.17269006371498108
ACH-000976,11977753,0,0.16445931792259216
ACH-000976,123631,0,0.08230814337730408
ACH-000976,126565,0,0.21921639144420624
ACH-000976,16725726,0,0.12994244694709778
ACH-000976,2314623,0,0.3501743674278259
ACH-000976,25222038,0,0.14218613505363464
ACH-000976,25257557,1,0.15434317290782928
ACH-000976,25262965,0,0.0943162590265274
ACH-000976,300471,0,0.2726733982563019
ACH-000976,4263900,0,0.10696007311344147
ACH-000976,42642645,0,0.10228242725133896
ACH-000976,44137675,0,0.22535589337348938
ACH-000976,44819241,0,0.17190781235694885
ACH-000976,46191454,0,0.15402258932590485
ACH-000976,46943432,0,0.12443506717681885
ACH-000976,5311497,0,0.10976967215538025
ACH-000976,5327091,0,0.12323456257581711
ACH-000976,5330286,0,0.16117088496685028
ACH-000976,53394750,1,0.09717507660388947
ACH-000976,5394,0,0.3303547501564026
ACH-000976,5460769,0,0.07026238739490509
ACH-000976,56965967,0,0.23808984458446503
ACH-000976,6253,0,0.22772887349128723
ACH-000976,8249,0,0.3089766502380371
ACH-000976,9863776,1,0.14133325219154358
ACH-000976,9910224,0,0.13644945621490479
ACH-000976,9911830,0,0.11225413531064987
ACH-000976,9931953,0,0.13136200606822968
ACH-000976,9943465,0,0.1672583371400833
ACH-000981,10027278,1,0.054143305867910385
ACH-000981,10077147,0,0.14916230738162994
ACH-000981,10096043,0,0.07037665694952011
ACH-000981,10200390,0,0.1965142786502838
ACH-000981,10390396,0,0.05282638221979141
ACH-000981,11178236,0,0.39956870675086975
ACH-000981,11404337,0,0.166107177734375
ACH-000981,11667893,0,0.14184752106666565
ACH-000981,11707110,1,0.11443410813808441
ACH-000981,11844351,0,0.2030312418937683
ACH-000981,11977753,0,0.10091093182563782
ACH-000981,123631,0,0.07669739425182343
ACH-000981,126565,0,0.13660290837287903
ACH-000981,16663089,0,0.14762189984321594
ACH-000981,16725726,1,0.07753020524978638
ACH-000981,20635522,0,0.07377573847770691
ACH-000981,2314623,0,0.37818992137908936
ACH-000981,25222038,0,0.0591016560792923
ACH-000981,25257557,1,0.11421488225460052
ACH-000981,25262965,0,0.059541936963796616
ACH-000981,300471,0,0.24681729078292847
ACH-000981,4263900,0,0.1367296278476715
ACH-000981,42642645,0,0.07144813984632492
ACH-000981,44137675,0,0.08978541940450668
ACH-000981,44819241,0,0.1475347876548767
ACH-000981,46191454,1,0.11764641106128693
ACH-000981,46843772,0,0.09432954341173172
ACH-000981,46943432,1,0.1191980168223381
ACH-000981,5311497,0,0.12946264445781708
ACH-000981,5327091,0,0.09698080271482468
ACH-000981,5330286,0,0.11571852117776871
ACH-000981,53394750,1,0.07704053819179535
ACH-000981,5394,0,0.10934563726186752
ACH-000981,5460769,1,0.06057135760784149
ACH-000981,56965967,0,0.12960213422775269
ACH-000981,6253,0,0.23142264783382416
ACH-000981,7251185,0,0.1143832579255104
ACH-000981,8249,0,0.16869543492794037
ACH-000981,9549184,0,0.11447883397340775
ACH-000981,9863776,0,0.15703590214252472
ACH-000981,9910224,1,0.19445061683654785
ACH-000981,9911830,1,0.153828963637352
ACH-000981,9931953,0,0.16603416204452515
ACH-000981,9943465,1,0.17844189703464508
ACH-000985,10027278,0,0.1999090015888214
ACH-000985,10077147,0,0.1343492865562439
ACH-000985,10096043,0,0.07183155417442322
ACH-000985,10200390,0,0.07852917909622192
ACH-000985,10390396,1,0.05115072429180145
ACH-000985,11178236,0,0.5484952926635742
ACH-000985,11404337,0,0.06192561239004135
ACH-000985,11667893,0,0.10461951047182083
ACH-000985,11707110,1,0.06529143452644348
ACH-000985,11844351,0,0.08005332201719284
ACH-000985,11977753,0,0.15583309531211853
ACH-000985,123631,0,0.20133565366268158
ACH-000985,126565,0,0.22473394870758057
ACH-000985,16663089,0,0.08704081922769547
ACH-000985,16725726,1,0.10810041427612305
ACH-000985,20635522,1,0.07761712372303009
ACH-000985,2314623,0,0.0991511344909668
ACH-000985,25222038,1,0.17945684492588043
ACH-000985,25257557,1,0.13899332284927368
ACH-000985,25262965,0,0.09869349747896194
ACH-000985,300471,0,0.08763230592012405
ACH-000985,4263900,0,0.04236569255590439
ACH-000985,42642645,0,0.12860865890979767
ACH-000985,44137675,0,0.14132419228553772
ACH-000985,44819241,0,0.10258553922176361
ACH-000985,46191454,0,0.1382579803466797
ACH-000985,46943432,1,0.06256797909736633
ACH-000985,5311497,0,0.055976033210754395
ACH-000985,5327091,0,0.06905322521924973
ACH-000985,5330286,0,0.1381019651889801
ACH-000985,53394750,1,0.12401974201202393
ACH-000985,5394,0,0.11424342542886734
ACH-000985,5460769,0,0.058546826243400574
ACH-000985,56965967,0,0.05871940404176712
ACH-000985,6253,0,0.23883624374866486
ACH-000985,7251185,0,0.08176438510417938
ACH-000985,8249,1,0.13856181502342224
ACH-000985,9549184,0,0.04957820102572441
ACH-000985,9863776,0,0.10929419100284576
ACH-000985,9910224,0,0.059769075363874435
ACH-000985,9911830,0,0.07369668036699295
ACH-000985,9931953,0,0.3338277339935303
ACH-000985,9943465,0,0.04894334822893143
ACH-000989,11178236,0,0.31563353538513184
ACH-000989,16725726,0,0.08081335574388504
ACH-000989,25257557,1,0.13104619085788727
ACH-000989,42642645,0,0.11452066898345947
ACH-000989,46191454,1,0.16978828608989716
ACH-000989,46943432,1,0.054592911154031754
ACH-000989,53394750,0,0.15713897347450256
ACH-000989,56965967,0,0.07503604143857956
ACH-000989,8249,0,0.2065051943063736
ACH-000989,9910224,0,0.07020781934261322
ACH-000989,9911830,0,0.10505853593349457
