Run directory: /content/drive/MyDrive/CDRP models testing/flexible model/outputs/flexible_7omics_ge_chrom_meth_tmp_pathway_20260316_183802
Device: cuda
Command: /content/drive/MyDrive/CDRP models testing/flexible model/main_flexible.py --epoch 200 --k_fold 5 --device auto --run_name flexible_7omics_ge_chrom_meth_tmp_pathway_20260316_183802 --omics genomics_mutation epigenomics_chromatin epigenomics_methylation transcriptomics_expression metabolomics_profile proteomics_reverse_phase pathway
Loading aligned data from final_dataset...
Loaded data: pairs=109446, cells=425, drugs=298
Selected omics: epigenomics_chromatin, epigenomics_methylation, genomics_mutation, metabolomics_profile, pathway, proteomics_reverse_phase, transcriptomics_expression

================================================================================
Fold 1/5
================================================================================
Epoch 001/200 | TrainLoss=0.7011 (Cls=0.7011, Cont=0.0000) | Val AUC=0.5562 AUPR=0.4612 F1=0.5807 ACC=0.4114
Epoch 002/200 | TrainLoss=0.6794 (Cls=0.6794, Cont=0.0000) | Val AUC=0.5808 AUPR=0.4805 F1=0.5812 ACC=0.4133
Epoch 003/200 | TrainLoss=0.6581 (Cls=0.6581, Cont=0.0000) | Val AUC=0.5879 AUPR=0.4832 F1=0.5822 ACC=0.4770
Epoch 004/200 | TrainLoss=0.6450 (Cls=0.6450, Cont=0.0000) | Val AUC=0.5957 AUPR=0.4908 F1=0.5878 ACC=0.4789
Epoch 005/200 | TrainLoss=0.6262 (Cls=0.6262, Cont=0.0000) | Val AUC=0.6012 AUPR=0.4965 F1=0.5890 ACC=0.4830
Epoch 006/200 | TrainLoss=0.6062 (Cls=0.6062, Cont=0.0000) | Val AUC=0.6067 AUPR=0.5047 F1=0.5890 ACC=0.4809
Epoch 007/200 | TrainLoss=0.5820 (Cls=0.5820, Cont=0.0000) | Val AUC=0.6059 AUPR=0.5048 F1=0.5881 ACC=0.4633
Epoch 008/200 | TrainLoss=0.5603 (Cls=0.5603, Cont=0.0000) | Val AUC=0.6076 AUPR=0.5154 F1=0.5863 ACC=0.4519
Epoch 009/200 | TrainLoss=0.5346 (Cls=0.5346, Cont=0.0000) | Val AUC=0.6121 AUPR=0.5191 F1=0.5869 ACC=0.4696
Epoch 010/200 | TrainLoss=0.5061 (Cls=0.5061, Cont=0.0000) | Val AUC=0.6191 AUPR=0.5206 F1=0.5910 ACC=0.4836
Epoch 011/200 | TrainLoss=0.5142 (Cls=0.4807, Cont=6.6953) | Val AUC=0.6217 AUPR=0.5160 F1=0.5947 ACC=0.5037
Epoch 012/200 | TrainLoss=0.4796 (Cls=0.4515, Cont=5.6228) | Val AUC=0.6254 AUPR=0.5199 F1=0.5965 ACC=0.4945
Epoch 013/200 | TrainLoss=0.4695 (Cls=0.4421, Cont=5.4722) | Val AUC=0.6249 AUPR=0.5177 F1=0.5955 ACC=0.5050
Epoch 014/200 | TrainLoss=0.4630 (Cls=0.4357, Cont=5.4450) | Val AUC=0.6287 AUPR=0.5280 F1=0.5965 ACC=0.5067
Epoch 015/200 | TrainLoss=0.4583 (Cls=0.4311, Cont=5.4294) | Val AUC=0.6325 AUPR=0.5319 F1=0.5975 ACC=0.5143
Epoch 016/200 | TrainLoss=0.4408 (Cls=0.4137, Cont=5.4173) | Val AUC=0.6358 AUPR=0.5344 F1=0.5970 ACC=0.4948
Epoch 017/200 | TrainLoss=0.4353 (Cls=0.4082, Cont=5.4157) | Val AUC=0.6392 AUPR=0.5380 F1=0.5981 ACC=0.5145
Epoch 018/200 | TrainLoss=0.4357 (Cls=0.4086, Cont=5.4124) | Val AUC=0.6445 AUPR=0.5427 F1=0.5990 ACC=0.5065
Epoch 019/200 | TrainLoss=0.4390 (Cls=0.4120, Cont=5.4081) | Val AUC=0.6588 AUPR=0.5539 F1=0.6085 ACC=0.5608
Epoch 020/200 | TrainLoss=0.4339 (Cls=0.4069, Cont=5.4021) | Val AUC=0.6682 AUPR=0.5610 F1=0.6126 ACC=0.5751
Epoch 021/200 | TrainLoss=0.4289 (Cls=0.4020, Cont=5.3935) | Val AUC=0.6693 AUPR=0.5639 F1=0.6103 ACC=0.5894
Epoch 022/200 | TrainLoss=0.4262 (Cls=0.3993, Cont=5.3950) | Val AUC=0.6752 AUPR=0.5714 F1=0.6131 ACC=0.5644
Epoch 023/200 | TrainLoss=0.4274 (Cls=0.4005, Cont=5.3885) | Val AUC=0.7050 AUPR=0.6071 F1=0.6291 ACC=0.5925
Epoch 024/200 | TrainLoss=0.4261 (Cls=0.3992, Cont=5.3799) | Val AUC=0.7254 AUPR=0.6290 F1=0.6430 ACC=0.6510
Epoch 025/200 | TrainLoss=0.4197 (Cls=0.3928, Cont=5.3827) | Val AUC=0.7386 AUPR=0.6422 F1=0.6530 ACC=0.6406
Epoch 026/200 | TrainLoss=0.4144 (Cls=0.3876, Cont=5.3689) | Val AUC=0.7493 AUPR=0.6563 F1=0.6599 ACC=0.6838
Epoch 027/200 | TrainLoss=0.4153 (Cls=0.3884, Cont=5.3670) | Val AUC=0.7617 AUPR=0.6722 F1=0.6681 ACC=0.6825
Epoch 028/200 | TrainLoss=0.4166 (Cls=0.3897, Cont=5.3747) | Val AUC=0.7736 AUPR=0.6837 F1=0.6768 ACC=0.7018
Epoch 029/200 | TrainLoss=0.4103 (Cls=0.3835, Cont=5.3503) | Val AUC=0.7871 AUPR=0.7038 F1=0.6837 ACC=0.7043
Epoch 030/200 | TrainLoss=0.4141 (Cls=0.3873, Cont=5.3578) | Val AUC=0.8006 AUPR=0.7274 F1=0.6946 ACC=0.7133
Epoch 031/200 | TrainLoss=0.4110 (Cls=0.3841, Cont=5.3799) | Val AUC=0.8143 AUPR=0.7505 F1=0.7026 ACC=0.7399
Epoch 032/200 | TrainLoss=0.4114 (Cls=0.3847, Cont=5.3552) | Val AUC=0.8249 AUPR=0.7596 F1=0.7126 ACC=0.7371
Epoch 033/200 | TrainLoss=0.4051 (Cls=0.3783, Cont=5.3598) | Val AUC=0.8354 AUPR=0.7708 F1=0.7217 ACC=0.7426
Epoch 034/200 | TrainLoss=0.4053 (Cls=0.3786, Cont=5.3479) | Val AUC=0.8494 AUPR=0.7899 F1=0.7350 ACC=0.7650
Epoch 035/200 | TrainLoss=0.4057 (Cls=0.3789, Cont=5.3526) | Val AUC=0.8652 AUPR=0.8120 F1=0.7488 ACC=0.7722
Epoch 036/200 | TrainLoss=0.4053 (Cls=0.3786, Cont=5.3520) | Val AUC=0.8795 AUPR=0.8328 F1=0.7647 ACC=0.7895
Epoch 037/200 | TrainLoss=0.4053 (Cls=0.3785, Cont=5.3517) | Val AUC=0.8872 AUPR=0.8424 F1=0.7726 ACC=0.7993
Epoch 038/200 | TrainLoss=0.4004 (Cls=0.3736, Cont=5.3568) | Val AUC=0.8932 AUPR=0.8493 F1=0.7814 ACC=0.8051
Epoch 039/200 | TrainLoss=0.4002 (Cls=0.3734, Cont=5.3462) | Val AUC=0.8962 AUPR=0.8506 F1=0.7843 ACC=0.8100
Epoch 040/200 | TrainLoss=0.3999 (Cls=0.3732, Cont=5.3508) | Val AUC=0.8957 AUPR=0.8499 F1=0.7826 ACC=0.8024
Epoch 041/200 | TrainLoss=0.3994 (Cls=0.3726, Cont=5.3555) | Val AUC=0.8996 AUPR=0.8576 F1=0.7868 ACC=0.8063
Epoch 042/200 | TrainLoss=0.3990 (Cls=0.3723, Cont=5.3424) | Val AUC=0.9036 AUPR=0.8653 F1=0.7939 ACC=0.8174
Epoch 043/200 | TrainLoss=0.3993 (Cls=0.3725, Cont=5.3580) | Val AUC=0.9078 AUPR=0.8715 F1=0.7983 ACC=0.8207
Epoch 044/200 | TrainLoss=0.3965 (Cls=0.3698, Cont=5.3481) | Val AUC=0.9103 AUPR=0.8750 F1=0.7993 ACC=0.8222
Epoch 045/200 | TrainLoss=0.3979 (Cls=0.3712, Cont=5.3469) | Val AUC=0.9102 AUPR=0.8751 F1=0.7992 ACC=0.8205
Epoch 046/200 | TrainLoss=0.3971 (Cls=0.3703, Cont=5.3525) | Val AUC=0.9143 AUPR=0.8805 F1=0.8041 ACC=0.8268
Epoch 047/200 | TrainLoss=0.3921 (Cls=0.3654, Cont=5.3380) | Val AUC=0.9154 AUPR=0.8820 F1=0.8046 ACC=0.8292
Epoch 048/200 | TrainLoss=0.3951 (Cls=0.3684, Cont=5.3443) | Val AUC=0.9161 AUPR=0.8826 F1=0.8066 ACC=0.8333
Epoch 049/200 | TrainLoss=0.3921 (Cls=0.3652, Cont=5.3656) | Val AUC=0.9157 AUPR=0.8813 F1=0.8058 ACC=0.8331
Epoch 050/200 | TrainLoss=0.3899 (Cls=0.3631, Cont=5.3580) | Val AUC=0.9151 AUPR=0.8804 F1=0.8059 ACC=0.8285
Epoch 051/200 | TrainLoss=0.3911 (Cls=0.3643, Cont=5.3489) | Val AUC=0.9153 AUPR=0.8811 F1=0.8051 ACC=0.8281
Epoch 052/200 | TrainLoss=0.3900 (Cls=0.3632, Cont=5.3514) | Val AUC=0.9164 AUPR=0.8834 F1=0.8070 ACC=0.8335
Epoch 053/200 | TrainLoss=0.3908 (Cls=0.3641, Cont=5.3444) | Val AUC=0.9156 AUPR=0.8826 F1=0.8049 ACC=0.8307
Epoch 054/200 | TrainLoss=0.3885 (Cls=0.3617, Cont=5.3488) | Val AUC=0.9148 AUPR=0.8816 F1=0.8054 ACC=0.8313
Epoch 055/200 | TrainLoss=0.3894 (Cls=0.3627, Cont=5.3401) | Val AUC=0.9146 AUPR=0.8811 F1=0.8045 ACC=0.8325
Epoch 056/200 | TrainLoss=0.3886 (Cls=0.3618, Cont=5.3627) | Val AUC=0.9145 AUPR=0.8805 F1=0.8052 ACC=0.8301
Epoch 057/200 | TrainLoss=0.3869 (Cls=0.3602, Cont=5.3453) | Val AUC=0.9151 AUPR=0.8813 F1=0.8053 ACC=0.8295
Epoch 058/200 | TrainLoss=0.3864 (Cls=0.3597, Cont=5.3452) | Val AUC=0.9160 AUPR=0.8832 F1=0.8043 ACC=0.8344
Epoch 059/200 | TrainLoss=0.3866 (Cls=0.3599, Cont=5.3299) | Val AUC=0.9167 AUPR=0.8845 F1=0.8046 ACC=0.8308
Epoch 060/200 | TrainLoss=0.3858 (Cls=0.3590, Cont=5.3435) | Val AUC=0.9165 AUPR=0.8842 F1=0.8068 ACC=0.8366
Epoch 061/200 | TrainLoss=0.3852 (Cls=0.3584, Cont=5.3583) | Val AUC=0.9162 AUPR=0.8834 F1=0.8077 ACC=0.8360
Epoch 062/200 | TrainLoss=0.3856 (Cls=0.3589, Cont=5.3435) | Val AUC=0.9162 AUPR=0.8833 F1=0.8075 ACC=0.8354
Epoch 063/200 | TrainLoss=0.3854 (Cls=0.3587, Cont=5.3498) | Val AUC=0.9158 AUPR=0.8830 F1=0.8070 ACC=0.8348
Epoch 064/200 | TrainLoss=0.3870 (Cls=0.3602, Cont=5.3497) | Val AUC=0.9157 AUPR=0.8828 F1=0.8055 ACC=0.8327
Epoch 065/200 | TrainLoss=0.3844 (Cls=0.3577, Cont=5.3464) | Val AUC=0.9160 AUPR=0.8832 F1=0.8053 ACC=0.8333
Epoch 066/200 | TrainLoss=0.3851 (Cls=0.3585, Cont=5.3278) | Val AUC=0.9172 AUPR=0.8846 F1=0.8062 ACC=0.8355
Epoch 067/200 | TrainLoss=0.3823 (Cls=0.3557, Cont=5.3361) | Val AUC=0.9176 AUPR=0.8854 F1=0.8068 ACC=0.8372
Epoch 068/200 | TrainLoss=0.3851 (Cls=0.3583, Cont=5.3520) | Val AUC=0.9173 AUPR=0.8853 F1=0.8070 ACC=0.8317
Epoch 069/200 | TrainLoss=0.3820 (Cls=0.3553, Cont=5.3434) | Val AUC=0.9168 AUPR=0.8849 F1=0.8072 ACC=0.8348
Epoch 070/200 | TrainLoss=0.3830 (Cls=0.3563, Cont=5.3463) | Val AUC=0.9167 AUPR=0.8848 F1=0.8079 ACC=0.8367
Epoch 071/200 | TrainLoss=0.3812 (Cls=0.3544, Cont=5.3502) | Val AUC=0.9167 AUPR=0.8847 F1=0.8072 ACC=0.8338
Epoch 072/200 | TrainLoss=0.3825 (Cls=0.3558, Cont=5.3456) | Val AUC=0.9168 AUPR=0.8847 F1=0.8070 ACC=0.8318
Epoch 073/200 | TrainLoss=0.3822 (Cls=0.3554, Cont=5.3413) | Val AUC=0.9171 AUPR=0.8845 F1=0.8091 ACC=0.8382
Epoch 074/200 | TrainLoss=0.3809 (Cls=0.3541, Cont=5.3502) | Val AUC=0.9173 AUPR=0.8846 F1=0.8104 ACC=0.8354
Epoch 075/200 | TrainLoss=0.3817 (Cls=0.3549, Cont=5.3490) | Val AUC=0.9177 AUPR=0.8852 F1=0.8112 ACC=0.8373
Epoch 076/200 | TrainLoss=0.3809 (Cls=0.3542, Cont=5.3409) | Val AUC=0.9182 AUPR=0.8861 F1=0.8102 ACC=0.8368
Epoch 077/200 | TrainLoss=0.3798 (Cls=0.3531, Cont=5.3403) | Val AUC=0.9184 AUPR=0.8864 F1=0.8094 ACC=0.8357
Epoch 078/200 | TrainLoss=0.3794 (Cls=0.3527, Cont=5.3430) | Val AUC=0.9185 AUPR=0.8865 F1=0.8090 ACC=0.8332
Epoch 079/200 | TrainLoss=0.3791 (Cls=0.3524, Cont=5.3334) | Val AUC=0.9184 AUPR=0.8864 F1=0.8107 ACC=0.8345
Epoch 080/200 | TrainLoss=0.3810 (Cls=0.3543, Cont=5.3415) | Val AUC=0.9186 AUPR=0.8870 F1=0.8097 ACC=0.8358
Epoch 081/200 | TrainLoss=0.3784 (Cls=0.3517, Cont=5.3341) | Val AUC=0.9183 AUPR=0.8867 F1=0.8112 ACC=0.8416
Epoch 082/200 | TrainLoss=0.3789 (Cls=0.3522, Cont=5.3387) | Val AUC=0.9183 AUPR=0.8866 F1=0.8101 ACC=0.8413
Epoch 083/200 | TrainLoss=0.3789 (Cls=0.3522, Cont=5.3456) | Val AUC=0.9184 AUPR=0.8866 F1=0.8099 ACC=0.8386
Epoch 084/200 | TrainLoss=0.3790 (Cls=0.3523, Cont=5.3374) | Val AUC=0.9182 AUPR=0.8858 F1=0.8111 ACC=0.8417
Epoch 085/200 | TrainLoss=0.3764 (Cls=0.3497, Cont=5.3404) | Val AUC=0.9180 AUPR=0.8853 F1=0.8113 ACC=0.8418
Epoch 086/200 | TrainLoss=0.3774 (Cls=0.3506, Cont=5.3496) | Val AUC=0.9182 AUPR=0.8858 F1=0.8103 ACC=0.8378
Epoch 087/200 | TrainLoss=0.3763 (Cls=0.3496, Cont=5.3421) | Val AUC=0.9185 AUPR=0.8867 F1=0.8103 ACC=0.8416
Epoch 088/200 | TrainLoss=0.3777 (Cls=0.3510, Cont=5.3417) | Val AUC=0.9187 AUPR=0.8874 F1=0.8100 ACC=0.8431
Epoch 089/200 | TrainLoss=0.3768 (Cls=0.3502, Cont=5.3310) | Val AUC=0.9189 AUPR=0.8878 F1=0.8101 ACC=0.8420
Epoch 090/200 | TrainLoss=0.3765 (Cls=0.3498, Cont=5.3469) | Val AUC=0.9192 AUPR=0.8879 F1=0.8111 ACC=0.8421
Epoch 091/200 | TrainLoss=0.3763 (Cls=0.3496, Cont=5.3349) | Val AUC=0.9195 AUPR=0.8883 F1=0.8115 ACC=0.8424
Epoch 092/200 | TrainLoss=0.3760 (Cls=0.3493, Cont=5.3227) | Val AUC=0.9199 AUPR=0.8893 F1=0.8101 ACC=0.8420
Epoch 093/200 | TrainLoss=0.3759 (Cls=0.3492, Cont=5.3408) | Val AUC=0.9200 AUPR=0.8896 F1=0.8100 ACC=0.8425
Epoch 094/200 | TrainLoss=0.3745 (Cls=0.3478, Cont=5.3412) | Val AUC=0.9200 AUPR=0.8896 F1=0.8107 ACC=0.8417
Epoch 095/200 | TrainLoss=0.3744 (Cls=0.3476, Cont=5.3445) | Val AUC=0.9200 AUPR=0.8894 F1=0.8109 ACC=0.8403
Epoch 096/200 | TrainLoss=0.3747 (Cls=0.3480, Cont=5.3465) | Val AUC=0.9198 AUPR=0.8889 F1=0.8119 ACC=0.8381
Epoch 097/200 | TrainLoss=0.3754 (Cls=0.3487, Cont=5.3429) | Val AUC=0.9193 AUPR=0.8881 F1=0.8102 ACC=0.8374
Epoch 098/200 | TrainLoss=0.3742 (Cls=0.3475, Cont=5.3342) | Val AUC=0.9195 AUPR=0.8883 F1=0.8103 ACC=0.8373
Epoch 099/200 | TrainLoss=0.3737 (Cls=0.3470, Cont=5.3461) | Val AUC=0.9200 AUPR=0.8891 F1=0.8116 ACC=0.8397
Epoch 100/200 | TrainLoss=0.3744 (Cls=0.3477, Cont=5.3354) | Val AUC=0.9206 AUPR=0.8900 F1=0.8129 ACC=0.8395
Epoch 101/200 | TrainLoss=0.3733 (Cls=0.3466, Cont=5.3509) | Val AUC=0.9206 AUPR=0.8898 F1=0.8135 ACC=0.8420
Epoch 102/200 | TrainLoss=0.3722 (Cls=0.3455, Cont=5.3404) | Val AUC=0.9203 AUPR=0.8890 F1=0.8130 ACC=0.8424
Epoch 103/200 | TrainLoss=0.3719 (Cls=0.3452, Cont=5.3410) | Val AUC=0.9203 AUPR=0.8889 F1=0.8133 ACC=0.8432
Epoch 104/200 | TrainLoss=0.3727 (Cls=0.3460, Cont=5.3421) | Val AUC=0.9207 AUPR=0.8895 F1=0.8137 ACC=0.8427
Epoch 105/200 | TrainLoss=0.3722 (Cls=0.3455, Cont=5.3408) | Val AUC=0.9209 AUPR=0.8897 F1=0.8134 ACC=0.8385
Epoch 106/200 | TrainLoss=0.3721 (Cls=0.3454, Cont=5.3403) | Val AUC=0.9207 AUPR=0.8896 F1=0.8119 ACC=0.8383
Epoch 107/200 | TrainLoss=0.3709 (Cls=0.3442, Cont=5.3403) | Val AUC=0.9205 AUPR=0.8901 F1=0.8140 ACC=0.8382
Epoch 108/200 | TrainLoss=0.3699 (Cls=0.3432, Cont=5.3368) | Val AUC=0.9204 AUPR=0.8902 F1=0.8121 ACC=0.8416
Epoch 109/200 | TrainLoss=0.3702 (Cls=0.3435, Cont=5.3399) | Val AUC=0.9210 AUPR=0.8906 F1=0.8125 ACC=0.8362
Epoch 110/200 | TrainLoss=0.3693 (Cls=0.3426, Cont=5.3444) | Val AUC=0.9216 AUPR=0.8911 F1=0.8137 ACC=0.8439
Epoch 111/200 | TrainLoss=0.3687 (Cls=0.3420, Cont=5.3362) | Val AUC=0.9222 AUPR=0.8917 F1=0.8139 ACC=0.8372
Epoch 112/200 | TrainLoss=0.3693 (Cls=0.3426, Cont=5.3371) | Val AUC=0.9224 AUPR=0.8919 F1=0.8148 ACC=0.8423
Epoch 113/200 | TrainLoss=0.3685 (Cls=0.3418, Cont=5.3363) | Val AUC=0.9220 AUPR=0.8915 F1=0.8118 ACC=0.8417
Epoch 114/200 | TrainLoss=0.3691 (Cls=0.3424, Cont=5.3408) | Val AUC=0.9223 AUPR=0.8924 F1=0.8114 ACC=0.8412
Epoch 115/200 | TrainLoss=0.3694 (Cls=0.3428, Cont=5.3218) | Val AUC=0.9228 AUPR=0.8928 F1=0.8131 ACC=0.8409
Epoch 116/200 | TrainLoss=0.3666 (Cls=0.3400, Cont=5.3316) | Val AUC=0.9234 AUPR=0.8935 F1=0.8151 ACC=0.8416
Epoch 117/200 | TrainLoss=0.3659 (Cls=0.3392, Cont=5.3448) | Val AUC=0.9238 AUPR=0.8945 F1=0.8167 ACC=0.8440
Epoch 118/200 | TrainLoss=0.3661 (Cls=0.3394, Cont=5.3289) | Val AUC=0.9237 AUPR=0.8945 F1=0.8167 ACC=0.8433
Epoch 119/200 | TrainLoss=0.3649 (Cls=0.3383, Cont=5.3199) | Val AUC=0.9237 AUPR=0.8947 F1=0.8170 ACC=0.8405
Epoch 120/200 | TrainLoss=0.3656 (Cls=0.3390, Cont=5.3285) | Val AUC=0.9238 AUPR=0.8944 F1=0.8157 ACC=0.8411
Epoch 121/200 | TrainLoss=0.3651 (Cls=0.3385, Cont=5.3281) | Val AUC=0.9243 AUPR=0.8950 F1=0.8178 ACC=0.8416
Epoch 122/200 | TrainLoss=0.3641 (Cls=0.3374, Cont=5.3306) | Val AUC=0.9248 AUPR=0.8956 F1=0.8184 ACC=0.8442
Epoch 123/200 | TrainLoss=0.3635 (Cls=0.3368, Cont=5.3381) | Val AUC=0.9250 AUPR=0.8959 F1=0.8186 ACC=0.8421
Epoch 124/200 | TrainLoss=0.3634 (Cls=0.3368, Cont=5.3199) | Val AUC=0.9251 AUPR=0.8963 F1=0.8173 ACC=0.8413
Epoch 125/200 | TrainLoss=0.3615 (Cls=0.3348, Cont=5.3264) | Val AUC=0.9255 AUPR=0.8968 F1=0.8198 ACC=0.8459
Epoch 126/200 | TrainLoss=0.3629 (Cls=0.3362, Cont=5.3306) | Val AUC=0.9253 AUPR=0.8961 F1=0.8206 ACC=0.8452
Epoch 127/200 | TrainLoss=0.3615 (Cls=0.3349, Cont=5.3225) | Val AUC=0.9248 AUPR=0.8949 F1=0.8190 ACC=0.8425
Epoch 128/200 | TrainLoss=0.3614 (Cls=0.3347, Cont=5.3355) | Val AUC=0.9252 AUPR=0.8953 F1=0.8205 ACC=0.8470
Epoch 129/200 | TrainLoss=0.3600 (Cls=0.3334, Cont=5.3294) | Val AUC=0.9256 AUPR=0.8962 F1=0.8224 ACC=0.8490
Epoch 130/200 | TrainLoss=0.3597 (Cls=0.3331, Cont=5.3228) | Val AUC=0.9251 AUPR=0.8960 F1=0.8210 ACC=0.8477
Epoch 131/200 | TrainLoss=0.3612 (Cls=0.3345, Cont=5.3375) | Val AUC=0.9246 AUPR=0.8958 F1=0.8180 ACC=0.8407
Epoch 132/200 | TrainLoss=0.3597 (Cls=0.3331, Cont=5.3201) | Val AUC=0.9251 AUPR=0.8964 F1=0.8200 ACC=0.8469
Epoch 133/200 | TrainLoss=0.3598 (Cls=0.3332, Cont=5.3375) | Val AUC=0.9246 AUPR=0.8956 F1=0.8184 ACC=0.8422
Epoch 134/200 | TrainLoss=0.3588 (Cls=0.3322, Cont=5.3119) | Val AUC=0.9247 AUPR=0.8958 F1=0.8164 ACC=0.8427
Epoch 135/200 | TrainLoss=0.3580 (Cls=0.3314, Cont=5.3149) | Val AUC=0.9249 AUPR=0.8962 F1=0.8174 ACC=0.8457
Epoch 136/200 | TrainLoss=0.3580 (Cls=0.3313, Cont=5.3373) | Val AUC=0.9250 AUPR=0.8964 F1=0.8176 ACC=0.8451
Epoch 137/200 | TrainLoss=0.3570 (Cls=0.3303, Cont=5.3394) | Val AUC=0.9249 AUPR=0.8963 F1=0.8182 ACC=0.8446
Epoch 138/200 | TrainLoss=0.3587 (Cls=0.3321, Cont=5.3211) | Val AUC=0.9249 AUPR=0.8966 F1=0.8196 ACC=0.8433
Epoch 139/200 | TrainLoss=0.3573 (Cls=0.3308, Cont=5.3123) | Val AUC=0.9256 AUPR=0.8979 F1=0.8207 ACC=0.8462
Epoch 140/200 | TrainLoss=0.3574 (Cls=0.3308, Cont=5.3268) | Val AUC=0.9255 AUPR=0.8978 F1=0.8196 ACC=0.8461
Epoch 141/200 | TrainLoss=0.3559 (Cls=0.3293, Cont=5.3232) | Val AUC=0.9255 AUPR=0.8977 F1=0.8199 ACC=0.8462
Epoch 142/200 | TrainLoss=0.3559 (Cls=0.3293, Cont=5.3345) | Val AUC=0.9259 AUPR=0.8983 F1=0.8197 ACC=0.8464
Epoch 143/200 | TrainLoss=0.3562 (Cls=0.3296, Cont=5.3264) | Val AUC=0.9265 AUPR=0.8994 F1=0.8213 ACC=0.8476
Epoch 144/200 | TrainLoss=0.3556 (Cls=0.3290, Cont=5.3233) | Val AUC=0.9266 AUPR=0.8994 F1=0.8207 ACC=0.8490
Epoch 145/200 | TrainLoss=0.3563 (Cls=0.3296, Cont=5.3341) | Val AUC=0.9258 AUPR=0.8981 F1=0.8199 ACC=0.8479
Epoch 146/200 | TrainLoss=0.3558 (Cls=0.3292, Cont=5.3147) | Val AUC=0.9262 AUPR=0.8982 F1=0.8213 ACC=0.8470
Epoch 147/200 | TrainLoss=0.3564 (Cls=0.3298, Cont=5.3138) | Val AUC=0.9267 AUPR=0.8991 F1=0.8206 ACC=0.8466
Epoch 148/200 | TrainLoss=0.3553 (Cls=0.3287, Cont=5.3271) | Val AUC=0.9267 AUPR=0.8994 F1=0.8191 ACC=0.8447
Epoch 149/200 | TrainLoss=0.3556 (Cls=0.3290, Cont=5.3203) | Val AUC=0.9270 AUPR=0.9003 F1=0.8198 ACC=0.8445
Epoch 150/200 | TrainLoss=0.3551 (Cls=0.3285, Cont=5.3219) | Val AUC=0.9273 AUPR=0.9005 F1=0.8219 ACC=0.8482
Epoch 151/200 | TrainLoss=0.3537 (Cls=0.3270, Cont=5.3282) | Val AUC=0.9269 AUPR=0.8995 F1=0.8204 ACC=0.8455
Epoch 152/200 | TrainLoss=0.3561 (Cls=0.3295, Cont=5.3325) | Val AUC=0.9267 AUPR=0.8991 F1=0.8193 ACC=0.8447
Epoch 153/200 | TrainLoss=0.3545 (Cls=0.3278, Cont=5.3361) | Val AUC=0.9270 AUPR=0.8993 F1=0.8190 ACC=0.8422
Epoch 154/200 | TrainLoss=0.3536 (Cls=0.3270, Cont=5.3120) | Val AUC=0.9279 AUPR=0.9008 F1=0.8217 ACC=0.8484
Epoch 155/200 | TrainLoss=0.3530 (Cls=0.3264, Cont=5.3187) | Val AUC=0.9279 AUPR=0.9014 F1=0.8226 ACC=0.8492
Epoch 156/200 | TrainLoss=0.3536 (Cls=0.3269, Cont=5.3441) | Val AUC=0.9281 AUPR=0.9017 F1=0.8220 ACC=0.8490
Epoch 157/200 | TrainLoss=0.3525 (Cls=0.3258, Cont=5.3426) | Val AUC=0.9281 AUPR=0.9015 F1=0.8228 ACC=0.8476
Epoch 158/200 | TrainLoss=0.3541 (Cls=0.3275, Cont=5.3245) | Val AUC=0.9280 AUPR=0.9014 F1=0.8241 ACC=0.8490
Epoch 159/200 | TrainLoss=0.3524 (Cls=0.3257, Cont=5.3343) | Val AUC=0.9284 AUPR=0.9018 F1=0.8235 ACC=0.8474
Epoch 160/200 | TrainLoss=0.3532 (Cls=0.3267, Cont=5.2950) | Val AUC=0.9284 AUPR=0.9021 F1=0.8234 ACC=0.8508
Epoch 161/200 | TrainLoss=0.3528 (Cls=0.3262, Cont=5.3231) | Val AUC=0.9279 AUPR=0.9016 F1=0.8214 ACC=0.8499
Epoch 162/200 | TrainLoss=0.3530 (Cls=0.3263, Cont=5.3427) | Val AUC=0.9275 AUPR=0.9011 F1=0.8209 ACC=0.8480
Epoch 163/200 | TrainLoss=0.3511 (Cls=0.3245, Cont=5.3238) | Val AUC=0.9281 AUPR=0.9017 F1=0.8222 ACC=0.8501
Epoch 164/200 | TrainLoss=0.3534 (Cls=0.3267, Cont=5.3251) | Val AUC=0.9283 AUPR=0.9018 F1=0.8247 ACC=0.8503
Epoch 165/200 | TrainLoss=0.3517 (Cls=0.3252, Cont=5.3054) | Val AUC=0.9282 AUPR=0.9017 F1=0.8244 ACC=0.8501
Epoch 166/200 | TrainLoss=0.3517 (Cls=0.3250, Cont=5.3313) | Val AUC=0.9281 AUPR=0.9016 F1=0.8213 ACC=0.8496
Epoch 167/200 | TrainLoss=0.3514 (Cls=0.3247, Cont=5.3286) | Val AUC=0.9277 AUPR=0.9009 F1=0.8201 ACC=0.8451
Epoch 168/200 | TrainLoss=0.3528 (Cls=0.3263, Cont=5.3088) | Val AUC=0.9279 AUPR=0.9013 F1=0.8202 ACC=0.8452
Epoch 169/200 | TrainLoss=0.3500 (Cls=0.3234, Cont=5.3249) | Val AUC=0.9278 AUPR=0.9012 F1=0.8209 ACC=0.8454
Epoch 170/200 | TrainLoss=0.3505 (Cls=0.3238, Cont=5.3236) | Val AUC=0.9278 AUPR=0.9012 F1=0.8218 ACC=0.8485
Epoch 171/200 | TrainLoss=0.3507 (Cls=0.3242, Cont=5.3106) | Val AUC=0.9276 AUPR=0.9009 F1=0.8227 ACC=0.8491
Epoch 172/200 | TrainLoss=0.3511 (Cls=0.3245, Cont=5.3193) | Val AUC=0.9275 AUPR=0.9006 F1=0.8217 ACC=0.8486
Epoch 173/200 | TrainLoss=0.3502 (Cls=0.3235, Cont=5.3322) | Val AUC=0.9279 AUPR=0.9011 F1=0.8218 ACC=0.8473
Epoch 174/200 | TrainLoss=0.3505 (Cls=0.3239, Cont=5.3280) | Val AUC=0.9275 AUPR=0.9005 F1=0.8213 ACC=0.8465
Epoch 175/200 | TrainLoss=0.3486 (Cls=0.3220, Cont=5.3160) | Val AUC=0.9274 AUPR=0.9007 F1=0.8214 ACC=0.8479
Epoch 176/200 | TrainLoss=0.3500 (Cls=0.3235, Cont=5.3063) | Val AUC=0.9284 AUPR=0.9024 F1=0.8234 ACC=0.8502
Epoch 177/200 | TrainLoss=0.3504 (Cls=0.3238, Cont=5.3236) | Val AUC=0.9284 AUPR=0.9025 F1=0.8230 ACC=0.8498
Epoch 178/200 | TrainLoss=0.3492 (Cls=0.3225, Cont=5.3384) | Val AUC=0.9284 AUPR=0.9025 F1=0.8221 ACC=0.8480
Epoch 179/200 | TrainLoss=0.3506 (Cls=0.3240, Cont=5.3073) | Val AUC=0.9290 AUPR=0.9030 F1=0.8249 ACC=0.8500
Epoch 180/200 | TrainLoss=0.3496 (Cls=0.3230, Cont=5.3163) | Val AUC=0.9290 AUPR=0.9024 F1=0.8240 ACC=0.8504
Epoch 181/200 | TrainLoss=0.3489 (Cls=0.3223, Cont=5.3092) | Val AUC=0.9286 AUPR=0.9017 F1=0.8243 ACC=0.8500
Epoch 182/200 | TrainLoss=0.3489 (Cls=0.3224, Cont=5.2980) | Val AUC=0.9284 AUPR=0.9019 F1=0.8222 ACC=0.8503
Epoch 183/200 | TrainLoss=0.3484 (Cls=0.3218, Cont=5.3190) | Val AUC=0.9281 AUPR=0.9018 F1=0.8215 ACC=0.8458
Epoch 184/200 | TrainLoss=0.3489 (Cls=0.3223, Cont=5.3152) | Val AUC=0.9281 AUPR=0.9018 F1=0.8219 ACC=0.8502
Epoch 185/200 | TrainLoss=0.3479 (Cls=0.3213, Cont=5.3193) | Val AUC=0.9283 AUPR=0.9020 F1=0.8238 ACC=0.8488
Epoch 186/200 | TrainLoss=0.3485 (Cls=0.3220, Cont=5.3070) | Val AUC=0.9285 AUPR=0.9024 F1=0.8238 ACC=0.8501
Epoch 187/200 | TrainLoss=0.3484 (Cls=0.3219, Cont=5.3067) | Val AUC=0.9279 AUPR=0.9016 F1=0.8222 ACC=0.8522
Epoch 188/200 | TrainLoss=0.3482 (Cls=0.3216, Cont=5.3102) | Val AUC=0.9282 AUPR=0.9022 F1=0.8215 ACC=0.8440
Epoch 189/200 | TrainLoss=0.3469 (Cls=0.3204, Cont=5.3028) | Val AUC=0.9284 AUPR=0.9023 F1=0.8221 ACC=0.8444
Epoch 190/200 | TrainLoss=0.3486 (Cls=0.3220, Cont=5.3184) | Val AUC=0.9286 AUPR=0.9026 F1=0.8221 ACC=0.8453
Epoch 191/200 | TrainLoss=0.3482 (Cls=0.3216, Cont=5.3182) | Val AUC=0.9286 AUPR=0.9022 F1=0.8228 ACC=0.8459
Epoch 192/200 | TrainLoss=0.3476 (Cls=0.3210, Cont=5.3072) | Val AUC=0.9286 AUPR=0.9018 F1=0.8235 ACC=0.8490
Epoch 193/200 | TrainLoss=0.3474 (Cls=0.3208, Cont=5.3217) | Val AUC=0.9292 AUPR=0.9029 F1=0.8251 ACC=0.8489
Epoch 194/200 | TrainLoss=0.3463 (Cls=0.3197, Cont=5.3136) | Val AUC=0.9289 AUPR=0.9029 F1=0.8257 ACC=0.8525
Epoch 195/200 | TrainLoss=0.3471 (Cls=0.3206, Cont=5.3068) | Val AUC=0.9287 AUPR=0.9027 F1=0.8258 ACC=0.8521
Epoch 196/200 | TrainLoss=0.3469 (Cls=0.3203, Cont=5.3218) | Val AUC=0.9287 AUPR=0.9026 F1=0.8250 ACC=0.8511
Epoch 197/200 | TrainLoss=0.3473 (Cls=0.3207, Cont=5.3160) | Val AUC=0.9290 AUPR=0.9032 F1=0.8245 ACC=0.8496
Epoch 198/200 | TrainLoss=0.3467 (Cls=0.3202, Cont=5.3161) | Val AUC=0.9288 AUPR=0.9028 F1=0.8235 ACC=0.8479
Epoch 199/200 | TrainLoss=0.3446 (Cls=0.3181, Cont=5.2969) | Val AUC=0.9286 AUPR=0.9022 F1=0.8242 ACC=0.8497
Epoch 200/200 | TrainLoss=0.3471 (Cls=0.3205, Cont=5.3176) | Val AUC=0.9290 AUPR=0.9027 F1=0.8247 ACC=0.8521
Fold 1 complete | Best Val AUC=0.9292 | Test AUC=0.9265 AUPR=0.9033 F1=0.8176 ACC=0.8461

================================================================================
Fold 2/5
================================================================================
Epoch 001/200 | TrainLoss=0.6919 (Cls=0.6919, Cont=0.0000) | Val AUC=0.5685 AUPR=0.4741 F1=0.5784 ACC=0.4077
Epoch 002/200 | TrainLoss=0.6918 (Cls=0.6918, Cont=0.0000) | Val AUC=0.5762 AUPR=0.4826 F1=0.5790 ACC=0.4106
Epoch 003/200 | TrainLoss=0.6559 (Cls=0.6559, Cont=0.0000) | Val AUC=0.5870 AUPR=0.4896 F1=0.5825 ACC=0.4414
Epoch 004/200 | TrainLoss=0.6481 (Cls=0.6481, Cont=0.0000) | Val AUC=0.5937 AUPR=0.4918 F1=0.5864 ACC=0.4511
Epoch 005/200 | TrainLoss=0.6300 (Cls=0.6300, Cont=0.0000) | Val AUC=0.5960 AUPR=0.4928 F1=0.5875 ACC=0.4596
Epoch 006/200 | TrainLoss=0.6091 (Cls=0.6091, Cont=0.0000) | Val AUC=0.5912 AUPR=0.4816 F1=0.5853 ACC=0.4514
Epoch 007/200 | TrainLoss=0.5850 (Cls=0.5850, Cont=0.0000) | Val AUC=0.5934 AUPR=0.4954 F1=0.5831 ACC=0.4372
Epoch 008/200 | TrainLoss=0.5668 (Cls=0.5668, Cont=0.0000) | Val AUC=0.5982 AUPR=0.4955 F1=0.5845 ACC=0.4566
Epoch 009/200 | TrainLoss=0.5359 (Cls=0.5359, Cont=0.0000) | Val AUC=0.5993 AUPR=0.4950 F1=0.5838 ACC=0.4461
Epoch 010/200 | TrainLoss=0.5085 (Cls=0.5085, Cont=0.0000) | Val AUC=0.6019 AUPR=0.4971 F1=0.5847 ACC=0.4507
Epoch 011/200 | TrainLoss=0.5134 (Cls=0.4817, Cont=6.3446) | Val AUC=0.6075 AUPR=0.5046 F1=0.5870 ACC=0.4797
Epoch 012/200 | TrainLoss=0.4855 (Cls=0.4575, Cont=5.6117) | Val AUC=0.6120 AUPR=0.5073 F1=0.5897 ACC=0.4683
Epoch 013/200 | TrainLoss=0.4643 (Cls=0.4369, Cont=5.4689) | Val AUC=0.6154 AUPR=0.5122 F1=0.5901 ACC=0.4656
Epoch 014/200 | TrainLoss=0.4609 (Cls=0.4337, Cont=5.4351) | Val AUC=0.6211 AUPR=0.5212 F1=0.5918 ACC=0.4910
Epoch 015/200 | TrainLoss=0.4583 (Cls=0.4311, Cont=5.4237) | Val AUC=0.6182 AUPR=0.5205 F1=0.5905 ACC=0.4677
Epoch 016/200 | TrainLoss=0.4748 (Cls=0.4477, Cont=5.4201) | Val AUC=0.6187 AUPR=0.5200 F1=0.5876 ACC=0.5170
Epoch 017/200 | TrainLoss=0.4418 (Cls=0.4147, Cont=5.4107) | Val AUC=0.6319 AUPR=0.5324 F1=0.5931 ACC=0.5176
Epoch 018/200 | TrainLoss=0.4471 (Cls=0.4201, Cont=5.4011) | Val AUC=0.6398 AUPR=0.5413 F1=0.5994 ACC=0.5371
Epoch 019/200 | TrainLoss=0.4475 (Cls=0.4205, Cont=5.4011) | Val AUC=0.6457 AUPR=0.5475 F1=0.5998 ACC=0.5375
Epoch 020/200 | TrainLoss=0.4316 (Cls=0.4046, Cont=5.3848) | Val AUC=0.6544 AUPR=0.5559 F1=0.6024 ACC=0.5449
Epoch 021/200 | TrainLoss=0.4283 (Cls=0.4014, Cont=5.3824) | Val AUC=0.6665 AUPR=0.5682 F1=0.6055 ACC=0.5369
Epoch 022/200 | TrainLoss=0.4256 (Cls=0.3987, Cont=5.3781) | Val AUC=0.6811 AUPR=0.5835 F1=0.6139 ACC=0.5723
Epoch 023/200 | TrainLoss=0.4209 (Cls=0.3940, Cont=5.3695) | Val AUC=0.7044 AUPR=0.6111 F1=0.6240 ACC=0.5846
Epoch 024/200 | TrainLoss=0.4184 (Cls=0.3915, Cont=5.3724) | Val AUC=0.7285 AUPR=0.6412 F1=0.6366 ACC=0.6287
Epoch 025/200 | TrainLoss=0.4164 (Cls=0.3895, Cont=5.3704) | Val AUC=0.7479 AUPR=0.6624 F1=0.6501 ACC=0.6701
Epoch 026/200 | TrainLoss=0.4112 (Cls=0.3844, Cont=5.3564) | Val AUC=0.7628 AUPR=0.6779 F1=0.6628 ACC=0.6817
Epoch 027/200 | TrainLoss=0.4156 (Cls=0.3888, Cont=5.3584) | Val AUC=0.7706 AUPR=0.6917 F1=0.6689 ACC=0.6706
Epoch 028/200 | TrainLoss=0.4102 (Cls=0.3834, Cont=5.3543) | Val AUC=0.7781 AUPR=0.7087 F1=0.6728 ACC=0.6872
Epoch 029/200 | TrainLoss=0.4119 (Cls=0.3850, Cont=5.3690) | Val AUC=0.7939 AUPR=0.7288 F1=0.6849 ACC=0.7127
Epoch 030/200 | TrainLoss=0.4094 (Cls=0.3826, Cont=5.3636) | Val AUC=0.8198 AUPR=0.7574 F1=0.7108 ACC=0.7316
Epoch 031/200 | TrainLoss=0.4086 (Cls=0.3817, Cont=5.3757) | Val AUC=0.8310 AUPR=0.7718 F1=0.7178 ACC=0.7455
Epoch 032/200 | TrainLoss=0.4103 (Cls=0.3835, Cont=5.3581) | Val AUC=0.8415 AUPR=0.7888 F1=0.7294 ACC=0.7565
Epoch 033/200 | TrainLoss=0.4062 (Cls=0.3794, Cont=5.3457) | Val AUC=0.8542 AUPR=0.8076 F1=0.7380 ACC=0.7643
Epoch 034/200 | TrainLoss=0.4101 (Cls=0.3833, Cont=5.3550) | Val AUC=0.8631 AUPR=0.8194 F1=0.7455 ACC=0.7716
Epoch 035/200 | TrainLoss=0.4054 (Cls=0.3786, Cont=5.3617) | Val AUC=0.8736 AUPR=0.8305 F1=0.7581 ACC=0.7848
Epoch 036/200 | TrainLoss=0.4035 (Cls=0.3767, Cont=5.3594) | Val AUC=0.8842 AUPR=0.8417 F1=0.7708 ACC=0.7968
Epoch 037/200 | TrainLoss=0.4025 (Cls=0.3756, Cont=5.3651) | Val AUC=0.8875 AUPR=0.8462 F1=0.7746 ACC=0.8035
Epoch 038/200 | TrainLoss=0.4048 (Cls=0.3780, Cont=5.3609) | Val AUC=0.8923 AUPR=0.8528 F1=0.7817 ACC=0.8121
Epoch 039/200 | TrainLoss=0.4035 (Cls=0.3767, Cont=5.3623) | Val AUC=0.8977 AUPR=0.8588 F1=0.7877 ACC=0.8208
Epoch 040/200 | TrainLoss=0.4007 (Cls=0.3739, Cont=5.3616) | Val AUC=0.8998 AUPR=0.8621 F1=0.7892 ACC=0.8203
Epoch 041/200 | TrainLoss=0.3989 (Cls=0.3722, Cont=5.3492) | Val AUC=0.9031 AUPR=0.8664 F1=0.7905 ACC=0.8203
Epoch 042/200 | TrainLoss=0.4012 (Cls=0.3744, Cont=5.3525) | Val AUC=0.9058 AUPR=0.8705 F1=0.7920 ACC=0.8214
Epoch 043/200 | TrainLoss=0.3987 (Cls=0.3719, Cont=5.3525) | Val AUC=0.9062 AUPR=0.8716 F1=0.7943 ACC=0.8165
Epoch 044/200 | TrainLoss=0.3994 (Cls=0.3726, Cont=5.3585) | Val AUC=0.9067 AUPR=0.8726 F1=0.7944 ACC=0.8200
Epoch 045/200 | TrainLoss=0.3980 (Cls=0.3712, Cont=5.3560) | Val AUC=0.9072 AUPR=0.8740 F1=0.7942 ACC=0.8167
Epoch 046/200 | TrainLoss=0.3985 (Cls=0.3717, Cont=5.3520) | Val AUC=0.9070 AUPR=0.8741 F1=0.7932 ACC=0.8160
Epoch 047/200 | TrainLoss=0.3996 (Cls=0.3729, Cont=5.3563) | Val AUC=0.9061 AUPR=0.8725 F1=0.7919 ACC=0.8167
Epoch 048/200 | TrainLoss=0.3968 (Cls=0.3700, Cont=5.3527) | Val AUC=0.9059 AUPR=0.8719 F1=0.7901 ACC=0.8132
Epoch 049/200 | TrainLoss=0.3960 (Cls=0.3693, Cont=5.3476) | Val AUC=0.9084 AUPR=0.8748 F1=0.7926 ACC=0.8138
Epoch 050/200 | TrainLoss=0.3938 (Cls=0.3670, Cont=5.3540) | Val AUC=0.9093 AUPR=0.8755 F1=0.7937 ACC=0.8187
Epoch 051/200 | TrainLoss=0.3952 (Cls=0.3685, Cont=5.3477) | Val AUC=0.9091 AUPR=0.8754 F1=0.7948 ACC=0.8254
Epoch 052/200 | TrainLoss=0.3933 (Cls=0.3665, Cont=5.3592) | Val AUC=0.9094 AUPR=0.8764 F1=0.7954 ACC=0.8225
Epoch 053/200 | TrainLoss=0.3921 (Cls=0.3654, Cont=5.3473) | Val AUC=0.9090 AUPR=0.8761 F1=0.7954 ACC=0.8196
Epoch 054/200 | TrainLoss=0.3906 (Cls=0.3639, Cont=5.3459) | Val AUC=0.9089 AUPR=0.8764 F1=0.7957 ACC=0.8246
Epoch 055/200 | TrainLoss=0.3932 (Cls=0.3665, Cont=5.3490) | Val AUC=0.9092 AUPR=0.8776 F1=0.7975 ACC=0.8277
Epoch 056/200 | TrainLoss=0.3899 (Cls=0.3632, Cont=5.3488) | Val AUC=0.9100 AUPR=0.8789 F1=0.7970 ACC=0.8267
Epoch 057/200 | TrainLoss=0.3899 (Cls=0.3632, Cont=5.3362) | Val AUC=0.9116 AUPR=0.8804 F1=0.7987 ACC=0.8261
Epoch 058/200 | TrainLoss=0.3886 (Cls=0.3619, Cont=5.3424) | Val AUC=0.9129 AUPR=0.8813 F1=0.7999 ACC=0.8300
Epoch 059/200 | TrainLoss=0.3885 (Cls=0.3618, Cont=5.3459) | Val AUC=0.9138 AUPR=0.8817 F1=0.7997 ACC=0.8271
Epoch 060/200 | TrainLoss=0.3876 (Cls=0.3609, Cont=5.3397) | Val AUC=0.9142 AUPR=0.8821 F1=0.7992 ACC=0.8251
Epoch 061/200 | TrainLoss=0.3877 (Cls=0.3610, Cont=5.3395) | Val AUC=0.9140 AUPR=0.8821 F1=0.7987 ACC=0.8248
Epoch 062/200 | TrainLoss=0.3880 (Cls=0.3613, Cont=5.3470) | Val AUC=0.9137 AUPR=0.8822 F1=0.7995 ACC=0.8300
Epoch 063/200 | TrainLoss=0.3859 (Cls=0.3592, Cont=5.3433) | Val AUC=0.9131 AUPR=0.8819 F1=0.7978 ACC=0.8289
Epoch 064/200 | TrainLoss=0.3892 (Cls=0.3625, Cont=5.3569) | Val AUC=0.9139 AUPR=0.8828 F1=0.7993 ACC=0.8272
Epoch 065/200 | TrainLoss=0.3853 (Cls=0.3585, Cont=5.3500) | Val AUC=0.9143 AUPR=0.8830 F1=0.8017 ACC=0.8273
Epoch 066/200 | TrainLoss=0.3860 (Cls=0.3593, Cont=5.3519) | Val AUC=0.9141 AUPR=0.8827 F1=0.8038 ACC=0.8305
Epoch 067/200 | TrainLoss=0.3863 (Cls=0.3595, Cont=5.3515) | Val AUC=0.9140 AUPR=0.8828 F1=0.8033 ACC=0.8317
Epoch 068/200 | TrainLoss=0.3855 (Cls=0.3588, Cont=5.3397) | Val AUC=0.9144 AUPR=0.8833 F1=0.8017 ACC=0.8271
Epoch 069/200 | TrainLoss=0.3841 (Cls=0.3574, Cont=5.3472) | Val AUC=0.9144 AUPR=0.8836 F1=0.8029 ACC=0.8305
Epoch 070/200 | TrainLoss=0.3843 (Cls=0.3575, Cont=5.3485) | Val AUC=0.9136 AUPR=0.8823 F1=0.8010 ACC=0.8259
Epoch 071/200 | TrainLoss=0.3838 (Cls=0.3571, Cont=5.3433) | Val AUC=0.9121 AUPR=0.8797 F1=0.7990 ACC=0.8230
Epoch 072/200 | TrainLoss=0.3848 (Cls=0.3581, Cont=5.3450) | Val AUC=0.9125 AUPR=0.8802 F1=0.7992 ACC=0.8236
Epoch 073/200 | TrainLoss=0.3841 (Cls=0.3574, Cont=5.3390) | Val AUC=0.9142 AUPR=0.8828 F1=0.8036 ACC=0.8274
Epoch 074/200 | TrainLoss=0.3823 (Cls=0.3555, Cont=5.3496) | Val AUC=0.9142 AUPR=0.8831 F1=0.8017 ACC=0.8269
Epoch 075/200 | TrainLoss=0.3822 (Cls=0.3555, Cont=5.3311) | Val AUC=0.9139 AUPR=0.8824 F1=0.8006 ACC=0.8278
Epoch 076/200 | TrainLoss=0.3846 (Cls=0.3580, Cont=5.3256) | Val AUC=0.9126 AUPR=0.8805 F1=0.7979 ACC=0.8234
Epoch 077/200 | TrainLoss=0.3821 (Cls=0.3554, Cont=5.3320) | Val AUC=0.9115 AUPR=0.8791 F1=0.7973 ACC=0.8251
Epoch 078/200 | TrainLoss=0.3830 (Cls=0.3564, Cont=5.3357) | Val AUC=0.9123 AUPR=0.8808 F1=0.7983 ACC=0.8276
Epoch 079/200 | TrainLoss=0.3824 (Cls=0.3557, Cont=5.3353) | Val AUC=0.9139 AUPR=0.8834 F1=0.8006 ACC=0.8285
Epoch 080/200 | TrainLoss=0.3810 (Cls=0.3543, Cont=5.3404) | Val AUC=0.9141 AUPR=0.8834 F1=0.8016 ACC=0.8286
Epoch 081/200 | TrainLoss=0.3818 (Cls=0.3551, Cont=5.3372) | Val AUC=0.9142 AUPR=0.8832 F1=0.8029 ACC=0.8319
Epoch 082/200 | TrainLoss=0.3828 (Cls=0.3560, Cont=5.3536) | Val AUC=0.9148 AUPR=0.8844 F1=0.8022 ACC=0.8259
Epoch 083/200 | TrainLoss=0.3813 (Cls=0.3546, Cont=5.3446) | Val AUC=0.9143 AUPR=0.8837 F1=0.8028 ACC=0.8279
Epoch 084/200 | TrainLoss=0.3791 (Cls=0.3524, Cont=5.3287) | Val AUC=0.9127 AUPR=0.8810 F1=0.8000 ACC=0.8262
Epoch 085/200 | TrainLoss=0.3800 (Cls=0.3533, Cont=5.3401) | Val AUC=0.9128 AUPR=0.8808 F1=0.7993 ACC=0.8216
Epoch 086/200 | TrainLoss=0.3797 (Cls=0.3530, Cont=5.3335) | Val AUC=0.9143 AUPR=0.8830 F1=0.8001 ACC=0.8241
Epoch 087/200 | TrainLoss=0.3809 (Cls=0.3542, Cont=5.3434) | Val AUC=0.9153 AUPR=0.8844 F1=0.8019 ACC=0.8281
Epoch 088/200 | TrainLoss=0.3782 (Cls=0.3515, Cont=5.3321) | Val AUC=0.9157 AUPR=0.8852 F1=0.8034 ACC=0.8282
Epoch 089/200 | TrainLoss=0.3794 (Cls=0.3527, Cont=5.3513) | Val AUC=0.9158 AUPR=0.8855 F1=0.8031 ACC=0.8279
Epoch 090/200 | TrainLoss=0.3780 (Cls=0.3513, Cont=5.3501) | Val AUC=0.9157 AUPR=0.8853 F1=0.8036 ACC=0.8298
Epoch 091/200 | TrainLoss=0.3784 (Cls=0.3517, Cont=5.3350) | Val AUC=0.9153 AUPR=0.8850 F1=0.8028 ACC=0.8332
Epoch 092/200 | TrainLoss=0.3773 (Cls=0.3506, Cont=5.3406) | Val AUC=0.9146 AUPR=0.8841 F1=0.8011 ACC=0.8289
Epoch 093/200 | TrainLoss=0.3785 (Cls=0.3518, Cont=5.3395) | Val AUC=0.9152 AUPR=0.8845 F1=0.8018 ACC=0.8268
Epoch 094/200 | TrainLoss=0.3766 (Cls=0.3499, Cont=5.3523) | Val AUC=0.9163 AUPR=0.8858 F1=0.8049 ACC=0.8329
Epoch 095/200 | TrainLoss=0.3774 (Cls=0.3507, Cont=5.3495) | Val AUC=0.9165 AUPR=0.8859 F1=0.8052 ACC=0.8334
Epoch 096/200 | TrainLoss=0.3778 (Cls=0.3511, Cont=5.3378) | Val AUC=0.9163 AUPR=0.8853 F1=0.8040 ACC=0.8324
Epoch 097/200 | TrainLoss=0.3772 (Cls=0.3505, Cont=5.3360) | Val AUC=0.9161 AUPR=0.8849 F1=0.8047 ACC=0.8274
Epoch 098/200 | TrainLoss=0.3765 (Cls=0.3498, Cont=5.3542) | Val AUC=0.9162 AUPR=0.8850 F1=0.8054 ACC=0.8327
Epoch 099/200 | TrainLoss=0.3758 (Cls=0.3491, Cont=5.3530) | Val AUC=0.9163 AUPR=0.8853 F1=0.8059 ACC=0.8348
Epoch 100/200 | TrainLoss=0.3768 (Cls=0.3501, Cont=5.3438) | Val AUC=0.9160 AUPR=0.8848 F1=0.8052 ACC=0.8319
Epoch 101/200 | TrainLoss=0.3757 (Cls=0.3491, Cont=5.3345) | Val AUC=0.9156 AUPR=0.8841 F1=0.8044 ACC=0.8279
Epoch 102/200 | TrainLoss=0.3761 (Cls=0.3495, Cont=5.3269) | Val AUC=0.9156 AUPR=0.8843 F1=0.8034 ACC=0.8270
Epoch 103/200 | TrainLoss=0.3749 (Cls=0.3481, Cont=5.3454) | Val AUC=0.9155 AUPR=0.8843 F1=0.8031 ACC=0.8282
Epoch 104/200 | TrainLoss=0.3763 (Cls=0.3497, Cont=5.3371) | Val AUC=0.9159 AUPR=0.8851 F1=0.8032 ACC=0.8351
Epoch 105/200 | TrainLoss=0.3754 (Cls=0.3487, Cont=5.3473) | Val AUC=0.9164 AUPR=0.8857 F1=0.8035 ACC=0.8290
Epoch 106/200 | TrainLoss=0.3761 (Cls=0.3494, Cont=5.3470) | Val AUC=0.9170 AUPR=0.8867 F1=0.8050 ACC=0.8317
Epoch 107/200 | TrainLoss=0.3751 (Cls=0.3483, Cont=5.3529) | Val AUC=0.9175 AUPR=0.8872 F1=0.8063 ACC=0.8339
Epoch 108/200 | TrainLoss=0.3740 (Cls=0.3474, Cont=5.3247) | Val AUC=0.9175 AUPR=0.8869 F1=0.8073 ACC=0.8387
Epoch 109/200 | TrainLoss=0.3736 (Cls=0.3469, Cont=5.3364) | Val AUC=0.9174 AUPR=0.8870 F1=0.8072 ACC=0.8367
Epoch 110/200 | TrainLoss=0.3738 (Cls=0.3472, Cont=5.3289) | Val AUC=0.9177 AUPR=0.8876 F1=0.8088 ACC=0.8365
Epoch 111/200 | TrainLoss=0.3742 (Cls=0.3474, Cont=5.3447) | Val AUC=0.9177 AUPR=0.8877 F1=0.8091 ACC=0.8354
Epoch 112/200 | TrainLoss=0.3731 (Cls=0.3465, Cont=5.3236) | Val AUC=0.9178 AUPR=0.8878 F1=0.8086 ACC=0.8342
Epoch 113/200 | TrainLoss=0.3726 (Cls=0.3460, Cont=5.3294) | Val AUC=0.9179 AUPR=0.8881 F1=0.8092 ACC=0.8321
Epoch 114/200 | TrainLoss=0.3722 (Cls=0.3456, Cont=5.3283) | Val AUC=0.9180 AUPR=0.8880 F1=0.8104 ACC=0.8356
Epoch 115/200 | TrainLoss=0.3725 (Cls=0.3458, Cont=5.3305) | Val AUC=0.9178 AUPR=0.8875 F1=0.8103 ACC=0.8329
Epoch 116/200 | TrainLoss=0.3720 (Cls=0.3453, Cont=5.3346) | Val AUC=0.9181 AUPR=0.8877 F1=0.8108 ACC=0.8386
Epoch 117/200 | TrainLoss=0.3718 (Cls=0.3451, Cont=5.3383) | Val AUC=0.9188 AUPR=0.8889 F1=0.8101 ACC=0.8384
Epoch 118/200 | TrainLoss=0.3723 (Cls=0.3457, Cont=5.3197) | Val AUC=0.9194 AUPR=0.8899 F1=0.8103 ACC=0.8378
Epoch 119/200 | TrainLoss=0.3715 (Cls=0.3449, Cont=5.3211) | Val AUC=0.9194 AUPR=0.8899 F1=0.8118 ACC=0.8382
Epoch 120/200 | TrainLoss=0.3712 (Cls=0.3445, Cont=5.3380) | Val AUC=0.9195 AUPR=0.8903 F1=0.8115 ACC=0.8389
Epoch 121/200 | TrainLoss=0.3707 (Cls=0.3440, Cont=5.3337) | Val AUC=0.9197 AUPR=0.8906 F1=0.8119 ACC=0.8383
Epoch 122/200 | TrainLoss=0.3699 (Cls=0.3433, Cont=5.3293) | Val AUC=0.9197 AUPR=0.8907 F1=0.8116 ACC=0.8391
Epoch 123/200 | TrainLoss=0.3694 (Cls=0.3427, Cont=5.3375) | Val AUC=0.9195 AUPR=0.8904 F1=0.8095 ACC=0.8368
Epoch 124/200 | TrainLoss=0.3687 (Cls=0.3420, Cont=5.3379) | Val AUC=0.9192 AUPR=0.8900 F1=0.8083 ACC=0.8342
Epoch 125/200 | TrainLoss=0.3679 (Cls=0.3413, Cont=5.3290) | Val AUC=0.9191 AUPR=0.8897 F1=0.8093 ACC=0.8335
Epoch 126/200 | TrainLoss=0.3678 (Cls=0.3411, Cont=5.3385) | Val AUC=0.9194 AUPR=0.8901 F1=0.8108 ACC=0.8347
Epoch 127/200 | TrainLoss=0.3676 (Cls=0.3409, Cont=5.3355) | Val AUC=0.9200 AUPR=0.8912 F1=0.8112 ACC=0.8369
Epoch 128/200 | TrainLoss=0.3663 (Cls=0.3397, Cont=5.3270) | Val AUC=0.9200 AUPR=0.8913 F1=0.8116 ACC=0.8395
Epoch 129/200 | TrainLoss=0.3662 (Cls=0.3396, Cont=5.3259) | Val AUC=0.9197 AUPR=0.8908 F1=0.8126 ACC=0.8424
Epoch 130/200 | TrainLoss=0.3654 (Cls=0.3388, Cont=5.3272) | Val AUC=0.9203 AUPR=0.8919 F1=0.8114 ACC=0.8392
Epoch 131/200 | TrainLoss=0.3654 (Cls=0.3387, Cont=5.3335) | Val AUC=0.9210 AUPR=0.8929 F1=0.8136 ACC=0.8389
Epoch 132/200 | TrainLoss=0.3649 (Cls=0.3382, Cont=5.3396) | Val AUC=0.9217 AUPR=0.8942 F1=0.8161 ACC=0.8450
Epoch 133/200 | TrainLoss=0.3638 (Cls=0.3373, Cont=5.3178) | Val AUC=0.9223 AUPR=0.8953 F1=0.8151 ACC=0.8430
Epoch 134/200 | TrainLoss=0.3647 (Cls=0.3380, Cont=5.3401) | Val AUC=0.9230 AUPR=0.8959 F1=0.8178 ACC=0.8449
Epoch 135/200 | TrainLoss=0.3639 (Cls=0.3373, Cont=5.3208) | Val AUC=0.9235 AUPR=0.8963 F1=0.8170 ACC=0.8465
Epoch 136/200 | TrainLoss=0.3617 (Cls=0.3350, Cont=5.3349) | Val AUC=0.9235 AUPR=0.8964 F1=0.8171 ACC=0.8457
Epoch 137/200 | TrainLoss=0.3628 (Cls=0.3362, Cont=5.3205) | Val AUC=0.9231 AUPR=0.8956 F1=0.8164 ACC=0.8417
Epoch 138/200 | TrainLoss=0.3615 (Cls=0.3348, Cont=5.3420) | Val AUC=0.9229 AUPR=0.8953 F1=0.8163 ACC=0.8436
Epoch 139/200 | TrainLoss=0.3624 (Cls=0.3358, Cont=5.3225) | Val AUC=0.9230 AUPR=0.8957 F1=0.8162 ACC=0.8490
Epoch 140/200 | TrainLoss=0.3602 (Cls=0.3336, Cont=5.3379) | Val AUC=0.9230 AUPR=0.8955 F1=0.8151 ACC=0.8447
Epoch 141/200 | TrainLoss=0.3616 (Cls=0.3350, Cont=5.3342) | Val AUC=0.9230 AUPR=0.8952 F1=0.8158 ACC=0.8448
Epoch 142/200 | TrainLoss=0.3608 (Cls=0.3342, Cont=5.3291) | Val AUC=0.9237 AUPR=0.8965 F1=0.8171 ACC=0.8488
Epoch 143/200 | TrainLoss=0.3591 (Cls=0.3325, Cont=5.3306) | Val AUC=0.9239 AUPR=0.8974 F1=0.8158 ACC=0.8479
Epoch 144/200 | TrainLoss=0.3597 (Cls=0.3330, Cont=5.3268) | Val AUC=0.9241 AUPR=0.8978 F1=0.8145 ACC=0.8488
Epoch 145/200 | TrainLoss=0.3587 (Cls=0.3321, Cont=5.3262) | Val AUC=0.9242 AUPR=0.8979 F1=0.8160 ACC=0.8473
Epoch 146/200 | TrainLoss=0.3590 (Cls=0.3324, Cont=5.3201) | Val AUC=0.9245 AUPR=0.8981 F1=0.8175 ACC=0.8465
Epoch 147/200 | TrainLoss=0.3578 (Cls=0.3311, Cont=5.3376) | Val AUC=0.9241 AUPR=0.8974 F1=0.8162 ACC=0.8436
Epoch 148/200 | TrainLoss=0.3585 (Cls=0.3317, Cont=5.3486) | Val AUC=0.9236 AUPR=0.8968 F1=0.8163 ACC=0.8454
Epoch 149/200 | TrainLoss=0.3576 (Cls=0.3310, Cont=5.3186) | Val AUC=0.9236 AUPR=0.8970 F1=0.8172 ACC=0.8447
Epoch 150/200 | TrainLoss=0.3564 (Cls=0.3298, Cont=5.3209) | Val AUC=0.9240 AUPR=0.8975 F1=0.8173 ACC=0.8453
Epoch 151/200 | TrainLoss=0.3583 (Cls=0.3318, Cont=5.3073) | Val AUC=0.9241 AUPR=0.8972 F1=0.8166 ACC=0.8434
Epoch 152/200 | TrainLoss=0.3583 (Cls=0.3317, Cont=5.3275) | Val AUC=0.9239 AUPR=0.8968 F1=0.8149 ACC=0.8401
Epoch 153/200 | TrainLoss=0.3567 (Cls=0.3301, Cont=5.3224) | Val AUC=0.9241 AUPR=0.8974 F1=0.8161 ACC=0.8421
Epoch 154/200 | TrainLoss=0.3563 (Cls=0.3296, Cont=5.3343) | Val AUC=0.9248 AUPR=0.8988 F1=0.8169 ACC=0.8449
Epoch 155/200 | TrainLoss=0.3546 (Cls=0.3279, Cont=5.3356) | Val AUC=0.9250 AUPR=0.8992 F1=0.8176 ACC=0.8455
Epoch 156/200 | TrainLoss=0.3551 (Cls=0.3286, Cont=5.3112) | Val AUC=0.9247 AUPR=0.8986 F1=0.8186 ACC=0.8492
Epoch 157/200 | TrainLoss=0.3566 (Cls=0.3299, Cont=5.3376) | Val AUC=0.9252 AUPR=0.8997 F1=0.8191 ACC=0.8506
Epoch 158/200 | TrainLoss=0.3549 (Cls=0.3282, Cont=5.3343) | Val AUC=0.9256 AUPR=0.9002 F1=0.8200 ACC=0.8510
Epoch 159/200 | TrainLoss=0.3548 (Cls=0.3282, Cont=5.3252) | Val AUC=0.9255 AUPR=0.8996 F1=0.8196 ACC=0.8454
Epoch 160/200 | TrainLoss=0.3548 (Cls=0.3282, Cont=5.3300) | Val AUC=0.9256 AUPR=0.8997 F1=0.8197 ACC=0.8501
Epoch 161/200 | TrainLoss=0.3545 (Cls=0.3279, Cont=5.3185) | Val AUC=0.9256 AUPR=0.8997 F1=0.8214 ACC=0.8526
Epoch 162/200 | TrainLoss=0.3536 (Cls=0.3270, Cont=5.3224) | Val AUC=0.9249 AUPR=0.8987 F1=0.8185 ACC=0.8511
Epoch 163/200 | TrainLoss=0.3550 (Cls=0.3284, Cont=5.3200) | Val AUC=0.9246 AUPR=0.8982 F1=0.8194 ACC=0.8501
Epoch 164/200 | TrainLoss=0.3548 (Cls=0.3283, Cont=5.3131) | Val AUC=0.9250 AUPR=0.8987 F1=0.8200 ACC=0.8497
Epoch 165/200 | TrainLoss=0.3545 (Cls=0.3278, Cont=5.3312) | Val AUC=0.9252 AUPR=0.8991 F1=0.8192 ACC=0.8492
Epoch 166/200 | TrainLoss=0.3531 (Cls=0.3265, Cont=5.3208) | Val AUC=0.9251 AUPR=0.8990 F1=0.8193 ACC=0.8494
Epoch 167/200 | TrainLoss=0.3528 (Cls=0.3263, Cont=5.3106) | Val AUC=0.9250 AUPR=0.8990 F1=0.8185 ACC=0.8471
Epoch 168/200 | TrainLoss=0.3528 (Cls=0.3262, Cont=5.3172) | Val AUC=0.9254 AUPR=0.8997 F1=0.8178 ACC=0.8499
Epoch 169/200 | TrainLoss=0.3526 (Cls=0.3260, Cont=5.3280) | Val AUC=0.9258 AUPR=0.9005 F1=0.8200 ACC=0.8501
Epoch 170/200 | TrainLoss=0.3519 (Cls=0.3253, Cont=5.3186) | Val AUC=0.9259 AUPR=0.9006 F1=0.8185 ACC=0.8510
Epoch 171/200 | TrainLoss=0.3522 (Cls=0.3257, Cont=5.3082) | Val AUC=0.9257 AUPR=0.9006 F1=0.8178 ACC=0.8477
Epoch 172/200 | TrainLoss=0.3532 (Cls=0.3266, Cont=5.3219) | Val AUC=0.9257 AUPR=0.9010 F1=0.8184 ACC=0.8477
Epoch 173/200 | TrainLoss=0.3525 (Cls=0.3258, Cont=5.3262) | Val AUC=0.9259 AUPR=0.9014 F1=0.8187 ACC=0.8497
Epoch 174/200 | TrainLoss=0.3514 (Cls=0.3248, Cont=5.3267) | Val AUC=0.9260 AUPR=0.9013 F1=0.8191 ACC=0.8504
Epoch 175/200 | TrainLoss=0.3517 (Cls=0.3251, Cont=5.3264) | Val AUC=0.9261 AUPR=0.9012 F1=0.8193 ACC=0.8486
Epoch 176/200 | TrainLoss=0.3516 (Cls=0.3250, Cont=5.3176) | Val AUC=0.9257 AUPR=0.9001 F1=0.8170 ACC=0.8480
Epoch 177/200 | TrainLoss=0.3514 (Cls=0.3249, Cont=5.3143) | Val AUC=0.9257 AUPR=0.9002 F1=0.8188 ACC=0.8487
Epoch 178/200 | TrainLoss=0.3510 (Cls=0.3244, Cont=5.3332) | Val AUC=0.9257 AUPR=0.9004 F1=0.8177 ACC=0.8470
Epoch 179/200 | TrainLoss=0.3516 (Cls=0.3250, Cont=5.3302) | Val AUC=0.9257 AUPR=0.9006 F1=0.8190 ACC=0.8494
Epoch 180/200 | TrainLoss=0.3527 (Cls=0.3261, Cont=5.3234) | Val AUC=0.9264 AUPR=0.9014 F1=0.8188 ACC=0.8492
Epoch 181/200 | TrainLoss=0.3500 (Cls=0.3234, Cont=5.3121) | Val AUC=0.9264 AUPR=0.9015 F1=0.8180 ACC=0.8486
Epoch 182/200 | TrainLoss=0.3502 (Cls=0.3236, Cont=5.3125) | Val AUC=0.9255 AUPR=0.9004 F1=0.8175 ACC=0.8425
Epoch 183/200 | TrainLoss=0.3496 (Cls=0.3230, Cont=5.3222) | Val AUC=0.9261 AUPR=0.9012 F1=0.8176 ACC=0.8482
Epoch 184/200 | TrainLoss=0.3511 (Cls=0.3245, Cont=5.3230) | Val AUC=0.9264 AUPR=0.9020 F1=0.8177 ACC=0.8458
Epoch 185/200 | TrainLoss=0.3497 (Cls=0.3232, Cont=5.3013) | Val AUC=0.9261 AUPR=0.9017 F1=0.8189 ACC=0.8473
Epoch 186/200 | TrainLoss=0.3509 (Cls=0.3243, Cont=5.3320) | Val AUC=0.9259 AUPR=0.9014 F1=0.8179 ACC=0.8430
Epoch 187/200 | TrainLoss=0.3500 (Cls=0.3234, Cont=5.3130) | Val AUC=0.9264 AUPR=0.9022 F1=0.8193 ACC=0.8486
Epoch 188/200 | TrainLoss=0.3496 (Cls=0.3229, Cont=5.3305) | Val AUC=0.9268 AUPR=0.9027 F1=0.8186 ACC=0.8471
Epoch 189/200 | TrainLoss=0.3513 (Cls=0.3248, Cont=5.3131) | Val AUC=0.9266 AUPR=0.9021 F1=0.8192 ACC=0.8503
Epoch 190/200 | TrainLoss=0.3493 (Cls=0.3227, Cont=5.3034) | Val AUC=0.9260 AUPR=0.9009 F1=0.8185 ACC=0.8493
Epoch 191/200 | TrainLoss=0.3505 (Cls=0.3239, Cont=5.3306) | Val AUC=0.9267 AUPR=0.9024 F1=0.8205 ACC=0.8496
Epoch 192/200 | TrainLoss=0.3494 (Cls=0.3229, Cont=5.3163) | Val AUC=0.9266 AUPR=0.9023 F1=0.8194 ACC=0.8494
Epoch 193/200 | TrainLoss=0.3500 (Cls=0.3234, Cont=5.3180) | Val AUC=0.9263 AUPR=0.9017 F1=0.8191 ACC=0.8480
Epoch 194/200 | TrainLoss=0.3504 (Cls=0.3238, Cont=5.3296) | Val AUC=0.9264 AUPR=0.9020 F1=0.8187 ACC=0.8484
Epoch 195/200 | TrainLoss=0.3492 (Cls=0.3226, Cont=5.3142) | Val AUC=0.9259 AUPR=0.9015 F1=0.8192 ACC=0.8500
Epoch 196/200 | TrainLoss=0.3485 (Cls=0.3219, Cont=5.3234) | Val AUC=0.9252 AUPR=0.9003 F1=0.8175 ACC=0.8441
Epoch 197/200 | TrainLoss=0.3486 (Cls=0.3220, Cont=5.3293) | Val AUC=0.9258 AUPR=0.9008 F1=0.8181 ACC=0.8469
Epoch 198/200 | TrainLoss=0.3491 (Cls=0.3225, Cont=5.3130) | Val AUC=0.9266 AUPR=0.9020 F1=0.8194 ACC=0.8467
Epoch 199/200 | TrainLoss=0.3489 (Cls=0.3223, Cont=5.3337) | Val AUC=0.9265 AUPR=0.9017 F1=0.8196 ACC=0.8487
Epoch 200/200 | TrainLoss=0.3484 (Cls=0.3218, Cont=5.3042) | Val AUC=0.9259 AUPR=0.9007 F1=0.8178 ACC=0.8477
Fold 2 complete | Best Val AUC=0.9268 | Test AUC=0.9273 AUPR=0.9011 F1=0.8196 ACC=0.8457

================================================================================
Fold 3/5
================================================================================
Epoch 001/200 | TrainLoss=0.7096 (Cls=0.7096, Cont=0.0000) | Val AUC=0.5521 AUPR=0.4427 F1=0.5812 ACC=0.4264
Epoch 002/200 | TrainLoss=0.6736 (Cls=0.6736, Cont=0.0000) | Val AUC=0.5767 AUPR=0.4738 F1=0.5793 ACC=0.4093
Epoch 003/200 | TrainLoss=0.6644 (Cls=0.6644, Cont=0.0000) | Val AUC=0.5825 AUPR=0.4819 F1=0.5792 ACC=0.4125
Epoch 004/200 | TrainLoss=0.6513 (Cls=0.6513, Cont=0.0000) | Val AUC=0.5880 AUPR=0.4866 F1=0.5807 ACC=0.4614
Epoch 005/200 | TrainLoss=0.6336 (Cls=0.6336, Cont=0.0000) | Val AUC=0.5919 AUPR=0.4913 F1=0.5833 ACC=0.4409
Epoch 006/200 | TrainLoss=0.6179 (Cls=0.6179, Cont=0.0000) | Val AUC=0.5902 AUPR=0.4914 F1=0.5847 ACC=0.4524
Epoch 007/200 | TrainLoss=0.5958 (Cls=0.5958, Cont=0.0000) | Val AUC=0.5836 AUPR=0.4899 F1=0.5817 ACC=0.4421
Epoch 008/200 | TrainLoss=0.5749 (Cls=0.5749, Cont=0.0000) | Val AUC=0.5804 AUPR=0.4861 F1=0.5813 ACC=0.4354
Epoch 009/200 | TrainLoss=0.5506 (Cls=0.5506, Cont=0.0000) | Val AUC=0.5908 AUPR=0.4894 F1=0.5827 ACC=0.4297
Epoch 010/200 | TrainLoss=0.5261 (Cls=0.5261, Cont=0.0000) | Val AUC=0.5987 AUPR=0.4939 F1=0.5855 ACC=0.4494
Epoch 011/200 | TrainLoss=0.5379 (Cls=0.5025, Cont=7.0747) | Val AUC=0.5962 AUPR=0.4898 F1=0.5854 ACC=0.4485
Epoch 012/200 | TrainLoss=0.5155 (Cls=0.4875, Cont=5.6021) | Val AUC=0.6015 AUPR=0.4956 F1=0.5876 ACC=0.4423
Epoch 013/200 | TrainLoss=0.4895 (Cls=0.4622, Cont=5.4695) | Val AUC=0.6024 AUPR=0.4945 F1=0.5874 ACC=0.4495
Epoch 014/200 | TrainLoss=0.4743 (Cls=0.4471, Cont=5.4416) | Val AUC=0.5894 AUPR=0.4715 F1=0.5848 ACC=0.4481
Epoch 015/200 | TrainLoss=0.4657 (Cls=0.4385, Cont=5.4348) | Val AUC=0.5542 AUPR=0.4368 F1=0.5847 ACC=0.4545
Epoch 016/200 | TrainLoss=0.4606 (Cls=0.4334, Cont=5.4313) | Val AUC=0.5455 AUPR=0.4363 F1=0.5838 ACC=0.4338
Epoch 017/200 | TrainLoss=0.4496 (Cls=0.4224, Cont=5.4262) | Val AUC=0.5658 AUPR=0.4562 F1=0.5843 ACC=0.4498
Epoch 018/200 | TrainLoss=0.4511 (Cls=0.4240, Cont=5.4213) | Val AUC=0.5944 AUPR=0.4812 F1=0.5870 ACC=0.4625
Epoch 019/200 | TrainLoss=0.4426 (Cls=0.4155, Cont=5.4142) | Val AUC=0.6218 AUPR=0.5138 F1=0.5900 ACC=0.4541
Epoch 020/200 | TrainLoss=0.4405 (Cls=0.4134, Cont=5.4138) | Val AUC=0.6424 AUPR=0.5438 F1=0.5968 ACC=0.5068
Epoch 021/200 | TrainLoss=0.4377 (Cls=0.4107, Cont=5.4092) | Val AUC=0.6710 AUPR=0.5823 F1=0.6047 ACC=0.5406
Epoch 022/200 | TrainLoss=0.4342 (Cls=0.4072, Cont=5.3970) | Val AUC=0.6861 AUPR=0.6048 F1=0.6096 ACC=0.5595
Epoch 023/200 | TrainLoss=0.4324 (Cls=0.4054, Cont=5.3994) | Val AUC=0.6838 AUPR=0.6035 F1=0.6079 ACC=0.5312
Epoch 024/200 | TrainLoss=0.4255 (Cls=0.3985, Cont=5.3890) | Val AUC=0.6870 AUPR=0.6073 F1=0.6092 ACC=0.5521
Epoch 025/200 | TrainLoss=0.4293 (Cls=0.4024, Cont=5.3768) | Val AUC=0.7212 AUPR=0.6477 F1=0.6264 ACC=0.6012
Epoch 026/200 | TrainLoss=0.4175 (Cls=0.3906, Cont=5.3763) | Val AUC=0.7376 AUPR=0.6699 F1=0.6352 ACC=0.6274
Epoch 027/200 | TrainLoss=0.4209 (Cls=0.3940, Cont=5.3720) | Val AUC=0.7547 AUPR=0.6932 F1=0.6469 ACC=0.6591
Epoch 028/200 | TrainLoss=0.4142 (Cls=0.3873, Cont=5.3741) | Val AUC=0.7732 AUPR=0.7172 F1=0.6575 ACC=0.6674
Epoch 029/200 | TrainLoss=0.4176 (Cls=0.3907, Cont=5.3766) | Val AUC=0.7966 AUPR=0.7435 F1=0.6763 ACC=0.7050
Epoch 030/200 | TrainLoss=0.4172 (Cls=0.3904, Cont=5.3655) | Val AUC=0.8068 AUPR=0.7566 F1=0.6847 ACC=0.7010
Epoch 031/200 | TrainLoss=0.4139 (Cls=0.3871, Cont=5.3671) | Val AUC=0.7994 AUPR=0.7528 F1=0.6785 ACC=0.7124
Epoch 032/200 | TrainLoss=0.4096 (Cls=0.3828, Cont=5.3593) | Val AUC=0.8078 AUPR=0.7628 F1=0.6872 ACC=0.7203
Epoch 033/200 | TrainLoss=0.4116 (Cls=0.3848, Cont=5.3598) | Val AUC=0.8280 AUPR=0.7839 F1=0.7059 ACC=0.7467
Epoch 034/200 | TrainLoss=0.4089 (Cls=0.3821, Cont=5.3542) | Val AUC=0.8426 AUPR=0.7994 F1=0.7184 ACC=0.7544
Epoch 035/200 | TrainLoss=0.4073 (Cls=0.3805, Cont=5.3588) | Val AUC=0.8623 AUPR=0.8178 F1=0.7370 ACC=0.7635
Epoch 036/200 | TrainLoss=0.4056 (Cls=0.3788, Cont=5.3566) | Val AUC=0.8794 AUPR=0.8343 F1=0.7606 ACC=0.7840
Epoch 037/200 | TrainLoss=0.4060 (Cls=0.3792, Cont=5.3588) | Val AUC=0.8922 AUPR=0.8498 F1=0.7781 ACC=0.8049
Epoch 038/200 | TrainLoss=0.4043 (Cls=0.3775, Cont=5.3558) | Val AUC=0.9025 AUPR=0.8639 F1=0.7902 ACC=0.8193
Epoch 039/200 | TrainLoss=0.4066 (Cls=0.3798, Cont=5.3608) | Val AUC=0.9038 AUPR=0.8651 F1=0.7929 ACC=0.8181
Epoch 040/200 | TrainLoss=0.4045 (Cls=0.3777, Cont=5.3560) | Val AUC=0.9008 AUPR=0.8609 F1=0.7892 ACC=0.8159
Epoch 041/200 | TrainLoss=0.4032 (Cls=0.3764, Cont=5.3581) | Val AUC=0.9005 AUPR=0.8601 F1=0.7857 ACC=0.8116
Epoch 042/200 | TrainLoss=0.4012 (Cls=0.3744, Cont=5.3603) | Val AUC=0.9031 AUPR=0.8636 F1=0.7880 ACC=0.8121
Epoch 043/200 | TrainLoss=0.4006 (Cls=0.3738, Cont=5.3604) | Val AUC=0.9085 AUPR=0.8713 F1=0.7957 ACC=0.8232
Epoch 044/200 | TrainLoss=0.4001 (Cls=0.3733, Cont=5.3562) | Val AUC=0.9103 AUPR=0.8740 F1=0.8004 ACC=0.8309
Epoch 045/200 | TrainLoss=0.3988 (Cls=0.3720, Cont=5.3543) | Val AUC=0.9111 AUPR=0.8755 F1=0.8018 ACC=0.8314
Epoch 046/200 | TrainLoss=0.3980 (Cls=0.3712, Cont=5.3581) | Val AUC=0.9130 AUPR=0.8785 F1=0.8036 ACC=0.8338
Epoch 047/200 | TrainLoss=0.3963 (Cls=0.3696, Cont=5.3452) | Val AUC=0.9129 AUPR=0.8782 F1=0.8026 ACC=0.8262
Epoch 048/200 | TrainLoss=0.3957 (Cls=0.3690, Cont=5.3571) | Val AUC=0.9122 AUPR=0.8769 F1=0.8023 ACC=0.8336
Epoch 049/200 | TrainLoss=0.3962 (Cls=0.3695, Cont=5.3371) | Val AUC=0.9130 AUPR=0.8780 F1=0.8031 ACC=0.8285
Epoch 050/200 | TrainLoss=0.3970 (Cls=0.3703, Cont=5.3538) | Val AUC=0.9137 AUPR=0.8791 F1=0.8069 ACC=0.8321
Epoch 051/200 | TrainLoss=0.3951 (Cls=0.3683, Cont=5.3563) | Val AUC=0.9130 AUPR=0.8787 F1=0.8072 ACC=0.8356
Epoch 052/200 | TrainLoss=0.3964 (Cls=0.3697, Cont=5.3433) | Val AUC=0.9139 AUPR=0.8801 F1=0.8089 ACC=0.8367
Epoch 053/200 | TrainLoss=0.3942 (Cls=0.3675, Cont=5.3451) | Val AUC=0.9142 AUPR=0.8805 F1=0.8085 ACC=0.8360
Epoch 054/200 | TrainLoss=0.3921 (Cls=0.3653, Cont=5.3501) | Val AUC=0.9141 AUPR=0.8801 F1=0.8076 ACC=0.8332
Epoch 055/200 | TrainLoss=0.3899 (Cls=0.3633, Cont=5.3329) | Val AUC=0.9139 AUPR=0.8795 F1=0.8066 ACC=0.8342
Epoch 056/200 | TrainLoss=0.3910 (Cls=0.3643, Cont=5.3445) | Val AUC=0.9144 AUPR=0.8798 F1=0.8052 ACC=0.8332
Epoch 057/200 | TrainLoss=0.3906 (Cls=0.3640, Cont=5.3335) | Val AUC=0.9144 AUPR=0.8794 F1=0.8043 ACC=0.8311
Epoch 058/200 | TrainLoss=0.3898 (Cls=0.3631, Cont=5.3406) | Val AUC=0.9138 AUPR=0.8789 F1=0.8034 ACC=0.8285
Epoch 059/200 | TrainLoss=0.3906 (Cls=0.3638, Cont=5.3566) | Val AUC=0.9132 AUPR=0.8783 F1=0.8019 ACC=0.8257
Epoch 060/200 | TrainLoss=0.3889 (Cls=0.3622, Cont=5.3388) | Val AUC=0.9144 AUPR=0.8799 F1=0.8042 ACC=0.8310
Epoch 061/200 | TrainLoss=0.3915 (Cls=0.3648, Cont=5.3477) | Val AUC=0.9158 AUPR=0.8817 F1=0.8064 ACC=0.8310
Epoch 062/200 | TrainLoss=0.3873 (Cls=0.3605, Cont=5.3478) | Val AUC=0.9162 AUPR=0.8823 F1=0.8063 ACC=0.8347
Epoch 063/200 | TrainLoss=0.3897 (Cls=0.3629, Cont=5.3472) | Val AUC=0.9158 AUPR=0.8820 F1=0.8086 ACC=0.8340
Epoch 064/200 | TrainLoss=0.3886 (Cls=0.3618, Cont=5.3571) | Val AUC=0.9153 AUPR=0.8818 F1=0.8045 ACC=0.8320
Epoch 065/200 | TrainLoss=0.3873 (Cls=0.3606, Cont=5.3408) | Val AUC=0.9147 AUPR=0.8810 F1=0.8049 ACC=0.8335
Epoch 066/200 | TrainLoss=0.3860 (Cls=0.3593, Cont=5.3347) | Val AUC=0.9144 AUPR=0.8804 F1=0.8060 ACC=0.8331
Epoch 067/200 | TrainLoss=0.3870 (Cls=0.3603, Cont=5.3453) | Val AUC=0.9168 AUPR=0.8833 F1=0.8096 ACC=0.8325
Epoch 068/200 | TrainLoss=0.3884 (Cls=0.3616, Cont=5.3607) | Val AUC=0.9178 AUPR=0.8843 F1=0.8114 ACC=0.8347
Epoch 069/200 | TrainLoss=0.3845 (Cls=0.3577, Cont=5.3502) | Val AUC=0.9176 AUPR=0.8836 F1=0.8097 ACC=0.8345
Epoch 070/200 | TrainLoss=0.3842 (Cls=0.3574, Cont=5.3481) | Val AUC=0.9168 AUPR=0.8816 F1=0.8096 ACC=0.8365
Epoch 071/200 | TrainLoss=0.3838 (Cls=0.3571, Cont=5.3446) | Val AUC=0.9164 AUPR=0.8808 F1=0.8098 ACC=0.8337
Epoch 072/200 | TrainLoss=0.3850 (Cls=0.3583, Cont=5.3494) | Val AUC=0.9171 AUPR=0.8821 F1=0.8100 ACC=0.8373
Epoch 073/200 | TrainLoss=0.3811 (Cls=0.3544, Cont=5.3352) | Val AUC=0.9174 AUPR=0.8832 F1=0.8092 ACC=0.8385
Epoch 074/200 | TrainLoss=0.3835 (Cls=0.3568, Cont=5.3390) | Val AUC=0.9173 AUPR=0.8834 F1=0.8103 ACC=0.8379
Epoch 075/200 | TrainLoss=0.3832 (Cls=0.3565, Cont=5.3377) | Val AUC=0.9170 AUPR=0.8830 F1=0.8097 ACC=0.8345
Epoch 076/200 | TrainLoss=0.3824 (Cls=0.3556, Cont=5.3506) | Val AUC=0.9168 AUPR=0.8827 F1=0.8097 ACC=0.8338
Epoch 077/200 | TrainLoss=0.3827 (Cls=0.3560, Cont=5.3433) | Val AUC=0.9169 AUPR=0.8830 F1=0.8097 ACC=0.8397
Epoch 078/200 | TrainLoss=0.3812 (Cls=0.3545, Cont=5.3460) | Val AUC=0.9172 AUPR=0.8835 F1=0.8105 ACC=0.8391
Epoch 079/200 | TrainLoss=0.3818 (Cls=0.3551, Cont=5.3336) | Val AUC=0.9175 AUPR=0.8842 F1=0.8106 ACC=0.8350
Epoch 080/200 | TrainLoss=0.3825 (Cls=0.3558, Cont=5.3288) | Val AUC=0.9180 AUPR=0.8852 F1=0.8104 ACC=0.8341
Epoch 081/200 | TrainLoss=0.3816 (Cls=0.3549, Cont=5.3567) | Val AUC=0.9183 AUPR=0.8858 F1=0.8106 ACC=0.8346
Epoch 082/200 | TrainLoss=0.3812 (Cls=0.3544, Cont=5.3492) | Val AUC=0.9184 AUPR=0.8856 F1=0.8115 ACC=0.8410
Epoch 083/200 | TrainLoss=0.3811 (Cls=0.3544, Cont=5.3515) | Val AUC=0.9185 AUPR=0.8854 F1=0.8121 ACC=0.8396
Epoch 084/200 | TrainLoss=0.3803 (Cls=0.3536, Cont=5.3423) | Val AUC=0.9183 AUPR=0.8852 F1=0.8112 ACC=0.8385
Epoch 085/200 | TrainLoss=0.3802 (Cls=0.3535, Cont=5.3418) | Val AUC=0.9178 AUPR=0.8848 F1=0.8113 ACC=0.8353
Epoch 086/200 | TrainLoss=0.3803 (Cls=0.3535, Cont=5.3408) | Val AUC=0.9176 AUPR=0.8848 F1=0.8108 ACC=0.8368
Epoch 087/200 | TrainLoss=0.3797 (Cls=0.3531, Cont=5.3339) | Val AUC=0.9179 AUPR=0.8852 F1=0.8100 ACC=0.8365
Epoch 088/200 | TrainLoss=0.3790 (Cls=0.3523, Cont=5.3414) | Val AUC=0.9183 AUPR=0.8857 F1=0.8101 ACC=0.8404
Epoch 089/200 | TrainLoss=0.3776 (Cls=0.3509, Cont=5.3392) | Val AUC=0.9187 AUPR=0.8863 F1=0.8093 ACC=0.8390
Epoch 090/200 | TrainLoss=0.3788 (Cls=0.3520, Cont=5.3576) | Val AUC=0.9188 AUPR=0.8866 F1=0.8093 ACC=0.8378
Epoch 091/200 | TrainLoss=0.3775 (Cls=0.3508, Cont=5.3350) | Val AUC=0.9187 AUPR=0.8865 F1=0.8101 ACC=0.8372
Epoch 092/200 | TrainLoss=0.3799 (Cls=0.3533, Cont=5.3350) | Val AUC=0.9186 AUPR=0.8863 F1=0.8111 ACC=0.8307
Epoch 093/200 | TrainLoss=0.3779 (Cls=0.3512, Cont=5.3327) | Val AUC=0.9183 AUPR=0.8857 F1=0.8121 ACC=0.8342
Epoch 094/200 | TrainLoss=0.3799 (Cls=0.3532, Cont=5.3369) | Val AUC=0.9184 AUPR=0.8858 F1=0.8138 ACC=0.8407
Epoch 095/200 | TrainLoss=0.3783 (Cls=0.3515, Cont=5.3473) | Val AUC=0.9189 AUPR=0.8864 F1=0.8134 ACC=0.8400
Epoch 096/200 | TrainLoss=0.3784 (Cls=0.3517, Cont=5.3366) | Val AUC=0.9193 AUPR=0.8872 F1=0.8142 ACC=0.8397
Epoch 097/200 | TrainLoss=0.3773 (Cls=0.3506, Cont=5.3427) | Val AUC=0.9193 AUPR=0.8874 F1=0.8133 ACC=0.8403
Epoch 098/200 | TrainLoss=0.3792 (Cls=0.3525, Cont=5.3382) | Val AUC=0.9192 AUPR=0.8873 F1=0.8127 ACC=0.8407
Epoch 099/200 | TrainLoss=0.3772 (Cls=0.3505, Cont=5.3510) | Val AUC=0.9189 AUPR=0.8867 F1=0.8128 ACC=0.8396
Epoch 100/200 | TrainLoss=0.3777 (Cls=0.3511, Cont=5.3315) | Val AUC=0.9188 AUPR=0.8866 F1=0.8126 ACC=0.8380
Epoch 101/200 | TrainLoss=0.3763 (Cls=0.3496, Cont=5.3311) | Val AUC=0.9188 AUPR=0.8866 F1=0.8120 ACC=0.8360
Epoch 102/200 | TrainLoss=0.3768 (Cls=0.3501, Cont=5.3299) | Val AUC=0.9185 AUPR=0.8861 F1=0.8124 ACC=0.8371
Epoch 103/200 | TrainLoss=0.3765 (Cls=0.3497, Cont=5.3423) | Val AUC=0.9184 AUPR=0.8857 F1=0.8123 ACC=0.8395
Epoch 104/200 | TrainLoss=0.3768 (Cls=0.3501, Cont=5.3325) | Val AUC=0.9187 AUPR=0.8863 F1=0.8125 ACC=0.8379
Epoch 105/200 | TrainLoss=0.3754 (Cls=0.3488, Cont=5.3291) | Val AUC=0.9188 AUPR=0.8870 F1=0.8111 ACC=0.8401
Epoch 106/200 | TrainLoss=0.3756 (Cls=0.3488, Cont=5.3525) | Val AUC=0.9189 AUPR=0.8874 F1=0.8109 ACC=0.8388
Epoch 107/200 | TrainLoss=0.3755 (Cls=0.3488, Cont=5.3416) | Val AUC=0.9192 AUPR=0.8875 F1=0.8117 ACC=0.8425
Epoch 108/200 | TrainLoss=0.3746 (Cls=0.3478, Cont=5.3458) | Val AUC=0.9195 AUPR=0.8877 F1=0.8118 ACC=0.8394
Epoch 109/200 | TrainLoss=0.3747 (Cls=0.3480, Cont=5.3377) | Val AUC=0.9199 AUPR=0.8882 F1=0.8121 ACC=0.8407
Epoch 110/200 | TrainLoss=0.3758 (Cls=0.3491, Cont=5.3479) | Val AUC=0.9201 AUPR=0.8885 F1=0.8127 ACC=0.8394
Epoch 111/200 | TrainLoss=0.3745 (Cls=0.3478, Cont=5.3352) | Val AUC=0.9203 AUPR=0.8887 F1=0.8127 ACC=0.8436
Epoch 112/200 | TrainLoss=0.3744 (Cls=0.3478, Cont=5.3198) | Val AUC=0.9203 AUPR=0.8889 F1=0.8134 ACC=0.8387
Epoch 113/200 | TrainLoss=0.3740 (Cls=0.3473, Cont=5.3464) | Val AUC=0.9203 AUPR=0.8890 F1=0.8138 ACC=0.8385
Epoch 114/200 | TrainLoss=0.3749 (Cls=0.3482, Cont=5.3417) | Val AUC=0.9202 AUPR=0.8891 F1=0.8128 ACC=0.8435
Epoch 115/200 | TrainLoss=0.3739 (Cls=0.3472, Cont=5.3383) | Val AUC=0.9200 AUPR=0.8891 F1=0.8127 ACC=0.8354
Epoch 116/200 | TrainLoss=0.3728 (Cls=0.3461, Cont=5.3400) | Val AUC=0.9199 AUPR=0.8890 F1=0.8127 ACC=0.8411
Epoch 117/200 | TrainLoss=0.3737 (Cls=0.3470, Cont=5.3393) | Val AUC=0.9202 AUPR=0.8892 F1=0.8134 ACC=0.8384
Epoch 118/200 | TrainLoss=0.3736 (Cls=0.3469, Cont=5.3458) | Val AUC=0.9201 AUPR=0.8889 F1=0.8122 ACC=0.8397
Epoch 119/200 | TrainLoss=0.3754 (Cls=0.3487, Cont=5.3320) | Val AUC=0.9198 AUPR=0.8883 F1=0.8134 ACC=0.8376
Epoch 120/200 | TrainLoss=0.3746 (Cls=0.3479, Cont=5.3431) | Val AUC=0.9189 AUPR=0.8869 F1=0.8126 ACC=0.8423
Epoch 121/200 | TrainLoss=0.3743 (Cls=0.3475, Cont=5.3518) | Val AUC=0.9184 AUPR=0.8861 F1=0.8117 ACC=0.8421
Epoch 122/200 | TrainLoss=0.3731 (Cls=0.3464, Cont=5.3447) | Val AUC=0.9184 AUPR=0.8863 F1=0.8119 ACC=0.8402
Epoch 123/200 | TrainLoss=0.3718 (Cls=0.3452, Cont=5.3305) | Val AUC=0.9186 AUPR=0.8866 F1=0.8107 ACC=0.8428
Epoch 124/200 | TrainLoss=0.3739 (Cls=0.3472, Cont=5.3359) | Val AUC=0.9187 AUPR=0.8864 F1=0.8106 ACC=0.8352
Epoch 125/200 | TrainLoss=0.3713 (Cls=0.3447, Cont=5.3310) | Val AUC=0.9185 AUPR=0.8861 F1=0.8097 ACC=0.8374
Epoch 126/200 | TrainLoss=0.3727 (Cls=0.3460, Cont=5.3377) | Val AUC=0.9187 AUPR=0.8864 F1=0.8101 ACC=0.8372
Epoch 127/200 | TrainLoss=0.3715 (Cls=0.3449, Cont=5.3220) | Val AUC=0.9195 AUPR=0.8875 F1=0.8110 ACC=0.8376
Epoch 128/200 | TrainLoss=0.3725 (Cls=0.3458, Cont=5.3444) | Val AUC=0.9200 AUPR=0.8883 F1=0.8118 ACC=0.8372
Epoch 129/200 | TrainLoss=0.3719 (Cls=0.3453, Cont=5.3182) | Val AUC=0.9200 AUPR=0.8882 F1=0.8122 ACC=0.8352
Epoch 130/200 | TrainLoss=0.3717 (Cls=0.3450, Cont=5.3383) | Val AUC=0.9197 AUPR=0.8880 F1=0.8114 ACC=0.8375
Epoch 131/200 | TrainLoss=0.3710 (Cls=0.3444, Cont=5.3321) | Val AUC=0.9196 AUPR=0.8880 F1=0.8126 ACC=0.8412
Epoch 132/200 | TrainLoss=0.3709 (Cls=0.3442, Cont=5.3405) | Val AUC=0.9198 AUPR=0.8883 F1=0.8123 ACC=0.8407
Epoch 133/200 | TrainLoss=0.3706 (Cls=0.3440, Cont=5.3239) | Val AUC=0.9207 AUPR=0.8894 F1=0.8144 ACC=0.8410
Epoch 134/200 | TrainLoss=0.3712 (Cls=0.3445, Cont=5.3417) | Val AUC=0.9213 AUPR=0.8903 F1=0.8152 ACC=0.8405
Epoch 135/200 | TrainLoss=0.3701 (Cls=0.3435, Cont=5.3244) | Val AUC=0.9216 AUPR=0.8906 F1=0.8148 ACC=0.8410
Epoch 136/200 | TrainLoss=0.3695 (Cls=0.3428, Cont=5.3390) | Val AUC=0.9217 AUPR=0.8907 F1=0.8141 ACC=0.8407
Epoch 137/200 | TrainLoss=0.3692 (Cls=0.3426, Cont=5.3311) | Val AUC=0.9217 AUPR=0.8906 F1=0.8155 ACC=0.8420
Epoch 138/200 | TrainLoss=0.3690 (Cls=0.3423, Cont=5.3432) | Val AUC=0.9218 AUPR=0.8908 F1=0.8164 ACC=0.8406
Epoch 139/200 | TrainLoss=0.3684 (Cls=0.3417, Cont=5.3322) | Val AUC=0.9215 AUPR=0.8904 F1=0.8147 ACC=0.8427
Epoch 140/200 | TrainLoss=0.3677 (Cls=0.3411, Cont=5.3133) | Val AUC=0.9214 AUPR=0.8902 F1=0.8155 ACC=0.8426
Epoch 141/200 | TrainLoss=0.3672 (Cls=0.3405, Cont=5.3412) | Val AUC=0.9214 AUPR=0.8901 F1=0.8150 ACC=0.8410
Epoch 142/200 | TrainLoss=0.3675 (Cls=0.3408, Cont=5.3413) | Val AUC=0.9213 AUPR=0.8898 F1=0.8139 ACC=0.8393
Epoch 143/200 | TrainLoss=0.3680 (Cls=0.3413, Cont=5.3396) | Val AUC=0.9215 AUPR=0.8901 F1=0.8137 ACC=0.8410
Epoch 144/200 | TrainLoss=0.3667 (Cls=0.3401, Cont=5.3330) | Val AUC=0.9222 AUPR=0.8912 F1=0.8150 ACC=0.8419
Epoch 145/200 | TrainLoss=0.3669 (Cls=0.3402, Cont=5.3376) | Val AUC=0.9227 AUPR=0.8921 F1=0.8154 ACC=0.8450
Epoch 146/200 | TrainLoss=0.3660 (Cls=0.3393, Cont=5.3372) | Val AUC=0.9209 AUPR=0.8898 F1=0.8115 ACC=0.8414
Epoch 147/200 | TrainLoss=0.3649 (Cls=0.3383, Cont=5.3229) | Val AUC=0.9229 AUPR=0.8922 F1=0.8163 ACC=0.8459
Epoch 148/200 | TrainLoss=0.3663 (Cls=0.3396, Cont=5.3310) | Val AUC=0.9231 AUPR=0.8926 F1=0.8175 ACC=0.8415
Epoch 149/200 | TrainLoss=0.3639 (Cls=0.3373, Cont=5.3317) | Val AUC=0.9234 AUPR=0.8931 F1=0.8187 ACC=0.8442
Epoch 150/200 | TrainLoss=0.3644 (Cls=0.3377, Cont=5.3363) | Val AUC=0.9237 AUPR=0.8935 F1=0.8193 ACC=0.8474
Epoch 151/200 | TrainLoss=0.3657 (Cls=0.3390, Cont=5.3333) | Val AUC=0.9238 AUPR=0.8938 F1=0.8195 ACC=0.8459
Epoch 152/200 | TrainLoss=0.3648 (Cls=0.3382, Cont=5.3303) | Val AUC=0.9240 AUPR=0.8941 F1=0.8202 ACC=0.8453
Epoch 153/200 | TrainLoss=0.3633 (Cls=0.3367, Cont=5.3212) | Val AUC=0.9241 AUPR=0.8943 F1=0.8212 ACC=0.8486
Epoch 154/200 | TrainLoss=0.3625 (Cls=0.3359, Cont=5.3265) | Val AUC=0.9242 AUPR=0.8945 F1=0.8212 ACC=0.8489
Epoch 155/200 | TrainLoss=0.3625 (Cls=0.3359, Cont=5.3222) | Val AUC=0.9246 AUPR=0.8952 F1=0.8216 ACC=0.8501
Epoch 156/200 | TrainLoss=0.3621 (Cls=0.3355, Cont=5.3275) | Val AUC=0.9247 AUPR=0.8951 F1=0.8208 ACC=0.8472
Epoch 157/200 | TrainLoss=0.3640 (Cls=0.3373, Cont=5.3389) | Val AUC=0.9247 AUPR=0.8950 F1=0.8202 ACC=0.8459
Epoch 158/200 | TrainLoss=0.3600 (Cls=0.3334, Cont=5.3208) | Val AUC=0.9244 AUPR=0.8943 F1=0.8190 ACC=0.8462
Epoch 159/200 | TrainLoss=0.3612 (Cls=0.3345, Cont=5.3398) | Val AUC=0.9244 AUPR=0.8945 F1=0.8195 ACC=0.8476
Epoch 160/200 | TrainLoss=0.3602 (Cls=0.3336, Cont=5.3280) | Val AUC=0.9247 AUPR=0.8949 F1=0.8192 ACC=0.8489
Epoch 161/200 | TrainLoss=0.3601 (Cls=0.3335, Cont=5.3261) | Val AUC=0.9253 AUPR=0.8956 F1=0.8201 ACC=0.8467
Epoch 162/200 | TrainLoss=0.3589 (Cls=0.3322, Cont=5.3403) | Val AUC=0.9250 AUPR=0.8952 F1=0.8209 ACC=0.8462
Epoch 163/200 | TrainLoss=0.3596 (Cls=0.3330, Cont=5.3218) | Val AUC=0.9248 AUPR=0.8953 F1=0.8200 ACC=0.8460
Epoch 164/200 | TrainLoss=0.3600 (Cls=0.3334, Cont=5.3148) | Val AUC=0.9246 AUPR=0.8954 F1=0.8191 ACC=0.8494
Epoch 165/200 | TrainLoss=0.3578 (Cls=0.3311, Cont=5.3336) | Val AUC=0.9250 AUPR=0.8959 F1=0.8223 ACC=0.8460
Epoch 166/200 | TrainLoss=0.3582 (Cls=0.3316, Cont=5.3179) | Val AUC=0.9256 AUPR=0.8962 F1=0.8220 ACC=0.8465
Epoch 167/200 | TrainLoss=0.3578 (Cls=0.3311, Cont=5.3297) | Val AUC=0.9256 AUPR=0.8961 F1=0.8208 ACC=0.8438
Epoch 168/200 | TrainLoss=0.3568 (Cls=0.3301, Cont=5.3371) | Val AUC=0.9250 AUPR=0.8950 F1=0.8204 ACC=0.8516
Epoch 169/200 | TrainLoss=0.3567 (Cls=0.3301, Cont=5.3246) | Val AUC=0.9247 AUPR=0.8946 F1=0.8199 ACC=0.8472
Epoch 170/200 | TrainLoss=0.3560 (Cls=0.3294, Cont=5.3185) | Val AUC=0.9254 AUPR=0.8960 F1=0.8215 ACC=0.8496
Epoch 171/200 | TrainLoss=0.3568 (Cls=0.3302, Cont=5.3321) | Val AUC=0.9260 AUPR=0.8972 F1=0.8234 ACC=0.8524
Epoch 172/200 | TrainLoss=0.3557 (Cls=0.3291, Cont=5.3170) | Val AUC=0.9261 AUPR=0.8976 F1=0.8236 ACC=0.8538
Epoch 173/200 | TrainLoss=0.3561 (Cls=0.3294, Cont=5.3293) | Val AUC=0.9258 AUPR=0.8971 F1=0.8222 ACC=0.8516
Epoch 174/200 | TrainLoss=0.3555 (Cls=0.3289, Cont=5.3177) | Val AUC=0.9256 AUPR=0.8967 F1=0.8198 ACC=0.8473
Epoch 175/200 | TrainLoss=0.3556 (Cls=0.3290, Cont=5.3155) | Val AUC=0.9261 AUPR=0.8972 F1=0.8211 ACC=0.8503
Epoch 176/200 | TrainLoss=0.3546 (Cls=0.3280, Cont=5.3234) | Val AUC=0.9266 AUPR=0.8978 F1=0.8215 ACC=0.8483
Epoch 177/200 | TrainLoss=0.3547 (Cls=0.3281, Cont=5.3277) | Val AUC=0.9270 AUPR=0.8982 F1=0.8232 ACC=0.8511
Epoch 178/200 | TrainLoss=0.3560 (Cls=0.3294, Cont=5.3314) | Val AUC=0.9268 AUPR=0.8982 F1=0.8221 ACC=0.8508
Epoch 179/200 | TrainLoss=0.3531 (Cls=0.3264, Cont=5.3286) | Val AUC=0.9263 AUPR=0.8977 F1=0.8214 ACC=0.8481
Epoch 180/200 | TrainLoss=0.3544 (Cls=0.3278, Cont=5.3225) | Val AUC=0.9259 AUPR=0.8971 F1=0.8208 ACC=0.8460
Epoch 181/200 | TrainLoss=0.3540 (Cls=0.3274, Cont=5.3218) | Val AUC=0.9266 AUPR=0.8979 F1=0.8222 ACC=0.8486
Epoch 182/200 | TrainLoss=0.3533 (Cls=0.3267, Cont=5.3288) | Val AUC=0.9270 AUPR=0.8984 F1=0.8227 ACC=0.8470
Epoch 183/200 | TrainLoss=0.3534 (Cls=0.3268, Cont=5.3289) | Val AUC=0.9269 AUPR=0.8984 F1=0.8220 ACC=0.8484
Epoch 184/200 | TrainLoss=0.3531 (Cls=0.3265, Cont=5.3199) | Val AUC=0.9271 AUPR=0.8993 F1=0.8207 ACC=0.8488
Epoch 185/200 | TrainLoss=0.3530 (Cls=0.3264, Cont=5.3163) | Val AUC=0.9268 AUPR=0.8991 F1=0.8201 ACC=0.8474
Epoch 186/200 | TrainLoss=0.3526 (Cls=0.3260, Cont=5.3321) | Val AUC=0.9267 AUPR=0.8983 F1=0.8213 ACC=0.8464
Epoch 187/200 | TrainLoss=0.3529 (Cls=0.3262, Cont=5.3286) | Val AUC=0.9274 AUPR=0.8989 F1=0.8216 ACC=0.8472
Epoch 188/200 | TrainLoss=0.3511 (Cls=0.3245, Cont=5.3238) | Val AUC=0.9280 AUPR=0.9000 F1=0.8225 ACC=0.8512
Epoch 189/200 | TrainLoss=0.3512 (Cls=0.3246, Cont=5.3277) | Val AUC=0.9273 AUPR=0.8993 F1=0.8225 ACC=0.8486
Epoch 190/200 | TrainLoss=0.3516 (Cls=0.3249, Cont=5.3306) | Val AUC=0.9264 AUPR=0.8982 F1=0.8209 ACC=0.8483
Epoch 191/200 | TrainLoss=0.3516 (Cls=0.3250, Cont=5.3299) | Val AUC=0.9260 AUPR=0.8971 F1=0.8215 ACC=0.8480
Epoch 192/200 | TrainLoss=0.3510 (Cls=0.3244, Cont=5.3177) | Val AUC=0.9265 AUPR=0.8978 F1=0.8213 ACC=0.8461
Epoch 193/200 | TrainLoss=0.3504 (Cls=0.3238, Cont=5.3143) | Val AUC=0.9272 AUPR=0.8989 F1=0.8216 ACC=0.8445
Epoch 194/200 | TrainLoss=0.3509 (Cls=0.3242, Cont=5.3328) | Val AUC=0.9278 AUPR=0.8998 F1=0.8226 ACC=0.8496
Epoch 195/200 | TrainLoss=0.3510 (Cls=0.3244, Cont=5.3215) | Val AUC=0.9281 AUPR=0.9005 F1=0.8231 ACC=0.8497
Epoch 196/200 | TrainLoss=0.3505 (Cls=0.3239, Cont=5.3127) | Val AUC=0.9278 AUPR=0.9003 F1=0.8213 ACC=0.8476
Epoch 197/200 | TrainLoss=0.3492 (Cls=0.3226, Cont=5.3329) | Val AUC=0.9273 AUPR=0.8999 F1=0.8206 ACC=0.8462
Epoch 198/200 | TrainLoss=0.3499 (Cls=0.3233, Cont=5.3208) | Val AUC=0.9279 AUPR=0.9005 F1=0.8223 ACC=0.8532
Epoch 199/200 | TrainLoss=0.3507 (Cls=0.3241, Cont=5.3174) | Val AUC=0.9283 AUPR=0.9009 F1=0.8219 ACC=0.8475
Epoch 200/200 | TrainLoss=0.3488 (Cls=0.3221, Cont=5.3345) | Val AUC=0.9285 AUPR=0.9011 F1=0.8224 ACC=0.8501
Fold 3 complete | Best Val AUC=0.9285 | Test AUC=0.9255 AUPR=0.8974 F1=0.8152 ACC=0.8429

================================================================================
Fold 4/5
================================================================================
Epoch 001/200 | TrainLoss=0.6961 (Cls=0.6961, Cont=0.0000) | Val AUC=0.5488 AUPR=0.4543 F1=0.5783 ACC=0.4093
Epoch 002/200 | TrainLoss=0.6797 (Cls=0.6797, Cont=0.0000) | Val AUC=0.5745 AUPR=0.4676 F1=0.5784 ACC=0.4103
Epoch 003/200 | TrainLoss=0.6646 (Cls=0.6646, Cont=0.0000) | Val AUC=0.5774 AUPR=0.4719 F1=0.5799 ACC=0.4307
Epoch 004/200 | TrainLoss=0.6557 (Cls=0.6557, Cont=0.0000) | Val AUC=0.5831 AUPR=0.4774 F1=0.5834 ACC=0.4492
Epoch 005/200 | TrainLoss=0.6385 (Cls=0.6385, Cont=0.0000) | Val AUC=0.5849 AUPR=0.4782 F1=0.5843 ACC=0.4452
Epoch 006/200 | TrainLoss=0.6195 (Cls=0.6195, Cont=0.0000) | Val AUC=0.5817 AUPR=0.4733 F1=0.5832 ACC=0.4300
Epoch 007/200 | TrainLoss=0.6036 (Cls=0.6036, Cont=0.0000) | Val AUC=0.5863 AUPR=0.4786 F1=0.5814 ACC=0.4292
Epoch 008/200 | TrainLoss=0.5812 (Cls=0.5812, Cont=0.0000) | Val AUC=0.5873 AUPR=0.4820 F1=0.5817 ACC=0.4433
Epoch 009/200 | TrainLoss=0.5562 (Cls=0.5562, Cont=0.0000) | Val AUC=0.5919 AUPR=0.4882 F1=0.5819 ACC=0.4500
Epoch 010/200 | TrainLoss=0.5372 (Cls=0.5372, Cont=0.0000) | Val AUC=0.5978 AUPR=0.4910 F1=0.5839 ACC=0.4543
Epoch 011/200 | TrainLoss=0.5474 (Cls=0.5149, Cont=6.4993) | Val AUC=0.5999 AUPR=0.4916 F1=0.5847 ACC=0.4479
Epoch 012/200 | TrainLoss=0.5231 (Cls=0.4951, Cont=5.5989) | Val AUC=0.6024 AUPR=0.4947 F1=0.5854 ACC=0.4629
Epoch 013/200 | TrainLoss=0.5074 (Cls=0.4801, Cont=5.4773) | Val AUC=0.5942 AUPR=0.4869 F1=0.5857 ACC=0.4595
Epoch 014/200 | TrainLoss=0.4924 (Cls=0.4652, Cont=5.4452) | Val AUC=0.6065 AUPR=0.4947 F1=0.5863 ACC=0.4629
Epoch 015/200 | TrainLoss=0.4731 (Cls=0.4459, Cont=5.4295) | Val AUC=0.6066 AUPR=0.4970 F1=0.5857 ACC=0.4587
Epoch 016/200 | TrainLoss=0.4582 (Cls=0.4311, Cont=5.4222) | Val AUC=0.6099 AUPR=0.5005 F1=0.5877 ACC=0.4560
Epoch 017/200 | TrainLoss=0.4428 (Cls=0.4157, Cont=5.4166) | Val AUC=0.6141 AUPR=0.5047 F1=0.5888 ACC=0.4661
Epoch 018/200 | TrainLoss=0.4373 (Cls=0.4102, Cont=5.4117) | Val AUC=0.6196 AUPR=0.5110 F1=0.5901 ACC=0.4890
Epoch 019/200 | TrainLoss=0.4359 (Cls=0.4088, Cont=5.4071) | Val AUC=0.6240 AUPR=0.5185 F1=0.5895 ACC=0.4830
Epoch 020/200 | TrainLoss=0.4332 (Cls=0.4061, Cont=5.4037) | Val AUC=0.6212 AUPR=0.5201 F1=0.5874 ACC=0.4792
Epoch 021/200 | TrainLoss=0.4419 (Cls=0.4149, Cont=5.3986) | Val AUC=0.6281 AUPR=0.5335 F1=0.5872 ACC=0.5019
Epoch 022/200 | TrainLoss=0.4340 (Cls=0.4071, Cont=5.3893) | Val AUC=0.6358 AUPR=0.5430 F1=0.5905 ACC=0.4889
Epoch 023/200 | TrainLoss=0.4384 (Cls=0.4116, Cont=5.3767) | Val AUC=0.6410 AUPR=0.5516 F1=0.5925 ACC=0.4773
Epoch 024/200 | TrainLoss=0.4261 (Cls=0.3993, Cont=5.3744) | Val AUC=0.6538 AUPR=0.5708 F1=0.5948 ACC=0.5331
Epoch 025/200 | TrainLoss=0.4327 (Cls=0.4058, Cont=5.3767) | Val AUC=0.6732 AUPR=0.5931 F1=0.6026 ACC=0.5392
Epoch 026/200 | TrainLoss=0.4209 (Cls=0.3940, Cont=5.3715) | Val AUC=0.7014 AUPR=0.6256 F1=0.6146 ACC=0.5639
Epoch 027/200 | TrainLoss=0.4255 (Cls=0.3987, Cont=5.3749) | Val AUC=0.7366 AUPR=0.6667 F1=0.6356 ACC=0.6530
Epoch 028/200 | TrainLoss=0.4169 (Cls=0.3900, Cont=5.3725) | Val AUC=0.7665 AUPR=0.7001 F1=0.6595 ACC=0.6795
Epoch 029/200 | TrainLoss=0.4132 (Cls=0.3864, Cont=5.3575) | Val AUC=0.7939 AUPR=0.7281 F1=0.6824 ACC=0.7118
Epoch 030/200 | TrainLoss=0.4108 (Cls=0.3840, Cont=5.3606) | Val AUC=0.8079 AUPR=0.7404 F1=0.6920 ACC=0.7082
Epoch 031/200 | TrainLoss=0.4128 (Cls=0.3859, Cont=5.3709) | Val AUC=0.8221 AUPR=0.7566 F1=0.7040 ACC=0.7177
Epoch 032/200 | TrainLoss=0.4101 (Cls=0.3833, Cont=5.3654) | Val AUC=0.8327 AUPR=0.7739 F1=0.7135 ACC=0.7335
Epoch 033/200 | TrainLoss=0.4190 (Cls=0.3921, Cont=5.3730) | Val AUC=0.8389 AUPR=0.7868 F1=0.7220 ACC=0.7438
Epoch 034/200 | TrainLoss=0.4066 (Cls=0.3799, Cont=5.3505) | Val AUC=0.8442 AUPR=0.7947 F1=0.7266 ACC=0.7596
Epoch 035/200 | TrainLoss=0.4110 (Cls=0.3842, Cont=5.3592) | Val AUC=0.8553 AUPR=0.8097 F1=0.7383 ACC=0.7649
Epoch 036/200 | TrainLoss=0.4077 (Cls=0.3809, Cont=5.3491) | Val AUC=0.8767 AUPR=0.8326 F1=0.7627 ACC=0.7953
Epoch 037/200 | TrainLoss=0.4037 (Cls=0.3768, Cont=5.3629) | Val AUC=0.8876 AUPR=0.8441 F1=0.7728 ACC=0.8075
Epoch 038/200 | TrainLoss=0.4038 (Cls=0.3771, Cont=5.3519) | Val AUC=0.8876 AUPR=0.8449 F1=0.7736 ACC=0.7993
Epoch 039/200 | TrainLoss=0.4066 (Cls=0.3799, Cont=5.3517) | Val AUC=0.8896 AUPR=0.8471 F1=0.7758 ACC=0.8019
Epoch 040/200 | TrainLoss=0.4039 (Cls=0.3771, Cont=5.3577) | Val AUC=0.8982 AUPR=0.8576 F1=0.7897 ACC=0.8201
Epoch 041/200 | TrainLoss=0.4022 (Cls=0.3754, Cont=5.3585) | Val AUC=0.9028 AUPR=0.8645 F1=0.7945 ACC=0.8240
Epoch 042/200 | TrainLoss=0.4019 (Cls=0.3752, Cont=5.3409) | Val AUC=0.9051 AUPR=0.8680 F1=0.7935 ACC=0.8231
Epoch 043/200 | TrainLoss=0.3977 (Cls=0.3710, Cont=5.3578) | Val AUC=0.9065 AUPR=0.8695 F1=0.7941 ACC=0.8205
Epoch 044/200 | TrainLoss=0.4007 (Cls=0.3739, Cont=5.3467) | Val AUC=0.9082 AUPR=0.8715 F1=0.7972 ACC=0.8278
Epoch 045/200 | TrainLoss=0.3961 (Cls=0.3694, Cont=5.3448) | Val AUC=0.9088 AUPR=0.8722 F1=0.7960 ACC=0.8273
Epoch 046/200 | TrainLoss=0.3993 (Cls=0.3726, Cont=5.3527) | Val AUC=0.9106 AUPR=0.8746 F1=0.7972 ACC=0.8249
Epoch 047/200 | TrainLoss=0.3968 (Cls=0.3700, Cont=5.3609) | Val AUC=0.9115 AUPR=0.8759 F1=0.7997 ACC=0.8307
Epoch 048/200 | TrainLoss=0.3959 (Cls=0.3692, Cont=5.3542) | Val AUC=0.9118 AUPR=0.8765 F1=0.8007 ACC=0.8287
Epoch 049/200 | TrainLoss=0.3954 (Cls=0.3686, Cont=5.3530) | Val AUC=0.9123 AUPR=0.8767 F1=0.8018 ACC=0.8318
Epoch 050/200 | TrainLoss=0.3894 (Cls=0.3627, Cont=5.3382) | Val AUC=0.9121 AUPR=0.8766 F1=0.8022 ACC=0.8329
Epoch 051/200 | TrainLoss=0.3919 (Cls=0.3652, Cont=5.3527) | Val AUC=0.9128 AUPR=0.8776 F1=0.8026 ACC=0.8334
Epoch 052/200 | TrainLoss=0.3913 (Cls=0.3646, Cont=5.3554) | Val AUC=0.9133 AUPR=0.8790 F1=0.8018 ACC=0.8279
Epoch 053/200 | TrainLoss=0.3913 (Cls=0.3646, Cont=5.3443) | Val AUC=0.9132 AUPR=0.8787 F1=0.8013 ACC=0.8302
Epoch 054/200 | TrainLoss=0.3911 (Cls=0.3644, Cont=5.3469) | Val AUC=0.9126 AUPR=0.8777 F1=0.8000 ACC=0.8236
Epoch 055/200 | TrainLoss=0.3882 (Cls=0.3614, Cont=5.3478) | Val AUC=0.9123 AUPR=0.8776 F1=0.7997 ACC=0.8268
Epoch 056/200 | TrainLoss=0.3889 (Cls=0.3621, Cont=5.3650) | Val AUC=0.9120 AUPR=0.8775 F1=0.7991 ACC=0.8340
Epoch 057/200 | TrainLoss=0.3874 (Cls=0.3608, Cont=5.3383) | Val AUC=0.9120 AUPR=0.8775 F1=0.7996 ACC=0.8336
Epoch 058/200 | TrainLoss=0.3886 (Cls=0.3619, Cont=5.3529) | Val AUC=0.9125 AUPR=0.8783 F1=0.7998 ACC=0.8247
Epoch 059/200 | TrainLoss=0.3867 (Cls=0.3599, Cont=5.3565) | Val AUC=0.9126 AUPR=0.8787 F1=0.8007 ACC=0.8275
Epoch 060/200 | TrainLoss=0.3869 (Cls=0.3601, Cont=5.3441) | Val AUC=0.9124 AUPR=0.8788 F1=0.8001 ACC=0.8286
Epoch 061/200 | TrainLoss=0.3862 (Cls=0.3595, Cont=5.3435) | Val AUC=0.9119 AUPR=0.8780 F1=0.8006 ACC=0.8292
Epoch 062/200 | TrainLoss=0.3870 (Cls=0.3603, Cont=5.3422) | Val AUC=0.9120 AUPR=0.8777 F1=0.7995 ACC=0.8277
Epoch 063/200 | TrainLoss=0.3855 (Cls=0.3587, Cont=5.3468) | Val AUC=0.9132 AUPR=0.8786 F1=0.8012 ACC=0.8265
Epoch 064/200 | TrainLoss=0.3851 (Cls=0.3584, Cont=5.3456) | Val AUC=0.9142 AUPR=0.8800 F1=0.8024 ACC=0.8281
Epoch 065/200 | TrainLoss=0.3837 (Cls=0.3570, Cont=5.3410) | Val AUC=0.9148 AUPR=0.8813 F1=0.8031 ACC=0.8308
Epoch 066/200 | TrainLoss=0.3847 (Cls=0.3579, Cont=5.3555) | Val AUC=0.9152 AUPR=0.8824 F1=0.8036 ACC=0.8318
Epoch 067/200 | TrainLoss=0.3839 (Cls=0.3572, Cont=5.3429) | Val AUC=0.9152 AUPR=0.8829 F1=0.8038 ACC=0.8333
Epoch 068/200 | TrainLoss=0.3832 (Cls=0.3565, Cont=5.3471) | Val AUC=0.9150 AUPR=0.8827 F1=0.8037 ACC=0.8261
Epoch 069/200 | TrainLoss=0.3829 (Cls=0.3563, Cont=5.3380) | Val AUC=0.9150 AUPR=0.8827 F1=0.8031 ACC=0.8266
Epoch 070/200 | TrainLoss=0.3819 (Cls=0.3551, Cont=5.3432) | Val AUC=0.9149 AUPR=0.8827 F1=0.8017 ACC=0.8260
Epoch 071/200 | TrainLoss=0.3832 (Cls=0.3565, Cont=5.3356) | Val AUC=0.9149 AUPR=0.8827 F1=0.8025 ACC=0.8277
Epoch 072/200 | TrainLoss=0.3805 (Cls=0.3538, Cont=5.3452) | Val AUC=0.9146 AUPR=0.8825 F1=0.8021 ACC=0.8348
Epoch 073/200 | TrainLoss=0.3829 (Cls=0.3562, Cont=5.3334) | Val AUC=0.9147 AUPR=0.8830 F1=0.8017 ACC=0.8313
Epoch 074/200 | TrainLoss=0.3815 (Cls=0.3549, Cont=5.3292) | Val AUC=0.9151 AUPR=0.8835 F1=0.8009 ACC=0.8310
Epoch 075/200 | TrainLoss=0.3815 (Cls=0.3548, Cont=5.3381) | Val AUC=0.9159 AUPR=0.8840 F1=0.8028 ACC=0.8332
Epoch 076/200 | TrainLoss=0.3814 (Cls=0.3547, Cont=5.3354) | Val AUC=0.9162 AUPR=0.8840 F1=0.8049 ACC=0.8352
Epoch 077/200 | TrainLoss=0.3819 (Cls=0.3552, Cont=5.3525) | Val AUC=0.9162 AUPR=0.8840 F1=0.8064 ACC=0.8351
Epoch 078/200 | TrainLoss=0.3801 (Cls=0.3534, Cont=5.3380) | Val AUC=0.9161 AUPR=0.8842 F1=0.8042 ACC=0.8342
Epoch 079/200 | TrainLoss=0.3776 (Cls=0.3509, Cont=5.3410) | Val AUC=0.9157 AUPR=0.8835 F1=0.8052 ACC=0.8366
Epoch 080/200 | TrainLoss=0.3795 (Cls=0.3528, Cont=5.3343) | Val AUC=0.9155 AUPR=0.8833 F1=0.8052 ACC=0.8318
Epoch 081/200 | TrainLoss=0.3787 (Cls=0.3520, Cont=5.3418) | Val AUC=0.9156 AUPR=0.8834 F1=0.8055 ACC=0.8321
Epoch 082/200 | TrainLoss=0.3793 (Cls=0.3526, Cont=5.3414) | Val AUC=0.9162 AUPR=0.8844 F1=0.8051 ACC=0.8352
Epoch 083/200 | TrainLoss=0.3785 (Cls=0.3519, Cont=5.3347) | Val AUC=0.9166 AUPR=0.8852 F1=0.8055 ACC=0.8343
Epoch 084/200 | TrainLoss=0.3792 (Cls=0.3524, Cont=5.3451) | Val AUC=0.9167 AUPR=0.8855 F1=0.8064 ACC=0.8340
Epoch 085/200 | TrainLoss=0.3784 (Cls=0.3517, Cont=5.3405) | Val AUC=0.9169 AUPR=0.8857 F1=0.8061 ACC=0.8339
Epoch 086/200 | TrainLoss=0.3779 (Cls=0.3512, Cont=5.3447) | Val AUC=0.9172 AUPR=0.8864 F1=0.8051 ACC=0.8363
Epoch 087/200 | TrainLoss=0.3776 (Cls=0.3510, Cont=5.3306) | Val AUC=0.9169 AUPR=0.8861 F1=0.8044 ACC=0.8288
Epoch 088/200 | TrainLoss=0.3767 (Cls=0.3500, Cont=5.3419) | Val AUC=0.9159 AUPR=0.8847 F1=0.8034 ACC=0.8324
Epoch 089/200 | TrainLoss=0.3777 (Cls=0.3509, Cont=5.3634) | Val AUC=0.9159 AUPR=0.8849 F1=0.8035 ACC=0.8336
Epoch 090/200 | TrainLoss=0.3774 (Cls=0.3507, Cont=5.3487) | Val AUC=0.9164 AUPR=0.8856 F1=0.8048 ACC=0.8373
Epoch 091/200 | TrainLoss=0.3777 (Cls=0.3510, Cont=5.3321) | Val AUC=0.9169 AUPR=0.8859 F1=0.8062 ACC=0.8378
Epoch 092/200 | TrainLoss=0.3754 (Cls=0.3487, Cont=5.3404) | Val AUC=0.9168 AUPR=0.8858 F1=0.8067 ACC=0.8388
Epoch 093/200 | TrainLoss=0.3773 (Cls=0.3506, Cont=5.3250) | Val AUC=0.9171 AUPR=0.8863 F1=0.8056 ACC=0.8372
Epoch 094/200 | TrainLoss=0.3751 (Cls=0.3484, Cont=5.3434) | Val AUC=0.9172 AUPR=0.8864 F1=0.8061 ACC=0.8370
Epoch 095/200 | TrainLoss=0.3761 (Cls=0.3494, Cont=5.3379) | Val AUC=0.9170 AUPR=0.8863 F1=0.8064 ACC=0.8345
Epoch 096/200 | TrainLoss=0.3751 (Cls=0.3483, Cont=5.3418) | Val AUC=0.9168 AUPR=0.8863 F1=0.8050 ACC=0.8333
Epoch 097/200 | TrainLoss=0.3749 (Cls=0.3483, Cont=5.3254) | Val AUC=0.9169 AUPR=0.8864 F1=0.8047 ACC=0.8331
Epoch 098/200 | TrainLoss=0.3765 (Cls=0.3499, Cont=5.3385) | Val AUC=0.9173 AUPR=0.8867 F1=0.8052 ACC=0.8357
Epoch 099/200 | TrainLoss=0.3757 (Cls=0.3489, Cont=5.3458) | Val AUC=0.9173 AUPR=0.8865 F1=0.8045 ACC=0.8318
Epoch 100/200 | TrainLoss=0.3757 (Cls=0.3490, Cont=5.3344) | Val AUC=0.9174 AUPR=0.8867 F1=0.8037 ACC=0.8344
Epoch 101/200 | TrainLoss=0.3752 (Cls=0.3485, Cont=5.3383) | Val AUC=0.9173 AUPR=0.8868 F1=0.8032 ACC=0.8374
Epoch 102/200 | TrainLoss=0.3751 (Cls=0.3484, Cont=5.3348) | Val AUC=0.9171 AUPR=0.8866 F1=0.8034 ACC=0.8361
Epoch 103/200 | TrainLoss=0.3754 (Cls=0.3487, Cont=5.3421) | Val AUC=0.9173 AUPR=0.8867 F1=0.8031 ACC=0.8378
Epoch 104/200 | TrainLoss=0.3748 (Cls=0.3481, Cont=5.3399) | Val AUC=0.9178 AUPR=0.8874 F1=0.8035 ACC=0.8295
Epoch 105/200 | TrainLoss=0.3736 (Cls=0.3469, Cont=5.3513) | Val AUC=0.9179 AUPR=0.8875 F1=0.8047 ACC=0.8382
Epoch 106/200 | TrainLoss=0.3738 (Cls=0.3471, Cont=5.3405) | Val AUC=0.9181 AUPR=0.8876 F1=0.8048 ACC=0.8334
Epoch 107/200 | TrainLoss=0.3730 (Cls=0.3463, Cont=5.3364) | Val AUC=0.9181 AUPR=0.8874 F1=0.8063 ACC=0.8384
Epoch 108/200 | TrainLoss=0.3738 (Cls=0.3471, Cont=5.3382) | Val AUC=0.9184 AUPR=0.8878 F1=0.8057 ACC=0.8368
Epoch 109/200 | TrainLoss=0.3730 (Cls=0.3464, Cont=5.3213) | Val AUC=0.9193 AUPR=0.8891 F1=0.8080 ACC=0.8377
Epoch 110/200 | TrainLoss=0.3725 (Cls=0.3458, Cont=5.3321) | Val AUC=0.9196 AUPR=0.8895 F1=0.8076 ACC=0.8392
Epoch 111/200 | TrainLoss=0.3720 (Cls=0.3453, Cont=5.3318) | Val AUC=0.9195 AUPR=0.8894 F1=0.8083 ACC=0.8369
Epoch 112/200 | TrainLoss=0.3721 (Cls=0.3454, Cont=5.3427) | Val AUC=0.9192 AUPR=0.8890 F1=0.8094 ACC=0.8363
Epoch 113/200 | TrainLoss=0.3720 (Cls=0.3454, Cont=5.3190) | Val AUC=0.9192 AUPR=0.8888 F1=0.8097 ACC=0.8385
Epoch 114/200 | TrainLoss=0.3706 (Cls=0.3440, Cont=5.3204) | Val AUC=0.9195 AUPR=0.8891 F1=0.8106 ACC=0.8406
Epoch 115/200 | TrainLoss=0.3706 (Cls=0.3439, Cont=5.3472) | Val AUC=0.9196 AUPR=0.8892 F1=0.8088 ACC=0.8377
Epoch 116/200 | TrainLoss=0.3705 (Cls=0.3437, Cont=5.3525) | Val AUC=0.9197 AUPR=0.8893 F1=0.8088 ACC=0.8389
Epoch 117/200 | TrainLoss=0.3708 (Cls=0.3441, Cont=5.3426) | Val AUC=0.9199 AUPR=0.8896 F1=0.8097 ACC=0.8421
Epoch 118/200 | TrainLoss=0.3695 (Cls=0.3429, Cont=5.3319) | Val AUC=0.9200 AUPR=0.8896 F1=0.8099 ACC=0.8407
Epoch 119/200 | TrainLoss=0.3704 (Cls=0.3438, Cont=5.3347) | Val AUC=0.9202 AUPR=0.8899 F1=0.8092 ACC=0.8407
Epoch 120/200 | TrainLoss=0.3694 (Cls=0.3428, Cont=5.3326) | Val AUC=0.9201 AUPR=0.8897 F1=0.8101 ACC=0.8420
Epoch 121/200 | TrainLoss=0.3695 (Cls=0.3428, Cont=5.3482) | Val AUC=0.9197 AUPR=0.8888 F1=0.8096 ACC=0.8390
Epoch 122/200 | TrainLoss=0.3702 (Cls=0.3436, Cont=5.3274) | Val AUC=0.9202 AUPR=0.8897 F1=0.8102 ACC=0.8408
Epoch 123/200 | TrainLoss=0.3688 (Cls=0.3421, Cont=5.3418) | Val AUC=0.9206 AUPR=0.8902 F1=0.8095 ACC=0.8421
Epoch 124/200 | TrainLoss=0.3677 (Cls=0.3411, Cont=5.3290) | Val AUC=0.9210 AUPR=0.8906 F1=0.8108 ACC=0.8377
Epoch 125/200 | TrainLoss=0.3681 (Cls=0.3414, Cont=5.3374) | Val AUC=0.9212 AUPR=0.8907 F1=0.8118 ACC=0.8395
Epoch 126/200 | TrainLoss=0.3671 (Cls=0.3404, Cont=5.3417) | Val AUC=0.9210 AUPR=0.8903 F1=0.8123 ACC=0.8415
Epoch 127/200 | TrainLoss=0.3662 (Cls=0.3395, Cont=5.3383) | Val AUC=0.9208 AUPR=0.8898 F1=0.8105 ACC=0.8411
Epoch 128/200 | TrainLoss=0.3666 (Cls=0.3399, Cont=5.3420) | Val AUC=0.9207 AUPR=0.8899 F1=0.8091 ACC=0.8411
Epoch 129/200 | TrainLoss=0.3672 (Cls=0.3405, Cont=5.3308) | Val AUC=0.9210 AUPR=0.8906 F1=0.8094 ACC=0.8439
Epoch 130/200 | TrainLoss=0.3655 (Cls=0.3388, Cont=5.3339) | Val AUC=0.9216 AUPR=0.8917 F1=0.8110 ACC=0.8418
Epoch 131/200 | TrainLoss=0.3656 (Cls=0.3389, Cont=5.3422) | Val AUC=0.9224 AUPR=0.8928 F1=0.8126 ACC=0.8436
Epoch 132/200 | TrainLoss=0.3639 (Cls=0.3372, Cont=5.3398) | Val AUC=0.9225 AUPR=0.8932 F1=0.8134 ACC=0.8411
Epoch 133/200 | TrainLoss=0.3642 (Cls=0.3376, Cont=5.3214) | Val AUC=0.9228 AUPR=0.8936 F1=0.8136 ACC=0.8443
Epoch 134/200 | TrainLoss=0.3647 (Cls=0.3380, Cont=5.3335) | Val AUC=0.9231 AUPR=0.8938 F1=0.8145 ACC=0.8377
Epoch 135/200 | TrainLoss=0.3630 (Cls=0.3364, Cont=5.3278) | Val AUC=0.9234 AUPR=0.8943 F1=0.8149 ACC=0.8375
Epoch 136/200 | TrainLoss=0.3640 (Cls=0.3373, Cont=5.3383) | Val AUC=0.9235 AUPR=0.8947 F1=0.8143 ACC=0.8420
Epoch 137/200 | TrainLoss=0.3628 (Cls=0.3362, Cont=5.3350) | Val AUC=0.9234 AUPR=0.8943 F1=0.8148 ACC=0.8438
Epoch 138/200 | TrainLoss=0.3643 (Cls=0.3376, Cont=5.3335) | Val AUC=0.9239 AUPR=0.8952 F1=0.8158 ACC=0.8411
Epoch 139/200 | TrainLoss=0.3612 (Cls=0.3345, Cont=5.3329) | Val AUC=0.9244 AUPR=0.8960 F1=0.8166 ACC=0.8484
Epoch 140/200 | TrainLoss=0.3620 (Cls=0.3354, Cont=5.3180) | Val AUC=0.9247 AUPR=0.8965 F1=0.8166 ACC=0.8451
Epoch 141/200 | TrainLoss=0.3612 (Cls=0.3346, Cont=5.3265) | Val AUC=0.9246 AUPR=0.8963 F1=0.8157 ACC=0.8468
Epoch 142/200 | TrainLoss=0.3606 (Cls=0.3339, Cont=5.3417) | Val AUC=0.9247 AUPR=0.8964 F1=0.8154 ACC=0.8492
Epoch 143/200 | TrainLoss=0.3604 (Cls=0.3337, Cont=5.3381) | Val AUC=0.9248 AUPR=0.8964 F1=0.8164 ACC=0.8449
Epoch 144/200 | TrainLoss=0.3594 (Cls=0.3327, Cont=5.3347) | Val AUC=0.9252 AUPR=0.8970 F1=0.8177 ACC=0.8519
Epoch 145/200 | TrainLoss=0.3600 (Cls=0.3333, Cont=5.3257) | Val AUC=0.9253 AUPR=0.8972 F1=0.8178 ACC=0.8436
Epoch 146/200 | TrainLoss=0.3589 (Cls=0.3323, Cont=5.3299) | Val AUC=0.9255 AUPR=0.8974 F1=0.8179 ACC=0.8427
Epoch 147/200 | TrainLoss=0.3593 (Cls=0.3326, Cont=5.3319) | Val AUC=0.9254 AUPR=0.8973 F1=0.8172 ACC=0.8417
Epoch 148/200 | TrainLoss=0.3591 (Cls=0.3324, Cont=5.3325) | Val AUC=0.9254 AUPR=0.8975 F1=0.8157 ACC=0.8472
Epoch 149/200 | TrainLoss=0.3590 (Cls=0.3324, Cont=5.3198) | Val AUC=0.9252 AUPR=0.8976 F1=0.8156 ACC=0.8406
Epoch 150/200 | TrainLoss=0.3589 (Cls=0.3323, Cont=5.3282) | Val AUC=0.9253 AUPR=0.8973 F1=0.8165 ACC=0.8452
Epoch 151/200 | TrainLoss=0.3578 (Cls=0.3312, Cont=5.3150) | Val AUC=0.9255 AUPR=0.8976 F1=0.8173 ACC=0.8424
Epoch 152/200 | TrainLoss=0.3575 (Cls=0.3309, Cont=5.3209) | Val AUC=0.9259 AUPR=0.8983 F1=0.8183 ACC=0.8482
Epoch 153/200 | TrainLoss=0.3572 (Cls=0.3307, Cont=5.3111) | Val AUC=0.9263 AUPR=0.8992 F1=0.8186 ACC=0.8475
Epoch 154/200 | TrainLoss=0.3574 (Cls=0.3307, Cont=5.3403) | Val AUC=0.9262 AUPR=0.8990 F1=0.8194 ACC=0.8462
Epoch 155/200 | TrainLoss=0.3568 (Cls=0.3302, Cont=5.3191) | Val AUC=0.9260 AUPR=0.8985 F1=0.8194 ACC=0.8490
Epoch 156/200 | TrainLoss=0.3562 (Cls=0.3296, Cont=5.3275) | Val AUC=0.9264 AUPR=0.8992 F1=0.8197 ACC=0.8506
Epoch 157/200 | TrainLoss=0.3554 (Cls=0.3287, Cont=5.3301) | Val AUC=0.9263 AUPR=0.8988 F1=0.8187 ACC=0.8472
Epoch 158/200 | TrainLoss=0.3561 (Cls=0.3294, Cont=5.3299) | Val AUC=0.9264 AUPR=0.8989 F1=0.8196 ACC=0.8472
Epoch 159/200 | TrainLoss=0.3556 (Cls=0.3291, Cont=5.3062) | Val AUC=0.9262 AUPR=0.8986 F1=0.8185 ACC=0.8463
Epoch 160/200 | TrainLoss=0.3553 (Cls=0.3286, Cont=5.3320) | Val AUC=0.9261 AUPR=0.8986 F1=0.8198 ACC=0.8509
Epoch 161/200 | TrainLoss=0.3553 (Cls=0.3287, Cont=5.3256) | Val AUC=0.9258 AUPR=0.8985 F1=0.8196 ACC=0.8520
Epoch 162/200 | TrainLoss=0.3536 (Cls=0.3271, Cont=5.3141) | Val AUC=0.9255 AUPR=0.8981 F1=0.8198 ACC=0.8494
Epoch 163/200 | TrainLoss=0.3553 (Cls=0.3287, Cont=5.3245) | Val AUC=0.9263 AUPR=0.8992 F1=0.8200 ACC=0.8494
Epoch 164/200 | TrainLoss=0.3535 (Cls=0.3269, Cont=5.3188) | Val AUC=0.9267 AUPR=0.8994 F1=0.8206 ACC=0.8510
Epoch 165/200 | TrainLoss=0.3530 (Cls=0.3264, Cont=5.3246) | Val AUC=0.9270 AUPR=0.9001 F1=0.8205 ACC=0.8500
Epoch 166/200 | TrainLoss=0.3537 (Cls=0.3271, Cont=5.3204) | Val AUC=0.9270 AUPR=0.9002 F1=0.8232 ACC=0.8526
Epoch 167/200 | TrainLoss=0.3533 (Cls=0.3266, Cont=5.3216) | Val AUC=0.9269 AUPR=0.9001 F1=0.8217 ACC=0.8503
Epoch 168/200 | TrainLoss=0.3537 (Cls=0.3271, Cont=5.3132) | Val AUC=0.9269 AUPR=0.9000 F1=0.8206 ACC=0.8483
Epoch 169/200 | TrainLoss=0.3539 (Cls=0.3273, Cont=5.3160) | Val AUC=0.9267 AUPR=0.8996 F1=0.8208 ACC=0.8470
Epoch 170/200 | TrainLoss=0.3529 (Cls=0.3263, Cont=5.3188) | Val AUC=0.9258 AUPR=0.8982 F1=0.8193 ACC=0.8470
Epoch 171/200 | TrainLoss=0.3533 (Cls=0.3267, Cont=5.3247) | Val AUC=0.9259 AUPR=0.8985 F1=0.8176 ACC=0.8430
Epoch 172/200 | TrainLoss=0.3522 (Cls=0.3255, Cont=5.3330) | Val AUC=0.9265 AUPR=0.8994 F1=0.8182 ACC=0.8512
Epoch 173/200 | TrainLoss=0.3528 (Cls=0.3262, Cont=5.3312) | Val AUC=0.9263 AUPR=0.8993 F1=0.8192 ACC=0.8496
Epoch 174/200 | TrainLoss=0.3525 (Cls=0.3259, Cont=5.3220) | Val AUC=0.9255 AUPR=0.8983 F1=0.8177 ACC=0.8462
Epoch 175/200 | TrainLoss=0.3521 (Cls=0.3255, Cont=5.3246) | Val AUC=0.9262 AUPR=0.8996 F1=0.8213 ACC=0.8519
Epoch 176/200 | TrainLoss=0.3509 (Cls=0.3241, Cont=5.3474) | Val AUC=0.9269 AUPR=0.9008 F1=0.8188 ACC=0.8527
Epoch 177/200 | TrainLoss=0.3526 (Cls=0.3260, Cont=5.3142) | Val AUC=0.9271 AUPR=0.9009 F1=0.8188 ACC=0.8506
Epoch 178/200 | TrainLoss=0.3495 (Cls=0.3229, Cont=5.3194) | Val AUC=0.9264 AUPR=0.8999 F1=0.8204 ACC=0.8479
Epoch 179/200 | TrainLoss=0.3503 (Cls=0.3237, Cont=5.3305) | Val AUC=0.9265 AUPR=0.9003 F1=0.8201 ACC=0.8468
Epoch 180/200 | TrainLoss=0.3506 (Cls=0.3240, Cont=5.3207) | Val AUC=0.9268 AUPR=0.9010 F1=0.8196 ACC=0.8507
Epoch 181/200 | TrainLoss=0.3509 (Cls=0.3243, Cont=5.3226) | Val AUC=0.9263 AUPR=0.9006 F1=0.8170 ACC=0.8461
Epoch 182/200 | TrainLoss=0.3508 (Cls=0.3243, Cont=5.3161) | Val AUC=0.9262 AUPR=0.9003 F1=0.8186 ACC=0.8468
Epoch 183/200 | TrainLoss=0.3507 (Cls=0.3241, Cont=5.3227) | Val AUC=0.9263 AUPR=0.9005 F1=0.8194 ACC=0.8498
Epoch 184/200 | TrainLoss=0.3499 (Cls=0.3233, Cont=5.3243) | Val AUC=0.9259 AUPR=0.8998 F1=0.8179 ACC=0.8472
Epoch 185/200 | TrainLoss=0.3498 (Cls=0.3232, Cont=5.3172) | Val AUC=0.9263 AUPR=0.9002 F1=0.8186 ACC=0.8452
Epoch 186/200 | TrainLoss=0.3506 (Cls=0.3240, Cont=5.3261) | Val AUC=0.9266 AUPR=0.9005 F1=0.8212 ACC=0.8484
Epoch 187/200 | TrainLoss=0.3500 (Cls=0.3234, Cont=5.3192) | Val AUC=0.9264 AUPR=0.8999 F1=0.8199 ACC=0.8469
Epoch 188/200 | TrainLoss=0.3501 (Cls=0.3235, Cont=5.3278) | Val AUC=0.9265 AUPR=0.9000 F1=0.8189 ACC=0.8425
Epoch 189/200 | TrainLoss=0.3497 (Cls=0.3231, Cont=5.3275) | Val AUC=0.9263 AUPR=0.8999 F1=0.8175 ACC=0.8479
Epoch 190/200 | TrainLoss=0.3501 (Cls=0.3234, Cont=5.3256) | Val AUC=0.9268 AUPR=0.9007 F1=0.8191 ACC=0.8447
Epoch 191/200 | TrainLoss=0.3497 (Cls=0.3231, Cont=5.3150) | Val AUC=0.9270 AUPR=0.9009 F1=0.8197 ACC=0.8469
Epoch 192/200 | TrainLoss=0.3508 (Cls=0.3241, Cont=5.3273) | Val AUC=0.9273 AUPR=0.9014 F1=0.8205 ACC=0.8491
Epoch 193/200 | TrainLoss=0.3488 (Cls=0.3222, Cont=5.3216) | Val AUC=0.9273 AUPR=0.9011 F1=0.8200 ACC=0.8478
Epoch 194/200 | TrainLoss=0.3490 (Cls=0.3224, Cont=5.3194) | Val AUC=0.9270 AUPR=0.9005 F1=0.8226 ACC=0.8501
Epoch 195/200 | TrainLoss=0.3488 (Cls=0.3222, Cont=5.3216) | Val AUC=0.9267 AUPR=0.9001 F1=0.8209 ACC=0.8484
Epoch 196/200 | TrainLoss=0.3487 (Cls=0.3221, Cont=5.3165) | Val AUC=0.9267 AUPR=0.9003 F1=0.8206 ACC=0.8501
Epoch 197/200 | TrainLoss=0.3489 (Cls=0.3223, Cont=5.3118) | Val AUC=0.9269 AUPR=0.9007 F1=0.8209 ACC=0.8505
Epoch 198/200 | TrainLoss=0.3479 (Cls=0.3213, Cont=5.3205) | Val AUC=0.9267 AUPR=0.9005 F1=0.8189 ACC=0.8491
Epoch 199/200 | TrainLoss=0.3495 (Cls=0.3229, Cont=5.3207) | Val AUC=0.9267 AUPR=0.9004 F1=0.8196 ACC=0.8512
Epoch 200/200 | TrainLoss=0.3465 (Cls=0.3200, Cont=5.3186) | Val AUC=0.9268 AUPR=0.9008 F1=0.8199 ACC=0.8514
Fold 4 complete | Best Val AUC=0.9273 | Test AUC=0.9281 AUPR=0.9018 F1=0.8207 ACC=0.8459

================================================================================
Fold 5/5
================================================================================
Epoch 001/200 | TrainLoss=0.6842 (Cls=0.6842, Cont=0.0000) | Val AUC=0.5786 AUPR=0.4843 F1=0.5774 ACC=0.4076
Epoch 002/200 | TrainLoss=0.7018 (Cls=0.7018, Cont=0.0000) | Val AUC=0.5805 AUPR=0.4780 F1=0.5775 ACC=0.4187
Epoch 003/200 | TrainLoss=0.6566 (Cls=0.6566, Cont=0.0000) | Val AUC=0.5876 AUPR=0.4882 F1=0.5803 ACC=0.4370
Epoch 004/200 | TrainLoss=0.6496 (Cls=0.6496, Cont=0.0000) | Val AUC=0.5928 AUPR=0.4923 F1=0.5813 ACC=0.4440
Epoch 005/200 | TrainLoss=0.6363 (Cls=0.6363, Cont=0.0000) | Val AUC=0.5948 AUPR=0.4932 F1=0.5815 ACC=0.4509
Epoch 006/200 | TrainLoss=0.6168 (Cls=0.6168, Cont=0.0000) | Val AUC=0.5978 AUPR=0.4974 F1=0.5835 ACC=0.4498
Epoch 007/200 | TrainLoss=0.5969 (Cls=0.5969, Cont=0.0000) | Val AUC=0.5964 AUPR=0.4856 F1=0.5850 ACC=0.4510
Epoch 008/200 | TrainLoss=0.5689 (Cls=0.5689, Cont=0.0000) | Val AUC=0.5990 AUPR=0.4934 F1=0.5854 ACC=0.4620
Epoch 009/200 | TrainLoss=0.5387 (Cls=0.5387, Cont=0.0000) | Val AUC=0.6010 AUPR=0.4990 F1=0.5842 ACC=0.4580
Epoch 010/200 | TrainLoss=0.5122 (Cls=0.5122, Cont=0.0000) | Val AUC=0.6032 AUPR=0.5014 F1=0.5852 ACC=0.4485
Epoch 011/200 | TrainLoss=0.5198 (Cls=0.4872, Cont=6.5082) | Val AUC=0.6045 AUPR=0.5041 F1=0.5867 ACC=0.4615
Epoch 012/200 | TrainLoss=0.5030 (Cls=0.4748, Cont=5.6439) | Val AUC=0.6054 AUPR=0.5053 F1=0.5850 ACC=0.4565
Epoch 013/200 | TrainLoss=0.4882 (Cls=0.4608, Cont=5.4949) | Val AUC=0.6035 AUPR=0.5046 F1=0.5836 ACC=0.4534
Epoch 014/200 | TrainLoss=0.4673 (Cls=0.4400, Cont=5.4527) | Val AUC=0.6044 AUPR=0.5059 F1=0.5824 ACC=0.4606
Epoch 015/200 | TrainLoss=0.4589 (Cls=0.4317, Cont=5.4403) | Val AUC=0.6065 AUPR=0.5058 F1=0.5846 ACC=0.4637
Epoch 016/200 | TrainLoss=0.4445 (Cls=0.4173, Cont=5.4297) | Val AUC=0.6048 AUPR=0.5014 F1=0.5855 ACC=0.4634
Epoch 017/200 | TrainLoss=0.4443 (Cls=0.4172, Cont=5.4265) | Val AUC=0.6078 AUPR=0.5023 F1=0.5864 ACC=0.4621
Epoch 018/200 | TrainLoss=0.4400 (Cls=0.4129, Cont=5.4222) | Val AUC=0.6142 AUPR=0.5117 F1=0.5869 ACC=0.4680
Epoch 019/200 | TrainLoss=0.4419 (Cls=0.4148, Cont=5.4147) | Val AUC=0.6151 AUPR=0.5130 F1=0.5866 ACC=0.4564
Epoch 020/200 | TrainLoss=0.4345 (Cls=0.4074, Cont=5.4127) | Val AUC=0.6173 AUPR=0.5148 F1=0.5871 ACC=0.4645
Epoch 021/200 | TrainLoss=0.4310 (Cls=0.4040, Cont=5.3992) | Val AUC=0.6248 AUPR=0.5260 F1=0.5880 ACC=0.4670
Epoch 022/200 | TrainLoss=0.4310 (Cls=0.4040, Cont=5.3983) | Val AUC=0.6330 AUPR=0.5396 F1=0.5901 ACC=0.4857
Epoch 023/200 | TrainLoss=0.4335 (Cls=0.4065, Cont=5.3958) | Val AUC=0.6454 AUPR=0.5512 F1=0.5940 ACC=0.4886
Epoch 024/200 | TrainLoss=0.4248 (Cls=0.3978, Cont=5.3896) | Val AUC=0.6620 AUPR=0.5725 F1=0.5975 ACC=0.4971
Epoch 025/200 | TrainLoss=0.4265 (Cls=0.3995, Cont=5.3839) | Val AUC=0.6813 AUPR=0.6046 F1=0.6003 ACC=0.5284
Epoch 026/200 | TrainLoss=0.4269 (Cls=0.4001, Cont=5.3720) | Val AUC=0.7011 AUPR=0.6338 F1=0.6072 ACC=0.5775
Epoch 027/200 | TrainLoss=0.4195 (Cls=0.3926, Cont=5.3702) | Val AUC=0.7150 AUPR=0.6535 F1=0.6154 ACC=0.6028
Epoch 028/200 | TrainLoss=0.4181 (Cls=0.3913, Cont=5.3760) | Val AUC=0.7438 AUPR=0.6885 F1=0.6361 ACC=0.6744
Epoch 029/200 | TrainLoss=0.4149 (Cls=0.3882, Cont=5.3529) | Val AUC=0.7958 AUPR=0.7410 F1=0.6816 ACC=0.7069
Epoch 030/200 | TrainLoss=0.4139 (Cls=0.3870, Cont=5.3836) | Val AUC=0.8233 AUPR=0.7697 F1=0.7095 ACC=0.7410
Epoch 031/200 | TrainLoss=0.4128 (Cls=0.3859, Cont=5.3746) | Val AUC=0.8313 AUPR=0.7759 F1=0.7177 ACC=0.7508
Epoch 032/200 | TrainLoss=0.4133 (Cls=0.3865, Cont=5.3601) | Val AUC=0.8530 AUPR=0.8012 F1=0.7401 ACC=0.7776
Epoch 033/200 | TrainLoss=0.4094 (Cls=0.3826, Cont=5.3746) | Val AUC=0.8734 AUPR=0.8235 F1=0.7615 ACC=0.7990
Epoch 034/200 | TrainLoss=0.4086 (Cls=0.3818, Cont=5.3708) | Val AUC=0.8784 AUPR=0.8292 F1=0.7641 ACC=0.7898
Epoch 035/200 | TrainLoss=0.4067 (Cls=0.3800, Cont=5.3492) | Val AUC=0.8810 AUPR=0.8339 F1=0.7676 ACC=0.7935
Epoch 036/200 | TrainLoss=0.4074 (Cls=0.3806, Cont=5.3621) | Val AUC=0.8827 AUPR=0.8378 F1=0.7681 ACC=0.7976
Epoch 037/200 | TrainLoss=0.4086 (Cls=0.3818, Cont=5.3455) | Val AUC=0.8907 AUPR=0.8477 F1=0.7795 ACC=0.8118
Epoch 038/200 | TrainLoss=0.3994 (Cls=0.3726, Cont=5.3584) | Val AUC=0.8964 AUPR=0.8534 F1=0.7869 ACC=0.8116
Epoch 039/200 | TrainLoss=0.4021 (Cls=0.3753, Cont=5.3645) | Val AUC=0.8992 AUPR=0.8583 F1=0.7875 ACC=0.8099
Epoch 040/200 | TrainLoss=0.4021 (Cls=0.3753, Cont=5.3644) | Val AUC=0.9020 AUPR=0.8640 F1=0.7871 ACC=0.8044
Epoch 041/200 | TrainLoss=0.4021 (Cls=0.3753, Cont=5.3508) | Val AUC=0.9051 AUPR=0.8682 F1=0.7937 ACC=0.8185
Epoch 042/200 | TrainLoss=0.4014 (Cls=0.3746, Cont=5.3548) | Val AUC=0.9082 AUPR=0.8720 F1=0.7964 ACC=0.8284
Epoch 043/200 | TrainLoss=0.4019 (Cls=0.3751, Cont=5.3561) | Val AUC=0.9110 AUPR=0.8751 F1=0.8006 ACC=0.8329
Epoch 044/200 | TrainLoss=0.3978 (Cls=0.3710, Cont=5.3519) | Val AUC=0.9109 AUPR=0.8747 F1=0.8033 ACC=0.8289
Epoch 045/200 | TrainLoss=0.3985 (Cls=0.3718, Cont=5.3464) | Val AUC=0.9113 AUPR=0.8752 F1=0.8028 ACC=0.8302
Epoch 046/200 | TrainLoss=0.3977 (Cls=0.3709, Cont=5.3671) | Val AUC=0.9122 AUPR=0.8767 F1=0.8050 ACC=0.8306
Epoch 047/200 | TrainLoss=0.3976 (Cls=0.3708, Cont=5.3583) | Val AUC=0.9119 AUPR=0.8769 F1=0.8034 ACC=0.8274
Epoch 048/200 | TrainLoss=0.3966 (Cls=0.3698, Cont=5.3540) | Val AUC=0.9123 AUPR=0.8772 F1=0.8042 ACC=0.8262
Epoch 049/200 | TrainLoss=0.3964 (Cls=0.3697, Cont=5.3432) | Val AUC=0.9119 AUPR=0.8771 F1=0.8054 ACC=0.8325
Epoch 050/200 | TrainLoss=0.3961 (Cls=0.3693, Cont=5.3636) | Val AUC=0.9110 AUPR=0.8761 F1=0.8018 ACC=0.8316
Epoch 051/200 | TrainLoss=0.3927 (Cls=0.3659, Cont=5.3526) | Val AUC=0.9108 AUPR=0.8759 F1=0.8000 ACC=0.8272
Epoch 052/200 | TrainLoss=0.3927 (Cls=0.3660, Cont=5.3395) | Val AUC=0.9123 AUPR=0.8777 F1=0.8024 ACC=0.8234
Epoch 053/200 | TrainLoss=0.3920 (Cls=0.3652, Cont=5.3428) | Val AUC=0.9121 AUPR=0.8780 F1=0.8016 ACC=0.8250
Epoch 054/200 | TrainLoss=0.3922 (Cls=0.3654, Cont=5.3683) | Val AUC=0.9116 AUPR=0.8776 F1=0.8019 ACC=0.8302
Epoch 055/200 | TrainLoss=0.3929 (Cls=0.3661, Cont=5.3569) | Val AUC=0.9118 AUPR=0.8776 F1=0.8015 ACC=0.8237
Epoch 056/200 | TrainLoss=0.3911 (Cls=0.3643, Cont=5.3493) | Val AUC=0.9130 AUPR=0.8787 F1=0.8028 ACC=0.8295
Epoch 057/200 | TrainLoss=0.3905 (Cls=0.3637, Cont=5.3580) | Val AUC=0.9139 AUPR=0.8799 F1=0.8052 ACC=0.8317
Epoch 058/200 | TrainLoss=0.3903 (Cls=0.3636, Cont=5.3385) | Val AUC=0.9139 AUPR=0.8801 F1=0.8059 ACC=0.8315
Epoch 059/200 | TrainLoss=0.3905 (Cls=0.3639, Cont=5.3379) | Val AUC=0.9133 AUPR=0.8795 F1=0.8027 ACC=0.8321
Epoch 060/200 | TrainLoss=0.3883 (Cls=0.3616, Cont=5.3435) | Val AUC=0.9122 AUPR=0.8781 F1=0.8022 ACC=0.8303
Epoch 061/200 | TrainLoss=0.3892 (Cls=0.3625, Cont=5.3380) | Val AUC=0.9117 AUPR=0.8774 F1=0.8011 ACC=0.8291
Epoch 062/200 | TrainLoss=0.3879 (Cls=0.3611, Cont=5.3515) | Val AUC=0.9121 AUPR=0.8778 F1=0.8014 ACC=0.8338
Epoch 063/200 | TrainLoss=0.3891 (Cls=0.3623, Cont=5.3542) | Val AUC=0.9124 AUPR=0.8780 F1=0.8017 ACC=0.8289
Epoch 064/200 | TrainLoss=0.3870 (Cls=0.3603, Cont=5.3363) | Val AUC=0.9132 AUPR=0.8790 F1=0.8016 ACC=0.8268
Epoch 065/200 | TrainLoss=0.3872 (Cls=0.3604, Cont=5.3559) | Val AUC=0.9140 AUPR=0.8804 F1=0.8023 ACC=0.8268
Epoch 066/200 | TrainLoss=0.3863 (Cls=0.3596, Cont=5.3373) | Val AUC=0.9143 AUPR=0.8813 F1=0.8041 ACC=0.8250
Epoch 067/200 | TrainLoss=0.3858 (Cls=0.3591, Cont=5.3409) | Val AUC=0.9142 AUPR=0.8815 F1=0.8038 ACC=0.8266
Epoch 068/200 | TrainLoss=0.3857 (Cls=0.3590, Cont=5.3408) | Val AUC=0.9135 AUPR=0.8805 F1=0.8026 ACC=0.8289
Epoch 069/200 | TrainLoss=0.3836 (Cls=0.3569, Cont=5.3428) | Val AUC=0.9133 AUPR=0.8802 F1=0.8029 ACC=0.8268
Epoch 070/200 | TrainLoss=0.3855 (Cls=0.3587, Cont=5.3433) | Val AUC=0.9138 AUPR=0.8810 F1=0.8047 ACC=0.8311
Epoch 071/200 | TrainLoss=0.3845 (Cls=0.3577, Cont=5.3584) | Val AUC=0.9142 AUPR=0.8814 F1=0.8065 ACC=0.8311
Epoch 072/200 | TrainLoss=0.3845 (Cls=0.3578, Cont=5.3474) | Val AUC=0.9144 AUPR=0.8820 F1=0.8064 ACC=0.8314
Epoch 073/200 | TrainLoss=0.3837 (Cls=0.3571, Cont=5.3328) | Val AUC=0.9142 AUPR=0.8815 F1=0.8054 ACC=0.8298
Epoch 074/200 | TrainLoss=0.3827 (Cls=0.3560, Cont=5.3437) | Val AUC=0.9146 AUPR=0.8818 F1=0.8052 ACC=0.8311
Epoch 075/200 | TrainLoss=0.3825 (Cls=0.3558, Cont=5.3503) | Val AUC=0.9150 AUPR=0.8824 F1=0.8058 ACC=0.8336
Epoch 076/200 | TrainLoss=0.3823 (Cls=0.3555, Cont=5.3496) | Val AUC=0.9149 AUPR=0.8822 F1=0.8061 ACC=0.8310
Epoch 077/200 | TrainLoss=0.3841 (Cls=0.3574, Cont=5.3445) | Val AUC=0.9149 AUPR=0.8823 F1=0.8052 ACC=0.8310
Epoch 078/200 | TrainLoss=0.3820 (Cls=0.3552, Cont=5.3506) | Val AUC=0.9148 AUPR=0.8822 F1=0.8065 ACC=0.8313
Epoch 079/200 | TrainLoss=0.3827 (Cls=0.3560, Cont=5.3445) | Val AUC=0.9154 AUPR=0.8833 F1=0.8078 ACC=0.8314
Epoch 080/200 | TrainLoss=0.3816 (Cls=0.3549, Cont=5.3381) | Val AUC=0.9162 AUPR=0.8846 F1=0.8080 ACC=0.8352
Epoch 081/200 | TrainLoss=0.3815 (Cls=0.3548, Cont=5.3369) | Val AUC=0.9166 AUPR=0.8852 F1=0.8083 ACC=0.8342
Epoch 082/200 | TrainLoss=0.3810 (Cls=0.3542, Cont=5.3506) | Val AUC=0.9167 AUPR=0.8855 F1=0.8087 ACC=0.8401
Epoch 083/200 | TrainLoss=0.3797 (Cls=0.3530, Cont=5.3397) | Val AUC=0.9166 AUPR=0.8853 F1=0.8077 ACC=0.8331
Epoch 084/200 | TrainLoss=0.3795 (Cls=0.3528, Cont=5.3451) | Val AUC=0.9164 AUPR=0.8852 F1=0.8069 ACC=0.8302
Epoch 085/200 | TrainLoss=0.3793 (Cls=0.3526, Cont=5.3334) | Val AUC=0.9169 AUPR=0.8858 F1=0.8083 ACC=0.8315
Epoch 086/200 | TrainLoss=0.3802 (Cls=0.3535, Cont=5.3326) | Val AUC=0.9167 AUPR=0.8853 F1=0.8079 ACC=0.8365
Epoch 087/200 | TrainLoss=0.3805 (Cls=0.3538, Cont=5.3394) | Val AUC=0.9164 AUPR=0.8849 F1=0.8070 ACC=0.8306
Epoch 088/200 | TrainLoss=0.3785 (Cls=0.3518, Cont=5.3434) | Val AUC=0.9159 AUPR=0.8845 F1=0.8071 ACC=0.8320
Epoch 089/200 | TrainLoss=0.3803 (Cls=0.3535, Cont=5.3459) | Val AUC=0.9151 AUPR=0.8832 F1=0.8061 ACC=0.8344
Epoch 090/200 | TrainLoss=0.3787 (Cls=0.3520, Cont=5.3388) | Val AUC=0.9139 AUPR=0.8810 F1=0.8021 ACC=0.8273
Epoch 091/200 | TrainLoss=0.3801 (Cls=0.3534, Cont=5.3399) | Val AUC=0.9149 AUPR=0.8825 F1=0.8045 ACC=0.8322
Epoch 092/200 | TrainLoss=0.3791 (Cls=0.3523, Cont=5.3553) | Val AUC=0.9162 AUPR=0.8842 F1=0.8065 ACC=0.8317
Epoch 093/200 | TrainLoss=0.3782 (Cls=0.3515, Cont=5.3317) | Val AUC=0.9168 AUPR=0.8850 F1=0.8088 ACC=0.8349
Epoch 094/200 | TrainLoss=0.3785 (Cls=0.3518, Cont=5.3286) | Val AUC=0.9167 AUPR=0.8847 F1=0.8073 ACC=0.8330
Epoch 095/200 | TrainLoss=0.3772 (Cls=0.3505, Cont=5.3327) | Val AUC=0.9163 AUPR=0.8838 F1=0.8073 ACC=0.8310
Epoch 096/200 | TrainLoss=0.3777 (Cls=0.3511, Cont=5.3295) | Val AUC=0.9161 AUPR=0.8832 F1=0.8066 ACC=0.8295
Epoch 097/200 | TrainLoss=0.3779 (Cls=0.3512, Cont=5.3332) | Val AUC=0.9164 AUPR=0.8835 F1=0.8076 ACC=0.8326
Epoch 098/200 | TrainLoss=0.3775 (Cls=0.3508, Cont=5.3302) | Val AUC=0.9169 AUPR=0.8843 F1=0.8090 ACC=0.8341
Epoch 099/200 | TrainLoss=0.3764 (Cls=0.3497, Cont=5.3392) | Val AUC=0.9170 AUPR=0.8849 F1=0.8092 ACC=0.8341
Epoch 100/200 | TrainLoss=0.3792 (Cls=0.3525, Cont=5.3429) | Val AUC=0.9176 AUPR=0.8859 F1=0.8102 ACC=0.8361
Epoch 101/200 | TrainLoss=0.3765 (Cls=0.3498, Cont=5.3389) | Val AUC=0.9178 AUPR=0.8860 F1=0.8099 ACC=0.8367
Epoch 102/200 | TrainLoss=0.3774 (Cls=0.3507, Cont=5.3391) | Val AUC=0.9176 AUPR=0.8854 F1=0.8098 ACC=0.8334
Epoch 103/200 | TrainLoss=0.3764 (Cls=0.3497, Cont=5.3398) | Val AUC=0.9173 AUPR=0.8849 F1=0.8107 ACC=0.8373
Epoch 104/200 | TrainLoss=0.3776 (Cls=0.3509, Cont=5.3440) | Val AUC=0.9169 AUPR=0.8843 F1=0.8093 ACC=0.8368
Epoch 105/200 | TrainLoss=0.3749 (Cls=0.3482, Cont=5.3507) | Val AUC=0.9170 AUPR=0.8847 F1=0.8102 ACC=0.8388
Epoch 106/200 | TrainLoss=0.3751 (Cls=0.3484, Cont=5.3406) | Val AUC=0.9177 AUPR=0.8862 F1=0.8107 ACC=0.8382
Epoch 107/200 | TrainLoss=0.3737 (Cls=0.3469, Cont=5.3452) | Val AUC=0.9183 AUPR=0.8874 F1=0.8111 ACC=0.8421
Epoch 108/200 | TrainLoss=0.3746 (Cls=0.3479, Cont=5.3400) | Val AUC=0.9185 AUPR=0.8878 F1=0.8114 ACC=0.8337
Epoch 109/200 | TrainLoss=0.3754 (Cls=0.3487, Cont=5.3313) | Val AUC=0.9186 AUPR=0.8879 F1=0.8113 ACC=0.8340
Epoch 110/200 | TrainLoss=0.3742 (Cls=0.3475, Cont=5.3319) | Val AUC=0.9188 AUPR=0.8882 F1=0.8113 ACC=0.8377
Epoch 111/200 | TrainLoss=0.3741 (Cls=0.3474, Cont=5.3342) | Val AUC=0.9189 AUPR=0.8881 F1=0.8104 ACC=0.8349
Epoch 112/200 | TrainLoss=0.3741 (Cls=0.3473, Cont=5.3553) | Val AUC=0.9191 AUPR=0.8882 F1=0.8111 ACC=0.8364
Epoch 113/200 | TrainLoss=0.3728 (Cls=0.3461, Cont=5.3390) | Val AUC=0.9188 AUPR=0.8875 F1=0.8121 ACC=0.8394
Epoch 114/200 | TrainLoss=0.3718 (Cls=0.3451, Cont=5.3293) | Val AUC=0.9184 AUPR=0.8865 F1=0.8112 ACC=0.8377
Epoch 115/200 | TrainLoss=0.3727 (Cls=0.3460, Cont=5.3442) | Val AUC=0.9183 AUPR=0.8860 F1=0.8120 ACC=0.8401
Epoch 116/200 | TrainLoss=0.3729 (Cls=0.3463, Cont=5.3299) | Val AUC=0.9185 AUPR=0.8863 F1=0.8122 ACC=0.8391
Epoch 117/200 | TrainLoss=0.3724 (Cls=0.3458, Cont=5.3267) | Val AUC=0.9186 AUPR=0.8868 F1=0.8122 ACC=0.8400
Epoch 118/200 | TrainLoss=0.3709 (Cls=0.3442, Cont=5.3372) | Val AUC=0.9191 AUPR=0.8875 F1=0.8119 ACC=0.8373
Epoch 119/200 | TrainLoss=0.3708 (Cls=0.3442, Cont=5.3274) | Val AUC=0.9194 AUPR=0.8880 F1=0.8135 ACC=0.8355
Epoch 120/200 | TrainLoss=0.3709 (Cls=0.3442, Cont=5.3305) | Val AUC=0.9196 AUPR=0.8886 F1=0.8147 ACC=0.8412
Epoch 121/200 | TrainLoss=0.3694 (Cls=0.3426, Cont=5.3473) | Val AUC=0.9199 AUPR=0.8899 F1=0.8127 ACC=0.8419
Epoch 122/200 | TrainLoss=0.3700 (Cls=0.3434, Cont=5.3292) | Val AUC=0.9200 AUPR=0.8903 F1=0.8140 ACC=0.8423
Epoch 123/200 | TrainLoss=0.3680 (Cls=0.3414, Cont=5.3261) | Val AUC=0.9202 AUPR=0.8905 F1=0.8136 ACC=0.8421
Epoch 124/200 | TrainLoss=0.3678 (Cls=0.3412, Cont=5.3270) | Val AUC=0.9203 AUPR=0.8907 F1=0.8133 ACC=0.8385
Epoch 125/200 | TrainLoss=0.3689 (Cls=0.3422, Cont=5.3339) | Val AUC=0.9206 AUPR=0.8909 F1=0.8130 ACC=0.8431
Epoch 126/200 | TrainLoss=0.3672 (Cls=0.3405, Cont=5.3319) | Val AUC=0.9206 AUPR=0.8908 F1=0.8130 ACC=0.8374
Epoch 127/200 | TrainLoss=0.3663 (Cls=0.3397, Cont=5.3322) | Val AUC=0.9203 AUPR=0.8903 F1=0.8111 ACC=0.8351
Epoch 128/200 | TrainLoss=0.3661 (Cls=0.3395, Cont=5.3215) | Val AUC=0.9208 AUPR=0.8915 F1=0.8120 ACC=0.8375
Epoch 129/200 | TrainLoss=0.3654 (Cls=0.3387, Cont=5.3395) | Val AUC=0.9212 AUPR=0.8919 F1=0.8122 ACC=0.8378
Epoch 130/200 | TrainLoss=0.3669 (Cls=0.3402, Cont=5.3298) | Val AUC=0.9213 AUPR=0.8920 F1=0.8119 ACC=0.8386
Epoch 131/200 | TrainLoss=0.3653 (Cls=0.3387, Cont=5.3246) | Val AUC=0.9204 AUPR=0.8908 F1=0.8096 ACC=0.8422
Epoch 132/200 | TrainLoss=0.3640 (Cls=0.3374, Cont=5.3214) | Val AUC=0.9209 AUPR=0.8916 F1=0.8102 ACC=0.8333
Epoch 133/200 | TrainLoss=0.3623 (Cls=0.3357, Cont=5.3334) | Val AUC=0.9213 AUPR=0.8924 F1=0.8107 ACC=0.8395
Epoch 134/200 | TrainLoss=0.3628 (Cls=0.3361, Cont=5.3393) | Val AUC=0.9214 AUPR=0.8927 F1=0.8123 ACC=0.8406
Epoch 135/200 | TrainLoss=0.3625 (Cls=0.3359, Cont=5.3299) | Val AUC=0.9212 AUPR=0.8924 F1=0.8123 ACC=0.8433
Epoch 136/200 | TrainLoss=0.3623 (Cls=0.3358, Cont=5.3107) | Val AUC=0.9209 AUPR=0.8920 F1=0.8096 ACC=0.8378
Epoch 137/200 | TrainLoss=0.3629 (Cls=0.3362, Cont=5.3389) | Val AUC=0.9203 AUPR=0.8914 F1=0.8109 ACC=0.8393
Epoch 138/200 | TrainLoss=0.3630 (Cls=0.3364, Cont=5.3217) | Val AUC=0.9203 AUPR=0.8919 F1=0.8111 ACC=0.8370
Epoch 139/200 | TrainLoss=0.3598 (Cls=0.3331, Cont=5.3413) | Val AUC=0.9207 AUPR=0.8923 F1=0.8092 ACC=0.8362
Epoch 140/200 | TrainLoss=0.3610 (Cls=0.3344, Cont=5.3200) | Val AUC=0.9217 AUPR=0.8936 F1=0.8113 ACC=0.8372
Epoch 141/200 | TrainLoss=0.3597 (Cls=0.3330, Cont=5.3323) | Val AUC=0.9222 AUPR=0.8942 F1=0.8129 ACC=0.8405
Epoch 142/200 | TrainLoss=0.3598 (Cls=0.3331, Cont=5.3364) | Val AUC=0.9220 AUPR=0.8941 F1=0.8138 ACC=0.8464
Epoch 143/200 | TrainLoss=0.3595 (Cls=0.3329, Cont=5.3206) | Val AUC=0.9219 AUPR=0.8942 F1=0.8145 ACC=0.8459
Epoch 144/200 | TrainLoss=0.3604 (Cls=0.3337, Cont=5.3228) | Val AUC=0.9224 AUPR=0.8948 F1=0.8140 ACC=0.8430
Epoch 145/200 | TrainLoss=0.3597 (Cls=0.3330, Cont=5.3242) | Val AUC=0.9227 AUPR=0.8950 F1=0.8146 ACC=0.8427
Epoch 146/200 | TrainLoss=0.3615 (Cls=0.3348, Cont=5.3289) | Val AUC=0.9226 AUPR=0.8950 F1=0.8138 ACC=0.8428
Epoch 147/200 | TrainLoss=0.3581 (Cls=0.3315, Cont=5.3255) | Val AUC=0.9215 AUPR=0.8935 F1=0.8101 ACC=0.8367
Epoch 148/200 | TrainLoss=0.3597 (Cls=0.3330, Cont=5.3301) | Val AUC=0.9217 AUPR=0.8937 F1=0.8111 ACC=0.8412
Epoch 149/200 | TrainLoss=0.3573 (Cls=0.3306, Cont=5.3309) | Val AUC=0.9216 AUPR=0.8932 F1=0.8105 ACC=0.8410
Epoch 150/200 | TrainLoss=0.3579 (Cls=0.3313, Cont=5.3359) | Val AUC=0.9207 AUPR=0.8918 F1=0.8087 ACC=0.8351
Epoch 151/200 | TrainLoss=0.3580 (Cls=0.3314, Cont=5.3245) | Val AUC=0.9205 AUPR=0.8913 F1=0.8095 ACC=0.8350
Epoch 152/200 | TrainLoss=0.3563 (Cls=0.3296, Cont=5.3338) | Val AUC=0.9215 AUPR=0.8926 F1=0.8102 ACC=0.8366
Epoch 153/200 | TrainLoss=0.3571 (Cls=0.3305, Cont=5.3288) | Val AUC=0.9226 AUPR=0.8944 F1=0.8112 ACC=0.8350
Epoch 154/200 | TrainLoss=0.3554 (Cls=0.3288, Cont=5.3186) | Val AUC=0.9229 AUPR=0.8949 F1=0.8109 ACC=0.8382
Epoch 155/200 | TrainLoss=0.3550 (Cls=0.3284, Cont=5.3328) | Val AUC=0.9220 AUPR=0.8937 F1=0.8112 ACC=0.8362
Epoch 156/200 | TrainLoss=0.3566 (Cls=0.3300, Cont=5.3180) | Val AUC=0.9218 AUPR=0.8930 F1=0.8131 ACC=0.8382
Epoch 157/200 | TrainLoss=0.3552 (Cls=0.3286, Cont=5.3266) | Val AUC=0.9227 AUPR=0.8944 F1=0.8137 ACC=0.8411
Epoch 158/200 | TrainLoss=0.3556 (Cls=0.3289, Cont=5.3384) | Val AUC=0.9238 AUPR=0.8960 F1=0.8141 ACC=0.8413
Epoch 159/200 | TrainLoss=0.3544 (Cls=0.3277, Cont=5.3273) | Val AUC=0.9241 AUPR=0.8965 F1=0.8145 ACC=0.8403
Epoch 160/200 | TrainLoss=0.3555 (Cls=0.3290, Cont=5.3085) | Val AUC=0.9243 AUPR=0.8972 F1=0.8144 ACC=0.8417
Epoch 161/200 | TrainLoss=0.3564 (Cls=0.3298, Cont=5.3198) | Val AUC=0.9237 AUPR=0.8969 F1=0.8135 ACC=0.8411
Epoch 162/200 | TrainLoss=0.3532 (Cls=0.3266, Cont=5.3180) | Val AUC=0.9231 AUPR=0.8958 F1=0.8138 ACC=0.8436
Epoch 163/200 | TrainLoss=0.3532 (Cls=0.3265, Cont=5.3298) | Val AUC=0.9240 AUPR=0.8970 F1=0.8150 ACC=0.8415
Epoch 164/200 | TrainLoss=0.3531 (Cls=0.3265, Cont=5.3078) | Val AUC=0.9245 AUPR=0.8977 F1=0.8154 ACC=0.8422
Epoch 165/200 | TrainLoss=0.3531 (Cls=0.3264, Cont=5.3225) | Val AUC=0.9241 AUPR=0.8975 F1=0.8168 ACC=0.8465
Epoch 166/200 | TrainLoss=0.3531 (Cls=0.3265, Cont=5.3126) | Val AUC=0.9237 AUPR=0.8973 F1=0.8129 ACC=0.8367
Epoch 167/200 | TrainLoss=0.3525 (Cls=0.3259, Cont=5.3175) | Val AUC=0.9235 AUPR=0.8968 F1=0.8123 ACC=0.8365
Epoch 168/200 | TrainLoss=0.3526 (Cls=0.3260, Cont=5.3210) | Val AUC=0.9236 AUPR=0.8965 F1=0.8128 ACC=0.8396
Epoch 169/200 | TrainLoss=0.3535 (Cls=0.3270, Cont=5.3140) | Val AUC=0.9236 AUPR=0.8962 F1=0.8132 ACC=0.8380
Epoch 170/200 | TrainLoss=0.3527 (Cls=0.3260, Cont=5.3263) | Val AUC=0.9240 AUPR=0.8969 F1=0.8165 ACC=0.8400
Epoch 171/200 | TrainLoss=0.3527 (Cls=0.3261, Cont=5.3270) | Val AUC=0.9245 AUPR=0.8976 F1=0.8150 ACC=0.8427
Epoch 172/200 | TrainLoss=0.3526 (Cls=0.3260, Cont=5.3213) | Val AUC=0.9243 AUPR=0.8971 F1=0.8151 ACC=0.8402
Epoch 173/200 | TrainLoss=0.3524 (Cls=0.3257, Cont=5.3354) | Val AUC=0.9241 AUPR=0.8966 F1=0.8138 ACC=0.8386
Epoch 174/200 | TrainLoss=0.3516 (Cls=0.3250, Cont=5.3199) | Val AUC=0.9244 AUPR=0.8971 F1=0.8154 ACC=0.8398
Epoch 175/200 | TrainLoss=0.3507 (Cls=0.3241, Cont=5.3163) | Val AUC=0.9244 AUPR=0.8973 F1=0.8152 ACC=0.8440
Epoch 176/200 | TrainLoss=0.3514 (Cls=0.3248, Cont=5.3071) | Val AUC=0.9247 AUPR=0.8980 F1=0.8168 ACC=0.8434
Epoch 177/200 | TrainLoss=0.3508 (Cls=0.3242, Cont=5.3133) | Val AUC=0.9248 AUPR=0.8982 F1=0.8149 ACC=0.8374
Epoch 178/200 | TrainLoss=0.3508 (Cls=0.3242, Cont=5.3176) | Val AUC=0.9247 AUPR=0.8984 F1=0.8143 ACC=0.8395
Epoch 179/200 | TrainLoss=0.3502 (Cls=0.3236, Cont=5.3211) | Val AUC=0.9246 AUPR=0.8984 F1=0.8146 ACC=0.8436
Epoch 180/200 | TrainLoss=0.3506 (Cls=0.3239, Cont=5.3285) | Val AUC=0.9249 AUPR=0.8987 F1=0.8163 ACC=0.8407
Epoch 181/200 | TrainLoss=0.3493 (Cls=0.3227, Cont=5.3116) | Val AUC=0.9247 AUPR=0.8984 F1=0.8167 ACC=0.8402
Epoch 182/200 | TrainLoss=0.3511 (Cls=0.3245, Cont=5.3188) | Val AUC=0.9242 AUPR=0.8973 F1=0.8156 ACC=0.8406
Epoch 183/200 | TrainLoss=0.3501 (Cls=0.3234, Cont=5.3331) | Val AUC=0.9241 AUPR=0.8974 F1=0.8139 ACC=0.8395
Epoch 184/200 | TrainLoss=0.3499 (Cls=0.3234, Cont=5.3149) | Val AUC=0.9244 AUPR=0.8984 F1=0.8138 ACC=0.8412
Epoch 185/200 | TrainLoss=0.3495 (Cls=0.3228, Cont=5.3247) | Val AUC=0.9248 AUPR=0.8988 F1=0.8155 ACC=0.8432
Epoch 186/200 | TrainLoss=0.3496 (Cls=0.3230, Cont=5.3197) | Val AUC=0.9253 AUPR=0.8991 F1=0.8169 ACC=0.8455
Epoch 187/200 | TrainLoss=0.3501 (Cls=0.3235, Cont=5.3277) | Val AUC=0.9255 AUPR=0.8991 F1=0.8178 ACC=0.8457
Epoch 188/200 | TrainLoss=0.3507 (Cls=0.3242, Cont=5.3137) | Val AUC=0.9256 AUPR=0.8996 F1=0.8182 ACC=0.8422
Epoch 189/200 | TrainLoss=0.3487 (Cls=0.3221, Cont=5.3135) | Val AUC=0.9252 AUPR=0.8993 F1=0.8170 ACC=0.8417
Epoch 190/200 | TrainLoss=0.3484 (Cls=0.3218, Cont=5.3119) | Val AUC=0.9250 AUPR=0.8993 F1=0.8152 ACC=0.8395
Epoch 191/200 | TrainLoss=0.3489 (Cls=0.3222, Cont=5.3257) | Val AUC=0.9246 AUPR=0.8988 F1=0.8160 ACC=0.8388
Epoch 192/200 | TrainLoss=0.3487 (Cls=0.3221, Cont=5.3231) | Val AUC=0.9245 AUPR=0.8986 F1=0.8161 ACC=0.8413
Epoch 193/200 | TrainLoss=0.3490 (Cls=0.3225, Cont=5.3056) | Val AUC=0.9239 AUPR=0.8977 F1=0.8145 ACC=0.8410
Epoch 194/200 | TrainLoss=0.3494 (Cls=0.3228, Cont=5.3191) | Val AUC=0.9240 AUPR=0.8976 F1=0.8155 ACC=0.8407
Epoch 195/200 | TrainLoss=0.3493 (Cls=0.3226, Cont=5.3362) | Val AUC=0.9241 AUPR=0.8976 F1=0.8150 ACC=0.8390
Epoch 196/200 | TrainLoss=0.3470 (Cls=0.3204, Cont=5.3140) | Val AUC=0.9248 AUPR=0.8989 F1=0.8153 ACC=0.8419
Epoch 197/200 | TrainLoss=0.3475 (Cls=0.3209, Cont=5.3149) | Val AUC=0.9248 AUPR=0.8992 F1=0.8149 ACC=0.8436
Epoch 198/200 | TrainLoss=0.3493 (Cls=0.3226, Cont=5.3213) | Val AUC=0.9245 AUPR=0.8986 F1=0.8136 ACC=0.8440
Epoch 199/200 | TrainLoss=0.3480 (Cls=0.3214, Cont=5.3152) | Val AUC=0.9248 AUPR=0.8989 F1=0.8137 ACC=0.8431
Epoch 200/200 | TrainLoss=0.3467 (Cls=0.3201, Cont=5.3237) | Val AUC=0.9250 AUPR=0.8994 F1=0.8145 ACC=0.8383
Fold 5 complete | Best Val AUC=0.9256 | Test AUC=0.9261 AUPR=0.9009 F1=0.8207 ACC=0.8454

================================================================================
Cross-validation complete
Mean AUC:  0.9267 +/- 0.0009
Mean AUPR: 0.9009 +/- 0.0019
Mean F1:   0.8188 +/- 0.0021
Mean ACC:  0.8452 +/- 0.0012
Saved outputs to: /content/drive/MyDrive/CDRP models testing/flexible model/outputs/flexible_7omics_ge_chrom_meth_tmp_pathway_20260316_183802
