Run directory: /content/drive/MyDrive/CDRP models testing/scalable model/outputs/scalable_pathway_only_20260316_183802
Device: cuda
Command: /content/drive/MyDrive/CDRP models testing/scalable model/main_scalable.py --epoch 200 --k_fold 5 --device auto --run_name scalable_pathway_only_20260316_183802 --omics pathway
Loading aligned data from final_dataset...
Loaded data: pairs=109446, cells=425, drugs=298
Selected omics: pathway

================================================================================
Fold 1/5
================================================================================
Epoch 001/200 | TrainLoss=0.6962 (Cls=0.6962, Cont=0.0000) | Val AUC=0.5458 AUPR=0.4430 F1=0.5809 ACC=0.4120
Epoch 002/200 | TrainLoss=0.6836 (Cls=0.6836, Cont=0.0000) | Val AUC=0.5588 AUPR=0.4601 F1=0.5804 ACC=0.4098
Epoch 003/200 | TrainLoss=0.6576 (Cls=0.6576, Cont=0.0000) | Val AUC=0.5712 AUPR=0.4735 F1=0.5803 ACC=0.4091
Epoch 004/200 | TrainLoss=0.6493 (Cls=0.6493, Cont=0.0000) | Val AUC=0.5809 AUPR=0.4840 F1=0.5811 ACC=0.4303
Epoch 005/200 | TrainLoss=0.6343 (Cls=0.6343, Cont=0.0000) | Val AUC=0.5852 AUPR=0.4898 F1=0.5821 ACC=0.4727
Epoch 006/200 | TrainLoss=0.6107 (Cls=0.6107, Cont=0.0000) | Val AUC=0.5890 AUPR=0.4938 F1=0.5830 ACC=0.4496
Epoch 007/200 | TrainLoss=0.5919 (Cls=0.5919, Cont=0.0000) | Val AUC=0.5907 AUPR=0.4940 F1=0.5852 ACC=0.4629
Epoch 008/200 | TrainLoss=0.5689 (Cls=0.5689, Cont=0.0000) | Val AUC=0.5901 AUPR=0.4918 F1=0.5863 ACC=0.4680
Epoch 009/200 | TrainLoss=0.5439 (Cls=0.5439, Cont=0.0000) | Val AUC=0.5917 AUPR=0.4919 F1=0.5862 ACC=0.4617
Epoch 010/200 | TrainLoss=0.5196 (Cls=0.5196, Cont=0.0000) | Val AUC=0.5930 AUPR=0.4930 F1=0.5859 ACC=0.4510
Epoch 011/200 | TrainLoss=0.5285 (Cls=0.4939, Cont=6.9136) | Val AUC=0.5937 AUPR=0.4939 F1=0.5855 ACC=0.4500
Epoch 012/200 | TrainLoss=0.5016 (Cls=0.4731, Cont=5.6819) | Val AUC=0.5966 AUPR=0.4984 F1=0.5865 ACC=0.4651
Epoch 013/200 | TrainLoss=0.4941 (Cls=0.4666, Cont=5.5048) | Val AUC=0.6000 AUPR=0.5019 F1=0.5867 ACC=0.4668
Epoch 014/200 | TrainLoss=0.4850 (Cls=0.4577, Cont=5.4596) | Val AUC=0.6027 AUPR=0.5047 F1=0.5882 ACC=0.4791
Epoch 015/200 | TrainLoss=0.4872 (Cls=0.4599, Cont=5.4435) | Val AUC=0.6062 AUPR=0.5043 F1=0.5899 ACC=0.4923
Epoch 016/200 | TrainLoss=0.4695 (Cls=0.4423, Cont=5.4337) | Val AUC=0.6103 AUPR=0.5095 F1=0.5907 ACC=0.4876
Epoch 017/200 | TrainLoss=0.4522 (Cls=0.4250, Cont=5.4324) | Val AUC=0.6207 AUPR=0.5237 F1=0.5908 ACC=0.4926
Epoch 018/200 | TrainLoss=0.4526 (Cls=0.4255, Cont=5.4291) | Val AUC=0.6250 AUPR=0.5275 F1=0.5900 ACC=0.4753
Epoch 019/200 | TrainLoss=0.4499 (Cls=0.4228, Cont=5.4240) | Val AUC=0.6290 AUPR=0.5298 F1=0.5914 ACC=0.4869
Epoch 020/200 | TrainLoss=0.4445 (Cls=0.4174, Cont=5.4193) | Val AUC=0.6456 AUPR=0.5466 F1=0.5963 ACC=0.5185
Epoch 021/200 | TrainLoss=0.4477 (Cls=0.4206, Cont=5.4153) | Val AUC=0.6637 AUPR=0.5646 F1=0.6011 ACC=0.5562
Epoch 022/200 | TrainLoss=0.4361 (Cls=0.4090, Cont=5.4125) | Val AUC=0.6654 AUPR=0.5659 F1=0.6031 ACC=0.5258
Epoch 023/200 | TrainLoss=0.4398 (Cls=0.4127, Cont=5.4112) | Val AUC=0.6635 AUPR=0.5662 F1=0.6025 ACC=0.5461
Epoch 024/200 | TrainLoss=0.4358 (Cls=0.4088, Cont=5.4105) | Val AUC=0.6687 AUPR=0.5713 F1=0.6058 ACC=0.5562
Epoch 025/200 | TrainLoss=0.4384 (Cls=0.4114, Cont=5.3960) | Val AUC=0.6911 AUPR=0.5904 F1=0.6191 ACC=0.5636
Epoch 026/200 | TrainLoss=0.4308 (Cls=0.4038, Cont=5.3939) | Val AUC=0.7150 AUPR=0.6158 F1=0.6325 ACC=0.5808
Epoch 027/200 | TrainLoss=0.4268 (Cls=0.3999, Cont=5.3886) | Val AUC=0.7341 AUPR=0.6411 F1=0.6423 ACC=0.6106
Epoch 028/200 | TrainLoss=0.4315 (Cls=0.4046, Cont=5.3820) | Val AUC=0.7485 AUPR=0.6505 F1=0.6544 ACC=0.6448
Epoch 029/200 | TrainLoss=0.4267 (Cls=0.3999, Cont=5.3780) | Val AUC=0.7623 AUPR=0.6650 F1=0.6615 ACC=0.6660
Epoch 030/200 | TrainLoss=0.4201 (Cls=0.3933, Cont=5.3732) | Val AUC=0.7742 AUPR=0.6829 F1=0.6721 ACC=0.6823
Epoch 031/200 | TrainLoss=0.4239 (Cls=0.3970, Cont=5.3652) | Val AUC=0.7987 AUPR=0.7200 F1=0.6911 ACC=0.7023
Epoch 032/200 | TrainLoss=0.4233 (Cls=0.3964, Cont=5.3673) | Val AUC=0.8222 AUPR=0.7539 F1=0.7065 ACC=0.7171
Epoch 033/200 | TrainLoss=0.4187 (Cls=0.3919, Cont=5.3589) | Val AUC=0.8357 AUPR=0.7634 F1=0.7242 ACC=0.7485
Epoch 034/200 | TrainLoss=0.4167 (Cls=0.3898, Cont=5.3740) | Val AUC=0.8543 AUPR=0.7824 F1=0.7446 ACC=0.7690
Epoch 035/200 | TrainLoss=0.4126 (Cls=0.3857, Cont=5.3760) | Val AUC=0.8679 AUPR=0.8017 F1=0.7557 ACC=0.7867
Epoch 036/200 | TrainLoss=0.4149 (Cls=0.3880, Cont=5.3732) | Val AUC=0.8789 AUPR=0.8206 F1=0.7692 ACC=0.7971
Epoch 037/200 | TrainLoss=0.4111 (Cls=0.3843, Cont=5.3641) | Val AUC=0.8860 AUPR=0.8342 F1=0.7748 ACC=0.7998
Epoch 038/200 | TrainLoss=0.4102 (Cls=0.3833, Cont=5.3707) | Val AUC=0.8914 AUPR=0.8431 F1=0.7794 ACC=0.8011
Epoch 039/200 | TrainLoss=0.4115 (Cls=0.3847, Cont=5.3593) | Val AUC=0.8976 AUPR=0.8509 F1=0.7885 ACC=0.8111
Epoch 040/200 | TrainLoss=0.4086 (Cls=0.3819, Cont=5.3539) | Val AUC=0.8994 AUPR=0.8524 F1=0.7927 ACC=0.8145
Epoch 041/200 | TrainLoss=0.4093 (Cls=0.3825, Cont=5.3695) | Val AUC=0.9017 AUPR=0.8572 F1=0.7959 ACC=0.8180
Epoch 042/200 | TrainLoss=0.4102 (Cls=0.3833, Cont=5.3729) | Val AUC=0.9044 AUPR=0.8632 F1=0.7941 ACC=0.8178
Epoch 043/200 | TrainLoss=0.4065 (Cls=0.3797, Cont=5.3668) | Val AUC=0.9054 AUPR=0.8653 F1=0.7955 ACC=0.8208
Epoch 044/200 | TrainLoss=0.4089 (Cls=0.3821, Cont=5.3570) | Val AUC=0.9080 AUPR=0.8688 F1=0.7965 ACC=0.8252
Epoch 045/200 | TrainLoss=0.4074 (Cls=0.3807, Cont=5.3584) | Val AUC=0.9074 AUPR=0.8678 F1=0.7959 ACC=0.8173
Epoch 046/200 | TrainLoss=0.4063 (Cls=0.3795, Cont=5.3543) | Val AUC=0.9071 AUPR=0.8666 F1=0.7978 ACC=0.8219
Epoch 047/200 | TrainLoss=0.4052 (Cls=0.3783, Cont=5.3613) | Val AUC=0.9088 AUPR=0.8690 F1=0.8009 ACC=0.8256
Epoch 048/200 | TrainLoss=0.4025 (Cls=0.3757, Cont=5.3532) | Val AUC=0.9092 AUPR=0.8704 F1=0.8015 ACC=0.8286
Epoch 049/200 | TrainLoss=0.4050 (Cls=0.3782, Cont=5.3603) | Val AUC=0.9086 AUPR=0.8702 F1=0.8001 ACC=0.8246
Epoch 050/200 | TrainLoss=0.4005 (Cls=0.3737, Cont=5.3545) | Val AUC=0.9094 AUPR=0.8710 F1=0.8003 ACC=0.8241
Epoch 051/200 | TrainLoss=0.4021 (Cls=0.3754, Cont=5.3385) | Val AUC=0.9105 AUPR=0.8715 F1=0.8048 ACC=0.8273
Epoch 052/200 | TrainLoss=0.3982 (Cls=0.3715, Cont=5.3422) | Val AUC=0.9111 AUPR=0.8720 F1=0.8038 ACC=0.8250
Epoch 053/200 | TrainLoss=0.3977 (Cls=0.3709, Cont=5.3618) | Val AUC=0.9120 AUPR=0.8737 F1=0.8046 ACC=0.8271
Epoch 054/200 | TrainLoss=0.3987 (Cls=0.3720, Cont=5.3359) | Val AUC=0.9123 AUPR=0.8748 F1=0.8061 ACC=0.8284
Epoch 055/200 | TrainLoss=0.3960 (Cls=0.3691, Cont=5.3662) | Val AUC=0.9118 AUPR=0.8746 F1=0.8042 ACC=0.8315
Epoch 056/200 | TrainLoss=0.3954 (Cls=0.3686, Cont=5.3466) | Val AUC=0.9118 AUPR=0.8746 F1=0.8033 ACC=0.8300
Epoch 057/200 | TrainLoss=0.3964 (Cls=0.3697, Cont=5.3561) | Val AUC=0.9127 AUPR=0.8759 F1=0.8037 ACC=0.8328
Epoch 058/200 | TrainLoss=0.3968 (Cls=0.3700, Cont=5.3613) | Val AUC=0.9134 AUPR=0.8772 F1=0.8052 ACC=0.8294
Epoch 059/200 | TrainLoss=0.3950 (Cls=0.3682, Cont=5.3474) | Val AUC=0.9142 AUPR=0.8786 F1=0.8057 ACC=0.8323
Epoch 060/200 | TrainLoss=0.3946 (Cls=0.3679, Cont=5.3344) | Val AUC=0.9150 AUPR=0.8800 F1=0.8054 ACC=0.8307
Epoch 061/200 | TrainLoss=0.3932 (Cls=0.3665, Cont=5.3413) | Val AUC=0.9146 AUPR=0.8795 F1=0.8054 ACC=0.8305
Epoch 062/200 | TrainLoss=0.3933 (Cls=0.3665, Cont=5.3436) | Val AUC=0.9140 AUPR=0.8784 F1=0.8058 ACC=0.8350
Epoch 063/200 | TrainLoss=0.3925 (Cls=0.3657, Cont=5.3530) | Val AUC=0.9139 AUPR=0.8778 F1=0.8071 ACC=0.8324
Epoch 064/200 | TrainLoss=0.3928 (Cls=0.3661, Cont=5.3455) | Val AUC=0.9149 AUPR=0.8793 F1=0.8079 ACC=0.8350
Epoch 065/200 | TrainLoss=0.3923 (Cls=0.3655, Cont=5.3512) | Val AUC=0.9159 AUPR=0.8809 F1=0.8090 ACC=0.8342
Epoch 066/200 | TrainLoss=0.3920 (Cls=0.3652, Cont=5.3624) | Val AUC=0.9164 AUPR=0.8821 F1=0.8072 ACC=0.8336
Epoch 067/200 | TrainLoss=0.3902 (Cls=0.3635, Cont=5.3491) | Val AUC=0.9168 AUPR=0.8831 F1=0.8064 ACC=0.8264
Epoch 068/200 | TrainLoss=0.3901 (Cls=0.3634, Cont=5.3452) | Val AUC=0.9170 AUPR=0.8835 F1=0.8073 ACC=0.8343
Epoch 069/200 | TrainLoss=0.3889 (Cls=0.3622, Cont=5.3449) | Val AUC=0.9162 AUPR=0.8826 F1=0.8072 ACC=0.8329
Epoch 070/200 | TrainLoss=0.3903 (Cls=0.3635, Cont=5.3619) | Val AUC=0.9159 AUPR=0.8823 F1=0.8072 ACC=0.8338
Epoch 071/200 | TrainLoss=0.3892 (Cls=0.3624, Cont=5.3513) | Val AUC=0.9159 AUPR=0.8822 F1=0.8058 ACC=0.8266
Epoch 072/200 | TrainLoss=0.3886 (Cls=0.3620, Cont=5.3307) | Val AUC=0.9164 AUPR=0.8832 F1=0.8072 ACC=0.8331
Epoch 073/200 | TrainLoss=0.3889 (Cls=0.3623, Cont=5.3262) | Val AUC=0.9169 AUPR=0.8839 F1=0.8075 ACC=0.8300
Epoch 074/200 | TrainLoss=0.3876 (Cls=0.3609, Cont=5.3422) | Val AUC=0.9169 AUPR=0.8840 F1=0.8067 ACC=0.8305
Epoch 075/200 | TrainLoss=0.3868 (Cls=0.3601, Cont=5.3365) | Val AUC=0.9168 AUPR=0.8840 F1=0.8066 ACC=0.8289
Epoch 076/200 | TrainLoss=0.3888 (Cls=0.3621, Cont=5.3540) | Val AUC=0.9170 AUPR=0.8838 F1=0.8071 ACC=0.8291
Epoch 077/200 | TrainLoss=0.3862 (Cls=0.3596, Cont=5.3331) | Val AUC=0.9174 AUPR=0.8840 F1=0.8080 ACC=0.8289
Epoch 078/200 | TrainLoss=0.3867 (Cls=0.3599, Cont=5.3464) | Val AUC=0.9181 AUPR=0.8849 F1=0.8093 ACC=0.8338
Epoch 079/200 | TrainLoss=0.3879 (Cls=0.3611, Cont=5.3597) | Val AUC=0.9182 AUPR=0.8849 F1=0.8108 ACC=0.8337
Epoch 080/200 | TrainLoss=0.3855 (Cls=0.3588, Cont=5.3448) | Val AUC=0.9182 AUPR=0.8846 F1=0.8112 ACC=0.8363
Epoch 081/200 | TrainLoss=0.3853 (Cls=0.3585, Cont=5.3560) | Val AUC=0.9182 AUPR=0.8844 F1=0.8118 ACC=0.8393
Epoch 082/200 | TrainLoss=0.3845 (Cls=0.3577, Cont=5.3637) | Val AUC=0.9183 AUPR=0.8848 F1=0.8118 ACC=0.8385
Epoch 083/200 | TrainLoss=0.3843 (Cls=0.3576, Cont=5.3382) | Val AUC=0.9180 AUPR=0.8846 F1=0.8104 ACC=0.8370
Epoch 084/200 | TrainLoss=0.3838 (Cls=0.3570, Cont=5.3507) | Val AUC=0.9179 AUPR=0.8848 F1=0.8093 ACC=0.8360
Epoch 085/200 | TrainLoss=0.3830 (Cls=0.3564, Cont=5.3250) | Val AUC=0.9184 AUPR=0.8856 F1=0.8101 ACC=0.8390
Epoch 086/200 | TrainLoss=0.3835 (Cls=0.3568, Cont=5.3490) | Val AUC=0.9189 AUPR=0.8863 F1=0.8107 ACC=0.8410
Epoch 087/200 | TrainLoss=0.3829 (Cls=0.3562, Cont=5.3438) | Val AUC=0.9186 AUPR=0.8857 F1=0.8095 ACC=0.8408
Epoch 088/200 | TrainLoss=0.3839 (Cls=0.3572, Cont=5.3400) | Val AUC=0.9191 AUPR=0.8864 F1=0.8125 ACC=0.8410
Epoch 089/200 | TrainLoss=0.3815 (Cls=0.3548, Cont=5.3391) | Val AUC=0.9194 AUPR=0.8868 F1=0.8131 ACC=0.8404
Epoch 090/200 | TrainLoss=0.3834 (Cls=0.3567, Cont=5.3392) | Val AUC=0.9195 AUPR=0.8871 F1=0.8128 ACC=0.8406
Epoch 091/200 | TrainLoss=0.3813 (Cls=0.3546, Cont=5.3404) | Val AUC=0.9197 AUPR=0.8873 F1=0.8131 ACC=0.8415
Epoch 092/200 | TrainLoss=0.3830 (Cls=0.3562, Cont=5.3528) | Val AUC=0.9193 AUPR=0.8869 F1=0.8104 ACC=0.8341
Epoch 093/200 | TrainLoss=0.3815 (Cls=0.3548, Cont=5.3390) | Val AUC=0.9192 AUPR=0.8866 F1=0.8104 ACC=0.8337
Epoch 094/200 | TrainLoss=0.3809 (Cls=0.3542, Cont=5.3355) | Val AUC=0.9194 AUPR=0.8866 F1=0.8095 ACC=0.8286
Epoch 095/200 | TrainLoss=0.3802 (Cls=0.3534, Cont=5.3437) | Val AUC=0.9194 AUPR=0.8867 F1=0.8105 ACC=0.8373
Epoch 096/200 | TrainLoss=0.3800 (Cls=0.3533, Cont=5.3386) | Val AUC=0.9195 AUPR=0.8873 F1=0.8109 ACC=0.8340
Epoch 097/200 | TrainLoss=0.3783 (Cls=0.3516, Cont=5.3308) | Val AUC=0.9192 AUPR=0.8872 F1=0.8110 ACC=0.8337
Epoch 098/200 | TrainLoss=0.3800 (Cls=0.3533, Cont=5.3486) | Val AUC=0.9199 AUPR=0.8883 F1=0.8132 ACC=0.8383
Epoch 099/200 | TrainLoss=0.3794 (Cls=0.3527, Cont=5.3378) | Val AUC=0.9206 AUPR=0.8891 F1=0.8128 ACC=0.8390
Epoch 100/200 | TrainLoss=0.3789 (Cls=0.3522, Cont=5.3520) | Val AUC=0.9208 AUPR=0.8893 F1=0.8124 ACC=0.8345
Epoch 101/200 | TrainLoss=0.3779 (Cls=0.3511, Cont=5.3440) | Val AUC=0.9210 AUPR=0.8896 F1=0.8122 ACC=0.8366
Epoch 102/200 | TrainLoss=0.3784 (Cls=0.3517, Cont=5.3477) | Val AUC=0.9212 AUPR=0.8901 F1=0.8128 ACC=0.8400
Epoch 103/200 | TrainLoss=0.3777 (Cls=0.3510, Cont=5.3388) | Val AUC=0.9211 AUPR=0.8899 F1=0.8134 ACC=0.8385
Epoch 104/200 | TrainLoss=0.3760 (Cls=0.3493, Cont=5.3360) | Val AUC=0.9208 AUPR=0.8893 F1=0.8125 ACC=0.8380
Epoch 105/200 | TrainLoss=0.3761 (Cls=0.3494, Cont=5.3376) | Val AUC=0.9209 AUPR=0.8894 F1=0.8130 ACC=0.8426
Epoch 106/200 | TrainLoss=0.3769 (Cls=0.3502, Cont=5.3381) | Val AUC=0.9214 AUPR=0.8900 F1=0.8138 ACC=0.8399
Epoch 107/200 | TrainLoss=0.3745 (Cls=0.3478, Cont=5.3355) | Val AUC=0.9215 AUPR=0.8902 F1=0.8136 ACC=0.8403
Epoch 108/200 | TrainLoss=0.3749 (Cls=0.3482, Cont=5.3436) | Val AUC=0.9215 AUPR=0.8905 F1=0.8137 ACC=0.8416
Epoch 109/200 | TrainLoss=0.3742 (Cls=0.3475, Cont=5.3371) | Val AUC=0.9216 AUPR=0.8907 F1=0.8142 ACC=0.8373
Epoch 110/200 | TrainLoss=0.3745 (Cls=0.3478, Cont=5.3460) | Val AUC=0.9218 AUPR=0.8911 F1=0.8150 ACC=0.8391
Epoch 111/200 | TrainLoss=0.3744 (Cls=0.3478, Cont=5.3308) | Val AUC=0.9218 AUPR=0.8911 F1=0.8133 ACC=0.8373
Epoch 112/200 | TrainLoss=0.3747 (Cls=0.3480, Cont=5.3373) | Val AUC=0.9217 AUPR=0.8910 F1=0.8124 ACC=0.8381
Epoch 113/200 | TrainLoss=0.3729 (Cls=0.3461, Cont=5.3462) | Val AUC=0.9217 AUPR=0.8910 F1=0.8124 ACC=0.8372
Epoch 114/200 | TrainLoss=0.3734 (Cls=0.3467, Cont=5.3373) | Val AUC=0.9221 AUPR=0.8914 F1=0.8134 ACC=0.8376
Epoch 115/200 | TrainLoss=0.3725 (Cls=0.3458, Cont=5.3426) | Val AUC=0.9228 AUPR=0.8923 F1=0.8146 ACC=0.8367
Epoch 116/200 | TrainLoss=0.3724 (Cls=0.3457, Cont=5.3399) | Val AUC=0.9228 AUPR=0.8925 F1=0.8154 ACC=0.8375
Epoch 117/200 | TrainLoss=0.3708 (Cls=0.3441, Cont=5.3339) | Val AUC=0.9227 AUPR=0.8923 F1=0.8152 ACC=0.8427
Epoch 118/200 | TrainLoss=0.3714 (Cls=0.3446, Cont=5.3478) | Val AUC=0.9226 AUPR=0.8920 F1=0.8160 ACC=0.8433
Epoch 119/200 | TrainLoss=0.3716 (Cls=0.3449, Cont=5.3444) | Val AUC=0.9225 AUPR=0.8917 F1=0.8162 ACC=0.8446
Epoch 120/200 | TrainLoss=0.3721 (Cls=0.3453, Cont=5.3409) | Val AUC=0.9224 AUPR=0.8915 F1=0.8149 ACC=0.8416
Epoch 121/200 | TrainLoss=0.3707 (Cls=0.3440, Cont=5.3331) | Val AUC=0.9228 AUPR=0.8922 F1=0.8167 ACC=0.8413
Epoch 122/200 | TrainLoss=0.3693 (Cls=0.3426, Cont=5.3293) | Val AUC=0.9228 AUPR=0.8926 F1=0.8182 ACC=0.8446
Epoch 123/200 | TrainLoss=0.3691 (Cls=0.3425, Cont=5.3291) | Val AUC=0.9232 AUPR=0.8933 F1=0.8184 ACC=0.8413
Epoch 124/200 | TrainLoss=0.3688 (Cls=0.3420, Cont=5.3495) | Val AUC=0.9231 AUPR=0.8934 F1=0.8162 ACC=0.8406
Epoch 125/200 | TrainLoss=0.3699 (Cls=0.3432, Cont=5.3334) | Val AUC=0.9231 AUPR=0.8937 F1=0.8151 ACC=0.8377
Epoch 126/200 | TrainLoss=0.3682 (Cls=0.3415, Cont=5.3309) | Val AUC=0.9232 AUPR=0.8938 F1=0.8165 ACC=0.8391
Epoch 127/200 | TrainLoss=0.3671 (Cls=0.3404, Cont=5.3275) | Val AUC=0.9237 AUPR=0.8944 F1=0.8164 ACC=0.8394
Epoch 128/200 | TrainLoss=0.3670 (Cls=0.3404, Cont=5.3222) | Val AUC=0.9243 AUPR=0.8949 F1=0.8174 ACC=0.8425
Epoch 129/200 | TrainLoss=0.3669 (Cls=0.3403, Cont=5.3364) | Val AUC=0.9242 AUPR=0.8946 F1=0.8207 ACC=0.8471
Epoch 130/200 | TrainLoss=0.3671 (Cls=0.3405, Cont=5.3301) | Val AUC=0.9240 AUPR=0.8943 F1=0.8209 ACC=0.8465
Epoch 131/200 | TrainLoss=0.3660 (Cls=0.3394, Cont=5.3193) | Val AUC=0.9242 AUPR=0.8947 F1=0.8186 ACC=0.8457
Epoch 132/200 | TrainLoss=0.3663 (Cls=0.3397, Cont=5.3326) | Val AUC=0.9244 AUPR=0.8950 F1=0.8184 ACC=0.8415
Epoch 133/200 | TrainLoss=0.3654 (Cls=0.3388, Cont=5.3283) | Val AUC=0.9250 AUPR=0.8958 F1=0.8186 ACC=0.8455
Epoch 134/200 | TrainLoss=0.3660 (Cls=0.3393, Cont=5.3327) | Val AUC=0.9253 AUPR=0.8964 F1=0.8200 ACC=0.8452
Epoch 135/200 | TrainLoss=0.3633 (Cls=0.3367, Cont=5.3322) | Val AUC=0.9256 AUPR=0.8971 F1=0.8201 ACC=0.8451
Epoch 136/200 | TrainLoss=0.3641 (Cls=0.3374, Cont=5.3323) | Val AUC=0.9258 AUPR=0.8973 F1=0.8201 ACC=0.8444
Epoch 137/200 | TrainLoss=0.3633 (Cls=0.3367, Cont=5.3364) | Val AUC=0.9259 AUPR=0.8975 F1=0.8199 ACC=0.8444
Epoch 138/200 | TrainLoss=0.3624 (Cls=0.3357, Cont=5.3280) | Val AUC=0.9260 AUPR=0.8975 F1=0.8209 ACC=0.8459
Epoch 139/200 | TrainLoss=0.3628 (Cls=0.3362, Cont=5.3282) | Val AUC=0.9260 AUPR=0.8975 F1=0.8199 ACC=0.8449
Epoch 140/200 | TrainLoss=0.3628 (Cls=0.3362, Cont=5.3317) | Val AUC=0.9256 AUPR=0.8972 F1=0.8192 ACC=0.8435
Epoch 141/200 | TrainLoss=0.3624 (Cls=0.3357, Cont=5.3315) | Val AUC=0.9259 AUPR=0.8973 F1=0.8188 ACC=0.8467
Epoch 142/200 | TrainLoss=0.3626 (Cls=0.3359, Cont=5.3370) | Val AUC=0.9258 AUPR=0.8971 F1=0.8179 ACC=0.8438
Epoch 143/200 | TrainLoss=0.3618 (Cls=0.3352, Cont=5.3219) | Val AUC=0.9261 AUPR=0.8975 F1=0.8205 ACC=0.8455
Epoch 144/200 | TrainLoss=0.3617 (Cls=0.3351, Cont=5.3276) | Val AUC=0.9267 AUPR=0.8982 F1=0.8220 ACC=0.8448
Epoch 145/200 | TrainLoss=0.3607 (Cls=0.3341, Cont=5.3306) | Val AUC=0.9266 AUPR=0.8980 F1=0.8213 ACC=0.8440
Epoch 146/200 | TrainLoss=0.3591 (Cls=0.3325, Cont=5.3217) | Val AUC=0.9263 AUPR=0.8976 F1=0.8204 ACC=0.8450
Epoch 147/200 | TrainLoss=0.3597 (Cls=0.3330, Cont=5.3482) | Val AUC=0.9265 AUPR=0.8979 F1=0.8213 ACC=0.8444
Epoch 148/200 | TrainLoss=0.3597 (Cls=0.3330, Cont=5.3287) | Val AUC=0.9263 AUPR=0.8978 F1=0.8222 ACC=0.8466
Epoch 149/200 | TrainLoss=0.3592 (Cls=0.3326, Cont=5.3144) | Val AUC=0.9263 AUPR=0.8982 F1=0.8205 ACC=0.8431
Epoch 150/200 | TrainLoss=0.3590 (Cls=0.3323, Cont=5.3299) | Val AUC=0.9264 AUPR=0.8986 F1=0.8221 ACC=0.8463
Epoch 151/200 | TrainLoss=0.3594 (Cls=0.3327, Cont=5.3302) | Val AUC=0.9265 AUPR=0.8990 F1=0.8210 ACC=0.8468
Epoch 152/200 | TrainLoss=0.3584 (Cls=0.3317, Cont=5.3464) | Val AUC=0.9267 AUPR=0.8993 F1=0.8191 ACC=0.8469
Epoch 153/200 | TrainLoss=0.3581 (Cls=0.3314, Cont=5.3390) | Val AUC=0.9266 AUPR=0.8993 F1=0.8182 ACC=0.8444
Epoch 154/200 | TrainLoss=0.3577 (Cls=0.3311, Cont=5.3228) | Val AUC=0.9270 AUPR=0.8999 F1=0.8207 ACC=0.8443
Epoch 155/200 | TrainLoss=0.3597 (Cls=0.3331, Cont=5.3222) | Val AUC=0.9269 AUPR=0.8999 F1=0.8198 ACC=0.8441
Epoch 156/200 | TrainLoss=0.3587 (Cls=0.3321, Cont=5.3281) | Val AUC=0.9268 AUPR=0.8997 F1=0.8201 ACC=0.8451
Epoch 157/200 | TrainLoss=0.3580 (Cls=0.3313, Cont=5.3369) | Val AUC=0.9261 AUPR=0.8987 F1=0.8219 ACC=0.8437
Epoch 158/200 | TrainLoss=0.3582 (Cls=0.3316, Cont=5.3334) | Val AUC=0.9261 AUPR=0.8985 F1=0.8227 ACC=0.8470
Epoch 159/200 | TrainLoss=0.3566 (Cls=0.3299, Cont=5.3306) | Val AUC=0.9269 AUPR=0.8995 F1=0.8237 ACC=0.8452
Epoch 160/200 | TrainLoss=0.3569 (Cls=0.3303, Cont=5.3261) | Val AUC=0.9266 AUPR=0.8989 F1=0.8222 ACC=0.8474
Epoch 161/200 | TrainLoss=0.3582 (Cls=0.3316, Cont=5.3355) | Val AUC=0.9245 AUPR=0.8964 F1=0.8189 ACC=0.8436
Epoch 162/200 | TrainLoss=0.3604 (Cls=0.3337, Cont=5.3372) | Val AUC=0.9271 AUPR=0.8997 F1=0.8211 ACC=0.8469
Epoch 163/200 | TrainLoss=0.3575 (Cls=0.3310, Cont=5.3142) | Val AUC=0.9271 AUPR=0.8997 F1=0.8196 ACC=0.8446
Epoch 164/200 | TrainLoss=0.3588 (Cls=0.3321, Cont=5.3364) | Val AUC=0.9272 AUPR=0.9000 F1=0.8206 ACC=0.8490
Epoch 165/200 | TrainLoss=0.3555 (Cls=0.3289, Cont=5.3212) | Val AUC=0.9273 AUPR=0.9001 F1=0.8215 ACC=0.8467
Epoch 166/200 | TrainLoss=0.3561 (Cls=0.3295, Cont=5.3243) | Val AUC=0.9277 AUPR=0.9005 F1=0.8214 ACC=0.8460
Epoch 167/200 | TrainLoss=0.3546 (Cls=0.3280, Cont=5.3356) | Val AUC=0.9273 AUPR=0.8998 F1=0.8189 ACC=0.8419
Epoch 168/200 | TrainLoss=0.3561 (Cls=0.3295, Cont=5.3148) | Val AUC=0.9273 AUPR=0.8999 F1=0.8191 ACC=0.8460
Epoch 169/200 | TrainLoss=0.3560 (Cls=0.3294, Cont=5.3326) | Val AUC=0.9264 AUPR=0.8988 F1=0.8202 ACC=0.8443
Epoch 170/200 | TrainLoss=0.3570 (Cls=0.3304, Cont=5.3326) | Val AUC=0.9270 AUPR=0.8993 F1=0.8206 ACC=0.8445
Epoch 171/200 | TrainLoss=0.3552 (Cls=0.3286, Cont=5.3244) | Val AUC=0.9275 AUPR=0.9000 F1=0.8219 ACC=0.8476
Epoch 172/200 | TrainLoss=0.3545 (Cls=0.3279, Cont=5.3253) | Val AUC=0.9276 AUPR=0.9003 F1=0.8218 ACC=0.8455
Epoch 173/200 | TrainLoss=0.3564 (Cls=0.3297, Cont=5.3306) | Val AUC=0.9274 AUPR=0.9004 F1=0.8217 ACC=0.8483
Epoch 174/200 | TrainLoss=0.3552 (Cls=0.3286, Cont=5.3259) | Val AUC=0.9274 AUPR=0.9003 F1=0.8234 ACC=0.8469
Epoch 175/200 | TrainLoss=0.3550 (Cls=0.3284, Cont=5.3271) | Val AUC=0.9276 AUPR=0.9007 F1=0.8234 ACC=0.8529
Epoch 176/200 | TrainLoss=0.3571 (Cls=0.3306, Cont=5.3092) | Val AUC=0.9274 AUPR=0.9006 F1=0.8221 ACC=0.8493
Epoch 177/200 | TrainLoss=0.3540 (Cls=0.3273, Cont=5.3245) | Val AUC=0.9272 AUPR=0.9004 F1=0.8214 ACC=0.8478
Epoch 178/200 | TrainLoss=0.3552 (Cls=0.3286, Cont=5.3289) | Val AUC=0.9276 AUPR=0.9011 F1=0.8232 ACC=0.8476
Epoch 179/200 | TrainLoss=0.3544 (Cls=0.3278, Cont=5.3203) | Val AUC=0.9274 AUPR=0.9010 F1=0.8238 ACC=0.8501
Epoch 180/200 | TrainLoss=0.3530 (Cls=0.3263, Cont=5.3303) | Val AUC=0.9278 AUPR=0.9014 F1=0.8226 ACC=0.8471
Epoch 181/200 | TrainLoss=0.3533 (Cls=0.3267, Cont=5.3274) | Val AUC=0.9279 AUPR=0.9015 F1=0.8214 ACC=0.8482
Epoch 182/200 | TrainLoss=0.3533 (Cls=0.3267, Cont=5.3298) | Val AUC=0.9277 AUPR=0.9012 F1=0.8232 ACC=0.8523
Epoch 183/200 | TrainLoss=0.3544 (Cls=0.3278, Cont=5.3183) | Val AUC=0.9276 AUPR=0.9010 F1=0.8235 ACC=0.8520
Epoch 184/200 | TrainLoss=0.3528 (Cls=0.3262, Cont=5.3116) | Val AUC=0.9275 AUPR=0.9008 F1=0.8220 ACC=0.8507
Epoch 185/200 | TrainLoss=0.3531 (Cls=0.3265, Cont=5.3241) | Val AUC=0.9276 AUPR=0.9008 F1=0.8222 ACC=0.8512
Epoch 186/200 | TrainLoss=0.3521 (Cls=0.3256, Cont=5.3008) | Val AUC=0.9277 AUPR=0.9006 F1=0.8215 ACC=0.8465
Epoch 187/200 | TrainLoss=0.3513 (Cls=0.3247, Cont=5.3268) | Val AUC=0.9279 AUPR=0.9008 F1=0.8218 ACC=0.8451
Epoch 188/200 | TrainLoss=0.3515 (Cls=0.3249, Cont=5.3217) | Val AUC=0.9279 AUPR=0.9010 F1=0.8212 ACC=0.8459
Epoch 189/200 | TrainLoss=0.3523 (Cls=0.3257, Cont=5.3176) | Val AUC=0.9281 AUPR=0.9016 F1=0.8207 ACC=0.8501
Epoch 190/200 | TrainLoss=0.3509 (Cls=0.3243, Cont=5.3199) | Val AUC=0.9281 AUPR=0.9016 F1=0.8206 ACC=0.8477
Epoch 191/200 | TrainLoss=0.3523 (Cls=0.3257, Cont=5.3245) | Val AUC=0.9275 AUPR=0.9008 F1=0.8208 ACC=0.8451
Epoch 192/200 | TrainLoss=0.3518 (Cls=0.3252, Cont=5.3235) | Val AUC=0.9280 AUPR=0.9014 F1=0.8212 ACC=0.8471
Epoch 193/200 | TrainLoss=0.3513 (Cls=0.3248, Cont=5.3120) | Val AUC=0.9285 AUPR=0.9021 F1=0.8231 ACC=0.8511
Epoch 194/200 | TrainLoss=0.3517 (Cls=0.3251, Cont=5.3235) | Val AUC=0.9281 AUPR=0.9017 F1=0.8215 ACC=0.8433
Epoch 195/200 | TrainLoss=0.3520 (Cls=0.3253, Cont=5.3389) | Val AUC=0.9283 AUPR=0.9020 F1=0.8225 ACC=0.8484
Epoch 196/200 | TrainLoss=0.3510 (Cls=0.3244, Cont=5.3157) | Val AUC=0.9285 AUPR=0.9022 F1=0.8250 ACC=0.8490
Epoch 197/200 | TrainLoss=0.3491 (Cls=0.3225, Cont=5.3348) | Val AUC=0.9281 AUPR=0.9014 F1=0.8244 ACC=0.8522
Epoch 198/200 | TrainLoss=0.3516 (Cls=0.3250, Cont=5.3218) | Val AUC=0.9282 AUPR=0.9016 F1=0.8232 ACC=0.8492
Epoch 199/200 | TrainLoss=0.3512 (Cls=0.3246, Cont=5.3208) | Val AUC=0.9283 AUPR=0.9019 F1=0.8217 ACC=0.8478
Epoch 200/200 | TrainLoss=0.3512 (Cls=0.3247, Cont=5.3047) | Val AUC=0.9279 AUPR=0.9013 F1=0.8228 ACC=0.8513
Fold 1 complete | Best Val AUC=0.9285 | Test AUC=0.9267 AUPR=0.9034 F1=0.8158 ACC=0.8437

================================================================================
Fold 2/5
================================================================================
Epoch 001/200 | TrainLoss=0.6890 (Cls=0.6890, Cont=0.0000) | Val AUC=0.5529 AUPR=0.4546 F1=0.5784 ACC=0.4073
Epoch 002/200 | TrainLoss=0.6858 (Cls=0.6858, Cont=0.0000) | Val AUC=0.5645 AUPR=0.4599 F1=0.5794 ACC=0.4221
Epoch 003/200 | TrainLoss=0.6590 (Cls=0.6590, Cont=0.0000) | Val AUC=0.5699 AUPR=0.4660 F1=0.5796 ACC=0.4257
Epoch 004/200 | TrainLoss=0.6492 (Cls=0.6492, Cont=0.0000) | Val AUC=0.5734 AUPR=0.4702 F1=0.5804 ACC=0.4177
Epoch 005/200 | TrainLoss=0.6287 (Cls=0.6287, Cont=0.0000) | Val AUC=0.5736 AUPR=0.4722 F1=0.5817 ACC=0.4244
Epoch 006/200 | TrainLoss=0.6082 (Cls=0.6082, Cont=0.0000) | Val AUC=0.5764 AUPR=0.4741 F1=0.5823 ACC=0.4244
Epoch 007/200 | TrainLoss=0.5843 (Cls=0.5843, Cont=0.0000) | Val AUC=0.5804 AUPR=0.4772 F1=0.5829 ACC=0.4311
Epoch 008/200 | TrainLoss=0.5528 (Cls=0.5528, Cont=0.0000) | Val AUC=0.5836 AUPR=0.4790 F1=0.5833 ACC=0.4280
Epoch 009/200 | TrainLoss=0.5268 (Cls=0.5268, Cont=0.0000) | Val AUC=0.5869 AUPR=0.4811 F1=0.5840 ACC=0.4360
Epoch 010/200 | TrainLoss=0.4999 (Cls=0.4999, Cont=0.0000) | Val AUC=0.5898 AUPR=0.4837 F1=0.5848 ACC=0.4462
Epoch 011/200 | TrainLoss=0.5114 (Cls=0.4787, Cont=6.5527) | Val AUC=0.5939 AUPR=0.4875 F1=0.5862 ACC=0.4485
Epoch 012/200 | TrainLoss=0.4943 (Cls=0.4663, Cont=5.6161) | Val AUC=0.5972 AUPR=0.4929 F1=0.5854 ACC=0.4478
Epoch 013/200 | TrainLoss=0.4873 (Cls=0.4599, Cont=5.4882) | Val AUC=0.6046 AUPR=0.4984 F1=0.5873 ACC=0.4540
Epoch 014/200 | TrainLoss=0.4880 (Cls=0.4608, Cont=5.4469) | Val AUC=0.6091 AUPR=0.5030 F1=0.5872 ACC=0.4523
Epoch 015/200 | TrainLoss=0.4835 (Cls=0.4563, Cont=5.4380) | Val AUC=0.6176 AUPR=0.5178 F1=0.5886 ACC=0.4645
Epoch 016/200 | TrainLoss=0.4715 (Cls=0.4443, Cont=5.4343) | Val AUC=0.6251 AUPR=0.5223 F1=0.5914 ACC=0.4840
Epoch 017/200 | TrainLoss=0.4693 (Cls=0.4422, Cont=5.4258) | Val AUC=0.6411 AUPR=0.5376 F1=0.5956 ACC=0.4829
Epoch 018/200 | TrainLoss=0.4531 (Cls=0.4260, Cont=5.4204) | Val AUC=0.6419 AUPR=0.5465 F1=0.5929 ACC=0.5030
Epoch 019/200 | TrainLoss=0.4541 (Cls=0.4270, Cont=5.4184) | Val AUC=0.6325 AUPR=0.5421 F1=0.5867 ACC=0.4748
Epoch 020/200 | TrainLoss=0.4415 (Cls=0.4144, Cont=5.4143) | Val AUC=0.6305 AUPR=0.5435 F1=0.5829 ACC=0.4837
Epoch 021/200 | TrainLoss=0.4464 (Cls=0.4193, Cont=5.4097) | Val AUC=0.6322 AUPR=0.5505 F1=0.5806 ACC=0.4793
Epoch 022/200 | TrainLoss=0.4381 (Cls=0.4111, Cont=5.4040) | Val AUC=0.6422 AUPR=0.5641 F1=0.5855 ACC=0.5280
Epoch 023/200 | TrainLoss=0.4322 (Cls=0.4052, Cont=5.3982) | Val AUC=0.6559 AUPR=0.5743 F1=0.5948 ACC=0.5475
Epoch 024/200 | TrainLoss=0.4336 (Cls=0.4067, Cont=5.3880) | Val AUC=0.6618 AUPR=0.5752 F1=0.5969 ACC=0.5680
Epoch 025/200 | TrainLoss=0.4297 (Cls=0.4028, Cont=5.3758) | Val AUC=0.6667 AUPR=0.5835 F1=0.5992 ACC=0.5664
Epoch 026/200 | TrainLoss=0.4300 (Cls=0.4031, Cont=5.3794) | Val AUC=0.6982 AUPR=0.6231 F1=0.6166 ACC=0.6052
Epoch 027/200 | TrainLoss=0.4306 (Cls=0.4037, Cont=5.3732) | Val AUC=0.7344 AUPR=0.6636 F1=0.6423 ACC=0.6421
Epoch 028/200 | TrainLoss=0.4247 (Cls=0.3978, Cont=5.3666) | Val AUC=0.7597 AUPR=0.6844 F1=0.6618 ACC=0.6869
Epoch 029/200 | TrainLoss=0.4250 (Cls=0.3982, Cont=5.3608) | Val AUC=0.7723 AUPR=0.6959 F1=0.6700 ACC=0.6819
Epoch 030/200 | TrainLoss=0.4197 (Cls=0.3928, Cont=5.3659) | Val AUC=0.7847 AUPR=0.7138 F1=0.6764 ACC=0.6972
Epoch 031/200 | TrainLoss=0.4196 (Cls=0.3928, Cont=5.3732) | Val AUC=0.8068 AUPR=0.7443 F1=0.6943 ACC=0.7213
Epoch 032/200 | TrainLoss=0.4147 (Cls=0.3878, Cont=5.3748) | Val AUC=0.8260 AUPR=0.7660 F1=0.7099 ACC=0.7317
Epoch 033/200 | TrainLoss=0.4131 (Cls=0.3863, Cont=5.3557) | Val AUC=0.8436 AUPR=0.7837 F1=0.7308 ACC=0.7543
Epoch 034/200 | TrainLoss=0.4133 (Cls=0.3864, Cont=5.3727) | Val AUC=0.8564 AUPR=0.7988 F1=0.7438 ACC=0.7749
Epoch 035/200 | TrainLoss=0.4153 (Cls=0.3886, Cont=5.3568) | Val AUC=0.8615 AUPR=0.8069 F1=0.7475 ACC=0.7803
Epoch 036/200 | TrainLoss=0.4119 (Cls=0.3850, Cont=5.3629) | Val AUC=0.8693 AUPR=0.8206 F1=0.7541 ACC=0.7886
Epoch 037/200 | TrainLoss=0.4108 (Cls=0.3840, Cont=5.3723) | Val AUC=0.8830 AUPR=0.8406 F1=0.7699 ACC=0.8054
Epoch 038/200 | TrainLoss=0.4104 (Cls=0.3836, Cont=5.3655) | Val AUC=0.8921 AUPR=0.8512 F1=0.7835 ACC=0.8102
Epoch 039/200 | TrainLoss=0.4100 (Cls=0.3832, Cont=5.3641) | Val AUC=0.8959 AUPR=0.8568 F1=0.7885 ACC=0.8118
Epoch 040/200 | TrainLoss=0.4078 (Cls=0.3809, Cont=5.3684) | Val AUC=0.8976 AUPR=0.8607 F1=0.7862 ACC=0.8173
Epoch 041/200 | TrainLoss=0.4055 (Cls=0.3786, Cont=5.3701) | Val AUC=0.8981 AUPR=0.8614 F1=0.7871 ACC=0.8156
Epoch 042/200 | TrainLoss=0.4049 (Cls=0.3781, Cont=5.3583) | Val AUC=0.8995 AUPR=0.8629 F1=0.7882 ACC=0.8185
Epoch 043/200 | TrainLoss=0.4027 (Cls=0.3759, Cont=5.3478) | Val AUC=0.9032 AUPR=0.8671 F1=0.7927 ACC=0.8203
Epoch 044/200 | TrainLoss=0.4025 (Cls=0.3757, Cont=5.3550) | Val AUC=0.9054 AUPR=0.8689 F1=0.7947 ACC=0.8235
Epoch 045/200 | TrainLoss=0.4019 (Cls=0.3750, Cont=5.3754) | Val AUC=0.9058 AUPR=0.8688 F1=0.7944 ACC=0.8240
Epoch 046/200 | TrainLoss=0.4016 (Cls=0.3748, Cont=5.3653) | Val AUC=0.9057 AUPR=0.8688 F1=0.7947 ACC=0.8187
Epoch 047/200 | TrainLoss=0.4029 (Cls=0.3762, Cont=5.3483) | Val AUC=0.9049 AUPR=0.8677 F1=0.7954 ACC=0.8165
Epoch 048/200 | TrainLoss=0.3995 (Cls=0.3727, Cont=5.3510) | Val AUC=0.9035 AUPR=0.8668 F1=0.7927 ACC=0.8209
Epoch 049/200 | TrainLoss=0.3967 (Cls=0.3699, Cont=5.3543) | Val AUC=0.9045 AUPR=0.8686 F1=0.7942 ACC=0.8213
Epoch 050/200 | TrainLoss=0.3969 (Cls=0.3701, Cont=5.3663) | Val AUC=0.9066 AUPR=0.8713 F1=0.7961 ACC=0.8188
Epoch 051/200 | TrainLoss=0.3982 (Cls=0.3715, Cont=5.3411) | Val AUC=0.9093 AUPR=0.8753 F1=0.7990 ACC=0.8252
Epoch 052/200 | TrainLoss=0.3976 (Cls=0.3707, Cont=5.3700) | Val AUC=0.9103 AUPR=0.8766 F1=0.8031 ACC=0.8310
Epoch 053/200 | TrainLoss=0.3952 (Cls=0.3685, Cont=5.3484) | Val AUC=0.9093 AUPR=0.8749 F1=0.8015 ACC=0.8289
Epoch 054/200 | TrainLoss=0.3948 (Cls=0.3680, Cont=5.3448) | Val AUC=0.9093 AUPR=0.8748 F1=0.8011 ACC=0.8244
Epoch 055/200 | TrainLoss=0.3973 (Cls=0.3705, Cont=5.3541) | Val AUC=0.9095 AUPR=0.8746 F1=0.8020 ACC=0.8279
Epoch 056/200 | TrainLoss=0.3951 (Cls=0.3683, Cont=5.3570) | Val AUC=0.9111 AUPR=0.8770 F1=0.8036 ACC=0.8308
Epoch 057/200 | TrainLoss=0.3917 (Cls=0.3649, Cont=5.3585) | Val AUC=0.9114 AUPR=0.8775 F1=0.8027 ACC=0.8325
Epoch 058/200 | TrainLoss=0.3925 (Cls=0.3657, Cont=5.3478) | Val AUC=0.9113 AUPR=0.8774 F1=0.8016 ACC=0.8326
Epoch 059/200 | TrainLoss=0.3911 (Cls=0.3643, Cont=5.3465) | Val AUC=0.9113 AUPR=0.8776 F1=0.8012 ACC=0.8312
Epoch 060/200 | TrainLoss=0.3914 (Cls=0.3647, Cont=5.3573) | Val AUC=0.9117 AUPR=0.8784 F1=0.8001 ACC=0.8281
Epoch 061/200 | TrainLoss=0.3920 (Cls=0.3653, Cont=5.3478) | Val AUC=0.9124 AUPR=0.8795 F1=0.8020 ACC=0.8300
Epoch 062/200 | TrainLoss=0.3899 (Cls=0.3632, Cont=5.3416) | Val AUC=0.9132 AUPR=0.8804 F1=0.8022 ACC=0.8291
Epoch 063/200 | TrainLoss=0.3887 (Cls=0.3619, Cont=5.3544) | Val AUC=0.9133 AUPR=0.8805 F1=0.8010 ACC=0.8256
Epoch 064/200 | TrainLoss=0.3887 (Cls=0.3620, Cont=5.3504) | Val AUC=0.9131 AUPR=0.8803 F1=0.8016 ACC=0.8272
Epoch 065/200 | TrainLoss=0.3888 (Cls=0.3621, Cont=5.3500) | Val AUC=0.9128 AUPR=0.8798 F1=0.8012 ACC=0.8253
Epoch 066/200 | TrainLoss=0.3884 (Cls=0.3617, Cont=5.3414) | Val AUC=0.9127 AUPR=0.8795 F1=0.8004 ACC=0.8284
Epoch 067/200 | TrainLoss=0.3891 (Cls=0.3624, Cont=5.3420) | Val AUC=0.9132 AUPR=0.8803 F1=0.8005 ACC=0.8294
Epoch 068/200 | TrainLoss=0.3879 (Cls=0.3612, Cont=5.3414) | Val AUC=0.9134 AUPR=0.8807 F1=0.8002 ACC=0.8244
Epoch 069/200 | TrainLoss=0.3878 (Cls=0.3611, Cont=5.3541) | Val AUC=0.9138 AUPR=0.8812 F1=0.8021 ACC=0.8258
Epoch 070/200 | TrainLoss=0.3863 (Cls=0.3596, Cont=5.3517) | Val AUC=0.9141 AUPR=0.8815 F1=0.8034 ACC=0.8323
Epoch 071/200 | TrainLoss=0.3871 (Cls=0.3604, Cont=5.3350) | Val AUC=0.9144 AUPR=0.8819 F1=0.8057 ACC=0.8342
Epoch 072/200 | TrainLoss=0.3879 (Cls=0.3611, Cont=5.3496) | Val AUC=0.9141 AUPR=0.8817 F1=0.8040 ACC=0.8301
Epoch 073/200 | TrainLoss=0.3863 (Cls=0.3595, Cont=5.3594) | Val AUC=0.9136 AUPR=0.8813 F1=0.8029 ACC=0.8331
Epoch 074/200 | TrainLoss=0.3865 (Cls=0.3598, Cont=5.3445) | Val AUC=0.9133 AUPR=0.8810 F1=0.8024 ACC=0.8321
Epoch 075/200 | TrainLoss=0.3879 (Cls=0.3612, Cont=5.3459) | Val AUC=0.9136 AUPR=0.8816 F1=0.8005 ACC=0.8257
Epoch 076/200 | TrainLoss=0.3877 (Cls=0.3610, Cont=5.3398) | Val AUC=0.9142 AUPR=0.8821 F1=0.8024 ACC=0.8287
Epoch 077/200 | TrainLoss=0.3876 (Cls=0.3608, Cont=5.3532) | Val AUC=0.9147 AUPR=0.8828 F1=0.8035 ACC=0.8287
Epoch 078/200 | TrainLoss=0.3851 (Cls=0.3585, Cont=5.3295) | Val AUC=0.9155 AUPR=0.8835 F1=0.8036 ACC=0.8289
Epoch 079/200 | TrainLoss=0.3852 (Cls=0.3585, Cont=5.3410) | Val AUC=0.9157 AUPR=0.8840 F1=0.8045 ACC=0.8333
Epoch 080/200 | TrainLoss=0.3869 (Cls=0.3601, Cont=5.3514) | Val AUC=0.9161 AUPR=0.8848 F1=0.8041 ACC=0.8294
Epoch 081/200 | TrainLoss=0.3844 (Cls=0.3577, Cont=5.3403) | Val AUC=0.9159 AUPR=0.8847 F1=0.8041 ACC=0.8305
Epoch 082/200 | TrainLoss=0.3846 (Cls=0.3578, Cont=5.3541) | Val AUC=0.9158 AUPR=0.8848 F1=0.8059 ACC=0.8349
Epoch 083/200 | TrainLoss=0.3856 (Cls=0.3589, Cont=5.3401) | Val AUC=0.9160 AUPR=0.8849 F1=0.8048 ACC=0.8333
Epoch 084/200 | TrainLoss=0.3843 (Cls=0.3576, Cont=5.3510) | Val AUC=0.9158 AUPR=0.8843 F1=0.8050 ACC=0.8261
Epoch 085/200 | TrainLoss=0.3866 (Cls=0.3599, Cont=5.3331) | Val AUC=0.9159 AUPR=0.8844 F1=0.8049 ACC=0.8324
Epoch 086/200 | TrainLoss=0.3824 (Cls=0.3557, Cont=5.3497) | Val AUC=0.9156 AUPR=0.8840 F1=0.8042 ACC=0.8268
Epoch 087/200 | TrainLoss=0.3849 (Cls=0.3582, Cont=5.3524) | Val AUC=0.9159 AUPR=0.8845 F1=0.8033 ACC=0.8279
Epoch 088/200 | TrainLoss=0.3823 (Cls=0.3556, Cont=5.3449) | Val AUC=0.9158 AUPR=0.8845 F1=0.8036 ACC=0.8326
Epoch 089/200 | TrainLoss=0.3825 (Cls=0.3558, Cont=5.3367) | Val AUC=0.9156 AUPR=0.8842 F1=0.8030 ACC=0.8273
Epoch 090/200 | TrainLoss=0.3818 (Cls=0.3551, Cont=5.3462) | Val AUC=0.9153 AUPR=0.8837 F1=0.8033 ACC=0.8215
Epoch 091/200 | TrainLoss=0.3813 (Cls=0.3545, Cont=5.3444) | Val AUC=0.9150 AUPR=0.8832 F1=0.8024 ACC=0.8271
Epoch 092/200 | TrainLoss=0.3812 (Cls=0.3545, Cont=5.3371) | Val AUC=0.9156 AUPR=0.8841 F1=0.8033 ACC=0.8279
Epoch 093/200 | TrainLoss=0.3801 (Cls=0.3534, Cont=5.3419) | Val AUC=0.9159 AUPR=0.8846 F1=0.8030 ACC=0.8279
Epoch 094/200 | TrainLoss=0.3807 (Cls=0.3539, Cont=5.3553) | Val AUC=0.9162 AUPR=0.8849 F1=0.8033 ACC=0.8276
Epoch 095/200 | TrainLoss=0.3793 (Cls=0.3526, Cont=5.3500) | Val AUC=0.9163 AUPR=0.8850 F1=0.8033 ACC=0.8362
Epoch 096/200 | TrainLoss=0.3792 (Cls=0.3525, Cont=5.3310) | Val AUC=0.9163 AUPR=0.8850 F1=0.8030 ACC=0.8241
Epoch 097/200 | TrainLoss=0.3800 (Cls=0.3533, Cont=5.3423) | Val AUC=0.9165 AUPR=0.8849 F1=0.8049 ACC=0.8326
Epoch 098/200 | TrainLoss=0.3791 (Cls=0.3524, Cont=5.3448) | Val AUC=0.9165 AUPR=0.8849 F1=0.8053 ACC=0.8332
Epoch 099/200 | TrainLoss=0.3802 (Cls=0.3535, Cont=5.3394) | Val AUC=0.9166 AUPR=0.8854 F1=0.8050 ACC=0.8296
Epoch 100/200 | TrainLoss=0.3780 (Cls=0.3513, Cont=5.3361) | Val AUC=0.9168 AUPR=0.8860 F1=0.8040 ACC=0.8299
Epoch 101/200 | TrainLoss=0.3775 (Cls=0.3508, Cont=5.3434) | Val AUC=0.9170 AUPR=0.8864 F1=0.8046 ACC=0.8323
Epoch 102/200 | TrainLoss=0.3769 (Cls=0.3502, Cont=5.3462) | Val AUC=0.9173 AUPR=0.8871 F1=0.8056 ACC=0.8346
Epoch 103/200 | TrainLoss=0.3780 (Cls=0.3513, Cont=5.3348) | Val AUC=0.9175 AUPR=0.8875 F1=0.8064 ACC=0.8343
Epoch 104/200 | TrainLoss=0.3767 (Cls=0.3500, Cont=5.3395) | Val AUC=0.9173 AUPR=0.8876 F1=0.8055 ACC=0.8322
Epoch 105/200 | TrainLoss=0.3752 (Cls=0.3485, Cont=5.3404) | Val AUC=0.9170 AUPR=0.8874 F1=0.8039 ACC=0.8343
Epoch 106/200 | TrainLoss=0.3767 (Cls=0.3500, Cont=5.3454) | Val AUC=0.9175 AUPR=0.8881 F1=0.8063 ACC=0.8352
Epoch 107/200 | TrainLoss=0.3780 (Cls=0.3513, Cont=5.3381) | Val AUC=0.9181 AUPR=0.8888 F1=0.8059 ACC=0.8349
Epoch 108/200 | TrainLoss=0.3770 (Cls=0.3503, Cont=5.3324) | Val AUC=0.9187 AUPR=0.8893 F1=0.8072 ACC=0.8374
Epoch 109/200 | TrainLoss=0.3751 (Cls=0.3484, Cont=5.3418) | Val AUC=0.9189 AUPR=0.8891 F1=0.8073 ACC=0.8347
Epoch 110/200 | TrainLoss=0.3762 (Cls=0.3495, Cont=5.3373) | Val AUC=0.9186 AUPR=0.8884 F1=0.8061 ACC=0.8327
Epoch 111/200 | TrainLoss=0.3746 (Cls=0.3479, Cont=5.3440) | Val AUC=0.9190 AUPR=0.8892 F1=0.8056 ACC=0.8307
Epoch 112/200 | TrainLoss=0.3753 (Cls=0.3485, Cont=5.3407) | Val AUC=0.9195 AUPR=0.8899 F1=0.8064 ACC=0.8361
Epoch 113/200 | TrainLoss=0.3733 (Cls=0.3466, Cont=5.3345) | Val AUC=0.9195 AUPR=0.8899 F1=0.8084 ACC=0.8412
Epoch 114/200 | TrainLoss=0.3750 (Cls=0.3483, Cont=5.3329) | Val AUC=0.9196 AUPR=0.8904 F1=0.8084 ACC=0.8433
Epoch 115/200 | TrainLoss=0.3733 (Cls=0.3466, Cont=5.3386) | Val AUC=0.9192 AUPR=0.8904 F1=0.8084 ACC=0.8410
Epoch 116/200 | TrainLoss=0.3747 (Cls=0.3480, Cont=5.3484) | Val AUC=0.9195 AUPR=0.8908 F1=0.8090 ACC=0.8411
Epoch 117/200 | TrainLoss=0.3712 (Cls=0.3445, Cont=5.3360) | Val AUC=0.9196 AUPR=0.8908 F1=0.8120 ACC=0.8437
Epoch 118/200 | TrainLoss=0.3733 (Cls=0.3466, Cont=5.3342) | Val AUC=0.9195 AUPR=0.8905 F1=0.8104 ACC=0.8427
Epoch 119/200 | TrainLoss=0.3715 (Cls=0.3449, Cont=5.3191) | Val AUC=0.9197 AUPR=0.8907 F1=0.8102 ACC=0.8427
Epoch 120/200 | TrainLoss=0.3728 (Cls=0.3461, Cont=5.3328) | Val AUC=0.9197 AUPR=0.8909 F1=0.8105 ACC=0.8416
Epoch 121/200 | TrainLoss=0.3718 (Cls=0.3451, Cont=5.3407) | Val AUC=0.9195 AUPR=0.8903 F1=0.8114 ACC=0.8405
Epoch 122/200 | TrainLoss=0.3708 (Cls=0.3440, Cont=5.3516) | Val AUC=0.9197 AUPR=0.8907 F1=0.8116 ACC=0.8417
Epoch 123/200 | TrainLoss=0.3701 (Cls=0.3435, Cont=5.3210) | Val AUC=0.9201 AUPR=0.8912 F1=0.8108 ACC=0.8388
Epoch 124/200 | TrainLoss=0.3707 (Cls=0.3440, Cont=5.3366) | Val AUC=0.9204 AUPR=0.8915 F1=0.8115 ACC=0.8428
Epoch 125/200 | TrainLoss=0.3709 (Cls=0.3442, Cont=5.3459) | Val AUC=0.9206 AUPR=0.8915 F1=0.8120 ACC=0.8428
Epoch 126/200 | TrainLoss=0.3694 (Cls=0.3427, Cont=5.3464) | Val AUC=0.9209 AUPR=0.8920 F1=0.8133 ACC=0.8450
Epoch 127/200 | TrainLoss=0.3690 (Cls=0.3423, Cont=5.3419) | Val AUC=0.9211 AUPR=0.8922 F1=0.8126 ACC=0.8425
Epoch 128/200 | TrainLoss=0.3692 (Cls=0.3425, Cont=5.3407) | Val AUC=0.9213 AUPR=0.8925 F1=0.8137 ACC=0.8448
Epoch 129/200 | TrainLoss=0.3679 (Cls=0.3413, Cont=5.3329) | Val AUC=0.9216 AUPR=0.8931 F1=0.8143 ACC=0.8453
Epoch 130/200 | TrainLoss=0.3672 (Cls=0.3405, Cont=5.3322) | Val AUC=0.9220 AUPR=0.8939 F1=0.8137 ACC=0.8448
Epoch 131/200 | TrainLoss=0.3684 (Cls=0.3417, Cont=5.3349) | Val AUC=0.9219 AUPR=0.8939 F1=0.8143 ACC=0.8446
Epoch 132/200 | TrainLoss=0.3675 (Cls=0.3408, Cont=5.3344) | Val AUC=0.9217 AUPR=0.8936 F1=0.8147 ACC=0.8459
Epoch 133/200 | TrainLoss=0.3668 (Cls=0.3401, Cont=5.3411) | Val AUC=0.9218 AUPR=0.8941 F1=0.8127 ACC=0.8459
Epoch 134/200 | TrainLoss=0.3662 (Cls=0.3395, Cont=5.3401) | Val AUC=0.9219 AUPR=0.8945 F1=0.8116 ACC=0.8463
Epoch 135/200 | TrainLoss=0.3682 (Cls=0.3416, Cont=5.3357) | Val AUC=0.9225 AUPR=0.8951 F1=0.8145 ACC=0.8455
Epoch 136/200 | TrainLoss=0.3665 (Cls=0.3399, Cont=5.3340) | Val AUC=0.9225 AUPR=0.8947 F1=0.8156 ACC=0.8457
Epoch 137/200 | TrainLoss=0.3673 (Cls=0.3405, Cont=5.3420) | Val AUC=0.9225 AUPR=0.8947 F1=0.8143 ACC=0.8449
Epoch 138/200 | TrainLoss=0.3652 (Cls=0.3385, Cont=5.3335) | Val AUC=0.9220 AUPR=0.8939 F1=0.8150 ACC=0.8456
Epoch 139/200 | TrainLoss=0.3662 (Cls=0.3395, Cont=5.3214) | Val AUC=0.9218 AUPR=0.8934 F1=0.8148 ACC=0.8472
Epoch 140/200 | TrainLoss=0.3648 (Cls=0.3382, Cont=5.3315) | Val AUC=0.9229 AUPR=0.8950 F1=0.8154 ACC=0.8451
Epoch 141/200 | TrainLoss=0.3643 (Cls=0.3376, Cont=5.3318) | Val AUC=0.9235 AUPR=0.8959 F1=0.8151 ACC=0.8434
Epoch 142/200 | TrainLoss=0.3654 (Cls=0.3388, Cont=5.3358) | Val AUC=0.9237 AUPR=0.8960 F1=0.8161 ACC=0.8474
Epoch 143/200 | TrainLoss=0.3635 (Cls=0.3369, Cont=5.3237) | Val AUC=0.9234 AUPR=0.8955 F1=0.8161 ACC=0.8457
Epoch 144/200 | TrainLoss=0.3640 (Cls=0.3374, Cont=5.3266) | Val AUC=0.9228 AUPR=0.8950 F1=0.8145 ACC=0.8440
Epoch 145/200 | TrainLoss=0.3633 (Cls=0.3366, Cont=5.3367) | Val AUC=0.9229 AUPR=0.8955 F1=0.8143 ACC=0.8422
Epoch 146/200 | TrainLoss=0.3608 (Cls=0.3342, Cont=5.3179) | Val AUC=0.9234 AUPR=0.8965 F1=0.8157 ACC=0.8428
Epoch 147/200 | TrainLoss=0.3632 (Cls=0.3366, Cont=5.3320) | Val AUC=0.9237 AUPR=0.8968 F1=0.8177 ACC=0.8474
Epoch 148/200 | TrainLoss=0.3630 (Cls=0.3364, Cont=5.3173) | Val AUC=0.9235 AUPR=0.8965 F1=0.8172 ACC=0.8466
Epoch 149/200 | TrainLoss=0.3636 (Cls=0.3369, Cont=5.3398) | Val AUC=0.9239 AUPR=0.8973 F1=0.8161 ACC=0.8435
Epoch 150/200 | TrainLoss=0.3634 (Cls=0.3368, Cont=5.3252) | Val AUC=0.9237 AUPR=0.8969 F1=0.8158 ACC=0.8482
Epoch 151/200 | TrainLoss=0.3608 (Cls=0.3341, Cont=5.3359) | Val AUC=0.9238 AUPR=0.8968 F1=0.8172 ACC=0.8472
Epoch 152/200 | TrainLoss=0.3598 (Cls=0.3333, Cont=5.3159) | Val AUC=0.9250 AUPR=0.8986 F1=0.8187 ACC=0.8495
Epoch 153/200 | TrainLoss=0.3611 (Cls=0.3345, Cont=5.3155) | Val AUC=0.9250 AUPR=0.8989 F1=0.8171 ACC=0.8490
Epoch 154/200 | TrainLoss=0.3598 (Cls=0.3331, Cont=5.3280) | Val AUC=0.9246 AUPR=0.8985 F1=0.8159 ACC=0.8448
Epoch 155/200 | TrainLoss=0.3593 (Cls=0.3327, Cont=5.3329) | Val AUC=0.9245 AUPR=0.8981 F1=0.8163 ACC=0.8480
Epoch 156/200 | TrainLoss=0.3591 (Cls=0.3324, Cont=5.3374) | Val AUC=0.9240 AUPR=0.8972 F1=0.8166 ACC=0.8456
Epoch 157/200 | TrainLoss=0.3601 (Cls=0.3335, Cont=5.3362) | Val AUC=0.9241 AUPR=0.8971 F1=0.8157 ACC=0.8463
Epoch 158/200 | TrainLoss=0.3586 (Cls=0.3320, Cont=5.3301) | Val AUC=0.9245 AUPR=0.8975 F1=0.8157 ACC=0.8469
Epoch 159/200 | TrainLoss=0.3576 (Cls=0.3309, Cont=5.3301) | Val AUC=0.9247 AUPR=0.8977 F1=0.8159 ACC=0.8483
Epoch 160/200 | TrainLoss=0.3595 (Cls=0.3329, Cont=5.3245) | Val AUC=0.9245 AUPR=0.8975 F1=0.8157 ACC=0.8443
Epoch 161/200 | TrainLoss=0.3580 (Cls=0.3313, Cont=5.3264) | Val AUC=0.9244 AUPR=0.8976 F1=0.8149 ACC=0.8438
Epoch 162/200 | TrainLoss=0.3581 (Cls=0.3314, Cont=5.3243) | Val AUC=0.9247 AUPR=0.8982 F1=0.8153 ACC=0.8441
Epoch 163/200 | TrainLoss=0.3577 (Cls=0.3310, Cont=5.3275) | Val AUC=0.9247 AUPR=0.8978 F1=0.8183 ACC=0.8476
Epoch 164/200 | TrainLoss=0.3596 (Cls=0.3330, Cont=5.3252) | Val AUC=0.9251 AUPR=0.8988 F1=0.8173 ACC=0.8437
Epoch 165/200 | TrainLoss=0.3567 (Cls=0.3300, Cont=5.3389) | Val AUC=0.9237 AUPR=0.8973 F1=0.8135 ACC=0.8425
Epoch 166/200 | TrainLoss=0.3583 (Cls=0.3316, Cont=5.3407) | Val AUC=0.9251 AUPR=0.8986 F1=0.8188 ACC=0.8471
Epoch 167/200 | TrainLoss=0.3579 (Cls=0.3312, Cont=5.3262) | Val AUC=0.9251 AUPR=0.8984 F1=0.8202 ACC=0.8486
Epoch 168/200 | TrainLoss=0.3577 (Cls=0.3311, Cont=5.3323) | Val AUC=0.9255 AUPR=0.8995 F1=0.8194 ACC=0.8476
Epoch 169/200 | TrainLoss=0.3566 (Cls=0.3299, Cont=5.3251) | Val AUC=0.9258 AUPR=0.9001 F1=0.8187 ACC=0.8459
Epoch 170/200 | TrainLoss=0.3560 (Cls=0.3293, Cont=5.3303) | Val AUC=0.9260 AUPR=0.9002 F1=0.8195 ACC=0.8518
Epoch 171/200 | TrainLoss=0.3571 (Cls=0.3305, Cont=5.3230) | Val AUC=0.9260 AUPR=0.9001 F1=0.8206 ACC=0.8482
Epoch 172/200 | TrainLoss=0.3553 (Cls=0.3286, Cont=5.3383) | Val AUC=0.9247 AUPR=0.8983 F1=0.8179 ACC=0.8489
Epoch 173/200 | TrainLoss=0.3576 (Cls=0.3310, Cont=5.3176) | Val AUC=0.9255 AUPR=0.8992 F1=0.8174 ACC=0.8476
Epoch 174/200 | TrainLoss=0.3572 (Cls=0.3305, Cont=5.3256) | Val AUC=0.9255 AUPR=0.8993 F1=0.8165 ACC=0.8427
Epoch 175/200 | TrainLoss=0.3557 (Cls=0.3292, Cont=5.3105) | Val AUC=0.9255 AUPR=0.8993 F1=0.8164 ACC=0.8412
Epoch 176/200 | TrainLoss=0.3556 (Cls=0.3290, Cont=5.3157) | Val AUC=0.9261 AUPR=0.9002 F1=0.8182 ACC=0.8442
Epoch 177/200 | TrainLoss=0.3544 (Cls=0.3278, Cont=5.3281) | Val AUC=0.9260 AUPR=0.8999 F1=0.8183 ACC=0.8458
Epoch 178/200 | TrainLoss=0.3544 (Cls=0.3277, Cont=5.3336) | Val AUC=0.9258 AUPR=0.8996 F1=0.8169 ACC=0.8427
Epoch 179/200 | TrainLoss=0.3544 (Cls=0.3276, Cont=5.3520) | Val AUC=0.9256 AUPR=0.8994 F1=0.8168 ACC=0.8413
Epoch 180/200 | TrainLoss=0.3548 (Cls=0.3282, Cont=5.3249) | Val AUC=0.9237 AUPR=0.8967 F1=0.8149 ACC=0.8456
Epoch 181/200 | TrainLoss=0.3551 (Cls=0.3285, Cont=5.3247) | Val AUC=0.9243 AUPR=0.8975 F1=0.8158 ACC=0.8429
Epoch 182/200 | TrainLoss=0.3542 (Cls=0.3276, Cont=5.3195) | Val AUC=0.9255 AUPR=0.8997 F1=0.8193 ACC=0.8477
Epoch 183/200 | TrainLoss=0.3559 (Cls=0.3293, Cont=5.3237) | Val AUC=0.9254 AUPR=0.8994 F1=0.8177 ACC=0.8426
Epoch 184/200 | TrainLoss=0.3544 (Cls=0.3277, Cont=5.3268) | Val AUC=0.9240 AUPR=0.8972 F1=0.8157 ACC=0.8429
Epoch 185/200 | TrainLoss=0.3550 (Cls=0.3284, Cont=5.3224) | Val AUC=0.9260 AUPR=0.9005 F1=0.8192 ACC=0.8474
Epoch 186/200 | TrainLoss=0.3525 (Cls=0.3259, Cont=5.3320) | Val AUC=0.9254 AUPR=0.9000 F1=0.8172 ACC=0.8501
Epoch 187/200 | TrainLoss=0.3542 (Cls=0.3276, Cont=5.3197) | Val AUC=0.9260 AUPR=0.9006 F1=0.8179 ACC=0.8485
Epoch 188/200 | TrainLoss=0.3538 (Cls=0.3271, Cont=5.3292) | Val AUC=0.9261 AUPR=0.9006 F1=0.8177 ACC=0.8463
Epoch 189/200 | TrainLoss=0.3548 (Cls=0.3282, Cont=5.3277) | Val AUC=0.9265 AUPR=0.9011 F1=0.8204 ACC=0.8501
Epoch 190/200 | TrainLoss=0.3527 (Cls=0.3260, Cont=5.3366) | Val AUC=0.9265 AUPR=0.9013 F1=0.8193 ACC=0.8493
Epoch 191/200 | TrainLoss=0.3528 (Cls=0.3262, Cont=5.3229) | Val AUC=0.9266 AUPR=0.9012 F1=0.8183 ACC=0.8478
Epoch 192/200 | TrainLoss=0.3520 (Cls=0.3254, Cont=5.3222) | Val AUC=0.9260 AUPR=0.8998 F1=0.8164 ACC=0.8503
Epoch 193/200 | TrainLoss=0.3526 (Cls=0.3260, Cont=5.3280) | Val AUC=0.9265 AUPR=0.9007 F1=0.8177 ACC=0.8496
Epoch 194/200 | TrainLoss=0.3521 (Cls=0.3255, Cont=5.3345) | Val AUC=0.9265 AUPR=0.9011 F1=0.8180 ACC=0.8499
Epoch 195/200 | TrainLoss=0.3519 (Cls=0.3253, Cont=5.3128) | Val AUC=0.9264 AUPR=0.9009 F1=0.8189 ACC=0.8473
Epoch 196/200 | TrainLoss=0.3522 (Cls=0.3256, Cont=5.3197) | Val AUC=0.9262 AUPR=0.9006 F1=0.8187 ACC=0.8456
Epoch 197/200 | TrainLoss=0.3506 (Cls=0.3239, Cont=5.3281) | Val AUC=0.9262 AUPR=0.9007 F1=0.8191 ACC=0.8456
Epoch 198/200 | TrainLoss=0.3509 (Cls=0.3243, Cont=5.3203) | Val AUC=0.9260 AUPR=0.9005 F1=0.8184 ACC=0.8442
Epoch 199/200 | TrainLoss=0.3510 (Cls=0.3244, Cont=5.3200) | Val AUC=0.9259 AUPR=0.9003 F1=0.8174 ACC=0.8421
Epoch 200/200 | TrainLoss=0.3506 (Cls=0.3240, Cont=5.3174) | Val AUC=0.9262 AUPR=0.9010 F1=0.8181 ACC=0.8483
Fold 2 complete | Best Val AUC=0.9266 | Test AUC=0.9270 AUPR=0.8999 F1=0.8187 ACC=0.8466

================================================================================
Fold 3/5
================================================================================
Epoch 001/200 | TrainLoss=0.6998 (Cls=0.6998, Cont=0.0000) | Val AUC=0.5214 AUPR=0.4337 F1=0.5789 ACC=0.4078
Epoch 002/200 | TrainLoss=0.6755 (Cls=0.6755, Cont=0.0000) | Val AUC=0.5336 AUPR=0.4435 F1=0.5789 ACC=0.4078
Epoch 003/200 | TrainLoss=0.6660 (Cls=0.6660, Cont=0.0000) | Val AUC=0.5441 AUPR=0.4500 F1=0.5788 ACC=0.4076
Epoch 004/200 | TrainLoss=0.6570 (Cls=0.6570, Cont=0.0000) | Val AUC=0.5512 AUPR=0.4544 F1=0.5790 ACC=0.4101
Epoch 005/200 | TrainLoss=0.6427 (Cls=0.6427, Cont=0.0000) | Val AUC=0.5597 AUPR=0.4595 F1=0.5796 ACC=0.4197
Epoch 006/200 | TrainLoss=0.6228 (Cls=0.6228, Cont=0.0000) | Val AUC=0.5689 AUPR=0.4648 F1=0.5808 ACC=0.4213
Epoch 007/200 | TrainLoss=0.6048 (Cls=0.6048, Cont=0.0000) | Val AUC=0.5782 AUPR=0.4719 F1=0.5806 ACC=0.4228
Epoch 008/200 | TrainLoss=0.5824 (Cls=0.5824, Cont=0.0000) | Val AUC=0.5825 AUPR=0.4755 F1=0.5821 ACC=0.4619
Epoch 009/200 | TrainLoss=0.5551 (Cls=0.5551, Cont=0.0000) | Val AUC=0.5859 AUPR=0.4785 F1=0.5819 ACC=0.4563
Epoch 010/200 | TrainLoss=0.5277 (Cls=0.5277, Cont=0.0000) | Val AUC=0.5917 AUPR=0.4852 F1=0.5840 ACC=0.4457
Epoch 011/200 | TrainLoss=0.5314 (Cls=0.4984, Cont=6.6076) | Val AUC=0.5997 AUPR=0.4934 F1=0.5864 ACC=0.4535
Epoch 012/200 | TrainLoss=0.5132 (Cls=0.4852, Cont=5.6012) | Val AUC=0.6129 AUPR=0.5108 F1=0.5882 ACC=0.4747
Epoch 013/200 | TrainLoss=0.5080 (Cls=0.4806, Cont=5.4815) | Val AUC=0.6034 AUPR=0.4961 F1=0.5889 ACC=0.4527
Epoch 014/200 | TrainLoss=0.4864 (Cls=0.4592, Cont=5.4447) | Val AUC=0.5948 AUPR=0.4831 F1=0.5883 ACC=0.4618
Epoch 015/200 | TrainLoss=0.4813 (Cls=0.4542, Cont=5.4353) | Val AUC=0.6117 AUPR=0.4982 F1=0.5900 ACC=0.4583
Epoch 016/200 | TrainLoss=0.4743 (Cls=0.4471, Cont=5.4313) | Val AUC=0.6172 AUPR=0.4998 F1=0.5945 ACC=0.4751
Epoch 017/200 | TrainLoss=0.4853 (Cls=0.4582, Cont=5.4271) | Val AUC=0.6331 AUPR=0.5137 F1=0.5958 ACC=0.4836
Epoch 018/200 | TrainLoss=0.4795 (Cls=0.4524, Cont=5.4235) | Val AUC=0.6324 AUPR=0.5113 F1=0.5972 ACC=0.5053
Epoch 019/200 | TrainLoss=0.4551 (Cls=0.4280, Cont=5.4180) | Val AUC=0.6317 AUPR=0.5128 F1=0.5967 ACC=0.4932
Epoch 020/200 | TrainLoss=0.4603 (Cls=0.4332, Cont=5.4167) | Val AUC=0.6804 AUPR=0.5595 F1=0.6129 ACC=0.5601
Epoch 021/200 | TrainLoss=0.4490 (Cls=0.4220, Cont=5.4045) | Val AUC=0.7050 AUPR=0.5868 F1=0.6240 ACC=0.6029
Epoch 022/200 | TrainLoss=0.4466 (Cls=0.4196, Cont=5.4024) | Val AUC=0.7218 AUPR=0.6078 F1=0.6360 ACC=0.6224
Epoch 023/200 | TrainLoss=0.4454 (Cls=0.4184, Cont=5.3902) | Val AUC=0.7341 AUPR=0.6338 F1=0.6420 ACC=0.6225
Epoch 024/200 | TrainLoss=0.4404 (Cls=0.4135, Cont=5.3903) | Val AUC=0.7423 AUPR=0.6536 F1=0.6442 ACC=0.6241
Epoch 025/200 | TrainLoss=0.4381 (Cls=0.4112, Cont=5.3813) | Val AUC=0.7602 AUPR=0.6699 F1=0.6587 ACC=0.6760
Epoch 026/200 | TrainLoss=0.4332 (Cls=0.4063, Cont=5.3799) | Val AUC=0.7829 AUPR=0.6921 F1=0.6799 ACC=0.7003
Epoch 027/200 | TrainLoss=0.4300 (Cls=0.4032, Cont=5.3755) | Val AUC=0.7922 AUPR=0.7144 F1=0.6831 ACC=0.7071
Epoch 028/200 | TrainLoss=0.4275 (Cls=0.4007, Cont=5.3676) | Val AUC=0.8103 AUPR=0.7364 F1=0.6997 ACC=0.7266
Epoch 029/200 | TrainLoss=0.4232 (Cls=0.3963, Cont=5.3657) | Val AUC=0.8243 AUPR=0.7535 F1=0.7085 ACC=0.7332
Epoch 030/200 | TrainLoss=0.4232 (Cls=0.3964, Cont=5.3536) | Val AUC=0.8410 AUPR=0.7779 F1=0.7280 ACC=0.7521
Epoch 031/200 | TrainLoss=0.4215 (Cls=0.3947, Cont=5.3700) | Val AUC=0.8551 AUPR=0.7978 F1=0.7414 ACC=0.7751
Epoch 032/200 | TrainLoss=0.4198 (Cls=0.3930, Cont=5.3593) | Val AUC=0.8654 AUPR=0.8114 F1=0.7513 ACC=0.7783
Epoch 033/200 | TrainLoss=0.4218 (Cls=0.3949, Cont=5.3878) | Val AUC=0.8712 AUPR=0.8205 F1=0.7581 ACC=0.7871
Epoch 034/200 | TrainLoss=0.4150 (Cls=0.3881, Cont=5.3709) | Val AUC=0.8768 AUPR=0.8279 F1=0.7659 ACC=0.7920
Epoch 035/200 | TrainLoss=0.4163 (Cls=0.3895, Cont=5.3595) | Val AUC=0.8872 AUPR=0.8401 F1=0.7786 ACC=0.8073
Epoch 036/200 | TrainLoss=0.4141 (Cls=0.3873, Cont=5.3546) | Val AUC=0.8931 AUPR=0.8487 F1=0.7832 ACC=0.8120
Epoch 037/200 | TrainLoss=0.4146 (Cls=0.3878, Cont=5.3597) | Val AUC=0.8916 AUPR=0.8477 F1=0.7783 ACC=0.8022
Epoch 038/200 | TrainLoss=0.4140 (Cls=0.3872, Cont=5.3648) | Val AUC=0.8954 AUPR=0.8513 F1=0.7832 ACC=0.8100
Epoch 039/200 | TrainLoss=0.4101 (Cls=0.3833, Cont=5.3575) | Val AUC=0.8994 AUPR=0.8564 F1=0.7888 ACC=0.8139
Epoch 040/200 | TrainLoss=0.4069 (Cls=0.3800, Cont=5.3705) | Val AUC=0.9017 AUPR=0.8592 F1=0.7891 ACC=0.8139
Epoch 041/200 | TrainLoss=0.4087 (Cls=0.3818, Cont=5.3696) | Val AUC=0.9055 AUPR=0.8634 F1=0.7936 ACC=0.8220
Epoch 042/200 | TrainLoss=0.4098 (Cls=0.3831, Cont=5.3503) | Val AUC=0.9055 AUPR=0.8641 F1=0.7942 ACC=0.8176
Epoch 043/200 | TrainLoss=0.4041 (Cls=0.3774, Cont=5.3442) | Val AUC=0.9069 AUPR=0.8670 F1=0.7970 ACC=0.8256
Epoch 044/200 | TrainLoss=0.4068 (Cls=0.3800, Cont=5.3519) | Val AUC=0.9101 AUPR=0.8715 F1=0.8027 ACC=0.8269
Epoch 045/200 | TrainLoss=0.4076 (Cls=0.3809, Cont=5.3456) | Val AUC=0.9115 AUPR=0.8734 F1=0.8064 ACC=0.8331
Epoch 046/200 | TrainLoss=0.4013 (Cls=0.3746, Cont=5.3493) | Val AUC=0.9118 AUPR=0.8741 F1=0.8066 ACC=0.8300
Epoch 047/200 | TrainLoss=0.4042 (Cls=0.3775, Cont=5.3425) | Val AUC=0.9124 AUPR=0.8749 F1=0.8050 ACC=0.8324
Epoch 048/200 | TrainLoss=0.4015 (Cls=0.3748, Cont=5.3481) | Val AUC=0.9129 AUPR=0.8758 F1=0.8055 ACC=0.8317
Epoch 049/200 | TrainLoss=0.4025 (Cls=0.3757, Cont=5.3516) | Val AUC=0.9114 AUPR=0.8732 F1=0.8046 ACC=0.8341
Epoch 050/200 | TrainLoss=0.4011 (Cls=0.3744, Cont=5.3453) | Val AUC=0.9109 AUPR=0.8709 F1=0.8048 ACC=0.8324
Epoch 051/200 | TrainLoss=0.4019 (Cls=0.3752, Cont=5.3515) | Val AUC=0.9120 AUPR=0.8729 F1=0.8053 ACC=0.8267
Epoch 052/200 | TrainLoss=0.3998 (Cls=0.3729, Cont=5.3901) | Val AUC=0.9140 AUPR=0.8771 F1=0.8067 ACC=0.8342
Epoch 053/200 | TrainLoss=0.3973 (Cls=0.3705, Cont=5.3509) | Val AUC=0.9144 AUPR=0.8783 F1=0.8089 ACC=0.8346
Epoch 054/200 | TrainLoss=0.3973 (Cls=0.3705, Cont=5.3466) | Val AUC=0.9140 AUPR=0.8782 F1=0.8072 ACC=0.8332
Epoch 055/200 | TrainLoss=0.3965 (Cls=0.3698, Cont=5.3484) | Val AUC=0.9139 AUPR=0.8782 F1=0.8052 ACC=0.8330
Epoch 056/200 | TrainLoss=0.3964 (Cls=0.3697, Cont=5.3440) | Val AUC=0.9142 AUPR=0.8788 F1=0.8047 ACC=0.8321
Epoch 057/200 | TrainLoss=0.3967 (Cls=0.3699, Cont=5.3604) | Val AUC=0.9140 AUPR=0.8790 F1=0.8055 ACC=0.8374
Epoch 058/200 | TrainLoss=0.3945 (Cls=0.3678, Cont=5.3482) | Val AUC=0.9144 AUPR=0.8798 F1=0.8053 ACC=0.8341
Epoch 059/200 | TrainLoss=0.3942 (Cls=0.3674, Cont=5.3446) | Val AUC=0.9149 AUPR=0.8803 F1=0.8044 ACC=0.8346
Epoch 060/200 | TrainLoss=0.3915 (Cls=0.3648, Cont=5.3463) | Val AUC=0.9142 AUPR=0.8796 F1=0.8050 ACC=0.8333
Epoch 061/200 | TrainLoss=0.3929 (Cls=0.3662, Cont=5.3402) | Val AUC=0.9145 AUPR=0.8799 F1=0.8060 ACC=0.8375
Epoch 062/200 | TrainLoss=0.3913 (Cls=0.3645, Cont=5.3581) | Val AUC=0.9155 AUPR=0.8807 F1=0.8087 ACC=0.8327
Epoch 063/200 | TrainLoss=0.3922 (Cls=0.3655, Cont=5.3393) | Val AUC=0.9162 AUPR=0.8815 F1=0.8096 ACC=0.8341
Epoch 064/200 | TrainLoss=0.3898 (Cls=0.3631, Cont=5.3389) | Val AUC=0.9165 AUPR=0.8819 F1=0.8092 ACC=0.8326
Epoch 065/200 | TrainLoss=0.3916 (Cls=0.3648, Cont=5.3475) | Val AUC=0.9169 AUPR=0.8830 F1=0.8092 ACC=0.8343
Epoch 066/200 | TrainLoss=0.3900 (Cls=0.3633, Cont=5.3378) | Val AUC=0.9162 AUPR=0.8824 F1=0.8070 ACC=0.8309
Epoch 067/200 | TrainLoss=0.3904 (Cls=0.3637, Cont=5.3375) | Val AUC=0.9165 AUPR=0.8830 F1=0.8068 ACC=0.8338
Epoch 068/200 | TrainLoss=0.3901 (Cls=0.3634, Cont=5.3565) | Val AUC=0.9165 AUPR=0.8830 F1=0.8069 ACC=0.8313
Epoch 069/200 | TrainLoss=0.3905 (Cls=0.3637, Cont=5.3464) | Val AUC=0.9164 AUPR=0.8826 F1=0.8077 ACC=0.8291
Epoch 070/200 | TrainLoss=0.3911 (Cls=0.3643, Cont=5.3450) | Val AUC=0.9165 AUPR=0.8828 F1=0.8081 ACC=0.8304
Epoch 071/200 | TrainLoss=0.3890 (Cls=0.3623, Cont=5.3348) | Val AUC=0.9165 AUPR=0.8828 F1=0.8091 ACC=0.8352
Epoch 072/200 | TrainLoss=0.3889 (Cls=0.3622, Cont=5.3373) | Val AUC=0.9166 AUPR=0.8825 F1=0.8080 ACC=0.8344
Epoch 073/200 | TrainLoss=0.3864 (Cls=0.3597, Cont=5.3506) | Val AUC=0.9163 AUPR=0.8819 F1=0.8081 ACC=0.8330
Epoch 074/200 | TrainLoss=0.3885 (Cls=0.3618, Cont=5.3404) | Val AUC=0.9170 AUPR=0.8829 F1=0.8111 ACC=0.8367
Epoch 075/200 | TrainLoss=0.3880 (Cls=0.3612, Cont=5.3558) | Val AUC=0.9170 AUPR=0.8831 F1=0.8115 ACC=0.8393
Epoch 076/200 | TrainLoss=0.3871 (Cls=0.3603, Cont=5.3551) | Val AUC=0.9166 AUPR=0.8827 F1=0.8091 ACC=0.8325
Epoch 077/200 | TrainLoss=0.3896 (Cls=0.3630, Cont=5.3379) | Val AUC=0.9170 AUPR=0.8833 F1=0.8109 ACC=0.8396
Epoch 078/200 | TrainLoss=0.3865 (Cls=0.3597, Cont=5.3579) | Val AUC=0.9171 AUPR=0.8833 F1=0.8111 ACC=0.8376
Epoch 079/200 | TrainLoss=0.3867 (Cls=0.3599, Cont=5.3499) | Val AUC=0.9171 AUPR=0.8835 F1=0.8097 ACC=0.8350
Epoch 080/200 | TrainLoss=0.3854 (Cls=0.3587, Cont=5.3462) | Val AUC=0.9169 AUPR=0.8829 F1=0.8074 ACC=0.8385
Epoch 081/200 | TrainLoss=0.3855 (Cls=0.3588, Cont=5.3420) | Val AUC=0.9170 AUPR=0.8827 F1=0.8079 ACC=0.8353
Epoch 082/200 | TrainLoss=0.3867 (Cls=0.3599, Cont=5.3473) | Val AUC=0.9176 AUPR=0.8834 F1=0.8104 ACC=0.8374
Epoch 083/200 | TrainLoss=0.3849 (Cls=0.3583, Cont=5.3245) | Val AUC=0.9181 AUPR=0.8843 F1=0.8114 ACC=0.8380
Epoch 084/200 | TrainLoss=0.3857 (Cls=0.3590, Cont=5.3509) | Val AUC=0.9183 AUPR=0.8849 F1=0.8101 ACC=0.8386
Epoch 085/200 | TrainLoss=0.3850 (Cls=0.3584, Cont=5.3372) | Val AUC=0.9175 AUPR=0.8838 F1=0.8095 ACC=0.8395
Epoch 086/200 | TrainLoss=0.3847 (Cls=0.3580, Cont=5.3427) | Val AUC=0.9167 AUPR=0.8829 F1=0.8104 ACC=0.8397
Epoch 087/200 | TrainLoss=0.3835 (Cls=0.3568, Cont=5.3529) | Val AUC=0.9161 AUPR=0.8825 F1=0.8100 ACC=0.8383
Epoch 088/200 | TrainLoss=0.3842 (Cls=0.3574, Cont=5.3637) | Val AUC=0.9162 AUPR=0.8827 F1=0.8099 ACC=0.8379
Epoch 089/200 | TrainLoss=0.3847 (Cls=0.3580, Cont=5.3493) | Val AUC=0.9173 AUPR=0.8839 F1=0.8100 ACC=0.8392
Epoch 090/200 | TrainLoss=0.3835 (Cls=0.3568, Cont=5.3262) | Val AUC=0.9184 AUPR=0.8852 F1=0.8108 ACC=0.8352
Epoch 091/200 | TrainLoss=0.3818 (Cls=0.3551, Cont=5.3475) | Val AUC=0.9187 AUPR=0.8858 F1=0.8114 ACC=0.8360
Epoch 092/200 | TrainLoss=0.3841 (Cls=0.3574, Cont=5.3262) | Val AUC=0.9184 AUPR=0.8856 F1=0.8113 ACC=0.8386
Epoch 093/200 | TrainLoss=0.3830 (Cls=0.3564, Cont=5.3327) | Val AUC=0.9183 AUPR=0.8852 F1=0.8136 ACC=0.8407
Epoch 094/200 | TrainLoss=0.3824 (Cls=0.3557, Cont=5.3376) | Val AUC=0.9186 AUPR=0.8857 F1=0.8144 ACC=0.8410
Epoch 095/200 | TrainLoss=0.3817 (Cls=0.3550, Cont=5.3509) | Val AUC=0.9186 AUPR=0.8858 F1=0.8140 ACC=0.8402
Epoch 096/200 | TrainLoss=0.3809 (Cls=0.3541, Cont=5.3411) | Val AUC=0.9186 AUPR=0.8859 F1=0.8149 ACC=0.8404
Epoch 097/200 | TrainLoss=0.3819 (Cls=0.3552, Cont=5.3499) | Val AUC=0.9186 AUPR=0.8861 F1=0.8131 ACC=0.8390
Epoch 098/200 | TrainLoss=0.3813 (Cls=0.3545, Cont=5.3505) | Val AUC=0.9185 AUPR=0.8860 F1=0.8118 ACC=0.8365
Epoch 099/200 | TrainLoss=0.3808 (Cls=0.3542, Cont=5.3203) | Val AUC=0.9181 AUPR=0.8856 F1=0.8108 ACC=0.8353
Epoch 100/200 | TrainLoss=0.3816 (Cls=0.3549, Cont=5.3381) | Val AUC=0.9186 AUPR=0.8863 F1=0.8121 ACC=0.8419
Epoch 101/200 | TrainLoss=0.3805 (Cls=0.3538, Cont=5.3402) | Val AUC=0.9191 AUPR=0.8869 F1=0.8119 ACC=0.8406
Epoch 102/200 | TrainLoss=0.3803 (Cls=0.3537, Cont=5.3240) | Val AUC=0.9191 AUPR=0.8868 F1=0.8116 ACC=0.8392
Epoch 103/200 | TrainLoss=0.3795 (Cls=0.3528, Cont=5.3368) | Val AUC=0.9192 AUPR=0.8869 F1=0.8110 ACC=0.8385
Epoch 104/200 | TrainLoss=0.3797 (Cls=0.3530, Cont=5.3319) | Val AUC=0.9193 AUPR=0.8872 F1=0.8112 ACC=0.8356
Epoch 105/200 | TrainLoss=0.3782 (Cls=0.3515, Cont=5.3380) | Val AUC=0.9191 AUPR=0.8871 F1=0.8112 ACC=0.8402
Epoch 106/200 | TrainLoss=0.3789 (Cls=0.3523, Cont=5.3329) | Val AUC=0.9184 AUPR=0.8862 F1=0.8108 ACC=0.8355
Epoch 107/200 | TrainLoss=0.3800 (Cls=0.3533, Cont=5.3517) | Val AUC=0.9190 AUPR=0.8867 F1=0.8122 ACC=0.8397
Epoch 108/200 | TrainLoss=0.3784 (Cls=0.3518, Cont=5.3376) | Val AUC=0.9192 AUPR=0.8867 F1=0.8126 ACC=0.8403
Epoch 109/200 | TrainLoss=0.3783 (Cls=0.3516, Cont=5.3347) | Val AUC=0.9192 AUPR=0.8864 F1=0.8138 ACC=0.8429
Epoch 110/200 | TrainLoss=0.3768 (Cls=0.3502, Cont=5.3352) | Val AUC=0.9189 AUPR=0.8861 F1=0.8140 ACC=0.8391
Epoch 111/200 | TrainLoss=0.3787 (Cls=0.3520, Cont=5.3377) | Val AUC=0.9191 AUPR=0.8868 F1=0.8140 ACC=0.8377
Epoch 112/200 | TrainLoss=0.3783 (Cls=0.3516, Cont=5.3390) | Val AUC=0.9195 AUPR=0.8877 F1=0.8150 ACC=0.8385
Epoch 113/200 | TrainLoss=0.3782 (Cls=0.3516, Cont=5.3285) | Val AUC=0.9193 AUPR=0.8874 F1=0.8141 ACC=0.8352
Epoch 114/200 | TrainLoss=0.3774 (Cls=0.3506, Cont=5.3491) | Val AUC=0.9201 AUPR=0.8885 F1=0.8147 ACC=0.8368
Epoch 115/200 | TrainLoss=0.3767 (Cls=0.3500, Cont=5.3368) | Val AUC=0.9207 AUPR=0.8896 F1=0.8155 ACC=0.8400
Epoch 116/200 | TrainLoss=0.3763 (Cls=0.3495, Cont=5.3591) | Val AUC=0.9205 AUPR=0.8896 F1=0.8145 ACC=0.8387
Epoch 117/200 | TrainLoss=0.3755 (Cls=0.3488, Cont=5.3428) | Val AUC=0.9199 AUPR=0.8889 F1=0.8137 ACC=0.8385
Epoch 118/200 | TrainLoss=0.3774 (Cls=0.3506, Cont=5.3446) | Val AUC=0.9203 AUPR=0.8890 F1=0.8134 ACC=0.8404
Epoch 119/200 | TrainLoss=0.3764 (Cls=0.3497, Cont=5.3454) | Val AUC=0.9204 AUPR=0.8887 F1=0.8142 ACC=0.8435
Epoch 120/200 | TrainLoss=0.3751 (Cls=0.3484, Cont=5.3495) | Val AUC=0.9203 AUPR=0.8884 F1=0.8150 ACC=0.8425
Epoch 121/200 | TrainLoss=0.3745 (Cls=0.3477, Cont=5.3467) | Val AUC=0.9203 AUPR=0.8883 F1=0.8148 ACC=0.8427
Epoch 122/200 | TrainLoss=0.3750 (Cls=0.3483, Cont=5.3511) | Val AUC=0.9202 AUPR=0.8880 F1=0.8145 ACC=0.8407
Epoch 123/200 | TrainLoss=0.3741 (Cls=0.3475, Cont=5.3220) | Val AUC=0.9208 AUPR=0.8888 F1=0.8161 ACC=0.8415
Epoch 124/200 | TrainLoss=0.3750 (Cls=0.3483, Cont=5.3410) | Val AUC=0.9206 AUPR=0.8886 F1=0.8159 ACC=0.8427
Epoch 125/200 | TrainLoss=0.3760 (Cls=0.3493, Cont=5.3460) | Val AUC=0.9201 AUPR=0.8881 F1=0.8143 ACC=0.8391
Epoch 126/200 | TrainLoss=0.3743 (Cls=0.3476, Cont=5.3416) | Val AUC=0.9212 AUPR=0.8897 F1=0.8146 ACC=0.8430
Epoch 127/200 | TrainLoss=0.3732 (Cls=0.3465, Cont=5.3333) | Val AUC=0.9217 AUPR=0.8905 F1=0.8158 ACC=0.8398
Epoch 128/200 | TrainLoss=0.3743 (Cls=0.3476, Cont=5.3415) | Val AUC=0.9210 AUPR=0.8897 F1=0.8160 ACC=0.8416
Epoch 129/200 | TrainLoss=0.3725 (Cls=0.3459, Cont=5.3348) | Val AUC=0.9210 AUPR=0.8899 F1=0.8169 ACC=0.8439
Epoch 130/200 | TrainLoss=0.3718 (Cls=0.3451, Cont=5.3388) | Val AUC=0.9212 AUPR=0.8904 F1=0.8156 ACC=0.8450
Epoch 131/200 | TrainLoss=0.3718 (Cls=0.3452, Cont=5.3288) | Val AUC=0.9213 AUPR=0.8906 F1=0.8162 ACC=0.8451
Epoch 132/200 | TrainLoss=0.3707 (Cls=0.3439, Cont=5.3486) | Val AUC=0.9215 AUPR=0.8908 F1=0.8178 ACC=0.8459
Epoch 133/200 | TrainLoss=0.3713 (Cls=0.3446, Cont=5.3357) | Val AUC=0.9220 AUPR=0.8914 F1=0.8178 ACC=0.8459
Epoch 134/200 | TrainLoss=0.3715 (Cls=0.3448, Cont=5.3363) | Val AUC=0.9223 AUPR=0.8917 F1=0.8162 ACC=0.8425
Epoch 135/200 | TrainLoss=0.3700 (Cls=0.3433, Cont=5.3372) | Val AUC=0.9218 AUPR=0.8909 F1=0.8159 ACC=0.8417
Epoch 136/200 | TrainLoss=0.3691 (Cls=0.3424, Cont=5.3368) | Val AUC=0.9217 AUPR=0.8909 F1=0.8161 ACC=0.8403
Epoch 137/200 | TrainLoss=0.3691 (Cls=0.3425, Cont=5.3299) | Val AUC=0.9229 AUPR=0.8926 F1=0.8175 ACC=0.8411
Epoch 138/200 | TrainLoss=0.3689 (Cls=0.3422, Cont=5.3271) | Val AUC=0.9236 AUPR=0.8931 F1=0.8189 ACC=0.8413
Epoch 139/200 | TrainLoss=0.3682 (Cls=0.3416, Cont=5.3374) | Val AUC=0.9235 AUPR=0.8928 F1=0.8195 ACC=0.8483
Epoch 140/200 | TrainLoss=0.3686 (Cls=0.3419, Cont=5.3387) | Val AUC=0.9233 AUPR=0.8932 F1=0.8188 ACC=0.8482
Epoch 141/200 | TrainLoss=0.3682 (Cls=0.3416, Cont=5.3190) | Val AUC=0.9230 AUPR=0.8932 F1=0.8167 ACC=0.8456
Epoch 142/200 | TrainLoss=0.3679 (Cls=0.3413, Cont=5.3366) | Val AUC=0.9234 AUPR=0.8938 F1=0.8165 ACC=0.8428
Epoch 143/200 | TrainLoss=0.3680 (Cls=0.3413, Cont=5.3241) | Val AUC=0.9240 AUPR=0.8945 F1=0.8198 ACC=0.8475
Epoch 144/200 | TrainLoss=0.3681 (Cls=0.3416, Cont=5.3181) | Val AUC=0.9242 AUPR=0.8949 F1=0.8207 ACC=0.8486
Epoch 145/200 | TrainLoss=0.3674 (Cls=0.3408, Cont=5.3317) | Val AUC=0.9244 AUPR=0.8953 F1=0.8204 ACC=0.8509
Epoch 146/200 | TrainLoss=0.3661 (Cls=0.3395, Cont=5.3250) | Val AUC=0.9243 AUPR=0.8950 F1=0.8202 ACC=0.8470
Epoch 147/200 | TrainLoss=0.3675 (Cls=0.3407, Cont=5.3485) | Val AUC=0.9242 AUPR=0.8947 F1=0.8203 ACC=0.8493
Epoch 148/200 | TrainLoss=0.3665 (Cls=0.3398, Cont=5.3477) | Val AUC=0.9243 AUPR=0.8947 F1=0.8205 ACC=0.8469
Epoch 149/200 | TrainLoss=0.3647 (Cls=0.3381, Cont=5.3299) | Val AUC=0.9244 AUPR=0.8947 F1=0.8205 ACC=0.8471
Epoch 150/200 | TrainLoss=0.3659 (Cls=0.3392, Cont=5.3418) | Val AUC=0.9243 AUPR=0.8945 F1=0.8207 ACC=0.8479
Epoch 151/200 | TrainLoss=0.3650 (Cls=0.3383, Cont=5.3444) | Val AUC=0.9245 AUPR=0.8949 F1=0.8205 ACC=0.8469
Epoch 152/200 | TrainLoss=0.3661 (Cls=0.3394, Cont=5.3296) | Val AUC=0.9237 AUPR=0.8934 F1=0.8198 ACC=0.8468
Epoch 153/200 | TrainLoss=0.3650 (Cls=0.3384, Cont=5.3153) | Val AUC=0.9244 AUPR=0.8945 F1=0.8211 ACC=0.8490
Epoch 154/200 | TrainLoss=0.3637 (Cls=0.3370, Cont=5.3316) | Val AUC=0.9254 AUPR=0.8961 F1=0.8209 ACC=0.8480
Epoch 155/200 | TrainLoss=0.3628 (Cls=0.3362, Cont=5.3284) | Val AUC=0.9259 AUPR=0.8971 F1=0.8216 ACC=0.8470
Epoch 156/200 | TrainLoss=0.3614 (Cls=0.3348, Cont=5.3277) | Val AUC=0.9258 AUPR=0.8971 F1=0.8227 ACC=0.8476
Epoch 157/200 | TrainLoss=0.3641 (Cls=0.3374, Cont=5.3381) | Val AUC=0.9260 AUPR=0.8974 F1=0.8235 ACC=0.8502
Epoch 158/200 | TrainLoss=0.3617 (Cls=0.3351, Cont=5.3301) | Val AUC=0.9251 AUPR=0.8962 F1=0.8221 ACC=0.8460
Epoch 159/200 | TrainLoss=0.3616 (Cls=0.3350, Cont=5.3243) | Val AUC=0.9244 AUPR=0.8950 F1=0.8215 ACC=0.8486
Epoch 160/200 | TrainLoss=0.3622 (Cls=0.3355, Cont=5.3312) | Val AUC=0.9257 AUPR=0.8971 F1=0.8218 ACC=0.8522
Epoch 161/200 | TrainLoss=0.3596 (Cls=0.3329, Cont=5.3318) | Val AUC=0.9259 AUPR=0.8972 F1=0.8223 ACC=0.8483
Epoch 162/200 | TrainLoss=0.3602 (Cls=0.3336, Cont=5.3275) | Val AUC=0.9255 AUPR=0.8963 F1=0.8229 ACC=0.8504
Epoch 163/200 | TrainLoss=0.3615 (Cls=0.3349, Cont=5.3290) | Val AUC=0.9251 AUPR=0.8955 F1=0.8195 ACC=0.8452
Epoch 164/200 | TrainLoss=0.3600 (Cls=0.3333, Cont=5.3325) | Val AUC=0.9261 AUPR=0.8967 F1=0.8213 ACC=0.8448
Epoch 165/200 | TrainLoss=0.3583 (Cls=0.3317, Cont=5.3232) | Val AUC=0.9258 AUPR=0.8961 F1=0.8226 ACC=0.8471
Epoch 166/200 | TrainLoss=0.3589 (Cls=0.3322, Cont=5.3261) | Val AUC=0.9263 AUPR=0.8970 F1=0.8234 ACC=0.8486
Epoch 167/200 | TrainLoss=0.3595 (Cls=0.3328, Cont=5.3213) | Val AUC=0.9265 AUPR=0.8972 F1=0.8237 ACC=0.8478
Epoch 168/200 | TrainLoss=0.3593 (Cls=0.3326, Cont=5.3330) | Val AUC=0.9260 AUPR=0.8965 F1=0.8219 ACC=0.8462
Epoch 169/200 | TrainLoss=0.3595 (Cls=0.3329, Cont=5.3185) | Val AUC=0.9264 AUPR=0.8977 F1=0.8232 ACC=0.8522
Epoch 170/200 | TrainLoss=0.3572 (Cls=0.3306, Cont=5.3288) | Val AUC=0.9262 AUPR=0.8977 F1=0.8234 ACC=0.8511
Epoch 171/200 | TrainLoss=0.3577 (Cls=0.3310, Cont=5.3316) | Val AUC=0.9267 AUPR=0.8982 F1=0.8247 ACC=0.8504
Epoch 172/200 | TrainLoss=0.3576 (Cls=0.3309, Cont=5.3346) | Val AUC=0.9265 AUPR=0.8977 F1=0.8232 ACC=0.8505
Epoch 173/200 | TrainLoss=0.3574 (Cls=0.3308, Cont=5.3231) | Val AUC=0.9265 AUPR=0.8979 F1=0.8220 ACC=0.8469
Epoch 174/200 | TrainLoss=0.3560 (Cls=0.3294, Cont=5.3141) | Val AUC=0.9255 AUPR=0.8969 F1=0.8210 ACC=0.8508
Epoch 175/200 | TrainLoss=0.3577 (Cls=0.3311, Cont=5.3227) | Val AUC=0.9262 AUPR=0.8974 F1=0.8229 ACC=0.8506
Epoch 176/200 | TrainLoss=0.3571 (Cls=0.3305, Cont=5.3377) | Val AUC=0.9259 AUPR=0.8965 F1=0.8223 ACC=0.8478
Epoch 177/200 | TrainLoss=0.3562 (Cls=0.3296, Cont=5.3117) | Val AUC=0.9267 AUPR=0.8979 F1=0.8223 ACC=0.8476
Epoch 178/200 | TrainLoss=0.3588 (Cls=0.3322, Cont=5.3114) | Val AUC=0.9258 AUPR=0.8966 F1=0.8227 ACC=0.8498
Epoch 179/200 | TrainLoss=0.3569 (Cls=0.3302, Cont=5.3289) | Val AUC=0.9258 AUPR=0.8966 F1=0.8223 ACC=0.8503
Epoch 180/200 | TrainLoss=0.3569 (Cls=0.3302, Cont=5.3342) | Val AUC=0.9266 AUPR=0.8982 F1=0.8220 ACC=0.8510
Epoch 181/200 | TrainLoss=0.3547 (Cls=0.3281, Cont=5.3260) | Val AUC=0.9270 AUPR=0.8988 F1=0.8234 ACC=0.8504
Epoch 182/200 | TrainLoss=0.3573 (Cls=0.3306, Cont=5.3330) | Val AUC=0.9269 AUPR=0.8981 F1=0.8225 ACC=0.8487
Epoch 183/200 | TrainLoss=0.3549 (Cls=0.3283, Cont=5.3229) | Val AUC=0.9267 AUPR=0.8977 F1=0.8230 ACC=0.8491
Epoch 184/200 | TrainLoss=0.3557 (Cls=0.3291, Cont=5.3259) | Val AUC=0.9268 AUPR=0.8979 F1=0.8239 ACC=0.8480
Epoch 185/200 | TrainLoss=0.3552 (Cls=0.3286, Cont=5.3229) | Val AUC=0.9245 AUPR=0.8947 F1=0.8194 ACC=0.8455
Epoch 186/200 | TrainLoss=0.3553 (Cls=0.3287, Cont=5.3277) | Val AUC=0.9257 AUPR=0.8966 F1=0.8211 ACC=0.8487
Epoch 187/200 | TrainLoss=0.3546 (Cls=0.3280, Cont=5.3321) | Val AUC=0.9264 AUPR=0.8984 F1=0.8213 ACC=0.8484
Epoch 188/200 | TrainLoss=0.3549 (Cls=0.3283, Cont=5.3285) | Val AUC=0.9261 AUPR=0.8981 F1=0.8206 ACC=0.8451
Epoch 189/200 | TrainLoss=0.3551 (Cls=0.3285, Cont=5.3196) | Val AUC=0.9270 AUPR=0.8990 F1=0.8216 ACC=0.8480
Epoch 190/200 | TrainLoss=0.3531 (Cls=0.3265, Cont=5.3093) | Val AUC=0.9272 AUPR=0.8991 F1=0.8214 ACC=0.8485
Epoch 191/200 | TrainLoss=0.3549 (Cls=0.3283, Cont=5.3135) | Val AUC=0.9276 AUPR=0.8999 F1=0.8233 ACC=0.8508
Epoch 192/200 | TrainLoss=0.3547 (Cls=0.3281, Cont=5.3264) | Val AUC=0.9271 AUPR=0.8995 F1=0.8237 ACC=0.8527
Epoch 193/200 | TrainLoss=0.3522 (Cls=0.3256, Cont=5.3208) | Val AUC=0.9267 AUPR=0.8990 F1=0.8226 ACC=0.8484
Epoch 194/200 | TrainLoss=0.3549 (Cls=0.3283, Cont=5.3296) | Val AUC=0.9276 AUPR=0.9002 F1=0.8246 ACC=0.8536
Epoch 195/200 | TrainLoss=0.3540 (Cls=0.3274, Cont=5.3035) | Val AUC=0.9288 AUPR=0.9016 F1=0.8245 ACC=0.8512
Epoch 196/200 | TrainLoss=0.3543 (Cls=0.3277, Cont=5.3148) | Val AUC=0.9290 AUPR=0.9019 F1=0.8253 ACC=0.8516
Epoch 197/200 | TrainLoss=0.3538 (Cls=0.3272, Cont=5.3225) | Val AUC=0.9279 AUPR=0.9005 F1=0.8223 ACC=0.8501
Epoch 198/200 | TrainLoss=0.3537 (Cls=0.3271, Cont=5.3254) | Val AUC=0.9259 AUPR=0.8979 F1=0.8193 ACC=0.8450
Epoch 199/200 | TrainLoss=0.3537 (Cls=0.3271, Cont=5.3231) | Val AUC=0.9269 AUPR=0.8993 F1=0.8220 ACC=0.8512
Epoch 200/200 | TrainLoss=0.3525 (Cls=0.3258, Cont=5.3236) | Val AUC=0.9287 AUPR=0.9015 F1=0.8244 ACC=0.8508
Fold 3 complete | Best Val AUC=0.9290 | Test AUC=0.9262 AUPR=0.8983 F1=0.8153 ACC=0.8427

================================================================================
Fold 4/5
================================================================================
Epoch 001/200 | TrainLoss=0.6876 (Cls=0.6876, Cont=0.0000) | Val AUC=0.5313 AUPR=0.4372 F1=0.5780 ACC=0.4073
Epoch 002/200 | TrainLoss=0.6830 (Cls=0.6830, Cont=0.0000) | Val AUC=0.5497 AUPR=0.4518 F1=0.5790 ACC=0.4115
Epoch 003/200 | TrainLoss=0.6624 (Cls=0.6624, Cont=0.0000) | Val AUC=0.5589 AUPR=0.4610 F1=0.5788 ACC=0.4094
Epoch 004/200 | TrainLoss=0.6526 (Cls=0.6526, Cont=0.0000) | Val AUC=0.5624 AUPR=0.4640 F1=0.5789 ACC=0.4254
Epoch 005/200 | TrainLoss=0.6316 (Cls=0.6316, Cont=0.0000) | Val AUC=0.5681 AUPR=0.4649 F1=0.5802 ACC=0.4427
Epoch 006/200 | TrainLoss=0.6081 (Cls=0.6081, Cont=0.0000) | Val AUC=0.5722 AUPR=0.4668 F1=0.5809 ACC=0.4441
Epoch 007/200 | TrainLoss=0.5808 (Cls=0.5808, Cont=0.0000) | Val AUC=0.5744 AUPR=0.4681 F1=0.5811 ACC=0.4431
Epoch 008/200 | TrainLoss=0.5516 (Cls=0.5516, Cont=0.0000) | Val AUC=0.5784 AUPR=0.4700 F1=0.5814 ACC=0.4334
Epoch 009/200 | TrainLoss=0.5220 (Cls=0.5220, Cont=0.0000) | Val AUC=0.5863 AUPR=0.4761 F1=0.5819 ACC=0.4378
Epoch 010/200 | TrainLoss=0.4983 (Cls=0.4983, Cont=0.0000) | Val AUC=0.5921 AUPR=0.4813 F1=0.5821 ACC=0.4574
Epoch 011/200 | TrainLoss=0.5108 (Cls=0.4785, Cont=6.4446) | Val AUC=0.5967 AUPR=0.4862 F1=0.5829 ACC=0.4409
Epoch 012/200 | TrainLoss=0.4880 (Cls=0.4601, Cont=5.5908) | Val AUC=0.6017 AUPR=0.4917 F1=0.5853 ACC=0.4490
Epoch 013/200 | TrainLoss=0.4746 (Cls=0.4472, Cont=5.4745) | Val AUC=0.6065 AUPR=0.4971 F1=0.5861 ACC=0.4414
Epoch 014/200 | TrainLoss=0.4729 (Cls=0.4457, Cont=5.4449) | Val AUC=0.6121 AUPR=0.5049 F1=0.5867 ACC=0.4539
Epoch 015/200 | TrainLoss=0.4584 (Cls=0.4312, Cont=5.4344) | Val AUC=0.6122 AUPR=0.5062 F1=0.5862 ACC=0.4539
Epoch 016/200 | TrainLoss=0.4690 (Cls=0.4419, Cont=5.4308) | Val AUC=0.6261 AUPR=0.5179 F1=0.5893 ACC=0.5008
Epoch 017/200 | TrainLoss=0.4695 (Cls=0.4424, Cont=5.4218) | Val AUC=0.6259 AUPR=0.5200 F1=0.5896 ACC=0.5090
Epoch 018/200 | TrainLoss=0.4632 (Cls=0.4361, Cont=5.4188) | Val AUC=0.6331 AUPR=0.5283 F1=0.5915 ACC=0.5091
Epoch 019/200 | TrainLoss=0.4490 (Cls=0.4219, Cont=5.4129) | Val AUC=0.6565 AUPR=0.5501 F1=0.6018 ACC=0.5627
Epoch 020/200 | TrainLoss=0.4556 (Cls=0.4285, Cont=5.4134) | Val AUC=0.6764 AUPR=0.5687 F1=0.6129 ACC=0.5810
Epoch 021/200 | TrainLoss=0.4455 (Cls=0.4184, Cont=5.4038) | Val AUC=0.6877 AUPR=0.5771 F1=0.6174 ACC=0.5740
Epoch 022/200 | TrainLoss=0.4453 (Cls=0.4183, Cont=5.3990) | Val AUC=0.7067 AUPR=0.5916 F1=0.6337 ACC=0.5954
Epoch 023/200 | TrainLoss=0.4388 (Cls=0.4119, Cont=5.3902) | Val AUC=0.7296 AUPR=0.6185 F1=0.6473 ACC=0.6249
Epoch 024/200 | TrainLoss=0.4368 (Cls=0.4099, Cont=5.3873) | Val AUC=0.7548 AUPR=0.6528 F1=0.6603 ACC=0.6397
Epoch 025/200 | TrainLoss=0.4304 (Cls=0.4035, Cont=5.3719) | Val AUC=0.7768 AUPR=0.6844 F1=0.6749 ACC=0.6722
Epoch 026/200 | TrainLoss=0.4325 (Cls=0.4056, Cont=5.3720) | Val AUC=0.7921 AUPR=0.7036 F1=0.6864 ACC=0.6954
Epoch 027/200 | TrainLoss=0.4290 (Cls=0.4021, Cont=5.3684) | Val AUC=0.8092 AUPR=0.7263 F1=0.7015 ACC=0.7160
Epoch 028/200 | TrainLoss=0.4231 (Cls=0.3962, Cont=5.3805) | Val AUC=0.8230 AUPR=0.7452 F1=0.7122 ACC=0.7276
Epoch 029/200 | TrainLoss=0.4235 (Cls=0.3967, Cont=5.3669) | Val AUC=0.8339 AUPR=0.7633 F1=0.7211 ACC=0.7461
Epoch 030/200 | TrainLoss=0.4200 (Cls=0.3932, Cont=5.3666) | Val AUC=0.8408 AUPR=0.7752 F1=0.7253 ACC=0.7391
Epoch 031/200 | TrainLoss=0.4197 (Cls=0.3928, Cont=5.3838) | Val AUC=0.8509 AUPR=0.7887 F1=0.7378 ACC=0.7670
Epoch 032/200 | TrainLoss=0.4155 (Cls=0.3887, Cont=5.3629) | Val AUC=0.8622 AUPR=0.8064 F1=0.7478 ACC=0.7800
Epoch 033/200 | TrainLoss=0.4140 (Cls=0.3871, Cont=5.3736) | Val AUC=0.8738 AUPR=0.8237 F1=0.7599 ACC=0.7939
Epoch 034/200 | TrainLoss=0.4160 (Cls=0.3892, Cont=5.3703) | Val AUC=0.8792 AUPR=0.8289 F1=0.7651 ACC=0.7962
Epoch 035/200 | TrainLoss=0.4122 (Cls=0.3855, Cont=5.3562) | Val AUC=0.8846 AUPR=0.8337 F1=0.7710 ACC=0.7931
Epoch 036/200 | TrainLoss=0.4103 (Cls=0.3835, Cont=5.3518) | Val AUC=0.8917 AUPR=0.8437 F1=0.7795 ACC=0.8008
Epoch 037/200 | TrainLoss=0.4082 (Cls=0.3815, Cont=5.3491) | Val AUC=0.8983 AUPR=0.8541 F1=0.7878 ACC=0.8159
Epoch 038/200 | TrainLoss=0.4083 (Cls=0.3815, Cont=5.3616) | Val AUC=0.9020 AUPR=0.8602 F1=0.7905 ACC=0.8134
Epoch 039/200 | TrainLoss=0.4079 (Cls=0.3811, Cont=5.3609) | Val AUC=0.9049 AUPR=0.8636 F1=0.7928 ACC=0.8210
Epoch 040/200 | TrainLoss=0.4047 (Cls=0.3779, Cont=5.3542) | Val AUC=0.9052 AUPR=0.8647 F1=0.7928 ACC=0.8159
Epoch 041/200 | TrainLoss=0.4022 (Cls=0.3754, Cont=5.3594) | Val AUC=0.9056 AUPR=0.8663 F1=0.7924 ACC=0.8163
Epoch 042/200 | TrainLoss=0.4037 (Cls=0.3769, Cont=5.3589) | Val AUC=0.9062 AUPR=0.8678 F1=0.7979 ACC=0.8239
Epoch 043/200 | TrainLoss=0.4037 (Cls=0.3769, Cont=5.3504) | Val AUC=0.9065 AUPR=0.8688 F1=0.7971 ACC=0.8207
Epoch 044/200 | TrainLoss=0.4108 (Cls=0.3840, Cont=5.3559) | Val AUC=0.9074 AUPR=0.8698 F1=0.7973 ACC=0.8237
Epoch 045/200 | TrainLoss=0.4072 (Cls=0.3804, Cont=5.3518) | Val AUC=0.9073 AUPR=0.8694 F1=0.7959 ACC=0.8211
Epoch 046/200 | TrainLoss=0.4013 (Cls=0.3745, Cont=5.3597) | Val AUC=0.9077 AUPR=0.8697 F1=0.7983 ACC=0.8297
Epoch 047/200 | TrainLoss=0.4056 (Cls=0.3788, Cont=5.3517) | Val AUC=0.9098 AUPR=0.8720 F1=0.8020 ACC=0.8340
Epoch 048/200 | TrainLoss=0.4011 (Cls=0.3742, Cont=5.3725) | Val AUC=0.9105 AUPR=0.8731 F1=0.8022 ACC=0.8298
Epoch 049/200 | TrainLoss=0.4020 (Cls=0.3752, Cont=5.3576) | Val AUC=0.9107 AUPR=0.8742 F1=0.8022 ACC=0.8320
Epoch 050/200 | TrainLoss=0.3989 (Cls=0.3722, Cont=5.3504) | Val AUC=0.9113 AUPR=0.8751 F1=0.8026 ACC=0.8319
Epoch 051/200 | TrainLoss=0.3977 (Cls=0.3709, Cont=5.3600) | Val AUC=0.9120 AUPR=0.8764 F1=0.8041 ACC=0.8316
Epoch 052/200 | TrainLoss=0.3965 (Cls=0.3697, Cont=5.3550) | Val AUC=0.9117 AUPR=0.8763 F1=0.8031 ACC=0.8330
Epoch 053/200 | TrainLoss=0.3998 (Cls=0.3731, Cont=5.3505) | Val AUC=0.9129 AUPR=0.8780 F1=0.8038 ACC=0.8320
Epoch 054/200 | TrainLoss=0.3945 (Cls=0.3678, Cont=5.3417) | Val AUC=0.9128 AUPR=0.8783 F1=0.8048 ACC=0.8333
Epoch 055/200 | TrainLoss=0.3960 (Cls=0.3692, Cont=5.3475) | Val AUC=0.9125 AUPR=0.8782 F1=0.8044 ACC=0.8334
Epoch 056/200 | TrainLoss=0.3958 (Cls=0.3691, Cont=5.3544) | Val AUC=0.9136 AUPR=0.8791 F1=0.8045 ACC=0.8330
Epoch 057/200 | TrainLoss=0.3972 (Cls=0.3704, Cont=5.3604) | Val AUC=0.9137 AUPR=0.8785 F1=0.8045 ACC=0.8314
Epoch 058/200 | TrainLoss=0.3947 (Cls=0.3679, Cont=5.3538) | Val AUC=0.9130 AUPR=0.8774 F1=0.8019 ACC=0.8297
Epoch 059/200 | TrainLoss=0.3944 (Cls=0.3677, Cont=5.3494) | Val AUC=0.9131 AUPR=0.8777 F1=0.8027 ACC=0.8304
Epoch 060/200 | TrainLoss=0.3915 (Cls=0.3648, Cont=5.3543) | Val AUC=0.9135 AUPR=0.8786 F1=0.8020 ACC=0.8384
Epoch 061/200 | TrainLoss=0.3918 (Cls=0.3650, Cont=5.3492) | Val AUC=0.9137 AUPR=0.8791 F1=0.8030 ACC=0.8338
Epoch 062/200 | TrainLoss=0.3919 (Cls=0.3652, Cont=5.3446) | Val AUC=0.9136 AUPR=0.8793 F1=0.8027 ACC=0.8314
Epoch 063/200 | TrainLoss=0.3913 (Cls=0.3646, Cont=5.3461) | Val AUC=0.9137 AUPR=0.8793 F1=0.8032 ACC=0.8290
Epoch 064/200 | TrainLoss=0.3895 (Cls=0.3626, Cont=5.3728) | Val AUC=0.9137 AUPR=0.8792 F1=0.8034 ACC=0.8302
Epoch 065/200 | TrainLoss=0.3899 (Cls=0.3631, Cont=5.3551) | Val AUC=0.9138 AUPR=0.8796 F1=0.8046 ACC=0.8340
Epoch 066/200 | TrainLoss=0.3907 (Cls=0.3640, Cont=5.3536) | Val AUC=0.9141 AUPR=0.8806 F1=0.8055 ACC=0.8343
Epoch 067/200 | TrainLoss=0.3893 (Cls=0.3625, Cont=5.3496) | Val AUC=0.9147 AUPR=0.8818 F1=0.8049 ACC=0.8315
Epoch 068/200 | TrainLoss=0.3896 (Cls=0.3628, Cont=5.3547) | Val AUC=0.9151 AUPR=0.8821 F1=0.8050 ACC=0.8357
Epoch 069/200 | TrainLoss=0.3879 (Cls=0.3612, Cont=5.3456) | Val AUC=0.9151 AUPR=0.8818 F1=0.8043 ACC=0.8365
Epoch 070/200 | TrainLoss=0.3877 (Cls=0.3610, Cont=5.3420) | Val AUC=0.9153 AUPR=0.8819 F1=0.8039 ACC=0.8363
Epoch 071/200 | TrainLoss=0.3889 (Cls=0.3623, Cont=5.3334) | Val AUC=0.9152 AUPR=0.8819 F1=0.8034 ACC=0.8330
Epoch 072/200 | TrainLoss=0.3879 (Cls=0.3612, Cont=5.3478) | Val AUC=0.9151 AUPR=0.8818 F1=0.8036 ACC=0.8284
Epoch 073/200 | TrainLoss=0.3872 (Cls=0.3604, Cont=5.3467) | Val AUC=0.9155 AUPR=0.8823 F1=0.8038 ACC=0.8294
Epoch 074/200 | TrainLoss=0.3874 (Cls=0.3606, Cont=5.3509) | Val AUC=0.9154 AUPR=0.8824 F1=0.8044 ACC=0.8288
Epoch 075/200 | TrainLoss=0.3861 (Cls=0.3593, Cont=5.3493) | Val AUC=0.9151 AUPR=0.8819 F1=0.8046 ACC=0.8328
Epoch 076/200 | TrainLoss=0.3880 (Cls=0.3613, Cont=5.3468) | Val AUC=0.9153 AUPR=0.8819 F1=0.8062 ACC=0.8373
Epoch 077/200 | TrainLoss=0.3856 (Cls=0.3589, Cont=5.3427) | Val AUC=0.9156 AUPR=0.8819 F1=0.8058 ACC=0.8337
Epoch 078/200 | TrainLoss=0.3844 (Cls=0.3576, Cont=5.3478) | Val AUC=0.9157 AUPR=0.8819 F1=0.8061 ACC=0.8353
Epoch 079/200 | TrainLoss=0.3853 (Cls=0.3586, Cont=5.3340) | Val AUC=0.9157 AUPR=0.8822 F1=0.8057 ACC=0.8347
Epoch 080/200 | TrainLoss=0.3837 (Cls=0.3570, Cont=5.3400) | Val AUC=0.9153 AUPR=0.8818 F1=0.8047 ACC=0.8341
Epoch 081/200 | TrainLoss=0.3842 (Cls=0.3575, Cont=5.3407) | Val AUC=0.9157 AUPR=0.8827 F1=0.8054 ACC=0.8347
Epoch 082/200 | TrainLoss=0.3838 (Cls=0.3571, Cont=5.3487) | Val AUC=0.9163 AUPR=0.8840 F1=0.8068 ACC=0.8339
Epoch 083/200 | TrainLoss=0.3836 (Cls=0.3569, Cont=5.3388) | Val AUC=0.9168 AUPR=0.8853 F1=0.8077 ACC=0.8366
Epoch 084/200 | TrainLoss=0.3843 (Cls=0.3575, Cont=5.3501) | Val AUC=0.9175 AUPR=0.8863 F1=0.8097 ACC=0.8407
Epoch 085/200 | TrainLoss=0.3828 (Cls=0.3561, Cont=5.3528) | Val AUC=0.9177 AUPR=0.8864 F1=0.8092 ACC=0.8417
Epoch 086/200 | TrainLoss=0.3822 (Cls=0.3555, Cont=5.3444) | Val AUC=0.9171 AUPR=0.8854 F1=0.8079 ACC=0.8399
Epoch 087/200 | TrainLoss=0.3826 (Cls=0.3559, Cont=5.3377) | Val AUC=0.9161 AUPR=0.8837 F1=0.8065 ACC=0.8358
Epoch 088/200 | TrainLoss=0.3838 (Cls=0.3571, Cont=5.3432) | Val AUC=0.9169 AUPR=0.8848 F1=0.8075 ACC=0.8390
Epoch 089/200 | TrainLoss=0.3806 (Cls=0.3539, Cont=5.3459) | Val AUC=0.9175 AUPR=0.8856 F1=0.8095 ACC=0.8398
Epoch 090/200 | TrainLoss=0.3834 (Cls=0.3567, Cont=5.3307) | Val AUC=0.9174 AUPR=0.8855 F1=0.8082 ACC=0.8385
Epoch 091/200 | TrainLoss=0.3811 (Cls=0.3544, Cont=5.3536) | Val AUC=0.9173 AUPR=0.8855 F1=0.8077 ACC=0.8401
Epoch 092/200 | TrainLoss=0.3824 (Cls=0.3557, Cont=5.3464) | Val AUC=0.9177 AUPR=0.8860 F1=0.8085 ACC=0.8400
Epoch 093/200 | TrainLoss=0.3810 (Cls=0.3544, Cont=5.3389) | Val AUC=0.9180 AUPR=0.8864 F1=0.8081 ACC=0.8389
Epoch 094/200 | TrainLoss=0.3793 (Cls=0.3526, Cont=5.3461) | Val AUC=0.9177 AUPR=0.8860 F1=0.8067 ACC=0.8363
Epoch 095/200 | TrainLoss=0.3798 (Cls=0.3531, Cont=5.3299) | Val AUC=0.9181 AUPR=0.8862 F1=0.8079 ACC=0.8360
Epoch 096/200 | TrainLoss=0.3802 (Cls=0.3535, Cont=5.3480) | Val AUC=0.9183 AUPR=0.8865 F1=0.8095 ACC=0.8350
Epoch 097/200 | TrainLoss=0.3806 (Cls=0.3540, Cont=5.3294) | Val AUC=0.9186 AUPR=0.8874 F1=0.8080 ACC=0.8374
Epoch 098/200 | TrainLoss=0.3789 (Cls=0.3522, Cont=5.3347) | Val AUC=0.9185 AUPR=0.8877 F1=0.8085 ACC=0.8367
Epoch 099/200 | TrainLoss=0.3803 (Cls=0.3535, Cont=5.3482) | Val AUC=0.9183 AUPR=0.8874 F1=0.8097 ACC=0.8400
Epoch 100/200 | TrainLoss=0.3796 (Cls=0.3529, Cont=5.3299) | Val AUC=0.9184 AUPR=0.8874 F1=0.8112 ACC=0.8413
Epoch 101/200 | TrainLoss=0.3784 (Cls=0.3517, Cont=5.3314) | Val AUC=0.9189 AUPR=0.8878 F1=0.8100 ACC=0.8420
Epoch 102/200 | TrainLoss=0.3795 (Cls=0.3529, Cont=5.3275) | Val AUC=0.9191 AUPR=0.8881 F1=0.8104 ACC=0.8420
Epoch 103/200 | TrainLoss=0.3761 (Cls=0.3494, Cont=5.3466) | Val AUC=0.9189 AUPR=0.8876 F1=0.8109 ACC=0.8420
Epoch 104/200 | TrainLoss=0.3797 (Cls=0.3529, Cont=5.3541) | Val AUC=0.9195 AUPR=0.8886 F1=0.8103 ACC=0.8420
Epoch 105/200 | TrainLoss=0.3757 (Cls=0.3490, Cont=5.3366) | Val AUC=0.9196 AUPR=0.8889 F1=0.8089 ACC=0.8371
Epoch 106/200 | TrainLoss=0.3791 (Cls=0.3523, Cont=5.3507) | Val AUC=0.9202 AUPR=0.8897 F1=0.8103 ACC=0.8407
Epoch 107/200 | TrainLoss=0.3759 (Cls=0.3492, Cont=5.3377) | Val AUC=0.9197 AUPR=0.8886 F1=0.8110 ACC=0.8385
Epoch 108/200 | TrainLoss=0.3762 (Cls=0.3495, Cont=5.3483) | Val AUC=0.9193 AUPR=0.8881 F1=0.8107 ACC=0.8388
Epoch 109/200 | TrainLoss=0.3784 (Cls=0.3518, Cont=5.3250) | Val AUC=0.9198 AUPR=0.8891 F1=0.8101 ACC=0.8372
Epoch 110/200 | TrainLoss=0.3756 (Cls=0.3490, Cont=5.3236) | Val AUC=0.9198 AUPR=0.8891 F1=0.8094 ACC=0.8375
Epoch 111/200 | TrainLoss=0.3793 (Cls=0.3526, Cont=5.3366) | Val AUC=0.9197 AUPR=0.8885 F1=0.8093 ACC=0.8378
Epoch 112/200 | TrainLoss=0.3749 (Cls=0.3482, Cont=5.3421) | Val AUC=0.9199 AUPR=0.8885 F1=0.8107 ACC=0.8418
Epoch 113/200 | TrainLoss=0.3760 (Cls=0.3493, Cont=5.3460) | Val AUC=0.9207 AUPR=0.8894 F1=0.8129 ACC=0.8426
Epoch 114/200 | TrainLoss=0.3739 (Cls=0.3472, Cont=5.3409) | Val AUC=0.9213 AUPR=0.8904 F1=0.8137 ACC=0.8438
Epoch 115/200 | TrainLoss=0.3743 (Cls=0.3475, Cont=5.3480) | Val AUC=0.9216 AUPR=0.8909 F1=0.8149 ACC=0.8429
Epoch 116/200 | TrainLoss=0.3730 (Cls=0.3462, Cont=5.3562) | Val AUC=0.9216 AUPR=0.8909 F1=0.8144 ACC=0.8417
Epoch 117/200 | TrainLoss=0.3721 (Cls=0.3455, Cont=5.3331) | Val AUC=0.9215 AUPR=0.8906 F1=0.8142 ACC=0.8427
Epoch 118/200 | TrainLoss=0.3719 (Cls=0.3452, Cont=5.3405) | Val AUC=0.9216 AUPR=0.8909 F1=0.8144 ACC=0.8427
Epoch 119/200 | TrainLoss=0.3715 (Cls=0.3448, Cont=5.3417) | Val AUC=0.9217 AUPR=0.8912 F1=0.8138 ACC=0.8427
Epoch 120/200 | TrainLoss=0.3718 (Cls=0.3451, Cont=5.3415) | Val AUC=0.9218 AUPR=0.8913 F1=0.8141 ACC=0.8423
Epoch 121/200 | TrainLoss=0.3716 (Cls=0.3450, Cont=5.3297) | Val AUC=0.9209 AUPR=0.8903 F1=0.8130 ACC=0.8396
Epoch 122/200 | TrainLoss=0.3715 (Cls=0.3448, Cont=5.3368) | Val AUC=0.9214 AUPR=0.8912 F1=0.8137 ACC=0.8373
Epoch 123/200 | TrainLoss=0.3721 (Cls=0.3455, Cont=5.3361) | Val AUC=0.9221 AUPR=0.8926 F1=0.8145 ACC=0.8459
Epoch 124/200 | TrainLoss=0.3697 (Cls=0.3429, Cont=5.3575) | Val AUC=0.9222 AUPR=0.8927 F1=0.8150 ACC=0.8416
Epoch 125/200 | TrainLoss=0.3710 (Cls=0.3443, Cont=5.3459) | Val AUC=0.9220 AUPR=0.8922 F1=0.8159 ACC=0.8438
Epoch 126/200 | TrainLoss=0.3701 (Cls=0.3434, Cont=5.3330) | Val AUC=0.9219 AUPR=0.8918 F1=0.8146 ACC=0.8405
Epoch 127/200 | TrainLoss=0.3712 (Cls=0.3445, Cont=5.3451) | Val AUC=0.9227 AUPR=0.8929 F1=0.8158 ACC=0.8429
Epoch 128/200 | TrainLoss=0.3691 (Cls=0.3425, Cont=5.3246) | Val AUC=0.9232 AUPR=0.8938 F1=0.8163 ACC=0.8439
Epoch 129/200 | TrainLoss=0.3696 (Cls=0.3429, Cont=5.3359) | Val AUC=0.9233 AUPR=0.8938 F1=0.8164 ACC=0.8473
Epoch 130/200 | TrainLoss=0.3679 (Cls=0.3413, Cont=5.3302) | Val AUC=0.9232 AUPR=0.8937 F1=0.8157 ACC=0.8455
Epoch 131/200 | TrainLoss=0.3682 (Cls=0.3415, Cont=5.3385) | Val AUC=0.9231 AUPR=0.8935 F1=0.8161 ACC=0.8474
Epoch 132/200 | TrainLoss=0.3682 (Cls=0.3415, Cont=5.3295) | Val AUC=0.9234 AUPR=0.8940 F1=0.8163 ACC=0.8470
Epoch 133/200 | TrainLoss=0.3663 (Cls=0.3397, Cont=5.3196) | Val AUC=0.9235 AUPR=0.8942 F1=0.8160 ACC=0.8418
Epoch 134/200 | TrainLoss=0.3667 (Cls=0.3400, Cont=5.3396) | Val AUC=0.9236 AUPR=0.8942 F1=0.8156 ACC=0.8404
Epoch 135/200 | TrainLoss=0.3664 (Cls=0.3397, Cont=5.3411) | Val AUC=0.9236 AUPR=0.8942 F1=0.8168 ACC=0.8480
Epoch 136/200 | TrainLoss=0.3667 (Cls=0.3400, Cont=5.3375) | Val AUC=0.9236 AUPR=0.8939 F1=0.8168 ACC=0.8442
Epoch 137/200 | TrainLoss=0.3657 (Cls=0.3390, Cont=5.3334) | Val AUC=0.9233 AUPR=0.8935 F1=0.8165 ACC=0.8441
Epoch 138/200 | TrainLoss=0.3649 (Cls=0.3383, Cont=5.3240) | Val AUC=0.9233 AUPR=0.8937 F1=0.8179 ACC=0.8458
Epoch 139/200 | TrainLoss=0.3645 (Cls=0.3379, Cont=5.3261) | Val AUC=0.9235 AUPR=0.8939 F1=0.8182 ACC=0.8473
Epoch 140/200 | TrainLoss=0.3642 (Cls=0.3376, Cont=5.3278) | Val AUC=0.9238 AUPR=0.8942 F1=0.8179 ACC=0.8472
Epoch 141/200 | TrainLoss=0.3661 (Cls=0.3395, Cont=5.3291) | Val AUC=0.9242 AUPR=0.8948 F1=0.8188 ACC=0.8475
Epoch 142/200 | TrainLoss=0.3631 (Cls=0.3364, Cont=5.3362) | Val AUC=0.9243 AUPR=0.8950 F1=0.8199 ACC=0.8502
Epoch 143/200 | TrainLoss=0.3640 (Cls=0.3374, Cont=5.3280) | Val AUC=0.9244 AUPR=0.8952 F1=0.8202 ACC=0.8487
Epoch 144/200 | TrainLoss=0.3637 (Cls=0.3370, Cont=5.3289) | Val AUC=0.9249 AUPR=0.8958 F1=0.8209 ACC=0.8503
Epoch 145/200 | TrainLoss=0.3619 (Cls=0.3353, Cont=5.3172) | Val AUC=0.9249 AUPR=0.8958 F1=0.8209 ACC=0.8484
Epoch 146/200 | TrainLoss=0.3632 (Cls=0.3366, Cont=5.3130) | Val AUC=0.9251 AUPR=0.8963 F1=0.8208 ACC=0.8485
Epoch 147/200 | TrainLoss=0.3613 (Cls=0.3347, Cont=5.3187) | Val AUC=0.9249 AUPR=0.8961 F1=0.8200 ACC=0.8480
Epoch 148/200 | TrainLoss=0.3618 (Cls=0.3352, Cont=5.3216) | Val AUC=0.9248 AUPR=0.8960 F1=0.8195 ACC=0.8477
Epoch 149/200 | TrainLoss=0.3624 (Cls=0.3358, Cont=5.3154) | Val AUC=0.9253 AUPR=0.8967 F1=0.8197 ACC=0.8475
Epoch 150/200 | TrainLoss=0.3606 (Cls=0.3340, Cont=5.3384) | Val AUC=0.9254 AUPR=0.8967 F1=0.8188 ACC=0.8464
Epoch 151/200 | TrainLoss=0.3614 (Cls=0.3347, Cont=5.3328) | Val AUC=0.9252 AUPR=0.8964 F1=0.8185 ACC=0.8480
Epoch 152/200 | TrainLoss=0.3600 (Cls=0.3333, Cont=5.3288) | Val AUC=0.9257 AUPR=0.8970 F1=0.8176 ACC=0.8472
Epoch 153/200 | TrainLoss=0.3596 (Cls=0.3329, Cont=5.3281) | Val AUC=0.9258 AUPR=0.8974 F1=0.8180 ACC=0.8467
Epoch 154/200 | TrainLoss=0.3605 (Cls=0.3339, Cont=5.3261) | Val AUC=0.9257 AUPR=0.8973 F1=0.8183 ACC=0.8417
Epoch 155/200 | TrainLoss=0.3591 (Cls=0.3324, Cont=5.3382) | Val AUC=0.9254 AUPR=0.8970 F1=0.8177 ACC=0.8449
Epoch 156/200 | TrainLoss=0.3602 (Cls=0.3336, Cont=5.3181) | Val AUC=0.9251 AUPR=0.8968 F1=0.8180 ACC=0.8472
Epoch 157/200 | TrainLoss=0.3595 (Cls=0.3329, Cont=5.3183) | Val AUC=0.9259 AUPR=0.8982 F1=0.8194 ACC=0.8462
Epoch 158/200 | TrainLoss=0.3595 (Cls=0.3329, Cont=5.3151) | Val AUC=0.9261 AUPR=0.8985 F1=0.8195 ACC=0.8445
Epoch 159/200 | TrainLoss=0.3593 (Cls=0.3327, Cont=5.3286) | Val AUC=0.9260 AUPR=0.8982 F1=0.8185 ACC=0.8443
Epoch 160/200 | TrainLoss=0.3594 (Cls=0.3327, Cont=5.3296) | Val AUC=0.9263 AUPR=0.8984 F1=0.8189 ACC=0.8425
Epoch 161/200 | TrainLoss=0.3575 (Cls=0.3309, Cont=5.3327) | Val AUC=0.9266 AUPR=0.8989 F1=0.8196 ACC=0.8472
Epoch 162/200 | TrainLoss=0.3581 (Cls=0.3316, Cont=5.3135) | Val AUC=0.9266 AUPR=0.8988 F1=0.8198 ACC=0.8459
Epoch 163/200 | TrainLoss=0.3583 (Cls=0.3317, Cont=5.3251) | Val AUC=0.9263 AUPR=0.8984 F1=0.8194 ACC=0.8444
Epoch 164/200 | TrainLoss=0.3579 (Cls=0.3313, Cont=5.3276) | Val AUC=0.9261 AUPR=0.8983 F1=0.8193 ACC=0.8470
Epoch 165/200 | TrainLoss=0.3575 (Cls=0.3309, Cont=5.3323) | Val AUC=0.9263 AUPR=0.8989 F1=0.8196 ACC=0.8476
Epoch 166/200 | TrainLoss=0.3579 (Cls=0.3312, Cont=5.3341) | Val AUC=0.9265 AUPR=0.8991 F1=0.8201 ACC=0.8480
Epoch 167/200 | TrainLoss=0.3555 (Cls=0.3289, Cont=5.3225) | Val AUC=0.9262 AUPR=0.8987 F1=0.8207 ACC=0.8492
Epoch 168/200 | TrainLoss=0.3567 (Cls=0.3301, Cont=5.3098) | Val AUC=0.9257 AUPR=0.8980 F1=0.8191 ACC=0.8478
Epoch 169/200 | TrainLoss=0.3572 (Cls=0.3305, Cont=5.3392) | Val AUC=0.9267 AUPR=0.8994 F1=0.8209 ACC=0.8480
Epoch 170/200 | TrainLoss=0.3566 (Cls=0.3300, Cont=5.3271) | Val AUC=0.9271 AUPR=0.9001 F1=0.8210 ACC=0.8504
Epoch 171/200 | TrainLoss=0.3555 (Cls=0.3288, Cont=5.3311) | Val AUC=0.9267 AUPR=0.8997 F1=0.8205 ACC=0.8491
Epoch 172/200 | TrainLoss=0.3556 (Cls=0.3290, Cont=5.3265) | Val AUC=0.9265 AUPR=0.8992 F1=0.8199 ACC=0.8479
Epoch 173/200 | TrainLoss=0.3566 (Cls=0.3299, Cont=5.3320) | Val AUC=0.9272 AUPR=0.8999 F1=0.8222 ACC=0.8457
Epoch 174/200 | TrainLoss=0.3560 (Cls=0.3293, Cont=5.3278) | Val AUC=0.9269 AUPR=0.8992 F1=0.8218 ACC=0.8456
Epoch 175/200 | TrainLoss=0.3542 (Cls=0.3276, Cont=5.3204) | Val AUC=0.9262 AUPR=0.8981 F1=0.8197 ACC=0.8462
Epoch 176/200 | TrainLoss=0.3556 (Cls=0.3290, Cont=5.3175) | Val AUC=0.9263 AUPR=0.8987 F1=0.8203 ACC=0.8475
Epoch 177/200 | TrainLoss=0.3542 (Cls=0.3276, Cont=5.3161) | Val AUC=0.9264 AUPR=0.8991 F1=0.8226 ACC=0.8503
Epoch 178/200 | TrainLoss=0.3539 (Cls=0.3273, Cont=5.3283) | Val AUC=0.9267 AUPR=0.8995 F1=0.8233 ACC=0.8506
Epoch 179/200 | TrainLoss=0.3540 (Cls=0.3273, Cont=5.3313) | Val AUC=0.9266 AUPR=0.8992 F1=0.8217 ACC=0.8468
Epoch 180/200 | TrainLoss=0.3536 (Cls=0.3269, Cont=5.3426) | Val AUC=0.9263 AUPR=0.8987 F1=0.8214 ACC=0.8470
Epoch 181/200 | TrainLoss=0.3537 (Cls=0.3271, Cont=5.3250) | Val AUC=0.9263 AUPR=0.8987 F1=0.8218 ACC=0.8497
Epoch 182/200 | TrainLoss=0.3536 (Cls=0.3270, Cont=5.3304) | Val AUC=0.9263 AUPR=0.8986 F1=0.8219 ACC=0.8496
Epoch 183/200 | TrainLoss=0.3533 (Cls=0.3267, Cont=5.3261) | Val AUC=0.9269 AUPR=0.8992 F1=0.8216 ACC=0.8477
Epoch 184/200 | TrainLoss=0.3526 (Cls=0.3260, Cont=5.3145) | Val AUC=0.9270 AUPR=0.8993 F1=0.8211 ACC=0.8477
Epoch 185/200 | TrainLoss=0.3531 (Cls=0.3265, Cont=5.3298) | Val AUC=0.9261 AUPR=0.8979 F1=0.8202 ACC=0.8438
Epoch 186/200 | TrainLoss=0.3528 (Cls=0.3262, Cont=5.3283) | Val AUC=0.9264 AUPR=0.8985 F1=0.8198 ACC=0.8427
Epoch 187/200 | TrainLoss=0.3520 (Cls=0.3254, Cont=5.3135) | Val AUC=0.9271 AUPR=0.8997 F1=0.8195 ACC=0.8439
Epoch 188/200 | TrainLoss=0.3542 (Cls=0.3277, Cont=5.3111) | Val AUC=0.9270 AUPR=0.8997 F1=0.8208 ACC=0.8468
Epoch 189/200 | TrainLoss=0.3529 (Cls=0.3263, Cont=5.3297) | Val AUC=0.9267 AUPR=0.8993 F1=0.8209 ACC=0.8479
Epoch 190/200 | TrainLoss=0.3535 (Cls=0.3269, Cont=5.3236) | Val AUC=0.9269 AUPR=0.8997 F1=0.8203 ACC=0.8473
Epoch 191/200 | TrainLoss=0.3525 (Cls=0.3259, Cont=5.3196) | Val AUC=0.9262 AUPR=0.8984 F1=0.8212 ACC=0.8470
Epoch 192/200 | TrainLoss=0.3527 (Cls=0.3261, Cont=5.3177) | Val AUC=0.9241 AUPR=0.8954 F1=0.8168 ACC=0.8436
Epoch 193/200 | TrainLoss=0.3540 (Cls=0.3273, Cont=5.3236) | Val AUC=0.9268 AUPR=0.8998 F1=0.8198 ACC=0.8480
Epoch 194/200 | TrainLoss=0.3509 (Cls=0.3244, Cont=5.3021) | Val AUC=0.9275 AUPR=0.9010 F1=0.8198 ACC=0.8483
Epoch 195/200 | TrainLoss=0.3536 (Cls=0.3270, Cont=5.3235) | Val AUC=0.9264 AUPR=0.8992 F1=0.8203 ACC=0.8457
Epoch 196/200 | TrainLoss=0.3506 (Cls=0.3241, Cont=5.3088) | Val AUC=0.9235 AUPR=0.8950 F1=0.8158 ACC=0.8404
Epoch 197/200 | TrainLoss=0.3538 (Cls=0.3272, Cont=5.3260) | Val AUC=0.9259 AUPR=0.8984 F1=0.8181 ACC=0.8449
Epoch 198/200 | TrainLoss=0.3521 (Cls=0.3255, Cont=5.3204) | Val AUC=0.9273 AUPR=0.9006 F1=0.8211 ACC=0.8518
Epoch 199/200 | TrainLoss=0.3523 (Cls=0.3257, Cont=5.3086) | Val AUC=0.9273 AUPR=0.9004 F1=0.8215 ACC=0.8511
Epoch 200/200 | TrainLoss=0.3535 (Cls=0.3270, Cont=5.3115) | Val AUC=0.9271 AUPR=0.9003 F1=0.8206 ACC=0.8501
Fold 4 complete | Best Val AUC=0.9275 | Test AUC=0.9282 AUPR=0.9013 F1=0.8215 ACC=0.8511

================================================================================
Fold 5/5
================================================================================
Epoch 001/200 | TrainLoss=0.6914 (Cls=0.6914, Cont=0.0000) | Val AUC=0.5377 AUPR=0.4511 F1=0.5773 ACC=0.4084
Epoch 002/200 | TrainLoss=0.7003 (Cls=0.7003, Cont=0.0000) | Val AUC=0.5504 AUPR=0.4629 F1=0.5776 ACC=0.4071
Epoch 003/200 | TrainLoss=0.6635 (Cls=0.6635, Cont=0.0000) | Val AUC=0.5547 AUPR=0.4612 F1=0.5781 ACC=0.4119
Epoch 004/200 | TrainLoss=0.6612 (Cls=0.6612, Cont=0.0000) | Val AUC=0.5623 AUPR=0.4652 F1=0.5787 ACC=0.4124
Epoch 005/200 | TrainLoss=0.6535 (Cls=0.6535, Cont=0.0000) | Val AUC=0.5689 AUPR=0.4715 F1=0.5784 ACC=0.4120
Epoch 006/200 | TrainLoss=0.6341 (Cls=0.6341, Cont=0.0000) | Val AUC=0.5698 AUPR=0.4723 F1=0.5787 ACC=0.4296
Epoch 007/200 | TrainLoss=0.6143 (Cls=0.6143, Cont=0.0000) | Val AUC=0.5725 AUPR=0.4739 F1=0.5801 ACC=0.4394
Epoch 008/200 | TrainLoss=0.5976 (Cls=0.5976, Cont=0.0000) | Val AUC=0.5749 AUPR=0.4754 F1=0.5798 ACC=0.4365
Epoch 009/200 | TrainLoss=0.5700 (Cls=0.5700, Cont=0.0000) | Val AUC=0.5775 AUPR=0.4758 F1=0.5796 ACC=0.4317
Epoch 010/200 | TrainLoss=0.5440 (Cls=0.5440, Cont=0.0000) | Val AUC=0.5814 AUPR=0.4763 F1=0.5797 ACC=0.4221
Epoch 011/200 | TrainLoss=0.5609 (Cls=0.5273, Cont=6.7156) | Val AUC=0.5856 AUPR=0.4795 F1=0.5803 ACC=0.4197
Epoch 012/200 | TrainLoss=0.5384 (Cls=0.5102, Cont=5.6413) | Val AUC=0.5880 AUPR=0.4801 F1=0.5814 ACC=0.4266
Epoch 013/200 | TrainLoss=0.5122 (Cls=0.4848, Cont=5.4938) | Val AUC=0.5913 AUPR=0.4831 F1=0.5825 ACC=0.4348
Epoch 014/200 | TrainLoss=0.4936 (Cls=0.4664, Cont=5.4504) | Val AUC=0.5940 AUPR=0.4861 F1=0.5825 ACC=0.4352
Epoch 015/200 | TrainLoss=0.4877 (Cls=0.4605, Cont=5.4439) | Val AUC=0.5951 AUPR=0.4880 F1=0.5830 ACC=0.4435
Epoch 016/200 | TrainLoss=0.4751 (Cls=0.4479, Cont=5.4335) | Val AUC=0.5942 AUPR=0.4875 F1=0.5837 ACC=0.4393
Epoch 017/200 | TrainLoss=0.4716 (Cls=0.4444, Cont=5.4313) | Val AUC=0.5984 AUPR=0.4902 F1=0.5840 ACC=0.4401
Epoch 018/200 | TrainLoss=0.4647 (Cls=0.4375, Cont=5.4273) | Val AUC=0.6054 AUPR=0.5011 F1=0.5840 ACC=0.4405
Epoch 019/200 | TrainLoss=0.4625 (Cls=0.4354, Cont=5.4231) | Val AUC=0.6087 AUPR=0.5063 F1=0.5847 ACC=0.4360
Epoch 020/200 | TrainLoss=0.4597 (Cls=0.4326, Cont=5.4189) | Val AUC=0.6093 AUPR=0.5081 F1=0.5832 ACC=0.4349
Epoch 021/200 | TrainLoss=0.4455 (Cls=0.4183, Cont=5.4228) | Val AUC=0.6163 AUPR=0.5182 F1=0.5822 ACC=0.4252
Epoch 022/200 | TrainLoss=0.4491 (Cls=0.4220, Cont=5.4159) | Val AUC=0.6185 AUPR=0.5223 F1=0.5816 ACC=0.4252
Epoch 023/200 | TrainLoss=0.4432 (Cls=0.4162, Cont=5.4090) | Val AUC=0.6345 AUPR=0.5408 F1=0.5891 ACC=0.5164
Epoch 024/200 | TrainLoss=0.4415 (Cls=0.4145, Cont=5.4038) | Val AUC=0.6621 AUPR=0.5717 F1=0.6026 ACC=0.5380
Epoch 025/200 | TrainLoss=0.4346 (Cls=0.4076, Cont=5.3985) | Val AUC=0.6995 AUPR=0.6124 F1=0.6240 ACC=0.5952
Epoch 026/200 | TrainLoss=0.4407 (Cls=0.4138, Cont=5.3936) | Val AUC=0.7247 AUPR=0.6295 F1=0.6409 ACC=0.6248
Epoch 027/200 | TrainLoss=0.4350 (Cls=0.4081, Cont=5.3854) | Val AUC=0.7512 AUPR=0.6493 F1=0.6570 ACC=0.6471
Epoch 028/200 | TrainLoss=0.4289 (Cls=0.4019, Cont=5.3807) | Val AUC=0.7858 AUPR=0.6836 F1=0.6815 ACC=0.6985
Epoch 029/200 | TrainLoss=0.4272 (Cls=0.4003, Cont=5.3708) | Val AUC=0.8146 AUPR=0.7298 F1=0.7060 ACC=0.7166
Epoch 030/200 | TrainLoss=0.4265 (Cls=0.3996, Cont=5.3759) | Val AUC=0.8264 AUPR=0.7573 F1=0.7121 ACC=0.7404
Epoch 031/200 | TrainLoss=0.4249 (Cls=0.3981, Cont=5.3665) | Val AUC=0.8353 AUPR=0.7719 F1=0.7138 ACC=0.7494
Epoch 032/200 | TrainLoss=0.4203 (Cls=0.3935, Cont=5.3565) | Val AUC=0.8529 AUPR=0.7952 F1=0.7298 ACC=0.7676
Epoch 033/200 | TrainLoss=0.4206 (Cls=0.3938, Cont=5.3580) | Val AUC=0.8657 AUPR=0.8120 F1=0.7473 ACC=0.7886
Epoch 034/200 | TrainLoss=0.4150 (Cls=0.3882, Cont=5.3690) | Val AUC=0.8710 AUPR=0.8171 F1=0.7577 ACC=0.7880
Epoch 035/200 | TrainLoss=0.4194 (Cls=0.3926, Cont=5.3677) | Val AUC=0.8722 AUPR=0.8162 F1=0.7568 ACC=0.7838
Epoch 036/200 | TrainLoss=0.4191 (Cls=0.3923, Cont=5.3608) | Val AUC=0.8798 AUPR=0.8240 F1=0.7709 ACC=0.8030
Epoch 037/200 | TrainLoss=0.4151 (Cls=0.3883, Cont=5.3679) | Val AUC=0.8863 AUPR=0.8334 F1=0.7743 ACC=0.8032
Epoch 038/200 | TrainLoss=0.4104 (Cls=0.3836, Cont=5.3544) | Val AUC=0.8930 AUPR=0.8436 F1=0.7820 ACC=0.8076
Epoch 039/200 | TrainLoss=0.4114 (Cls=0.3846, Cont=5.3605) | Val AUC=0.8961 AUPR=0.8491 F1=0.7850 ACC=0.8207
Epoch 040/200 | TrainLoss=0.4083 (Cls=0.3815, Cont=5.3574) | Val AUC=0.8983 AUPR=0.8514 F1=0.7860 ACC=0.8164
Epoch 041/200 | TrainLoss=0.4121 (Cls=0.3854, Cont=5.3543) | Val AUC=0.9031 AUPR=0.8578 F1=0.7967 ACC=0.8226
Epoch 042/200 | TrainLoss=0.4050 (Cls=0.3782, Cont=5.3539) | Val AUC=0.9035 AUPR=0.8600 F1=0.7991 ACC=0.8260
Epoch 043/200 | TrainLoss=0.4092 (Cls=0.3823, Cont=5.3675) | Val AUC=0.9036 AUPR=0.8607 F1=0.7973 ACC=0.8249
Epoch 044/200 | TrainLoss=0.4036 (Cls=0.3768, Cont=5.3631) | Val AUC=0.9031 AUPR=0.8602 F1=0.7940 ACC=0.8241
Epoch 045/200 | TrainLoss=0.4051 (Cls=0.3783, Cont=5.3602) | Val AUC=0.9049 AUPR=0.8628 F1=0.7974 ACC=0.8203
Epoch 046/200 | TrainLoss=0.4015 (Cls=0.3748, Cont=5.3586) | Val AUC=0.9068 AUPR=0.8653 F1=0.8006 ACC=0.8268
Epoch 047/200 | TrainLoss=0.4040 (Cls=0.3773, Cont=5.3499) | Val AUC=0.9079 AUPR=0.8672 F1=0.8006 ACC=0.8246
Epoch 048/200 | TrainLoss=0.4010 (Cls=0.3742, Cont=5.3585) | Val AUC=0.9089 AUPR=0.8689 F1=0.8018 ACC=0.8268
Epoch 049/200 | TrainLoss=0.4016 (Cls=0.3748, Cont=5.3612) | Val AUC=0.9103 AUPR=0.8717 F1=0.8018 ACC=0.8296
Epoch 050/200 | TrainLoss=0.3993 (Cls=0.3724, Cont=5.3638) | Val AUC=0.9106 AUPR=0.8724 F1=0.8012 ACC=0.8243
Epoch 051/200 | TrainLoss=0.3992 (Cls=0.3725, Cont=5.3476) | Val AUC=0.9101 AUPR=0.8718 F1=0.8014 ACC=0.8282
Epoch 052/200 | TrainLoss=0.3997 (Cls=0.3729, Cont=5.3538) | Val AUC=0.9110 AUPR=0.8728 F1=0.8027 ACC=0.8252
Epoch 053/200 | TrainLoss=0.3970 (Cls=0.3702, Cont=5.3524) | Val AUC=0.9120 AUPR=0.8744 F1=0.8048 ACC=0.8279
Epoch 054/200 | TrainLoss=0.3963 (Cls=0.3696, Cont=5.3478) | Val AUC=0.9123 AUPR=0.8754 F1=0.8050 ACC=0.8306
Epoch 055/200 | TrainLoss=0.3951 (Cls=0.3684, Cont=5.3530) | Val AUC=0.9124 AUPR=0.8763 F1=0.8032 ACC=0.8245
Epoch 056/200 | TrainLoss=0.3952 (Cls=0.3685, Cont=5.3528) | Val AUC=0.9120 AUPR=0.8760 F1=0.8017 ACC=0.8246
Epoch 057/200 | TrainLoss=0.3938 (Cls=0.3670, Cont=5.3498) | Val AUC=0.9121 AUPR=0.8761 F1=0.8034 ACC=0.8332
Epoch 058/200 | TrainLoss=0.3937 (Cls=0.3670, Cont=5.3528) | Val AUC=0.9128 AUPR=0.8772 F1=0.8032 ACC=0.8270
Epoch 059/200 | TrainLoss=0.3924 (Cls=0.3656, Cont=5.3491) | Val AUC=0.9135 AUPR=0.8786 F1=0.8032 ACC=0.8328
Epoch 060/200 | TrainLoss=0.3923 (Cls=0.3656, Cont=5.3421) | Val AUC=0.9143 AUPR=0.8801 F1=0.8045 ACC=0.8339
Epoch 061/200 | TrainLoss=0.3902 (Cls=0.3635, Cont=5.3423) | Val AUC=0.9144 AUPR=0.8803 F1=0.8061 ACC=0.8315
Epoch 062/200 | TrainLoss=0.3916 (Cls=0.3649, Cont=5.3545) | Val AUC=0.9150 AUPR=0.8813 F1=0.8050 ACC=0.8315
Epoch 063/200 | TrainLoss=0.3906 (Cls=0.3639, Cont=5.3518) | Val AUC=0.9148 AUPR=0.8811 F1=0.8041 ACC=0.8296
Epoch 064/200 | TrainLoss=0.3920 (Cls=0.3654, Cont=5.3294) | Val AUC=0.9151 AUPR=0.8812 F1=0.8059 ACC=0.8302
Epoch 065/200 | TrainLoss=0.3898 (Cls=0.3630, Cont=5.3543) | Val AUC=0.9150 AUPR=0.8809 F1=0.8090 ACC=0.8377
Epoch 066/200 | TrainLoss=0.3900 (Cls=0.3633, Cont=5.3349) | Val AUC=0.9147 AUPR=0.8807 F1=0.8086 ACC=0.8341
Epoch 067/200 | TrainLoss=0.3884 (Cls=0.3617, Cont=5.3477) | Val AUC=0.9136 AUPR=0.8794 F1=0.8070 ACC=0.8323
Epoch 068/200 | TrainLoss=0.3884 (Cls=0.3617, Cont=5.3382) | Val AUC=0.9121 AUPR=0.8772 F1=0.8049 ACC=0.8309
Epoch 069/200 | TrainLoss=0.3882 (Cls=0.3614, Cont=5.3538) | Val AUC=0.9116 AUPR=0.8763 F1=0.8034 ACC=0.8313
Epoch 070/200 | TrainLoss=0.3880 (Cls=0.3613, Cont=5.3333) | Val AUC=0.9126 AUPR=0.8778 F1=0.8039 ACC=0.8343
Epoch 071/200 | TrainLoss=0.3878 (Cls=0.3611, Cont=5.3537) | Val AUC=0.9136 AUPR=0.8790 F1=0.8062 ACC=0.8364
Epoch 072/200 | TrainLoss=0.3860 (Cls=0.3593, Cont=5.3427) | Val AUC=0.9138 AUPR=0.8792 F1=0.8049 ACC=0.8307
Epoch 073/200 | TrainLoss=0.3878 (Cls=0.3611, Cont=5.3409) | Val AUC=0.9140 AUPR=0.8797 F1=0.8043 ACC=0.8288
Epoch 074/200 | TrainLoss=0.3856 (Cls=0.3589, Cont=5.3399) | Val AUC=0.9139 AUPR=0.8795 F1=0.8050 ACC=0.8323
Epoch 075/200 | TrainLoss=0.3855 (Cls=0.3588, Cont=5.3407) | Val AUC=0.9147 AUPR=0.8802 F1=0.8055 ACC=0.8333
Epoch 076/200 | TrainLoss=0.3854 (Cls=0.3586, Cont=5.3467) | Val AUC=0.9152 AUPR=0.8808 F1=0.8061 ACC=0.8311
Epoch 077/200 | TrainLoss=0.3847 (Cls=0.3580, Cont=5.3435) | Val AUC=0.9149 AUPR=0.8807 F1=0.8051 ACC=0.8314
Epoch 078/200 | TrainLoss=0.3861 (Cls=0.3593, Cont=5.3561) | Val AUC=0.9155 AUPR=0.8817 F1=0.8057 ACC=0.8320
Epoch 079/200 | TrainLoss=0.3850 (Cls=0.3583, Cont=5.3428) | Val AUC=0.9158 AUPR=0.8827 F1=0.8062 ACC=0.8364
Epoch 080/200 | TrainLoss=0.3856 (Cls=0.3589, Cont=5.3396) | Val AUC=0.9159 AUPR=0.8833 F1=0.8070 ACC=0.8356
Epoch 081/200 | TrainLoss=0.3833 (Cls=0.3566, Cont=5.3463) | Val AUC=0.9155 AUPR=0.8830 F1=0.8064 ACC=0.8356
Epoch 082/200 | TrainLoss=0.3837 (Cls=0.3570, Cont=5.3478) | Val AUC=0.9156 AUPR=0.8829 F1=0.8058 ACC=0.8348
Epoch 083/200 | TrainLoss=0.3841 (Cls=0.3573, Cont=5.3432) | Val AUC=0.9163 AUPR=0.8838 F1=0.8073 ACC=0.8389
Epoch 084/200 | TrainLoss=0.3827 (Cls=0.3560, Cont=5.3383) | Val AUC=0.9168 AUPR=0.8847 F1=0.8089 ACC=0.8389
Epoch 085/200 | TrainLoss=0.3825 (Cls=0.3558, Cont=5.3412) | Val AUC=0.9168 AUPR=0.8845 F1=0.8081 ACC=0.8356
Epoch 086/200 | TrainLoss=0.3821 (Cls=0.3553, Cont=5.3459) | Val AUC=0.9167 AUPR=0.8843 F1=0.8077 ACC=0.8344
Epoch 087/200 | TrainLoss=0.3825 (Cls=0.3557, Cont=5.3586) | Val AUC=0.9168 AUPR=0.8846 F1=0.8078 ACC=0.8367
Epoch 088/200 | TrainLoss=0.3809 (Cls=0.3542, Cont=5.3458) | Val AUC=0.9167 AUPR=0.8843 F1=0.8085 ACC=0.8298
Epoch 089/200 | TrainLoss=0.3789 (Cls=0.3522, Cont=5.3500) | Val AUC=0.9164 AUPR=0.8838 F1=0.8079 ACC=0.8379
Epoch 090/200 | TrainLoss=0.3801 (Cls=0.3533, Cont=5.3482) | Val AUC=0.9164 AUPR=0.8837 F1=0.8078 ACC=0.8361
Epoch 091/200 | TrainLoss=0.3799 (Cls=0.3532, Cont=5.3395) | Val AUC=0.9163 AUPR=0.8836 F1=0.8075 ACC=0.8347
Epoch 092/200 | TrainLoss=0.3786 (Cls=0.3519, Cont=5.3404) | Val AUC=0.9165 AUPR=0.8842 F1=0.8075 ACC=0.8333
Epoch 093/200 | TrainLoss=0.3786 (Cls=0.3519, Cont=5.3529) | Val AUC=0.9168 AUPR=0.8848 F1=0.8072 ACC=0.8385
Epoch 094/200 | TrainLoss=0.3790 (Cls=0.3523, Cont=5.3435) | Val AUC=0.9169 AUPR=0.8852 F1=0.8084 ACC=0.8391
Epoch 095/200 | TrainLoss=0.3783 (Cls=0.3516, Cont=5.3511) | Val AUC=0.9170 AUPR=0.8854 F1=0.8060 ACC=0.8359
Epoch 096/200 | TrainLoss=0.3785 (Cls=0.3518, Cont=5.3390) | Val AUC=0.9173 AUPR=0.8858 F1=0.8052 ACC=0.8317
Epoch 097/200 | TrainLoss=0.3774 (Cls=0.3507, Cont=5.3485) | Val AUC=0.9176 AUPR=0.8863 F1=0.8061 ACC=0.8315
Epoch 098/200 | TrainLoss=0.3771 (Cls=0.3505, Cont=5.3287) | Val AUC=0.9180 AUPR=0.8868 F1=0.8071 ACC=0.8328
Epoch 099/200 | TrainLoss=0.3761 (Cls=0.3495, Cont=5.3329) | Val AUC=0.9181 AUPR=0.8872 F1=0.8085 ACC=0.8350
Epoch 100/200 | TrainLoss=0.3762 (Cls=0.3495, Cont=5.3407) | Val AUC=0.9180 AUPR=0.8871 F1=0.8091 ACC=0.8349
Epoch 101/200 | TrainLoss=0.3773 (Cls=0.3506, Cont=5.3419) | Val AUC=0.9182 AUPR=0.8870 F1=0.8101 ACC=0.8367
Epoch 102/200 | TrainLoss=0.3751 (Cls=0.3485, Cont=5.3347) | Val AUC=0.9185 AUPR=0.8873 F1=0.8109 ACC=0.8350
Epoch 103/200 | TrainLoss=0.3742 (Cls=0.3475, Cont=5.3346) | Val AUC=0.9188 AUPR=0.8878 F1=0.8113 ACC=0.8359
Epoch 104/200 | TrainLoss=0.3754 (Cls=0.3487, Cont=5.3505) | Val AUC=0.9192 AUPR=0.8881 F1=0.8099 ACC=0.8392
Epoch 105/200 | TrainLoss=0.3743 (Cls=0.3477, Cont=5.3266) | Val AUC=0.9195 AUPR=0.8885 F1=0.8104 ACC=0.8435
Epoch 106/200 | TrainLoss=0.3749 (Cls=0.3482, Cont=5.3509) | Val AUC=0.9197 AUPR=0.8889 F1=0.8119 ACC=0.8383
Epoch 107/200 | TrainLoss=0.3734 (Cls=0.3467, Cont=5.3417) | Val AUC=0.9197 AUPR=0.8892 F1=0.8107 ACC=0.8428
Epoch 108/200 | TrainLoss=0.3728 (Cls=0.3461, Cont=5.3297) | Val AUC=0.9198 AUPR=0.8893 F1=0.8114 ACC=0.8424
Epoch 109/200 | TrainLoss=0.3724 (Cls=0.3457, Cont=5.3380) | Val AUC=0.9197 AUPR=0.8893 F1=0.8110 ACC=0.8386
Epoch 110/200 | TrainLoss=0.3734 (Cls=0.3466, Cont=5.3542) | Val AUC=0.9200 AUPR=0.8895 F1=0.8126 ACC=0.8407
Epoch 111/200 | TrainLoss=0.3749 (Cls=0.3482, Cont=5.3269) | Val AUC=0.9202 AUPR=0.8900 F1=0.8118 ACC=0.8406
Epoch 112/200 | TrainLoss=0.3716 (Cls=0.3448, Cont=5.3449) | Val AUC=0.9202 AUPR=0.8901 F1=0.8123 ACC=0.8435
Epoch 113/200 | TrainLoss=0.3695 (Cls=0.3428, Cont=5.3388) | Val AUC=0.9202 AUPR=0.8901 F1=0.8115 ACC=0.8374
Epoch 114/200 | TrainLoss=0.3691 (Cls=0.3424, Cont=5.3427) | Val AUC=0.9200 AUPR=0.8899 F1=0.8116 ACC=0.8406
Epoch 115/200 | TrainLoss=0.3734 (Cls=0.3467, Cont=5.3396) | Val AUC=0.9205 AUPR=0.8903 F1=0.8129 ACC=0.8395
Epoch 116/200 | TrainLoss=0.3699 (Cls=0.3432, Cont=5.3374) | Val AUC=0.9205 AUPR=0.8902 F1=0.8127 ACC=0.8388
Epoch 117/200 | TrainLoss=0.3709 (Cls=0.3442, Cont=5.3327) | Val AUC=0.9208 AUPR=0.8908 F1=0.8142 ACC=0.8394
Epoch 118/200 | TrainLoss=0.3688 (Cls=0.3421, Cont=5.3476) | Val AUC=0.9212 AUPR=0.8915 F1=0.8144 ACC=0.8389
Epoch 119/200 | TrainLoss=0.3706 (Cls=0.3439, Cont=5.3380) | Val AUC=0.9216 AUPR=0.8923 F1=0.8148 ACC=0.8399
Epoch 120/200 | TrainLoss=0.3689 (Cls=0.3422, Cont=5.3505) | Val AUC=0.9215 AUPR=0.8926 F1=0.8149 ACC=0.8449
Epoch 121/200 | TrainLoss=0.3672 (Cls=0.3406, Cont=5.3257) | Val AUC=0.9214 AUPR=0.8926 F1=0.8137 ACC=0.8438
Epoch 122/200 | TrainLoss=0.3674 (Cls=0.3407, Cont=5.3392) | Val AUC=0.9217 AUPR=0.8928 F1=0.8133 ACC=0.8419
Epoch 123/200 | TrainLoss=0.3666 (Cls=0.3399, Cont=5.3388) | Val AUC=0.9222 AUPR=0.8935 F1=0.8144 ACC=0.8432
Epoch 124/200 | TrainLoss=0.3661 (Cls=0.3395, Cont=5.3292) | Val AUC=0.9225 AUPR=0.8940 F1=0.8152 ACC=0.8426
Epoch 125/200 | TrainLoss=0.3667 (Cls=0.3400, Cont=5.3373) | Val AUC=0.9225 AUPR=0.8939 F1=0.8139 ACC=0.8406
Epoch 126/200 | TrainLoss=0.3657 (Cls=0.3391, Cont=5.3280) | Val AUC=0.9224 AUPR=0.8940 F1=0.8144 ACC=0.8417
Epoch 127/200 | TrainLoss=0.3657 (Cls=0.3391, Cont=5.3175) | Val AUC=0.9224 AUPR=0.8940 F1=0.8152 ACC=0.8438
Epoch 128/200 | TrainLoss=0.3652 (Cls=0.3385, Cont=5.3423) | Val AUC=0.9225 AUPR=0.8942 F1=0.8154 ACC=0.8449
Epoch 129/200 | TrainLoss=0.3643 (Cls=0.3377, Cont=5.3355) | Val AUC=0.9227 AUPR=0.8944 F1=0.8149 ACC=0.8438
Epoch 130/200 | TrainLoss=0.3637 (Cls=0.3371, Cont=5.3322) | Val AUC=0.9228 AUPR=0.8945 F1=0.8151 ACC=0.8447
Epoch 131/200 | TrainLoss=0.3657 (Cls=0.3390, Cont=5.3319) | Val AUC=0.9231 AUPR=0.8952 F1=0.8145 ACC=0.8449
Epoch 132/200 | TrainLoss=0.3628 (Cls=0.3361, Cont=5.3396) | Val AUC=0.9230 AUPR=0.8950 F1=0.8154 ACC=0.8431
Epoch 133/200 | TrainLoss=0.3644 (Cls=0.3378, Cont=5.3341) | Val AUC=0.9229 AUPR=0.8946 F1=0.8139 ACC=0.8406
Epoch 134/200 | TrainLoss=0.3633 (Cls=0.3366, Cont=5.3321) | Val AUC=0.9231 AUPR=0.8947 F1=0.8158 ACC=0.8433
Epoch 135/200 | TrainLoss=0.3624 (Cls=0.3358, Cont=5.3170) | Val AUC=0.9231 AUPR=0.8945 F1=0.8158 ACC=0.8440
Epoch 136/200 | TrainLoss=0.3609 (Cls=0.3343, Cont=5.3313) | Val AUC=0.9231 AUPR=0.8944 F1=0.8156 ACC=0.8402
Epoch 137/200 | TrainLoss=0.3607 (Cls=0.3341, Cont=5.3231) | Val AUC=0.9235 AUPR=0.8952 F1=0.8171 ACC=0.8479
Epoch 138/200 | TrainLoss=0.3619 (Cls=0.3352, Cont=5.3382) | Val AUC=0.9237 AUPR=0.8955 F1=0.8181 ACC=0.8439
Epoch 139/200 | TrainLoss=0.3624 (Cls=0.3357, Cont=5.3247) | Val AUC=0.9236 AUPR=0.8951 F1=0.8175 ACC=0.8449
Epoch 140/200 | TrainLoss=0.3606 (Cls=0.3339, Cont=5.3267) | Val AUC=0.9230 AUPR=0.8945 F1=0.8162 ACC=0.8430
Epoch 141/200 | TrainLoss=0.3607 (Cls=0.3340, Cont=5.3256) | Val AUC=0.9235 AUPR=0.8956 F1=0.8173 ACC=0.8409
Epoch 142/200 | TrainLoss=0.3607 (Cls=0.3341, Cont=5.3205) | Val AUC=0.9238 AUPR=0.8962 F1=0.8159 ACC=0.8452
Epoch 143/200 | TrainLoss=0.3602 (Cls=0.3335, Cont=5.3243) | Val AUC=0.9240 AUPR=0.8963 F1=0.8158 ACC=0.8395
Epoch 144/200 | TrainLoss=0.3588 (Cls=0.3321, Cont=5.3293) | Val AUC=0.9238 AUPR=0.8958 F1=0.8167 ACC=0.8395
Epoch 145/200 | TrainLoss=0.3582 (Cls=0.3315, Cont=5.3383) | Val AUC=0.9238 AUPR=0.8958 F1=0.8165 ACC=0.8415
Epoch 146/200 | TrainLoss=0.3577 (Cls=0.3310, Cont=5.3478) | Val AUC=0.9239 AUPR=0.8959 F1=0.8168 ACC=0.8428
Epoch 147/200 | TrainLoss=0.3580 (Cls=0.3313, Cont=5.3376) | Val AUC=0.9238 AUPR=0.8958 F1=0.8150 ACC=0.8426
Epoch 148/200 | TrainLoss=0.3583 (Cls=0.3316, Cont=5.3351) | Val AUC=0.9239 AUPR=0.8959 F1=0.8153 ACC=0.8406
Epoch 149/200 | TrainLoss=0.3583 (Cls=0.3317, Cont=5.3290) | Val AUC=0.9240 AUPR=0.8962 F1=0.8155 ACC=0.8412
Epoch 150/200 | TrainLoss=0.3576 (Cls=0.3309, Cont=5.3357) | Val AUC=0.9243 AUPR=0.8966 F1=0.8158 ACC=0.8438
Epoch 151/200 | TrainLoss=0.3566 (Cls=0.3300, Cont=5.3264) | Val AUC=0.9242 AUPR=0.8967 F1=0.8154 ACC=0.8410
Epoch 152/200 | TrainLoss=0.3561 (Cls=0.3295, Cont=5.3239) | Val AUC=0.9244 AUPR=0.8972 F1=0.8146 ACC=0.8387
Epoch 153/200 | TrainLoss=0.3556 (Cls=0.3290, Cont=5.3137) | Val AUC=0.9243 AUPR=0.8976 F1=0.8151 ACC=0.8456
Epoch 154/200 | TrainLoss=0.3566 (Cls=0.3300, Cont=5.3258) | Val AUC=0.9242 AUPR=0.8976 F1=0.8141 ACC=0.8440
Epoch 155/200 | TrainLoss=0.3565 (Cls=0.3299, Cont=5.3287) | Val AUC=0.9243 AUPR=0.8976 F1=0.8130 ACC=0.8347
Epoch 156/200 | TrainLoss=0.3560 (Cls=0.3294, Cont=5.3286) | Val AUC=0.9245 AUPR=0.8979 F1=0.8153 ACC=0.8399
Epoch 157/200 | TrainLoss=0.3547 (Cls=0.3280, Cont=5.3300) | Val AUC=0.9247 AUPR=0.8979 F1=0.8154 ACC=0.8401
Epoch 158/200 | TrainLoss=0.3563 (Cls=0.3298, Cont=5.3148) | Val AUC=0.9246 AUPR=0.8976 F1=0.8152 ACC=0.8388
Epoch 159/200 | TrainLoss=0.3545 (Cls=0.3279, Cont=5.3304) | Val AUC=0.9242 AUPR=0.8970 F1=0.8150 ACC=0.8400
Epoch 160/200 | TrainLoss=0.3548 (Cls=0.3281, Cont=5.3235) | Val AUC=0.9239 AUPR=0.8970 F1=0.8137 ACC=0.8416
Epoch 161/200 | TrainLoss=0.3547 (Cls=0.3281, Cont=5.3168) | Val AUC=0.9243 AUPR=0.8973 F1=0.8155 ACC=0.8427
Epoch 162/200 | TrainLoss=0.3546 (Cls=0.3281, Cont=5.3087) | Val AUC=0.9246 AUPR=0.8976 F1=0.8183 ACC=0.8465
Epoch 163/200 | TrainLoss=0.3537 (Cls=0.3271, Cont=5.3217) | Val AUC=0.9243 AUPR=0.8971 F1=0.8167 ACC=0.8420
Epoch 164/200 | TrainLoss=0.3553 (Cls=0.3286, Cont=5.3369) | Val AUC=0.9244 AUPR=0.8976 F1=0.8160 ACC=0.8423
Epoch 165/200 | TrainLoss=0.3525 (Cls=0.3260, Cont=5.3066) | Val AUC=0.9241 AUPR=0.8971 F1=0.8150 ACC=0.8387
Epoch 166/200 | TrainLoss=0.3552 (Cls=0.3285, Cont=5.3445) | Val AUC=0.9241 AUPR=0.8969 F1=0.8155 ACC=0.8416
Epoch 167/200 | TrainLoss=0.3534 (Cls=0.3268, Cont=5.3259) | Val AUC=0.9241 AUPR=0.8969 F1=0.8161 ACC=0.8453
Epoch 168/200 | TrainLoss=0.3552 (Cls=0.3287, Cont=5.3177) | Val AUC=0.9244 AUPR=0.8976 F1=0.8157 ACC=0.8409
Epoch 169/200 | TrainLoss=0.3532 (Cls=0.3265, Cont=5.3284) | Val AUC=0.9240 AUPR=0.8970 F1=0.8157 ACC=0.8407
Epoch 170/200 | TrainLoss=0.3552 (Cls=0.3286, Cont=5.3284) | Val AUC=0.9244 AUPR=0.8973 F1=0.8165 ACC=0.8431
Epoch 171/200 | TrainLoss=0.3522 (Cls=0.3256, Cont=5.3139) | Val AUC=0.9245 AUPR=0.8971 F1=0.8160 ACC=0.8434
Epoch 172/200 | TrainLoss=0.3530 (Cls=0.3264, Cont=5.3355) | Val AUC=0.9249 AUPR=0.8976 F1=0.8159 ACC=0.8409
Epoch 173/200 | TrainLoss=0.3516 (Cls=0.3250, Cont=5.3175) | Val AUC=0.9246 AUPR=0.8973 F1=0.8140 ACC=0.8374
Epoch 174/200 | TrainLoss=0.3527 (Cls=0.3261, Cont=5.3270) | Val AUC=0.9239 AUPR=0.8968 F1=0.8121 ACC=0.8377
Epoch 175/200 | TrainLoss=0.3514 (Cls=0.3248, Cont=5.3254) | Val AUC=0.9240 AUPR=0.8970 F1=0.8120 ACC=0.8355
Epoch 176/200 | TrainLoss=0.3518 (Cls=0.3252, Cont=5.3142) | Val AUC=0.9237 AUPR=0.8967 F1=0.8118 ACC=0.8384
Epoch 177/200 | TrainLoss=0.3535 (Cls=0.3269, Cont=5.3325) | Val AUC=0.9247 AUPR=0.8975 F1=0.8135 ACC=0.8481
Epoch 178/200 | TrainLoss=0.3532 (Cls=0.3265, Cont=5.3262) | Val AUC=0.9241 AUPR=0.8968 F1=0.8132 ACC=0.8399
Epoch 179/200 | TrainLoss=0.3514 (Cls=0.3248, Cont=5.3225) | Val AUC=0.9246 AUPR=0.8975 F1=0.8138 ACC=0.8396
Epoch 180/200 | TrainLoss=0.3512 (Cls=0.3246, Cont=5.3120) | Val AUC=0.9249 AUPR=0.8980 F1=0.8136 ACC=0.8406
Epoch 181/200 | TrainLoss=0.3510 (Cls=0.3244, Cont=5.3295) | Val AUC=0.9245 AUPR=0.8976 F1=0.8136 ACC=0.8419
Epoch 182/200 | TrainLoss=0.3505 (Cls=0.3239, Cont=5.3191) | Val AUC=0.9244 AUPR=0.8977 F1=0.8143 ACC=0.8455
Epoch 183/200 | TrainLoss=0.3520 (Cls=0.3254, Cont=5.3180) | Val AUC=0.9251 AUPR=0.8989 F1=0.8139 ACC=0.8402
Epoch 184/200 | TrainLoss=0.3506 (Cls=0.3240, Cont=5.3171) | Val AUC=0.9252 AUPR=0.8988 F1=0.8137 ACC=0.8400
Epoch 185/200 | TrainLoss=0.3523 (Cls=0.3256, Cont=5.3261) | Val AUC=0.9225 AUPR=0.8946 F1=0.8119 ACC=0.8374
Epoch 186/200 | TrainLoss=0.3517 (Cls=0.3251, Cont=5.3268) | Val AUC=0.9243 AUPR=0.8982 F1=0.8124 ACC=0.8353
Epoch 187/200 | TrainLoss=0.3510 (Cls=0.3244, Cont=5.3214) | Val AUC=0.9240 AUPR=0.8978 F1=0.8131 ACC=0.8396
Epoch 188/200 | TrainLoss=0.3532 (Cls=0.3266, Cont=5.3188) | Val AUC=0.9249 AUPR=0.8982 F1=0.8158 ACC=0.8444
Epoch 189/200 | TrainLoss=0.3500 (Cls=0.3234, Cont=5.3229) | Val AUC=0.9241 AUPR=0.8966 F1=0.8150 ACC=0.8415
Epoch 190/200 | TrainLoss=0.3523 (Cls=0.3256, Cont=5.3322) | Val AUC=0.9246 AUPR=0.8973 F1=0.8158 ACC=0.8406
Epoch 191/200 | TrainLoss=0.3491 (Cls=0.3225, Cont=5.3280) | Val AUC=0.9247 AUPR=0.8977 F1=0.8162 ACC=0.8408
Epoch 192/200 | TrainLoss=0.3506 (Cls=0.3240, Cont=5.3175) | Val AUC=0.9244 AUPR=0.8974 F1=0.8155 ACC=0.8408
Epoch 193/200 | TrainLoss=0.3507 (Cls=0.3241, Cont=5.3075) | Val AUC=0.9246 AUPR=0.8976 F1=0.8159 ACC=0.8430
Epoch 194/200 | TrainLoss=0.3488 (Cls=0.3222, Cont=5.3186) | Val AUC=0.9249 AUPR=0.8980 F1=0.8169 ACC=0.8435
Epoch 195/200 | TrainLoss=0.3497 (Cls=0.3231, Cont=5.3231) | Val AUC=0.9257 AUPR=0.8994 F1=0.8184 ACC=0.8442
Epoch 196/200 | TrainLoss=0.3504 (Cls=0.3237, Cont=5.3448) | Val AUC=0.9258 AUPR=0.8997 F1=0.8175 ACC=0.8438
Epoch 197/200 | TrainLoss=0.3480 (Cls=0.3214, Cont=5.3051) | Val AUC=0.9256 AUPR=0.8995 F1=0.8180 ACC=0.8431
Epoch 198/200 | TrainLoss=0.3479 (Cls=0.3213, Cont=5.3199) | Val AUC=0.9251 AUPR=0.8985 F1=0.8169 ACC=0.8446
Epoch 199/200 | TrainLoss=0.3492 (Cls=0.3227, Cont=5.3116) | Val AUC=0.9258 AUPR=0.8994 F1=0.8167 ACC=0.8442
Epoch 200/200 | TrainLoss=0.3481 (Cls=0.3215, Cont=5.3114) | Val AUC=0.9260 AUPR=0.8996 F1=0.8169 ACC=0.8426
Fold 5 complete | Best Val AUC=0.9260 | Test AUC=0.9268 AUPR=0.9025 F1=0.8201 ACC=0.8470

================================================================================
Cross-validation complete
Mean AUC:  0.9270 +/- 0.0006
Mean AUPR: 0.9011 +/- 0.0018
Mean F1:   0.8183 +/- 0.0024
Mean ACC:  0.8462 +/- 0.0029
Saved outputs to: /content/drive/MyDrive/CDRP models testing/scalable model/outputs/scalable_pathway_only_20260316_183802
