Run directory: /content/drive/MyDrive/CDRP models testing/scalable model/outputs/scalable_3omics_gmutation_et_pathway_20260316_183802
Device: cuda
Command: /content/drive/MyDrive/CDRP models testing/scalable model/main_scalable.py --epoch 200 --k_fold 5 --device auto --run_name scalable_3omics_gmutation_et_pathway_20260316_183802 --omics genomics_mutation epigenomics_methylation transcriptomics_expression pathway
Loading aligned data from final_dataset...
Loaded data: pairs=109446, cells=425, drugs=298
Selected omics: epigenomics_methylation, genomics_mutation, pathway, transcriptomics_expression

================================================================================
Fold 1/5
================================================================================
Epoch 001/200 | TrainLoss=0.6994 (Cls=0.6994, Cont=0.0000) | Val AUC=0.5461 AUPR=0.4694 F1=0.5801 ACC=0.4089
Epoch 002/200 | TrainLoss=0.6769 (Cls=0.6769, Cont=0.0000) | Val AUC=0.5774 AUPR=0.4896 F1=0.5813 ACC=0.4351
Epoch 003/200 | TrainLoss=0.6546 (Cls=0.6546, Cont=0.0000) | Val AUC=0.5921 AUPR=0.4966 F1=0.5847 ACC=0.4501
Epoch 004/200 | TrainLoss=0.6427 (Cls=0.6427, Cont=0.0000) | Val AUC=0.6025 AUPR=0.5049 F1=0.5885 ACC=0.4754
Epoch 005/200 | TrainLoss=0.6226 (Cls=0.6226, Cont=0.0000) | Val AUC=0.6091 AUPR=0.5082 F1=0.5902 ACC=0.4755
Epoch 006/200 | TrainLoss=0.5961 (Cls=0.5961, Cont=0.0000) | Val AUC=0.6142 AUPR=0.5119 F1=0.5917 ACC=0.4848
Epoch 007/200 | TrainLoss=0.5715 (Cls=0.5715, Cont=0.0000) | Val AUC=0.6156 AUPR=0.5134 F1=0.5915 ACC=0.4902
Epoch 008/200 | TrainLoss=0.5423 (Cls=0.5423, Cont=0.0000) | Val AUC=0.6161 AUPR=0.5108 F1=0.5936 ACC=0.4839
Epoch 009/200 | TrainLoss=0.5144 (Cls=0.5144, Cont=0.0000) | Val AUC=0.6175 AUPR=0.5162 F1=0.5907 ACC=0.4909
Epoch 010/200 | TrainLoss=0.4844 (Cls=0.4844, Cont=0.0000) | Val AUC=0.6226 AUPR=0.5222 F1=0.5925 ACC=0.4749
Epoch 011/200 | TrainLoss=0.4976 (Cls=0.4653, Cont=6.4597) | Val AUC=0.6236 AUPR=0.5248 F1=0.5941 ACC=0.4943
Epoch 012/200 | TrainLoss=0.4916 (Cls=0.4635, Cont=5.6207) | Val AUC=0.6271 AUPR=0.5298 F1=0.5964 ACC=0.5142
Epoch 013/200 | TrainLoss=0.4688 (Cls=0.4414, Cont=5.4751) | Val AUC=0.6306 AUPR=0.5327 F1=0.5969 ACC=0.5144
Epoch 014/200 | TrainLoss=0.4513 (Cls=0.4241, Cont=5.4433) | Val AUC=0.6340 AUPR=0.5352 F1=0.5954 ACC=0.5166
Epoch 015/200 | TrainLoss=0.4411 (Cls=0.4139, Cont=5.4231) | Val AUC=0.6380 AUPR=0.5393 F1=0.5951 ACC=0.4935
Epoch 016/200 | TrainLoss=0.4398 (Cls=0.4127, Cont=5.4188) | Val AUC=0.6438 AUPR=0.5454 F1=0.5975 ACC=0.5344
Epoch 017/200 | TrainLoss=0.4367 (Cls=0.4097, Cont=5.4119) | Val AUC=0.6521 AUPR=0.5558 F1=0.6010 ACC=0.5189
Epoch 018/200 | TrainLoss=0.4432 (Cls=0.4161, Cont=5.4072) | Val AUC=0.6586 AUPR=0.5640 F1=0.6021 ACC=0.5190
Epoch 019/200 | TrainLoss=0.4397 (Cls=0.4127, Cont=5.4036) | Val AUC=0.6651 AUPR=0.5755 F1=0.6028 ACC=0.5243
Epoch 020/200 | TrainLoss=0.4380 (Cls=0.4111, Cont=5.3940) | Val AUC=0.6756 AUPR=0.5890 F1=0.6073 ACC=0.5564
Epoch 021/200 | TrainLoss=0.4238 (Cls=0.3969, Cont=5.3798) | Val AUC=0.6936 AUPR=0.6144 F1=0.6161 ACC=0.5821
Epoch 022/200 | TrainLoss=0.4219 (Cls=0.3950, Cont=5.3737) | Val AUC=0.7101 AUPR=0.6393 F1=0.6224 ACC=0.5980
Epoch 023/200 | TrainLoss=0.4214 (Cls=0.3946, Cont=5.3720) | Val AUC=0.7297 AUPR=0.6601 F1=0.6346 ACC=0.6369
Epoch 024/200 | TrainLoss=0.4159 (Cls=0.3891, Cont=5.3619) | Val AUC=0.7486 AUPR=0.6768 F1=0.6496 ACC=0.6378
Epoch 025/200 | TrainLoss=0.4185 (Cls=0.3917, Cont=5.3641) | Val AUC=0.7652 AUPR=0.6956 F1=0.6617 ACC=0.6506
Epoch 026/200 | TrainLoss=0.4151 (Cls=0.3882, Cont=5.3692) | Val AUC=0.7782 AUPR=0.7111 F1=0.6706 ACC=0.6861
Epoch 027/200 | TrainLoss=0.4143 (Cls=0.3875, Cont=5.3704) | Val AUC=0.7943 AUPR=0.7296 F1=0.6828 ACC=0.7012
Epoch 028/200 | TrainLoss=0.4113 (Cls=0.3844, Cont=5.3745) | Val AUC=0.8119 AUPR=0.7535 F1=0.6962 ACC=0.7057
Epoch 029/200 | TrainLoss=0.4099 (Cls=0.3831, Cont=5.3577) | Val AUC=0.8268 AUPR=0.7699 F1=0.7141 ACC=0.7378
Epoch 030/200 | TrainLoss=0.4106 (Cls=0.3837, Cont=5.3724) | Val AUC=0.8386 AUPR=0.7844 F1=0.7275 ACC=0.7598
Epoch 031/200 | TrainLoss=0.4079 (Cls=0.3811, Cont=5.3598) | Val AUC=0.8523 AUPR=0.8009 F1=0.7420 ACC=0.7725
Epoch 032/200 | TrainLoss=0.4082 (Cls=0.3813, Cont=5.3667) | Val AUC=0.8579 AUPR=0.8040 F1=0.7472 ACC=0.7758
Epoch 033/200 | TrainLoss=0.4046 (Cls=0.3778, Cont=5.3563) | Val AUC=0.8638 AUPR=0.8090 F1=0.7534 ACC=0.7835
Epoch 034/200 | TrainLoss=0.4085 (Cls=0.3818, Cont=5.3517) | Val AUC=0.8729 AUPR=0.8200 F1=0.7621 ACC=0.7869
Epoch 035/200 | TrainLoss=0.4020 (Cls=0.3752, Cont=5.3662) | Val AUC=0.8755 AUPR=0.8252 F1=0.7635 ACC=0.7912
Epoch 036/200 | TrainLoss=0.4031 (Cls=0.3763, Cont=5.3571) | Val AUC=0.8844 AUPR=0.8363 F1=0.7720 ACC=0.8046
Epoch 037/200 | TrainLoss=0.4012 (Cls=0.3744, Cont=5.3594) | Val AUC=0.8913 AUPR=0.8460 F1=0.7782 ACC=0.8003
Epoch 038/200 | TrainLoss=0.3995 (Cls=0.3727, Cont=5.3539) | Val AUC=0.8955 AUPR=0.8528 F1=0.7824 ACC=0.8109
Epoch 039/200 | TrainLoss=0.3992 (Cls=0.3724, Cont=5.3591) | Val AUC=0.8949 AUPR=0.8523 F1=0.7834 ACC=0.8100
Epoch 040/200 | TrainLoss=0.3963 (Cls=0.3695, Cont=5.3610) | Val AUC=0.8903 AUPR=0.8462 F1=0.7777 ACC=0.8044
Epoch 041/200 | TrainLoss=0.3989 (Cls=0.3721, Cont=5.3590) | Val AUC=0.8935 AUPR=0.8504 F1=0.7809 ACC=0.8037
Epoch 042/200 | TrainLoss=0.4017 (Cls=0.3749, Cont=5.3640) | Val AUC=0.9000 AUPR=0.8590 F1=0.7862 ACC=0.8147
Epoch 043/200 | TrainLoss=0.3976 (Cls=0.3709, Cont=5.3428) | Val AUC=0.9028 AUPR=0.8626 F1=0.7892 ACC=0.8166
Epoch 044/200 | TrainLoss=0.3947 (Cls=0.3680, Cont=5.3431) | Val AUC=0.9049 AUPR=0.8663 F1=0.7914 ACC=0.8187
Epoch 045/200 | TrainLoss=0.3949 (Cls=0.3681, Cont=5.3550) | Val AUC=0.9087 AUPR=0.8721 F1=0.7982 ACC=0.8247
Epoch 046/200 | TrainLoss=0.3946 (Cls=0.3679, Cont=5.3543) | Val AUC=0.9113 AUPR=0.8751 F1=0.8005 ACC=0.8273
Epoch 047/200 | TrainLoss=0.3921 (Cls=0.3653, Cont=5.3531) | Val AUC=0.9120 AUPR=0.8752 F1=0.8022 ACC=0.8295
Epoch 048/200 | TrainLoss=0.3939 (Cls=0.3671, Cont=5.3428) | Val AUC=0.9121 AUPR=0.8753 F1=0.7999 ACC=0.8269
Epoch 049/200 | TrainLoss=0.3939 (Cls=0.3671, Cont=5.3521) | Val AUC=0.9127 AUPR=0.8769 F1=0.8014 ACC=0.8289
Epoch 050/200 | TrainLoss=0.3917 (Cls=0.3649, Cont=5.3602) | Val AUC=0.9126 AUPR=0.8777 F1=0.8003 ACC=0.8299
Epoch 051/200 | TrainLoss=0.3920 (Cls=0.3652, Cont=5.3557) | Val AUC=0.9124 AUPR=0.8783 F1=0.7986 ACC=0.8267
Epoch 052/200 | TrainLoss=0.3898 (Cls=0.3630, Cont=5.3628) | Val AUC=0.9131 AUPR=0.8791 F1=0.8006 ACC=0.8239
Epoch 053/200 | TrainLoss=0.3896 (Cls=0.3628, Cont=5.3590) | Val AUC=0.9134 AUPR=0.8791 F1=0.8005 ACC=0.8287
Epoch 054/200 | TrainLoss=0.3895 (Cls=0.3628, Cont=5.3505) | Val AUC=0.9146 AUPR=0.8803 F1=0.8040 ACC=0.8317
Epoch 055/200 | TrainLoss=0.3899 (Cls=0.3631, Cont=5.3519) | Val AUC=0.9159 AUPR=0.8818 F1=0.8075 ACC=0.8349
Epoch 056/200 | TrainLoss=0.3880 (Cls=0.3613, Cont=5.3450) | Val AUC=0.9162 AUPR=0.8824 F1=0.8047 ACC=0.8319
Epoch 057/200 | TrainLoss=0.3893 (Cls=0.3626, Cont=5.3597) | Val AUC=0.9157 AUPR=0.8818 F1=0.8048 ACC=0.8342
Epoch 058/200 | TrainLoss=0.3854 (Cls=0.3587, Cont=5.3349) | Val AUC=0.9158 AUPR=0.8817 F1=0.8044 ACC=0.8256
Epoch 059/200 | TrainLoss=0.3872 (Cls=0.3605, Cont=5.3480) | Val AUC=0.9168 AUPR=0.8831 F1=0.8081 ACC=0.8308
Epoch 060/200 | TrainLoss=0.3856 (Cls=0.3589, Cont=5.3432) | Val AUC=0.9175 AUPR=0.8838 F1=0.8069 ACC=0.8328
Epoch 061/200 | TrainLoss=0.3841 (Cls=0.3574, Cont=5.3357) | Val AUC=0.9171 AUPR=0.8828 F1=0.8071 ACC=0.8328
Epoch 062/200 | TrainLoss=0.3832 (Cls=0.3566, Cont=5.3297) | Val AUC=0.9170 AUPR=0.8828 F1=0.8078 ACC=0.8326
Epoch 063/200 | TrainLoss=0.3847 (Cls=0.3580, Cont=5.3379) | Val AUC=0.9169 AUPR=0.8834 F1=0.8067 ACC=0.8326
Epoch 064/200 | TrainLoss=0.3851 (Cls=0.3584, Cont=5.3337) | Val AUC=0.9169 AUPR=0.8836 F1=0.8068 ACC=0.8341
Epoch 065/200 | TrainLoss=0.3833 (Cls=0.3566, Cont=5.3372) | Val AUC=0.9173 AUPR=0.8843 F1=0.8082 ACC=0.8374
Epoch 066/200 | TrainLoss=0.3843 (Cls=0.3575, Cont=5.3582) | Val AUC=0.9178 AUPR=0.8850 F1=0.8083 ACC=0.8381
Epoch 067/200 | TrainLoss=0.3818 (Cls=0.3551, Cont=5.3494) | Val AUC=0.9175 AUPR=0.8847 F1=0.8097 ACC=0.8323
Epoch 068/200 | TrainLoss=0.3815 (Cls=0.3548, Cont=5.3457) | Val AUC=0.9170 AUPR=0.8840 F1=0.8095 ACC=0.8354
Epoch 069/200 | TrainLoss=0.3823 (Cls=0.3556, Cont=5.3380) | Val AUC=0.9172 AUPR=0.8844 F1=0.8106 ACC=0.8351
Epoch 070/200 | TrainLoss=0.3820 (Cls=0.3553, Cont=5.3410) | Val AUC=0.9176 AUPR=0.8849 F1=0.8103 ACC=0.8383
Epoch 071/200 | TrainLoss=0.3801 (Cls=0.3534, Cont=5.3406) | Val AUC=0.9179 AUPR=0.8853 F1=0.8105 ACC=0.8380
Epoch 072/200 | TrainLoss=0.3813 (Cls=0.3546, Cont=5.3476) | Val AUC=0.9183 AUPR=0.8859 F1=0.8107 ACC=0.8387
Epoch 073/200 | TrainLoss=0.3800 (Cls=0.3533, Cont=5.3414) | Val AUC=0.9184 AUPR=0.8860 F1=0.8099 ACC=0.8365
Epoch 074/200 | TrainLoss=0.3795 (Cls=0.3527, Cont=5.3473) | Val AUC=0.9182 AUPR=0.8856 F1=0.8098 ACC=0.8374
Epoch 075/200 | TrainLoss=0.3804 (Cls=0.3536, Cont=5.3520) | Val AUC=0.9182 AUPR=0.8856 F1=0.8097 ACC=0.8381
Epoch 076/200 | TrainLoss=0.3799 (Cls=0.3533, Cont=5.3270) | Val AUC=0.9179 AUPR=0.8857 F1=0.8089 ACC=0.8355
Epoch 077/200 | TrainLoss=0.3808 (Cls=0.3540, Cont=5.3510) | Val AUC=0.9180 AUPR=0.8858 F1=0.8082 ACC=0.8382
Epoch 078/200 | TrainLoss=0.3798 (Cls=0.3531, Cont=5.3503) | Val AUC=0.9176 AUPR=0.8850 F1=0.8086 ACC=0.8353
Epoch 079/200 | TrainLoss=0.3781 (Cls=0.3514, Cont=5.3469) | Val AUC=0.9174 AUPR=0.8846 F1=0.8089 ACC=0.8328
Epoch 080/200 | TrainLoss=0.3795 (Cls=0.3528, Cont=5.3443) | Val AUC=0.9177 AUPR=0.8850 F1=0.8084 ACC=0.8301
Epoch 081/200 | TrainLoss=0.3790 (Cls=0.3522, Cont=5.3477) | Val AUC=0.9182 AUPR=0.8857 F1=0.8092 ACC=0.8394
Epoch 082/200 | TrainLoss=0.3783 (Cls=0.3516, Cont=5.3409) | Val AUC=0.9184 AUPR=0.8863 F1=0.8097 ACC=0.8390
Epoch 083/200 | TrainLoss=0.3777 (Cls=0.3510, Cont=5.3477) | Val AUC=0.9183 AUPR=0.8864 F1=0.8088 ACC=0.8363
Epoch 084/200 | TrainLoss=0.3792 (Cls=0.3525, Cont=5.3343) | Val AUC=0.9185 AUPR=0.8869 F1=0.8100 ACC=0.8395
Epoch 085/200 | TrainLoss=0.3775 (Cls=0.3509, Cont=5.3354) | Val AUC=0.9189 AUPR=0.8873 F1=0.8106 ACC=0.8409
Epoch 086/200 | TrainLoss=0.3775 (Cls=0.3507, Cont=5.3498) | Val AUC=0.9188 AUPR=0.8870 F1=0.8110 ACC=0.8390
Epoch 087/200 | TrainLoss=0.3770 (Cls=0.3503, Cont=5.3369) | Val AUC=0.9186 AUPR=0.8864 F1=0.8107 ACC=0.8396
Epoch 088/200 | TrainLoss=0.3779 (Cls=0.3512, Cont=5.3400) | Val AUC=0.9191 AUPR=0.8872 F1=0.8108 ACC=0.8401
Epoch 089/200 | TrainLoss=0.3766 (Cls=0.3499, Cont=5.3337) | Val AUC=0.9193 AUPR=0.8881 F1=0.8100 ACC=0.8361
Epoch 090/200 | TrainLoss=0.3773 (Cls=0.3506, Cont=5.3470) | Val AUC=0.9192 AUPR=0.8884 F1=0.8105 ACC=0.8403
Epoch 091/200 | TrainLoss=0.3763 (Cls=0.3496, Cont=5.3279) | Val AUC=0.9190 AUPR=0.8882 F1=0.8100 ACC=0.8389
Epoch 092/200 | TrainLoss=0.3752 (Cls=0.3485, Cont=5.3366) | Val AUC=0.9189 AUPR=0.8878 F1=0.8098 ACC=0.8380
Epoch 093/200 | TrainLoss=0.3787 (Cls=0.3520, Cont=5.3369) | Val AUC=0.9188 AUPR=0.8873 F1=0.8116 ACC=0.8403
Epoch 094/200 | TrainLoss=0.3762 (Cls=0.3495, Cont=5.3305) | Val AUC=0.9189 AUPR=0.8871 F1=0.8127 ACC=0.8408
Epoch 095/200 | TrainLoss=0.3765 (Cls=0.3499, Cont=5.3355) | Val AUC=0.9191 AUPR=0.8873 F1=0.8119 ACC=0.8415
Epoch 096/200 | TrainLoss=0.3756 (Cls=0.3489, Cont=5.3443) | Val AUC=0.9192 AUPR=0.8876 F1=0.8120 ACC=0.8421
Epoch 097/200 | TrainLoss=0.3763 (Cls=0.3496, Cont=5.3407) | Val AUC=0.9197 AUPR=0.8881 F1=0.8131 ACC=0.8434
Epoch 098/200 | TrainLoss=0.3748 (Cls=0.3481, Cont=5.3296) | Val AUC=0.9196 AUPR=0.8880 F1=0.8123 ACC=0.8390
Epoch 099/200 | TrainLoss=0.3758 (Cls=0.3490, Cont=5.3414) | Val AUC=0.9197 AUPR=0.8881 F1=0.8128 ACC=0.8345
Epoch 100/200 | TrainLoss=0.3750 (Cls=0.3482, Cont=5.3467) | Val AUC=0.9201 AUPR=0.8885 F1=0.8123 ACC=0.8394
Epoch 101/200 | TrainLoss=0.3750 (Cls=0.3483, Cont=5.3508) | Val AUC=0.9201 AUPR=0.8886 F1=0.8115 ACC=0.8377
Epoch 102/200 | TrainLoss=0.3742 (Cls=0.3475, Cont=5.3419) | Val AUC=0.9194 AUPR=0.8875 F1=0.8087 ACC=0.8361
Epoch 103/200 | TrainLoss=0.3740 (Cls=0.3472, Cont=5.3425) | Val AUC=0.9194 AUPR=0.8874 F1=0.8081 ACC=0.8313
Epoch 104/200 | TrainLoss=0.3741 (Cls=0.3475, Cont=5.3291) | Val AUC=0.9198 AUPR=0.8878 F1=0.8089 ACC=0.8427
Epoch 105/200 | TrainLoss=0.3719 (Cls=0.3453, Cont=5.3369) | Val AUC=0.9200 AUPR=0.8881 F1=0.8095 ACC=0.8408
Epoch 106/200 | TrainLoss=0.3736 (Cls=0.3469, Cont=5.3408) | Val AUC=0.9203 AUPR=0.8889 F1=0.8107 ACC=0.8429
Epoch 107/200 | TrainLoss=0.3707 (Cls=0.3441, Cont=5.3393) | Val AUC=0.9204 AUPR=0.8894 F1=0.8122 ACC=0.8421
Epoch 108/200 | TrainLoss=0.3723 (Cls=0.3457, Cont=5.3317) | Val AUC=0.9206 AUPR=0.8900 F1=0.8123 ACC=0.8429
Epoch 109/200 | TrainLoss=0.3718 (Cls=0.3452, Cont=5.3240) | Val AUC=0.9213 AUPR=0.8907 F1=0.8123 ACC=0.8438
Epoch 110/200 | TrainLoss=0.3702 (Cls=0.3435, Cont=5.3442) | Val AUC=0.9215 AUPR=0.8900 F1=0.8126 ACC=0.8327
Epoch 111/200 | TrainLoss=0.3710 (Cls=0.3443, Cont=5.3501) | Val AUC=0.9213 AUPR=0.8896 F1=0.8124 ACC=0.8419
Epoch 112/200 | TrainLoss=0.3714 (Cls=0.3448, Cont=5.3286) | Val AUC=0.9215 AUPR=0.8901 F1=0.8133 ACC=0.8368
Epoch 113/200 | TrainLoss=0.3700 (Cls=0.3433, Cont=5.3366) | Val AUC=0.9218 AUPR=0.8909 F1=0.8135 ACC=0.8363
Epoch 114/200 | TrainLoss=0.3723 (Cls=0.3456, Cont=5.3439) | Val AUC=0.9219 AUPR=0.8913 F1=0.8133 ACC=0.8380
Epoch 115/200 | TrainLoss=0.3685 (Cls=0.3418, Cont=5.3388) | Val AUC=0.9217 AUPR=0.8908 F1=0.8130 ACC=0.8424
Epoch 116/200 | TrainLoss=0.3695 (Cls=0.3428, Cont=5.3458) | Val AUC=0.9212 AUPR=0.8895 F1=0.8118 ACC=0.8361
Epoch 117/200 | TrainLoss=0.3671 (Cls=0.3405, Cont=5.3322) | Val AUC=0.9217 AUPR=0.8900 F1=0.8121 ACC=0.8374
Epoch 118/200 | TrainLoss=0.3681 (Cls=0.3415, Cont=5.3307) | Val AUC=0.9226 AUPR=0.8918 F1=0.8127 ACC=0.8385
Epoch 119/200 | TrainLoss=0.3659 (Cls=0.3392, Cont=5.3254) | Val AUC=0.9227 AUPR=0.8930 F1=0.8139 ACC=0.8415
Epoch 120/200 | TrainLoss=0.3663 (Cls=0.3397, Cont=5.3247) | Val AUC=0.9228 AUPR=0.8934 F1=0.8139 ACC=0.8405
Epoch 121/200 | TrainLoss=0.3665 (Cls=0.3398, Cont=5.3322) | Val AUC=0.9231 AUPR=0.8935 F1=0.8152 ACC=0.8429
Epoch 122/200 | TrainLoss=0.3641 (Cls=0.3375, Cont=5.3336) | Val AUC=0.9229 AUPR=0.8930 F1=0.8145 ACC=0.8410
Epoch 123/200 | TrainLoss=0.3656 (Cls=0.3390, Cont=5.3182) | Val AUC=0.9228 AUPR=0.8928 F1=0.8144 ACC=0.8393
Epoch 124/200 | TrainLoss=0.3642 (Cls=0.3375, Cont=5.3283) | Val AUC=0.9223 AUPR=0.8927 F1=0.8152 ACC=0.8409
Epoch 125/200 | TrainLoss=0.3651 (Cls=0.3385, Cont=5.3260) | Val AUC=0.9220 AUPR=0.8922 F1=0.8135 ACC=0.8406
Epoch 126/200 | TrainLoss=0.3628 (Cls=0.3362, Cont=5.3203) | Val AUC=0.9229 AUPR=0.8929 F1=0.8150 ACC=0.8385
Epoch 127/200 | TrainLoss=0.3648 (Cls=0.3382, Cont=5.3306) | Val AUC=0.9237 AUPR=0.8936 F1=0.8163 ACC=0.8418
Epoch 128/200 | TrainLoss=0.3627 (Cls=0.3361, Cont=5.3219) | Val AUC=0.9239 AUPR=0.8937 F1=0.8177 ACC=0.8441
Epoch 129/200 | TrainLoss=0.3635 (Cls=0.3368, Cont=5.3336) | Val AUC=0.9242 AUPR=0.8942 F1=0.8165 ACC=0.8453
Epoch 130/200 | TrainLoss=0.3621 (Cls=0.3354, Cont=5.3293) | Val AUC=0.9251 AUPR=0.8956 F1=0.8206 ACC=0.8486
Epoch 131/200 | TrainLoss=0.3635 (Cls=0.3368, Cont=5.3433) | Val AUC=0.9250 AUPR=0.8958 F1=0.8204 ACC=0.8475
Epoch 132/200 | TrainLoss=0.3622 (Cls=0.3355, Cont=5.3394) | Val AUC=0.9249 AUPR=0.8955 F1=0.8210 ACC=0.8473
Epoch 133/200 | TrainLoss=0.3619 (Cls=0.3353, Cont=5.3253) | Val AUC=0.9250 AUPR=0.8955 F1=0.8183 ACC=0.8436
Epoch 134/200 | TrainLoss=0.3611 (Cls=0.3345, Cont=5.3121) | Val AUC=0.9247 AUPR=0.8951 F1=0.8166 ACC=0.8412
Epoch 135/200 | TrainLoss=0.3607 (Cls=0.3340, Cont=5.3334) | Val AUC=0.9252 AUPR=0.8959 F1=0.8180 ACC=0.8444
Epoch 136/200 | TrainLoss=0.3600 (Cls=0.3333, Cont=5.3390) | Val AUC=0.9253 AUPR=0.8960 F1=0.8179 ACC=0.8417
Epoch 137/200 | TrainLoss=0.3615 (Cls=0.3349, Cont=5.3277) | Val AUC=0.9256 AUPR=0.8965 F1=0.8180 ACC=0.8427
Epoch 138/200 | TrainLoss=0.3598 (Cls=0.3331, Cont=5.3373) | Val AUC=0.9249 AUPR=0.8960 F1=0.8172 ACC=0.8421
Epoch 139/200 | TrainLoss=0.3607 (Cls=0.3340, Cont=5.3338) | Val AUC=0.9253 AUPR=0.8971 F1=0.8176 ACC=0.8406
Epoch 140/200 | TrainLoss=0.3584 (Cls=0.3318, Cont=5.3238) | Val AUC=0.9257 AUPR=0.8977 F1=0.8187 ACC=0.8467
Epoch 141/200 | TrainLoss=0.3579 (Cls=0.3312, Cont=5.3267) | Val AUC=0.9257 AUPR=0.8974 F1=0.8188 ACC=0.8435
Epoch 142/200 | TrainLoss=0.3581 (Cls=0.3314, Cont=5.3263) | Val AUC=0.9259 AUPR=0.8972 F1=0.8197 ACC=0.8438
Epoch 143/200 | TrainLoss=0.3585 (Cls=0.3319, Cont=5.3230) | Val AUC=0.9261 AUPR=0.8971 F1=0.8190 ACC=0.8465
Epoch 144/200 | TrainLoss=0.3562 (Cls=0.3297, Cont=5.2951) | Val AUC=0.9259 AUPR=0.8969 F1=0.8189 ACC=0.8449
Epoch 145/200 | TrainLoss=0.3569 (Cls=0.3303, Cont=5.3198) | Val AUC=0.9257 AUPR=0.8966 F1=0.8189 ACC=0.8445
Epoch 146/200 | TrainLoss=0.3566 (Cls=0.3300, Cont=5.3320) | Val AUC=0.9252 AUPR=0.8963 F1=0.8195 ACC=0.8434
Epoch 147/200 | TrainLoss=0.3565 (Cls=0.3299, Cont=5.3203) | Val AUC=0.9257 AUPR=0.8968 F1=0.8188 ACC=0.8420
Epoch 148/200 | TrainLoss=0.3571 (Cls=0.3305, Cont=5.3304) | Val AUC=0.9258 AUPR=0.8967 F1=0.8190 ACC=0.8404
Epoch 149/200 | TrainLoss=0.3561 (Cls=0.3295, Cont=5.3283) | Val AUC=0.9258 AUPR=0.8968 F1=0.8200 ACC=0.8441
Epoch 150/200 | TrainLoss=0.3564 (Cls=0.3298, Cont=5.3169) | Val AUC=0.9263 AUPR=0.8978 F1=0.8206 ACC=0.8454
Epoch 151/200 | TrainLoss=0.3562 (Cls=0.3295, Cont=5.3279) | Val AUC=0.9262 AUPR=0.8983 F1=0.8213 ACC=0.8476
Epoch 152/200 | TrainLoss=0.3551 (Cls=0.3285, Cont=5.3349) | Val AUC=0.9260 AUPR=0.8985 F1=0.8205 ACC=0.8480
Epoch 153/200 | TrainLoss=0.3553 (Cls=0.3286, Cont=5.3363) | Val AUC=0.9266 AUPR=0.8994 F1=0.8210 ACC=0.8460
Epoch 154/200 | TrainLoss=0.3542 (Cls=0.3276, Cont=5.3267) | Val AUC=0.9273 AUPR=0.9002 F1=0.8214 ACC=0.8488
Epoch 155/200 | TrainLoss=0.3551 (Cls=0.3284, Cont=5.3247) | Val AUC=0.9273 AUPR=0.8996 F1=0.8213 ACC=0.8473
Epoch 156/200 | TrainLoss=0.3542 (Cls=0.3275, Cont=5.3279) | Val AUC=0.9271 AUPR=0.8990 F1=0.8219 ACC=0.8491
Epoch 157/200 | TrainLoss=0.3544 (Cls=0.3277, Cont=5.3373) | Val AUC=0.9272 AUPR=0.8994 F1=0.8206 ACC=0.8506
Epoch 158/200 | TrainLoss=0.3534 (Cls=0.3269, Cont=5.3058) | Val AUC=0.9262 AUPR=0.8986 F1=0.8200 ACC=0.8490
Epoch 159/200 | TrainLoss=0.3548 (Cls=0.3282, Cont=5.3233) | Val AUC=0.9255 AUPR=0.8977 F1=0.8188 ACC=0.8462
Epoch 160/200 | TrainLoss=0.3534 (Cls=0.3268, Cont=5.3202) | Val AUC=0.9258 AUPR=0.8980 F1=0.8204 ACC=0.8458
Epoch 161/200 | TrainLoss=0.3537 (Cls=0.3271, Cont=5.3237) | Val AUC=0.9270 AUPR=0.8990 F1=0.8209 ACC=0.8503
Epoch 162/200 | TrainLoss=0.3533 (Cls=0.3267, Cont=5.3256) | Val AUC=0.9275 AUPR=0.8996 F1=0.8222 ACC=0.8457
Epoch 163/200 | TrainLoss=0.3528 (Cls=0.3261, Cont=5.3238) | Val AUC=0.9277 AUPR=0.9001 F1=0.8222 ACC=0.8442
Epoch 164/200 | TrainLoss=0.3519 (Cls=0.3253, Cont=5.3180) | Val AUC=0.9275 AUPR=0.9002 F1=0.8211 ACC=0.8424
Epoch 165/200 | TrainLoss=0.3521 (Cls=0.3254, Cont=5.3361) | Val AUC=0.9275 AUPR=0.9002 F1=0.8219 ACC=0.8454
Epoch 166/200 | TrainLoss=0.3523 (Cls=0.3257, Cont=5.3191) | Val AUC=0.9271 AUPR=0.8994 F1=0.8216 ACC=0.8488
Epoch 167/200 | TrainLoss=0.3522 (Cls=0.3257, Cont=5.3123) | Val AUC=0.9266 AUPR=0.8986 F1=0.8209 ACC=0.8457
Epoch 168/200 | TrainLoss=0.3527 (Cls=0.3261, Cont=5.3285) | Val AUC=0.9270 AUPR=0.8995 F1=0.8213 ACC=0.8449
Epoch 169/200 | TrainLoss=0.3518 (Cls=0.3251, Cont=5.3386) | Val AUC=0.9275 AUPR=0.9003 F1=0.8215 ACC=0.8499
Epoch 170/200 | TrainLoss=0.3529 (Cls=0.3262, Cont=5.3295) | Val AUC=0.9278 AUPR=0.9004 F1=0.8246 ACC=0.8511
Epoch 171/200 | TrainLoss=0.3516 (Cls=0.3249, Cont=5.3277) | Val AUC=0.9273 AUPR=0.8998 F1=0.8231 ACC=0.8496
Epoch 172/200 | TrainLoss=0.3522 (Cls=0.3256, Cont=5.3247) | Val AUC=0.9277 AUPR=0.9008 F1=0.8245 ACC=0.8505
Epoch 173/200 | TrainLoss=0.3520 (Cls=0.3254, Cont=5.3217) | Val AUC=0.9277 AUPR=0.9011 F1=0.8227 ACC=0.8509
Epoch 174/200 | TrainLoss=0.3519 (Cls=0.3254, Cont=5.3157) | Val AUC=0.9275 AUPR=0.9011 F1=0.8227 ACC=0.8504
Epoch 175/200 | TrainLoss=0.3507 (Cls=0.3241, Cont=5.3099) | Val AUC=0.9275 AUPR=0.9010 F1=0.8230 ACC=0.8476
Epoch 176/200 | TrainLoss=0.3510 (Cls=0.3244, Cont=5.3258) | Val AUC=0.9268 AUPR=0.8996 F1=0.8214 ACC=0.8467
Epoch 177/200 | TrainLoss=0.3500 (Cls=0.3234, Cont=5.3239) | Val AUC=0.9272 AUPR=0.8999 F1=0.8231 ACC=0.8480
Epoch 178/200 | TrainLoss=0.3500 (Cls=0.3234, Cont=5.3279) | Val AUC=0.9281 AUPR=0.9014 F1=0.8240 ACC=0.8515
Epoch 179/200 | TrainLoss=0.3500 (Cls=0.3235, Cont=5.3128) | Val AUC=0.9282 AUPR=0.9017 F1=0.8225 ACC=0.8486
Epoch 180/200 | TrainLoss=0.3512 (Cls=0.3246, Cont=5.3135) | Val AUC=0.9279 AUPR=0.9014 F1=0.8227 ACC=0.8498
Epoch 181/200 | TrainLoss=0.3506 (Cls=0.3241, Cont=5.3116) | Val AUC=0.9278 AUPR=0.9011 F1=0.8218 ACC=0.8455
Epoch 182/200 | TrainLoss=0.3498 (Cls=0.3232, Cont=5.3200) | Val AUC=0.9281 AUPR=0.9012 F1=0.8219 ACC=0.8497
Epoch 183/200 | TrainLoss=0.3500 (Cls=0.3234, Cont=5.3175) | Val AUC=0.9283 AUPR=0.9012 F1=0.8217 ACC=0.8492
Epoch 184/200 | TrainLoss=0.3506 (Cls=0.3240, Cont=5.3140) | Val AUC=0.9285 AUPR=0.9018 F1=0.8229 ACC=0.8477
Epoch 185/200 | TrainLoss=0.3494 (Cls=0.3227, Cont=5.3258) | Val AUC=0.9286 AUPR=0.9023 F1=0.8227 ACC=0.8511
Epoch 186/200 | TrainLoss=0.3490 (Cls=0.3224, Cont=5.3224) | Val AUC=0.9285 AUPR=0.9025 F1=0.8236 ACC=0.8501
Epoch 187/200 | TrainLoss=0.3497 (Cls=0.3230, Cont=5.3322) | Val AUC=0.9286 AUPR=0.9026 F1=0.8244 ACC=0.8495
Epoch 188/200 | TrainLoss=0.3494 (Cls=0.3227, Cont=5.3336) | Val AUC=0.9286 AUPR=0.9024 F1=0.8242 ACC=0.8491
Epoch 189/200 | TrainLoss=0.3497 (Cls=0.3231, Cont=5.3275) | Val AUC=0.9281 AUPR=0.9013 F1=0.8223 ACC=0.8448
Epoch 190/200 | TrainLoss=0.3502 (Cls=0.3236, Cont=5.3254) | Val AUC=0.9281 AUPR=0.9013 F1=0.8212 ACC=0.8460
Epoch 191/200 | TrainLoss=0.3493 (Cls=0.3227, Cont=5.3106) | Val AUC=0.9285 AUPR=0.9025 F1=0.8223 ACC=0.8495
Epoch 192/200 | TrainLoss=0.3486 (Cls=0.3220, Cont=5.3268) | Val AUC=0.9280 AUPR=0.9019 F1=0.8219 ACC=0.8499
Epoch 193/200 | TrainLoss=0.3491 (Cls=0.3225, Cont=5.3286) | Val AUC=0.9278 AUPR=0.9015 F1=0.8217 ACC=0.8510
Epoch 194/200 | TrainLoss=0.3497 (Cls=0.3230, Cont=5.3308) | Val AUC=0.9281 AUPR=0.9019 F1=0.8193 ACC=0.8443
Epoch 195/200 | TrainLoss=0.3486 (Cls=0.3219, Cont=5.3277) | Val AUC=0.9280 AUPR=0.9019 F1=0.8189 ACC=0.8465
Epoch 196/200 | TrainLoss=0.3483 (Cls=0.3217, Cont=5.3143) | Val AUC=0.9288 AUPR=0.9027 F1=0.8228 ACC=0.8460
Epoch 197/200 | TrainLoss=0.3490 (Cls=0.3223, Cont=5.3295) | Val AUC=0.9292 AUPR=0.9032 F1=0.8242 ACC=0.8495
Epoch 198/200 | TrainLoss=0.3483 (Cls=0.3217, Cont=5.3058) | Val AUC=0.9290 AUPR=0.9030 F1=0.8247 ACC=0.8510
Epoch 199/200 | TrainLoss=0.3477 (Cls=0.3211, Cont=5.3230) | Val AUC=0.9287 AUPR=0.9027 F1=0.8247 ACC=0.8486
Epoch 200/200 | TrainLoss=0.3503 (Cls=0.3237, Cont=5.3026) | Val AUC=0.9290 AUPR=0.9032 F1=0.8232 ACC=0.8505
Fold 1 complete | Best Val AUC=0.9292 | Test AUC=0.9267 AUPR=0.9032 F1=0.8172 ACC=0.8442

================================================================================
Fold 2/5
================================================================================
Epoch 001/200 | TrainLoss=0.6942 (Cls=0.6942, Cont=0.0000) | Val AUC=0.5664 AUPR=0.4756 F1=0.5781 ACC=0.4073
Epoch 002/200 | TrainLoss=0.6928 (Cls=0.6928, Cont=0.0000) | Val AUC=0.5876 AUPR=0.4853 F1=0.5834 ACC=0.4545
Epoch 003/200 | TrainLoss=0.6597 (Cls=0.6597, Cont=0.0000) | Val AUC=0.5929 AUPR=0.4927 F1=0.5868 ACC=0.4502
Epoch 004/200 | TrainLoss=0.6496 (Cls=0.6496, Cont=0.0000) | Val AUC=0.5948 AUPR=0.4930 F1=0.5884 ACC=0.4562
Epoch 005/200 | TrainLoss=0.6334 (Cls=0.6334, Cont=0.0000) | Val AUC=0.5997 AUPR=0.4947 F1=0.5902 ACC=0.4665
Epoch 006/200 | TrainLoss=0.6094 (Cls=0.6094, Cont=0.0000) | Val AUC=0.5997 AUPR=0.4972 F1=0.5910 ACC=0.4716
Epoch 007/200 | TrainLoss=0.5855 (Cls=0.5855, Cont=0.0000) | Val AUC=0.6022 AUPR=0.4979 F1=0.5894 ACC=0.4638
Epoch 008/200 | TrainLoss=0.5623 (Cls=0.5623, Cont=0.0000) | Val AUC=0.6074 AUPR=0.5095 F1=0.5868 ACC=0.4670
Epoch 009/200 | TrainLoss=0.5332 (Cls=0.5332, Cont=0.0000) | Val AUC=0.6073 AUPR=0.5116 F1=0.5841 ACC=0.4427
Epoch 010/200 | TrainLoss=0.4998 (Cls=0.4998, Cont=0.0000) | Val AUC=0.6062 AUPR=0.5099 F1=0.5851 ACC=0.4656
Epoch 011/200 | TrainLoss=0.5146 (Cls=0.4819, Cont=6.5254) | Val AUC=0.6102 AUPR=0.5112 F1=0.5869 ACC=0.4671
Epoch 012/200 | TrainLoss=0.4993 (Cls=0.4711, Cont=5.6391) | Val AUC=0.6183 AUPR=0.5246 F1=0.5881 ACC=0.4695
Epoch 013/200 | TrainLoss=0.4941 (Cls=0.4667, Cont=5.4918) | Val AUC=0.6235 AUPR=0.5272 F1=0.5876 ACC=0.4669
Epoch 014/200 | TrainLoss=0.4837 (Cls=0.4565, Cont=5.4536) | Val AUC=0.6265 AUPR=0.5306 F1=0.5897 ACC=0.4732
Epoch 015/200 | TrainLoss=0.4670 (Cls=0.4398, Cont=5.4348) | Val AUC=0.6262 AUPR=0.5281 F1=0.5912 ACC=0.4768
Epoch 016/200 | TrainLoss=0.4601 (Cls=0.4330, Cont=5.4282) | Val AUC=0.6264 AUPR=0.5259 F1=0.5926 ACC=0.4770
Epoch 017/200 | TrainLoss=0.4487 (Cls=0.4216, Cont=5.4234) | Val AUC=0.6308 AUPR=0.5319 F1=0.5941 ACC=0.4798
Epoch 018/200 | TrainLoss=0.4395 (Cls=0.4124, Cont=5.4160) | Val AUC=0.6367 AUPR=0.5393 F1=0.5954 ACC=0.4899
Epoch 019/200 | TrainLoss=0.4383 (Cls=0.4113, Cont=5.4147) | Val AUC=0.6482 AUPR=0.5550 F1=0.5975 ACC=0.5276
Epoch 020/200 | TrainLoss=0.4318 (Cls=0.4048, Cont=5.4053) | Val AUC=0.6622 AUPR=0.5685 F1=0.6018 ACC=0.5478
Epoch 021/200 | TrainLoss=0.4286 (Cls=0.4016, Cont=5.3990) | Val AUC=0.6705 AUPR=0.5734 F1=0.6051 ACC=0.5586
Epoch 022/200 | TrainLoss=0.4267 (Cls=0.3997, Cont=5.3927) | Val AUC=0.6778 AUPR=0.5760 F1=0.6093 ACC=0.5556
Epoch 023/200 | TrainLoss=0.4224 (Cls=0.3955, Cont=5.3838) | Val AUC=0.6907 AUPR=0.5870 F1=0.6166 ACC=0.5773
Epoch 024/200 | TrainLoss=0.4244 (Cls=0.3976, Cont=5.3730) | Val AUC=0.7073 AUPR=0.6018 F1=0.6264 ACC=0.6115
Epoch 025/200 | TrainLoss=0.4204 (Cls=0.3935, Cont=5.3727) | Val AUC=0.7259 AUPR=0.6227 F1=0.6373 ACC=0.6225
Epoch 026/200 | TrainLoss=0.4219 (Cls=0.3951, Cont=5.3609) | Val AUC=0.7499 AUPR=0.6539 F1=0.6557 ACC=0.6723
Epoch 027/200 | TrainLoss=0.4199 (Cls=0.3931, Cont=5.3614) | Val AUC=0.7671 AUPR=0.6762 F1=0.6651 ACC=0.6763
Epoch 028/200 | TrainLoss=0.4133 (Cls=0.3865, Cont=5.3645) | Val AUC=0.7822 AUPR=0.6906 F1=0.6786 ACC=0.7141
Epoch 029/200 | TrainLoss=0.4198 (Cls=0.3930, Cont=5.3604) | Val AUC=0.8001 AUPR=0.7111 F1=0.6906 ACC=0.6965
Epoch 030/200 | TrainLoss=0.4164 (Cls=0.3895, Cont=5.3792) | Val AUC=0.8162 AUPR=0.7364 F1=0.7048 ACC=0.7303
Epoch 031/200 | TrainLoss=0.4173 (Cls=0.3904, Cont=5.3682) | Val AUC=0.8223 AUPR=0.7505 F1=0.7076 ACC=0.7389
Epoch 032/200 | TrainLoss=0.4132 (Cls=0.3863, Cont=5.3788) | Val AUC=0.8315 AUPR=0.7674 F1=0.7134 ACC=0.7313
Epoch 033/200 | TrainLoss=0.4108 (Cls=0.3840, Cont=5.3688) | Val AUC=0.8445 AUPR=0.7872 F1=0.7245 ACC=0.7588
Epoch 034/200 | TrainLoss=0.4097 (Cls=0.3828, Cont=5.3687) | Val AUC=0.8589 AUPR=0.8034 F1=0.7399 ACC=0.7621
Epoch 035/200 | TrainLoss=0.4077 (Cls=0.3809, Cont=5.3540) | Val AUC=0.8699 AUPR=0.8161 F1=0.7536 ACC=0.7786
Epoch 036/200 | TrainLoss=0.4040 (Cls=0.3773, Cont=5.3523) | Val AUC=0.8794 AUPR=0.8293 F1=0.7623 ACC=0.7892
Epoch 037/200 | TrainLoss=0.4061 (Cls=0.3793, Cont=5.3585) | Val AUC=0.8873 AUPR=0.8429 F1=0.7710 ACC=0.7982
Epoch 038/200 | TrainLoss=0.4056 (Cls=0.3787, Cont=5.3668) | Val AUC=0.8923 AUPR=0.8525 F1=0.7753 ACC=0.8039
Epoch 039/200 | TrainLoss=0.4029 (Cls=0.3761, Cont=5.3663) | Val AUC=0.8945 AUPR=0.8560 F1=0.7804 ACC=0.8116
Epoch 040/200 | TrainLoss=0.4018 (Cls=0.3749, Cont=5.3681) | Val AUC=0.8961 AUPR=0.8589 F1=0.7807 ACC=0.8150
Epoch 041/200 | TrainLoss=0.4014 (Cls=0.3746, Cont=5.3544) | Val AUC=0.8979 AUPR=0.8623 F1=0.7802 ACC=0.8139
Epoch 042/200 | TrainLoss=0.4006 (Cls=0.3739, Cont=5.3529) | Val AUC=0.9000 AUPR=0.8650 F1=0.7828 ACC=0.8137
Epoch 043/200 | TrainLoss=0.4012 (Cls=0.3744, Cont=5.3602) | Val AUC=0.9024 AUPR=0.8678 F1=0.7866 ACC=0.8126
Epoch 044/200 | TrainLoss=0.3982 (Cls=0.3714, Cont=5.3574) | Val AUC=0.9042 AUPR=0.8703 F1=0.7872 ACC=0.8113
Epoch 045/200 | TrainLoss=0.4000 (Cls=0.3732, Cont=5.3548) | Val AUC=0.9066 AUPR=0.8735 F1=0.7917 ACC=0.8240
Epoch 046/200 | TrainLoss=0.3971 (Cls=0.3704, Cont=5.3531) | Val AUC=0.9073 AUPR=0.8735 F1=0.7945 ACC=0.8231
Epoch 047/200 | TrainLoss=0.3977 (Cls=0.3710, Cont=5.3547) | Val AUC=0.9083 AUPR=0.8740 F1=0.7966 ACC=0.8216
Epoch 048/200 | TrainLoss=0.3988 (Cls=0.3721, Cont=5.3497) | Val AUC=0.9089 AUPR=0.8750 F1=0.7983 ACC=0.8270
Epoch 049/200 | TrainLoss=0.3946 (Cls=0.3678, Cont=5.3572) | Val AUC=0.9089 AUPR=0.8755 F1=0.7974 ACC=0.8262
Epoch 050/200 | TrainLoss=0.3943 (Cls=0.3676, Cont=5.3410) | Val AUC=0.9092 AUPR=0.8764 F1=0.7981 ACC=0.8262
Epoch 051/200 | TrainLoss=0.3919 (Cls=0.3652, Cont=5.3460) | Val AUC=0.9089 AUPR=0.8762 F1=0.7952 ACC=0.8218
Epoch 052/200 | TrainLoss=0.3914 (Cls=0.3647, Cont=5.3432) | Val AUC=0.9086 AUPR=0.8758 F1=0.7942 ACC=0.8225
Epoch 053/200 | TrainLoss=0.3926 (Cls=0.3659, Cont=5.3457) | Val AUC=0.9087 AUPR=0.8758 F1=0.7920 ACC=0.8174
Epoch 054/200 | TrainLoss=0.3935 (Cls=0.3667, Cont=5.3605) | Val AUC=0.9097 AUPR=0.8773 F1=0.7946 ACC=0.8236
Epoch 055/200 | TrainLoss=0.3911 (Cls=0.3644, Cont=5.3442) | Val AUC=0.9102 AUPR=0.8786 F1=0.7957 ACC=0.8278
Epoch 056/200 | TrainLoss=0.3907 (Cls=0.3640, Cont=5.3372) | Val AUC=0.9112 AUPR=0.8800 F1=0.7980 ACC=0.8305
Epoch 057/200 | TrainLoss=0.3905 (Cls=0.3638, Cont=5.3389) | Val AUC=0.9123 AUPR=0.8811 F1=0.7997 ACC=0.8306
Epoch 058/200 | TrainLoss=0.3894 (Cls=0.3627, Cont=5.3514) | Val AUC=0.9131 AUPR=0.8816 F1=0.8012 ACC=0.8331
Epoch 059/200 | TrainLoss=0.3893 (Cls=0.3625, Cont=5.3546) | Val AUC=0.9124 AUPR=0.8803 F1=0.7995 ACC=0.8304
Epoch 060/200 | TrainLoss=0.3899 (Cls=0.3632, Cont=5.3428) | Val AUC=0.9122 AUPR=0.8797 F1=0.7997 ACC=0.8311
Epoch 061/200 | TrainLoss=0.3900 (Cls=0.3633, Cont=5.3434) | Val AUC=0.9131 AUPR=0.8805 F1=0.8027 ACC=0.8320
Epoch 062/200 | TrainLoss=0.3892 (Cls=0.3624, Cont=5.3592) | Val AUC=0.9132 AUPR=0.8803 F1=0.8031 ACC=0.8303
Epoch 063/200 | TrainLoss=0.3878 (Cls=0.3611, Cont=5.3502) | Val AUC=0.9127 AUPR=0.8798 F1=0.8026 ACC=0.8304
Epoch 064/200 | TrainLoss=0.3877 (Cls=0.3610, Cont=5.3527) | Val AUC=0.9128 AUPR=0.8805 F1=0.8039 ACC=0.8310
Epoch 065/200 | TrainLoss=0.3862 (Cls=0.3595, Cont=5.3345) | Val AUC=0.9132 AUPR=0.8814 F1=0.8045 ACC=0.8315
Epoch 066/200 | TrainLoss=0.3856 (Cls=0.3588, Cont=5.3511) | Val AUC=0.9132 AUPR=0.8816 F1=0.8032 ACC=0.8300
Epoch 067/200 | TrainLoss=0.3862 (Cls=0.3594, Cont=5.3552) | Val AUC=0.9131 AUPR=0.8814 F1=0.8004 ACC=0.8262
Epoch 068/200 | TrainLoss=0.3864 (Cls=0.3597, Cont=5.3365) | Val AUC=0.9137 AUPR=0.8824 F1=0.8011 ACC=0.8289
Epoch 069/200 | TrainLoss=0.3850 (Cls=0.3583, Cont=5.3489) | Val AUC=0.9138 AUPR=0.8830 F1=0.8015 ACC=0.8295
Epoch 070/200 | TrainLoss=0.3854 (Cls=0.3587, Cont=5.3418) | Val AUC=0.9137 AUPR=0.8828 F1=0.8017 ACC=0.8289
Epoch 071/200 | TrainLoss=0.3849 (Cls=0.3582, Cont=5.3346) | Val AUC=0.9135 AUPR=0.8826 F1=0.8003 ACC=0.8255
Epoch 072/200 | TrainLoss=0.3849 (Cls=0.3582, Cont=5.3561) | Val AUC=0.9140 AUPR=0.8830 F1=0.8000 ACC=0.8230
Epoch 073/200 | TrainLoss=0.3829 (Cls=0.3563, Cont=5.3328) | Val AUC=0.9139 AUPR=0.8825 F1=0.8005 ACC=0.8253
Epoch 074/200 | TrainLoss=0.3840 (Cls=0.3573, Cont=5.3360) | Val AUC=0.9137 AUPR=0.8823 F1=0.8000 ACC=0.8280
Epoch 075/200 | TrainLoss=0.3823 (Cls=0.3556, Cont=5.3446) | Val AUC=0.9139 AUPR=0.8827 F1=0.8008 ACC=0.8266
Epoch 076/200 | TrainLoss=0.3839 (Cls=0.3572, Cont=5.3352) | Val AUC=0.9148 AUPR=0.8837 F1=0.8045 ACC=0.8313
Epoch 077/200 | TrainLoss=0.3819 (Cls=0.3551, Cont=5.3586) | Val AUC=0.9147 AUPR=0.8838 F1=0.8020 ACC=0.8257
Epoch 078/200 | TrainLoss=0.3821 (Cls=0.3554, Cont=5.3472) | Val AUC=0.9148 AUPR=0.8841 F1=0.8032 ACC=0.8257
Epoch 079/200 | TrainLoss=0.3821 (Cls=0.3554, Cont=5.3412) | Val AUC=0.9148 AUPR=0.8843 F1=0.8027 ACC=0.8270
Epoch 080/200 | TrainLoss=0.3816 (Cls=0.3549, Cont=5.3460) | Val AUC=0.9153 AUPR=0.8849 F1=0.8024 ACC=0.8265
Epoch 081/200 | TrainLoss=0.3815 (Cls=0.3548, Cont=5.3430) | Val AUC=0.9155 AUPR=0.8853 F1=0.8022 ACC=0.8325
Epoch 082/200 | TrainLoss=0.3811 (Cls=0.3544, Cont=5.3417) | Val AUC=0.9155 AUPR=0.8853 F1=0.8035 ACC=0.8296
Epoch 083/200 | TrainLoss=0.3814 (Cls=0.3547, Cont=5.3420) | Val AUC=0.9151 AUPR=0.8845 F1=0.8036 ACC=0.8288
Epoch 084/200 | TrainLoss=0.3801 (Cls=0.3533, Cont=5.3490) | Val AUC=0.9145 AUPR=0.8834 F1=0.8018 ACC=0.8296
Epoch 085/200 | TrainLoss=0.3810 (Cls=0.3544, Cont=5.3243) | Val AUC=0.9143 AUPR=0.8828 F1=0.8004 ACC=0.8320
Epoch 086/200 | TrainLoss=0.3800 (Cls=0.3533, Cont=5.3396) | Val AUC=0.9144 AUPR=0.8831 F1=0.8014 ACC=0.8314
Epoch 087/200 | TrainLoss=0.3808 (Cls=0.3541, Cont=5.3485) | Val AUC=0.9142 AUPR=0.8833 F1=0.8009 ACC=0.8302
Epoch 088/200 | TrainLoss=0.3793 (Cls=0.3526, Cont=5.3334) | Val AUC=0.9141 AUPR=0.8832 F1=0.8009 ACC=0.8268
Epoch 089/200 | TrainLoss=0.3799 (Cls=0.3532, Cont=5.3387) | Val AUC=0.9146 AUPR=0.8836 F1=0.8008 ACC=0.8266
Epoch 090/200 | TrainLoss=0.3796 (Cls=0.3529, Cont=5.3365) | Val AUC=0.9154 AUPR=0.8844 F1=0.8013 ACC=0.8273
Epoch 091/200 | TrainLoss=0.3794 (Cls=0.3527, Cont=5.3380) | Val AUC=0.9158 AUPR=0.8849 F1=0.8009 ACC=0.8311
Epoch 092/200 | TrainLoss=0.3795 (Cls=0.3528, Cont=5.3445) | Val AUC=0.9157 AUPR=0.8847 F1=0.8019 ACC=0.8322
Epoch 093/200 | TrainLoss=0.3797 (Cls=0.3531, Cont=5.3231) | Val AUC=0.9158 AUPR=0.8851 F1=0.8011 ACC=0.8300
Epoch 094/200 | TrainLoss=0.3789 (Cls=0.3522, Cont=5.3444) | Val AUC=0.9159 AUPR=0.8855 F1=0.8018 ACC=0.8230
Epoch 095/200 | TrainLoss=0.3801 (Cls=0.3533, Cont=5.3518) | Val AUC=0.9161 AUPR=0.8853 F1=0.8036 ACC=0.8268
Epoch 096/200 | TrainLoss=0.3783 (Cls=0.3516, Cont=5.3418) | Val AUC=0.9159 AUPR=0.8848 F1=0.8032 ACC=0.8294
Epoch 097/200 | TrainLoss=0.3800 (Cls=0.3533, Cont=5.3406) | Val AUC=0.9159 AUPR=0.8848 F1=0.8027 ACC=0.8296
Epoch 098/200 | TrainLoss=0.3784 (Cls=0.3517, Cont=5.3523) | Val AUC=0.9160 AUPR=0.8849 F1=0.8027 ACC=0.8311
Epoch 099/200 | TrainLoss=0.3791 (Cls=0.3524, Cont=5.3371) | Val AUC=0.9148 AUPR=0.8826 F1=0.8005 ACC=0.8229
Epoch 100/200 | TrainLoss=0.3776 (Cls=0.3509, Cont=5.3501) | Val AUC=0.9132 AUPR=0.8802 F1=0.7987 ACC=0.8285
Epoch 101/200 | TrainLoss=0.3795 (Cls=0.3528, Cont=5.3487) | Val AUC=0.9142 AUPR=0.8823 F1=0.7992 ACC=0.8303
Epoch 102/200 | TrainLoss=0.3774 (Cls=0.3507, Cont=5.3491) | Val AUC=0.9151 AUPR=0.8839 F1=0.8013 ACC=0.8308
Epoch 103/200 | TrainLoss=0.3783 (Cls=0.3516, Cont=5.3365) | Val AUC=0.9154 AUPR=0.8846 F1=0.8016 ACC=0.8248
Epoch 104/200 | TrainLoss=0.3770 (Cls=0.3503, Cont=5.3423) | Val AUC=0.9156 AUPR=0.8848 F1=0.8030 ACC=0.8253
Epoch 105/200 | TrainLoss=0.3765 (Cls=0.3498, Cont=5.3414) | Val AUC=0.9158 AUPR=0.8853 F1=0.8033 ACC=0.8250
Epoch 106/200 | TrainLoss=0.3762 (Cls=0.3495, Cont=5.3307) | Val AUC=0.9162 AUPR=0.8858 F1=0.8037 ACC=0.8306
Epoch 107/200 | TrainLoss=0.3760 (Cls=0.3494, Cont=5.3308) | Val AUC=0.9165 AUPR=0.8859 F1=0.8047 ACC=0.8301
Epoch 108/200 | TrainLoss=0.3756 (Cls=0.3489, Cont=5.3456) | Val AUC=0.9163 AUPR=0.8855 F1=0.8047 ACC=0.8315
Epoch 109/200 | TrainLoss=0.3772 (Cls=0.3506, Cont=5.3338) | Val AUC=0.9166 AUPR=0.8858 F1=0.8059 ACC=0.8327
Epoch 110/200 | TrainLoss=0.3748 (Cls=0.3481, Cont=5.3430) | Val AUC=0.9168 AUPR=0.8860 F1=0.8048 ACC=0.8343
Epoch 111/200 | TrainLoss=0.3761 (Cls=0.3495, Cont=5.3292) | Val AUC=0.9169 AUPR=0.8861 F1=0.8042 ACC=0.8342
Epoch 112/200 | TrainLoss=0.3748 (Cls=0.3480, Cont=5.3435) | Val AUC=0.9167 AUPR=0.8858 F1=0.8028 ACC=0.8365
Epoch 113/200 | TrainLoss=0.3754 (Cls=0.3488, Cont=5.3356) | Val AUC=0.9164 AUPR=0.8855 F1=0.8024 ACC=0.8350
Epoch 114/200 | TrainLoss=0.3751 (Cls=0.3484, Cont=5.3480) | Val AUC=0.9166 AUPR=0.8861 F1=0.8022 ACC=0.8356
Epoch 115/200 | TrainLoss=0.3753 (Cls=0.3486, Cont=5.3433) | Val AUC=0.9166 AUPR=0.8863 F1=0.8031 ACC=0.8321
Epoch 116/200 | TrainLoss=0.3748 (Cls=0.3482, Cont=5.3304) | Val AUC=0.9169 AUPR=0.8867 F1=0.8038 ACC=0.8331
Epoch 117/200 | TrainLoss=0.3745 (Cls=0.3479, Cont=5.3270) | Val AUC=0.9169 AUPR=0.8867 F1=0.8048 ACC=0.8361
Epoch 118/200 | TrainLoss=0.3739 (Cls=0.3472, Cont=5.3398) | Val AUC=0.9169 AUPR=0.8866 F1=0.8061 ACC=0.8370
Epoch 119/200 | TrainLoss=0.3736 (Cls=0.3469, Cont=5.3414) | Val AUC=0.9172 AUPR=0.8871 F1=0.8066 ACC=0.8360
Epoch 120/200 | TrainLoss=0.3731 (Cls=0.3463, Cont=5.3487) | Val AUC=0.9176 AUPR=0.8876 F1=0.8073 ACC=0.8339
Epoch 121/200 | TrainLoss=0.3740 (Cls=0.3473, Cont=5.3397) | Val AUC=0.9173 AUPR=0.8872 F1=0.8058 ACC=0.8338
Epoch 122/200 | TrainLoss=0.3738 (Cls=0.3471, Cont=5.3451) | Val AUC=0.9173 AUPR=0.8874 F1=0.8051 ACC=0.8343
Epoch 123/200 | TrainLoss=0.3733 (Cls=0.3467, Cont=5.3200) | Val AUC=0.9174 AUPR=0.8881 F1=0.8071 ACC=0.8401
Epoch 124/200 | TrainLoss=0.3734 (Cls=0.3467, Cont=5.3317) | Val AUC=0.9175 AUPR=0.8883 F1=0.8061 ACC=0.8341
Epoch 125/200 | TrainLoss=0.3720 (Cls=0.3453, Cont=5.3318) | Val AUC=0.9176 AUPR=0.8883 F1=0.8062 ACC=0.8335
Epoch 126/200 | TrainLoss=0.3716 (Cls=0.3449, Cont=5.3261) | Val AUC=0.9176 AUPR=0.8880 F1=0.8072 ACC=0.8325
Epoch 127/200 | TrainLoss=0.3715 (Cls=0.3448, Cont=5.3465) | Val AUC=0.9180 AUPR=0.8881 F1=0.8085 ACC=0.8374
Epoch 128/200 | TrainLoss=0.3708 (Cls=0.3441, Cont=5.3377) | Val AUC=0.9184 AUPR=0.8886 F1=0.8075 ACC=0.8362
Epoch 129/200 | TrainLoss=0.3718 (Cls=0.3450, Cont=5.3479) | Val AUC=0.9188 AUPR=0.8891 F1=0.8088 ACC=0.8381
Epoch 130/200 | TrainLoss=0.3698 (Cls=0.3431, Cont=5.3348) | Val AUC=0.9194 AUPR=0.8895 F1=0.8104 ACC=0.8441
Epoch 131/200 | TrainLoss=0.3688 (Cls=0.3422, Cont=5.3308) | Val AUC=0.9196 AUPR=0.8897 F1=0.8110 ACC=0.8434
Epoch 132/200 | TrainLoss=0.3702 (Cls=0.3435, Cont=5.3304) | Val AUC=0.9198 AUPR=0.8902 F1=0.8112 ACC=0.8435
Epoch 133/200 | TrainLoss=0.3685 (Cls=0.3418, Cont=5.3247) | Val AUC=0.9200 AUPR=0.8903 F1=0.8107 ACC=0.8464
Epoch 134/200 | TrainLoss=0.3688 (Cls=0.3422, Cont=5.3352) | Val AUC=0.9204 AUPR=0.8906 F1=0.8130 ACC=0.8474
Epoch 135/200 | TrainLoss=0.3690 (Cls=0.3423, Cont=5.3513) | Val AUC=0.9210 AUPR=0.8914 F1=0.8145 ACC=0.8469
Epoch 136/200 | TrainLoss=0.3667 (Cls=0.3401, Cont=5.3234) | Val AUC=0.9208 AUPR=0.8913 F1=0.8134 ACC=0.8463
Epoch 137/200 | TrainLoss=0.3691 (Cls=0.3424, Cont=5.3372) | Val AUC=0.9204 AUPR=0.8912 F1=0.8118 ACC=0.8442
Epoch 138/200 | TrainLoss=0.3660 (Cls=0.3393, Cont=5.3415) | Val AUC=0.9205 AUPR=0.8916 F1=0.8118 ACC=0.8438
Epoch 139/200 | TrainLoss=0.3663 (Cls=0.3396, Cont=5.3282) | Val AUC=0.9208 AUPR=0.8918 F1=0.8121 ACC=0.8416
Epoch 140/200 | TrainLoss=0.3684 (Cls=0.3417, Cont=5.3341) | Val AUC=0.9212 AUPR=0.8927 F1=0.8115 ACC=0.8438
Epoch 141/200 | TrainLoss=0.3664 (Cls=0.3397, Cont=5.3420) | Val AUC=0.9209 AUPR=0.8926 F1=0.8111 ACC=0.8366
Epoch 142/200 | TrainLoss=0.3650 (Cls=0.3383, Cont=5.3286) | Val AUC=0.9211 AUPR=0.8927 F1=0.8130 ACC=0.8374
Epoch 143/200 | TrainLoss=0.3656 (Cls=0.3389, Cont=5.3420) | Val AUC=0.9219 AUPR=0.8936 F1=0.8135 ACC=0.8402
Epoch 144/200 | TrainLoss=0.3636 (Cls=0.3369, Cont=5.3315) | Val AUC=0.9219 AUPR=0.8932 F1=0.8130 ACC=0.8442
Epoch 145/200 | TrainLoss=0.3635 (Cls=0.3368, Cont=5.3402) | Val AUC=0.9216 AUPR=0.8929 F1=0.8150 ACC=0.8455
Epoch 146/200 | TrainLoss=0.3642 (Cls=0.3375, Cont=5.3408) | Val AUC=0.9215 AUPR=0.8929 F1=0.8147 ACC=0.8455
Epoch 147/200 | TrainLoss=0.3647 (Cls=0.3380, Cont=5.3328) | Val AUC=0.9226 AUPR=0.8946 F1=0.8156 ACC=0.8448
Epoch 148/200 | TrainLoss=0.3626 (Cls=0.3359, Cont=5.3229) | Val AUC=0.9225 AUPR=0.8947 F1=0.8149 ACC=0.8469
Epoch 149/200 | TrainLoss=0.3628 (Cls=0.3362, Cont=5.3250) | Val AUC=0.9224 AUPR=0.8945 F1=0.8152 ACC=0.8446
Epoch 150/200 | TrainLoss=0.3625 (Cls=0.3358, Cont=5.3312) | Val AUC=0.9228 AUPR=0.8954 F1=0.8165 ACC=0.8457
Epoch 151/200 | TrainLoss=0.3608 (Cls=0.3340, Cont=5.3410) | Val AUC=0.9234 AUPR=0.8965 F1=0.8159 ACC=0.8447
Epoch 152/200 | TrainLoss=0.3605 (Cls=0.3339, Cont=5.3249) | Val AUC=0.9238 AUPR=0.8973 F1=0.8163 ACC=0.8472
Epoch 153/200 | TrainLoss=0.3614 (Cls=0.3349, Cont=5.3131) | Val AUC=0.9235 AUPR=0.8967 F1=0.8171 ACC=0.8447
Epoch 154/200 | TrainLoss=0.3602 (Cls=0.3335, Cont=5.3389) | Val AUC=0.9237 AUPR=0.8970 F1=0.8181 ACC=0.8467
Epoch 155/200 | TrainLoss=0.3593 (Cls=0.3327, Cont=5.3247) | Val AUC=0.9241 AUPR=0.8978 F1=0.8159 ACC=0.8447
Epoch 156/200 | TrainLoss=0.3592 (Cls=0.3325, Cont=5.3365) | Val AUC=0.9237 AUPR=0.8973 F1=0.8146 ACC=0.8400
Epoch 157/200 | TrainLoss=0.3589 (Cls=0.3324, Cont=5.3177) | Val AUC=0.9238 AUPR=0.8973 F1=0.8155 ACC=0.8425
Epoch 158/200 | TrainLoss=0.3583 (Cls=0.3317, Cont=5.3132) | Val AUC=0.9241 AUPR=0.8973 F1=0.8156 ACC=0.8426
Epoch 159/200 | TrainLoss=0.3574 (Cls=0.3308, Cont=5.3260) | Val AUC=0.9244 AUPR=0.8978 F1=0.8165 ACC=0.8471
Epoch 160/200 | TrainLoss=0.3578 (Cls=0.3310, Cont=5.3548) | Val AUC=0.9241 AUPR=0.8974 F1=0.8154 ACC=0.8406
Epoch 161/200 | TrainLoss=0.3567 (Cls=0.3301, Cont=5.3175) | Val AUC=0.9239 AUPR=0.8969 F1=0.8157 ACC=0.8441
Epoch 162/200 | TrainLoss=0.3568 (Cls=0.3302, Cont=5.3013) | Val AUC=0.9238 AUPR=0.8965 F1=0.8139 ACC=0.8429
Epoch 163/200 | TrainLoss=0.3567 (Cls=0.3301, Cont=5.3233) | Val AUC=0.9238 AUPR=0.8964 F1=0.8142 ACC=0.8484
Epoch 164/200 | TrainLoss=0.3555 (Cls=0.3289, Cont=5.3169) | Val AUC=0.9240 AUPR=0.8968 F1=0.8158 ACC=0.8469
Epoch 165/200 | TrainLoss=0.3564 (Cls=0.3297, Cont=5.3259) | Val AUC=0.9243 AUPR=0.8971 F1=0.8163 ACC=0.8469
Epoch 166/200 | TrainLoss=0.3560 (Cls=0.3294, Cont=5.3264) | Val AUC=0.9238 AUPR=0.8962 F1=0.8149 ACC=0.8435
Epoch 167/200 | TrainLoss=0.3546 (Cls=0.3280, Cont=5.3339) | Val AUC=0.9242 AUPR=0.8970 F1=0.8155 ACC=0.8463
Epoch 168/200 | TrainLoss=0.3561 (Cls=0.3294, Cont=5.3273) | Val AUC=0.9246 AUPR=0.8984 F1=0.8166 ACC=0.8443
Epoch 169/200 | TrainLoss=0.3551 (Cls=0.3285, Cont=5.3229) | Val AUC=0.9246 AUPR=0.8982 F1=0.8175 ACC=0.8464
Epoch 170/200 | TrainLoss=0.3541 (Cls=0.3275, Cont=5.3156) | Val AUC=0.9249 AUPR=0.8986 F1=0.8167 ACC=0.8482
Epoch 171/200 | TrainLoss=0.3549 (Cls=0.3283, Cont=5.3227) | Val AUC=0.9253 AUPR=0.8993 F1=0.8186 ACC=0.8477
Epoch 172/200 | TrainLoss=0.3546 (Cls=0.3280, Cont=5.3174) | Val AUC=0.9254 AUPR=0.8993 F1=0.8200 ACC=0.8508
Epoch 173/200 | TrainLoss=0.3536 (Cls=0.3270, Cont=5.3236) | Val AUC=0.9255 AUPR=0.8991 F1=0.8186 ACC=0.8503
Epoch 174/200 | TrainLoss=0.3533 (Cls=0.3268, Cont=5.3101) | Val AUC=0.9253 AUPR=0.8989 F1=0.8173 ACC=0.8502
Epoch 175/200 | TrainLoss=0.3545 (Cls=0.3278, Cont=5.3397) | Val AUC=0.9252 AUPR=0.8991 F1=0.8165 ACC=0.8479
Epoch 176/200 | TrainLoss=0.3527 (Cls=0.3261, Cont=5.3153) | Val AUC=0.9250 AUPR=0.8987 F1=0.8161 ACC=0.8480
Epoch 177/200 | TrainLoss=0.3537 (Cls=0.3271, Cont=5.3172) | Val AUC=0.9258 AUPR=0.8999 F1=0.8189 ACC=0.8477
Epoch 178/200 | TrainLoss=0.3538 (Cls=0.3272, Cont=5.3167) | Val AUC=0.9259 AUPR=0.8999 F1=0.8179 ACC=0.8463
Epoch 179/200 | TrainLoss=0.3528 (Cls=0.3262, Cont=5.3279) | Val AUC=0.9255 AUPR=0.8992 F1=0.8172 ACC=0.8454
Epoch 180/200 | TrainLoss=0.3524 (Cls=0.3257, Cont=5.3307) | Val AUC=0.9255 AUPR=0.8994 F1=0.8167 ACC=0.8501
Epoch 181/200 | TrainLoss=0.3533 (Cls=0.3267, Cont=5.3178) | Val AUC=0.9248 AUPR=0.8985 F1=0.8149 ACC=0.8448
Epoch 182/200 | TrainLoss=0.3528 (Cls=0.3262, Cont=5.3247) | Val AUC=0.9251 AUPR=0.8990 F1=0.8156 ACC=0.8514
Epoch 183/200 | TrainLoss=0.3514 (Cls=0.3248, Cont=5.3167) | Val AUC=0.9253 AUPR=0.8994 F1=0.8163 ACC=0.8496
Epoch 184/200 | TrainLoss=0.3513 (Cls=0.3248, Cont=5.3193) | Val AUC=0.9254 AUPR=0.8999 F1=0.8169 ACC=0.8477
Epoch 185/200 | TrainLoss=0.3508 (Cls=0.3242, Cont=5.3227) | Val AUC=0.9251 AUPR=0.8998 F1=0.8162 ACC=0.8480
Epoch 186/200 | TrainLoss=0.3521 (Cls=0.3255, Cont=5.3206) | Val AUC=0.9244 AUPR=0.8986 F1=0.8130 ACC=0.8448
Epoch 187/200 | TrainLoss=0.3523 (Cls=0.3257, Cont=5.3029) | Val AUC=0.9245 AUPR=0.8987 F1=0.8143 ACC=0.8442
Epoch 188/200 | TrainLoss=0.3503 (Cls=0.3237, Cont=5.3242) | Val AUC=0.9250 AUPR=0.8994 F1=0.8154 ACC=0.8427
Epoch 189/200 | TrainLoss=0.3518 (Cls=0.3252, Cont=5.3162) | Val AUC=0.9252 AUPR=0.8995 F1=0.8177 ACC=0.8472
Epoch 190/200 | TrainLoss=0.3507 (Cls=0.3241, Cont=5.3209) | Val AUC=0.9249 AUPR=0.8994 F1=0.8170 ACC=0.8457
Epoch 191/200 | TrainLoss=0.3504 (Cls=0.3237, Cont=5.3235) | Val AUC=0.9247 AUPR=0.8993 F1=0.8152 ACC=0.8469
Epoch 192/200 | TrainLoss=0.3496 (Cls=0.3230, Cont=5.3236) | Val AUC=0.9247 AUPR=0.8994 F1=0.8146 ACC=0.8449
Epoch 193/200 | TrainLoss=0.3497 (Cls=0.3231, Cont=5.3191) | Val AUC=0.9255 AUPR=0.9003 F1=0.8162 ACC=0.8445
Epoch 194/200 | TrainLoss=0.3504 (Cls=0.3239, Cont=5.3077) | Val AUC=0.9260 AUPR=0.9007 F1=0.8178 ACC=0.8457
Epoch 195/200 | TrainLoss=0.3493 (Cls=0.3227, Cont=5.3207) | Val AUC=0.9260 AUPR=0.9007 F1=0.8179 ACC=0.8461
Epoch 196/200 | TrainLoss=0.3492 (Cls=0.3226, Cont=5.3135) | Val AUC=0.9260 AUPR=0.9008 F1=0.8174 ACC=0.8465
Epoch 197/200 | TrainLoss=0.3498 (Cls=0.3232, Cont=5.3262) | Val AUC=0.9255 AUPR=0.9005 F1=0.8166 ACC=0.8499
Epoch 198/200 | TrainLoss=0.3489 (Cls=0.3223, Cont=5.3117) | Val AUC=0.9259 AUPR=0.9010 F1=0.8164 ACC=0.8495
Epoch 199/200 | TrainLoss=0.3484 (Cls=0.3217, Cont=5.3215) | Val AUC=0.9257 AUPR=0.9008 F1=0.8169 ACC=0.8482
Epoch 200/200 | TrainLoss=0.3497 (Cls=0.3230, Cont=5.3371) | Val AUC=0.9255 AUPR=0.9004 F1=0.8181 ACC=0.8487
Fold 2 complete | Best Val AUC=0.9260 | Test AUC=0.9269 AUPR=0.9000 F1=0.8198 ACC=0.8441

================================================================================
Fold 3/5
================================================================================
Epoch 001/200 | TrainLoss=0.6856 (Cls=0.6856, Cont=0.0000) | Val AUC=0.5708 AUPR=0.4732 F1=0.5788 ACC=0.4089
Epoch 002/200 | TrainLoss=0.6878 (Cls=0.6878, Cont=0.0000) | Val AUC=0.5761 AUPR=0.4783 F1=0.5809 ACC=0.4235
Epoch 003/200 | TrainLoss=0.6617 (Cls=0.6617, Cont=0.0000) | Val AUC=0.5883 AUPR=0.4857 F1=0.5816 ACC=0.4358
Epoch 004/200 | TrainLoss=0.6556 (Cls=0.6556, Cont=0.0000) | Val AUC=0.5917 AUPR=0.4874 F1=0.5828 ACC=0.4600
Epoch 005/200 | TrainLoss=0.6378 (Cls=0.6378, Cont=0.0000) | Val AUC=0.5957 AUPR=0.4899 F1=0.5838 ACC=0.4568
Epoch 006/200 | TrainLoss=0.6182 (Cls=0.6182, Cont=0.0000) | Val AUC=0.5953 AUPR=0.4904 F1=0.5826 ACC=0.4322
Epoch 007/200 | TrainLoss=0.5852 (Cls=0.5852, Cont=0.0000) | Val AUC=0.5966 AUPR=0.4975 F1=0.5809 ACC=0.4206
Epoch 008/200 | TrainLoss=0.5587 (Cls=0.5587, Cont=0.0000) | Val AUC=0.5982 AUPR=0.5021 F1=0.5811 ACC=0.4192
Epoch 009/200 | TrainLoss=0.5334 (Cls=0.5334, Cont=0.0000) | Val AUC=0.5994 AUPR=0.5033 F1=0.5822 ACC=0.4296
Epoch 010/200 | TrainLoss=0.5058 (Cls=0.5058, Cont=0.0000) | Val AUC=0.6012 AUPR=0.5006 F1=0.5841 ACC=0.4430
Epoch 011/200 | TrainLoss=0.5198 (Cls=0.4886, Cont=6.2542) | Val AUC=0.6088 AUPR=0.5057 F1=0.5855 ACC=0.4502
Epoch 012/200 | TrainLoss=0.4909 (Cls=0.4630, Cont=5.5880) | Val AUC=0.6122 AUPR=0.5074 F1=0.5867 ACC=0.4489
Epoch 013/200 | TrainLoss=0.4747 (Cls=0.4473, Cont=5.4834) | Val AUC=0.6128 AUPR=0.5070 F1=0.5877 ACC=0.4564
Epoch 014/200 | TrainLoss=0.4757 (Cls=0.4485, Cont=5.4463) | Val AUC=0.6133 AUPR=0.5067 F1=0.5870 ACC=0.4506
Epoch 015/200 | TrainLoss=0.4663 (Cls=0.4392, Cont=5.4287) | Val AUC=0.6123 AUPR=0.5056 F1=0.5868 ACC=0.4540
Epoch 016/200 | TrainLoss=0.4477 (Cls=0.4206, Cont=5.4206) | Val AUC=0.6135 AUPR=0.5077 F1=0.5875 ACC=0.4714
Epoch 017/200 | TrainLoss=0.4521 (Cls=0.4251, Cont=5.4105) | Val AUC=0.6166 AUPR=0.5133 F1=0.5881 ACC=0.4479
Epoch 018/200 | TrainLoss=0.4478 (Cls=0.4208, Cont=5.4039) | Val AUC=0.6180 AUPR=0.5165 F1=0.5900 ACC=0.4612
Epoch 019/200 | TrainLoss=0.4364 (Cls=0.4094, Cont=5.3897) | Val AUC=0.6209 AUPR=0.5222 F1=0.5917 ACC=0.4940
Epoch 020/200 | TrainLoss=0.4373 (Cls=0.4104, Cont=5.3855) | Val AUC=0.6272 AUPR=0.5312 F1=0.5940 ACC=0.4805
Epoch 021/200 | TrainLoss=0.4292 (Cls=0.4022, Cont=5.3837) | Val AUC=0.6351 AUPR=0.5411 F1=0.5949 ACC=0.4716
Epoch 022/200 | TrainLoss=0.4331 (Cls=0.4062, Cont=5.3770) | Val AUC=0.6463 AUPR=0.5538 F1=0.5953 ACC=0.4770
Epoch 023/200 | TrainLoss=0.4270 (Cls=0.4002, Cont=5.3711) | Val AUC=0.6631 AUPR=0.5720 F1=0.6016 ACC=0.5273
Epoch 024/200 | TrainLoss=0.4240 (Cls=0.3971, Cont=5.3864) | Val AUC=0.6787 AUPR=0.5900 F1=0.6089 ACC=0.5505
Epoch 025/200 | TrainLoss=0.4220 (Cls=0.3953, Cont=5.3567) | Val AUC=0.6919 AUPR=0.6044 F1=0.6164 ACC=0.5565
Epoch 026/200 | TrainLoss=0.4184 (Cls=0.3916, Cont=5.3601) | Val AUC=0.7116 AUPR=0.6295 F1=0.6244 ACC=0.5894
Epoch 027/200 | TrainLoss=0.4148 (Cls=0.3879, Cont=5.3733) | Val AUC=0.7347 AUPR=0.6637 F1=0.6404 ACC=0.6468
Epoch 028/200 | TrainLoss=0.4134 (Cls=0.3865, Cont=5.3739) | Val AUC=0.7562 AUPR=0.6960 F1=0.6506 ACC=0.6520
Epoch 029/200 | TrainLoss=0.4115 (Cls=0.3846, Cont=5.3730) | Val AUC=0.7685 AUPR=0.7140 F1=0.6584 ACC=0.6741
Epoch 030/200 | TrainLoss=0.4098 (Cls=0.3831, Cont=5.3549) | Val AUC=0.7819 AUPR=0.7269 F1=0.6683 ACC=0.6756
Epoch 031/200 | TrainLoss=0.4077 (Cls=0.3809, Cont=5.3569) | Val AUC=0.8050 AUPR=0.7474 F1=0.6886 ACC=0.7009
Epoch 032/200 | TrainLoss=0.4118 (Cls=0.3850, Cont=5.3642) | Val AUC=0.8267 AUPR=0.7713 F1=0.7097 ACC=0.7308
Epoch 033/200 | TrainLoss=0.4100 (Cls=0.3832, Cont=5.3662) | Val AUC=0.8397 AUPR=0.7883 F1=0.7180 ACC=0.7390
Epoch 034/200 | TrainLoss=0.4099 (Cls=0.3831, Cont=5.3598) | Val AUC=0.8460 AUPR=0.7971 F1=0.7258 ACC=0.7537
Epoch 035/200 | TrainLoss=0.4076 (Cls=0.3808, Cont=5.3460) | Val AUC=0.8537 AUPR=0.8062 F1=0.7342 ACC=0.7647
Epoch 036/200 | TrainLoss=0.4059 (Cls=0.3792, Cont=5.3503) | Val AUC=0.8676 AUPR=0.8192 F1=0.7477 ACC=0.7738
Epoch 037/200 | TrainLoss=0.4045 (Cls=0.3777, Cont=5.3508) | Val AUC=0.8768 AUPR=0.8299 F1=0.7596 ACC=0.7950
Epoch 038/200 | TrainLoss=0.4070 (Cls=0.3802, Cont=5.3571) | Val AUC=0.8856 AUPR=0.8422 F1=0.7703 ACC=0.8081
Epoch 039/200 | TrainLoss=0.4001 (Cls=0.3733, Cont=5.3649) | Val AUC=0.8922 AUPR=0.8518 F1=0.7812 ACC=0.8120
Epoch 040/200 | TrainLoss=0.4000 (Cls=0.3732, Cont=5.3585) | Val AUC=0.8988 AUPR=0.8609 F1=0.7896 ACC=0.8190
Epoch 041/200 | TrainLoss=0.4018 (Cls=0.3750, Cont=5.3549) | Val AUC=0.9044 AUPR=0.8676 F1=0.7952 ACC=0.8250
Epoch 042/200 | TrainLoss=0.3981 (Cls=0.3714, Cont=5.3491) | Val AUC=0.9048 AUPR=0.8674 F1=0.7953 ACC=0.8231
Epoch 043/200 | TrainLoss=0.3973 (Cls=0.3705, Cont=5.3535) | Val AUC=0.9052 AUPR=0.8675 F1=0.7955 ACC=0.8212
Epoch 044/200 | TrainLoss=0.3966 (Cls=0.3699, Cont=5.3548) | Val AUC=0.9075 AUPR=0.8702 F1=0.7988 ACC=0.8251
Epoch 045/200 | TrainLoss=0.3953 (Cls=0.3686, Cont=5.3451) | Val AUC=0.9087 AUPR=0.8715 F1=0.8010 ACC=0.8296
Epoch 046/200 | TrainLoss=0.3974 (Cls=0.3707, Cont=5.3482) | Val AUC=0.9104 AUPR=0.8738 F1=0.8023 ACC=0.8257
Epoch 047/200 | TrainLoss=0.3948 (Cls=0.3679, Cont=5.3706) | Val AUC=0.9128 AUPR=0.8775 F1=0.8052 ACC=0.8279
Epoch 048/200 | TrainLoss=0.3955 (Cls=0.3688, Cont=5.3454) | Val AUC=0.9141 AUPR=0.8804 F1=0.8080 ACC=0.8331
Epoch 049/200 | TrainLoss=0.3947 (Cls=0.3679, Cont=5.3555) | Val AUC=0.9137 AUPR=0.8802 F1=0.8076 ACC=0.8342
Epoch 050/200 | TrainLoss=0.3956 (Cls=0.3690, Cont=5.3346) | Val AUC=0.9126 AUPR=0.8782 F1=0.8057 ACC=0.8355
Epoch 051/200 | TrainLoss=0.3925 (Cls=0.3657, Cont=5.3510) | Val AUC=0.9128 AUPR=0.8779 F1=0.8048 ACC=0.8321
Epoch 052/200 | TrainLoss=0.3935 (Cls=0.3667, Cont=5.3619) | Val AUC=0.9133 AUPR=0.8781 F1=0.8054 ACC=0.8287
Epoch 053/200 | TrainLoss=0.3922 (Cls=0.3655, Cont=5.3461) | Val AUC=0.9137 AUPR=0.8788 F1=0.8052 ACC=0.8291
Epoch 054/200 | TrainLoss=0.3913 (Cls=0.3646, Cont=5.3413) | Val AUC=0.9141 AUPR=0.8794 F1=0.8070 ACC=0.8326
Epoch 055/200 | TrainLoss=0.3910 (Cls=0.3643, Cont=5.3405) | Val AUC=0.9147 AUPR=0.8802 F1=0.8059 ACC=0.8326
Epoch 056/200 | TrainLoss=0.3908 (Cls=0.3640, Cont=5.3549) | Val AUC=0.9144 AUPR=0.8796 F1=0.8061 ACC=0.8326
Epoch 057/200 | TrainLoss=0.3900 (Cls=0.3633, Cont=5.3382) | Val AUC=0.9144 AUPR=0.8797 F1=0.8040 ACC=0.8313
Epoch 058/200 | TrainLoss=0.3927 (Cls=0.3660, Cont=5.3495) | Val AUC=0.9159 AUPR=0.8819 F1=0.8067 ACC=0.8351
Epoch 059/200 | TrainLoss=0.3875 (Cls=0.3608, Cont=5.3414) | Val AUC=0.9163 AUPR=0.8828 F1=0.8071 ACC=0.8334
Epoch 060/200 | TrainLoss=0.3883 (Cls=0.3615, Cont=5.3570) | Val AUC=0.9160 AUPR=0.8827 F1=0.8071 ACC=0.8322
Epoch 061/200 | TrainLoss=0.3857 (Cls=0.3590, Cont=5.3455) | Val AUC=0.9154 AUPR=0.8824 F1=0.8072 ACC=0.8330
Epoch 062/200 | TrainLoss=0.3892 (Cls=0.3625, Cont=5.3388) | Val AUC=0.9153 AUPR=0.8824 F1=0.8073 ACC=0.8362
Epoch 063/200 | TrainLoss=0.3883 (Cls=0.3616, Cont=5.3524) | Val AUC=0.9157 AUPR=0.8828 F1=0.8081 ACC=0.8374
Epoch 064/200 | TrainLoss=0.3866 (Cls=0.3599, Cont=5.3318) | Val AUC=0.9164 AUPR=0.8834 F1=0.8086 ACC=0.8389
Epoch 065/200 | TrainLoss=0.3848 (Cls=0.3581, Cont=5.3452) | Val AUC=0.9172 AUPR=0.8844 F1=0.8087 ACC=0.8367
Epoch 066/200 | TrainLoss=0.3846 (Cls=0.3579, Cont=5.3471) | Val AUC=0.9178 AUPR=0.8850 F1=0.8102 ACC=0.8350
Epoch 067/200 | TrainLoss=0.3849 (Cls=0.3582, Cont=5.3435) | Val AUC=0.9178 AUPR=0.8846 F1=0.8105 ACC=0.8370
Epoch 068/200 | TrainLoss=0.3832 (Cls=0.3565, Cont=5.3412) | Val AUC=0.9171 AUPR=0.8838 F1=0.8093 ACC=0.8355
Epoch 069/200 | TrainLoss=0.3819 (Cls=0.3552, Cont=5.3410) | Val AUC=0.9171 AUPR=0.8837 F1=0.8088 ACC=0.8333
Epoch 070/200 | TrainLoss=0.3842 (Cls=0.3575, Cont=5.3433) | Val AUC=0.9174 AUPR=0.8844 F1=0.8099 ACC=0.8364
Epoch 071/200 | TrainLoss=0.3819 (Cls=0.3553, Cont=5.3335) | Val AUC=0.9177 AUPR=0.8847 F1=0.8118 ACC=0.8402
Epoch 072/200 | TrainLoss=0.3825 (Cls=0.3558, Cont=5.3416) | Val AUC=0.9172 AUPR=0.8839 F1=0.8115 ACC=0.8368
Epoch 073/200 | TrainLoss=0.3813 (Cls=0.3546, Cont=5.3429) | Val AUC=0.9167 AUPR=0.8831 F1=0.8096 ACC=0.8347
Epoch 074/200 | TrainLoss=0.3806 (Cls=0.3540, Cont=5.3292) | Val AUC=0.9166 AUPR=0.8831 F1=0.8090 ACC=0.8337
Epoch 075/200 | TrainLoss=0.3812 (Cls=0.3545, Cont=5.3325) | Val AUC=0.9167 AUPR=0.8834 F1=0.8091 ACC=0.8420
Epoch 076/200 | TrainLoss=0.3794 (Cls=0.3528, Cont=5.3390) | Val AUC=0.9171 AUPR=0.8840 F1=0.8094 ACC=0.8385
Epoch 077/200 | TrainLoss=0.3800 (Cls=0.3533, Cont=5.3403) | Val AUC=0.9173 AUPR=0.8841 F1=0.8101 ACC=0.8404
Epoch 078/200 | TrainLoss=0.3810 (Cls=0.3542, Cont=5.3590) | Val AUC=0.9173 AUPR=0.8840 F1=0.8093 ACC=0.8386
Epoch 079/200 | TrainLoss=0.3804 (Cls=0.3536, Cont=5.3645) | Val AUC=0.9176 AUPR=0.8842 F1=0.8106 ACC=0.8414
Epoch 080/200 | TrainLoss=0.3797 (Cls=0.3530, Cont=5.3360) | Val AUC=0.9185 AUPR=0.8853 F1=0.8109 ACC=0.8429
Epoch 081/200 | TrainLoss=0.3785 (Cls=0.3518, Cont=5.3509) | Val AUC=0.9188 AUPR=0.8858 F1=0.8121 ACC=0.8354
Epoch 082/200 | TrainLoss=0.3776 (Cls=0.3509, Cont=5.3442) | Val AUC=0.9191 AUPR=0.8864 F1=0.8136 ACC=0.8395
Epoch 083/200 | TrainLoss=0.3793 (Cls=0.3526, Cont=5.3455) | Val AUC=0.9193 AUPR=0.8870 F1=0.8136 ACC=0.8430
Epoch 084/200 | TrainLoss=0.3771 (Cls=0.3504, Cont=5.3343) | Val AUC=0.9194 AUPR=0.8872 F1=0.8134 ACC=0.8396
Epoch 085/200 | TrainLoss=0.3787 (Cls=0.3520, Cont=5.3446) | Val AUC=0.9196 AUPR=0.8874 F1=0.8129 ACC=0.8381
Epoch 086/200 | TrainLoss=0.3763 (Cls=0.3497, Cont=5.3346) | Val AUC=0.9195 AUPR=0.8873 F1=0.8132 ACC=0.8384
Epoch 087/200 | TrainLoss=0.3768 (Cls=0.3501, Cont=5.3466) | Val AUC=0.9199 AUPR=0.8881 F1=0.8137 ACC=0.8378
Epoch 088/200 | TrainLoss=0.3766 (Cls=0.3499, Cont=5.3390) | Val AUC=0.9203 AUPR=0.8890 F1=0.8144 ACC=0.8386
Epoch 089/200 | TrainLoss=0.3762 (Cls=0.3496, Cont=5.3252) | Val AUC=0.9200 AUPR=0.8886 F1=0.8145 ACC=0.8385
Epoch 090/200 | TrainLoss=0.3758 (Cls=0.3490, Cont=5.3473) | Val AUC=0.9197 AUPR=0.8882 F1=0.8125 ACC=0.8366
Epoch 091/200 | TrainLoss=0.3763 (Cls=0.3496, Cont=5.3480) | Val AUC=0.9190 AUPR=0.8873 F1=0.8117 ACC=0.8374
Epoch 092/200 | TrainLoss=0.3752 (Cls=0.3485, Cont=5.3445) | Val AUC=0.9182 AUPR=0.8862 F1=0.8120 ACC=0.8395
Epoch 093/200 | TrainLoss=0.3762 (Cls=0.3494, Cont=5.3493) | Val AUC=0.9180 AUPR=0.8859 F1=0.8112 ACC=0.8393
Epoch 094/200 | TrainLoss=0.3738 (Cls=0.3472, Cont=5.3269) | Val AUC=0.9187 AUPR=0.8866 F1=0.8123 ACC=0.8396
Epoch 095/200 | TrainLoss=0.3742 (Cls=0.3475, Cont=5.3380) | Val AUC=0.9196 AUPR=0.8876 F1=0.8139 ACC=0.8428
Epoch 096/200 | TrainLoss=0.3745 (Cls=0.3478, Cont=5.3390) | Val AUC=0.9200 AUPR=0.8879 F1=0.8152 ACC=0.8441
Epoch 097/200 | TrainLoss=0.3727 (Cls=0.3461, Cont=5.3255) | Val AUC=0.9199 AUPR=0.8877 F1=0.8147 ACC=0.8391
Epoch 098/200 | TrainLoss=0.3730 (Cls=0.3463, Cont=5.3414) | Val AUC=0.9204 AUPR=0.8885 F1=0.8138 ACC=0.8448
Epoch 099/200 | TrainLoss=0.3736 (Cls=0.3469, Cont=5.3418) | Val AUC=0.9211 AUPR=0.8895 F1=0.8150 ACC=0.8427
Epoch 100/200 | TrainLoss=0.3717 (Cls=0.3451, Cont=5.3357) | Val AUC=0.9212 AUPR=0.8899 F1=0.8151 ACC=0.8456
Epoch 101/200 | TrainLoss=0.3712 (Cls=0.3445, Cont=5.3333) | Val AUC=0.9210 AUPR=0.8897 F1=0.8158 ACC=0.8467
Epoch 102/200 | TrainLoss=0.3714 (Cls=0.3447, Cont=5.3422) | Val AUC=0.9212 AUPR=0.8897 F1=0.8161 ACC=0.8469
Epoch 103/200 | TrainLoss=0.3707 (Cls=0.3440, Cont=5.3316) | Val AUC=0.9216 AUPR=0.8901 F1=0.8166 ACC=0.8442
Epoch 104/200 | TrainLoss=0.3702 (Cls=0.3435, Cont=5.3323) | Val AUC=0.9220 AUPR=0.8905 F1=0.8160 ACC=0.8428
Epoch 105/200 | TrainLoss=0.3684 (Cls=0.3417, Cont=5.3407) | Val AUC=0.9217 AUPR=0.8901 F1=0.8153 ACC=0.8448
Epoch 106/200 | TrainLoss=0.3689 (Cls=0.3421, Cont=5.3459) | Val AUC=0.9212 AUPR=0.8896 F1=0.8140 ACC=0.8438
Epoch 107/200 | TrainLoss=0.3708 (Cls=0.3441, Cont=5.3348) | Val AUC=0.9216 AUPR=0.8907 F1=0.8151 ACC=0.8452
Epoch 108/200 | TrainLoss=0.3685 (Cls=0.3418, Cont=5.3371) | Val AUC=0.9220 AUPR=0.8913 F1=0.8156 ACC=0.8470
Epoch 109/200 | TrainLoss=0.3683 (Cls=0.3416, Cont=5.3425) | Val AUC=0.9224 AUPR=0.8916 F1=0.8178 ACC=0.8438
Epoch 110/200 | TrainLoss=0.3678 (Cls=0.3411, Cont=5.3375) | Val AUC=0.9230 AUPR=0.8922 F1=0.8184 ACC=0.8441
Epoch 111/200 | TrainLoss=0.3669 (Cls=0.3402, Cont=5.3371) | Val AUC=0.9228 AUPR=0.8921 F1=0.8177 ACC=0.8473
Epoch 112/200 | TrainLoss=0.3667 (Cls=0.3400, Cont=5.3391) | Val AUC=0.9230 AUPR=0.8922 F1=0.8180 ACC=0.8454
Epoch 113/200 | TrainLoss=0.3661 (Cls=0.3394, Cont=5.3407) | Val AUC=0.9231 AUPR=0.8923 F1=0.8190 ACC=0.8466
Epoch 114/200 | TrainLoss=0.3667 (Cls=0.3399, Cont=5.3447) | Val AUC=0.9231 AUPR=0.8926 F1=0.8196 ACC=0.8464
Epoch 115/200 | TrainLoss=0.3650 (Cls=0.3383, Cont=5.3353) | Val AUC=0.9230 AUPR=0.8928 F1=0.8190 ACC=0.8480
Epoch 116/200 | TrainLoss=0.3636 (Cls=0.3369, Cont=5.3350) | Val AUC=0.9232 AUPR=0.8930 F1=0.8192 ACC=0.8486
Epoch 117/200 | TrainLoss=0.3651 (Cls=0.3384, Cont=5.3400) | Val AUC=0.9241 AUPR=0.8943 F1=0.8201 ACC=0.8459
Epoch 118/200 | TrainLoss=0.3644 (Cls=0.3377, Cont=5.3407) | Val AUC=0.9249 AUPR=0.8955 F1=0.8198 ACC=0.8444
Epoch 119/200 | TrainLoss=0.3641 (Cls=0.3375, Cont=5.3250) | Val AUC=0.9249 AUPR=0.8954 F1=0.8207 ACC=0.8509
Epoch 120/200 | TrainLoss=0.3618 (Cls=0.3352, Cont=5.3259) | Val AUC=0.9247 AUPR=0.8950 F1=0.8186 ACC=0.8434
Epoch 121/200 | TrainLoss=0.3634 (Cls=0.3367, Cont=5.3479) | Val AUC=0.9249 AUPR=0.8952 F1=0.8194 ACC=0.8464
Epoch 122/200 | TrainLoss=0.3620 (Cls=0.3352, Cont=5.3420) | Val AUC=0.9252 AUPR=0.8956 F1=0.8221 ACC=0.8500
Epoch 123/200 | TrainLoss=0.3609 (Cls=0.3342, Cont=5.3380) | Val AUC=0.9254 AUPR=0.8961 F1=0.8223 ACC=0.8490
Epoch 124/200 | TrainLoss=0.3602 (Cls=0.3335, Cont=5.3329) | Val AUC=0.9256 AUPR=0.8966 F1=0.8217 ACC=0.8492
Epoch 125/200 | TrainLoss=0.3583 (Cls=0.3317, Cont=5.3140) | Val AUC=0.9254 AUPR=0.8964 F1=0.8214 ACC=0.8508
Epoch 126/200 | TrainLoss=0.3595 (Cls=0.3328, Cont=5.3320) | Val AUC=0.9254 AUPR=0.8960 F1=0.8211 ACC=0.8454
Epoch 127/200 | TrainLoss=0.3599 (Cls=0.3332, Cont=5.3299) | Val AUC=0.9255 AUPR=0.8957 F1=0.8214 ACC=0.8470
Epoch 128/200 | TrainLoss=0.3594 (Cls=0.3328, Cont=5.3207) | Val AUC=0.9255 AUPR=0.8956 F1=0.8223 ACC=0.8506
Epoch 129/200 | TrainLoss=0.3602 (Cls=0.3336, Cont=5.3271) | Val AUC=0.9260 AUPR=0.8965 F1=0.8221 ACC=0.8522
Epoch 130/200 | TrainLoss=0.3588 (Cls=0.3322, Cont=5.3093) | Val AUC=0.9262 AUPR=0.8971 F1=0.8212 ACC=0.8521
Epoch 131/200 | TrainLoss=0.3586 (Cls=0.3321, Cont=5.3098) | Val AUC=0.9259 AUPR=0.8967 F1=0.8202 ACC=0.8501
Epoch 132/200 | TrainLoss=0.3581 (Cls=0.3314, Cont=5.3353) | Val AUC=0.9254 AUPR=0.8962 F1=0.8194 ACC=0.8459
Epoch 133/200 | TrainLoss=0.3578 (Cls=0.3312, Cont=5.3303) | Val AUC=0.9258 AUPR=0.8971 F1=0.8196 ACC=0.8489
Epoch 134/200 | TrainLoss=0.3559 (Cls=0.3293, Cont=5.3201) | Val AUC=0.9258 AUPR=0.8975 F1=0.8192 ACC=0.8513
Epoch 135/200 | TrainLoss=0.3570 (Cls=0.3304, Cont=5.3246) | Val AUC=0.9259 AUPR=0.8978 F1=0.8209 ACC=0.8496
Epoch 136/200 | TrainLoss=0.3557 (Cls=0.3290, Cont=5.3379) | Val AUC=0.9255 AUPR=0.8974 F1=0.8207 ACC=0.8507
Epoch 137/200 | TrainLoss=0.3562 (Cls=0.3295, Cont=5.3283) | Val AUC=0.9258 AUPR=0.8976 F1=0.8202 ACC=0.8485
Epoch 138/200 | TrainLoss=0.3549 (Cls=0.3283, Cont=5.3094) | Val AUC=0.9261 AUPR=0.8980 F1=0.8217 ACC=0.8516
Epoch 139/200 | TrainLoss=0.3551 (Cls=0.3285, Cont=5.3223) | Val AUC=0.9262 AUPR=0.8979 F1=0.8208 ACC=0.8519
Epoch 140/200 | TrainLoss=0.3533 (Cls=0.3267, Cont=5.3128) | Val AUC=0.9263 AUPR=0.8980 F1=0.8214 ACC=0.8474
Epoch 141/200 | TrainLoss=0.3551 (Cls=0.3285, Cont=5.3230) | Val AUC=0.9271 AUPR=0.8994 F1=0.8223 ACC=0.8501
Epoch 142/200 | TrainLoss=0.3537 (Cls=0.3271, Cont=5.3253) | Val AUC=0.9272 AUPR=0.8997 F1=0.8226 ACC=0.8512
Epoch 143/200 | TrainLoss=0.3547 (Cls=0.3281, Cont=5.3121) | Val AUC=0.9272 AUPR=0.8998 F1=0.8225 ACC=0.8509
Epoch 144/200 | TrainLoss=0.3537 (Cls=0.3271, Cont=5.3258) | Val AUC=0.9269 AUPR=0.8995 F1=0.8207 ACC=0.8452
Epoch 145/200 | TrainLoss=0.3544 (Cls=0.3278, Cont=5.3167) | Val AUC=0.9275 AUPR=0.9000 F1=0.8215 ACC=0.8490
Epoch 146/200 | TrainLoss=0.3526 (Cls=0.3260, Cont=5.3261) | Val AUC=0.9278 AUPR=0.9004 F1=0.8230 ACC=0.8526
Epoch 147/200 | TrainLoss=0.3527 (Cls=0.3262, Cont=5.3064) | Val AUC=0.9278 AUPR=0.9006 F1=0.8238 ACC=0.8536
Epoch 148/200 | TrainLoss=0.3534 (Cls=0.3268, Cont=5.3181) | Val AUC=0.9277 AUPR=0.9005 F1=0.8236 ACC=0.8516
Epoch 149/200 | TrainLoss=0.3519 (Cls=0.3253, Cont=5.3234) | Val AUC=0.9279 AUPR=0.9006 F1=0.8225 ACC=0.8478
Epoch 150/200 | TrainLoss=0.3531 (Cls=0.3265, Cont=5.3203) | Val AUC=0.9283 AUPR=0.9011 F1=0.8230 ACC=0.8530
Epoch 151/200 | TrainLoss=0.3519 (Cls=0.3253, Cont=5.3181) | Val AUC=0.9281 AUPR=0.9009 F1=0.8225 ACC=0.8492
Epoch 152/200 | TrainLoss=0.3520 (Cls=0.3254, Cont=5.3164) | Val AUC=0.9280 AUPR=0.9011 F1=0.8217 ACC=0.8508
Epoch 153/200 | TrainLoss=0.3522 (Cls=0.3256, Cont=5.3221) | Val AUC=0.9275 AUPR=0.9007 F1=0.8227 ACC=0.8472
Epoch 154/200 | TrainLoss=0.3521 (Cls=0.3255, Cont=5.3308) | Val AUC=0.9271 AUPR=0.9002 F1=0.8225 ACC=0.8495
Epoch 155/200 | TrainLoss=0.3515 (Cls=0.3250, Cont=5.3147) | Val AUC=0.9274 AUPR=0.9002 F1=0.8226 ACC=0.8501
Epoch 156/200 | TrainLoss=0.3514 (Cls=0.3248, Cont=5.3334) | Val AUC=0.9273 AUPR=0.8999 F1=0.8233 ACC=0.8512
Epoch 157/200 | TrainLoss=0.3507 (Cls=0.3241, Cont=5.3313) | Val AUC=0.9265 AUPR=0.8986 F1=0.8224 ACC=0.8507
Epoch 158/200 | TrainLoss=0.3509 (Cls=0.3243, Cont=5.3228) | Val AUC=0.9272 AUPR=0.8997 F1=0.8239 ACC=0.8523
Epoch 159/200 | TrainLoss=0.3500 (Cls=0.3233, Cont=5.3278) | Val AUC=0.9276 AUPR=0.9006 F1=0.8229 ACC=0.8513
Epoch 160/200 | TrainLoss=0.3512 (Cls=0.3245, Cont=5.3340) | Val AUC=0.9282 AUPR=0.9017 F1=0.8247 ACC=0.8554
Epoch 161/200 | TrainLoss=0.3509 (Cls=0.3242, Cont=5.3325) | Val AUC=0.9273 AUPR=0.9008 F1=0.8238 ACC=0.8528
Epoch 162/200 | TrainLoss=0.3498 (Cls=0.3232, Cont=5.3240) | Val AUC=0.9273 AUPR=0.9007 F1=0.8241 ACC=0.8522
Epoch 163/200 | TrainLoss=0.3501 (Cls=0.3235, Cont=5.3257) | Val AUC=0.9279 AUPR=0.9009 F1=0.8251 ACC=0.8533
Epoch 164/200 | TrainLoss=0.3490 (Cls=0.3225, Cont=5.3117) | Val AUC=0.9277 AUPR=0.9004 F1=0.8246 ACC=0.8543
Epoch 165/200 | TrainLoss=0.3501 (Cls=0.3235, Cont=5.3207) | Val AUC=0.9280 AUPR=0.9009 F1=0.8244 ACC=0.8533
Epoch 166/200 | TrainLoss=0.3502 (Cls=0.3236, Cont=5.3225) | Val AUC=0.9277 AUPR=0.9005 F1=0.8236 ACC=0.8528
Epoch 167/200 | TrainLoss=0.3493 (Cls=0.3227, Cont=5.3197) | Val AUC=0.9279 AUPR=0.9011 F1=0.8247 ACC=0.8526
Epoch 168/200 | TrainLoss=0.3486 (Cls=0.3221, Cont=5.3009) | Val AUC=0.9279 AUPR=0.9012 F1=0.8246 ACC=0.8530
Epoch 169/200 | TrainLoss=0.3477 (Cls=0.3211, Cont=5.3184) | Val AUC=0.9271 AUPR=0.9001 F1=0.8233 ACC=0.8518
Epoch 170/200 | TrainLoss=0.3487 (Cls=0.3221, Cont=5.3159) | Val AUC=0.9273 AUPR=0.9004 F1=0.8227 ACC=0.8490
Epoch 171/200 | TrainLoss=0.3479 (Cls=0.3214, Cont=5.3113) | Val AUC=0.9281 AUPR=0.9014 F1=0.8236 ACC=0.8528
Epoch 172/200 | TrainLoss=0.3489 (Cls=0.3223, Cont=5.3152) | Val AUC=0.9282 AUPR=0.9013 F1=0.8239 ACC=0.8504
Epoch 173/200 | TrainLoss=0.3484 (Cls=0.3218, Cont=5.3140) | Val AUC=0.9282 AUPR=0.9013 F1=0.8262 ACC=0.8510
Epoch 174/200 | TrainLoss=0.3473 (Cls=0.3206, Cont=5.3398) | Val AUC=0.9278 AUPR=0.9006 F1=0.8265 ACC=0.8521
Epoch 175/200 | TrainLoss=0.3477 (Cls=0.3211, Cont=5.3175) | Val AUC=0.9276 AUPR=0.9007 F1=0.8243 ACC=0.8506
Epoch 176/200 | TrainLoss=0.3485 (Cls=0.3219, Cont=5.3082) | Val AUC=0.9275 AUPR=0.9007 F1=0.8239 ACC=0.8512
Epoch 177/200 | TrainLoss=0.3473 (Cls=0.3207, Cont=5.3153) | Val AUC=0.9270 AUPR=0.9002 F1=0.8227 ACC=0.8489
Epoch 178/200 | TrainLoss=0.3485 (Cls=0.3219, Cont=5.3146) | Val AUC=0.9277 AUPR=0.9011 F1=0.8227 ACC=0.8540
Epoch 179/200 | TrainLoss=0.3462 (Cls=0.3196, Cont=5.3125) | Val AUC=0.9282 AUPR=0.9014 F1=0.8244 ACC=0.8517
Epoch 180/200 | TrainLoss=0.3471 (Cls=0.3204, Cont=5.3215) | Val AUC=0.9279 AUPR=0.9007 F1=0.8243 ACC=0.8501
Epoch 181/200 | TrainLoss=0.3476 (Cls=0.3209, Cont=5.3322) | Val AUC=0.9280 AUPR=0.9010 F1=0.8239 ACC=0.8512
Epoch 182/200 | TrainLoss=0.3466 (Cls=0.3200, Cont=5.3185) | Val AUC=0.9283 AUPR=0.9018 F1=0.8250 ACC=0.8494
Epoch 183/200 | TrainLoss=0.3466 (Cls=0.3200, Cont=5.3299) | Val AUC=0.9284 AUPR=0.9019 F1=0.8235 ACC=0.8480
Epoch 184/200 | TrainLoss=0.3465 (Cls=0.3199, Cont=5.3058) | Val AUC=0.9282 AUPR=0.9016 F1=0.8241 ACC=0.8484
Epoch 185/200 | TrainLoss=0.3457 (Cls=0.3191, Cont=5.3335) | Val AUC=0.9274 AUPR=0.9004 F1=0.8238 ACC=0.8477
Epoch 186/200 | TrainLoss=0.3481 (Cls=0.3215, Cont=5.3273) | Val AUC=0.9277 AUPR=0.9009 F1=0.8231 ACC=0.8512
Epoch 187/200 | TrainLoss=0.3471 (Cls=0.3206, Cont=5.3083) | Val AUC=0.9276 AUPR=0.9009 F1=0.8219 ACC=0.8498
Epoch 188/200 | TrainLoss=0.3454 (Cls=0.3189, Cont=5.3073) | Val AUC=0.9274 AUPR=0.9008 F1=0.8220 ACC=0.8486
Epoch 189/200 | TrainLoss=0.3465 (Cls=0.3200, Cont=5.3137) | Val AUC=0.9273 AUPR=0.9007 F1=0.8229 ACC=0.8469
Epoch 190/200 | TrainLoss=0.3455 (Cls=0.3189, Cont=5.3205) | Val AUC=0.9269 AUPR=0.9002 F1=0.8226 ACC=0.8484
Epoch 191/200 | TrainLoss=0.3460 (Cls=0.3194, Cont=5.3211) | Val AUC=0.9270 AUPR=0.9002 F1=0.8239 ACC=0.8504
Epoch 192/200 | TrainLoss=0.3454 (Cls=0.3188, Cont=5.3199) | Val AUC=0.9275 AUPR=0.9005 F1=0.8248 ACC=0.8522
Epoch 193/200 | TrainLoss=0.3439 (Cls=0.3173, Cont=5.3199) | Val AUC=0.9276 AUPR=0.9004 F1=0.8249 ACC=0.8520
Epoch 194/200 | TrainLoss=0.3448 (Cls=0.3182, Cont=5.3136) | Val AUC=0.9274 AUPR=0.8999 F1=0.8242 ACC=0.8513
Epoch 195/200 | TrainLoss=0.3469 (Cls=0.3204, Cont=5.3160) | Val AUC=0.9276 AUPR=0.9003 F1=0.8224 ACC=0.8488
Epoch 196/200 | TrainLoss=0.3451 (Cls=0.3185, Cont=5.3115) | Val AUC=0.9280 AUPR=0.9011 F1=0.8228 ACC=0.8486
Epoch 197/200 | TrainLoss=0.3451 (Cls=0.3186, Cont=5.3008) | Val AUC=0.9285 AUPR=0.9018 F1=0.8242 ACC=0.8515
Epoch 198/200 | TrainLoss=0.3450 (Cls=0.3184, Cont=5.3143) | Val AUC=0.9284 AUPR=0.9019 F1=0.8251 ACC=0.8521
Epoch 199/200 | TrainLoss=0.3439 (Cls=0.3174, Cont=5.2994) | Val AUC=0.9282 AUPR=0.9017 F1=0.8254 ACC=0.8512
Epoch 200/200 | TrainLoss=0.3454 (Cls=0.3188, Cont=5.3287) | Val AUC=0.9279 AUPR=0.9011 F1=0.8250 ACC=0.8536
Fold 3 complete | Best Val AUC=0.9285 | Test AUC=0.9266 AUPR=0.8993 F1=0.8164 ACC=0.8453

================================================================================
Fold 4/5
================================================================================
Epoch 001/200 | TrainLoss=0.6785 (Cls=0.6785, Cont=0.0000) | Val AUC=0.5562 AUPR=0.4577 F1=0.5782 ACC=0.4096
Epoch 002/200 | TrainLoss=0.6874 (Cls=0.6874, Cont=0.0000) | Val AUC=0.5707 AUPR=0.4662 F1=0.5805 ACC=0.4250
Epoch 003/200 | TrainLoss=0.6564 (Cls=0.6564, Cont=0.0000) | Val AUC=0.5786 AUPR=0.4734 F1=0.5813 ACC=0.4320
Epoch 004/200 | TrainLoss=0.6457 (Cls=0.6457, Cont=0.0000) | Val AUC=0.5857 AUPR=0.4805 F1=0.5832 ACC=0.4491
Epoch 005/200 | TrainLoss=0.6180 (Cls=0.6180, Cont=0.0000) | Val AUC=0.5902 AUPR=0.4808 F1=0.5837 ACC=0.4653
Epoch 006/200 | TrainLoss=0.5889 (Cls=0.5889, Cont=0.0000) | Val AUC=0.5939 AUPR=0.4842 F1=0.5839 ACC=0.4626
Epoch 007/200 | TrainLoss=0.5507 (Cls=0.5507, Cont=0.0000) | Val AUC=0.5935 AUPR=0.4890 F1=0.5828 ACC=0.4561
Epoch 008/200 | TrainLoss=0.5187 (Cls=0.5187, Cont=0.0000) | Val AUC=0.5942 AUPR=0.4921 F1=0.5813 ACC=0.4463
Epoch 009/200 | TrainLoss=0.4941 (Cls=0.4941, Cont=0.0000) | Val AUC=0.5937 AUPR=0.4900 F1=0.5815 ACC=0.4369
Epoch 010/200 | TrainLoss=0.4664 (Cls=0.4664, Cont=0.0000) | Val AUC=0.5941 AUPR=0.4889 F1=0.5819 ACC=0.4387
Epoch 011/200 | TrainLoss=0.4877 (Cls=0.4558, Cont=6.3826) | Val AUC=0.5971 AUPR=0.4920 F1=0.5817 ACC=0.4326
Epoch 012/200 | TrainLoss=0.4718 (Cls=0.4436, Cont=5.6321) | Val AUC=0.6002 AUPR=0.4959 F1=0.5822 ACC=0.4449
Epoch 013/200 | TrainLoss=0.4721 (Cls=0.4447, Cont=5.4737) | Val AUC=0.6022 AUPR=0.4991 F1=0.5820 ACC=0.4840
Epoch 014/200 | TrainLoss=0.4585 (Cls=0.4313, Cont=5.4444) | Val AUC=0.6089 AUPR=0.5073 F1=0.5820 ACC=0.4895
Epoch 015/200 | TrainLoss=0.4517 (Cls=0.4246, Cont=5.4267) | Val AUC=0.6096 AUPR=0.5090 F1=0.5814 ACC=0.4724
Epoch 016/200 | TrainLoss=0.4500 (Cls=0.4229, Cont=5.4216) | Val AUC=0.6082 AUPR=0.5091 F1=0.5806 ACC=0.4592
Epoch 017/200 | TrainLoss=0.4402 (Cls=0.4132, Cont=5.4118) | Val AUC=0.6140 AUPR=0.5156 F1=0.5832 ACC=0.4709
Epoch 018/200 | TrainLoss=0.4350 (Cls=0.4079, Cont=5.4051) | Val AUC=0.6177 AUPR=0.5216 F1=0.5829 ACC=0.4734
Epoch 019/200 | TrainLoss=0.4276 (Cls=0.4006, Cont=5.4017) | Val AUC=0.6253 AUPR=0.5325 F1=0.5844 ACC=0.4857
Epoch 020/200 | TrainLoss=0.4240 (Cls=0.3970, Cont=5.3950) | Val AUC=0.6328 AUPR=0.5405 F1=0.5865 ACC=0.4821
Epoch 021/200 | TrainLoss=0.4174 (Cls=0.3905, Cont=5.3853) | Val AUC=0.6378 AUPR=0.5474 F1=0.5907 ACC=0.5249
Epoch 022/200 | TrainLoss=0.4257 (Cls=0.3988, Cont=5.3824) | Val AUC=0.6467 AUPR=0.5617 F1=0.5938 ACC=0.5249
Epoch 023/200 | TrainLoss=0.4237 (Cls=0.3968, Cont=5.3642) | Val AUC=0.6516 AUPR=0.5705 F1=0.5937 ACC=0.5196
Epoch 024/200 | TrainLoss=0.4171 (Cls=0.3902, Cont=5.3744) | Val AUC=0.6633 AUPR=0.5835 F1=0.5957 ACC=0.5438
Epoch 025/200 | TrainLoss=0.4193 (Cls=0.3925, Cont=5.3583) | Val AUC=0.6890 AUPR=0.6098 F1=0.6094 ACC=0.5967
Epoch 026/200 | TrainLoss=0.4185 (Cls=0.3916, Cont=5.3747) | Val AUC=0.7071 AUPR=0.6321 F1=0.6170 ACC=0.6045
Epoch 027/200 | TrainLoss=0.4155 (Cls=0.3886, Cont=5.3698) | Val AUC=0.7208 AUPR=0.6471 F1=0.6280 ACC=0.6006
Epoch 028/200 | TrainLoss=0.4119 (Cls=0.3850, Cont=5.3763) | Val AUC=0.7398 AUPR=0.6704 F1=0.6410 ACC=0.6329
Epoch 029/200 | TrainLoss=0.4148 (Cls=0.3879, Cont=5.3670) | Val AUC=0.7694 AUPR=0.7089 F1=0.6600 ACC=0.6643
Epoch 030/200 | TrainLoss=0.4115 (Cls=0.3847, Cont=5.3640) | Val AUC=0.7974 AUPR=0.7460 F1=0.6809 ACC=0.7171
Epoch 031/200 | TrainLoss=0.4124 (Cls=0.3855, Cont=5.3624) | Val AUC=0.8083 AUPR=0.7600 F1=0.6922 ACC=0.7182
Epoch 032/200 | TrainLoss=0.4062 (Cls=0.3795, Cont=5.3507) | Val AUC=0.8189 AUPR=0.7719 F1=0.7024 ACC=0.7335
Epoch 033/200 | TrainLoss=0.4055 (Cls=0.3788, Cont=5.3546) | Val AUC=0.8300 AUPR=0.7827 F1=0.7125 ACC=0.7449
Epoch 034/200 | TrainLoss=0.4044 (Cls=0.3777, Cont=5.3401) | Val AUC=0.8441 AUPR=0.7967 F1=0.7239 ACC=0.7578
Epoch 035/200 | TrainLoss=0.4042 (Cls=0.3774, Cont=5.3566) | Val AUC=0.8613 AUPR=0.8187 F1=0.7453 ACC=0.7792
Epoch 036/200 | TrainLoss=0.4036 (Cls=0.3768, Cont=5.3620) | Val AUC=0.8759 AUPR=0.8362 F1=0.7621 ACC=0.7919
Epoch 037/200 | TrainLoss=0.4027 (Cls=0.3760, Cont=5.3508) | Val AUC=0.8851 AUPR=0.8454 F1=0.7729 ACC=0.8016
Epoch 038/200 | TrainLoss=0.4018 (Cls=0.3750, Cont=5.3520) | Val AUC=0.8910 AUPR=0.8512 F1=0.7793 ACC=0.8078
Epoch 039/200 | TrainLoss=0.3997 (Cls=0.3730, Cont=5.3495) | Val AUC=0.8985 AUPR=0.8606 F1=0.7886 ACC=0.8204
Epoch 040/200 | TrainLoss=0.3989 (Cls=0.3721, Cont=5.3671) | Val AUC=0.9033 AUPR=0.8662 F1=0.7946 ACC=0.8245
Epoch 041/200 | TrainLoss=0.3997 (Cls=0.3730, Cont=5.3520) | Val AUC=0.9049 AUPR=0.8684 F1=0.7938 ACC=0.8238
Epoch 042/200 | TrainLoss=0.3963 (Cls=0.3695, Cont=5.3590) | Val AUC=0.9051 AUPR=0.8694 F1=0.7936 ACC=0.8247
Epoch 043/200 | TrainLoss=0.3949 (Cls=0.3681, Cont=5.3612) | Val AUC=0.9071 AUPR=0.8719 F1=0.7971 ACC=0.8239
Epoch 044/200 | TrainLoss=0.3940 (Cls=0.3673, Cont=5.3377) | Val AUC=0.9101 AUPR=0.8759 F1=0.7992 ACC=0.8286
Epoch 045/200 | TrainLoss=0.3957 (Cls=0.3690, Cont=5.3446) | Val AUC=0.9108 AUPR=0.8770 F1=0.7998 ACC=0.8261
Epoch 046/200 | TrainLoss=0.3950 (Cls=0.3683, Cont=5.3440) | Val AUC=0.9105 AUPR=0.8776 F1=0.7990 ACC=0.8272
Epoch 047/200 | TrainLoss=0.3968 (Cls=0.3700, Cont=5.3534) | Val AUC=0.9104 AUPR=0.8772 F1=0.7988 ACC=0.8255
Epoch 048/200 | TrainLoss=0.3910 (Cls=0.3643, Cont=5.3491) | Val AUC=0.9116 AUPR=0.8778 F1=0.8020 ACC=0.8294
Epoch 049/200 | TrainLoss=0.3941 (Cls=0.3673, Cont=5.3611) | Val AUC=0.9127 AUPR=0.8784 F1=0.8034 ACC=0.8282
Epoch 050/200 | TrainLoss=0.3908 (Cls=0.3641, Cont=5.3446) | Val AUC=0.9129 AUPR=0.8789 F1=0.8037 ACC=0.8307
Epoch 051/200 | TrainLoss=0.3912 (Cls=0.3645, Cont=5.3485) | Val AUC=0.9127 AUPR=0.8792 F1=0.8026 ACC=0.8291
Epoch 052/200 | TrainLoss=0.3946 (Cls=0.3678, Cont=5.3525) | Val AUC=0.9129 AUPR=0.8802 F1=0.8026 ACC=0.8378
Epoch 053/200 | TrainLoss=0.3906 (Cls=0.3638, Cont=5.3474) | Val AUC=0.9136 AUPR=0.8810 F1=0.8028 ACC=0.8281
Epoch 054/200 | TrainLoss=0.3882 (Cls=0.3614, Cont=5.3458) | Val AUC=0.9134 AUPR=0.8801 F1=0.8034 ACC=0.8328
Epoch 055/200 | TrainLoss=0.3882 (Cls=0.3615, Cont=5.3438) | Val AUC=0.9136 AUPR=0.8794 F1=0.8022 ACC=0.8289
Epoch 056/200 | TrainLoss=0.3880 (Cls=0.3613, Cont=5.3470) | Val AUC=0.9138 AUPR=0.8793 F1=0.8020 ACC=0.8282
Epoch 057/200 | TrainLoss=0.3886 (Cls=0.3619, Cont=5.3429) | Val AUC=0.9139 AUPR=0.8804 F1=0.8032 ACC=0.8273
Epoch 058/200 | TrainLoss=0.3895 (Cls=0.3627, Cont=5.3492) | Val AUC=0.9134 AUPR=0.8809 F1=0.8045 ACC=0.8294
Epoch 059/200 | TrainLoss=0.3862 (Cls=0.3595, Cont=5.3458) | Val AUC=0.9125 AUPR=0.8800 F1=0.8035 ACC=0.8309
Epoch 060/200 | TrainLoss=0.3875 (Cls=0.3608, Cont=5.3404) | Val AUC=0.9123 AUPR=0.8789 F1=0.8031 ACC=0.8278
Epoch 061/200 | TrainLoss=0.3864 (Cls=0.3596, Cont=5.3476) | Val AUC=0.9125 AUPR=0.8787 F1=0.8045 ACC=0.8294
Epoch 062/200 | TrainLoss=0.3869 (Cls=0.3602, Cont=5.3519) | Val AUC=0.9137 AUPR=0.8801 F1=0.8023 ACC=0.8268
Epoch 063/200 | TrainLoss=0.3852 (Cls=0.3585, Cont=5.3449) | Val AUC=0.9136 AUPR=0.8799 F1=0.8011 ACC=0.8284
Epoch 064/200 | TrainLoss=0.3854 (Cls=0.3587, Cont=5.3396) | Val AUC=0.9140 AUPR=0.8810 F1=0.8034 ACC=0.8298
Epoch 065/200 | TrainLoss=0.3849 (Cls=0.3582, Cont=5.3428) | Val AUC=0.9146 AUPR=0.8828 F1=0.8049 ACC=0.8331
Epoch 066/200 | TrainLoss=0.3855 (Cls=0.3587, Cont=5.3623) | Val AUC=0.9151 AUPR=0.8841 F1=0.8047 ACC=0.8327
Epoch 067/200 | TrainLoss=0.3833 (Cls=0.3566, Cont=5.3522) | Val AUC=0.9154 AUPR=0.8846 F1=0.8037 ACC=0.8315
Epoch 068/200 | TrainLoss=0.3836 (Cls=0.3569, Cont=5.3393) | Val AUC=0.9154 AUPR=0.8843 F1=0.8033 ACC=0.8289
Epoch 069/200 | TrainLoss=0.3823 (Cls=0.3556, Cont=5.3373) | Val AUC=0.9154 AUPR=0.8837 F1=0.8026 ACC=0.8309
Epoch 070/200 | TrainLoss=0.3833 (Cls=0.3565, Cont=5.3487) | Val AUC=0.9156 AUPR=0.8837 F1=0.8024 ACC=0.8311
Epoch 071/200 | TrainLoss=0.3811 (Cls=0.3544, Cont=5.3491) | Val AUC=0.9154 AUPR=0.8829 F1=0.8034 ACC=0.8297
Epoch 072/200 | TrainLoss=0.3830 (Cls=0.3563, Cont=5.3437) | Val AUC=0.9157 AUPR=0.8835 F1=0.8028 ACC=0.8336
Epoch 073/200 | TrainLoss=0.3821 (Cls=0.3553, Cont=5.3545) | Val AUC=0.9162 AUPR=0.8847 F1=0.8043 ACC=0.8333
Epoch 074/200 | TrainLoss=0.3819 (Cls=0.3552, Cont=5.3441) | Val AUC=0.9163 AUPR=0.8849 F1=0.8049 ACC=0.8341
Epoch 075/200 | TrainLoss=0.3811 (Cls=0.3543, Cont=5.3501) | Val AUC=0.9161 AUPR=0.8847 F1=0.8052 ACC=0.8361
Epoch 076/200 | TrainLoss=0.3796 (Cls=0.3529, Cont=5.3407) | Val AUC=0.9156 AUPR=0.8844 F1=0.8041 ACC=0.8342
Epoch 077/200 | TrainLoss=0.3816 (Cls=0.3549, Cont=5.3374) | Val AUC=0.9149 AUPR=0.8833 F1=0.8023 ACC=0.8307
Epoch 078/200 | TrainLoss=0.3815 (Cls=0.3548, Cont=5.3369) | Val AUC=0.9152 AUPR=0.8836 F1=0.8017 ACC=0.8335
Epoch 079/200 | TrainLoss=0.3818 (Cls=0.3550, Cont=5.3473) | Val AUC=0.9157 AUPR=0.8842 F1=0.8039 ACC=0.8343
Epoch 080/200 | TrainLoss=0.3806 (Cls=0.3538, Cont=5.3580) | Val AUC=0.9156 AUPR=0.8835 F1=0.8045 ACC=0.8359
Epoch 081/200 | TrainLoss=0.3796 (Cls=0.3530, Cont=5.3316) | Val AUC=0.9153 AUPR=0.8825 F1=0.8030 ACC=0.8342
Epoch 082/200 | TrainLoss=0.3797 (Cls=0.3529, Cont=5.3643) | Val AUC=0.9148 AUPR=0.8814 F1=0.8030 ACC=0.8370
Epoch 083/200 | TrainLoss=0.3808 (Cls=0.3541, Cont=5.3478) | Val AUC=0.9143 AUPR=0.8813 F1=0.8028 ACC=0.8351
Epoch 084/200 | TrainLoss=0.3774 (Cls=0.3507, Cont=5.3423) | Val AUC=0.9151 AUPR=0.8830 F1=0.8024 ACC=0.8323
Epoch 085/200 | TrainLoss=0.3779 (Cls=0.3512, Cont=5.3363) | Val AUC=0.9163 AUPR=0.8847 F1=0.8045 ACC=0.8318
Epoch 086/200 | TrainLoss=0.3781 (Cls=0.3514, Cont=5.3485) | Val AUC=0.9169 AUPR=0.8855 F1=0.8054 ACC=0.8351
Epoch 087/200 | TrainLoss=0.3777 (Cls=0.3510, Cont=5.3335) | Val AUC=0.9171 AUPR=0.8857 F1=0.8050 ACC=0.8363
Epoch 088/200 | TrainLoss=0.3777 (Cls=0.3510, Cont=5.3405) | Val AUC=0.9170 AUPR=0.8857 F1=0.8039 ACC=0.8312
Epoch 089/200 | TrainLoss=0.3766 (Cls=0.3500, Cont=5.3302) | Val AUC=0.9172 AUPR=0.8861 F1=0.8039 ACC=0.8357
Epoch 090/200 | TrainLoss=0.3776 (Cls=0.3510, Cont=5.3306) | Val AUC=0.9174 AUPR=0.8865 F1=0.8045 ACC=0.8394
Epoch 091/200 | TrainLoss=0.3770 (Cls=0.3502, Cont=5.3467) | Val AUC=0.9172 AUPR=0.8863 F1=0.8056 ACC=0.8370
Epoch 092/200 | TrainLoss=0.3765 (Cls=0.3499, Cont=5.3315) | Val AUC=0.9173 AUPR=0.8865 F1=0.8055 ACC=0.8377
Epoch 093/200 | TrainLoss=0.3780 (Cls=0.3512, Cont=5.3528) | Val AUC=0.9177 AUPR=0.8872 F1=0.8063 ACC=0.8370
Epoch 094/200 | TrainLoss=0.3762 (Cls=0.3496, Cont=5.3307) | Val AUC=0.9180 AUPR=0.8875 F1=0.8059 ACC=0.8390
Epoch 095/200 | TrainLoss=0.3755 (Cls=0.3489, Cont=5.3349) | Val AUC=0.9181 AUPR=0.8873 F1=0.8069 ACC=0.8375
Epoch 096/200 | TrainLoss=0.3752 (Cls=0.3485, Cont=5.3376) | Val AUC=0.9179 AUPR=0.8870 F1=0.8065 ACC=0.8360
Epoch 097/200 | TrainLoss=0.3754 (Cls=0.3487, Cont=5.3427) | Val AUC=0.9177 AUPR=0.8869 F1=0.8071 ACC=0.8386
Epoch 098/200 | TrainLoss=0.3758 (Cls=0.3490, Cont=5.3434) | Val AUC=0.9175 AUPR=0.8867 F1=0.8080 ACC=0.8378
Epoch 099/200 | TrainLoss=0.3755 (Cls=0.3487, Cont=5.3432) | Val AUC=0.9175 AUPR=0.8866 F1=0.8089 ACC=0.8395
Epoch 100/200 | TrainLoss=0.3753 (Cls=0.3485, Cont=5.3448) | Val AUC=0.9179 AUPR=0.8872 F1=0.8088 ACC=0.8374
Epoch 101/200 | TrainLoss=0.3749 (Cls=0.3483, Cont=5.3308) | Val AUC=0.9182 AUPR=0.8875 F1=0.8078 ACC=0.8390
Epoch 102/200 | TrainLoss=0.3743 (Cls=0.3475, Cont=5.3600) | Val AUC=0.9183 AUPR=0.8874 F1=0.8065 ACC=0.8362
Epoch 103/200 | TrainLoss=0.3745 (Cls=0.3478, Cont=5.3450) | Val AUC=0.9183 AUPR=0.8874 F1=0.8075 ACC=0.8405
Epoch 104/200 | TrainLoss=0.3747 (Cls=0.3480, Cont=5.3367) | Val AUC=0.9188 AUPR=0.8883 F1=0.8076 ACC=0.8390
Epoch 105/200 | TrainLoss=0.3745 (Cls=0.3478, Cont=5.3453) | Val AUC=0.9191 AUPR=0.8888 F1=0.8078 ACC=0.8395
Epoch 106/200 | TrainLoss=0.3734 (Cls=0.3467, Cont=5.3467) | Val AUC=0.9191 AUPR=0.8888 F1=0.8102 ACC=0.8385
Epoch 107/200 | TrainLoss=0.3733 (Cls=0.3466, Cont=5.3323) | Val AUC=0.9192 AUPR=0.8888 F1=0.8091 ACC=0.8397
Epoch 108/200 | TrainLoss=0.3728 (Cls=0.3461, Cont=5.3307) | Val AUC=0.9194 AUPR=0.8891 F1=0.8090 ACC=0.8398
Epoch 109/200 | TrainLoss=0.3724 (Cls=0.3457, Cont=5.3476) | Val AUC=0.9194 AUPR=0.8886 F1=0.8090 ACC=0.8388
Epoch 110/200 | TrainLoss=0.3724 (Cls=0.3456, Cont=5.3478) | Val AUC=0.9192 AUPR=0.8882 F1=0.8093 ACC=0.8355
Epoch 111/200 | TrainLoss=0.3724 (Cls=0.3457, Cont=5.3359) | Val AUC=0.9196 AUPR=0.8890 F1=0.8104 ACC=0.8384
Epoch 112/200 | TrainLoss=0.3700 (Cls=0.3433, Cont=5.3393) | Val AUC=0.9201 AUPR=0.8901 F1=0.8106 ACC=0.8400
Epoch 113/200 | TrainLoss=0.3700 (Cls=0.3433, Cont=5.3387) | Val AUC=0.9206 AUPR=0.8909 F1=0.8107 ACC=0.8418
Epoch 114/200 | TrainLoss=0.3700 (Cls=0.3433, Cont=5.3413) | Val AUC=0.9205 AUPR=0.8907 F1=0.8112 ACC=0.8411
Epoch 115/200 | TrainLoss=0.3696 (Cls=0.3430, Cont=5.3289) | Val AUC=0.9212 AUPR=0.8915 F1=0.8105 ACC=0.8411
Epoch 116/200 | TrainLoss=0.3696 (Cls=0.3430, Cont=5.3313) | Val AUC=0.9214 AUPR=0.8920 F1=0.8098 ACC=0.8418
Epoch 117/200 | TrainLoss=0.3694 (Cls=0.3427, Cont=5.3430) | Val AUC=0.9216 AUPR=0.8922 F1=0.8103 ACC=0.8367
Epoch 118/200 | TrainLoss=0.3681 (Cls=0.3414, Cont=5.3436) | Val AUC=0.9218 AUPR=0.8920 F1=0.8111 ACC=0.8429
Epoch 119/200 | TrainLoss=0.3674 (Cls=0.3407, Cont=5.3383) | Val AUC=0.9219 AUPR=0.8920 F1=0.8111 ACC=0.8442
Epoch 120/200 | TrainLoss=0.3669 (Cls=0.3402, Cont=5.3347) | Val AUC=0.9221 AUPR=0.8922 F1=0.8119 ACC=0.8459
Epoch 121/200 | TrainLoss=0.3670 (Cls=0.3404, Cont=5.3148) | Val AUC=0.9220 AUPR=0.8922 F1=0.8138 ACC=0.8385
Epoch 122/200 | TrainLoss=0.3672 (Cls=0.3405, Cont=5.3304) | Val AUC=0.9221 AUPR=0.8924 F1=0.8135 ACC=0.8421
Epoch 123/200 | TrainLoss=0.3653 (Cls=0.3387, Cont=5.3324) | Val AUC=0.9224 AUPR=0.8932 F1=0.8141 ACC=0.8459
Epoch 124/200 | TrainLoss=0.3656 (Cls=0.3389, Cont=5.3333) | Val AUC=0.9224 AUPR=0.8934 F1=0.8143 ACC=0.8457
Epoch 125/200 | TrainLoss=0.3657 (Cls=0.3389, Cont=5.3479) | Val AUC=0.9234 AUPR=0.8948 F1=0.8159 ACC=0.8455
Epoch 126/200 | TrainLoss=0.3648 (Cls=0.3381, Cont=5.3331) | Val AUC=0.9237 AUPR=0.8953 F1=0.8170 ACC=0.8467
Epoch 127/200 | TrainLoss=0.3632 (Cls=0.3365, Cont=5.3362) | Val AUC=0.9231 AUPR=0.8943 F1=0.8167 ACC=0.8438
Epoch 128/200 | TrainLoss=0.3628 (Cls=0.3361, Cont=5.3283) | Val AUC=0.9222 AUPR=0.8929 F1=0.8144 ACC=0.8416
Epoch 129/200 | TrainLoss=0.3639 (Cls=0.3372, Cont=5.3394) | Val AUC=0.9222 AUPR=0.8929 F1=0.8125 ACC=0.8388
Epoch 130/200 | TrainLoss=0.3621 (Cls=0.3355, Cont=5.3225) | Val AUC=0.9218 AUPR=0.8922 F1=0.8111 ACC=0.8389
Epoch 131/200 | TrainLoss=0.3618 (Cls=0.3351, Cont=5.3425) | Val AUC=0.9214 AUPR=0.8915 F1=0.8120 ACC=0.8408
Epoch 132/200 | TrainLoss=0.3620 (Cls=0.3354, Cont=5.3228) | Val AUC=0.9230 AUPR=0.8942 F1=0.8144 ACC=0.8405
Epoch 133/200 | TrainLoss=0.3613 (Cls=0.3346, Cont=5.3484) | Val AUC=0.9241 AUPR=0.8959 F1=0.8165 ACC=0.8447
Epoch 134/200 | TrainLoss=0.3624 (Cls=0.3357, Cont=5.3258) | Val AUC=0.9238 AUPR=0.8953 F1=0.8159 ACC=0.8441
Epoch 135/200 | TrainLoss=0.3596 (Cls=0.3328, Cont=5.3449) | Val AUC=0.9228 AUPR=0.8939 F1=0.8133 ACC=0.8373
Epoch 136/200 | TrainLoss=0.3592 (Cls=0.3325, Cont=5.3392) | Val AUC=0.9230 AUPR=0.8942 F1=0.8133 ACC=0.8430
Epoch 137/200 | TrainLoss=0.3590 (Cls=0.3324, Cont=5.3325) | Val AUC=0.9235 AUPR=0.8949 F1=0.8138 ACC=0.8437
Epoch 138/200 | TrainLoss=0.3593 (Cls=0.3326, Cont=5.3329) | Val AUC=0.9235 AUPR=0.8949 F1=0.8134 ACC=0.8374
Epoch 139/200 | TrainLoss=0.3581 (Cls=0.3314, Cont=5.3276) | Val AUC=0.9241 AUPR=0.8959 F1=0.8163 ACC=0.8412
Epoch 140/200 | TrainLoss=0.3586 (Cls=0.3319, Cont=5.3388) | Val AUC=0.9248 AUPR=0.8970 F1=0.8195 ACC=0.8463
Epoch 141/200 | TrainLoss=0.3582 (Cls=0.3316, Cont=5.3298) | Val AUC=0.9253 AUPR=0.8976 F1=0.8188 ACC=0.8458
Epoch 142/200 | TrainLoss=0.3578 (Cls=0.3312, Cont=5.3183) | Val AUC=0.9251 AUPR=0.8971 F1=0.8192 ACC=0.8480
Epoch 143/200 | TrainLoss=0.3580 (Cls=0.3313, Cont=5.3313) | Val AUC=0.9243 AUPR=0.8956 F1=0.8181 ACC=0.8457
Epoch 144/200 | TrainLoss=0.3569 (Cls=0.3303, Cont=5.3176) | Val AUC=0.9247 AUPR=0.8964 F1=0.8186 ACC=0.8454
Epoch 145/200 | TrainLoss=0.3572 (Cls=0.3306, Cont=5.3156) | Val AUC=0.9253 AUPR=0.8977 F1=0.8185 ACC=0.8452
Epoch 146/200 | TrainLoss=0.3563 (Cls=0.3297, Cont=5.3137) | Val AUC=0.9255 AUPR=0.8981 F1=0.8207 ACC=0.8466
Epoch 147/200 | TrainLoss=0.3573 (Cls=0.3307, Cont=5.3147) | Val AUC=0.9257 AUPR=0.8981 F1=0.8194 ACC=0.8462
Epoch 148/200 | TrainLoss=0.3563 (Cls=0.3297, Cont=5.3242) | Val AUC=0.9260 AUPR=0.8985 F1=0.8197 ACC=0.8477
Epoch 149/200 | TrainLoss=0.3555 (Cls=0.3288, Cont=5.3337) | Val AUC=0.9262 AUPR=0.8990 F1=0.8200 ACC=0.8470
Epoch 150/200 | TrainLoss=0.3560 (Cls=0.3294, Cont=5.3129) | Val AUC=0.9263 AUPR=0.8993 F1=0.8199 ACC=0.8459
Epoch 151/200 | TrainLoss=0.3548 (Cls=0.3281, Cont=5.3288) | Val AUC=0.9263 AUPR=0.8993 F1=0.8214 ACC=0.8488
Epoch 152/200 | TrainLoss=0.3546 (Cls=0.3280, Cont=5.3074) | Val AUC=0.9263 AUPR=0.8994 F1=0.8201 ACC=0.8501
Epoch 153/200 | TrainLoss=0.3554 (Cls=0.3288, Cont=5.3200) | Val AUC=0.9263 AUPR=0.8996 F1=0.8201 ACC=0.8477
Epoch 154/200 | TrainLoss=0.3540 (Cls=0.3273, Cont=5.3262) | Val AUC=0.9264 AUPR=0.8997 F1=0.8202 ACC=0.8492
Epoch 155/200 | TrainLoss=0.3552 (Cls=0.3285, Cont=5.3268) | Val AUC=0.9264 AUPR=0.8995 F1=0.8189 ACC=0.8453
Epoch 156/200 | TrainLoss=0.3539 (Cls=0.3274, Cont=5.3145) | Val AUC=0.9261 AUPR=0.8992 F1=0.8196 ACC=0.8448
Epoch 157/200 | TrainLoss=0.3540 (Cls=0.3274, Cont=5.3302) | Val AUC=0.9259 AUPR=0.8991 F1=0.8206 ACC=0.8456
Epoch 158/200 | TrainLoss=0.3542 (Cls=0.3275, Cont=5.3270) | Val AUC=0.9258 AUPR=0.8992 F1=0.8190 ACC=0.8426
Epoch 159/200 | TrainLoss=0.3533 (Cls=0.3267, Cont=5.3138) | Val AUC=0.9261 AUPR=0.8996 F1=0.8182 ACC=0.8446
Epoch 160/200 | TrainLoss=0.3534 (Cls=0.3268, Cont=5.3335) | Val AUC=0.9262 AUPR=0.8997 F1=0.8194 ACC=0.8465
Epoch 161/200 | TrainLoss=0.3524 (Cls=0.3259, Cont=5.3182) | Val AUC=0.9260 AUPR=0.8995 F1=0.8196 ACC=0.8476
Epoch 162/200 | TrainLoss=0.3530 (Cls=0.3264, Cont=5.3197) | Val AUC=0.9260 AUPR=0.8995 F1=0.8197 ACC=0.8470
Epoch 163/200 | TrainLoss=0.3531 (Cls=0.3265, Cont=5.3208) | Val AUC=0.9264 AUPR=0.8999 F1=0.8209 ACC=0.8498
Epoch 164/200 | TrainLoss=0.3523 (Cls=0.3257, Cont=5.3216) | Val AUC=0.9264 AUPR=0.8999 F1=0.8204 ACC=0.8513
Epoch 165/200 | TrainLoss=0.3526 (Cls=0.3260, Cont=5.3270) | Val AUC=0.9261 AUPR=0.8993 F1=0.8191 ACC=0.8465
Epoch 166/200 | TrainLoss=0.3535 (Cls=0.3268, Cont=5.3234) | Val AUC=0.9261 AUPR=0.8993 F1=0.8198 ACC=0.8476
Epoch 167/200 | TrainLoss=0.3521 (Cls=0.3255, Cont=5.3125) | Val AUC=0.9265 AUPR=0.9000 F1=0.8189 ACC=0.8494
Epoch 168/200 | TrainLoss=0.3531 (Cls=0.3265, Cont=5.3259) | Val AUC=0.9260 AUPR=0.8993 F1=0.8193 ACC=0.8472
Epoch 169/200 | TrainLoss=0.3521 (Cls=0.3255, Cont=5.3161) | Val AUC=0.9257 AUPR=0.8990 F1=0.8177 ACC=0.8438
Epoch 170/200 | TrainLoss=0.3534 (Cls=0.3269, Cont=5.3144) | Val AUC=0.9260 AUPR=0.8992 F1=0.8183 ACC=0.8444
Epoch 171/200 | TrainLoss=0.3525 (Cls=0.3259, Cont=5.3211) | Val AUC=0.9267 AUPR=0.9004 F1=0.8195 ACC=0.8463
Epoch 172/200 | TrainLoss=0.3512 (Cls=0.3246, Cont=5.3129) | Val AUC=0.9269 AUPR=0.9008 F1=0.8198 ACC=0.8463
Epoch 173/200 | TrainLoss=0.3522 (Cls=0.3256, Cont=5.3212) | Val AUC=0.9266 AUPR=0.9006 F1=0.8195 ACC=0.8510
Epoch 174/200 | TrainLoss=0.3524 (Cls=0.3258, Cont=5.3240) | Val AUC=0.9261 AUPR=0.8998 F1=0.8179 ACC=0.8471
Epoch 175/200 | TrainLoss=0.3521 (Cls=0.3255, Cont=5.3227) | Val AUC=0.9258 AUPR=0.8991 F1=0.8179 ACC=0.8479
Epoch 176/200 | TrainLoss=0.3518 (Cls=0.3251, Cont=5.3215) | Val AUC=0.9264 AUPR=0.8996 F1=0.8184 ACC=0.8444
Epoch 177/200 | TrainLoss=0.3509 (Cls=0.3243, Cont=5.3183) | Val AUC=0.9267 AUPR=0.9002 F1=0.8192 ACC=0.8486
Epoch 178/200 | TrainLoss=0.3501 (Cls=0.3235, Cont=5.3150) | Val AUC=0.9266 AUPR=0.9002 F1=0.8186 ACC=0.8471
Epoch 179/200 | TrainLoss=0.3507 (Cls=0.3241, Cont=5.3210) | Val AUC=0.9261 AUPR=0.8997 F1=0.8175 ACC=0.8480
Epoch 180/200 | TrainLoss=0.3519 (Cls=0.3252, Cont=5.3241) | Val AUC=0.9260 AUPR=0.8994 F1=0.8180 ACC=0.8484
Epoch 181/200 | TrainLoss=0.3507 (Cls=0.3241, Cont=5.3175) | Val AUC=0.9266 AUPR=0.9000 F1=0.8196 ACC=0.8474
Epoch 182/200 | TrainLoss=0.3493 (Cls=0.3228, Cont=5.3079) | Val AUC=0.9268 AUPR=0.9002 F1=0.8194 ACC=0.8453
Epoch 183/200 | TrainLoss=0.3501 (Cls=0.3235, Cont=5.3257) | Val AUC=0.9267 AUPR=0.9001 F1=0.8198 ACC=0.8489
Epoch 184/200 | TrainLoss=0.3502 (Cls=0.3236, Cont=5.3125) | Val AUC=0.9266 AUPR=0.8999 F1=0.8212 ACC=0.8499
Epoch 185/200 | TrainLoss=0.3493 (Cls=0.3227, Cont=5.3208) | Val AUC=0.9262 AUPR=0.8994 F1=0.8198 ACC=0.8500
Epoch 186/200 | TrainLoss=0.3506 (Cls=0.3240, Cont=5.3235) | Val AUC=0.9260 AUPR=0.8990 F1=0.8200 ACC=0.8494
Epoch 187/200 | TrainLoss=0.3496 (Cls=0.3230, Cont=5.3175) | Val AUC=0.9262 AUPR=0.8992 F1=0.8195 ACC=0.8495
Epoch 188/200 | TrainLoss=0.3504 (Cls=0.3238, Cont=5.3291) | Val AUC=0.9270 AUPR=0.9004 F1=0.8196 ACC=0.8505
Epoch 189/200 | TrainLoss=0.3493 (Cls=0.3227, Cont=5.3204) | Val AUC=0.9271 AUPR=0.9006 F1=0.8191 ACC=0.8501
Epoch 190/200 | TrainLoss=0.3497 (Cls=0.3232, Cont=5.3049) | Val AUC=0.9273 AUPR=0.9008 F1=0.8186 ACC=0.8488
Epoch 191/200 | TrainLoss=0.3482 (Cls=0.3216, Cont=5.3137) | Val AUC=0.9272 AUPR=0.9006 F1=0.8197 ACC=0.8495
Epoch 192/200 | TrainLoss=0.3500 (Cls=0.3233, Cont=5.3225) | Val AUC=0.9270 AUPR=0.9004 F1=0.8205 ACC=0.8473
Epoch 193/200 | TrainLoss=0.3483 (Cls=0.3218, Cont=5.3052) | Val AUC=0.9268 AUPR=0.9003 F1=0.8203 ACC=0.8473
Epoch 194/200 | TrainLoss=0.3482 (Cls=0.3217, Cont=5.3070) | Val AUC=0.9268 AUPR=0.9001 F1=0.8199 ACC=0.8466
Epoch 195/200 | TrainLoss=0.3477 (Cls=0.3211, Cont=5.3216) | Val AUC=0.9269 AUPR=0.9002 F1=0.8197 ACC=0.8460
Epoch 196/200 | TrainLoss=0.3486 (Cls=0.3220, Cont=5.3169) | Val AUC=0.9269 AUPR=0.9005 F1=0.8186 ACC=0.8504
Epoch 197/200 | TrainLoss=0.3481 (Cls=0.3215, Cont=5.3198) | Val AUC=0.9270 AUPR=0.9007 F1=0.8180 ACC=0.8460
Epoch 198/200 | TrainLoss=0.3480 (Cls=0.3215, Cont=5.3143) | Val AUC=0.9269 AUPR=0.9006 F1=0.8179 ACC=0.8460
Epoch 199/200 | TrainLoss=0.3479 (Cls=0.3213, Cont=5.3188) | Val AUC=0.9271 AUPR=0.9009 F1=0.8176 ACC=0.8481
Epoch 200/200 | TrainLoss=0.3479 (Cls=0.3213, Cont=5.3161) | Val AUC=0.9270 AUPR=0.9006 F1=0.8182 ACC=0.8493
Fold 4 complete | Best Val AUC=0.9273 | Test AUC=0.9287 AUPR=0.9022 F1=0.8212 ACC=0.8460

================================================================================
Fold 5/5
================================================================================
Epoch 001/200 | TrainLoss=0.7168 (Cls=0.7168, Cont=0.0000) | Val AUC=0.5246 AUPR=0.4277 F1=0.5775 ACC=0.4077
Epoch 002/200 | TrainLoss=0.6739 (Cls=0.6739, Cont=0.0000) | Val AUC=0.5655 AUPR=0.4640 F1=0.5768 ACC=0.4138
Epoch 003/200 | TrainLoss=0.6785 (Cls=0.6785, Cont=0.0000) | Val AUC=0.5822 AUPR=0.4838 F1=0.5793 ACC=0.4531
Epoch 004/200 | TrainLoss=0.6599 (Cls=0.6599, Cont=0.0000) | Val AUC=0.5886 AUPR=0.4888 F1=0.5815 ACC=0.4517
Epoch 005/200 | TrainLoss=0.6524 (Cls=0.6524, Cont=0.0000) | Val AUC=0.5918 AUPR=0.4929 F1=0.5807 ACC=0.4436
Epoch 006/200 | TrainLoss=0.6378 (Cls=0.6378, Cont=0.0000) | Val AUC=0.5963 AUPR=0.4954 F1=0.5838 ACC=0.4591
Epoch 007/200 | TrainLoss=0.6190 (Cls=0.6190, Cont=0.0000) | Val AUC=0.6001 AUPR=0.4974 F1=0.5845 ACC=0.4392
Epoch 008/200 | TrainLoss=0.6031 (Cls=0.6031, Cont=0.0000) | Val AUC=0.6033 AUPR=0.5033 F1=0.5847 ACC=0.4431
Epoch 009/200 | TrainLoss=0.5841 (Cls=0.5841, Cont=0.0000) | Val AUC=0.6035 AUPR=0.5044 F1=0.5840 ACC=0.4405
Epoch 010/200 | TrainLoss=0.5679 (Cls=0.5679, Cont=0.0000) | Val AUC=0.6033 AUPR=0.5050 F1=0.5849 ACC=0.4368
Epoch 011/200 | TrainLoss=0.5889 (Cls=0.5548, Cont=6.8222) | Val AUC=0.6056 AUPR=0.5093 F1=0.5841 ACC=0.4490
Epoch 012/200 | TrainLoss=0.5683 (Cls=0.5400, Cont=5.6488) | Val AUC=0.6087 AUPR=0.5149 F1=0.5845 ACC=0.4545
Epoch 013/200 | TrainLoss=0.5495 (Cls=0.5220, Cont=5.4957) | Val AUC=0.6133 AUPR=0.5189 F1=0.5852 ACC=0.4592
Epoch 014/200 | TrainLoss=0.5378 (Cls=0.5106, Cont=5.4498) | Val AUC=0.6165 AUPR=0.5204 F1=0.5863 ACC=0.4805
Epoch 015/200 | TrainLoss=0.5205 (Cls=0.4933, Cont=5.4341) | Val AUC=0.6209 AUPR=0.5249 F1=0.5885 ACC=0.4931
Epoch 016/200 | TrainLoss=0.5008 (Cls=0.4736, Cont=5.4257) | Val AUC=0.6273 AUPR=0.5320 F1=0.5905 ACC=0.4911
Epoch 017/200 | TrainLoss=0.4819 (Cls=0.4548, Cont=5.4202) | Val AUC=0.6314 AUPR=0.5381 F1=0.5912 ACC=0.4940
Epoch 018/200 | TrainLoss=0.4752 (Cls=0.4481, Cont=5.4185) | Val AUC=0.6373 AUPR=0.5478 F1=0.5915 ACC=0.4813
Epoch 019/200 | TrainLoss=0.4647 (Cls=0.4376, Cont=5.4157) | Val AUC=0.6395 AUPR=0.5460 F1=0.5929 ACC=0.4847
Epoch 020/200 | TrainLoss=0.4650 (Cls=0.4379, Cont=5.4142) | Val AUC=0.6464 AUPR=0.5558 F1=0.5929 ACC=0.4864
Epoch 021/200 | TrainLoss=0.4620 (Cls=0.4350, Cont=5.4075) | Val AUC=0.6525 AUPR=0.5692 F1=0.5935 ACC=0.4805
Epoch 022/200 | TrainLoss=0.4449 (Cls=0.4179, Cont=5.3936) | Val AUC=0.6629 AUPR=0.5832 F1=0.5963 ACC=0.5101
Epoch 023/200 | TrainLoss=0.4419 (Cls=0.4150, Cont=5.3913) | Val AUC=0.6827 AUPR=0.6080 F1=0.6066 ACC=0.5402
Epoch 024/200 | TrainLoss=0.4373 (Cls=0.4104, Cont=5.3878) | Val AUC=0.7017 AUPR=0.6161 F1=0.6168 ACC=0.5690
Epoch 025/200 | TrainLoss=0.4344 (Cls=0.4075, Cont=5.3764) | Val AUC=0.7223 AUPR=0.6396 F1=0.6257 ACC=0.6119
Epoch 026/200 | TrainLoss=0.4244 (Cls=0.3976, Cont=5.3669) | Val AUC=0.7387 AUPR=0.6665 F1=0.6392 ACC=0.6559
Epoch 027/200 | TrainLoss=0.4244 (Cls=0.3976, Cont=5.3664) | Val AUC=0.7558 AUPR=0.6839 F1=0.6514 ACC=0.6783
Epoch 028/200 | TrainLoss=0.4248 (Cls=0.3980, Cont=5.3602) | Val AUC=0.7549 AUPR=0.6828 F1=0.6528 ACC=0.6762
Epoch 029/200 | TrainLoss=0.4224 (Cls=0.3956, Cont=5.3469) | Val AUC=0.7805 AUPR=0.7119 F1=0.6734 ACC=0.7059
Epoch 030/200 | TrainLoss=0.4257 (Cls=0.3989, Cont=5.3569) | Val AUC=0.8050 AUPR=0.7422 F1=0.6942 ACC=0.7233
Epoch 031/200 | TrainLoss=0.4146 (Cls=0.3878, Cont=5.3573) | Val AUC=0.8281 AUPR=0.7728 F1=0.7106 ACC=0.7477
Epoch 032/200 | TrainLoss=0.4160 (Cls=0.3891, Cont=5.3804) | Val AUC=0.8405 AUPR=0.7869 F1=0.7243 ACC=0.7525
Epoch 033/200 | TrainLoss=0.4150 (Cls=0.3883, Cont=5.3572) | Val AUC=0.8511 AUPR=0.7957 F1=0.7365 ACC=0.7753
Epoch 034/200 | TrainLoss=0.4162 (Cls=0.3895, Cont=5.3478) | Val AUC=0.8689 AUPR=0.8180 F1=0.7550 ACC=0.7874
Epoch 035/200 | TrainLoss=0.4133 (Cls=0.3864, Cont=5.3743) | Val AUC=0.8751 AUPR=0.8220 F1=0.7609 ACC=0.7889
Epoch 036/200 | TrainLoss=0.4100 (Cls=0.3833, Cont=5.3503) | Val AUC=0.8821 AUPR=0.8295 F1=0.7698 ACC=0.7934
Epoch 037/200 | TrainLoss=0.4092 (Cls=0.3824, Cont=5.3559) | Val AUC=0.8897 AUPR=0.8408 F1=0.7792 ACC=0.8086
Epoch 038/200 | TrainLoss=0.4077 (Cls=0.3809, Cont=5.3503) | Val AUC=0.8974 AUPR=0.8537 F1=0.7872 ACC=0.8162
Epoch 039/200 | TrainLoss=0.4046 (Cls=0.3778, Cont=5.3559) | Val AUC=0.9034 AUPR=0.8631 F1=0.7923 ACC=0.8181
Epoch 040/200 | TrainLoss=0.4053 (Cls=0.3785, Cont=5.3648) | Val AUC=0.9036 AUPR=0.8640 F1=0.7947 ACC=0.8204
Epoch 041/200 | TrainLoss=0.4031 (Cls=0.3763, Cont=5.3624) | Val AUC=0.9045 AUPR=0.8653 F1=0.7954 ACC=0.8147
Epoch 042/200 | TrainLoss=0.4058 (Cls=0.3791, Cont=5.3490) | Val AUC=0.9077 AUPR=0.8692 F1=0.8001 ACC=0.8209
Epoch 043/200 | TrainLoss=0.4008 (Cls=0.3741, Cont=5.3465) | Val AUC=0.9103 AUPR=0.8731 F1=0.8017 ACC=0.8259
Epoch 044/200 | TrainLoss=0.3979 (Cls=0.3711, Cont=5.3671) | Val AUC=0.9099 AUPR=0.8731 F1=0.8015 ACC=0.8269
Epoch 045/200 | TrainLoss=0.3987 (Cls=0.3720, Cont=5.3535) | Val AUC=0.9095 AUPR=0.8729 F1=0.8020 ACC=0.8279
Epoch 046/200 | TrainLoss=0.3984 (Cls=0.3716, Cont=5.3535) | Val AUC=0.9097 AUPR=0.8736 F1=0.7992 ACC=0.8271
Epoch 047/200 | TrainLoss=0.3988 (Cls=0.3721, Cont=5.3413) | Val AUC=0.9093 AUPR=0.8733 F1=0.7978 ACC=0.8239
Epoch 048/200 | TrainLoss=0.3972 (Cls=0.3704, Cont=5.3504) | Val AUC=0.9093 AUPR=0.8738 F1=0.7978 ACC=0.8251
Epoch 049/200 | TrainLoss=0.3979 (Cls=0.3711, Cont=5.3625) | Val AUC=0.9110 AUPR=0.8763 F1=0.8004 ACC=0.8276
Epoch 050/200 | TrainLoss=0.3945 (Cls=0.3677, Cont=5.3480) | Val AUC=0.9119 AUPR=0.8772 F1=0.8016 ACC=0.8308
Epoch 051/200 | TrainLoss=0.3943 (Cls=0.3675, Cont=5.3541) | Val AUC=0.9116 AUPR=0.8760 F1=0.7994 ACC=0.8265
Epoch 052/200 | TrainLoss=0.3947 (Cls=0.3680, Cont=5.3425) | Val AUC=0.9115 AUPR=0.8760 F1=0.8006 ACC=0.8257
Epoch 053/200 | TrainLoss=0.3942 (Cls=0.3674, Cont=5.3561) | Val AUC=0.9133 AUPR=0.8788 F1=0.8047 ACC=0.8307
Epoch 054/200 | TrainLoss=0.3910 (Cls=0.3644, Cont=5.3309) | Val AUC=0.9141 AUPR=0.8800 F1=0.8047 ACC=0.8336
Epoch 055/200 | TrainLoss=0.3927 (Cls=0.3659, Cont=5.3449) | Val AUC=0.9134 AUPR=0.8795 F1=0.8045 ACC=0.8296
Epoch 056/200 | TrainLoss=0.3909 (Cls=0.3642, Cont=5.3555) | Val AUC=0.9132 AUPR=0.8794 F1=0.8029 ACC=0.8272
Epoch 057/200 | TrainLoss=0.3922 (Cls=0.3655, Cont=5.3427) | Val AUC=0.9137 AUPR=0.8798 F1=0.8037 ACC=0.8265
Epoch 058/200 | TrainLoss=0.3888 (Cls=0.3620, Cont=5.3548) | Val AUC=0.9144 AUPR=0.8801 F1=0.8047 ACC=0.8305
Epoch 059/200 | TrainLoss=0.3890 (Cls=0.3622, Cont=5.3568) | Val AUC=0.9143 AUPR=0.8798 F1=0.8048 ACC=0.8273
Epoch 060/200 | TrainLoss=0.3908 (Cls=0.3640, Cont=5.3583) | Val AUC=0.9139 AUPR=0.8796 F1=0.8042 ACC=0.8254
Epoch 061/200 | TrainLoss=0.3875 (Cls=0.3608, Cont=5.3464) | Val AUC=0.9129 AUPR=0.8785 F1=0.8021 ACC=0.8304
Epoch 062/200 | TrainLoss=0.3881 (Cls=0.3614, Cont=5.3440) | Val AUC=0.9122 AUPR=0.8784 F1=0.8009 ACC=0.8248
Epoch 063/200 | TrainLoss=0.3854 (Cls=0.3587, Cont=5.3510) | Val AUC=0.9118 AUPR=0.8782 F1=0.7989 ACC=0.8204
Epoch 064/200 | TrainLoss=0.3878 (Cls=0.3611, Cont=5.3349) | Val AUC=0.9122 AUPR=0.8789 F1=0.8016 ACC=0.8233
Epoch 065/200 | TrainLoss=0.3860 (Cls=0.3592, Cont=5.3591) | Val AUC=0.9129 AUPR=0.8799 F1=0.8038 ACC=0.8244
Epoch 066/200 | TrainLoss=0.3863 (Cls=0.3597, Cont=5.3339) | Val AUC=0.9139 AUPR=0.8811 F1=0.8040 ACC=0.8252
Epoch 067/200 | TrainLoss=0.3878 (Cls=0.3611, Cont=5.3421) | Val AUC=0.9148 AUPR=0.8820 F1=0.8043 ACC=0.8298
Epoch 068/200 | TrainLoss=0.3850 (Cls=0.3582, Cont=5.3541) | Val AUC=0.9154 AUPR=0.8822 F1=0.8056 ACC=0.8329
Epoch 069/200 | TrainLoss=0.3863 (Cls=0.3596, Cont=5.3405) | Val AUC=0.9155 AUPR=0.8821 F1=0.8075 ACC=0.8318
Epoch 070/200 | TrainLoss=0.3845 (Cls=0.3578, Cont=5.3394) | Val AUC=0.9154 AUPR=0.8816 F1=0.8082 ACC=0.8291
Epoch 071/200 | TrainLoss=0.3864 (Cls=0.3596, Cont=5.3489) | Val AUC=0.9153 AUPR=0.8817 F1=0.8062 ACC=0.8300
Epoch 072/200 | TrainLoss=0.3833 (Cls=0.3565, Cont=5.3476) | Val AUC=0.9151 AUPR=0.8816 F1=0.8062 ACC=0.8312
Epoch 073/200 | TrainLoss=0.3847 (Cls=0.3580, Cont=5.3389) | Val AUC=0.9154 AUPR=0.8823 F1=0.8080 ACC=0.8324
Epoch 074/200 | TrainLoss=0.3839 (Cls=0.3572, Cont=5.3428) | Val AUC=0.9157 AUPR=0.8829 F1=0.8073 ACC=0.8330
Epoch 075/200 | TrainLoss=0.3827 (Cls=0.3560, Cont=5.3447) | Val AUC=0.9144 AUPR=0.8816 F1=0.8033 ACC=0.8283
Epoch 076/200 | TrainLoss=0.3829 (Cls=0.3561, Cont=5.3587) | Val AUC=0.9144 AUPR=0.8820 F1=0.8031 ACC=0.8281
Epoch 077/200 | TrainLoss=0.3833 (Cls=0.3566, Cont=5.3455) | Val AUC=0.9156 AUPR=0.8837 F1=0.8050 ACC=0.8273
Epoch 078/200 | TrainLoss=0.3822 (Cls=0.3555, Cont=5.3495) | Val AUC=0.9158 AUPR=0.8839 F1=0.8080 ACC=0.8307
Epoch 079/200 | TrainLoss=0.3836 (Cls=0.3569, Cont=5.3441) | Val AUC=0.9165 AUPR=0.8847 F1=0.8082 ACC=0.8347
Epoch 080/200 | TrainLoss=0.3800 (Cls=0.3533, Cont=5.3450) | Val AUC=0.9169 AUPR=0.8850 F1=0.8094 ACC=0.8361
Epoch 081/200 | TrainLoss=0.3792 (Cls=0.3525, Cont=5.3392) | Val AUC=0.9162 AUPR=0.8842 F1=0.8093 ACC=0.8326
Epoch 082/200 | TrainLoss=0.3807 (Cls=0.3539, Cont=5.3487) | Val AUC=0.9151 AUPR=0.8831 F1=0.8046 ACC=0.8279
Epoch 083/200 | TrainLoss=0.3810 (Cls=0.3543, Cont=5.3467) | Val AUC=0.9158 AUPR=0.8839 F1=0.8051 ACC=0.8300
Epoch 084/200 | TrainLoss=0.3813 (Cls=0.3546, Cont=5.3314) | Val AUC=0.9167 AUPR=0.8851 F1=0.8083 ACC=0.8327
Epoch 085/200 | TrainLoss=0.3816 (Cls=0.3548, Cont=5.3490) | Val AUC=0.9165 AUPR=0.8847 F1=0.8098 ACC=0.8364
Epoch 086/200 | TrainLoss=0.3791 (Cls=0.3524, Cont=5.3417) | Val AUC=0.9158 AUPR=0.8835 F1=0.8083 ACC=0.8308
Epoch 087/200 | TrainLoss=0.3804 (Cls=0.3536, Cont=5.3447) | Val AUC=0.9155 AUPR=0.8829 F1=0.8072 ACC=0.8311
Epoch 088/200 | TrainLoss=0.3798 (Cls=0.3532, Cont=5.3296) | Val AUC=0.9149 AUPR=0.8823 F1=0.8044 ACC=0.8269
Epoch 089/200 | TrainLoss=0.3779 (Cls=0.3512, Cont=5.3397) | Val AUC=0.9145 AUPR=0.8814 F1=0.8037 ACC=0.8269
Epoch 090/200 | TrainLoss=0.3795 (Cls=0.3528, Cont=5.3403) | Val AUC=0.9155 AUPR=0.8833 F1=0.8045 ACC=0.8279
Epoch 091/200 | TrainLoss=0.3798 (Cls=0.3531, Cont=5.3555) | Val AUC=0.9165 AUPR=0.8847 F1=0.8081 ACC=0.8346
Epoch 092/200 | TrainLoss=0.3778 (Cls=0.3511, Cont=5.3495) | Val AUC=0.9166 AUPR=0.8846 F1=0.8102 ACC=0.8372
Epoch 093/200 | TrainLoss=0.3789 (Cls=0.3522, Cont=5.3394) | Val AUC=0.9165 AUPR=0.8845 F1=0.8109 ACC=0.8389
Epoch 094/200 | TrainLoss=0.3774 (Cls=0.3507, Cont=5.3412) | Val AUC=0.9166 AUPR=0.8850 F1=0.8099 ACC=0.8390
Epoch 095/200 | TrainLoss=0.3766 (Cls=0.3499, Cont=5.3399) | Val AUC=0.9171 AUPR=0.8860 F1=0.8090 ACC=0.8323
Epoch 096/200 | TrainLoss=0.3766 (Cls=0.3499, Cont=5.3453) | Val AUC=0.9171 AUPR=0.8863 F1=0.8084 ACC=0.8356
Epoch 097/200 | TrainLoss=0.3779 (Cls=0.3512, Cont=5.3312) | Val AUC=0.9173 AUPR=0.8865 F1=0.8090 ACC=0.8372
Epoch 098/200 | TrainLoss=0.3768 (Cls=0.3501, Cont=5.3404) | Val AUC=0.9178 AUPR=0.8873 F1=0.8100 ACC=0.8391
Epoch 099/200 | TrainLoss=0.3764 (Cls=0.3496, Cont=5.3483) | Val AUC=0.9178 AUPR=0.8874 F1=0.8091 ACC=0.8406
Epoch 100/200 | TrainLoss=0.3752 (Cls=0.3485, Cont=5.3413) | Val AUC=0.9175 AUPR=0.8870 F1=0.8084 ACC=0.8400
Epoch 101/200 | TrainLoss=0.3765 (Cls=0.3498, Cont=5.3386) | Val AUC=0.9176 AUPR=0.8872 F1=0.8098 ACC=0.8399
Epoch 102/200 | TrainLoss=0.3750 (Cls=0.3483, Cont=5.3445) | Val AUC=0.9178 AUPR=0.8874 F1=0.8107 ACC=0.8396
Epoch 103/200 | TrainLoss=0.3750 (Cls=0.3482, Cont=5.3480) | Val AUC=0.9179 AUPR=0.8872 F1=0.8109 ACC=0.8384
Epoch 104/200 | TrainLoss=0.3754 (Cls=0.3488, Cont=5.3323) | Val AUC=0.9175 AUPR=0.8869 F1=0.8097 ACC=0.8371
Epoch 105/200 | TrainLoss=0.3746 (Cls=0.3478, Cont=5.3455) | Val AUC=0.9172 AUPR=0.8867 F1=0.8081 ACC=0.8374
Epoch 106/200 | TrainLoss=0.3744 (Cls=0.3476, Cont=5.3585) | Val AUC=0.9173 AUPR=0.8867 F1=0.8071 ACC=0.8338
Epoch 107/200 | TrainLoss=0.3734 (Cls=0.3468, Cont=5.3381) | Val AUC=0.9172 AUPR=0.8864 F1=0.8071 ACC=0.8355
Epoch 108/200 | TrainLoss=0.3734 (Cls=0.3467, Cont=5.3375) | Val AUC=0.9172 AUPR=0.8861 F1=0.8075 ACC=0.8349
Epoch 109/200 | TrainLoss=0.3725 (Cls=0.3459, Cont=5.3319) | Val AUC=0.9175 AUPR=0.8863 F1=0.8093 ACC=0.8375
Epoch 110/200 | TrainLoss=0.3733 (Cls=0.3467, Cont=5.3244) | Val AUC=0.9178 AUPR=0.8868 F1=0.8090 ACC=0.8348
Epoch 111/200 | TrainLoss=0.3730 (Cls=0.3463, Cont=5.3373) | Val AUC=0.9180 AUPR=0.8871 F1=0.8087 ACC=0.8374
Epoch 112/200 | TrainLoss=0.3726 (Cls=0.3460, Cont=5.3303) | Val AUC=0.9184 AUPR=0.8877 F1=0.8105 ACC=0.8391
Epoch 113/200 | TrainLoss=0.3725 (Cls=0.3458, Cont=5.3429) | Val AUC=0.9185 AUPR=0.8877 F1=0.8119 ACC=0.8395
Epoch 114/200 | TrainLoss=0.3737 (Cls=0.3470, Cont=5.3427) | Val AUC=0.9185 AUPR=0.8877 F1=0.8112 ACC=0.8397
Epoch 115/200 | TrainLoss=0.3730 (Cls=0.3463, Cont=5.3258) | Val AUC=0.9184 AUPR=0.8876 F1=0.8110 ACC=0.8395
Epoch 116/200 | TrainLoss=0.3719 (Cls=0.3452, Cont=5.3397) | Val AUC=0.9185 AUPR=0.8880 F1=0.8112 ACC=0.8397
Epoch 117/200 | TrainLoss=0.3721 (Cls=0.3455, Cont=5.3368) | Val AUC=0.9186 AUPR=0.8881 F1=0.8105 ACC=0.8390
Epoch 118/200 | TrainLoss=0.3707 (Cls=0.3440, Cont=5.3555) | Val AUC=0.9184 AUPR=0.8878 F1=0.8101 ACC=0.8390
Epoch 119/200 | TrainLoss=0.3719 (Cls=0.3453, Cont=5.3350) | Val AUC=0.9182 AUPR=0.8875 F1=0.8097 ACC=0.8383
Epoch 120/200 | TrainLoss=0.3708 (Cls=0.3441, Cont=5.3391) | Val AUC=0.9186 AUPR=0.8880 F1=0.8103 ACC=0.8395
Epoch 121/200 | TrainLoss=0.3703 (Cls=0.3435, Cont=5.3440) | Val AUC=0.9191 AUPR=0.8885 F1=0.8130 ACC=0.8416
Epoch 122/200 | TrainLoss=0.3707 (Cls=0.3440, Cont=5.3432) | Val AUC=0.9192 AUPR=0.8885 F1=0.8137 ACC=0.8423
Epoch 123/200 | TrainLoss=0.3695 (Cls=0.3428, Cont=5.3346) | Val AUC=0.9193 AUPR=0.8886 F1=0.8129 ACC=0.8384
Epoch 124/200 | TrainLoss=0.3698 (Cls=0.3432, Cont=5.3350) | Val AUC=0.9194 AUPR=0.8889 F1=0.8120 ACC=0.8366
Epoch 125/200 | TrainLoss=0.3696 (Cls=0.3430, Cont=5.3352) | Val AUC=0.9196 AUPR=0.8892 F1=0.8126 ACC=0.8411
Epoch 126/200 | TrainLoss=0.3691 (Cls=0.3424, Cont=5.3340) | Val AUC=0.9196 AUPR=0.8893 F1=0.8121 ACC=0.8403
Epoch 127/200 | TrainLoss=0.3694 (Cls=0.3427, Cont=5.3415) | Val AUC=0.9197 AUPR=0.8896 F1=0.8121 ACC=0.8395
Epoch 128/200 | TrainLoss=0.3691 (Cls=0.3424, Cont=5.3398) | Val AUC=0.9198 AUPR=0.8896 F1=0.8118 ACC=0.8400
Epoch 129/200 | TrainLoss=0.3686 (Cls=0.3419, Cont=5.3285) | Val AUC=0.9199 AUPR=0.8898 F1=0.8120 ACC=0.8380
Epoch 130/200 | TrainLoss=0.3668 (Cls=0.3401, Cont=5.3345) | Val AUC=0.9196 AUPR=0.8896 F1=0.8116 ACC=0.8391
Epoch 131/200 | TrainLoss=0.3666 (Cls=0.3399, Cont=5.3400) | Val AUC=0.9198 AUPR=0.8898 F1=0.8111 ACC=0.8375
Epoch 132/200 | TrainLoss=0.3668 (Cls=0.3401, Cont=5.3362) | Val AUC=0.9201 AUPR=0.8901 F1=0.8119 ACC=0.8377
Epoch 133/200 | TrainLoss=0.3659 (Cls=0.3392, Cont=5.3314) | Val AUC=0.9204 AUPR=0.8904 F1=0.8125 ACC=0.8365
Epoch 134/200 | TrainLoss=0.3663 (Cls=0.3397, Cont=5.3342) | Val AUC=0.9205 AUPR=0.8906 F1=0.8139 ACC=0.8407
Epoch 135/200 | TrainLoss=0.3654 (Cls=0.3387, Cont=5.3536) | Val AUC=0.9205 AUPR=0.8908 F1=0.8129 ACC=0.8350
Epoch 136/200 | TrainLoss=0.3648 (Cls=0.3381, Cont=5.3393) | Val AUC=0.9205 AUPR=0.8908 F1=0.8141 ACC=0.8375
Epoch 137/200 | TrainLoss=0.3649 (Cls=0.3382, Cont=5.3373) | Val AUC=0.9209 AUPR=0.8912 F1=0.8140 ACC=0.8378
Epoch 138/200 | TrainLoss=0.3625 (Cls=0.3359, Cont=5.3334) | Val AUC=0.9214 AUPR=0.8917 F1=0.8142 ACC=0.8384
Epoch 139/200 | TrainLoss=0.3634 (Cls=0.3368, Cont=5.3207) | Val AUC=0.9210 AUPR=0.8915 F1=0.8122 ACC=0.8370
Epoch 140/200 | TrainLoss=0.3629 (Cls=0.3362, Cont=5.3340) | Val AUC=0.9208 AUPR=0.8916 F1=0.8112 ACC=0.8360
Epoch 141/200 | TrainLoss=0.3633 (Cls=0.3367, Cont=5.3320) | Val AUC=0.9209 AUPR=0.8919 F1=0.8121 ACC=0.8390
Epoch 142/200 | TrainLoss=0.3629 (Cls=0.3362, Cont=5.3348) | Val AUC=0.9211 AUPR=0.8923 F1=0.8121 ACC=0.8374
Epoch 143/200 | TrainLoss=0.3627 (Cls=0.3361, Cont=5.3117) | Val AUC=0.9208 AUPR=0.8920 F1=0.8103 ACC=0.8346
Epoch 144/200 | TrainLoss=0.3615 (Cls=0.3349, Cont=5.3193) | Val AUC=0.9203 AUPR=0.8915 F1=0.8106 ACC=0.8353
Epoch 145/200 | TrainLoss=0.3619 (Cls=0.3353, Cont=5.3232) | Val AUC=0.9210 AUPR=0.8925 F1=0.8112 ACC=0.8363
Epoch 146/200 | TrainLoss=0.3605 (Cls=0.3339, Cont=5.3232) | Val AUC=0.9215 AUPR=0.8931 F1=0.8109 ACC=0.8393
Epoch 147/200 | TrainLoss=0.3604 (Cls=0.3337, Cont=5.3456) | Val AUC=0.9223 AUPR=0.8943 F1=0.8123 ACC=0.8406
Epoch 148/200 | TrainLoss=0.3589 (Cls=0.3323, Cont=5.3245) | Val AUC=0.9225 AUPR=0.8945 F1=0.8143 ACC=0.8453
Epoch 149/200 | TrainLoss=0.3600 (Cls=0.3334, Cont=5.3193) | Val AUC=0.9224 AUPR=0.8943 F1=0.8131 ACC=0.8404
Epoch 150/200 | TrainLoss=0.3584 (Cls=0.3318, Cont=5.3319) | Val AUC=0.9218 AUPR=0.8934 F1=0.8118 ACC=0.8359
Epoch 151/200 | TrainLoss=0.3581 (Cls=0.3315, Cont=5.3228) | Val AUC=0.9220 AUPR=0.8934 F1=0.8121 ACC=0.8431
Epoch 152/200 | TrainLoss=0.3574 (Cls=0.3307, Cont=5.3415) | Val AUC=0.9223 AUPR=0.8939 F1=0.8124 ACC=0.8396
Epoch 153/200 | TrainLoss=0.3597 (Cls=0.3330, Cont=5.3315) | Val AUC=0.9222 AUPR=0.8939 F1=0.8124 ACC=0.8364
Epoch 154/200 | TrainLoss=0.3564 (Cls=0.3297, Cont=5.3256) | Val AUC=0.9220 AUPR=0.8937 F1=0.8110 ACC=0.8382
Epoch 155/200 | TrainLoss=0.3568 (Cls=0.3301, Cont=5.3373) | Val AUC=0.9230 AUPR=0.8950 F1=0.8126 ACC=0.8375
Epoch 156/200 | TrainLoss=0.3568 (Cls=0.3302, Cont=5.3216) | Val AUC=0.9234 AUPR=0.8958 F1=0.8139 ACC=0.8391
Epoch 157/200 | TrainLoss=0.3557 (Cls=0.3291, Cont=5.3260) | Val AUC=0.9234 AUPR=0.8963 F1=0.8123 ACC=0.8341
Epoch 158/200 | TrainLoss=0.3563 (Cls=0.3297, Cont=5.3248) | Val AUC=0.9240 AUPR=0.8969 F1=0.8156 ACC=0.8395
Epoch 159/200 | TrainLoss=0.3547 (Cls=0.3282, Cont=5.3177) | Val AUC=0.9242 AUPR=0.8969 F1=0.8176 ACC=0.8439
Epoch 160/200 | TrainLoss=0.3551 (Cls=0.3285, Cont=5.3163) | Val AUC=0.9240 AUPR=0.8963 F1=0.8177 ACC=0.8448
Epoch 161/200 | TrainLoss=0.3543 (Cls=0.3277, Cont=5.3167) | Val AUC=0.9239 AUPR=0.8961 F1=0.8184 ACC=0.8440
Epoch 162/200 | TrainLoss=0.3547 (Cls=0.3281, Cont=5.3217) | Val AUC=0.9240 AUPR=0.8962 F1=0.8180 ACC=0.8427
Epoch 163/200 | TrainLoss=0.3560 (Cls=0.3294, Cont=5.3171) | Val AUC=0.9236 AUPR=0.8957 F1=0.8159 ACC=0.8436
Epoch 164/200 | TrainLoss=0.3550 (Cls=0.3284, Cont=5.3209) | Val AUC=0.9239 AUPR=0.8961 F1=0.8156 ACC=0.8446
Epoch 165/200 | TrainLoss=0.3542 (Cls=0.3276, Cont=5.3174) | Val AUC=0.9242 AUPR=0.8963 F1=0.8161 ACC=0.8404
Epoch 166/200 | TrainLoss=0.3530 (Cls=0.3264, Cont=5.3259) | Val AUC=0.9241 AUPR=0.8965 F1=0.8149 ACC=0.8414
Epoch 167/200 | TrainLoss=0.3535 (Cls=0.3269, Cont=5.3127) | Val AUC=0.9236 AUPR=0.8959 F1=0.8130 ACC=0.8392
Epoch 168/200 | TrainLoss=0.3540 (Cls=0.3274, Cont=5.3269) | Val AUC=0.9238 AUPR=0.8959 F1=0.8142 ACC=0.8384
Epoch 169/200 | TrainLoss=0.3542 (Cls=0.3276, Cont=5.3195) | Val AUC=0.9246 AUPR=0.8970 F1=0.8161 ACC=0.8398
Epoch 170/200 | TrainLoss=0.3518 (Cls=0.3252, Cont=5.3101) | Val AUC=0.9246 AUPR=0.8976 F1=0.8147 ACC=0.8390
Epoch 171/200 | TrainLoss=0.3528 (Cls=0.3263, Cont=5.3153) | Val AUC=0.9248 AUPR=0.8982 F1=0.8136 ACC=0.8390
Epoch 172/200 | TrainLoss=0.3517 (Cls=0.3251, Cont=5.3290) | Val AUC=0.9252 AUPR=0.8985 F1=0.8149 ACC=0.8432
Epoch 173/200 | TrainLoss=0.3514 (Cls=0.3249, Cont=5.3107) | Val AUC=0.9233 AUPR=0.8952 F1=0.8127 ACC=0.8455
Epoch 174/200 | TrainLoss=0.3534 (Cls=0.3268, Cont=5.3341) | Val AUC=0.9241 AUPR=0.8966 F1=0.8149 ACC=0.8457
Epoch 175/200 | TrainLoss=0.3512 (Cls=0.3246, Cont=5.3206) | Val AUC=0.9242 AUPR=0.8974 F1=0.8135 ACC=0.8379
Epoch 176/200 | TrainLoss=0.3512 (Cls=0.3247, Cont=5.3113) | Val AUC=0.9238 AUPR=0.8967 F1=0.8124 ACC=0.8372
Epoch 177/200 | TrainLoss=0.3513 (Cls=0.3247, Cont=5.3192) | Val AUC=0.9239 AUPR=0.8965 F1=0.8133 ACC=0.8409
Epoch 178/200 | TrainLoss=0.3498 (Cls=0.3232, Cont=5.3191) | Val AUC=0.9228 AUPR=0.8950 F1=0.8121 ACC=0.8422
Epoch 179/200 | TrainLoss=0.3509 (Cls=0.3243, Cont=5.3250) | Val AUC=0.9240 AUPR=0.8968 F1=0.8139 ACC=0.8381
Epoch 180/200 | TrainLoss=0.3505 (Cls=0.3238, Cont=5.3419) | Val AUC=0.9246 AUPR=0.8980 F1=0.8160 ACC=0.8403
Epoch 181/200 | TrainLoss=0.3508 (Cls=0.3243, Cont=5.2994) | Val AUC=0.9246 AUPR=0.8979 F1=0.8169 ACC=0.8416
Epoch 182/200 | TrainLoss=0.3486 (Cls=0.3220, Cont=5.3212) | Val AUC=0.9240 AUPR=0.8968 F1=0.8166 ACC=0.8428
Epoch 183/200 | TrainLoss=0.3493 (Cls=0.3227, Cont=5.3338) | Val AUC=0.9243 AUPR=0.8971 F1=0.8167 ACC=0.8431
Epoch 184/200 | TrainLoss=0.3494 (Cls=0.3228, Cont=5.3066) | Val AUC=0.9246 AUPR=0.8979 F1=0.8141 ACC=0.8386
Epoch 185/200 | TrainLoss=0.3491 (Cls=0.3224, Cont=5.3258) | Val AUC=0.9246 AUPR=0.8979 F1=0.8141 ACC=0.8400
Epoch 186/200 | TrainLoss=0.3508 (Cls=0.3241, Cont=5.3389) | Val AUC=0.9245 AUPR=0.8974 F1=0.8152 ACC=0.8388
Epoch 187/200 | TrainLoss=0.3483 (Cls=0.3217, Cont=5.3187) | Val AUC=0.9236 AUPR=0.8961 F1=0.8149 ACC=0.8408
Epoch 188/200 | TrainLoss=0.3491 (Cls=0.3226, Cont=5.3084) | Val AUC=0.9236 AUPR=0.8963 F1=0.8146 ACC=0.8382
Epoch 189/200 | TrainLoss=0.3487 (Cls=0.3221, Cont=5.3199) | Val AUC=0.9242 AUPR=0.8972 F1=0.8163 ACC=0.8420
Epoch 190/200 | TrainLoss=0.3489 (Cls=0.3223, Cont=5.3221) | Val AUC=0.9241 AUPR=0.8969 F1=0.8167 ACC=0.8424
Epoch 191/200 | TrainLoss=0.3494 (Cls=0.3228, Cont=5.3165) | Val AUC=0.9245 AUPR=0.8972 F1=0.8160 ACC=0.8399
Epoch 192/200 | TrainLoss=0.3478 (Cls=0.3213, Cont=5.2942) | Val AUC=0.9250 AUPR=0.8977 F1=0.8166 ACC=0.8395
Epoch 193/200 | TrainLoss=0.3477 (Cls=0.3211, Cont=5.3157) | Val AUC=0.9251 AUPR=0.8981 F1=0.8144 ACC=0.8393
Epoch 194/200 | TrainLoss=0.3475 (Cls=0.3208, Cont=5.3304) | Val AUC=0.9245 AUPR=0.8974 F1=0.8130 ACC=0.8383
Epoch 195/200 | TrainLoss=0.3473 (Cls=0.3207, Cont=5.3256) | Val AUC=0.9242 AUPR=0.8972 F1=0.8127 ACC=0.8400
Epoch 196/200 | TrainLoss=0.3478 (Cls=0.3212, Cont=5.3326) | Val AUC=0.9251 AUPR=0.8984 F1=0.8162 ACC=0.8461
Epoch 197/200 | TrainLoss=0.3478 (Cls=0.3212, Cont=5.3174) | Val AUC=0.9255 AUPR=0.8985 F1=0.8162 ACC=0.8464
Epoch 198/200 | TrainLoss=0.3471 (Cls=0.3205, Cont=5.3225) | Val AUC=0.9253 AUPR=0.8981 F1=0.8173 ACC=0.8437
Epoch 199/200 | TrainLoss=0.3465 (Cls=0.3199, Cont=5.3251) | Val AUC=0.9256 AUPR=0.8991 F1=0.8166 ACC=0.8443
Epoch 200/200 | TrainLoss=0.3458 (Cls=0.3192, Cont=5.3150) | Val AUC=0.9256 AUPR=0.8995 F1=0.8161 ACC=0.8427
Fold 5 complete | Best Val AUC=0.9256 | Test AUC=0.9255 AUPR=0.9010 F1=0.8181 ACC=0.8446

================================================================================
Cross-validation complete
Mean AUC:  0.9269 +/- 0.0010
Mean AUPR: 0.9011 +/- 0.0014
Mean F1:   0.8185 +/- 0.0017
Mean ACC:  0.8448 +/- 0.0007
Saved outputs to: /content/drive/MyDrive/CDRP models testing/scalable model/outputs/scalable_3omics_gmutation_et_pathway_20260316_183802
