cell_id,drug_id,label,prediction
ACH-000006,10074640,0,0.0888763964176178
ACH-000006,10127622,0,0.08847060054540634
ACH-000006,10302451,0,0.08862122893333435
ACH-000006,10461815,0,0.08833879232406616
ACH-000006,11327430,0,0.08886384963989258
ACH-000006,11433190,0,0.08949101716279984
ACH-000006,11624601,0,0.0881805494427681
ACH-000006,11625818,1,0.08836463838815689
ACH-000006,11634725,0,0.0889437273144722
ACH-000006,11676786,0,0.0887666866183281
ACH-000006,148124,0,0.09034373611211777
ACH-000006,16038120,1,0.08929073065519333
ACH-000006,176158,0,0.08810829371213913
ACH-000006,17755052,1,0.0886712372303009
ACH-000006,24772860,1,0.08880973607301712
ACH-000006,24894414,1,0.08877426385879517
ACH-000006,24951314,0,0.08864649385213852
ACH-000006,25167777,0,0.08840851485729218
ACH-000006,3062316,0,0.0886647179722786
ACH-000006,3218,0,0.08732182532548904
ACH-000006,36314,0,0.09010204672813416
ACH-000006,44143370,0,0.0888792872428894
ACH-000006,444795,1,0.08836767822504044
ACH-000006,44551660,1,0.08825197070837021
ACH-000006,44632017,0,0.08824394643306732
ACH-000006,462382,0,0.08901920914649963
ACH-000006,46883536,1,0.08867388963699341
ACH-000006,46885626,1,0.08936360478401184
ACH-000006,46907787,0,0.08838441967964172
ACH-000006,5311510,0,0.08831493556499481
ACH-000006,54676905,1,0.08825764060020447
ACH-000006,54685215,0,0.08852288126945496
ACH-000006,5717801,0,0.08856973052024841
ACH-000006,5746,0,0.08934817463159561
ACH-000006,6445562,0,0.08892273902893066
ACH-000006,6450816,0,0.08943431079387665
ACH-000006,6710780,0,0.08967681229114532
ACH-000006,6918454,0,0.08745899796485901
ACH-000006,6918638,0,0.0882677435874939
ACH-000006,9868037,0,0.08826570212841034
ACH-000006,9952773,0,0.08858999609947205
ACH-000006,9956119,0,0.0881933942437172
ACH-000006,9956222,0,0.08856631815433502
ACH-000006,9967941,0,0.08905504643917084
ACH-000023,10074640,0,0.07844789326190948
ACH-000023,11625818,0,0.07816935330629349
ACH-000023,11634725,0,0.0786072164773941
ACH-000023,148124,0,0.07993624359369278
ACH-000023,176158,1,0.07788261771202087
ACH-000023,24772860,0,0.07851571589708328
ACH-000023,24894414,0,0.07834628969430923
ACH-000023,24951314,0,0.0782855898141861
ACH-000023,25167777,0,0.07819831371307373
ACH-000023,3218,1,0.07704475522041321
ACH-000023,44143370,0,0.07849478721618652
ACH-000023,444795,0,0.07801686972379684
ACH-000023,44551660,0,0.0780014768242836
ACH-000023,44632017,0,0.0779883861541748
ACH-000023,46883536,0,0.07842982560396194
ACH-000023,46885626,0,0.0789525955915451
ACH-000023,46907787,0,0.07814141362905502
ACH-000023,54676905,0,0.07794628292322159
ACH-000023,54685215,0,0.07828854769468307
ACH-000023,5746,0,0.0790407583117485
ACH-000023,6445562,0,0.07851571589708328
ACH-000023,6450816,0,0.0791037380695343
ACH-000023,6710780,0,0.07914665341377258
ACH-000023,6918454,0,0.07724767178297043
ACH-000023,6918638,0,0.07806040346622467
ACH-000023,9868037,0,0.07807976007461548
ACH-000023,9952773,0,0.0782744288444519
ACH-000023,9956119,0,0.0779431089758873
ACH-000023,9956222,0,0.07824593037366867
ACH-000023,9967941,0,0.0786394253373146
ACH-000035,44632017,0,0.0447918139398098
ACH-000035,54685215,0,0.04506959021091461
ACH-000042,10074640,0,0.056597284972667694
ACH-000042,10127622,0,0.05644660070538521
ACH-000042,11327430,0,0.05662591755390167
ACH-000042,11433190,0,0.057172250002622604
ACH-000042,11624601,0,0.05624188855290413
ACH-000042,11625818,0,0.05643747001886368
ACH-000042,11634725,1,0.0567791610956192
ACH-000042,148124,0,0.05781208723783493
ACH-000042,17755052,0,0.05649053677916527
ACH-000042,24772860,0,0.05666681379079819
ACH-000042,24894414,0,0.05668865889310837
ACH-000042,24951314,0,0.05660081282258034
ACH-000042,25167777,0,0.05639961361885071
ACH-000042,3218,0,0.05578260123729706
ACH-000042,44143370,0,0.056633900851011276
ACH-000042,444795,0,0.0565289705991745
ACH-000042,44551660,0,0.056291185319423676
ACH-000042,44632017,0,0.05628666654229164
ACH-000042,46883536,0,0.0565611831843853
ACH-000042,46885626,0,0.057013675570487976
ACH-000042,46907787,0,0.05641152709722519
ACH-000042,54676905,0,0.056347206234931946
ACH-000042,54685215,0,0.05652248114347458
ACH-000042,5746,0,0.05707220733165741
ACH-000042,6445562,0,0.05674510449171066
ACH-000042,6450816,0,0.05711815506219864
ACH-000042,6710780,0,0.05710924416780472
ACH-000042,6918454,1,0.0558050200343132
ACH-000042,6918638,0,0.05635387450456619
ACH-000042,9868037,0,0.05634188652038574
ACH-000042,9952773,0,0.056566834449768066
ACH-000042,9956119,0,0.056263089179992676
ACH-000042,9956222,0,0.05645320191979408
ACH-000042,9967941,0,0.05680711939930916
ACH-000048,10074640,0,0.053841859102249146
ACH-000048,10127622,0,0.05358056724071503
ACH-000048,11327430,1,0.053833961486816406
ACH-000048,11433190,0,0.05423779413104057
ACH-000048,11624601,0,0.05336393415927887
ACH-000048,11625818,0,0.05353858694434166
ACH-000048,11634725,0,0.05389182269573212
ACH-000048,148124,0,0.05485725775361061
ACH-000048,176158,0,0.053358789533376694
ACH-000048,17755052,0,0.053731080144643784
ACH-000048,24772860,0,0.05379941686987877
ACH-000048,24894414,0,0.053777605295181274
ACH-000048,24951314,0,0.053696438670158386
ACH-000048,25167777,0,0.053567320108413696
ACH-000048,3218,0,0.05290365219116211
ACH-000048,44143370,0,0.05387430638074875
ACH-000048,444795,0,0.05362517759203911
ACH-000048,44551660,0,0.05344913899898529
ACH-000048,46883536,0,0.05371883139014244
ACH-000048,46885626,1,0.05414843559265137
ACH-000048,46907787,0,0.053532134741544724
ACH-000048,54676905,0,0.05342923477292061
ACH-000048,54685215,1,0.05361948907375336
ACH-000048,5746,0,0.05414231866598129
ACH-000048,6445562,0,0.05387101322412491
ACH-000048,6450816,1,0.05419289693236351
ACH-000048,6710780,0,0.05435459315776825
ACH-000048,6918454,0,0.05291077494621277
ACH-000048,6918638,0,0.0534590519964695
ACH-000048,9868037,0,0.053488750010728836
ACH-000048,9952773,1,0.05366169288754463
ACH-000048,9956119,0,0.05341363698244095
ACH-000048,9956222,0,0.05364680290222168
ACH-000048,9967941,1,0.05395424738526344
ACH-000056,10127622,0,0.08036445826292038
ACH-000056,10302451,1,0.08050250262022018
ACH-000056,10461815,1,0.08024366945028305
ACH-000056,11327430,0,0.08072486519813538
ACH-000056,11433190,1,0.08131309598684311
ACH-000056,11624601,0,0.08009865134954453
ACH-000056,11676786,0,0.08059151470661163
ACH-000056,148124,0,0.0821235403418541
ACH-000056,16038120,0,0.08111611753702164
ACH-000056,176158,0,0.08003240823745728
ACH-000056,17755052,0,0.08057493716478348
ACH-000056,3062316,1,0.08054237812757492
ACH-000056,3218,0,0.07935553044080734
ACH-000056,36314,0,0.08190189301967621
ACH-000056,444795,1,0.08035428076982498
ACH-000056,462382,0,0.08086726814508438
ACH-000056,46907787,0,0.0802854597568512
ACH-000056,5311510,0,0.08026305586099625
ACH-000056,54676905,0,0.08016929775476456
ACH-000056,5717801,0,0.08045530319213867
ACH-000056,5746,0,0.08118868619203568
ACH-000056,6710780,1,0.08148325979709625
ACH-000056,6918454,0,0.07943746447563171
ACH-000056,9956119,0,0.08011472970247269
ACH-000058,10074640,0,0.04932931438088417
ACH-000058,11625818,0,0.04910946637392044
ACH-000058,11634725,0,0.04943501576781273
ACH-000058,24772860,0,0.049350306391716
ACH-000058,24894414,0,0.0493297278881073
ACH-000058,24951314,0,0.04925568029284477
ACH-000058,25167777,0,0.04913764074444771
ACH-000058,3218,1,0.04853525757789612
ACH-000058,44143370,0,0.04936147481203079
ACH-000058,44551660,0,0.04902701452374458
ACH-000058,44632017,0,0.04900971055030823
ACH-000058,46883536,0,0.04927557706832886
ACH-000058,46885626,0,0.04967150837182999
ACH-000058,46907787,0,0.049103762954473495
ACH-000058,54676905,1,0.04902726039290428
ACH-000058,54685215,0,0.049184028059244156
ACH-000058,5746,0,0.04967513307929039
ACH-000058,6445562,0,0.04941583797335625
ACH-000058,6450816,0,0.04971250519156456
ACH-000058,6918638,0,0.04903615638613701
ACH-000058,9868037,0,0.049063537269830704
ACH-000058,9952773,0,0.0492229163646698
ACH-000058,9956119,1,0.04899580031633377
ACH-000058,9956222,0,0.04920278117060661
ACH-000058,9967941,0,0.049492545425891876
ACH-000060,10074640,0,0.06235272064805031
ACH-000060,10127622,1,0.062059901654720306
ACH-000060,11327430,0,0.06234375759959221
ACH-000060,11433190,0,0.06280653923749924
ACH-000060,11624601,0,0.06185055896639824
ACH-000060,11625818,1,0.062004782259464264
ACH-000060,11634725,0,0.06241018697619438
ACH-000060,17755052,0,0.062225569039583206
ACH-000060,24772860,0,0.06230297312140465
ACH-000060,24894414,0,0.06227847933769226
ACH-000060,24951314,0,0.06218481436371803
ACH-000060,25167777,0,0.06203983724117279
ACH-000060,3218,0,0.06125708669424057
ACH-000060,44143370,0,0.062390074133872986
ACH-000060,44551660,0,0.06190210580825806
ACH-000060,44632017,0,0.061896298080682755
ACH-000060,46883536,0,0.062211643904447556
ACH-000060,46885626,0,0.0627046599984169
ACH-000060,46907787,0,0.0619962252676487
ACH-000060,54676905,0,0.061905957758426666
ACH-000060,54685215,0,0.06209760904312134
ACH-000060,5746,0,0.06270916759967804
ACH-000060,6445562,0,0.06238628178834915
ACH-000060,6450816,0,0.06275569647550583
ACH-000060,6918638,0,0.06191347539424896
ACH-000060,9868037,0,0.06194756180047989
ACH-000060,9952773,0,0.062146056443452835
ACH-000060,9956119,0,0.061863213777542114
ACH-000060,9956222,0,0.06212898716330528
ACH-000060,9967941,0,0.06248142942786217
ACH-000070,10074640,0,0.08313456922769547
ACH-000070,10127622,0,0.082755908370018
ACH-000070,10302451,0,0.08289767056703568
ACH-000070,10461815,1,0.08263184130191803
ACH-000070,11327430,1,0.08309944719076157
ACH-000070,11433190,1,0.08368757367134094
ACH-000070,11624601,1,0.08248289674520493
ACH-000070,11625818,1,0.08262761682271957
ACH-000070,11634725,0,0.08317253738641739
ACH-000070,11676786,1,0.08301310986280441
ACH-000070,148124,0,0.08449012041091919
ACH-000070,16038120,0,0.08352792263031006
ACH-000070,176158,1,0.08241486549377441
ACH-000070,17755052,1,0.08291610330343246
ACH-000070,24772860,0,0.0830751284956932
ACH-000070,24894414,1,0.0830417349934578
ACH-000070,24951314,1,0.08292146772146225
ACH-000070,25167777,1,0.08266889303922653
ACH-000070,3062316,1,0.08292216062545776
ACH-000070,3218,0,0.08172354102134705
ACH-000070,36314,1,0.08426263183355331
ACH-000070,44143370,0,0.08311187475919724
ACH-000070,444795,1,0.0826798751950264
ACH-000070,44551660,1,0.08255010098218918
ACH-000070,44632017,0,0.08253631740808487
ACH-000070,462382,0,0.08327231556177139
ACH-000070,46883536,1,0.08291859924793243
ACH-000070,46885626,1,0.08357901871204376
ACH-000070,46907787,0,0.08267475664615631
ACH-000070,5311510,0,0.08258085697889328
ACH-000070,54676905,1,0.08255544304847717
ACH-000070,54685215,0,0.0828051045536995
ACH-000070,5717801,1,0.08282475918531418
ACH-000070,5746,1,0.08355314284563065
ACH-000070,6445562,1,0.0831705629825592
ACH-000070,6450816,1,0.08363555371761322
ACH-000070,6710780,0,0.0838763490319252
ACH-000070,6918454,0,0.08180377632379532
ACH-000070,6918638,1,0.08256495743989944
ACH-000070,9868037,1,0.08253452181816101
ACH-000070,9952773,1,0.08286827057600021
ACH-000070,9956119,0,0.0824664831161499
ACH-000070,9956222,1,0.08284598588943481
ACH-000070,9967941,0,0.08330603688955307
ACH-000075,10074640,0,0.06016595661640167
ACH-000075,10127622,0,0.059882644563913345
ACH-000075,10302451,0,0.05998780205845833
ACH-000075,10461815,0,0.05979063734412193
ACH-000075,11327430,0,0.060157209634780884
ACH-000075,11433190,0,0.060605429112911224
ACH-000075,11624601,0,0.05968016758561134
ACH-000075,11625818,0,0.05982932820916176
ACH-000075,11634725,0,0.06022142991423607
ACH-000075,11676786,0,0.0600893497467041
ACH-000075,148124,0,0.06129289045929909
ACH-000075,16038120,0,0.060455333441495895
ACH-000075,176158,0,0.05962974950671196
ACH-000075,17755052,0,0.060042981058359146
ACH-000075,24772860,0,0.06011940538883209
ACH-000075,24894414,0,0.06009463965892792
ACH-000075,24951314,0,0.060005344450473785
ACH-000075,25167777,0,0.05986325442790985
ACH-000075,3062316,0,0.06001816317439079
ACH-000075,3218,0,0.05909023806452751
ACH-000075,36314,0,0.061102479696273804
ACH-000075,44143370,0,0.0602019838988781
ACH-000075,444795,0,0.05985048785805702
ACH-000075,44551660,0,0.059730030596256256
ACH-000075,44632017,0,0.059724412858486176
ACH-000075,462382,0,0.06026570498943329
ACH-000075,46883536,0,0.06002941355109215
ACH-000075,46885626,0,0.06050623580813408
ACH-000075,46907787,0,0.05982248857617378
ACH-000075,5311510,0,0.059814900159835815
ACH-000075,54676905,0,0.059733979403972626
ACH-000075,54685215,0,0.05991913378238678
ACH-000075,5717801,0,0.059951845556497574
ACH-000075,5746,0,0.06051061674952507
ACH-000075,6445562,0,0.060198333114385605
ACH-000075,6450816,0,0.06055561825633049
ACH-000075,6710780,0,0.06073450297117233
ACH-000075,6918454,0,0.05917670950293541
ACH-000075,6918638,0,0.059741031378507614
ACH-000075,9868037,0,0.0597740039229393
ACH-000075,9952773,0,0.05996597185730934
ACH-000075,9956119,0,0.05969242379069328
ACH-000075,9956222,0,0.05994946137070656
ACH-000075,9967941,0,0.06029072403907776
ACH-000087,10074640,0,0.04873345047235489
ACH-000087,10127622,0,0.04850118234753609
ACH-000087,10302451,0,0.048587385565042496
ACH-000087,10461815,0,0.048425767570734024
ACH-000087,11327430,0,0.048726268112659454
ACH-000087,11433190,0,0.04909376800060272
ACH-000087,11624601,0,0.04831467196345329
ACH-000087,11625818,0,0.048457492142915726
ACH-000087,11634725,0,0.04877893999218941
ACH-000087,11676786,0,0.04867064207792282
ACH-000087,148124,0,0.04965754225850105
ACH-000087,16038120,0,0.04897069185972214
ACH-000087,176158,0,0.04829387366771698
ACH-000087,17755052,1,0.048632629215717316
ACH-000087,24772860,0,0.04869527369737625
ACH-000087,24894414,1,0.048674970865249634
ACH-000087,24951314,1,0.04860185086727142
ACH-000087,25167777,0,0.04848528653383255
ACH-000087,3062316,0,0.048612289130687714
ACH-000087,3218,0,0.047890517860651016
ACH-000087,36314,0,0.04950139299035072
ACH-000087,44143370,0,0.048762980848550797
ACH-000087,444795,0,0.04853669926524162
ACH-000087,44551660,0,0.04837608337402344
ACH-000087,44632017,0,0.0483568012714386
ACH-000087,462382,0,0.04881522059440613
ACH-000087,46883536,0,0.04862149804830551
ACH-000087,46885626,1,0.0490124449133873
ACH-000087,46907787,0,0.04845186322927475
ACH-000087,5311510,0,0.048445653170347214
ACH-000087,54676905,1,0.04837412014603615
ACH-000087,54685215,0,0.048531096428632736
ACH-000087,5717801,0,0.048557914793491364
ACH-000087,5746,1,0.04901602491736412
ACH-000087,6445562,0,0.048759981989860535
ACH-000087,6450816,0,0.049052923917770386
ACH-000087,6710780,0,0.04920011758804321
ACH-000087,6918454,0,0.04790221154689789
ACH-000087,6918638,1,0.04838510602712631
ACH-000087,9868037,0,0.04841211810708046
ACH-000087,9952773,0,0.048569489270448685
ACH-000087,9956119,0,0.04834524914622307
ACH-000087,9956222,0,0.04855594038963318
ACH-000087,9967941,1,0.04883572459220886
ACH-000090,10074640,0,0.05208573862910271
ACH-000090,10127622,0,0.051931798458099365
ACH-000090,11327430,0,0.052112217992544174
ACH-000090,11433190,0,0.05265370011329651
ACH-000090,11624601,1,0.051716625690460205
ACH-000090,11625818,0,0.051939696073532104
ACH-000090,11634725,0,0.05225391313433647
ACH-000090,17755052,0,0.05198702961206436
ACH-000090,24772860,0,0.05215023458003998
ACH-000090,24894414,0,0.05218575522303581
ACH-000090,24951314,0,0.05208948999643326
ACH-000090,25167777,0,0.05189244821667671
ACH-000090,3218,0,0.05134155973792076
ACH-000090,44143370,1,0.05211959034204483
ACH-000090,44551660,0,0.05180269107222557
ACH-000090,44632017,0,0.05175797641277313
ACH-000090,46883536,0,0.05205235257744789
ACH-000090,46885626,0,0.05247078835964203
ACH-000090,46907787,0,0.05191396549344063
ACH-000090,54676905,0,0.05182795971632004
ACH-000090,54685215,0,0.05203442648053169
ACH-000090,5746,0,0.05250631645321846
ACH-000090,6445562,0,0.05222242325544357
ACH-000090,6450816,0,0.05256739258766174
ACH-000090,6918638,0,0.05192600563168526
ACH-000090,9868037,0,0.05184956640005112
ACH-000090,9952773,0,0.052060119807720184
ACH-000090,9956119,0,0.051766421645879745
ACH-000090,9956222,0,0.05195251852273941
ACH-000090,9967941,1,0.0522797517478466
ACH-000104,10074640,0,0.08831273764371872
ACH-000104,10127622,1,0.08793913573026657
ACH-000104,10302451,0,0.08811884373426437
ACH-000104,10461815,0,0.08781608939170837
ACH-000104,11327430,0,0.08827562630176544
ACH-000104,11433190,1,0.08889687061309814
ACH-000104,11624601,0,0.08768041431903839
ACH-000104,11625818,1,0.08777722716331482
ACH-000104,11634725,0,0.08835285156965256
ACH-000104,11676786,0,0.0881844311952591
ACH-000104,148124,0,0.0897444561123848
ACH-000104,16038120,0,0.0887405201792717
ACH-000104,176158,0,0.08758228272199631
ACH-000104,17755052,0,0.08808198571205139
ACH-000104,24772860,1,0.08830635249614716
ACH-000104,24894414,1,0.08822799474000931
ACH-000104,24951314,1,0.08814394474029541
ACH-000104,25167777,0,0.087820865213871
ACH-000104,3062316,0,0.08808837085962296
ACH-000104,3218,1,0.08687706291675568
ACH-000104,36314,0,0.08950423449277878
ACH-000104,44143370,0,0.08828876167535782
ACH-000104,444795,1,0.08783175051212311
ACH-000104,44551660,1,0.08775144070386887
ACH-000104,44632017,0,0.08768079429864883
ACH-000104,462382,0,0.0885147973895073
ACH-000104,46883536,1,0.0880846157670021
ACH-000104,46885626,1,0.08878219127655029
ACH-000104,46907787,0,0.08788321912288666
ACH-000104,5311510,0,0.08772782236337662
ACH-000104,54676905,0,0.08775709569454193
ACH-000104,54685215,0,0.08799619972705841
ACH-000104,5717801,0,0.08798548579216003
ACH-000104,5746,0,0.08875488489866257
ACH-000104,6445562,1,0.08835074305534363
ACH-000104,6450816,1,0.08884190022945404
ACH-000104,6710780,0,0.08909623324871063
ACH-000104,6918454,0,0.08696255832910538
ACH-000104,6918638,1,0.087759830057621
ACH-000104,9868037,0,0.08767890930175781
ACH-000104,9952773,1,0.08805739879608154
ACH-000104,9956119,0,0.08760703355073929
ACH-000104,9956222,1,0.08806418627500534
ACH-000104,9967941,0,0.08855041116476059
ACH-000115,10074640,0,0.044215861707925797
ACH-000115,10127622,0,0.04411229118704796
ACH-000115,10302451,0,0.04414825513958931
ACH-000115,10461815,0,0.04397237300872803
ACH-000115,11327430,0,0.04422558844089508
ACH-000115,11433190,0,0.04464562237262726
ACH-000115,11624601,0,0.04397636279463768
ACH-000115,11625818,0,0.044056378304958344
ACH-000115,11634725,0,0.04433935508131981
ACH-000115,11676786,0,0.044193681329488754
ACH-000115,148124,0,0.04508699104189873
ACH-000115,16038120,1,0.044504646211862564
ACH-000115,176158,1,0.043919920921325684
ACH-000115,17755052,0,0.04410216957330704
ACH-000115,24772860,0,0.044344186782836914
ACH-000115,24894414,0,0.04429351165890694
ACH-000115,24951314,0,0.044253312051296234
ACH-000115,25167777,1,0.04402746260166168
ACH-000115,3062316,0,0.04411441087722778
ACH-000115,3218,0,0.043629877269268036
ACH-000115,36314,0,0.04496559128165245
ACH-000115,44143370,0,0.044205326586961746
ACH-000115,444795,0,0.04412148520350456
ACH-000115,44551660,0,0.044010043144226074
ACH-000115,44632017,0,0.043969281017780304
ACH-000115,462382,0,0.04445204511284828
ACH-000115,46883536,0,0.044169578701257706
ACH-000115,46885626,0,0.044537585228681564
ACH-000115,46907787,0,0.044141463935375214
ACH-000115,5311510,0,0.04398287832736969
ACH-000115,54676905,0,0.04409253969788551
ACH-000115,54685215,0,0.04417157173156738
ACH-000115,5717801,0,0.04416592791676521
ACH-000115,5746,0,0.04456624761223793
ACH-000115,6445562,0,0.04432862624526024
ACH-000115,6450816,0,0.04461473226547241
ACH-000115,6710780,0,0.04460711032152176
ACH-000115,6918454,0,0.043633729219436646
ACH-000115,6918638,1,0.044047221541404724
ACH-000115,9868037,0,0.043973974883556366
ACH-000115,9952773,0,0.04420376569032669
ACH-000115,9956119,0,0.043934911489486694
ACH-000115,9956222,0,0.0441378653049469
ACH-000115,9967941,1,0.04441704973578453
ACH-000135,10074640,1,0.0488935261964798
ACH-000135,11625818,0,0.048766929656267166
ACH-000135,11634725,0,0.04905662685632706
ACH-000135,24772860,0,0.04895362630486488
ACH-000135,24894414,0,0.04896925762295723
ACH-000135,24951314,0,0.04890399053692818
ACH-000135,25167777,0,0.048693105578422546
ACH-000135,3218,0,0.048142243176698685
ACH-000135,44143370,0,0.048919107764959335
ACH-000135,44551660,0,0.04862505570054054
ACH-000135,44632017,0,0.04856649041175842
ACH-000135,46883536,0,0.04887113347649574
ACH-000135,46885626,0,0.04924755170941353
ACH-000135,46907787,0,0.04872903972864151
ACH-000135,54685215,0,0.0488683320581913
ACH-000135,5746,0,0.04927108436822891
ACH-000135,6445562,0,0.0490320548415184
ACH-000135,6450816,0,0.049439214169979095
ACH-000135,6918638,0,0.0487687774002552
ACH-000135,9868037,0,0.048680029809474945
ACH-000135,9952773,0,0.04887731745839119
ACH-000135,9956119,1,0.048574451357126236
ACH-000135,9956222,0,0.04877450689673424
ACH-000135,9967941,0,0.049070242792367935
ACH-000149,10074640,0,0.05407421290874481
ACH-000149,10127622,0,0.05378265306353569
ACH-000149,11327430,0,0.05408360809087753
ACH-000149,11433190,1,0.05445817857980728
ACH-000149,11624601,0,0.05356524512171745
ACH-000149,11625818,0,0.053781744092702866
ACH-000149,11634725,0,0.05412955582141876
ACH-000149,148124,0,0.05509742721915245
ACH-000149,176158,0,0.05362148582935333
ACH-000149,17755052,0,0.05399983748793602
ACH-000149,24772860,0,0.054031405597925186
ACH-000149,24894414,0,0.05398121848702431
ACH-000149,24951314,0,0.05393660441040993
ACH-000149,25167777,0,0.053769372403621674
ACH-000149,3218,1,0.05310332402586937
ACH-000149,44143370,0,0.054099880158901215
ACH-000149,444795,1,0.05385682359337807
ACH-000149,44551660,0,0.05367783457040787
ACH-000149,44632017,0,0.05361168831586838
ACH-000149,46883536,0,0.05396062508225441
ACH-000149,46885626,0,0.054372526705265045
ACH-000149,46907787,0,0.05376056581735611
ACH-000149,54676905,0,0.05363079532980919
ACH-000149,54685215,0,0.05387631803750992
ACH-000149,5746,0,0.05434639751911163
ACH-000149,6445562,0,0.05411422997713089
ACH-000149,6450816,0,0.054527655243873596
ACH-000149,6710780,0,0.05464838817715645
ACH-000149,6918454,0,0.05311046913266182
ACH-000149,6918638,0,0.053696852177381516
ACH-000149,9868037,0,0.053729500621557236
ACH-000149,9952773,0,0.0539020411670208
ACH-000149,9956119,0,0.053615108132362366
ACH-000149,9956222,0,0.053885482251644135
ACH-000149,9967941,0,0.05418044701218605
ACH-000153,10074640,0,0.0565665178000927
ACH-000153,10127622,0,0.05632096156477928
ACH-000153,11327430,0,0.05658015236258507
ACH-000153,11433190,0,0.057003360241651535
ACH-000153,11624601,0,0.0561298206448555
ACH-000153,11625818,0,0.056270621716976166
ACH-000153,11634725,0,0.056640807539224625
ACH-000153,148124,0,0.05765246972441673
ACH-000153,176158,0,0.05608219653367996
ACH-000153,17755052,0,0.056459832936525345
ACH-000153,24772860,0,0.05654449760913849
ACH-000153,24894414,0,0.056521084159612656
ACH-000153,24951314,0,0.056436873972415924
ACH-000153,25167777,0,0.05630264803767204
ACH-000153,3218,0,0.05560028553009033
ACH-000153,44143370,0,0.05660311132669449
ACH-000153,444795,0,0.056318335235118866
ACH-000153,44551660,0,0.056176863610744476
ACH-000153,46883536,0,0.05645950138568878
ACH-000153,46885626,0,0.0569097101688385
ACH-000153,46907787,0,0.056264154613018036
ACH-000153,54676905,0,0.05618060752749443
ACH-000153,5746,0,0.0569138303399086
ACH-000153,6445562,0,0.056618984788656235
ACH-000153,6450816,0,0.056956321001052856
ACH-000153,6710780,0,0.057078227400779724
ACH-000153,6918454,0,0.05565449967980385
ACH-000153,6918638,0,0.056187257170677185
ACH-000153,9868037,0,0.056218378245830536
ACH-000153,9952773,0,0.0563996285200119
ACH-000153,9956119,0,0.05614136531949043
ACH-000153,9956222,0,0.05638403445482254
ACH-000153,9967941,0,0.05670621991157532
ACH-000155,10074640,0,0.05681869760155678
ACH-000155,11625818,0,0.05649971589446068
ACH-000155,11634725,0,0.05687132105231285
ACH-000155,148124,0,0.057886864989995956
ACH-000155,176158,0,0.05631058290600777
ACH-000155,24772860,0,0.0567731112241745
ACH-000155,24894414,0,0.05675065144896507
ACH-000155,24951314,0,0.05666479840874672
ACH-000155,25167777,0,0.056531872600317
ACH-000155,3218,0,0.05584364011883736
ACH-000155,44143370,0,0.056852880865335464
ACH-000155,444795,0,0.05659026280045509
ACH-000155,44551660,0,0.056405603885650635
ACH-000155,44632017,0,0.056400299072265625
ACH-000155,46883536,0,0.056689318269491196
ACH-000155,46885626,0,0.057141244411468506
ACH-000155,46907787,0,0.056491948664188385
ACH-000155,54676905,0,0.05640920251607895
ACH-000155,54685215,0,0.05658482015132904
ACH-000155,5746,0,0.0571453794836998
ACH-000155,6445562,0,0.056849416345357895
ACH-000155,6450816,0,0.05718804523348808
ACH-000155,6710780,0,0.057357143610715866
ACH-000155,6918454,0,0.05588125064969063
ACH-000155,6918638,0,0.05641603097319603
ACH-000155,9868037,0,0.05644727498292923
ACH-000155,9952773,0,0.056629203259944916
ACH-000155,9956119,0,0.056369978934526443
ACH-000155,9956222,0,0.056613560765981674
ACH-000155,9967941,0,0.05693668872117996
ACH-000161,10074640,0,0.05428236350417137
ACH-000161,11625818,0,0.054001934826374054
ACH-000161,11634725,0,0.05435805022716522
ACH-000161,24772860,0,0.0542651042342186
ACH-000161,24894414,0,0.05424288660287857
ACH-000161,24951314,0,0.05416130647063255
ACH-000161,25167777,0,0.054032716900110245
ACH-000161,3218,0,0.05336379632353783
ACH-000161,44143370,1,0.05431758612394333
ACH-000161,44551660,0,0.053911738097667694
ACH-000161,44632017,0,0.05390665680170059
ACH-000161,46883536,0,0.054183635860681534
ACH-000161,46885626,0,0.054616741836071014
ACH-000161,46907787,1,0.053995661437511444
ACH-000161,54676905,0,0.05391532555222511
ACH-000161,54685215,0,0.054083485156297684
ACH-000161,5746,0,0.05462070554494858
ACH-000161,6445562,1,0.05433706194162369
ACH-000161,6450816,0,0.054661594331264496
ACH-000161,6918638,0,0.053921736776828766
ACH-000161,9868037,1,0.05395166575908661
ACH-000161,9952773,0,0.05412603169679642
ACH-000161,9956119,0,0.0538775771856308
ACH-000161,9956222,0,0.05411102995276451
ACH-000161,9967941,1,0.05442097783088684
ACH-000169,10074640,0,0.057847753167152405
ACH-000169,11625818,0,0.05754007771611214
ACH-000169,11634725,1,0.05791809782385826
ACH-000169,24772860,0,0.057819727808237076
ACH-000169,24894414,0,0.05777115374803543
ACH-000169,24951314,0,0.057709865272045135
ACH-000169,25167777,0,0.05757279694080353
ACH-000169,3218,0,0.05679034814238548
ACH-000169,44143370,0,0.057883087545633316
ACH-000169,44551660,0,0.05744433403015137
ACH-000169,44632017,0,0.0574389323592186
ACH-000169,46883536,0,0.05773297697305679
ACH-000169,46885626,0,0.05819269269704819
ACH-000169,46907787,0,0.05753346160054207
ACH-000169,54676905,0,0.05744815617799759
ACH-000169,54685215,0,0.05762666091322899
ACH-000169,5746,0,0.05819690600037575
ACH-000169,6445562,0,0.05789583548903465
ACH-000169,6450816,0,0.05824028328061104
ACH-000169,6918638,0,0.05745495855808258
ACH-000169,9868037,0,0.057486727833747864
ACH-000169,9952773,0,0.057671815156936646
ACH-000169,9956119,0,0.057408083230257034
ACH-000169,9956222,0,0.05765588954091072
ACH-000169,9967941,0,0.05798490345478058
ACH-000204,10074640,1,0.08086606115102768
ACH-000204,10127622,0,0.08049362897872925
ACH-000204,10302451,0,0.08063187450170517
ACH-000204,10461815,0,0.0803726390004158
ACH-000204,11327430,0,0.08085456490516663
ACH-000204,11433190,0,0.08144361525774002
ACH-000204,11624601,1,0.08022741228342056
ACH-000204,11625818,0,0.080423504114151
ACH-000204,11634725,0,0.08093900233507156
ACH-000204,11676786,0,0.08076535910367966
ACH-000204,148124,0,0.08229504525661469
ACH-000204,16038120,0,0.08124637603759766
ACH-000204,176158,0,0.08016108721494675
ACH-000204,17755052,0,0.08070442080497742
ACH-000204,24772860,0,0.08080487698316574
ACH-000204,24894414,1,0.08077231049537659
ACH-000204,24951314,0,0.080655038356781
ACH-000204,25167777,0,0.08046813309192657
ACH-000204,3062316,0,0.08067178726196289
ACH-000204,3218,0,0.0795137882232666
ACH-000204,36314,0,0.08207295835018158
ACH-000204,44143370,0,0.08091342449188232
ACH-000204,444795,0,0.08055058866739273
ACH-000204,44551660,0,0.0802929475903511
ACH-000204,44632017,0,0.08028559386730194
ACH-000204,462382,0,0.08099715411663055
ACH-000204,46883536,1,0.080686554312706
ACH-000204,46885626,0,0.08131329715251923
ACH-000204,46907787,0,0.08041450381278992
ACH-000204,5311510,0,0.08040453493595123
ACH-000204,54676905,0,0.08029816299676895
ACH-000204,54685215,0,0.08054158836603165
ACH-000204,5717801,1,0.08058460056781769
ACH-000204,5746,0,0.08131904900074005
ACH-000204,6445562,0,0.08090860396623611
ACH-000204,6450816,0,0.08137817680835724
ACH-000204,6710780,0,0.08161403983831406
ACH-000204,6918454,0,0.07956526428461075
ACH-000204,6918638,0,0.08030742406845093
ACH-000204,9868037,1,0.08035078644752502
ACH-000204,9952773,0,0.08060316741466522
ACH-000204,9956119,0,0.08024352788925171
ACH-000204,9956222,0,0.08058145642280579
ACH-000204,9967941,0,0.08103004842996597
ACH-000218,10074640,0,0.08819399029016495
ACH-000218,10302451,0,0.08794061094522476
ACH-000218,10461815,0,0.08766013383865356
ACH-000218,11625818,1,0.08767295628786087
ACH-000218,11634725,1,0.08824795484542847
ACH-000218,11676786,1,0.08807971328496933
ACH-000218,148124,0,0.08963806182146072
ACH-000218,16038120,0,0.08860546350479126
ACH-000218,176158,0,0.08743123710155487
ACH-000218,24772860,0,0.08812779188156128
ACH-000218,24894414,1,0.08809256553649902
ACH-000218,24951314,0,0.0879657045006752
ACH-000218,25167777,1,0.08771654218435287
ACH-000218,3062316,0,0.08798376470804214
ACH-000218,3218,0,0.08673076331615448
ACH-000218,36314,0,0.0893980860710144
ACH-000218,44143370,0,0.0881839469075203
ACH-000218,444795,1,0.08776748180389404
ACH-000218,44551660,1,0.08757391571998596
ACH-000218,44632017,0,0.08756595104932785
ACH-000218,462382,0,0.08833584189414978
ACH-000218,46883536,0,0.08798001706600189
ACH-000218,46885626,1,0.08867685496807098
ACH-000218,46907787,0,0.08770541846752167
ACH-000218,5311510,0,0.08762357383966446
ACH-000218,54676905,0,0.08757953345775604
ACH-000218,54685215,0,0.08784294873476028
ACH-000218,5717801,0,0.08788097649812698
ACH-000218,5746,0,0.08864956349134445
ACH-000218,6445562,0,0.08824003487825394
ACH-000218,6450816,0,0.08873648941516876
ACH-000218,6710780,0,0.08899056166410446
ACH-000218,6918454,1,0.08678647875785828
ACH-000218,6918638,0,0.0875895768404007
ACH-000218,9868037,0,0.08757473528385162
ACH-000218,9952773,1,0.08790957927703857
ACH-000218,9956119,0,0.08750291913747787
ACH-000218,9956222,0,0.08788609504699707
ACH-000218,9967941,0,0.08837142586708069
ACH-000219,10074640,0,0.06303426623344421
ACH-000219,10127622,0,0.06273837387561798
ACH-000219,11327430,1,0.06302514672279358
ACH-000219,11433190,1,0.06349329650402069
ACH-000219,11624601,1,0.0625268965959549
ACH-000219,11625818,0,0.06268267333507538
ACH-000219,11634725,1,0.06309222429990768
ACH-000219,148124,0,0.06421127915382385
ACH-000219,176158,1,0.06247420981526375
ACH-000219,17755052,0,0.06290585547685623
ACH-000219,24772860,0,0.06298566609621048
ACH-000219,24894414,0,0.06295979768037796
ACH-000219,24951314,0,0.06286662817001343
ACH-000219,25167777,0,0.06271810829639435
ACH-000219,3218,1,0.06194271147251129
ACH-000219,44143370,0,0.06307192146778107
ACH-000219,444795,0,0.06273723393678665
ACH-000219,44551660,0,0.062578946352005
ACH-000219,44632017,0,0.06257311254739761
ACH-000219,46883536,1,0.06289166212081909
ACH-000219,46885626,1,0.06338969618082047
ACH-000219,46907787,0,0.06267552077770233
ACH-000219,54676905,0,0.0625830888748169
ACH-000219,54685215,0,0.06277648359537125
ACH-000219,5746,0,0.06339427083730698
ACH-000219,6445562,0,0.06306809931993484
ACH-000219,6450816,0,0.06344125419855118
ACH-000219,6710780,1,0.06362873315811157
ACH-000219,6918454,1,0.062000975012779236
ACH-000219,6918638,0,0.06259044259786606
ACH-000219,9868037,0,0.06262488663196564
ACH-000219,9952773,0,0.06282541900873184
ACH-000219,9956222,0,0.06280816346406937
ACH-000219,9967941,0,0.0631645917892456
ACH-000221,10074640,0,0.06895852088928223
ACH-000221,11625818,0,0.06861069053411484
ACH-000221,11634725,0,0.06905613094568253
ACH-000221,24772860,0,0.06894022226333618
ACH-000221,24894414,0,0.06886828690767288
ACH-000221,24951314,0,0.06881076097488403
ACH-000221,25167777,0,0.06864921748638153
ACH-000221,3218,0,0.06771261990070343
ACH-000221,44143370,0,0.06900014728307724
ACH-000221,44551660,0,0.06849786639213562
ACH-000221,44632017,0,0.06849150359630585
ACH-000221,46883536,0,0.06883799284696579
ACH-000221,46885626,1,0.06937962025403976
ACH-000221,46907787,0,0.06860289722681046
ACH-000221,54676905,0,0.06850235164165497
ACH-000221,54685215,0,0.06871270388364792
ACH-000221,5746,0,0.06938458234071732
ACH-000221,6445562,0,0.06901876628398895
ACH-000221,6450816,0,0.06943569332361221
ACH-000221,6918638,0,0.06851037591695786
ACH-000221,9868037,0,0.06854782998561859
ACH-000221,9952773,0,0.06876592338085175
ACH-000221,9956119,1,0.06845515221357346
ACH-000221,9956222,1,0.06874716281890869
ACH-000221,9967941,1,0.0691286027431488
ACH-000228,10074640,0,0.04520895332098007
ACH-000228,11625818,0,0.04509144648909569
ACH-000228,11634725,0,0.04536034166812897
ACH-000228,24772860,0,0.045264750719070435
ACH-000228,24894414,0,0.04527924209833145
ACH-000228,24951314,0,0.04521864652633667
ACH-000228,25167777,0,0.04502290114760399
ACH-000228,3218,0,0.04454152658581734
ACH-000228,44143370,0,0.04523270204663277
ACH-000228,44551660,0,0.044959768652915955
ACH-000228,46883536,0,0.04518815875053406
ACH-000228,46885626,0,0.0455375574529171
ACH-000228,46907787,0,0.04505626857280731
ACH-000228,54676905,0,0.04496655613183975
ACH-000228,5746,0,0.04555942863225937
ACH-000228,6445562,0,0.04533754289150238
ACH-000228,6450816,0,0.04571549966931343
ACH-000228,6918638,0,0.04509592428803444
ACH-000228,9868037,0,0.04501078650355339
ACH-000228,9952773,0,0.04519391059875488
ACH-000228,9956119,0,0.044912781566381454
ACH-000228,9956222,0,0.04509847238659859
ACH-000228,9967941,0,0.04537297040224075
ACH-000236,10074640,0,0.06123967096209526
ACH-000236,10127622,1,0.06095191463828087
ACH-000236,11327430,0,0.06123104318976402
ACH-000236,11433190,0,0.06168593466281891
ACH-000236,11624601,0,0.060746051371097565
ACH-000236,11625818,0,0.060897696763277054
ACH-000236,11634725,0,0.06129634752869606
ACH-000236,148124,0,0.06238564848899841
ACH-000236,176158,0,0.060694772750139236
ACH-000236,17755052,0,0.06111463904380798
ACH-000236,24772860,0,0.06119076535105705
ACH-000236,24894414,0,0.06116668879985809
ACH-000236,24951314,0,0.06107455864548683
ACH-000236,25167777,0,0.06093219295144081
ACH-000236,3218,0,0.06017225980758667
ACH-000236,44143370,0,0.06127658858895302
ACH-000236,444795,0,0.06094500422477722
ACH-000236,44551660,0,0.06079671531915665
ACH-000236,44632017,0,0.06079104542732239
ACH-000236,46883536,0,0.06110111251473427
ACH-000236,46885626,0,0.06158589571714401
ACH-000236,46907787,0,0.06088913977146149
ACH-000236,54676905,0,0.06080038100481033
ACH-000236,54685215,0,0.06098899617791176
ACH-000236,5746,0,0.061590343713760376
ACH-000236,6445562,0,0.061272863298654556
ACH-000236,6450816,0,0.061636097729206085
ACH-000236,6710780,0,0.061817243695259094
ACH-000236,6918454,0,0.06023416668176651
ACH-000236,6918638,0,0.06080791726708412
ACH-000236,9868037,0,0.06084143742918968
ACH-000236,9952773,0,0.061036624014377594
ACH-000236,9956119,1,0.060758497565984726
ACH-000236,9956222,0,0.06101983040571213
ACH-000236,9967941,0,0.061366256326436996
ACH-000244,10074640,1,0.06416790932416916
ACH-000244,10127622,0,0.06386964023113251
ACH-000244,11327430,0,0.06416123360395432
ACH-000244,11433190,1,0.06463723629713058
ACH-000244,11624601,0,0.06365461647510529
ACH-000244,11625818,0,0.06381302326917648
ACH-000244,11634725,0,0.06422944366931915
ACH-000244,148124,0,0.06536725163459778
ACH-000244,176158,0,0.06360103189945221
ACH-000244,17755052,0,0.0640399307012558
ACH-000244,24772860,0,0.06412110477685928
ACH-000244,24894414,0,0.0640835165977478
ACH-000244,24951314,0,0.06400005519390106
ACH-000244,25167777,0,0.06384904682636261
ACH-000244,3218,0,0.06300270557403564
ACH-000244,44143370,0,0.06420686095952988
ACH-000244,444795,0,0.06380990147590637
ACH-000244,44551660,1,0.06370755285024643
ACH-000244,44632017,0,0.06370161473751068
ACH-000244,46883536,0,0.06402552127838135
ACH-000244,46885626,0,0.06453192234039307
ACH-000244,46907787,0,0.0638057217001915
ACH-000244,54676905,0,0.0637117475271225
ACH-000244,54685215,0,0.0639083981513977
ACH-000244,5746,0,0.06453654170036316
ACH-000244,6445562,1,0.06420490890741348
ACH-000244,6450816,0,0.06458432972431183
ACH-000244,6710780,0,0.0647483766078949
ACH-000244,6918454,0,0.06311985105276108
ACH-000244,6918638,0,0.0637192353606224
ACH-000244,9868037,1,0.06375426054000854
ACH-000244,9952773,0,0.06395815312862396
ACH-000244,9956119,0,0.06366761773824692
ACH-000244,9956222,0,0.06394059956073761
ACH-000244,9967941,0,0.06430301815271378
ACH-000249,10074640,0,0.05995871499180794
ACH-000249,10127622,0,0.05970533937215805
ACH-000249,10302451,0,0.05978423357009888
ACH-000249,10461815,0,0.05961344763636589
ACH-000249,11327430,0,0.05997912958264351
ACH-000249,11433190,0,0.060425929725170135
ACH-000249,11624601,0,0.059503424912691116
ACH-000249,11625818,0,0.0596521720290184
ACH-000249,11634725,0,0.06004318967461586
ACH-000249,11676786,0,0.059911467134952545
ACH-000249,148124,0,0.06107825040817261
ACH-000249,16038120,0,0.06027643010020256
ACH-000249,176158,0,0.059453122317790985
ACH-000249,17755052,0,0.05986522138118744
ACH-000249,24772860,0,0.05994023382663727
ACH-000249,24894414,0,0.05987934768199921
ACH-000249,24951314,0,0.05982626974582672
ACH-000249,25167777,0,0.05968598276376724
ACH-000249,3062316,0,0.05982613563537598
ACH-000249,3218,0,0.05886495113372803
ACH-000249,36314,0,0.06090960279107094
ACH-000249,44143370,0,0.059995245188474655
ACH-000249,444795,0,0.059621989727020264
ACH-000249,44551660,0,0.05955313518643379
ACH-000249,462382,0,0.06008734181523323
ACH-000249,46883536,0,0.059851691126823425
ACH-000249,46885626,0,0.06032719835639
ACH-000249,46907787,0,0.05964437499642372
ACH-000249,5311510,0,0.05963777378201485
ACH-000249,54676905,0,0.05955708026885986
ACH-000249,54685215,0,0.05974171683192253
ACH-000249,5717801,0,0.05977435037493706
ACH-000249,5746,0,0.060331545770168304
ACH-000249,6445562,0,0.060011573135852814
ACH-000249,6450816,0,0.06037643551826477
ACH-000249,6710780,0,0.06050284579396248
ACH-000249,6918454,1,0.05900134891271591
ACH-000249,6918638,0,0.059564102441072464
ACH-000249,9868037,0,0.059596989303827286
ACH-000249,9952773,0,0.059788431972265244
ACH-000249,9956119,0,0.059515636414289474
ACH-000249,9956222,0,0.05977196618914604
ACH-000249,9967941,0,0.06010802090167999
ACH-000270,10074640,0,0.05293593555688858
ACH-000270,11625818,0,0.05278028920292854
ACH-000270,11634725,1,0.053106702864170074
ACH-000270,24772860,0,0.05300116539001465
ACH-000270,24894414,0,0.0530456081032753
ACH-000270,24951314,0,0.052939191460609436
ACH-000270,25167777,1,0.05274009704589844
ACH-000270,3218,0,0.05219128355383873
ACH-000270,44143370,0,0.05295121669769287
ACH-000270,44551660,0,0.05264854431152344
ACH-000270,44632017,0,0.05261421203613281
ACH-000270,46883536,1,0.05290203541517258
ACH-000270,46885626,0,0.053326912224292755
ACH-000270,46907787,0,0.05276147276163101
ACH-000270,54676905,0,0.05268529802560806
ACH-000270,54685215,0,0.05288383737206459
ACH-000270,5746,0,0.053371917456388474
ACH-000270,6445562,0,0.05307473987340927
ACH-000270,6450816,0,0.053425028920173645
ACH-000270,6918638,0,0.052797794342041016
ACH-000270,9868037,0,0.05267659202218056
ACH-000270,9952773,0,0.05290992558002472
ACH-000270,9956119,0,0.05262216180562973
ACH-000270,9956222,0,0.052800655364990234
ACH-000270,9967941,0,0.053132954984903336
ACH-000271,10074640,0,0.0880371704697609
ACH-000271,10127622,0,0.08766460418701172
ACH-000271,11327430,1,0.08800013363361359
ACH-000271,11433190,0,0.08861961215734482
ACH-000271,11624601,1,0.08741460740566254
ACH-000271,11625818,1,0.08750315010547638
ACH-000271,11634725,0,0.08807716518640518
ACH-000271,17755052,1,0.08780703693628311
ACH-000271,24772860,0,0.08808241784572601
ACH-000271,24894414,1,0.087952621281147
ACH-000271,24951314,1,0.08787646144628525
ACH-000271,25167777,1,0.08754667639732361
ACH-000271,44143370,0,0.08801326900720596
ACH-000271,44551660,1,0.08748721331357956
ACH-000271,44632017,0,0.08740698546171188
ACH-000271,46883536,1,0.08780966699123383
ACH-000271,46885626,1,0.08850529789924622
ACH-000271,46907787,1,0.08766025304794312
ACH-000271,54685215,1,0.08772152662277222
ACH-000271,6445562,1,0.08807507902383804
ACH-000271,6450816,1,0.08856484293937683
ACH-000271,6918638,1,0.08748578280210495
ACH-000271,9868037,1,0.08740510046482086
ACH-000271,9952773,1,0.08778256177902222
ACH-000271,9956119,1,0.08733341842889786
ACH-000271,9956222,1,0.08779814094305038
ACH-000271,9967941,0,0.08828087896108627
ACH-000298,10074640,0,0.042234133929014206
ACH-000298,11625818,0,0.04209575802087784
ACH-000298,11634725,0,0.04235643520951271
ACH-000298,148124,0,0.043081700801849365
ACH-000298,176158,0,0.04197559133172035
ACH-000298,24772860,0,0.04235640913248062
ACH-000298,24894414,0,0.04230847582221031
ACH-000298,24951314,0,0.04227719455957413
ACH-000298,25167777,0,0.042029235512018204
ACH-000298,3218,0,0.04166817665100098
ACH-000298,44143370,0,0.04221857711672783
ACH-000298,444795,0,0.04218330979347229
ACH-000298,44551660,0,0.04203551635146141
ACH-000298,44632017,0,0.0419481098651886
ACH-000298,46883536,0,0.04219770431518555
ACH-000298,46885626,0,0.04253455251455307
ACH-000298,46907787,0,0.04216058924794197
ACH-000298,54676905,0,0.04208168014883995
ACH-000298,54685215,0,0.04222983494400978
ACH-000298,5746,0,0.04253813251852989
ACH-000298,6445562,0,0.042350586503744125
ACH-000298,6450816,0,0.042641010135412216
ACH-000298,6710780,0,0.042633719742298126
ACH-000298,6918454,0,0.04162221774458885
ACH-000298,6918638,0,0.04215458035469055
ACH-000298,9868037,0,0.042010389268398285
ACH-000298,9952773,0,0.0422348752617836
ACH-000298,9956119,0,0.04194085672497749
ACH-000298,9956222,0,0.0421651154756546
ACH-000298,9967941,0,0.04242146015167236
ACH-000304,10074640,1,0.05499900132417679
ACH-000304,10127622,1,0.054738592356443405
ACH-000304,11327430,0,0.05499095097184181
ACH-000304,11433190,1,0.05540294572710991
ACH-000304,11624601,0,0.054552529007196426
ACH-000304,11625818,1,0.05468958988785744
ACH-000304,11634725,1,0.05504998192191124
ACH-000304,148124,0,0.05603492259979248
ACH-000304,176158,0,0.054506149142980576
ACH-000304,17755052,0,0.05488596856594086
ACH-000304,24772860,0,0.05495622009038925
ACH-000304,24894414,0,0.05493343994021416
ACH-000304,24951314,0,0.0548514761030674
ACH-000304,25167777,0,0.05472077429294586
ACH-000304,3218,0,0.054053857922554016
ACH-000304,44143370,0,0.05503212288022041
ACH-000304,444795,0,0.054778434336185455
ACH-000304,44551660,0,0.05459831282496452
ACH-000304,44632017,0,0.05459318682551384
ACH-000304,46883536,0,0.05487349256873131
ACH-000304,46885626,0,0.05531177297234535
ACH-000304,46907787,0,0.054683294147253036
ACH-000304,54676905,0,0.05460197106003761
ACH-000304,54685215,0,0.054772138595581055
ACH-000304,5746,0,0.05531579628586769
ACH-000304,6445562,0,0.05502874776721001
ACH-000304,6450816,0,0.05535716190934181
ACH-000304,6710780,0,0.05552217364311218
ACH-000304,6918454,1,0.054089806973934174
ACH-000304,6918638,0,0.05460844561457634
ACH-000304,9868037,0,0.05463874712586403
ACH-000304,9952773,0,0.05481520667672157
ACH-000304,9956119,1,0.054563771933317184
ACH-000304,9956222,1,0.05480001121759415
ACH-000304,9967941,1,0.05511368066072464
ACH-000311,10074640,0,0.0496092215180397
ACH-000311,11625818,0,0.04947495833039284
ACH-000311,11634725,0,0.04977458342909813
ACH-000311,148124,0,0.050698112696409225
ACH-000311,176158,0,0.04928227886557579
ACH-000311,24772860,0,0.04967017471790314
ACH-000311,24894414,0,0.04968602582812309
ACH-000311,24951314,0,0.04961983114480972
ACH-000311,25167777,0,0.04939856007695198
ACH-000311,3218,1,0.048880163580179214
ACH-000311,44143370,0,0.04963516816496849
ACH-000311,444795,0,0.04958995431661606
ACH-000311,44551660,0,0.04933704435825348
ACH-000311,46883536,1,0.04958651587367058
ACH-000311,46885626,0,0.04996369779109955
ACH-000311,46907787,0,0.04944247007369995
ACH-000311,54676905,0,0.049344468861818314
ACH-000311,54685215,0,0.049583062529563904
ACH-000311,5746,1,0.04999202862381935
ACH-000311,6445562,0,0.04974967986345291
ACH-000311,6450816,0,0.05009227618575096
ACH-000311,6710780,0,0.05008440464735031
ACH-000311,6918454,0,0.048852890729904175
ACH-000311,6918638,0,0.04948435723781586
ACH-000311,9868037,0,0.04939277470111847
ACH-000311,9952773,0,0.049590155482292175
ACH-000311,9956119,1,0.04928227886557579
ACH-000311,9956222,0,0.049483805894851685
ACH-000311,9967941,0,0.04978839308023453
ACH-000323,10074640,0,0.05955348163843155
ACH-000323,10127622,0,0.05927504226565361
ACH-000323,11327430,0,0.059546973556280136
ACH-000323,11433190,0,0.059990961104631424
ACH-000323,11624601,0,0.05907449126243591
ACH-000323,11625818,0,0.059222228825092316
ACH-000323,11634725,0,0.05961061641573906
ACH-000323,148124,0,0.06067191809415817
ACH-000323,176158,0,0.05902453884482384
ACH-000323,17755052,0,0.05943385139107704
ACH-000323,24772860,0,0.059509556740522385
ACH-000323,24894414,0,0.059474751353263855
ACH-000323,24951314,0,0.05939660221338272
ACH-000323,25167777,0,0.05925583094358444
ACH-000323,3218,0,0.058466847985982895
ACH-000323,44143370,0,0.05958980321884155
ACH-000323,444795,0,0.059219587594270706
ACH-000323,44551660,0,0.059123869985342026
ACH-000323,44632017,0,0.05911833420395851
ACH-000323,46883536,0,0.0594203919172287
ACH-000323,46885626,0,0.05989271402359009
ACH-000323,46907787,0,0.05921543389558792
ACH-000323,54676905,0,0.05912778899073601
ACH-000323,54685215,0,0.05931117385625839
ACH-000323,5746,0,0.0598970390856266
ACH-000323,6445562,0,0.059587717056274414
ACH-000323,6450816,0,0.059941619634628296
ACH-000323,6710780,0,0.06009487435221672
ACH-000323,6918454,0,0.058575816452503204
ACH-000323,6918638,0,0.05913476645946503
ACH-000323,9868037,0,0.05916743353009224
ACH-000323,9952773,0,0.059357572346925735
ACH-000323,9956119,0,0.0590866357088089
ACH-000323,9956222,0,0.059341222047805786
ACH-000323,9967941,0,0.05967922881245613
ACH-000332,10074640,0,0.05801082029938698
ACH-000332,10127622,0,0.05782640352845192
ACH-000332,11327430,0,0.05812187120318413
ACH-000332,11433190,0,0.05853983759880066
ACH-000332,11624601,0,0.05756436288356781
ACH-000332,11625818,0,0.057873573154211044
ACH-000332,11634725,0,0.0581975132226944
ACH-000332,148124,0,0.05921657010912895
ACH-000332,176158,0,0.0576682984828949
ACH-000332,17755052,0,0.05800715833902359
ACH-000332,24772860,0,0.05812203511595726
ACH-000332,24894414,0,0.05796409398317337
ACH-000332,24951314,0,0.0579567477107048
ACH-000332,25167777,0,0.05784935876727104
ACH-000332,3218,0,0.05696668103337288
ACH-000332,44143370,0,0.058041512966156006
ACH-000332,444795,0,0.05774500593543053
ACH-000332,44551660,0,0.0577315092086792
ACH-000332,44632017,0,0.0576561875641346
ACH-000332,46883536,0,0.05806896835565567
ACH-000332,46885626,0,0.05844319984316826
ACH-000332,46907787,0,0.057836391031742096
ACH-000332,54676905,0,0.0576355941593647
ACH-000332,54685215,0,0.05799070745706558
ACH-000332,5746,0,0.058477677404880524
ACH-000332,6445562,0,0.05813427269458771
ACH-000332,6450816,0,0.05860799178481102
ACH-000332,6710780,0,0.05853784456849098
ACH-000332,6918454,0,0.05708976835012436
ACH-000332,6918638,0,0.05780094861984253
ACH-000332,9868037,0,0.05780346319079399
ACH-000332,9952773,0,0.05794951692223549
ACH-000332,9956119,0,0.05765661597251892
ACH-000332,9956222,0,0.057926248759031296
ACH-000332,9967941,0,0.05820927768945694
ACH-000356,10074640,0,0.05854758992791176
ACH-000356,11625818,0,0.05822885408997536
ACH-000356,11634725,0,0.058611124753952026
ACH-000356,148124,0,0.05965576320886612
ACH-000356,176158,0,0.05803429335355759
ACH-000356,24772860,0,0.05851167440414429
ACH-000356,24894414,0,0.058470141142606735
ACH-000356,24951314,0,0.05840054899454117
ACH-000356,25167777,0,0.0582619309425354
ACH-000356,3218,0,0.05746741220355034
ACH-000356,44143370,0,0.058583375066518784
ACH-000356,444795,0,0.058219000697135925
ACH-000356,44551660,0,0.05813204124569893
ACH-000356,44632017,0,0.05809195339679718
ACH-000356,46883536,0,0.05842391774058342
ACH-000356,46885626,0,0.058888792991638184
ACH-000356,46907787,0,0.05822218209505081
ACH-000356,54676905,0,0.05811255797743797
ACH-000356,54685215,0,0.05831640586256981
ACH-000356,5746,0,0.05888422951102257
ACH-000356,6445562,0,0.058588605374097824
ACH-000356,6450816,0,0.05893693491816521
ACH-000356,6710780,0,0.05908045545220375
ACH-000356,6918454,0,0.057551391422748566
ACH-000356,6918638,0,0.0581427738070488
ACH-000356,9868037,0,0.05817493796348572
ACH-000356,9952773,0,0.05836208164691925
ACH-000356,9956119,0,0.058095384389162064
ACH-000356,9956222,0,0.0583459697663784
ACH-000356,9967941,0,0.05867867171764374
ACH-000358,10074640,0,0.04136999696493149
ACH-000358,10127622,0,0.04124806821346283
ACH-000358,10302451,0,0.04129395633935928
ACH-000358,10461815,0,0.041126661002635956
ACH-000358,11327430,0,0.04137912020087242
ACH-000358,11433190,0,0.04179791361093521
ACH-000358,11624601,0,0.04109387472271919
ACH-000358,11625818,0,0.04122498258948326
ACH-000358,11634725,0,0.04148588329553604
ACH-000358,11676786,0,0.04134916514158249
ACH-000358,148124,0,0.04218751937150955
ACH-000358,16038120,0,0.0416409969329834
ACH-000358,176158,0,0.04109228029847145
ACH-000358,17755052,0,0.04126329347491264
ACH-000358,24772860,0,0.041490402072668076
ACH-000358,24894414,0,0.04144558683037758
ACH-000358,24951314,0,0.04140629991889
ACH-000358,25167777,0,0.041171811521053314
ACH-000358,3062316,0,0.04125617817044258
ACH-000358,3218,0,0.040817804634571075
ACH-000358,36314,0,0.04207789525389671
ACH-000358,44143370,0,0.041357457637786865
ACH-000358,444795,0,0.041320402175188065
ACH-000358,44551660,0,0.04117685556411743
ACH-000358,44632017,0,0.04109225794672966
ACH-000358,462382,0,0.04164706543087959
ACH-000358,46883536,0,0.04132656008005142
ACH-000358,46885626,0,0.04166726768016815
ACH-000358,46907787,0,0.041300177574157715
ACH-000358,5311510,0,0.041141338646411896
ACH-000358,54676905,0,0.04122322425246239
ACH-000358,54685215,0,0.04134603962302208
ACH-000358,5717801,0,0.0413854755461216
ACH-000358,5746,0,0.0416707880795002
ACH-000358,6445562,0,0.041475795209407806
ACH-000358,6450816,0,0.04174429550766945
ACH-000358,6710780,0,0.041737161576747894
ACH-000358,6918454,0,0.04077274352312088
ACH-000358,9868037,0,0.04114299267530441
ACH-000358,9952773,0,0.041363950818777084
ACH-000358,9956119,0,0.04108515754342079
ACH-000358,9956222,0,0.04129679873585701
ACH-000358,9967941,0,0.041556380689144135
ACH-000363,10074640,0,0.08290984481573105
ACH-000363,10127622,0,0.0826217532157898
ACH-000363,10302451,0,0.08267446607351303
ACH-000363,10461815,0,0.08250296860933304
ACH-000363,11327430,0,0.08298598229885101
ACH-000363,11433190,0,0.08358100056648254
ACH-000363,11624601,0,0.0823083445429802
ACH-000363,11625818,0,0.08259454369544983
ACH-000363,11634725,0,0.08307740837335587
ACH-000363,11676786,0,0.08287028223276138
ACH-000363,148124,0,0.08446938544511795
ACH-000363,16038120,0,0.08343757688999176
ACH-000363,176158,0,0.08231528848409653
ACH-000363,17755052,0,0.082857146859169
ACH-000363,24772860,0,0.08298121392726898
ACH-000363,24894414,1,0.08280301094055176
ACH-000363,24951314,0,0.08273915201425552
ACH-000363,25167777,1,0.08264023065567017
ACH-000363,3062316,0,0.08273133635520935
ACH-000363,3218,0,0.08143394440412521
ACH-000363,36314,0,0.08425130695104599
ACH-000363,44143370,0,0.08295916765928268
ACH-000363,444795,0,0.08245648443698883
ACH-000363,44551660,0,0.08244030922651291
ACH-000363,462382,0,0.08313716948032379
ACH-000363,46883536,0,0.08286403864622116
ACH-000363,46885626,0,0.08344068378210068
ACH-000363,46907787,0,0.08258529752492905
ACH-000363,5311510,0,0.08257507532835007
ACH-000363,54676905,0,0.08238227665424347
ACH-000363,54685215,0,0.0827154815196991
ACH-000363,5717801,0,0.0827595666050911
ACH-000363,5746,0,0.08351202309131622
ACH-000363,6445562,0,0.08298119157552719
ACH-000363,6450816,0,0.08357261121273041
ACH-000363,6710780,0,0.08364471793174744
ACH-000363,6918454,0,0.08164739608764648
ACH-000363,6918638,0,0.08247557282447815
ACH-000363,9868037,0,0.0825200006365776
ACH-000363,9952773,0,0.08272740989923477
ACH-000363,9956119,0,0.08237891644239426
ACH-000363,9956222,0,0.08269745111465454
ACH-000363,9967941,1,0.08311129361391068
ACH-000369,10127622,0,0.08623719960451126
ACH-000369,11327430,1,0.08662144094705582
ACH-000369,11433190,0,0.08724856376647949
ACH-000369,11624601,0,0.08595378696918488
ACH-000369,148124,0,0.08820987492799759
ACH-000369,176158,1,0.08588317036628723
ACH-000369,17755052,1,0.0864616185426712
ACH-000369,444795,0,0.08615092933177948
ACH-000369,44632017,1,0.08601570874452591
ACH-000369,54685215,0,0.08628825843334198
ACH-000369,6710780,0,0.0873873233795166
ACH-000369,6918454,0,0.08524873852729797
ACH-000383,10074640,0,0.05942613258957863
ACH-000383,10127622,0,0.05921434983611107
ACH-000383,11327430,0,0.05948208272457123
ACH-000383,11433190,0,0.05991961434483528
ACH-000383,11624601,0,0.058948397636413574
ACH-000383,11625818,0,0.05916263163089752
ACH-000383,11634725,0,0.05954931303858757
ACH-000383,148124,0,0.060577306896448135
ACH-000383,176158,1,0.05896512046456337
ACH-000383,17755052,0,0.059374041855335236
ACH-000383,24772860,0,0.05944949388504028
ACH-000383,24894414,0,0.05934757739305496
ACH-000383,24951314,0,0.05930013209581375
ACH-000383,25167777,0,0.059196192771196365
ACH-000383,3218,0,0.05833723023533821
ACH-000383,44143370,0,0.059462372213602066
ACH-000383,444795,0,0.059092916548252106
ACH-000383,44551660,0,0.0590643435716629
ACH-000383,44632017,0,0.05903021991252899
ACH-000383,46883536,0,0.059360623359680176
ACH-000383,46885626,0,0.059816401451826096
ACH-000383,46907787,0,0.05915583670139313
ACH-000383,54676905,0,0.059021223336458206
ACH-000383,54685215,0,0.05925150588154793
ACH-000383,5746,0,0.05983447656035423
ACH-000383,6445562,0,0.059478577226400375
ACH-000383,6450816,0,0.05988132953643799
ACH-000383,6710780,0,0.05996645241975784
ACH-000383,6918454,0,0.058463092893362045
ACH-000383,6918638,0,0.0590752512216568
ACH-000383,9868037,0,0.05910786986351013
ACH-000383,9952773,0,0.05929200351238251
ACH-000383,9956119,0,0.05902715027332306
ACH-000383,9956222,0,0.059269979596138
ACH-000383,9967941,0,0.059574227780103683
ACH-000394,10074640,0,0.041988953948020935
ACH-000394,10127622,0,0.04186256229877472
ACH-000394,10302451,0,0.04190908372402191
ACH-000394,10461815,0,0.04173940047621727
ACH-000394,11327430,0,0.04201185703277588
ACH-000394,11433190,0,0.042420223355293274
ACH-000394,11624601,0,0.0417061410844326
ACH-000394,11625818,0,0.04185134544968605
ACH-000394,11634725,0,0.04211058467626572
ACH-000394,11676786,0,0.04197404533624649
ACH-000394,148124,0,0.042831819504499435
ACH-000394,16038120,0,0.0422709621489048
ACH-000394,176158,0,0.041732728481292725
ACH-000394,17755052,0,0.04190971329808235
ACH-000394,24772860,0,0.042110562324523926
ACH-000394,24894414,0,0.04206288978457451
ACH-000394,24951314,0,0.04203177988529205
ACH-000394,25167777,0,0.041785210371017456
ACH-000394,3062316,0,0.041870780289173126
ACH-000394,3218,0,0.041426174342632294
ACH-000394,36314,0,0.04271383211016655
ACH-000394,44143370,0,0.04197349771857262
ACH-000394,444795,0,0.041938427835702896
ACH-000394,44551660,0,0.04179145395755768
ACH-000394,44632017,0,0.04170452430844307
ACH-000394,462382,0,0.04230058565735817
ACH-000394,46883536,0,0.04195273667573929
ACH-000394,46885626,1,0.04228771850466728
ACH-000394,46907787,0,0.041915811598300934
ACH-000394,5311510,0,0.041754309087991714
ACH-000394,54676905,0,0.04183734208345413
ACH-000394,54685215,0,0.041984688490629196
ACH-000394,5717801,0,0.04202745482325554
ACH-000394,5746,0,0.04229128360748291
ACH-000394,6445562,0,0.042104773223400116
ACH-000394,6450816,0,0.0424121618270874
ACH-000394,6710780,0,0.04240491986274719
ACH-000394,6918454,0,0.04138045012950897
ACH-000394,9868037,0,0.0417664460837841
ACH-000394,9952773,0,0.041989702731370926
ACH-000394,9956119,0,0.04169730842113495
ACH-000394,9956222,0,0.04192032292485237
ACH-000394,9967941,0,0.042175255715847015
ACH-000400,10074640,0,0.05708049610257149
ACH-000400,10127622,0,0.056830767542123795
ACH-000400,11327430,0,0.057055696845054626
ACH-000400,11433190,1,0.05747104436159134
ACH-000400,11624601,0,0.056663256138563156
ACH-000400,11625818,0,0.05672258138656616
ACH-000400,11634725,1,0.057107292115688324
ACH-000400,17755052,0,0.05692625790834427
ACH-000400,24772860,0,0.057092200964689255
ACH-000400,24894414,0,0.05702383071184158
ACH-000400,24951314,0,0.056972771883010864
ACH-000400,25167777,0,0.05675175040960312
ACH-000400,3218,0,0.05611755698919296
ACH-000400,44143370,0,0.0570644773542881
ACH-000400,44551660,0,0.05671190470457077
ACH-000400,44632017,0,0.05665813758969307
ACH-000400,46883536,0,0.056928008794784546
ACH-000400,46885626,0,0.057394370436668396
ACH-000400,46907787,0,0.05680931359529495
ACH-000400,54676905,0,0.05672501027584076
ACH-000400,54685215,0,0.056868914514780045
ACH-000400,5746,0,0.05737610533833504
ACH-000400,6445562,0,0.057105906307697296
ACH-000400,6450816,0,0.05743430182337761
ACH-000400,6918638,0,0.05671095475554466
ACH-000400,9868037,0,0.05665688216686249
ACH-000400,9952773,0,0.05690983310341835
ACH-000400,9956119,0,0.05660884827375412
ACH-000400,9956222,0,0.05692027509212494
ACH-000400,9967941,0,0.05724388733506203
ACH-000403,10074640,0,0.055515676736831665
ACH-000403,10127622,1,0.055273402482271194
ACH-000403,10302451,1,0.05537058785557747
ACH-000403,10461815,0,0.0551871657371521
ACH-000403,11327430,0,0.055493276566267014
ACH-000403,11433190,1,0.05589567869901657
ACH-000403,11624601,0,0.055085837841033936
ACH-000403,11625818,1,0.055168766528367996
ACH-000403,11634725,1,0.05554267391562462
ACH-000403,11676786,1,0.05543287470936775
ACH-000403,148124,0,0.0564495325088501
ACH-000403,16038120,0,0.05579502508044243
ACH-000403,176158,0,0.055040135979652405
ACH-000403,17755052,0,0.05536540225148201
ACH-000403,24772860,0,0.0554911270737648
ACH-000403,24894414,0,0.055460017174482346
ACH-000403,24951314,0,0.05538512021303177
ACH-000403,25167777,0,0.055197183042764664
ACH-000403,3062316,1,0.055369023233652115
ACH-000403,3218,0,0.054555196315050125
ACH-000403,36314,0,0.05629335716366768
ACH-000403,44143370,0,0.055500760674476624
ACH-000403,444795,0,0.05519452691078186
ACH-000403,44551660,0,0.0551331453025341
ACH-000403,44632017,0,0.05510559305548668
ACH-000403,462382,0,0.05562858283519745
ACH-000403,46883536,1,0.05536779388785362
ACH-000403,46885626,0,0.05582200363278389
ACH-000403,46907787,0,0.05521593987941742
ACH-000403,5311510,1,0.05513661354780197
ACH-000403,54676905,0,0.05513497442007065
ACH-000403,54685215,0,0.05530857294797897
ACH-000403,5717801,0,0.05530433729290962
ACH-000403,5746,0,0.055804021656513214
ACH-000403,6445562,1,0.05554082989692688
ACH-000403,6450816,0,0.055861394852399826
ACH-000403,6710780,0,0.05602510645985603
ACH-000403,6918454,0,0.054618317633867264
ACH-000403,6918638,0,0.05514337494969368
ACH-000403,9868037,0,0.055104706436395645
ACH-000403,9952773,0,0.055351193994283676
ACH-000403,9956119,0,0.05505762994289398
ACH-000403,9956222,0,0.055335208773612976
ACH-000403,9967941,0,0.0556512176990509
ACH-000408,10074640,0,0.046530306339263916
ACH-000408,10127622,0,0.04641356319189072
ACH-000408,10302451,0,0.04645932838320732
ACH-000408,10461815,0,0.046274684369564056
ACH-000408,11327430,0,0.0465405136346817
ACH-000408,11433190,0,0.04701773822307587
ACH-000408,11624601,0,0.04624035209417343
ACH-000408,11625818,0,0.0463680736720562
ACH-000408,11634725,0,0.04665994644165039
ACH-000408,11676786,0,0.046507008373737335
ACH-000408,148124,0,0.047444749623537064
ACH-000408,16038120,0,0.04683346301317215
ACH-000408,176158,0,0.04621962085366249
ACH-000408,17755052,0,0.046410948038101196
ACH-000408,24772860,0,0.04662517458200455
ACH-000408,24894414,0,0.04663459211587906
ACH-000408,24951314,0,0.0465705469250679
ACH-000408,25167777,0,0.04632820934057236
ACH-000408,3062316,0,0.04642261192202568
ACH-000408,3218,0,0.04590308666229248
ACH-000408,36314,0,0.04732216149568558
ACH-000408,44143370,0,0.046519242227077484
ACH-000408,444795,0,0.04647482559084892
ACH-000408,44551660,0,0.04631264880299568
ACH-000408,44632017,0,0.04623917490243912
ACH-000408,462382,0,0.04683613032102585
ACH-000408,46883536,0,0.04648171365261078
ACH-000408,46885626,0,0.04686804115772247
ACH-000408,46907787,0,0.04641271010041237
ACH-000408,5311510,0,0.0462857149541378
ACH-000408,54676905,0,0.04634048044681549
ACH-000408,54685215,0,0.04650351032614708
ACH-000408,5717801,0,0.046547625213861465
ACH-000408,5746,0,0.04688659682869911
ACH-000408,6445562,0,0.046648673713207245
ACH-000408,6450816,0,0.04694901779294014
ACH-000408,6710780,0,0.04694104194641113
ACH-000408,6918454,0,0.04587739706039429
ACH-000408,6918638,0,0.046436965465545654
ACH-000408,9868037,0,0.04627636820077896
ACH-000408,9952773,0,0.0465235561132431
ACH-000408,9956119,0,0.046231213957071304
ACH-000408,9956222,0,0.04644736275076866
ACH-000408,9967941,0,0.04674149677157402
ACH-000410,10074640,0,0.051180675625801086
ACH-000410,10127622,0,0.05108372122049332
ACH-000410,11327430,0,0.05126292258501053
ACH-000410,11433190,0,0.051697466522455215
ACH-000410,11624601,0,0.05088331922888756
ACH-000410,11625818,0,0.05104880407452583
ACH-000410,11634725,0,0.05137519910931587
ACH-000410,148124,0,0.05226992443203926
ACH-000410,176158,0,0.050876930356025696
ACH-000410,17755052,0,0.051154084503650665
ACH-000410,24772860,0,0.05129864439368248
ACH-000410,24894414,0,0.051199644804000854
ACH-000410,24951314,0,0.05115881189703941
ACH-000410,25167777,0,0.05107128620147705
ACH-000410,3218,0,0.050324466079473495
ACH-000410,44143370,0,0.051214538514614105
ACH-000410,444795,0,0.05097804218530655
ACH-000410,44551660,0,0.05096328631043434
ACH-000410,44632017,0,0.05095846578478813
ACH-000410,46883536,0,0.0512184202671051
ACH-000410,46885626,0,0.05160631239414215
ACH-000410,46907787,1,0.05104290321469307
ACH-000410,54676905,0,0.05093058571219444
ACH-000410,54685215,0,0.0511261448264122
ACH-000410,5746,0,0.05163558945059776
ACH-000410,6445562,0,0.05131364241242409
ACH-000410,6450816,0,0.05167435109615326
ACH-000410,6710780,0,0.05162697285413742
ACH-000410,6918454,0,0.05046083405613899
ACH-000410,6918638,0,0.05097276717424393
ACH-000410,9868037,0,0.05100115016102791
ACH-000410,9952773,0,0.051151301711797714
ACH-000410,9956119,0,0.050928451120853424
ACH-000410,9956222,0,0.05109997093677521
ACH-000410,9967941,0,0.051393061876297
ACH-000422,10074640,0,0.04665916785597801
ACH-000422,11625818,0,0.046538081020116806
ACH-000422,11634725,0,0.0468151792883873
ACH-000422,24772860,0,0.04671666398644447
ACH-000422,24894414,0,0.0467316173017025
ACH-000422,24951314,0,0.046669162809848785
ACH-000422,25167777,0,0.04646744206547737
ACH-000422,3218,0,0.04595927149057388
ACH-000422,44143370,0,0.04668364301323891
ACH-000422,44551660,0,0.04640239104628563
ACH-000422,46883536,0,0.04663773998618126
ACH-000422,46885626,0,0.0469978041946888
ACH-000422,46907787,0,0.04650183022022247
ACH-000422,54676905,0,0.046409375965595245
ACH-000422,5746,0,0.047020334750413895
ACH-000422,6445562,0,0.0467916838824749
ACH-000422,6450816,0,0.04718116298317909
ACH-000422,6918638,0,0.046542711555957794
ACH-000422,9868037,0,0.046454958617687225
ACH-000422,9952773,0,0.04664367064833641
ACH-000422,9956119,0,0.04635394737124443
ACH-000422,9956222,1,0.046545326709747314
ACH-000422,9967941,0,0.04682820662856102
ACH-000427,10127622,0,0.06445470452308655
ACH-000427,11327430,0,0.0647445097565651
ACH-000427,11433190,0,0.06521805375814438
ACH-000427,11624601,0,0.0641784742474556
ACH-000427,148124,0,0.0659298226237297
ACH-000427,176158,0,0.0642109289765358
ACH-000427,17755052,0,0.06464199721813202
ACH-000427,444795,0,0.06432323902845383
ACH-000427,54685215,0,0.0645352154970169
ACH-000427,6710780,0,0.06526874750852585
ACH-000427,6918454,0,0.06365303695201874
ACH-000430,10074640,0,0.08083097636699677
ACH-000430,10127622,0,0.08051983267068863
ACH-000430,11327430,0,0.08088085800409317
ACH-000430,11433190,0,0.08147012442350388
ACH-000430,11624601,0,0.08024322986602783
ACH-000430,11625818,0,0.08044971525669098
ACH-000430,11634725,0,0.0809653252363205
ACH-000430,148124,0,0.08236049860715866
ACH-000430,176158,0,0.08018720149993896
ACH-000430,17755052,0,0.08073068410158157
ACH-000430,24772860,0,0.08083117753267288
ACH-000430,24894414,0,0.08072652667760849
ACH-000430,24951314,0,0.08066416531801224
ACH-000430,25167777,0,0.08049431443214417
ACH-000430,3218,0,0.07938886433839798
ACH-000430,44143370,0,0.08087917417287827
ACH-000430,444795,0,0.08038797229528427
ACH-000430,44551660,0,0.08031908422708511
ACH-000430,46883536,0,0.08071281760931015
ACH-000430,46885626,0,0.08133972436189651
ACH-000430,46907787,0,0.0804406926035881
ACH-000430,54676905,0,0.08031545579433441
ACH-000430,54685215,1,0.08056780695915222
ACH-000430,5746,0,0.08134547621011734
ACH-000430,6445562,0,0.08090067654848099
ACH-000430,6450816,0,0.08140464127063751
ACH-000430,6710780,0,0.08154905587434769
ACH-000430,6918454,1,0.07959119975566864
ACH-000430,6918638,0,0.08033357560634613
ACH-000430,9868037,0,0.08037693798542023
ACH-000430,9952773,0,0.08062941581010818
ACH-000430,9956119,1,0.08026962727308273
ACH-000430,9956222,0,0.08060768246650696
ACH-000430,9967941,0,0.0810277909040451
ACH-000439,10074640,0,0.08904630690813065
ACH-000439,10127622,0,0.08866988122463226
ACH-000439,10302451,0,0.08885415643453598
ACH-000439,10461815,0,0.08854588866233826
ACH-000439,11327430,0,0.0890088900923729
ACH-000439,11433190,0,0.08963477611541748
ACH-000439,11624601,0,0.08841732144355774
ACH-000439,11625818,0,0.08850675821304321
ACH-000439,11634725,0,0.08908671140670776
ACH-000439,11676786,1,0.08891702443361282
ACH-000439,148124,0,0.09048871695995331
ACH-000439,16038120,0,0.08947726339101791
ACH-000439,176158,0,0.0883103609085083
ACH-000439,17755052,0,0.08881380409002304
ACH-000439,24772860,0,0.08905137330293655
ACH-000439,24894414,0,0.08896090090274811
ACH-000439,24951314,0,0.08888392895460129
ACH-000439,25167777,0,0.08855073153972626
ACH-000439,3062316,0,0.08882024884223938
ACH-000439,3218,0,0.08764107525348663
ACH-000439,36314,0,0.09024669229984283
ACH-000439,44143370,0,0.08902215212583542
ACH-000439,444795,0,0.08859533071517944
ACH-000439,44551660,0,0.08849063515663147
ACH-000439,44632017,0,0.08840959519147873
ACH-000439,462382,0,0.08926138281822205
ACH-000439,46883536,0,0.08881644904613495
ACH-000439,46885626,0,0.08951927721500397
ACH-000439,46907787,0,0.08862500637769699
ACH-000439,5311510,0,0.08845698833465576
ACH-000439,54676905,0,0.08849791437387466
ACH-000439,54685215,0,0.08872739225625992
ACH-000439,5717801,0,0.08871657401323318
ACH-000439,5746,0,0.08949173986911774
ACH-000439,6445562,0,0.08908458799123764
ACH-000439,6450816,0,0.08957941830158234
ACH-000439,6710780,0,0.08983567357063293
ACH-000439,6918454,1,0.08769730478525162
ACH-000439,6918638,0,0.08848921209573746
ACH-000439,9868037,0,0.08840771019458771
ACH-000439,9952773,0,0.08878905326128006
ACH-000439,9956119,0,0.08833526819944382
ACH-000439,9956222,0,0.08880480378866196
ACH-000439,9967941,0,0.08929251879453659
ACH-000443,10074640,0,0.04986598342657089
ACH-000443,10127622,0,0.04974428564310074
ACH-000443,11327430,0,0.049952391535043716
ACH-000443,11433190,0,0.05044376105070114
ACH-000443,11624601,0,0.049525417387485504
ACH-000443,11625818,0,0.04978179186582565
ACH-000443,11634725,0,0.05007721483707428
ACH-000443,148124,0,0.05093587562441826
ACH-000443,176158,0,0.04958919435739517
ACH-000443,17755052,0,0.04985026642680168
ACH-000443,24772860,0,0.04997219517827034
ACH-000443,24894414,0,0.049936313182115555
ACH-000443,24951314,0,0.04990483447909355
ACH-000443,25167777,0,0.04970652237534523
ACH-000443,3218,0,0.04907563701272011
ACH-000443,44143370,0,0.04989258944988251
ACH-000443,444795,0,0.04976612702012062
ACH-000443,44551660,0,0.049637146294116974
ACH-000443,46883536,0,0.04988805949687958
ACH-000443,46885626,0,0.050271883606910706
ACH-000443,46907787,0,0.0497431717813015
ACH-000443,54676905,0,0.04963323846459389
ACH-000443,54685215,1,0.049885187298059464
ACH-000443,5746,0,0.05029589682817459
ACH-000443,6445562,0,0.050024501979351044
ACH-000443,6450816,0,0.05045852065086365
ACH-000443,6710780,0,0.050356291234493256
ACH-000443,6918454,0,0.04914851486682892
ACH-000443,6918638,0,0.04977362975478172
ACH-000443,9868037,0,0.04969320073723793
ACH-000443,9952773,0,0.049894366413354874
ACH-000443,9956119,0,0.049585506319999695
ACH-000443,9956222,0,0.049789540469646454
ACH-000443,9967941,0,0.050067052245140076
ACH-000467,10074640,0,0.058636728674173355
ACH-000467,10127622,1,0.05845377594232559
ACH-000467,11327430,0,0.058666348457336426
ACH-000467,11433190,0,0.05925159901380539
ACH-000467,11624601,0,0.05821322649717331
ACH-000467,11625818,0,0.058473460376262665
ACH-000467,11634725,0,0.05882475525140762
ACH-000467,148124,0,0.059892524033784866
ACH-000467,176158,0,0.05822732672095299
ACH-000467,17755052,0,0.058526381850242615
ACH-000467,24772860,0,0.05870883911848068
ACH-000467,24894414,0,0.058735258877277374
ACH-000467,24951314,0,0.05864093825221062
ACH-000467,25167777,0,0.05840978026390076
ACH-000467,3218,0,0.05778477340936661
ACH-000467,44143370,0,0.058674585074186325
ACH-000467,444795,0,0.05858994275331497
ACH-000467,44551660,0,0.058320291340351105
ACH-000467,46883536,0,0.058599404990673065
ACH-000467,46885626,1,0.05906718224287033
ACH-000467,46907787,0,0.058444686233997345
ACH-000467,54676905,0,0.058337703347206116
ACH-000467,54685215,0,0.058579351752996445
ACH-000467,5746,0,0.05909593775868416
ACH-000467,6445562,0,0.05878955498337746
ACH-000467,6450816,0,0.05917518585920334
ACH-000467,6710780,0,0.059165988117456436
ACH-000467,6918454,0,0.05776198208332062
ACH-000467,6918638,0,0.05840884894132614
ACH-000467,9868037,0,0.05837271362543106
ACH-000467,9952773,0,0.05860809609293938
ACH-000467,9956119,0,0.05826890468597412
ACH-000467,9956222,0,0.058487776666879654
ACH-000467,9967941,0,0.0588536411523819
ACH-000472,10074640,0,0.057416535913944244
ACH-000472,10127622,0,0.0572955347597599
ACH-000472,11327430,0,0.05750930309295654
ACH-000472,11433190,0,0.057977791875600815
ACH-000472,11624601,0,0.05707233026623726
ACH-000472,11625818,0,0.0572657510638237
ACH-000472,11634725,0,0.05762017145752907
ACH-000472,148124,1,0.058616962283849716
ACH-000472,176158,0,0.05707419291138649
ACH-000472,17755052,0,0.05738852918148041
ACH-000472,24772860,0,0.05754152685403824
ACH-000472,24894414,0,0.05742320790886879
ACH-000472,24951314,0,0.05737636238336563
ACH-000472,25167777,0,0.057298313826322556
ACH-000472,3218,0,0.056447919458150864
ACH-000472,44143370,0,0.057454973459243774
ACH-000472,444795,0,0.057175759226083755
ACH-000472,44551660,0,0.057166341692209244
ACH-000472,44632017,1,0.05715653672814369
ACH-000472,46883536,0,0.057457335293293
ACH-000472,46885626,0,0.0578787624835968
ACH-000472,46907787,0,0.0572567842900753
ACH-000472,54676905,0,0.05712375417351723
ACH-000472,54685215,1,0.057351935654878616
ACH-000472,5746,0,0.05791887268424034
ACH-000472,6445562,0,0.05755109339952469
ACH-000472,6450816,0,0.05796274170279503
ACH-000472,6710780,0,0.05791287124156952
ACH-000472,6918454,0,0.056601036339998245
ACH-000472,6918638,0,0.05718099698424339
ACH-000472,9868037,0,0.05721263960003853
ACH-000472,9952773,0,0.057370927184820175
ACH-000472,9956119,0,0.057122599333524704
ACH-000472,9956222,0,0.05732688307762146
ACH-000472,9967941,0,0.057643160223960876
ACH-000482,10074640,0,0.039194315671920776
ACH-000482,10127622,0,0.039075981825590134
ACH-000482,11327430,0,0.03921574354171753
ACH-000482,11433190,0,0.039598044008016586
ACH-000482,11624601,0,0.03892956301569939
ACH-000482,11625818,0,0.03906548395752907
ACH-000482,11634725,0,0.03930816799402237
ACH-000482,148124,0,0.03998340666294098
ACH-000482,176158,0,0.038954440504312515
ACH-000482,17755052,0,0.039120111614465714
ACH-000482,24772860,0,0.03930813819169998
ACH-000482,24894414,0,0.03926350921392441
ACH-000482,24951314,0,0.03923439607024193
ACH-000482,25167777,0,0.039003558456897736
ACH-000482,3218,0,0.03866744413971901
ACH-000482,44143370,0,0.03917982429265976
ACH-000482,444795,0,0.039146989583969116
ACH-000482,44551660,0,0.03900940343737602
ACH-000482,44632017,0,0.03892802819609642
ACH-000482,46883536,0,0.03916040062904358
ACH-000482,46885626,0,0.039473991841077805
ACH-000482,46907787,0,0.03912583738565445
ACH-000482,54676905,0,0.03905237466096878
ACH-000482,54685215,0,0.03919031098484993
ACH-000482,5746,0,0.03947734087705612
ACH-000482,6445562,0,0.03930272161960602
ACH-000482,6450816,0,0.039624255150556564
ACH-000482,6710780,0,0.03958659619092941
ACH-000482,6918454,0,0.038624659180641174
ACH-000482,6918638,0,0.039120256900787354
ACH-000482,9868037,0,0.03898600861430168
ACH-000482,9952773,0,0.039194997400045395
ACH-000482,9956119,0,0.038921281695365906
ACH-000482,9956222,0,0.03913004323840141
ACH-000482,9967941,0,0.039368703961372375
ACH-000483,10074640,0,0.04979858919978142
ACH-000483,10127622,0,0.049561507999897
ACH-000483,11327430,0,0.049791257828474045
ACH-000483,11433190,0,0.05016636103391647
ACH-000483,11624601,1,0.049385640770196915
ACH-000483,11625818,0,0.04951689764857292
ACH-000483,11634725,0,0.04984501004219055
ACH-000483,148124,0,0.05074181407690048
ACH-000483,17755052,0,0.04969567805528641
ACH-000483,24772860,0,0.049759622663259506
ACH-000483,24894414,0,0.049738895148038864
ACH-000483,24951314,0,0.04966426268219948
ACH-000483,25167777,0,0.049545299261808395
ACH-000483,3218,0,0.04893818125128746
ACH-000483,44143370,0,0.04982871934771538
ACH-000483,444795,0,0.04959776625037193
ACH-000483,44551660,0,0.049433816224336624
ACH-000483,44632017,0,0.04942866414785385
ACH-000483,46883536,0,0.0496843159198761
ACH-000483,46885626,1,0.05008334666490555
ACH-000483,46907787,0,0.04951116815209389
ACH-000483,54676905,0,0.04943712428212166
ACH-000483,54685215,0,0.049592044204473495
ACH-000483,5746,0,0.050087012350559235
ACH-000483,6445562,0,0.049825672060251236
ACH-000483,6450816,0,0.05012467876076698
ACH-000483,6710780,1,0.05027490109205246
ACH-000483,6918638,0,0.04944301396608353
ACH-000483,9868037,0,0.04947061091661453
ACH-000483,9952773,0,0.04963124543428421
ACH-000483,9956119,0,0.04940235614776611
ACH-000483,9956222,0,0.049617428332567215
ACH-000483,9967941,0,0.04990297928452492
ACH-000484,10074640,0,0.05851948633790016
ACH-000484,11625818,0,0.05820357799530029
ACH-000484,11634725,0,0.05858568847179413
ACH-000484,148124,0,0.0596298985183239
ACH-000484,176158,0,0.0580090768635273
ACH-000484,24772860,0,0.05848519876599312
ACH-000484,24894414,0,0.05844203382730484
ACH-000484,24951314,0,0.05837380886077881
ACH-000484,25167777,0,0.058236636221408844
ACH-000484,3218,0,0.05745052173733711
ACH-000484,44143370,0,0.058555226773023605
ACH-000484,444795,0,0.0581904835999012
ACH-000484,44551660,0,0.05810679867863655
ACH-000484,46883536,0,0.058398544788360596
ACH-000484,46885626,0,0.05886324867606163
ACH-000484,46907787,0,0.05819607898592949
ACH-000484,54676905,0,0.05811065062880516
ACH-000484,5746,0,0.05886749550700188
ACH-000484,6445562,0,0.058563169091939926
ACH-000484,6450816,0,0.05891135334968567
ACH-000484,6710780,0,0.0590515173971653
ACH-000484,6918454,0,0.05756759271025658
ACH-000484,6918638,0,0.05811753496527672
ACH-000484,9868037,0,0.058149661868810654
ACH-000484,9952773,0,0.058336734771728516
ACH-000484,9956119,1,0.05807015299797058
ACH-000484,9956222,0,0.058320630341768265
ACH-000484,9967941,0,0.05865320563316345
ACH-000496,10074640,0,0.04539046064019203
ACH-000496,10127622,0,0.04523821547627449
ACH-000496,11327430,0,0.04542837664484978
ACH-000496,11433190,0,0.04587740823626518
ACH-000496,11624601,0,0.045049458742141724
ACH-000496,11625818,0,0.04527249187231064
ACH-000496,11634725,1,0.045542437583208084
ACH-000496,148124,0,0.046391263604164124
ACH-000496,176158,1,0.0450965091586113
ACH-000496,17755052,0,0.04533505439758301
ACH-000496,24772860,0,0.045446477830410004
ACH-000496,24894414,0,0.045461028814315796
ACH-000496,24951314,0,0.04540020227432251
ACH-000496,25167777,0,0.04520370811223984
ACH-000496,3218,0,0.04472046345472336
ACH-000496,44143370,0,0.04541429877281189
ACH-000496,444795,0,0.045373816043138504
ACH-000496,44551660,0,0.04514031857252121
ACH-000496,44632017,0,0.045085739344358444
ACH-000496,46883536,0,0.04536958411335945
ACH-000496,46885626,0,0.04572032764554024
ACH-000496,46907787,0,0.04523719102144241
ACH-000496,54676905,0,0.0451471209526062
ACH-000496,54685215,0,0.045366980135440826
ACH-000496,5746,0,0.04574227333068848
ACH-000496,6445562,0,0.04551954194903374
ACH-000496,6450816,0,0.04588356614112854
ACH-000496,6710780,1,0.045856162905693054
ACH-000496,6918454,0,0.0446954108774662
ACH-000496,6918638,0,0.045277006924152374
ACH-000496,9868037,0,0.04519154131412506
ACH-000496,9952773,0,0.04537534713745117
ACH-000496,9956119,0,0.045093148946762085
ACH-000496,9956222,0,0.045279551297426224
ACH-000496,9967941,0,0.045555103570222855
ACH-000501,10074640,0,0.05988473817706108
ACH-000501,10302451,0,0.05970735847949982
ACH-000501,10461815,0,0.059510912746191025
ACH-000501,11625818,0,0.059549570083618164
ACH-000501,11634725,0,0.05993996188044548
ACH-000501,11676786,0,0.059808459132909775
ACH-000501,148124,0,0.061006736010313034
ACH-000501,16038120,0,0.06017284095287323
ACH-000501,176158,0,0.0593508817255497
ACH-000501,24772860,0,0.059837181121110916
ACH-000501,24894414,0,0.05981190875172615
ACH-000501,24951314,0,0.0597233846783638
ACH-000501,25167777,0,0.05958333984017372
ACH-000501,3062316,1,0.059737369418144226
ACH-000501,3218,0,0.05879858508706093
ACH-000501,36314,0,0.0608171671628952
ACH-000501,44143370,0,0.059920601546764374
ACH-000501,444795,0,0.0595548078417778
ACH-000501,44551660,0,0.059450700879096985
ACH-000501,44632017,0,0.059445131570100784
ACH-000501,462382,0,0.05998405069112778
ACH-000501,46883536,0,0.059748779982328415
ACH-000501,46885626,0,0.0602235309779644
ACH-000501,46907787,0,0.05954179912805557
ACH-000501,5311510,0,0.05953520908951759
ACH-000501,54676905,0,0.05945463851094246
ACH-000501,54685215,0,0.059638988226652145
ACH-000501,5717801,0,0.05967156961560249
ACH-000501,5746,0,0.0602278895676136
ACH-000501,6445562,0,0.05991695821285248
ACH-000501,6450816,0,0.06027268245816231
ACH-000501,6710780,0,0.060434747487306595
ACH-000501,6918454,0,0.05889981612563133
ACH-000501,6918638,0,0.059461649507284164
ACH-000501,9868037,0,0.05949448421597481
ACH-000501,9952773,0,0.05968562886118889
ACH-000501,9956119,0,0.05941326916217804
ACH-000501,9956222,0,0.05966918542981148
ACH-000501,9967941,0,0.0600089505314827
ACH-000505,10074640,0,0.062390267848968506
ACH-000505,10127622,0,0.06209719553589821
ACH-000505,11327430,0,0.062381234019994736
ACH-000505,11433190,0,0.06284491717815399
ACH-000505,11624601,0,0.06188773363828659
ACH-000505,11625818,0,0.06204202026128769
ACH-000505,11634725,1,0.06244766712188721
ACH-000505,148124,0,0.06355606764554977
ACH-000505,176158,0,0.06183556094765663
ACH-000505,17755052,0,0.06226307898759842
ACH-000505,24772860,0,0.062342118471860886
ACH-000505,24894414,0,0.062316495925188065
ACH-000505,24951314,0,0.06222422420978546
ACH-000505,25167777,0,0.062077123671770096
ACH-000505,3218,0,0.06132635846734047
ACH-000505,44143370,0,0.06242756173014641
ACH-000505,444795,0,0.062116868793964386
ACH-000505,44551660,0,0.0619393065571785
ACH-000505,44632017,0,0.06193351373076439
ACH-000505,46883536,0,0.06224902719259262
ACH-000505,46885626,0,0.06274230778217316
ACH-000505,46907787,0,0.062034934759140015
ACH-000505,54676905,0,0.061943378299474716
ACH-000505,54685215,0,0.06213492900133133
ACH-000505,5746,0,0.06274683773517609
ACH-000505,6445562,0,0.062423769384622574
ACH-000505,6450816,0,0.06279337406158447
ACH-000505,6710780,0,0.0629790797829628
ACH-000505,6918454,1,0.06136684492230415
ACH-000505,6918638,0,0.061950668692588806
ACH-000505,9868037,0,0.06198478490114212
ACH-000505,9952773,0,0.062183406203985214
ACH-000505,9956119,0,0.06190040335059166
ACH-000505,9956222,0,0.06216629222035408
ACH-000505,9967941,0,0.06251934915781021
ACH-000506,10127622,0,0.04648362845182419
ACH-000506,11327430,0,0.046664047986269
ACH-000506,11433190,0,0.04703236743807793
ACH-000506,11624601,0,0.04630586877465248
ACH-000506,148124,0,0.047517672181129456
ACH-000506,176158,0,0.04634521156549454
ACH-000506,17755052,0,0.04655115678906441
ACH-000506,444795,0,0.046376898884773254
ACH-000506,44632017,0,0.04631654918193817
ACH-000506,54685215,0,0.04656801372766495
ACH-000506,6710780,0,0.047043945640325546
ACH-000506,6918454,0,0.04592248424887657
ACH-000518,10074640,0,0.047894880175590515
ACH-000518,10127622,0,0.047734666615724564
ACH-000518,11327430,0,0.04793478175997734
ACH-000518,11433190,0,0.04840731993317604
ACH-000518,11624601,1,0.04753599688410759
ACH-000518,11625818,0,0.04777074232697487
ACH-000518,11634725,0,0.04805480316281319
ACH-000518,148124,1,0.048948079347610474
ACH-000518,176158,0,0.04757795110344887
ACH-000518,17755052,1,0.04782507196068764
ACH-000518,24772860,0,0.04795382544398308
ACH-000518,24894414,0,0.04796915128827095
ACH-000518,24951314,0,0.04790513217449188
ACH-000518,25167777,1,0.04769833758473396
ACH-000518,3218,0,0.04718974977731705
ACH-000518,44143370,0,0.04791996255517006
ACH-000518,444795,1,0.04787736386060715
ACH-000518,44551660,0,0.047631632536649704
ACH-000518,46883536,0,0.047872915863990784
ACH-000518,46907787,0,0.04773358628153801
ACH-000518,54676905,0,0.04763880372047424
ACH-000518,54685215,1,0.047868866473436356
ACH-000518,5746,0,0.048265133053064346
ACH-000518,6445562,0,0.04803072288632393
ACH-000518,6450816,0,0.04836135730147362
ACH-000518,6710780,1,0.04835373908281326
ACH-000518,6918454,1,0.047163378447294235
ACH-000518,6918638,0,0.047775477170944214
ACH-000518,9868037,0,0.04768553376197815
ACH-000518,9952773,0,0.047878991812467575
ACH-000518,9956119,0,0.047581981867551804
ACH-000518,9956222,0,0.0477781668305397
ACH-000518,9967941,0,0.04806815832853317
ACH-000521,10074640,0,0.046330809593200684
ACH-000521,11327430,0,0.046354517340660095
ACH-000521,11433190,0,0.04683913290500641
ACH-000521,11624601,1,0.04601646214723587
ACH-000521,11625818,0,0.04620012640953064
ACH-000521,11634725,0,0.04648131504654884
ACH-000521,17755052,0,0.04624248668551445
ACH-000521,24772860,0,0.04638854041695595
ACH-000521,24894414,0,0.04642746224999428
ACH-000521,24951314,0,0.04633417725563049
ACH-000521,25167777,0,0.04616725072264671
ACH-000521,3218,0,0.045680753886699677
ACH-000521,44143370,0,0.04636111482977867
ACH-000521,44551660,0,0.04607752710580826
ACH-000521,44632017,0,0.04605349525809288
ACH-000521,46883536,0,0.046300943940877914
ACH-000521,46885626,0,0.046675410121679306
ACH-000521,46907787,0,0.046177104115486145
ACH-000521,54676905,0,0.046116139739751816
ACH-000521,54685215,0,0.04628489911556244
ACH-000521,5746,0,0.04672342166304588
ACH-000521,6445562,0,0.04645315557718277
ACH-000521,6450816,0,0.0467618852853775
ACH-000521,6918638,0,0.04620908200740814
ACH-000521,9868037,0,0.04611948877573013
ACH-000521,9952773,0,0.04630788043141365
ACH-000521,9956119,0,0.04605429247021675
ACH-000521,9956222,0,0.046211596578359604
ACH-000521,9967941,0,0.04650444909930229
ACH-000530,10074640,0,0.049010202288627625
ACH-000530,10127622,0,0.04876178503036499
ACH-000530,10302451,0,0.04888182878494263
ACH-000530,10461815,0,0.04870212450623512
ACH-000530,11327430,0,0.049004487693309784
ACH-000530,11433190,0,0.049336038529872894
ACH-000530,11624601,0,0.04858545586466789
ACH-000530,11625818,0,0.048711203038692474
ACH-000530,11634725,0,0.0490381121635437
ACH-000530,11676786,0,0.048943083733320236
ACH-000530,148124,0,0.049855317920446396
ACH-000530,16038120,0,0.04926610738039017
ACH-000530,176158,0,0.0486169308423996
ACH-000530,17755052,0,0.04891018941998482
ACH-000530,24772860,0,0.04905165731906891
ACH-000530,24894414,0,0.04893350973725319
ACH-000530,24951314,0,0.04892326518893242
ACH-000530,25167777,0,0.04869724065065384
ACH-000530,3062316,0,0.048855289816856384
ACH-000530,3218,0,0.048193905502557755
ACH-000530,36314,0,0.04970820993185043
ACH-000530,44143370,0,0.048990003764629364
ACH-000530,444795,0,0.04876630753278732
ACH-000530,44551660,0,0.04868914559483528
ACH-000530,44632017,0,0.04858694598078728
ACH-000530,462382,0,0.049170807003974915
ACH-000530,46883536,0,0.04888720065355301
ACH-000530,46885626,0,0.04927336424589157
ACH-000530,46907787,0,0.048804305493831635
ACH-000530,5311510,0,0.04865676537156105
ACH-000530,54676905,0,0.04868801310658455
ACH-000530,54685215,0,0.04885010048747063
ACH-000530,5717801,0,0.04884705692529678
ACH-000530,5746,0,0.04923013597726822
ACH-000530,6445562,0,0.0490419939160347
ACH-000530,6450816,0,0.04940855875611305
ACH-000530,6710780,0,0.049517933279275894
ACH-000530,6918454,0,0.048174530267715454
ACH-000530,6918638,0,0.04869658127427101
ACH-000530,9868037,0,0.048652321100234985
ACH-000530,9952773,0,0.04887033626437187
ACH-000530,9956119,0,0.04857376590371132
ACH-000530,9956222,0,0.048877935856580734
ACH-000530,9967941,0,0.04914565756917
ACH-000545,10074640,0,0.057539232075214386
ACH-000545,10127622,1,0.057297464460134506
ACH-000545,11327430,0,0.057568371295928955
ACH-000545,11433190,1,0.057998500764369965
ACH-000545,11624601,1,0.05706669017672539
ACH-000545,11625818,0,0.05725374445319176
ACH-000545,11634725,0,0.05762999877333641
ACH-000545,17755052,0,0.05745570734143257
ACH-000545,24772860,0,0.05753210559487343
ACH-000545,24894414,0,0.05747546628117561
ACH-000545,24951314,0,0.05742274224758148
ACH-000545,25167777,0,0.05728335306048393
ACH-000545,3218,0,0.05648595467209816
ACH-000545,44143370,0,0.057577040046453476
ACH-000545,44551660,0,0.0571584515273571
ACH-000545,44632017,0,0.05711599439382553
ACH-000545,46883536,0,0.05744573101401329
ACH-000545,46885626,0,0.057903315871953964
ACH-000545,46907787,0,0.05724716931581497
ACH-000545,54676905,0,0.05713626369833946
ACH-000545,54685215,0,0.057339925318956375
ACH-000545,5746,0,0.05789579451084137
ACH-000545,6445562,0,0.05760272219777107
ACH-000545,6450816,0,0.05795068293809891
ACH-000545,6918638,0,0.05716900900006294
ACH-000545,9868037,0,0.057200655341148376
ACH-000545,9952773,0,0.05738486722111702
ACH-000545,9956119,0,0.057119615375995636
ACH-000545,9956222,0,0.05736900493502617
ACH-000545,9967941,0,0.05769554525613785
ACH-000546,10074640,0,0.05339711904525757
ACH-000546,11625818,0,0.053184352815151215
ACH-000546,11634725,0,0.0535014346241951
ACH-000546,148124,1,0.0543476901948452
ACH-000546,176158,0,0.05302763730287552
ACH-000546,24772860,0,0.0534704215824604
ACH-000546,24894414,0,0.05333137512207031
ACH-000546,24951314,0,0.05330926552414894
ACH-000546,25167777,0,0.053178563714027405
ACH-000546,3218,0,0.05240923538804054
ACH-000546,44143370,0,0.05338510870933533
ACH-000546,444795,0,0.053069133311510086
ACH-000546,44551660,0,0.053110748529434204
ACH-000546,46883536,0,0.05338112637400627
ACH-000546,46885626,0,0.05375637114048004
ACH-000546,46907787,0,0.053208597004413605
ACH-000546,54676905,0,0.05302765592932701
ACH-000546,54685215,1,0.053313203155994415
ACH-000546,5746,0,0.05376715213060379
ACH-000546,6445562,0,0.053456805646419525
ACH-000546,6450816,0,0.053858865052461624
ACH-000546,6710780,0,0.05384489893913269
ACH-000546,6918454,1,0.05252303555607796
ACH-000546,6918638,0,0.0531536228954792
ACH-000546,9868037,0,0.05310945212841034
ACH-000546,9952773,0,0.05330163612961769
ACH-000546,9956119,0,0.053018927574157715
ACH-000546,9956222,0,0.053281717002391815
ACH-000546,9967941,0,0.05355694890022278
ACH-000559,10074640,0,0.04460468143224716
ACH-000559,10127622,0,0.044483013451099396
ACH-000559,10302451,0,0.04453232139348984
ACH-000559,10461815,0,0.044352490454912186
ACH-000559,11327430,0,0.044614482671022415
ACH-000559,11433190,0,0.04507289081811905
ACH-000559,11624601,0,0.04431725665926933
ACH-000559,11625818,0,0.0444488562643528
ACH-000559,11634725,0,0.04472920298576355
ACH-000559,11676786,0,0.0445823073387146
ACH-000559,148124,0,0.04548308998346329
ACH-000559,16038120,0,0.044895876199007034
ACH-000559,176158,0,0.044306252151727676
ACH-000559,17755052,0,0.044490016996860504
ACH-000559,24772860,0,0.044734060764312744
ACH-000559,24894414,0,0.04469529539346695
ACH-000559,24951314,0,0.044643696397542953
ACH-000559,25167777,0,0.044401030987501144
ACH-000559,3062316,0,0.044491712003946304
ACH-000559,3218,0,0.043976012617349625
ACH-000559,36314,0,0.045365311205387115
ACH-000559,44143370,0,0.04459405317902565
ACH-000559,444795,0,0.04448552802205086
ACH-000559,44551660,0,0.04439712315797806
ACH-000559,44632017,0,0.044315531849861145
ACH-000559,462382,0,0.04490238055586815
ACH-000559,46883536,0,0.04455800727009773
ACH-000559,46885626,0,0.044929083436727524
ACH-000559,46907787,0,0.04452965408563614
ACH-000559,5311510,0,0.04436827823519707
ACH-000559,54676905,0,0.04445628449320793
ACH-000559,54685215,0,0.04457893967628479
ACH-000559,5717801,0,0.04462132230401039
ACH-000559,5746,0,0.044937312602996826
ACH-000559,6445562,0,0.044718366116285324
ACH-000559,6450816,0,0.0450068823993206
ACH-000559,6710780,0,0.04498984292149544
ACH-000559,6918454,0,0.04397209733724594
ACH-000559,6918638,0,0.04450393468141556
ACH-000559,9868037,0,0.04436075687408447
ACH-000559,9952773,0,0.04459817707538605
ACH-000559,9956119,0,0.0443078838288784
ACH-000559,9956222,0,0.04452602192759514
ACH-000559,9967941,0,0.044807545840740204
ACH-000561,10074640,0,0.04547484219074249
ACH-000561,10127622,0,0.04535176604986191
ACH-000561,11327430,0,0.04548482969403267
ACH-000561,11433190,0,0.04595175012946129
ACH-000561,11624601,0,0.045182909816503525
ACH-000561,11625818,0,0.04531611502170563
ACH-000561,11634725,0,0.04560168460011482
ACH-000561,148124,1,0.046369560062885284
ACH-000561,17755052,0,0.04535805061459541
ACH-000561,24772860,0,0.045606620609760284
ACH-000561,24894414,0,0.04556798189878464
ACH-000561,24951314,0,0.045514579862356186
ACH-000561,25167777,0,0.04526825621724129
ACH-000561,3218,0,0.044880688190460205
ACH-000561,44143370,0,0.04546401649713516
ACH-000561,444795,0,0.045420560985803604
ACH-000561,44551660,0,0.04526343569159508
ACH-000561,44632017,0,0.04518117383122444
ACH-000561,46883536,0,0.04542730376124382
ACH-000561,46885626,0,0.04580528289079666
ACH-000561,46907787,0,0.045398421585559845
ACH-000561,54676905,1,0.04532453417778015
ACH-000561,54685215,1,0.045448627322912216
ACH-000561,5746,0,0.04581449553370476
ACH-000561,6445562,0,0.04559064656496048
ACH-000561,6450816,0,0.04588450491428375
ACH-000561,6710780,0,0.04587668925523758
ACH-000561,6918454,0,0.04483133926987648
ACH-000561,6918638,0,0.0453835055232048
ACH-000561,9868037,0,0.045226387679576874
ACH-000561,9952773,0,0.04546821862459183
ACH-000561,9956119,0,0.04517338052392006
ACH-000561,9956222,0,0.045394737273454666
ACH-000561,9967941,0,0.04568146914243698
ACH-000566,10074640,0,0.05018468201160431
ACH-000566,10127622,1,0.050014350563287735
ACH-000566,11327430,0,0.05021024867892265
ACH-000566,11433190,0,0.050624437630176544
ACH-000566,11624601,0,0.04984348267316818
ACH-000566,11625818,0,0.049969352781772614
ACH-000566,11634725,0,0.05030030757188797
ACH-000566,148124,1,0.0512048564851284
ACH-000566,176158,1,0.04980091378092766
ACH-000566,17755052,0,0.050089385360479355
ACH-000566,24772860,0,0.05021417886018753
ACH-000566,24894414,0,0.050192296504974365
ACH-000566,24951314,0,0.050117988139390945
ACH-000566,25167777,0,0.049997974187135696
ACH-000566,3218,0,0.04933343455195427
ACH-000566,44143370,0,0.05021737888455391
ACH-000566,444795,0,0.04997483268380165
ACH-000566,44551660,0,0.04988553002476692
ACH-000566,44632017,0,0.04988083243370056
ACH-000566,46883536,0,0.05013822019100189
ACH-000566,46885626,0,0.05054071918129921
ACH-000566,46907787,1,0.04996355623006821
ACH-000566,54676905,0,0.049888886511325836
ACH-000566,54685215,0,0.05004514008760452
ACH-000566,5746,0,0.050544388592243195
ACH-000566,6445562,0,0.050280798226594925
ACH-000566,6450816,0,0.05058238282799721
ACH-000566,6710780,0,0.05062870308756828
ACH-000566,6918454,0,0.049418624490499496
ACH-000566,6918638,0,0.04989483207464218
ACH-000566,9868037,0,0.049922652542591095
ACH-000566,9952773,0,0.0500846765935421
ACH-000566,9956119,1,0.049853820353746414
ACH-000566,9956222,0,0.05005605146288872
ACH-000566,9967941,0,0.05035877600312233
ACH-000579,10074640,0,0.05868254601955414
ACH-000579,10127622,1,0.05840577185153961
ACH-000579,10302451,0,0.0585084930062294
ACH-000579,10461815,0,0.05831589922308922
ACH-000579,11433190,1,0.05911184474825859
ACH-000579,11624601,0,0.058207977563142776
ACH-000579,11625818,0,0.05835369601845741
ACH-000579,11634725,1,0.058736737817525864
ACH-000579,11676786,1,0.05860770493745804
ACH-000579,148124,0,0.0597834512591362
ACH-000579,16038120,0,0.05896519869565964
ACH-000579,176158,0,0.05815873295068741
ACH-000579,17755052,0,0.05856240540742874
ACH-000579,24772860,0,0.058637071400880814
ACH-000579,24894414,0,0.05861286073923111
ACH-000579,24951314,0,0.05852571129798889
ACH-000579,25167777,0,0.058386825025081635
ACH-000579,3062316,0,0.05853817239403725
ACH-000579,3218,0,0.057674866169691086
ACH-000579,36314,0,0.0595974437892437
ACH-000579,44143370,1,0.058717746287584305
ACH-000579,444795,0,0.058418065309524536
ACH-000579,44551660,0,0.058256689459085464
ACH-000579,44632017,0,0.05825122073292732
ACH-000579,462382,1,0.058779969811439514
ACH-000579,46883536,0,0.05854913964867592
ACH-000579,46885626,0,0.0590149387717247
ACH-000579,46907787,0,0.05834699422121048
ACH-000579,5311510,0,0.058339592069387436
ACH-000579,54676905,0,0.05826053395867348
ACH-000579,54685215,0,0.058441415429115295
ACH-000579,5717801,0,0.058473385870456696
ACH-000579,5746,0,0.05901923030614853
ACH-000579,6445562,0,0.058714162558317184
ACH-000579,6450816,0,0.05906319245696068
ACH-000579,6710780,0,0.059238556772470474
ACH-000579,6918454,1,0.057716164737939835
ACH-000579,6918638,0,0.05826743692159653
ACH-000579,9868037,0,0.05829964578151703
ACH-000579,9952773,0,0.058487169444561005
ACH-000579,9956119,0,0.058219969272613525
ACH-000579,9956222,0,0.058471038937568665
ACH-000579,9967941,1,0.058804403990507126
ACH-000605,10074640,0,0.06530057638883591
ACH-000605,10127622,0,0.0650693029165268
ACH-000605,10302451,0,0.06511162221431732
ACH-000605,10461815,0,0.06497397273778915
ACH-000605,11327430,0,0.06536167860031128
ACH-000605,11433190,0,0.06583943217992783
ACH-000605,11624601,0,0.06481779366731644
ACH-000605,11625818,0,0.0650612935423851
ACH-000605,11634725,0,0.06543508172035217
ACH-000605,11676786,0,0.06526879966259003
ACH-000605,148124,0,0.06655749678611755
ACH-000605,16038120,0,0.06573819369077682
ACH-000605,176158,0,0.06482335180044174
ACH-000605,17755052,0,0.06525827199220657
ACH-000605,24772860,0,0.0653574988245964
ACH-000605,24894414,0,0.06521478295326233
ACH-000605,24951314,0,0.06516284495592117
ACH-000605,25167777,0,0.06508985906839371
ACH-000605,3062316,0,0.06515727192163467
ACH-000605,3218,0,0.0641162171959877
ACH-000605,36314,0,0.06637773662805557
ACH-000605,44143370,0,0.06534014642238617
ACH-000605,444795,0,0.06493666768074036
ACH-000605,44551660,0,0.06492368131875992
ACH-000605,44632017,0,0.06491264700889587
ACH-000605,462382,0,0.06548303365707397
ACH-000605,46883536,0,0.06527765095233917
ACH-000605,46885626,0,0.06572671234607697
ACH-000605,46907787,0,0.06504172831773758
ACH-000605,5311510,0,0.06504147499799728
ACH-000605,54676905,0,0.06487710773944855
ACH-000605,54685215,0,0.06515839695930481
ACH-000605,5717801,0,0.0651937872171402
ACH-000605,5746,0,0.06579798460006714
ACH-000605,6445562,0,0.06535781174898148
ACH-000605,6450816,0,0.06584662199020386
ACH-000605,6710780,0,0.06589057296514511
ACH-000605,6918454,0,0.0642874464392662
ACH-000605,6918638,0,0.06496580690145493
ACH-000605,9868037,0,0.06498980522155762
ACH-000605,9952773,0,0.06515410542488098
ACH-000605,9956119,0,0.06487443298101425
ACH-000605,9956222,0,0.06513004750013351
ACH-000605,9967941,0,0.06546227633953094
ACH-000614,10074640,0,0.05244025960564613
ACH-000614,10127622,1,0.05219132453203201
ACH-000614,11327430,0,0.052432574331760406
ACH-000614,11433190,1,0.05282648652791977
ACH-000614,11624601,0,0.05201342701911926
ACH-000614,11625818,0,0.05214447155594826
ACH-000614,11634725,1,0.0524890199303627
ACH-000614,148124,0,0.05343073233962059
ACH-000614,176158,0,0.05196910351514816
ACH-000614,17755052,0,0.05233221501111984
ACH-000614,24772860,0,0.05239936709403992
ACH-000614,24894414,0,0.0523776076734066
ACH-000614,24951314,0,0.05229921266436577
ACH-000614,25167777,0,0.05217427387833595
ACH-000614,3218,0,0.0515366829931736
ACH-000614,44143370,0,0.05247192829847336
ACH-000614,444795,0,0.052226725965738297
ACH-000614,44551660,0,0.05205719918012619
ACH-000614,44632017,0,0.05205227807164192
ACH-000614,46883536,0,0.05232026055455208
ACH-000614,46885626,0,0.052739303559064865
ACH-000614,46907787,0,0.05213844031095505
ACH-000614,54676905,0,0.052060678601264954
ACH-000614,54685215,0,0.052223362028598785
ACH-000614,5746,0,0.05274314805865288
ACH-000614,6445562,0,0.05246870219707489
ACH-000614,6450816,0,0.05278269574046135
ACH-000614,6710780,0,0.05294045805931091
ACH-000614,6918454,1,0.0515710711479187
ACH-000614,6918638,0,0.052066873759031296
ACH-000614,9868037,1,0.05209584906697273
ACH-000614,9952773,0,0.05226454138755798
ACH-000614,9956119,0,0.05202417075634003
ACH-000614,9956222,0,0.052250031381845474
ACH-000614,9967941,1,0.05254990607500076
ACH-000617,10074640,0,0.04529289901256561
ACH-000617,10127622,0,0.04514097422361374
ACH-000617,10302451,0,0.045173194259405136
ACH-000617,10461815,0,0.045004330575466156
ACH-000617,11327430,0,0.04533075541257858
ACH-000617,11433190,0,0.04576421156525612
ACH-000617,11624601,0,0.04495261237025261
ACH-000617,11625818,0,0.045165132731199265
ACH-000617,11634725,0,0.04544391855597496
ACH-000617,11676786,0,0.045287203043699265
ACH-000617,148124,0,0.04621950164437294
ACH-000617,16038120,0,0.045587509870529175
ACH-000617,176158,0,0.04499956592917442
ACH-000617,17755052,0,0.04522791504859924
ACH-000617,24772860,0,0.04534880071878433
ACH-000617,24894414,0,0.045363329350948334
ACH-000617,24951314,0,0.0453026257455349
ACH-000617,25167777,0,0.04509400203824043
ACH-000617,3062316,1,0.045173339545726776
ACH-000617,3218,0,0.04462430253624916
ACH-000617,36314,0,0.046092621982097626
ACH-000617,44143370,0,0.04529648646712303
ACH-000617,444795,0,0.0452587716281414
ACH-000617,44551660,0,0.045043282210826874
ACH-000617,44632017,0,0.04498881846666336
ACH-000617,462382,0,0.04558771848678589
ACH-000617,46883536,0,0.04527208209037781
ACH-000617,46885626,0,0.045622095465660095
ACH-000617,46907787,0,0.045139968395233154
ACH-000617,5311510,0,0.04506076127290726
ACH-000617,54676905,0,0.04505007341504097
ACH-000617,54685215,0,0.045269474387168884
ACH-000617,5717801,0,0.045338913798332214
ACH-000617,5746,0,0.04563824087381363
ACH-000617,6445562,0,0.04542173072695732
ACH-000617,6450816,0,0.04580036923289299
ACH-000617,6710780,0,0.04575766623020172
ACH-000617,6918454,0,0.044599294662475586
ACH-000617,6918638,0,0.045158542692661285
ACH-000617,9868037,0,0.04507383704185486
ACH-000617,9952773,0,0.04527784511446953
ACH-000617,9956119,0,0.04499620571732521
ACH-000617,9956222,0,0.0451822467148304
ACH-000617,9967941,0,0.045457229018211365
ACH-000619,10074640,0,0.05343273654580116
ACH-000619,10127622,1,0.05325860530138016
ACH-000619,11327430,0,0.05345987156033516
ACH-000619,11433190,0,0.05400469899177551
ACH-000619,11624601,0,0.05303823947906494
ACH-000619,11625818,0,0.053283125162124634
ACH-000619,11634725,0,0.05360500141978264
ACH-000619,148124,0,0.05458353832364082
ACH-000619,176158,1,0.05305762216448784
ACH-000619,17755052,0,0.05333160236477852
ACH-000619,24772860,0,0.053498804569244385
ACH-000619,24894414,0,0.05351870134472847
ACH-000619,24951314,0,0.05343659222126007
ACH-000619,25167777,0,0.05321831628680229
ACH-000619,3218,0,0.05265413224697113
ACH-000619,44143370,0,0.053464166820049286
ACH-000619,444795,0,0.05341361463069916
ACH-000619,44551660,0,0.05314277857542038
ACH-000619,44632017,0,0.053080614656209946
ACH-000619,46883536,0,0.053398534655570984
ACH-000619,46885626,0,0.0538213737308979
ACH-000619,46907787,0,0.05325675755739212
ACH-000619,54676905,0,0.053152281790971756
ACH-000619,54685215,0,0.05338018015027046
ACH-000619,5746,0,0.05384698510169983
ACH-000619,6445562,0,0.05357276648283005
ACH-000619,6450816,0,0.05392614006996155
ACH-000619,6710780,0,0.05391769856214523
ACH-000619,6918454,1,0.05262487009167671
ACH-000619,6918638,0,0.05329336225986481
ACH-000619,9868037,0,0.05319080129265785
ACH-000619,9952773,0,0.0534064844250679
ACH-000619,9956119,0,0.053089242428541183
ACH-000619,9956222,0,0.053296249359846115
ACH-000619,9967941,0,0.05362851917743683
ACH-000621,10074640,0,0.047783710062503815
ACH-000621,10127622,0,0.047576405107975006
ACH-000621,11327430,0,0.04782351478934288
ACH-000621,11433190,0,0.04817793890833855
ACH-000621,11624601,0,0.04738282784819603
ACH-000621,11625818,0,0.04757560044527054
ACH-000621,11634725,0,0.047885313630104065
ACH-000621,17755052,0,0.047724831849336624
ACH-000621,24772860,0,0.04779791459441185
ACH-000621,24894414,0,0.047750215977430344
ACH-000621,24951314,0,0.04771155118942261
ACH-000621,25167777,0,0.047564566135406494
ACH-000621,3218,0,0.04697125777602196
ACH-000621,44143370,0,0.04780873656272888
ACH-000621,44551660,0,0.047483086585998535
ACH-000621,44632017,0,0.047424182295799255
ACH-000621,46883536,0,0.04773489758372307
ACH-000621,46885626,0,0.04810169339179993
ACH-000621,46907787,0,0.04755634069442749
ACH-000621,54676905,0,0.04744120314717293
ACH-000621,54685215,0,0.04765981435775757
ACH-000621,5746,0,0.04807841032743454
ACH-000621,6445562,0,0.0478706918656826
ACH-000621,6450816,0,0.04820694029331207
ACH-000621,6918638,0,0.04749999940395355
ACH-000621,9868037,0,0.04752906784415245
ACH-000621,9952773,0,0.04768269881606102
ACH-000621,9956119,0,0.0474272295832634
ACH-000621,9956222,0,0.0476672500371933
ACH-000621,9967941,0,0.047929320484399796
ACH-000626,10127622,1,0.07332255691289902
ACH-000626,11327430,0,0.0736539363861084
ACH-000626,11433190,0,0.0741947740316391
ACH-000626,11624601,0,0.0730782076716423
ACH-000626,148124,0,0.0750240832567215
ACH-000626,176158,1,0.07301732897758484
ACH-000626,17755052,0,0.07351608574390411
ACH-000626,444795,1,0.07332249730825424
ACH-000626,44632017,0,0.07313159853219986
ACH-000626,54685215,0,0.07336660474538803
ACH-000626,6710780,0,0.0743512436747551
ACH-000626,6918454,0,0.07247038930654526
ACH-000657,10074640,0,0.05898749455809593
ACH-000657,10127622,0,0.058709390461444855
ACH-000657,11327430,0,0.05897890776395798
ACH-000657,11433190,0,0.05941890552639961
ACH-000657,11624601,0,0.05850575119256973
ACH-000657,11625818,1,0.05865705385804176
ACH-000657,11634725,1,0.05904196575284004
ACH-000657,148124,0,0.060093771666288376
ACH-000657,176158,0,0.05846112221479416
ACH-000657,17755052,0,0.05886679142713547
ACH-000657,24772860,0,0.0589417964220047
ACH-000657,24894414,0,0.058917488902807236
ACH-000657,24951314,0,0.058829933404922485
ACH-000657,25167777,1,0.05869035795331001
ACH-000657,3218,0,0.05797802656888962
ACH-000657,44143370,0,0.059022869914770126
ACH-000657,444795,1,0.05875193700194359
ACH-000657,44551660,0,0.05855957791209221
ACH-000657,44632017,0,0.05855407193303108
ACH-000657,46883536,0,0.058853454887866974
ACH-000657,46885626,1,0.059321533888578415
ACH-000657,46907787,0,0.05865030735731125
ACH-000657,54676905,0,0.0585634708404541
ACH-000657,54685215,0,0.05874521657824516
ACH-000657,5746,0,0.05932583287358284
ACH-000657,6445562,1,0.05901928246021271
ACH-000657,6450816,0,0.059369996190071106
ACH-000657,6710780,0,0.05954621732234955
ACH-000657,6918454,0,0.058011606335639954
ACH-000657,6918638,0,0.05857038497924805
ACH-000657,9868037,1,0.058602746576070786
ACH-000657,9952773,0,0.058791182935237885
ACH-000657,9956119,0,0.05852266401052475
ACH-000657,9956222,0,0.05877497419714928
ACH-000657,9967941,1,0.05910996347665787
ACH-000669,10074640,0,0.04744411259889603
ACH-000669,11327430,0,0.047468338161706924
ACH-000669,11433190,1,0.04796402528882027
ACH-000669,11624601,0,0.0471089668571949
ACH-000669,11625818,0,0.04731043428182602
ACH-000669,11634725,0,0.04759805276989937
ACH-000669,17755052,0,0.047353748232126236
ACH-000669,24772860,0,0.04750314727425575
ACH-000669,24894414,0,0.047538407146930695
ACH-000669,24951314,0,0.047447554767131805
ACH-000669,25167777,0,0.047269903123378754
ACH-000669,3218,0,0.046765681356191635
ACH-000669,44143370,0,0.04747508466243744
ACH-000669,44551660,0,0.04718503728508949
ACH-000669,44632017,0,0.04714682325720787
ACH-000669,46883536,0,0.047413550317287445
ACH-000669,46885626,0,0.04779656603932381
ACH-000669,46907787,0,0.04728687182068825
ACH-000669,54676905,0,0.04721088334918022
ACH-000669,54685215,0,0.04739714413881302
ACH-000669,5746,0,0.047831855714321136
ACH-000669,6445562,0,0.04756922274827957
ACH-000669,6450816,0,0.047885019332170486
ACH-000669,6918638,0,0.04731957986950874
ACH-000669,9868037,0,0.04722794145345688
ACH-000669,9952773,0,0.047420646995306015
ACH-000669,9956119,1,0.047154560685157776
ACH-000669,9956222,0,0.04732216149568558
ACH-000669,9967941,0,0.04762169346213341
ACH-000674,10074640,0,0.05952120199799538
ACH-000674,10127622,0,0.05920211225748062
ACH-000674,11327430,0,0.05953149124979973
ACH-000674,11433190,1,0.059941407293081284
ACH-000674,11624601,0,0.058964163064956665
ACH-000674,11625818,0,0.059201110154390335
ACH-000674,11634725,0,0.05958177149295807
ACH-000674,148124,0,0.060654494911432266
ACH-000674,176158,0,0.05902572721242905
ACH-000674,17755052,0,0.059439800679683685
ACH-000674,24772860,0,0.059474360197782516
ACH-000674,24894414,0,0.0594194233417511
ACH-000674,24951314,0,0.059370607137680054
ACH-000674,25167777,0,0.059187572449445724
ACH-000674,3218,0,0.05843856930732727
ACH-000674,44143370,1,0.059549301862716675
ACH-000674,444795,0,0.05923575907945633
ACH-000674,44551660,0,0.059087421745061874
ACH-000674,44632017,0,0.05901499092578888
ACH-000674,46883536,0,0.0593969002366066
ACH-000674,46885626,0,0.059847671538591385
ACH-000674,46907787,0,0.0591779388487339
ACH-000674,54676905,0,0.05903590843081474
ACH-000674,54685215,1,0.0593046136200428
ACH-000674,5746,0,0.05981908366084099
ACH-000674,6445562,0,0.059565022587776184
ACH-000674,6450816,0,0.060017429292201996
ACH-000674,6710780,0,0.06014952063560486
ACH-000674,6918454,0,0.058466389775276184
ACH-000674,6918638,0,0.05910820513963699
ACH-000674,9868037,0,0.05914393067359924
ACH-000674,9952773,0,0.05933275446295738
ACH-000674,9956119,0,0.05901874974370003
ACH-000674,9956222,0,0.059314657002687454
ACH-000674,9967941,0,0.059637460857629776
ACH-000677,10074640,0,0.06987212598323822
ACH-000677,10127622,0,0.06957703083753586
ACH-000677,11327430,0,0.0698937326669693
ACH-000677,11433190,0,0.07040619105100632
ACH-000677,11624601,0,0.0693444311618805
ACH-000677,11625818,0,0.0695168524980545
ACH-000677,11634725,0,0.06996641308069229
ACH-000677,148124,0,0.07119816541671753
ACH-000677,176158,0,0.06928762793540955
ACH-000677,17755052,0,0.06976015120744705
ACH-000677,24772860,0,0.06984622031450272
ACH-000677,24894414,0,0.06978020817041397
ACH-000677,24951314,0,0.06971481442451477
ACH-000677,25167777,0,0.06955626606941223
ACH-000677,3218,0,0.06861035525798798
ACH-000677,44143370,0,0.06991513818502426
ACH-000677,444795,0,0.0694834515452385
ACH-000677,44551660,0,0.06940264254808426
ACH-000677,46883536,0,0.06974537670612335
ACH-000677,46885626,0,0.07029342651367188
ACH-000677,46907787,0,0.06950509548187256
ACH-000677,54676905,0,0.0694047063589096
ACH-000677,54685215,1,0.06962013989686966
ACH-000677,5746,0,0.07029823958873749
ACH-000677,6445562,0,0.06993360072374344
ACH-000677,6450816,0,0.070350781083107
ACH-000677,6710780,0,0.07049909234046936
ACH-000677,6918454,0,0.06876467168331146
ACH-000677,6918638,0,0.06941606849431992
ACH-000677,9868037,0,0.06945297122001648
ACH-000677,9952773,0,0.06967422366142273
ACH-000677,9956119,0,0.06935879588127136
ACH-000677,9956222,0,0.0696529820561409
ACH-000677,9967941,0,0.07004400342702866
ACH-000689,10127622,0,0.0509108230471611
ACH-000689,11327430,0,0.05116838589310646
ACH-000689,11433190,1,0.051552243530750275
ACH-000689,11624601,0,0.050704389810562134
ACH-000689,11625818,1,0.0508868470788002
ACH-000689,148124,0,0.05214378610253334
ACH-000689,176158,0,0.050715479999780655
ACH-000689,17755052,0,0.05107028782367706
ACH-000689,444795,0,0.05096982792019844
ACH-000689,44551660,0,0.05080157518386841
ACH-000689,44632017,0,0.05074852332472801
ACH-000689,46885626,0,0.05146811529994011
ACH-000689,54685215,0,0.05096394196152687
ACH-000689,6450816,0,0.051510512828826904
ACH-000689,6710780,0,0.051664672791957855
ACH-000689,6918454,0,0.0502726212143898
ACH-000689,9952773,0,0.05100417137145996
ACH-000694,10074640,0,0.04930237680673599
ACH-000694,10127622,0,0.0491701140999794
ACH-000694,10302451,0,0.0491907112300396
ACH-000694,10461815,0,0.04901028797030449
ACH-000694,11327430,0,0.04932751879096031
ACH-000694,11433190,0,0.04984159395098686
ACH-000694,11624601,0,0.04898658022284508
ACH-000694,11625818,0,0.049163732677698135
ACH-000694,11634725,0,0.049462031573057175
ACH-000694,11676786,0,0.04928898438811302
ACH-000694,148124,1,0.050330210477113724
ACH-000694,16038120,0,0.049613434821367264
ACH-000694,176158,0,0.048954758793115616
ACH-000694,17755052,0,0.04920866712927818
ACH-000694,24772860,0,0.04936360940337181
ACH-000694,24894414,0,0.04940490797162056
ACH-000694,24951314,0,0.049305953085422516
ACH-000694,25167777,0,0.04912886396050453
ACH-000694,3062316,1,0.0491979606449604
ACH-000694,3218,0,0.048565104603767395
ACH-000694,36314,0,0.05020053684711456
ACH-000694,44143370,0,0.04933451488614082
ACH-000694,444795,0,0.04921117052435875
ACH-000694,44551660,0,0.04903367534279823
ACH-000694,44632017,0,0.04902585968375206
ACH-000694,462382,0,0.0495714507997036
ACH-000694,46883536,0,0.04927068576216698
ACH-000694,46885626,0,0.049667928367853165
ACH-000694,46907787,0,0.04913930967450142
ACH-000694,5311510,0,0.04909347742795944
ACH-000694,54676905,0,0.04908756539225578
ACH-000694,54685215,0,0.0492536686360836
ACH-000694,5717801,0,0.04931036755442619
ACH-000694,5746,0,0.049719296395778656
ACH-000694,6445562,0,0.04943213611841202
ACH-000694,6450816,0,0.04975966364145279
ACH-000694,6710780,0,0.0497405007481575
ACH-000694,6918454,0,0.048603158444166183
ACH-000694,6918638,0,0.04913502559065819
ACH-000694,9868037,0,0.049078188836574554
ACH-000694,9952773,0,0.049278054386377335
ACH-000694,9956119,0,0.04900902509689331
ACH-000694,9956222,0,0.04917589947581291
ACH-000694,9967941,0,0.049486566334962845
ACH-000722,10074640,0,0.056948427110910416
ACH-000722,10127622,0,0.05675274506211281
ACH-000722,10302451,0,0.0567997582256794
ACH-000722,10461815,0,0.05658998712897301
ACH-000722,11327430,0,0.056995440274477005
ACH-000722,11433190,0,0.05746329575777054
ACH-000722,11624601,0,0.05652405694127083
ACH-000722,11625818,0,0.0567517951130867
ACH-000722,11634725,0,0.05711766332387924
ACH-000722,11676786,0,0.05694136396050453
ACH-000722,148124,0,0.05815001577138901
ACH-000722,16038120,1,0.05731431022286415
ACH-000722,176158,0,0.05657290667295456
ACH-000722,17755052,0,0.05686483904719353
ACH-000722,24772860,0,0.05701443552970886
ACH-000722,24894414,0,0.05696161836385727
ACH-000722,24951314,0,0.05691468343138695
ACH-000722,25167777,0,0.05671695992350578
ACH-000722,3062316,0,0.056799910962581635
ACH-000722,3218,0,0.05598262697458267
ACH-000722,36314,0,0.057959724217653275
ACH-000722,44143370,0,0.056977979838848114
ACH-000722,444795,0,0.05674836039543152
ACH-000722,44551660,0,0.05663839727640152
ACH-000722,44632017,0,0.05657072737812996
ACH-000722,462382,0,0.057178255170583725
ACH-000722,46883536,0,0.05692258104681969
ACH-000722,46885626,0,0.05735727399587631
ACH-000722,46907787,0,0.0567295216023922
ACH-000722,5311510,0,0.056691840291023254
ACH-000722,54676905,0,0.05659301578998566
ACH-000722,54685215,0,0.05684834346175194
ACH-000722,5717801,0,0.056879494339227676
ACH-000722,5746,0,0.05734575167298317
ACH-000722,6445562,0,0.05710155889391899
ACH-000722,6450816,0,0.05745420977473259
ACH-000722,6710780,0,0.05747608467936516
ACH-000722,6918454,1,0.056045643985271454
ACH-000722,6918638,0,0.05666249245405197
ACH-000722,9868037,0,0.05669684708118439
ACH-000722,9952773,0,0.05687831714749336
ACH-000722,9956119,0,0.05657651647925377
ACH-000722,9956222,0,0.05681098997592926
ACH-000722,9967941,0,0.05715251341462135
ACH-000727,10127622,0,0.04863651469349861
ACH-000727,11327430,0,0.048901960253715515
ACH-000727,11433190,0,0.04924248158931732
ACH-000727,11624601,0,0.0484139658510685
ACH-000727,17755052,0,0.04881813004612923
ACH-000727,44632017,0,0.04848787561058998
ACH-000727,54685215,0,0.0487162321805954
ACH-000733,10074640,0,0.054734598845243454
ACH-000733,10302451,0,0.05460013821721077
ACH-000733,10461815,0,0.05441451445221901
ACH-000733,11327430,0,0.05475519970059395
ACH-000733,11433190,0,0.05516556277871132
ACH-000733,11624601,0,0.054278187453746796
ACH-000733,11625818,0,0.054455071687698364
ACH-000733,11634725,0,0.05481402203440666
ACH-000733,11676786,0,0.05469311773777008
ACH-000733,148124,0,0.055794984102249146
ACH-000733,16038120,0,0.05502812936902046
ACH-000733,176158,0,0.05427239090204239
ACH-000733,17755052,0,0.0546334832906723
ACH-000733,24772860,0,0.05472061038017273
ACH-000733,24894414,0,0.05468814820051193
ACH-000733,24951314,0,0.0546162873506546
ACH-000733,25167777,0,0.05448485165834427
ACH-000733,3062316,0,0.05462167039513588
ACH-000733,3218,0,0.05374528467655182
ACH-000733,36314,0,0.05562062934041023
ACH-000733,44143370,0,0.05477067828178406
ACH-000733,444795,0,0.0544523186981678
ACH-000733,44551660,0,0.054364163428545
ACH-000733,44632017,0,0.05432521179318428
ACH-000733,462382,0,0.054854538291692734
ACH-000733,46883536,0,0.05463824048638344
ACH-000733,46885626,0,0.05507474020123482
ACH-000733,46907787,0,0.054448794573545456
ACH-000733,5311510,0,0.05444186553359032
ACH-000733,54676905,0,0.05434456095099449
ACH-000733,54685215,0,0.054537270218133926
ACH-000733,5717801,0,0.05456724017858505
ACH-000733,5746,0,0.05506913363933563
ACH-000733,6445562,0,0.054792847484350204
ACH-000733,6450816,0,0.05511995032429695
ACH-000733,6710780,0,0.05521009862422943
ACH-000733,6918454,0,0.05381770431995392
ACH-000733,6918638,0,0.05437424033880234
ACH-000733,9868037,0,0.05440444126725197
ACH-000733,9952773,0,0.05458016321063042
ACH-000733,9956119,0,0.05432868003845215
ACH-000733,9956222,0,0.05456503853201866
ACH-000733,9967941,0,0.054877448827028275
ACH-000759,10074640,0,0.04515910893678665
ACH-000759,11625818,0,0.0449814647436142
ACH-000759,11634725,0,0.04527970775961876
ACH-000759,148124,0,0.046047914773225784
ACH-000759,176158,0,0.044857148081064224
ACH-000759,24772860,0,0.045290034264326096
ACH-000759,24894414,0,0.04525550454854965
ACH-000759,24951314,0,0.045198582112789154
ACH-000759,25167777,0,0.04494549706578255
ACH-000759,3218,0,0.04459028318524361
ACH-000759,44143370,0,0.04514306038618088
ACH-000759,444795,0,0.04508952796459198
ACH-000759,44551660,0,0.044936321675777435
ACH-000759,44632017,0,0.04490514099597931
ACH-000759,46883536,0,0.04511187970638275
ACH-000759,46885626,0,0.04546857252717018
ACH-000759,46907787,0,0.0450783334672451
ACH-000759,54676905,0,0.045041173696517944
ACH-000759,54685215,0,0.0451289638876915
ACH-000759,5746,0,0.04551660642027855
ACH-000759,6445562,1,0.04526315629482269
ACH-000759,6450816,0,0.045566070824861526
ACH-000759,6710780,0,0.04555830731987953
ACH-000759,6918454,0,0.044565118849277496
ACH-000759,6918638,0,0.04505248740315437
ACH-000759,9868037,0,0.04491230100393295
ACH-000759,9952773,0,0.04513552039861679
ACH-000759,9956119,0,0.04485476016998291
ACH-000759,9956222,0,0.04506058618426323
ACH-000759,9967941,0,0.04535287991166115
ACH-000766,10074640,0,0.04771317169070244
ACH-000766,10302451,1,0.04758236184716225
ACH-000766,10461815,0,0.04740844666957855
ACH-000766,11327430,0,0.04773696884512901
ACH-000766,11433190,0,0.04817311838269234
ACH-000766,11624601,1,0.04733067750930786
ACH-000766,11625818,0,0.047565262764692307
ACH-000766,11634725,0,0.0478636734187603
ACH-000766,11676786,1,0.0476917065680027
ACH-000766,148124,0,0.04876522347331047
ACH-000766,16038120,1,0.04802116006612778
ACH-000766,176158,0,0.047395847737789154
ACH-000766,17755052,0,0.04761749133467674
ACH-000766,24772860,0,0.04777450114488602
ACH-000766,24894414,0,0.0477767139673233
ACH-000766,24951314,0,0.04772597923874855
ACH-000766,25167777,0,0.04749166965484619
ACH-000766,3062316,1,0.04758808761835098
ACH-000766,3218,0,0.04701070114970207
ACH-000766,36314,0,0.04860930144786835
ACH-000766,44143370,0,0.047729428857564926
ACH-000766,444795,1,0.047676049172878265
ACH-000766,44551660,0,0.04743427410721779
ACH-000766,44632017,0,0.04738800600171089
ACH-000766,462382,0,0.0479828380048275
ACH-000766,46883536,1,0.0476938933134079
ACH-000766,46885626,0,0.04803609102964401
ACH-000766,46907787,0,0.047544192522764206
ACH-000766,5311510,1,0.0474986732006073
ACH-000766,54676905,0,0.04745606333017349
ACH-000766,54685215,0,0.047675639390945435
ACH-000766,5717801,0,0.047763388603925705
ACH-000766,5746,0,0.048084698617458344
ACH-000766,6445562,0,0.04783378913998604
ACH-000766,6450816,0,0.048175033181905746
ACH-000766,6710780,0,0.04816882312297821
ACH-000766,6918454,0,0.04698551446199417
ACH-000766,6918638,0,0.04757431149482727
ACH-000766,9868037,0,0.04750495031476021
ACH-000766,9952773,0,0.047676246613264084
ACH-000766,9956119,0,0.04737965390086174
ACH-000766,9956222,0,0.047573793679475784
ACH-000766,9967941,0,0.04787057265639305
ACH-000776,10074640,0,0.059611957520246506
ACH-000776,10127622,1,0.059300199151039124
ACH-000776,10302451,0,0.05941682308912277
ACH-000776,10461815,0,0.059222858399152756
ACH-000776,11327430,0,0.05963010713458061
ACH-000776,11433190,1,0.06004063040018082
ACH-000776,11624601,0,0.05906187370419502
ACH-000776,11625818,0,0.059299178421497345
ACH-000776,11634725,1,0.059680450707674026
ACH-000776,11676786,1,0.05955246463418007
ACH-000776,148124,0,0.06075616180896759
ACH-000776,16038120,0,0.059916600584983826
ACH-000776,176158,0,0.05911191552877426
ACH-000776,17755052,0,0.059521790593862534
ACH-000776,24772860,0,0.05957287549972534
ACH-000776,24894414,0,0.05950196459889412
ACH-000776,24951314,0,0.059468962252140045
ACH-000776,25167777,0,0.059285614639520645
ACH-000776,3062316,1,0.05944313853979111
ACH-000776,3218,0,0.05847971513867378
ACH-000776,36314,0,0.060557857155799866
ACH-000776,44143370,0,0.059640735387802124
ACH-000776,444795,0,0.05927741527557373
ACH-000776,44551660,0,0.05918531119823456
ACH-000776,44632017,0,0.059112802147865295
ACH-000776,462382,1,0.059742726385593414
ACH-000776,46883536,0,0.059495288878679276
ACH-000776,46885626,1,0.05994676053524017
ACH-000776,46907787,0,0.05927598848938942
ACH-000776,5311510,0,0.0592537596821785
ACH-000776,54676905,0,0.059133730828762054
ACH-000776,54685215,0,0.059398945420980453
ACH-000776,5717801,0,0.059431400150060654
ACH-000776,5746,0,0.0599181167781353
ACH-000776,6445562,0,0.05966367572546005
ACH-000776,6450816,0,0.060030270367860794
ACH-000776,6710780,0,0.06017804890871048
ACH-000776,6918454,1,0.058563314378261566
ACH-000776,9868037,0,0.05924192816019058
ACH-000776,9952773,0,0.059431035071611404
ACH-000776,9956119,0,0.05911654978990555
ACH-000776,9956222,0,0.05941290408372879
ACH-000776,9967941,0,0.0597362257540226
ACH-000784,10074640,0,0.05703798308968544
ACH-000784,11625818,0,0.05684342607855797
ACH-000784,11634725,0,0.057161953300237656
ACH-000784,148124,0,0.05816400423645973
ACH-000784,176158,0,0.05665150657296181
ACH-000784,24772860,0,0.0570877343416214
ACH-000784,24894414,0,0.05693243443965912
ACH-000784,24951314,0,0.056925222277641296
ACH-000784,25167777,0,0.0568196102976799
ACH-000784,3218,0,0.05595171079039574
ACH-000784,44143370,0,0.05706559494137764
ACH-000784,444795,0,0.05671701952815056
ACH-000784,44551660,0,0.05670373514294624
ACH-000784,44632017,0,0.056629687547683716
ACH-000784,46883536,0,0.057035550475120544
ACH-000784,46885626,0,0.05740354582667351
ACH-000784,46907787,0,0.05680686607956886
ACH-000784,54676905,0,0.05660943686962128
ACH-000784,54685215,0,0.056968141347169876
ACH-000784,5746,0,0.05743743106722832
ACH-000784,6445562,0,0.05709974095225334
ACH-000784,6450816,0,0.0576728992164135
ACH-000784,6710780,0,0.057620227336883545
ACH-000784,6918454,0,0.05607274919748306
ACH-000784,6918638,0,0.056782472878694534
ACH-000784,9868037,0,0.05677447095513344
ACH-000784,9952773,0,0.056918077170848846
ACH-000784,9956119,0,0.05663008987903595
ACH-000784,9956222,0,0.05689521133899689
ACH-000784,9967941,0,0.05717352032661438
ACH-000793,10127622,0,0.062311697751283646
ACH-000793,11327430,0,0.0626530721783638
ACH-000793,11433190,0,0.06307673454284668
ACH-000793,11624601,0,0.06203065440058708
ACH-000793,148124,0,0.06380239129066467
ACH-000793,176158,0,0.06215295195579529
ACH-000793,17755052,0,0.06257613748311996
ACH-000793,444795,0,0.06222440302371979
ACH-000793,54685215,0,0.06249827891588211
ACH-000793,6710780,0,0.06320793181657791
ACH-000793,6918454,0,0.06152164936065674
ACH-000800,10074640,1,0.057660721242427826
ACH-000800,10127622,0,0.057454854249954224
ACH-000800,10302451,0,0.05749252811074257
ACH-000800,10461815,0,0.05736851692199707
ACH-000800,11327430,0,0.05771512910723686
ACH-000800,11433190,0,0.05814046040177345
ACH-000800,11624601,0,0.05723097175359726
ACH-000800,11625818,0,0.057405732572078705
ACH-000800,11634725,0,0.05778048560023308
ACH-000800,11676786,0,0.0576324500143528
ACH-000800,148124,0,0.05876040458679199
ACH-000800,16038120,0,0.05800794064998627
ACH-000800,176158,0,0.057213738560676575
ACH-000800,17755052,0,0.057611268013715744
ACH-000800,24772860,0,0.05768478289246559
ACH-000800,24894414,0,0.05758434906601906
ACH-000800,24951314,0,0.05753873288631439
ACH-000800,25167777,0,0.05743836611509323
ACH-000800,3062316,0,0.05753315985202789
ACH-000800,3218,0,0.05660653114318848
ACH-000800,36314,0,0.058619774878025055
ACH-000800,44143370,0,0.05769596993923187
ACH-000800,444795,0,0.05733680725097656
ACH-000800,44551660,0,0.05731020122766495
ACH-000800,44632017,0,0.05730481445789337
ACH-000800,462382,0,0.05782318115234375
ACH-000800,46883536,0,0.05759819969534874
ACH-000800,46885626,1,0.058040112257003784
ACH-000800,46907787,0,0.05739912763237953
ACH-000800,5311510,0,0.05739185959100723
ACH-000800,54676905,0,0.05728376656770706
ACH-000800,54685215,0,0.057492125779390335
ACH-000800,5717801,0,0.05752359703183174
ACH-000800,5746,0,0.05806111916899681
ACH-000800,6445562,0,0.05771169438958168
ACH-000800,6450816,0,0.05810441076755524
ACH-000800,6710780,0,0.05818597599864006
ACH-000800,6918454,0,0.056758929044008255
ACH-000800,6918638,0,0.05732077360153198
ACH-000800,9868037,0,0.05735253170132637
ACH-000800,9952773,0,0.05753035470843315
ACH-000800,9956119,0,0.05727403610944748
ACH-000800,9956222,1,0.0575089268386364
ACH-000800,9967941,0,0.057804688811302185
ACH-000802,10074640,0,0.06540458649396896
ACH-000802,10127622,1,0.0651729553937912
ACH-000802,11327430,1,0.0654657632112503
ACH-000802,11433190,0,0.06594422459602356
ACH-000802,11624601,1,0.06489542126655579
ACH-000802,11625818,0,0.06516905874013901
ACH-000802,11634725,1,0.06553928554058075
ACH-000802,148124,1,0.06666335463523865
ACH-000802,176158,1,0.06492665410041809
ACH-000802,17755052,0,0.06536218523979187
ACH-000802,24772860,0,0.06546192616224289
ACH-000802,24894414,0,0.06531866639852524
ACH-000802,24951314,0,0.06526734679937363
ACH-000802,25167777,0,0.0651935562491417
ACH-000802,3218,1,0.06421846896409988
ACH-000802,44143370,0,0.0654442235827446
ACH-000802,444795,0,0.06504014134407043
ACH-000802,44551660,0,0.06502712517976761
ACH-000802,44632017,1,0.06499814987182617
ACH-000802,46883536,0,0.06538989394903183
ACH-000802,46885626,0,0.06583136320114136
ACH-000802,46907787,0,0.06514543294906616
ACH-000802,54676905,0,0.06497509777545929
ACH-000802,54685215,0,0.06529463827610016
ACH-000802,5746,0,0.06590592861175537
ACH-000802,6445562,0,0.06546192616224289
ACH-000802,6450816,0,0.06598422676324844
ACH-000802,6710780,0,0.06599542498588562
ACH-000802,6918454,0,0.06436452269554138
ACH-000802,6918638,0,0.06510166823863983
ACH-000802,9868037,1,0.06509333848953247
ACH-000802,9952773,0,0.06525789201259613
ACH-000802,9956119,0,0.06497779488563538
ACH-000802,9956222,0,0.06523381173610687
ACH-000802,9967941,0,0.0655665248632431
ACH-000803,10074640,0,0.04526280611753464
ACH-000803,10127622,0,0.04512700438499451
ACH-000803,10302451,0,0.04517697915434837
ACH-000803,10461815,0,0.044994693249464035
ACH-000803,11327430,0,0.04528737813234329
ACH-000803,11433190,0,0.045722126960754395
ACH-000803,11624601,0,0.04495896026492119
ACH-000803,11625818,0,0.04511494189500809
ACH-000803,11634725,0,0.045393433421850204
ACH-000803,11676786,0,0.045246753841638565
ACH-000803,148124,0,0.04616818577051163
ACH-000803,16038120,0,0.045565731823444366
ACH-000803,176158,0,0.0449875183403492
ACH-000803,17755052,0,0.045177657157182693
ACH-000803,24772860,0,0.04539341479539871
ACH-000803,24894414,0,0.045342206954956055
ACH-000803,24951314,0,0.04530879482626915
ACH-000803,25167777,0,0.045043881982564926
ACH-000803,3062316,0,0.04513581842184067
ACH-000803,3218,0,0.044656768441200256
ACH-000803,36314,0,0.04604145139455795
ACH-000803,44143370,0,0.0452461801469326
ACH-000803,444795,0,0.045174550265073776
ACH-000803,44551660,0,0.045050591230392456
ACH-000803,44632017,0,0.04495721682906151
ACH-000803,462382,0,0.04556842893362045
ACH-000803,46883536,0,0.04522387683391571
ACH-000803,46885626,0,0.04558373615145683
ACH-000803,46907787,0,0.04518420621752739
ACH-000803,5311510,0,0.045010682195425034
ACH-000803,54676905,0,0.045099906623363495
ACH-000803,54685215,0,0.04525819048285484
ACH-000803,5717801,0,0.0452672578394413
ACH-000803,5746,1,0.045587554574012756
ACH-000803,6445562,0,0.04538719356060028
ACH-000803,6450816,0,0.04575614631175995
ACH-000803,6710780,0,0.045712921768426895
ACH-000803,6918454,0,0.044609036296606064
ACH-000803,6918638,0,0.04512728005647659
ACH-000803,9868037,0,0.04502374306321144
ACH-000803,9952773,0,0.04526358097791672
ACH-000803,9956119,0,0.04494946077466011
ACH-000803,9956222,0,0.04518905282020569
ACH-000803,9967941,0,0.04546291381120682
ACH-000804,10074640,1,0.05432824045419693
ACH-000804,10127622,0,0.05408986657857895
ACH-000804,10302451,0,0.05420655384659767
ACH-000804,10461815,0,0.05401135981082916
ACH-000804,11327430,0,0.05430455505847931
ACH-000804,11433190,1,0.05470104143023491
ACH-000804,11624601,0,0.053916823118925095
ACH-000804,11634725,0,0.05435382202267647
ACH-000804,11676786,0,0.05424636974930763
ACH-000804,148124,0,0.055242378264665604
ACH-000804,16038120,1,0.05460124835371971
ACH-000804,176158,0,0.053862281143665314
ACH-000804,17755052,0,0.05418099835515022
ACH-000804,24772860,0,0.054374635219573975
ACH-000804,24894414,0,0.05427413806319237
ACH-000804,24951314,0,0.05422541871666908
ACH-000804,25167777,0,0.0540144145488739
ACH-000804,3062316,0,0.054185062646865845
ACH-000804,3218,0,0.053469330072402954
ACH-000804,36314,0,0.05508891120553017
ACH-000804,44143370,0,0.054312944412231445
ACH-000804,444795,0,0.054065536707639694
ACH-000804,44632017,0,0.05391845479607582
ACH-000804,462382,0,0.05446635186672211
ACH-000804,46883536,0,0.05418267101049423
ACH-000804,46907787,0,0.05410424619913101
ACH-000804,5311510,0,0.0539550706744194
ACH-000804,54676905,0,0.05403045564889908
ACH-000804,54685215,0,0.054126277565956116
ACH-000804,5717801,0,0.054119426757097244
ACH-000804,5746,0,0.05461040511727333
ACH-000804,6445562,0,0.05435248836874962
ACH-000804,6710780,0,0.054828375577926636
ACH-000804,6918454,0,0.053463321179151535
ACH-000804,6918638,0,0.05397550016641617
ACH-000804,9868037,0,0.05392388999462128
ACH-000804,9956119,1,0.05387803912162781
ACH-000804,9956222,0,0.05417529121041298
ACH-000804,9967941,1,0.05448421090841293
ACH-000805,10074640,0,0.060480132699012756
ACH-000805,10127622,1,0.06026485189795494
ACH-000805,11327430,0,0.06053701788187027
ACH-000805,11433190,1,0.06098180264234543
ACH-000805,11624601,0,0.060030702501535416
ACH-000805,11625818,0,0.06025570258498192
ACH-000805,11634725,0,0.060605358332395554
ACH-000805,148124,0,0.06165038421750069
ACH-000805,176158,0,0.06003588065505028
ACH-000805,17755052,0,0.06044074147939682
ACH-000805,24772860,0,0.060533441603183746
ACH-000805,24894414,0,0.060400255024433136
ACH-000805,24951314,0,0.06035255268216133
ACH-000805,25167777,0,0.060283955186605453
ACH-000805,3218,1,0.05937764048576355
ACH-000805,44143370,0,0.06051698699593544
ACH-000805,444795,0,0.06014135107398033
ACH-000805,44551660,0,0.060129281133413315
ACH-000805,44632017,0,0.060118984431028366
ACH-000805,46883536,0,0.06045711040496826
ACH-000805,46885626,0,0.060876864939928055
ACH-000805,46907787,1,0.060239240527153015
ACH-000805,54676905,1,0.06008590757846832
ACH-000805,54685215,0,0.0603460930287838
ACH-000805,5746,0,0.06094151362776756
ACH-000805,6445562,0,0.06053341180086136
ACH-000805,6450816,0,0.060986824333667755
ACH-000805,6710780,0,0.061029404401779175
ACH-000805,6918454,1,0.059537019580602646
ACH-000805,6918638,0,0.06016680598258972
ACH-000805,9868037,0,0.06019080802798271
ACH-000805,9952773,0,0.06034377962350845
ACH-000805,9956119,0,0.060083430260419846
ACH-000805,9956222,0,0.060321398079395294
ACH-000805,9967941,0,0.0606306754052639
ACH-000815,10074640,0,0.07472949475049973
ACH-000815,10127622,0,0.07438302040100098
ACH-000815,10302451,0,0.07451160252094269
ACH-000815,10461815,0,0.07427048683166504
ACH-000815,11327430,0,0.07471876591444016
ACH-000815,11433190,1,0.07526680827140808
ACH-000815,11624601,0,0.07413538545370102
ACH-000815,11625818,0,0.0743178129196167
ACH-000815,11634725,0,0.07479730993509293
ACH-000815,11676786,0,0.074635811150074
ACH-000815,148124,0,0.07610711455345154
ACH-000815,16038120,0,0.07508331537246704
ACH-000815,176158,0,0.07407369464635849
ACH-000815,17755052,0,0.07457910478115082
ACH-000815,24772860,0,0.07467254251241684
ACH-000815,24894414,0,0.07464227080345154
ACH-000815,24951314,0,0.07453319430351257
ACH-000815,25167777,0,0.07435930520296097
ACH-000815,3062316,0,0.07454875111579895
ACH-000815,3218,0,0.07341676950454712
ACH-000815,36314,0,0.07587438076734543
ACH-000815,44143370,0,0.07477353513240814
ACH-000815,444795,0,0.07434678077697754
ACH-000815,44551660,0,0.07419634610414505
ACH-000815,44632017,0,0.07418952137231827
ACH-000815,462382,0,0.07485144585371017
ACH-000815,46883536,0,0.07456249743700027
ACH-000815,46885626,0,0.07514554262161255
ACH-000815,46907787,0,0.07430940866470337
ACH-000815,5311510,0,0.07430016249418259
ACH-000815,54676905,0,0.07420117408037186
ACH-000815,54685215,0,0.07442761957645416
ACH-000815,5717801,0,0.07446764409542084
ACH-000815,5746,0,0.07515087723731995
ACH-000815,6445562,0,0.07476907223463058
ACH-000815,6450816,0,0.07520591467618942
ACH-000815,6710780,0,0.07542534917593002
ACH-000815,6918454,0,0.0735194981098175
ACH-000815,6918638,0,0.07420983165502548
ACH-000815,9868037,0,0.07425015419721603
ACH-000815,9952773,0,0.0744849219918251
ACH-000815,9956119,0,0.07415036112070084
ACH-000815,9956222,0,0.07446472346782684
ACH-000815,9967941,0,0.07488203048706055
ACH-000823,10074640,0,0.06888951361179352
ACH-000823,10127622,0,0.06860218197107315
ACH-000823,11327430,0,0.06897548586130142
ACH-000823,11433190,0,0.06943874061107635
ACH-000823,11624601,1,0.06829483062028885
ACH-000823,11625818,0,0.06865748018026352
ACH-000823,11634725,0,0.06903737038373947
ACH-000823,148124,0,0.0702320784330368
ACH-000823,176158,0,0.06842857599258423
ACH-000823,17755052,0,0.06889134645462036
ACH-000823,24772860,0,0.06894884258508682
ACH-000823,24894414,0,0.06876363605260849
ACH-000823,24951314,0,0.06875504553318024
ACH-000823,25167777,0,0.06862908601760864
ACH-000823,3218,0,0.06759372353553772
ACH-000823,44143370,0,0.06892244517803192
ACH-000823,444795,0,0.06850671023130417
ACH-000823,44551660,0,0.06849085539579391
ACH-000823,46883536,0,0.06888662278652191
ACH-000823,46885626,0,0.06932544708251953
ACH-000823,46907787,0,0.06861387938261032
ACH-000823,54676905,0,0.06837838143110275
ACH-000823,54685215,0,0.06880621612071991
ACH-000823,5746,0,0.06936588138341904
ACH-000823,6445562,1,0.0689631924033165
ACH-000823,6450816,0,0.06969742476940155
ACH-000823,6710780,0,0.06958381086587906
ACH-000823,6918454,0,0.0677381232380867
ACH-000823,6918638,0,0.06858476996421814
ACH-000823,9868037,0,0.06857524812221527
ACH-000823,9952773,0,0.06874653697013855
ACH-000823,9956119,0,0.06840303540229797
ACH-000823,9956222,0,0.06871925294399261
ACH-000823,9967941,0,0.06905115395784378
ACH-000835,10074640,0,0.05576714500784874
ACH-000835,11625818,0,0.05549559369683266
ACH-000835,11634725,0,0.05585384741425514
ACH-000835,24772860,0,0.05575275048613548
ACH-000835,24894414,0,0.055701058357954025
ACH-000835,24951314,0,0.055655114352703094
ACH-000835,25167777,0,0.05548284202814102
ACH-000835,3218,0,0.054766520857810974
ACH-000835,44143370,0,0.05579613149166107
ACH-000835,44551660,0,0.05538857728242874
ACH-000835,44632017,0,0.05532045662403107
ACH-000835,46883536,0,0.055679868906736374
ACH-000835,46885626,0,0.05610412359237671
ACH-000835,46907787,0,0.05547378212213516
ACH-000835,54676905,1,0.05534012243151665
ACH-000835,54685215,0,0.055593010038137436
ACH-000835,5746,0,0.05607719346880913
ACH-000835,6445562,0,0.055838070809841156
ACH-000835,6450816,0,0.05625440180301666
ACH-000835,6918638,0,0.055408164858818054
ACH-000835,9868037,0,0.05544178932905197
ACH-000835,9952773,0,0.0556194894015789
ACH-000835,9956119,1,0.055323969572782516
ACH-000835,9956222,0,0.055602461099624634
ACH-000835,9967941,0,0.0559062696993351
ACH-000847,10074640,0,0.06257268041372299
ACH-000847,10127622,0,0.06235042214393616
ACH-000847,11327430,0,0.06263140588998795
ACH-000847,11433190,0,0.06309053301811218
ACH-000847,11624601,0,0.062108732759952545
ACH-000847,11625818,0,0.0623466856777668
ACH-000847,11634725,0,0.06270197033882141
ACH-000847,148124,1,0.06378067284822464
ACH-000847,176158,0,0.06211407482624054
ACH-000847,17755052,1,0.06253200769424438
ACH-000847,24772860,0,0.06262771785259247
ACH-000847,24894414,0,0.062490224838256836
ACH-000847,24951314,0,0.06244100257754326
ACH-000847,25167777,1,0.062370192259550095
ACH-000847,3218,0,0.061434537172317505
ACH-000847,44143370,0,0.06261071562767029
ACH-000847,444795,0,0.06222296878695488
ACH-000847,44551660,0,0.062210485339164734
ACH-000847,44632017,1,0.06219989433884621
ACH-000847,46883536,0,0.0625585988163948
ACH-000847,46907787,1,0.06232402101159096
ACH-000847,54676905,0,0.06216573715209961
ACH-000847,54685215,0,0.062467340379953384
ACH-000847,5746,0,0.06305377185344696
ACH-000847,6445562,0,0.06262770295143127
ACH-000847,6450816,0,0.06314491480588913
ACH-000847,6710780,1,0.06313969194889069
ACH-000847,6918454,0,0.06159909442067146
ACH-000847,6918638,0,0.062285955995321274
ACH-000847,9868037,0,0.062274008989334106
ACH-000847,9952773,0,0.062431931495666504
ACH-000847,9956119,0,0.06216315180063248
ACH-000847,9956222,1,0.062408819794654846
ACH-000847,9967941,0,0.06272809207439423
ACH-000849,10074640,0,0.046514686197042465
ACH-000849,10127622,0,0.04640229791402817
ACH-000849,11327430,0,0.04652489721775055
ACH-000849,11433190,0,0.04700196161866188
ACH-000849,11624601,0,0.046220555901527405
ACH-000849,11625818,1,0.04635251685976982
ACH-000849,11634725,0,0.04664428532123566
ACH-000849,148124,0,0.04742884263396263
ACH-000849,176158,0,0.0462040975689888
ACH-000849,17755052,0,0.04639536514878273
ACH-000849,24772860,0,0.046600889414548874
ACH-000849,24894414,0,0.04662097245454788
ACH-000849,24951314,0,0.04654628783464432
ACH-000849,25167777,0,0.04631694778800011
ACH-000849,3218,0,0.0458834208548069
ACH-000849,44143370,0,0.04650363698601723
ACH-000849,444795,0,0.04645922780036926
ACH-000849,44551660,0,0.04628850892186165
ACH-000849,44632017,0,0.04622793197631836
ACH-000849,46883536,0,0.04646611213684082
ACH-000849,46885626,1,0.046852316707372665
ACH-000849,46907787,0,0.04638852924108505
ACH-000849,54676905,0,0.04632064327597618
ACH-000849,54685215,0,0.046487897634506226
ACH-000849,5746,0,0.0468752346932888
ACH-000849,6445562,1,0.046633023768663406
ACH-000849,6450816,1,0.046933259814977646
ACH-000849,6710780,0,0.04692527651786804
ACH-000849,6918454,0,0.045857738703489304
ACH-000849,6918638,0,0.046420615166425705
ACH-000849,9868037,1,0.04626082628965378
ACH-000849,9952773,0,0.04650793969631195
ACH-000849,9956119,0,0.0462198443710804
ACH-000849,9956222,0,0.04642317071557045
ACH-000849,9967941,1,0.04671730101108551
ACH-000859,10074640,0,0.054942019283771515
ACH-000859,10127622,0,0.05479548126459122
ACH-000859,11327430,0,0.054969869554042816
ACH-000859,11433190,1,0.05553930625319481
ACH-000859,11624601,0,0.05457654967904091
ACH-000859,11625818,0,0.05478842929005623
ACH-000859,11634725,0,0.05511888116598129
ACH-000859,148124,0,0.05612341687083244
ACH-000859,176158,0,0.054556917399168015
ACH-000859,17755052,0,0.054838210344314575
ACH-000859,24772860,0,0.0550098642706871
ACH-000859,24894414,0,0.055055614560842514
ACH-000859,24951314,0,0.05494597926735878
ACH-000859,25167777,0,0.05474977567791939
ACH-000859,3218,0,0.05418054386973381
ACH-000859,44143370,0,0.054977621883153915
ACH-000859,444795,0,0.054922398179769516
ACH-000859,44551660,0,0.054644349962472916
ACH-000859,44632017,0,0.05462006852030754
ACH-000859,46883536,0,0.05490690842270851
ACH-000859,46885626,0,0.05534695088863373
ACH-000859,46907787,0,0.054761361330747604
ACH-000859,54676905,0,0.054693687707185745
ACH-000859,54685215,0,0.054888054728507996
ACH-000859,5746,0,0.05540385842323303
ACH-000859,6445562,0,0.055085763335227966
ACH-000859,6450816,1,0.05544855445623398
ACH-000859,6710780,0,0.05543987825512886
ACH-000859,6918454,0,0.054151881486177444
ACH-000859,6918638,0,0.05476510152220726
ACH-000859,9868037,0,0.05469365790486336
ACH-000859,9952773,0,0.05491507425904274
ACH-000859,9956119,0,0.05461703613400459
ACH-000859,9956222,0,0.05480191484093666
ACH-000859,9967941,0,0.05514605715870857
ACH-000866,10074640,0,0.055630821734666824
ACH-000866,10127622,0,0.055395498871803284
ACH-000866,11327430,0,0.05570125952363014
ACH-000866,11433190,0,0.056080713868141174
ACH-000866,11624601,0,0.055143821984529495
ACH-000866,11625818,0,0.05544079467654228
ACH-000866,11634725,0,0.05575193464756012
ACH-000866,148124,0,0.056730736047029495
ACH-000866,176158,0,0.05525333806872368
ACH-000866,17755052,0,0.0556323267519474
ACH-000866,24772860,0,0.05567942559719086
ACH-000866,24894414,0,0.055527735501527786
ACH-000866,24951314,0,0.055520690977573395
ACH-000866,25167777,1,0.055417533963918686
ACH-000866,3218,0,0.05456980690360069
ACH-000866,44143370,0,0.05565779656171799
ACH-000866,444795,0,0.055317316204309464
ACH-000866,44551660,0,0.05530435964465141
ACH-000866,44632017,0,0.05523201823234558
ACH-000866,46883536,0,0.055628452450037
ACH-000866,46907787,0,0.055405087769031525
ACH-000866,54676905,0,0.055212248116731644
ACH-000866,54685215,0,0.05556259676814079
ACH-000866,5746,0,0.05602100118994713
ACH-000866,6445562,0,0.05569116771221161
ACH-000866,6450816,0,0.056292641907930374
ACH-000866,6710780,0,0.0561995729804039
ACH-000866,6918454,0,0.05468804016709328
ACH-000866,6918638,0,0.055381253361701965
ACH-000866,9868037,0,0.05537346005439758
ACH-000866,9952773,0,0.05551372468471527
ACH-000866,9956119,0,0.05523240938782692
ACH-000866,9956222,1,0.0554913729429245
ACH-000866,9967941,1,0.055763229727745056
ACH-000869,10074640,0,0.04844703897833824
ACH-000869,10127622,0,0.04831695184111595
ACH-000869,11327430,0,0.048471760004758835
ACH-000869,11433190,0,0.04895175248384476
ACH-000869,11624601,0,0.04814127832651138
ACH-000869,11625818,0,0.04831067845225334
ACH-000869,11634725,0,0.04860406368970871
ACH-000869,148124,0,0.049496088176965714
ACH-000869,176158,0,0.048105157911777496
ACH-000869,17755052,0,0.048354871571063995
ACH-000869,24772860,0,0.048507269471883774
ACH-000869,24894414,0,0.04854787886142731
ACH-000869,24951314,0,0.04845056310296059
ACH-000869,25167777,0,0.04827575758099556
ACH-000869,3218,0,0.04777103289961815
ACH-000869,44143370,0,0.04847864434123039
ACH-000869,444795,0,0.04842960461974144
ACH-000869,44551660,0,0.04818277060985565
ACH-000869,44632017,0,0.048179853707551956
ACH-000869,46883536,0,0.04841586574912071
ACH-000869,46885626,0,0.0488065630197525
ACH-000869,46907787,0,0.04828665405511856
ACH-000869,54676905,0,0.04823576658964157
ACH-000869,54685215,0,0.04839913547039032
ACH-000869,5746,0,0.048857107758522034
ACH-000869,6445562,0,0.04857466742396355
ACH-000869,6450816,0,0.048896804451942444
ACH-000869,6710780,0,0.048889100551605225
ACH-000869,6918454,0,0.04776415228843689
ACH-000869,6918638,0,0.04832000657916069
ACH-000869,9868037,0,0.04822654277086258
ACH-000869,9952773,0,0.04842311516404152
ACH-000869,9956119,0,0.048158515244722366
ACH-000869,9956222,0,0.0483226478099823
ACH-000869,9967941,0,0.04862820357084274
ACH-000878,10074640,0,0.04965249449014664
ACH-000878,10127622,0,0.049488384276628494
ACH-000878,11327430,0,0.049677811563014984
ACH-000878,11433190,0,0.05014721304178238
ACH-000878,11624601,0,0.049282804131507874
ACH-000878,11625818,0,0.049508754163980484
ACH-000878,11634725,0,0.04981323704123497
ACH-000878,148124,0,0.05072625353932381
ACH-000878,17755052,0,0.049558162689208984
ACH-000878,24772860,0,0.04971414804458618
ACH-000878,24894414,0,0.04970603808760643
ACH-000878,24951314,0,0.04965607076883316
ACH-000878,25167777,0,0.04945080354809761
ACH-000878,3218,0,0.04889407753944397
ACH-000878,44143370,0,0.04968014359474182
ACH-000878,444795,0,0.049589596688747406
ACH-000878,44551660,0,0.04938175901770592
ACH-000878,46883536,0,0.049620598554611206
ACH-000878,46885626,0,0.05001341179013252
ACH-000878,46907787,0,0.049487270414829254
ACH-000878,54676905,0,0.04938191547989845
ACH-000878,54685215,0,0.04958387464284897
ACH-000878,5746,0,0.05003730580210686
ACH-000878,6445562,0,0.0497831366956234
ACH-000878,6450816,0,0.05011285841464996
ACH-000878,6710780,0,0.05010498687624931
ACH-000878,6918454,1,0.048897191882133484
ACH-000878,6918638,0,0.049434881657361984
ACH-000878,9868037,0,0.04942680522799492
ACH-000878,9952773,0,0.049623068422079086
ACH-000878,9956119,0,0.04933037981390953
ACH-000878,9956222,0,0.0495251789689064
ACH-000878,9967941,0,0.049833495169878006
ACH-000879,10074640,0,0.056122153997421265
ACH-000879,10127622,0,0.05585673823952675
ACH-000879,11327430,0,0.056113943457603455
ACH-000879,11433190,1,0.05653385445475578
ACH-000879,11624601,0,0.05566708371043205
ACH-000879,11625818,0,0.05580678954720497
ACH-000879,11634725,0,0.05617412552237511
ACH-000879,148124,0,0.057177942246198654
ACH-000879,176158,0,0.055619850754737854
ACH-000879,17755052,0,0.05600694194436073
ACH-000879,24772860,0,0.05607854947447777
ACH-000879,24894414,0,0.05605533346533775
ACH-000879,24951314,0,0.055971767753362656
ACH-000879,25167777,0,0.05583856999874115
ACH-000879,3218,0,0.055157408118247986
ACH-000879,44143370,0,0.056155912578105927
ACH-000879,444795,0,0.05587009713053703
ACH-000879,44551660,0,0.05571378022432327
ACH-000879,44632017,1,0.05570853501558304
ACH-000879,46883536,0,0.05599422752857208
ACH-000879,46885626,0,0.056440938264131546
ACH-000879,46907787,0,0.05580037459731102
ACH-000879,54676905,0,0.05571749061346054
ACH-000879,54685215,0,0.055890925228595734
ACH-000879,5746,0,0.05644502863287926
ACH-000879,6445562,0,0.056152474135160446
ACH-000879,6450816,0,0.05648718401789665
ACH-000879,6710780,0,0.05665536969900131
ACH-000879,6918454,0,0.05519548058509827
ACH-000879,6918638,0,0.055724069476127625
ACH-000879,9868037,0,0.05575495585799217
ACH-000879,9952773,0,0.05593482404947281
ACH-000879,9956119,0,0.05567855015397072
ACH-000879,9956222,0,0.0559193417429924
ACH-000879,9967941,0,0.056239016354084015
ACH-000880,10074640,0,0.06994197517633438
ACH-000880,10127622,0,0.06969548016786575
ACH-000880,11327430,1,0.07000710070133209
ACH-000880,11433190,1,0.07051622122526169
ACH-000880,11624601,0,0.06942742317914963
ACH-000880,11625818,0,0.06966150552034378
ACH-000880,11634725,1,0.0700853243470192
ACH-000880,148124,0,0.07128142565488815
ACH-000880,176158,0,0.06943153589963913
ACH-000880,17755052,0,0.0698968768119812
ACH-000880,24772860,0,0.0699957087635994
ACH-000880,24894414,0,0.06985054910182953
ACH-000880,24951314,0,0.06979592144489288
ACH-000880,25167777,0,0.06970059126615524
ACH-000880,3218,0,0.06867962330579758
ACH-000880,44143370,0,0.06998416036367416
ACH-000880,444795,0,0.06955413520336151
ACH-000880,44551660,0,0.06954028457403183
ACH-000880,46883536,0,0.069892019033432
ACH-000880,46885626,0,0.07039612531661987
ACH-000880,46907787,0,0.06965359300374985
ACH-000880,54676905,0,0.06949064880609512
ACH-000880,54685215,1,0.06976498663425446
ACH-000880,5746,0,0.07044634968042374
ACH-000880,6445562,0,0.07000298798084259
ACH-000880,6450816,0,0.07049818336963654
ACH-000880,6710780,0,0.07057074457406998
ACH-000880,6918454,1,0.06886214762926102
ACH-000880,6918638,0,0.06955978274345398
ACH-000880,9868037,0,0.0695977509021759
ACH-000880,9952773,0,0.06978587061166763
ACH-000880,9956119,0,0.06948778033256531
ACH-000880,9956222,0,0.06976024806499481
ACH-000880,9967941,0,0.07011431455612183
ACH-000900,10074640,0,0.05157466232776642
ACH-000900,10127622,0,0.05133054032921791
ACH-000900,10302451,0,0.05142068862915039
ACH-000900,10461815,0,0.051249608397483826
ACH-000900,11327430,0,0.05156867951154709
ACH-000900,11433190,0,0.05195439234375954
ACH-000900,11624601,0,0.05115558207035065
ACH-000900,11625818,0,0.051285069435834885
ACH-000900,11634725,0,0.05162348225712776
ACH-000900,11676786,0,0.051509104669094086
ACH-000900,148124,0,0.052550558000802994
ACH-000900,16038120,0,0.051825664937496185
ACH-000900,176158,0,0.05111243575811386
ACH-000900,17755052,0,0.05146830528974533
ACH-000900,24772860,0,0.051533043384552
ACH-000900,24894414,0,0.05151256546378136
ACH-000900,24951314,0,0.05143420025706291
ACH-000900,25167777,0,0.05131441354751587
ACH-000900,3062316,0,0.051446333527565
ACH-000900,3218,0,0.05068477243185043
ACH-000900,36314,0,0.05238618329167366
ACH-000900,44143370,0,0.05160649120807648
ACH-000900,444795,0,0.05136530101299286
ACH-000900,44551660,0,0.05119917914271355
ACH-000900,44632017,0,0.05119401589035988
ACH-000900,462382,0,0.05166124179959297
ACH-000900,46883536,0,0.05145716667175293
ACH-000900,46885626,0,0.05186953395605087
ACH-000900,46907787,0,0.05127643048763275
ACH-000900,5311510,0,0.051272593438625336
ACH-000900,54676905,0,0.05120091885328293
ACH-000900,54685215,0,0.05136275663971901
ACH-000900,5717801,0,0.05139106512069702
ACH-000900,5746,0,0.05187316983938217
ACH-000900,6445562,0,0.051603034138679504
ACH-000900,6450816,0,0.051912710070610046
ACH-000900,6710780,0,0.0520661436021328
ACH-000900,6918454,0,0.05071961134672165
ACH-000900,6918638,0,0.051208700984716415
ACH-000900,9868037,0,0.051237232983112335
ACH-000900,9952773,0,0.05140328034758568
ACH-000900,9956119,0,0.05116639286279678
ACH-000900,9956222,0,0.05138765648007393
ACH-000900,9967941,0,0.05168236792087555
ACH-000906,10074640,0,0.0704493299126625
ACH-000906,10127622,1,0.07012122869491577
ACH-000906,10302451,0,0.07024300843477249
ACH-000906,10461815,0,0.07001465559005737
ACH-000906,11327430,0,0.07043920457363129
ACH-000906,11433190,0,0.07095824927091599
ACH-000906,11624601,0,0.0698867067694664
ACH-000906,11625818,0,0.07005947828292847
ACH-000906,11634725,0,0.07051359117031097
ACH-000906,11676786,0,0.07036062330007553
ACH-000906,148124,0,0.07175419479608536
ACH-000906,16038120,0,0.07078444212675095
ACH-000906,176158,0,0.06982829421758652
ACH-000906,17755052,0,0.0703069195151329
ACH-000906,24772860,0,0.07039542496204376
ACH-000906,24894414,0,0.0703667551279068
ACH-000906,24951314,1,0.07026345282793045
ACH-000906,25167777,0,0.07009875774383545
ACH-000906,3062316,0,0.07027820497751236
ACH-000906,3218,0,0.0692213624715805
ACH-000906,36314,0,0.07153373956680298
ACH-000906,44143370,0,0.07049106061458588
ACH-000906,444795,0,0.0701022669672966
ACH-000906,44551660,0,0.06994443386793137
ACH-000906,44632017,0,0.06993794441223145
ACH-000906,462382,0,0.07056485116481781
ACH-000906,46883536,0,0.07029120624065399
ACH-000906,46885626,0,0.07084339112043381
ACH-000906,46907787,0,0.07005152106285095
ACH-000906,5311510,0,0.07004274427890778
ACH-000906,54676905,0,0.06994901597499847
ACH-000906,54685215,0,0.07016346603631973
ACH-000906,5717801,0,0.07020135968923569
ACH-000906,5746,0,0.07084845751523972
ACH-000906,6445562,0,0.07048681378364563
ACH-000906,6450816,0,0.0709005743265152
ACH-000906,6710780,0,0.07110841572284698
ACH-000906,6918454,0,0.0693034827709198
ACH-000906,6918638,0,0.0699571818113327
ACH-000906,9868037,0,0.06999538093805313
ACH-000906,9952773,0,0.07021772116422653
ACH-000906,9956119,0,0.06990089267492294
ACH-000906,9956222,0,0.07019859552383423
ACH-000906,9967941,0,0.07059381157159805
ACH-000910,10074640,0,0.04982907325029373
ACH-000910,10127622,0,0.04963453859090805
ACH-000910,11327430,0,0.049878012388944626
ACH-000910,11433190,0,0.05021008476614952
ACH-000910,11624601,0,0.04942985251545906
ACH-000910,11625818,0,0.04958375543355942
ACH-000910,11634725,0,0.049915313720703125
ACH-000910,148124,0,0.05071905627846718
ACH-000910,176158,0,0.0494878888130188
ACH-000910,17755052,0,0.049786124378442764
ACH-000910,24772860,0,0.049907051026821136
ACH-000910,24894414,0,0.04974602162837982
ACH-000910,24951314,0,0.04976946860551834
ACH-000910,25167777,1,0.04956956207752228
ACH-000910,3218,0,0.048930779099464417
ACH-000910,44143370,0,0.049809105694293976
ACH-000910,444795,0,0.049505457282066345
ACH-000910,44551660,0,0.04956134408712387
ACH-000910,44632017,0,0.04945739358663559
ACH-000910,46883536,0,0.049762751907110214
ACH-000910,46885626,0,0.050142060965299606
ACH-000910,46907787,0,0.04965578764677048
ACH-000910,54676905,0,0.04951028898358345
ACH-000910,54685215,0,0.049725018441677094
ACH-000910,5746,0,0.05011149123311043
ACH-000910,6445562,0,0.049878690391778946
ACH-000910,6450816,0,0.05026058480143547
ACH-000910,6710780,0,0.05032594874501228
ACH-000910,6918454,0,0.0490226149559021
ACH-000910,6918638,1,0.04956890270113945
ACH-000910,9868037,1,0.04952387884259224
ACH-000910,9952773,0,0.049740858376026154
ACH-000910,9956119,0,0.049443989992141724
ACH-000910,9956222,0,0.04974377900362015
ACH-000910,9967941,0,0.04998766630887985
ACH-000915,10074640,0,0.06329625099897385
ACH-000915,10127622,1,0.06302753835916519
ACH-000915,11327430,0,0.06337569653987885
ACH-000915,11433190,0,0.06380391865968704
ACH-000915,11624601,0,0.06274659931659698
ACH-000915,11625818,0,0.06302647292613983
ACH-000915,11634725,1,0.06343009322881699
ACH-000915,148124,0,0.06453736126422882
ACH-000915,176158,0,0.0628405213356018
ACH-000915,17755052,0,0.06327955424785614
ACH-000915,24772860,0,0.06331619620323181
ACH-000915,24894414,0,0.0631798803806305
ACH-000915,24951314,0,0.06317193806171417
ACH-000915,25167777,0,0.06301210820674896
ACH-000915,3218,0,0.06209863722324371
ACH-000915,44143370,0,0.06332667171955109
ACH-000915,444795,0,0.06294242292642593
ACH-000915,44551660,0,0.0629059299826622
ACH-000915,44632017,0,0.06282913684844971
ACH-000915,46883536,0,0.06323407590389252
ACH-000915,46885626,0,0.06369920819997787
ACH-000915,46907787,0,0.06300190836191177
ACH-000915,54676905,0,0.06282380223274231
ACH-000915,54685215,0,0.06313622742891312
ACH-000915,5746,0,0.06368168443441391
ACH-000915,6445562,0,0.06336433440446854
ACH-000915,6450816,0,0.06383789330720901
ACH-000915,6710780,0,0.06393250823020935
ACH-000915,6918454,1,0.062232084572315216
ACH-000915,6918638,0,0.0629279837012291
ACH-000915,9868037,0,0.06296585500240326
ACH-000915,9952773,0,0.06316407769918442
ACH-000915,9956119,0,0.06283312290906906
ACH-000915,9956222,0,0.06313885748386383
ACH-000915,9967941,0,0.06344565749168396
ACH-000944,10074640,0,0.08657170087099075
ACH-000944,10127622,0,0.08620476722717285
ACH-000944,10302451,0,0.08638440072536469
ACH-000944,10461815,1,0.08608388900756836
ACH-000944,11327430,0,0.08653523772954941
ACH-000944,11433190,0,0.08714538812637329
ACH-000944,11624601,0,0.08595851808786392
ACH-000944,11625818,1,0.08604574203491211
ACH-000944,11634725,0,0.0866110622882843
ACH-000944,11676786,0,0.08644566684961319
ACH-000944,148124,0,0.08797788619995117
ACH-000944,16038120,0,0.08699183911085129
ACH-000944,176158,0,0.08585427701473236
ACH-000944,17755052,0,0.08634503930807114
ACH-000944,24772860,1,0.08660430461168289
ACH-000944,24894414,1,0.08648843318223953
ACH-000944,24951314,1,0.08641340583562851
ACH-000944,25167777,1,0.08608857542276382
ACH-000944,3062316,1,0.08635134994983673
ACH-000944,3218,0,0.08522915840148926
ACH-000944,36314,0,0.08774194121360779
ACH-000944,44143370,0,0.08654814958572388
ACH-000944,444795,0,0.08616727590560913
ACH-000944,44551660,0,0.0860300362110138
ACH-000944,44632017,0,0.08595100790262222
ACH-000944,462382,0,0.0867842584848404
ACH-000944,46883536,1,0.08634762465953827
ACH-000944,46885626,0,0.08703277260065079
ACH-000944,46907787,0,0.08618855476379395
ACH-000944,5311510,0,0.08599721640348434
ACH-000944,54676905,0,0.0860646441578865
ACH-000944,54685215,0,0.08626080304384232
ACH-000944,5717801,0,0.08625026047229767
ACH-000944,5746,0,0.08700592815876007
ACH-000944,6445562,1,0.08660903573036194
ACH-000944,6450816,0,0.08709143102169037
ACH-000944,6710780,0,0.08734123408794403
ACH-000944,6918454,0,0.08525976538658142
ACH-000944,6918638,1,0.08602865040302277
ACH-000944,9868037,0,0.08594916015863419
ACH-000944,9952773,0,0.08632093667984009
ACH-000944,9956119,0,0.08587855100631714
ACH-000944,9956222,0,0.08633628487586975
ACH-000944,9967941,1,0.08681173622608185
ACH-000958,10074640,0,0.07461022585630417
ACH-000958,10127622,0,0.07434861361980438
ACH-000958,11327430,0,0.07467935979366302
ACH-000958,11433190,1,0.07521972805261612
ACH-000958,11624601,0,0.07406408339738846
ACH-000958,11625818,0,0.0743442177772522
ACH-000958,11634725,0,0.07476239651441574
ACH-000958,148124,0,0.07603176683187485
ACH-000958,176158,1,0.07407037168741226
ACH-000958,17755052,0,0.07456237077713013
ACH-000958,24772860,0,0.07467501610517502
ACH-000958,24894414,0,0.07451318204402924
ACH-000958,24951314,0,0.07445520907640457
ACH-000958,25167777,0,0.07437187433242798
ACH-000958,3218,0,0.07327024638652802
ACH-000958,44143370,0,0.07465499639511108
ACH-000958,444795,0,0.07419857382774353
ACH-000958,44551660,0,0.0741838812828064
ACH-000958,46883536,1,0.07459363341331482
ACH-000958,46907787,0,0.07431751489639282
ACH-000958,54676905,0,0.07413119077682495
ACH-000958,54685215,0,0.07447228580713272
ACH-000958,5746,0,0.07517644762992859
ACH-000958,6445562,0,0.07467501610517502
ACH-000958,6450816,0,0.07525097578763962
ACH-000958,6710780,0,0.07527755945920944
ACH-000958,6918454,0,0.07346402853727341
ACH-000958,6918638,0,0.07425432652235031
ACH-000958,9868037,0,0.07425865530967712
ACH-000958,9952773,0,0.07444455474615097
ACH-000958,9956119,0,0.07412812858819962
ACH-000958,9956222,0,0.07441733032464981
ACH-000958,9967941,0,0.07479313760995865
ACH-000987,10074640,0,0.06124081462621689
ACH-000987,11625818,0,0.06103285029530525
ACH-000987,11634725,0,0.061373308300971985
ACH-000987,148124,0,0.062444303184747696
ACH-000987,176158,0,0.060827694833278656
ACH-000987,24772860,0,0.06129398196935654
ACH-000987,24894414,0,0.06112799048423767
ACH-000987,24951314,0,0.061120275408029556
ACH-000987,25167777,0,0.06100739166140556
ACH-000987,3218,0,0.060079608112573624
ACH-000987,44143370,0,0.06127031520009041
ACH-000987,444795,0,0.06089771166443825
ACH-000987,44551660,0,0.06088351830840111
ACH-000987,44632017,0,0.060804370790719986
ACH-000987,46883536,0,0.061238210648298264
ACH-000987,46885626,0,0.06163154914975166
ACH-000987,46907787,0,0.06099376454949379
ACH-000987,54676905,0,0.06078271567821503
ACH-000987,54685215,0,0.061166152358055115
ACH-000987,5746,0,0.061667781323194504
ACH-000987,6445562,0,0.06130683794617653
ACH-000987,6450816,0,0.06195664033293724
ACH-000987,6710780,0,0.06186314672231674
ACH-000987,6918454,1,0.0602090023458004
ACH-000987,6918638,0,0.060967668890953064
ACH-000987,9868037,0,0.060959141701459885
ACH-000987,9952773,0,0.061112649738788605
ACH-000987,9956119,0,0.060804806649684906
ACH-000987,9956222,0,0.061088211834430695
ACH-000987,9967941,0,0.06138569116592407
ACH-000998,10074640,0,0.06862562894821167
ACH-000998,10127622,0,0.06838347017765045
ACH-000998,10302451,0,0.06842778623104095
ACH-000998,10461815,0,0.06828362494707108
ACH-000998,11327430,0,0.06868962198495865
ACH-000998,11433190,0,0.0691898986697197
ACH-000998,11624601,0,0.0681200623512268
ACH-000998,11625818,0,0.06837938725948334
ACH-000998,11634725,0,0.06876648962497711
ACH-000998,11676786,0,0.068592369556427
ACH-000998,148124,0,0.06994179636240005
ACH-000998,16038120,0,0.06909272819757462
ACH-000998,176158,0,0.0681259036064148
ACH-000998,17755052,0,0.06858132034540176
ACH-000998,24772860,0,0.0686856210231781
ACH-000998,24894414,0,0.06853580474853516
ACH-000998,24951314,0,0.06848213821649551
ACH-000998,25167777,0,0.06840498000383377
ACH-000998,3062316,0,0.06847557425498962
ACH-000998,3218,0,0.06738533824682236
ACH-000998,36314,0,0.06975356489419937
ACH-000998,44143370,0,0.06866708397865295
ACH-000998,444795,0,0.0682445615530014
ACH-000998,44551660,0,0.06823096424341202
ACH-000998,462382,0,0.06881672143936157
ACH-000998,46883536,0,0.068610280752182
ACH-000998,46885626,0,0.06907187402248383
ACH-000998,46907787,0,0.06835465878248215
ACH-000998,5311510,0,0.0683542937040329
ACH-000998,54676905,0,0.06818219274282455
ACH-000998,54685215,0,0.06848549842834473
ACH-000998,5717801,0,0.06852255761623383
ACH-000998,5746,0,0.06914984434843063
ACH-000998,6445562,0,0.0686856210231781
ACH-000998,6450816,0,0.06920628249645233
ACH-000998,6710780,0,0.06924345344305038
ACH-000998,6918454,0,0.06756465137004852
ACH-000998,6918638,0,0.06828378885984421
ACH-000998,9868037,0,0.06830018758773804
ACH-000998,9952773,0,0.06847227364778519
ACH-000998,9956119,0,0.06817938387393951
ACH-000998,9956222,0,0.06844707578420639
ACH-000998,9967941,0,0.06879496574401855
