cell_id,drug_id,label,prediction
ACH-000001,10096043,0,0.0036922742146998644
ACH-000001,10127622,0,0.03808842599391937
ACH-000001,10384072,1,0.036659352481365204
ACH-000001,11282283,0,0.2765938639640808
ACH-000001,11338033,0,0.0015128562226891518
ACH-000001,11373846,0,0.006158093921840191
ACH-000001,11493598,0,0.017472796142101288
ACH-000001,11617559,0,0.34547385573387146
ACH-000001,11624601,0,0.021101992577314377
ACH-000001,11754511,0,0.025588663294911385
ACH-000001,1401,0,0.2749123275279999
ACH-000001,16725726,0,0.8782207369804382
ACH-000001,24756910,0,0.005361970514059067
ACH-000001,24826799,0,0.010614716447889805
ACH-000001,24889392,0,0.011299388483166695
ACH-000001,24951314,0,0.00028884096536785364
ACH-000001,25022668,0,0.0010117837227880955
ACH-000001,25167777,0,0.002378329634666443
ACH-000001,25257557,0,0.8863893747329712
ACH-000001,2726824,0,0.11501950770616531
ACH-000001,31703,0,0.001042246469296515
ACH-000001,3218,0,0.02621479518711567
ACH-000001,36462,0,0.0038007046096026897
ACH-000001,44182295,0,0.009815089404582977
ACH-000001,44224160,0,0.003962959162890911
ACH-000001,46224516,0,0.003461383515968919
ACH-000001,5289247,0,0.015451383776962757
ACH-000001,5330286,0,0.0024546294007450342
ACH-000001,53340664,0,0.0014671148965135217
ACH-000001,5746,0,0.03157289698719978
ACH-000001,6445562,0,0.0018469468923285604
ACH-000001,66577006,0,0.0006389602785930037
ACH-000001,6918848,0,0.002302174922078848
ACH-000001,9931953,0,0.017475401982665062
ACH-000001,9967941,0,0.11015867441892624
ACH-000002,10027278,0,0.08517803996801376
ACH-000002,10184653,0,0.084834523499012
ACH-000002,10196499,0,0.15412306785583496
ACH-000002,10384072,0,0.06421846896409988
ACH-000002,11338033,0,0.5376761555671692
ACH-000002,11404337,0,0.09284794330596924
ACH-000002,11485656,0,0.5394241213798523
ACH-000002,11617559,0,0.21859177947044373
ACH-000002,11624601,0,0.0678093358874321
ACH-000002,11626560,0,0.11137362569570541
ACH-000002,11640390,1,0.1618397980928421
ACH-000002,11707110,0,0.6549745798110962
ACH-000002,126941,1,0.7898725867271423
ACH-000002,160355,0,0.15076324343681335
ACH-000002,16663089,0,0.44068217277526855
ACH-000002,16720766,0,0.06935795396566391
ACH-000002,16722836,1,0.7243439555168152
ACH-000002,16747388,1,0.4954591393470764
ACH-000002,176167,0,0.3192547857761383
ACH-000002,24889392,0,0.8455085158348083
ACH-000002,25167777,1,0.48069673776626587
ACH-000002,31703,0,0.06079881638288498
ACH-000002,44182295,1,0.21732689440250397
ACH-000002,44462760,0,0.4374081492424011
ACH-000002,444795,1,0.7151401042938232
ACH-000002,44632017,0,0.14201746881008148
ACH-000002,448013,0,0.034131452441215515
ACH-000002,46224516,0,0.22187761962413788
ACH-000002,462382,0,0.059721607714891434
ACH-000002,46844147,0,0.4082530736923218
ACH-000002,46943432,1,0.9216082096099854
ACH-000002,5278396,0,0.20548437535762787
ACH-000002,5280757,0,0.05747144669294357
ACH-000002,5311,1,0.18693821132183075
ACH-000002,54685215,0,0.0908907875418663
ACH-000002,5494449,1,0.3301411271095276
ACH-000002,60750,0,0.052999529987573624
ACH-000002,65110,1,0.6781864166259766
ACH-000002,66577006,0,0.8343533873558044
ACH-000002,6918454,1,0.2560017704963684
ACH-000002,84691,0,0.3978062570095062
ACH-000002,85668777,0,0.03876182436943054
ACH-000002,9863776,0,0.28511935472488403
ACH-000002,9868037,0,0.6649842262268066
ACH-000002,9884685,0,0.5243998169898987
ACH-000002,9903786,0,0.7045583724975586
ACH-000002,9907093,0,0.10776800662279129
ACH-000002,9910224,0,0.6633642911911011
ACH-000002,9911830,0,0.6709391474723816
ACH-000002,9938202,0,0.2303074300289154
ACH-000002,9956119,0,0.3241643011569977
ACH-000004,10096043,0,0.03973957896232605
ACH-000004,10113978,0,0.17225171625614166
ACH-000004,10200390,0,0.19338883459568024
ACH-000004,11338033,0,0.5501477718353271
ACH-000004,11617559,0,0.3760932385921478
ACH-000004,11713159,0,0.11099585145711899
ACH-000004,11754511,0,0.6491087675094604
ACH-000004,159324,1,0.1655806303024292
ACH-000004,16038120,0,0.24610404670238495
ACH-000004,208908,0,0.28380173444747925
ACH-000004,24772860,0,0.18362529575824738
ACH-000004,24826799,0,0.29795244336128235
ACH-000004,24951314,1,0.2883445620536804
ACH-000004,25022668,0,0.04447469115257263
ACH-000004,25102847,0,0.3104728162288666
ACH-000004,25257557,1,0.8637393712997437
ACH-000004,2726824,0,0.04230454936623573
ACH-000004,42640,0,0.15605254471302032
ACH-000004,44143370,0,0.2553150951862335
ACH-000004,44224160,0,0.3313927948474884
ACH-000004,448013,0,0.051477450877428055
ACH-000004,46224516,0,0.1992879956960678
ACH-000004,4993,1,0.06563685089349747
ACH-000004,5280757,1,0.05555010959506035
ACH-000004,5459322,0,0.15250039100646973
ACH-000004,54676905,1,0.23523004353046417
ACH-000004,56965967,0,0.4890340268611908
ACH-000004,6445562,1,0.7655158042907715
ACH-000004,7251185,1,0.11889180541038513
ACH-000004,8249,0,0.5998691916465759
ACH-000004,9549184,0,0.4978531301021576
ACH-000004,9884685,0,0.5053689479827881
ACH-000004,9931953,0,0.023301711305975914
ACH-000004,9952773,0,0.4864075481891632
ACH-000004,9956222,0,0.3838070034980774
ACH-000006,10109823,0,0.16244682669639587
ACH-000006,11338033,1,0.5541020631790161
ACH-000006,11433190,0,0.3395055830478668
ACH-000006,11617559,1,0.34851816296577454
ACH-000006,11634725,0,0.5066850185394287
ACH-000006,11647372,1,0.40144795179367065
ACH-000006,11707110,0,0.22303195297718048
ACH-000006,16747388,0,0.7004827857017517
ACH-000006,216326,1,0.5377984642982483
ACH-000006,24776445,0,0.4687693119049072
ACH-000006,24894414,1,0.8814392685890198
ACH-000006,24951314,0,0.3384384214878082
ACH-000006,25022668,1,0.11293935775756836
ACH-000006,25124816,0,0.05825570598244667
ACH-000006,25257557,0,0.9512613415718079
ACH-000006,387447,0,0.09492165595293045
ACH-000006,4261,0,0.1219586655497551
ACH-000006,4263900,0,0.17100922763347626
ACH-000006,44450571,0,0.06292487680912018
ACH-000006,44462760,1,0.1893715113401413
ACH-000006,44819241,0,0.3017922043800354
ACH-000006,462382,0,0.07422422617673874
ACH-000006,46885626,1,0.7468530535697937
ACH-000006,46907787,0,0.12387888133525848
ACH-000006,4993,0,0.09115559607744217
ACH-000006,51371303,0,0.16395317018032074
ACH-000006,5208,0,0.1361638903617859
ACH-000006,5280757,0,0.027005160227417946
ACH-000006,5311,0,0.2526577115058899
ACH-000006,5329102,1,0.3680981695652008
ACH-000006,53302361,1,0.2162753790616989
ACH-000006,54676905,1,0.07562278211116791
ACH-000006,5494449,1,0.4308414161205292
ACH-000006,560326,0,0.22824087738990784
ACH-000006,6253,0,0.25262245535850525
ACH-000006,637858,0,0.14725099503993988
ACH-000006,6450551,0,0.3786584436893463
ACH-000006,6450816,0,0.10916640609502792
ACH-000006,66577006,1,0.770182728767395
ACH-000006,6852167,1,0.7379247546195984
ACH-000006,9826308,0,0.4578620493412018
ACH-000006,9868037,0,0.7994757294654846
ACH-000007,10127622,0,0.8720449805259705
ACH-000007,10196499,0,0.10564789921045303
ACH-000007,10459196,0,0.049202367663383484
ACH-000007,11327430,0,0.03632277995347977
ACH-000007,11338033,0,0.08788221329450607
ACH-000007,11485656,0,0.13728253543376923
ACH-000007,11617559,0,0.0866347998380661
ACH-000007,11626927,0,0.024378875270485878
ACH-000007,11754511,0,0.08276868611574173
ACH-000007,123631,0,0.06310378015041351
ACH-000007,126941,0,0.07898053526878357
ACH-000007,16038120,0,0.15606799721717834
ACH-000007,208908,1,0.09960061311721802
ACH-000007,216326,0,0.05960189923644066
ACH-000007,24978538,0,0.4930507242679596
ACH-000007,25022668,0,0.022604623809456825
ACH-000007,25124816,0,0.09505441039800644
ACH-000007,25257557,1,0.9089910984039307
ACH-000007,25262965,0,0.0892537385225296
ACH-000007,36462,0,0.03341887146234512
ACH-000007,3796,0,0.05063896253705025
ACH-000007,387447,0,0.18577921390533447
ACH-000007,4261,0,0.05511045083403587
ACH-000007,42640,0,0.04508599638938904
ACH-000007,44143370,1,0.07368090748786926
ACH-000007,44632017,0,0.06896000355482101
ACH-000007,49836027,0,0.07513427734375
ACH-000007,5289247,0,0.45665091276168823
ACH-000007,5329102,0,0.12453091889619827
ACH-000007,53302361,0,0.054719019681215286
ACH-000007,5459322,0,0.09168968349695206
ACH-000007,54676905,0,0.05277114734053612
ACH-000007,560326,0,0.053104862570762634
ACH-000007,65110,0,0.10708639770746231
ACH-000007,66577006,0,0.03313346952199936
ACH-000007,6852167,0,0.07676126807928085
ACH-000007,6918848,0,0.046830203384160995
ACH-000007,7251185,0,0.019759314134716988
ACH-000007,9549184,0,0.10439105331897736
ACH-000007,9858940,0,0.0422239787876606
ACH-000007,9863776,0,0.5903722047805786
ACH-000007,9914412,0,0.05697427690029144
ACH-000007,9931953,0,0.027003463357686996
ACH-000007,9943465,0,0.06109154596924782
ACH-000008,10109823,1,0.03976273909211159
ACH-000008,10127622,0,0.7255412936210632
ACH-000008,10196499,0,0.11676595360040665
ACH-000008,10200390,0,0.03659694269299507
ACH-000008,10341154,1,0.15402095019817352
ACH-000008,10384072,0,0.18941612541675568
ACH-000008,11485656,0,0.10026941448450089
ACH-000008,11493598,0,0.10418985038995743
ACH-000008,11609586,0,0.198917418718338
ACH-000008,11977753,0,0.15950246155261993
ACH-000008,16038120,0,0.12385277450084686
ACH-000008,176167,0,0.042900439351797104
ACH-000008,17755052,0,0.09650654345750809
ACH-000008,23725625,1,0.2583017647266388
ACH-000008,2375,0,0.0768071711063385
ACH-000008,24772860,0,0.021285489201545715
ACH-000008,24889392,0,0.026228906586766243
ACH-000008,25126798,1,0.02187180332839489
ACH-000008,25195352,0,0.06791604310274124
ACH-000008,2726824,0,0.15031103789806366
ACH-000008,3005532,0,0.4006170928478241
ACH-000008,3463933,0,0.31171950697898865
ACH-000008,4263900,0,0.11931410431861877
ACH-000008,42640,0,0.05755578726530075
ACH-000008,42642645,0,0.03083210624754429
ACH-000008,44143370,0,0.11711052060127258
ACH-000008,444795,1,0.057649217545986176
ACH-000008,446378,0,0.16887910664081573
ACH-000008,46885626,0,0.08468793332576752
ACH-000008,51371303,0,0.16365496814250946
ACH-000008,53340664,0,0.02969677746295929
ACH-000008,560326,0,0.0648185983300209
ACH-000008,6445562,0,0.02675594761967659
ACH-000008,6918848,0,0.03715517744421959
ACH-000008,7251185,0,0.08398193120956421
ACH-000008,9549184,1,0.1357124298810959
ACH-000008,9810884,0,0.21971018612384796
ACH-000008,9826308,0,0.15323950350284576
ACH-000008,9858940,0,0.3985687494277954
ACH-000008,9911830,0,0.09331155568361282
ACH-000008,9952773,0,0.03426462039351463
ACH-000009,10074640,0,0.030188029631972313
ACH-000009,10109823,0,0.0401579774916172
ACH-000009,10172943,0,0.12133709341287613
ACH-000009,10196499,0,0.11701618134975433
ACH-000009,10341154,0,0.05290956422686577
ACH-000009,10451420,0,0.04505026713013649
ACH-000009,11282283,0,0.06055694818496704
ACH-000009,11433190,1,0.5738992691040039
ACH-000009,11485656,0,0.05955790355801582
ACH-000009,156422,0,0.08057524263858795
ACH-000009,16722836,0,0.011928041465580463
ACH-000009,24772860,0,0.01354348473250866
ACH-000009,24776445,1,0.06145947054028511
ACH-000009,25195352,0,0.04245375096797943
ACH-000009,25222038,0,0.08693434298038483
ACH-000009,3005532,0,0.16017715632915497
ACH-000009,3062316,1,0.2525404989719391
ACH-000009,31703,0,0.04858028143644333
ACH-000009,3463933,0,0.11479071527719498
ACH-000009,42640,0,0.03860001266002655
ACH-000009,44462760,0,0.44397082924842834
ACH-000009,448013,0,0.07839583605527878
ACH-000009,46843772,0,0.11182726919651031
ACH-000009,46930998,0,0.08661510795354843
ACH-000009,5311510,0,0.08774437755346298
ACH-000009,53340664,0,0.026323746889829636
ACH-000009,6505803,0,0.17448493838310242
ACH-000009,66577006,0,0.01565030962228775
ACH-000009,6852167,0,0.01992393285036087
ACH-000009,6918289,0,0.10950802266597748
ACH-000009,85668777,1,0.287415087223053
ACH-000009,9858940,0,0.07880482077598572
ACH-000009,9863776,0,0.3064816892147064
ACH-000009,9884685,0,0.02774125151336193
ACH-000009,9910224,1,0.026837922632694244
ACH-000009,9931953,0,0.04803258553147316
ACH-000009,9938202,0,0.08948972076177597
ACH-000012,10096043,0,0.1605023592710495
ACH-000012,10459196,0,0.10888694226741791
ACH-000012,104842,0,0.042112793773412704
ACH-000012,11327430,0,0.04871871694922447
ACH-000012,11617559,0,0.2215820699930191
ACH-000012,11754511,0,0.0910579115152359
ACH-000012,156422,0,0.12058837711811066
ACH-000012,16722836,0,0.08657708764076233
ACH-000012,176167,0,0.24528612196445465
ACH-000012,24826799,0,0.15566468238830566
ACH-000012,24889392,0,0.15469786524772644
ACH-000012,25022668,0,0.16216953098773956
ACH-000012,25126798,0,0.2256614714860916
ACH-000012,25222038,0,0.32163843512535095
ACH-000012,36462,0,0.04558144137263298
ACH-000012,4263900,0,0.09056571125984192
ACH-000012,44137675,0,0.3028485178947449
ACH-000012,447912,0,0.08907113969326019
ACH-000012,44819241,0,0.1497228592634201
ACH-000012,46907787,0,0.18432676792144775
ACH-000012,49806720,0,0.3006203770637512
ACH-000012,53302361,0,0.07093112915754318
ACH-000012,5330286,0,0.05950689688324928
ACH-000012,54685215,0,0.11637218296527863
ACH-000012,560326,0,0.18753355741500854
ACH-000012,56965967,0,0.09850242733955383
ACH-000012,6450816,0,0.12387979030609131
ACH-000012,82146,0,0.254103422164917
ACH-000012,9813758,0,0.08989808708429337
ACH-000012,9826528,0,0.12320157885551453
ACH-000012,9910224,0,0.07982993125915527
ACH-000012,9931953,0,0.03312487527728081
ACH-000018,10113978,0,0.1298203468322754
ACH-000018,104842,0,0.02014307491481304
ACH-000018,11455910,0,0.10780186206102371
ACH-000018,11625818,0,0.005465569440275431
ACH-000018,11640390,0,0.16778801381587982
ACH-000018,2375,0,0.018635476008057594
ACH-000018,24951314,0,0.0019169508013874292
ACH-000018,25126798,0,0.013289447873830795
ACH-000018,2726824,0,0.14375106990337372
ACH-000018,3005532,1,0.152563214302063
ACH-000018,44143370,0,0.026029611006379128
ACH-000018,44632017,0,0.05132537707686424
ACH-000018,46907787,0,0.051445744931697845
ACH-000018,49806720,0,0.028103765100240707
ACH-000018,5280757,0,0.12384788691997528
ACH-000018,53340664,0,0.006624586880207062
ACH-000018,5460769,0,0.04578283056616783
ACH-000018,54685215,0,0.11669278144836426
ACH-000018,56962337,1,0.06425711512565613
ACH-000018,5746,0,0.0800495594739914
ACH-000018,6450816,0,0.017270401120185852
ACH-000018,6852167,0,0.0064497580751776695
ACH-000018,6918638,0,0.0030064862221479416
ACH-000018,6918848,0,0.004502387251704931
ACH-000018,85668777,0,0.3361714780330658
ACH-000018,9813758,0,0.008857266046106815
ACH-000018,9868037,0,0.0051581719890236855
ACH-000018,9910224,0,0.008640161715447903
ACH-000018,9938202,0,0.07312899827957153
ACH-000019,10384072,0,0.3031793534755707
ACH-000019,10451420,0,0.04387686029076576
ACH-000019,11178236,0,0.1755276322364807
ACH-000019,11433190,1,0.1769978255033493
ACH-000019,11609586,0,0.20906919240951538
ACH-000019,11634725,0,0.15523487329483032
ACH-000019,11707110,0,0.5738736391067505
ACH-000019,16720766,0,0.20564955472946167
ACH-000019,17755052,0,0.07603336125612259
ACH-000019,23725625,0,0.10309109091758728
ACH-000019,24180719,1,0.2094806432723999
ACH-000019,24756910,0,0.05737392604351044
ACH-000019,24776445,0,0.1774490475654602
ACH-000019,24951314,0,0.04600551351904869
ACH-000019,25022668,1,0.27466320991516113
ACH-000019,25126798,0,0.08181958645582199
ACH-000019,31703,1,0.12978291511535645
ACH-000019,3463933,0,0.2070046365261078
ACH-000019,42640,0,0.1658383160829544
ACH-000019,44819241,0,0.20502690970897675
ACH-000019,46224516,0,0.04328020289540291
ACH-000019,46883536,0,0.06231236457824707
ACH-000019,46885626,0,0.05217404291033745
ACH-000019,46907787,0,0.2557741701602936
ACH-000019,5311,0,0.12184858322143555
ACH-000019,5327091,0,0.18431930243968964
ACH-000019,5330286,0,0.08748999238014221
ACH-000019,53394750,0,0.1068156287074089
ACH-000019,5394,0,0.14320336282253265
ACH-000019,5459322,0,0.1414533108472824
ACH-000019,54676905,0,0.2739964425563812
ACH-000019,560326,0,0.2382131665945053
ACH-000019,637858,0,0.14851614832878113
ACH-000019,6445562,0,0.1736166626214981
ACH-000019,6450551,0,0.12115582078695297
ACH-000019,6505803,0,0.1638340801000595
ACH-000019,71271629,0,0.10439031571149826
ACH-000019,9810884,0,0.1677665114402771
ACH-000019,9903786,0,0.044899243861436844
ACH-000019,9931953,1,0.10532864928245544
ACH-000019,9943465,0,0.33590638637542725
ACH-000020,10077147,0,0.0968184843659401
ACH-000020,10384072,0,0.2402908354997635
ACH-000020,104842,0,0.18633535504341125
ACH-000020,25262965,0,0.1932777762413025
ACH-000020,444795,0,0.25349345803260803
ACH-000020,5394,0,0.22398951649665833
ACH-000020,57339144,1,0.19571815431118011
ACH-000020,65110,0,0.22839438915252686
ACH-000020,6918454,0,0.14374101161956787
ACH-000020,84691,0,0.38790059089660645
ACH-000020,9914412,0,0.07916446030139923
ACH-000023,10200390,0,0.015032987110316753
ACH-000023,104842,0,0.03706559166312218
ACH-000023,11152667,0,0.04256739094853401
ACH-000023,11282283,0,0.08401580154895782
ACH-000023,11373846,0,0.014057097025215626
ACH-000023,11647372,0,0.006696316413581371
ACH-000023,11960529,0,0.12742044031620026
ACH-000023,16720766,0,0.11569173634052277
ACH-000023,16747388,0,0.0058377329260110855
ACH-000023,176158,1,0.1367591768503189
ACH-000023,24756910,0,0.013910285197198391
ACH-000023,24951314,0,0.00604768842458725
ACH-000023,25022668,1,0.030981356278061867
ACH-000023,25102847,0,0.0825345441699028
ACH-000023,25124816,0,0.26148268580436707
ACH-000023,25126798,0,0.02137749455869198
ACH-000023,25195352,0,0.025983193889260292
ACH-000023,25257557,1,0.37128180265426636
ACH-000023,300471,1,0.12087075412273407
ACH-000023,3005532,0,0.3087320029735565
ACH-000023,31703,0,0.02623603492975235
ACH-000023,3796,0,0.0724283754825592
ACH-000023,42640,0,0.1525106579065323
ACH-000023,44551660,0,0.008045683614909649
ACH-000023,446378,0,0.1451786905527115
ACH-000023,44819241,0,0.12181465327739716
ACH-000023,46191454,0,0.017732029780745506
ACH-000023,46224516,0,0.014447621069848537
ACH-000023,46907787,0,0.07966068387031555
ACH-000023,521106,0,0.01704740896821022
ACH-000023,53340664,0,0.015302510000765324
ACH-000023,54685215,0,0.1741701364517212
ACH-000023,5746,0,0.11135095357894897
ACH-000023,6445533,0,0.01993958093225956
ACH-000023,6445562,0,0.028324859216809273
ACH-000023,6914657,0,0.0883396565914154
ACH-000023,6918848,0,0.009307959116995335
ACH-000023,71271629,0,0.02406393177807331
ACH-000023,82146,0,0.09570351243019104
ACH-000023,8249,0,0.02736380510032177
ACH-000023,9910224,0,0.0222389604896307
ACH-000024,10074640,0,0.26407721638679504
ACH-000024,10127622,0,0.13059669733047485
ACH-000024,11327430,0,0.10322390496730804
ACH-000024,11338033,0,0.3268442153930664
ACH-000024,11433190,0,0.36680394411087036
ACH-000024,11455910,0,0.08892535418272018
ACH-000024,11493598,0,0.195172518491745
ACH-000024,11626927,1,0.2810676097869873
ACH-000024,11676786,0,0.19900430738925934
ACH-000024,11713159,0,0.12553928792476654
ACH-000024,123631,0,0.06690263748168945
ACH-000024,126565,0,0.08034483343362808
ACH-000024,156422,0,0.08384282886981964
ACH-000024,16722836,0,0.28209277987480164
ACH-000024,16760646,0,0.3102491497993469
ACH-000024,176158,0,0.10160208493471146
ACH-000024,176167,0,0.24150414764881134
ACH-000024,17755052,0,0.14266282320022583
ACH-000024,25126798,1,0.30583739280700684
ACH-000024,25222038,0,0.06499374657869339
ACH-000024,3062316,0,0.10435540974140167
ACH-000024,3463933,0,0.14449654519557953
ACH-000024,448013,0,0.10025373846292496
ACH-000024,46191454,0,0.40697863698005676
ACH-000024,46844147,1,0.20177437365055084
ACH-000024,49806720,1,0.272388756275177
ACH-000024,5311510,0,0.21708033978939056
ACH-000024,5460769,0,0.15929904580116272
ACH-000024,54676905,0,0.12394708395004272
ACH-000024,5494449,0,0.09727239608764648
ACH-000024,56965967,0,0.22870539128780365
ACH-000024,5746,0,0.08119519799947739
ACH-000024,6253,0,0.06635943800210953
ACH-000024,6445562,0,0.3161960244178772
ACH-000024,6852167,1,0.3090234100818634
ACH-000024,6918454,0,0.16850438714027405
ACH-000024,71271629,0,0.1313292682170868
ACH-000024,82146,0,0.15469874441623688
ACH-000024,84691,0,0.05503138154745102
ACH-000024,9813758,1,0.16725531220436096
ACH-000024,9858940,0,0.1267256885766983
ACH-000024,9884685,0,0.35866326093673706
ACH-000024,9903786,0,0.25380244851112366
ACH-000024,9914412,0,0.15522845089435577
ACH-000035,11455910,0,0.19936241209506989
ACH-000035,11609586,0,0.014517346397042274
ACH-000035,2733526,0,0.042812637984752655
ACH-000038,10109823,0,0.008899031206965446
ACH-000038,11327430,0,0.023353787139058113
ACH-000038,11626560,0,0.012036041356623173
ACH-000038,11667893,0,0.041126493364572525
ACH-000038,17755052,0,0.029563957825303078
ACH-000038,25124816,0,0.04974653571844101
ACH-000038,36314,0,0.01111250463873148
ACH-000038,44462760,0,0.09763932973146439
ACH-000038,44819241,0,0.05788877606391907
ACH-000038,51371303,0,0.053492285311222076
ACH-000038,5208,0,0.03526289761066437
ACH-000038,5280757,0,0.05826248228549957
ACH-000038,5291,0,0.2631642818450928
ACH-000038,5311,0,0.07819335907697678
ACH-000038,5459322,0,0.05835435166954994
ACH-000038,54676905,0,0.027386391535401344
ACH-000038,56962337,0,0.14821986854076385
ACH-000038,57339144,0,0.09094569087028503
ACH-000038,6505803,0,0.01259688287973404
ACH-000038,6710780,0,0.020626137033104897
ACH-000038,6918289,0,0.026923663914203644
ACH-000038,6918454,0,0.1162237748503685
ACH-000038,9826308,0,0.11054284125566483
ACH-000038,9914412,0,0.011684559285640717
ACH-000038,9956119,0,0.037103258073329926
ACH-000040,10200390,0,0.004197758622467518
ACH-000040,10341154,0,0.009367303922772408
ACH-000040,10459196,0,0.045961715281009674
ACH-000040,11152667,0,0.020194437354803085
ACH-000040,11282283,0,0.08205486088991165
ACH-000040,11327430,0,0.004621199797838926
ACH-000040,11977753,0,0.059416770935058594
ACH-000040,126565,0,0.009186911396682262
ACH-000040,159324,0,0.004956033080816269
ACH-000040,16725726,1,0.33728963136672974
ACH-000040,216326,0,0.013712519779801369
ACH-000040,2375,0,0.022297793999314308
ACH-000040,24772860,0,0.004962261766195297
ACH-000040,24826799,0,0.030326802283525467
ACH-000040,24951314,0,0.0023537869565188885
ACH-000040,25262965,0,0.02094106748700142
ACH-000040,3218,0,0.0950406938791275
ACH-000040,44182295,0,0.0521736703813076
ACH-000040,44224160,0,0.005130787380039692
ACH-000040,44450571,0,0.20803935825824738
ACH-000040,44632017,0,0.04579806327819824
ACH-000040,448013,0,0.0238938108086586
ACH-000040,44819241,0,0.07479213178157806
ACH-000040,46883536,0,0.0065897684544324875
ACH-000040,46907787,0,0.04264030233025551
ACH-000040,5113032,0,0.018319396302103996
ACH-000040,51371303,0,0.028472522273659706
ACH-000040,5208,0,0.046532630920410156
ACH-000040,5280757,0,0.14912347495555878
ACH-000040,5311497,0,0.027125965803861618
ACH-000040,5330286,0,0.006914706900715828
ACH-000040,53394750,0,0.044835466891527176
ACH-000040,54685215,0,0.1535416543483734
ACH-000040,56965967,0,0.004355161916464567
ACH-000040,60750,0,0.015854546800255775
ACH-000040,6852167,0,0.006567726377397776
ACH-000040,6914657,0,0.10072283446788788
ACH-000040,82146,0,0.05143021047115326
ACH-000040,85668777,0,0.3015259802341461
ACH-000040,9810884,0,0.3308919668197632
ACH-000040,9884685,0,0.004388861823827028
ACH-000040,9911830,0,0.021600130945444107
ACH-000040,9931953,1,0.016202189028263092
ACH-000042,10459196,0,0.126577690243721
ACH-000042,11178236,0,0.07812732458114624
ACH-000042,11455910,0,0.13453176617622375
ACH-000042,11707110,1,0.8588281273841858
ACH-000042,11713159,0,0.08459103107452393
ACH-000042,11977753,0,0.09162140637636185
ACH-000042,159324,0,0.04351331293582916
ACH-000042,17755052,0,0.04349593073129654
ACH-000042,216326,0,0.05762412026524544
ACH-000042,2314623,0,0.1444823145866394
ACH-000042,24776445,0,0.07295994460582733
ACH-000042,24951314,0,0.013387469574809074
ACH-000042,25022668,0,0.054832663387060165
ACH-000042,25124816,0,0.212515726685524
ACH-000042,25167777,0,0.02954215556383133
ACH-000042,25195352,0,0.050334952771663666
ACH-000042,25257557,0,0.736528754234314
ACH-000042,31703,0,0.05762879550457001
ACH-000042,3218,0,0.0826084092259407
ACH-000042,44224160,0,0.0290294848382473
ACH-000042,44462760,0,0.29577383399009705
ACH-000042,44819241,0,0.12950797379016876
ACH-000042,46224516,0,0.03768902271986008
ACH-000042,46885626,0,0.06114624813199043
ACH-000042,46943432,1,0.03574083000421524
ACH-000042,5280757,0,0.12766991555690765
ACH-000042,5328940,0,0.06197716295719147
ACH-000042,53302361,0,0.05685561150312424
ACH-000042,5394,0,0.09403768181800842
ACH-000042,5459322,0,0.11244238913059235
ACH-000042,57339144,0,0.06272341310977936
ACH-000042,6445533,0,0.04458753019571304
ACH-000042,6918454,1,0.44504988193511963
ACH-000042,6918638,0,0.019742188975214958
ACH-000042,704473,0,0.07232706993818283
ACH-000042,71271629,0,0.034647345542907715
ACH-000042,85668777,1,0.3323867917060852
ACH-000042,9868037,0,0.04191923886537552
ACH-000042,9903786,0,0.01989259570837021
ACH-000042,9952773,0,0.06118723750114441
ACH-000042,9956119,0,0.23998993635177612
ACH-000042,9967941,0,0.10206016898155212
ACH-000046,10074640,0,0.08300432562828064
ACH-000046,10096043,0,0.09280437231063843
ACH-000046,11338033,0,0.07613002508878708
ACH-000046,11634725,0,0.148592010140419
ACH-000046,11647372,0,0.060129791498184204
ACH-000046,11707110,1,0.4757283926010132
ACH-000046,16722836,0,0.0489111989736557
ACH-000046,16725726,0,0.6598668098449707
ACH-000046,24826799,0,0.11340218037366867
ACH-000046,25126798,0,0.11414509266614914
ACH-000046,2726824,0,0.13996730744838715
ACH-000046,3385,0,0.056257884949445724
ACH-000046,3463933,0,0.15387754142284393
ACH-000046,42642645,0,0.09670501202344894
ACH-000046,44551660,0,0.057100556790828705
ACH-000046,46224516,0,0.04298665374517441
ACH-000046,51371303,0,0.06745454668998718
ACH-000046,5327091,0,0.05346974357962608
ACH-000046,54676905,0,0.20580850541591644
ACH-000046,57339144,0,0.0918610692024231
ACH-000046,6445533,0,0.04865141585469246
ACH-000046,6753378,0,0.056053146719932556
ACH-000046,6918454,0,0.09549152106046677
ACH-000046,6918638,0,0.031813573092222214
ACH-000046,9810884,0,0.3295469880104065
ACH-000046,9874913,0,0.438029944896698
ACH-000046,9911830,0,0.048809029161930084
ACH-000046,9943465,0,0.13589714467525482
ACH-000046,9956222,0,0.07559309154748917
ACH-000047,10027278,0,0.15470588207244873
ACH-000047,10113978,0,0.22266249358654022
ACH-000047,10127622,1,0.3482930362224579
ACH-000047,10302451,1,0.5639313459396362
ACH-000047,10451420,0,0.11169002205133438
ACH-000047,11152667,0,0.04387056082487106
ACH-000047,11404337,0,0.0873992070555687
ACH-000047,11485656,0,0.09850239008665085
ACH-000047,11617559,0,0.07891356199979782
ACH-000047,11626927,0,0.09716084599494934
ACH-000047,11640390,0,0.2321142703294754
ACH-000047,16095342,0,0.12611661851406097
ACH-000047,216239,0,0.05631101131439209
ACH-000047,24756910,0,0.08236881345510483
ACH-000047,24785538,1,0.14987242221832275
ACH-000047,24826799,0,0.08156530559062958
ACH-000047,24894414,0,0.0814347118139267
ACH-000047,300471,0,0.049530185759067535
ACH-000047,36314,0,0.0999995619058609
ACH-000047,3796,0,0.14790983498096466
ACH-000047,387447,0,0.20328086614608765
ACH-000047,4263900,0,0.07236839830875397
ACH-000047,44137675,0,0.3330058157444
ACH-000047,44224160,0,0.03817424550652504
ACH-000047,448013,0,0.1777050793170929
ACH-000047,46224516,0,0.02517881989479065
ACH-000047,46907787,0,0.12491321563720703
ACH-000047,53340664,0,0.05260550230741501
ACH-000047,5746,0,0.10686755180358887
ACH-000047,66577006,0,0.09190081804990768
ACH-000047,82146,0,0.14177820086479187
ACH-000047,84691,0,0.05658053979277611
ACH-000047,9813758,0,0.06830962747335434
ACH-000047,9826528,0,0.17666703462600708
ACH-000047,9874913,0,0.1987481266260147
ACH-000047,9884685,0,0.059821292757987976
ACH-000047,9914412,0,0.03931645303964615
ACH-000048,10074640,0,0.2604430019855499
ACH-000048,10096043,0,0.11804568767547607
ACH-000048,10127622,0,0.20507694780826569
ACH-000048,10341154,0,0.164858877658844
ACH-000048,11327430,1,0.17621347308158875
ACH-000048,11433190,0,0.4383648633956909
ACH-000048,11617559,0,0.2615874409675598
ACH-000048,123631,0,0.3227775990962982
ACH-000048,126565,0,0.14335735142230988
ACH-000048,1401,0,0.23711609840393066
ACH-000048,24180719,0,0.21108704805374146
ACH-000048,24894414,0,0.23850849270820618
ACH-000048,25262965,0,0.16689008474349976
ACH-000048,3385,0,0.16200055181980133
ACH-000048,4263900,0,0.10186569392681122
ACH-000048,44137675,0,0.46631455421447754
ACH-000048,44462760,0,0.19469618797302246
ACH-000048,46883536,0,0.2080964595079422
ACH-000048,46931012,0,0.18984800577163696
ACH-000048,49806720,0,0.27764275670051575
ACH-000048,521106,0,0.15247516334056854
ACH-000048,5311,0,0.15904036164283752
ACH-000048,5311497,1,0.15653640031814575
ACH-000048,5394,1,0.34678584337234497
ACH-000048,5460769,0,0.30233076214790344
ACH-000048,54676905,0,0.2522459626197815
ACH-000048,54685215,1,0.19713762402534485
ACH-000048,56965967,0,0.21789343655109406
ACH-000048,6253,0,0.1219865083694458
ACH-000048,6505803,0,0.14662742614746094
ACH-000048,65110,0,0.16209405660629272
ACH-000048,82146,0,0.28612852096557617
ACH-000048,9868037,0,0.1705317497253418
ACH-000048,9938202,1,0.2569076418876648
ACH-000048,9967941,1,0.3402760922908783
ACH-000050,10384072,0,0.3149832487106323
ACH-000050,11609586,0,0.38231682777404785
ACH-000050,148124,0,0.3449261486530304
ACH-000050,23725625,0,0.44891735911369324
ACH-000050,2733526,0,0.43187859654426575
ACH-000050,444795,1,0.38925406336784363
ACH-000050,51371303,0,0.2707597017288208
ACH-000050,5327091,1,0.3752039074897766
ACH-000050,5328940,0,0.33666473627090454
ACH-000050,54685215,0,0.3739870488643646
ACH-000050,6505803,0,0.25026530027389526
ACH-000050,9863776,1,0.3527880311012268
ACH-000050,9914412,0,0.23995156586170197
ACH-000052,10027278,0,0.052396826446056366
ACH-000052,10074640,0,0.14437620341777802
ACH-000052,10451420,0,0.1473216861486435
ACH-000052,11455910,0,0.16180986166000366
ACH-000052,11485656,0,0.07830376923084259
ACH-000052,11634725,0,0.22840270400047302
ACH-000052,11667893,1,0.11235388368368149
ACH-000052,159324,0,0.04345187172293663
ACH-000052,16720766,1,0.1606510430574417
ACH-000052,16747388,0,0.03004107065498829
ACH-000052,25022668,0,0.03693239390850067
ACH-000052,25126798,0,0.0410345122218132
ACH-000052,25222038,0,0.052820246666669846
ACH-000052,25257557,0,0.5727947950363159
ACH-000052,2726824,0,0.10165853798389435
ACH-000052,36462,0,0.06341030448675156
ACH-000052,4263900,0,0.19897468388080597
ACH-000052,44182295,0,0.21894310414791107
ACH-000052,44551660,0,0.03565618023276329
ACH-000052,44632017,0,0.24588532745838165
ACH-000052,447912,0,0.14738932251930237
ACH-000052,46191454,0,0.12267659604549408
ACH-000052,46885626,0,0.30875563621520996
ACH-000052,46931012,0,0.021923623979091644
ACH-000052,49806720,0,0.07526206225156784
ACH-000052,51371303,0,0.19729454815387726
ACH-000052,5311497,0,0.06560399383306503
ACH-000052,5394,0,0.3733346462249756
ACH-000052,5459322,1,0.09603389352560043
ACH-000052,6505803,0,0.09472299367189407
ACH-000052,66577006,0,0.03487293794751167
ACH-000052,6852167,0,0.059296730905771255
ACH-000052,6914657,0,0.08800715953111649
ACH-000052,8249,0,0.06078839674592018
ACH-000052,85668777,0,0.0930171087384224
ACH-000052,9810884,0,0.3034075200557709
ACH-000052,9858940,1,0.0641133114695549
ACH-000052,9874913,0,0.07099051028490067
ACH-000054,10027278,1,0.31664055585861206
ACH-000054,11327430,0,0.3010407090187073
ACH-000054,11624601,0,0.25433090329170227
ACH-000054,11625818,0,0.07710093259811401
ACH-000054,148124,1,0.4717910885810852
ACH-000054,16720766,1,0.2716824412345886
ACH-000054,176167,0,0.08928287774324417
ACH-000054,2314623,0,0.2686941921710968
ACH-000054,24776445,0,0.4718260169029236
ACH-000054,24826799,0,0.07936390489339828
ACH-000054,24951314,0,0.07968717813491821
ACH-000054,25022668,0,0.26577460765838623
ACH-000054,25102847,0,0.19643709063529968
ACH-000054,25126798,0,0.06001319736242294
ACH-000054,25262965,0,0.3343822658061981
ACH-000054,2726824,0,0.28083154559135437
ACH-000054,2733526,1,0.28528892993927
ACH-000054,3463933,1,0.22888997197151184
ACH-000054,46885626,0,0.05700100585818291
ACH-000054,46943432,0,0.05089419335126877
ACH-000054,5278396,0,0.3082256615161896
ACH-000054,5289247,0,0.32179421186447144
ACH-000054,5330286,0,0.15412862598896027
ACH-000054,53340664,0,0.06382566690444946
ACH-000054,84691,0,0.5929905772209167
ACH-000054,85668777,0,0.4206545948982239
ACH-000054,9903786,0,0.06553996354341507
ACH-000054,9911830,0,0.17867346107959747
ACH-000054,9938202,0,0.1252622753381729
ACH-000055,10127622,0,0.1903476119041443
ACH-000055,10200390,0,0.053149230778217316
ACH-000055,10302451,0,0.24077771604061127
ACH-000055,10451420,0,0.194869264960289
ACH-000055,11364421,0,0.1277165710926056
ACH-000055,11404337,0,0.0701746791601181
ACH-000055,11624601,0,0.10425833612680435
ACH-000055,11667893,0,0.13312725722789764
ACH-000055,11676786,0,0.13635079562664032
ACH-000055,11960529,0,0.2033250331878662
ACH-000055,159324,0,0.04460766166448593
ACH-000055,16725726,0,0.33683332800865173
ACH-000055,176158,0,0.17145109176635742
ACH-000055,176167,0,0.1479717195034027
ACH-000055,216239,0,0.12653517723083496
ACH-000055,24772860,0,0.04819770157337189
ACH-000055,3005532,0,0.10933472216129303
ACH-000055,3385,0,0.09576920419931412
ACH-000055,36314,0,0.08688824623823166
ACH-000055,387447,0,0.1778927594423294
ACH-000055,446378,0,0.0929543524980545
ACH-000055,46844147,0,0.08724246174097061
ACH-000055,53302361,0,0.11295679211616516
ACH-000055,644215,0,0.07272068411111832
ACH-000055,6445533,0,0.06374292820692062
ACH-000055,6450816,0,0.05184312164783478
ACH-000055,66577006,0,0.08778078109025955
ACH-000055,6710780,0,0.08283711224794388
ACH-000055,6918848,0,0.08604546636343002
ACH-000055,9810884,0,0.40499913692474365
ACH-000055,9826528,0,0.17211928963661194
ACH-000055,9931953,0,0.056796882301568985
ACH-000056,10027278,0,0.2282172292470932
ACH-000056,10461815,1,0.24357444047927856
ACH-000056,11316960,0,0.08601725101470947
ACH-000056,11327430,0,0.19158557057380676
ACH-000056,11364421,0,0.23785628378391266
ACH-000056,11626560,0,0.2030906230211258
ACH-000056,11626927,1,0.14620082080364227
ACH-000056,11667893,0,0.10750896483659744
ACH-000056,11844351,1,0.2687499523162842
ACH-000056,123631,1,0.23925700783729553
ACH-000056,126941,1,0.4423486590385437
ACH-000056,1401,0,0.228533074259758
ACH-000056,156422,0,0.13671182096004486
ACH-000056,16095342,0,0.23162057995796204
ACH-000056,20635522,0,0.23214562237262726
ACH-000056,2375,0,0.13945017755031586
ACH-000056,24776445,0,0.2560912072658539
ACH-000056,24978538,1,0.33536696434020996
ACH-000056,25022668,0,0.17936916649341583
ACH-000056,25124816,0,0.16391025483608246
ACH-000056,25262965,0,0.34122225642204285
ACH-000056,300471,0,0.1649935394525528
ACH-000056,3062316,1,0.35273173451423645
ACH-000056,31703,0,0.14033973217010498
ACH-000056,36314,0,0.18135273456573486
ACH-000056,44182295,0,0.1366400420665741
ACH-000056,44450571,0,0.18659907579421997
ACH-000056,49836027,1,0.2768900990486145
ACH-000056,5291,0,0.30106961727142334
ACH-000056,53302361,1,0.12148509174585342
ACH-000056,5494449,1,0.23966914415359497
ACH-000056,65110,0,0.28124287724494934
ACH-000058,10096043,0,0.21905939280986786
ACH-000058,10109823,1,0.37815582752227783
ACH-000058,10196499,0,0.24948367476463318
ACH-000058,10200390,0,0.03398226574063301
ACH-000058,11617559,0,0.08531424403190613
ACH-000058,11634725,0,0.03429912030696869
ACH-000058,11647372,0,0.019062522798776627
ACH-000058,24785538,0,0.1092669665813446
ACH-000058,25102847,0,0.08039408922195435
ACH-000058,25195352,0,0.05564010888338089
ACH-000058,25222038,0,0.16612766683101654
ACH-000058,25257557,0,0.2252551168203354
ACH-000058,31703,0,0.0509846992790699
ACH-000058,36462,0,0.05410725995898247
ACH-000058,448013,0,0.2624059021472931
ACH-000058,44819241,0,0.1310546100139618
ACH-000058,46885626,0,0.015655988827347755
ACH-000058,46943432,0,0.010640080086886883
ACH-000058,51371303,0,0.05909053236246109
ACH-000058,5311497,0,0.09853552281856537
ACH-000058,5327091,0,0.07362543046474457
ACH-000058,53302361,0,0.06191646307706833
ACH-000058,53394750,0,0.07639162987470627
ACH-000058,560326,1,0.1951453685760498
ACH-000058,57339144,0,0.05559598654508591
ACH-000058,6445562,0,0.13678698241710663
ACH-000058,704473,0,0.0388190895318985
ACH-000058,82146,1,0.16243742406368256
ACH-000058,85668777,0,0.5465545058250427
ACH-000058,9863776,0,0.035640232264995575
ACH-000058,9874913,0,0.251324862241745
ACH-000058,9931953,0,0.10057485103607178
ACH-000059,10184653,0,0.044167615473270416
ACH-000059,10200390,1,0.271546870470047
ACH-000059,10384072,0,0.05336151272058487
ACH-000059,10451420,0,0.9532248973846436
ACH-000059,10459196,0,0.07681087404489517
ACH-000059,11282283,1,0.3878401517868042
ACH-000059,11455910,0,0.051430486142635345
ACH-000059,11485656,0,0.5286145210266113
ACH-000059,11493598,1,0.409177303314209
ACH-000059,11626927,0,0.530587375164032
ACH-000059,11676786,0,0.49812427163124084
ACH-000059,126941,1,0.8499445915222168
ACH-000059,159324,0,0.22412919998168945
ACH-000059,176870,0,0.10069288313388824
ACH-000059,24889392,1,0.9153996706008911
ACH-000059,25126798,0,0.727026104927063
ACH-000059,25262965,1,0.3247353434562683
ACH-000059,3005532,1,0.09705432504415512
ACH-000059,3062316,1,0.183736652135849
ACH-000059,3385,1,0.4405955970287323
ACH-000059,3796,1,0.09750588983297348
ACH-000059,4263900,0,0.08683085441589355
ACH-000059,44224160,1,0.46769827604293823
ACH-000059,44450571,0,0.04407000541687012
ACH-000059,44551660,1,0.819621741771698
ACH-000059,46224516,1,0.5171328783035278
ACH-000059,46844147,0,0.45655420422554016
ACH-000059,46883536,0,0.6270506978034973
ACH-000059,46930998,0,0.2894531786441803
ACH-000059,5208,0,0.20013132691383362
ACH-000059,5278396,0,0.15599194169044495
ACH-000059,5289247,1,0.39415955543518066
ACH-000059,5311,1,0.3250219523906708
ACH-000059,5327091,0,0.06717097014188766
ACH-000059,5329102,0,0.15180186927318573
ACH-000059,53340664,1,0.6100935339927673
ACH-000059,560326,1,0.2618933618068695
ACH-000059,6445533,1,0.31001827120780945
ACH-000059,704473,1,0.9264005422592163
ACH-000059,9810884,1,0.9494943618774414
ACH-000059,9884685,1,0.7451288104057312
ACH-000059,9943465,0,0.12380184233188629
ACH-000060,10109823,0,0.08251205831766129
ACH-000060,10459196,0,0.06394685059785843
ACH-000060,11316960,0,0.11853791773319244
ACH-000060,11404337,0,0.03250548243522644
ACH-000060,11455910,0,0.08419376611709595
ACH-000060,11493598,0,0.10982030630111694
ACH-000060,16720766,0,0.06327979266643524
ACH-000060,16722836,0,0.013516473583877087
ACH-000060,24889392,0,0.03997654840350151
ACH-000060,24951314,0,0.006494900211691856
ACH-000060,25126798,0,0.03956404700875282
ACH-000060,25195352,0,0.025306953117251396
ACH-000060,3218,0,0.03839970380067825
ACH-000060,4263900,0,0.028856758028268814
ACH-000060,44819241,0,0.1000378355383873
ACH-000060,46907787,0,0.05054575204849243
ACH-000060,46930998,0,0.0607479028403759
ACH-000060,49806720,0,0.07548898458480835
ACH-000060,53302361,0,0.04461529478430748
ACH-000060,5394,0,0.07510147988796234
ACH-000060,54685215,0,0.09684357792139053
ACH-000060,56965967,0,0.02078995294868946
ACH-000060,6445562,0,0.0697280690073967
ACH-000060,6505803,0,0.05272006615996361
ACH-000060,6918848,0,0.012963850051164627
ACH-000060,71271629,0,0.017638208344578743
ACH-000060,9813758,0,0.04193831980228424
ACH-000060,9911830,0,0.0503852441906929
ACH-000060,9952773,0,0.047318410128355026
ACH-000060,9956222,0,0.034932613372802734
ACH-000060,9967941,0,0.06803322583436966
ACH-000061,10096043,0,0.10118366032838821
ACH-000061,10109823,0,0.12570086121559143
ACH-000061,10113978,0,0.09760896116495132
ACH-000061,10172943,0,0.18544408679008484
ACH-000061,104842,0,0.17321045696735382
ACH-000061,11282283,0,0.17788417637348175
ACH-000061,11316960,0,0.2712201178073883
ACH-000061,11404337,0,0.12032979726791382
ACH-000061,11455910,0,0.03551699221134186
ACH-000061,11625818,1,0.44055962562561035
ACH-000061,11647372,1,0.5043630003929138
ACH-000061,11667893,0,0.05097052454948425
ACH-000061,11676786,0,0.3427892327308655
ACH-000061,148124,0,0.07169454544782639
ACH-000061,176158,0,0.1334000527858734
ACH-000061,176167,0,0.19074364006519318
ACH-000061,24180719,0,0.2020021378993988
ACH-000061,24756910,0,0.5557328462600708
ACH-000061,24785538,0,0.09414404630661011
ACH-000061,24951314,0,0.37448418140411377
ACH-000061,24978538,1,0.8397387266159058
ACH-000061,25126798,0,0.4571627378463745
ACH-000061,25257557,1,0.7473012804985046
ACH-000061,25262965,1,0.4228174686431885
ACH-000061,2733526,1,0.14854496717453003
ACH-000061,36462,0,0.169626846909523
ACH-000061,4261,0,0.13944481313228607
ACH-000061,42640,0,0.10284025222063065
ACH-000061,44137675,1,0.06381837278604507
ACH-000061,44182295,0,0.1552206128835678
ACH-000061,44224160,1,0.3087705075740814
ACH-000061,46943432,1,0.8226110935211182
ACH-000061,5289247,0,0.30319249629974365
ACH-000061,5311497,0,0.08791950345039368
ACH-000061,5327091,0,0.08951317518949509
ACH-000061,5328940,0,0.14502611756324768
ACH-000061,5329102,0,0.22410909831523895
ACH-000061,5330286,0,0.29990217089653015
ACH-000061,53394750,1,0.8597620725631714
ACH-000061,5394,1,0.1701066941022873
ACH-000061,6445533,1,0.25153395533561707
ACH-000061,6753378,0,0.3018343150615692
ACH-000061,6918848,0,0.562066376209259
ACH-000061,71271629,1,0.28937649726867676
ACH-000061,9903786,0,0.5908571481704712
ACH-000061,9907093,0,0.09977967292070389
ACH-000061,9931953,0,0.07247947156429291
ACH-000061,9956222,1,0.3930618464946747
ACH-000062,10074640,0,0.00989772379398346
ACH-000062,10451420,0,0.005699785891920328
ACH-000062,104842,0,0.01593710482120514
ACH-000062,11178236,0,0.08654306083917618
ACH-000062,11373846,0,0.00897810235619545
ACH-000062,11707110,1,0.30592066049575806
ACH-000062,11754511,0,0.00784324761480093
ACH-000062,156422,0,0.13815148174762726
ACH-000062,16720766,0,0.040347229689359665
ACH-000062,23725625,0,0.0174562931060791
ACH-000062,24889392,0,0.006293104030191898
ACH-000062,25126798,0,0.006839970592409372
ACH-000062,25222038,0,0.01999128796160221
ACH-000062,25262965,0,0.019588487222790718
ACH-000062,3463933,1,0.30016204714775085
ACH-000062,3796,0,0.019083524122834206
ACH-000062,46883536,0,0.004032336175441742
ACH-000062,46885626,0,0.023441383615136147
ACH-000062,46907787,0,0.044742755591869354
ACH-000062,46943432,0,0.002352349925786257
ACH-000062,5328940,0,0.013455672189593315
ACH-000062,560326,0,0.06705181300640106
ACH-000062,5746,0,0.03998498618602753
ACH-000062,644241,0,0.009301172569394112
ACH-000062,65110,0,0.015190904028713703
ACH-000062,6753378,0,0.0068033128045499325
ACH-000062,6914657,0,0.06337860226631165
ACH-000062,6918638,0,0.0024784328415989876
ACH-000062,704473,0,0.007831241935491562
ACH-000062,9813758,0,0.006943187210708857
ACH-000062,9868037,0,0.0021573172416538
ACH-000062,9931953,0,0.025257619097828865
ACH-000065,10027278,0,0.13946504890918732
ACH-000065,10172943,0,0.2291148602962494
ACH-000065,10302451,0,0.2846902906894684
ACH-000065,104842,0,0.2834434509277344
ACH-000065,11152667,0,0.3866158425807953
ACH-000065,11178236,0,0.04981124773621559
ACH-000065,11338033,0,0.8278104662895203
ACH-000065,11364421,0,0.17936919629573822
ACH-000065,11617559,1,0.36360931396484375
ACH-000065,11634725,1,0.5719789862632751
ACH-000065,11647372,1,0.6736962199211121
ACH-000065,11844351,0,0.2312537133693695
ACH-000065,176870,0,0.14528033137321472
ACH-000065,17755052,0,0.318523645401001
ACH-000065,2314623,0,0.15740764141082764
ACH-000065,2375,0,0.3647386431694031
ACH-000065,24785538,1,0.1336570382118225
ACH-000065,25262965,0,0.39875394105911255
ACH-000065,31703,0,0.1568225771188736
ACH-000065,36462,0,0.22072769701480865
ACH-000065,44182295,1,0.3529587686061859
ACH-000065,46191454,0,0.8106980323791504
ACH-000065,46224516,0,0.6252403259277344
ACH-000065,46885626,1,0.7755588889122009
ACH-000065,49806720,1,0.6097406148910522
ACH-000065,5208,0,0.14587652683258057
ACH-000065,5291,1,0.45747947692871094
ACH-000065,56965967,0,0.7855368256568909
ACH-000065,71271629,0,0.3104015588760376
ACH-000065,76044,0,0.414177268743515
ACH-000065,9549184,0,0.551218569278717
ACH-000065,9826308,0,0.6349315047264099
ACH-000065,9868037,0,0.808838963508606
ACH-000065,9938202,0,0.26412081718444824
ACH-000065,9967941,0,0.08667614310979843
ACH-000067,10451420,0,0.00868984218686819
ACH-000067,11316960,0,0.014179362915456295
ACH-000067,11617559,0,0.04476113244891167
ACH-000067,11625818,0,0.0005620248848572373
ACH-000067,11640390,0,0.06491632014513016
ACH-000067,123631,0,0.001741961925290525
ACH-000067,126941,0,0.005416827742010355
ACH-000067,156422,0,0.00789918564260006
ACH-000067,176158,1,0.003773957258090377
ACH-000067,176167,0,0.038277287036180496
ACH-000067,17755052,0,0.0007394852000288665
ACH-000067,25124816,0,0.027011455968022346
ACH-000067,25167777,0,0.0004403429920785129
ACH-000067,2726824,0,0.006751141976565123
ACH-000067,300471,0,0.0029827195685356855
ACH-000067,3385,0,0.0004217760288156569
ACH-000067,44137675,0,0.0025532671716064215
ACH-000067,44143370,0,0.0005632330430671573
ACH-000067,44182295,0,0.009142480790615082
ACH-000067,46883536,0,0.0009945977944880724
ACH-000067,46930998,0,0.0010703441221266985
ACH-000067,46931012,0,0.00010104954708367586
ACH-000067,46943432,0,0.003752464195713401
ACH-000067,5208,0,0.0023168183397501707
ACH-000067,521106,0,0.0004819523892365396
ACH-000067,5278396,0,0.0021392349153757095
ACH-000067,5328940,0,0.0006912459502927959
ACH-000067,5460769,0,0.0012285442790016532
ACH-000067,54685215,0,0.007572265807539225
ACH-000067,560326,0,0.011209354735910892
ACH-000067,56965967,0,0.00042368515278212726
ACH-000067,6445533,0,0.00031552533619105816
ACH-000067,9858940,0,0.0011219686130061746
ACH-000067,9884685,0,0.0007893395959399641
ACH-000067,9911830,0,0.0017959558172151446
ACH-000070,10172943,1,0.638256311416626
ACH-000070,10459196,1,0.2912560701370239
ACH-000070,11316960,1,0.4477783441543579
ACH-000070,11338033,1,0.9545944929122925
ACH-000070,11433190,1,0.4162421226501465
ACH-000070,11617559,1,0.442960262298584
ACH-000070,11640390,0,0.1626586765050888
ACH-000070,11667893,0,0.03756708279252052
ACH-000070,126565,1,0.6193858981132507
ACH-000070,16725726,1,0.9213950634002686
ACH-000070,23725625,1,0.7241489291191101
ACH-000070,24889392,1,0.9712857007980347
ACH-000070,24894414,1,0.983828067779541
ACH-000070,24978538,1,0.8973404765129089
ACH-000070,25124816,0,0.07743122428655624
ACH-000070,25222038,0,0.27726754546165466
ACH-000070,25262965,1,0.6426584720611572
ACH-000070,31703,0,0.32588639855384827
ACH-000070,3385,1,0.9059413075447083
ACH-000070,3463933,0,0.02078583836555481
ACH-000070,4263900,1,0.2126414030790329
ACH-000070,42640,0,0.07566217333078384
ACH-000070,44182295,0,0.36801010370254517
ACH-000070,44224160,1,0.7734502553939819
ACH-000070,446378,1,0.1360407918691635
ACH-000070,448013,0,0.28003108501434326
ACH-000070,44819241,1,0.40358030796051025
ACH-000070,46224516,1,0.7262701988220215
ACH-000070,46883536,1,0.8551440238952637
ACH-000070,46943432,1,0.9888687133789062
ACH-000070,49836027,0,0.6657128930091858
ACH-000070,60750,0,0.3192532956600189
ACH-000070,6450816,1,0.5082218647003174
ACH-000070,8249,1,0.8178110122680664
ACH-000070,85668777,0,0.04762501269578934
ACH-000070,9826308,0,0.5516235828399658
ACH-000070,9826528,0,0.41812196373939514
ACH-000070,9911830,1,0.896975576877594
ACH-000072,10027278,0,0.10113334655761719
ACH-000072,10074640,1,0.6111995577812195
ACH-000072,10109823,0,0.07217838615179062
ACH-000072,10127622,0,0.4480726420879364
ACH-000072,10172943,0,0.18308158218860626
ACH-000072,10196499,0,0.08204575628042221
ACH-000072,10384072,0,0.08475479483604431
ACH-000072,11282283,0,0.29684165120124817
ACH-000072,11364421,0,0.17244692146778107
ACH-000072,11404337,0,0.15387669205665588
ACH-000072,11485656,0,0.6350812315940857
ACH-000072,11640390,0,0.25583285093307495
ACH-000072,11676786,1,0.7340548038482666
ACH-000072,11960529,0,0.22045490145683289
ACH-000072,1401,0,0.21947361528873444
ACH-000072,16722836,1,0.7230352163314819
ACH-000072,24894414,0,0.7752207517623901
ACH-000072,25126798,0,0.5461105704307556
ACH-000072,25222038,0,0.046250175684690475
ACH-000072,25262965,0,0.2728026509284973
ACH-000072,2733526,0,0.21214553713798523
ACH-000072,300471,0,0.050057291984558105
ACH-000072,387447,0,0.18028150498867035
ACH-000072,4261,0,0.1201820895075798
ACH-000072,4263900,0,0.08235693722963333
ACH-000072,44143370,0,0.22049090266227722
ACH-000072,46224516,0,0.36672383546829224
ACH-000072,462382,0,0.16377800703048706
ACH-000072,5311,0,0.2673969864845276
ACH-000072,5328940,1,0.21543961763381958
ACH-000072,53340664,1,0.5413509607315063
ACH-000072,5384616,0,0.2639904022216797
ACH-000072,5494449,1,0.36668890714645386
ACH-000072,56962337,0,0.26999977231025696
ACH-000072,56965967,0,0.51929771900177
ACH-000072,5717801,0,0.199374258518219
ACH-000072,6253,0,0.1972680538892746
ACH-000072,644215,0,0.07581228017807007
ACH-000072,66577006,0,0.5597411394119263
ACH-000072,6918454,0,0.7185508012771606
ACH-000072,6918848,0,0.5129926204681396
ACH-000072,704473,1,0.8169032335281372
ACH-000072,71271629,0,0.21339507400989532
ACH-000072,9549184,1,0.5334541201591492
ACH-000072,9858940,0,0.13486048579216003
ACH-000072,9911830,1,0.5968574285507202
ACH-000072,9967941,0,0.1384660005569458
ACH-000073,10109823,0,0.0014168991474434733
ACH-000073,10127622,0,0.058346934616565704
ACH-000073,11152667,0,0.012373245321214199
ACH-000073,11625818,0,0.004760704934597015
ACH-000073,11676786,0,0.011872543022036552
ACH-000073,11754511,0,0.0733037069439888
ACH-000073,160355,0,0.00606947997584939
ACH-000073,16038120,0,0.040587857365608215
ACH-000073,176167,0,0.05739256367087364
ACH-000073,24756910,0,0.01216614618897438
ACH-000073,24772860,0,0.0007208483293652534
ACH-000073,24826799,0,0.010851605795323849
ACH-000073,24951314,0,0.0003807601169683039
ACH-000073,24978538,1,0.9444912075996399
ACH-000073,25102847,0,0.06975388526916504
ACH-000073,25195352,0,0.0038553341291844845
ACH-000073,2726824,0,0.008373837918043137
ACH-000073,3385,0,0.004720174707472324
ACH-000073,387447,0,0.023992745205760002
ACH-000073,44137675,0,0.0029419034253805876
ACH-000073,44182295,0,0.025741610676050186
ACH-000073,44462760,0,0.04052814841270447
ACH-000073,446378,0,0.0011436789063736796
ACH-000073,447912,0,0.030385218560695648
ACH-000073,46191454,0,0.06599517911672592
ACH-000073,46885626,0,0.15514712035655975
ACH-000073,46907787,0,0.00341462017968297
ACH-000073,46930998,0,0.004844198003411293
ACH-000073,4993,0,0.02514912188053131
ACH-000073,51371303,0,0.008538071066141129
ACH-000073,5311497,0,0.0007076992769725621
ACH-000073,53394750,0,0.11127474904060364
ACH-000073,5460769,0,0.0031421964522451162
ACH-000073,54676905,0,0.009018194861710072
ACH-000073,5746,0,0.004008234944194555
ACH-000073,60750,0,0.0013182515976950526
ACH-000073,6445562,0,0.002186976373195648
ACH-000073,6710780,0,0.0013074820162728429
ACH-000073,6918638,0,0.0012223981320858002
ACH-000073,6918848,0,0.00615357281640172
ACH-000073,71271629,0,0.0007190596661530435
ACH-000073,7251185,0,0.0008504870347678661
ACH-000073,82146,0,0.007053782232105732
ACH-000073,9931953,0,0.0018740122905001044
ACH-000073,9943465,1,0.050558190792798996
ACH-000073,9952773,0,0.004967222455888987
ACH-000073,9956119,0,0.016871104016900063
ACH-000073,9967941,0,0.014255938120186329
ACH-000074,10027278,0,0.15735141932964325
ACH-000074,10459196,0,0.12146364897489548
ACH-000074,11338033,1,0.6133303046226501
ACH-000074,11493598,0,0.6653634309768677
ACH-000074,11647372,1,0.4739433228969574
ACH-000074,11844351,0,0.34613028168678284
ACH-000074,1401,1,0.3012582063674927
ACH-000074,156422,0,0.11586029827594757
ACH-000074,16663089,0,0.5825262069702148
ACH-000074,20635522,0,0.1335630714893341
ACH-000074,23725625,0,0.5354757308959961
ACH-000074,24772860,1,0.20019736886024475
ACH-000074,24785538,0,0.14212805032730103
ACH-000074,25022668,0,0.06964568793773651
ACH-000074,25262965,1,0.3192629814147949
ACH-000074,2733526,0,0.35129132866859436
ACH-000074,3385,0,0.6067985892295837
ACH-000074,4261,0,0.15655067563056946
ACH-000074,44632017,0,0.18922923505306244
ACH-000074,46931012,0,0.5503716468811035
ACH-000074,4993,0,0.09403282403945923
ACH-000074,5280757,0,0.0547352060675621
ACH-000074,5289247,0,0.6041830778121948
ACH-000074,53394750,1,0.9905982613563538
ACH-000074,5494449,0,0.4729117453098297
ACH-000074,5717801,0,0.16875332593917847
ACH-000074,5746,0,0.03994119167327881
ACH-000074,60750,0,0.07495453208684921
ACH-000074,6253,0,0.23822510242462158
ACH-000074,6450816,1,0.2173541933298111
ACH-000074,704473,0,0.9500586986541748
ACH-000074,7251185,0,0.1314498335123062
ACH-000074,76044,0,0.2306533306837082
ACH-000074,82146,0,0.2350875437259674
ACH-000074,9858940,0,0.2078055441379547
ACH-000074,9914412,0,0.32935041189193726
ACH-000074,9943465,0,0.31746041774749756
ACH-000074,9956119,1,0.42045697569847107
ACH-000075,10027278,0,0.007861785590648651
ACH-000075,10127622,0,0.11148931831121445
ACH-000075,10459196,0,0.029528355225920677
ACH-000075,11626560,0,0.002199128270149231
ACH-000075,11640390,0,0.1070968359708786
ACH-000075,11707110,1,0.487249493598938
ACH-000075,148124,0,0.09020731598138809
ACH-000075,160355,0,0.006736720912158489
ACH-000075,16038120,0,0.04494167119264603
ACH-000075,16747388,0,0.00015172672283370048
ACH-000075,176167,0,0.037423282861709595
ACH-000075,20635522,0,0.012090436182916164
ACH-000075,208908,0,0.2065885215997696
ACH-000075,24756910,0,0.0022805125918239355
ACH-000075,24785538,0,0.034215692430734634
ACH-000075,25124816,0,0.18956449627876282
ACH-000075,25257557,0,0.3132358491420746
ACH-000075,25262965,0,0.01050921343266964
ACH-000075,2733526,0,0.03768833354115486
ACH-000075,3005532,0,0.30048632621765137
ACH-000075,3062316,0,0.02847960591316223
ACH-000075,3218,0,0.03734796866774559
ACH-000075,3463933,0,0.2364705204963684
ACH-000075,42642645,0,0.004797636531293392
ACH-000075,44143370,0,0.0060599083080887794
ACH-000075,44224160,0,0.0015584706561639905
ACH-000075,444795,0,0.008959872648119926
ACH-000075,44551660,0,0.0005961310234852135
ACH-000075,44819241,0,0.03286568447947502
ACH-000075,46930998,0,0.00786688644438982
ACH-000075,46943432,0,0.000471828127047047
ACH-000075,49806720,0,0.01072479598224163
ACH-000075,5208,0,0.02010798454284668
ACH-000075,5289247,0,0.011079367250204086
ACH-000075,5311,0,0.016117030754685402
ACH-000075,5330286,0,0.001433872850611806
ACH-000075,54676905,0,0.05047507584095001
ACH-000075,5494449,0,0.009012894704937935
ACH-000075,56965967,0,0.0007308745407499373
ACH-000075,5746,0,0.03725627064704895
ACH-000075,637858,0,0.011179759167134762
ACH-000075,6445562,0,0.0014397912891581655
ACH-000075,6450816,0,0.007714835461229086
ACH-000075,65110,0,0.003465619869530201
ACH-000075,6918454,0,0.03477984294295311
ACH-000075,6918638,0,0.000528030504938215
ACH-000075,704473,0,0.002361010294407606
ACH-000075,71271629,0,0.0011750264093279839
ACH-000075,9874913,0,0.0169223602861166
ACH-000075,9907093,0,0.16310060024261475
ACH-000075,9967941,0,0.017620006576180458
ACH-000078,10096043,0,0.07130824774503708
ACH-000078,10109823,0,0.07000072300434113
ACH-000078,10113978,0,0.12365656346082687
ACH-000078,10390396,0,0.2070913314819336
ACH-000078,10459196,0,0.07331749051809311
ACH-000078,11178236,0,0.050658151507377625
ACH-000078,11327430,0,0.05287220701575279
ACH-000078,11373846,1,0.1830013245344162
ACH-000078,11624601,0,0.07742904871702194
ACH-000078,156422,0,0.08314476907253265
ACH-000078,16725726,0,0.32232406735420227
ACH-000078,16760646,0,0.1880941390991211
ACH-000078,23725625,0,0.19014355540275574
ACH-000078,24756910,0,0.11544445902109146
ACH-000078,24776445,0,0.14038881659507751
ACH-000078,24889392,0,0.22897052764892578
ACH-000078,24951314,0,0.042676735669374466
ACH-000078,25222038,0,0.060845497995615005
ACH-000078,25257557,1,0.8551015853881836
ACH-000078,300471,0,0.11092723906040192
ACH-000078,387447,0,0.2162744104862213
ACH-000078,44137675,0,0.050407323986291885
ACH-000078,44143370,0,0.10354865342378616
ACH-000078,44551660,0,0.12001834064722061
ACH-000078,46931012,0,0.07900644838809967
ACH-000078,49821040,0,0.23900747299194336
ACH-000078,49836027,0,0.08771249651908875
ACH-000078,5289247,0,0.3445005714893341
ACH-000078,5329102,0,0.20370647311210632
ACH-000078,53340664,0,0.11409840732812881
ACH-000078,53394750,1,0.34407728910446167
ACH-000078,5717801,0,0.08038296550512314
ACH-000078,6450551,1,0.2006387859582901
ACH-000078,6450816,0,0.05875565484166145
ACH-000078,76044,0,0.129642054438591
ACH-000078,9549184,0,0.1605730503797531
ACH-000078,9868037,0,0.121390700340271
ACH-000078,9884685,0,0.08067478984594345
ACH-000078,9911830,0,0.18347780406475067
ACH-000078,9914412,0,0.11755721271038055
ACH-000078,9943465,0,0.18812549114227295
ACH-000078,9956119,0,0.12153570353984833
ACH-000078,9967941,0,0.12476102262735367
ACH-000081,10172943,0,0.2787427306175232
ACH-000081,10384072,0,0.08587201684713364
ACH-000081,10461815,1,0.15660133957862854
ACH-000081,11152667,0,0.2573695778846741
ACH-000081,11282283,0,0.4333619475364685
ACH-000081,11327430,0,0.39083606004714966
ACH-000081,11364421,1,0.2562205493450165
ACH-000081,11493598,1,0.6610172986984253
ACH-000081,11617559,1,0.4262593388557434
ACH-000081,11625818,1,0.7284095287322998
ACH-000081,11960529,0,0.1621646285057068
ACH-000081,126565,0,0.29855287075042725
ACH-000081,148124,0,0.08346099406480789
ACH-000081,160355,0,0.35146355628967285
ACH-000081,16095342,1,0.3227311372756958
ACH-000081,176158,0,0.18203893303871155
ACH-000081,17755052,0,0.3570774793624878
ACH-000081,208908,0,0.12942840158939362
ACH-000081,2375,0,0.3511888086795807
ACH-000081,24772860,1,0.428939551115036
ACH-000081,24826799,1,0.5880315899848938
ACH-000081,24894414,1,0.889384388923645
ACH-000081,25102847,1,0.43644094467163086
ACH-000081,3005532,0,0.043081801384687424
ACH-000081,4263900,0,0.13463570177555084
ACH-000081,44182295,0,0.21598102152347565
ACH-000081,44632017,0,0.2049424648284912
ACH-000081,46191454,0,0.812075674533844
ACH-000081,462382,0,0.1288314163684845
ACH-000081,49806720,1,0.6783472895622253
ACH-000081,49821040,1,0.25245359539985657
ACH-000081,5311497,0,0.10708457231521606
ACH-000081,5330286,0,0.43284380435943604
ACH-000081,53340664,1,0.7497666478157043
ACH-000081,53394750,1,0.9787722826004028
ACH-000081,5394,0,0.3147346079349518
ACH-000081,5494449,1,0.46458643674850464
ACH-000081,56962337,0,0.25197669863700867
ACH-000081,6852167,1,0.8465031385421753
ACH-000081,7251185,0,0.22098250687122345
ACH-000081,9813758,1,0.7853363752365112
ACH-000081,9858940,0,0.21768958866596222
ACH-000081,9907093,1,0.15510253608226776
ACH-000081,9956119,0,0.180379256606102
ACH-000081,9956222,1,0.5648635029792786
ACH-000082,10184653,0,0.22291791439056396
ACH-000082,10196499,0,0.17035402357578278
ACH-000082,10384072,0,0.09209977835416794
ACH-000082,11373846,0,0.031171267852187157
ACH-000082,11667893,0,0.2353077381849289
ACH-000082,126565,0,0.0282980315387249
ACH-000082,126941,0,0.03635996952652931
ACH-000082,17755052,0,0.038686398416757584
ACH-000082,2375,1,0.05588918924331665
ACH-000082,24180719,0,0.08888252079486847
ACH-000082,24772860,0,0.01798517443239689
ACH-000082,24776445,0,0.09790673106908798
ACH-000082,24785538,0,0.08865129202604294
ACH-000082,24826799,1,0.06308126449584961
ACH-000082,25124816,1,0.18791891634464264
ACH-000082,25167777,0,0.01931776851415634
ACH-000082,3005532,1,0.3246544897556305
ACH-000082,42642645,0,0.03227879852056503
ACH-000082,46224516,0,0.014987241476774216
ACH-000082,5328940,0,0.0363801084458828
ACH-000082,5460769,0,0.11852103471755981
ACH-000082,560326,0,0.10694608837366104
ACH-000082,56965967,0,0.01593433879315853
ACH-000082,60750,0,0.05141507089138031
ACH-000082,6445533,0,0.022360386326909065
ACH-000082,6753378,0,0.02354222722351551
ACH-000082,84691,0,0.08768951147794724
ACH-000082,9858940,0,0.2015170007944107
ACH-000082,9863776,0,0.05354936420917511
ACH-000082,9868037,0,0.019417408853769302
ACH-000082,9874913,0,0.10749220103025436
ACH-000087,10074640,0,0.29744836688041687
ACH-000087,10096043,0,0.06535417586565018
ACH-000087,10113978,1,0.15692366659641266
ACH-000087,10172943,0,0.17835171520709991
ACH-000087,10184653,0,0.1428404301404953
ACH-000087,10200390,1,0.11652582138776779
ACH-000087,10341154,1,0.25022342801094055
ACH-000087,11152667,0,0.15165194869041443
ACH-000087,11373846,0,0.34488776326179504
ACH-000087,11634725,0,0.28569144010543823
ACH-000087,148124,0,0.0658978670835495
ACH-000087,16663089,0,0.31724828481674194
ACH-000087,16720766,0,0.09939777851104736
ACH-000087,176158,0,0.13986575603485107
ACH-000087,176870,0,0.1822231411933899
ACH-000087,2375,0,0.13165505230426788
ACH-000087,24180719,0,0.13494455814361572
ACH-000087,24826799,0,0.14419019222259521
ACH-000087,25126798,0,0.2656344473361969
ACH-000087,25195352,0,0.10121133178472519
ACH-000087,25262965,0,0.21937555074691772
ACH-000087,2726824,0,0.06545482575893402
ACH-000087,31703,0,0.053671564906835556
ACH-000087,3218,0,0.07164572924375534
ACH-000087,36314,0,0.05466252937912941
ACH-000087,444795,0,0.3028319478034973
ACH-000087,44819241,1,0.26949596405029297
ACH-000087,46191454,0,0.43072858452796936
ACH-000087,46883536,0,0.1926625669002533
ACH-000087,49836027,0,0.1681205779314041
ACH-000087,521106,1,0.14107175171375275
ACH-000087,5289247,0,0.2336445152759552
ACH-000087,5311497,0,0.055257510393857956
ACH-000087,53302361,0,0.11621200293302536
ACH-000087,53394750,0,0.6319633722305298
ACH-000087,54676905,1,0.11329912394285202
ACH-000087,560326,0,0.18749845027923584
ACH-000087,5717801,0,0.1219816505908966
ACH-000087,644215,0,0.07426638901233673
ACH-000087,6450551,0,0.18472303450107574
ACH-000087,9810884,1,0.811063289642334
ACH-000087,9826308,0,0.1492188721895218
ACH-000087,9863776,0,0.18568933010101318
ACH-000087,9938202,0,0.21195060014724731
ACH-000087,9943465,0,0.26776987314224243
ACH-000087,9956119,0,0.12739641964435577
ACH-000087,9967941,1,0.16876251995563507
ACH-000090,10027278,0,0.09777963161468506
ACH-000090,10077147,0,0.016278957948088646
ACH-000090,10096043,0,0.07455560564994812
ACH-000090,10200390,0,0.04025285318493843
ACH-000090,11373846,0,0.05295897647738457
ACH-000090,11625818,0,0.030340755358338356
ACH-000090,156422,0,0.14664815366268158
ACH-000090,16747388,0,0.017949743196368217
ACH-000090,2375,1,0.057525064796209335
ACH-000090,24772860,0,0.02896396443247795
ACH-000090,24785538,0,0.1260429173707962
ACH-000090,24826799,0,0.13810594379901886
ACH-000090,24889392,0,0.06289982795715332
ACH-000090,25195352,0,0.04799479991197586
ACH-000090,25257557,1,0.5419114232063293
ACH-000090,31703,0,0.026393190026283264
ACH-000090,3463933,0,0.2810084819793701
ACH-000090,3796,0,0.11242007464170456
ACH-000090,44182295,0,0.073851577937603
ACH-000090,448013,0,0.142009437084198
ACH-000090,46931012,0,0.02219708263874054
ACH-000090,49806720,0,0.1904493123292923
ACH-000090,5278396,0,0.03629878908395767
ACH-000090,53340664,0,0.05036027356982231
ACH-000090,5460769,0,0.10958660393953323
ACH-000090,60750,0,0.04495849832892418
ACH-000090,6445533,0,0.023559585213661194
ACH-000090,66577006,0,0.03484244644641876
ACH-000090,9903786,0,0.032887354493141174
ACH-000091,10184653,0,0.5264321565628052
ACH-000091,11433190,0,0.133750319480896
ACH-000091,11455910,0,0.15425339341163635
ACH-000091,11493598,0,0.1084245964884758
ACH-000091,11609586,0,0.16283605992794037
ACH-000091,11634725,0,0.08487687259912491
ACH-000091,11667893,1,0.3219454884529114
ACH-000091,11707110,0,0.3195176124572754
ACH-000091,126941,0,0.08896592259407043
ACH-000091,46930998,0,0.10689771175384521
ACH-000091,51371303,0,0.08510462939739227
ACH-000091,53340664,0,0.04358968511223793
ACH-000091,53394750,0,0.218585804104805
ACH-000091,5394,0,0.12668664753437042
ACH-000091,56965967,0,0.03507237508893013
ACH-000091,6918848,0,0.04611104354262352
ACH-000091,704473,0,0.11284008622169495
ACH-000091,9810884,0,0.4210779070854187
ACH-000091,9863776,0,0.05813213065266609
ACH-000091,9967941,0,0.17000621557235718
ACH-000092,10077147,0,3.915148408850655e-05
ACH-000092,10096043,0,0.001408175565302372
ACH-000092,10113978,0,0.06656080484390259
ACH-000092,10184653,0,0.31229957938194275
ACH-000092,10459196,0,0.0026047693099826574
ACH-000092,11152667,0,0.0014819524949416518
ACH-000092,11178236,0,0.0126327034085989
ACH-000092,11373846,0,0.000876674719620496
ACH-000092,11455910,0,0.027866335585713387
ACH-000092,11493598,0,0.003404695773497224
ACH-000092,126941,0,0.0008082045242190361
ACH-000092,16722836,0,8.376767073059455e-05
ACH-000092,16747388,0,1.0858024324988946e-05
ACH-000092,2314623,0,0.020614052191376686
ACH-000092,24889392,0,0.0013560762163251638
ACH-000092,25022668,0,0.00018511537928134203
ACH-000092,25102847,0,0.012759638950228691
ACH-000092,25124816,0,0.11640481650829315
ACH-000092,25195352,0,0.0010921921348199248
ACH-000092,25262965,0,0.0024870596826076508
ACH-000092,2726824,0,0.02685750089585781
ACH-000092,4263900,0,0.001120521454140544
ACH-000092,44450571,0,0.025409795343875885
ACH-000092,46191454,0,0.002000134438276291
ACH-000092,51371303,0,0.0021833437494933605
ACH-000092,5289247,0,0.0020341721829026937
ACH-000092,5460769,0,0.017908554524183273
ACH-000092,6253,0,6.759231473552063e-05
ACH-000092,637858,0,0.001476735807955265
ACH-000092,6753378,0,0.0005453343037515879
ACH-000092,71271629,0,9.136225708061829e-05
ACH-000092,9826528,0,0.0028005277272313833
ACH-000092,9938202,0,0.023969130590558052
ACH-000094,10113978,0,0.03787651285529137
ACH-000094,10196499,0,0.12087386846542358
ACH-000094,10200390,0,0.0033743618987500668
ACH-000094,11178236,0,0.027416372671723366
ACH-000094,11282283,0,0.053271230310201645
ACH-000094,11338033,0,0.00676087848842144
ACH-000094,11455910,0,0.07057715952396393
ACH-000094,11485656,0,0.029763534665107727
ACH-000094,11647372,0,0.0033376237843185663
ACH-000094,16747388,0,0.0021263721864670515
ACH-000094,2314623,0,0.09543877840042114
ACH-000094,24772860,0,0.003645390970632434
ACH-000094,4263900,0,0.013544038869440556
ACH-000094,44137675,0,0.035337455570697784
ACH-000094,44551660,0,0.003843097249045968
ACH-000094,447912,0,0.008868918754160404
ACH-000094,46224516,0,0.009140434674918652
ACH-000094,46931012,0,0.0025660379324108362
ACH-000094,5289247,1,0.08026772737503052
ACH-000094,560326,0,0.040354687720537186
ACH-000094,6445533,0,0.007676219567656517
ACH-000094,6914657,0,0.05484249070286751
ACH-000094,9903786,0,0.0028189404401928186
ACH-000094,9910224,0,0.007436336949467659
ACH-000094,9952773,0,0.008686062879860401
ACH-000094,9956222,0,0.010251959785819054
ACH-000096,10027278,0,0.09180974215269089
ACH-000096,10127622,0,0.43590736389160156
ACH-000096,10341154,0,0.09319207072257996
ACH-000096,10384072,0,0.09822530299425125
ACH-000096,11338033,0,0.03600730374455452
ACH-000096,11373846,1,0.07920421659946442
ACH-000096,11455910,0,0.07211665064096451
ACH-000096,11667893,0,0.09068775922060013
ACH-000096,16725726,1,0.4781251847743988
ACH-000096,16747388,0,0.0423884280025959
ACH-000096,176158,0,0.1405317336320877
ACH-000096,24756910,0,0.05500229075551033
ACH-000096,24826799,0,0.14853347837924957
ACH-000096,25102847,0,0.15958644449710846
ACH-000096,25262965,0,0.07507433742284775
ACH-000096,3005532,0,0.09772871434688568
ACH-000096,36462,0,0.022635336965322495
ACH-000096,3796,0,0.09684692323207855
ACH-000096,446378,0,0.04304882138967514
ACH-000096,44819241,0,0.19949579238891602
ACH-000096,46943432,0,0.11310642957687378
ACH-000096,521106,0,0.034473929554224014
ACH-000096,5289247,0,0.22040501236915588
ACH-000096,5460769,0,0.0811818391084671
ACH-000096,6445533,0,0.02543766051530838
ACH-000096,6445562,0,0.13473588228225708
ACH-000096,66577006,0,0.057122789323329926
ACH-000096,6914657,0,0.046785689890384674
ACH-000096,704473,0,0.19695508480072021
ACH-000096,82146,0,0.13719412684440613
ACH-000096,8249,1,0.06724698096513748
ACH-000096,9810884,1,0.8181756734848022
ACH-000096,9813758,1,0.09453894197940826
ACH-000096,9931953,0,0.03671864792704582
ACH-000098,10109823,0,0.13440334796905518
ACH-000098,10127622,0,0.32364270091056824
ACH-000098,10196499,0,0.23677963018417358
ACH-000098,104842,0,0.07070519030094147
ACH-000098,11316960,1,0.15019911527633667
ACH-000098,11338033,0,0.03181062266230583
ACH-000098,16720766,0,0.12166634202003479
ACH-000098,176167,0,0.16019344329833984
ACH-000098,17755052,1,0.04187772050499916
ACH-000098,24826799,0,0.10996745526790619
ACH-000098,24894414,0,0.03250330686569214
ACH-000098,24978538,0,0.2557471692562103
ACH-000098,25124816,0,0.2373059093952179
ACH-000098,2733526,0,0.20941908657550812
ACH-000098,36462,0,0.03793392330408096
ACH-000098,42640,0,0.14871500432491302
ACH-000098,44224160,0,0.03134770318865776
ACH-000098,5289247,0,0.1399577260017395
ACH-000098,5327091,0,0.08226262032985687
ACH-000098,5330286,0,0.04418345168232918
ACH-000098,560326,0,0.13286586105823517
ACH-000098,56962337,0,0.11930864304304123
ACH-000098,6450816,0,0.06416833400726318
ACH-000098,66577006,1,0.03265182301402092
ACH-000098,6753378,0,0.04663356393575668
ACH-000098,71271629,0,0.040221262723207474
ACH-000098,8249,0,0.04390179365873337
ACH-000098,85668777,0,0.2675072252750397
ACH-000098,9863776,0,0.16923992335796356
ACH-000098,9884685,0,0.02361666038632393
ACH-000098,9931953,1,0.05830245837569237
ACH-000098,9956222,0,0.04797112196683884
ACH-000099,10077147,0,0.011157532222568989
ACH-000099,10109823,0,0.0328163281083107
ACH-000099,10172943,0,0.07289969176054001
ACH-000099,10196499,0,0.1900518536567688
ACH-000099,10451420,0,0.058423202484846115
ACH-000099,10459196,0,0.09408044070005417
ACH-000099,104842,0,0.05911814793944359
ACH-000099,11364421,0,0.09552665799856186
ACH-000099,11626560,0,0.027162842452526093
ACH-000099,11667893,0,0.15399806201457977
ACH-000099,11676786,0,0.0772896409034729
ACH-000099,11707110,0,0.6043583154678345
ACH-000099,11754511,0,0.06281937658786774
ACH-000099,126565,0,0.045001596212387085
ACH-000099,1401,0,0.22234869003295898
ACH-000099,159324,0,0.018595276400446892
ACH-000099,16720766,0,0.06814811378717422
ACH-000099,16725726,0,0.5011724233627319
ACH-000099,17755052,0,0.0387648269534111
ACH-000099,24180719,0,0.16590481996536255
ACH-000099,24825971,0,0.07164283841848373
ACH-000099,24894414,0,0.021958574652671814
ACH-000099,25167777,0,0.022255733609199524
ACH-000099,25257557,1,0.7983481287956238
ACH-000099,31703,0,0.04526767134666443
ACH-000099,36462,0,0.041891541332006454
ACH-000099,44224160,0,0.03014720231294632
ACH-000099,46931012,0,0.01017728354781866
ACH-000099,49836027,0,0.08413304388523102
ACH-000099,4993,0,0.1569124311208725
ACH-000099,5328940,0,0.04177823290228844
ACH-000099,5394,0,0.1174730584025383
ACH-000099,560326,0,0.07038343697786331
ACH-000099,60750,0,0.05636167153716087
ACH-000099,6505803,0,0.09863046556711197
ACH-000099,66577006,0,0.03392833098769188
ACH-000099,6914657,0,0.0806683897972107
ACH-000099,6918289,0,0.10061047226190567
ACH-000099,6918638,0,0.014273331500589848
ACH-000099,704473,0,0.06445486098527908
ACH-000099,82146,0,0.08053018152713776
ACH-000099,85668777,0,0.21783983707427979
ACH-000099,9868037,0,0.02124261111021042
ACH-000099,9874913,0,0.07339096814393997
ACH-000099,9914412,0,0.013302991166710854
ACH-000099,9938202,0,0.15837667882442474
ACH-000102,10077147,0,1.135305478100479e-11
ACH-000102,10096043,0,1.656361661162009e-07
ACH-000102,10127622,0,0.0015257493359968066
ACH-000102,11617559,0,1.214664735016413e-05
ACH-000102,11624601,0,1.0419375939818565e-06
ACH-000102,11634725,0,1.4673963050881866e-05
ACH-000102,11640390,0,0.0003649163991212845
ACH-000102,11960529,0,6.752698391210288e-05
ACH-000102,126565,0,1.9917880678121946e-09
ACH-000102,176167,0,4.584135240293108e-05
ACH-000102,24772860,0,2.7692176329807694e-10
ACH-000102,24776445,0,1.4067512665860704e-07
ACH-000102,24978538,0,0.022419070824980736
ACH-000102,25102847,0,8.252984116552398e-06
ACH-000102,25124816,0,0.0033716221805661917
ACH-000102,25126798,0,6.545027986248897e-08
ACH-000102,25195352,0,3.4606046028784476e-08
ACH-000102,25222038,0,6.296513532788595e-08
ACH-000102,3796,0,1.9614110158272524e-07
ACH-000102,44137675,0,0.00011432672181399539
ACH-000102,44551660,0,3.085281197190426e-10
ACH-000102,46885626,0,9.059723993232183e-07
ACH-000102,46943432,0,8.377263882586305e-10
ACH-000102,521106,0,1.4996542896383858e-09
ACH-000102,5289247,0,1.576737304276321e-06
ACH-000102,5311,0,1.9720584987226175e-06
ACH-000102,54685215,0,0.000533485843334347
ACH-000102,5746,0,1.0146515023734537e-06
ACH-000102,637858,0,4.7093411126297724e-07
ACH-000102,6505803,0,3.475445555523038e-05
ACH-000102,6918638,0,4.8263257973468754e-11
ACH-000102,9810884,0,0.044200342148542404
ACH-000103,10074640,0,0.007586734835058451
ACH-000103,10113978,0,0.04116538539528847
ACH-000103,10196499,0,0.16103295981884003
ACH-000103,10200390,0,0.0019020566251128912
ACH-000103,11373846,0,0.0032818408217281103
ACH-000103,11433190,0,0.19222228229045868
ACH-000103,11455910,0,0.14037178456783295
ACH-000103,11634725,0,0.08205291628837585
ACH-000103,11977753,0,0.026048481464385986
ACH-000103,156422,0,0.06491167843341827
ACH-000103,159324,0,0.0013649103930220008
ACH-000103,216326,0,0.00791659951210022
ACH-000103,24785538,0,0.06946785748004913
ACH-000103,25126798,0,0.003593486500903964
ACH-000103,2733526,0,0.05305895954370499
ACH-000103,3218,0,0.05577179417014122
ACH-000103,3463933,0,0.27868178486824036
ACH-000103,448013,0,0.011946162208914757
ACH-000103,46885626,0,0.017076872289180756
ACH-000103,51371303,0,0.02587718702852726
ACH-000103,5208,0,0.022629456594586372
ACH-000103,521106,0,0.00441300543025136
ACH-000103,5311,0,0.030508292838931084
ACH-000103,5327091,0,0.016811879351735115
ACH-000103,5330286,0,0.0034514449071139097
ACH-000103,53340664,0,0.002189511666074395
ACH-000103,5459322,0,0.06117979809641838
ACH-000103,54676905,0,0.0608341246843338
ACH-000103,56962337,0,0.05598319694399834
ACH-000103,60750,0,0.010893040336668491
ACH-000103,6710780,0,0.003892185166478157
ACH-000103,6753378,0,0.005057622212916613
ACH-000103,82146,0,0.016304070129990578
ACH-000103,9813758,0,0.004389474168419838
ACH-000103,9874913,0,0.02506147511303425
ACH-000103,9914412,0,0.0015192427672445774
ACH-000103,9938202,0,0.06214870885014534
ACH-000104,10027278,0,0.24944761395454407
ACH-000104,10077147,0,0.3031763434410095
ACH-000104,10096043,0,0.2153860628604889
ACH-000104,10109823,0,0.3232669532299042
ACH-000104,10196499,0,0.14094771444797516
ACH-000104,10390396,0,0.3135957419872284
ACH-000104,11152667,0,0.2982826232910156
ACH-000104,11364421,1,0.3773779273033142
ACH-000104,11493598,0,0.27068546414375305
ACH-000104,11626927,0,0.686610221862793
ACH-000104,11844351,0,0.288216233253479
ACH-000104,126941,0,0.6436241269111633
ACH-000104,1401,1,0.2547057271003723
ACH-000104,156422,0,0.14255189895629883
ACH-000104,160355,1,0.4478812515735626
ACH-000104,16095342,1,0.3417171537876129
ACH-000104,16722836,1,0.8316284418106079
ACH-000104,16747388,0,0.6406117081642151
ACH-000104,2314623,1,0.1348528414964676
ACH-000104,23725625,0,0.3854023814201355
ACH-000104,24978538,1,0.8703851103782654
ACH-000104,25167777,0,0.7851924300193787
ACH-000104,25222038,0,0.13401708006858826
ACH-000104,2733526,1,0.19258834421634674
ACH-000104,3385,0,0.4444701075553894
ACH-000104,3796,0,0.2569676339626312
ACH-000104,4263900,0,0.16276726126670837
ACH-000104,5208,0,0.2969701290130615
ACH-000104,5327091,0,0.10995549708604813
ACH-000104,56962337,0,0.2680424153804779
ACH-000104,56965967,0,0.6181360483169556
ACH-000104,6253,0,0.3588152825832367
ACH-000104,6445562,1,0.79985111951828
ACH-000104,66577006,1,0.9173906445503235
ACH-000104,6710780,0,0.38916251063346863
ACH-000104,6852167,1,0.7529225945472717
ACH-000104,6918454,0,0.1805439293384552
ACH-000104,6918848,0,0.7693676948547363
ACH-000104,76044,0,0.44593286514282227
ACH-000104,8249,0,0.669059693813324
ACH-000104,84691,0,0.37028178572654724
ACH-000104,9826528,0,0.28333160281181335
ACH-000104,9910224,1,0.7229759693145752
ACH-000104,9911830,1,0.5573221445083618
ACH-000104,9967941,0,0.18529988825321198
ACH-000105,10341154,0,0.640023946762085
ACH-000105,10384072,0,0.14955678582191467
ACH-000105,11316960,0,0.6977388858795166
ACH-000105,11493598,1,0.7655457854270935
ACH-000105,11640390,1,0.1800653487443924
ACH-000105,11707110,0,0.6513226628303528
ACH-000105,11754511,1,0.9310306906700134
ACH-000105,126941,0,0.8965970873832703
ACH-000105,148124,0,0.08207887411117554
ACH-000105,160355,0,0.5001044273376465
ACH-000105,16722836,1,0.9589916467666626
ACH-000105,16747388,1,0.9223534464836121
ACH-000105,16760646,0,0.28498396277427673
ACH-000105,208908,0,0.15372487902641296
ACH-000105,216326,0,0.6832837462425232
ACH-000105,2314623,0,0.19824336469173431
ACH-000105,24825971,0,0.32853078842163086
ACH-000105,24951314,1,0.8569179177284241
ACH-000105,25022668,1,0.3037925660610199
ACH-000105,25257557,1,0.9377832412719727
ACH-000105,3005532,0,0.05313543602824211
ACH-000105,3062316,1,0.5709919333457947
ACH-000105,31703,0,0.23469653725624084
ACH-000105,42642645,1,0.6516239643096924
ACH-000105,44137675,0,0.10635989904403687
ACH-000105,44819241,0,0.41525253653526306
ACH-000105,46191454,0,0.8573546409606934
ACH-000105,46885626,1,0.8738568425178528
ACH-000105,46907787,0,0.3785581588745117
ACH-000105,46931012,1,0.9126678705215454
ACH-000105,49821040,1,0.48253631591796875
ACH-000105,53302361,1,0.31561994552612305
ACH-000105,5330286,0,0.7492635846138
ACH-000105,54676905,1,0.15711426734924316
ACH-000105,56962337,0,0.3371431231498718
ACH-000105,644241,1,0.7347351908683777
ACH-000105,6450551,1,0.49895089864730835
ACH-000105,6450816,0,0.34971290826797485
ACH-000105,6505803,0,0.04325920343399048
ACH-000105,66577006,1,0.9221804738044739
ACH-000105,71271629,0,0.7106854319572449
ACH-000105,82146,0,0.405568391084671
ACH-000105,9826528,0,0.5310458540916443
ACH-000105,9907093,0,0.1759405881166458
ACH-000105,9910224,1,0.8785728812217712
ACH-000105,9938202,0,0.1828351616859436
ACH-000105,9956222,1,0.7312021255493164
ACH-000106,10096043,0,0.038382429629564285
ACH-000106,10109823,0,0.042393799871206284
ACH-000106,10341154,0,0.1731196492910385
ACH-000106,11373846,0,0.19540013372898102
ACH-000106,11493598,0,0.3028232157230377
ACH-000106,11676786,0,0.25790637731552124
ACH-000106,11844351,0,0.09079860895872116
ACH-000106,156422,0,0.07845655828714371
ACH-000106,159324,0,0.04488077014684677
ACH-000106,16095342,0,0.1477999985218048
ACH-000106,16720766,0,0.058378931134939194
ACH-000106,16722836,0,0.08236468583345413
ACH-000106,16747388,0,0.0568101592361927
ACH-000106,176870,0,0.1283227503299713
ACH-000106,216239,0,0.08226440846920013
ACH-000106,2375,0,0.05418604239821434
ACH-000106,24756910,0,0.06598369777202606
ACH-000106,24825971,0,0.08883943408727646
ACH-000106,24889392,0,0.15737202763557434
ACH-000106,25102847,0,0.22581665217876434
ACH-000106,25126798,0,0.086540088057518
ACH-000106,25195352,0,0.044269971549510956
ACH-000106,25222038,0,0.04083729162812233
ACH-000106,2726824,0,0.06451601535081863
ACH-000106,31703,0,0.017188457772135735
ACH-000106,3218,0,0.03868526965379715
ACH-000106,3385,0,0.17415751516819
ACH-000106,4263900,0,0.05102835223078728
ACH-000106,44143370,0,0.04521036148071289
ACH-000106,44632017,0,0.15003859996795654
ACH-000106,446378,0,0.024651573970913887
ACH-000106,46943432,0,0.22977420687675476
ACH-000106,521106,0,0.05222054570913315
ACH-000106,5280757,0,0.05158979445695877
ACH-000106,5291,0,0.3417535126209259
ACH-000106,5330286,0,0.09979692846536636
ACH-000106,5746,0,0.049466509371995926
ACH-000106,6918454,0,0.34366729855537415
ACH-000106,9810884,0,0.7690195441246033
ACH-000106,9943465,0,0.2118796408176422
ACH-000107,10027278,0,0.033938225358724594
ACH-000107,10074640,0,0.012577407993376255
ACH-000107,10113978,0,0.06813937425613403
ACH-000107,10184653,0,0.4793218672275543
ACH-000107,11338033,0,0.009122990071773529
ACH-000107,11713159,0,0.030367761850357056
ACH-000107,11977753,0,0.04892440885305405
ACH-000107,148124,0,0.06462186574935913
ACH-000107,17755052,0,0.010038409382104874
ACH-000107,24180719,0,0.060486916452646255
ACH-000107,24889392,1,0.008075845427811146
ACH-000107,25222038,0,0.028079459443688393
ACH-000107,25262965,0,0.038995180279016495
ACH-000107,36462,0,0.012391508556902409
ACH-000107,44182295,0,0.11095444858074188
ACH-000107,44224160,0,0.006767199374735355
ACH-000107,446378,1,0.047380849719047546
ACH-000107,447912,0,0.008189799264073372
ACH-000107,46224516,0,0.0060307118110358715
ACH-000107,46843772,0,0.04238708317279816
ACH-000107,46930998,0,0.035125721246004105
ACH-000107,5113032,0,0.019608063623309135
ACH-000107,5289247,0,0.04266941174864769
ACH-000107,53394750,0,0.04499490559101105
ACH-000107,54676905,0,0.10442531853914261
ACH-000107,54685215,0,0.075611412525177
ACH-000107,56965967,0,0.005068936385214329
ACH-000107,60750,0,0.01964087225496769
ACH-000107,637858,0,0.01747569441795349
ACH-000107,6450816,0,0.01910342089831829
ACH-000107,6505803,0,0.06087977811694145
ACH-000107,9956222,0,0.014253820292651653
ACH-000111,10027278,0,0.05623779818415642
ACH-000111,10096043,0,0.03187084570527077
ACH-000111,10109823,1,0.04115070775151253
ACH-000111,10127622,0,0.3916380703449249
ACH-000111,10461815,0,0.10881474614143372
ACH-000111,104842,0,0.07797110825777054
ACH-000111,11316960,0,0.21544770896434784
ACH-000111,11404337,0,0.030716434121131897
ACH-000111,11493598,0,0.29790595173835754
ACH-000111,11634725,0,0.3335263133049011
ACH-000111,148124,0,0.0601947046816349
ACH-000111,16038120,0,0.20102936029434204
ACH-000111,16747388,0,0.06623916327953339
ACH-000111,176167,0,0.2198190689086914
ACH-000111,20635522,0,0.10797398537397385
ACH-000111,2375,0,0.08035071939229965
ACH-000111,25222038,0,0.033423908054828644
ACH-000111,2733526,1,0.08508455008268356
ACH-000111,31703,0,0.02461409941315651
ACH-000111,44224160,0,0.05315781012177467
ACH-000111,444795,0,0.18815281987190247
ACH-000111,44551660,0,0.0632694810628891
ACH-000111,446378,0,0.03336653858423233
ACH-000111,44819241,0,0.12091441452503204
ACH-000111,46191454,0,0.15566666424274445
ACH-000111,46844147,0,0.07858392596244812
ACH-000111,46931012,0,0.055190108716487885
ACH-000111,5280757,0,0.09230968356132507
ACH-000111,5289247,0,0.2774386703968048
ACH-000111,5311,1,0.15340656042099
ACH-000111,53302361,0,0.13944126665592194
ACH-000111,644215,0,0.03178047016263008
ACH-000111,6450816,0,0.029294343665242195
ACH-000111,6505803,0,0.0359145924448967
ACH-000111,6852167,0,0.14652405679225922
ACH-000111,6918454,0,0.3255634009838104
ACH-000111,6918638,0,0.04123811423778534
ACH-000111,9549184,0,0.08896216750144958
ACH-000111,9903786,0,0.07768134772777557
ACH-000111,9938202,0,0.2330949455499649
ACH-000111,9956222,0,0.0713684931397438
ACH-000111,9967941,0,0.08460041135549545
ACH-000112,10451420,1,0.9637389183044434
ACH-000112,11338033,1,0.887109637260437
ACH-000112,11617559,1,0.2703741490840912
ACH-000112,11626560,0,0.5663876533508301
ACH-000112,160355,1,0.6057682037353516
ACH-000112,176167,0,0.4543468654155731
ACH-000112,208908,0,0.3556365370750427
ACH-000112,24772860,1,0.6540498733520508
ACH-000112,24825971,0,0.39246925711631775
ACH-000112,24826799,1,0.6192229986190796
ACH-000112,3385,1,0.7174190282821655
ACH-000112,3796,1,0.5098852515220642
ACH-000112,4263900,1,0.29866695404052734
ACH-000112,44143370,1,0.6873903870582581
ACH-000112,46191454,1,0.8422447443008423
ACH-000112,46885626,1,0.8007349967956543
ACH-000112,5291,0,0.3993135690689087
ACH-000112,5311510,0,0.6875594854354858
ACH-000112,5459322,1,0.27071571350097656
ACH-000112,5460769,0,0.311551570892334
ACH-000112,560326,1,0.5924642086029053
ACH-000112,5746,0,0.1975882351398468
ACH-000112,60750,1,0.3248361647129059
ACH-000112,644215,0,0.3278825581073761
ACH-000112,66577006,1,0.9340346455574036
ACH-000112,76044,0,0.6229380965232849
ACH-000112,9910224,1,0.8555701971054077
ACH-000112,9952773,1,0.8242014050483704
ACH-000113,10109823,0,0.1786123365163803
ACH-000113,10184653,0,0.11200171709060669
ACH-000113,10200390,0,0.24154618382453918
ACH-000113,10461815,1,0.2941506803035736
ACH-000113,11152667,0,0.2115810662508011
ACH-000113,11282283,1,0.26051637530326843
ACH-000113,11364421,0,0.22999471426010132
ACH-000113,11455910,0,0.10648362338542938
ACH-000113,11485656,1,0.5123070478439331
ACH-000113,11960529,1,0.4231508672237396
ACH-000113,123631,0,0.17343434691429138
ACH-000113,16747388,1,0.5698891878128052
ACH-000113,176158,0,0.3935813307762146
ACH-000113,24825971,0,0.1611698865890503
ACH-000113,24978538,1,0.762328565120697
ACH-000113,25262965,0,0.4799988567829132
ACH-000113,2726824,0,0.13699546456336975
ACH-000113,2733526,1,0.380010187625885
ACH-000113,31703,0,0.2132384330034256
ACH-000113,44632017,0,0.3848496079444885
ACH-000113,446378,0,0.08801590651273727
ACH-000113,447912,1,0.5862836837768555
ACH-000113,44819241,1,0.519530713558197
ACH-000113,462382,0,0.20695532858371735
ACH-000113,46883536,1,0.39468032121658325
ACH-000113,5328940,0,0.3658744692802429
ACH-000113,53302361,0,0.3063443899154663
ACH-000113,5330286,0,0.4393659234046936
ACH-000113,53394750,1,0.955491304397583
ACH-000113,560326,0,0.3037024438381195
ACH-000113,56962337,1,0.23059765994548798
ACH-000113,56965967,1,0.4366113543510437
ACH-000113,57339144,1,0.48690682649612427
ACH-000113,5746,1,0.08738254755735397
ACH-000113,6450551,0,0.32996082305908203
ACH-000113,6710780,0,0.26635587215423584
ACH-000113,704473,1,0.7721683382987976
ACH-000113,7251185,0,0.20286411046981812
ACH-000113,9868037,1,0.6826878786087036
ACH-000113,9914412,0,0.3181017339229584
ACH-000113,9931953,0,0.12798362970352173
ACH-000113,9952773,0,0.31840211153030396
ACH-000114,10074640,0,0.02281922847032547
ACH-000114,10096043,0,0.09269088506698608
ACH-000114,10341154,0,0.03319036215543747
ACH-000114,10384072,0,0.09505213797092438
ACH-000114,10459196,0,0.13553056120872498
ACH-000114,11152667,0,0.045523788779973984
ACH-000114,11640390,0,0.1430073380470276
ACH-000114,11713159,0,0.10283906757831573
ACH-000114,126941,0,0.06139902397990227
ACH-000114,16725726,0,0.5070604085922241
ACH-000114,24826799,0,0.04961736127734184
ACH-000114,24889392,0,0.024217242375016212
ACH-000114,24951314,0,0.013294887728989124
ACH-000114,25022668,0,0.031928662210702896
ACH-000114,25126798,0,0.03454605117440224
ACH-000114,25167777,0,0.025102002546191216
ACH-000114,25195352,0,0.037848617881536484
ACH-000114,42640,0,0.05986711382865906
ACH-000114,46883536,0,0.0239713154733181
ACH-000114,49806720,0,0.052070073783397675
ACH-000114,5113032,0,0.042354270815849304
ACH-000114,5311,0,0.05700261518359184
ACH-000114,5328940,0,0.03598540648818016
ACH-000114,53302361,0,0.05353447049856186
ACH-000114,54685215,1,0.12496162950992584
ACH-000114,5746,0,0.11150852590799332
ACH-000114,6450816,0,0.07094993442296982
ACH-000114,6505803,0,0.127563938498497
ACH-000114,65110,0,0.04306689649820328
ACH-000114,6852167,0,0.024324169382452965
ACH-000114,6918454,0,0.0491909496486187
ACH-000114,704473,0,0.04443556070327759
ACH-000114,9931953,0,0.03160949796438217
ACH-000114,9952773,0,0.02384045347571373
ACH-000114,9956119,0,0.16045959293842316
ACH-000115,10384072,0,0.07229987531900406
ACH-000115,104842,0,0.026697484776377678
ACH-000115,11152667,0,0.05591131001710892
ACH-000115,11316960,0,0.05995985493063927
ACH-000115,11338033,0,0.10409675538539886
ACH-000115,11364421,0,0.11243327707052231
ACH-000115,11624601,0,0.09689664840698242
ACH-000115,11640390,1,0.17060820758342743
ACH-000115,11647372,0,0.0772467777132988
ACH-000115,11676786,0,0.05155510455369949
ACH-000115,11707110,0,0.3124227523803711
ACH-000115,11960529,0,0.07590387016534805
ACH-000115,11977753,0,0.05682310089468956
ACH-000115,159324,0,0.026840494945645332
ACH-000115,16095342,0,0.1384381502866745
ACH-000115,16722836,1,0.04886540398001671
ACH-000115,16760646,0,0.11070012301206589
ACH-000115,176158,1,0.09734710305929184
ACH-000115,176870,0,0.2436724752187729
ACH-000115,17755052,0,0.07754088193178177
ACH-000115,216239,0,0.05288466066122055
ACH-000115,2375,0,0.0744306817650795
ACH-000115,24180719,0,0.061547406017780304
ACH-000115,24776445,0,0.05365312099456787
ACH-000115,25022668,0,0.022668348625302315
ACH-000115,25257557,1,0.8025988936424255
ACH-000115,31703,0,0.02145405113697052
ACH-000115,36314,0,0.06761560589075089
ACH-000115,4263900,0,0.03271801397204399
ACH-000115,42642645,0,0.08358024060726166
ACH-000115,44224160,0,0.06216361001133919
ACH-000115,46191454,0,0.1525048166513443
ACH-000115,462382,0,0.08515548706054688
ACH-000115,46885626,0,0.12396789342164993
ACH-000115,46907787,0,0.08300704509019852
ACH-000115,46930998,0,0.16336512565612793
ACH-000115,5311510,0,0.08361347019672394
ACH-000115,5394,0,0.03762602061033249
ACH-000115,5459322,0,0.07907455414533615
ACH-000115,54676905,0,0.1307138353586197
ACH-000115,560326,0,0.19299103319644928
ACH-000115,56965967,1,0.054470162838697433
ACH-000115,5717801,0,0.06402168422937393
ACH-000115,57339144,0,0.08235940337181091
ACH-000115,6253,0,0.017556779086589813
ACH-000115,6505803,0,0.04236840829253197
ACH-000115,6918638,1,0.03967095538973808
ACH-000115,8249,0,0.08310852944850922
ACH-000115,85668777,1,0.1961854249238968
ACH-000115,9826308,0,0.08894362300634384
ACH-000115,9826528,0,0.07955228537321091
ACH-000115,9858940,0,0.06408460438251495
ACH-000115,9874913,0,0.25564488768577576
ACH-000115,9903786,0,0.04128803685307503
ACH-000115,9911830,0,0.07378637045621872
ACH-000115,9931953,0,0.01948733814060688
ACH-000115,9938202,0,0.0650598406791687
ACH-000116,10200390,0,0.015202506445348263
ACH-000116,10459196,0,0.04838190972805023
ACH-000116,11485656,0,0.08810131996870041
ACH-000116,11625818,0,0.029504254460334778
ACH-000116,16725726,0,0.5044504404067993
ACH-000116,17755052,0,0.03143264725804329
ACH-000116,2375,0,0.04481929913163185
ACH-000116,24756910,1,0.04710395634174347
ACH-000116,24772860,0,0.01562587544322014
ACH-000116,25126798,0,0.05282216519117355
ACH-000116,44450571,0,0.09072819352149963
ACH-000116,44462760,0,0.14322839677333832
ACH-000116,46883536,0,0.037234656512737274
ACH-000116,46885626,0,0.1219942569732666
ACH-000116,5311497,0,0.025175001472234726
ACH-000116,57339144,0,0.06077761948108673
ACH-000116,60750,0,0.02553447335958481
ACH-000116,6445562,0,0.03620023652911186
ACH-000116,6918638,0,0.021099412813782692
ACH-000116,82146,0,0.060136694461107254
ACH-000116,8249,0,0.04361256957054138
ACH-000116,9863776,0,0.1314529925584793
ACH-000116,9903786,0,0.018374230712652206
ACH-000117,10077147,0,0.0158438291400671
ACH-000117,10184653,1,0.5548275709152222
ACH-000117,11178236,0,0.09292981028556824
ACH-000117,11316960,0,0.1527917981147766
ACH-000117,11338033,0,0.01955536939203739
ACH-000117,11373846,0,0.042637553066015244
ACH-000117,11404337,0,0.06705789268016815
ACH-000117,11647372,0,0.02593936212360859
ACH-000117,16720766,0,0.131574809551239
ACH-000117,16722836,0,0.01814853958785534
ACH-000117,24180719,0,0.12143617868423462
ACH-000117,24894414,0,0.03730776906013489
ACH-000117,24951314,0,0.01672687567770481
ACH-000117,24978538,0,0.18180911242961884
ACH-000117,25102847,0,0.0678512305021286
ACH-000117,25262965,0,0.06810920685529709
ACH-000117,36462,0,0.04126272723078728
ACH-000117,42640,0,0.13105373084545135
ACH-000117,42642645,0,0.03290148451924324
ACH-000117,46883536,0,0.03948025777935982
ACH-000117,46931012,0,0.014465311542153358
ACH-000117,46943432,0,0.025059448555111885
ACH-000117,521106,0,0.02346540428698063
ACH-000117,5278396,0,0.09155832231044769
ACH-000117,5289247,0,0.048696935176849365
ACH-000117,5327091,0,0.059803083539009094
ACH-000117,53302361,0,0.10421936213970184
ACH-000117,56962337,0,0.09639276564121246
ACH-000117,5746,0,0.14781491458415985
ACH-000117,60750,0,0.06613051891326904
ACH-000117,6918638,0,0.020134972408413887
ACH-000117,6918848,0,0.021510355174541473
ACH-000117,82146,0,0.1772969365119934
ACH-000117,9931953,0,0.09346452355384827
ACH-000117,9943465,0,0.16913948953151703
ACH-000117,9956222,0,0.048229049891233444
ACH-000118,10109823,0,0.0228948425501585
ACH-000118,10341154,0,0.02454523742198944
ACH-000118,10459196,0,0.06792936474084854
ACH-000118,11485656,0,0.030580485239624977
ACH-000118,11624601,0,0.041074786335229874
ACH-000118,11713159,0,0.0358930267393589
ACH-000118,11754511,0,0.006652207113802433
ACH-000118,159324,0,0.0067477114498615265
ACH-000118,216326,0,0.029998185113072395
ACH-000118,24180719,0,0.4086383283138275
ACH-000118,24894414,0,0.005508519243448973
ACH-000118,25195352,0,0.01769903674721718
ACH-000118,25222038,0,0.03868117183446884
ACH-000118,2726824,0,0.13735899329185486
ACH-000118,2733526,0,0.10082609206438065
ACH-000118,44224160,0,0.006073778960853815
ACH-000118,44450571,0,0.16631412506103516
ACH-000118,44462760,0,0.7646351456642151
ACH-000118,44551660,0,0.0051531363278627396
ACH-000118,46191454,0,0.011197200044989586
ACH-000118,46885626,0,0.013951904140412807
ACH-000118,46930998,0,0.02160322479903698
ACH-000118,51371303,0,0.056229207664728165
ACH-000118,5311,0,0.04989995062351227
ACH-000118,56965967,0,0.006702126003801823
ACH-000118,6445562,0,0.007483849301934242
ACH-000118,6753378,0,0.012952432967722416
ACH-000118,6918848,0,0.0053748032078146935
ACH-000118,704473,0,0.01137025561183691
ACH-000118,71271629,0,0.012694349512457848
ACH-000118,9863776,0,0.5459119081497192
ACH-000118,9868037,0,0.007711167447268963
ACH-000118,9874913,0,0.02801961451768875
ACH-000118,9938202,0,0.06625352799892426
ACH-000118,9967941,0,0.043208666145801544
ACH-000120,10451420,0,0.7185922861099243
ACH-000120,11373846,1,0.4006258249282837
ACH-000120,11404337,0,0.45929983258247375
ACH-000120,11609586,0,0.24803149700164795
ACH-000120,11624601,0,0.17244303226470947
ACH-000120,11647372,0,0.16993753612041473
ACH-000120,126565,0,0.3498358130455017
ACH-000120,148124,0,0.13730013370513916
ACH-000120,159324,0,0.3740555942058563
ACH-000120,23725625,1,0.5598752498626709
ACH-000120,24776445,0,0.3899856209754944
ACH-000120,24894414,1,0.4480123221874237
ACH-000120,25022668,0,0.16555339097976685
ACH-000120,25257557,1,0.8799154758453369
ACH-000120,25262965,0,0.2645670175552368
ACH-000120,3005532,0,0.14007563889026642
ACH-000120,4263900,0,0.1969599723815918
ACH-000120,44143370,0,0.3171710669994354
ACH-000120,447912,0,0.43775856494903564
ACH-000120,448013,0,0.12915226817131042
ACH-000120,46191454,0,0.3134829103946686
ACH-000120,5113032,0,0.5484667420387268
ACH-000120,51371303,0,0.30990347266197205
ACH-000120,560326,0,0.2297397255897522
ACH-000120,57339144,0,0.414130836725235
ACH-000120,5746,1,0.1149822250008583
ACH-000120,60750,0,0.19906370341777802
ACH-000120,6918289,0,0.27979788184165955
ACH-000120,84691,0,0.5856960415840149
ACH-000120,9858940,0,0.2148837149143219
ACH-000120,9911830,0,0.5153632164001465
ACH-000120,9914412,1,0.31362059712409973
ACH-000121,10109823,0,0.021179012954235077
ACH-000121,10196499,0,0.21929669380187988
ACH-000121,10200390,0,0.006869472097605467
ACH-000121,11404337,0,0.008791964501142502
ACH-000121,11433190,0,0.13443924486637115
ACH-000121,11493598,0,0.058695677667856216
ACH-000121,11625818,0,0.009100327268242836
ACH-000121,11640390,0,0.22851315140724182
ACH-000121,11647372,0,0.00653037428855896
ACH-000121,148124,0,0.053636468946933746
ACH-000121,156422,0,0.08586376160383224
ACH-000121,16720766,0,0.04993132874369621
ACH-000121,16725726,0,0.43384578824043274
ACH-000121,176158,1,0.05681109428405762
ACH-000121,24772860,0,0.007062691729515791
ACH-000121,25022668,0,0.006832181476056576
ACH-000121,25262965,0,0.02793065831065178
ACH-000121,3218,0,0.06622380018234253
ACH-000121,3385,0,0.014237608760595322
ACH-000121,3796,0,0.02965458296239376
ACH-000121,42640,0,0.07535089552402496
ACH-000121,44182295,0,0.09204776585102081
ACH-000121,44224160,0,0.011380041018128395
ACH-000121,44450571,1,0.07632444053888321
ACH-000121,44632017,0,0.05625492334365845
ACH-000121,46191454,0,0.024440649896860123
ACH-000121,46224516,0,0.013642750680446625
ACH-000121,46885626,0,0.05451405048370361
ACH-000121,46930998,0,0.01984955556690693
ACH-000121,46943432,0,0.010365328751504421
ACH-000121,53394750,0,0.03243387117981911
ACH-000121,54676905,0,0.10950116068124771
ACH-000121,54685215,0,0.08732936531305313
ACH-000121,56965967,0,0.007602720521390438
ACH-000121,5746,0,0.05680074915289879
ACH-000121,637858,0,0.020911915227770805
ACH-000121,644241,0,0.016746634617447853
ACH-000121,6505803,0,0.06364039331674576
ACH-000121,6852167,0,0.01956566609442234
ACH-000121,84691,0,0.05080626532435417
ACH-000121,85668777,0,0.2686869502067566
ACH-000121,9910224,0,0.011372962035238743
ACH-000124,10027278,0,0.3963853418827057
ACH-000124,10077147,0,0.3454495370388031
ACH-000124,10390396,0,0.3430810570716858
ACH-000124,10451420,1,0.7981339693069458
ACH-000124,10461815,0,0.15690182149410248
ACH-000124,104842,0,0.21296976506710052
ACH-000124,11282283,1,0.3252856135368347
ACH-000124,11485656,0,0.5093290209770203
ACH-000124,11625818,1,0.5654064416885376
ACH-000124,11634725,1,0.2807513177394867
ACH-000124,11676786,1,0.41163814067840576
ACH-000124,16663089,0,0.6275461912155151
ACH-000124,16747388,1,0.5382066369056702
ACH-000124,16760646,0,0.22968202829360962
ACH-000124,176870,1,0.38584959506988525
ACH-000124,17755052,0,0.39052048325538635
ACH-000124,208908,0,0.3561757206916809
ACH-000124,216239,0,0.40026646852493286
ACH-000124,216326,0,0.4543760120868683
ACH-000124,2314623,0,0.2129523754119873
ACH-000124,24772860,1,0.36039629578590393
ACH-000124,24785538,0,0.20308148860931396
ACH-000124,24826799,1,0.3835134506225586
ACH-000124,25124816,0,0.1376047283411026
ACH-000124,25195352,0,0.33103257417678833
ACH-000124,25222038,0,0.2731073796749115
ACH-000124,25257557,1,0.7419629693031311
ACH-000124,25262965,0,0.3744700253009796
ACH-000124,2733526,1,0.2416580468416214
ACH-000124,300471,0,0.13039392232894897
ACH-000124,36462,1,0.2730119526386261
ACH-000124,4263900,1,0.2754337191581726
ACH-000124,44137675,0,0.2589302957057953
ACH-000124,446378,0,0.271768718957901
ACH-000124,44819241,0,0.32392653822898865
ACH-000124,46191454,1,0.5992028117179871
ACH-000124,46224516,0,0.32866087555885315
ACH-000124,46907787,0,0.47931110858917236
ACH-000124,49821040,0,0.40278714895248413
ACH-000124,5327091,0,0.14956921339035034
ACH-000124,5329102,1,0.41858378052711487
ACH-000124,53302361,1,0.14864803850650787
ACH-000124,5330286,0,0.45414260029792786
ACH-000124,53340664,1,0.5066209435462952
ACH-000124,5394,0,0.22827796638011932
ACH-000124,5494449,1,0.487606018781662
ACH-000124,6253,1,0.479119211435318
ACH-000124,66577006,1,0.7050411701202393
ACH-000124,6710780,0,0.40279534459114075
ACH-000124,6753378,1,0.3748452663421631
ACH-000124,6852167,1,0.5736392736434937
ACH-000124,6918454,0,0.15665486454963684
ACH-000124,6918638,0,0.6203170418739319
ACH-000124,71271629,0,0.44248834252357483
ACH-000124,76044,0,0.47844943404197693
ACH-000124,8249,1,0.570589005947113
ACH-000124,9826528,0,0.19305133819580078
ACH-000129,10127622,0,0.2686880826950073
ACH-000129,10384072,0,0.1154695525765419
ACH-000129,104842,0,0.06286519765853882
ACH-000129,11152667,0,0.06617581844329834
ACH-000129,11327430,0,0.050019677728414536
ACH-000129,11977753,0,0.10407721996307373
ACH-000129,123631,0,0.11785994470119476
ACH-000129,216326,0,0.10323888808488846
ACH-000129,25262965,0,0.08130301535129547
ACH-000129,2726824,0,0.13314636051654816
ACH-000129,44462760,0,0.2561320960521698
ACH-000129,444795,0,0.10586094111204147
ACH-000129,46930998,0,0.07802276313304901
ACH-000129,57339144,0,0.08162153512239456
ACH-000129,6253,0,0.03272237628698349
ACH-000129,6450551,0,0.10439744591712952
ACH-000129,9938202,0,0.16872966289520264
ACH-000132,10074640,0,0.03075176104903221
ACH-000132,10341154,0,0.03469786420464516
ACH-000132,11178236,1,0.05987555906176567
ACH-000132,11373846,0,0.020695246756076813
ACH-000132,11455910,0,0.108658567070961
ACH-000132,11493598,0,0.08543803542852402
ACH-000132,176167,0,0.09845571219921112
ACH-000132,2314623,0,0.11187326163053513
ACH-000132,23725625,0,0.04329722747206688
ACH-000132,25126798,0,0.025835277512669563
ACH-000132,25257557,1,0.6603744029998779
ACH-000132,44182295,1,0.22227582335472107
ACH-000132,444795,0,0.0417325533926487
ACH-000132,46191454,0,0.025213107466697693
ACH-000132,46931012,0,0.0073104663752019405
ACH-000132,5278396,0,0.05895696207880974
ACH-000132,5289247,0,0.07080413401126862
ACH-000132,5394,0,0.10059674084186554
ACH-000132,56962337,0,0.07574677467346191
ACH-000132,6710780,0,0.021087676286697388
ACH-000132,6918289,0,0.05665713921189308
ACH-000132,9874913,0,0.1669776439666748
ACH-000135,10027278,0,0.1823739856481552
ACH-000135,11282283,0,0.24207289516925812
ACH-000135,11404337,1,0.11021089553833008
ACH-000135,11485656,0,0.20253273844718933
ACH-000135,11493598,0,0.15999150276184082
ACH-000135,11754511,0,0.16731490194797516
ACH-000135,159324,0,0.17324213683605194
ACH-000135,24756910,0,0.17836548388004303
ACH-000135,24889392,0,0.2226601541042328
ACH-000135,25195352,0,0.1094859167933464
ACH-000135,2733526,0,0.16542957723140717
ACH-000135,3005532,0,0.2220885306596756
ACH-000135,31703,0,0.05246809870004654
ACH-000135,42640,0,0.15205982327461243
ACH-000135,49806720,0,0.29752862453460693
ACH-000135,53394750,0,0.4364713728427887
ACH-000135,5746,0,0.16762256622314453
ACH-000135,6918848,0,0.1324460208415985
ACH-000135,9858940,0,0.1682698279619217
ACH-000135,9938202,0,0.15243838727474213
ACH-000136,10027278,0,0.03731989860534668
ACH-000136,10196499,0,0.13153113424777985
ACH-000136,10384072,0,0.07871010154485703
ACH-000136,10451420,0,0.4455624222755432
ACH-000136,104842,0,0.12113133072853088
ACH-000136,11178236,0,0.030583485960960388
ACH-000136,11282283,0,0.2665119171142578
ACH-000136,11364421,0,0.07991643995046616
ACH-000136,11433190,1,0.37677156925201416
ACH-000136,11485656,0,0.22917334735393524
ACH-000136,123631,0,0.04837678745388985
ACH-000136,126565,0,0.0693870484828949
ACH-000136,148124,0,0.04701438546180725
ACH-000136,16725726,0,0.4341006577014923
ACH-000136,176870,0,0.081519715487957
ACH-000136,17755052,0,0.0591752789914608
ACH-000136,216239,0,0.12258385121822357
ACH-000136,24180719,0,0.1852336972951889
ACH-000136,24826799,0,0.13400696218013763
ACH-000136,24889392,0,0.2590368390083313
ACH-000136,25167777,0,0.06004668399691582
ACH-000136,25222038,0,0.02702382765710354
ACH-000136,36314,0,0.02017121948301792
ACH-000136,42642645,0,0.12289045751094818
ACH-000136,44182295,0,0.188602015376091
ACH-000136,44450571,1,0.07297173887491226
ACH-000136,446378,0,0.02146911434829235
ACH-000136,462382,0,0.0885259360074997
ACH-000136,46844147,0,0.09909442067146301
ACH-000136,46931012,0,0.06975911557674408
ACH-000136,49806720,0,0.15545350313186646
ACH-000136,5113032,0,0.1956949234008789
ACH-000136,51371303,0,0.14589643478393555
ACH-000136,5280757,0,0.04924812912940979
ACH-000136,5291,0,0.4617103338241577
ACH-000136,53340664,0,0.13244004547595978
ACH-000136,5459322,0,0.09899948537349701
ACH-000136,5460769,0,0.047647640109062195
ACH-000136,56962337,0,0.17785000801086426
ACH-000136,56965967,0,0.12805843353271484
ACH-000136,6918289,0,0.0659702867269516
ACH-000136,6918454,0,0.24182744324207306
ACH-000136,6918848,0,0.13134559988975525
ACH-000136,85668777,0,0.056513674557209015
ACH-000136,9549184,0,0.28100451827049255
ACH-000137,10196499,0,0.16598589718341827
ACH-000137,11373846,0,0.0994725227355957
ACH-000137,11455910,0,0.3031193017959595
ACH-000137,11609586,0,0.2107815444469452
ACH-000137,11625818,0,0.06597547233104706
ACH-000137,11713159,0,0.17665912210941315
ACH-000137,11844351,0,0.23368439078330994
ACH-000137,11977753,0,0.18958117067813873
ACH-000137,123631,0,0.16846272349357605
ACH-000137,126565,0,0.20205307006835938
ACH-000137,156422,0,0.2657181918621063
ACH-000137,160355,0,0.11558875441551208
ACH-000137,16663089,0,0.21606296300888062
ACH-000137,16722836,0,0.06100498512387276
ACH-000137,16725726,1,0.1312134861946106
ACH-000137,176158,1,0.33784475922584534
ACH-000137,176167,0,0.12089832872152328
ACH-000137,23725625,1,0.1914549022912979
ACH-000137,25222038,1,0.18186600506305695
ACH-000137,3005532,0,0.3418278694152832
ACH-000137,31703,0,0.20749197900295258
ACH-000137,42642645,0,0.0950504019856453
ACH-000137,44182295,0,0.47558489441871643
ACH-000137,44450571,1,0.329448401927948
ACH-000137,444795,0,0.13937069475650787
ACH-000137,44551660,0,0.07329468429088593
ACH-000137,44819241,1,0.3050154149532318
ACH-000137,46844147,0,0.12598438560962677
ACH-000137,46931012,0,0.0634116530418396
ACH-000137,49836027,0,0.29373228549957275
ACH-000137,4993,0,0.27783894538879395
ACH-000137,521106,0,0.1015872061252594
ACH-000137,5311,0,0.13893115520477295
ACH-000137,5328940,0,0.1719721108675003
ACH-000137,5330286,0,0.10977458208799362
ACH-000137,560326,0,0.14244404435157776
ACH-000137,644241,0,0.13661237061023712
ACH-000137,6445562,0,0.07925035804510117
ACH-000137,6918638,0,0.05972599610686302
ACH-000137,9813758,0,0.09766038507223129
ACH-000137,9826308,0,0.299679696559906
ACH-000137,9863776,0,0.4706806540489197
ACH-000137,9868037,0,0.10677965730428696
ACH-000137,9884685,0,0.07210028916597366
ACH-000137,9931953,1,0.1326906979084015
ACH-000137,9956119,0,0.29740068316459656
ACH-000138,10196499,0,0.20086723566055298
ACH-000138,10384072,0,0.045680318027734756
ACH-000138,11404337,0,0.002051322255283594
ACH-000138,11433190,0,0.01735900714993477
ACH-000138,11485656,0,0.008351101540029049
ACH-000138,11647372,0,0.0018826036248356104
ACH-000138,11667893,0,0.10946857184171677
ACH-000138,11754511,0,0.003110668621957302
ACH-000138,126941,0,0.0028928194660693407
ACH-000138,24776445,0,0.010431364178657532
ACH-000138,25102847,0,0.03910137712955475
ACH-000138,25195352,0,0.008689213544130325
ACH-000138,2726824,0,0.08363454788923264
ACH-000138,300471,0,0.05325090512633324
ACH-000138,31703,0,0.0022847631480544806
ACH-000138,3385,0,0.0017524359282106161
ACH-000138,36462,0,0.005841766018420458
ACH-000138,42640,0,0.03534168750047684
ACH-000138,44551660,0,0.0011380998184904456
ACH-000138,447912,0,0.002638933015987277
ACH-000138,46883536,0,0.0016268262406811118
ACH-000138,46885626,0,0.007850159890949726
ACH-000138,5208,0,0.02496994473040104
ACH-000138,5327091,0,0.008092834614217281
ACH-000138,5394,0,0.012952280230820179
ACH-000138,54685215,0,0.04987946152687073
ACH-000138,57339144,0,0.016018126159906387
ACH-000138,5746,0,0.06986362487077713
ACH-000138,60750,0,0.007925323210656643
ACH-000138,637858,0,0.008243228308856487
ACH-000138,644241,0,0.004074744414538145
ACH-000138,6445533,0,0.0036521516740322113
ACH-000138,6445562,0,0.009592766873538494
ACH-000138,6505803,0,0.04076731577515602
ACH-000138,6852167,0,0.0033845403231680393
ACH-000138,6918289,0,0.015384513884782791
ACH-000138,6918454,0,0.01298810075968504
ACH-000138,85668777,0,0.428469181060791
ACH-000138,9911830,0,0.004002378322184086
ACH-000138,9914412,0,0.0008307346724905074
ACH-000138,9967941,0,0.026203850284218788
ACH-000139,10074640,0,0.11358684301376343
ACH-000139,10096043,0,0.14306774735450745
ACH-000139,10109823,1,0.16659851372241974
ACH-000139,10184653,0,0.48510655760765076
ACH-000139,10200390,0,0.07159829139709473
ACH-000139,11338033,0,0.06050650402903557
ACH-000139,11455910,0,0.11930378526449203
ACH-000139,11667893,0,0.1711799055337906
ACH-000139,11707110,1,0.5366421937942505
ACH-000139,11713159,0,0.09040843695402145
ACH-000139,126941,0,0.0802467092871666
ACH-000139,16720766,0,0.09448488056659698
ACH-000139,16725726,0,0.39571863412857056
ACH-000139,176158,0,0.19885067641735077
ACH-000139,176167,0,0.18385788798332214
ACH-000139,17755052,0,0.05812922492623329
ACH-000139,24785538,0,0.23776985704898834
ACH-000139,24894414,0,0.07665269821882248
ACH-000139,25022668,0,0.08896569162607193
ACH-000139,2733526,0,0.17142191529273987
ACH-000139,3005532,0,0.1282212734222412
ACH-000139,3796,0,0.1940218061208725
ACH-000139,44143370,1,0.11132236570119858
ACH-000139,46224516,0,0.05630149692296982
ACH-000139,5208,0,0.11288388073444366
ACH-000139,521106,0,0.07380779087543488
ACH-000139,5311497,0,0.06859426945447922
ACH-000139,53302361,0,0.081791453063488
ACH-000139,53340664,0,0.06193636730313301
ACH-000139,5460769,0,0.08118482679128647
ACH-000139,54676905,0,0.1937352418899536
ACH-000139,9813758,0,0.08628717064857483
ACH-000139,9863776,0,0.1088295429944992
ACH-000142,10074640,0,0.03640909120440483
ACH-000142,10096043,0,0.13236279785633087
ACH-000142,10184653,1,0.41207441687583923
ACH-000142,10196499,0,0.1505497395992279
ACH-000142,10200390,0,0.027991583570837975
ACH-000142,104842,0,0.03710625693202019
ACH-000142,11316960,0,0.08727258443832397
ACH-000142,11373846,0,0.03132649138569832
ACH-000142,11485656,0,0.0684204027056694
ACH-000142,11667893,0,0.13874451816082
ACH-000142,11754511,0,0.026558656245470047
ACH-000142,11960529,0,0.12272433936595917
ACH-000142,159324,0,0.044397398829460144
ACH-000142,16720766,0,0.0826335921883583
ACH-000142,16747388,0,0.010753474198281765
ACH-000142,176158,0,0.20670947432518005
ACH-000142,17755052,0,0.04543545842170715
ACH-000142,2375,0,0.04302574694156647
ACH-000142,24180719,0,0.1475762277841568
ACH-000142,24756910,0,0.033464305102825165
ACH-000142,25124816,0,0.1815166175365448
ACH-000142,25167777,0,0.027921119704842567
ACH-000142,25195352,0,0.034106943756341934
ACH-000142,25257557,0,0.5790656805038452
ACH-000142,25262965,0,0.11087063699960709
ACH-000142,2733526,0,0.1044720783829689
ACH-000142,300471,1,0.0659758523106575
ACH-000142,447912,0,0.031061923131346703
ACH-000142,448013,0,0.20103465020656586
ACH-000142,46907787,0,0.12213094532489777
ACH-000142,49806720,0,0.08209209144115448
ACH-000142,5289247,0,0.05950573459267616
ACH-000142,53302361,0,0.05718745291233063
ACH-000142,54676905,0,0.1358042061328888
ACH-000142,56962337,0,0.08075254410505295
ACH-000142,6505803,1,0.05783481150865555
ACH-000142,65110,0,0.04166564345359802
ACH-000142,6753378,0,0.019688066095113754
ACH-000142,6914657,0,0.06322416663169861
ACH-000142,6918289,1,0.13373620808124542
ACH-000142,71271629,0,0.03893938288092613
ACH-000142,9910224,0,0.0404168926179409
ACH-000142,9943465,0,0.17067819833755493
ACH-000144,10109823,0,0.07106003910303116
ACH-000144,10459196,0,0.05912020057439804
ACH-000144,11433190,0,0.22895370423793793
ACH-000144,11455910,0,0.09520833194255829
ACH-000144,11609586,0,0.10707636177539825
ACH-000144,11624601,0,0.06424254924058914
ACH-000144,11634725,0,0.13328026235103607
ACH-000144,11707110,0,0.3903772830963135
ACH-000144,11713159,0,0.06423582136631012
ACH-000144,16720766,0,0.06544599682092667
ACH-000144,16747388,0,0.023580452427268028
ACH-000144,24785538,1,0.13491922616958618
ACH-000144,25102847,0,0.17475126683712006
ACH-000144,25124816,0,0.17239980399608612
ACH-000144,36462,0,0.02547464147210121
ACH-000144,46224516,0,0.04733625054359436
ACH-000144,46907787,0,0.0810006707906723
ACH-000144,5289247,0,0.14398734271526337
ACH-000144,60750,0,0.033597588539123535
ACH-000144,6753378,0,0.06466051936149597
ACH-000144,704473,0,0.19500017166137695
ACH-000144,8249,0,0.13141050934791565
ACH-000144,9868037,0,0.06102139502763748
ACH-000144,9914412,0,0.024961315095424652
ACH-000146,10077147,0,0.04863143339753151
ACH-000146,10172943,0,0.1632823348045349
ACH-000146,10459196,0,0.07233506441116333
ACH-000146,11152667,0,0.1206183135509491
ACH-000146,11493598,1,0.37012219429016113
ACH-000146,11626560,0,0.09945234656333923
ACH-000146,11647372,0,0.29535719752311707
ACH-000146,11667893,0,0.06498724222183228
ACH-000146,11676786,0,0.14812153577804565
ACH-000146,11713159,0,0.05227161571383476
ACH-000146,126565,0,0.07546761631965637
ACH-000146,126941,1,0.4057219624519348
ACH-000146,148124,0,0.040770914405584335
ACH-000146,16038120,0,0.2361540049314499
ACH-000146,16725726,1,0.9261282086372375
ACH-000146,20635522,0,0.0738200768828392
ACH-000146,23725625,0,0.20951247215270996
ACH-000146,24772860,0,0.08895585685968399
ACH-000146,25022668,0,0.02307017892599106
ACH-000146,31703,0,0.020812228322029114
ACH-000146,3463933,0,0.058754339814186096
ACH-000146,4263900,0,0.04056495055556297
ACH-000146,42640,0,0.09487007558345795
ACH-000146,44137675,0,0.05702685937285423
ACH-000146,44143370,1,0.09010373055934906
ACH-000146,44819241,0,0.14707420766353607
ACH-000146,462382,0,0.0781354159116745
ACH-000146,46883536,0,0.2794656455516815
ACH-000146,46930998,0,0.13285842537879944
ACH-000146,46931012,0,0.16565179824829102
ACH-000146,46943432,0,0.7463372945785522
ACH-000146,5113032,0,0.4318366050720215
ACH-000146,5208,0,0.10311348736286163
ACH-000146,5289247,1,0.2635672390460968
ACH-000146,5330286,0,0.12687015533447266
ACH-000146,5459322,0,0.0785025954246521
ACH-000146,5460769,0,0.07213069498538971
ACH-000146,54685215,0,0.06648124009370804
ACH-000146,560326,0,0.21684785187244415
ACH-000146,56965967,0,0.29795026779174805
ACH-000146,6253,0,0.0450519397854805
ACH-000146,6445562,1,0.2597680985927582
ACH-000146,6505803,0,0.01615247130393982
ACH-000146,66577006,0,0.38531631231307983
ACH-000146,6710780,0,0.06450074166059494
ACH-000146,6918289,0,0.06215554475784302
ACH-000146,6918638,0,0.2081587165594101
ACH-000146,9810884,1,0.9422743916511536
ACH-000146,9914412,0,0.09615042060613632
ACH-000146,9931953,0,0.01485211867839098
ACH-000147,10200390,0,0.040662381798028946
ACH-000147,10384072,0,0.06307481974363327
ACH-000147,11338033,0,0.11913730204105377
ACH-000147,11707110,0,0.18721169233322144
ACH-000147,11713159,0,0.046509407460689545
ACH-000147,123631,0,0.1404304951429367
ACH-000147,126565,0,0.03808051347732544
ACH-000147,126941,0,0.10496656596660614
ACH-000147,17755052,0,0.07030833512544632
ACH-000147,23725625,0,0.07123550027608871
ACH-000147,2375,0,0.08043012768030167
ACH-000147,24978538,0,0.5886223316192627
ACH-000147,44137675,1,0.08870582282543182
ACH-000147,44224160,0,0.09167765080928802
ACH-000147,444795,0,0.1182764396071434
ACH-000147,448013,0,0.0391140840947628
ACH-000147,44819241,0,0.09121440351009369
ACH-000147,46883536,0,0.09076493978500366
ACH-000147,46885626,0,0.3031042516231537
ACH-000147,46943432,0,0.2030087262392044
ACH-000147,56965967,0,0.09707699716091156
ACH-000147,5746,0,0.08117994666099548
ACH-000147,644241,0,0.07258641719818115
ACH-000147,6753378,0,0.10341717302799225
ACH-000147,6852167,1,0.18024519085884094
ACH-000147,6918454,0,0.05192644149065018
ACH-000147,71271629,0,0.02639826200902462
ACH-000147,85668777,0,0.13444046676158905
ACH-000147,9910224,0,0.0925237387418747
ACH-000147,9952773,0,0.13605304062366486
ACH-000148,10077147,0,0.0033155602868646383
ACH-000148,10109823,0,0.06466764956712723
ACH-000148,11152667,0,0.025555582717061043
ACH-000148,11282283,0,0.0937274917960167
ACH-000148,11485656,0,0.02687320113182068
ACH-000148,11609586,0,0.08050871640443802
ACH-000148,11624601,0,0.07092474400997162
ACH-000148,11640390,0,0.14779672026634216
ACH-000148,11667893,0,0.20530083775520325
ACH-000148,11754511,0,0.019622642546892166
ACH-000148,126565,0,0.014579846523702145
ACH-000148,148124,0,0.14468902349472046
ACH-000148,16720766,0,0.06409245729446411
ACH-000148,176167,0,0.10510019212961197
ACH-000148,216326,0,0.022687118500471115
ACH-000148,23725625,0,0.024848271161317825
ACH-000148,24756910,0,0.017039429396390915
ACH-000148,25222038,0,0.02861640602350235
ACH-000148,25262965,0,0.039550814777612686
ACH-000148,31703,0,0.013392250053584576
ACH-000148,3218,0,0.07379460334777832
ACH-000148,44137675,0,0.12861137092113495
ACH-000148,44182295,0,0.06301788985729218
ACH-000148,44462760,0,0.1350000500679016
ACH-000148,44551660,0,0.006142838392406702
ACH-000148,448013,0,0.03770432248711586
ACH-000148,44819241,0,0.07575071603059769
ACH-000148,46191454,0,0.022695237770676613
ACH-000148,46930998,0,0.03526866436004639
ACH-000148,5328940,0,0.018175898119807243
ACH-000148,53340664,0,0.010477318428456783
ACH-000148,57339144,0,0.025767669081687927
ACH-000148,6253,0,0.004855670500546694
ACH-000148,9826528,1,0.10364019870758057
ACH-000148,9910224,0,0.018850451335310936
ACH-000148,9911830,0,0.028900936245918274
ACH-000149,10077147,0,0.01317846029996872
ACH-000149,10127622,0,0.3055010437965393
ACH-000149,10196499,0,0.18209509551525116
ACH-000149,10459196,0,0.09135431796312332
ACH-000149,104842,1,0.03805725276470184
ACH-000149,11152667,0,0.044343143701553345
ACH-000149,11327430,0,0.023906035348773003
ACH-000149,11455910,0,0.09953567385673523
ACH-000149,11485656,0,0.0765552669763565
ACH-000149,11625818,0,0.023530879989266396
ACH-000149,126565,0,0.049362365156412125
ACH-000149,176167,0,0.11643742024898529
ACH-000149,2314623,0,0.12896613776683807
ACH-000149,24756910,0,0.03471173718571663
ACH-000149,25167777,0,0.022125840187072754
ACH-000149,25222038,1,0.08204624056816101
ACH-000149,2733526,0,0.10512741655111313
ACH-000149,300471,0,0.06471730023622513
ACH-000149,44224160,0,0.02063215896487236
ACH-000149,44450571,1,0.166038379073143
ACH-000149,446378,0,0.08792369067668915
ACH-000149,46885626,0,0.06690903007984161
ACH-000149,46907787,0,0.09031350165605545
ACH-000149,46943432,0,0.036790769547224045
ACH-000149,51371303,0,0.05297565087676048
ACH-000149,5280757,1,0.09738664329051971
ACH-000149,5327091,0,0.05186165124177933
ACH-000149,5328940,0,0.04750747233629227
ACH-000149,53302361,1,0.07766897976398468
ACH-000149,5330286,0,0.029923822730779648
ACH-000149,5394,0,0.1292642205953598
ACH-000149,5460769,0,0.07370652258396149
ACH-000149,60750,0,0.04222005605697632
ACH-000149,6505803,0,0.057699792087078094
ACH-000149,6918848,0,0.023853285238146782
ACH-000149,71271629,0,0.026550963521003723
ACH-000149,8249,0,0.0392240434885025
ACH-000149,84691,0,0.18195709586143494
ACH-000149,9810884,0,0.4945956766605377
ACH-000149,9813758,0,0.044149383902549744
ACH-000149,9858940,0,0.08499212563037872
ACH-000149,9943465,0,0.2062816470861435
ACH-000149,9952773,0,0.04464837536215782
ACH-000149,9956222,0,0.034212082624435425
ACH-000151,10096043,0,0.25415271520614624
ACH-000151,11404337,0,0.24358509480953217
ACH-000151,11455910,0,0.11110642552375793
ACH-000151,11617559,0,0.1334715336561203
ACH-000151,11624601,0,0.21796101331710815
ACH-000151,11640390,0,0.14570455253124237
ACH-000151,11754511,1,0.3470057249069214
ACH-000151,123631,0,0.16660331189632416
ACH-000151,126941,0,0.41347870230674744
ACH-000151,16747388,0,0.26255476474761963
ACH-000151,216239,0,0.2607850730419159
ACH-000151,24180719,0,0.24826617538928986
ACH-000151,24951314,1,0.3569740653038025
ACH-000151,25257557,1,0.627181351184845
ACH-000151,3796,0,0.2038412243127823
ACH-000151,42640,1,0.08508230000734329
ACH-000151,44143370,0,0.25506195425987244
ACH-000151,44182295,0,0.23733055591583252
ACH-000151,44632017,0,0.182020902633667
ACH-000151,448013,0,0.2398858368396759
ACH-000151,46191454,1,0.47671905159950256
ACH-000151,46224516,0,0.23577721416950226
ACH-000151,46885626,1,0.20260106027126312
ACH-000151,49806720,1,0.3996639549732208
ACH-000151,5329102,0,0.20110134780406952
ACH-000151,5330286,0,0.22370833158493042
ACH-000151,54676905,0,0.15981414914131165
ACH-000151,5746,0,0.14991669356822968
ACH-000151,6445562,0,0.4656415581703186
ACH-000151,6450816,0,0.2483750730752945
ACH-000151,9826528,0,0.2682080864906311
ACH-000151,9863776,0,0.22504308819770813
ACH-000151,9914412,0,0.22618530690670013
ACH-000151,9938202,0,0.10826592147350311
ACH-000153,10077147,0,0.00018358876695856452
ACH-000153,10196499,0,0.26843535900115967
ACH-000153,104842,0,0.004706169478595257
ACH-000153,11152667,0,0.0068846410140395164
ACH-000153,11338033,0,0.0006451427470892668
ACH-000153,11485656,0,0.004582652356475592
ACH-000153,11609586,0,0.025859231129288673
ACH-000153,11640390,0,0.07504615187644958
ACH-000153,11647372,0,0.00047138554509729147
ACH-000153,11713159,0,0.011581968516111374
ACH-000153,16725726,0,0.2614273130893707
ACH-000153,176158,0,0.02864884026348591
ACH-000153,2314623,0,0.04874022677540779
ACH-000153,25167777,0,0.0005705418880097568
ACH-000153,300471,0,0.02197548933327198
ACH-000153,3005532,0,0.27786335349082947
ACH-000153,31703,0,0.0010078239720314741
ACH-000153,3218,0,0.0414084829390049
ACH-000153,4263900,0,0.004308806732296944
ACH-000153,44224160,0,0.0009347505983896554
ACH-000153,444795,0,0.007146117277443409
ACH-000153,447912,0,0.0009164289804175496
ACH-000153,5113032,0,0.003311095992103219
ACH-000153,5278396,0,0.008084631524980068
ACH-000153,5311,0,0.014301542192697525
ACH-000153,53394750,0,0.00391643401235342
ACH-000153,644241,0,0.001850114087574184
ACH-000153,6710780,0,0.001556232338771224
ACH-000153,6918454,0,0.048425767570734024
ACH-000153,6918638,0,0.00024887514882721007
ACH-000153,9826528,0,0.06917084008455276
ACH-000153,9868037,0,0.00022010233078617603
ACH-000153,9874913,0,0.020917050540447235
ACH-000153,9943465,0,0.06266868859529495
ACH-000153,9956222,0,0.003244600258767605
ACH-000155,10184653,0,0.3335326611995697
ACH-000155,11152667,0,0.03750702738761902
ACH-000155,11178236,0,0.06952787935733795
ACH-000155,11754511,0,0.012089207768440247
ACH-000155,126941,0,0.009480055421590805
ACH-000155,23725625,0,0.026545405387878418
ACH-000155,24772860,0,0.007872787304222584
ACH-000155,24894414,0,0.004948551766574383
ACH-000155,25195352,0,0.02643883042037487
ACH-000155,2726824,0,0.1309313327074051
ACH-000155,42640,0,0.06933467090129852
ACH-000155,444795,0,0.04279519245028496
ACH-000155,44632017,0,0.05651775375008583
ACH-000155,447912,0,0.009110317565500736
ACH-000155,46224516,0,0.013904895633459091
ACH-000155,46883536,0,0.010497007519006729
ACH-000155,46943432,0,0.0074034761637449265
ACH-000155,49806720,0,0.0462740920484066
ACH-000155,51371303,0,0.06926213949918747
ACH-000155,521106,0,0.015952473506331444
ACH-000155,5327091,0,0.037702642381191254
ACH-000155,560326,0,0.08854606002569199
ACH-000155,56965967,0,0.006846302654594183
ACH-000155,644241,0,0.01784481853246689
ACH-000155,6918638,0,0.006212357897311449
ACH-000155,704473,0,0.016297806054353714
ACH-000155,71271629,0,0.007630339358001947
ACH-000155,9874913,0,0.0650225505232811
ACH-000155,9911830,0,0.020876631140708923
ACH-000155,9952773,0,0.011443443596363068
ACH-000157,11152667,1,0.12368474155664444
ACH-000157,11316960,0,0.18325603008270264
ACH-000157,11364421,0,0.2126891016960144
ACH-000157,11624601,0,0.27313506603240967
ACH-000157,11640390,1,0.18459343910217285
ACH-000157,1401,1,0.17493703961372375
ACH-000157,160355,0,0.14467908442020416
ACH-000157,16760646,0,0.17732442915439606
ACH-000157,176167,0,0.15847177803516388
ACH-000157,17755052,1,0.14706715941429138
ACH-000157,208908,0,0.27049219608306885
ACH-000157,24776445,0,0.2467847615480423
ACH-000157,24785538,1,0.1421246975660324
ACH-000157,24825971,0,0.18449677526950836
ACH-000157,24826799,0,0.16147935390472412
ACH-000157,25126798,0,0.38978657126426697
ACH-000157,25167777,0,0.24020998179912567
ACH-000157,25195352,0,0.14939604699611664
ACH-000157,31703,0,0.14132905006408691
ACH-000157,3218,0,0.08680576831102371
ACH-000157,44450571,0,0.19571374356746674
ACH-000157,44462760,0,0.28005450963974
ACH-000157,44819241,0,0.2696821093559265
ACH-000157,46224516,0,0.12743285298347473
ACH-000157,46883536,0,0.25334206223487854
ACH-000157,5289247,0,0.18674011528491974
ACH-000157,5329102,1,0.2596409320831299
ACH-000157,53302361,0,0.07120083272457123
ACH-000157,5494449,1,0.18496550619602203
ACH-000157,644241,1,0.1830199658870697
ACH-000157,6445533,1,0.1223340779542923
ACH-000157,6445562,0,0.5638740062713623
ACH-000157,6450551,1,0.16974805295467377
ACH-000157,6450816,0,0.1238439530134201
ACH-000157,6918454,0,0.21137405931949615
ACH-000157,7251185,0,0.14774228632450104
ACH-000157,76044,1,0.22491733729839325
ACH-000157,85668777,0,0.15858443081378937
ACH-000157,9826308,0,0.15044930577278137
ACH-000157,9826528,0,0.23774559795856476
ACH-000157,9910224,0,0.24326561391353607
ACH-000157,9931953,0,0.06525541841983795
ACH-000159,10184653,0,0.3042561709880829
ACH-000159,10302451,1,0.412736177444458
ACH-000159,10390396,0,0.20117314159870148
ACH-000159,10461815,0,0.15694451332092285
ACH-000159,104842,0,0.062051549553871155
ACH-000159,11152667,0,0.06446440517902374
ACH-000159,11404337,0,0.14058320224285126
ACH-000159,11609586,0,0.16001762449741364
ACH-000159,11625818,1,0.028226910158991814
ACH-000159,11707110,0,0.5958004593849182
ACH-000159,11844351,1,0.19496726989746094
ACH-000159,123631,0,0.28463783860206604
ACH-000159,126941,0,0.06787187606096268
ACH-000159,16722836,0,0.023026512935757637
ACH-000159,176167,0,0.09414839744567871
ACH-000159,176870,1,0.3549078106880188
ACH-000159,216239,0,0.08042719215154648
ACH-000159,24785538,0,0.135222390294075
ACH-000159,25022668,0,0.09324192255735397
ACH-000159,25126798,0,0.07435860484838486
ACH-000159,25167777,0,0.050449006259441376
ACH-000159,3005532,0,0.4275273382663727
ACH-000159,36314,0,0.18088489770889282
ACH-000159,3796,0,0.08944712579250336
ACH-000159,4261,0,0.11418132483959198
ACH-000159,42640,0,0.08655572682619095
ACH-000159,44551660,0,0.028151853010058403
ACH-000159,44819241,0,0.16110879182815552
ACH-000159,462382,0,0.2749003469944
ACH-000159,46930998,0,0.19841381907463074
ACH-000159,49821040,0,0.2386409193277359
ACH-000159,4993,1,0.18389031291007996
ACH-000159,5278396,0,0.15576297044754028
ACH-000159,5311,0,0.0733066201210022
ACH-000159,5328940,0,0.09334734082221985
ACH-000159,5330286,1,0.03462296724319458
ACH-000159,5460769,0,0.1697278618812561
ACH-000159,57339144,1,0.06444919109344482
ACH-000159,65110,0,0.05873030424118042
ACH-000159,66577006,0,0.05922028794884682
ACH-000159,6918848,0,0.0256724301725626
ACH-000159,704473,0,0.07621613144874573
ACH-000159,71271629,0,0.07311134785413742
ACH-000159,76044,0,0.10891430824995041
ACH-000159,82146,0,0.1942402720451355
ACH-000159,9874913,0,0.11163449287414551
ACH-000159,9911830,0,0.08411324769258499
ACH-000159,9943465,0,0.1385287046432495
ACH-000161,10096043,0,0.20290155708789825
ACH-000161,10451420,1,0.17401283979415894
ACH-000161,11282283,0,0.2319662868976593
ACH-000161,11455910,0,0.08537821471691132
ACH-000161,11707110,1,0.38300764560699463
ACH-000161,11754511,0,0.09779942780733109
ACH-000161,16725726,0,0.5915267467498779
ACH-000161,24756910,0,0.19164510071277618
ACH-000161,24826799,0,0.14996574819087982
ACH-000161,24951314,0,0.07818896323442459
ACH-000161,25102847,0,0.17829068005084991
ACH-000161,2733526,0,0.20643620193004608
ACH-000161,3385,0,0.10994144529104233
ACH-000161,3463933,0,0.10907681286334991
ACH-000161,36462,0,0.05691542103886604
ACH-000161,42640,0,0.11223858594894409
ACH-000161,446378,0,0.33969786763191223
ACH-000161,46883536,0,0.10248184204101562
ACH-000161,46943432,1,0.1354706585407257
ACH-000161,521106,0,0.09699840843677521
ACH-000161,54685215,0,0.1546362042427063
ACH-000161,56962337,0,0.11722390353679657
ACH-000161,57339144,0,0.152618408203125
ACH-000161,60750,0,0.10481865704059601
ACH-000161,66577006,0,0.10689976066350937
ACH-000161,6852167,0,0.09551673382520676
ACH-000161,9868037,1,0.10815086215734482
ACH-000161,9956119,0,0.4173487424850464
ACH-000162,10172943,1,0.4900570213794708
ACH-000162,11609586,0,0.32441169023513794
ACH-000162,156422,0,0.19777420163154602
ACH-000162,20635522,1,0.34360286593437195
ACH-000162,25222038,1,0.46215394139289856
ACH-000162,25262965,1,0.43697085976600647
ACH-000162,2726824,0,0.19773198664188385
ACH-000162,462382,0,0.3337218761444092
ACH-000162,49821040,1,0.4530560374259949
ACH-000162,5208,1,0.335280179977417
ACH-000162,5291,1,0.1855611801147461
ACH-000162,5311,0,0.2725086510181427
ACH-000162,5311510,0,0.6012026071548462
ACH-000162,5328940,0,0.27538424730300903
ACH-000162,5329102,1,0.48044222593307495
ACH-000162,5494449,1,0.2913734018802643
ACH-000162,57339144,1,0.3356166481971741
ACH-000162,6450551,0,0.2693391442298889
ACH-000162,84691,0,0.3410321772098541
ACH-000162,85668777,0,0.17683017253875732
ACH-000162,9914412,0,0.5316950082778931
ACH-000162,9931953,0,0.06948622316122055
ACH-000168,10027278,0,0.1372559517621994
ACH-000168,10109823,0,0.05958518385887146
ACH-000168,10341154,1,0.5097277164459229
ACH-000168,11178236,0,0.047572046518325806
ACH-000168,11404337,0,0.17377148568630219
ACH-000168,11433190,1,0.42267322540283203
ACH-000168,11455910,0,0.04740948975086212
ACH-000168,11617559,0,0.20232652127742767
ACH-000168,11676786,1,0.5060388445854187
ACH-000168,11713159,0,0.10417207330465317
ACH-000168,11844351,0,0.16896383464336395
ACH-000168,11960529,1,0.20644807815551758
ACH-000168,11977753,0,0.039232708513736725
ACH-000168,123631,0,0.07771643996238708
ACH-000168,24180719,0,0.36061912775039673
ACH-000168,24776445,1,0.3639877736568451
ACH-000168,25022668,0,0.0865938737988472
ACH-000168,25126798,0,0.2586306631565094
ACH-000168,3062316,0,0.23021921515464783
ACH-000168,31703,0,0.10344526916742325
ACH-000168,3385,1,0.3701265752315521
ACH-000168,36462,0,0.12171964347362518
ACH-000168,42642645,0,0.28023606538772583
ACH-000168,44143370,0,0.12596078217029572
ACH-000168,44551660,0,0.38549646735191345
ACH-000168,44632017,0,0.2254156917333603
ACH-000168,44819241,0,0.1882534921169281
ACH-000168,46224516,0,0.3001001477241516
ACH-000168,46930998,0,0.1790115088224411
ACH-000168,51371303,0,0.12945622205734253
ACH-000168,5327091,0,0.0944623202085495
ACH-000168,53394750,1,0.7152255773544312
ACH-000168,5384616,0,0.1804346889257431
ACH-000168,560326,0,0.19635950028896332
ACH-000168,637858,0,0.15673166513442993
ACH-000168,6450551,0,0.27475664019584656
ACH-000168,66577006,0,0.4052484929561615
ACH-000168,6753378,0,0.17325522005558014
ACH-000168,6918454,1,0.5000972747802734
ACH-000168,704473,0,0.6616002321243286
ACH-000168,84691,0,0.28714972734451294
ACH-000168,9810884,1,0.8204905986785889
ACH-000168,9884685,0,0.40472325682640076
ACH-000168,9931953,0,0.04288841411471367
ACH-000168,9943465,0,0.18205110728740692
ACH-000169,10074640,0,0.07021277397871017
ACH-000169,10200390,0,0.019238172098994255
ACH-000169,104842,0,0.06373360008001328
ACH-000169,11373846,0,0.0412101075053215
ACH-000169,11634725,1,0.19498878717422485
ACH-000169,11707110,1,0.5880618095397949
ACH-000169,16720766,0,0.11411925405263901
ACH-000169,24889392,0,0.030367262661457062
ACH-000169,25195352,0,0.030436143279075623
ACH-000169,25222038,0,0.03198754042387009
ACH-000169,25257557,1,0.6475954055786133
ACH-000169,3218,0,0.11727212369441986
ACH-000169,42642645,0,0.05231078341603279
ACH-000169,44462760,0,0.4354952573776245
ACH-000169,446378,0,0.05240819230675697
ACH-000169,44819241,0,0.17143715918064117
ACH-000169,46943432,0,0.026262203231453896
ACH-000169,521106,0,0.016016660258173943
ACH-000169,5280757,0,0.11999635398387909
ACH-000169,53394750,1,0.1354691982269287
ACH-000169,5459322,0,0.09964834153652191
ACH-000169,54676905,0,0.0876559466123581
ACH-000169,56965967,0,0.0200108140707016
ACH-000169,637858,1,0.0784623920917511
ACH-000169,66577006,0,0.016199063509702682
ACH-000169,704473,0,0.0446910560131073
ACH-000169,9868037,0,0.024240201339125633
ACH-000169,9884685,0,0.013016972690820694
ACH-000169,9911830,0,0.06616641581058502
ACH-000169,9931953,0,0.07782778143882751
ACH-000169,9952773,0,0.027839118614792824
ACH-000169,9956119,0,0.15535223484039307
ACH-000171,10113978,0,0.1913246512413025
ACH-000171,10127622,0,0.33859628438949585
ACH-000171,10184653,0,0.3974728584289551
ACH-000171,10459196,0,0.11302801221609116
ACH-000171,104842,0,0.03845122084021568
ACH-000171,11152667,0,0.058366551995277405
ACH-000171,11178236,0,0.1324712485074997
ACH-000171,11327430,0,0.03594871610403061
ACH-000171,148124,0,0.16790622472763062
ACH-000171,24785538,0,0.14686226844787598
ACH-000171,24826799,0,0.07523806393146515
ACH-000171,24978538,0,0.16501347720623016
ACH-000171,25257557,0,0.577063798904419
ACH-000171,3005532,0,0.20643848180770874
ACH-000171,42642645,0,0.06928292661905289
ACH-000171,44462760,0,0.1351095736026764
ACH-000171,444795,0,0.06172390282154083
ACH-000171,44551660,0,0.021332785487174988
ACH-000171,44819241,0,0.08864306658506393
ACH-000171,46907787,0,0.10163501650094986
ACH-000171,53340664,0,0.031116144731640816
ACH-000171,644241,0,0.032760653644800186
ACH-000171,65110,0,0.05050790682435036
ACH-000171,66577006,0,0.024633411318063736
ACH-000171,6918638,0,0.019592441618442535
ACH-000171,9810884,1,0.2589689791202545
ACH-000174,10096043,0,0.2962566912174225
ACH-000174,10113978,0,0.20641706883907318
ACH-000174,10127622,1,0.4298173785209656
ACH-000174,10384072,0,0.23666179180145264
ACH-000174,10459196,0,0.2242407500743866
ACH-000174,11282283,0,0.0667746514081955
ACH-000174,11433190,0,0.5168256163597107
ACH-000174,11485656,0,0.09246058017015457
ACH-000174,11493598,0,0.10135315358638763
ACH-000174,11609586,0,0.19387634098529816
ACH-000174,11617559,0,0.060544416308403015
ACH-000174,11647372,0,0.026207493618130684
ACH-000174,1401,0,0.20806235074996948
ACH-000174,156422,0,0.221845343708992
ACH-000174,159324,0,0.06877492368221283
ACH-000174,2375,0,0.08570251613855362
ACH-000174,24951314,0,0.03545612469315529
ACH-000174,25195352,0,0.0875590369105339
ACH-000174,25222038,0,0.16809281706809998
ACH-000174,25262965,0,0.12320895493030548
ACH-000174,42640,0,0.10556069761514664
ACH-000174,44224160,0,0.04523603990674019
ACH-000174,446378,0,0.24194051325321198
ACH-000174,447912,0,0.04779119789600372
ACH-000174,46885626,0,0.05523190274834633
ACH-000174,46930998,0,0.08225490897893906
ACH-000174,46931012,0,0.033253345638513565
ACH-000174,5278396,0,0.15215761959552765
ACH-000174,5459322,1,0.1722167432308197
ACH-000174,54676905,0,0.09932374954223633
ACH-000174,60750,0,0.19767333567142487
ACH-000174,6445562,0,0.036295924335718155
ACH-000174,6450551,0,0.148402601480484
ACH-000174,82146,0,0.14086568355560303
ACH-000174,9938202,0,0.1350257694721222
ACH-000176,10113978,0,0.14353977143764496
ACH-000176,10341154,0,0.02303110994398594
ACH-000176,10451420,0,0.05341334640979767
ACH-000176,11152667,0,0.030268732458353043
ACH-000176,11609586,0,0.08308210223913193
ACH-000176,11624601,0,0.1022762730717659
ACH-000176,11634725,0,0.049601372331380844
ACH-000176,126941,0,0.041439518332481384
ACH-000176,176167,0,0.11564923822879791
ACH-000176,17755052,0,0.04405908286571503
ACH-000176,24978538,0,0.25237900018692017
ACH-000176,25022668,0,0.025065843015909195
ACH-000176,25102847,0,0.05682028830051422
ACH-000176,25195352,0,0.03129219636321068
ACH-000176,2733526,0,0.06528688222169876
ACH-000176,3218,0,0.042218465358018875
ACH-000176,4263900,0,0.04508223757147789
ACH-000176,44143370,0,0.04822637885808945
ACH-000176,44182295,0,0.04579202085733414
ACH-000176,44462760,1,0.047201525419950485
ACH-000176,521106,0,0.015579785220324993
ACH-000176,5289247,0,0.03143913671374321
ACH-000176,5311,0,0.0471600666642189
ACH-000176,5311497,0,0.0343148298561573
ACH-000176,5327091,0,0.04040219262242317
ACH-000176,5328940,1,0.0329451858997345
ACH-000176,5330286,0,0.015831967815756798
ACH-000176,5746,0,0.094930000603199
ACH-000176,65110,0,0.054797012358903885
ACH-000176,6753378,0,0.02010887861251831
ACH-000176,6918638,0,0.008138353936374187
ACH-000176,6918848,0,0.015020094811916351
ACH-000176,9810884,0,0.27430790662765503
ACH-000176,9911830,0,0.031021762639284134
ACH-000176,9931953,0,0.024994343519210815
ACH-000176,9943465,0,0.09071975201368332
ACH-000178,10027278,0,0.013239985331892967
ACH-000178,10459196,0,0.031839653849601746
ACH-000178,11338033,0,0.0028878063894808292
ACH-000178,11455910,0,0.10298597067594528
ACH-000178,11609586,0,0.05076700448989868
ACH-000178,126565,0,0.006993876304477453
ACH-000178,16722836,0,0.001124853384681046
ACH-000178,16747388,0,0.0005849949084222317
ACH-000178,24776445,0,0.021197421476244926
ACH-000178,24785538,0,0.06260314583778381
ACH-000178,25102847,0,0.052869413048028946
ACH-000178,25126798,0,0.007764010690152645
ACH-000178,25262965,0,0.012338082306087017
ACH-000178,3005532,0,0.2725033462047577
ACH-000178,4263900,0,0.029350191354751587
ACH-000178,42640,0,0.1415288895368576
ACH-000178,42642645,0,0.008667148649692535
ACH-000178,44182295,0,0.03679583966732025
ACH-000178,44450571,0,0.09436044096946716
ACH-000178,46943432,0,0.002189728431403637
ACH-000178,5113032,0,0.010947597213089466
ACH-000178,51371303,0,0.03419665992259979
ACH-000178,5280757,0,0.2478449046611786
ACH-000178,53302361,0,0.040074680000543594
ACH-000178,5330286,0,0.004015198443084955
ACH-000178,53340664,0,0.0030429631005972624
ACH-000178,53394750,0,0.016358278691768646
ACH-000178,56962337,0,0.08845264464616776
ACH-000178,6450816,0,0.015596776269376278
ACH-000178,6914657,0,0.07496117055416107
ACH-000178,82146,0,0.02530783601105213
ACH-000178,85668777,0,0.4380137324333191
ACH-000178,9810884,0,0.10670679807662964
ACH-000178,9813758,0,0.004424507264047861
ACH-000178,9868037,0,0.0017124318983405828
ACH-000178,9910224,0,0.005432443227618933
ACH-000178,9911830,0,0.008110802620649338
ACH-000178,9914412,0,0.0015802469570189714
ACH-000181,10109823,0,0.32207903265953064
ACH-000181,10200390,0,0.0468851737678051
ACH-000181,10451420,0,0.19805552065372467
ACH-000181,126941,0,0.05580062419176102
ACH-000181,148124,0,0.15679097175598145
ACH-000181,159324,0,0.14547216892242432
ACH-000181,24180719,0,0.15455852448940277
ACH-000181,24772860,0,0.020397251471877098
ACH-000181,24889392,0,0.09996794164180756
ACH-000181,25126798,0,0.17439524829387665
ACH-000181,25195352,0,0.037746358662843704
ACH-000181,3463933,0,0.08057232946157455
ACH-000181,446378,0,0.12957115471363068
ACH-000181,448013,0,0.16006281971931458
ACH-000181,44819241,0,0.17714335024356842
ACH-000181,51371303,0,0.054034266620874405
ACH-000181,5208,1,0.11985981464385986
ACH-000181,5330286,0,0.06212681531906128
ACH-000181,5459322,0,0.10790230333805084
ACH-000181,57339144,0,0.08837578445672989
ACH-000181,637858,0,0.05861014872789383
ACH-000181,6445533,0,0.03600907698273659
ACH-000181,6450816,0,0.05589211732149124
ACH-000181,6505803,0,0.04308042302727699
ACH-000181,65110,0,0.06385859847068787
ACH-000181,6753378,0,0.030989335849881172
ACH-000181,6918638,0,0.018093908205628395
ACH-000181,71271629,0,0.06561990827322006
ACH-000181,9813758,0,0.1028694212436676
ACH-000181,9910224,0,0.09429917484521866
ACH-000181,9967941,0,0.12951011955738068
ACH-000183,10074640,1,0.1561814695596695
ACH-000183,10196499,0,0.13144142925739288
ACH-000183,10302451,0,0.32125410437583923
ACH-000183,10341154,1,0.2687406539916992
ACH-000183,10459196,0,0.11086556315422058
ACH-000183,104842,0,0.11415619403123856
ACH-000183,11282283,1,0.16285385191440582
ACH-000183,11327430,0,0.24236097931861877
ACH-000183,11455910,0,0.0616811066865921
ACH-000183,11667893,0,0.08386578410863876
ACH-000183,11977753,1,0.055350445210933685
ACH-000183,123631,0,0.137907013297081
ACH-000183,126565,0,0.16763681173324585
ACH-000183,176158,0,0.17415973544120789
ACH-000183,216239,0,0.1557133048772812
ACH-000183,2314623,0,0.11754992604255676
ACH-000183,23725625,0,0.22561851143836975
ACH-000183,24756910,0,0.2854789197444916
ACH-000183,24785538,0,0.1260358691215515
ACH-000183,24894414,0,0.4629864990711212
ACH-000183,24978538,0,0.7591507434844971
ACH-000183,25124816,0,0.11142434924840927
ACH-000183,3796,0,0.11426202952861786
ACH-000183,42642645,0,0.13616864383220673
ACH-000183,446378,0,0.05374715477228165
ACH-000183,44819241,0,0.2728809416294098
ACH-000183,46224516,0,0.128731831908226
ACH-000183,46883536,1,0.22074531018733978
ACH-000183,46907787,0,0.12444768100976944
ACH-000183,46943432,1,0.4039068818092346
ACH-000183,49836027,1,0.21496261656284332
ACH-000183,5208,0,0.14212219417095184
ACH-000183,5278396,0,0.17036865651607513
ACH-000183,5311,1,0.16203472018241882
ACH-000183,5327091,0,0.11414983123540878
ACH-000183,53394750,1,0.7040857672691345
ACH-000183,5384616,0,0.2256620079278946
ACH-000183,54685215,0,0.09495341777801514
ACH-000183,57339144,0,0.247463658452034
ACH-000183,60750,0,0.09881081432104111
ACH-000183,6253,0,0.12815488874912262
ACH-000183,82146,0,0.17158494889736176
ACH-000183,8249,1,0.2761176526546478
ACH-000183,9549184,0,0.38761475682258606
ACH-000183,9858940,0,0.15822912752628326
ACH-000183,9952773,0,0.1382063627243042
ACH-000186,10027278,0,1.531973452983948e-06
ACH-000186,10074640,0,1.6047013104980579e-06
ACH-000186,10077147,0,8.4338136474571e-09
ACH-000186,10196499,0,0.030943581834435463
ACH-000186,11152667,0,9.85186761681689e-06
ACH-000186,11316960,0,0.0006830986239947379
ACH-000186,11404337,0,1.4289166472281067e-07
ACH-000186,11433190,0,0.017064830288290977
ACH-000186,11485656,0,1.2806255654140841e-05
ACH-000186,11617559,0,0.0007109643775038421
ACH-000186,11624601,0,4.1624356526881456e-05
ACH-000186,11634725,0,0.00028116500470787287
ACH-000186,11667893,0,0.0042586131021380424
ACH-000186,11960529,0,0.0007845998043194413
ACH-000186,123631,0,0.0007029406842775643
ACH-000186,156422,0,0.0019473808351904154
ACH-000186,159324,0,1.2612088262642374e-08
ACH-000186,16722836,0,1.0120865923113342e-08
ACH-000186,2375,0,1.2973332559340633e-05
ACH-000186,24180719,0,0.00019098972552455962
ACH-000186,24756910,0,7.693355428273208e-07
ACH-000186,24776445,0,4.749387244373793e-06
ACH-000186,24951314,0,1.7304525590233766e-09
ACH-000186,3005532,0,0.00386950490064919
ACH-000186,36462,0,5.152245421413681e-07
ACH-000186,3796,0,1.168961443909211e-05
ACH-000186,42640,0,0.00016067031538113952
ACH-000186,44551660,0,4.1519729876426936e-08
ACH-000186,46930998,0,4.097015334991738e-06
ACH-000186,46943432,0,1.0460859556360447e-07
ACH-000186,49806720,0,6.803560972912237e-05
ACH-000186,5113032,0,5.8937921494361944e-06
ACH-000186,51371303,0,8.874516788637266e-05
ACH-000186,5208,0,1.0635001672198996e-05
ACH-000186,5280757,0,0.021528193727135658
ACH-000186,5311,0,7.941086369100958e-05
ACH-000186,5327091,0,6.8319654928927775e-06
ACH-000186,53340664,0,1.5147159615480632e-07
ACH-000186,5394,0,0.00016546918777748942
ACH-000186,5459322,0,0.0006865870673209429
ACH-000186,56962337,0,0.0023783184587955475
ACH-000186,56965967,0,4.441318424142082e-08
ACH-000186,637858,0,3.2465461572428467e-06
ACH-000186,6445533,0,2.4996222691697767e-07
ACH-000186,6753378,0,9.662833235779544e-07
ACH-000186,6918638,0,1.0624252588797845e-08
ACH-000186,85668777,0,0.06899392604827881
ACH-000186,9868037,0,1.713404529368745e-08
ACH-000186,9910224,0,3.353756028445787e-07
ACH-000186,9952773,0,2.895486659326707e-07
ACH-000187,11617559,0,0.5292120575904846
ACH-000187,11625818,0,0.13644950091838837
ACH-000187,11634725,0,0.12945722043514252
ACH-000187,11647372,0,0.17752403020858765
ACH-000187,176167,0,0.33085203170776367
ACH-000187,25126798,0,0.30130240321159363
ACH-000187,44551660,1,0.14534801244735718
ACH-000187,447912,0,0.3506056070327759
ACH-000187,46191454,1,0.5141759514808655
ACH-000187,46931012,0,0.06115521490573883
ACH-000187,6445562,0,0.156374990940094
ACH-000187,6450816,0,0.0693880021572113
ACH-000187,9868037,0,0.12465839087963104
ACH-000187,9911830,0,0.15806464850902557
ACH-000188,10074640,0,0.05259643495082855
ACH-000188,10109823,0,0.2789788842201233
ACH-000188,10384072,0,0.07347998023033142
ACH-000188,10459196,0,0.10757605731487274
ACH-000188,11282283,0,0.14337709546089172
ACH-000188,11404337,0,0.06511443853378296
ACH-000188,11433190,0,0.33511579036712646
ACH-000188,11455910,0,0.04630018398165703
ACH-000188,11485656,0,0.09536713361740112
ACH-000188,11713159,0,0.14722320437431335
ACH-000188,23725625,0,0.07797419279813766
ACH-000188,24826799,0,0.11139215528964996
ACH-000188,25102847,0,0.10229746252298355
ACH-000188,3218,0,0.07819508016109467
ACH-000188,3796,1,0.14035776257514954
ACH-000188,4263900,0,0.06648540496826172
ACH-000188,42640,0,0.06958266347646713
ACH-000188,447912,0,0.07273536175489426
ACH-000188,560326,0,0.16361023485660553
ACH-000188,6753378,0,0.05434071272611618
ACH-000188,6918289,0,0.13872703909873962
ACH-000188,9903786,0,0.05362996086478233
ACH-000188,9914412,0,0.02968505211174488
ACH-000188,9931953,0,0.022455396130681038
ACH-000188,9938202,0,0.07418205589056015
ACH-000188,9967941,0,0.08843519538640976
ACH-000189,10384072,0,0.08866026997566223
ACH-000189,10451420,0,0.01610775664448738
ACH-000189,11364421,0,0.09829772263765335
ACH-000189,11433190,0,0.27508723735809326
ACH-000189,11493598,0,0.02837153896689415
ACH-000189,11609586,0,0.08295833319425583
ACH-000189,11617559,0,0.07506895810365677
ACH-000189,1401,0,0.15894104540348053
ACH-000189,160355,0,0.037053607404232025
ACH-000189,16663089,0,0.08254769444465637
ACH-000189,16720766,0,0.055248700082302094
ACH-000189,208908,0,0.4031418263912201
ACH-000189,216239,0,0.019224779680371284
ACH-000189,23725625,0,0.022282009944319725
ACH-000189,24756910,0,0.01876448281109333
ACH-000189,24785538,0,0.07780759781599045
ACH-000189,24889392,0,0.014922027476131916
ACH-000189,24978538,0,0.09674030542373657
ACH-000189,25124816,0,0.17647786438465118
ACH-000189,25262965,0,0.04310987517237663
ACH-000189,3062316,0,0.1826007068157196
ACH-000189,31703,0,0.017599772661924362
ACH-000189,3218,0,0.055589914321899414
ACH-000189,3385,0,0.013148084282875061
ACH-000189,3796,0,0.0831121876835823
ACH-000189,42642645,0,0.023997468873858452
ACH-000189,44143370,0,0.042209506034851074
ACH-000189,44224160,0,0.01392587274312973
ACH-000189,44450571,0,0.1748320460319519
ACH-000189,44551660,0,0.007523693609982729
ACH-000189,46191454,0,0.016787149012088776
ACH-000189,46844147,0,0.021251032128930092
ACH-000189,46930998,0,0.0684620663523674
ACH-000189,4993,0,0.1171894446015358
ACH-000189,5113032,0,0.02650005929172039
ACH-000189,51371303,0,0.03087134100496769
ACH-000189,521106,0,0.017642008140683174
ACH-000189,5329102,0,0.051226843148469925
ACH-000189,53394750,0,0.057692401111125946
ACH-000189,560326,0,0.10003478080034256
ACH-000189,6253,0,0.008887729607522488
ACH-000189,644215,0,0.04450414702296257
ACH-000189,6918848,0,0.0069802263751626015
ACH-000189,84691,0,0.05016794055700302
ACH-000189,85668777,0,0.3738557994365692
ACH-000189,9826528,0,0.08032165467739105
ACH-000189,9910224,0,0.018685627728700638
ACH-000189,9956222,0,0.02575189620256424
ACH-000190,10127622,0,0.08173594623804092
ACH-000190,10341154,0,0.13698095083236694
ACH-000190,11485656,0,0.19084317982196808
ACH-000190,11647372,0,0.19298535585403442
ACH-000190,11676786,0,0.10633620619773865
ACH-000190,156422,0,0.12563130259513855
ACH-000190,159324,0,0.04705343022942543
ACH-000190,16095342,0,0.24089406430721283
ACH-000190,16663089,0,0.254941463470459
ACH-000190,16747388,0,0.06542641669511795
ACH-000190,176870,0,0.20805656909942627
ACH-000190,2314623,0,0.14950872957706451
ACH-000190,24756910,0,0.3470440208911896
ACH-000190,24889392,1,0.36273500323295593
ACH-000190,24894414,0,0.24375461041927338
ACH-000190,25102847,0,0.1888158768415451
ACH-000190,31703,0,0.04749720171093941
ACH-000190,3218,0,0.11109114438295364
ACH-000190,3796,0,0.09545690566301346
ACH-000190,44137675,0,0.12176450341939926
ACH-000190,44462760,1,0.13733656704425812
ACH-000190,46191454,0,0.35417914390563965
ACH-000190,46224516,0,0.15507912635803223
ACH-000190,46885626,0,0.33056581020355225
ACH-000190,46930998,0,0.20087817311286926
ACH-000190,46931012,0,0.08768336474895477
ACH-000190,46943432,0,0.3239792287349701
ACH-000190,5208,0,0.1395791620016098
ACH-000190,5311510,0,0.12602931261062622
ACH-000190,5329102,0,0.13385722041130066
ACH-000190,53302361,0,0.15781131386756897
ACH-000190,5459322,0,0.17396998405456543
ACH-000190,6918454,1,0.11358622461557388
ACH-000190,6918848,0,0.20835186541080475
ACH-000190,704473,0,0.37214258313179016
ACH-000190,7251185,1,0.11838516592979431
ACH-000190,82146,0,0.12776875495910645
ACH-000190,9549184,1,0.2590891122817993
ACH-000190,9810884,1,0.7167977094650269
ACH-000190,9863776,0,0.13527050614356995
ACH-000191,10200390,0,0.08377078920602798
ACH-000191,11152667,0,0.13681262731552124
ACH-000191,11316960,1,0.8114368319511414
ACH-000191,11338033,0,0.06183813512325287
ACH-000191,11404337,1,0.2940039336681366
ACH-000191,11640390,0,0.2859048843383789
ACH-000191,1401,0,0.3576105833053589
ACH-000191,16725726,0,0.2595089375972748
ACH-000191,24894414,0,0.17610026895999908
ACH-000191,36462,0,0.1322607696056366
ACH-000191,447912,0,0.12324145436286926
ACH-000191,44819241,0,0.46801096200942993
ACH-000191,46191454,0,0.13792313635349274
ACH-000191,46224516,0,0.09610789269208908
ACH-000191,46883536,0,0.09995181858539581
ACH-000191,5328940,1,0.28284379839897156
ACH-000191,53394750,1,0.5733808279037476
ACH-000191,5459322,0,0.3015464246273041
ACH-000191,6450551,0,0.22720392048358917
ACH-000191,66577006,0,0.0994405522942543
ACH-000191,82146,0,0.15724985301494598
ACH-000191,8249,0,0.06767519563436508
ACH-000191,9810884,0,0.7509496808052063
ACH-000191,9863776,1,0.8443173766136169
ACH-000196,10074640,0,0.23749051988124847
ACH-000196,10109823,0,0.061712466180324554
ACH-000196,10172943,0,0.10766391456127167
ACH-000196,10196499,0,0.2253025770187378
ACH-000196,10451420,0,0.3919861614704132
ACH-000196,11282283,0,0.36710262298583984
ACH-000196,11493598,0,0.20635546743869781
ACH-000196,11625818,0,0.12497705966234207
ACH-000196,16095342,0,0.2600107491016388
ACH-000196,24756910,0,0.20486201345920563
ACH-000196,24894414,0,0.16459797322750092
ACH-000196,25022668,0,0.01918249949812889
ACH-000196,3005532,0,0.056797001510858536
ACH-000196,3463933,0,0.1056455448269844
ACH-000196,387447,0,0.12501837313175201
ACH-000196,44224160,0,0.1175030916929245
ACH-000196,446378,0,0.02772161364555359
ACH-000196,49836027,0,0.11706454306840897
ACH-000196,5289247,0,0.18641680479049683
ACH-000196,5291,0,0.46557730436325073
ACH-000196,5311510,0,0.10346206277608871
ACH-000196,560326,0,0.1209796667098999
ACH-000196,5717801,0,0.06080339103937149
ACH-000196,60750,0,0.03392768278717995
ACH-000196,644215,0,0.05510163679718971
ACH-000196,6450816,0,0.07934151589870453
ACH-000196,6918848,0,0.10723279416561127
ACH-000196,7251185,0,0.0552019365131855
ACH-000196,9549184,0,0.18684695661067963
ACH-000196,9826308,0,0.13780248165130615
ACH-000196,9903786,0,0.11210903525352478
ACH-000197,10074640,0,0.018489684909582138
ACH-000197,10302451,0,0.012933061458170414
ACH-000197,10390396,0,0.012550710700452328
ACH-000197,10451420,0,0.26313620805740356
ACH-000197,10461815,0,0.05838404968380928
ACH-000197,11640390,0,0.022759513929486275
ACH-000197,159324,0,3.373889558133669e-05
ACH-000197,160355,0,0.0025401527527719736
ACH-000197,16722836,0,0.0013189034070819616
ACH-000197,176167,0,0.014511528424918652
ACH-000197,25124816,0,0.009404487907886505
ACH-000197,3062316,0,0.011352425441145897
ACH-000197,31703,0,0.00011472379992483184
ACH-000197,3796,0,0.0005750804557465017
ACH-000197,4261,0,0.004232543986290693
ACH-000197,42642645,0,0.004423973616212606
ACH-000197,44137675,0,0.001253569615073502
ACH-000197,44143370,0,0.002305727219209075
ACH-000197,447912,0,0.032749928534030914
ACH-000197,46191454,0,0.009610305540263653
ACH-000197,46224516,0,0.002223848132416606
ACH-000197,46883536,0,0.003496395656839013
ACH-000197,5329102,0,0.003486169967800379
ACH-000197,53340664,0,0.003934657666832209
ACH-000197,6445533,0,0.0005481813568621874
ACH-000197,6445562,0,0.00027570725069381297
ACH-000197,6450816,0,0.0018892291700467467
ACH-000197,704473,0,0.029002079740166664
ACH-000197,76044,0,0.0024726679548621178
ACH-000197,82146,0,0.0032730523962527514
ACH-000197,9826308,0,0.009450995363295078
ACH-000197,9956119,0,0.03076927736401558
ACH-000197,9967941,0,0.004805492702871561
ACH-000198,10027278,0,0.21767175197601318
ACH-000198,10113978,1,0.2894071340560913
ACH-000198,10172943,0,0.30475926399230957
ACH-000198,11152667,1,0.3111298978328705
ACH-000198,11338033,0,0.713154137134552
ACH-000198,11625818,0,0.7974601984024048
ACH-000198,11626927,1,0.41920894384384155
ACH-000198,11667893,1,0.04907803237438202
ACH-000198,11676786,0,0.8403639793395996
ACH-000198,11713159,0,0.15578137338161469
ACH-000198,126565,1,0.4083431363105774
ACH-000198,1401,1,0.26983577013015747
ACH-000198,176870,0,0.2773616313934326
ACH-000198,23725625,1,0.7000412940979004
ACH-000198,24826799,1,0.5247732996940613
ACH-000198,25102847,1,0.5136885643005371
ACH-000198,25126798,1,0.8324213624000549
ACH-000198,25167777,0,0.6663936376571655
ACH-000198,25262965,1,0.41638123989105225
ACH-000198,2726824,0,0.05705941841006279
ACH-000198,2733526,1,0.5361072421073914
ACH-000198,300471,0,0.09270486235618591
ACH-000198,3005532,0,0.05963648855686188
ACH-000198,3062316,1,0.583878755569458
ACH-000198,44462760,1,0.5911909937858582
ACH-000198,44551660,1,0.8415011763572693
ACH-000198,446378,0,0.06958246231079102
ACH-000198,46883536,0,0.6569074392318726
ACH-000198,46885626,1,0.8806765675544739
ACH-000198,46930998,0,0.19284594058990479
ACH-000198,5208,0,0.28983598947525024
ACH-000198,5278396,0,0.3067876994609833
ACH-000198,5311510,0,0.5810911655426025
ACH-000198,53340664,1,0.7319077849388123
ACH-000198,54685215,0,0.10681785643100739
ACH-000198,644241,1,0.7331959009170532
ACH-000198,6450816,0,0.20526613295078278
ACH-000198,6710780,1,0.32857394218444824
ACH-000198,6753378,0,0.547972559928894
ACH-000198,6918289,0,0.17440572381019592
ACH-000198,704473,1,0.9428364038467407
ACH-000198,9810884,1,0.9630064964294434
ACH-000198,9956119,0,0.33654913306236267
ACH-000198,9967941,0,0.29565685987472534
ACH-000200,104842,0,0.009457006119191647
ACH-000200,11485656,0,0.033755216747522354
ACH-000200,11754511,0,0.03792691230773926
ACH-000200,126941,0,0.026896806433796883
ACH-000200,1401,0,0.19373108446598053
ACH-000200,17755052,0,0.02871190570294857
ACH-000200,216239,0,0.017202157527208328
ACH-000200,216326,0,0.028277726843953133
ACH-000200,2314623,0,0.06334085017442703
ACH-000200,25124816,0,0.14041954278945923
ACH-000200,25167777,0,0.017016500234603882
ACH-000200,25222038,0,0.03885504603385925
ACH-000200,3385,0,0.020761780440807343
ACH-000200,4261,0,0.028585249558091164
ACH-000200,44819241,0,0.0979459285736084
ACH-000200,46907787,0,0.08264628797769547
ACH-000200,46930998,0,0.08792950958013535
ACH-000200,5291,0,0.18940392136573792
ACH-000200,5311,0,0.023476209491491318
ACH-000200,5311497,0,0.025935925543308258
ACH-000200,5329102,0,0.029742075130343437
ACH-000200,53394750,0,0.5236116051673889
ACH-000200,5494449,0,0.08316658437252045
ACH-000200,56965967,0,0.009233836084604263
ACH-000200,637858,0,0.03128855302929878
ACH-000200,644215,0,0.018687689676880836
ACH-000200,6445533,0,0.006695406511425972
ACH-000200,6918454,0,0.037149421870708466
ACH-000200,6918848,0,0.006020861677825451
ACH-000200,7251185,0,0.014237509109079838
ACH-000200,82146,0,0.09658623486757278
ACH-000200,84691,0,0.10786021500825882
ACH-000200,9863776,0,0.028584862127900124
ACH-000200,9911830,0,0.05123065784573555
ACH-000200,9914412,0,0.0033599394373595715
ACH-000201,10027278,0,0.135255366563797
ACH-000201,11282283,0,0.20687881112098694
ACH-000201,11373846,0,0.24346494674682617
ACH-000201,11404337,0,0.13254663348197937
ACH-000201,11609586,1,0.17875206470489502
ACH-000201,11647372,0,0.11074157804250717
ACH-000201,11707110,0,0.37078914046287537
ACH-000201,16747388,1,0.0742340236902237
ACH-000201,176167,0,0.2050473392009735
ACH-000201,2375,0,0.15281035006046295
ACH-000201,24826799,1,0.19339467585086823
ACH-000201,24894414,0,0.1670415848493576
ACH-000201,25124816,0,0.178134024143219
ACH-000201,25222038,1,0.11965016275644302
ACH-000201,42640,1,0.12564001977443695
ACH-000201,44137675,0,0.1625509411096573
ACH-000201,44143370,0,0.13995736837387085
ACH-000201,44224160,0,0.13284724950790405
ACH-000201,44462760,1,0.2519511282444
ACH-000201,46224516,0,0.09576629847288132
ACH-000201,49806720,0,0.209150493144989
ACH-000201,5208,1,0.18961402773857117
ACH-000201,60750,0,0.12151678651571274
ACH-000201,6445562,0,0.14362472295761108
ACH-000201,9863776,1,0.20802578330039978
ACH-000201,9938202,0,0.2609252631664276
ACH-000201,9956222,0,0.19689074158668518
ACH-000201,9967941,0,0.15750646591186523
ACH-000204,10096043,0,0.03301313519477844
ACH-000204,10113978,0,0.12457246333360672
ACH-000204,10127622,0,0.06512400507926941
ACH-000204,10451420,1,0.49041056632995605
ACH-000204,10459196,0,0.062077756971120834
ACH-000204,104842,0,0.060198888182640076
ACH-000204,11178236,0,0.05994005128741264
ACH-000204,11373846,0,0.4448219835758209
ACH-000204,11404337,0,0.021883338689804077
ACH-000204,11485656,1,0.23073522746562958
ACH-000204,11625818,0,0.18483689427375793
ACH-000204,11626927,0,0.2586025893688202
ACH-000204,11647372,0,0.27166301012039185
ACH-000204,16663089,0,0.22858428955078125
ACH-000204,16720766,0,0.06896419823169708
ACH-000204,16760646,0,0.13942831754684448
ACH-000204,176870,0,0.15986545383930206
ACH-000204,25195352,0,0.13862018287181854
ACH-000204,25262965,0,0.14561770856380463
ACH-000204,2733526,0,0.115237757563591
ACH-000204,3062316,0,0.05308924987912178
ACH-000204,3463933,0,0.08025041222572327
ACH-000204,387447,0,0.08722555637359619
ACH-000204,4261,0,0.1487635225057602
ACH-000204,44224160,0,0.20762771368026733
ACH-000204,46191454,0,0.4246809780597687
ACH-000204,46943432,1,0.4920174479484558
ACH-000204,49806720,0,0.3828440010547638
ACH-000204,51371303,1,0.07788315415382385
ACH-000204,521106,0,0.1271233856678009
ACH-000204,5278396,0,0.06798212975263596
ACH-000204,5291,0,0.3174055218696594
ACH-000204,5311,0,0.14576449990272522
ACH-000204,5311510,0,0.14714401960372925
ACH-000204,5328940,0,0.04152732342481613
ACH-000204,53340664,0,0.21671931445598602
ACH-000204,56965967,0,0.20631910860538483
ACH-000204,60750,0,0.04717714712023735
ACH-000204,6445562,0,0.27848026156425476
ACH-000204,6450816,0,0.1627386510372162
ACH-000204,6710780,0,0.09521700441837311
ACH-000204,6918454,0,0.03808582201600075
ACH-000204,82146,0,0.10807904601097107
ACH-000204,85668777,0,0.08774514496326447
ACH-000204,9549184,1,0.21495014429092407
ACH-000204,9810884,0,0.6434152126312256
ACH-000204,9813758,0,0.22315797209739685
ACH-000204,9826308,0,0.25753292441368103
ACH-000204,9910224,1,0.19115951657295227
ACH-000207,10027278,0,0.006288781762123108
ACH-000207,10077147,0,0.00026714513660408556
ACH-000207,10109823,0,0.010911334306001663
ACH-000207,10127622,0,0.29501888155937195
ACH-000207,10459196,0,0.008270323276519775
ACH-000207,11455910,0,0.016563978046178818
ACH-000207,11609586,0,0.013489002361893654
ACH-000207,11667893,0,0.04755659028887749
ACH-000207,216326,0,0.0025629617739468813
ACH-000207,24978538,0,0.0356387123465538
ACH-000207,25022668,1,0.0012862238800153136
ACH-000207,2726824,0,0.05276469886302948
ACH-000207,3005532,0,0.046551208943128586
ACH-000207,36462,0,0.0016561142401769757
ACH-000207,44137675,1,0.017551269382238388
ACH-000207,44224160,0,0.00043562761857174337
ACH-000207,44551660,0,0.00026647557388059795
ACH-000207,44819241,0,0.02070138417184353
ACH-000207,46883536,0,0.0006958820740692317
ACH-000207,46930998,0,0.002607054775580764
ACH-000207,5208,0,0.005844414234161377
ACH-000207,53302361,0,0.004698062315583229
ACH-000207,5459322,0,0.01561813335865736
ACH-000207,54685215,0,0.029413245618343353
ACH-000207,56965967,0,0.00032556522637605667
ACH-000207,6445533,0,0.0007994833867996931
ACH-000207,6852167,0,0.000542059657163918
ACH-000207,84691,0,0.005766131449490786
ACH-000207,9884685,0,0.0002147760969819501
ACH-000207,9903786,0,0.00013755465624853969
ACH-000207,9938202,0,0.011727401055395603
ACH-000207,9943465,0,0.052020683884620667
ACH-000207,9952773,0,0.0010663728462532163
ACH-000207,9956119,0,0.06352142244577408
ACH-000210,10184653,0,0.2679349482059479
ACH-000210,11178236,0,0.12909099459648132
ACH-000210,11316960,0,0.11906565725803375
ACH-000210,11667893,0,0.15345506370067596
ACH-000210,11707110,0,0.31218621134757996
ACH-000210,123631,0,0.17848481237888336
ACH-000210,1401,0,0.38488858938217163
ACH-000210,2314623,0,0.1976805329322815
ACH-000210,24756910,0,0.16867509484291077
ACH-000210,24894414,1,0.21120557188987732
ACH-000210,25102847,0,0.3230954110622406
ACH-000210,25257557,1,0.8496347069740295
ACH-000210,42640,0,0.20911353826522827
ACH-000210,44182295,0,0.17067378759384155
ACH-000210,44462760,0,0.17969904839992523
ACH-000210,44632017,0,0.2005477249622345
ACH-000210,447912,0,0.27855032682418823
ACH-000210,46931012,0,0.08756520599126816
ACH-000210,5113032,0,0.23913121223449707
ACH-000210,5327091,0,0.11735349148511887
ACH-000210,53394750,1,0.3911539614200592
ACH-000210,5394,0,0.19525165855884552
ACH-000210,644241,0,0.22008827328681946
ACH-000210,6450816,0,0.09823428094387054
ACH-000210,6918454,0,0.20399850606918335
ACH-000210,9813758,1,0.26425954699516296
ACH-000210,9863776,0,0.18055714666843414
ACH-000210,9884685,0,0.13639754056930542
ACH-000210,9910224,0,0.12473069131374359
ACH-000210,9911830,0,0.22208108007907867
ACH-000210,9914412,0,0.09530295431613922
ACH-000211,10109823,0,0.3545672297477722
ACH-000211,10113978,1,0.4259442687034607
ACH-000211,11485656,0,0.15413476526737213
ACH-000211,11493598,0,0.14877769351005554
ACH-000211,11707110,0,0.512195885181427
ACH-000211,126565,0,0.40198618173599243
ACH-000211,148124,1,0.5452156066894531
ACH-000211,159324,1,0.3521382510662079
ACH-000211,176158,1,0.419413298368454
ACH-000211,2375,0,0.23297454416751862
ACH-000211,24756910,0,0.1818944662809372
ACH-000211,25102847,0,0.23521819710731506
ACH-000211,2733526,0,0.2747114896774292
ACH-000211,300471,0,0.3229692280292511
ACH-000211,3385,0,0.2509939968585968
ACH-000211,44224160,0,0.12968626618385315
ACH-000211,44462760,0,0.4185043275356293
ACH-000211,444795,0,0.2137695997953415
ACH-000211,446378,0,0.5563826560974121
ACH-000211,46943432,0,0.08268964290618896
ACH-000211,49806720,0,0.1667664796113968
ACH-000211,5311,0,0.17921145260334015
ACH-000211,53394750,1,0.29294538497924805
ACH-000211,54676905,0,0.2888976037502289
ACH-000211,56962337,0,0.21668213605880737
ACH-000211,56965967,0,0.144874706864357
ACH-000211,5746,0,0.4187368154525757
ACH-000211,6710780,0,0.2798241376876831
ACH-000211,6918848,1,0.1342398226261139
ACH-000211,704473,0,0.2394307553768158
ACH-000211,82146,1,0.4547507166862488
ACH-000211,9903786,0,0.1148993968963623
ACH-000211,9911830,1,0.2627871036529541
ACH-000211,9956119,0,0.38924485445022583
ACH-000212,10196499,0,0.09389752149581909
ACH-000212,10341154,0,0.002011836040765047
ACH-000212,11152667,0,0.004776487126946449
ACH-000212,11493598,0,0.006824329495429993
ACH-000212,11609586,0,0.013670189306139946
ACH-000212,11713159,0,0.004014397505670786
ACH-000212,11977753,0,0.00641644885763526
ACH-000212,16720766,0,0.006829997058957815
ACH-000212,16725726,0,0.4954223334789276
ACH-000212,25167777,0,0.0009375468362122774
ACH-000212,2726824,0,0.028315739706158638
ACH-000212,2733526,0,0.013850393705070019
ACH-000212,3218,0,0.00869958195835352
ACH-000212,4263900,0,0.002229422563686967
ACH-000212,44182295,0,0.0062304651364684105
ACH-000212,44632017,0,0.009496229700744152
ACH-000212,46883536,1,0.0011255270801484585
ACH-000212,46885626,0,0.011532769538462162
ACH-000212,46907787,0,0.007286182604730129
ACH-000212,521106,0,0.0010042249923571944
ACH-000212,5394,0,0.007610704749822617
ACH-000212,5459322,1,0.018289757892489433
ACH-000212,6253,0,0.00027244200464338064
ACH-000212,65110,0,0.007130591664463282
ACH-000212,6918289,0,0.007224790286272764
ACH-000212,6918638,0,0.0003041582531295717
ACH-000212,71271629,0,0.0003269662265665829
ACH-000212,9858940,0,0.005070172715932131
ACH-000212,9863776,0,0.005767052993178368
ACH-000212,9914412,0,0.0002577202394604683
ACH-000212,9956119,0,0.03924177587032318
ACH-000212,9956222,0,0.0029938234947621822
ACH-000212,9967941,0,0.01355672162026167
ACH-000218,10096043,0,0.10567158460617065
ACH-000218,104842,0,0.1285233050584793
ACH-000218,11178236,0,0.07299681007862091
ACH-000218,11282283,0,0.22563399374485016
ACH-000218,11338033,1,0.3969361186027527
ACH-000218,11455910,0,0.07187395542860031
ACH-000218,11493598,1,0.32262304425239563
ACH-000218,11634725,1,0.32765257358551025
ACH-000218,11647372,1,0.3046337068080902
ACH-000218,11676786,1,0.2963411211967468
ACH-000218,11707110,0,0.33600395917892456
ACH-000218,11754511,1,0.4848146438598633
ACH-000218,123631,0,0.10085959732532501
ACH-000218,126565,1,0.16785742342472076
ACH-000218,148124,0,0.0957351103425026
ACH-000218,16722836,1,0.40460261702537537
ACH-000218,216326,0,0.18804040551185608
ACH-000218,24776445,0,0.1557013839483261
ACH-000218,24785538,0,0.13764290511608124
ACH-000218,24826799,0,0.16362611949443817
ACH-000218,25126798,1,0.31548288464546204
ACH-000218,25195352,0,0.24432048201560974
ACH-000218,25222038,1,0.08561120182275772
ACH-000218,2733526,0,0.13443578779697418
ACH-000218,3062316,0,0.15192492306232452
ACH-000218,44143370,0,0.17466437816619873
ACH-000218,44462760,0,0.18412277102470398
ACH-000218,44551660,1,0.3844228982925415
ACH-000218,447912,0,0.43216416239738464
ACH-000218,44819241,0,0.18252691626548767
ACH-000218,46931012,1,0.2845163643360138
ACH-000218,5113032,0,0.34134867787361145
ACH-000218,5328940,0,0.10203908383846283
ACH-000218,5460769,0,0.12763862311840057
ACH-000218,54676905,0,0.09335487335920334
ACH-000218,54685215,0,0.10133630782365799
ACH-000218,5494449,0,0.1915138065814972
ACH-000218,560326,0,0.23848167061805725
ACH-000218,5746,0,0.10531299561262131
ACH-000218,6450551,0,0.21062861382961273
ACH-000218,6753378,0,0.26195746660232544
ACH-000218,6852167,1,0.401218056678772
ACH-000218,6918454,1,0.2367924600839615
ACH-000218,6918638,0,0.3030552566051483
ACH-000218,82146,1,0.152068093419075
ACH-000218,9813758,1,0.29649293422698975
ACH-000218,9826308,0,0.25224149227142334
ACH-000219,10027278,0,0.3417762219905853
ACH-000219,10077147,1,0.271963894367218
ACH-000219,10096043,0,0.5630212426185608
ACH-000219,10196499,0,0.13841059803962708
ACH-000219,10451420,0,0.37693485617637634
ACH-000219,11327430,1,0.4432791769504547
ACH-000219,11404337,1,0.6583287715911865
ACH-000219,11455910,1,0.2603616416454315
ACH-000219,11617559,0,0.11424925178289413
ACH-000219,11624601,1,0.3995450437068939
ACH-000219,11640390,1,0.25940874218940735
ACH-000219,11707110,1,0.8659798502922058
ACH-000219,11977753,0,0.1790143996477127
ACH-000219,126941,0,0.35471391677856445
ACH-000219,1401,0,0.29061010479927063
ACH-000219,16725726,0,0.0854627937078476
ACH-000219,176158,1,0.4453999400138855
ACH-000219,17755052,0,0.2847091257572174
ACH-000219,2314623,0,0.2597116529941559
ACH-000219,24826799,0,0.17703106999397278
ACH-000219,25257557,1,0.6147192120552063
ACH-000219,25262965,0,0.4149697721004486
ACH-000219,42640,0,0.17687471210956573
ACH-000219,44632017,0,0.41623613238334656
ACH-000219,46885626,1,0.17869073152542114
ACH-000219,46930998,0,0.14967556297779083
ACH-000219,46931012,0,0.21193400025367737
ACH-000219,5280757,0,0.19404862821102142
ACH-000219,53394750,1,0.47722893953323364
ACH-000219,5459322,0,0.30709612369537354
ACH-000219,54685215,0,0.3652926981449127
ACH-000219,56965967,0,0.22427357733249664
ACH-000219,57339144,0,0.3653060793876648
ACH-000219,637858,1,0.4326338768005371
ACH-000219,6753378,1,0.15901421010494232
ACH-000219,6918454,1,0.780659556388855
ACH-000219,8249,0,0.1327284574508667
ACH-000219,9810884,0,0.5197031497955322
ACH-000219,9826528,1,0.8213682174682617
ACH-000219,9858940,1,0.38970646262168884
ACH-000219,9874913,0,0.12124212831258774
ACH-000219,9952773,0,0.1890101283788681
ACH-000219,9967941,0,0.25532010197639465
ACH-000221,10113978,1,0.6140216588973999
ACH-000221,10451420,1,0.5043354034423828
ACH-000221,104842,0,0.0976635292172432
ACH-000221,11282283,0,0.40445980429649353
ACH-000221,11634725,0,0.3296746611595154
ACH-000221,11707110,0,0.6997612714767456
ACH-000221,24894414,0,0.23330338299274445
ACH-000221,25102847,0,0.19678576290607452
ACH-000221,25124816,1,0.25489845871925354
ACH-000221,31703,0,0.09946789592504501
ACH-000221,4263900,0,0.19902221858501434
ACH-000221,44551660,0,0.16625168919563293
ACH-000221,446378,1,0.13823650777339935
ACH-000221,448013,1,0.13250049948692322
ACH-000221,46883536,0,0.15356774628162384
ACH-000221,5280757,0,0.14599160850048065
ACH-000221,5289247,0,0.28125762939453125
ACH-000221,5394,0,0.5106111168861389
ACH-000221,54685215,0,0.22447064518928528
ACH-000221,6445533,1,0.0833049938082695
ACH-000221,6445562,0,0.3273971974849701
ACH-000221,6753378,0,0.15137700736522675
ACH-000221,9813758,1,0.21824650466442108
ACH-000221,9952773,0,0.17452679574489594
ACH-000221,9956222,1,0.15894664824008942
ACH-000222,11178236,0,0.021153628826141357
ACH-000222,11327430,0,0.008642980828881264
ACH-000222,11640390,0,0.11677026003599167
ACH-000222,11707110,1,0.9649786949157715
ACH-000222,11754511,0,0.010960047133266926
ACH-000222,123631,0,0.05546965077519417
ACH-000222,1401,0,0.13356031477451324
ACH-000222,148124,0,0.05313718691468239
ACH-000222,2375,0,0.029179757460951805
ACH-000222,24756910,0,0.009259999729692936
ACH-000222,24776445,1,0.030099039897322655
ACH-000222,24826799,0,0.0174652598798275
ACH-000222,25262965,0,0.046187300235033035
ACH-000222,2726824,0,0.06725265830755234
ACH-000222,42640,0,0.01781400665640831
ACH-000222,44182295,0,0.4818475842475891
ACH-000222,44450571,0,0.062405429780483246
ACH-000222,44551660,0,0.003395690582692623
ACH-000222,44632017,0,0.028305143117904663
ACH-000222,447912,0,0.00785793736577034
ACH-000222,46885626,0,0.01583343930542469
ACH-000222,46907787,0,0.03165682405233383
ACH-000222,5289247,0,0.08468582481145859
ACH-000222,5311497,0,0.0099705895408988
ACH-000222,5330286,1,0.007876296527683735
ACH-000222,5746,0,0.017039941623806953
ACH-000222,60750,0,0.010208886116743088
ACH-000222,6710780,0,0.0051449681632220745
ACH-000222,6918454,0,0.4395913779735565
ACH-000222,6918638,0,0.0021644446533173323
ACH-000222,9810884,0,0.4665960669517517
ACH-000222,9911830,0,0.0231070164591074
ACH-000222,9914412,0,0.0033328416757285595
ACH-000222,9956119,0,0.2543862760066986
ACH-000223,10127622,0,0.06695257872343063
ACH-000223,10196499,0,0.2678951025009155
ACH-000223,10384072,0,0.09904704242944717
ACH-000223,10451420,0,0.00958152487874031
ACH-000223,11316960,0,0.033095039427280426
ACH-000223,11404337,0,0.02338801696896553
ACH-000223,11493598,0,0.01859270967543125
ACH-000223,11609586,0,0.07300373911857605
ACH-000223,11624601,0,0.13979533314704895
ACH-000223,11960529,0,0.09683408588171005
ACH-000223,1401,0,0.15027903020381927
ACH-000223,159324,0,0.01322170253843069
ACH-000223,16747388,0,0.0020342457573860884
ACH-000223,2375,0,0.040685024112463
ACH-000223,24180719,0,0.03674297779798508
ACH-000223,24756910,0,0.026819324120879173
ACH-000223,24772860,0,0.013780502602458
ACH-000223,24951314,0,0.006461894605308771
ACH-000223,2733526,0,0.07381637394428253
ACH-000223,44450571,0,0.1442183256149292
ACH-000223,448013,0,0.08105092495679855
ACH-000223,44819241,0,0.09603935480117798
ACH-000223,46191454,0,0.028603922575712204
ACH-000223,5459322,0,0.11534838378429413
ACH-000223,6253,0,0.014520675875246525
ACH-000223,637858,0,0.031001172959804535
ACH-000223,6918289,0,0.09167086333036423
ACH-000223,6918848,0,0.011024405248463154
ACH-000223,704473,0,0.02133496105670929
ACH-000223,82146,0,0.07844149321317673
ACH-000223,9826528,0,0.037619370967149734
ACH-000223,9858940,0,0.052661437541246414
ACH-000223,9868037,0,0.00484501151368022
ACH-000223,9956222,0,0.03344808518886566
ACH-000225,208908,1,0.5488506555557251
ACH-000225,36462,0,0.07172971218824387
ACH-000225,46844147,0,0.08270980417728424
ACH-000225,5717801,0,0.1199379488825798
ACH-000225,9907093,0,0.34240132570266724
ACH-000226,10127622,0,0.08358341455459595
ACH-000226,10196499,0,0.12665267288684845
ACH-000226,10341154,0,0.6271690726280212
ACH-000226,10459196,0,0.1312689632177353
ACH-000226,11316960,0,0.5895535945892334
ACH-000226,11667893,0,0.059106405824422836
ACH-000226,11676786,0,0.641226589679718
ACH-000226,11713159,0,0.15441763401031494
ACH-000226,11977753,0,0.03459678217768669
ACH-000226,16720766,0,0.10965011268854141
ACH-000226,16747388,0,0.6980458498001099
ACH-000226,20635522,0,0.1253545880317688
ACH-000226,2314623,0,0.19020090997219086
ACH-000226,24785538,0,0.08507343381643295
ACH-000226,25167777,1,0.6582386493682861
ACH-000226,3385,1,0.6024706363677979
ACH-000226,36314,0,0.06758250296115875
ACH-000226,3796,0,0.15982657670974731
ACH-000226,4261,0,0.23612257838249207
ACH-000226,4263900,0,0.1263025850057602
ACH-000226,42640,0,0.190349742770195
ACH-000226,42642645,0,0.3412306308746338
ACH-000226,44224160,1,0.47531628608703613
ACH-000226,44819241,1,0.4996747672557831
ACH-000226,46224516,1,0.5367951989173889
ACH-000226,46844147,0,0.5352262854576111
ACH-000226,46883536,1,0.6204376220703125
ACH-000226,46907787,0,0.2648095488548279
ACH-000226,46930998,0,0.2255401313304901
ACH-000226,49836027,0,0.3727364242076874
ACH-000226,521106,0,0.4864007234573364
ACH-000226,5278396,1,0.21697063744068146
ACH-000226,5280757,0,0.07508846372365952
ACH-000226,5291,0,0.5341017842292786
ACH-000226,5311510,0,0.5006343722343445
ACH-000226,5494449,1,0.48019179701805115
ACH-000226,56965967,0,0.7162039875984192
ACH-000226,60750,0,0.17565526068210602
ACH-000226,637858,0,0.2855035364627838
ACH-000226,644215,1,0.12861937284469604
ACH-000226,6450816,0,0.26624637842178345
ACH-000226,6852167,0,0.8334163427352905
ACH-000226,6918289,0,0.22496934235095978
ACH-000226,6918454,0,0.2647763192653656
ACH-000226,6918638,0,0.7336413860321045
ACH-000226,71271629,1,0.431439071893692
ACH-000226,9826528,0,0.33566245436668396
ACH-000226,9863776,1,0.4413066804409027
ACH-000226,9884685,1,0.6983064413070679
ACH-000226,9938202,0,0.2984987497329712
ACH-000226,9956119,0,0.23929566144943237
ACH-000227,10077147,0,0.003250301582738757
ACH-000227,10172943,0,0.059295229613780975
ACH-000227,104842,0,0.017076505348086357
ACH-000227,11178236,0,0.06879669427871704
ACH-000227,11433190,0,0.21248988807201385
ACH-000227,11707110,0,0.23643271625041962
ACH-000227,11754511,0,0.04989802837371826
ACH-000227,11960529,0,0.09051492810249329
ACH-000227,126565,0,0.010788235813379288
ACH-000227,126941,0,0.020398912951350212
ACH-000227,148124,0,0.07888081669807434
ACH-000227,160355,0,0.03132686764001846
ACH-000227,16663089,0,0.06603789329528809
ACH-000227,16722836,0,0.007344428915530443
ACH-000227,16725726,0,0.8339030742645264
ACH-000227,16747388,0,0.0022120692301541567
ACH-000227,216239,0,0.02044910006225109
ACH-000227,23725625,0,0.022760724648833275
ACH-000227,24180719,0,0.028707483783364296
ACH-000227,24825971,0,0.04584486782550812
ACH-000227,24894414,0,0.013051919639110565
ACH-000227,25022668,0,0.00837699044495821
ACH-000227,25222038,0,0.026721041649580002
ACH-000227,36314,0,0.03450683876872063
ACH-000227,44224160,0,0.015228664502501488
ACH-000227,44462760,0,0.04022148996591568
ACH-000227,44551660,0,0.00825253501534462
ACH-000227,448013,0,0.023240957409143448
ACH-000227,46224516,0,0.009111630730330944
ACH-000227,46885626,0,0.1162434071302414
ACH-000227,5113032,0,0.03633563593029976
ACH-000227,5280757,0,0.09729114174842834
ACH-000227,5291,0,0.27583298087120056
ACH-000227,53340664,0,0.01621081866323948
ACH-000227,5394,0,0.03317240998148918
ACH-000227,560326,0,0.07782533764839172
ACH-000227,644215,0,0.02312002331018448
ACH-000227,6445533,0,0.009754805825650692
ACH-000227,6445562,0,0.02257685549557209
ACH-000227,6710780,0,0.008344911970198154
ACH-000227,6914657,1,0.07150464504957199
ACH-000227,6918454,0,0.029994357377290726
ACH-000227,6918638,0,0.005836730822920799
ACH-000227,704473,0,0.05692674219608307
ACH-000227,71271629,0,0.005466090049594641
ACH-000227,82146,0,0.06727515161037445
ACH-000227,9549184,0,0.08389529585838318
ACH-000227,9826308,0,0.07684823125600815
ACH-000227,9863776,0,0.029905695468187332
ACH-000227,9874913,0,0.15154914557933807
ACH-000227,9911830,0,0.03406665846705437
ACH-000227,9967941,0,0.10392766445875168
ACH-000228,10027278,0,0.016736892983317375
ACH-000228,10074640,0,0.005094739608466625
ACH-000228,10113978,0,0.046184759587049484
ACH-000228,11178236,0,0.0731571838259697
ACH-000228,11338033,0,0.0017123797442764044
ACH-000228,11485656,0,0.010863087140023708
ACH-000228,11713159,0,0.02905912511050701
ACH-000228,24889392,0,0.003875737078487873
ACH-000228,25022668,0,0.006239420268684626
ACH-000228,25126798,0,0.004458684008568525
ACH-000228,46883536,0,0.0021657960023730993
ACH-000228,46885626,0,0.02018875814974308
ACH-000228,521106,0,0.004222535528242588
ACH-000228,5289247,0,0.01659948006272316
ACH-000228,5460769,0,0.031019996851682663
ACH-000228,54676905,0,0.12529781460762024
ACH-000228,66577006,0,0.0009587452514097095
ACH-000228,82146,0,0.031539078801870346
ACH-000228,9874913,0,0.08153717964887619
ACH-000228,9884685,0,0.0020090711768716574
ACH-000228,9967941,0,0.055885199457407
ACH-000231,10074640,0,0.021145381033420563
ACH-000231,10200390,0,0.014024908654391766
ACH-000231,11455910,0,0.13091029226779938
ACH-000231,11634725,0,0.036575619131326675
ACH-000231,16663089,0,0.09400899708271027
ACH-000231,2314623,0,0.0951579213142395
ACH-000231,24785538,0,0.0819537565112114
ACH-000231,24951314,0,0.008185680024325848
ACH-000231,25102847,0,0.05817332863807678
ACH-000231,25124816,0,0.18378573656082153
ACH-000231,25257557,1,0.5658974647521973
ACH-000231,2733526,0,0.07288413494825363
ACH-000231,4261,0,0.10361960530281067
ACH-000231,44137675,0,0.24055598676204681
ACH-000231,44224160,0,0.014553840272128582
ACH-000231,46943432,0,0.009705973789095879
ACH-000231,5329102,0,0.0575580894947052
ACH-000231,53340664,0,0.013372833840548992
ACH-000231,53394750,0,0.14137621223926544
ACH-000231,5460769,0,0.1461814045906067
ACH-000231,5494449,0,0.07266349345445633
ACH-000231,5717801,0,0.0279670562595129
ACH-000231,57339144,0,0.024278447031974792
ACH-000231,7251185,0,0.036471784114837646
ACH-000231,9813758,0,0.01965697854757309
ACH-000231,9956119,0,0.2506273090839386
ACH-000232,11282283,0,0.2245742678642273
ACH-000232,11647372,0,0.03140673041343689
ACH-000232,126565,0,0.03585128113627434
ACH-000232,159324,0,0.03149726241827011
ACH-000232,16722836,0,0.046936243772506714
ACH-000232,24756910,0,0.08647800236940384
ACH-000232,24826799,0,0.14857043325901031
ACH-000232,25124816,0,0.1609625369310379
ACH-000232,25126798,0,0.15861542522907257
ACH-000232,25222038,0,0.04535248875617981
ACH-000232,31703,0,0.021629950031638145
ACH-000232,3796,0,0.06458097696304321
ACH-000232,44632017,0,0.08015505969524384
ACH-000232,46191454,0,0.12006615102291107
ACH-000232,49806720,0,0.18316149711608887
ACH-000232,51371303,0,0.10142742842435837
ACH-000232,54685215,1,0.10588845610618591
ACH-000232,6253,0,0.03204791620373726
ACH-000232,6445562,0,0.08460347354412079
ACH-000232,6450551,0,0.07201419025659561
ACH-000232,6918289,0,0.09160570800304413
ACH-000232,6918638,0,0.022883804515004158
ACH-000232,9863776,0,0.10361820459365845
ACH-000232,9931953,1,0.034320391714572906
ACH-000232,9938202,0,0.2503871023654938
ACH-000232,9956119,0,0.32481348514556885
ACH-000235,10109823,0,0.042665690183639526
ACH-000235,11327430,0,0.007162598427385092
ACH-000235,11493598,0,0.06204146891832352
ACH-000235,11609586,0,0.09447509050369263
ACH-000235,11640390,0,0.36980363726615906
ACH-000235,11713159,0,0.030711445957422256
ACH-000235,1401,0,0.11009698361158371
ACH-000235,24826799,0,0.021514689549803734
ACH-000235,24889392,0,0.008494973182678223
ACH-000235,24978538,0,0.13951575756072998
ACH-000235,25222038,0,0.027440223842859268
ACH-000235,300471,0,0.07300041615962982
ACH-000235,3005532,0,0.11139177531003952
ACH-000235,3218,0,0.06370799988508224
ACH-000235,42640,0,0.04996746405959129
ACH-000235,44450571,0,0.12230154126882553
ACH-000235,46885626,0,0.015610224567353725
ACH-000235,5208,0,0.03525858372449875
ACH-000235,5289247,0,0.09094297140836716
ACH-000235,5330286,0,0.009043282829225063
ACH-000235,644241,0,0.01119216438382864
ACH-000235,6450816,0,0.017455123364925385
ACH-000235,6852167,0,0.01065991073846817
ACH-000235,704473,0,0.017037570476531982
ACH-000235,82146,0,0.03401700034737587
ACH-000235,9813758,0,0.013773507438600063
ACH-000235,9863776,0,0.1065049096941948
ACH-000235,9914412,0,0.0066051725298166275
ACH-000235,9931953,0,0.012192639522254467
ACH-000235,9938202,0,0.0591638945043087
ACH-000236,10341154,0,0.0247254129499197
ACH-000236,10459196,0,0.03822469338774681
ACH-000236,11282283,0,0.09214286506175995
ACH-000236,11640390,0,0.36490777134895325
ACH-000236,126565,0,0.02128772810101509
ACH-000236,148124,0,0.0494336262345314
ACH-000236,16747388,0,0.007939525879919529
ACH-000236,176158,0,0.07616454362869263
ACH-000236,216326,0,0.020516714081168175
ACH-000236,3005532,0,0.10883874446153641
ACH-000236,31703,0,0.009125041775405407
ACH-000236,3463933,0,0.16460208594799042
ACH-000236,447912,0,0.023019900545477867
ACH-000236,46224516,0,0.014689167961478233
ACH-000236,46931012,0,0.006954796612262726
ACH-000236,51371303,0,0.04969772696495056
ACH-000236,521106,0,0.012665200978517532
ACH-000236,5280757,0,0.09826818108558655
ACH-000236,5311,0,0.06468944996595383
ACH-000236,5328940,0,0.020517494529485703
ACH-000236,53302361,0,0.04072524234652519
ACH-000236,60750,0,0.018679779022932053
ACH-000236,6445533,0,0.017003096640110016
ACH-000236,6445562,0,0.0361512154340744
ACH-000236,6753378,0,0.023035943508148193
ACH-000236,6914657,0,0.05607300624251366
ACH-000236,85668777,0,0.25036460161209106
ACH-000236,9826528,0,0.4764724373817444
ACH-000236,9868037,0,0.012737048789858818
ACH-000236,9911830,0,0.02529802732169628
ACH-000236,9914412,0,0.009424526244401932
ACH-000236,9931953,0,0.010645383037626743
ACH-000236,9956222,0,0.026842713356018066
ACH-000238,10074640,0,0.001037671696394682
ACH-000238,10113978,0,0.035913363099098206
ACH-000238,10341154,0,0.0015076237032189965
ACH-000238,11617559,0,0.020266173407435417
ACH-000238,11707110,0,0.6990044116973877
ACH-000238,176158,0,0.022814814001321793
ACH-000238,23725625,0,0.0024570871610194445
ACH-000238,24756910,0,0.0007884656661190093
ACH-000238,24785538,0,0.03838173300027847
ACH-000238,24894414,0,0.0002786022378131747
ACH-000238,3463933,0,0.17722690105438232
ACH-000238,4263900,0,0.004641030915081501
ACH-000238,42640,0,0.01920248754322529
ACH-000238,44137675,0,0.044074345380067825
ACH-000238,44224160,0,0.00043994607403874397
ACH-000238,444795,0,0.004830725025385618
ACH-000238,44551660,0,0.00020681491878349334
ACH-000238,447912,0,0.0004780353920068592
ACH-000238,46191454,0,0.001344401272945106
ACH-000238,46843772,0,0.009824882261455059
ACH-000238,46943432,0,0.00021324367844499648
ACH-000238,521106,0,0.0005965442396700382
ACH-000238,5311497,0,0.0031603588722646236
ACH-000238,5459322,0,0.02518046274781227
ACH-000238,54676905,0,0.05905129015445709
ACH-000238,560326,0,0.028203533962368965
ACH-000238,6450816,0,0.00252143619582057
ACH-000238,6710780,0,0.0014558155089616776
ACH-000238,6918454,0,0.01796610839664936
ACH-000238,82146,0,0.011046304367482662
ACH-000238,9956222,0,0.0011670253006741405
ACH-000238,9967941,0,0.015322921797633171
ACH-000242,10184653,0,0.23517021536827087
ACH-000242,10200390,0,0.04525371268391609
ACH-000242,11152667,0,0.11174395680427551
ACH-000242,11178236,0,0.06106160581111908
ACH-000242,123631,0,0.08424650877714157
ACH-000242,126565,0,0.08899623155593872
ACH-000242,17755052,0,0.05287877842783928
ACH-000242,24826799,0,0.1259007602930069
ACH-000242,24951314,0,0.027425680309534073
ACH-000242,25195352,0,0.07342810183763504
ACH-000242,3005532,0,0.0893130674958229
ACH-000242,42642645,0,0.13220320641994476
ACH-000242,44137675,0,0.05811580270528793
ACH-000242,44450571,0,0.12545768916606903
ACH-000242,46843772,0,0.17080378532409668
ACH-000242,46907787,0,0.06830684840679169
ACH-000242,49806720,0,0.153879314661026
ACH-000242,53340664,1,0.09251809120178223
ACH-000242,53394750,1,0.2706236243247986
ACH-000242,5459322,0,0.12160930782556534
ACH-000242,5460769,1,0.054768532514572144
ACH-000242,54685215,0,0.12159159779548645
ACH-000242,5746,0,0.08614481985569
ACH-000242,6918638,0,0.048894286155700684
ACH-000242,82146,0,0.08963707834482193
ACH-000242,85668777,0,0.13578639924526215
ACH-000242,9813758,0,0.10804980993270874
ACH-000242,9884685,0,0.06206488236784935
ACH-000242,9903786,1,0.07490251213312149
ACH-000242,9911830,0,0.12863780558109283
ACH-000242,9931953,0,0.06802372634410858
ACH-000242,9938202,0,0.222760409116745
ACH-000243,10077147,0,0.00018957364954985678
ACH-000243,10096043,0,0.006848592311143875
ACH-000243,10109823,0,0.01883479580283165
ACH-000243,10384072,0,0.03939487412571907
ACH-000243,10459196,0,0.010439124889671803
ACH-000243,11338033,0,0.0002434952766634524
ACH-000243,11625818,0,0.0003750554460566491
ACH-000243,11640390,0,0.16551902890205383
ACH-000243,11647372,0,0.00020564590522553772
ACH-000243,11960529,0,0.033367425203323364
ACH-000243,17755052,0,0.0009379712864756584
ACH-000243,24180719,0,0.0101449154317379
ACH-000243,24776445,0,0.004465801175683737
ACH-000243,24785538,0,0.03934330493211746
ACH-000243,25167777,0,0.000352037837728858
ACH-000243,2733526,0,0.050450656563043594
ACH-000243,3005532,0,0.14128875732421875
ACH-000243,3385,0,0.0007986786076799035
ACH-000243,36462,0,0.0017795482417568564
ACH-000243,46930998,0,0.002657549921423197
ACH-000243,521106,0,0.000801543821580708
ACH-000243,5278396,0,0.0060434648767113686
ACH-000243,5280757,0,0.16320295631885529
ACH-000243,5327091,0,0.006596073508262634
ACH-000243,560326,0,0.023998720571398735
ACH-000243,637858,0,0.004109633155167103
ACH-000243,644241,0,0.0007536475895904005
ACH-000243,6445562,0,0.002604250330477953
ACH-000243,6450816,0,0.005087730940431356
ACH-000243,704473,0,0.000850384181831032
ACH-000243,9874913,0,0.04103686660528183
ACH-000243,9903786,0,7.577661017421633e-05
ACH-000243,9911830,0,0.0007758847787044942
ACH-000243,9938202,0,0.03463613614439964
ACH-000243,9967941,0,0.02609843760728836
ACH-000244,10109823,0,0.1817135214805603
ACH-000244,10200390,0,0.043191827833652496
ACH-000244,10341154,0,0.05938483029603958
ACH-000244,11609586,0,0.12008324265480042
ACH-000244,11667893,0,0.11096633225679398
ACH-000244,11707110,1,0.39483168721199036
ACH-000244,11960529,0,0.11350423842668533
ACH-000244,126941,0,0.09560707211494446
ACH-000244,2314623,0,0.12714532017707825
ACH-000244,24894414,0,0.11794721335172653
ACH-000244,24978538,0,0.5965147018432617
ACH-000244,25167777,0,0.07434095442295074
ACH-000244,25195352,0,0.05551266297698021
ACH-000244,300471,0,0.051507871598005295
ACH-000244,44450571,0,0.12432288378477097
ACH-000244,44462760,0,0.11877044290304184
ACH-000244,44551660,1,0.07604105025529861
ACH-000244,46883536,0,0.11613382399082184
ACH-000244,521106,0,0.04766618087887764
ACH-000244,5328940,0,0.04995177686214447
ACH-000244,56965967,0,0.08162619918584824
ACH-000244,6445533,0,0.0562533400952816
ACH-000244,6450816,0,0.08858135342597961
ACH-000244,66577006,0,0.12045550346374512
ACH-000244,84691,0,0.09521153569221497
ACH-000244,9874913,0,0.2820321023464203
ACH-000244,9903786,0,0.06667555123567581
ACH-000244,9938202,0,0.1777237057685852
ACH-000245,10077147,1,0.3498954772949219
ACH-000245,10127622,0,0.14505170285701752
ACH-000245,10341154,0,0.34424957633018494
ACH-000245,10390396,0,0.3399992883205414
ACH-000245,11327430,0,0.5646535158157349
ACH-000245,11338033,1,0.8129159212112427
ACH-000245,11373846,1,0.7761006355285645
ACH-000245,11404337,0,0.45555391907691956
ACH-000245,11455910,0,0.07449586689472198
ACH-000245,11493598,0,0.3582259714603424
ACH-000245,11624601,0,0.3480852544307709
ACH-000245,11676786,0,0.48031118512153625
ACH-000245,11707110,0,0.2223236858844757
ACH-000245,11713159,0,0.3334672152996063
ACH-000245,126941,1,0.6034640073776245
ACH-000245,148124,0,0.23105482757091522
ACH-000245,159324,0,0.7032514810562134
ACH-000245,16663089,1,0.6623944640159607
ACH-000245,16760646,1,0.21189723908901215
ACH-000245,17755052,0,0.5391621589660645
ACH-000245,23725625,0,0.4192708730697632
ACH-000245,24825971,1,0.32731160521507263
ACH-000245,24826799,0,0.6007686853408813
ACH-000245,25126798,1,0.9061782360076904
ACH-000245,25222038,0,0.38885679841041565
ACH-000245,25257557,1,0.8843288421630859
ACH-000245,2726824,0,0.1390562802553177
ACH-000245,3005532,0,0.19431942701339722
ACH-000245,3463933,0,0.05307197570800781
ACH-000245,36314,0,0.2557090222835541
ACH-000245,3796,1,0.5181716680526733
ACH-000245,4263900,1,0.19790717959403992
ACH-000245,44224160,1,0.5438088178634644
ACH-000245,44462760,0,0.1790706366300583
ACH-000245,444795,0,0.5140689611434937
ACH-000245,447912,1,0.7308829426765442
ACH-000245,46224516,0,0.3109011948108673
ACH-000245,49821040,0,0.4788508713245392
ACH-000245,5280757,1,0.09449324011802673
ACH-000245,5311497,0,0.29689985513687134
ACH-000245,5460769,0,0.33952096104621887
ACH-000245,56962337,1,0.2572634220123291
ACH-000245,644215,1,0.3106701672077179
ACH-000245,6445533,0,0.4740775525569916
ACH-000245,66577006,1,0.9253594279289246
ACH-000245,6753378,1,0.4531382620334625
ACH-000245,6852167,1,0.6910294890403748
ACH-000245,704473,1,0.9572122693061829
ACH-000245,9826528,0,0.15523473918437958
ACH-000245,9868037,1,0.831189751625061
ACH-000245,9903786,1,0.8016881346702576
ACH-000245,9956222,1,0.7311819195747375
ACH-000247,10074640,0,0.0679292306303978
ACH-000247,10077147,0,0.018886379897594452
ACH-000247,10096043,0,0.05930469185113907
ACH-000247,10184653,0,0.174678772687912
ACH-000247,10341154,0,0.08941536396741867
ACH-000247,10459196,0,0.09013654291629791
ACH-000247,11327430,0,0.05300847813487053
ACH-000247,11485656,0,0.09045187383890152
ACH-000247,11625818,0,0.035297051072120667
ACH-000247,11640390,0,0.25492069125175476
ACH-000247,11647372,0,0.03134071081876755
ACH-000247,11667893,0,0.15913338959217072
ACH-000247,11754511,0,0.07855958491563797
ACH-000247,126565,0,0.05810218304395676
ACH-000247,216326,0,0.0862334817647934
ACH-000247,24180719,0,0.3248034715652466
ACH-000247,24776445,0,0.10244446992874146
ACH-000247,24889392,0,0.06786748766899109
ACH-000247,25022668,0,0.020841754972934723
ACH-000247,25167777,0,0.034365952014923096
ACH-000247,2726824,0,0.11386872828006744
ACH-000247,31703,0,0.04847366362810135
ACH-000247,3463933,1,0.2553791105747223
ACH-000247,42640,0,0.06769048422574997
ACH-000247,42642645,0,0.058380480855703354
ACH-000247,44137675,0,0.08937594294548035
ACH-000247,44143370,0,0.05997423082590103
ACH-000247,446378,0,0.046142417937517166
ACH-000247,5113032,0,0.10607387125492096
ACH-000247,60750,0,0.05986449867486954
ACH-000247,6253,1,0.03050513006746769
ACH-000247,644241,0,0.09418383985757828
ACH-000247,6445533,0,0.0529821552336216
ACH-000247,66577006,0,0.045953262597322464
ACH-000247,6918454,1,0.5890310406684875
ACH-000247,8249,0,0.08420718461275101
ACH-000247,9810884,0,0.35279473662376404
ACH-000247,9903786,0,0.02453514374792576
ACH-000247,9910224,0,0.059760138392448425
ACH-000247,9911830,0,0.07640571147203445
ACH-000247,9938202,0,0.15400700271129608
ACH-000247,9956119,0,0.18097756803035736
ACH-000247,9956222,0,0.07427065074443817
ACH-000248,10184653,1,0.34289953112602234
ACH-000248,10341154,0,0.0950624942779541
ACH-000248,104842,0,0.07579390704631805
ACH-000248,11433190,0,0.19224385917186737
ACH-000248,11624601,1,0.19545017182826996
ACH-000248,11634725,0,0.17802707850933075
ACH-000248,16722836,0,0.05889808386564255
ACH-000248,176158,0,0.14069627225399017
ACH-000248,216326,0,0.11053048819303513
ACH-000248,2314623,1,0.1400638222694397
ACH-000248,24180719,0,0.14887870848178864
ACH-000248,24756910,0,0.08257922530174255
ACH-000248,24772860,0,0.02857317589223385
ACH-000248,24826799,0,0.10173186659812927
ACH-000248,25195352,0,0.05164603888988495
ACH-000248,2733526,0,0.17140670120716095
ACH-000248,3005532,0,0.11180365085601807
ACH-000248,3796,0,0.13926877081394196
ACH-000248,42642645,0,0.07336955517530441
ACH-000248,44143370,0,0.11382975429296494
ACH-000248,44450571,1,0.13187867403030396
ACH-000248,46883536,0,0.06967636197805405
ACH-000248,46931012,0,0.035178955644369125
ACH-000248,5327091,0,0.0710848793387413
ACH-000248,53302361,0,0.11583106219768524
ACH-000248,53394750,0,0.4399223029613495
ACH-000248,5459322,1,0.106385737657547
ACH-000248,54676905,0,0.2358962446451187
ACH-000248,56965967,0,0.05556504800915718
ACH-000248,644241,0,0.09681623429059982
ACH-000248,6445533,0,0.04187566787004471
ACH-000248,6450551,0,0.11523312330245972
ACH-000248,66577006,0,0.04994811862707138
ACH-000248,6918454,0,0.13809537887573242
ACH-000248,704473,0,0.12981298565864563
ACH-000248,84691,0,0.18032127618789673
ACH-000248,9858940,0,0.09572841972112656
ACH-000248,9874913,1,0.20384429395198822
ACH-000248,9903786,0,0.05122006684541702
ACH-000248,9931953,0,0.13943010568618774
ACH-000248,9952773,0,0.07253312319517136
ACH-000249,10196499,0,0.06476985663175583
ACH-000249,10302451,0,0.0239212978631258
ACH-000249,10451420,0,0.010242711752653122
ACH-000249,104842,0,0.00463466951623559
ACH-000249,11152667,0,0.010560669004917145
ACH-000249,11282283,0,0.015048296190798283
ACH-000249,11316960,0,0.6231056451797485
ACH-000249,11485656,0,0.018492065370082855
ACH-000249,11977753,0,0.005418749060481787
ACH-000249,156422,0,0.015756377950310707
ACH-000249,159324,0,0.00031798044801689684
ACH-000249,160355,0,0.003761859377846122
ACH-000249,16095342,0,0.04536711797118187
ACH-000249,16725726,0,0.15719923377037048
ACH-000249,16760646,0,0.041850198060274124
ACH-000249,176167,0,0.03289901092648506
ACH-000249,208908,0,0.0382852628827095
ACH-000249,2375,0,0.007979716174304485
ACH-000249,25102847,0,0.044922005385160446
ACH-000249,25124816,0,0.051427677273750305
ACH-000249,25167777,0,0.000638055382296443
ACH-000249,25195352,0,0.0033098876010626554
ACH-000249,2733526,0,0.013972925022244453
ACH-000249,3005532,0,0.0327787809073925
ACH-000249,3218,0,0.025068877264857292
ACH-000249,387447,0,0.1405695676803589
ACH-000249,44182295,1,0.8106863498687744
ACH-000249,44224160,0,0.0009122381452471018
ACH-000249,444795,0,0.01604258455336094
ACH-000249,4993,0,0.04796281456947327
ACH-000249,5311,0,0.025520682334899902
ACH-000249,5327091,0,0.007680760696530342
ACH-000249,5328940,0,0.003046864178031683
ACH-000249,644241,0,0.004790624603629112
ACH-000249,6450551,0,0.015276012010872364
ACH-000249,6505803,0,0.022508971393108368
ACH-000249,66577006,0,0.000484036369016394
ACH-000249,6914657,0,0.019522840157151222
ACH-000249,6918848,0,0.0012891993392258883
ACH-000249,71271629,0,0.001058535766787827
ACH-000249,9549184,0,0.010877268388867378
ACH-000249,9907093,0,0.08707866817712784
ACH-000250,10077147,0,0.004632667638361454
ACH-000250,10113978,0,0.20841170847415924
ACH-000250,10341154,0,0.018273677676916122
ACH-000250,10384072,0,0.08765505254268646
ACH-000250,10451420,0,0.013821305707097054
ACH-000250,11282283,0,0.11286724358797073
ACH-000250,11493598,0,0.0359828919172287
ACH-000250,11617559,0,0.1078011766076088
ACH-000250,11713159,0,0.060707125812768936
ACH-000250,11977753,0,0.06425191462039948
ACH-000250,126941,1,0.018463553860783577
ACH-000250,156422,0,0.14055368304252625
ACH-000250,159324,0,0.010711519047617912
ACH-000250,176167,0,0.07412062585353851
ACH-000250,25195352,0,0.017697297036647797
ACH-000250,2726824,0,0.1312100887298584
ACH-000250,3005532,0,0.1859588921070099
ACH-000250,3218,0,0.04553904011845589
ACH-000250,3385,0,0.013222740031778812
ACH-000250,42640,0,0.11505421251058578
ACH-000250,44182295,0,0.04735621437430382
ACH-000250,44632017,0,0.04756723716855049
ACH-000250,46191454,0,0.01758158579468727
ACH-000250,46224516,0,0.007688138633966446
ACH-000250,51371303,0,0.03985187038779259
ACH-000250,5311,0,0.03666069358587265
ACH-000250,53340664,0,0.009597796015441418
ACH-000250,5394,0,0.06171577796339989
ACH-000250,6445533,0,0.009478717111051083
ACH-000250,6445562,0,0.02509603463113308
ACH-000250,6450551,0,0.03728518635034561
ACH-000250,6852167,0,0.010037328116595745
ACH-000250,9858940,0,0.05870301276445389
ACH-000250,9952773,0,0.014222873374819756
ACH-000254,10027278,0,0.05142298713326454
ACH-000254,10096043,0,0.04924992844462395
ACH-000254,10196499,0,0.20220255851745605
ACH-000254,104842,0,0.019537320360541344
ACH-000254,11327430,0,0.011961087584495544
ACH-000254,11455910,0,0.09336831420660019
ACH-000254,11626927,0,0.02128196693956852
ACH-000254,11640390,0,0.19860205054283142
ACH-000254,11844351,0,0.05779435113072395
ACH-000254,11977753,0,0.0830661877989769
ACH-000254,159324,0,0.015277847647666931
ACH-000254,24772860,0,0.006667228881269693
ACH-000254,24826799,0,0.04133900627493858
ACH-000254,25124816,0,0.19452597200870514
ACH-000254,25262965,0,0.04587662220001221
ACH-000254,3005532,0,0.16794352233409882
ACH-000254,36314,0,0.04823879897594452
ACH-000254,44450571,0,0.13831950724124908
ACH-000254,446378,0,0.10749896615743637
ACH-000254,46844147,0,0.01763530820608139
ACH-000254,46907787,0,0.08308431506156921
ACH-000254,5311510,0,0.03798529878258705
ACH-000254,5329102,0,0.05400544032454491
ACH-000254,5330286,0,0.01037133764475584
ACH-000254,5384616,0,0.06300710886716843
ACH-000254,5460769,0,0.0649665966629982
ACH-000254,560326,0,0.07852664589881897
ACH-000254,57339144,0,0.027600659057497978
ACH-000254,644215,0,0.03088664822280407
ACH-000254,6445562,0,0.0499010905623436
ACH-000254,6852167,0,0.008963528089225292
ACH-000254,6918638,0,0.003343062475323677
ACH-000254,8249,0,0.026222430169582367
ACH-000254,9549184,0,0.07344570755958557
ACH-000254,9910224,0,0.014146288856863976
ACH-000254,9914412,0,0.0055436911061406136
ACH-000257,10127622,0,0.06776635348796844
ACH-000257,10451420,1,0.3395101726055145
ACH-000257,11178236,0,0.057176828384399414
ACH-000257,11282283,1,0.284685879945755
ACH-000257,11485656,0,0.20385783910751343
ACH-000257,11624601,0,0.10301852226257324
ACH-000257,11707110,0,0.11869695037603378
ACH-000257,11713159,0,0.04709098860621452
ACH-000257,11754511,1,0.4625735282897949
ACH-000257,16747388,0,0.0640888661146164
ACH-000257,20635522,0,0.1174798458814621
ACH-000257,24756910,0,0.3135451078414917
ACH-000257,24776445,0,0.09699875861406326
ACH-000257,24785538,0,0.08127809315919876
ACH-000257,24951314,0,0.07695431262254715
ACH-000257,24978538,1,0.6845030188560486
ACH-000257,25257557,1,0.8200206756591797
ACH-000257,36314,0,0.07418157160282135
ACH-000257,387447,0,0.1532514989376068
ACH-000257,44137675,0,0.06695222109556198
ACH-000257,447912,0,0.24918216466903687
ACH-000257,448013,0,0.058281634002923965
ACH-000257,46191454,1,0.3718663156032562
ACH-000257,49836027,0,0.10951943695545197
ACH-000257,5289247,0,0.10406042635440826
ACH-000257,53340664,0,0.15046259760856628
ACH-000257,5460769,0,0.1121298223733902
ACH-000257,54685215,0,0.08696829527616501
ACH-000257,56962337,0,0.2518300414085388
ACH-000257,6445562,0,0.27783140540122986
ACH-000257,6450816,0,0.11486390233039856
ACH-000257,6753378,0,0.14664950966835022
ACH-000257,6918638,0,0.12235032021999359
ACH-000257,85668777,0,0.1520017385482788
ACH-000257,9826308,0,0.11999834328889847
ACH-000257,9874913,0,0.29994121193885803
ACH-000257,9884685,1,0.235215425491333
ACH-000257,9938202,0,0.12679803371429443
ACH-000258,10127622,0,0.42497092485427856
ACH-000258,10200390,0,0.11446069180965424
ACH-000258,11178236,0,0.05490129068493843
ACH-000258,11282283,0,0.1794048249721527
ACH-000258,11316960,1,0.8699945211410522
ACH-000258,11433190,1,0.8352991938591003
ACH-000258,11626927,0,0.22558826208114624
ACH-000258,11634725,1,0.5397685766220093
ACH-000258,11667893,0,0.1324751228094101
ACH-000258,11960529,0,0.367926687002182
ACH-000258,16720766,1,0.1505092829465866
ACH-000258,16760646,0,0.16175340116024017
ACH-000258,17755052,0,0.16516676545143127
ACH-000258,216326,0,0.5050553679466248
ACH-000258,24951314,0,0.19756484031677246
ACH-000258,25195352,0,0.1037842333316803
ACH-000258,44462760,1,0.8337980508804321
ACH-000258,444795,0,0.4167049825191498
ACH-000258,44819241,0,0.3321143090724945
ACH-000258,46931012,0,0.17964960634708405
ACH-000258,4993,0,0.11982371658086777
ACH-000258,5311510,0,0.3044721484184265
ACH-000258,5327091,0,0.17574550211429596
ACH-000258,5460769,0,0.21472015976905823
ACH-000258,5494449,0,0.2814095914363861
ACH-000258,56962337,0,0.27767905592918396
ACH-000258,56965967,0,0.18713809549808502
ACH-000258,5717801,0,0.11169524490833282
ACH-000258,57339144,1,0.279455304145813
ACH-000258,60750,0,0.1105935126543045
ACH-000258,644215,0,0.08589030802249908
ACH-000258,6852167,0,0.3315407633781433
ACH-000258,6914657,0,0.05542758107185364
ACH-000258,6918289,0,0.3135846257209778
ACH-000258,704473,1,0.660174548625946
ACH-000258,71271629,0,0.30540427565574646
ACH-000258,76044,0,0.1857394576072693
ACH-000258,82146,0,0.22443167865276337
ACH-000258,84691,0,0.826363205909729
ACH-000258,85668777,0,0.09916966408491135
ACH-000258,9810884,1,0.9425594210624695
ACH-000258,9826528,1,0.8320475816726685
ACH-000258,9874913,1,0.14950791001319885
ACH-000258,9903786,0,0.2677322030067444
ACH-000258,9910224,0,0.41554924845695496
ACH-000258,9952773,0,0.13650454580783844
ACH-000260,10127622,0,0.3953057527542114
ACH-000260,10451420,0,0.1574663519859314
ACH-000260,10459196,0,0.08593138307332993
ACH-000260,11316960,0,0.4138055443763733
ACH-000260,11647372,0,0.018677977845072746
ACH-000260,11754511,0,0.0627848282456398
ACH-000260,11960529,0,0.20475688576698303
ACH-000260,126565,0,0.05357758328318596
ACH-000260,159324,0,0.018352800980210304
ACH-000260,16722836,0,0.02936035394668579
ACH-000260,16725726,0,0.22966395318508148
ACH-000260,17755052,0,0.04042186588048935
ACH-000260,24772860,0,0.0207308828830719
ACH-000260,24785538,0,0.15079040825366974
ACH-000260,24826799,0,0.051602721214294434
ACH-000260,25102847,0,0.14571310579776764
ACH-000260,25126798,0,0.04908313974738121
ACH-000260,25195352,0,0.04540378972887993
ACH-000260,3463933,0,0.1876773238182068
ACH-000260,44137675,0,0.08713198453187943
ACH-000260,44143370,0,0.05940017104148865
ACH-000260,44224160,0,0.02243904583156109
ACH-000260,44551660,0,0.02812654711306095
ACH-000260,448013,0,0.044245265424251556
ACH-000260,46931012,0,0.016014067456126213
ACH-000260,5311497,0,0.038699351251125336
ACH-000260,53394750,1,0.21566753089427948
ACH-000260,54676905,0,0.08723437786102295
ACH-000260,6445533,0,0.036602482199668884
ACH-000260,6753378,0,0.04332469031214714
ACH-000260,6918848,1,0.03361576050519943
ACH-000260,9810884,0,0.5062949657440186
ACH-000260,9910224,0,0.06262826919555664
ACH-000260,9931953,0,0.03780345991253853
ACH-000260,9938202,0,0.15623262524604797
ACH-000260,9956119,0,0.21732541918754578
ACH-000260,9956222,0,0.05078298971056938
ACH-000264,10074640,0,0.023234786465764046
ACH-000264,10096043,0,0.0156888198107481
ACH-000264,10461815,0,0.09206315129995346
ACH-000264,11152667,0,0.02619236521422863
ACH-000264,11178236,0,0.02252628654241562
ACH-000264,11316960,0,0.29302600026130676
ACH-000264,11433190,0,0.5047510266304016
ACH-000264,11455910,0,0.07165540009737015
ACH-000264,11624601,0,0.01828233152627945
ACH-000264,11960529,0,0.06916636228561401
ACH-000264,159324,0,0.0041757868602871895
ACH-000264,16720766,0,0.02629903331398964
ACH-000264,17755052,0,0.008001347072422504
ACH-000264,216326,0,0.02057255245745182
ACH-000264,23725625,0,0.022466465830802917
ACH-000264,2375,0,0.021030012518167496
ACH-000264,24951314,0,0.0020185508765280247
ACH-000264,25124816,0,0.08473470062017441
ACH-000264,25222038,0,0.012731767259538174
ACH-000264,3062316,0,0.09796281903982162
ACH-000264,36314,0,0.012714289128780365
ACH-000264,36462,0,0.009440483525395393
ACH-000264,42640,0,0.03898221626877785
ACH-000264,44224160,0,0.005586263258010149
ACH-000264,46191454,0,0.01736241579055786
ACH-000264,46885626,0,0.028421888127923012
ACH-000264,46907787,0,0.01953914202749729
ACH-000264,5113032,0,0.032088521867990494
ACH-000264,5291,0,0.22976678609848022
ACH-000264,5311497,0,0.010490714572370052
ACH-000264,5311510,0,0.0361701101064682
ACH-000264,53302361,0,0.028801441192626953
ACH-000264,5330286,0,0.009834888391196728
ACH-000264,5394,0,0.05369123816490173
ACH-000264,5459322,0,0.05019499361515045
ACH-000264,5460769,0,0.01802779920399189
ACH-000264,54676905,0,0.04492532089352608
ACH-000264,5494449,0,0.03797926381230354
ACH-000264,5717801,0,0.0136112617328763
ACH-000264,5746,0,0.022345392033457756
ACH-000264,6445562,0,0.00908267218619585
ACH-000264,76044,0,0.023553842678666115
ACH-000264,9810884,0,0.3132908344268799
ACH-000264,9884685,0,0.006202423945069313
ACH-000264,9943465,0,0.060808032751083374
ACH-000267,10027278,0,0.032542694360017776
ACH-000267,10113978,0,0.14571787416934967
ACH-000267,10127622,0,0.15331746637821198
ACH-000267,10172943,0,0.06876522302627563
ACH-000267,10390396,0,0.10408198833465576
ACH-000267,10461815,0,0.10226868093013763
ACH-000267,11493598,0,0.07493992149829865
ACH-000267,11625818,0,0.032445985823869705
ACH-000267,11667893,0,0.06557108461856842
ACH-000267,126941,0,0.09773515909910202
ACH-000267,176167,0,0.12198550999164581
ACH-000267,17755052,0,0.030893636867403984
ACH-000267,216239,0,0.049803245812654495
ACH-000267,23725625,0,0.0369674451649189
ACH-000267,25022668,0,0.012814914807677269
ACH-000267,25167777,0,0.03451143205165863
ACH-000267,2726824,0,0.06352685391902924
ACH-000267,3218,0,0.04112187400460243
ACH-000267,3463933,0,0.14867515861988068
ACH-000267,36314,0,0.03662962466478348
ACH-000267,444795,1,0.08457079529762268
ACH-000267,446378,0,0.06329862773418427
ACH-000267,46930998,0,0.06133680418133736
ACH-000267,46943432,0,0.07512100785970688
ACH-000267,49821040,0,0.18885913491249084
ACH-000267,49836027,0,0.09398799389600754
ACH-000267,5311497,0,0.023763060569763184
ACH-000267,5327091,0,0.02077113278210163
ACH-000267,5459322,0,0.07440929114818573
ACH-000267,54685215,0,0.09476818889379501
ACH-000267,56965967,0,0.03902875632047653
ACH-000267,5717801,1,0.06967898458242416
ACH-000267,6918848,0,0.04353336989879608
ACH-000267,76044,0,0.053320255130529404
ACH-000267,9863776,0,0.026427479460835457
ACH-000267,9903786,0,0.02838408201932907
ACH-000267,9967941,0,0.039803169667720795
ACH-000269,11282283,1,0.08016402274370193
ACH-000269,11624601,0,0.03152324631810188
ACH-000269,11626927,0,0.05415157228708267
ACH-000269,11647372,0,0.03307708352804184
ACH-000269,11977753,0,0.035784829407930374
ACH-000269,123631,0,0.03367358073592186
ACH-000269,126565,0,0.037818387150764465
ACH-000269,126941,0,0.12806180119514465
ACH-000269,16038120,0,0.12897077202796936
ACH-000269,16720766,0,0.06147046014666557
ACH-000269,20635522,0,0.07479050010442734
ACH-000269,24951314,0,0.02384234592318535
ACH-000269,25195352,0,0.04356616362929344
ACH-000269,300471,0,0.04931122064590454
ACH-000269,387447,0,0.23811113834381104
ACH-000269,42642645,0,0.06747744232416153
ACH-000269,44462760,0,0.4947167932987213
ACH-000269,44819241,0,0.12311775982379913
ACH-000269,46224516,0,0.06005208194255829
ACH-000269,46844147,0,0.07619813829660416
ACH-000269,46931012,0,0.02690613456070423
ACH-000269,49836027,0,0.09202071279287338
ACH-000269,5327091,0,0.03280548006296158
ACH-000269,53302361,0,0.09698881953954697
ACH-000269,53340664,0,0.06887456774711609
ACH-000269,5494449,0,0.07331985235214233
ACH-000269,560326,0,0.09581362456083298
ACH-000269,57339144,0,0.08894003927707672
ACH-000269,6450816,0,0.048491887748241425
ACH-000269,9826528,0,0.3266124129295349
ACH-000269,9858940,0,0.0677947923541069
ACH-000269,9868037,0,0.0427476167678833
ACH-000269,9907093,0,0.17928320169448853
ACH-000269,9910224,0,0.09327520430088043
ACH-000269,9911830,0,0.11435678601264954
ACH-000269,9938202,0,0.16668100655078888
ACH-000269,9956119,0,0.17137491703033447
ACH-000270,10027278,0,0.20865468680858612
ACH-000270,10451420,0,0.09898632764816284
ACH-000270,11282283,0,0.1614336222410202
ACH-000270,11647372,0,0.058646876364946365
ACH-000270,11754511,0,0.05466895177960396
ACH-000270,16747388,0,0.046984076499938965
ACH-000270,24772860,0,0.05849073827266693
ACH-000270,24889392,0,0.05833887308835983
ACH-000270,25022668,1,0.15033166110515594
ACH-000270,25124816,0,0.28344690799713135
ACH-000270,25126798,0,0.11132734268903732
ACH-000270,25257557,1,0.3743876814842224
ACH-000270,3218,0,0.18783314526081085
ACH-000270,36462,0,0.12075691670179367
ACH-000270,3796,0,0.21675725281238556
ACH-000270,44137675,0,0.24186433851718903
ACH-000270,44143370,0,0.17001894116401672
ACH-000270,46191454,0,0.07242462784051895
ACH-000270,46883536,1,0.07252413779497147
ACH-000270,49806720,0,0.12964823842048645
ACH-000270,560326,0,0.2357783317565918
ACH-000270,66577006,0,0.04434661939740181
ACH-000270,6753378,0,0.07638214528560638
ACH-000270,6852167,0,0.06101787090301514
ACH-000270,6918848,0,0.07068049162626266
ACH-000270,9911830,0,0.14293023943901062
ACH-000270,9956222,0,0.08509616553783417
ACH-000271,10074640,0,0.6383858323097229
ACH-000271,10127622,0,0.1213272213935852
ACH-000271,10196499,0,0.19135557115077972
ACH-000271,11282283,1,0.5575305819511414
ACH-000271,11609586,0,0.29634201526641846
ACH-000271,11617559,1,0.32796967029571533
ACH-000271,11625818,1,0.811471700668335
ACH-000271,11667893,0,0.08338364213705063
ACH-000271,156422,0,0.22799600660800934
ACH-000271,176167,0,0.4117189943790436
ACH-000271,17755052,1,0.7257111072540283
ACH-000271,25195352,0,0.3820212781429291
ACH-000271,25257557,1,0.943503737449646
ACH-000271,2733526,1,0.4297155439853668
ACH-000271,42642645,0,0.35385170578956604
ACH-000271,44450571,0,0.14042623341083527
ACH-000271,44632017,0,0.23423290252685547
ACH-000271,44819241,0,0.4663570523262024
ACH-000271,46885626,1,0.8921663165092468
ACH-000271,49806720,1,0.7989996075630188
ACH-000271,5113032,1,0.8367798328399658
ACH-000271,53302361,1,0.2830889821052551
ACH-000271,53340664,0,0.7438421249389648
ACH-000271,53394750,1,0.9923071265220642
ACH-000271,5394,1,0.5663626790046692
ACH-000271,57339144,1,0.6340183615684509
ACH-000271,9810884,1,0.9789314866065979
ACH-000271,9903786,0,0.8879616260528564
ACH-000271,9911830,1,0.8293417692184448
ACH-000271,9914412,1,0.5402539968490601
ACH-000271,9931953,0,0.08372986316680908
ACH-000271,9952773,1,0.7120718359947205
ACH-000271,9956119,1,0.5186922550201416
ACH-000273,10109823,0,0.09335383772850037
ACH-000273,10184653,0,0.22748644649982452
ACH-000273,10196499,0,0.15478666126728058
ACH-000273,10390396,0,0.25240617990493774
ACH-000273,11373846,0,0.2635049819946289
ACH-000273,11485656,1,0.3380638062953949
ACH-000273,11624601,1,0.08522059768438339
ACH-000273,11625818,0,0.21729975938796997
ACH-000273,11713159,0,0.07289113849401474
ACH-000273,11960529,0,0.16162501275539398
ACH-000273,156422,0,0.11707600206136703
ACH-000273,159324,0,0.1527407169342041
ACH-000273,16722836,0,0.16987740993499756
ACH-000273,176167,0,0.20692339539527893
ACH-000273,20635522,0,0.20551995933055878
ACH-000273,216239,0,0.1509190946817398
ACH-000273,2375,0,0.09766411781311035
ACH-000273,24772860,0,0.06533259898424149
ACH-000273,24785538,0,0.2098960429430008
ACH-000273,24825971,0,0.2085929661989212
ACH-000273,24826799,0,0.11990289390087128
ACH-000273,24978538,0,0.51848304271698
ACH-000273,3218,0,0.0812930092215538
ACH-000273,36462,0,0.0742376297712326
ACH-000273,3796,0,0.1789817363023758
ACH-000273,387447,0,0.17498059570789337
ACH-000273,44224160,0,0.1195097342133522
ACH-000273,44462760,0,0.29316267371177673
ACH-000273,446378,0,0.07745325565338135
ACH-000273,44819241,0,0.23639395833015442
ACH-000273,46191454,0,0.19407637417316437
ACH-000273,462382,0,0.1906157284975052
ACH-000273,46943432,0,0.3771379292011261
ACH-000273,49836027,0,0.18638263642787933
ACH-000273,521106,0,0.15073895454406738
ACH-000273,5280757,0,0.0783984512090683
ACH-000273,5289247,0,0.38342854380607605
ACH-000273,5291,0,0.36453595757484436
ACH-000273,5311510,0,0.16648930311203003
ACH-000273,5384616,1,0.14650166034698486
ACH-000273,5494449,0,0.26098841428756714
ACH-000273,56965967,0,0.20813272893428802
ACH-000273,5717801,0,0.10931892693042755
ACH-000273,6253,0,0.10335279256105423
ACH-000273,637858,1,0.09246740490198135
ACH-000273,6445533,0,0.103430837392807
ACH-000273,6710780,0,0.09842690825462341
ACH-000273,6918848,0,0.16899974644184113
ACH-000273,704473,1,0.32035306096076965
ACH-000273,76044,0,0.21272793412208557
ACH-000273,9810884,0,0.734634280204773
ACH-000273,9907093,0,0.2790173888206482
ACH-000273,9910224,1,0.14834724366664886
ACH-000277,10077147,0,0.0035657433327287436
ACH-000277,10113978,0,0.08760110288858414
ACH-000277,10184653,1,0.7997655272483826
ACH-000277,104842,0,0.01087742205709219
ACH-000277,11178236,0,0.047705814242362976
ACH-000277,11373846,0,0.016784269362688065
ACH-000277,11455910,0,0.036645375192165375
ACH-000277,11609586,0,0.051130034029483795
ACH-000277,11960529,0,0.04984767735004425
ACH-000277,11977753,0,0.04512976482510567
ACH-000277,126941,0,0.017360463738441467
ACH-000277,1401,0,0.13556213676929474
ACH-000277,25195352,0,0.023914072662591934
ACH-000277,25257557,0,0.7983391284942627
ACH-000277,3218,0,0.038576871156692505
ACH-000277,4263900,0,0.020259177312254906
ACH-000277,44143370,0,0.05970245972275734
ACH-000277,44224160,0,0.012571558356285095
ACH-000277,444795,1,0.04686403647065163
ACH-000277,446378,0,0.1006038635969162
ACH-000277,46191454,0,0.03568454086780548
ACH-000277,46930998,1,0.07238607108592987
ACH-000277,5311,0,0.038666706532239914
ACH-000277,5327091,0,0.020343275740742683
ACH-000277,5460769,0,0.1355520486831665
ACH-000277,56965967,0,0.008718675933778286
ACH-000277,57339144,0,0.030709734186530113
ACH-000277,644241,0,0.011584748513996601
ACH-000277,6450816,0,0.038539573550224304
ACH-000277,6710780,0,0.01399433333426714
ACH-000277,9826528,0,0.05153915286064148
ACH-000277,9903786,0,0.005173323210328817
ACH-000277,9911830,0,0.018173933029174805
ACH-000287,10109823,0,0.1851961761713028
ACH-000287,10127622,0,0.1517455279827118
ACH-000287,11316960,0,0.3884562849998474
ACH-000287,11617559,1,0.2536141276359558
ACH-000287,11625818,1,0.7189169526100159
ACH-000287,11676786,0,0.5240169763565063
ACH-000287,11960529,0,0.22620688378810883
ACH-000287,126941,0,0.7821854948997498
ACH-000287,160355,0,0.40131130814552307
ACH-000287,16663089,0,0.6546858549118042
ACH-000287,17755052,1,0.6286647319793701
ACH-000287,24180719,1,0.29860490560531616
ACH-000287,24756910,1,0.8294351100921631
ACH-000287,24772860,0,0.5320220589637756
ACH-000287,24894414,1,0.9178612232208252
ACH-000287,3218,1,0.09602314978837967
ACH-000287,3385,1,0.6074309349060059
ACH-000287,3796,0,0.20473326742649078
ACH-000287,42640,0,0.0942940041422844
ACH-000287,44143370,1,0.3326275050640106
ACH-000287,44632017,0,0.19009077548980713
ACH-000287,46191454,1,0.8919469714164734
ACH-000287,46844147,0,0.5782209038734436
ACH-000287,5311,1,0.3687201738357544
ACH-000287,5311497,0,0.15007516741752625
ACH-000287,53302361,1,0.19924727082252502
ACH-000287,5394,0,0.2088260054588318
ACH-000287,5459322,0,0.1512797325849533
ACH-000287,54685215,0,0.06169373542070389
ACH-000287,5494449,0,0.3555906414985657
ACH-000287,5717801,0,0.418302059173584
ACH-000287,5746,0,0.11043182015419006
ACH-000287,644215,0,0.18102477490901947
ACH-000287,6918848,1,0.7895640730857849
ACH-000287,84691,1,0.41886377334594727
ACH-000287,9549184,1,0.5466472506523132
ACH-000287,9810884,1,0.8952036499977112
ACH-000287,9967941,0,0.1008158028125763
ACH-000288,10077147,0,5.291847404720329e-09
ACH-000288,10384072,0,0.00036217394517734647
ACH-000288,11433190,0,0.0011923868441954255
ACH-000288,11609586,0,0.00011112593347206712
ACH-000288,11960529,0,0.0005631450330838561
ACH-000288,123631,0,0.002686541061848402
ACH-000288,126565,0,4.0098609588312684e-07
ACH-000288,17755052,0,1.1989585573246586e-06
ACH-000288,24180719,0,3.175139499944635e-05
ACH-000288,25262965,0,2.075258998956997e-05
ACH-000288,2726824,0,0.0018819118849933147
ACH-000288,444795,0,7.79604961280711e-05
ACH-000288,5311,0,4.777504364028573e-05
ACH-000288,5330286,0,1.207896076493853e-07
ACH-000288,9943465,1,0.011632934212684631
ACH-000290,10027278,0,0.04085124656558037
ACH-000290,10172943,0,0.08252190053462982
ACH-000290,10196499,0,0.14038300514221191
ACH-000290,10200390,0,0.049343809485435486
ACH-000290,10459196,0,0.04409850016236305
ACH-000290,11178236,0,0.037833936512470245
ACH-000290,11316960,0,0.07091762870550156
ACH-000290,11493598,0,0.2481861114501953
ACH-000290,11625818,0,0.11878295242786407
ACH-000290,11977753,0,0.0372440442442894
ACH-000290,126565,0,0.08395320177078247
ACH-000290,148124,0,0.06120358034968376
ACH-000290,16720766,0,0.050849780440330505
ACH-000290,176158,0,0.11676454544067383
ACH-000290,216326,0,0.131377175450325
ACH-000290,2733526,0,0.1662471741437912
ACH-000290,3385,0,0.12670403718948364
ACH-000290,3463933,0,0.11604876071214676
ACH-000290,4263900,0,0.060010090470314026
ACH-000290,44224160,0,0.07114775478839874
ACH-000290,446378,0,0.05421677231788635
ACH-000290,46930998,0,0.035667214542627335
ACH-000290,49806720,1,0.17968329787254333
ACH-000290,4993,0,0.18036192655563354
ACH-000290,5113032,0,0.14667189121246338
ACH-000290,5311510,0,0.12783105671405792
ACH-000290,5329102,0,0.14406442642211914
ACH-000290,53394750,0,0.3802039325237274
ACH-000290,60750,0,0.049737073481082916
ACH-000290,6253,0,0.05235080420970917
ACH-000290,6450816,0,0.035399388521909714
ACH-000290,65110,0,0.4103160500526428
ACH-000290,6914657,0,0.07088720053434372
ACH-000290,6918848,0,0.11369418352842331
ACH-000290,82146,0,0.09219486266374588
ACH-000290,8249,0,0.12859024107456207
ACH-000290,9826308,0,0.10876796394586563
ACH-000290,9826528,0,0.08517123758792877
ACH-000290,9863776,0,0.12418980151414871
ACH-000290,9938202,0,0.18892288208007812
ACH-000290,9967941,1,0.14800958335399628
ACH-000291,10127622,0,0.730941653251648
ACH-000291,104842,0,0.06367206573486328
ACH-000291,11178236,0,0.08752331137657166
ACH-000291,11282283,0,0.03771032765507698
ACH-000291,11327430,0,0.048492297530174255
ACH-000291,123631,0,0.10011544823646545
ACH-000291,16747388,0,0.03254931420087814
ACH-000291,24180719,0,0.6618881225585938
ACH-000291,24776445,0,0.15039405226707458
ACH-000291,24826799,0,0.030844280496239662
ACH-000291,24978538,1,0.1986067146062851
ACH-000291,25124816,0,0.15120624005794525
ACH-000291,25222038,0,0.0780465379357338
ACH-000291,3005532,0,0.3265005052089691
ACH-000291,31703,0,0.08899292349815369
ACH-000291,42642645,0,0.037521179765462875
ACH-000291,44182295,1,0.8377851843833923
ACH-000291,44224160,0,0.02006916143000126
ACH-000291,44450571,0,0.2019892781972885
ACH-000291,444795,0,0.0768444612622261
ACH-000291,446378,0,0.12932085990905762
ACH-000291,46191454,0,0.04254378750920296
ACH-000291,46224516,0,0.053303565829992294
ACH-000291,49806720,0,0.03533535078167915
ACH-000291,5278396,0,0.08511678874492645
ACH-000291,5311,0,0.09712463617324829
ACH-000291,5460769,0,0.11111970990896225
ACH-000291,54685215,0,0.22588090598583221
ACH-000291,560326,0,0.09252417087554932
ACH-000291,56962337,0,0.10640723258256912
ACH-000291,57339144,0,0.0768868550658226
ACH-000291,644241,1,0.05829731747508049
ACH-000291,6914657,0,0.08678261935710907
ACH-000291,6918638,0,0.026851825416088104
ACH-000291,82146,0,0.09654848277568817
ACH-000291,9931953,0,0.1212553083896637
ACH-000291,9938202,0,0.117889903485775
ACH-000292,10200390,0,0.020670782774686813
ACH-000292,10451420,0,0.046117980033159256
ACH-000292,11316960,0,0.052064187824726105
ACH-000292,11338033,0,0.03698594123125076
ACH-000292,11373846,0,0.06746111065149307
ACH-000292,11433190,0,0.20006293058395386
ACH-000292,11624601,0,0.0796717032790184
ACH-000292,11634725,0,0.05450083315372467
ACH-000292,11754511,0,0.08489003777503967
ACH-000292,11960529,0,0.1622844785451889
ACH-000292,123631,0,0.11192429810762405
ACH-000292,156422,1,0.22721357643604279
ACH-000292,24180719,0,0.04492243751883507
ACH-000292,24776445,0,0.05696408078074455
ACH-000292,24785538,0,0.08533130586147308
ACH-000292,24889392,0,0.06707069277763367
ACH-000292,25022668,0,0.019993053749203682
ACH-000292,25102847,0,0.12643194198608398
ACH-000292,25257557,1,0.6201987862586975
ACH-000292,300471,0,0.09802258014678955
ACH-000292,31703,0,0.02961723692715168
ACH-000292,3385,0,0.029624151065945625
ACH-000292,3463933,1,0.21670347452163696
ACH-000292,36462,0,0.03927931934595108
ACH-000292,44224160,0,0.05180071294307709
ACH-000292,448013,0,0.04108540341258049
ACH-000292,44819241,0,0.12811511754989624
ACH-000292,46191454,0,0.08962448686361313
ACH-000292,46843772,0,0.0757274180650711
ACH-000292,46885626,0,0.14577622711658478
ACH-000292,5113032,0,0.06387142837047577
ACH-000292,5327091,0,0.0440961979329586
ACH-000292,53394750,0,0.12525588274002075
ACH-000292,5460769,0,0.15735192596912384
ACH-000292,54676905,0,0.14706850051879883
ACH-000292,57339144,0,0.0671822801232338
ACH-000292,60750,0,0.045841362327337265
ACH-000292,644241,0,0.05093236267566681
ACH-000292,6445562,0,0.0732441395521164
ACH-000292,6710780,0,0.03599058464169502
ACH-000292,6914657,0,0.11951787769794464
ACH-000292,6918638,0,0.01731397956609726
ACH-000292,704473,0,0.07721544057130814
ACH-000292,9952773,0,0.038345977663993835
ACH-000292,9956119,0,0.12885090708732605
ACH-000292,9967941,0,0.13841666281223297
ACH-000294,10384072,0,0.22010721266269684
ACH-000294,10459196,0,0.2753380537033081
ACH-000294,10461815,0,0.29279473423957825
ACH-000294,104842,0,0.3642009496688843
ACH-000294,11609586,0,0.3090686798095703
ACH-000294,11647372,0,0.40321746468544006
ACH-000294,11713159,1,0.26140615344047546
ACH-000294,126941,1,0.6172958612442017
ACH-000294,148124,0,0.17828024923801422
ACH-000294,16722836,1,0.7608558535575867
ACH-000294,176167,1,0.2667262852191925
ACH-000294,208908,0,0.16882559657096863
ACH-000294,23725625,0,0.6962068676948547
ACH-000294,2375,1,0.4164257347583771
ACH-000294,24756910,1,0.6191062927246094
ACH-000294,25102847,0,0.42698413133621216
ACH-000294,25126798,1,0.6419258117675781
ACH-000294,25257557,1,0.9526334404945374
ACH-000294,2726824,0,0.09735028445720673
ACH-000294,3062316,0,0.6453104615211487
ACH-000294,44450571,0,0.16512736678123474
ACH-000294,447912,1,0.7194274663925171
ACH-000294,448013,0,0.2927534580230713
ACH-000294,46844147,0,0.49768924713134766
ACH-000294,46883536,1,0.5586287379264832
ACH-000294,49821040,0,0.29988598823547363
ACH-000294,49836027,0,0.5104854106903076
ACH-000294,51371303,0,0.359073281288147
ACH-000294,5291,0,0.44914647936820984
ACH-000294,5311497,1,0.19505177438259125
ACH-000294,53340664,1,0.6086125373840332
ACH-000294,5384616,0,0.40433838963508606
ACH-000294,5394,1,0.670411229133606
ACH-000294,5494449,1,0.6790570616722107
ACH-000294,56965967,1,0.6344086527824402
ACH-000294,6450816,0,0.20536674559116364
ACH-000294,6918638,0,0.5243138074874878
ACH-000294,6918848,1,0.555813193321228
ACH-000294,9858940,0,0.33900895714759827
ACH-000294,9903786,1,0.7944434881210327
ACH-000294,9910224,1,0.6803674101829529
ACH-000294,9914412,1,0.569322943687439
ACH-000294,9967941,0,0.23629295825958252
ACH-000295,10077147,0,0.19146011769771576
ACH-000295,10113978,0,0.15575028955936432
ACH-000295,10184653,0,0.09068652242422104
ACH-000295,10200390,0,0.1845937967300415
ACH-000295,10451420,1,0.897109866142273
ACH-000295,11178236,0,0.022731995210051537
ACH-000295,11282283,0,0.2929534912109375
ACH-000295,11327430,0,0.28313854336738586
ACH-000295,11404337,0,0.2245599627494812
ACH-000295,11625818,0,0.5049769878387451
ACH-000295,11626927,0,0.13857412338256836
ACH-000295,11640390,0,0.2655818462371826
ACH-000295,11667893,0,0.0444909892976284
ACH-000295,11676786,1,0.7260009050369263
ACH-000295,123631,0,0.05373315140604973
ACH-000295,1401,0,0.20294420421123505
ACH-000295,159324,0,0.20233769714832306
ACH-000295,16663089,0,0.3800834119319916
ACH-000295,24785538,0,0.20737120509147644
ACH-000295,24825971,0,0.1838773787021637
ACH-000295,24826799,1,0.3617056608200073
ACH-000295,24951314,0,0.23856055736541748
ACH-000295,25022668,0,0.10078427195549011
ACH-000295,25102847,1,0.3751557171344757
ACH-000295,25222038,0,0.08963730186223984
ACH-000295,25262965,1,0.30435433983802795
ACH-000295,300471,0,0.05760050192475319
ACH-000295,31703,0,0.10026062279939651
ACH-000295,44137675,0,0.06486696749925613
ACH-000295,44450571,0,0.08823684602975845
ACH-000295,44462760,1,0.6283474564552307
ACH-000295,447912,0,0.7327803373336792
ACH-000295,462382,0,0.1853606402873993
ACH-000295,46907787,0,0.11231425404548645
ACH-000295,49821040,0,0.24274860322475433
ACH-000295,4993,0,0.1470116376876831
ACH-000295,51371303,0,0.26582351326942444
ACH-000295,54685215,0,0.08978265523910522
ACH-000295,560326,0,0.13267181813716888
ACH-000295,57339144,0,0.3941493332386017
ACH-000295,637858,0,0.154203861951828
ACH-000295,644215,0,0.08585500717163086
ACH-000295,6450816,0,0.07482039928436279
ACH-000295,6852167,0,0.5311800837516785
ACH-000295,704473,0,0.7860857248306274
ACH-000295,9858940,0,0.13798044621944427
ACH-000295,9863776,0,0.6630951166152954
ACH-000295,9907093,0,0.18076932430267334
ACH-000295,9910224,0,0.4698644280433655
ACH-000295,9938202,0,0.2093619704246521
ACH-000298,10096043,0,0.005955767352133989
ACH-000298,10451420,0,0.0882684513926506
ACH-000298,11282283,0,0.22077877819538116
ACH-000298,11455910,0,0.04072355851531029
ACH-000298,11707110,0,0.19153811037540436
ACH-000298,126565,0,0.007498481310904026
ACH-000298,216326,0,0.016281170770525932
ACH-000298,24785538,0,0.0400674007833004
ACH-000298,25102847,0,0.10152070224285126
ACH-000298,42640,0,0.06573012471199036
ACH-000298,44224160,0,0.019611770287156105
ACH-000298,44462760,0,0.022581348195672035
ACH-000298,447912,0,0.04562436044216156
ACH-000298,46224516,0,0.014332435093820095
ACH-000298,46931012,0,0.004901713225990534
ACH-000298,5311,0,0.05766966938972473
ACH-000298,5311497,0,0.006287191063165665
ACH-000298,5328940,0,0.012558513320982456
ACH-000298,54685215,0,0.03322351351380348
ACH-000298,5746,0,0.02587214857339859
ACH-000298,6445562,0,0.020030329003930092
ACH-000298,65110,0,0.0662665069103241
ACH-000298,704473,0,0.06675166636705399
ACH-000298,71271629,0,0.002648251596838236
ACH-000298,85668777,0,0.1132747158408165
ACH-000298,9858940,0,0.01347433403134346
ACH-000298,9868037,0,0.010330921038985252
ACH-000298,9874913,0,0.11530742794275284
ACH-000298,9910224,0,0.017087232321500778
ACH-000298,9943465,0,0.17963235080242157
ACH-000298,9956119,0,0.06839954107999802
ACH-000301,10390396,0,0.30749383568763733
ACH-000301,11282283,0,0.2930864989757538
ACH-000301,11316960,0,0.590558648109436
ACH-000301,11373846,0,0.6373290419578552
ACH-000301,11404337,0,0.2639496922492981
ACH-000301,11617559,0,0.28260335326194763
ACH-000301,11713159,0,0.10003963112831116
ACH-000301,148124,0,0.08190325647592545
ACH-000301,159324,0,0.23831327259540558
ACH-000301,16720766,0,0.08176850527524948
ACH-000301,16725726,1,0.49283942580223083
ACH-000301,176870,0,0.1739318072795868
ACH-000301,17755052,0,0.18297028541564941
ACH-000301,20635522,0,0.23250100016593933
ACH-000301,216326,0,0.4453267753124237
ACH-000301,2314623,0,0.2142123281955719
ACH-000301,24756910,0,0.45852747559547424
ACH-000301,24772860,0,0.17659983038902283
ACH-000301,24776445,1,0.4344342350959778
ACH-000301,24826799,1,0.3856440484523773
ACH-000301,25126798,0,0.5176137685775757
ACH-000301,25195352,0,0.17318694293498993
ACH-000301,25257557,1,0.9685044288635254
ACH-000301,2726824,0,0.05001293495297432
ACH-000301,3062316,1,0.458485871553421
ACH-000301,44143370,0,0.22164246439933777
ACH-000301,44450571,0,0.13014626502990723
ACH-000301,46224516,0,0.3420109450817108
ACH-000301,46885626,0,0.7092521786689758
ACH-000301,46907787,0,0.1346704065799713
ACH-000301,46930998,0,0.1018080785870552
ACH-000301,46931012,1,0.4578102231025696
ACH-000301,49836027,0,0.3104478120803833
ACH-000301,5278396,1,0.19986434280872345
ACH-000301,5327091,0,0.1433921754360199
ACH-000301,54676905,0,0.0723692774772644
ACH-000301,56962337,0,0.21741679310798645
ACH-000301,6253,1,0.2786436676979065
ACH-000301,644215,0,0.10357476770877838
ACH-000301,6445533,0,0.19024185836315155
ACH-000301,6445562,1,0.3617503345012665
ACH-000301,6450816,0,0.06748569011688232
ACH-000301,6918289,0,0.1702299863100052
ACH-000301,6918848,0,0.47964954376220703
ACH-000301,7251185,0,0.10074954479932785
ACH-000301,76044,0,0.27661168575286865
ACH-000301,84691,0,0.3334057629108429
ACH-000301,9938202,0,0.22342528402805328
ACH-000303,10077147,0,0.010049170814454556
ACH-000303,10461815,1,0.17107662558555603
ACH-000303,104842,0,0.04882291704416275
ACH-000303,11152667,0,0.052533987909555435
ACH-000303,11316960,0,0.11282654106616974
ACH-000303,11626927,0,0.03513043373823166
ACH-000303,11634725,0,0.14705878496170044
ACH-000303,11754511,0,0.028619425371289253
ACH-000303,11960529,0,0.1323140412569046
ACH-000303,126565,0,0.0514800138771534
ACH-000303,126941,0,0.04316668212413788
ACH-000303,148124,0,0.1099911704659462
ACH-000303,16725726,0,0.399227112531662
ACH-000303,176870,0,0.18643498420715332
ACH-000303,20635522,0,0.1140264943242073
ACH-000303,216326,0,0.04708853363990784
ACH-000303,2314623,0,0.1592469960451126
ACH-000303,24180719,0,0.14842747151851654
ACH-000303,25022668,0,0.024542680010199547
ACH-000303,25126798,0,0.03133990988135338
ACH-000303,36314,0,0.06836800277233124
ACH-000303,3796,0,0.08515838533639908
ACH-000303,4261,0,0.11311489343643188
ACH-000303,44182295,0,0.2899297773838043
ACH-000303,444795,0,0.06210530176758766
ACH-000303,44551660,0,0.014617346227169037
ACH-000303,44632017,0,0.09751848876476288
ACH-000303,462382,0,0.20034785568714142
ACH-000303,46843772,0,0.1067240983247757
ACH-000303,46844147,0,0.034953292459249496
ACH-000303,49806720,0,0.05398276448249817
ACH-000303,49836027,0,0.07520901411771774
ACH-000303,521106,0,0.028680378571152687
ACH-000303,5291,0,0.3313989043235779
ACH-000303,5327091,0,0.07100372016429901
ACH-000303,5329102,0,0.10539434105157852
ACH-000303,53302361,0,0.04425986856222153
ACH-000303,5717801,0,0.04638569429516792
ACH-000303,637858,0,0.04500667005777359
ACH-000303,6450551,0,0.06718658655881882
ACH-000303,6710780,0,0.02531512826681137
ACH-000303,6753378,0,0.02406979352235794
ACH-000303,6918848,0,0.016922511160373688
ACH-000303,7251185,0,0.03098546341061592
ACH-000303,76044,0,0.06942899525165558
ACH-000303,9884685,0,0.018589908257126808
ACH-000303,9952773,0,0.02693212777376175
ACH-000303,9956222,0,0.03754322603344917
ACH-000304,11316960,1,0.5321849584579468
ACH-000304,11485656,0,0.13934123516082764
ACH-000304,11624601,0,0.04067815840244293
ACH-000304,11754511,0,0.08044350892305374
ACH-000304,11977753,0,0.04867159202694893
ACH-000304,126565,0,0.06068875268101692
ACH-000304,16720766,0,0.07072728872299194
ACH-000304,16747388,0,0.025179952383041382
ACH-000304,24180719,1,0.43683677911758423
ACH-000304,24756910,0,0.047773852944374084
ACH-000304,24772860,0,0.012244556099176407
ACH-000304,25126798,0,0.06777562946081161
ACH-000304,25195352,0,0.032382626086473465
ACH-000304,25257557,1,0.929128110408783
ACH-000304,46843772,0,0.1411266326904297
ACH-000304,49806720,0,0.10196943581104279
ACH-000304,5113032,0,0.11822352558374405
ACH-000304,5459322,1,0.10032597929239273
ACH-000304,5460769,0,0.07187531143426895
ACH-000304,56962337,0,0.08969026803970337
ACH-000304,6505803,0,0.08328602463006973
ACH-000304,6710780,0,0.019161397591233253
ACH-000304,6918848,0,0.02648746781051159
ACH-000304,71271629,0,0.03642931208014488
ACH-000304,8249,1,0.034844446927309036
ACH-000304,9943465,0,0.15255427360534668
ACH-000305,10074640,0,0.0287080816924572
ACH-000305,10096043,0,0.07735266536474228
ACH-000305,10113978,0,0.17631597816944122
ACH-000305,10200390,0,0.01630125381052494
ACH-000305,10302451,0,0.18654461205005646
ACH-000305,104842,0,0.03472922369837761
ACH-000305,11404337,0,0.07528187334537506
ACH-000305,11626560,0,0.018757125362753868
ACH-000305,11640390,0,0.17941784858703613
ACH-000305,123631,1,0.17757077515125275
ACH-000305,16663089,0,0.11182339489459991
ACH-000305,16725726,0,0.18901793658733368
ACH-000305,216239,0,0.04222887009382248
ACH-000305,24772860,0,0.011188307777047157
ACH-000305,24785538,0,0.12334030866622925
ACH-000305,24825971,0,0.07067213952541351
ACH-000305,25022668,0,0.040000904351472855
ACH-000305,25257557,0,0.5505481362342834
ACH-000305,3218,0,0.09268277883529663
ACH-000305,3796,0,0.051623258739709854
ACH-000305,387447,0,0.3436240553855896
ACH-000305,4261,0,0.0477057546377182
ACH-000305,42642645,0,0.025866186246275902
ACH-000305,46191454,0,0.023415924981236458
ACH-000305,46883536,0,0.027959492057561874
ACH-000305,46907787,0,0.054731205105781555
ACH-000305,49806720,0,0.038021329790353775
ACH-000305,49821040,0,0.16589240729808807
ACH-000305,5278396,0,0.05314292386174202
ACH-000305,5280757,0,0.11851789057254791
ACH-000305,5327091,1,0.0673353523015976
ACH-000305,6445533,0,0.01822134293615818
ACH-000305,6450816,0,0.03778877854347229
ACH-000305,65110,0,0.035334497690200806
ACH-000305,6918454,0,0.29319125413894653
ACH-000305,9549184,0,0.09921432286500931
ACH-000305,9813758,0,0.019905053079128265
ACH-000305,9863776,0,0.26912906765937805
ACH-000305,9884685,0,0.013523990288376808
ACH-000305,9943465,0,0.14219123125076294
ACH-000305,9952773,0,0.026479044929146767
ACH-000305,9967941,0,0.0543893463909626
ACH-000308,11282283,0,0.06335810571908951
ACH-000308,11338033,0,0.005311282817274332
ACH-000308,11609586,0,0.05144340172410011
ACH-000308,11624601,0,0.027246564626693726
ACH-000308,11647372,0,0.0044208853505551815
ACH-000308,11667893,0,0.14412985742092133
ACH-000308,16720766,0,0.022997204214334488
ACH-000308,2314623,0,0.07450391352176666
ACH-000308,24180719,0,0.03219787776470184
ACH-000308,24756910,0,0.008832406252622604
ACH-000308,24772860,0,0.0030568500515073538
ACH-000308,36462,0,0.007397137116640806
ACH-000308,3796,0,0.015528624877333641
ACH-000308,44632017,0,0.04033821076154709
ACH-000308,46224516,0,0.005967638920992613
ACH-000308,5113032,0,0.018031509593129158
ACH-000308,5278396,0,0.022321529686450958
ACH-000308,5311,0,0.03933720663189888
ACH-000308,53302361,0,0.0336797721683979
ACH-000308,5394,0,0.028257837519049644
ACH-000308,54676905,0,0.07287169247865677
ACH-000308,56962337,0,0.0965571478009224
ACH-000308,57339144,0,0.017685281112790108
ACH-000308,60750,0,0.009235511533915997
ACH-000308,6710780,0,0.005771232303231955
ACH-000308,9863776,0,0.04576451703906059
ACH-000308,9868037,0,0.003146957140415907
ACH-000309,10027278,0,0.2211926132440567
ACH-000309,11327430,0,0.038025375455617905
ACH-000309,11338033,0,0.03815007582306862
ACH-000309,11373846,0,0.02673918567597866
ACH-000309,11433190,0,0.2922477722167969
ACH-000309,11625818,0,0.028780465945601463
ACH-000309,11634725,0,0.11676722764968872
ACH-000309,11754511,0,0.020313622429966927
ACH-000309,24772860,0,0.030158134177327156
ACH-000309,24951314,0,0.021888820454478264
ACH-000309,24978538,0,0.057572562247514725
ACH-000309,25257557,1,0.34619081020355225
ACH-000309,31703,1,0.09063113480806351
ACH-000309,44143370,0,0.11464966833591461
ACH-000309,446378,0,0.3437771797180176
ACH-000309,46930998,0,0.12430346012115479
ACH-000309,51371303,0,0.07881201803684235
ACH-000309,5208,0,0.1055891141295433
ACH-000309,521106,0,0.05691923946142197
ACH-000309,5278396,0,0.09456783533096313
ACH-000309,5289247,0,0.06013018265366554
ACH-000309,54685215,0,0.19171926379203796
ACH-000309,66577006,0,0.027422629296779633
ACH-000309,6753378,0,0.03514822572469711
ACH-000309,6918848,0,0.027825377881526947
ACH-000309,71271629,0,0.047632575035095215
ACH-000309,8249,0,0.06387478858232498
ACH-000309,9810884,0,0.16726388037204742
ACH-000309,9863776,0,0.07765012979507446
ACH-000309,9874913,0,0.2657162845134735
ACH-000309,9931953,0,0.062278300523757935
ACH-000309,9956119,0,0.24832366406917572
ACH-000309,9967941,0,0.061449334025382996
ACH-000311,10184653,0,0.62358558177948
ACH-000311,10200390,0,0.13308338820934296
ACH-000311,11152667,0,0.09127355366945267
ACH-000311,11485656,0,0.09716231375932693
ACH-000311,176167,0,0.1621038019657135
ACH-000311,25126798,0,0.07137773931026459
ACH-000311,25167777,0,0.06199711188673973
ACH-000311,31703,0,0.23141485452651978
ACH-000311,36462,0,0.14972154796123505
ACH-000311,42642645,0,0.08224206417798996
ACH-000311,46843772,0,0.14952030777931213
ACH-000311,46885626,0,0.04796881601214409
ACH-000311,46907787,0,0.2925211787223816
ACH-000311,5113032,0,0.10376906394958496
ACH-000311,521106,0,0.09285687655210495
ACH-000311,6253,0,0.12846966087818146
ACH-000311,6445533,1,0.09645819664001465
ACH-000311,6450551,0,0.13426288962364197
ACH-000311,84691,0,0.3947894871234894
ACH-000311,9952773,0,0.08715608716011047
ACH-000315,10027278,0,0.045649729669094086
ACH-000315,10127622,0,0.12550416588783264
ACH-000315,10172943,0,0.1019817516207695
ACH-000315,10461815,0,0.07953266054391861
ACH-000315,11178236,0,0.06599757075309753
ACH-000315,11493598,0,0.03701352700591087
ACH-000315,11647372,0,0.04627014696598053
ACH-000315,11676786,0,0.025526240468025208
ACH-000315,11977753,0,0.056226905435323715
ACH-000315,126565,0,0.028398722410202026
ACH-000315,156422,0,0.06978845596313477
ACH-000315,160355,0,0.06770756095647812
ACH-000315,16663089,0,0.1839529126882553
ACH-000315,24785538,0,0.04880938306450844
ACH-000315,24825971,1,0.09271645545959473
ACH-000315,24951314,0,0.01983289234340191
ACH-000315,25222038,0,0.045929159969091415
ACH-000315,3005532,0,0.09895069152116776
ACH-000315,3218,0,0.031301334500312805
ACH-000315,3796,0,0.06646289676427841
ACH-000315,44462760,0,0.0469568595290184
ACH-000315,46191454,1,0.09252137690782547
ACH-000315,46224516,0,0.025121020153164864
ACH-000315,46844147,0,0.050193775445222855
ACH-000315,46907787,0,0.04662785306572914
ACH-000315,46931012,0,0.012628325261175632
ACH-000315,5208,0,0.04974384605884552
ACH-000315,521106,0,0.03526894748210907
ACH-000315,5280757,0,0.05945989117026329
ACH-000315,5289247,0,0.03232887387275696
ACH-000315,5329102,0,0.05872495472431183
ACH-000315,5460769,0,0.10248211771249771
ACH-000315,560326,0,0.14249064028263092
ACH-000315,60750,0,0.03300061449408531
ACH-000315,6450551,0,0.03885387256741524
ACH-000315,65110,0,0.05944919213652611
ACH-000315,6918454,0,0.038570381700992584
ACH-000315,84691,0,0.04192095622420311
ACH-000315,9813758,0,0.05263862758874893
ACH-000315,9938202,0,0.05846504867076874
ACH-000315,9943465,0,0.05431392043828964
ACH-000318,10113978,0,0.1261645257472992
ACH-000318,10127622,0,0.2664613127708435
ACH-000318,10196499,0,0.13595129549503326
ACH-000318,10390396,0,0.16226540505886078
ACH-000318,10459196,0,0.0677296593785286
ACH-000318,104842,0,0.018628792837262154
ACH-000318,11327430,0,0.015458784066140652
ACH-000318,11624601,0,0.10388349741697311
ACH-000318,11713159,0,0.03833208233118057
ACH-000318,11754511,0,0.02863427996635437
ACH-000318,24756910,0,0.03358600661158562
ACH-000318,24894414,0,0.020948704332113266
ACH-000318,25195352,0,0.02400297485291958
ACH-000318,25222038,0,0.08097486197948456
ACH-000318,3463933,0,0.08367335051298141
ACH-000318,36314,1,0.04805298522114754
ACH-000318,387447,0,0.10878292471170425
ACH-000318,42640,0,0.05259505659341812
ACH-000318,44143370,0,0.03629802167415619
ACH-000318,446378,0,0.06918132305145264
ACH-000318,4993,0,0.11406005918979645
ACH-000318,521106,0,0.018820181488990784
ACH-000318,5280757,0,0.06776487827301025
ACH-000318,5311510,1,0.04889941215515137
ACH-000318,53340664,0,0.01989060267806053
ACH-000318,5394,0,0.029946116730570793
ACH-000318,54685215,0,0.07294437289237976
ACH-000318,56962337,0,0.0731048434972763
ACH-000318,644215,0,0.03283523768186569
ACH-000318,7251185,0,0.02068714052438736
ACH-000318,82146,0,0.07497211545705795
ACH-000318,85668777,0,0.3768293261528015
ACH-000318,9858940,0,0.04091678187251091
ACH-000318,9952773,0,0.046835847198963165
ACH-000318,9956222,0,0.031717173755168915
ACH-000320,10109823,0,0.20995871722698212
ACH-000320,10113978,0,0.2826608419418335
ACH-000320,11178236,0,0.12245959788560867
ACH-000320,11282283,0,0.14865364134311676
ACH-000320,11485656,0,0.24942916631698608
ACH-000320,11609586,0,0.27942216396331787
ACH-000320,11640390,0,0.2091817408800125
ACH-000320,11707110,1,0.9324403405189514
ACH-000320,11844351,0,0.5742458701133728
ACH-000320,11977753,0,0.21653801202774048
ACH-000320,126941,0,0.29942697286605835
ACH-000320,156422,0,0.2778007686138153
ACH-000320,159324,0,0.45845651626586914
ACH-000320,16095342,0,0.3277794420719147
ACH-000320,16720766,0,0.2951546907424927
ACH-000320,176870,0,0.31615588068962097
ACH-000320,2314623,0,0.25538554787635803
ACH-000320,23725625,0,0.4268956184387207
ACH-000320,2375,0,0.21574825048446655
ACH-000320,24776445,1,0.47784826159477234
ACH-000320,25124816,0,0.18178987503051758
ACH-000320,300471,1,0.22224275767803192
ACH-000320,3385,1,0.3935141861438751
ACH-000320,387447,0,0.6263908743858337
ACH-000320,44143370,0,0.4255986511707306
ACH-000320,44224160,0,0.1387529820203781
ACH-000320,44819241,0,0.526253342628479
ACH-000320,46931012,0,0.25121793150901794
ACH-000320,5311510,0,0.45689666271209717
ACH-000320,53302361,0,0.14716193079948425
ACH-000320,5330286,0,0.36290881037712097
ACH-000320,53340664,0,0.1658075898885727
ACH-000320,6753378,0,0.18343444168567657
ACH-000320,6918848,0,0.17278137803077698
ACH-000320,704473,1,0.3621646463871002
ACH-000320,76044,0,0.4799606502056122
ACH-000320,82146,1,0.36430156230926514
ACH-000320,8249,0,0.08782584220170975
ACH-000320,9907093,0,0.542033314704895
ACH-000322,10172943,0,0.24486321210861206
ACH-000322,11625818,0,0.12675505876541138
ACH-000322,11626560,0,0.17391899228096008
ACH-000322,11626927,0,0.14757651090621948
ACH-000322,160355,0,0.233690544962883
ACH-000322,16722836,0,0.11985564976930618
ACH-000322,16725726,0,0.152024507522583
ACH-000322,20635522,1,0.38211673498153687
ACH-000322,25262965,0,0.3157998025417328
ACH-000322,2726824,0,0.2415422797203064
ACH-000322,3796,0,0.10966642946004868
ACH-000322,44143370,0,0.21559876203536987
ACH-000322,44224160,0,0.1301654428243637
ACH-000322,44450571,0,0.36158546805381775
ACH-000322,447912,0,0.14784516394138336
ACH-000322,462382,1,0.703405499458313
ACH-000322,46930998,0,0.24996346235275269
ACH-000322,5289247,0,0.36947473883628845
ACH-000322,5311497,1,0.2852308750152588
ACH-000322,5327091,0,0.32352086901664734
ACH-000322,53340664,0,0.1618621051311493
ACH-000322,6445533,1,0.19202519953250885
ACH-000322,6753378,0,0.1430094838142395
ACH-000322,704473,0,0.14992208778858185
ACH-000322,9813758,0,0.1623353809118271
ACH-000322,9826528,1,0.8569067120552063
ACH-000322,9858940,0,0.5024714469909668
ACH-000322,9874913,0,0.07745601236820221
ACH-000322,9884685,0,0.1737995445728302
ACH-000322,9903786,0,0.1098385825753212
ACH-000322,9914412,0,0.19955648481845856
ACH-000322,9956222,0,0.17483636736869812
ACH-000322,9967941,0,0.13216254115104675
ACH-000323,10109823,0,0.07968215644359589
ACH-000323,11316960,0,0.334560751914978
ACH-000323,11338033,0,0.02985221892595291
ACH-000323,11617559,0,0.07575026154518127
ACH-000323,11625818,0,0.015689866617321968
ACH-000323,11707110,0,0.7444882988929749
ACH-000323,11754511,0,0.035983093082904816
ACH-000323,11960529,0,0.1661401391029358
ACH-000323,11977753,0,0.08016271144151688
ACH-000323,176167,0,0.10936762392520905
ACH-000323,17755052,0,0.0353660024702549
ACH-000323,2375,0,0.07290994375944138
ACH-000323,24785538,0,0.10692217946052551
ACH-000323,24889392,0,0.0409352146089077
ACH-000323,2733526,0,0.11288214474916458
ACH-000323,3463933,0,0.2978070080280304
ACH-000323,36462,0,0.037114523351192474
ACH-000323,44137675,0,0.17158834636211395
ACH-000323,448013,0,0.05370047688484192
ACH-000323,5311497,0,0.049191586673259735
ACH-000323,5459322,0,0.1696881651878357
ACH-000323,54685215,0,0.18276062607765198
ACH-000323,56962337,0,0.13556359708309174
ACH-000323,6450551,0,0.06857053190469742
ACH-000323,6505803,0,0.11669398844242096
ACH-000323,65110,0,0.0763445645570755
ACH-000323,71271629,0,0.0392707958817482
ACH-000323,9874913,0,0.09377500414848328
ACH-000323,9931953,0,0.04486966133117676
ACH-000323,9967941,0,0.1101575419306755
ACH-000326,10027278,0,0.08144605159759521
ACH-000326,10074640,1,0.5132100582122803
ACH-000326,10384072,0,0.11836673319339752
ACH-000326,11152667,1,0.1977016031742096
ACH-000326,11178236,0,0.030263051390647888
ACH-000326,11316960,0,0.7943379878997803
ACH-000326,11327430,0,0.20358970761299133
ACH-000326,11373846,0,0.43892186880111694
ACH-000326,11617559,0,0.19209828972816467
ACH-000326,11624601,0,0.0669061467051506
ACH-000326,11626927,0,0.11517869681119919
ACH-000326,11676786,1,0.7374306321144104
ACH-000326,126941,1,0.5635315775871277
ACH-000326,156422,1,0.12377035617828369
ACH-000326,16038120,0,0.2753101587295532
ACH-000326,16722836,0,0.4734404385089874
ACH-000326,16725726,0,0.5543692708015442
ACH-000326,2314623,1,0.2278321087360382
ACH-000326,23725625,1,0.5216158032417297
ACH-000326,2375,0,0.20621028542518616
ACH-000326,24894414,0,0.6244324445724487
ACH-000326,25102847,1,0.4849371612071991
ACH-000326,25124816,0,0.0872287005186081
ACH-000326,25195352,0,0.09857456386089325
ACH-000326,25222038,0,0.04550521820783615
ACH-000326,387447,0,0.1640576422214508
ACH-000326,44182295,1,0.765364944934845
ACH-000326,44224160,0,0.12148267030715942
ACH-000326,44462760,1,0.7695408463478088
ACH-000326,44632017,0,0.29335057735443115
ACH-000326,447912,0,0.5879979729652405
ACH-000326,49806720,0,0.42719796299934387
ACH-000326,4993,0,0.17860910296440125
ACH-000326,5278396,0,0.19322608411312103
ACH-000326,5311,0,0.23963606357574463
ACH-000326,5460769,0,0.049289412796497345
ACH-000326,6253,1,0.18391011655330658
ACH-000326,637858,0,0.1871837079524994
ACH-000326,6918848,0,0.31339824199676514
ACH-000326,9874913,0,0.17252404987812042
ACH-000326,9914412,0,0.1915706992149353
ACH-000326,9956119,0,0.31824639439582825
ACH-000327,10077147,0,0.0013755143154412508
ACH-000327,10127622,0,0.09121791273355484
ACH-000327,10184653,0,0.13631220161914825
ACH-000327,10200390,0,0.0017867770511657
ACH-000327,10341154,0,0.01419181190431118
ACH-000327,10390396,0,0.04224524646997452
ACH-000327,11282283,0,0.05255499109625816
ACH-000327,11609586,0,0.025652125477790833
ACH-000327,11625818,0,0.002826858311891556
ACH-000327,11667893,0,0.08627089112997055
ACH-000327,11754511,0,0.00662323459982872
ACH-000327,11977753,0,0.01421389076858759
ACH-000327,126941,0,0.01377052627503872
ACH-000327,1401,0,0.10884281247854233
ACH-000327,16095342,0,0.08963433653116226
ACH-000327,176167,0,0.03088439628481865
ACH-000327,216326,0,0.010996101424098015
ACH-000327,23725625,0,0.026944641023874283
ACH-000327,24756910,0,0.004375523887574673
ACH-000327,24825971,0,0.025845561176538467
ACH-000327,24826799,0,0.007241550832986832
ACH-000327,24889392,0,0.004557474050670862
ACH-000327,25126798,0,0.0038740343879908323
ACH-000327,31703,0,0.004021309316158295
ACH-000327,3218,0,0.0530877411365509
ACH-000327,3385,0,0.003193087177351117
ACH-000327,4261,0,0.02896367944777012
ACH-000327,44462760,0,0.20502516627311707
ACH-000327,44551660,0,0.001325247692875564
ACH-000327,44632017,0,0.045516371726989746
ACH-000327,46843772,0,0.043862782418727875
ACH-000327,46844147,0,0.0054314956068992615
ACH-000327,51371303,0,0.044667091220617294
ACH-000327,5208,0,0.017740894109010696
ACH-000327,5278396,0,0.013325648382306099
ACH-000327,5311,0,0.031233059242367744
ACH-000327,644215,0,0.016227206215262413
ACH-000327,6445562,0,0.003471025498583913
ACH-000327,65110,0,0.05066150054335594
ACH-000327,6852167,0,0.0042420425452291965
ACH-000327,6918638,0,0.0013489131815731525
ACH-000327,704473,0,0.00512409582734108
ACH-000327,76044,0,0.016422530636191368
ACH-000327,84691,0,0.02956872619688511
ACH-000327,9903786,0,0.0009463694295845926
ACH-000327,9956222,0,0.0044235242530703545
ACH-000329,10096043,1,0.05400186404585838
ACH-000329,10196499,0,0.2071245312690735
ACH-000329,10200390,0,0.0302552729845047
ACH-000329,10451420,0,0.14550219476222992
ACH-000329,104842,0,0.055950045585632324
ACH-000329,11282283,0,0.17366275191307068
ACH-000329,11404337,0,0.03870068117976189
ACH-000329,11493598,0,0.10192099213600159
ACH-000329,11617559,0,0.15366584062576294
ACH-000329,11634725,0,0.11678668111562729
ACH-000329,11667893,1,0.14789530634880066
ACH-000329,126565,0,0.04596089571714401
ACH-000329,156422,0,0.15747089684009552
ACH-000329,16720766,0,0.07011958211660385
ACH-000329,23725625,0,0.06931035220623016
ACH-000329,24180719,0,0.10801369696855545
ACH-000329,25222038,0,0.052090294659137726
ACH-000329,2726824,0,0.1387559175491333
ACH-000329,3218,0,0.08761480450630188
ACH-000329,46191454,0,0.09795475006103516
ACH-000329,46907787,0,0.10480374842882156
ACH-000329,46931012,0,0.018443800508975983
ACH-000329,51371303,0,0.07227499783039093
ACH-000329,5208,0,0.10751055181026459
ACH-000329,5328940,0,0.050054967403411865
ACH-000329,53394750,0,0.26734277606010437
ACH-000329,5459322,1,0.1646718829870224
ACH-000329,54676905,0,0.15058982372283936
ACH-000329,54685215,0,0.1380036175251007
ACH-000329,57339144,1,0.06353681534528732
ACH-000329,6445562,0,0.0630282461643219
ACH-000329,6450551,1,0.09465372562408447
ACH-000329,6450816,0,0.07599855959415436
ACH-000329,6710780,0,0.036201316863298416
ACH-000329,6852167,0,0.08190833777189255
ACH-000329,6918289,0,0.11080296337604523
ACH-000329,6918638,0,0.02948906645178795
ACH-000329,71271629,0,0.03679019212722778
ACH-000329,9826528,0,0.1732494980096817
ACH-000329,9868037,0,0.04183058440685272
ACH-000329,9956222,0,0.07380886375904083
ACH-000330,10074640,0,0.034298188984394073
ACH-000330,10200390,0,0.019921384751796722
ACH-000330,104842,0,0.04408501833677292
ACH-000330,11634725,0,0.05876555293798447
ACH-000330,159324,0,0.021999483928084373
ACH-000330,24785538,0,0.053326141089200974
ACH-000330,24889392,0,0.07263479381799698
ACH-000330,25022668,0,0.014343062415719032
ACH-000330,25102847,0,0.061098862439394
ACH-000330,2733526,0,0.09146138280630112
ACH-000330,3218,0,0.06166311725974083
ACH-000330,44462760,0,0.09629242867231369
ACH-000330,44551660,0,0.02648117206990719
ACH-000330,521106,0,0.02753240428864956
ACH-000330,5311,0,0.07686550170183182
ACH-000330,6450816,0,0.07271434366703033
ACH-000330,8249,0,0.14477591216564178
ACH-000330,84691,0,0.04984114691615105
ACH-000330,9813758,0,0.03826526924967766
ACH-000330,9931953,0,0.2116163671016693
ACH-000330,9967941,1,0.13235758244991302
ACH-000332,11338033,0,2.5374863980687223e-05
ACH-000332,11485656,0,0.00048824463738128543
ACH-000332,11977753,0,0.0009008104680106044
ACH-000332,126565,0,7.523163367295638e-05
ACH-000332,16720766,0,0.0033320276997983456
ACH-000332,17755052,0,3.0803490517428145e-05
ACH-000332,24180719,0,0.003249099710956216
ACH-000332,25167777,0,1.3665603546542116e-05
ACH-000332,2726824,0,0.01931387558579445
ACH-000332,3005532,0,0.033356375992298126
ACH-000332,4263900,0,0.00018125884525943547
ACH-000332,46885626,0,0.0009928849758580327
ACH-000332,49806720,0,0.0012639366323128343
ACH-000332,5289247,0,0.0023349160328507423
ACH-000332,5327091,0,0.00034167367266491055
ACH-000332,53302361,0,0.0015877162804827094
ACH-000332,53340664,0,1.8502911188988946e-05
ACH-000332,5460769,0,0.0006633691373281181
ACH-000332,54676905,0,0.008878224529325962
ACH-000332,560326,0,0.004440513905137777
ACH-000332,5746,0,0.0016124302055686712
ACH-000332,60750,0,0.0001756614656187594
ACH-000332,6450551,0,0.0012222822988405824
ACH-000332,66577006,0,2.966033662232803e-06
ACH-000332,6918638,0,4.254338364262367e-06
ACH-000332,85668777,0,0.2457762509584427
ACH-000332,9813758,0,5.770296775153838e-05
ACH-000332,9826528,0,0.019648399204015732
ACH-000332,9911830,0,8.414675539825112e-05
ACH-000332,9943465,0,0.041017234325408936
ACH-000334,10074640,0,0.21235805749893188
ACH-000334,10096043,0,0.09076923877000809
ACH-000334,10127622,0,0.11510096490383148
ACH-000334,1401,1,0.21864888072013855
ACH-000334,16722836,0,0.4585426151752472
ACH-000334,17755052,0,0.21919237077236176
ACH-000334,208908,0,0.11396841704845428
ACH-000334,24756910,1,0.3217412233352661
ACH-000334,24772860,0,0.100446917116642
ACH-000334,25022668,0,0.038115113973617554
ACH-000334,25126798,0,0.35764676332473755
ACH-000334,300471,0,0.08056628704071045
ACH-000334,3005532,0,0.09203623235225677
ACH-000334,3385,0,0.32574033737182617
ACH-000334,3796,0,0.06470264494419098
ACH-000334,44462760,0,0.4443100690841675
ACH-000334,447912,0,0.4867933392524719
ACH-000334,46224516,1,0.19406555593013763
ACH-000334,46844147,0,0.22284609079360962
ACH-000334,46931012,1,0.16014738380908966
ACH-000334,49806720,0,0.2858307659626007
ACH-000334,521106,0,0.23386916518211365
ACH-000334,5278396,0,0.1668613702058792
ACH-000334,5289247,0,0.38780009746551514
ACH-000334,5311,1,0.18917296826839447
ACH-000334,5394,1,0.3729613125324249
ACH-000334,560326,1,0.24359355866909027
ACH-000334,6253,0,0.2810037434101105
ACH-000334,637858,0,0.18823035061359406
ACH-000334,6445533,0,0.15553846955299377
ACH-000334,6505803,0,0.04443345591425896
ACH-000334,85668777,0,0.05970273166894913
ACH-000334,9810884,1,0.9189450144767761
ACH-000334,9868037,0,0.4302437901496887
ACH-000334,9884685,0,0.2706129550933838
ACH-000334,9907093,0,0.11223630607128143
ACH-000334,9943465,0,0.1579035520553589
ACH-000334,9952773,1,0.15793271362781525
ACH-000334,9956222,1,0.19406700134277344
ACH-000335,10109823,0,0.041612669825553894
ACH-000335,10172943,0,0.03460470587015152
ACH-000335,10184653,0,0.14878888428211212
ACH-000335,10341154,0,0.012752383947372437
ACH-000335,104842,0,0.02180383913218975
ACH-000335,11178236,0,0.03774941712617874
ACH-000335,11373846,0,0.011368085630238056
ACH-000335,11404337,0,0.012165515683591366
ACH-000335,11485656,0,0.023043038323521614
ACH-000335,11617559,0,0.06692098081111908
ACH-000335,11624601,0,0.04591717571020126
ACH-000335,11713159,0,0.023137088865041733
ACH-000335,11960529,1,0.09147990494966507
ACH-000335,1401,1,0.14010034501552582
ACH-000335,148124,0,0.10347789525985718
ACH-000335,176158,0,0.07208295166492462
ACH-000335,216326,1,0.016787726432085037
ACH-000335,23725625,0,0.027032768353819847
ACH-000335,24776445,0,0.033650800585746765
ACH-000335,24889392,0,0.007013037335127592
ACH-000335,24978538,0,0.10239455848932266
ACH-000335,25126798,0,0.013453432358801365
ACH-000335,2726824,1,0.09167606383562088
ACH-000335,300471,0,0.059404775500297546
ACH-000335,3385,0,0.011179321445524693
ACH-000335,387447,0,0.17754881083965302
ACH-000335,42642645,0,0.01780577376484871
ACH-000335,44224160,0,0.005907542537897825
ACH-000335,447912,1,0.010096418671309948
ACH-000335,46224516,0,0.00783574115484953
ACH-000335,46844147,0,0.01232044119387865
ACH-000335,46931012,0,0.0021379427053034306
ACH-000335,49836027,0,0.03599195554852486
ACH-000335,5278396,0,0.01777282916009426
ACH-000335,5291,0,0.21378590166568756
ACH-000335,5311510,0,0.0286299716681242
ACH-000335,5384616,0,0.0355304591357708
ACH-000335,5459322,0,0.04890391230583191
ACH-000335,56965967,0,0.005635214038193226
ACH-000335,6710780,0,0.010266726836562157
ACH-000335,76044,0,0.029646165668964386
ACH-000335,84691,0,0.04302692785859108
ACH-000335,9907093,0,0.16954557597637177
ACH-000335,9910224,0,0.0089715039357543
ACH-000335,9911830,0,0.020239882171154022
ACH-000335,9931953,0,0.030684635043144226
ACH-000336,10172943,0,0.12159325927495956
ACH-000336,10302451,0,0.18220141530036926
ACH-000336,10384072,0,0.09144686162471771
ACH-000336,10390396,0,0.16764478385448456
ACH-000336,10461815,0,0.1290850043296814
ACH-000336,11327430,0,0.19139821827411652
ACH-000336,11373846,1,0.5233318209648132
ACH-000336,11455910,0,0.05380980297923088
ACH-000336,11617559,1,0.15304148197174072
ACH-000336,11626927,0,0.06589694321155548
ACH-000336,11640390,0,0.3163343369960785
ACH-000336,11667893,0,0.054005756974220276
ACH-000336,11713159,0,0.08374731242656708
ACH-000336,16663089,0,0.2830003798007965
ACH-000336,176158,0,0.165570467710495
ACH-000336,2314623,0,0.14671339094638824
ACH-000336,24180719,0,0.3811212480068207
ACH-000336,24894414,1,0.4804946482181549
ACH-000336,24951314,0,0.10581603646278381
ACH-000336,25167777,0,0.17704027891159058
ACH-000336,25195352,0,0.12289508432149887
ACH-000336,3062316,0,0.14065492153167725
ACH-000336,4263900,0,0.06429064273834229
ACH-000336,42642645,0,0.20955748856067657
ACH-000336,44137675,0,0.03684220835566521
ACH-000336,44632017,0,0.17552830278873444
ACH-000336,448013,0,0.04110218212008476
ACH-000336,46907787,0,0.07005573064088821
ACH-000336,49806720,1,0.3075672388076782
ACH-000336,5289247,1,0.6627872586250305
ACH-000336,5291,0,0.4018431603908539
ACH-000336,5311497,0,0.03879590705037117
ACH-000336,53302361,0,0.1824585348367691
ACH-000336,53340664,0,0.25649744272232056
ACH-000336,53394750,1,0.8111994862556458
ACH-000336,5394,0,0.45008864998817444
ACH-000336,5460769,0,0.04568595066666603
ACH-000336,5746,0,0.03401776775717735
ACH-000336,6445533,0,0.11734792590141296
ACH-000336,6710780,0,0.09451866894960403
ACH-000336,71271629,1,0.1353297084569931
ACH-000336,7251185,0,0.06474143266677856
ACH-000336,9874913,0,0.1388353556394577
ACH-000336,9903786,0,0.5094794631004333
ACH-000336,9938202,0,0.19521817564964294
ACH-000341,10074640,0,0.028023717924952507
ACH-000341,10172943,0,0.024716412648558617
ACH-000341,10390396,0,0.0632474422454834
ACH-000341,11625818,0,0.004331391304731369
ACH-000341,11667893,0,0.08945631235837936
ACH-000341,148124,0,0.04369836300611496
ACH-000341,160355,0,0.013885529711842537
ACH-000341,216239,0,0.014237221330404282
ACH-000341,24756910,0,0.00904159527271986
ACH-000341,24894414,0,0.003597210394218564
ACH-000341,24978538,0,0.38710084557533264
ACH-000341,25167777,0,0.003284490667283535
ACH-000341,3062316,0,0.032012924551963806
ACH-000341,31703,0,0.004214531276375055
ACH-000341,36462,0,0.007882798090577126
ACH-000341,44462760,0,0.227434441447258
ACH-000341,44551660,0,0.003566665342077613
ACH-000341,46191454,0,0.016329431906342506
ACH-000341,462382,0,0.1289503276348114
ACH-000341,46943432,0,0.007060458417981863
ACH-000341,49821040,0,0.06866005808115005
ACH-000341,49836027,0,0.025466401129961014
ACH-000341,4993,0,0.11382550001144409
ACH-000341,53302361,0,0.042642511427402496
ACH-000341,5330286,0,0.007460692431777716
ACH-000341,5394,0,0.0585152842104435
ACH-000341,5460769,0,0.01971622370183468
ACH-000341,5746,0,0.02357783541083336
ACH-000341,637858,0,0.019099874421954155
ACH-000341,6505803,0,0.03798352926969528
ACH-000341,6914657,0,0.07197826355695724
ACH-000341,6918289,0,0.02243967168033123
ACH-000341,76044,0,0.01600014418363571
ACH-000341,85668777,0,0.1682405024766922
ACH-000341,9549184,0,0.028169065713882446
ACH-000341,9813758,0,0.010772181674838066
ACH-000341,9826308,0,0.062413498759269714
ACH-000341,9868037,0,0.0024494926910847425
ACH-000341,9874913,0,0.03492079675197601
ACH-000341,9903786,0,0.0023149456828832626
ACH-000343,10200390,0,0.02804793231189251
ACH-000343,104842,0,0.06441909074783325
ACH-000343,11327430,0,0.029308786615729332
ACH-000343,11338033,0,0.03653493523597717
ACH-000343,11455910,0,0.2980640232563019
ACH-000343,11625818,0,0.024595512077212334
ACH-000343,11647372,0,0.031051907688379288
ACH-000343,11977753,0,0.08864998072385788
ACH-000343,2375,0,0.0816105529665947
ACH-000343,24772860,0,0.03666757792234421
ACH-000343,24951314,0,0.023471979424357414
ACH-000343,25262965,0,0.06421776860952377
ACH-000343,2726824,0,0.19755864143371582
ACH-000343,3005532,0,0.33372193574905396
ACH-000343,31703,0,0.03468933701515198
ACH-000343,44182295,0,0.06686786562204361
ACH-000343,44819241,0,0.10035619139671326
ACH-000343,46930998,0,0.06970353424549103
ACH-000343,53394750,0,0.08434244245290756
ACH-000343,54685215,0,0.15175573527812958
ACH-000343,560326,0,0.18422400951385498
ACH-000343,637858,0,0.09491600096225739
ACH-000343,6445533,1,0.03995443135499954
ACH-000343,82146,0,0.08738623559474945
ACH-000343,9874913,0,0.11319925636053085
ACH-000343,9903786,0,0.01982683502137661
ACH-000343,9931953,0,0.10858558118343353
ACH-000345,10461815,0,0.28060078620910645
ACH-000345,11626560,1,0.03393150493502617
ACH-000345,16038120,0,0.3187754154205322
ACH-000345,16760646,0,0.3116128146648407
ACH-000345,24825971,0,0.09548602998256683
ACH-000345,36314,0,0.09502681344747543
ACH-000345,5311510,0,0.052366964519023895
ACH-000346,10074640,0,0.2440420538187027
ACH-000346,10184653,0,0.11044836044311523
ACH-000346,10341154,1,0.3419899642467499
ACH-000346,10451420,1,0.43513065576553345
ACH-000346,104842,1,0.20423109829425812
ACH-000346,11178236,0,0.09079746901988983
ACH-000346,11282283,0,0.16047623753547668
ACH-000346,11364421,0,0.13810516893863678
ACH-000346,11433190,1,0.3038170337677002
ACH-000346,11455910,0,0.10914971679449081
ACH-000346,11485656,0,0.2819038927555084
ACH-000346,11609586,1,0.19910135865211487
ACH-000346,11625818,0,0.19292372465133667
ACH-000346,11676786,0,0.35309281945228577
ACH-000346,11960529,1,0.2548450231552124
ACH-000346,123631,0,0.11411359161138535
ACH-000346,156422,0,0.1449514627456665
ACH-000346,159324,0,0.10347957164049149
ACH-000346,176158,0,0.2249985933303833
ACH-000346,208908,0,0.17563916742801666
ACH-000346,24772860,0,0.09592437744140625
ACH-000346,24889392,0,0.2223515510559082
ACH-000346,25022668,0,0.0710364356637001
ACH-000346,25167777,0,0.1844749003648758
ACH-000346,25195352,0,0.12311732769012451
ACH-000346,3796,0,0.09308300167322159
ACH-000346,387447,0,0.24625033140182495
ACH-000346,444795,1,0.35265639424324036
ACH-000346,49821040,0,0.15772750973701477
ACH-000346,4993,0,0.19401364028453827
ACH-000346,5311,1,0.21323594450950623
ACH-000346,53302361,0,0.1419292837381363
ACH-000346,53340664,0,0.20943079888820648
ACH-000346,560326,0,0.1943274587392807
ACH-000346,6253,0,0.10787411779165268
ACH-000346,6445533,0,0.1280803233385086
ACH-000346,6445562,0,0.11934036761522293
ACH-000346,66577006,0,0.18194283545017242
ACH-000346,6914657,0,0.16453364491462708
ACH-000346,6918454,1,0.4281173348426819
ACH-000346,704473,0,0.3779183328151703
ACH-000346,9858940,0,0.1332654058933258
ACH-000346,9910224,0,0.199441060423851
ACH-000346,9938202,0,0.2076369673013687
ACH-000347,10127622,0,0.13686133921146393
ACH-000347,11316960,0,0.032918285578489304
ACH-000347,11493598,0,0.03452988713979721
ACH-000347,11609586,0,0.03180883079767227
ACH-000347,11960529,0,0.049159299582242966
ACH-000347,16747388,0,0.0007775879348628223
ACH-000347,216326,0,0.00789093878120184
ACH-000347,2726824,0,0.03250174596905708
ACH-000347,42642645,0,0.014496191404759884
ACH-000347,44143370,0,0.011222511529922485
ACH-000347,44450571,0,0.04073142632842064
ACH-000347,46931012,0,0.0015075699193403125
ACH-000347,5113032,0,0.019137682393193245
ACH-000347,53394750,1,0.04410995915532112
ACH-000347,54685215,0,0.03700445592403412
ACH-000347,6445562,0,0.005677991546690464
ACH-000347,6918289,0,0.010793127119541168
ACH-000347,6918454,0,0.07588958740234375
ACH-000347,6918848,0,0.005011339671909809
ACH-000347,71271629,0,0.0016883064527064562
ACH-000347,9858940,0,0.009558519348502159
ACH-000347,9911830,0,0.011621140874922276
ACH-000347,9952773,0,0.006713392212986946
ACH-000347,9967941,0,0.056433726102113724
ACH-000348,10077147,0,0.010517537593841553
ACH-000348,10184653,0,0.21707014739513397
ACH-000348,11485656,1,0.02845572680234909
ACH-000348,11493598,0,0.03785308077931404
ACH-000348,11625818,1,0.009933351539075375
ACH-000348,11634725,0,0.05778713524341583
ACH-000348,11640390,0,0.09982358664274216
ACH-000348,11713159,0,0.10442972928285599
ACH-000348,16725726,1,0.09229525923728943
ACH-000348,216326,0,0.07686443626880646
ACH-000348,24776445,0,0.11129368841648102
ACH-000348,24978538,0,0.08755961060523987
ACH-000348,25195352,0,0.03209676593542099
ACH-000348,2733526,0,0.10125064849853516
ACH-000348,31703,0,0.05998243764042854
ACH-000348,3463933,0,0.18547022342681885
ACH-000348,36462,0,0.04399021342396736
ACH-000348,44182295,1,0.12177253514528275
ACH-000348,446378,0,0.17838509380817413
ACH-000348,44819241,0,0.1308714598417282
ACH-000348,46885626,0,0.019560810178518295
ACH-000348,5746,0,0.08334986865520477
ACH-000348,6253,0,0.03325476497411728
ACH-000348,637858,1,0.06557106971740723
ACH-000348,6450816,0,0.043334200978279114
ACH-000348,6505803,1,0.09177007526159286
ACH-000348,65110,0,0.06811416894197464
ACH-000348,6710780,0,0.04305732995271683
ACH-000348,9826528,0,0.1519094705581665
ACH-000348,9858940,0,0.13210074603557587
ACH-000348,9914412,0,0.010221150703728199
ACH-000349,10196499,0,0.29643958806991577
ACH-000349,104842,0,0.02327917516231537
ACH-000349,11338033,0,0.02735869400203228
ACH-000349,11609586,0,0.04093547910451889
ACH-000349,11617559,0,0.3870856761932373
ACH-000349,11634725,0,0.03008871339261532
ACH-000349,11960529,0,0.07420774549245834
ACH-000349,11977753,0,0.02621445432305336
ACH-000349,16725726,0,0.8841506242752075
ACH-000349,176158,0,0.03583674505352974
ACH-000349,24785538,0,0.05415031313896179
ACH-000349,25257557,0,0.7233516573905945
ACH-000349,25262965,1,0.038930173963308334
ACH-000349,2726824,0,0.060019515454769135
ACH-000349,31703,0,0.005229979753494263
ACH-000349,3385,0,0.01096806675195694
ACH-000349,44551660,1,0.02358403615653515
ACH-000349,447912,0,0.06503663212060928
ACH-000349,46883536,0,0.032959699630737305
ACH-000349,5328940,0,0.0158914253115654
ACH-000349,53302361,0,0.08152394741773605
ACH-000349,5460769,0,0.1309031993150711
ACH-000349,6253,0,0.004134725779294968
ACH-000349,6450551,0,0.05258634686470032
ACH-000349,65110,1,0.0945698544383049
ACH-000349,6918638,0,0.018732940778136253
ACH-000349,9874913,0,0.21505889296531677
ACH-000349,9943465,0,0.1494203358888626
ACH-000349,9956222,0,0.06317264586687088
ACH-000350,10074640,0,0.005785993300378323
ACH-000350,10341154,0,0.00490066921338439
ACH-000350,11404337,0,0.00491023063659668
ACH-000350,11634725,0,0.10107110440731049
ACH-000350,126565,0,0.004718866664916277
ACH-000350,126941,0,0.007697271183133125
ACH-000350,16720766,0,0.010203919373452663
ACH-000350,16725726,0,0.22850757837295532
ACH-000350,23725625,0,0.004339826293289661
ACH-000350,24772860,0,0.000833460595458746
ACH-000350,24826799,0,0.006677807308733463
ACH-000350,24894414,0,0.0011408835416659713
ACH-000350,2733526,0,0.01577773317694664
ACH-000350,3005532,0,0.08272390067577362
ACH-000350,3218,0,0.021352937445044518
ACH-000350,3463933,0,0.07259350270032883
ACH-000350,36462,0,0.0028950802516192198
ACH-000350,4263900,0,0.0039020273834466934
ACH-000350,44143370,0,0.00800401996821165
ACH-000350,44462760,0,0.2857629060745239
ACH-000350,444795,0,0.012340964749455452
ACH-000350,5208,0,0.012399358674883842
ACH-000350,5311,0,0.01576044410467148
ACH-000350,53302361,0,0.007532892748713493
ACH-000350,5394,0,0.01674365997314453
ACH-000350,54676905,0,0.027790823951363564
ACH-000350,54685215,0,0.04548218101263046
ACH-000350,56965967,0,0.0014354083687067032
ACH-000350,57339144,0,0.006214586086571217
ACH-000350,60750,0,0.004055427853018045
ACH-000350,644241,0,0.00370193412527442
ACH-000350,84691,0,0.011958067305386066
ACH-000350,9810884,0,0.24856042861938477
ACH-000350,9863776,0,0.09444109350442886
ACH-000350,9911830,0,0.009271073155105114
ACH-000350,9938202,0,0.02519276738166809
ACH-000350,9956119,0,0.11151731014251709
ACH-000351,10027278,0,0.03519576042890549
ACH-000351,10074640,0,0.01756831258535385
ACH-000351,10096043,0,0.026631515473127365
ACH-000351,10196499,0,0.1295846700668335
ACH-000351,11327430,0,0.00761421350762248
ACH-000351,11373846,0,0.012676874175667763
ACH-000351,11625818,0,0.004715597722679377
ACH-000351,11640390,0,0.14837558567523956
ACH-000351,11667893,0,0.08349376171827316
ACH-000351,11754511,0,0.01244224514812231
ACH-000351,16722836,0,0.0028636271599680185
ACH-000351,24180719,0,0.051266685128211975
ACH-000351,3005532,0,0.13570232689380646
ACH-000351,3463933,0,0.13335615396499634
ACH-000351,3796,0,0.02994975820183754
ACH-000351,42640,0,0.049036312848329544
ACH-000351,44632017,0,0.03778272867202759
ACH-000351,44819241,0,0.04081171005964279
ACH-000351,46191454,0,0.01614433340728283
ACH-000351,46931012,0,0.0024611307308077812
ACH-000351,5113032,0,0.017109422013163567
ACH-000351,5280757,0,0.06460113823413849
ACH-000351,54685215,0,0.09556394815444946
ACH-000351,60750,0,0.013616664335131645
ACH-000351,637858,0,0.016339169815182686
ACH-000351,6505803,0,0.03189903125166893
ACH-000351,704473,0,0.020720919594168663
ACH-000351,71271629,0,0.005261425860226154
ACH-000351,85668777,0,0.270925909280777
ACH-000351,9813758,0,0.013425513170659542
ACH-000351,9826528,0,0.06968662142753601
ACH-000351,9863776,0,0.026147613301873207
ACH-000351,9910224,0,0.010896380059421062
ACH-000351,9911830,0,0.01716562919318676
ACH-000351,9914412,0,0.004434224218130112
ACH-000351,9931953,0,0.00598244508728385
ACH-000351,9952773,0,0.01577548310160637
ACH-000352,10027278,0,0.025759495794773102
ACH-000352,10113978,0,0.05880611017346382
ACH-000352,10184653,0,0.32031986117362976
ACH-000352,10196499,0,0.26667872071266174
ACH-000352,11152667,0,0.08421646803617477
ACH-000352,11338033,0,0.08946865797042847
ACH-000352,11404337,0,0.012338715605437756
ACH-000352,11493598,0,0.0652390792965889
ACH-000352,11609586,0,0.08819051831960678
ACH-000352,11634725,0,0.05445114150643349
ACH-000352,11647372,0,0.06124505028128624
ACH-000352,11977753,0,0.030900293961167336
ACH-000352,123631,0,0.07633237540721893
ACH-000352,126565,0,0.02298601157963276
ACH-000352,159324,0,0.007178750820457935
ACH-000352,16720766,1,0.04519916698336601
ACH-000352,16747388,0,0.009508302435278893
ACH-000352,24756910,0,0.12670305371284485
ACH-000352,25022668,0,0.009535140357911587
ACH-000352,25102847,0,0.11584201455116272
ACH-000352,3005532,0,0.12897808849811554
ACH-000352,4263900,0,0.025264175608754158
ACH-000352,44462760,0,0.05840994790196419
ACH-000352,448013,0,0.018770435824990273
ACH-000352,46191454,0,0.17247027158737183
ACH-000352,46224516,0,0.05442427843809128
ACH-000352,46883536,0,0.03902975097298622
ACH-000352,46931012,0,0.020152127370238304
ACH-000352,5278396,0,0.05299687385559082
ACH-000352,5280757,0,0.22785861790180206
ACH-000352,5328940,0,0.02990075573325157
ACH-000352,6450551,0,0.06571034342050552
ACH-000352,6450816,0,0.06709051132202148
ACH-000352,66577006,0,0.05092255026102066
ACH-000352,6918848,0,0.06681247055530548
ACH-000352,8249,0,0.1306959092617035
ACH-000352,9813758,0,0.07576489448547363
ACH-000352,9868037,0,0.020952392369508743
ACH-000352,9874913,0,0.20890672504901886
ACH-000352,9903786,0,0.026105308905243874
ACH-000352,9956222,0,0.12488070875406265
ACH-000353,10074640,0,0.16405244171619415
ACH-000353,10096043,1,0.30247920751571655
ACH-000353,10184653,1,0.7393115758895874
ACH-000353,10341154,0,0.08088431507349014
ACH-000353,10451420,1,0.3009495139122009
ACH-000353,104842,0,0.07766515761613846
ACH-000353,11316960,0,0.21685753762722015
ACH-000353,11338033,0,0.17996564507484436
ACH-000353,11404337,0,0.2794817090034485
ACH-000353,11455910,0,0.10890677571296692
ACH-000353,11485656,0,0.2509181797504425
ACH-000353,11626560,0,0.19128558039665222
ACH-000353,11647372,0,0.13413183391094208
ACH-000353,11707110,0,0.7856171727180481
ACH-000353,11960529,0,0.08687370270490646
ACH-000353,11977753,0,0.23115496337413788
ACH-000353,123631,1,0.5628411173820496
ACH-000353,126941,0,0.1139218732714653
ACH-000353,1401,0,0.14438842236995697
ACH-000353,16722836,0,0.1321732997894287
ACH-000353,176167,1,0.21086615324020386
ACH-000353,24776445,0,0.11469174921512604
ACH-000353,24894414,1,0.21586573123931885
ACH-000353,25022668,0,0.23779164254665375
ACH-000353,25222038,0,0.3770729899406433
ACH-000353,3385,0,0.18693721294403076
ACH-000353,3463933,0,0.15898458659648895
ACH-000353,387447,0,0.34276536107063293
ACH-000353,4261,0,0.2664770781993866
ACH-000353,44143370,1,0.3189394176006317
ACH-000353,447912,0,0.12475967407226562
ACH-000353,448013,1,0.3439960479736328
ACH-000353,49821040,1,0.5867603421211243
ACH-000353,4993,0,0.265388160943985
ACH-000353,5278396,0,0.12007507681846619
ACH-000353,5459322,0,0.10738396644592285
ACH-000353,54685215,0,0.18192729353904724
ACH-000353,644215,0,0.19094757735729218
ACH-000353,644241,0,0.07029010355472565
ACH-000353,6505803,0,0.12730292975902557
ACH-000353,6852167,0,0.08027245849370956
ACH-000353,6918848,0,0.1265355795621872
ACH-000353,704473,0,0.3676179349422455
ACH-000353,71271629,0,0.11959792673587799
ACH-000353,84691,0,0.17336589097976685
ACH-000353,85668777,0,0.4135311245918274
ACH-000353,9810884,0,0.47694456577301025
ACH-000353,9813758,1,0.12356258928775787
ACH-000353,9903786,1,0.15187527239322662
ACH-000353,9907093,0,0.38737884163856506
ACH-000353,9910224,0,0.16683922708034515
ACH-000355,10113978,0,0.10380770266056061
ACH-000355,10127622,0,0.15459510684013367
ACH-000355,11282283,1,0.15339644253253937
ACH-000355,11316960,0,0.09783986955881119
ACH-000355,11433190,0,0.20391777157783508
ACH-000355,11647372,0,0.00811636634171009
ACH-000355,11707110,0,0.2975021004676819
ACH-000355,123631,0,0.050336480140686035
ACH-000355,126941,1,0.07612065225839615
ACH-000355,148124,0,0.07211966067552567
ACH-000355,16663089,0,0.07720867544412613
ACH-000355,17755052,0,0.03388693928718567
ACH-000355,24894414,0,0.029524149373173714
ACH-000355,25124816,0,0.111046701669693
ACH-000355,25222038,0,0.018500765785574913
ACH-000355,4263900,0,0.06428588181734085
ACH-000355,444795,0,0.1259477138519287
ACH-000355,44551660,0,0.011266780085861683
ACH-000355,46191454,0,0.06675250083208084
ACH-000355,46907787,0,0.028927097097039223
ACH-000355,521106,0,0.011394347995519638
ACH-000355,5280757,0,0.08657573163509369
ACH-000355,5328940,0,0.04102712124586105
ACH-000355,5329102,0,0.049946531653404236
ACH-000355,53302361,0,0.10872603952884674
ACH-000355,5459322,0,0.07598233968019485
ACH-000355,56965967,0,0.019036931917071342
ACH-000355,5717801,0,0.02386489138007164
ACH-000355,60750,0,0.027927786111831665
ACH-000355,6753378,0,0.019022973254323006
ACH-000355,6918454,0,0.16459445655345917
ACH-000355,6918848,0,0.019404226914048195
ACH-000355,9858940,0,0.04169292002916336
ACH-000355,9868037,0,0.02093297429382801
ACH-000355,9884685,0,0.011562300845980644
ACH-000355,9938202,0,0.23274628818035126
ACH-000356,10096043,0,0.0441896878182888
ACH-000356,10200390,0,0.023577263578772545
ACH-000356,11404337,0,0.0255998857319355
ACH-000356,11609586,0,0.10629966109991074
ACH-000356,11640390,0,0.3679806590080261
ACH-000356,148124,0,0.07131125032901764
ACH-000356,216326,0,0.05106279253959656
ACH-000356,2375,1,0.06362555921077728
ACH-000356,24772860,0,0.02713550068438053
ACH-000356,24785538,0,0.18818749487400055
ACH-000356,24826799,0,0.07511992752552032
ACH-000356,24894414,0,0.036054398864507675
ACH-000356,24951314,0,0.015542094595730305
ACH-000356,25102847,1,0.20728279650211334
ACH-000356,25167777,0,0.029286395758390427
ACH-000356,25222038,0,0.03981891646981239
ACH-000356,3218,0,0.09237729012966156
ACH-000356,44462760,0,0.19780676066875458
ACH-000356,44551660,0,0.03582208231091499
ACH-000356,46224516,0,0.05390620604157448
ACH-000356,5311497,1,0.027458589524030685
ACH-000356,5460769,1,0.06594715267419815
ACH-000356,56965967,0,0.03352715075016022
ACH-000356,644241,0,0.04889066517353058
ACH-000356,6914657,0,0.18075351417064667
ACH-000356,6918848,0,0.04884510859847069
ACH-000356,704473,0,0.07131697982549667
ACH-000356,71271629,0,0.01738508604466915
ACH-000356,82146,0,0.06587103754281998
ACH-000356,8249,0,0.07005435973405838
ACH-000356,9938202,0,0.12272234261035919
ACH-000356,9956222,0,0.0627986490726471
ACH-000357,10127622,0,0.20299029350280762
ACH-000357,10341154,1,0.754153311252594
ACH-000357,11433190,0,0.4538608193397522
ACH-000357,11455910,0,0.13985778391361237
ACH-000357,11624601,0,0.26676392555236816
ACH-000357,11707110,0,0.2673647105693817
ACH-000357,126565,1,0.5379284620285034
ACH-000357,176158,0,0.32592761516571045
ACH-000357,25262965,1,0.7388025522232056
ACH-000357,2726824,0,0.1736784726381302
ACH-000357,2733526,0,0.4416949152946472
ACH-000357,44462760,0,0.45018574595451355
ACH-000357,5311,1,0.5509956479072571
ACH-000357,5394,0,0.34197086095809937
ACH-000357,6253,1,0.6025291085243225
ACH-000357,9826528,0,0.4510727524757385
ACH-000357,9914412,1,0.7177942991256714
ACH-000357,9931953,0,0.2084341198205948
ACH-000358,10109823,0,0.007586030755192041
ACH-000358,10302451,0,0.03871292620897293
ACH-000358,10384072,0,0.011954906396567822
ACH-000358,11282283,1,0.36246344447135925
ACH-000358,11327430,0,0.005152451805770397
ACH-000358,11485656,0,0.051252685487270355
ACH-000358,11647372,0,0.021771255880594254
ACH-000358,11707110,0,0.06611783057451248
ACH-000358,11713159,0,0.005076338537037373
ACH-000358,1401,0,0.23309293389320374
ACH-000358,156422,0,0.03835853189229965
ACH-000358,16663089,0,0.08166807889938354
ACH-000358,16720766,0,0.007353758905082941
ACH-000358,16722836,0,0.018992586061358452
ACH-000358,208908,0,0.12357375770807266
ACH-000358,23725625,0,0.01964603364467621
ACH-000358,24180719,0,0.005379378329962492
ACH-000358,24825971,0,0.01637774147093296
ACH-000358,24951314,0,0.0023035069461911917
ACH-000358,25195352,0,0.016573986038565636
ACH-000358,25257557,0,0.9824883341789246
ACH-000358,36462,0,0.004162026569247246
ACH-000358,44182295,0,0.0030608666129410267
ACH-000358,44224160,0,0.034143343567848206
ACH-000358,44462760,0,0.005800584796816111
ACH-000358,44632017,0,0.022303424775600433
ACH-000358,447912,0,0.056676700711250305
ACH-000358,46191454,0,0.2087416648864746
ACH-000358,46224516,0,0.01593318022787571
ACH-000358,46930998,0,0.034720320254564285
ACH-000358,5208,0,0.011930273845791817
ACH-000358,5278396,0,0.009361650794744492
ACH-000358,53394750,0,0.19643710553646088
ACH-000358,5384616,0,0.02428600564599037
ACH-000358,5459322,0,0.030741741880774498
ACH-000358,560326,0,0.07241413742303848
ACH-000358,57339144,0,0.03999670594930649
ACH-000358,637858,0,0.0037350421771407127
ACH-000358,6450551,0,0.0245242677628994
ACH-000358,7251185,0,0.005849028937518597
ACH-000358,9810884,0,0.7133644223213196
ACH-000358,9826308,0,0.054790694266557693
ACH-000358,9863776,0,0.004683038219809532
ACH-000358,9884685,0,0.03627082332968712
ACH-000359,10077147,0,0.013018081896007061
ACH-000359,10384072,0,0.15160585939884186
ACH-000359,11404337,0,0.08288951218128204
ACH-000359,11455910,0,0.32100754976272583
ACH-000359,11634725,0,0.05838211253285408
ACH-000359,11640390,0,0.14919622242450714
ACH-000359,123631,0,0.2602909505367279
ACH-000359,216326,0,0.06163788214325905
ACH-000359,24180719,0,0.12369690835475922
ACH-000359,24776445,0,0.08899834007024765
ACH-000359,24889392,0,0.02212294191122055
ACH-000359,24894414,0,0.019517863169312477
ACH-000359,25102847,0,0.09589695930480957
ACH-000359,25124816,0,0.25277993083000183
ACH-000359,25222038,0,0.1188831478357315
ACH-000359,2733526,0,0.16987238824367523
ACH-000359,300471,0,0.08998676389455795
ACH-000359,3005532,0,0.4961099326610565
ACH-000359,42640,0,0.12243212014436722
ACH-000359,44182295,0,0.07175479829311371
ACH-000359,44450571,0,0.3108149766921997
ACH-000359,44632017,0,0.10144635289907455
ACH-000359,446378,0,0.2562069594860077
ACH-000359,447912,0,0.034569818526506424
ACH-000359,46191454,0,0.034847959876060486
ACH-000359,46224516,0,0.014459683559834957
ACH-000359,46883536,0,0.027637068182229996
ACH-000359,46930998,0,0.07978872209787369
ACH-000359,49806720,0,0.07344455271959305
ACH-000359,5113032,0,0.04845878481864929
ACH-000359,5311497,0,0.11568354070186615
ACH-000359,5459322,0,0.10648558288812637
ACH-000359,56965967,0,0.020500950515270233
ACH-000359,5746,0,0.1192261129617691
ACH-000359,60750,1,0.08191359788179398
ACH-000359,6852167,0,0.019530687481164932
ACH-000359,6918638,0,0.011463294737040997
ACH-000359,704473,0,0.044406112283468246
ACH-000359,9810884,0,0.3355555832386017
ACH-000359,9868037,0,0.025272201746702194
ACH-000359,9903786,0,0.009369348175823689
ACH-000359,9914412,0,0.013941465876996517
ACH-000359,9967941,0,0.08484955877065659
ACH-000360,11316960,0,0.2200823575258255
ACH-000360,11707110,0,0.514987587928772
ACH-000360,11977753,0,0.14921928942203522
ACH-000360,126565,0,0.17365165054798126
ACH-000360,1401,0,0.19954417645931244
ACH-000360,148124,0,0.1450076550245285
ACH-000360,23725625,0,0.10173593461513519
ACH-000360,24180719,1,0.23939523100852966
ACH-000360,24978538,1,0.31786495447158813
ACH-000360,2733526,0,0.126299187541008
ACH-000360,44450571,0,0.1632697433233261
ACH-000360,44819241,0,0.16055968403816223
ACH-000360,46930998,0,0.2447967231273651
ACH-000360,51371303,0,0.15495464205741882
ACH-000360,5328940,0,0.12249965965747833
ACH-000360,5394,0,0.11496109515428543
ACH-000360,637858,0,0.09074628353118896
ACH-000360,65110,0,0.15119437873363495
ACH-000360,6710780,0,0.11554279178380966
ACH-000360,6918454,0,0.31581729650497437
ACH-000360,9863776,0,0.10895874351263046
ACH-000360,9914412,0,0.10923294723033905
ACH-000360,9931953,0,0.09215160459280014
ACH-000361,10096043,0,0.10057453066110611
ACH-000361,10109823,0,0.0800412967801094
ACH-000361,10451420,0,0.01651996187865734
ACH-000361,11316960,1,0.20691920816898346
ACH-000361,11433190,1,0.3059290051460266
ACH-000361,11493598,0,0.054701510816812515
ACH-000361,11617559,0,0.04801122844219208
ACH-000361,11647372,0,0.006797357928007841
ACH-000361,11713159,0,0.09623704105615616
ACH-000361,159324,1,0.019847966730594635
ACH-000361,216326,0,0.04750997945666313
ACH-000361,24772860,0,0.011663900688290596
ACH-000361,24894414,0,0.009630636312067509
ACH-000361,24978538,0,0.06704559177160263
ACH-000361,25126798,0,0.014897326938807964
ACH-000361,25167777,0,0.009162982925772667
ACH-000361,3385,0,0.025104254484176636
ACH-000361,36462,0,0.04312232881784439
ACH-000361,44224160,0,0.011230722069740295
ACH-000361,46191454,0,0.016108226031064987
ACH-000361,46931012,0,0.006056982558220625
ACH-000361,46943432,0,0.006186372600495815
ACH-000361,51371303,0,0.09622799605131149
ACH-000361,521106,0,0.021713366732001305
ACH-000361,5311497,0,0.05297631397843361
ACH-000361,5327091,0,0.09639326483011246
ACH-000361,5328940,0,0.04561644047498703
ACH-000361,53302361,1,0.07635777443647385
ACH-000361,5459322,0,0.14214998483657837
ACH-000361,56965967,0,0.011061284691095352
ACH-000361,6505803,0,0.16087546944618225
ACH-000361,6918289,0,0.09166514128446579
ACH-000361,8249,0,0.022777382284402847
ACH-000361,84691,0,0.10102416574954987
ACH-000361,9826528,0,0.2691158950328827
ACH-000361,9858940,0,0.11583635956048965
ACH-000361,9910224,0,0.019511446356773376
ACH-000361,9914412,0,0.014071927405893803
ACH-000361,9956119,0,0.17280790209770203
ACH-000361,9956222,0,0.01725894585251808
ACH-000362,10074640,1,0.8878930807113647
ACH-000362,10096043,0,0.049525417387485504
ACH-000362,10384072,0,0.08734741806983948
ACH-000362,10390396,1,0.25786373019218445
ACH-000362,11152667,1,0.2552286386489868
ACH-000362,11178236,0,0.017703456804156303
ACH-000362,11404337,0,0.16492344439029694
ACH-000362,11493598,1,0.8220080733299255
ACH-000362,11667893,1,0.029175246134400368
ACH-000362,11676786,1,0.7618030905723572
ACH-000362,159324,0,0.4125226140022278
ACH-000362,16722836,1,0.9558305740356445
ACH-000362,16725726,1,0.9351304173469543
ACH-000362,20635522,1,0.13483157753944397
ACH-000362,216326,1,0.6231938600540161
ACH-000362,2314623,0,0.16284237802028656
ACH-000362,24776445,0,0.4626694619655609
ACH-000362,24951314,0,0.5922237038612366
ACH-000362,25195352,0,0.24456632137298584
ACH-000362,25262965,1,0.4058004915714264
ACH-000362,2726824,0,0.02774902433156967
ACH-000362,3005532,0,0.021832941100001335
ACH-000362,3796,1,0.1748296171426773
ACH-000362,46907787,0,0.19619956612586975
ACH-000362,46943432,1,0.9870807528495789
ACH-000362,49821040,1,0.3045467138290405
ACH-000362,5327091,1,0.07679255306720734
ACH-000362,5459322,0,0.16835269331932068
ACH-000362,54685215,0,0.06186548247933388
ACH-000362,57339144,1,0.682462751865387
ACH-000362,5746,0,0.039928510785102844
ACH-000362,6253,0,0.3323708176612854
ACH-000362,66577006,1,0.9322905540466309
ACH-000362,6918454,0,0.26975998282432556
ACH-000362,6918848,1,0.8461211323738098
ACH-000362,82146,0,0.2648159861564636
ACH-000362,84691,0,0.4859858751296997
ACH-000362,9813758,1,0.8466539978981018
ACH-000362,9826528,0,0.3806789219379425
ACH-000362,9868037,1,0.9244936108589172
ACH-000362,9911830,1,0.8366958498954773
ACH-000363,10074640,0,0.26081836223602295
ACH-000363,10096043,0,0.01706279069185257
ACH-000363,10109823,0,0.03085402399301529
ACH-000363,10184653,0,0.051801398396492004
ACH-000363,11152667,0,0.11310040205717087
ACH-000363,11455910,0,0.03712600842118263
ACH-000363,11493598,1,0.1627257913351059
ACH-000363,11667893,0,0.051828958094120026
ACH-000363,11713159,0,0.04369954764842987
ACH-000363,11754511,0,0.5681978464126587
ACH-000363,126941,0,0.4435482621192932
ACH-000363,1401,0,0.20726098120212555
ACH-000363,156422,0,0.0625087097287178
ACH-000363,159324,0,0.016534719616174698
ACH-000363,16095342,0,0.14127680659294128
ACH-000363,16760646,0,0.13477301597595215
ACH-000363,176158,0,0.06292228400707245
ACH-000363,24180719,0,0.05412859469652176
ACH-000363,24772860,0,0.07583147287368774
ACH-000363,24776445,0,0.10985405743122101
ACH-000363,24889392,1,0.5187433362007141
ACH-000363,25126798,0,0.2551591098308563
ACH-000363,25167777,1,0.18004664778709412
ACH-000363,300471,0,0.02929733879864216
ACH-000363,3005532,0,0.0376107394695282
ACH-000363,3218,0,0.03291895240545273
ACH-000363,42642645,0,0.16077378392219543
ACH-000363,44551660,0,0.20147466659545898
ACH-000363,46885626,0,0.5000771880149841
ACH-000363,46907787,0,0.055781763046979904
ACH-000363,49821040,0,0.09280671924352646
ACH-000363,4993,0,0.04354215785861015
ACH-000363,51371303,0,0.0474390983581543
ACH-000363,521106,0,0.06952079385519028
ACH-000363,5311,0,0.14883780479431152
ACH-000363,5311497,0,0.021730029955506325
ACH-000363,5327091,0,0.02015799842774868
ACH-000363,53340664,0,0.17219294607639313
ACH-000363,5459322,0,0.06759604811668396
ACH-000363,57339144,0,0.18479911983013153
ACH-000363,60750,0,0.026228884235024452
ACH-000363,6918848,0,0.2598039507865906
ACH-000363,71271629,0,0.029101969674229622
ACH-000363,84691,0,0.03992429003119469
ACH-000363,9858940,0,0.03772151470184326
ACH-000363,9931953,0,0.013788263313472271
ACH-000363,9952773,0,0.13217920064926147
ACH-000364,10109823,0,0.007937352173030376
ACH-000364,10113978,0,0.032756879925727844
ACH-000364,104842,0,0.004535485524684191
ACH-000364,11455910,0,0.06314529478549957
ACH-000364,11609586,1,0.025387778878211975
ACH-000364,176167,0,0.0343862883746624
ACH-000364,24894414,0,0.0011807847768068314
ACH-000364,25124816,0,0.059124115854501724
ACH-000364,25222038,0,0.004497753921896219
ACH-000364,25257557,1,0.7989733219146729
ACH-000364,3796,0,0.00551763316616416
ACH-000364,42640,0,0.011693599633872509
ACH-000364,44137675,0,0.017984779551625252
ACH-000364,447912,0,0.002866970608010888
ACH-000364,46843772,0,0.0264792051166296
ACH-000364,46885626,0,0.006053587421774864
ACH-000364,46907787,0,0.008852708153426647
ACH-000364,5280757,0,0.07278800755739212
ACH-000364,5289247,0,0.08260847628116608
ACH-000364,5311,0,0.019499551504850388
ACH-000364,5327091,0,0.006285868119448423
ACH-000364,53302361,0,0.01137432362884283
ACH-000364,53394750,0,0.03040943294763565
ACH-000364,6918454,0,0.470050185918808
ACH-000364,6918848,0,0.0013407219666987658
ACH-000364,704473,0,0.004920537117868662
ACH-000364,82146,0,0.011705508455634117
ACH-000364,85668777,0,0.12842097878456116
ACH-000364,9903786,0,0.0005113997613079846
ACH-000364,9931953,0,0.003500435035675764
ACH-000364,9952773,0,0.0025832338724285364
ACH-000365,10302451,1,0.489651620388031
ACH-000365,10390396,0,0.21197107434272766
ACH-000365,10459196,1,0.09747973084449768
ACH-000365,11327430,0,0.13529568910598755
ACH-000365,11364421,0,0.20148257911205292
ACH-000365,11404337,0,0.0698477104306221
ACH-000365,11624601,1,0.20876768231391907
ACH-000365,11667893,0,0.042741809040308
ACH-000365,11707110,0,0.06742420792579651
ACH-000365,11844351,1,0.327793687582016
ACH-000365,126565,0,0.1216043159365654
ACH-000365,126941,0,0.5108568072319031
ACH-000365,1401,0,0.21218150854110718
ACH-000365,160355,1,0.27674874663352966
ACH-000365,16747388,0,0.25265514850616455
ACH-000365,216239,0,0.27520835399627686
ACH-000365,24180719,0,0.040382690727710724
ACH-000365,24772860,0,0.19564607739448547
ACH-000365,25257557,1,0.9388492703437805
ACH-000365,2726824,0,0.05204050987958908
ACH-000365,2733526,0,0.22258909046649933
ACH-000365,3062316,1,0.3123983144760132
ACH-000365,31703,0,0.046283502131700516
ACH-000365,42642645,0,0.321772038936615
ACH-000365,447912,0,0.6284868121147156
ACH-000365,46907787,0,0.24622997641563416
ACH-000365,46930998,0,0.36859098076820374
ACH-000365,5208,0,0.13218028843402863
ACH-000365,5278396,0,0.10666641592979431
ACH-000365,5328940,0,0.10698743909597397
ACH-000365,5459322,0,0.11879798769950867
ACH-000365,5460769,0,0.18812894821166992
ACH-000365,6445562,0,0.8469550013542175
ACH-000365,6710780,0,0.14803685247898102
ACH-000365,6918638,0,0.42303726077079773
ACH-000365,7251185,0,0.19652703404426575
ACH-000365,9914412,0,0.18776054680347443
ACH-000365,9967941,0,0.1401115208864212
ACH-000366,10196499,0,0.23404784500598907
ACH-000366,10341154,0,0.07379255443811417
ACH-000366,10451420,0,0.1092347800731659
ACH-000366,11282283,1,0.20946873724460602
ACH-000366,11625818,0,0.04504639282822609
ACH-000366,11626560,0,0.04347025975584984
ACH-000366,11647372,0,0.03259986266493797
ACH-000366,11844351,0,0.1823996752500534
ACH-000366,126941,0,0.07914415746927261
ACH-000366,16747388,0,0.015347229316830635
ACH-000366,20635522,0,0.09415712207555771
ACH-000366,216239,0,0.05805853754281998
ACH-000366,24772860,0,0.018871020525693893
ACH-000366,24826799,0,0.09620573371648788
ACH-000366,2733526,0,0.10512220114469528
ACH-000366,3005532,0,0.16810189187526703
ACH-000366,3062316,0,0.4608713984489441
ACH-000366,3385,0,0.07919327914714813
ACH-000366,36462,0,0.029725566506385803
ACH-000366,387447,0,0.17285634577274323
ACH-000366,4261,0,0.1047707125544548
ACH-000366,444795,0,0.10948140174150467
ACH-000366,446378,0,0.11930976063013077
ACH-000366,46191454,0,0.06797658652067184
ACH-000366,46907787,0,0.1630314737558365
ACH-000366,46943432,0,0.051355600357055664
ACH-000366,5291,0,0.2609429359436035
ACH-000366,5311,0,0.09119176864624023
ACH-000366,5327091,0,0.07878004014492035
ACH-000366,54685215,0,0.17089132964611053
ACH-000366,5746,0,0.11045222729444504
ACH-000366,637858,0,0.09333479404449463
ACH-000366,644215,0,0.07438790798187256
ACH-000366,6852167,0,0.03911139443516731
ACH-000366,6918454,0,0.11470108479261398
ACH-000366,82146,0,0.21388253569602966
ACH-000366,8249,0,0.049294613301754
ACH-000366,9810884,1,0.5302097201347351
ACH-000366,9826308,0,0.12125547230243683
ACH-000366,9903786,0,0.028019575402140617
ACH-000366,9910224,0,0.0741967111825943
ACH-000366,9956222,0,0.05925493314862251
ACH-000369,10384072,1,0.2956983745098114
ACH-000369,11960529,1,0.35618624091148376
ACH-000369,126565,1,0.4993620216846466
ACH-000369,2314623,1,0.31838810443878174
ACH-000369,2726824,0,0.18097497522830963
ACH-000369,44182295,0,0.6021891236305237
ACH-000369,44819241,0,0.4680942893028259
ACH-000369,46930998,1,0.4115618169307709
ACH-000369,51371303,1,0.3199526369571686
ACH-000369,54685215,0,0.2318015843629837
ACH-000369,57339144,0,0.46273988485336304
ACH-000369,6918289,0,0.42151033878326416
ACH-000369,6918454,0,0.580673336982727
ACH-000369,9826528,0,0.6493439078330994
ACH-000369,9858940,0,0.4726732671260834
ACH-000369,9863776,0,0.4345652759075165
ACH-000369,9914412,1,0.39989909529685974
ACH-000371,10074640,0,0.3977741301059723
ACH-000371,10109823,0,0.11745605617761612
ACH-000371,10184653,0,0.09607508778572083
ACH-000371,10390396,0,0.1898811012506485
ACH-000371,10459196,0,0.07346174865961075
ACH-000371,11178236,0,0.04818479344248772
ACH-000371,11493598,0,0.2729912996292114
ACH-000371,11667893,0,0.06119183078408241
ACH-000371,123631,0,0.05920525640249252
ACH-000371,159324,0,0.06550893932580948
ACH-000371,160355,0,0.2011856883764267
ACH-000371,176158,0,0.10292770713567734
ACH-000371,20635522,0,0.11400938779115677
ACH-000371,2314623,0,0.12127231806516647
ACH-000371,24894414,1,0.5130413770675659
ACH-000371,25167777,0,0.3655368983745575
ACH-000371,31703,0,0.040114451199769974
ACH-000371,387447,0,0.1000705286860466
ACH-000371,4261,0,0.15642763674259186
ACH-000371,4263900,0,0.05775594711303711
ACH-000371,44137675,0,0.06152466684579849
ACH-000371,446378,0,0.04848698154091835
ACH-000371,462382,0,0.09884625673294067
ACH-000371,46843772,1,0.13172748684883118
ACH-000371,46930998,0,0.2553825378417969
ACH-000371,49821040,0,0.17900195717811584
ACH-000371,51371303,0,0.06736496090888977
ACH-000371,5278396,0,0.10428984463214874
ACH-000371,5291,0,0.35585156083106995
ACH-000371,5311497,0,0.05076787993311882
ACH-000371,53302361,0,0.137267604470253
ACH-000371,54685215,0,0.06970927119255066
ACH-000371,6445562,0,0.3660202622413635
ACH-000371,6450551,0,0.18007983267307281
ACH-000371,6450816,0,0.14812548458576202
ACH-000371,66577006,0,0.5968583822250366
ACH-000371,6918454,0,0.07303280383348465
ACH-000371,8249,0,0.47926923632621765
ACH-000371,84691,0,0.13531078398227692
ACH-000371,9826308,0,0.2906063199043274
ACH-000371,9884685,1,0.5153881311416626
ACH-000371,9903786,0,0.44368821382522583
ACH-000371,9911830,0,0.3614547550678253
ACH-000371,9914412,0,0.13602913916110992
ACH-000372,10109823,0,0.163198783993721
ACH-000372,11178236,0,0.021661849692463875
ACH-000372,159324,0,0.1715191900730133
ACH-000372,24776445,1,0.23544760048389435
ACH-000372,44551660,1,0.8175204992294312
ACH-000372,46191454,0,0.825864851474762
ACH-000372,46907787,0,0.20630712807178497
ACH-000372,5280757,0,0.04191918298602104
ACH-000372,5328940,0,0.10256536304950714
ACH-000372,54676905,0,0.14701351523399353
ACH-000372,54685215,0,0.04826623201370239
ACH-000372,56965967,0,0.6127845048904419
ACH-000372,60750,0,0.04834328964352608
ACH-000372,6253,0,0.1329624354839325
ACH-000372,644241,0,0.565798819065094
ACH-000372,6445562,0,0.7267653942108154
ACH-000372,65110,0,0.6554028987884521
ACH-000372,6753378,1,0.5001610517501831
ACH-000372,6852167,1,0.8348420262336731
ACH-000372,85668777,0,0.0353192538022995
ACH-000372,9858940,0,0.10283902287483215
ACH-000372,9884685,0,0.74012690782547
ACH-000372,9903786,0,0.8255658149719238
ACH-000372,9943465,0,0.23756159842014313
ACH-000372,9952773,1,0.5372022390365601
ACH-000372,9956222,0,0.5961161851882935
ACH-000373,10077147,1,0.08525174856185913
ACH-000373,10127622,1,0.3975364863872528
ACH-000373,10384072,0,0.14991740882396698
ACH-000373,10459196,1,0.24495874345302582
ACH-000373,10461815,0,0.20029619336128235
ACH-000373,11364421,0,0.2194521427154541
ACH-000373,11433190,1,0.5070229768753052
ACH-000373,11609586,1,0.20452871918678284
ACH-000373,11626927,0,0.15137246251106262
ACH-000373,11977753,0,0.08211447298526764
ACH-000373,16038120,0,0.25714173913002014
ACH-000373,20635522,0,0.24253208935260773
ACH-000373,24180719,0,0.3544241786003113
ACH-000373,2733526,0,0.18318584561347961
ACH-000373,387447,0,0.22905324399471283
ACH-000373,4261,0,0.16080553829669952
ACH-000373,44462760,0,0.3647071123123169
ACH-000373,44632017,0,0.2019730806350708
ACH-000373,44819241,0,0.20505023002624512
ACH-000373,46844147,0,0.17478521168231964
ACH-000373,5384616,0,0.19953690469264984
ACH-000373,644215,0,0.12378844618797302
ACH-000373,6505803,0,0.10687462240457535
ACH-000373,71271629,1,0.17933472990989685
ACH-000374,10027278,0,0.025601182132959366
ACH-000374,10196499,0,0.1058008149266243
ACH-000374,10459196,0,0.028313931077718735
ACH-000374,11178236,0,0.02725798636674881
ACH-000374,11338033,0,0.010146203450858593
ACH-000374,11404337,0,0.007151721976697445
ACH-000374,11493598,0,0.043498095124959946
ACH-000374,11617559,0,0.05605423077940941
ACH-000374,11647372,0,0.005748499184846878
ACH-000374,11960529,0,0.041324641555547714
ACH-000374,16725726,0,0.4759770929813385
ACH-000374,2375,0,0.021459879353642464
ACH-000374,24180719,0,0.053523026406764984
ACH-000374,24785538,0,0.08652257174253464
ACH-000374,25102847,0,0.0532694011926651
ACH-000374,25222038,0,0.02399962581694126
ACH-000374,3463933,1,0.1223868653178215
ACH-000374,3796,0,0.03768493980169296
ACH-000374,42640,0,0.03577456623315811
ACH-000374,444795,0,0.03333519399166107
ACH-000374,447912,0,0.013644123449921608
ACH-000374,521106,0,0.006171067710965872
ACH-000374,5280757,0,0.08342245221138
ACH-000374,560326,0,0.06905128806829453
ACH-000374,56965967,0,0.005758419632911682
ACH-000374,6253,0,0.002534818137064576
ACH-000374,6450551,0,0.02081792615354061
ACH-000374,6852167,0,0.01148596778512001
ACH-000374,704473,0,0.024709437042474747
ACH-000374,71271629,0,0.004886154551059008
ACH-000374,9884685,0,0.007246674969792366
ACH-000374,9931953,0,0.005853794049471617
ACH-000374,9967941,0,0.028315983712673187
ACH-000375,10384072,0,0.1282055526971817
ACH-000375,11433190,1,0.4353538155555725
ACH-000375,11455910,0,0.13605603575706482
ACH-000375,11485656,1,0.25568804144859314
ACH-000375,11493598,0,0.25089672207832336
ACH-000375,11647372,0,0.099421426653862
ACH-000375,126565,0,0.09562432765960693
ACH-000375,126941,0,0.1715564727783203
ACH-000375,148124,1,0.15476296842098236
ACH-000375,156422,1,0.2066946029663086
ACH-000375,216326,0,0.12152015417814255
ACH-000375,24180719,0,0.2019607573747635
ACH-000375,24756910,0,0.15434423089027405
ACH-000375,24772860,0,0.08437785506248474
ACH-000375,24785538,0,0.19043202698230743
ACH-000375,24978538,0,0.7183857560157776
ACH-000375,25262965,1,0.1524059772491455
ACH-000375,300471,1,0.07647159695625305
ACH-000375,3385,0,0.151680126786232
ACH-000375,4263900,0,0.09872736781835556
ACH-000375,44462760,0,0.24364472925662994
ACH-000375,444795,0,0.2306775152683258
ACH-000375,521106,0,0.09595781564712524
ACH-000375,53340664,0,0.18412455916404724
ACH-000375,54685215,0,0.15125469863414764
ACH-000375,6914657,0,0.13131974637508392
ACH-000375,6918289,1,0.14705532789230347
ACH-000375,9810884,0,0.6798753142356873
ACH-000375,9868037,0,0.13341385126113892
ACH-000375,9943465,0,0.22952932119369507
ACH-000375,9956119,0,0.2531564235687256
ACH-000376,10196499,0,0.1324046552181244
ACH-000376,10341154,0,0.011676027439534664
ACH-000376,11178236,0,0.06901807337999344
ACH-000376,11609586,0,0.04585884511470795
ACH-000376,11634725,0,0.017797676846385002
ACH-000376,11977753,0,0.05833660811185837
ACH-000376,159324,0,0.009082522243261337
ACH-000376,16722836,0,0.0014949539909139276
ACH-000376,16725726,0,0.1256987303495407
ACH-000376,176158,0,0.06951035559177399
ACH-000376,176167,0,0.040584951639175415
ACH-000376,24756910,0,0.010246580466628075
ACH-000376,24894414,0,0.0038380639161914587
ACH-000376,25022668,0,0.013650105334818363
ACH-000376,44450571,0,0.12226422131061554
ACH-000376,44462760,0,0.07826833426952362
ACH-000376,448013,0,0.0740412101149559
ACH-000376,46930998,0,0.032799556851387024
ACH-000376,46931012,0,0.0014312616549432278
ACH-000376,46943432,0,0.0019500775961205363
ACH-000376,5311,0,0.032365068793296814
ACH-000376,54676905,0,0.11785701662302017
ACH-000376,560326,0,0.08164587616920471
ACH-000376,57339144,0,0.015169111080467701
ACH-000376,65110,0,0.013132062740623951
ACH-000376,66577006,0,0.006311597768217325
ACH-000376,6753378,0,0.008213933557271957
ACH-000376,6918638,0,0.002964026527479291
ACH-000376,9868037,0,0.0025439371820539236
ACH-000378,10184653,0,0.3745020627975464
ACH-000378,10196499,0,0.19311805069446564
ACH-000378,11327430,0,0.08576259016990662
ACH-000378,11338033,0,0.10546992719173431
ACH-000378,11373846,0,0.14991885423660278
ACH-000378,11404337,0,0.09066697955131531
ACH-000378,11617559,0,0.1868198662996292
ACH-000378,11640390,0,0.2583973705768585
ACH-000378,11647372,0,0.0811387449502945
ACH-000378,11977753,0,0.08344518393278122
ACH-000378,25124816,0,0.21354053914546967
ACH-000378,25167777,0,0.08730631321668625
ACH-000378,25262965,0,0.15651530027389526
ACH-000378,4263900,0,0.0877932533621788
ACH-000378,42640,0,0.13301034271717072
ACH-000378,44450571,0,0.13189509510993958
ACH-000378,446378,0,0.09498152881860733
ACH-000378,46224516,0,0.07454929500818253
ACH-000378,46930998,0,0.12241246551275253
ACH-000378,521106,0,0.08089254796504974
ACH-000378,54676905,0,0.1806308776140213
ACH-000378,56962337,1,0.1946505904197693
ACH-000378,57339144,0,0.18308132886886597
ACH-000378,60750,0,0.0840967670083046
ACH-000378,6445533,0,0.07434310764074326
ACH-000378,6445562,0,0.16735400259494781
ACH-000378,6450551,0,0.09928765892982483
ACH-000378,65110,0,0.15891623497009277
ACH-000378,704473,0,0.2823219299316406
ACH-000378,84691,0,0.19454425573349
ACH-000378,9874913,0,0.20288671553134918
ACH-000378,9884685,0,0.10169626772403717
ACH-000379,10341154,0,0.02543635107576847
ACH-000379,10384072,0,0.10427205264568329
ACH-000379,104842,0,0.03739209473133087
ACH-000379,11178236,0,0.049700722098350525
ACH-000379,11338033,0,0.034058645367622375
ACH-000379,11609586,0,0.10585076361894608
ACH-000379,11634725,0,0.16574148833751678
ACH-000379,11647372,0,0.01784568838775158
ACH-000379,11977753,0,0.07510658353567123
ACH-000379,123631,0,0.24120113253593445
ACH-000379,126565,0,0.05000575631856918
ACH-000379,156422,0,0.09160428494215012
ACH-000379,159324,0,0.018377989530563354
ACH-000379,2375,0,0.04748230427503586
ACH-000379,24180719,0,0.09093078970909119
ACH-000379,25167777,0,0.01945897750556469
ACH-000379,300471,0,0.136002317070961
ACH-000379,4263900,0,0.0620381198823452
ACH-000379,42642645,0,0.056763842701911926
ACH-000379,44632017,0,0.0585826113820076
ACH-000379,446378,0,0.1259327381849289
ACH-000379,46191454,0,0.03792848810553551
ACH-000379,5289247,1,0.1110287457704544
ACH-000379,5327091,0,0.058526135981082916
ACH-000379,53394750,0,0.09976226091384888
ACH-000379,5394,0,0.08506077527999878
ACH-000379,5459322,0,0.07997806370258331
ACH-000379,5746,1,0.1750555783510208
ACH-000379,6253,0,0.013606698252260685
ACH-000379,644241,0,0.02150457352399826
ACH-000379,6450551,0,0.05212327837944031
ACH-000379,6918848,0,0.027268698439002037
ACH-000379,9884685,0,0.01664471998810768
ACH-000379,9914412,0,0.02852449007332325
ACH-000379,9956222,0,0.03340176120400429
ACH-000380,10109823,0,0.04646844416856766
ACH-000380,11152667,0,0.18906991183757782
ACH-000380,11178236,0,0.029569527134299278
ACH-000380,11609586,0,0.08846302330493927
ACH-000380,11617559,0,0.21141670644283295
ACH-000380,11640390,0,0.09751088917255402
ACH-000380,11713159,0,0.08984845131635666
ACH-000380,16663089,0,0.22939248383045197
ACH-000380,16747388,0,0.3142479956150055
ACH-000380,176158,0,0.06812223792076111
ACH-000380,2314623,0,0.11041997373104095
ACH-000380,2375,0,0.2919270694255829
ACH-000380,24756910,1,0.47808709740638733
ACH-000380,24951314,0,0.1590648740530014
ACH-000380,25124816,0,0.05007946118712425
ACH-000380,25167777,0,0.2648247182369232
ACH-000380,300471,0,0.04625793173909187
ACH-000380,3062316,0,0.04706989601254463
ACH-000380,36314,0,0.03134017437696457
ACH-000380,36462,0,0.08946578949689865
ACH-000380,44551660,1,0.3903714716434479
ACH-000380,46943432,1,0.8230516314506531
ACH-000380,5311,1,0.2167232483625412
ACH-000380,5311497,0,0.030468681827187538
ACH-000380,5311510,0,0.20462237298488617
ACH-000380,5460769,0,0.07884667813777924
ACH-000380,5717801,1,0.2270720899105072
ACH-000380,6253,0,0.07454220205545425
ACH-000380,66577006,0,0.5530503988265991
ACH-000380,6918454,0,0.16792970895767212
ACH-000380,8249,0,0.6152207851409912
ACH-000380,9549184,0,0.2768545150756836
ACH-000380,9826308,0,0.2961888611316681
ACH-000380,9910224,1,0.30567386746406555
ACH-000380,9956222,0,0.21725694835186005
ACH-000381,10184653,0,0.4447678327560425
ACH-000381,11433190,0,0.3194483816623688
ACH-000381,11485656,0,0.06307603418827057
ACH-000381,11647372,0,0.011850278824567795
ACH-000381,11713159,0,0.04831651970744133
ACH-000381,11960529,0,0.10654966533184052
ACH-000381,156422,0,0.1226625069975853
ACH-000381,16722836,0,0.012178703211247921
ACH-000381,176158,0,0.12104924023151398
ACH-000381,176167,0,0.1277666985988617
ACH-000381,2314623,0,0.1325375884771347
ACH-000381,24756910,0,0.022285370156168938
ACH-000381,24889392,1,0.027308505028486252
ACH-000381,25022668,1,0.021861916407942772
ACH-000381,25262965,0,0.07095065712928772
ACH-000381,2733526,0,0.06040851026773453
ACH-000381,42642645,0,0.049615953117609024
ACH-000381,44450571,0,0.1315985769033432
ACH-000381,446378,0,0.04895663261413574
ACH-000381,46191454,0,0.038549382239580154
ACH-000381,521106,0,0.021988989785313606
ACH-000381,5280757,0,0.1210978627204895
ACH-000381,5311497,0,0.027039265260100365
ACH-000381,5460769,0,0.06344512104988098
ACH-000381,644241,0,0.027841029688715935
ACH-000381,6445562,0,0.04654573276638985
ACH-000381,9863776,0,0.12597675621509552
ACH-000381,9914412,0,0.014369964599609375
ACH-000381,9931953,0,0.02019422873854637
ACH-000381,9938202,0,0.09160172194242477
ACH-000381,9952773,0,0.03518763929605484
ACH-000383,10074640,0,0.04001554474234581
ACH-000383,10127622,0,0.3739098310470581
ACH-000383,10451420,0,0.09656327217817307
ACH-000383,11316960,0,0.11986643821001053
ACH-000383,11373846,0,0.0349709577858448
ACH-000383,11493598,0,0.07429958879947662
ACH-000383,11667893,0,0.08072340488433838
ACH-000383,11754511,0,0.03009253926575184
ACH-000383,148124,0,0.05071171000599861
ACH-000383,16725726,0,0.4069395065307617
ACH-000383,2314623,0,0.09292514622211456
ACH-000383,23725625,0,0.024397902190685272
ACH-000383,24180719,0,0.07952658087015152
ACH-000383,25102847,1,0.09381913393735886
ACH-000383,25124816,0,0.13440348207950592
ACH-000383,25126798,0,0.048386674374341965
ACH-000383,2726824,1,0.07295120507478714
ACH-000383,2733526,0,0.05010835826396942
ACH-000383,300471,0,0.0385921411216259
ACH-000383,44224160,0,0.013967211358249187
ACH-000383,444795,0,0.05796368792653084
ACH-000383,46224516,0,0.015342445112764835
ACH-000383,46883536,0,0.027394626289606094
ACH-000383,5208,0,0.04311380907893181
ACH-000383,5311,0,0.06051984429359436
ACH-000383,5327091,0,0.029323773458600044
ACH-000383,5328940,0,0.017176812514662743
ACH-000383,5460769,0,0.042593732476234436
ACH-000383,637858,0,0.02307473123073578
ACH-000383,6450551,0,0.042096514254808426
ACH-000383,71271629,0,0.012563357129693031
ACH-000383,85668777,0,0.19650670886039734
ACH-000383,9810884,0,0.45759302377700806
ACH-000383,9911830,0,0.045581232756376266
ACH-000384,10384072,0,0.13477148115634918
ACH-000384,11338033,0,0.04242316633462906
ACH-000384,11609586,0,0.12723012268543243
ACH-000384,11624601,0,0.11963964253664017
ACH-000384,11625818,0,0.032198239117860794
ACH-000384,16720766,0,0.12361308187246323
ACH-000384,176158,0,0.1475059688091278
ACH-000384,24756910,0,0.05240320786833763
ACH-000384,24772860,0,0.03848109766840935
ACH-000384,24776445,0,0.13356684148311615
ACH-000384,24894414,0,0.04457464441657066
ACH-000384,25257557,0,0.5689747929573059
ACH-000384,2733526,1,0.14866523444652557
ACH-000384,3218,0,0.0997977927327156
ACH-000384,44462760,0,0.1780366152524948
ACH-000384,44632017,0,0.11205761879682541
ACH-000384,447912,0,0.08409392088651657
ACH-000384,46224516,0,0.03597068786621094
ACH-000384,46907787,0,0.09408081322908401
ACH-000384,5280757,0,0.15724608302116394
ACH-000384,5311,0,0.09272447973489761
ACH-000384,5311497,0,0.06469935178756714
ACH-000384,5328940,0,0.06813403218984604
ACH-000384,5330286,0,0.04000377282500267
ACH-000384,56962337,0,0.1432601511478424
ACH-000384,5746,0,0.12648071348667145
ACH-000384,60750,0,0.08375115692615509
ACH-000384,6253,0,0.032173946499824524
ACH-000384,637858,1,0.08510570973157883
ACH-000384,6445533,0,0.038032177835702896
ACH-000384,6914657,0,0.08803341537714005
ACH-000384,6918289,1,0.12021630257368088
ACH-000384,6918848,0,0.0410480797290802
ACH-000384,85668777,0,0.24329042434692383
ACH-000384,9813758,0,0.05356286093592644
ACH-000384,9858940,0,0.1299785077571869
ACH-000384,9863776,0,0.14221203327178955
ACH-000384,9874913,0,0.13744212687015533
ACH-000384,9903786,0,0.03065340593457222
ACH-000384,9911830,0,0.08092401176691055
ACH-000384,9914412,0,0.03473735228180885
ACH-000386,10127622,0,0.09006243199110031
ACH-000386,10200390,0,0.14352138340473175
ACH-000386,10459196,0,0.09201348572969437
ACH-000386,11338033,0,0.5618628859519958
ACH-000386,11373846,0,0.7749636769294739
ACH-000386,11485656,1,0.5513716340065002
ACH-000386,11626560,0,0.11278413981199265
ACH-000386,11640390,0,0.1671232432126999
ACH-000386,11754511,0,0.816209614276886
ACH-000386,11844351,0,0.12852755188941956
ACH-000386,16720766,0,0.052660875022411346
ACH-000386,24772860,0,0.22625452280044556
ACH-000386,24785538,0,0.10307683795690536
ACH-000386,24825971,0,0.08908671140670776
ACH-000386,24894414,0,0.7562448978424072
ACH-000386,25167777,0,0.4155408442020416
ACH-000386,25257557,1,0.9684919118881226
ACH-000386,3005532,0,0.036541908979415894
ACH-000386,36462,0,0.05779397487640381
ACH-000386,387447,0,0.07411603629589081
ACH-000386,446378,0,0.025936422869563103
ACH-000386,448013,0,0.030108608305454254
ACH-000386,462382,0,0.06690599024295807
ACH-000386,46885626,0,0.7738321423530579
ACH-000386,49821040,0,0.09974794089794159
ACH-000386,49836027,0,0.27077651023864746
ACH-000386,5280757,0,0.04875068739056587
ACH-000386,5327091,0,0.0358506515622139
ACH-000386,5329102,0,0.19903846085071564
ACH-000386,54685215,0,0.061776302754879
ACH-000386,5717801,0,0.25424978137016296
ACH-000386,644215,0,0.04513224959373474
ACH-000386,6505803,0,0.013870774768292904
ACH-000386,6753378,0,0.3076596260070801
ACH-000386,71271629,0,0.10255799442529678
ACH-000386,82146,0,0.1757596731185913
ACH-000386,9858940,0,0.10371460020542145
ACH-000389,10196499,0,0.11245539039373398
ACH-000389,11152667,0,0.09812231361865997
ACH-000389,11647372,0,0.028447892516851425
ACH-000389,11667893,0,0.16922715306282043
ACH-000389,11960529,1,0.23553772270679474
ACH-000389,11977753,1,0.10375519096851349
ACH-000389,123631,0,0.15513190627098083
ACH-000389,126565,1,0.1314661055803299
ACH-000389,1401,0,0.19399915635585785
ACH-000389,148124,0,0.26799100637435913
ACH-000389,16725726,1,0.0885452926158905
ACH-000389,23725625,1,0.18869438767433167
ACH-000389,2375,0,0.08660760521888733
ACH-000389,24826799,0,0.05531516298651695
ACH-000389,25195352,0,0.06513955444097519
ACH-000389,25257557,0,0.2619110941886902
ACH-000389,3796,0,0.09073861688375473
ACH-000389,4263900,1,0.16927777230739594
ACH-000389,44143370,0,0.13242803514003754
ACH-000389,44632017,1,0.18552140891551971
ACH-000389,447912,0,0.0652724951505661
ACH-000389,448013,0,0.2602255642414093
ACH-000389,46224516,0,0.05565377324819565
ACH-000389,46885626,0,0.06323117017745972
ACH-000389,5328940,0,0.1733614057302475
ACH-000389,53302361,0,0.13049715757369995
ACH-000389,56965967,0,0.047694262117147446
ACH-000389,8249,0,0.03245595842599869
ACH-000389,9863776,0,0.36872026324272156
ACH-000389,9868037,0,0.06737962365150452
ACH-000389,9910224,0,0.07809986919164658
ACH-000389,9956222,0,0.05318094417452812
ACH-000389,9967941,0,0.12581801414489746
ACH-000392,10027278,0,0.008043186739087105
ACH-000392,10127622,0,0.25466957688331604
ACH-000392,10184653,1,0.6866039633750916
ACH-000392,10341154,0,0.004480329342186451
ACH-000392,104842,0,0.004877851810306311
ACH-000392,11485656,0,0.013079535216093063
ACH-000392,11609586,0,0.02395740896463394
ACH-000392,11624601,0,0.02642286941409111
ACH-000392,11647372,0,0.001684679533354938
ACH-000392,126565,0,0.0032975166104733944
ACH-000392,126941,0,0.0028488391544669867
ACH-000392,17755052,0,0.002601148094981909
ACH-000392,2314623,0,0.050685301423072815
ACH-000392,24772860,0,0.001321317395195365
ACH-000392,24978538,0,0.2034577876329422
ACH-000392,25102847,0,0.04181972146034241
ACH-000392,25222038,0,0.006732605863362551
ACH-000392,31703,0,0.0010774933034554124
ACH-000392,3218,0,0.01594596914947033
ACH-000392,36462,0,0.0023629881907254457
ACH-000392,4263900,0,0.00525679113343358
ACH-000392,42640,0,0.023293355479836464
ACH-000392,447912,0,0.003346410347148776
ACH-000392,448013,0,0.00927173625677824
ACH-000392,49806720,0,0.04280044510960579
ACH-000392,5113032,0,0.010905520990490913
ACH-000392,5311497,0,0.002923698863014579
ACH-000392,53302361,0,0.013481891714036465
ACH-000392,6253,0,0.00052386533934623
ACH-000392,637858,0,0.0044155786745250225
ACH-000392,65110,0,0.012583693489432335
ACH-000392,9858940,0,0.010271626524627209
ACH-000392,9910224,0,0.002722651232033968
ACH-000392,9952773,0,0.004970249719917774
ACH-000394,10027278,0,0.0042892261408269405
ACH-000394,10074640,0,0.083616241812706
ACH-000394,10096043,0,0.002941795624792576
ACH-000394,11338033,0,0.009730175137519836
ACH-000394,11485656,0,0.04090668633580208
ACH-000394,11493598,0,0.055280014872550964
ACH-000394,11626927,0,0.008662862703204155
ACH-000394,11647372,0,0.005950380582362413
ACH-000394,24772860,0,0.004542065318673849
ACH-000394,25222038,0,0.0039657228626310825
ACH-000394,3062316,0,0.007881037890911102
ACH-000394,3463933,0,0.16277195513248444
ACH-000394,42640,0,0.05815378949046135
ACH-000394,444795,0,0.09590515494346619
ACH-000394,46844147,0,0.01319302711635828
ACH-000394,5311,0,0.07774768024682999
ACH-000394,5327091,0,0.006722422316670418
ACH-000394,5459322,0,0.05524613708257675
ACH-000394,54685215,0,0.023784678429365158
ACH-000394,5746,0,0.013540707528591156
ACH-000394,60750,0,0.006243463605642319
ACH-000394,6253,0,0.0013842228800058365
ACH-000394,66577006,0,0.008152876980602741
ACH-000394,6753378,0,0.012880368158221245
ACH-000394,6914657,0,0.06312114745378494
ACH-000394,6918289,0,0.005520930513739586
ACH-000394,71271629,0,0.001949870609678328
ACH-000394,82146,0,0.01604129932820797
ACH-000394,9826528,0,0.06305397301912308
ACH-000394,9874913,0,0.07341259717941284
ACH-000396,10096043,0,0.1852291077375412
ACH-000396,11373846,0,0.02011284790933132
ACH-000396,11404337,0,0.09528108686208725
ACH-000396,24785538,0,0.13268084824085236
ACH-000396,25022668,0,0.07461662590503693
ACH-000396,36462,0,0.06303089112043381
ACH-000396,42642645,0,0.025432230904698372
ACH-000396,44137675,1,0.24529941380023956
ACH-000396,44462760,0,0.20719045400619507
ACH-000396,44551660,0,0.013103339821100235
ACH-000396,46191454,0,0.02781010791659355
ACH-000396,46883536,0,0.022044982761144638
ACH-000396,51371303,0,0.10421755164861679
ACH-000396,5327091,0,0.11974675953388214
ACH-000396,53302361,1,0.07265347242355347
ACH-000396,5459322,0,0.21349461376667023
ACH-000396,5460769,0,0.15927086770534515
ACH-000396,56965967,0,0.0144685423001647
ACH-000396,5746,1,0.2163739800453186
ACH-000396,637858,0,0.10334419459104538
ACH-000396,6445533,0,0.041540876030921936
ACH-000396,6445562,0,0.0719476044178009
ACH-000396,6450816,0,0.10779053717851639
ACH-000396,6914657,0,0.09859557449817657
ACH-000396,82146,0,0.14549054205417633
ACH-000396,85668777,0,0.49824464321136475
ACH-000396,9810884,0,0.12586981058120728
ACH-000396,9868037,0,0.016703199595212936
ACH-000396,9903786,0,0.008039691485464573
ACH-000399,10451420,0,0.24434249103069305
ACH-000399,11493598,0,0.08608075976371765
ACH-000399,11617559,0,0.5385573506355286
ACH-000399,11625818,0,0.03800079599022865
ACH-000399,16038120,0,0.11478614062070847
ACH-000399,16095342,0,0.1608910858631134
ACH-000399,16722836,0,0.03684570640325546
ACH-000399,16760646,0,0.06492631882429123
ACH-000399,20635522,0,0.020876387134194374
ACH-000399,24772860,0,0.007946515455842018
ACH-000399,24785538,0,0.03689747676253319
ACH-000399,25102847,0,0.09511847794055939
ACH-000399,25195352,0,0.027730882167816162
ACH-000399,4261,0,0.045684829354286194
ACH-000399,42640,0,0.05493665859103203
ACH-000399,46883536,0,0.042307741940021515
ACH-000399,46885626,0,0.6283361315727234
ACH-000399,46931012,0,0.010445470921695232
ACH-000399,5208,0,0.017846615985035896
ACH-000399,5291,0,0.42648065090179443
ACH-000399,53394750,0,0.5734396576881409
ACH-000399,5384616,0,0.05585381016135216
ACH-000399,5717801,0,0.024417774751782417
ACH-000399,5746,0,0.01686069183051586
ACH-000399,6450816,0,0.020069874823093414
ACH-000399,6918848,0,0.0354122519493103
ACH-000399,82146,0,0.03890073671936989
ACH-000399,8249,1,0.12004449963569641
ACH-000399,9874913,0,0.35171711444854736
ACH-000399,9956222,0,0.07565823942422867
ACH-000399,9967941,0,0.09009397029876709
ACH-000400,10074640,0,0.14038820564746857
ACH-000400,10127622,0,0.7623531818389893
ACH-000400,10451420,0,0.6963839530944824
ACH-000400,11634725,1,0.7209047079086304
ACH-000400,11647372,0,0.04329463094472885
ACH-000400,16720766,0,0.10624218732118607
ACH-000400,24180719,0,0.7618066668510437
ACH-000400,25022668,0,0.029739392921328545
ACH-000400,3005532,1,0.14717106521129608
ACH-000400,31703,0,0.0709979310631752
ACH-000400,3385,0,0.23403802514076233
ACH-000400,36462,0,0.06565002351999283
ACH-000400,3796,0,0.057239923626184464
ACH-000400,44450571,0,0.1149618998169899
ACH-000400,51371303,0,0.27325302362442017
ACH-000400,521106,0,0.05866551399230957
ACH-000400,5327091,0,0.13200072944164276
ACH-000400,56965967,0,0.06635867059230804
ACH-000400,60750,0,0.06477601826190948
ACH-000400,6445533,0,0.06730255484580994
ACH-000400,6450816,0,0.060520388185977936
ACH-000400,6505803,0,0.10955062508583069
ACH-000400,6918848,0,0.0607944019138813
ACH-000400,9810884,1,0.8992680311203003
ACH-000400,9874913,0,0.12214542925357819
ACH-000400,9952773,0,0.060154594480991364
ACH-000400,9956119,0,0.5635210871696472
ACH-000401,10113978,0,0.24090848863124847
ACH-000401,10127622,0,0.11787386983633041
ACH-000401,10172943,0,0.049608681350946426
ACH-000401,10184653,0,0.10109376162290573
ACH-000401,10302451,0,0.14488080143928528
ACH-000401,10451420,0,0.06374251842498779
ACH-000401,11327430,0,0.06192745640873909
ACH-000401,11338033,0,0.016437502577900887
ACH-000401,11373846,0,0.07011308521032333
ACH-000401,11640390,0,0.10665734857320786
ACH-000401,11707110,0,0.29056960344314575
ACH-000401,160355,0,0.05292307958006859
ACH-000401,16663089,0,0.13413463532924652
ACH-000401,208908,0,0.28648674488067627
ACH-000401,216326,0,0.11768387258052826
ACH-000401,23725625,1,0.21434831619262695
ACH-000401,24785538,0,0.0962289348244667
ACH-000401,24826799,0,0.05132550373673439
ACH-000401,24894414,0,0.056618768721818924
ACH-000401,25102847,0,0.10378038138151169
ACH-000401,3796,0,0.04883121699094772
ACH-000401,4263900,0,0.13299667835235596
ACH-000401,42642645,0,0.03681761026382446
ACH-000401,44224160,0,0.024016743525862694
ACH-000401,44819241,1,0.285098671913147
ACH-000401,46191454,0,0.06235915794968605
ACH-000401,462382,0,0.24565179646015167
ACH-000401,46844147,0,0.05062897875905037
ACH-000401,46907787,0,0.0893917977809906
ACH-000401,5289247,0,0.08546391129493713
ACH-000401,5394,0,0.29187822341918945
ACH-000401,54676905,1,0.08060574531555176
ACH-000401,5494449,0,0.13827943801879883
ACH-000401,57339144,0,0.10785561054944992
ACH-000401,60750,0,0.09269215166568756
ACH-000401,637858,0,0.16717658936977386
ACH-000401,644215,0,0.052091084420681
ACH-000401,6914657,0,0.07710500061511993
ACH-000401,82146,0,0.09534978866577148
ACH-000401,9549184,0,0.15701334178447723
ACH-000401,9858940,0,0.13401973247528076
ACH-000401,9914412,1,0.02699877694249153
ACH-000403,10077147,0,0.027582865208387375
ACH-000403,10200390,0,0.033660613000392914
ACH-000403,11282283,1,0.07499101012945175
ACH-000403,11327430,0,0.03887807950377464
ACH-000403,11338033,0,0.08150379359722137
ACH-000403,11493598,0,0.12908697128295898
ACH-000403,11625818,1,0.06819377839565277
ACH-000403,11647372,1,0.03911976516246796
ACH-000403,11844351,0,0.09920435398817062
ACH-000403,123631,0,0.13474440574645996
ACH-000403,126565,0,0.07858240604400635
ACH-000403,216326,0,0.050301481038331985
ACH-000403,24180719,0,0.2503306269645691
ACH-000403,24776445,0,0.05457545444369316
ACH-000403,25126798,0,0.0690985694527626
ACH-000403,25262965,0,0.10452785342931747
ACH-000403,2726824,0,0.06704960018396378
ACH-000403,4261,0,0.07929571717977524
ACH-000403,4263900,0,0.04357774928212166
ACH-000403,44137675,0,0.0609484426677227
ACH-000403,44551660,0,0.053382281213998795
ACH-000403,46843772,0,0.12293536961078644
ACH-000403,46930998,0,0.0978960245847702
ACH-000403,5311,0,0.0874992087483406
ACH-000403,53302361,0,0.0426284484565258
ACH-000403,53340664,0,0.059121716767549515
ACH-000403,53394750,1,0.35459989309310913
ACH-000403,5460769,0,0.07448723912239075
ACH-000403,54685215,0,0.08159422129392624
ACH-000403,6253,0,0.04125633090734482
ACH-000403,6450551,0,0.06819871813058853
ACH-000403,65110,0,0.07082029432058334
ACH-000403,6753378,0,0.04394949600100517
ACH-000403,704473,1,0.14347214996814728
ACH-000403,9549184,1,0.23114599287509918
ACH-000403,9858940,0,0.06033692508935928
ACH-000403,9863776,1,0.2280285805463791
ACH-000403,9874913,0,0.17475655674934387
ACH-000403,9907093,0,0.23832421004772186
ACH-000403,9911830,0,0.06870105862617493
ACH-000403,9956222,0,0.07038655132055283
ACH-000408,10302451,0,0.18513639271259308
ACH-000408,10341154,0,0.007031227927654982
ACH-000408,10459196,0,0.05062493309378624
ACH-000408,11178236,0,0.06815071403980255
ACH-000408,11327430,0,0.005897293332964182
ACH-000408,11338033,0,0.004152154549956322
ACH-000408,11455910,0,0.10853702574968338
ACH-000408,11493598,0,0.011081709526479244
ACH-000408,11626927,0,0.0208271536976099
ACH-000408,11844351,0,0.026183228939771652
ACH-000408,11960529,0,0.06548112630844116
ACH-000408,11977753,0,0.07250654697418213
ACH-000408,160355,0,0.01906895637512207
ACH-000408,16722836,0,0.0017470821039751172
ACH-000408,23725625,0,0.00927797518670559
ACH-000408,25167777,0,0.005756544880568981
ACH-000408,25195352,0,0.010868417099118233
ACH-000408,25222038,0,0.05485629662871361
ACH-000408,25262965,0,0.03412733972072601
ACH-000408,3463933,0,0.13850721716880798
ACH-000408,36314,0,0.053062889724969864
ACH-000408,42640,0,0.032042160630226135
ACH-000408,42642645,0,0.011771095916628838
ACH-000408,46843772,0,0.027213316410779953
ACH-000408,46883536,0,0.006948002148419619
ACH-000408,46907787,0,0.037154119461774826
ACH-000408,46931012,0,0.0009997887536883354
ACH-000408,49806720,0,0.029676159843802452
ACH-000408,5291,0,0.11666547507047653
ACH-000408,5311497,0,0.02344178967177868
ACH-000408,53340664,0,0.005385629832744598
ACH-000408,56962337,0,0.05701502040028572
ACH-000408,5717801,0,0.015274131670594215
ACH-000408,6253,0,0.002476038411259651
ACH-000408,6450816,0,0.026331160217523575
ACH-000408,65110,0,0.009596364572644234
ACH-000408,6753378,0,0.005500006955116987
ACH-000408,6852167,0,0.004115065559744835
ACH-000408,6914657,0,0.045334335416555405
ACH-000408,82146,0,0.05137673392891884
ACH-000408,9549184,0,0.050600532442331314
ACH-000408,9931953,0,0.012723822146654129
ACH-000408,9956119,0,0.14128908514976501
ACH-000410,10077147,0,0.0017242366448044777
ACH-000410,10109823,0,0.025149278342723846
ACH-000410,10127622,0,0.11980617791414261
ACH-000410,10200390,0,0.003658389439806342
ACH-000410,10384072,0,0.06472033262252808
ACH-000410,11178236,0,0.07835649698972702
ACH-000410,11624601,0,0.045741792768239975
ACH-000410,11640390,1,0.1549365371465683
ACH-000410,11713159,0,0.02876034937798977
ACH-000410,156422,0,0.11940785497426987
ACH-000410,176158,0,0.07004793733358383
ACH-000410,23725625,0,0.014489192515611649
ACH-000410,24951314,0,0.001360981143079698
ACH-000410,25124816,0,0.2135966420173645
ACH-000410,25126798,0,0.008086577989161015
ACH-000410,42642645,0,0.012723235413432121
ACH-000410,448013,0,0.023463670164346695
ACH-000410,44819241,0,0.0484289824962616
ACH-000410,46191454,0,0.0086338697001338
ACH-000410,49806720,0,0.018786469474434853
ACH-000410,5208,0,0.03427688032388687
ACH-000410,521106,0,0.007161131128668785
ACH-000410,5394,0,0.03677283599972725
ACH-000410,5459322,1,0.0810198187828064
ACH-000410,54685215,0,0.10096359252929688
ACH-000410,56965967,0,0.0028709114994853735
ACH-000410,6253,0,0.0026690377853810787
ACH-000410,65110,0,0.009985621087253094
ACH-000410,66577006,0,0.0033163318876177073
ACH-000410,6918848,0,0.0033492629881948233
ACH-000410,71271629,0,0.0028278371319174767
ACH-000410,82146,1,0.029779808595776558
ACH-000410,9813758,0,0.00928510818630457
ACH-000410,9826528,0,0.054342154413461685
ACH-000410,9868037,0,0.0017347015673294663
ACH-000410,9910224,0,0.0065173134207725525
ACH-000410,9911830,0,0.012325762771070004
ACH-000410,9914412,0,0.0017292110715061426
ACH-000410,9931953,0,0.014492378570139408
ACH-000410,9943465,0,0.16726306080818176
ACH-000410,9952773,0,0.0058708153665065765
ACH-000410,9967941,0,0.05256450176239014
ACH-000411,10027278,0,0.27525317668914795
ACH-000411,10109823,0,0.4291726052761078
ACH-000411,10113978,0,0.2632928192615509
ACH-000411,10196499,0,0.23235048353672028
ACH-000411,11282283,0,0.1912088245153427
ACH-000411,11338033,0,0.12232089042663574
ACH-000411,11373846,1,0.07864559441804886
ACH-000411,11617559,0,0.15190617740154266
ACH-000411,11625818,0,0.09919106960296631
ACH-000411,11634725,0,0.29684191942214966
ACH-000411,11713159,0,0.14161889255046844
ACH-000411,16722836,0,0.07101510465145111
ACH-000411,24772860,0,0.06036189943552017
ACH-000411,25102847,0,0.17747966945171356
ACH-000411,25124816,0,0.25845256447792053
ACH-000411,25222038,0,0.2890213429927826
ACH-000411,2733526,0,0.2840215265750885
ACH-000411,42640,0,0.10474639385938644
ACH-000411,44224160,0,0.07655036449432373
ACH-000411,44819241,0,0.24705661833286285
ACH-000411,46883536,0,0.11072544008493423
ACH-000411,5113032,0,0.1675378382205963
ACH-000411,5459322,0,0.24658535420894623
ACH-000411,66577006,0,0.0714297890663147
ACH-000411,704473,1,0.18235959112644196
ACH-000411,71271629,0,0.16832831501960754
ACH-000411,82146,0,0.24587218463420868
ACH-000411,9813758,1,0.13165630400180817
ACH-000411,9863776,0,0.21884198486804962
ACH-000411,9868037,0,0.11129128187894821
ACH-000414,10077147,0,0.012245692312717438
ACH-000414,10096043,0,0.0995568260550499
ACH-000414,10451420,1,0.17711560428142548
ACH-000414,11152667,0,0.05512157827615738
ACH-000414,11493598,0,0.15170001983642578
ACH-000414,11707110,0,0.8831493258476257
ACH-000414,11754511,0,0.05234931781888008
ACH-000414,16720766,0,0.08922485262155533
ACH-000414,17755052,0,0.03572434186935425
ACH-000414,24785538,0,0.16631799936294556
ACH-000414,25124816,1,0.21533431112766266
ACH-000414,2733526,0,0.2104022204875946
ACH-000414,44182295,0,0.39510977268218994
ACH-000414,54676905,0,0.1918935477733612
ACH-000414,560326,1,0.1374034583568573
ACH-000414,6710780,0,0.031539250165224075
ACH-000414,6914657,0,0.0748961865901947
ACH-000414,6918848,0,0.022985469549894333
ACH-000414,8249,0,0.026693666353821754
ACH-000414,9874913,0,0.08022330701351166
ACH-000414,9884685,0,0.02166759967803955
ACH-000414,9903786,0,0.022585932165384293
ACH-000414,9910224,0,0.09029940515756607
ACH-000416,10109823,0,0.06513138860464096
ACH-000416,10184653,0,0.4139183461666107
ACH-000416,11282283,1,0.08222468942403793
ACH-000416,11493598,0,0.03748117759823799
ACH-000416,11617559,0,0.06685853749513626
ACH-000416,11647372,0,0.01218009740114212
ACH-000416,11977753,0,0.07345263659954071
ACH-000416,123631,0,0.23022513091564178
ACH-000416,24951314,0,0.005699012894183397
ACH-000416,25124816,0,0.21545341610908508
ACH-000416,25222038,0,0.05095278471708298
ACH-000416,3218,0,0.05652009695768356
ACH-000416,42642645,0,0.024895647540688515
ACH-000416,44450571,0,0.1403736174106598
ACH-000416,44632017,0,0.06705991178750992
ACH-000416,447912,0,0.023859292268753052
ACH-000416,44819241,0,0.09526193141937256
ACH-000416,5289247,0,0.044928181916475296
ACH-000416,5311,0,0.056142695248126984
ACH-000416,5311497,0,0.04371481388807297
ACH-000416,5330286,0,0.01591978780925274
ACH-000416,56965967,0,0.01137534249573946
ACH-000416,6450551,0,0.0458478219807148
ACH-000416,66577006,0,0.01433381624519825
ACH-000416,6710780,0,0.02630905993282795
ACH-000416,6918848,0,0.010367187671363354
ACH-000416,9813758,0,0.019218677654862404
ACH-000416,9826528,0,0.10370677709579468
ACH-000416,9863776,0,0.06832917779684067
ACH-000416,9938202,0,0.118959940969944
ACH-000416,9952773,0,0.01734916865825653
ACH-000417,10184653,0,0.5960975885391235
ACH-000417,10451420,0,0.045166727155447006
ACH-000417,11152667,0,0.04820185527205467
ACH-000417,11338033,0,0.03320452570915222
ACH-000417,11404337,0,0.027497971430420876
ACH-000417,11634725,0,0.16801415383815765
ACH-000417,11647372,0,0.01808207668364048
ACH-000417,126565,0,0.048498861491680145
ACH-000417,16720766,0,0.08671820908784866
ACH-000417,16725726,0,0.4659087061882019
ACH-000417,16747388,0,0.011338641867041588
ACH-000417,176167,1,0.19033707678318024
ACH-000417,2314623,0,0.15465670824050903
ACH-000417,24776445,0,0.05539846792817116
ACH-000417,25022668,0,0.03252294287085533
ACH-000417,25124816,0,0.26077020168304443
ACH-000417,25167777,1,0.022985195741057396
ACH-000417,25195352,0,0.04715454950928688
ACH-000417,25257557,0,0.6814872026443481
ACH-000417,2733526,0,0.0674176886677742
ACH-000417,300471,0,0.09617501497268677
ACH-000417,36462,0,0.02649679034948349
ACH-000417,44143370,0,0.048484060913324356
ACH-000417,46191454,0,0.049994565546512604
ACH-000417,46224516,0,0.026333287358283997
ACH-000417,46931012,0,0.013539744541049004
ACH-000417,5113032,0,0.06881535798311234
ACH-000417,521106,0,0.035021036863327026
ACH-000417,5311497,0,0.033587753772735596
ACH-000417,53394750,0,0.08095578849315643
ACH-000417,5460769,0,0.07063067704439163
ACH-000417,54685215,0,0.09584710747003555
ACH-000417,57339144,0,0.05627048760652542
ACH-000417,5746,0,0.12835198640823364
ACH-000417,71271629,0,0.018887978047132492
ACH-000417,9810884,0,0.29116445779800415
ACH-000417,9858940,0,0.04530186206102371
ACH-000417,9931953,0,0.02276696264743805
ACH-000417,9956222,0,0.0503777414560318
ACH-000420,10027278,0,0.06963471323251724
ACH-000420,10127622,0,0.3507847189903259
ACH-000420,10200390,0,0.018297109752893448
ACH-000420,10341154,0,0.027129948139190674
ACH-000420,10451420,0,0.032949186861515045
ACH-000420,10459196,0,0.04579314962029457
ACH-000420,11338033,0,0.009183465503156185
ACH-000420,11433190,0,0.18633967638015747
ACH-000420,11485656,0,0.04006302356719971
ACH-000420,11647372,0,0.00620603421702981
ACH-000420,11960529,0,0.09976159781217575
ACH-000420,123631,0,0.22414028644561768
ACH-000420,126941,0,0.019223395735025406
ACH-000420,156422,0,0.1520969718694687
ACH-000420,176167,0,0.12590964138507843
ACH-000420,17755052,0,0.022643297910690308
ACH-000420,23725625,0,0.03664588928222656
ACH-000420,24756910,0,0.01994868740439415
ACH-000420,24772860,0,0.010313832201063633
ACH-000420,25126798,0,0.0355411097407341
ACH-000420,25262965,0,0.030808990821242332
ACH-000420,3218,0,0.06563752144575119
ACH-000420,3463933,0,0.4156171679496765
ACH-000420,44143370,0,0.04409657046198845
ACH-000420,44224160,0,0.015239202417433262
ACH-000420,46224516,0,0.012816363014280796
ACH-000420,46883536,0,0.02260030061006546
ACH-000420,51371303,0,0.06997491419315338
ACH-000420,5278396,0,0.051405537873506546
ACH-000420,53302361,0,0.09525365382432938
ACH-000420,56965967,0,0.013715332373976707
ACH-000420,6253,0,0.009834535419940948
ACH-000420,65110,0,0.04381489381194115
ACH-000420,6914657,0,0.05813209339976311
ACH-000420,6918454,0,0.11236461251974106
ACH-000420,6918848,0,0.010671156458556652
ACH-000420,85668777,0,0.2778182029724121
ACH-000420,9903786,0,0.007515473756939173
ACH-000420,9914412,0,0.010725227184593678
ACH-000420,9952773,1,0.027475442737340927
ACH-000420,9956119,0,0.21613211929798126
ACH-000421,10451420,0,0.03670397773385048
ACH-000421,11373846,0,0.015286760404706001
ACH-000421,11493598,0,0.06323976814746857
ACH-000421,11640390,1,0.22072111070156097
ACH-000421,16720766,0,0.029395990073680878
ACH-000421,16725726,0,0.14401426911354065
ACH-000421,24785538,0,0.09207610040903091
ACH-000421,24894414,0,0.007650003768503666
ACH-000421,25102847,0,0.08992329984903336
ACH-000421,2726824,0,0.0640549510717392
ACH-000421,3218,0,0.061139147728681564
ACH-000421,36462,0,0.017258387058973312
ACH-000421,446378,0,0.01886804588139057
ACH-000421,53302361,0,0.02718639001250267
ACH-000421,53340664,0,0.012116926722228527
ACH-000421,53394750,0,0.05623633787035942
ACH-000421,560326,0,0.06052346155047417
ACH-000421,60750,0,0.015153576619923115
ACH-000421,6753378,0,0.018274610862135887
ACH-000421,6852167,0,0.014671738259494305
ACH-000421,6914657,0,0.06779015809297562
ACH-000421,6918638,0,0.006857484579086304
ACH-000421,9910224,0,0.013472361490130424
ACH-000422,11373846,0,0.029479127377271652
ACH-000422,11485656,0,0.03717917948961258
ACH-000422,11634725,0,0.07712344825267792
ACH-000422,24756910,0,0.034817278385162354
ACH-000422,25167777,0,0.00895355362445116
ACH-000422,3005532,0,0.053366050124168396
ACH-000422,3463933,0,0.12998799979686737
ACH-000422,36462,0,0.005033080466091633
ACH-000422,4263900,0,0.006650461815297604
ACH-000422,42640,0,0.031007979065179825
ACH-000422,42642645,0,0.022877078503370285
ACH-000422,46883536,0,0.01141505129635334
ACH-000422,49806720,0,0.12781065702438354
ACH-000422,54676905,0,0.08053609728813171
ACH-000422,9810884,1,0.7665889263153076
ACH-000422,9868037,0,0.006359342020004988
ACH-000422,9952773,0,0.014360969886183739
ACH-000423,10113978,0,0.2196337729692459
ACH-000423,11152667,0,0.07359419018030167
ACH-000423,11338033,0,0.07304697483778
ACH-000423,11625818,0,0.05989227443933487
ACH-000423,11960529,0,0.13334283232688904
ACH-000423,11977753,0,0.08020694553852081
ACH-000423,123631,0,0.16208374500274658
ACH-000423,126565,0,0.07325103133916855
ACH-000423,126941,0,0.10395951569080353
ACH-000423,16747388,0,0.06357752531766891
ACH-000423,176167,0,0.1379406899213791
ACH-000423,17755052,0,0.0566256083548069
ACH-000423,24776445,0,0.1261744499206543
ACH-000423,24951314,0,0.032514553517103195
ACH-000423,25124816,0,0.13206560909748077
ACH-000423,25195352,0,0.04742473363876343
ACH-000423,31703,0,0.033697981387376785
ACH-000423,3463933,0,0.17522309720516205
ACH-000423,36462,0,0.040558379143476486
ACH-000423,42640,0,0.07078525424003601
ACH-000423,44182295,1,0.465036004781723
ACH-000423,444795,0,0.11924216151237488
ACH-000423,44551660,0,0.06044262275099754
ACH-000423,46224516,0,0.04813621565699577
ACH-000423,46931012,0,0.040706995874643326
ACH-000423,51371303,0,0.08102276921272278
ACH-000423,521106,0,0.05184129253029823
ACH-000423,5311,0,0.1170942410826683
ACH-000423,53394750,1,0.5274911522865295
ACH-000423,6505803,0,0.06998416036367416
ACH-000423,65110,0,0.12181957811117172
ACH-000423,71271629,0,0.0760623961687088
ACH-000423,8249,0,0.08369746059179306
ACH-000423,9810884,0,0.6074557304382324
ACH-000423,9858940,1,0.13448481261730194
ACH-000423,9911830,0,0.13758423924446106
ACH-000423,9931953,0,0.028826279565691948
ACH-000423,9938202,1,0.1445072889328003
ACH-000423,9952773,0,0.09250207990407944
ACH-000423,9967941,1,0.08478265255689621
ACH-000425,10109823,0,0.071515291929245
ACH-000425,10127622,0,0.3954108655452728
ACH-000425,10196499,0,0.18074344098567963
ACH-000425,10459196,0,0.09326142817735672
ACH-000425,104842,0,0.07084623724222183
ACH-000425,11455910,1,0.26837158203125
ACH-000425,11609586,0,0.14868469536304474
ACH-000425,11617559,0,0.08805409073829651
ACH-000425,11624601,0,0.08648262172937393
ACH-000425,11647372,0,0.013852231204509735
ACH-000425,11707110,1,0.7927402853965759
ACH-000425,156422,0,0.21493612229824066
ACH-000425,16722836,0,0.017968473955988884
ACH-000425,16747388,0,0.02218720130622387
ACH-000425,23725625,0,0.11936912685632706
ACH-000425,24180719,0,0.4376271963119507
ACH-000425,24785538,0,0.15906375646591187
ACH-000425,24826799,0,0.059992071241140366
ACH-000425,25102847,0,0.11688481271266937
ACH-000425,25262965,0,0.0674530640244484
ACH-000425,3005532,1,0.33349817991256714
ACH-000425,44450571,0,0.24351023137569427
ACH-000425,448013,0,0.0868738666176796
ACH-000425,46191454,0,0.04354183375835419
ACH-000425,46883536,0,0.04102504998445511
ACH-000425,5280757,0,0.23248697817325592
ACH-000425,5311,0,0.12041860818862915
ACH-000425,5330286,0,0.06675601005554199
ACH-000425,53340664,0,0.03879468888044357
ACH-000425,56965967,0,0.027213819324970245
ACH-000425,60750,0,0.08363042026758194
ACH-000425,637858,0,0.16763462126255035
ACH-000425,6450816,0,0.07131987065076828
ACH-000425,85668777,0,0.23780471086502075
ACH-000425,9858940,0,0.14861123263835907
ACH-000425,9863776,1,0.5851191282272339
ACH-000425,9967941,0,0.17598453164100647
ACH-000427,10384072,0,0.019791550934314728
ACH-000427,104842,0,0.0030576393473893404
ACH-000427,11327430,0,0.0005864215781912208
ACH-000427,11455910,0,0.034644294530153275
ACH-000427,176158,0,0.02039341628551483
ACH-000427,2314623,0,0.044106774032115936
ACH-000427,23725625,0,0.0017026745481416583
ACH-000427,24776445,0,0.003770731622353196
ACH-000427,44450571,0,0.032708071172237396
ACH-000427,46930998,0,0.007182088680565357
ACH-000427,5394,0,0.009841837920248508
ACH-000427,6505803,1,0.03763864189386368
ACH-000427,65110,0,0.003434584941715002
ACH-000427,84691,0,0.009974614717066288
ACH-000427,9858940,0,0.0075259944424033165
ACH-000427,9914412,0,0.0004331860691308975
ACH-000429,10127622,0,0.14005924761295319
ACH-000429,10459196,0,0.12286239862442017
ACH-000429,104842,0,0.030036937445402145
ACH-000429,11282283,0,0.2877735495567322
ACH-000429,11364421,0,0.14629071950912476
ACH-000429,11433190,0,0.6339553594589233
ACH-000429,11624601,0,0.1470363289117813
ACH-000429,11960529,0,0.20101487636566162
ACH-000429,156422,0,0.2627095580101013
ACH-000429,2314623,0,0.11750917881727219
ACH-000429,23725625,0,0.09708485752344131
ACH-000429,24826799,0,0.2616555392742157
ACH-000429,25022668,0,0.034630075097084045
ACH-000429,25102847,0,0.08905015885829926
ACH-000429,3463933,1,0.11009255796670914
ACH-000429,36314,0,0.04071339592337608
ACH-000429,44143370,0,0.13537415862083435
ACH-000429,44462760,0,0.17325074970722198
ACH-000429,46930998,0,0.2629699409008026
ACH-000429,49806720,0,0.2700790464878082
ACH-000429,49821040,0,0.26613250374794006
ACH-000429,5311497,0,0.06357629597187042
ACH-000429,5384616,0,0.25727683305740356
ACH-000429,56965967,0,0.048091258853673935
ACH-000429,637858,0,0.0866875872015953
ACH-000429,6445562,0,0.20996928215026855
ACH-000429,6450551,0,0.04808500409126282
ACH-000429,6852167,0,0.09258551150560379
ACH-000429,6918289,0,0.1831474006175995
ACH-000429,9813758,0,0.2575158476829529
ACH-000429,9863776,0,0.0385003499686718
ACH-000429,9874913,0,0.3406898081302643
ACH-000429,9903786,0,0.0383199118077755
ACH-000429,9910224,0,0.19388441741466522
ACH-000430,10074640,0,0.03990922123193741
ACH-000430,10113978,0,0.23011943697929382
ACH-000430,10127622,0,0.7683578729629517
ACH-000430,10451420,0,0.12389269471168518
ACH-000430,11624601,0,0.07781428098678589
ACH-000430,24785538,0,0.14606796205043793
ACH-000430,24826799,0,0.06484292447566986
ACH-000430,24889392,0,0.026562582701444626
ACH-000430,24894414,0,0.028511755168437958
ACH-000430,25102847,0,0.10307516157627106
ACH-000430,25126798,0,0.05579567700624466
ACH-000430,25257557,0,0.7521087527275085
ACH-000430,2726824,0,0.150295227766037
ACH-000430,31703,0,0.028982603922486305
ACH-000430,3463933,1,0.1814289391040802
ACH-000430,42640,0,0.056470837444067
ACH-000430,447912,0,0.029980218037962914
ACH-000430,46843772,0,0.09220286458730698
ACH-000430,46930998,0,0.05289849266409874
ACH-000430,46931012,0,0.011537413112819195
ACH-000430,49806720,0,0.06252321600914001
ACH-000430,5208,0,0.09355542808771133
ACH-000430,5280757,0,0.07546624541282654
ACH-000430,54676905,0,0.10545313358306885
ACH-000430,5746,0,0.05545815825462341
ACH-000430,60750,0,0.043019071221351624
ACH-000430,6445533,0,0.018858464434742928
ACH-000430,6710780,0,0.022647526115179062
ACH-000430,6753378,0,0.021456696093082428
ACH-000430,6918454,1,0.5387839674949646
ACH-000430,6918638,0,0.008082712069153786
ACH-000430,71271629,0,0.039753418415784836
ACH-000430,8249,0,0.021260255947709084
ACH-000430,84691,0,0.20579597353935242
ACH-000430,9863776,1,0.2928583025932312
ACH-000430,9911830,0,0.10558903962373734
ACH-000430,9956222,0,0.020548086613416672
ACH-000432,10077147,1,0.30346614122390747
ACH-000432,10184653,0,0.07995513081550598
ACH-000432,10200390,0,0.2902470827102661
ACH-000432,10302451,1,0.6586980819702148
ACH-000432,10341154,1,0.6096850037574768
ACH-000432,10384072,1,0.21680845320224762
ACH-000432,10390396,0,0.2809622883796692
ACH-000432,11178236,0,0.044074758887290955
ACH-000432,11316960,1,0.5259783267974854
ACH-000432,11338033,0,0.46290847659111023
ACH-000432,11404337,0,0.4763484001159668
ACH-000432,11433190,1,0.5761914849281311
ACH-000432,11617559,0,0.19492623209953308
ACH-000432,11647372,0,0.35267430543899536
ACH-000432,11713159,0,0.14892761409282684
ACH-000432,11754511,1,0.5737364292144775
ACH-000432,16663089,0,0.5427409410476685
ACH-000432,16747388,1,0.5507252812385559
ACH-000432,20635522,0,0.23823048174381256
ACH-000432,24785538,0,0.18330557644367218
ACH-000432,24889392,1,0.5281246304512024
ACH-000432,25126798,1,0.5564951300621033
ACH-000432,25257557,1,0.9293565154075623
ACH-000432,25262965,1,0.4751967191696167
ACH-000432,3463933,0,0.05453328788280487
ACH-000432,44137675,0,0.14312024414539337
ACH-000432,44143370,0,0.3124081492424011
ACH-000432,447912,1,0.6429621577262878
ACH-000432,46844147,0,0.44172003865242004
ACH-000432,46930998,0,0.16727599501609802
ACH-000432,49806720,0,0.4237087666988373
ACH-000432,5113032,0,0.6645644307136536
ACH-000432,5311497,0,0.13277237117290497
ACH-000432,5328940,1,0.37101036310195923
ACH-000432,53340664,1,0.5062758922576904
ACH-000432,53394750,1,0.9333754181861877
ACH-000432,5384616,0,0.3789348602294922
ACH-000432,54676905,0,0.13266538083553314
ACH-000432,54685215,0,0.15889234840869904
ACH-000432,56965967,0,0.5652197599411011
ACH-000432,60750,0,0.21265128254890442
ACH-000432,644215,0,0.14716486632823944
ACH-000432,6450816,0,0.12202930450439453
ACH-000432,65110,1,0.658542275428772
ACH-000432,6753378,0,0.2744809091091156
ACH-000432,71271629,1,0.5129004120826721
ACH-000432,82146,0,0.2827322781085968
ACH-000432,9858940,0,0.2759448289871216
ACH-000432,9868037,1,0.772635281085968
ACH-000432,9884685,0,0.39010220766067505
ACH-000432,9903786,0,0.7016729116439819
ACH-000432,9952773,0,0.4463135004043579
ACH-000433,10113978,0,0.20190246403217316
ACH-000433,10184653,0,0.3675461709499359
ACH-000433,11338033,0,0.02131624147295952
ACH-000433,11609586,0,0.11416551470756531
ACH-000433,11634725,0,0.08044655621051788
ACH-000433,176158,0,0.1758691519498825
ACH-000433,216326,0,0.05079278349876404
ACH-000433,2314623,0,0.13598927855491638
ACH-000433,24776445,0,0.06093519553542137
ACH-000433,24826799,0,0.06199616566300392
ACH-000433,24889392,0,0.026301249861717224
ACH-000433,3218,0,0.07248082011938095
ACH-000433,42640,0,0.07398081570863724
ACH-000433,44137675,1,0.18751837313175201
ACH-000433,44143370,0,0.057014305144548416
ACH-000433,446378,0,0.1417309045791626
ACH-000433,447912,0,0.024405837059020996
ACH-000433,46191454,0,0.03533010929822922
ACH-000433,46883536,0,0.029520578682422638
ACH-000433,46907787,1,0.1024218276143074
ACH-000433,46931012,0,0.0095189418643713
ACH-000433,46943432,0,0.01930062845349312
ACH-000433,5113032,0,0.0592648983001709
ACH-000433,521106,0,0.03237120807170868
ACH-000433,5328940,0,0.0507010743021965
ACH-000433,5459322,0,0.10657961666584015
ACH-000433,5460769,0,0.09697290509939194
ACH-000433,6253,1,0.014041277579963207
ACH-000433,644241,0,0.031236233189702034
ACH-000433,6445562,0,0.052568987011909485
ACH-000433,66577006,0,0.017623862251639366
ACH-000433,82146,1,0.09539438784122467
ACH-000433,9868037,0,0.015352902933955193
ACH-000433,9903786,0,0.012395810335874557
ACH-000433,9943465,0,0.25815823674201965
ACH-000433,9956119,0,0.23371106386184692
ACH-000433,9967941,0,0.08969324827194214
ACH-000434,10027278,0,0.03081194870173931
ACH-000434,104842,0,0.022514095529913902
ACH-000434,11338033,0,0.02376619726419449
ACH-000434,11404337,0,0.02962503582239151
ACH-000434,11493598,0,0.10015638172626495
ACH-000434,11754511,0,0.06823500990867615
ACH-000434,159324,0,0.016654539853334427
ACH-000434,16722836,0,0.013014602474868298
ACH-000434,16725726,0,0.8074930906295776
ACH-000434,2314623,0,0.12251093238592148
ACH-000434,2375,0,0.06530226022005081
ACH-000434,3463933,0,0.1924303025007248
ACH-000434,44137675,0,0.1627015322446823
ACH-000434,46191454,0,0.05292430892586708
ACH-000434,46224516,0,0.010623794049024582
ACH-000434,5311497,0,0.023433515802025795
ACH-000434,53340664,0,0.025702856481075287
ACH-000434,5394,0,0.18138942122459412
ACH-000434,5460769,0,0.13383324444293976
ACH-000434,54685215,0,0.1040501818060875
ACH-000434,6852167,0,0.03402591869235039
ACH-000434,82146,0,0.10489509254693985
ACH-000434,9810884,1,0.8505039215087891
ACH-000434,9858940,0,0.20440930128097534
ACH-000434,9874913,0,0.16949264705181122
ACH-000437,10200390,0,0.007449875120073557
ACH-000437,11282283,0,0.07809515297412872
ACH-000437,11609586,1,0.09871476888656616
ACH-000437,11617559,0,0.04993195831775665
ACH-000437,11634725,0,0.05925446376204491
ACH-000437,16722836,0,0.0014308254467323422
ACH-000437,24889392,0,0.007146354299038649
ACH-000437,25022668,0,0.01462677214294672
ACH-000437,25222038,0,0.047833237797021866
ACH-000437,2726824,0,0.1832709014415741
ACH-000437,3385,0,0.008038793690502644
ACH-000437,44462760,0,0.23683327436447144
ACH-000437,44632017,0,0.041394446045160294
ACH-000437,446378,0,0.09424155950546265
ACH-000437,46883536,0,0.0058125643990933895
ACH-000437,46907787,0,0.051876604557037354
ACH-000437,46943432,0,0.0019545801915228367
ACH-000437,5280757,0,0.27975916862487793
ACH-000437,5311497,0,0.03187273070216179
ACH-000437,54676905,0,0.12871485948562622
ACH-000437,54685215,0,0.15901866555213928
ACH-000437,60750,0,0.03398127481341362
ACH-000437,637858,0,0.04132719337940216
ACH-000437,6918848,0,0.004422350320965052
ACH-000437,704473,0,0.01207960955798626
ACH-000437,71271629,0,0.009329617023468018
ACH-000437,9911830,0,0.014150484465062618
ACH-000437,9952773,0,0.007533356547355652
ACH-000438,10027278,0,0.0024644178338348866
ACH-000438,10109823,0,0.004003750625997782
ACH-000438,10127622,0,0.07690497487783432
ACH-000438,10200390,0,0.0006604751688428223
ACH-000438,10302451,0,0.020420286804437637
ACH-000438,10384072,0,0.013251747004687786
ACH-000438,10459196,0,0.006787019316107035
ACH-000438,11373846,0,0.007313006557524204
ACH-000438,11455910,0,0.024310650303959846
ACH-000438,11626927,0,0.003498532809317112
ACH-000438,156422,0,0.021520618349313736
ACH-000438,16038120,0,0.03910111263394356
ACH-000438,16725726,0,0.682532012462616
ACH-000438,176167,0,0.05935678258538246
ACH-000438,208908,0,0.08091133087873459
ACH-000438,24772860,0,0.0006383266299962997
ACH-000438,25022668,0,0.00036564472247846425
ACH-000438,2726824,0,0.02199113368988037
ACH-000438,387447,0,0.03846169263124466
ACH-000438,44143370,0,0.002780213486403227
ACH-000438,46191454,0,0.010222010314464569
ACH-000438,46931012,0,0.00032592329080216587
ACH-000438,49821040,0,0.0410894900560379
ACH-000438,4993,0,0.027579180896282196
ACH-000438,5113032,0,0.014200614765286446
ACH-000438,5291,0,0.2861412465572357
ACH-000438,5327091,0,0.0033179165329784155
ACH-000438,53302361,0,0.013527298346161842
ACH-000438,560326,0,0.02055036835372448
ACH-000438,5746,0,0.008003750815987587
ACH-000438,60750,0,0.0017428857972845435
ACH-000438,644215,0,0.0027847334276884794
ACH-000438,6445533,0,0.0013048744294792414
ACH-000438,65110,0,0.013882325030863285
ACH-000438,6918848,0,0.0020546037703752518
ACH-000438,76044,0,0.004815724678337574
ACH-000438,9874913,0,0.02586691454052925
ACH-000438,9903786,0,0.0009420714341104031
ACH-000439,10127622,0,0.19061022996902466
ACH-000439,10172943,0,0.041649967432022095
ACH-000439,10302451,0,0.0670037567615509
ACH-000439,104842,0,0.08329195529222488
ACH-000439,11316960,0,0.6233014464378357
ACH-000439,11455910,0,0.035549357533454895
ACH-000439,11634725,0,0.4284062087535858
ACH-000439,11713159,0,0.02747843787074089
ACH-000439,11844351,0,0.04052955284714699
ACH-000439,11977753,0,0.013649462722241879
ACH-000439,123631,0,0.010802650824189186
ACH-000439,1401,0,0.16149185597896576
ACH-000439,176870,0,0.032928332686424255
ACH-000439,2375,0,0.09321040660142899
ACH-000439,24826799,0,0.07643397152423859
ACH-000439,24894414,0,0.3072044253349304
ACH-000439,25022668,0,0.004680229350924492
ACH-000439,25102847,0,0.20380902290344238
ACH-000439,3062316,0,0.05821722373366356
ACH-000439,31703,0,0.01739003136754036
ACH-000439,3463933,0,0.09154611080884933
ACH-000439,4261,0,0.046331293880939484
ACH-000439,44137675,0,0.012318341061472893
ACH-000439,44143370,0,0.04832671582698822
ACH-000439,44551660,0,0.13499781489372253
ACH-000439,447912,0,0.5045055747032166
ACH-000439,448013,0,0.009128017351031303
ACH-000439,44819241,0,0.14306552708148956
ACH-000439,46224516,0,0.11468566954135895
ACH-000439,51371303,0,0.08978500962257385
ACH-000439,5208,0,0.051455385982990265
ACH-000439,5280757,0,0.040921732783317566
ACH-000439,53340664,0,0.12818029522895813
ACH-000439,6445562,0,0.02789677307009697
ACH-000439,6918454,1,0.48089712858200073
ACH-000439,6918848,0,0.16249071061611176
ACH-000439,76044,0,0.07132413238286972
ACH-000439,8249,0,0.1603565514087677
ACH-000439,9549184,0,0.3122437298297882
ACH-000439,9813758,0,0.1298573911190033
ACH-000439,9903786,0,0.18461816012859344
ACH-000439,9911830,0,0.2035922110080719
ACH-000439,9943465,0,0.06537547707557678
ACH-000440,10109823,0,0.2199488878250122
ACH-000440,10127622,0,0.11841446906328201
ACH-000440,10172943,0,0.2550297975540161
ACH-000440,10184653,0,0.16353879868984222
ACH-000440,10459196,0,0.08080298453569412
ACH-000440,104842,0,0.113615982234478
ACH-000440,11364421,0,0.19691240787506104
ACH-000440,11404337,0,0.08407143503427505
ACH-000440,11626927,0,0.3851321339607239
ACH-000440,11713159,0,0.09730695188045502
ACH-000440,11844351,0,0.17403054237365723
ACH-000440,16760646,0,0.26340505480766296
ACH-000440,24772860,0,0.3072715699672699
ACH-000440,24785538,0,0.0938045084476471
ACH-000440,24826799,1,0.3119843006134033
ACH-000440,24951314,1,0.4624316394329071
ACH-000440,2733526,0,0.11301178485155106
ACH-000440,300471,0,0.06602039933204651
ACH-000440,3218,0,0.07239306718111038
ACH-000440,44143370,0,0.26164573431015015
ACH-000440,44450571,0,0.07289891690015793
ACH-000440,447912,0,0.7405558228492737
ACH-000440,448013,0,0.07054028660058975
ACH-000440,46943432,1,0.8688744306564331
ACH-000440,5311497,0,0.0618322417140007
ACH-000440,5329102,0,0.2471899390220642
ACH-000440,5384616,0,0.4354758560657501
ACH-000440,5717801,0,0.3417902886867523
ACH-000440,57339144,0,0.37888556718826294
ACH-000440,644215,0,0.11912298202514648
ACH-000440,6445562,0,0.7061845660209656
ACH-000440,6710780,0,0.21082206070423126
ACH-000440,6753378,0,0.5097635388374329
ACH-000440,6852167,1,0.7207686305046082
ACH-000440,704473,0,0.8469590544700623
ACH-000440,71271629,1,0.20408351719379425
ACH-000440,76044,0,0.31528979539871216
ACH-000440,82146,0,0.1963808238506317
ACH-000440,9911830,0,0.4204306900501251
ACH-000440,9938202,0,0.14490322768688202
ACH-000441,10027278,0,0.15412329137325287
ACH-000441,10077147,0,0.05603426322340965
ACH-000441,10127622,1,0.7071638107299805
ACH-000441,10461815,0,0.26942458748817444
ACH-000441,104842,0,0.10146244615316391
ACH-000441,11609586,0,0.1685342788696289
ACH-000441,11626560,0,0.09992833435535431
ACH-000441,11626927,0,0.10958149284124374
ACH-000441,11667893,0,0.14066097140312195
ACH-000441,11844351,1,0.1785735934972763
ACH-000441,156422,0,0.09204269200563431
ACH-000441,159324,0,0.06619574874639511
ACH-000441,16722836,0,0.13240288197994232
ACH-000441,16760646,0,0.27913108468055725
ACH-000441,176167,0,0.1686648726463318
ACH-000441,17755052,0,0.04135020077228546
ACH-000441,208908,0,0.21490879356861115
ACH-000441,24978538,0,0.40936222672462463
ACH-000441,300471,0,0.13155561685562134
ACH-000441,3005532,0,0.24472080171108246
ACH-000441,3062316,1,0.35971590876579285
ACH-000441,36462,0,0.14080439507961273
ACH-000441,387447,1,0.615242600440979
ACH-000441,44462760,1,0.9035415649414062
ACH-000441,448013,0,0.13589699566364288
ACH-000441,46883536,0,0.17328409850597382
ACH-000441,46907787,0,0.09517344832420349
ACH-000441,46931012,0,0.11924061924219131
ACH-000441,5289247,1,0.4301742911338806
ACH-000441,5291,0,0.3725442588329315
ACH-000441,5311,0,0.16048404574394226
ACH-000441,53340664,0,0.15691065788269043
ACH-000441,5459322,1,0.1801900416612625
ACH-000441,54676905,0,0.11987067013978958
ACH-000441,56965967,1,0.1287534534931183
ACH-000441,644241,0,0.10717282444238663
ACH-000441,6445562,0,0.12333965301513672
ACH-000441,6450816,0,0.11153589934110641
ACH-000441,65110,0,0.1934593766927719
ACH-000441,71271629,0,0.12356829643249512
ACH-000441,84691,0,0.1426355093717575
ACH-000441,9810884,0,0.5349150896072388
ACH-000441,9826308,0,0.36504894495010376
ACH-000441,9858940,0,0.17757132649421692
ACH-000441,9863776,1,0.8450098633766174
ACH-000441,9931953,0,0.14490234851837158
ACH-000441,9956119,0,0.34147655963897705
ACH-000443,10074640,0,0.024075178429484367
ACH-000443,10109823,0,0.01786697842180729
ACH-000443,10451420,1,0.01644418202340603
ACH-000443,11178236,0,0.04789693281054497
ACH-000443,11282283,0,0.0875372365117073
ACH-000443,11485656,0,0.03657960519194603
ACH-000443,11647372,0,0.004680791404098272
ACH-000443,126565,0,0.012147890403866768
ACH-000443,148124,0,0.05435757711529732
ACH-000443,2375,0,0.022865982726216316
ACH-000443,24776445,0,0.022071124985814095
ACH-000443,24951314,0,0.0019223492126911879
ACH-000443,25102847,0,0.11638318747282028
ACH-000443,25126798,0,0.013306648470461369
ACH-000443,25195352,0,0.016720470041036606
ACH-000443,300471,0,0.056954577565193176
ACH-000443,44182295,0,0.07354124635457993
ACH-000443,44551660,0,0.00547151081264019
ACH-000443,46931012,0,0.0028781932778656483
ACH-000443,5113032,0,0.024546630680561066
ACH-000443,521106,0,0.011411848478019238
ACH-000443,5280757,0,0.2337852418422699
ACH-000443,5311,0,0.045960746705532074
ACH-000443,5327091,0,0.019730284810066223
ACH-000443,637858,0,0.018966659903526306
ACH-000443,8249,0,0.012373571284115314
ACH-000443,9952773,0,0.011332117021083832
ACH-000443,9956119,0,0.10648304224014282
ACH-000447,10074640,0,0.0874352753162384
ACH-000447,104842,0,0.13708451390266418
ACH-000447,11634725,0,0.12762898206710815
ACH-000447,159324,0,0.13832169771194458
ACH-000447,2375,0,0.1730542927980423
ACH-000447,24785538,1,0.20901797711849213
ACH-000447,24951314,0,0.133633553981781
ACH-000447,25124816,0,0.337768018245697
ACH-000447,25126798,1,0.16838081181049347
ACH-000447,3796,0,0.271929532289505
ACH-000447,4263900,0,0.24096348881721497
ACH-000447,42642645,0,0.135416179895401
ACH-000447,44143370,0,0.21865183115005493
ACH-000447,44224160,0,0.12438730150461197
ACH-000447,44551660,0,0.10383997857570648
ACH-000447,447912,0,0.090939000248909
ACH-000447,46191454,0,0.1583823412656784
ACH-000447,46883536,0,0.0891696959733963
ACH-000447,5113032,0,0.15726768970489502
ACH-000447,5289247,0,0.1173538863658905
ACH-000447,53302361,0,0.1515435129404068
ACH-000447,5460769,0,0.3783026933670044
ACH-000447,560326,1,0.3181958496570587
ACH-000447,56965967,0,0.08589399605989456
ACH-000447,6914657,0,0.19725842773914337
ACH-000447,6918638,0,0.10202692449092865
ACH-000447,9813758,0,0.14599880576133728
ACH-000447,9910224,0,0.13849392533302307
ACH-000449,10200390,1,0.02145891636610031
ACH-000449,10384072,0,0.0984094887971878
ACH-000449,10459196,0,0.11418372392654419
ACH-000449,11152667,0,0.05459903925657272
ACH-000449,11624601,0,0.0735207349061966
ACH-000449,11707110,0,0.4117248058319092
ACH-000449,126941,1,0.06468725949525833
ACH-000449,159324,0,0.027387458831071854
ACH-000449,25022668,0,0.036301832646131516
ACH-000449,25222038,0,0.07394822686910629
ACH-000449,25262965,0,0.07684087753295898
ACH-000449,3005532,0,0.3905651271343231
ACH-000449,3218,0,0.12048282474279404
ACH-000449,3385,0,0.03017742931842804
ACH-000449,3463933,0,0.29291778802871704
ACH-000449,44819241,0,0.10171964019536972
ACH-000449,5113032,0,0.05485837161540985
ACH-000449,53394750,0,0.1668286919593811
ACH-000449,5459322,0,0.15058934688568115
ACH-000449,60750,0,0.07457511872053146
ACH-000449,6918289,0,0.18986593186855316
ACH-000449,84691,0,0.07679951936006546
ACH-000449,9810884,0,0.3991338014602661
ACH-000449,9863776,1,0.1788654774427414
ACH-000449,9868037,0,0.02776995301246643
ACH-000449,9884685,0,0.033621352165937424
ACH-000449,9910224,0,0.05130550265312195
ACH-000449,9967941,0,0.11063117533922195
ACH-000450,10341154,0,0.11236639320850372
ACH-000450,10384072,0,0.1792316883802414
ACH-000450,104842,0,0.09162595123052597
ACH-000450,11152667,0,0.09555988758802414
ACH-000450,11433190,1,0.9261404871940613
ACH-000450,11609586,0,0.2625225782394409
ACH-000450,148124,0,0.35455936193466187
ACH-000450,2314623,0,0.30467620491981506
ACH-000450,23725625,0,0.13698703050613403
ACH-000450,24180719,1,0.8428667783737183
ACH-000450,24776445,0,0.2517896890640259
ACH-000450,2726824,0,0.257129430770874
ACH-000450,5311,0,0.0971565917134285
ACH-000450,5327091,0,0.2176695019006729
ACH-000450,5330286,0,0.061535559594631195
ACH-000450,6710780,0,0.04418523609638214
ACH-000451,10027278,0,0.08451872318983078
ACH-000451,10127622,1,0.20675423741340637
ACH-000451,10200390,0,0.04773251339793205
ACH-000451,11455910,0,0.11556797474622726
ACH-000451,11609586,0,0.11855456233024597
ACH-000451,16747388,0,0.01906132698059082
ACH-000451,24180719,0,0.10000048577785492
ACH-000451,24951314,0,0.023251241073012352
ACH-000451,2733526,0,0.13820825517177582
ACH-000451,3796,1,0.16428887844085693
ACH-000451,4263900,0,0.055670954287052155
ACH-000451,44182295,0,0.08521304279565811
ACH-000451,44462760,0,0.10399341583251953
ACH-000451,44551660,0,0.06222112476825714
ACH-000451,44632017,0,0.08656318485736847
ACH-000451,448013,0,0.06897810101509094
ACH-000451,44819241,0,0.17244763672351837
ACH-000451,46885626,0,0.24847622215747833
ACH-000451,46907787,0,0.09495888650417328
ACH-000451,46943432,0,0.08620566129684448
ACH-000451,5278396,0,0.09729637950658798
ACH-000451,53394750,0,0.297305703163147
ACH-000451,5460769,0,0.1265769749879837
ACH-000451,54676905,0,0.16132421791553497
ACH-000451,6505803,0,0.09753109514713287
ACH-000451,9863776,0,0.05881115049123764
ACH-000451,9874913,0,0.29344573616981506
ACH-000451,9903786,0,0.041381578892469406
ACH-000451,9911830,0,0.09817234426736832
ACH-000451,9931953,0,0.04220033437013626
ACH-000451,9967941,0,0.1879439651966095
ACH-000452,11338033,0,0.037200428545475006
ACH-000452,11626927,0,0.05952177941799164
ACH-000452,11667893,0,0.16758288443088531
ACH-000452,11754511,0,0.04967021569609642
ACH-000452,123631,0,0.23708485066890717
ACH-000452,148124,1,0.3090353310108185
ACH-000452,16038120,0,0.17450273036956787
ACH-000452,24785538,1,0.180216982960701
ACH-000452,25102847,0,0.08397167176008224
ACH-000452,25124816,0,0.1715059131383896
ACH-000452,25126798,0,0.03860471025109291
ACH-000452,44137675,0,0.1657087653875351
ACH-000452,444795,0,0.08394172042608261
ACH-000452,446378,0,0.2307080179452896
ACH-000452,46191454,0,0.10262492299079895
ACH-000452,462382,0,0.5783758163452148
ACH-000452,46844147,0,0.06737754493951797
ACH-000452,49836027,0,0.191653773188591
ACH-000452,4993,0,0.23989088833332062
ACH-000452,5208,0,0.17554700374603271
ACH-000452,5289247,0,0.09801056236028671
ACH-000452,5291,0,0.32395416498184204
ACH-000452,53302361,0,0.15691526234149933
ACH-000452,53394750,0,0.10976894944906235
ACH-000452,5459322,0,0.12161035090684891
ACH-000452,637858,0,0.2030060738325119
ACH-000452,6450551,0,0.1216035783290863
ACH-000452,6450816,0,0.10749832540750504
ACH-000452,66577006,0,0.04322941228747368
ACH-000452,6914657,0,0.14546029269695282
ACH-000452,82146,0,0.1520141065120697
ACH-000452,9826308,1,0.26050713658332825
ACH-000452,9911830,0,0.06937295943498611
ACH-000452,9938202,0,0.1637675017118454
ACH-000456,10113978,0,0.21447168290615082
ACH-000456,10384072,0,0.13638931512832642
ACH-000456,11455910,0,0.1436087191104889
ACH-000456,11617559,0,0.10077031701803207
ACH-000456,11625818,0,0.051676154136657715
ACH-000456,11754511,0,0.06175680831074715
ACH-000456,159324,0,0.047685179859399796
ACH-000456,16720766,0,0.1009051725268364
ACH-000456,24978538,0,0.39013341069221497
ACH-000456,25102847,0,0.19668444991111755
ACH-000456,25126798,0,0.09193253517150879
ACH-000456,25262965,0,0.11058734357357025
ACH-000456,3463933,0,0.24773001670837402
ACH-000456,42640,0,0.1063629537820816
ACH-000456,44137675,0,0.14278267323970795
ACH-000456,44224160,0,0.030092474073171616
ACH-000456,44462760,1,0.5888087749481201
ACH-000456,446378,0,0.09085016697645187
ACH-000456,46885626,0,0.08826560527086258
ACH-000456,46943432,0,0.07920411229133606
ACH-000456,5208,0,0.11881151050329208
ACH-000456,521106,0,0.04441430792212486
ACH-000456,5311497,0,0.059479255229234695
ACH-000456,53302361,1,0.11923104524612427
ACH-000456,5394,0,0.1800064742565155
ACH-000456,5459322,0,0.17211273312568665
ACH-000456,5746,0,0.0925191268324852
ACH-000456,637858,0,0.10128430277109146
ACH-000456,6445562,0,0.0901106670498848
ACH-000456,6450816,0,0.058310091495513916
ACH-000456,6852167,0,0.05939033254981041
ACH-000456,71271629,0,0.06809881329536438
ACH-000456,9903786,0,0.035934459418058395
ACH-000456,9914412,0,0.04080011695623398
ACH-000457,10074640,0,0.020970534533262253
ACH-000457,10113978,0,0.23083646595478058
ACH-000457,10384072,0,0.07997757196426392
ACH-000457,11178236,0,0.0955047607421875
ACH-000457,11327430,0,0.017709452658891678
ACH-000457,11338033,0,0.02068151906132698
ACH-000457,11373846,0,0.024851249530911446
ACH-000457,11433190,1,0.2975272238254547
ACH-000457,11617559,0,0.1069844588637352
ACH-000457,11624601,0,0.1258721798658371
ACH-000457,11634725,0,0.048850975930690765
ACH-000457,1401,0,0.11531039327383041
ACH-000457,156422,0,0.13430443406105042
ACH-000457,16722836,0,0.007335836533457041
ACH-000457,16725726,0,0.6882106065750122
ACH-000457,16747388,0,0.003905964083969593
ACH-000457,17755052,0,0.038014110177755356
ACH-000457,24826799,0,0.045656636357307434
ACH-000457,25124816,1,0.16725218296051025
ACH-000457,25167777,0,0.02599073201417923
ACH-000457,25257557,0,0.5828275680541992
ACH-000457,3385,0,0.013923240825533867
ACH-000457,3463933,0,0.3003138601779938
ACH-000457,36462,0,0.033331017941236496
ACH-000457,44224160,0,0.023731132969260216
ACH-000457,447912,0,0.014330577105283737
ACH-000457,448013,0,0.08228656649589539
ACH-000457,46885626,0,0.04125797003507614
ACH-000457,46907787,0,0.09863775223493576
ACH-000457,53340664,0,0.01745116524398327
ACH-000457,560326,0,0.10050816833972931
ACH-000457,56965967,0,0.016926970332860947
ACH-000457,637858,0,0.030444124713540077
ACH-000457,6852167,0,0.01952248439192772
ACH-000457,71271629,0,0.013330013491213322
ACH-000457,82146,0,0.10701651871204376
ACH-000457,8249,0,0.0737571120262146
ACH-000457,9810884,0,0.25437769293785095
ACH-000457,9903786,0,0.007145626470446587
ACH-000457,9911830,0,0.025766009464859962
ACH-000457,9931953,0,0.04681909456849098
ACH-000457,9956119,0,0.33355677127838135
ACH-000463,10096043,0,0.2528701424598694
ACH-000463,10109823,0,0.09909052401781082
ACH-000463,10196499,1,0.13435928523540497
ACH-000463,10384072,0,0.22553561627864838
ACH-000463,104842,0,0.1744743287563324
ACH-000463,11152667,0,0.12639015913009644
ACH-000463,11625818,0,0.07271216064691544
ACH-000463,11754511,0,0.05435863882303238
ACH-000463,16722836,0,0.033622436225414276
ACH-000463,16725726,0,0.1349484622478485
ACH-000463,17755052,0,0.07683945447206497
ACH-000463,2314623,1,0.12198074162006378
ACH-000463,25222038,0,0.15292763710021973
ACH-000463,2733526,0,0.21030110120773315
ACH-000463,31703,1,0.14189398288726807
ACH-000463,3385,0,0.08127312362194061
ACH-000463,4263900,1,0.1664239466190338
ACH-000463,44450571,0,0.19550661742687225
ACH-000463,444795,0,0.0996418222784996
ACH-000463,447912,0,0.06943263113498688
ACH-000463,46224516,0,0.09075547754764557
ACH-000463,46843772,0,0.19597399234771729
ACH-000463,46930998,0,0.07299652695655823
ACH-000463,49806720,0,0.0730363205075264
ACH-000463,5208,0,0.15674056112766266
ACH-000463,54685215,0,0.23331184685230255
ACH-000463,56965967,0,0.05563654750585556
ACH-000463,6445562,0,0.05932050198316574
ACH-000463,6505803,1,0.2238141894340515
ACH-000463,8249,0,0.049625612795352936
ACH-000463,9810884,0,0.1708250343799591
ACH-000463,9884685,0,0.054546892642974854
ACH-000463,9903786,0,0.046308040618896484
ACH-000463,9911830,0,0.07326045632362366
ACH-000464,10196499,0,0.1423855870962143
ACH-000464,10384072,0,0.04080769419670105
ACH-000464,10390396,0,0.07721208035945892
ACH-000464,10461815,0,0.05882007256150246
ACH-000464,11338033,0,0.004763039294630289
ACH-000464,11609586,0,0.04577858746051788
ACH-000464,11626927,0,0.01232787687331438
ACH-000464,11640390,0,0.13687965273857117
ACH-000464,11844351,1,0.019958458840847015
ACH-000464,123631,0,0.09108618646860123
ACH-000464,156422,0,0.06890669465065002
ACH-000464,16722836,0,0.0012245576363056898
ACH-000464,16747388,0,0.0007009158725850284
ACH-000464,16760646,0,0.06586664170026779
ACH-000464,24894414,0,0.0021014162339270115
ACH-000464,31703,0,0.005374087020754814
ACH-000464,3385,0,0.004458434414118528
ACH-000464,42642645,0,0.012501191347837448
ACH-000464,44143370,0,0.015496814623475075
ACH-000464,44632017,0,0.023639293387532234
ACH-000464,5113032,0,0.01145673543214798
ACH-000464,51371303,0,0.015495412051677704
ACH-000464,5289247,0,0.02492988482117653
ACH-000464,5327091,0,0.013797232881188393
ACH-000464,5394,0,0.015564932487905025
ACH-000464,5460769,0,0.038830142468214035
ACH-000464,6450551,0,0.015870707109570503
ACH-000464,6450816,0,0.015359296463429928
ACH-000464,6505803,0,0.053919363766908646
ACH-000464,65110,0,0.008481336757540703
ACH-000464,6918454,0,0.05330037325620651
ACH-000464,71271629,0,0.003201042301952839
ACH-000464,9813758,0,0.006876560393720865
ACH-000464,9826528,0,0.07228663563728333
ACH-000464,9956119,0,0.11370689421892166
ACH-000464,9956222,0,0.01625261828303337
ACH-000465,10096043,0,0.03532109037041664
ACH-000465,10127622,0,0.8165645003318787
ACH-000465,10184653,0,0.07996151596307755
ACH-000465,11338033,0,0.013018270954489708
ACH-000465,11485656,0,0.05424667149782181
ACH-000465,11493598,0,0.10723418742418289
ACH-000465,11707110,1,0.9899202585220337
ACH-000465,148124,0,0.09790937602519989
ACH-000465,216239,0,0.05268269404768944
ACH-000465,2314623,0,0.15517446398735046
ACH-000465,2375,0,0.03061852976679802
ACH-000465,25022668,0,0.008755604736506939
ACH-000465,25124816,0,0.08740221709012985
ACH-000465,25126798,0,0.014374490827322006
ACH-000465,2726824,0,0.07883880287408829
ACH-000465,2733526,0,0.11564945429563522
ACH-000465,3005532,0,0.14820802211761475
ACH-000465,3062316,0,0.11494715511798859
ACH-000465,3218,0,0.13649868965148926
ACH-000465,44137675,0,0.04030519351363182
ACH-000465,462382,0,0.3242514431476593
ACH-000465,46843772,0,0.08653232455253601
ACH-000465,46943432,0,0.018913311883807182
ACH-000465,49836027,0,0.06097539886832237
ACH-000465,5113032,0,0.0454678051173687
ACH-000465,53394750,0,0.08159242570400238
ACH-000465,5384616,0,0.050169121474027634
ACH-000465,56965967,0,0.013256442733108997
ACH-000465,60750,0,0.026745378971099854
ACH-000465,6505803,0,0.11147156357765198
ACH-000465,66577006,0,0.00788355153053999
ACH-000465,6914657,0,0.044673673808574677
ACH-000465,704473,0,0.030436072498559952
ACH-000465,9910224,0,0.03139258921146393
ACH-000465,9943465,0,0.06269308924674988
ACH-000465,9952773,0,0.013035585172474384
ACH-000465,9956222,0,0.01689721643924713
ACH-000467,10074640,0,0.06680195033550262
ACH-000467,10196499,0,0.12053725123405457
ACH-000467,10341154,0,0.04399211332201958
ACH-000467,10459196,0,0.03443681821227074
ACH-000467,104842,0,0.01904989220201969
ACH-000467,11316960,0,0.2948196232318878
ACH-000467,11609586,0,0.07643985748291016
ACH-000467,11713159,0,0.04185861349105835
ACH-000467,11960529,0,0.09007732570171356
ACH-000467,126941,0,0.06363357603549957
ACH-000467,1401,0,0.17869581282138824
ACH-000467,16747388,0,0.015794239938259125
ACH-000467,176158,0,0.058404341340065
ACH-000467,176167,0,0.13108566403388977
ACH-000467,216326,0,0.04352859407663345
ACH-000467,24756910,0,0.049667660146951675
ACH-000467,25222038,0,0.026478860527276993
ACH-000467,25262965,0,0.0703456923365593
ACH-000467,2733526,0,0.0459127277135849
ACH-000467,3005532,0,0.07609683275222778
ACH-000467,44182295,1,0.21405012905597687
ACH-000467,448013,0,0.0183443333953619
ACH-000467,46224516,0,0.021997451782226562
ACH-000467,46943432,0,0.07174760848283768
ACH-000467,49806720,1,0.11626449227333069
ACH-000467,5328940,0,0.023670509457588196
ACH-000467,5746,0,0.030781254172325134
ACH-000467,6445562,0,0.043716516345739365
ACH-000467,65110,0,0.053610656410455704
ACH-000467,704473,0,0.11891279369592667
ACH-000467,71271629,0,0.02203707955777645
ACH-000467,84691,0,0.06409826129674911
ACH-000467,9863776,0,0.12307176738977432
ACH-000467,9874913,1,0.1285053789615631
ACH-000467,9914412,0,0.015689460560679436
ACH-000467,9967941,0,0.08593527972698212
ACH-000469,10077147,1,0.06808505207300186
ACH-000469,10384072,0,0.2714603543281555
ACH-000469,11152667,0,0.14292524755001068
ACH-000469,11178236,0,0.24617095291614532
ACH-000469,11316960,0,0.308662474155426
ACH-000469,11373846,1,0.08189750462770462
ACH-000469,11433190,0,0.3817247152328491
ACH-000469,11624601,0,0.1923167109489441
ACH-000469,123631,0,0.2237107902765274
ACH-000469,126941,0,0.08712585270404816
ACH-000469,16722836,0,0.05552837625145912
ACH-000469,216326,0,0.17161120474338531
ACH-000469,24756910,0,0.06696173548698425
ACH-000469,25167777,0,0.06749075651168823
ACH-000469,25195352,0,0.09748923778533936
ACH-000469,25257557,0,0.5378341674804688
ACH-000469,2733526,0,0.22641268372535706
ACH-000469,44450571,1,0.35167497396469116
ACH-000469,444795,1,0.15128430724143982
ACH-000469,44632017,0,0.28737568855285645
ACH-000469,447912,0,0.08760225027799606
ACH-000469,44819241,0,0.2292853146791458
ACH-000469,46885626,0,0.11533040553331375
ACH-000469,46943432,0,0.07956477999687195
ACH-000469,5113032,0,0.167602077126503
ACH-000469,51371303,0,0.147569477558136
ACH-000469,5289247,0,0.31669342517852783
ACH-000469,54685215,0,0.3761984407901764
ACH-000469,56962337,0,0.16736941039562225
ACH-000469,57339144,0,0.15271517634391785
ACH-000469,6445562,0,0.06466513872146606
ACH-000469,6918454,0,0.4747263193130493
ACH-000469,6918638,0,0.06435143947601318
ACH-000469,9868037,0,0.08146514743566513
ACH-000469,9910224,0,0.08569889515638351
ACH-000469,9943465,0,0.33153000473976135
ACH-000470,11178236,0,0.02338210865855217
ACH-000470,11493598,0,0.08905406296253204
ACH-000470,11617559,0,0.05078456178307533
ACH-000470,11647372,0,0.0034098622854799032
ACH-000470,159324,0,0.0050825634971261024
ACH-000470,16747388,0,0.0046441685408353806
ACH-000470,24756910,0,0.009025667794048786
ACH-000470,24894414,0,0.006053776480257511
ACH-000470,25102847,0,0.07526962459087372
ACH-000470,4263900,0,0.013802580535411835
ACH-000470,42642645,0,0.02112632617354393
ACH-000470,446378,0,0.021145416423678398
ACH-000470,46224516,0,0.008165585808455944
ACH-000470,46907787,0,0.021645091474056244
ACH-000470,5280757,0,0.0884542241692543
ACH-000470,5327091,0,0.028710536658763885
ACH-000470,5459322,0,0.06363280862569809
ACH-000470,5460769,0,0.02841658890247345
ACH-000470,560326,0,0.041201189160346985
ACH-000470,56965967,0,0.006732873618602753
ACH-000470,5746,0,0.04241441190242767
ACH-000470,6852167,0,0.011564824730157852
ACH-000470,9884685,0,0.004398477729409933
ACH-000470,9956119,0,0.17389962077140808
ACH-000472,10027278,0,0.3933573365211487
ACH-000472,10109823,0,0.44191914796829224
ACH-000472,10184653,1,0.6158414483070374
ACH-000472,104842,0,0.061029788106679916
ACH-000472,11327430,0,0.13233697414398193
ACH-000472,11373846,0,0.0460059680044651
ACH-000472,11634725,0,0.059944745153188705
ACH-000472,126565,0,0.13948510587215424
ACH-000472,16747388,0,0.01685211807489395
ACH-000472,176158,0,0.3574139177799225
ACH-000472,176167,0,0.09568042308092117
ACH-000472,24826799,0,0.08719249069690704
ACH-000472,24951314,0,0.05002325773239136
ACH-000472,24978538,0,0.039309319108724594
ACH-000472,25022668,0,0.30740612745285034
ACH-000472,25126798,0,0.05130331963300705
ACH-000472,25257557,0,0.28693971037864685
ACH-000472,25262965,0,0.15732306241989136
ACH-000472,2726824,0,0.4859040081501007
ACH-000472,36462,0,0.1301897168159485
ACH-000472,42640,0,0.08208338171243668
ACH-000472,448013,1,0.6080166101455688
ACH-000472,46224516,0,0.02448505349457264
ACH-000472,5113032,0,0.06595160067081451
ACH-000472,521106,0,0.0861741453409195
ACH-000472,5311,0,0.08456197381019592
ACH-000472,5459322,1,0.17120511829853058
ACH-000472,5460769,0,0.31549087166786194
ACH-000472,54685215,1,0.35397231578826904
ACH-000472,560326,0,0.21381083130836487
ACH-000472,5746,0,0.35320574045181274
ACH-000472,6450551,0,0.0575157068669796
ACH-000472,6505803,0,0.3008327782154083
ACH-000472,6852167,0,0.01594942808151245
ACH-000472,6918848,0,0.02480103075504303
ACH-000472,704473,0,0.062778040766716
ACH-000472,71271629,0,0.1370469629764557
ACH-000472,82146,0,0.33067426085472107
ACH-000472,9884685,0,0.03852358087897301
ACH-000472,9967941,0,0.1294018030166626
ACH-000473,11625818,0,0.14996200799942017
ACH-000473,11647372,0,0.13064303994178772
ACH-000473,24785538,0,0.19816909730434418
ACH-000473,25124816,0,0.18679660558700562
ACH-000473,25167777,0,0.17087969183921814
ACH-000473,2733526,0,0.2327628880739212
ACH-000473,3005532,0,0.22089365124702454
ACH-000473,3385,0,0.15163873136043549
ACH-000473,3463933,0,0.2041741907596588
ACH-000473,36462,0,0.09178856015205383
ACH-000473,3796,0,0.131846085190773
ACH-000473,44137675,0,0.19998957216739655
ACH-000473,44224160,0,0.1523112803697586
ACH-000473,447912,0,0.29442501068115234
ACH-000473,51371303,0,0.1651696413755417
ACH-000473,5311497,0,0.11986172199249268
ACH-000473,5394,0,0.2517074644565582
ACH-000473,5459322,0,0.19800005853176117
ACH-000473,5460769,0,0.16371819376945496
ACH-000473,6450816,0,0.14993779361248016
ACH-000473,9911830,0,0.3039376139640808
ACH-000473,9931953,0,0.06381002813577652
ACH-000473,9956119,1,0.3447820246219635
ACH-000475,10077147,0,0.00020451139425858855
ACH-000475,10341154,0,0.005497261416167021
ACH-000475,11178236,0,0.00728821475058794
ACH-000475,11625818,0,0.0012593877036124468
ACH-000475,16720766,0,0.006681239698082209
ACH-000475,176167,0,0.056571099907159805
ACH-000475,17755052,0,0.0013549854047596455
ACH-000475,23725625,0,0.00710044102743268
ACH-000475,24776445,0,0.007770823314785957
ACH-000475,24894414,0,0.0012886248296126723
ACH-000475,25124816,0,0.0641104206442833
ACH-000475,2726824,0,0.024713648483157158
ACH-000475,2733526,0,0.016461649909615517
ACH-000475,31703,0,0.0002931712369900197
ACH-000475,42640,0,0.030508536845445633
ACH-000475,44137675,0,0.010636527091264725
ACH-000475,44462760,0,0.06431673467159271
ACH-000475,44819241,0,0.01819548010826111
ACH-000475,51371303,0,0.007383554242551327
ACH-000475,521106,0,0.000999012845568359
ACH-000475,5311,0,0.019176634028553963
ACH-000475,6450816,0,0.0017889138543978333
ACH-000475,6505803,0,0.006144587881863117
ACH-000475,66577006,0,0.0004164760175626725
ACH-000475,6918289,0,0.003214257536455989
ACH-000475,9826528,0,0.05713112652301788
ACH-000475,9858940,0,0.0038532763719558716
ACH-000475,9868037,0,0.0009653924498707056
ACH-000475,9938202,0,0.062476418912410736
ACH-000475,9952773,0,0.0020803012885153294
ACH-000476,10127622,0,0.2937910556793213
ACH-000476,10341154,0,0.12175580859184265
ACH-000476,10451420,1,0.17966926097869873
ACH-000476,11282283,0,0.28293517231941223
ACH-000476,11327430,0,0.06847972422838211
ACH-000476,11493598,0,0.21177220344543457
ACH-000476,11624601,0,0.1116684228181839
ACH-000476,11713159,0,0.1787160038948059
ACH-000476,11754511,0,0.14163687825202942
ACH-000476,11960529,0,0.17711220681667328
ACH-000476,123631,0,0.1982358992099762
ACH-000476,148124,0,0.1733039766550064
ACH-000476,16720766,0,0.17423684895038605
ACH-000476,2375,0,0.09748820960521698
ACH-000476,24826799,0,0.19982077181339264
ACH-000476,24951314,0,0.033735137432813644
ACH-000476,25195352,0,0.06195138394832611
ACH-000476,25222038,0,0.14738386869430542
ACH-000476,36462,0,0.04924233630299568
ACH-000476,42642645,0,0.1389477550983429
ACH-000476,44182295,0,0.16445787250995636
ACH-000476,46883536,1,0.1272086352109909
ACH-000476,46930998,0,0.09767870604991913
ACH-000476,46931012,0,0.04711087420582771
ACH-000476,5208,0,0.13579045236110687
ACH-000476,5280757,0,0.10199739784002304
ACH-000476,5289247,0,0.15382474660873413
ACH-000476,5311497,0,0.09483934938907623
ACH-000476,53340664,0,0.11131798475980759
ACH-000476,53394750,0,0.3394150137901306
ACH-000476,5459322,0,0.13546502590179443
ACH-000476,5460769,0,0.08343865722417831
ACH-000476,5746,0,0.11905158311128616
ACH-000476,637858,0,0.11920637637376785
ACH-000476,6445533,0,0.059925660490989685
ACH-000476,6450816,0,0.08368837088346481
ACH-000476,704473,0,0.20537152886390686
ACH-000476,85668777,0,0.20283617079257965
ACH-000476,9813758,0,0.11929243803024292
ACH-000476,9943465,0,0.30142247676849365
ACH-000478,10027278,0,0.0853627473115921
ACH-000478,10341154,0,0.16201147437095642
ACH-000478,11152667,1,0.13802064955234528
ACH-000478,11373846,0,0.20000968873500824
ACH-000478,11433190,0,0.44370314478874207
ACH-000478,11624601,0,0.09157177060842514
ACH-000478,11640390,1,0.32204416394233704
ACH-000478,11754511,1,0.20450946688652039
ACH-000478,11960529,0,0.16078846156597137
ACH-000478,126565,0,0.12247919291257858
ACH-000478,148124,0,0.09362664073705673
ACH-000478,16725726,0,0.34886714816093445
ACH-000478,2314623,0,0.19985757768154144
ACH-000478,23725625,0,0.18792718648910522
ACH-000478,25195352,0,0.09156922996044159
ACH-000478,300471,0,0.09754074364900589
ACH-000478,3005532,0,0.07419995218515396
ACH-000478,3218,0,0.10624490678310394
ACH-000478,44450571,0,0.15058983862400055
ACH-000478,46224516,0,0.12982994318008423
ACH-000478,53302361,0,0.14306174218654633
ACH-000478,53340664,0,0.14052461087703705
ACH-000478,60750,0,0.0823199450969696
ACH-000478,6445562,0,0.11819775402545929
ACH-000478,6450816,0,0.07773693650960922
ACH-000478,65110,0,0.2852499186992645
ACH-000478,6918289,0,0.10423453897237778
ACH-000478,82146,0,0.1256304830312729
ACH-000478,9903786,0,0.14327472448349
ACH-000478,9911830,0,0.2276342809200287
ACH-000478,9938202,0,0.1985265612602234
ACH-000478,9967941,0,0.1500931680202484
ACH-000480,10184653,0,0.34333527088165283
ACH-000480,10196499,0,0.2201656550168991
ACH-000480,11152667,0,0.05432457476854324
ACH-000480,11178236,0,0.17565731704235077
ACH-000480,11485656,0,0.0569198802113533
ACH-000480,159324,0,0.03405490890145302
ACH-000480,24756910,0,0.027827227488160133
ACH-000480,24776445,0,0.10117101669311523
ACH-000480,24826799,0,0.061089351773262024
ACH-000480,24889392,0,0.023045606911182404
ACH-000480,24894414,0,0.02077552303671837
ACH-000480,25022668,0,0.06047089025378227
ACH-000480,3796,0,0.06473667174577713
ACH-000480,44450571,0,0.26352035999298096
ACH-000480,46843772,0,0.09858310222625732
ACH-000480,46931012,0,0.01084574218839407
ACH-000480,49806720,0,0.05938049778342247
ACH-000480,51371303,0,0.06643325835466385
ACH-000480,5280757,1,0.23851953446865082
ACH-000480,53394750,0,0.06667652726173401
ACH-000480,5394,0,0.08885680884122849
ACH-000480,56962337,0,0.09857212752103806
ACH-000480,56965967,0,0.022344473749399185
ACH-000480,57339144,0,0.04173692315816879
ACH-000480,6253,0,0.021981526166200638
ACH-000480,6445533,0,0.033202797174453735
ACH-000480,6445562,0,0.04110848903656006
ACH-000480,6918848,0,0.020046040415763855
ACH-000480,704473,0,0.033625900745391846
ACH-000480,71271629,0,0.03400019183754921
ACH-000480,82146,0,0.13444319367408752
ACH-000480,84691,0,0.07941775023937225
ACH-000480,9810884,0,0.17587630450725555
ACH-000480,9813758,0,0.03505876660346985
ACH-000480,9914412,0,0.01837291568517685
ACH-000480,9931953,0,0.04756995663046837
ACH-000480,9938202,0,0.1527210921049118
ACH-000480,9956119,0,0.24681220948696136
ACH-000480,9967941,0,0.08377928286790848
ACH-000481,10027278,0,0.042372334748506546
ACH-000481,10096043,0,0.06534479558467865
ACH-000481,104842,0,0.018421469256281853
ACH-000481,11373846,0,0.009276598691940308
ACH-000481,11404337,0,0.017441628500819206
ACH-000481,11493598,0,0.014127434231340885
ACH-000481,11609586,0,0.04974765330553055
ACH-000481,11713159,0,0.08436420559883118
ACH-000481,16747388,0,0.0008507472230121493
ACH-000481,176167,0,0.0930347889661789
ACH-000481,24889392,0,0.009167171083390713
ACH-000481,24894414,0,0.0037516870070248842
ACH-000481,24951314,0,0.0028035573195666075
ACH-000481,25167777,0,0.008390944451093674
ACH-000481,3218,0,0.07012542337179184
ACH-000481,448013,0,0.07505551725625992
ACH-000481,44819241,0,0.1081099808216095
ACH-000481,46224516,0,0.007104929536581039
ACH-000481,51371303,0,0.05893407762050629
ACH-000481,5208,0,0.06104125827550888
ACH-000481,5311497,0,0.044839028269052505
ACH-000481,53340664,0,0.005350049585103989
ACH-000481,54676905,0,0.28785547614097595
ACH-000481,56962337,0,0.0761617124080658
ACH-000481,56965967,0,0.0037424699403345585
ACH-000481,57339144,0,0.017286594957113266
ACH-000481,66577006,0,0.007897228002548218
ACH-000481,6914657,0,0.07842900604009628
ACH-000481,9863776,0,0.032096803188323975
ACH-000481,9903786,0,0.0017155600944533944
ACH-000481,9956119,0,0.17945966124534607
ACH-000482,10200390,0,0.0031259688548743725
ACH-000482,10459196,0,0.03426859527826309
ACH-000482,104842,0,0.011101750656962395
ACH-000482,11624601,0,0.04129093512892723
ACH-000482,11625818,0,0.0026863303501158953
ACH-000482,11667893,0,0.1350608617067337
ACH-000482,11977753,0,0.03622441738843918
ACH-000482,148124,0,0.06032336875796318
ACH-000482,16747388,0,0.0004910979769192636
ACH-000482,216326,0,0.009031842462718487
ACH-000482,2314623,0,0.08711793273687363
ACH-000482,24826799,0,0.014222821220755577
ACH-000482,24951314,0,0.0006511614774353802
ACH-000482,25126798,0,0.005447080824524164
ACH-000482,25167777,0,0.0025973061565309763
ACH-000482,25262965,0,0.014538092538714409
ACH-000482,2726824,0,0.134715735912323
ACH-000482,2733526,0,0.06402689963579178
ACH-000482,3463933,0,0.22748330235481262
ACH-000482,42642645,0,0.009393206797540188
ACH-000482,44143370,0,0.011983869597315788
ACH-000482,44551660,0,0.0015102566685527563
ACH-000482,46191454,0,0.006894700229167938
ACH-000482,46224516,0,0.0031843839678913355
ACH-000482,46843772,1,0.03328178822994232
ACH-000482,46930998,0,0.010612297803163528
ACH-000482,49806720,0,0.023985834792256355
ACH-000482,521106,0,0.005915856454521418
ACH-000482,5311,0,0.028006799519062042
ACH-000482,5328940,0,0.010483786463737488
ACH-000482,53394750,0,0.009253125637769699
ACH-000482,5459322,0,0.057546526193618774
ACH-000482,57339144,0,0.018141785636544228
ACH-000482,60750,0,0.009890743531286716
ACH-000482,6710780,0,0.005018577910959721
ACH-000482,6852167,0,0.003866517450660467
ACH-000482,704473,0,0.007683225441724062
ACH-000482,82146,0,0.022282768040895462
ACH-000482,84691,0,0.03956595063209534
ACH-000482,9910224,0,0.004015267360955477
ACH-000483,10109823,0,0.08277445286512375
ACH-000483,10127622,0,0.17309370636940002
ACH-000483,10196499,0,0.2024793177843094
ACH-000483,10200390,0,0.02448360063135624
ACH-000483,11152667,1,0.05424116924405098
ACH-000483,11338033,0,0.03511659428477287
ACH-000483,11455910,0,0.1318352371454239
ACH-000483,11960529,0,0.11926060914993286
ACH-000483,123631,0,0.11638878285884857
ACH-000483,126941,0,0.03759331256151199
ACH-000483,148124,0,0.13211308419704437
ACH-000483,16747388,0,0.014167862944304943
ACH-000483,17755052,0,0.041014838963747025
ACH-000483,2314623,0,0.13671760261058807
ACH-000483,23725625,0,0.055602796375751495
ACH-000483,2375,0,0.06684792041778564
ACH-000483,24772860,0,0.022659718990325928
ACH-000483,24785538,0,0.11146802455186844
ACH-000483,25102847,0,0.13185317814350128
ACH-000483,2726824,1,0.11646037548780441
ACH-000483,2733526,0,0.08673068881034851
ACH-000483,3463933,0,0.21473999321460724
ACH-000483,44224160,0,0.0325111486017704
ACH-000483,44462760,0,0.14712874591350555
ACH-000483,446378,0,0.08810184895992279
ACH-000483,448013,0,0.06063367798924446
ACH-000483,44819241,0,0.10349169373512268
ACH-000483,5113032,0,0.07002484053373337
ACH-000483,5311497,0,0.05185580253601074
ACH-000483,5330286,0,0.033698856830596924
ACH-000483,5459322,0,0.10758878290653229
ACH-000483,54685215,0,0.12095177918672562
ACH-000483,56965967,0,0.029230961576104164
ACH-000483,5746,0,0.07517457008361816
ACH-000483,60750,0,0.045150041580200195
ACH-000483,6450551,1,0.06862112879753113
ACH-000483,6710780,1,0.03305007144808769
ACH-000483,6753378,0,0.04033120721578598
ACH-000483,6918638,0,0.020323853939771652
ACH-000483,6918848,0,0.03354872763156891
ACH-000483,82146,0,0.10905996710062027
ACH-000483,9826528,0,0.12704113125801086
ACH-000483,9858940,0,0.07457216084003448
ACH-000483,9863776,0,0.1097717434167862
ACH-000483,9910224,0,0.04308999329805374
ACH-000483,9938202,0,0.14484050869941711
ACH-000483,9956119,0,0.1977771371603012
ACH-000484,10027278,0,0.05695927143096924
ACH-000484,10196499,0,0.25031524896621704
ACH-000484,104842,0,0.01530067715793848
ACH-000484,11338033,0,0.01714956946671009
ACH-000484,11634725,0,0.07143795490264893
ACH-000484,126565,0,0.01584208942949772
ACH-000484,159324,1,0.015515247359871864
ACH-000484,16747388,0,0.0037172662559896708
ACH-000484,2375,0,0.02974594198167324
ACH-000484,24776445,0,0.021579694002866745
ACH-000484,24951314,0,0.006219223607331514
ACH-000484,25167777,0,0.010664679110050201
ACH-000484,25222038,0,0.09235920011997223
ACH-000484,25257557,0,0.504501223564148
ACH-000484,3005532,0,0.27336061000823975
ACH-000484,31703,0,0.00909776147454977
ACH-000484,4263900,0,0.04136883094906807
ACH-000484,42640,0,0.10210840404033661
ACH-000484,44143370,0,0.055134035646915436
ACH-000484,44551660,0,0.01083725318312645
ACH-000484,5280757,0,0.10493171215057373
ACH-000484,5289247,0,0.04462212696671486
ACH-000484,54676905,0,0.2725326716899872
ACH-000484,5746,0,0.11217502504587173
ACH-000484,6710780,0,0.014148994348943233
ACH-000484,9910224,0,0.02348189428448677
ACH-000484,9943465,0,0.1410720944404602
ACH-000486,10127622,1,0.5695471167564392
ACH-000486,10200390,0,0.05508378893136978
ACH-000486,11433190,0,0.4126437306404114
ACH-000486,11634725,1,0.34341302514076233
ACH-000486,11667893,0,0.17083963751792908
ACH-000486,16725726,0,0.1649259477853775
ACH-000486,16747388,0,0.04916311055421829
ACH-000486,24772860,0,0.039510369300842285
ACH-000486,24785538,0,0.23169304430484772
ACH-000486,24894414,0,0.05875584855675697
ACH-000486,24978538,0,0.26083487272262573
ACH-000486,25102847,0,0.19221729040145874
ACH-000486,25126798,0,0.047683216631412506
ACH-000486,25167777,0,0.046960726380348206
ACH-000486,25195352,0,0.07351882755756378
ACH-000486,31703,0,0.08169150352478027
ACH-000486,3218,0,0.1202009916305542
ACH-000486,3385,0,0.09259230643510818
ACH-000486,3796,0,0.09206032007932663
ACH-000486,4263900,0,0.13332505524158478
ACH-000486,42640,0,0.10529864579439163
ACH-000486,44137675,0,0.14965036511421204
ACH-000486,44450571,0,0.20955826342105865
ACH-000486,447912,0,0.07381869107484818
ACH-000486,46931012,0,0.038318049162626266
ACH-000486,49806720,0,0.08065450936555862
ACH-000486,51371303,0,0.1260899156332016
ACH-000486,5278396,0,0.154415562748909
ACH-000486,53340664,0,0.05921021103858948
ACH-000486,5459322,0,0.17069293558597565
ACH-000486,54676905,1,0.11207491904497147
ACH-000486,5746,0,0.1370851993560791
ACH-000486,637858,1,0.13823555409908295
ACH-000486,6450816,0,0.06895864009857178
ACH-000486,6753378,0,0.04686204716563225
ACH-000486,6914657,0,0.12646055221557617
ACH-000486,6918289,0,0.16039574146270752
ACH-000486,82146,0,0.13128472864627838
ACH-000486,9931953,1,0.10293035954236984
ACH-000486,9956222,0,0.07025673985481262
ACH-000488,10196499,0,0.10618125647306442
ACH-000488,10384072,0,0.10820828378200531
ACH-000488,11364421,0,0.12619727849960327
ACH-000488,11404337,0,0.04106064885854721
ACH-000488,11455910,0,0.06574174016714096
ACH-000488,11713159,1,0.04610183835029602
ACH-000488,126565,0,0.04364734888076782
ACH-000488,148124,1,0.09370026737451553
ACH-000488,159324,0,0.029644232243299484
ACH-000488,16038120,1,0.13022950291633606
ACH-000488,20635522,0,0.07864165306091309
ACH-000488,23725625,0,0.05811479687690735
ACH-000488,24756910,0,0.027390897274017334
ACH-000488,24772860,0,0.008887842297554016
ACH-000488,24951314,0,0.006813085172325373
ACH-000488,25124816,0,0.11502508074045181
ACH-000488,25126798,0,0.02774350345134735
ACH-000488,25257557,0,0.6135162115097046
ACH-000488,300471,0,0.06968575716018677
ACH-000488,3005532,0,0.09150754660367966
ACH-000488,3062316,1,0.2700912654399872
ACH-000488,3218,0,0.03368864208459854
ACH-000488,36314,1,0.053404197096824646
ACH-000488,44182295,0,0.0887957438826561
ACH-000488,44224160,0,0.01492542028427124
ACH-000488,46883536,0,0.02916305884718895
ACH-000488,53394750,0,0.10841957479715347
ACH-000488,5459322,0,0.052691858261823654
ACH-000488,56962337,0,0.06989799439907074
ACH-000488,56965967,0,0.019920775666832924
ACH-000488,637858,0,0.04662873223423958
ACH-000488,6710780,0,0.031963739544153214
ACH-000488,6918638,0,0.009156612679362297
ACH-000488,82146,0,0.06640627980232239
ACH-000488,9813758,0,0.018150005489587784
ACH-000488,9858940,0,0.063530333340168
ACH-000488,9931953,0,0.15218770503997803
ACH-000488,9956222,0,0.023035170510411263
ACH-000489,104842,0,6.402524377335794e-06
ACH-000489,11485656,0,0.00012962007895112038
ACH-000489,11609586,0,0.00043296109652146697
ACH-000489,11707110,1,0.9999700784683228
ACH-000489,16747388,0,6.640341609909228e-08
ACH-000489,24889392,0,4.541381713352166e-06
ACH-000489,25195352,0,6.4495220613025595e-06
ACH-000489,42642645,0,1.8838749383576214e-05
ACH-000489,44143370,0,1.4941757399355993e-05
ACH-000489,44224160,0,4.979726782039506e-07
ACH-000489,44462760,0,0.015856370329856873
ACH-000489,44632017,0,5.07526274304837e-05
ACH-000489,447912,0,1.5457037534361007e-06
ACH-000489,44819241,0,8.285556396003813e-05
ACH-000489,46883536,0,5.5494265325251035e-06
ACH-000489,46885626,0,2.237080661871005e-05
ACH-000489,5113032,0,3.5995402868138626e-05
ACH-000489,5327091,0,6.61672602291219e-05
ACH-000489,637858,0,2.0281390789023135e-06
ACH-000489,6914657,0,0.0002481730771251023
ACH-000489,6918848,0,4.428794682098669e-07
ACH-000489,85668777,1,0.09639015048742294
ACH-000489,9903786,0,4.27026165539246e-08
ACH-000489,9931953,0,2.252643753308803e-06
ACH-000491,10096043,0,0.06330838054418564
ACH-000491,11338033,0,0.1525835543870926
ACH-000491,11364421,0,0.11859972774982452
ACH-000491,11404337,0,0.06458041071891785
ACH-000491,11609586,0,0.14527006447315216
ACH-000491,11626927,0,0.11022131890058517
ACH-000491,11640390,0,0.2735975682735443
ACH-000491,11676786,0,0.2571835517883301
ACH-000491,11754511,1,0.19481626152992249
ACH-000491,11960529,1,0.15637069940567017
ACH-000491,126941,0,0.19456863403320312
ACH-000491,16720766,0,0.07702669501304626
ACH-000491,16722836,1,0.15607523918151855
ACH-000491,216326,1,0.11404579132795334
ACH-000491,24772860,0,0.06407612562179565
ACH-000491,24825971,0,0.14451543986797333
ACH-000491,24826799,0,0.1489090770483017
ACH-000491,2726824,0,0.11235950887203217
ACH-000491,31703,0,0.04416980966925621
ACH-000491,3218,0,0.10425929725170135
ACH-000491,4261,0,0.15653689205646515
ACH-000491,4263900,0,0.06471557170152664
ACH-000491,42640,0,0.13447706401348114
ACH-000491,44143370,0,0.11817183345556259
ACH-000491,44224160,0,0.08413777500391006
ACH-000491,448013,0,0.06541591137647629
ACH-000491,46883536,1,0.16586320102214813
ACH-000491,46885626,1,0.23573634028434753
ACH-000491,46907787,0,0.0992882177233696
ACH-000491,46931012,1,0.07171804457902908
ACH-000491,49806720,0,0.19561107456684113
ACH-000491,49821040,0,0.18931174278259277
ACH-000491,521106,0,0.0841413289308548
ACH-000491,5280757,0,0.11836196482181549
ACH-000491,5311510,0,0.17011108994483948
ACH-000491,5327091,0,0.08070245385169983
ACH-000491,5328940,0,0.09739911556243896
ACH-000491,53302361,0,0.16644692420959473
ACH-000491,54685215,0,0.10695818066596985
ACH-000491,644215,0,0.08509759604930878
ACH-000491,6445533,0,0.07929153740406036
ACH-000491,6450551,1,0.2189488410949707
ACH-000491,6450816,0,0.08003095537424088
ACH-000491,76044,0,0.10814539343118668
ACH-000491,82146,0,0.10969357192516327
ACH-000491,84691,0,0.11309107393026352
ACH-000491,9884685,0,0.09934364259243011
ACH-000491,9910224,0,0.12437119334936142
ACH-000493,10096043,0,0.05585385859012604
ACH-000493,10109823,0,0.09395818412303925
ACH-000493,10113978,0,0.17327283322811127
ACH-000493,10127622,0,0.28260138630867004
ACH-000493,10196499,0,0.16540129482746124
ACH-000493,11316960,0,0.08442336320877075
ACH-000493,11338033,0,0.033873748034238815
ACH-000493,11485656,0,0.07477812469005585
ACH-000493,11960529,0,0.11377990990877151
ACH-000493,126565,0,0.0412331223487854
ACH-000493,16725726,1,0.3964710831642151
ACH-000493,24756910,0,0.04550322890281677
ACH-000493,24785538,0,0.13258884847164154
ACH-000493,24894414,0,0.029626555740833282
ACH-000493,24951314,0,0.013149624690413475
ACH-000493,2726824,1,0.12734796106815338
ACH-000493,3463933,0,0.15705707669258118
ACH-000493,42640,1,0.0855025127530098
ACH-000493,44182295,0,0.11340627819299698
ACH-000493,44632017,0,0.07892949134111404
ACH-000493,446378,0,0.06944411993026733
ACH-000493,46191454,0,0.06551903486251831
ACH-000493,46224516,0,0.0246783085167408
ACH-000493,46907787,0,0.07015158981084824
ACH-000493,46943432,0,0.0380186103284359
ACH-000493,5113032,0,0.06175399199128151
ACH-000493,5208,0,0.07419726252555847
ACH-000493,5278396,0,0.06521698087453842
ACH-000493,5280757,0,0.12258441001176834
ACH-000493,5289247,0,0.08744413405656815
ACH-000493,5311,0,0.07782723009586334
ACH-000493,53340664,0,0.03535828739404678
ACH-000493,54685215,0,0.11901520937681198
ACH-000493,560326,0,0.12314991652965546
ACH-000493,57339144,0,0.049700282514095306
ACH-000493,6445533,0,0.027723947539925575
ACH-000493,6918638,0,0.01696588657796383
ACH-000493,6918848,0,0.025670981034636497
ACH-000493,85668777,0,0.2405446320772171
ACH-000493,9884685,1,0.032684534788131714
ACH-000493,9956222,0,0.053377553820610046
ACH-000496,10027278,0,0.010477551259100437
ACH-000496,10109823,0,0.015662597492337227
ACH-000496,10196499,0,0.17222879827022552
ACH-000496,10341154,0,0.006071962881833315
ACH-000496,11152667,0,0.011913472786545753
ACH-000496,11327430,0,0.002003197092562914
ACH-000496,11338033,0,0.0023584645241498947
ACH-000496,11373846,0,0.0037740920670330524
ACH-000496,11404337,0,0.003781665116548538
ACH-000496,11455910,0,0.09695170074701309
ACH-000496,11609586,0,0.041286107152700424
ACH-000496,11617559,0,0.04114795848727226
ACH-000496,11634725,1,0.04031164571642876
ACH-000496,126941,0,0.0028152221348136663
ACH-000496,176158,1,0.0365789495408535
ACH-000496,24889392,0,0.003704238682985306
ACH-000496,25126798,0,0.004771733656525612
ACH-000496,25222038,0,0.009406428784132004
ACH-000496,2726824,0,0.12256549298763275
ACH-000496,3005532,0,0.1376894861459732
ACH-000496,44137675,0,0.052226681262254715
ACH-000496,44450571,1,0.07622974365949631
ACH-000496,44819241,1,0.0557854138314724
ACH-000496,46224516,0,0.003711741417646408
ACH-000496,5208,0,0.02426963672041893
ACH-000496,5278396,0,0.012607467360794544
ACH-000496,5280757,0,0.17559458315372467
ACH-000496,5289247,1,0.020444095134735107
ACH-000496,5311,0,0.028584295883774757
ACH-000496,5327091,0,0.010499593801796436
ACH-000496,5328940,0,0.009670229628682137
ACH-000496,5459322,0,0.05050871521234512
ACH-000496,60750,0,0.008283121511340141
ACH-000496,6450551,0,0.020491646602749825
ACH-000496,6505803,0,0.03780994191765785
ACH-000496,6852167,0,0.003653890686109662
ACH-000496,85668777,0,0.3138463497161865
ACH-000496,9810884,0,0.13332241773605347
ACH-000496,9911830,0,0.0057539548724889755
ACH-000496,9931953,0,0.015079821459949017
ACH-000496,9956222,0,0.005663832649588585
ACH-000496,9967941,0,0.036355018615722656
ACH-000501,10074640,0,0.021479424089193344
ACH-000501,10196499,0,0.09723162651062012
ACH-000501,10302451,0,0.1748378723859787
ACH-000501,10390396,0,0.09875469654798508
ACH-000501,10461815,0,0.07959184795618057
ACH-000501,11485656,0,0.0380026213824749
ACH-000501,11625818,0,0.009513746947050095
ACH-000501,11626927,0,0.015700753778219223
ACH-000501,11640390,0,0.22958143055438995
ACH-000501,11713159,0,0.03687111660838127
ACH-000501,148124,0,0.0494430810213089
ACH-000501,16095342,0,0.06338122487068176
ACH-000501,16663089,0,0.07548686116933823
ACH-000501,176158,0,0.05872109904885292
ACH-000501,20635522,0,0.051058586686849594
ACH-000501,216239,0,0.023238427937030792
ACH-000501,25022668,0,0.009927636943757534
ACH-000501,25167777,0,0.008726365864276886
ACH-000501,25195352,0,0.014990479685366154
ACH-000501,25222038,0,0.02617284096777439
ACH-000501,31703,0,0.010699283331632614
ACH-000501,44143370,0,0.022796696051955223
ACH-000501,44551660,0,0.007451292127370834
ACH-000501,46883536,0,0.020784949883818626
ACH-000501,49806720,0,0.04713181033730507
ACH-000501,5113032,0,0.0325230173766613
ACH-000501,51371303,0,0.0350666381418705
ACH-000501,5280757,0,0.04954716935753822
ACH-000501,5289247,0,0.07414510101079941
ACH-000501,53340664,0,0.014501807279884815
ACH-000501,53394750,0,0.10931088030338287
ACH-000501,56962337,0,0.06684485077857971
ACH-000501,5717801,0,0.016705181449651718
ACH-000501,6445533,0,0.011182480491697788
ACH-000501,6450551,0,0.03101014345884323
ACH-000501,65110,0,0.030102703720331192
ACH-000501,6710780,0,0.010922950692474842
ACH-000501,6914657,0,0.03347843885421753
ACH-000501,8249,0,0.03173153102397919
ACH-000501,84691,0,0.03109387867152691
ACH-000501,9549184,1,0.06713597476482391
ACH-000501,9863776,0,0.04170461744070053
ACH-000501,9907093,0,0.12979309260845184
ACH-000501,9911830,0,0.019322574138641357
ACH-000501,9931953,0,0.015228372067213058
ACH-000501,9938202,0,0.08277463167905807
ACH-000501,9952773,0,0.01731831207871437
ACH-000504,10027278,0,0.07948759943246841
ACH-000504,10200390,0,0.012673658318817616
ACH-000504,10384072,0,0.1182791069149971
ACH-000504,10451420,0,0.024876082316040993
ACH-000504,104842,0,0.02669999748468399
ACH-000504,11707110,0,0.8160331845283508
ACH-000504,11960529,0,0.11644204705953598
ACH-000504,148124,0,0.2562374472618103
ACH-000504,156422,0,0.22853520512580872
ACH-000504,160355,0,0.049043960869312286
ACH-000504,176870,0,0.250504732131958
ACH-000504,20635522,0,0.09259476512670517
ACH-000504,2314623,0,0.1431797295808792
ACH-000504,23725625,0,0.03446958214044571
ACH-000504,2375,0,0.035883910953998566
ACH-000504,24180719,0,0.2122044414281845
ACH-000504,24785538,0,0.1419658213853836
ACH-000504,24894414,0,0.007046956103295088
ACH-000504,25126798,0,0.023949749767780304
ACH-000504,2726824,0,0.22618748247623444
ACH-000504,3062316,1,0.3849397897720337
ACH-000504,3463933,0,0.33198705315589905
ACH-000504,42640,0,0.05387865751981735
ACH-000504,44143370,0,0.05283809453248978
ACH-000504,44450571,0,0.3010505735874176
ACH-000504,44551660,0,0.007679328788071871
ACH-000504,44632017,0,0.07492455840110779
ACH-000504,462382,0,0.21379274129867554
ACH-000504,46843772,0,0.08571742475032806
ACH-000504,46907787,0,0.0924803614616394
ACH-000504,5113032,0,0.040807101875543594
ACH-000504,5327091,0,0.06862112879753113
ACH-000504,53302361,0,0.07118634134531021
ACH-000504,5746,0,0.07291242480278015
ACH-000504,6253,0,0.015280910767614841
ACH-000504,6445533,0,0.018792035058140755
ACH-000504,6445562,0,0.023731885477900505
ACH-000504,6450551,0,0.03852834925055504
ACH-000504,6505803,0,0.1538824737071991
ACH-000504,66577006,0,0.0135386623442173
ACH-000504,6852167,0,0.011042152531445026
ACH-000504,704473,0,0.028646094724535942
ACH-000504,71271629,0,0.020802779123187065
ACH-000504,76044,0,0.05281106382608414
ACH-000504,85668777,0,0.4515100121498108
ACH-000504,9549184,1,0.10718345642089844
ACH-000504,9826308,0,0.11438155919313431
ACH-000504,9826528,0,0.3013710081577301
ACH-000504,9858940,0,0.23288145661354065
ACH-000504,9868037,0,0.007516021374613047
ACH-000504,9943465,0,0.1420414000749588
ACH-000504,9956119,0,0.43753141164779663
ACH-000504,9967941,0,0.12182352691888809
ACH-000505,10184653,0,0.1387065351009369
ACH-000505,10451420,0,0.041015930473804474
ACH-000505,11338033,0,0.010471477173268795
ACH-000505,11455910,0,0.17801636457443237
ACH-000505,11485656,0,0.0348290279507637
ACH-000505,11609586,0,0.07561060041189194
ACH-000505,11640390,0,0.11210277676582336
ACH-000505,11754511,0,0.01907915063202381
ACH-000505,148124,0,0.12176650017499924
ACH-000505,159324,0,0.0059172422625124454
ACH-000505,176158,0,0.08746272325515747
ACH-000505,17755052,0,0.012857875786721706
ACH-000505,25167777,0,0.006295490078628063
ACH-000505,3218,0,0.12166134268045425
ACH-000505,4263900,0,0.025142526254057884
ACH-000505,44182295,0,0.4252561926841736
ACH-000505,444795,0,0.03457260504364967
ACH-000505,446378,0,0.053604260087013245
ACH-000505,448013,0,0.029254691675305367
ACH-000505,46883536,0,0.014400753192603588
ACH-000505,46885626,0,0.0391305536031723
ACH-000505,5278396,0,0.03181165084242821
ACH-000505,5289247,1,0.09274660050868988
ACH-000505,5311,0,0.05077802762389183
ACH-000505,54676905,0,0.05998123437166214
ACH-000505,54685215,0,0.19555066525936127
ACH-000505,56965967,0,0.00885612703859806
ACH-000505,6710780,0,0.01465291902422905
ACH-000505,6753378,0,0.018286308273673058
ACH-000505,6918289,1,0.08497711271047592
ACH-000505,6918454,1,0.34959256649017334
ACH-000505,71271629,0,0.015631789341568947
ACH-000505,82146,0,0.049440011382102966
ACH-000505,9813758,0,0.015867847949266434
ACH-000505,9943465,0,0.08544065803289413
ACH-000505,9956119,0,0.2296600192785263
ACH-000506,11152667,0,0.043209102004766464
ACH-000506,11316960,0,0.06577660143375397
ACH-000506,11667893,0,0.04021706432104111
ACH-000506,11977753,0,0.006995552219450474
ACH-000506,156422,0,0.047392137348651886
ACH-000506,2314623,0,0.061254967004060745
ACH-000506,2726824,0,0.029196975752711296
ACH-000506,300471,0,0.017879649996757507
ACH-000506,51371303,0,0.047254230827093124
ACH-000506,6450551,0,0.06315749138593674
ACH-000506,6710780,0,0.008285765536129475
ACH-000506,6918454,0,0.07711211591959
ACH-000506,9826528,0,0.0786077156662941
ACH-000506,9863776,0,0.059244513511657715
ACH-000506,9931953,0,0.013875158503651619
ACH-000506,9943465,0,0.14790746569633484
ACH-000508,10074640,0,0.05856760963797569
ACH-000508,10077147,0,0.004028781317174435
ACH-000508,10113978,0,0.06904592365026474
ACH-000508,10459196,0,0.020090892910957336
ACH-000508,11327430,0,0.007069884799420834
ACH-000508,11455910,0,0.045813363045454025
ACH-000508,11485656,0,0.0492696538567543
ACH-000508,11647372,0,0.020867101848125458
ACH-000508,24776445,0,0.01745712012052536
ACH-000508,25022668,0,0.005209662020206451
ACH-000508,25102847,0,0.10283206403255463
ACH-000508,25126798,0,0.0752188116312027
ACH-000508,3218,0,0.022142978385090828
ACH-000508,3385,0,0.007628621533513069
ACH-000508,387447,0,0.07282103598117828
ACH-000508,44462760,0,0.011821417137980461
ACH-000508,444795,0,0.07020486146211624
ACH-000508,447912,0,0.036843862384557724
ACH-000508,46931012,0,0.007057046052068472
ACH-000508,46943432,0,0.04263466224074364
ACH-000508,49836027,0,0.05442049354314804
ACH-000508,5113032,0,0.028653426095843315
ACH-000508,53394750,1,0.13804225623607635
ACH-000508,560326,0,0.14239616692066193
ACH-000508,57339144,0,0.040744077414274216
ACH-000508,6253,0,0.002837421605363488
ACH-000508,644215,0,0.021917300298810005
ACH-000508,6450816,0,0.030821651220321655
ACH-000508,6710780,0,0.01410809438675642
ACH-000508,6753378,1,0.027244145050644875
ACH-000508,76044,0,0.026842450723052025
ACH-000508,84691,0,0.013462257571518421
ACH-000508,9549184,0,0.031511906534433365
ACH-000508,9813758,0,0.027623668313026428
ACH-000508,9863776,0,0.00919506698846817
ACH-000508,9884685,0,0.02684321068227291
ACH-000508,9903786,0,0.012801096774637699
ACH-000508,9907093,0,0.09864981472492218
ACH-000508,9910224,0,0.01938418485224247
ACH-000508,9952773,0,0.03316878899931908
ACH-000514,104842,0,0.041467051953077316
ACH-000514,11327430,0,0.016065172851085663
ACH-000514,11373846,0,0.10313964635133743
ACH-000514,11404337,0,0.005692634265869856
ACH-000514,11433190,0,0.12019892781972885
ACH-000514,11485656,0,0.07503259927034378
ACH-000514,11640390,0,0.15587608516216278
ACH-000514,11977753,0,0.027879521250724792
ACH-000514,16722836,0,0.02421957440674305
ACH-000514,216239,0,0.031899936497211456
ACH-000514,216326,0,0.024625040590763092
ACH-000514,24785538,0,0.05192225053906441
ACH-000514,24894414,0,0.03049546293914318
ACH-000514,2726824,0,0.07319127023220062
ACH-000514,3005532,0,0.09103984385728836
ACH-000514,31703,0,0.007325153332203627
ACH-000514,3218,0,0.04390699788928032
ACH-000514,3463933,0,0.1865522861480713
ACH-000514,444795,0,0.13628385961055756
ACH-000514,44551660,0,0.02968260832130909
ACH-000514,44819241,0,0.0654696524143219
ACH-000514,46844147,0,0.049466572701931
ACH-000514,46885626,0,0.4410950541496277
ACH-000514,46931012,0,0.012896747328341007
ACH-000514,51371303,0,0.04985888674855232
ACH-000514,5208,0,0.04361163452267647
ACH-000514,521106,0,0.022382406517863274
ACH-000514,5328940,0,0.021334005519747734
ACH-000514,53340664,0,0.031969137489795685
ACH-000514,5394,0,0.05890127271413803
ACH-000514,5460769,0,0.07206962257623672
ACH-000514,54676905,0,0.08835571259260178
ACH-000514,5717801,0,0.05492084473371506
ACH-000514,5746,0,0.03561817482113838
ACH-000514,6450816,0,0.04671585559844971
ACH-000514,6918289,0,0.028832348063588142
ACH-000514,6918638,0,0.018238680437207222
ACH-000514,82146,0,0.044662442058324814
ACH-000514,9911830,0,0.04563659057021141
ACH-000514,9914412,0,0.009073239751160145
ACH-000515,10027278,0,0.0066899764351546764
ACH-000515,11178236,0,0.038838185369968414
ACH-000515,11373846,0,0.06843643635511398
ACH-000515,11493598,0,0.06333071738481522
ACH-000515,11626560,0,0.006683854386210442
ACH-000515,11634725,0,0.06855111569166183
ACH-000515,11676786,0,0.024112602695822716
ACH-000515,16725726,1,0.954128623008728
ACH-000515,176167,0,0.1690765619277954
ACH-000515,2375,0,0.03673047572374344
ACH-000515,24951314,0,0.002088115317746997
ACH-000515,25124816,0,0.12631984055042267
ACH-000515,3463933,0,0.3290350139141083
ACH-000515,36314,0,0.01018211618065834
ACH-000515,387447,0,0.09748437255620956
ACH-000515,446378,0,0.008607519790530205
ACH-000515,46844147,0,0.023545779287815094
ACH-000515,5113032,0,0.05992360785603523
ACH-000515,5280757,0,0.17415964603424072
ACH-000515,5329102,0,0.02630995772778988
ACH-000515,53394750,1,0.05786976218223572
ACH-000515,560326,0,0.08434648811817169
ACH-000515,56965967,0,0.010751075111329556
ACH-000515,5746,0,0.02245771698653698
ACH-000515,644215,0,0.010656416416168213
ACH-000515,6445562,0,0.008374852128326893
ACH-000515,66577006,0,0.013882801868021488
ACH-000515,82146,0,0.02436310611665249
ACH-000515,9549184,0,0.016608957201242447
ACH-000515,9810884,1,0.5699326395988464
ACH-000515,9874913,0,0.08927981555461884
ACH-000515,9903786,0,0.012559063732624054
ACH-000515,9967941,0,0.18023814260959625
ACH-000518,10027278,0,0.1791539043188095
ACH-000518,10109823,0,0.20490117371082306
ACH-000518,10113978,0,0.303038090467453
ACH-000518,10127622,0,0.5987610816955566
ACH-000518,10196499,0,0.13180719316005707
ACH-000518,11404337,0,0.14962536096572876
ACH-000518,148124,1,0.1581133008003235
ACH-000518,16747388,0,0.0332983136177063
ACH-000518,176158,0,0.301438570022583
ACH-000518,176167,0,0.09624865651130676
ACH-000518,216326,1,0.1580592840909958
ACH-000518,2314623,1,0.1632511019706726
ACH-000518,24951314,0,0.0232163704931736
ACH-000518,24978538,0,0.25805386900901794
ACH-000518,2733526,0,0.17182831466197968
ACH-000518,3796,0,0.1385786533355713
ACH-000518,4263900,0,0.0789029449224472
ACH-000518,42642645,0,0.06183731555938721
ACH-000518,46191454,0,0.07332176715135574
ACH-000518,46931012,0,0.030080795288085938
ACH-000518,51371303,0,0.07380496710538864
ACH-000518,54685215,1,0.1750449538230896
ACH-000518,57339144,0,0.10185644775629044
ACH-000518,6253,0,0.055614154785871506
ACH-000518,6753378,0,0.020415211096405983
ACH-000518,6914657,0,0.030247006565332413
ACH-000518,6918454,1,0.31133922934532166
ACH-000518,71271629,0,0.09639690816402435
ACH-000518,8249,0,0.04192573204636574
ACH-000518,9911830,0,0.15376174449920654
ACH-000518,9938202,0,0.08489301800727844
ACH-000521,11327430,0,0.07280730456113815
ACH-000521,159324,0,0.06041943281888962
ACH-000521,16722836,0,0.06495314836502075
ACH-000521,2314623,0,0.12162298709154129
ACH-000521,24951314,0,0.03570723161101341
ACH-000521,25102847,0,0.16955630481243134
ACH-000521,25195352,0,0.08108905702829361
ACH-000521,31703,0,0.10076817870140076
ACH-000521,3385,0,0.10187920182943344
ACH-000521,4263900,0,0.107660211622715
ACH-000521,44224160,0,0.05321570485830307
ACH-000521,44462760,0,0.3576802909374237
ACH-000521,44551660,0,0.06481141597032547
ACH-000521,54685215,0,0.1658889204263687
ACH-000521,56962337,0,0.13910013437271118
ACH-000521,6505803,0,0.10594679415225983
ACH-000521,82146,0,0.12961848080158234
ACH-000521,9903786,0,0.061789851635694504
ACH-000521,9956119,0,0.23992913961410522
ACH-000521,9967941,0,0.163728266954422
ACH-000522,10074640,0,0.11742522567510605
ACH-000522,10096043,0,0.03940196335315704
ACH-000522,11707110,0,0.2855347692966461
ACH-000522,148124,0,0.09670141339302063
ACH-000522,16725726,0,0.5060462951660156
ACH-000522,23725625,0,0.1359330713748932
ACH-000522,24776445,0,0.11533388495445251
ACH-000522,24785538,0,0.07373672723770142
ACH-000522,25102847,0,0.1175452172756195
ACH-000522,25126798,0,0.18925301730632782
ACH-000522,25167777,0,0.053123559802770615
ACH-000522,3218,0,0.11836449056863785
ACH-000522,42640,0,0.1570919156074524
ACH-000522,44462760,0,0.3188309371471405
ACH-000522,444795,0,0.16329297423362732
ACH-000522,44632017,0,0.09860087931156158
ACH-000522,44819241,0,0.17810583114624023
ACH-000522,46885626,0,0.25793492794036865
ACH-000522,560326,0,0.15624894201755524
ACH-000522,56962337,0,0.2008676677942276
ACH-000522,56965967,1,0.058995671570301056
ACH-000522,5746,0,0.057703323662281036
ACH-000522,6445562,0,0.06732897460460663
ACH-000522,65110,0,0.20472115278244019
ACH-000522,66577006,1,0.1813613325357437
ACH-000522,6914657,0,0.062449779361486435
ACH-000522,6918638,0,0.05945640429854393
ACH-000522,8249,0,0.0912628248333931
ACH-000522,9810884,1,0.7860682010650635
ACH-000522,9868037,1,0.07703012228012085
ACH-000522,9874913,1,0.1493867039680481
ACH-000522,9952773,0,0.06016962230205536
ACH-000522,9967941,0,0.10220048576593399
ACH-000525,10172943,0,0.08718343824148178
ACH-000525,11404337,0,0.012742715887725353
ACH-000525,11493598,0,0.15515810251235962
ACH-000525,11626560,0,0.03179769963026047
ACH-000525,11634725,0,0.22736752033233643
ACH-000525,11640390,0,0.30429214239120483
ACH-000525,11647372,0,0.03667186573147774
ACH-000525,11754511,1,0.2179235965013504
ACH-000525,159324,0,0.013585439883172512
ACH-000525,16722836,0,0.04681822285056114
ACH-000525,216239,0,0.04195897653698921
ACH-000525,2375,0,0.046739425510168076
ACH-000525,3385,0,0.044874947518110275
ACH-000525,3463933,0,0.11282716691493988
ACH-000525,42640,0,0.07760686427354813
ACH-000525,44137675,0,0.04562358185648918
ACH-000525,447912,0,0.09385408461093903
ACH-000525,5280757,0,0.07267336547374725
ACH-000525,5289247,0,0.13628211617469788
ACH-000525,5311497,0,0.016612837091088295
ACH-000525,5311510,0,0.05509292334318161
ACH-000525,5384616,0,0.05133691430091858
ACH-000525,5459322,0,0.0698201134800911
ACH-000525,5460769,0,0.03558045253157616
ACH-000525,5746,0,0.04356873407959938
ACH-000525,66577006,0,0.041234616190195084
ACH-000525,6852167,1,0.12038923054933548
ACH-000525,6918848,0,0.05183740332722664
ACH-000525,9549184,0,0.09537724405527115
ACH-000525,9810884,0,0.5045356750488281
ACH-000527,10077147,0,0.0062369490042328835
ACH-000527,10196499,0,0.11406608670949936
ACH-000527,10341154,1,0.042767688632011414
ACH-000527,11316960,1,0.11356166005134583
ACH-000527,11455910,0,0.022967727854847908
ACH-000527,11624601,0,0.0536000020802021
ACH-000527,11640390,0,0.12172535061836243
ACH-000527,16720766,0,0.039449114352464676
ACH-000527,176158,0,0.04785671830177307
ACH-000527,216326,0,0.06139364093542099
ACH-000527,23725625,0,0.05298256501555443
ACH-000527,24951314,0,0.0252509918063879
ACH-000527,25124816,0,0.11917606741189957
ACH-000527,25126798,0,0.2827419936656952
ACH-000527,2733526,0,0.09335196018218994
ACH-000527,3218,0,0.027579093351960182
ACH-000527,44143370,0,0.08081810176372528
ACH-000527,51371303,0,0.03793575242161751
ACH-000527,5289247,0,0.06946961581707001
ACH-000527,5311,0,0.04832645133137703
ACH-000527,5311497,0,0.0173259899020195
ACH-000527,5330286,0,0.0359555259346962
ACH-000527,54685215,0,0.03749525174498558
ACH-000527,560326,0,0.1473168432712555
ACH-000527,56965967,0,0.04058127477765083
ACH-000527,60750,0,0.01725052110850811
ACH-000527,6445533,0,0.020515190437436104
ACH-000527,6505803,0,0.023164112120866776
ACH-000527,6710780,0,0.020845571532845497
ACH-000527,82146,0,0.11129879206418991
ACH-000527,9863776,0,0.01474747434258461
ACH-000528,11152667,0,0.05471744388341904
ACH-000528,11373846,0,0.04755108058452606
ACH-000528,11634725,0,0.12664061784744263
ACH-000528,11640390,1,0.295626699924469
ACH-000528,11707110,0,0.5273972749710083
ACH-000528,126941,0,0.03449621424078941
ACH-000528,24756910,0,0.04451138526201248
ACH-000528,24772860,0,0.03108307160437107
ACH-000528,24826799,0,0.10576596856117249
ACH-000528,24894414,0,0.03320322930812836
ACH-000528,2733526,0,0.13405849039554596
ACH-000528,3218,0,0.10202477872371674
ACH-000528,3385,0,0.07210879027843475
ACH-000528,46883536,0,0.0457494854927063
ACH-000528,46943432,0,0.02964918315410614
ACH-000528,49806720,0,0.12232968211174011
ACH-000528,5289247,0,0.10751715302467346
ACH-000528,5328940,0,0.07455970346927643
ACH-000528,53340664,0,0.03853059932589531
ACH-000528,53394750,0,0.16278056800365448
ACH-000528,57339144,0,0.06248189136385918
ACH-000528,65110,0,0.05360151454806328
ACH-000528,82146,0,0.1713755577802658
ACH-000528,9858940,0,0.15290482342243195
ACH-000528,9938202,0,0.13824686408042908
ACH-000528,9967941,0,0.1283779740333557
ACH-000530,10077147,0,0.0005309797707013786
ACH-000530,10113978,0,0.03584666550159454
ACH-000530,10302451,0,0.0229057464748621
ACH-000530,11338033,0,0.005748324561864138
ACH-000530,11493598,0,0.014944284223020077
ACH-000530,11609586,0,0.022551242262125015
ACH-000530,11626560,0,0.0027925739996135235
ACH-000530,11676786,0,0.006637528073042631
ACH-000530,11960529,0,0.07198771089315414
ACH-000530,160355,0,0.011904584243893623
ACH-000530,16760646,0,0.05838609114289284
ACH-000530,176167,0,0.09967508167028427
ACH-000530,17755052,0,0.0055052367970347404
ACH-000530,216239,0,0.007330466527491808
ACH-000530,2375,0,0.016973555088043213
ACH-000530,24776445,0,0.011360048316419125
ACH-000530,24826799,0,0.020554069429636
ACH-000530,24978538,0,0.7529503703117371
ACH-000530,31703,0,0.0018380238907411695
ACH-000530,3796,0,0.007010540924966335
ACH-000530,42642645,0,0.012706432491540909
ACH-000530,44450571,0,0.023866429924964905
ACH-000530,44462760,0,0.02825889363884926
ACH-000530,444795,0,0.06506145745515823
ACH-000530,446378,0,0.0072144558653235435
ACH-000530,447912,0,0.012555551715195179
ACH-000530,46844147,0,0.008132366463541985
ACH-000530,49821040,0,0.048160579055547714
ACH-000530,4993,0,0.032670434564352036
ACH-000530,5311510,0,0.009599645622074604
ACH-000530,5327091,0,0.005902495235204697
ACH-000530,5384616,0,0.0159184280782938
ACH-000530,54676905,0,0.028365006670355797
ACH-000530,560326,0,0.03532715514302254
ACH-000530,5746,0,0.012293621897697449
ACH-000530,644241,0,0.009952991269528866
ACH-000530,704473,0,0.01582694612443447
ACH-000530,9549184,0,0.021368104964494705
ACH-000530,9810884,0,0.4018220007419586
ACH-000530,9874913,0,0.03826208412647247
ACH-000532,10459196,0,0.03675227612257004
ACH-000532,11282283,0,0.12352602928876877
ACH-000532,11609586,0,0.08542076498270035
ACH-000532,11624601,0,0.03374972194433212
ACH-000532,11707110,0,0.9380655288696289
ACH-000532,123631,0,0.06303560733795166
ACH-000532,126565,0,0.04010602459311485
ACH-000532,16722836,0,0.07449984550476074
ACH-000532,24756910,0,0.09808287024497986
ACH-000532,25257557,1,0.9465283155441284
ACH-000532,25262965,0,0.10260647535324097
ACH-000532,300471,0,0.033888280391693115
ACH-000532,3385,0,0.053700827062129974
ACH-000532,44143370,0,0.0798446461558342
ACH-000532,44182295,0,0.5330455899238586
ACH-000532,447912,0,0.11812157928943634
ACH-000532,44819241,0,0.07139527797698975
ACH-000532,46883536,0,0.10488659888505936
ACH-000532,5289247,1,0.37708917260169983
ACH-000532,5327091,0,0.029511019587516785
ACH-000532,5328940,0,0.030960187315940857
ACH-000532,637858,0,0.02452007122337818
ACH-000532,6852167,0,0.12520700693130493
ACH-000532,6918848,0,0.06278501451015472
ACH-000532,704473,0,0.20164775848388672
ACH-000532,8249,0,0.11599692702293396
ACH-000532,9884685,0,0.06315452605485916
ACH-000532,9903786,0,0.04169517755508423
ACH-000532,9911830,0,0.0806751474738121
ACH-000532,9967941,0,0.03724617511034012
ACH-000534,10109823,0,0.06289873272180557
ACH-000534,10127622,0,0.15459910035133362
ACH-000534,10302451,0,0.1802314817905426
ACH-000534,10384072,0,0.0916079580783844
ACH-000534,10459196,0,0.11225242167711258
ACH-000534,11178236,0,0.0772097036242485
ACH-000534,11338033,0,0.08846321702003479
ACH-000534,11364421,0,0.08047778159379959
ACH-000534,11624601,0,0.05392035096883774
ACH-000534,11625818,0,0.05265255272388458
ACH-000534,11626560,0,0.04744401574134827
ACH-000534,11676786,0,0.08633727580308914
ACH-000534,11960529,0,0.14825032651424408
ACH-000534,1401,0,0.19114796817302704
ACH-000534,159324,0,0.03019263967871666
ACH-000534,160355,0,0.0774121880531311
ACH-000534,16038120,0,0.1433653086423874
ACH-000534,176167,0,0.13474416732788086
ACH-000534,216326,0,0.09757660329341888
ACH-000534,24772860,0,0.03882741183042526
ACH-000534,24776445,0,0.11160730570554733
ACH-000534,25167777,0,0.0648791640996933
ACH-000534,25262965,1,0.14670568704605103
ACH-000534,2726824,1,0.09747513383626938
ACH-000534,2733526,1,0.09149085730314255
ACH-000534,300471,0,0.05696523189544678
ACH-000534,3218,0,0.05365835502743721
ACH-000534,3463933,0,0.07651354372501373
ACH-000534,36462,0,0.04749392345547676
ACH-000534,4263900,0,0.04903820529580116
ACH-000534,44143370,0,0.05415180325508118
ACH-000534,447912,1,0.1506991982460022
ACH-000534,46844147,0,0.09496568888425827
ACH-000534,46931012,0,0.032110054045915604
ACH-000534,46943432,0,0.12409691512584686
ACH-000534,4993,0,0.08766582608222961
ACH-000534,5289247,0,0.12312626093626022
ACH-000534,6753378,0,0.05798736959695816
ACH-000534,6918289,1,0.1263640969991684
ACH-000534,9914412,0,0.04100139066576958
ACH-000535,10074640,0,0.03491168096661568
ACH-000535,10127622,0,0.34404581785202026
ACH-000535,10459196,0,0.07687894254922867
ACH-000535,104842,0,0.03153594210743904
ACH-000535,11327430,0,0.014607034623622894
ACH-000535,11373846,0,0.02431260421872139
ACH-000535,11433190,0,0.14432358741760254
ACH-000535,11640390,0,0.20728692412376404
ACH-000535,11647372,0,0.015414649620652199
ACH-000535,11707110,1,0.45021966099739075
ACH-000535,16720766,0,0.0564524307847023
ACH-000535,24951314,0,0.009151811711490154
ACH-000535,25195352,0,0.040837645530700684
ACH-000535,25257557,0,0.4514635503292084
ACH-000535,2726824,0,0.14191101491451263
ACH-000535,31703,0,0.0171239972114563
ACH-000535,3385,0,0.025922177359461784
ACH-000535,3463933,0,0.1611691117286682
ACH-000535,4263900,0,0.043638814240694046
ACH-000535,44450571,0,0.14774945378303528
ACH-000535,46885626,0,0.029196498915553093
ACH-000535,46931012,0,0.009068615734577179
ACH-000535,49806720,0,0.09192443639039993
ACH-000535,5311497,0,0.03403113782405853
ACH-000535,5330286,0,0.017433293163776398
ACH-000535,56962337,0,0.10877744108438492
ACH-000535,6253,0,0.009628194384276867
ACH-000535,644241,0,0.022271914407610893
ACH-000535,6445562,0,0.0915774405002594
ACH-000535,6450816,0,0.03775832802057266
ACH-000535,9810884,0,0.1890888512134552
ACH-000535,9874913,0,0.2102040946483612
ACH-000535,9914412,0,0.013131772167980671
ACH-000536,10341154,0,0.011999230831861496
ACH-000536,10459196,0,0.07881484180688858
ACH-000536,11178236,0,0.05069250985980034
ACH-000536,11455910,0,0.07866401225328445
ACH-000536,11493598,0,0.025613993406295776
ACH-000536,11609586,0,0.0665341317653656
ACH-000536,24776445,0,0.018461227416992188
ACH-000536,24889392,0,0.012079586274921894
ACH-000536,25022668,0,0.014418712817132473
ACH-000536,2726824,0,0.1447976529598236
ACH-000536,31703,0,0.01396807748824358
ACH-000536,444795,0,0.02230163663625717
ACH-000536,446378,0,0.06873083114624023
ACH-000536,46930998,0,0.07932450622320175
ACH-000536,49806720,0,0.046781063079833984
ACH-000536,5311,0,0.03406272083520889
ACH-000536,5311497,0,0.025941526517271996
ACH-000536,5327091,0,0.0266736913472414
ACH-000536,57339144,0,0.023331783711910248
ACH-000536,6253,0,0.005247538443654776
ACH-000536,6445533,0,0.012421767227351665
ACH-000536,6450551,0,0.015980785712599754
ACH-000536,6852167,0,0.010378221049904823
ACH-000536,9810884,0,0.1722908616065979
ACH-000536,9931953,0,0.00882674753665924
ACH-000544,11316960,0,0.09794721007347107
ACH-000544,11373846,0,0.03617671877145767
ACH-000544,11404337,1,0.09018218517303467
ACH-000544,11433190,0,0.15800541639328003
ACH-000544,11455910,0,0.13007524609565735
ACH-000544,11493598,0,0.08227918297052383
ACH-000544,11634725,0,0.08737855404615402
ACH-000544,11640390,0,0.19638396799564362
ACH-000544,11647372,0,0.02701190859079361
ACH-000544,11667893,0,0.18705932796001434
ACH-000544,25102847,0,0.11118205636739731
ACH-000544,25124816,0,0.21966968476772308
ACH-000544,25257557,0,0.3624499440193176
ACH-000544,25262965,0,0.09622427076101303
ACH-000544,2726824,1,0.21318617463111877
ACH-000544,2733526,1,0.17379361391067505
ACH-000544,300471,0,0.12206529080867767
ACH-000544,44143370,0,0.11713062971830368
ACH-000544,44224160,0,0.04130332171916962
ACH-000544,44450571,1,0.2507571280002594
ACH-000544,444795,0,0.06436420232057571
ACH-000544,44551660,0,0.03173723444342613
ACH-000544,46885626,0,0.04353834688663483
ACH-000544,5113032,0,0.05701315402984619
ACH-000544,5311,0,0.0735463947057724
ACH-000544,5459322,0,0.09933041781187057
ACH-000544,57339144,0,0.08104758709669113
ACH-000544,637858,0,0.08063244074583054
ACH-000544,6852167,0,0.02524450421333313
ACH-000544,85668777,1,0.40771403908729553
ACH-000544,9884685,0,0.03184780851006508
ACH-000544,9914412,0,0.04074984788894653
ACH-000544,9938202,0,0.09981431812047958
ACH-000545,10027278,0,0.09209761023521423
ACH-000545,10096043,0,0.143398255109787
ACH-000545,10384072,0,0.1381688266992569
ACH-000545,104842,1,0.02847258560359478
ACH-000545,11338033,0,0.014470289461314678
ACH-000545,11373846,0,0.012964796274900436
ACH-000545,1401,0,0.17072699964046478
ACH-000545,25022668,0,0.04061667621135712
ACH-000545,25124816,0,0.24948439002037048
ACH-000545,25167777,0,0.011431328020989895
ACH-000545,25195352,0,0.032850392162799835
ACH-000545,25257557,0,0.36189740896224976
ACH-000545,3463933,0,0.22033251821994781
ACH-000545,447912,0,0.008228774182498455
ACH-000545,448013,0,0.15128463506698608
ACH-000545,46907787,0,0.08252063393592834
ACH-000545,5311497,0,0.06023908779025078
ACH-000545,5327091,0,0.08413246273994446
ACH-000545,54676905,0,0.17931661009788513
ACH-000545,60750,0,0.072472482919693
ACH-000545,6445533,0,0.02628282643854618
ACH-000545,6450816,0,0.04641098901629448
ACH-000545,6852167,0,0.008619466796517372
ACH-000545,704473,0,0.023020248860120773
ACH-000545,71271629,0,0.021422171965241432
ACH-000545,9813758,0,0.017454877495765686
ACH-000545,9863776,0,0.1190297082066536
ACH-000546,10341154,0,0.07035691291093826
ACH-000546,11617559,0,0.06482499092817307
ACH-000546,11707110,0,0.8874151706695557
ACH-000546,126565,0,0.12282385677099228
ACH-000546,148124,1,0.2606625258922577
ACH-000546,23725625,0,0.0708836168050766
ACH-000546,24756910,0,0.04047539830207825
ACH-000546,24776445,0,0.12110047787427902
ACH-000546,24894414,0,0.04979846626520157
ACH-000546,25124816,0,0.2549193203449249
ACH-000546,25167777,0,0.03580624237656593
ACH-000546,2733526,0,0.14889782667160034
ACH-000546,31703,0,0.07154766470193863
ACH-000546,42640,0,0.06496022641658783
ACH-000546,5208,0,0.15867716073989868
ACH-000546,53302361,0,0.07149114459753036
ACH-000546,54685215,1,0.2218981236219406
ACH-000546,56965967,0,0.035372428596019745
ACH-000546,57339144,0,0.07049243897199631
ACH-000546,5746,0,0.16969478130340576
ACH-000546,6450551,0,0.07414683699607849
ACH-000546,6753378,0,0.020266806706786156
ACH-000546,8249,0,0.03095010668039322
ACH-000546,84691,1,0.27768567204475403
ACH-000546,85668777,1,0.4128875434398651
ACH-000546,9956119,0,0.492947518825531
ACH-000546,9967941,0,0.098115473985672
ACH-000547,10077147,0,0.002105043036863208
ACH-000547,10113978,0,0.09651932120323181
ACH-000547,10200390,0,0.0033330617006868124
ACH-000547,10341154,0,0.010996391996741295
ACH-000547,11493598,0,0.011305446736514568
ACH-000547,11609586,0,0.058633897453546524
ACH-000547,11625818,0,0.002638112520799041
ACH-000547,11754511,0,0.005341203883290291
ACH-000547,148124,0,0.11727681756019592
ACH-000547,2375,0,0.0196656733751297
ACH-000547,24772860,0,0.0035779965110123158
ACH-000547,24826799,0,0.011284270323812962
ACH-000547,24889392,0,0.003665719646960497
ACH-000547,24894414,0,0.0018988043302670121
ACH-000547,25022668,0,0.007757965940982103
ACH-000547,25222038,0,0.027076682075858116
ACH-000547,25257557,0,0.25357547402381897
ACH-000547,2726824,0,0.16554231941699982
ACH-000547,42642645,0,0.00884070061147213
ACH-000547,44137675,0,0.12476058304309845
ACH-000547,44462760,0,0.0861598327755928
ACH-000547,44551660,0,0.0019229687750339508
ACH-000547,521106,0,0.007307684514671564
ACH-000547,5289247,0,0.016158049926161766
ACH-000547,5311,0,0.031064964830875397
ACH-000547,53302361,0,0.032745007425546646
ACH-000547,54676905,0,0.11606872081756592
ACH-000547,6253,0,0.004108624067157507
ACH-000547,637858,0,0.026749076321721077
ACH-000547,6505803,0,0.12229820340871811
ACH-000547,6852167,0,0.004508585203438997
ACH-000547,6918289,0,0.06714856624603271
ACH-000547,84691,0,0.04446537420153618
ACH-000547,85668777,0,0.48408129811286926
ACH-000547,9810884,0,0.06806060671806335
ACH-000547,9858940,0,0.06555158644914627
ACH-000547,9884685,0,0.0037140396889299154
ACH-000547,9943465,0,0.13153140246868134
ACH-000547,9967941,0,0.05701825022697449
ACH-000548,10109823,0,0.30550888180732727
ACH-000548,11178236,0,0.14181707799434662
ACH-000548,11373846,0,0.030212679877877235
ACH-000548,11609586,0,0.1782395839691162
ACH-000548,11634725,0,0.13703131675720215
ACH-000548,11647372,0,0.027093788608908653
ACH-000548,11707110,0,0.6478838324546814
ACH-000548,1401,0,0.1925741732120514
ACH-000548,176167,0,0.09919484704732895
ACH-000548,24978538,0,0.03533487766981125
ACH-000548,25167777,0,0.03507290408015251
ACH-000548,25195352,0,0.06800290942192078
ACH-000548,25257557,1,0.2783981263637543
ACH-000548,2726824,0,0.3847839832305908
ACH-000548,2733526,0,0.2319929301738739
ACH-000548,31703,0,0.16450123488903046
ACH-000548,3218,0,0.16649022698402405
ACH-000548,3463933,0,0.15322978794574738
ACH-000548,42642645,0,0.05180682614445686
ACH-000548,44137675,0,0.23989930748939514
ACH-000548,44551660,0,0.02866554446518421
ACH-000548,44632017,0,0.13052041828632355
ACH-000548,46191454,0,0.03182703256607056
ACH-000548,46883536,0,0.04163512587547302
ACH-000548,49806720,0,0.07489903271198273
ACH-000548,5113032,0,0.0723680928349495
ACH-000548,5280757,0,0.20344798266887665
ACH-000548,5460769,0,0.1573425680398941
ACH-000548,57339144,0,0.09112076461315155
ACH-000548,66577006,0,0.023470032960176468
ACH-000548,6918638,0,0.0251957718282938
ACH-000548,704473,0,0.05885743349790573
ACH-000551,10096043,0,0.09888479113578796
ACH-000551,10461815,0,0.20651589334011078
ACH-000551,104842,0,0.08821416646242142
ACH-000551,11178236,0,0.06842309236526489
ACH-000551,11316960,0,0.3955075442790985
ACH-000551,11404337,0,0.09553181380033493
ACH-000551,11609586,0,0.1566241979598999
ACH-000551,11640390,0,0.22429010272026062
ACH-000551,11647372,0,0.052884459495544434
ACH-000551,11713159,0,0.06924013793468475
ACH-000551,16038120,0,0.2140859067440033
ACH-000551,16725726,0,0.3693203032016754
ACH-000551,16747388,1,0.06729062646627426
ACH-000551,176870,0,0.2039531171321869
ACH-000551,20635522,0,0.12884993851184845
ACH-000551,216239,0,0.18215590715408325
ACH-000551,23725625,0,0.1518002301454544
ACH-000551,24180719,0,0.2497653216123581
ACH-000551,24756910,0,0.13430021703243256
ACH-000551,24772860,0,0.04252850264310837
ACH-000551,24826799,0,0.17132467031478882
ACH-000551,24889392,1,0.1547306776046753
ACH-000551,3005532,0,0.10701783001422882
ACH-000551,3062316,1,0.33816108107566833
ACH-000551,3385,0,0.14533916115760803
ACH-000551,387447,0,0.22979632019996643
ACH-000551,44224160,0,0.061055153608322144
ACH-000551,44450571,0,0.17847461998462677
ACH-000551,44462760,0,0.46020007133483887
ACH-000551,44819241,0,0.1370684653520584
ACH-000551,46943432,0,0.2065339833498001
ACH-000551,4993,0,0.15728172659873962
ACH-000551,5311497,0,0.05048913508653641
ACH-000551,5329102,0,0.23369671404361725
ACH-000551,53340664,1,0.10792524367570877
ACH-000551,5394,0,0.23196475207805634
ACH-000551,5459322,1,0.1663222461938858
ACH-000551,5494449,1,0.22144389152526855
ACH-000551,644241,1,0.10031960904598236
ACH-000551,6445533,0,0.0707721933722496
ACH-000551,6445562,0,0.12145402282476425
ACH-000551,6710780,0,0.04833770543336868
ACH-000551,6753378,0,0.12018580734729767
ACH-000551,6918289,0,0.1512698382139206
ACH-000551,6918454,0,0.5496894121170044
ACH-000551,6918638,0,0.060865599662065506
ACH-000551,6918848,0,0.09492112696170807
ACH-000551,82146,0,0.13634225726127625
ACH-000551,9874913,0,0.13558878004550934
ACH-000551,9911830,1,0.21241232752799988
ACH-000551,9967941,0,0.1009267047047615
ACH-000554,10074640,0,0.03937998041510582
ACH-000554,10200390,0,0.020350949838757515
ACH-000554,11373846,0,0.027809593826532364
ACH-000554,11493598,0,0.06556550413370132
ACH-000554,11624601,0,0.1355537623167038
ACH-000554,11625818,0,0.021132290363311768
ACH-000554,11707110,0,0.4612116515636444
ACH-000554,11960529,0,0.04412601515650749
ACH-000554,11977753,0,0.05190959945321083
ACH-000554,156422,0,0.0867646336555481
ACH-000554,159324,0,0.023648006841540337
ACH-000554,2314623,0,0.07327853888273239
ACH-000554,23725625,0,0.01744968630373478
ACH-000554,24826799,0,0.05906011536717415
ACH-000554,24889392,0,0.07125032693147659
ACH-000554,25102847,0,0.0693296417593956
ACH-000554,25126798,0,0.07419756054878235
ACH-000554,25257557,0,0.8776895403862
ACH-000554,25262965,0,0.03643561154603958
ACH-000554,3463933,0,0.13439002633094788
ACH-000554,44143370,0,0.05536137521266937
ACH-000554,44551660,0,0.015489687211811543
ACH-000554,446378,0,0.0832764282822609
ACH-000554,447912,0,0.015630247071385384
ACH-000554,44819241,0,0.07875078171491623
ACH-000554,46224516,0,0.008507021702826023
ACH-000554,46907787,0,0.0789126604795456
ACH-000554,46943432,0,0.030745679512619972
ACH-000554,5113032,0,0.04444802552461624
ACH-000554,51371303,1,0.03961271047592163
ACH-000554,5208,0,0.03007730282843113
ACH-000554,521106,0,0.011810548603534698
ACH-000554,5311,0,0.056845735758543015
ACH-000554,53340664,0,0.01385626383125782
ACH-000554,53394750,0,0.2976020574569702
ACH-000554,6918454,0,0.029713274911046028
ACH-000554,8249,0,0.10383356362581253
ACH-000554,85668777,0,0.3445882797241211
ACH-000554,9826528,0,0.0424792505800724
ACH-000554,9863776,0,0.009520668536424637
ACH-000554,9903786,0,0.010628285817801952
ACH-000554,9938202,1,0.059637926518917084
ACH-000554,9956119,0,0.22640402615070343
ACH-000554,9956222,0,0.03438809514045715
ACH-000555,10077147,0,0.03045959584414959
ACH-000555,10200390,0,0.04802877828478813
ACH-000555,10302451,0,0.5108915567398071
ACH-000555,11152667,0,0.05466102063655853
ACH-000555,11316960,0,0.23081709444522858
ACH-000555,11327430,0,0.06788231432437897
ACH-000555,11626927,0,0.06022766977548599
ACH-000555,11667893,0,0.11306627839803696
ACH-000555,11713159,0,0.10459133982658386
ACH-000555,216239,0,0.061667416244745255
ACH-000555,2314623,1,0.107996866106987
ACH-000555,24785538,0,0.16988077759742737
ACH-000555,24894414,0,0.03694101423025131
ACH-000555,25022668,0,0.1096791997551918
ACH-000555,25102847,0,0.07212021201848984
ACH-000555,2733526,0,0.16458000242710114
ACH-000555,4263900,0,0.08729185909032822
ACH-000555,49806720,0,0.07915990799665451
ACH-000555,49821040,0,0.3182585835456848
ACH-000555,5278396,0,0.11805889755487442
ACH-000555,5311,0,0.08570070564746857
ACH-000555,5384616,0,0.16305437684059143
ACH-000555,5459322,0,0.0827583521604538
ACH-000555,5460769,0,0.13373170793056488
ACH-000555,560326,0,0.10550176352262497
ACH-000555,5717801,0,0.05567129701375961
ACH-000555,85668777,0,0.2914207875728607
ACH-000555,9549184,0,0.23256102204322815
ACH-000555,9826528,0,0.30369290709495544
ACH-000555,9967941,0,0.08557385206222534
ACH-000558,10074640,0,0.05556902661919594
ACH-000558,10077147,0,0.027206921949982643
ACH-000558,10384072,0,0.24100151658058167
ACH-000558,11493598,0,0.07691552489995956
ACH-000558,11624601,0,0.309771865606308
ACH-000558,11634725,0,0.08718562126159668
ACH-000558,176167,0,0.16305510699748993
ACH-000558,24826799,0,0.13312077522277832
ACH-000558,25022668,0,0.12313748151063919
ACH-000558,25126798,0,0.21098151803016663
ACH-000558,36462,0,0.07167530059814453
ACH-000558,4263900,0,0.10979536920785904
ACH-000558,44143370,0,0.1737944334745407
ACH-000558,44224160,0,0.034184809774160385
ACH-000558,46883536,0,0.03518074378371239
ACH-000558,46885626,0,0.07856059819459915
ACH-000558,46907787,0,0.25405582785606384
ACH-000558,51371303,0,0.07882576435804367
ACH-000558,5280757,0,0.21535542607307434
ACH-000558,5327091,0,0.12915962934494019
ACH-000558,53302361,0,0.09475681930780411
ACH-000558,5460769,0,0.323162317276001
ACH-000558,60750,0,0.11567176133394241
ACH-000558,6914657,0,0.1440616250038147
ACH-000558,6918848,0,0.03561815991997719
ACH-000558,9858940,0,0.2727366089820862
ACH-000558,9863776,0,0.07637381553649902
ACH-000558,9884685,0,0.0428607352077961
ACH-000558,9938202,0,0.11222107708454132
ACH-000558,9956119,1,0.5347328782081604
ACH-000559,10027278,0,0.007987854070961475
ACH-000559,10109823,0,0.015145622193813324
ACH-000559,10451420,0,0.05062776431441307
ACH-000559,11152667,0,0.025399448350071907
ACH-000559,11316960,0,0.015207892283797264
ACH-000559,11327430,0,0.00526414206251502
ACH-000559,11640390,0,0.2205573171377182
ACH-000559,11647372,0,0.0081213703379035
ACH-000559,123631,0,0.038975294679403305
ACH-000559,16760646,0,0.0747423991560936
ACH-000559,20635522,0,0.0378788523375988
ACH-000559,24978538,1,0.6458410024642944
ACH-000559,25262965,0,0.029285961762070656
ACH-000559,2726824,0,0.03569691255688667
ACH-000559,3005532,0,0.030871618539094925
ACH-000559,3385,0,0.01443023793399334
ACH-000559,36314,0,0.009068872779607773
ACH-000559,3796,0,0.023794617503881454
ACH-000559,44143370,0,0.013675115071237087
ACH-000559,447912,0,0.03163006156682968
ACH-000559,448013,0,0.008453425019979477
ACH-000559,44819241,0,0.05714177340269089
ACH-000559,46191454,0,0.05468341335654259
ACH-000559,462382,0,0.04752444103360176
ACH-000559,46883536,0,0.01788073033094406
ACH-000559,46943432,0,0.043113287538290024
ACH-000559,5113032,0,0.03333745524287224
ACH-000559,5311497,0,0.0066828979179263115
ACH-000559,6450551,0,0.045924194157123566
ACH-000559,6505803,0,0.018823958933353424
ACH-000559,6753378,0,0.015318461693823338
ACH-000559,704473,0,0.043185412883758545
ACH-000559,71271629,0,0.002986323554068804
ACH-000559,8249,0,0.042230524122714996
ACH-000559,9810884,0,0.49329665303230286
ACH-000559,9826308,0,0.062388721853494644
ACH-000559,9826528,0,0.031670697033405304
ACH-000559,9874913,0,0.09889001399278641
ACH-000559,9907093,0,0.08446214348077774
ACH-000559,9931953,0,0.014082654379308224
ACH-000560,10127622,0,0.1927212029695511
ACH-000560,10196499,0,0.2870640158653259
ACH-000560,10384072,0,0.1508103758096695
ACH-000560,11282283,0,0.218335822224617
ACH-000560,11373846,0,0.25287094712257385
ACH-000560,11617559,0,0.20292146503925323
ACH-000560,11713159,0,0.16714154183864594
ACH-000560,11754511,0,0.21873538196086884
ACH-000560,11977753,0,0.14193519949913025
ACH-000560,126941,0,0.15170398354530334
ACH-000560,148124,0,0.18940985202789307
ACH-000560,159324,0,0.08707085996866226
ACH-000560,16722836,0,0.1388629972934723
ACH-000560,2314623,0,0.20216405391693115
ACH-000560,2375,0,0.19991441071033478
ACH-000560,24889392,0,0.20417924225330353
ACH-000560,24978538,1,0.5109180808067322
ACH-000560,31703,0,0.09788495302200317
ACH-000560,3218,0,0.13646921515464783
ACH-000560,3385,0,0.10722749680280685
ACH-000560,36462,0,0.09692423790693283
ACH-000560,3796,0,0.1322658360004425
ACH-000560,44143370,0,0.1320035606622696
ACH-000560,51371303,0,0.12661071121692657
ACH-000560,5459322,0,0.18538518249988556
ACH-000560,637858,0,0.11900690197944641
ACH-000560,6445533,0,0.11466988176107407
ACH-000560,6445562,0,0.1944412738084793
ACH-000560,6710780,0,0.1081777960062027
ACH-000560,6753378,0,0.15419194102287292
ACH-000560,8249,0,0.25431251525878906
ACH-000561,10096043,0,0.1789318174123764
ACH-000561,10113978,0,0.20273146033287048
ACH-000561,10459196,0,0.1509954333305359
ACH-000561,11617559,0,0.13134996592998505
ACH-000561,11713159,0,0.1402227282524109
ACH-000561,123631,1,0.3094971776008606
ACH-000561,126565,0,0.1079740971326828
ACH-000561,1401,0,0.21466441452503204
ACH-000561,16720766,1,0.13382020592689514
ACH-000561,16725726,0,0.30229780077934265
ACH-000561,16747388,0,0.02305772714316845
ACH-000561,2375,1,0.08290538936853409
ACH-000561,24889392,0,0.042065221816301346
ACH-000561,25167777,0,0.048101313412189484
ACH-000561,25195352,0,0.0558183416724205
ACH-000561,3463933,0,0.17524081468582153
ACH-000561,42640,0,0.13443337380886078
ACH-000561,446378,1,0.1727229803800583
ACH-000561,46191454,0,0.06841869652271271
ACH-000561,46907787,0,0.14120644330978394
ACH-000561,49806720,0,0.07455798238515854
ACH-000561,521106,0,0.03734968230128288
ACH-000561,56965967,0,0.04014211148023605
ACH-000561,644241,1,0.09905724972486496
ACH-000561,6445562,0,0.11381667852401733
ACH-000561,84691,0,0.11285652965307236
ACH-000561,85668777,1,0.2635326087474823
ACH-000561,9858940,1,0.20046885311603546
ACH-000561,9863776,0,0.148430734872818
ACH-000561,9943465,0,0.15750592947006226
ACH-000561,9956119,0,0.2299666553735733
ACH-000561,9956222,0,0.04521767050027847
ACH-000562,10384072,0,0.019159015268087387
ACH-000562,104842,0,0.0013081259094178677
ACH-000562,11338033,0,0.00026654062094166875
ACH-000562,11373846,0,0.00048672239063307643
ACH-000562,11433190,0,0.025863952934741974
ACH-000562,11625818,0,0.00030211987905204296
ACH-000562,11640390,0,0.2061333805322647
ACH-000562,11647372,0,0.00019986134429927915
ACH-000562,16725726,1,0.6492956876754761
ACH-000562,176158,0,0.011034484952688217
ACH-000562,176167,0,0.05206763371825218
ACH-000562,216326,0,0.0011410400038585067
ACH-000562,24756910,0,0.000611000694334507
ACH-000562,24772860,0,0.000218231652979739
ACH-000562,24826799,0,0.0033807435538619757
ACH-000562,25167777,0,0.0002960858109872788
ACH-000562,2733526,1,0.04548761621117592
ACH-000562,31703,0,0.00035073570325039327
ACH-000562,4263900,0,0.0031274075154215097
ACH-000562,44137675,0,0.04261769354343414
ACH-000562,44450571,0,0.029701976105570793
ACH-000562,46930998,0,0.003592861583456397
ACH-000562,5278396,0,0.002876126440241933
ACH-000562,5311497,0,0.001474236254580319
ACH-000562,53340664,0,0.00023977555974852294
ACH-000562,5394,0,0.009126913733780384
ACH-000562,56962337,0,0.029563358053565025
ACH-000562,6253,0,0.00010495611059013754
ACH-000562,644241,0,0.00043112222920171916
ACH-000562,6450551,0,0.002730800537392497
ACH-000562,6710780,0,0.0006728967418894172
ACH-000562,6852167,0,0.0005299164913594723
ACH-000562,6918848,0,0.00019227646407671273
ACH-000562,704473,0,0.0010788743384182453
ACH-000562,84691,0,0.004895971622318029
ACH-000562,9874913,0,0.042256418615579605
ACH-000562,9952773,0,0.0006266840500757098
ACH-000562,9956222,0,0.0009204920497722924
ACH-000563,10096043,0,0.11614781618118286
ACH-000563,10109823,0,0.04734715819358826
ACH-000563,10113978,0,0.11919508874416351
ACH-000563,10341154,0,0.04851990193128586
ACH-000563,10384072,0,0.09058042615652084
ACH-000563,104842,1,0.03874656930565834
ACH-000563,11327430,0,0.04768361896276474
ACH-000563,11373846,0,0.0280768945813179
ACH-000563,11609586,0,0.13080036640167236
ACH-000563,11640390,0,0.16973872482776642
ACH-000563,11667893,0,0.18967877328395844
ACH-000563,11707110,1,0.9564098715782166
ACH-000563,1401,0,0.1212221160531044
ACH-000563,216326,0,0.07334791868925095
ACH-000563,23725625,0,0.06794816255569458
ACH-000563,25022668,0,0.032792046666145325
ACH-000563,25222038,0,0.09155052900314331
ACH-000563,2726824,1,0.14291410148143768
ACH-000563,300471,0,0.11064985394477844
ACH-000563,44551660,0,0.01572626456618309
ACH-000563,5113032,0,0.057769160717725754
ACH-000563,5311497,0,0.06520519405603409
ACH-000563,53394750,0,0.09044861048460007
ACH-000563,5460769,0,0.10824907571077347
ACH-000563,54685215,0,0.22171550989151
ACH-000563,644241,0,0.05173046886920929
ACH-000563,6918638,0,0.01861683465540409
ACH-000563,704473,0,0.04327061027288437
ACH-000563,9858940,0,0.1559477597475052
ACH-000563,9874913,0,0.06278263032436371
ACH-000563,9911830,0,0.04571017622947693
ACH-000563,9914412,0,0.022183142602443695
ACH-000563,9943465,0,0.0824681743979454
ACH-000563,9956119,0,0.3312443196773529
ACH-000563,9967941,0,0.06788665801286697
ACH-000565,10027278,0,0.014724725857377052
ACH-000565,10184653,0,0.24255646765232086
ACH-000565,10200390,0,0.0032604143489152193
ACH-000565,10341154,0,0.020240075886249542
ACH-000565,11282283,0,0.04702499508857727
ACH-000565,11316960,0,0.4150460660457611
ACH-000565,11455910,0,0.07709404826164246
ACH-000565,11609586,0,0.05981307104229927
ACH-000565,11624601,0,0.017563549801707268
ACH-000565,11647372,0,0.002313291886821389
ACH-000565,11667893,0,0.07047498971223831
ACH-000565,11713159,0,0.01602144166827202
ACH-000565,11960529,0,0.05661892145872116
ACH-000565,148124,0,0.03959538787603378
ACH-000565,17755052,0,0.005953529383987188
ACH-000565,25126798,0,0.009115307591855526
ACH-000565,2726824,0,0.06023189052939415
ACH-000565,2733526,0,0.03200266882777214
ACH-000565,42642645,0,0.021532747894525528
ACH-000565,44182295,1,0.7285454273223877
ACH-000565,44224160,0,0.0037370617501437664
ACH-000565,447912,0,0.008822602219879627
ACH-000565,46843772,0,0.05465345084667206
ACH-000565,5113032,0,0.02154831774532795
ACH-000565,5280757,0,0.09449536353349686
ACH-000565,53394750,0,0.04488063603639603
ACH-000565,5394,0,0.04329829290509224
ACH-000565,54676905,0,0.04780224710702896
ACH-000565,66577006,0,0.001895483466796577
ACH-000565,6914657,0,0.051039185374975204
ACH-000565,6918638,0,0.002818337408825755
ACH-000565,84691,0,0.02508404478430748
ACH-000565,9826528,1,0.7131160497665405
ACH-000565,9914412,0,0.00607777014374733
ACH-000565,9952773,0,0.010165799409151077
ACH-000566,10074640,0,0.07016871869564056
ACH-000566,10077147,0,0.0882178470492363
ACH-000566,11617559,0,0.12551109492778778
ACH-000566,11707110,1,0.5046471953392029
ACH-000566,11754511,0,0.06113448366522789
ACH-000566,11977753,0,0.23074817657470703
ACH-000566,16722836,0,0.04825100675225258
ACH-000566,176158,1,0.2918672263622284
ACH-000566,2314623,0,0.19888116419315338
ACH-000566,23725625,0,0.136496439576149
ACH-000566,25126798,0,0.08862888813018799
ACH-000566,25167777,0,0.07862023264169693
ACH-000566,2733526,0,0.23964151740074158
ACH-000566,3005532,1,0.4054453670978546
ACH-000566,31703,1,0.20698073506355286
ACH-000566,3385,0,0.1293269842863083
ACH-000566,44462760,0,0.32416585087776184
ACH-000566,447912,0,0.06963209807872772
ACH-000566,46885626,0,0.09673364460468292
ACH-000566,46907787,1,0.21017438173294067
ACH-000566,46943432,0,0.04906845465302467
ACH-000566,5311497,0,0.20597077906131744
ACH-000566,53302361,1,0.13349248468875885
ACH-000566,5330286,0,0.10650105029344559
ACH-000566,5394,0,0.1708093285560608
ACH-000566,54685215,0,0.2613465189933777
ACH-000566,560326,0,0.20282408595085144
ACH-000566,56962337,0,0.1283807009458542
ACH-000566,57339144,0,0.11280415952205658
ACH-000566,5746,0,0.2904871702194214
ACH-000566,637858,0,0.17727495729923248
ACH-000566,6753378,0,0.09335523843765259
ACH-000566,6852167,0,0.04540110006928444
ACH-000566,6918848,0,0.06164820119738579
ACH-000566,9813758,0,0.07660925388336182
ACH-000566,9858940,1,0.26719120144844055
ACH-000566,9931953,0,0.10609883815050125
ACH-000566,9943465,0,0.26377907395362854
ACH-000566,9956119,1,0.26251310110092163
ACH-000566,9967941,0,0.136790469288826
ACH-000567,10077147,0,0.21831011772155762
ACH-000567,10109823,1,0.13117262721061707
ACH-000567,10113978,0,0.13962756097316742
ACH-000567,10451420,1,0.902944028377533
ACH-000567,11626560,1,0.26491641998291016
ACH-000567,11634725,0,0.3653906583786011
ACH-000567,123631,0,0.06638313084840775
ACH-000567,1401,0,0.14729231595993042
ACH-000567,156422,0,0.05426991730928421
ACH-000567,176167,1,0.30681031942367554
ACH-000567,25167777,0,0.6020713448524475
ACH-000567,25222038,1,0.04655875638127327
ACH-000567,3005532,0,0.04189223051071167
ACH-000567,3062316,0,0.21857693791389465
ACH-000567,36314,0,0.06746410578489304
ACH-000567,46844147,0,0.4366861879825592
ACH-000567,46885626,1,0.6755411624908447
ACH-000567,46907787,0,0.1480708122253418
ACH-000567,4993,0,0.12656503915786743
ACH-000567,51371303,0,0.08536983281373978
ACH-000567,5278396,0,0.13322627544403076
ACH-000567,5280757,0,0.03457215800881386
ACH-000567,5289247,0,0.3805117905139923
ACH-000567,5311,0,0.25226423144340515
ACH-000567,5328940,0,0.09895692020654678
ACH-000567,5494449,1,0.2522972822189331
ACH-000567,56962337,0,0.23072761297225952
ACH-000567,5717801,0,0.30191418528556824
ACH-000567,5746,0,0.04887096583843231
ACH-000567,60750,0,0.08413003385066986
ACH-000567,6450551,1,0.25623181462287903
ACH-000567,85668777,0,0.04328666254878044
ACH-000567,9874913,0,0.33359628915786743
ACH-000567,9914412,0,0.40887364745140076
ACH-000567,9967941,1,0.07622439414262772
ACH-000568,10027278,0,0.04442805051803589
ACH-000568,10113978,0,0.21707643568515778
ACH-000568,11373846,0,0.017249057069420815
ACH-000568,11485656,0,0.02713950350880623
ACH-000568,11493598,0,0.034153908491134644
ACH-000568,11625818,0,0.010413599200546741
ACH-000568,11640390,0,0.15587781369686127
ACH-000568,11754511,0,0.020784780383110046
ACH-000568,159324,0,0.009392380714416504
ACH-000568,216239,0,0.012342400848865509
ACH-000568,24889392,0,0.025385664775967598
ACH-000568,4263900,0,0.028566710650920868
ACH-000568,42640,0,0.06286393105983734
ACH-000568,446378,0,0.11641999334096909
ACH-000568,462382,0,0.09098616242408752
ACH-000568,46885626,0,0.04474392905831337
ACH-000568,49806720,0,0.06321468204259872
ACH-000568,5280757,0,0.14833460748195648
ACH-000568,54676905,0,0.20727594196796417
ACH-000568,60750,0,0.022163499146699905
ACH-000568,7251185,0,0.013412066735327244
ACH-000568,9884685,0,0.011821912601590157
ACH-000568,9956222,0,0.028018470853567123
ACH-000570,10127622,0,0.21957489848136902
ACH-000570,11327430,0,0.0739850327372551
ACH-000570,11338033,0,0.07781393826007843
ACH-000570,11617559,0,0.16507497429847717
ACH-000570,11713159,0,0.17170853912830353
ACH-000570,11754511,0,0.0964636579155922
ACH-000570,1401,0,0.34849798679351807
ACH-000570,156422,0,0.3518770933151245
ACH-000570,16725726,1,0.38736873865127563
ACH-000570,16747388,0,0.03252553939819336
ACH-000570,24180719,1,0.17730337381362915
ACH-000570,24889392,0,0.08361506462097168
ACH-000570,25126798,0,0.1459619402885437
ACH-000570,25167777,0,0.07251934707164764
ACH-000570,42640,0,0.167140930891037
ACH-000570,44143370,0,0.1290808618068695
ACH-000570,444795,0,0.1374446302652359
ACH-000570,44551660,0,0.06165233626961708
ACH-000570,44632017,0,0.1830846071243286
ACH-000570,44819241,0,0.24812817573547363
ACH-000570,5113032,0,0.15264013409614563
ACH-000570,5208,1,0.24114908277988434
ACH-000570,5280757,1,0.2634248435497284
ACH-000570,5330286,0,0.07687599211931229
ACH-000570,53394750,0,0.2999536097049713
ACH-000570,5394,0,0.22521187365055084
ACH-000570,5459322,1,0.19351908564567566
ACH-000570,5746,0,0.1573488563299179
ACH-000570,644241,0,0.09336642920970917
ACH-000570,84691,0,0.41320961713790894
ACH-000570,9810884,1,0.5328429937362671
ACH-000570,9813758,0,0.1231963187456131
ACH-000570,9903786,0,0.051083847880363464
ACH-000570,9911830,0,0.1861269325017929
ACH-000570,9931953,0,0.08398130536079407
ACH-000570,9938202,0,0.22529546916484833
ACH-000570,9956119,0,0.4333212077617645
ACH-000572,10027278,0,0.1283252090215683
ACH-000572,10096043,0,0.1345023214817047
ACH-000572,11178236,0,0.05576522648334503
ACH-000572,11282283,0,0.2099369764328003
ACH-000572,11373846,0,0.1078052967786789
ACH-000572,11647372,0,0.06045389920473099
ACH-000572,11754511,0,0.160063698887825
ACH-000572,11977753,0,0.077939473092556
ACH-000572,123631,0,0.18242360651493073
ACH-000572,16725726,0,0.5167703032493591
ACH-000572,23725625,0,0.22774015367031097
ACH-000572,24772860,0,0.033901117742061615
ACH-000572,24894414,0,0.16768735647201538
ACH-000572,25102847,0,0.20111602544784546
ACH-000572,25262965,0,0.1633198857307434
ACH-000572,2726824,0,0.11902158707380295
ACH-000572,31703,0,0.06426282227039337
ACH-000572,3385,0,0.2057124674320221
ACH-000572,3463933,0,0.25434809923171997
ACH-000572,44143370,0,0.27185311913490295
ACH-000572,44182295,1,0.735820472240448
ACH-000572,44450571,0,0.2067994326353073
ACH-000572,448013,0,0.06623435765504837
ACH-000572,46907787,0,0.23176215589046478
ACH-000572,49806720,0,0.29422527551651
ACH-000572,5459322,0,0.28240683674812317
ACH-000572,6445533,1,0.08891469240188599
ACH-000572,8249,1,0.06671907752752304
ACH-000572,85668777,0,0.20161348581314087
ACH-000572,9910224,0,0.305562287569046
ACH-000573,10109823,0,0.008058232255280018
ACH-000573,11493598,0,0.004052470438182354
ACH-000573,11625818,0,0.00010444553481647745
ACH-000573,2314623,0,0.03891310840845108
ACH-000573,24772860,0,0.00012269294529687613
ACH-000573,24826799,0,0.002247324213385582
ACH-000573,24951314,0,1.9312286895001307e-05
ACH-000573,25257557,1,0.3870711028575897
ACH-000573,25262965,0,0.0012443122686818242
ACH-000573,3005532,0,0.1771799921989441
ACH-000573,42640,0,0.05475669354200363
ACH-000573,444795,0,0.00208608852699399
ACH-000573,446378,0,0.01845841482281685
ACH-000573,44819241,0,0.01680329069495201
ACH-000573,46191454,0,0.000506010721437633
ACH-000573,46930998,0,0.001502705505117774
ACH-000573,46931012,0,2.2565618564840406e-05
ACH-000573,5113032,0,0.0007268469198606908
ACH-000573,53340664,0,0.0001818446471588686
ACH-000573,560326,0,0.012258116155862808
ACH-000573,57339144,0,0.0014023020630702376
ACH-000573,5746,0,0.016333485022187233
ACH-000573,6445533,0,0.0002452859771437943
ACH-000573,6753378,0,0.0005023644771426916
ACH-000573,9884685,0,7.161132816690952e-05
ACH-000573,9943465,0,0.08554183691740036
ACH-000574,10113978,0,0.10739007592201233
ACH-000574,10127622,0,0.09765920788049698
ACH-000574,10184653,0,0.3345913589000702
ACH-000574,10196499,0,0.2189956158399582
ACH-000574,104842,0,0.031033432111144066
ACH-000574,11316960,0,0.024944208562374115
ACH-000574,11327430,0,0.013927385210990906
ACH-000574,11485656,0,0.035197094082832336
ACH-000574,11640390,1,0.216395303606987
ACH-000574,11667893,0,0.16345873475074768
ACH-000574,159324,0,0.0068417200818657875
ACH-000574,16722836,0,0.0058003924787044525
ACH-000574,16725726,0,0.4933626055717468
ACH-000574,25195352,0,0.02746063470840454
ACH-000574,300471,0,0.07636266946792603
ACH-000574,3005532,0,0.1567770540714264
ACH-000574,31703,0,0.0114640723913908
ACH-000574,44137675,1,0.11619683355093002
ACH-000574,44551660,0,0.008024107664823532
ACH-000574,448013,0,0.03908593952655792
ACH-000574,46907787,1,0.04752020537853241
ACH-000574,46931012,0,0.003664898918941617
ACH-000574,521106,0,0.016291165724396706
ACH-000574,5289247,0,0.033692747354507446
ACH-000574,5328940,0,0.032370712608098984
ACH-000574,5330286,0,0.014225227758288383
ACH-000574,53394750,0,0.030860591679811478
ACH-000574,5394,0,0.05053466930985451
ACH-000574,54685215,0,0.1086178869009018
ACH-000574,560326,0,0.10945016145706177
ACH-000574,5746,0,0.10442807525396347
ACH-000574,6450551,0,0.050123244524002075
ACH-000574,65110,0,0.03240574151277542
ACH-000574,6710780,0,0.01793167181313038
ACH-000574,6918289,0,0.0483141764998436
ACH-000574,6918638,0,0.007389295380562544
ACH-000574,84691,0,0.05011439323425293
ACH-000574,9910224,0,0.014954108744859695
ACH-000574,9911830,0,0.020425358787178993
ACH-000574,9931953,0,0.03354272246360779
ACH-000579,10077147,0,0.03650416433811188
ACH-000579,10109823,0,0.0680762305855751
ACH-000579,10302451,0,0.29756176471710205
ACH-000579,11152667,0,0.1266656517982483
ACH-000579,11178236,1,0.08667048066854477
ACH-000579,11316960,1,0.8487612009048462
ACH-000579,11455910,0,0.3104438781738281
ACH-000579,11493598,0,0.24737036228179932
ACH-000579,11609586,0,0.21405324339866638
ACH-000579,11647372,0,0.02887689508497715
ACH-000579,11713159,0,0.09407676756381989
ACH-000579,11977753,0,0.1346546858549118
ACH-000579,16725726,0,0.12179434299468994
ACH-000579,176158,0,0.2711752653121948
ACH-000579,2375,0,0.08160364627838135
ACH-000579,24756910,0,0.04923506826162338
ACH-000579,24772860,0,0.03186138719320297
ACH-000579,24776445,0,0.18453432619571686
ACH-000579,25195352,0,0.06594324856996536
ACH-000579,25222038,0,0.13320770859718323
ACH-000579,300471,0,0.1303185671567917
ACH-000579,387447,0,0.5874552130699158
ACH-000579,44224160,0,0.04080743342638016
ACH-000579,44462760,1,0.9249999523162842
ACH-000579,444795,0,0.09072434902191162
ACH-000579,448013,0,0.12078169733285904
ACH-000579,44819241,0,0.22134605050086975
ACH-000579,49821040,0,0.2031528204679489
ACH-000579,5278396,0,0.14121712744235992
ACH-000579,5280757,0,0.1901979297399521
ACH-000579,53340664,0,0.07267657667398453
ACH-000579,5384616,0,0.14965924620628357
ACH-000579,5459322,0,0.1707199513912201
ACH-000579,5460769,0,0.06691544502973557
ACH-000579,5717801,0,0.06952875107526779
ACH-000579,644241,0,0.11194046586751938
ACH-000579,6445533,0,0.07337050884962082
ACH-000579,6445562,0,0.04866771399974823
ACH-000579,6710780,0,0.05110911652445793
ACH-000579,6753378,0,0.07407289743423462
ACH-000579,6914657,0,0.13996554911136627
ACH-000579,6918289,0,0.17951396107673645
ACH-000579,6918454,1,0.8927302956581116
ACH-000579,8249,0,0.039101485162973404
ACH-000579,9813758,0,0.0759701356291771
ACH-000579,9874913,0,0.08416641503572464
ACH-000579,9903786,0,0.05109225586056709
ACH-000579,9938202,1,0.1562962532043457
ACH-000579,9952773,0,0.0762132927775383
ACH-000579,9956119,0,0.4185287654399872
ACH-000579,9967941,1,0.17417792975902557
ACH-000580,10027278,0,0.07111579179763794
ACH-000580,10077147,0,0.01824386790394783
ACH-000580,10384072,0,0.12270139902830124
ACH-000580,10451420,0,0.05339197441935539
ACH-000580,11455910,0,0.2156573385000229
ACH-000580,11485656,1,0.053389325737953186
ACH-000580,11624601,1,0.0671754702925682
ACH-000580,11634725,0,0.41310417652130127
ACH-000580,11640390,0,0.18467950820922852
ACH-000580,11647372,0,0.01254304125905037
ACH-000580,11707110,1,0.9689376950263977
ACH-000580,11960529,0,0.19782333076000214
ACH-000580,11977753,0,0.0681094229221344
ACH-000580,24772860,0,0.01664183847606182
ACH-000580,2726824,0,0.12587332725524902
ACH-000580,300471,0,0.1825972944498062
ACH-000580,31703,0,0.08996355533599854
ACH-000580,4263900,0,0.09251715242862701
ACH-000580,44137675,0,0.06672815978527069
ACH-000580,44462760,1,0.9240686893463135
ACH-000580,44819241,0,0.21573315560817719
ACH-000580,46191454,0,0.03673325851559639
ACH-000580,46931012,0,0.01948927901685238
ACH-000580,49806720,0,0.023009121417999268
ACH-000580,5280757,0,0.25418561697006226
ACH-000580,5289247,1,0.26340624690055847
ACH-000580,5311,0,0.10704723745584488
ACH-000580,5330286,0,0.05330884829163551
ACH-000580,54676905,0,0.08084888756275177
ACH-000580,56965967,0,0.020982051268219948
ACH-000580,60750,0,0.10791891068220139
ACH-000580,6450551,0,0.10811787098646164
ACH-000580,65110,0,0.07962367683649063
ACH-000580,82146,0,0.07433158904314041
ACH-000580,9826528,1,0.8670971989631653
ACH-000580,9956222,0,0.03475220128893852
ACH-000585,10074640,0,0.1837814301252365
ACH-000585,10096043,0,0.04667600616812706
ACH-000585,11282283,0,0.3493382930755615
ACH-000585,11455910,0,0.06528027355670929
ACH-000585,11617559,0,0.3559764623641968
ACH-000585,11625818,0,0.12188310921192169
ACH-000585,11647372,0,0.07663442194461823
ACH-000585,126941,0,0.21283921599388123
ACH-000585,148124,0,0.07077666372060776
ACH-000585,16722836,0,0.1363981068134308
ACH-000585,2314623,0,0.14041556417942047
ACH-000585,24785538,0,0.155266672372818
ACH-000585,2726824,0,0.10036402940750122
ACH-000585,300471,0,0.11341968923807144
ACH-000585,31703,0,0.045473624020814896
ACH-000585,3218,0,0.08280713856220245
ACH-000585,3796,0,0.13726839423179626
ACH-000585,4263900,0,0.06326889246702194
ACH-000585,46907787,0,0.11419699341058731
ACH-000585,49806720,1,0.2321081906557083
ACH-000585,521106,0,0.0771261602640152
ACH-000585,5311497,0,0.038120463490486145
ACH-000585,53302361,0,0.1046331524848938
ACH-000585,53340664,0,0.10471826046705246
ACH-000585,54676905,0,0.13708826899528503
ACH-000585,54685215,0,0.09773608297109604
ACH-000585,6445533,0,0.05767834186553955
ACH-000585,6918289,0,0.06597619503736496
ACH-000585,9810884,1,0.6327981948852539
ACH-000585,9911830,0,0.19758042693138123
ACH-000585,9952773,0,0.12330127507448196
ACH-000585,9956119,0,0.1486293375492096
ACH-000585,9956222,0,0.0955081656575203
ACH-000586,10113978,0,0.13538935780525208
ACH-000586,10127622,0,0.210230752825737
ACH-000586,10384072,0,0.1309473216533661
ACH-000586,10451420,0,0.09753027558326721
ACH-000586,11485656,0,0.11993316560983658
ACH-000586,11609586,0,0.10240188986063004
ACH-000586,11626560,0,0.05658956617116928
ACH-000586,126941,0,0.11487159132957458
ACH-000586,156422,0,0.12873627245426178
ACH-000586,159324,0,0.03581443428993225
ACH-000586,16095342,0,0.20031271874904633
ACH-000586,24756910,0,0.07757517695426941
ACH-000586,24825971,0,0.1100219190120697
ACH-000586,24978538,1,0.5721789598464966
ACH-000586,25102847,0,0.2053440809249878
ACH-000586,25126798,0,0.10036101192235947
ACH-000586,25222038,0,0.07297369092702866
ACH-000586,25257557,1,0.7373251914978027
ACH-000586,3796,0,0.10620362311601639
ACH-000586,387447,0,0.1390940099954605
ACH-000586,42642645,0,0.11217737197875977
ACH-000586,462382,0,0.0903300791978836
ACH-000586,46907787,0,0.08826527744531631
ACH-000586,46943432,0,0.12204835563898087
ACH-000586,5394,0,0.08493845909833908
ACH-000586,5459322,0,0.0996439978480339
ACH-000586,56962337,0,0.19712691009044647
ACH-000586,637858,0,0.041829913854599
ACH-000586,644215,0,0.06010620296001434
ACH-000586,644241,0,0.08889518678188324
ACH-000586,65110,0,0.11929333209991455
ACH-000586,6753378,0,0.036603108048439026
ACH-000586,6918454,0,0.0629514828324318
ACH-000586,6918638,0,0.03570301830768585
ACH-000586,6918848,0,0.06366562843322754
ACH-000586,9868037,0,0.05197310447692871
ACH-000586,9911830,0,0.08291911333799362
ACH-000586,9938202,0,0.18716084957122803
ACH-000586,9943465,0,0.24874426424503326
ACH-000586,9952773,0,0.10216658562421799
ACH-000587,10196499,0,0.1075594425201416
ACH-000587,10384072,0,0.05618007853627205
ACH-000587,10451420,0,0.08503580093383789
ACH-000587,11178236,1,0.02997421845793724
ACH-000587,11373846,0,0.03236253932118416
ACH-000587,11404337,0,0.033048760145902634
ACH-000587,11485656,0,0.04908192902803421
ACH-000587,11624601,0,0.07751983404159546
ACH-000587,11625818,0,0.019493343308568
ACH-000587,11667893,0,0.057942043989896774
ACH-000587,11844351,1,0.09280972182750702
ACH-000587,11960529,0,0.04049985110759735
ACH-000587,11977753,0,0.052899233996868134
ACH-000587,16095342,1,0.09622792154550552
ACH-000587,24776445,0,0.025488466024398804
ACH-000587,25022668,0,0.03368121385574341
ACH-000587,25126798,0,0.06788261979818344
ACH-000587,2733526,0,0.05086544528603554
ACH-000587,300471,0,0.02934911847114563
ACH-000587,3005532,0,0.08952706307172775
ACH-000587,3463933,0,0.04347006976604462
ACH-000587,36462,0,0.012929628603160381
ACH-000587,3796,0,0.11812146008014679
ACH-000587,387447,1,0.08985313028097153
ACH-000587,444795,0,0.039841946214437485
ACH-000587,49806720,1,0.10360050946474075
ACH-000587,49821040,1,0.29217809438705444
ACH-000587,521106,0,0.017545513808727264
ACH-000587,5278396,0,0.04355490952730179
ACH-000587,56962337,0,0.04335292801260948
ACH-000587,637858,0,0.02123398892581463
ACH-000587,6450551,0,0.021319134160876274
ACH-000587,6505803,0,0.029200127348303795
ACH-000587,66577006,0,0.026538273319602013
ACH-000587,6753378,0,0.0197115708142519
ACH-000587,6918638,0,0.00878976285457611
ACH-000587,8249,0,0.028823992237448692
ACH-000587,9943465,1,0.06574135273694992
ACH-000587,9956222,0,0.05089158937335014
ACH-000589,10027278,0,0.04874027147889137
ACH-000589,104842,0,0.03916614130139351
ACH-000589,11433190,0,0.29955366253852844
ACH-000589,11485656,0,0.04409279301762581
ACH-000589,11624601,0,0.07044573128223419
ACH-000589,11634725,0,0.14227065443992615
ACH-000589,11640390,0,0.20771905779838562
ACH-000589,11713159,0,0.06639080494642258
ACH-000589,11754511,0,0.02098587155342102
ACH-000589,11977753,0,0.06677281111478806
ACH-000589,148124,0,0.15261441469192505
ACH-000589,176167,1,0.10058645904064178
ACH-000589,2314623,1,0.14909358322620392
ACH-000589,24756910,0,0.01982075721025467
ACH-000589,24776445,0,0.0874251127243042
ACH-000589,24785538,1,0.1332482546567917
ACH-000589,300471,0,0.0872863158583641
ACH-000589,3005532,1,0.17278020083904266
ACH-000589,44137675,0,0.11857698112726212
ACH-000589,44462760,0,0.2889263927936554
ACH-000589,46224516,0,0.02206283062696457
ACH-000589,46883536,0,0.019799118861556053
ACH-000589,5459322,1,0.10521602630615234
ACH-000589,54676905,0,0.10332188755273819
ACH-000589,54685215,0,0.1475927233695984
ACH-000589,57339144,0,0.04231308400630951
ACH-000589,644241,0,0.036935023963451385
ACH-000589,6445533,0,0.02278309315443039
ACH-000589,6450551,0,0.07228487730026245
ACH-000589,6918638,0,0.01128898374736309
ACH-000589,9813758,0,0.02924414537847042
ACH-000589,9826528,1,0.3123389184474945
ACH-000589,9914412,0,0.011177761480212212
ACH-000589,9931953,0,0.04819140210747719
ACH-000589,9943465,0,0.12834925949573517
ACH-000595,10127622,1,0.550896406173706
ACH-000595,10184653,0,0.15385881066322327
ACH-000595,10196499,0,0.16157735884189606
ACH-000595,11178236,0,0.044374506920576096
ACH-000595,11316960,0,0.6244906783103943
ACH-000595,11404337,0,0.04038773849606514
ACH-000595,11433190,0,0.7041066884994507
ACH-000595,11455910,0,0.19785404205322266
ACH-000595,11493598,0,0.1462995409965515
ACH-000595,11640390,0,0.21997050940990448
ACH-000595,11667893,0,0.11025594919919968
ACH-000595,11960529,0,0.13213224709033966
ACH-000595,1401,0,0.1741270273923874
ACH-000595,148124,0,0.08456103503704071
ACH-000595,156422,0,0.1019207015633583
ACH-000595,2375,0,0.032727718353271484
ACH-000595,24776445,0,0.054602473974227905
ACH-000595,25126798,0,0.027376247569918633
ACH-000595,25195352,0,0.0210762657225132
ACH-000595,25222038,0,0.027458934113383293
ACH-000595,36462,0,0.022485747933387756
ACH-000595,44182295,0,0.5649823546409607
ACH-000595,448013,0,0.0223147664219141
ACH-000595,46883536,0,0.020967401564121246
ACH-000595,46885626,0,0.09998109191656113
ACH-000595,49806720,0,0.028856594115495682
ACH-000595,51371303,0,0.09466656297445297
ACH-000595,5208,0,0.049296412616968155
ACH-000595,5280757,0,0.14290626347064972
ACH-000595,5327091,0,0.044542547315359116
ACH-000595,5328940,0,0.028042327612638474
ACH-000595,53394750,0,0.10418283939361572
ACH-000595,54685215,0,0.185188889503479
ACH-000595,637858,1,0.06109071895480156
ACH-000595,6918289,0,0.06356348097324371
ACH-000595,6918454,0,0.6508148908615112
ACH-000595,6918638,0,0.009332967922091484
ACH-000595,6918848,0,0.014148642309010029
ACH-000595,71271629,0,0.022747311741113663
ACH-000595,85668777,0,0.20812079310417175
ACH-000595,9826528,0,0.6359778046607971
ACH-000595,9858940,0,0.06164417043328285
ACH-000595,9910224,0,0.03758741170167923
ACH-000595,9914412,0,0.012885401025414467
ACH-000595,9931953,0,0.05822649225592613
ACH-000595,9943465,0,0.16418179869651794
ACH-000595,9956222,0,0.022285500541329384
ACH-000596,10027278,0,0.24909278750419617
ACH-000596,10109823,1,0.14577843248844147
ACH-000596,10341154,0,0.28790220618247986
ACH-000596,10459196,0,0.2052033394575119
ACH-000596,11282283,1,0.2564355432987213
ACH-000596,11338033,0,0.18283535540103912
ACH-000596,11485656,0,0.3051680326461792
ACH-000596,11647372,0,0.09356442838907242
ACH-000596,148124,0,0.14288273453712463
ACH-000596,159324,0,0.22565124928951263
ACH-000596,16725726,1,0.5197782516479492
ACH-000596,176167,0,0.21551242470741272
ACH-000596,17755052,0,0.14108328521251678
ACH-000596,24180719,0,0.5443807244300842
ACH-000596,24772860,0,0.08132845163345337
ACH-000596,24785538,1,0.39030471444129944
ACH-000596,24951314,0,0.1071694940328598
ACH-000596,25102847,0,0.24586503207683563
ACH-000596,44137675,0,0.1454862356185913
ACH-000596,44551660,1,0.18499696254730225
ACH-000596,446378,0,0.07422337681055069
ACH-000596,46224516,0,0.1120344027876854
ACH-000596,46907787,1,0.17087027430534363
ACH-000596,46930998,0,0.16944773495197296
ACH-000596,521106,0,0.14956636726856232
ACH-000596,5311,0,0.17502346634864807
ACH-000596,5311497,1,0.10400350391864777
ACH-000596,5328940,0,0.19170941412448883
ACH-000596,5330286,0,0.1839580535888672
ACH-000596,6505803,0,0.11128759384155273
ACH-000596,6852167,0,0.17167477309703827
ACH-000596,6918848,0,0.12658654153347015
ACH-000596,704473,0,0.3959762454032898
ACH-000596,84691,0,0.45789480209350586
ACH-000596,9810884,0,0.7501794099807739
ACH-000596,9826528,0,0.7586639523506165
ACH-000596,9863776,0,0.5308992266654968
ACH-000596,9903786,1,0.17636185884475708
ACH-000596,9910224,0,0.22508357465267181
ACH-000596,9967941,0,0.16488602757453918
ACH-000599,10027278,0,0.019771846011281013
ACH-000599,10096043,0,0.02225644700229168
ACH-000599,10113978,0,0.034541234374046326
ACH-000599,10384072,0,0.0511673167347908
ACH-000599,104842,0,0.015955355018377304
ACH-000599,11624601,0,0.02640647254884243
ACH-000599,11640390,1,0.22747577726840973
ACH-000599,11647372,0,0.003456293372437358
ACH-000599,11713159,0,0.020691266283392906
ACH-000599,11754511,0,0.008617893792688847
ACH-000599,123631,0,0.06390165537595749
ACH-000599,17755052,0,0.009071503765881062
ACH-000599,216326,0,0.018355688080191612
ACH-000599,24772860,0,0.003479149891063571
ACH-000599,24889392,0,0.006544774863868952
ACH-000599,24894414,0,0.004688346292823553
ACH-000599,24978538,0,0.20518919825553894
ACH-000599,25195352,0,0.012085738591849804
ACH-000599,2733526,0,0.036290790885686874
ACH-000599,44450571,0,0.07715887576341629
ACH-000599,44632017,0,0.045562610030174255
ACH-000599,446378,0,0.022742044180631638
ACH-000599,46224516,0,0.008938072249293327
ACH-000599,46943432,0,0.0078084636479616165
ACH-000599,5208,0,0.028811605647206306
ACH-000599,5278396,0,0.029513800516724586
ACH-000599,5311,0,0.038183197379112244
ACH-000599,54676905,0,0.0440065823495388
ACH-000599,56965967,0,0.005079520866274834
ACH-000599,6918289,0,0.046653009951114655
ACH-000599,6918454,0,0.40576794743537903
ACH-000599,9810884,1,0.15642046928405762
ACH-000599,9858940,0,0.028652304783463478
ACH-000599,9874913,0,0.03299140930175781
ACH-000599,9884685,0,0.006004904862493277
ACH-000603,10196499,0,0.27933594584465027
ACH-000603,104842,0,0.01932993158698082
ACH-000603,11455910,0,0.10777194797992706
ACH-000603,11485656,0,0.016547294333577156
ACH-000603,11640390,0,0.21015556156635284
ACH-000603,159324,0,0.002864605048671365
ACH-000603,16722836,0,0.0017103487625718117
ACH-000603,16725726,0,0.4652794599533081
ACH-000603,24826799,0,0.020971881225705147
ACH-000603,24951314,0,0.001137028681114316
ACH-000603,25124816,0,0.28439807891845703
ACH-000603,3218,0,0.057627465575933456
ACH-000603,36462,0,0.012423159554600716
ACH-000603,4263900,0,0.027380259707570076
ACH-000603,448013,0,0.026677357032895088
ACH-000603,44819241,0,0.05714120715856552
ACH-000603,46907787,0,0.034710075706243515
ACH-000603,49806720,0,0.026999766007065773
ACH-000603,5208,0,0.04511183872818947
ACH-000603,521106,0,0.006292078644037247
ACH-000603,56965967,0,0.002583881374448538
ACH-000603,60750,0,0.02066386118531227
ACH-000603,6445533,0,0.007519671693444252
ACH-000603,6445562,0,0.009414483793079853
ACH-000603,82146,0,0.03520409017801285
ACH-000603,9813758,0,0.006572420243173838
ACH-000603,9868037,0,0.0025322309229522943
ACH-000603,9938202,1,0.1557239443063736
ACH-000605,10200390,0,0.014772617258131504
ACH-000605,10461815,0,0.049776989966630936
ACH-000605,11364421,0,0.10378152877092361
ACH-000605,11455910,0,0.040962379425764084
ACH-000605,11625818,0,0.017188062891364098
ACH-000605,11634725,0,0.026550862938165665
ACH-000605,11754511,0,0.03425772488117218
ACH-000605,11844351,0,0.05571015179157257
ACH-000605,11960529,0,0.04167918488383293
ACH-000605,11977753,0,0.0644015297293663
ACH-000605,123631,1,0.4191746711730957
ACH-000605,160355,0,0.038403261452913284
ACH-000605,16720766,0,0.04364589601755142
ACH-000605,176158,0,0.050823770463466644
ACH-000605,208908,1,0.5774336457252502
ACH-000605,23725625,0,0.011888050474226475
ACH-000605,25102847,0,0.046087224036455154
ACH-000605,25124816,0,0.12073361128568649
ACH-000605,3218,0,0.030519353225827217
ACH-000605,3463933,0,0.11808954179286957
ACH-000605,42640,0,0.04681626334786415
ACH-000605,44143370,0,0.06267856061458588
ACH-000605,46883536,0,0.024710763245821
ACH-000605,49821040,0,0.37292587757110596
ACH-000605,51371303,0,0.02300466224551201
ACH-000605,5208,0,0.024001481011509895
ACH-000605,521106,0,0.01165052317082882
ACH-000605,5291,0,0.20496809482574463
ACH-000605,5311,0,0.048135872930288315
ACH-000605,5311510,0,0.03934173658490181
ACH-000605,53394750,0,0.3799252510070801
ACH-000605,5394,0,0.019037306308746338
ACH-000605,560326,0,0.11109793931245804
ACH-000605,57339144,0,0.0268163550645113
ACH-000605,5746,0,0.09663743525743484
ACH-000605,637858,0,0.016835486516356468
ACH-000605,644241,0,0.01018663588911295
ACH-000605,6852167,0,0.02181088924407959
ACH-000605,6918848,0,0.01914764754474163
ACH-000605,9858940,0,0.04392467811703682
ACH-000605,9884685,0,0.022909002378582954
ACH-000605,9910224,0,0.01979541964828968
ACH-000605,9931953,0,0.009425139985978603
ACH-000607,10096043,0,0.07191048562526703
ACH-000607,10302451,0,0.2936456501483917
ACH-000607,10461815,1,0.13958992063999176
ACH-000607,11327430,0,0.036404624581336975
ACH-000607,11455910,0,0.061093080788850784
ACH-000607,11485656,0,0.06778957694768906
ACH-000607,11493598,0,0.13382409512996674
ACH-000607,11617559,1,0.154231995344162
ACH-000607,11634725,0,0.16375857591629028
ACH-000607,11713159,0,0.064214326441288
ACH-000607,11754511,0,0.05383772775530815
ACH-000607,11960529,1,0.13545109331607819
ACH-000607,176158,0,0.07393577694892883
ACH-000607,2314623,0,0.09360890090465546
ACH-000607,24785538,0,0.1184588298201561
ACH-000607,25257557,0,0.6124491095542908
ACH-000607,44137675,0,0.06482990086078644
ACH-000607,44143370,0,0.06679068505764008
ACH-000607,44450571,0,0.09035460650920868
ACH-000607,444795,0,0.08538028597831726
ACH-000607,446378,0,0.09856235980987549
ACH-000607,448013,0,0.08598241209983826
ACH-000607,44819241,0,0.263624370098114
ACH-000607,46907787,0,0.0633842721581459
ACH-000607,4993,0,0.10907840728759766
ACH-000607,5394,0,0.19761554896831512
ACH-000607,560326,0,0.08892060071229935
ACH-000607,56962337,0,0.11326010525226593
ACH-000607,56965967,0,0.04103899747133255
ACH-000607,60750,1,0.06462614238262177
ACH-000607,6445562,0,0.09870995581150055
ACH-000607,6914657,0,0.06197149306535721
ACH-000607,71271629,0,0.04049639403820038
ACH-000607,82146,0,0.11527476459741592
ACH-000607,9826528,0,0.13087590038776398
ACH-000607,9858940,1,0.054426368325948715
ACH-000607,9868037,0,0.06288880109786987
ACH-000607,9874913,0,0.18829245865345
ACH-000607,9956119,0,0.15101850032806396
ACH-000609,10074640,0,0.05877852067351341
ACH-000609,10341154,0,0.0731406956911087
ACH-000609,10451420,0,0.1329304575920105
ACH-000609,10459196,0,0.26711493730545044
ACH-000609,11152667,0,0.08333799242973328
ACH-000609,11338033,0,0.0531618706882
ACH-000609,11373846,0,0.07682868093252182
ACH-000609,11433190,0,0.7059556245803833
ACH-000609,11485656,0,0.09605231136083603
ACH-000609,11493598,0,0.08701309561729431
ACH-000609,11626560,0,0.058373745530843735
ACH-000609,11844351,1,0.15961138904094696
ACH-000609,11977753,0,0.1858401596546173
ACH-000609,123631,0,0.193011075258255
ACH-000609,16663089,0,0.19241836667060852
ACH-000609,16725726,0,0.2831503450870514
ACH-000609,16760646,0,0.19155266880989075
ACH-000609,208908,0,0.3623625636100769
ACH-000609,23725625,0,0.09769244492053986
ACH-000609,24180719,0,0.3414863646030426
ACH-000609,24772860,0,0.04968592897057533
ACH-000609,25257557,1,0.557658851146698
ACH-000609,2733526,0,0.1404365748167038
ACH-000609,3218,0,0.18623584508895874
ACH-000609,4261,0,0.11096649616956711
ACH-000609,44182295,0,0.4283650815486908
ACH-000609,44462760,0,0.5777217149734497
ACH-000609,44551660,0,0.040239930152893066
ACH-000609,448013,0,0.25173965096473694
ACH-000609,46191454,0,0.0787932276725769
ACH-000609,46943432,0,0.041631169617176056
ACH-000609,4993,0,0.18417800962924957
ACH-000609,5208,0,0.185430645942688
ACH-000609,5289247,0,0.15999990701675415
ACH-000609,5291,0,0.2511860430240631
ACH-000609,644215,0,0.12241006642580032
ACH-000609,9884685,0,0.05467718094587326
ACH-000609,9911830,0,0.14558055996894836
ACH-000609,9914412,0,0.04448460415005684
ACH-000609,9931953,0,0.0709780752658844
ACH-000609,9938202,0,0.1684148609638214
ACH-000610,10200390,0,0.03277900442481041
ACH-000610,104842,0,0.053195785731077194
ACH-000610,11178236,0,0.05135692283511162
ACH-000610,11625818,0,0.11687686294317245
ACH-000610,11676786,0,0.07261402904987335
ACH-000610,11960529,0,0.14477850496768951
ACH-000610,11977753,0,0.02318962663412094
ACH-000610,126565,0,0.04029962047934532
ACH-000610,156422,0,0.08768732100725174
ACH-000610,160355,0,0.09123782068490982
ACH-000610,176158,0,0.08189807087182999
ACH-000610,216239,0,0.08643375337123871
ACH-000610,23725625,0,0.1117597222328186
ACH-000610,24826799,0,0.11756394803524017
ACH-000610,24889392,0,0.363206148147583
ACH-000610,2733526,0,0.08142858743667603
ACH-000610,36462,0,0.0340595580637455
ACH-000610,42640,0,0.07054278999567032
ACH-000610,44551660,0,0.1411479115486145
ACH-000610,44819241,0,0.1113409772515297
ACH-000610,46224516,0,0.09133005887269974
ACH-000610,46931012,0,0.05840809643268585
ACH-000610,46943432,1,0.3464997410774231
ACH-000610,5113032,0,0.2111467570066452
ACH-000610,51371303,0,0.051924142986536026
ACH-000610,5311,0,0.16413122415542603
ACH-000610,5328940,0,0.03895868733525276
ACH-000610,53340664,0,0.11392134428024292
ACH-000610,57339144,0,0.1525484174489975
ACH-000610,6445533,0,0.04905993118882179
ACH-000610,6505803,0,0.023210758343338966
ACH-000610,66577006,0,0.18642336130142212
ACH-000610,6753378,0,0.10323361307382584
ACH-000610,6918638,1,0.07209461182355881
ACH-000610,82146,0,0.07482881098985672
ACH-000610,8249,0,0.17174392938613892
ACH-000610,9863776,0,0.0782586932182312
ACH-000610,9874913,0,0.17865706980228424
ACH-000610,9907093,0,0.10483235865831375
ACH-000610,9938202,0,0.1443588137626648
ACH-000610,9943465,0,0.1764797866344452
ACH-000610,9956119,0,0.09496357291936874
ACH-000610,9956222,0,0.18625423312187195
ACH-000611,10109823,0,0.49325886368751526
ACH-000611,10184653,0,0.09731224924325943
ACH-000611,10200390,1,0.4738074243068695
ACH-000611,10461815,0,0.17006133496761322
ACH-000611,104842,0,0.15877045691013336
ACH-000611,11404337,0,0.21070873737335205
ACH-000611,11493598,1,0.692072331905365
ACH-000611,11609586,0,0.17398113012313843
ACH-000611,11626560,0,0.42625829577445984
ACH-000611,11634725,0,0.43023383617401123
ACH-000611,123631,0,0.10932747274637222
ACH-000611,148124,0,0.0433744415640831
ACH-000611,16663089,1,0.7949113249778748
ACH-000611,16760646,0,0.21440526843070984
ACH-000611,176870,1,0.32117024064064026
ACH-000611,20635522,0,0.1797957867383957
ACH-000611,3218,0,0.07874555885791779
ACH-000611,3385,0,0.6847373247146606
ACH-000611,4261,1,0.3471638560295105
ACH-000611,42640,0,0.08506971597671509
ACH-000611,44137675,1,0.16366465389728546
ACH-000611,44182295,0,0.10201258957386017
ACH-000611,46191454,1,0.926323652267456
ACH-000611,462382,1,0.09362922608852386
ACH-000611,46931012,1,0.896418571472168
ACH-000611,46943432,1,0.9919893145561218
ACH-000611,49821040,1,0.3481024503707886
ACH-000611,51371303,0,0.1557420790195465
ACH-000611,5311,0,0.3226442039012909
ACH-000611,5311510,0,0.5821714997291565
ACH-000611,5328940,0,0.21347694098949432
ACH-000611,53302361,1,0.24709539115428925
ACH-000611,53340664,1,0.8707180023193359
ACH-000611,5460769,0,0.2689491808414459
ACH-000611,54685215,1,0.06205586716532707
ACH-000611,5717801,1,0.43929699063301086
ACH-000611,637858,0,0.14764907956123352
ACH-000611,6918848,1,0.909602701663971
ACH-000611,7251185,1,0.4268624186515808
ACH-000611,76044,0,0.49077126383781433
ACH-000611,9863776,0,0.0743001252412796
ACH-000611,9874913,1,0.644432544708252
ACH-000611,9931953,0,0.027288397774100304
ACH-000611,9938202,1,0.1879628300666809
ACH-000613,10027278,0,0.2957156002521515
ACH-000613,10074640,0,0.07651650905609131
ACH-000613,10459196,0,0.3684350848197937
ACH-000613,11178236,0,0.21243005990982056
ACH-000613,11282283,0,0.09172102063894272
ACH-000613,11316960,1,0.33807528018951416
ACH-000613,11338033,0,0.08236394822597504
ACH-000613,11485656,0,0.12692497670650482
ACH-000613,11493598,0,0.12748520076274872
ACH-000613,11754511,0,0.05049906298518181
ACH-000613,126941,0,0.09100323915481567
ACH-000613,148124,0,0.48777925968170166
ACH-000613,24978538,0,0.09726225584745407
ACH-000613,25124816,0,0.17429453134536743
ACH-000613,25167777,0,0.08907532691955566
ACH-000613,25195352,0,0.1392013430595398
ACH-000613,2726824,0,0.2797175645828247
ACH-000613,2733526,1,0.29165345430374146
ACH-000613,3463933,0,0.18270836770534515
ACH-000613,36462,1,0.2340651899576187
ACH-000613,3796,0,0.16901864111423492
ACH-000613,4263900,1,0.2796779274940491
ACH-000613,44224160,0,0.08895672857761383
ACH-000613,44462760,0,0.49154379963874817
ACH-000613,44819241,0,0.25356021523475647
ACH-000613,46885626,0,0.07251446694135666
ACH-000613,46931012,0,0.07227733731269836
ACH-000613,5311497,0,0.2563316524028778
ACH-000613,5328940,0,0.17816345393657684
ACH-000613,5330286,0,0.12605564296245575
ACH-000613,54676905,0,0.13930310308933258
ACH-000613,560326,0,0.17843452095985413
ACH-000613,56965967,0,0.10985168814659119
ACH-000613,6450551,0,0.18915720283985138
ACH-000613,66577006,0,0.09356815367937088
ACH-000613,6852167,0,0.055086567997932434
ACH-000613,84691,1,0.3338189125061035
ACH-000613,9813758,0,0.07797123491764069
ACH-000613,9826528,0,0.39618661999702454
ACH-000613,9884685,0,0.08493946492671967
ACH-000613,9911830,0,0.19179001450538635
ACH-000613,9952773,0,0.10775928944349289
ACH-000614,10077147,0,0.018601395189762115
ACH-000614,10109823,0,0.037841539829969406
ACH-000614,10113978,0,0.18029990792274475
ACH-000614,10196499,0,0.10481591522693634
ACH-000614,10384072,0,0.11682628840208054
ACH-000614,11282283,0,0.07409611344337463
ACH-000614,11338033,0,0.028675829991698265
ACH-000614,11373846,0,0.047640059143304825
ACH-000614,11609586,0,0.17282819747924805
ACH-000614,11707110,1,0.98751300573349
ACH-000614,11713159,0,0.10103066265583038
ACH-000614,11977753,0,0.07255338132381439
ACH-000614,126941,0,0.07833592593669891
ACH-000614,1401,0,0.18390682339668274
ACH-000614,159324,0,0.043255943804979324
ACH-000614,17755052,0,0.039476677775382996
ACH-000614,24772860,0,0.017144884914159775
ACH-000614,24951314,0,0.017841016873717308
ACH-000614,25124816,0,0.14246848225593567
ACH-000614,2733526,0,0.16298151016235352
ACH-000614,44450571,0,0.19215700030326843
ACH-000614,446378,0,0.04601610451936722
ACH-000614,5289247,0,0.4658890962600708
ACH-000614,5327091,0,0.12765152752399445
ACH-000614,5328940,0,0.07847685366868973
ACH-000614,53302361,0,0.12875060737133026
ACH-000614,6918848,0,0.02500314451754093
ACH-000614,704473,0,0.0736752301454544
ACH-000614,84691,0,0.20933528244495392
ACH-000614,9911830,0,0.09213355928659439
ACH-000614,9956119,0,0.39604079723358154
ACH-000615,10027278,0,0.09573385119438171
ACH-000615,10096043,0,0.10857170820236206
ACH-000615,10109823,0,0.10943480581045151
ACH-000615,10196499,0,0.1190044954419136
ACH-000615,11327430,0,0.036548130214214325
ACH-000615,11609586,0,0.15239308774471283
ACH-000615,11754511,0,0.03631693124771118
ACH-000615,16725726,0,0.1440606266260147
ACH-000615,24772860,0,0.018064254894852638
ACH-000615,24894414,0,0.04358858987689018
ACH-000615,24951314,0,0.01804676093161106
ACH-000615,24978538,0,0.2870566248893738
ACH-000615,25167777,0,0.021937841549515724
ACH-000615,25222038,0,0.0873115062713623
ACH-000615,3005532,0,0.20142027735710144
ACH-000615,3796,0,0.07464993745088577
ACH-000615,44137675,0,0.13014227151870728
ACH-000615,44819241,0,0.1689465045928955
ACH-000615,46224516,0,0.040881212800741196
ACH-000615,46885626,0,0.04359429329633713
ACH-000615,5113032,0,0.0842764750123024
ACH-000615,5278396,1,0.07988422363996506
ACH-000615,5280757,0,0.11955499649047852
ACH-000615,5327091,0,0.08565786480903625
ACH-000615,53394750,0,0.30206993222236633
ACH-000615,54676905,0,0.10822208225727081
ACH-000615,56962337,0,0.1067366749048233
ACH-000615,6914657,0,0.06451050937175751
ACH-000615,6918848,0,0.02678133361041546
ACH-000615,704473,0,0.08870362490415573
ACH-000615,9858940,0,0.18806880712509155
ACH-000615,9863776,1,0.5696579813957214
ACH-000615,9868037,0,0.047679971903562546
ACH-000616,10196499,0,0.20896293222904205
ACH-000616,11152667,0,0.07391882687807083
ACH-000616,11316960,0,0.06477034091949463
ACH-000616,11433190,0,0.21545137465000153
ACH-000616,11609586,0,0.11792927980422974
ACH-000616,1401,0,0.17515277862548828
ACH-000616,16722836,0,0.07782615721225739
ACH-000616,16747388,0,0.02996099181473255
ACH-000616,2314623,0,0.143016055226326
ACH-000616,300471,0,0.06179548799991608
ACH-000616,42640,1,0.0988997220993042
ACH-000616,44224160,1,0.07383514195680618
ACH-000616,44462760,0,0.09436681866645813
ACH-000616,447912,1,0.11923544108867645
ACH-000616,46191454,0,0.1223595142364502
ACH-000616,46883536,0,0.10467637330293655
ACH-000616,5289247,0,0.11489914357662201
ACH-000616,5330286,0,0.05557461082935333
ACH-000616,5394,0,0.07277398556470871
ACH-000616,5459322,0,0.0796111673116684
ACH-000616,6450551,0,0.11006156355142593
ACH-000616,65110,0,0.1367257535457611
ACH-000616,6710780,0,0.04765850678086281
ACH-000616,6914657,0,0.13273465633392334
ACH-000616,6918289,0,0.07383369654417038
ACH-000616,704473,0,0.22212332487106323
ACH-000616,9874913,1,0.361507773399353
ACH-000616,9903786,0,0.06715425848960876
ACH-000616,9952773,0,0.14772382378578186
ACH-000617,10027278,0,0.0628490075469017
ACH-000617,10074640,0,0.04173348844051361
ACH-000617,10077147,0,0.011299888603389263
ACH-000617,10113978,0,0.2335299253463745
ACH-000617,10302451,0,0.19211851060390472
ACH-000617,10459196,0,0.09501469880342484
ACH-000617,11282283,0,0.14795812964439392
ACH-000617,11373846,0,0.03219340369105339
ACH-000617,11433190,0,0.18445852398872375
ACH-000617,11713159,0,0.07415932416915894
ACH-000617,11754511,0,0.03661075979471207
ACH-000617,123631,0,0.22050751745700836
ACH-000617,16095342,0,0.13141363859176636
ACH-000617,16663089,0,0.08482027053833008
ACH-000617,16722836,0,0.010347560048103333
ACH-000617,16747388,0,0.005948998965322971
ACH-000617,16760646,0,0.10725110024213791
ACH-000617,176870,1,0.2368241250514984
ACH-000617,208908,0,0.367931604385376
ACH-000617,216326,0,0.04314382001757622
ACH-000617,24785538,0,0.10788509249687195
ACH-000617,24889392,0,0.03376089036464691
ACH-000617,25262965,0,0.0773995891213417
ACH-000617,2726824,1,0.19389720261096954
ACH-000617,31703,0,0.02006346732378006
ACH-000617,3218,0,0.07998114824295044
ACH-000617,3796,0,0.07456380128860474
ACH-000617,4261,0,0.0859910324215889
ACH-000617,44551660,0,0.014395570382475853
ACH-000617,44819241,0,0.10290190577507019
ACH-000617,46224516,0,0.016783734783530235
ACH-000617,46843772,0,0.08159422129392624
ACH-000617,49821040,0,0.2031847983598709
ACH-000617,5113032,0,0.04949440434575081
ACH-000617,5208,0,0.08795910328626633
ACH-000617,5280757,0,0.18045103549957275
ACH-000617,5311,0,0.08096662908792496
ACH-000617,5311497,1,0.05960790440440178
ACH-000617,5311510,0,0.0717826709151268
ACH-000617,5384616,1,0.10818678885698318
ACH-000617,560326,0,0.11917871981859207
ACH-000617,6253,0,0.012650690041482449
ACH-000617,644215,0,0.058963075280189514
ACH-000617,6918454,0,0.08490000665187836
ACH-000617,6918638,0,0.011498421430587769
ACH-000617,76044,0,0.04094742611050606
ACH-000617,85668777,0,0.2977987229824066
ACH-000617,9810884,0,0.2528217136859894
ACH-000617,9826308,0,0.15037620067596436
ACH-000617,9826528,0,0.1054205596446991
ACH-000617,9863776,0,0.07447029650211334
ACH-000617,9911830,0,0.039120398461818695
ACH-000617,9956119,0,0.2574450373649597
ACH-000619,10113978,0,0.1478528380393982
ACH-000619,10200390,0,0.015998026356101036
ACH-000619,104842,0,0.038769617676734924
ACH-000619,11178236,0,0.10215242207050323
ACH-000619,11640390,0,0.23701395094394684
ACH-000619,11754511,0,0.0159084964543581
ACH-000619,126565,0,0.03930460289120674
ACH-000619,16720766,0,0.11143808811903
ACH-000619,16747388,0,0.004486273508518934
ACH-000619,176158,1,0.14131979644298553
ACH-000619,216326,0,0.033586286008358
ACH-000619,2314623,0,0.13138584792613983
ACH-000619,24772860,0,0.009349956177175045
ACH-000619,24776445,0,0.04795995354652405
ACH-000619,3463933,0,0.2629851996898651
ACH-000619,42640,0,0.08693885803222656
ACH-000619,44137675,0,0.17425324022769928
ACH-000619,444795,0,0.031122444197535515
ACH-000619,446378,0,0.13446421921253204
ACH-000619,46224516,0,0.015103181824088097
ACH-000619,46907787,0,0.06609272211790085
ACH-000619,49806720,0,0.04209141805768013
ACH-000619,5113032,0,0.03628687933087349
ACH-000619,51371303,0,0.07257624715566635
ACH-000619,5311,0,0.06437767297029495
ACH-000619,5327091,0,0.0756954625248909
ACH-000619,637858,0,0.05021492391824722
ACH-000619,6505803,0,0.14728692173957825
ACH-000619,6710780,0,0.022590912878513336
ACH-000619,6918454,1,0.15289868414402008
ACH-000619,6918848,0,0.010488838888704777
ACH-000619,9810884,0,0.15293757617473602
ACH-000619,9813758,0,0.01970434933900833
ACH-000619,9868037,0,0.010046666488051414
ACH-000619,9903786,0,0.005927070043981075
ACH-000619,9910224,0,0.0193769708275795
ACH-000619,9931953,0,0.05180048197507858
ACH-000619,9938202,0,0.10398641228675842
ACH-000619,9943465,0,0.190427765250206
ACH-000619,9967941,0,0.09008927643299103
ACH-000621,10113978,0,0.01867331936955452
ACH-000621,10196499,0,0.12256190180778503
ACH-000621,10451420,0,0.012642650865018368
ACH-000621,11455910,0,0.07203999906778336
ACH-000621,11609586,0,0.02183636836707592
ACH-000621,11713159,0,0.004982548765838146
ACH-000621,11754511,0,0.024260707199573517
ACH-000621,11977753,0,0.01285193394869566
ACH-000621,156422,1,0.05298694223165512
ACH-000621,16722836,0,0.001134514226578176
ACH-000621,16725726,0,0.8377538919448853
ACH-000621,24180719,1,0.011719063855707645
ACH-000621,24978538,0,0.47334539890289307
ACH-000621,25022668,0,0.00100280053447932
ACH-000621,2726824,0,0.056079670786857605
ACH-000621,36462,0,0.004462084267288446
ACH-000621,44551660,0,0.0018343455158174038
ACH-000621,446378,0,0.008629818446934223
ACH-000621,448013,0,0.004151291213929653
ACH-000621,46191454,0,0.027225056663155556
ACH-000621,46931012,0,0.0007751117227599025
ACH-000621,49806720,0,0.04339360073208809
ACH-000621,5278396,0,0.00985470786690712
ACH-000621,5311497,0,0.0032147555612027645
ACH-000621,5330286,0,0.002041752217337489
ACH-000621,56965967,0,0.0021245991811156273
ACH-000621,6918848,0,0.0033484750892966986
ACH-000621,9810884,0,0.2677021026611328
ACH-000621,9826528,0,0.023291252553462982
ACH-000621,9884685,0,0.005790347699075937
ACH-000621,9910224,0,0.0036656183656305075
ACH-000621,9956222,0,0.011957221664488316
ACH-000624,104842,0,0.016835961490869522
ACH-000624,11455910,0,0.10017124563455582
ACH-000624,11485656,0,0.040733084082603455
ACH-000624,11609586,0,0.06239031255245209
ACH-000624,11624601,0,0.08873756974935532
ACH-000624,24978538,0,0.4223552942276001
ACH-000624,25222038,0,0.03849693760275841
ACH-000624,25262965,0,0.07616078853607178
ACH-000624,3385,0,0.01652112603187561
ACH-000624,44137675,0,0.2010839581489563
ACH-000624,44224160,0,0.020832479000091553
ACH-000624,46885626,0,0.10191495716571808
ACH-000624,5113032,0,0.052317094057798386
ACH-000624,5311497,0,0.037755679339170456
ACH-000624,53302361,0,0.06971295922994614
ACH-000624,5460769,1,0.1626693159341812
ACH-000624,54676905,0,0.1777358055114746
ACH-000624,56962337,0,0.13976846635341644
ACH-000624,57339144,0,0.05829613655805588
ACH-000624,6505803,0,0.08150331676006317
ACH-000624,6852167,0,0.04266771674156189
ACH-000624,704473,1,0.13065557181835175
ACH-000624,82146,0,0.08261523395776749
ACH-000624,9810884,0,0.6009905338287354
ACH-000624,9863776,0,0.02358078770339489
ACH-000624,9868037,0,0.018299845978617668
ACH-000624,9914412,0,0.009231114760041237
ACH-000625,10113978,1,0.2708117365837097
ACH-000625,10127622,0,0.42673560976982117
ACH-000625,10200390,0,0.0621921680867672
ACH-000625,10341154,0,0.17907679080963135
ACH-000625,11152667,0,0.10674416273832321
ACH-000625,11624601,1,0.08554410934448242
ACH-000625,11640390,1,0.1961486041545868
ACH-000625,11667893,1,0.20487728714942932
ACH-000625,126941,0,0.10665339976549149
ACH-000625,159324,1,0.07228946685791016
ACH-000625,176167,0,0.15029922127723694
ACH-000625,17755052,0,0.07075536996126175
ACH-000625,25124816,0,0.14788676798343658
ACH-000625,25126798,0,0.06967608630657196
ACH-000625,25195352,0,0.06672649830579758
ACH-000625,25222038,0,0.09429176151752472
ACH-000625,3463933,1,0.26227498054504395
ACH-000625,42642645,0,0.11249503493309021
ACH-000625,44182295,0,0.4834068715572357
ACH-000625,46224516,0,0.06971992552280426
ACH-000625,46931012,0,0.07246764004230499
ACH-000625,5113032,0,0.17554116249084473
ACH-000625,5208,0,0.15530095994472504
ACH-000625,5280757,0,0.18692874908447266
ACH-000625,5311497,0,0.09902587532997131
ACH-000625,5330286,0,0.09436801820993423
ACH-000625,637858,0,0.16400793194770813
ACH-000625,6450816,0,0.054697003215551376
ACH-000625,6753378,0,0.07661597430706024
ACH-000625,9910224,0,0.11070901155471802
ACH-000626,10077147,0,0.011500063352286816
ACH-000626,11960529,0,0.15669478476047516
ACH-000626,11977753,0,0.03288968279957771
ACH-000626,126565,0,0.04972401633858681
ACH-000626,24978538,0,0.6729438900947571
ACH-000626,44450571,0,0.06421799212694168
ACH-000626,5311,0,0.08469142019748688
ACH-000626,6253,0,0.013966718688607216
ACH-000626,6710780,0,0.031031455844640732
ACH-000626,6914657,0,0.06639274209737778
ACH-000626,9914412,0,0.022449366748332977
ACH-000627,10027278,0,0.16129671037197113
ACH-000627,10196499,0,0.2334907203912735
ACH-000627,10341154,0,0.14648637175559998
ACH-000627,104842,0,0.10697691887617111
ACH-000627,11152667,0,0.07035160809755325
ACH-000627,11316960,0,0.3106027841567993
ACH-000627,11609586,0,0.17607001960277557
ACH-000627,11640390,0,0.1505543440580368
ACH-000627,11647372,0,0.048282403498888016
ACH-000627,11754511,0,0.08516137301921844
ACH-000627,148124,0,0.25562384724617004
ACH-000627,16722836,0,0.041078321635723114
ACH-000627,23725625,0,0.31185927987098694
ACH-000627,24889392,0,0.1029420718550682
ACH-000627,25126798,0,0.1977604478597641
ACH-000627,2733526,0,0.40771839022636414
ACH-000627,31703,0,0.10567319393157959
ACH-000627,44182295,0,0.2808312177658081
ACH-000627,44632017,0,0.18509522080421448
ACH-000627,46907787,0,0.2586502432823181
ACH-000627,51371303,0,0.22919347882270813
ACH-000627,5289247,0,0.17488837242126465
ACH-000627,5328940,0,0.19936604797840118
ACH-000627,53340664,0,0.05823944881558418
ACH-000627,5394,0,0.43209439516067505
ACH-000627,5460769,0,0.25566694140434265
ACH-000627,54676905,1,0.35307392477989197
ACH-000627,57339144,0,0.18770235776901245
ACH-000627,6253,0,0.2361740618944168
ACH-000627,6710780,1,0.0916537344455719
ACH-000627,6852167,0,0.04845588281750679
ACH-000627,6918848,0,0.052265048027038574
ACH-000627,8249,0,0.054002296179533005
ACH-000627,84691,0,0.7415773868560791
ACH-000627,9810884,1,0.7599231600761414
ACH-000627,9863776,0,0.30694952607154846
ACH-000627,9914412,0,0.044162385165691376
ACH-000627,9938202,0,0.20638291537761688
ACH-000627,9943465,0,0.44883933663368225
ACH-000628,10096043,0,0.008228420279920101
ACH-000628,10113978,0,0.0392463319003582
ACH-000628,10196499,0,0.18669579923152924
ACH-000628,10459196,0,0.022006353363394737
ACH-000628,11455910,0,0.05762265995144844
ACH-000628,11634725,0,0.03310934081673622
ACH-000628,126565,0,0.005440833047032356
ACH-000628,148124,0,0.030422214418649673
ACH-000628,176158,0,0.032744623720645905
ACH-000628,17755052,0,0.006006624083966017
ACH-000628,24776445,0,0.010950648225843906
ACH-000628,24978538,0,0.2870936393737793
ACH-000628,25022668,0,0.0022778885904699564
ACH-000628,25102847,0,0.04197476804256439
ACH-000628,25167777,0,0.003721786430105567
ACH-000628,2726824,0,0.07210714370012283
ACH-000628,36462,0,0.005272525828331709
ACH-000628,42642645,0,0.009688728488981724
ACH-000628,44224160,0,0.0042625293135643005
ACH-000628,46191454,0,0.013791361823678017
ACH-000628,46224516,0,0.003575350623577833
ACH-000628,46907787,0,0.020936816930770874
ACH-000628,5113032,0,0.015416212379932404
ACH-000628,53340664,0,0.003514123847708106
ACH-000628,57339144,0,0.016133734956383705
ACH-000628,6445533,0,0.00391596183180809
ACH-000628,6505803,0,0.029437417164444923
ACH-000628,6918454,0,0.0266595259308815
ACH-000628,6918638,0,0.0012459494173526764
ACH-000628,71271629,0,0.0017229272052645683
ACH-000628,82146,0,0.021987810730934143
ACH-000628,85668777,0,0.28957873582839966
ACH-000628,9813758,0,0.009789550676941872
ACH-000628,9858940,0,0.01675189658999443
ACH-000628,9868037,0,0.002112659392878413
ACH-000628,9943465,0,0.12763498723506927
ACH-000633,10074640,0,0.05007953941822052
ACH-000633,10341154,0,0.05344390124082565
ACH-000633,10451420,0,0.05252480506896973
ACH-000633,104842,0,0.05588897690176964
ACH-000633,11152667,0,0.07207513600587845
ACH-000633,11338033,0,0.03159612789750099
ACH-000633,11433190,0,0.30013296008110046
ACH-000633,11455910,0,0.2217617928981781
ACH-000633,11485656,0,0.07907847315073013
ACH-000633,11617559,0,0.13595937192440033
ACH-000633,11624601,0,0.0919441431760788
ACH-000633,11634725,0,0.15657685697078705
ACH-000633,11977753,0,0.12942031025886536
ACH-000633,123631,0,0.22619479894638062
ACH-000633,159324,0,0.03698660433292389
ACH-000633,24180719,0,0.21355968713760376
ACH-000633,24826799,0,0.054953448474407196
ACH-000633,24894414,0,0.026910413056612015
ACH-000633,25022668,0,0.046432774513959885
ACH-000633,25167777,0,0.034019455313682556
ACH-000633,2733526,0,0.17035150527954102
ACH-000633,3463933,1,0.39929863810539246
ACH-000633,36462,0,0.062954843044281
ACH-000633,3796,0,0.09974595159292221
ACH-000633,5208,0,0.09417477250099182
ACH-000633,53340664,0,0.03751794993877411
ACH-000633,5394,0,0.10969730466604233
ACH-000633,5746,0,0.13197849690914154
ACH-000633,644241,0,0.050966426730155945
ACH-000633,9938202,1,0.161136195063591
ACH-000633,9952773,0,0.04857010766863823
ACH-000633,9967941,0,0.11991308629512787
ACH-000636,10077147,1,0.5661250352859497
ACH-000636,10096043,0,0.1281786412000656
ACH-000636,10196499,0,0.12159907072782516
ACH-000636,10461815,0,0.22371000051498413
ACH-000636,11316960,0,0.5078814029693604
ACH-000636,11373846,1,0.9499872922897339
ACH-000636,11485656,0,0.725440263748169
ACH-000636,11609586,0,0.1885097771883011
ACH-000636,11617559,0,0.4626539349555969
ACH-000636,11626560,0,0.46643874049186707
ACH-000636,11676786,0,0.5507897734642029
ACH-000636,11754511,1,0.9568250775337219
ACH-000636,11844351,0,0.3096015453338623
ACH-000636,11977753,0,0.06480729579925537
ACH-000636,16095342,0,0.3745328187942505
ACH-000636,16725726,1,0.8764559626579285
ACH-000636,24756910,1,0.918113648891449
ACH-000636,24889392,1,0.9528465867042542
ACH-000636,25222038,0,0.08206147700548172
ACH-000636,3005532,0,0.09544859081506729
ACH-000636,36314,0,0.17989300191402435
ACH-000636,387447,0,0.2642054855823517
ACH-000636,42642645,0,0.5580475926399231
ACH-000636,44143370,1,0.37150838971138
ACH-000636,44462760,0,0.22885772585868835
ACH-000636,44819241,0,0.24144063889980316
ACH-000636,46191454,1,0.9265018701553345
ACH-000636,462382,0,0.2865755259990692
ACH-000636,46843772,0,0.30051612854003906
ACH-000636,46885626,1,0.887025773525238
ACH-000636,46931012,1,0.8816152811050415
ACH-000636,46943432,1,0.974033772945404
ACH-000636,49821040,0,0.22884808480739594
ACH-000636,49836027,0,0.4837471544742584
ACH-000636,5384616,1,0.5392079949378967
ACH-000636,5394,0,0.23370462656021118
ACH-000636,5494449,0,0.2982954978942871
ACH-000636,56965967,1,0.8608285188674927
ACH-000636,644241,0,0.8111588954925537
ACH-000636,65110,0,0.7776550054550171
ACH-000636,66577006,1,0.97174072265625
ACH-000636,6710780,0,0.5500475764274597
ACH-000636,71271629,0,0.5155007243156433
ACH-000636,8249,1,0.9238445162773132
ACH-000636,85668777,0,0.03422113507986069
ACH-000636,9549184,1,0.6466293931007385
ACH-000636,9874913,0,0.41449958086013794
ACH-000636,9907093,0,0.1278277188539505
ACH-000636,9952773,1,0.7482248544692993
ACH-000637,10459196,0,0.027490636333823204
ACH-000637,11338033,0,0.03167684003710747
ACH-000637,11404337,0,0.007095158565789461
ACH-000637,11617559,0,0.1548919975757599
ACH-000637,11634725,0,0.15881527960300446
ACH-000637,11647372,0,0.016466910019516945
ACH-000637,156422,0,0.07849901169538498
ACH-000637,159324,0,0.0052103339694440365
ACH-000637,16725726,0,0.4544096887111664
ACH-000637,23725625,0,0.05354819446802139
ACH-000637,2375,0,0.06991598755121231
ACH-000637,24889392,0,0.04804195836186409
ACH-000637,2726824,0,0.0506206713616848
ACH-000637,3218,0,0.05700990557670593
ACH-000637,3385,0,0.02087823860347271
ACH-000637,36462,0,0.020353317260742188
ACH-000637,44143370,0,0.027688074856996536
ACH-000637,44450571,0,0.03958187997341156
ACH-000637,444795,0,0.16655413806438446
ACH-000637,44819241,0,0.07603545486927032
ACH-000637,46224516,0,0.033524561673402786
ACH-000637,5280757,0,0.12309813499450684
ACH-000637,53302361,0,0.06338205188512802
ACH-000637,54676905,0,0.07894016057252884
ACH-000637,56965967,0,0.021909236907958984
ACH-000637,5746,0,0.03679347038269043
ACH-000637,6445533,0,0.01867736130952835
ACH-000637,6918289,0,0.05051136761903763
ACH-000637,6918638,0,0.015019847080111504
ACH-000637,6918848,0,0.032748449593782425
ACH-000637,85668777,1,0.08899574726819992
ACH-000637,9810884,0,0.3109619915485382
ACH-000637,9863776,0,0.17694109678268433
ACH-000637,9868037,0,0.02738577127456665
ACH-000637,9884685,0,0.024762334302067757
ACH-000637,9910224,0,0.027855880558490753
ACH-000637,9914412,0,0.010548260062932968
ACH-000637,9931953,0,0.05866963416337967
ACH-000637,9943465,0,0.13050690293312073
ACH-000637,9952773,0,0.0221646036952734
ACH-000638,10184653,0,0.5290456414222717
ACH-000638,10200390,0,0.004239333793520927
ACH-000638,10341154,0,0.012513258494436741
ACH-000638,11338033,0,0.009765617549419403
ACH-000638,11455910,0,0.07709129899740219
ACH-000638,11617559,0,0.07364170253276825
ACH-000638,11634725,0,0.1848447173833847
ACH-000638,11707110,0,0.937886118888855
ACH-000638,11960529,0,0.05104793980717659
ACH-000638,126941,0,0.008886553347110748
ACH-000638,23725625,0,0.009855061769485474
ACH-000638,24772860,0,0.004322764463722706
ACH-000638,25257557,0,0.795060396194458
ACH-000638,3005532,0,0.07265465706586838
ACH-000638,44632017,0,0.03452480211853981
ACH-000638,446378,0,0.017959287390112877
ACH-000638,448013,0,0.02353370189666748
ACH-000638,44819241,0,0.03343302011489868
ACH-000638,46885626,0,0.01812971942126751
ACH-000638,46907787,0,0.02018629014492035
ACH-000638,46931012,0,0.0022985939867794514
ACH-000638,5113032,0,0.021862778812646866
ACH-000638,5328940,0,0.012898671440780163
ACH-000638,637858,0,0.011482508853077888
ACH-000638,644241,0,0.009293810464441776
ACH-000638,6450551,0,0.026674313470721245
ACH-000638,6753378,0,0.008861293084919453
ACH-000638,6914657,0,0.046840328723192215
ACH-000638,6918289,0,0.02451695129275322
ACH-000638,6918848,0,0.004647593013942242
ACH-000638,704473,0,0.015110263600945473
ACH-000638,84691,0,0.03537319228053093
ACH-000638,9863776,0,0.08858169615268707
ACH-000638,9956222,0,0.012187013402581215
ACH-000639,10077147,0,0.07250978797674179
ACH-000639,10184653,0,0.1693737506866455
ACH-000639,10196499,0,0.17896604537963867
ACH-000639,10302451,0,0.24297881126403809
ACH-000639,10461815,0,0.18100689351558685
ACH-000639,11152667,0,0.1698381006717682
ACH-000639,11338033,0,0.2670520544052124
ACH-000639,11624601,0,0.08490556478500366
ACH-000639,11626560,0,0.12479966133832932
ACH-000639,11626927,1,0.14578434824943542
ACH-000639,11707110,0,0.4548349380493164
ACH-000639,11960529,0,0.15771234035491943
ACH-000639,126941,1,0.39477816224098206
ACH-000639,1401,0,0.24365046620368958
ACH-000639,148124,0,0.07761233299970627
ACH-000639,159324,0,0.08192861080169678
ACH-000639,16720766,0,0.11563316732645035
ACH-000639,16747388,0,0.18789416551589966
ACH-000639,17755052,0,0.1310693919658661
ACH-000639,2314623,0,0.1785491704940796
ACH-000639,24756910,0,0.33343636989593506
ACH-000639,25167777,0,0.19541163742542267
ACH-000639,2733526,0,0.2449023276567459
ACH-000639,300471,0,0.07855558395385742
ACH-000639,3463933,0,0.22256386280059814
ACH-000639,42642645,0,0.24763084948062897
ACH-000639,444795,0,0.36166635155677795
ACH-000639,44551660,0,0.29882189631462097
ACH-000639,447912,0,0.4431588053703308
ACH-000639,44819241,0,0.22239269316196442
ACH-000639,46931012,0,0.2238808125257492
ACH-000639,49836027,0,0.1465192437171936
ACH-000639,51371303,0,0.16502957046031952
ACH-000639,5278396,0,0.1118946522474289
ACH-000639,5311,0,0.24940785765647888
ACH-000639,5394,0,0.2761172950267792
ACH-000639,60750,0,0.06643303483724594
ACH-000639,644215,0,0.07864141464233398
ACH-000639,6445533,1,0.126434788107872
ACH-000639,6450551,0,0.21459227800369263
ACH-000639,6753378,0,0.22001415491104126
ACH-000639,6914657,0,0.18821696937084198
ACH-000639,704473,0,0.49689045548439026
ACH-000639,71271629,0,0.084265798330307
ACH-000639,84691,0,0.10597290098667145
ACH-000639,9874913,0,0.30834266543388367
ACH-000639,9952773,0,0.2421872317790985
ACH-000639,9956119,0,0.20442093908786774
ACH-000640,104842,0,8.623271241958719e-06
ACH-000640,11433190,0,0.875318706035614
ACH-000640,11455910,0,0.01841677539050579
ACH-000640,123631,0,5.873385816812515e-05
ACH-000640,126941,0,2.9438363071676577e-06
ACH-000640,1401,0,0.014868461526930332
ACH-000640,24978538,0,0.23728206753730774
ACH-000640,44182295,0,0.15419667959213257
ACH-000640,44450571,0,0.003576966468244791
ACH-000640,444795,0,4.432534478837624e-05
ACH-000640,51371303,0,0.0002696400333661586
ACH-000640,54685215,0,0.00349022401496768
ACH-000640,637858,0,2.830179437296465e-05
ACH-000640,9863776,0,0.6836073398590088
ACH-000640,9931953,0,4.592373807099648e-05
ACH-000640,9943465,0,0.001607084064744413
ACH-000641,10077147,0,0.2902863919734955
ACH-000641,10451420,1,0.908607006072998
ACH-000641,10459196,0,0.10245519131422043
ACH-000641,11327430,0,0.2867825925350189
ACH-000641,11373846,1,0.8529647588729858
ACH-000641,11485656,0,0.5901975035667419
ACH-000641,11493598,1,0.40982285141944885
ACH-000641,11626927,0,0.5354000329971313
ACH-000641,11640390,1,0.15106108784675598
ACH-000641,11707110,0,0.14487656950950623
ACH-000641,11977753,0,0.06262841820716858
ACH-000641,123631,0,0.0866161435842514
ACH-000641,16095342,1,0.26993343234062195
ACH-000641,16725726,1,0.822834849357605
ACH-000641,20635522,0,0.15536020696163177
ACH-000641,208908,0,0.17077115178108215
ACH-000641,216239,0,0.41775307059288025
ACH-000641,2314623,1,0.12669475376605988
ACH-000641,24776445,0,0.2555677592754364
ACH-000641,24785538,1,0.09036840498447418
ACH-000641,24889392,1,0.870841383934021
ACH-000641,25022668,0,0.09608600288629532
ACH-000641,25257557,1,0.8898371458053589
ACH-000641,2733526,1,0.24987947940826416
ACH-000641,3062316,0,0.16333629190921783
ACH-000641,31703,0,0.0948556438088417
ACH-000641,3385,0,0.3179466128349304
ACH-000641,444795,0,0.5407671332359314
ACH-000641,448013,0,0.08760686218738556
ACH-000641,44819241,0,0.19947615265846252
ACH-000641,46191454,0,0.7790492177009583
ACH-000641,46844147,0,0.4867981970310211
ACH-000641,46930998,0,0.42186999320983887
ACH-000641,51371303,1,0.1178474947810173
ACH-000641,5208,0,0.13772600889205933
ACH-000641,5460769,0,0.17146889865398407
ACH-000641,56962337,0,0.31321248412132263
ACH-000641,56965967,0,0.6960182189941406
ACH-000641,6253,0,0.13776829838752747
ACH-000641,644241,0,0.522819995880127
ACH-000641,6450551,0,0.28657782077789307
ACH-000641,65110,0,0.6257466673851013
ACH-000641,66577006,1,0.894216775894165
ACH-000641,6710780,0,0.3419088125228882
ACH-000641,704473,1,0.88981693983078
ACH-000641,71271629,1,0.24580013751983643
ACH-000641,76044,0,0.3749103844165802
ACH-000641,9863776,0,0.09385467320680618
ACH-000641,9884685,0,0.7909775376319885
ACH-000641,9914412,0,0.43155530095100403
ACH-000641,9931953,0,0.032826054841279984
ACH-000641,9943465,0,0.10135682672262192
ACH-000643,11493598,0,0.023182110860943794
ACH-000643,11609586,0,0.03822372108697891
ACH-000643,11617559,0,0.11452490091323853
ACH-000643,16747388,0,0.0006411190843209624
ACH-000643,216326,0,0.009874800220131874
ACH-000643,2314623,0,0.05879712104797363
ACH-000643,24776445,0,0.010582354851067066
ACH-000643,24951314,0,0.0010518874041736126
ACH-000643,25124816,0,0.2257584035396576
ACH-000643,25262965,0,0.018356993794441223
ACH-000643,42642645,0,0.013913790695369244
ACH-000643,44137675,0,0.08674883842468262
ACH-000643,44450571,0,0.07899943739175797
ACH-000643,44551660,0,0.0025838911533355713
ACH-000643,44632017,0,0.023524917662143707
ACH-000643,46943432,0,0.002352702198550105
ACH-000643,49806720,1,0.06237263232469559
ACH-000643,5311497,0,0.014735838398337364
ACH-000643,5327091,0,0.01664651371538639
ACH-000643,5330286,0,0.006543559487909079
ACH-000643,54685215,0,0.039174582809209824
ACH-000643,56965967,0,0.002718802075833082
ACH-000643,5746,0,0.10835763812065125
ACH-000643,637858,0,0.013479772955179214
ACH-000643,6918638,0,0.0017460929229855537
ACH-000643,84691,0,0.019048156216740608
ACH-000643,85668777,0,0.5383011698722839
ACH-000643,9813758,0,0.006674657575786114
ACH-000643,9858940,0,0.013349167071282864
ACH-000643,9863776,0,0.012915676459670067
ACH-000643,9868037,0,0.0029815996531397104
ACH-000643,9931953,0,0.02762209065258503
ACH-000643,9938202,0,0.07511801272630692
ACH-000643,9967941,0,0.05923913046717644
ACH-000644,10109823,0,0.06820861250162125
ACH-000644,10302451,0,0.24423816800117493
ACH-000644,10451420,0,0.0977889895439148
ACH-000644,11617559,0,0.08553797751665115
ACH-000644,11626560,0,0.04095745459198952
ACH-000644,11626927,0,0.028760284185409546
ACH-000644,159324,0,0.05823587626218796
ACH-000644,16722836,0,0.02332138456404209
ACH-000644,176870,0,0.123521588742733
ACH-000644,24772860,0,0.018159732222557068
ACH-000644,24785538,0,0.1974859982728958
ACH-000644,24825971,0,0.10275501757860184
ACH-000644,24889392,0,0.03804206848144531
ACH-000644,24951314,0,0.015125087462365627
ACH-000644,25195352,0,0.03219359740614891
ACH-000644,3005532,1,0.1506832093000412
ACH-000644,3218,0,0.10141705721616745
ACH-000644,3385,0,0.09474189579486847
ACH-000644,42640,0,0.1971464306116104
ACH-000644,42642645,0,0.06945518404245377
ACH-000644,44137675,0,0.12933410704135895
ACH-000644,44143370,0,0.05872145667672157
ACH-000644,446378,0,0.08487473428249359
ACH-000644,46844147,0,0.04894249513745308
ACH-000644,5280757,0,0.09724416583776474
ACH-000644,5291,0,0.23461854457855225
ACH-000644,5329102,0,0.1066831424832344
ACH-000644,53302361,1,0.10332463681697845
ACH-000644,53340664,0,0.04623880609869957
ACH-000644,5384616,0,0.0955464169383049
ACH-000644,5460769,0,0.054882995784282684
ACH-000644,60750,0,0.07014680653810501
ACH-000644,66577006,0,0.03234671428799629
ACH-000644,8249,0,0.04616652801632881
ACH-000644,9813758,0,0.046909332275390625
ACH-000644,9907093,1,0.2910032272338867
ACH-000647,10074640,0,0.0167898740619421
ACH-000647,10341154,0,0.0183599591255188
ACH-000647,10390396,0,0.1791338473558426
ACH-000647,11364421,0,0.13387857377529144
ACH-000647,11485656,0,0.03724490851163864
ACH-000647,11626560,0,0.019949637353420258
ACH-000647,11707110,0,0.23319855332374573
ACH-000647,11713159,0,0.05391087383031845
ACH-000647,159324,0,0.025920957326889038
ACH-000647,160355,0,0.038045961409807205
ACH-000647,16095342,0,0.09908431023359299
ACH-000647,16760646,0,0.05539539456367493
ACH-000647,24756910,0,0.025491198524832726
ACH-000647,24776445,0,0.03095213882625103
ACH-000647,25195352,0,0.024610456079244614
ACH-000647,25257557,0,0.5318986177444458
ACH-000647,42642645,0,0.03348720073699951
ACH-000647,44137675,0,0.25544095039367676
ACH-000647,44462760,0,0.024208320304751396
ACH-000647,5311,0,0.04695293307304382
ACH-000647,5327091,0,0.043421994894742966
ACH-000647,53302361,0,0.031322360038757324
ACH-000647,5330286,0,0.015509390272200108
ACH-000647,53394750,0,0.06560030579566956
ACH-000647,5384616,0,0.09310256689786911
ACH-000647,5460769,0,0.0869656577706337
ACH-000647,54685215,0,0.08148431032896042
ACH-000647,560326,0,0.10586480051279068
ACH-000647,57339144,0,0.028798984363675117
ACH-000647,637858,0,0.030067237094044685
ACH-000647,644241,0,0.012341969646513462
ACH-000647,66577006,0,0.01469302736222744
ACH-000647,6852167,0,0.008176053874194622
ACH-000647,6914657,0,0.06257355213165283
ACH-000647,9549184,1,0.12066856026649475
ACH-000647,9874913,0,0.22793817520141602
ACH-000647,9884685,0,0.011146199889481068
ACH-000647,9943465,0,0.15647725760936737
ACH-000647,9952773,0,0.03289148211479187
ACH-000647,9956119,0,0.14501219987869263
ACH-000648,10113978,0,0.03888809308409691
ACH-000648,10184653,0,0.027040308341383934
ACH-000648,10384072,0,0.0034129994455724955
ACH-000648,10451420,0,0.01022515632212162
ACH-000648,11178236,0,0.002914512064307928
ACH-000648,11485656,0,0.0034032915718853474
ACH-000648,11609586,0,0.008895684964954853
ACH-000648,11617559,0,0.008620909415185452
ACH-000648,11713159,0,0.0023623427841812372
ACH-000648,126565,0,0.00044356376747600734
ACH-000648,176167,0,0.01432870328426361
ACH-000648,17755052,0,0.0016432912088930607
ACH-000648,216326,0,0.0013518119230866432
ACH-000648,24776445,0,0.002062810119241476
ACH-000648,24826799,0,0.0034165531396865845
ACH-000648,25167777,0,0.0003044419863726944
ACH-000648,25257557,0,0.972236692905426
ACH-000648,2733526,0,0.009471726603806019
ACH-000648,36462,0,0.0005434331833384931
ACH-000648,3796,0,0.0019693118520081043
ACH-000648,44182295,0,0.00806545838713646
ACH-000648,44462760,0,0.05883670598268509
ACH-000648,444795,0,0.008592469617724419
ACH-000648,44819241,0,0.009793221950531006
ACH-000648,46191454,0,0.002771408297121525
ACH-000648,46930998,0,0.012034804560244083
ACH-000648,46931012,0,4.9011028750101104e-05
ACH-000648,46943432,0,0.0011531063355505466
ACH-000648,5278396,0,0.0019176130881533027
ACH-000648,5311497,0,0.0005230375682003796
ACH-000648,5460769,0,0.016819819808006287
ACH-000648,6253,0,0.00022559672652278095
ACH-000648,637858,0,0.001501881517469883
ACH-000648,66577006,0,0.005195895675569773
ACH-000648,6918638,0,0.0001121397435781546
ACH-000648,71271629,0,0.0005384503747336566
ACH-000648,8249,0,0.004388719797134399
ACH-000648,9826528,0,0.05135038495063782
ACH-000648,9874913,0,0.014838673174381256
ACH-000648,9884685,0,0.0006497013382613659
ACH-000648,9938202,0,0.022508971393108368
ACH-000648,9956119,1,0.032993119210004807
ACH-000648,9956222,0,0.0021929885260760784
ACH-000648,9967941,0,0.0066720908507704735
ACH-000649,10027278,1,0.3745300769805908
ACH-000649,10077147,0,0.10622666031122208
ACH-000649,10109823,0,0.3273334503173828
ACH-000649,11327430,0,0.26604896783828735
ACH-000649,11433190,0,0.6719413995742798
ACH-000649,11493598,0,0.25094863772392273
ACH-000649,11713159,0,0.25869259238243103
ACH-000649,11754511,0,0.16508914530277252
ACH-000649,159324,1,0.3827071189880371
ACH-000649,16747388,0,0.10844848304986954
ACH-000649,2314623,1,0.3364052474498749
ACH-000649,24894414,0,0.2029164582490921
ACH-000649,25167777,0,0.20503287017345428
ACH-000649,25257557,1,0.728039562702179
ACH-000649,36462,0,0.25879332423210144
ACH-000649,44137675,1,0.5778411030769348
ACH-000649,44182295,0,0.4337024986743927
ACH-000649,44551660,0,0.18351350724697113
ACH-000649,448013,1,0.29599279165267944
ACH-000649,46883536,0,0.09487034380435944
ACH-000649,5208,0,0.4660031199455261
ACH-000649,5280757,1,0.2696586847305298
ACH-000649,53302361,1,0.17038418352603912
ACH-000649,53394750,0,0.756637454032898
ACH-000649,54676905,1,0.5088541507720947
ACH-000649,54685215,0,0.3366377651691437
ACH-000649,560326,0,0.4208887815475464
ACH-000649,5746,0,0.2831062972545624
ACH-000649,6914657,0,0.20997048914432526
ACH-000649,6918848,0,0.12003529816865921
ACH-000649,9813758,1,0.22576406598091125
ACH-000649,9826528,0,0.4992211163043976
ACH-000649,9884685,0,0.11283060908317566
ACH-000649,9938202,1,0.20458650588989258
ACH-000649,9952773,0,0.18715006113052368
ACH-000649,9956222,0,0.20342490077018738
ACH-000649,9967941,0,0.43182408809661865
ACH-000650,10184653,0,0.2984672486782074
ACH-000650,10196499,0,0.2319488227367401
ACH-000650,10200390,0,0.07667701691389084
ACH-000650,10384072,1,0.20388633012771606
ACH-000650,10451420,1,0.31206420063972473
ACH-000650,11178236,0,0.14817509055137634
ACH-000650,11316960,1,0.8243880271911621
ACH-000650,11373846,0,0.09944452345371246
ACH-000650,11625818,0,0.09369736164808273
ACH-000650,11634725,1,0.46245917677879333
ACH-000650,123631,0,0.2578333616256714
ACH-000650,126565,1,0.1810217797756195
ACH-000650,126941,0,0.24442723393440247
ACH-000650,16720766,0,0.18163923919200897
ACH-000650,16722836,0,0.06283791363239288
ACH-000650,16725726,0,0.3105694055557251
ACH-000650,2375,0,0.17334526777267456
ACH-000650,24772860,0,0.043979328125715256
ACH-000650,24776445,0,0.32950255274772644
ACH-000650,25102847,0,0.1801896095275879
ACH-000650,25167777,0,0.09613440185785294
ACH-000650,25262965,1,0.27008289098739624
ACH-000650,2726824,0,0.22886735200881958
ACH-000650,42640,0,0.11880885064601898
ACH-000650,42642645,0,0.08110810816287994
ACH-000650,44137675,0,0.3482200801372528
ACH-000650,44182295,1,0.7291965484619141
ACH-000650,46885626,0,0.1583079844713211
ACH-000650,46943432,0,0.09526965022087097
ACH-000650,5280757,1,0.3000603914260864
ACH-000650,53302361,0,0.16521340608596802
ACH-000650,5330286,0,0.14683498442173004
ACH-000650,53340664,0,0.08788436651229858
ACH-000650,5459322,0,0.27044689655303955
ACH-000650,5460769,1,0.25585222244262695
ACH-000650,56962337,0,0.18690627813339233
ACH-000650,57339144,0,0.17430604994297028
ACH-000650,5746,0,0.11922765523195267
ACH-000650,60750,0,0.1643088459968567
ACH-000650,6445533,0,0.10236816108226776
ACH-000650,66577006,0,0.13238532841205597
ACH-000650,9911830,0,0.22080564498901367
ACH-000651,10027278,1,0.16226118803024292
ACH-000651,10074640,0,0.07107376307249069
ACH-000651,10077147,0,0.04072384163737297
ACH-000651,10196499,0,0.1697569489479065
ACH-000651,10200390,0,0.0443643257021904
ACH-000651,10451420,0,0.11991430073976517
ACH-000651,104842,0,0.08204261213541031
ACH-000651,11667893,0,0.18773914873600006
ACH-000651,11707110,1,0.8132238984107971
ACH-000651,126565,0,0.10596689581871033
ACH-000651,16725726,0,0.27068695425987244
ACH-000651,176167,1,0.1511024832725525
ACH-000651,24180719,0,0.2748415470123291
ACH-000651,24894414,0,0.0669478252530098
ACH-000651,24951314,0,0.03869855776429176
ACH-000651,25222038,0,0.14413996040821075
ACH-000651,3005532,0,0.2469121664762497
ACH-000651,36462,0,0.07476285099983215
ACH-000651,3796,0,0.14227086305618286
ACH-000651,4263900,1,0.11191835254430771
ACH-000651,42640,0,0.11481713503599167
ACH-000651,44137675,0,0.18012088537216187
ACH-000651,44551660,0,0.045959122478961945
ACH-000651,44632017,0,0.15610234439373016
ACH-000651,448013,0,0.17437931895256042
ACH-000651,44819241,0,0.13046889007091522
ACH-000651,46883536,1,0.06315919756889343
ACH-000651,46907787,0,0.13426998257637024
ACH-000651,5113032,0,0.0886712521314621
ACH-000651,5327091,0,0.12280642241239548
ACH-000651,5328940,0,0.12157594412565231
ACH-000651,53302361,0,0.11681506782770157
ACH-000651,53394750,0,0.2194110006093979
ACH-000651,5394,1,0.11482517421245575
ACH-000651,637858,0,0.09510326385498047
ACH-000651,6445562,1,0.07028045505285263
ACH-000651,6450816,0,0.07104256004095078
ACH-000651,6753378,0,0.05871378630399704
ACH-000651,82146,0,0.15530379116535187
ACH-000651,9810884,1,0.36131319403648376
ACH-000651,9813758,1,0.07837769389152527
ACH-000651,9858940,0,0.14671696722507477
ACH-000651,9903786,0,0.029705166816711426
ACH-000651,9943465,0,0.18661147356033325
ACH-000652,10027278,0,0.18656568229198456
ACH-000652,11338033,0,0.22570471465587616
ACH-000652,11640390,1,0.3436078429222107
ACH-000652,1401,0,0.15531688928604126
ACH-000652,156422,0,0.10598169267177582
ACH-000652,16747388,1,0.24488161504268646
ACH-000652,216326,0,0.17804396152496338
ACH-000652,2375,0,0.14149051904678345
ACH-000652,24180719,0,0.46549034118652344
ACH-000652,24826799,0,0.12981203198432922
ACH-000652,25167777,0,0.1052926704287529
ACH-000652,25195352,0,0.1072903648018837
ACH-000652,25222038,0,0.09716719388961792
ACH-000652,2726824,0,0.12366943806409836
ACH-000652,31703,0,0.0877155140042305
ACH-000652,3385,0,0.2099231481552124
ACH-000652,36462,0,0.09403828531503677
ACH-000652,42642645,0,0.14562778174877167
ACH-000652,44551660,0,0.15889829397201538
ACH-000652,447912,0,0.22195610404014587
ACH-000652,448013,0,0.12369795888662338
ACH-000652,5208,0,0.13727450370788574
ACH-000652,5327091,0,0.12565383315086365
ACH-000652,5330286,1,0.1490817368030548
ACH-000652,53394750,1,0.6630486249923706
ACH-000652,5394,0,0.2517204284667969
ACH-000652,5460769,0,0.09282304346561432
ACH-000652,57339144,0,0.1861378252506256
ACH-000652,6445533,0,0.11903738230466843
ACH-000652,66577006,0,0.09310085326433182
ACH-000652,6710780,0,0.09846185147762299
ACH-000652,6852167,1,0.14806559681892395
ACH-000652,84691,0,0.1794145703315735
ACH-000652,85668777,0,0.14374729990959167
ACH-000652,9868037,0,0.22872871160507202
ACH-000652,9911830,0,0.20345212519168854
ACH-000652,9914412,0,0.16153213381767273
ACH-000652,9952773,0,0.17996273934841156
ACH-000652,9967941,1,0.11169392615556717
ACH-000654,10077147,0,0.002467230660840869
ACH-000654,10384072,0,0.024847233667969704
ACH-000654,10459196,0,0.02085818350315094
ACH-000654,11327430,0,0.010329737327992916
ACH-000654,11373846,0,0.056056249886751175
ACH-000654,11455910,0,0.04908384755253792
ACH-000654,11493598,0,0.047449227422475815
ACH-000654,11617559,0,0.07000644505023956
ACH-000654,11626927,0,0.029347024857997894
ACH-000654,11647372,0,0.012437419034540653
ACH-000654,11713159,0,0.014631089754402637
ACH-000654,126565,0,0.010394247248768806
ACH-000654,16095342,0,0.10046299546957016
ACH-000654,16720766,0,0.023294728249311447
ACH-000654,16747388,0,0.004718969576060772
ACH-000654,16760646,0,0.06701390445232391
ACH-000654,17755052,0,0.013469327241182327
ACH-000654,20635522,0,0.02884819358587265
ACH-000654,2314623,0,0.05375174805521965
ACH-000654,2375,0,0.026846684515476227
ACH-000654,24756910,0,0.04913134500384331
ACH-000654,24951314,0,0.005970088765025139
ACH-000654,25022668,0,0.0017065759748220444
ACH-000654,3062316,0,0.05997918173670769
ACH-000654,3218,0,0.024428999051451683
ACH-000654,36462,0,0.012813792563974857
ACH-000654,44182295,0,0.10781308263540268
ACH-000654,44819241,0,0.051011987030506134
ACH-000654,49806720,0,0.047080665826797485
ACH-000654,5113032,0,0.037645984441041946
ACH-000654,51371303,0,0.02035551890730858
ACH-000654,5280757,0,0.04654068127274513
ACH-000654,5328940,0,0.011893927119672298
ACH-000654,5460769,0,0.019849617034196854
ACH-000654,60750,0,0.00925682857632637
ACH-000654,6710780,0,0.011852757073938847
ACH-000654,6852167,0,0.04406078904867172
ACH-000654,6914657,0,0.025486450642347336
ACH-000654,6918638,0,0.009611744433641434
ACH-000654,6918848,0,0.01952975057065487
ACH-000654,71271629,0,0.010236130096018314
ACH-000654,82146,0,0.03063771314918995
ACH-000654,9914412,0,0.00901072844862938
ACH-000654,9931953,0,0.00848876591771841
ACH-000654,9956119,0,0.07600725442171097
ACH-000655,10113978,0,0.2262689471244812
ACH-000655,10127622,0,0.4146263599395752
ACH-000655,10390396,0,0.1840319037437439
ACH-000655,11282283,0,0.1871974766254425
ACH-000655,11364421,0,0.15162867307662964
ACH-000655,11373846,0,0.03806231915950775
ACH-000655,11455910,0,0.10414955765008926
ACH-000655,11493598,0,0.14808139204978943
ACH-000655,11626927,0,0.02592281438410282
ACH-000655,11640390,0,0.28446897864341736
ACH-000655,11960529,0,0.10321033000946045
ACH-000655,11977753,0,0.09896481782197952
ACH-000655,126941,0,0.048727117478847504
ACH-000655,160355,0,0.04919085651636124
ACH-000655,16760646,0,0.09868825972080231
ACH-000655,176870,0,0.21129977703094482
ACH-000655,17755052,0,0.0211018156260252
ACH-000655,216326,0,0.03924388065934181
ACH-000655,24180719,0,0.10832168161869049
ACH-000655,24951314,0,0.010235801339149475
ACH-000655,25022668,0,0.06024423614144325
ACH-000655,25222038,0,0.10769445449113846
ACH-000655,25262965,0,0.06354308128356934
ACH-000655,2733526,0,0.14138396084308624
ACH-000655,300471,1,0.10800851136445999
ACH-000655,3385,0,0.06768416613340378
ACH-000655,4261,0,0.10643899440765381
ACH-000655,4263900,0,0.09683053195476532
ACH-000655,44137675,0,0.12062156945466995
ACH-000655,44182295,0,0.17011338472366333
ACH-000655,444795,0,0.04982732981443405
ACH-000655,44551660,0,0.024504924193024635
ACH-000655,446378,0,0.12399501353502274
ACH-000655,447912,0,0.03666117787361145
ACH-000655,448013,0,0.12499809265136719
ACH-000655,5289247,0,0.08047346025705338
ACH-000655,53340664,0,0.03120841085910797
ACH-000655,5459322,0,0.05987977236509323
ACH-000655,5460769,0,0.07160475850105286
ACH-000655,54676905,0,0.1680745631456375
ACH-000655,5494449,0,0.2269326001405716
ACH-000655,56962337,0,0.0832870826125145
ACH-000655,5717801,0,0.034953176975250244
ACH-000655,60750,0,0.04873773828148842
ACH-000655,637858,0,0.05632924661040306
ACH-000655,644241,0,0.028707968071103096
ACH-000655,6918454,0,0.15194541215896606
ACH-000655,9826308,0,0.0885922834277153
ACH-000655,9863776,0,0.08727291226387024
ACH-000655,9914412,0,0.030005186796188354
ACH-000656,10196499,0,0.16087846457958221
ACH-000656,10302451,0,0.29826200008392334
ACH-000656,11178236,0,0.07904073596000671
ACH-000656,11282283,0,0.447445273399353
ACH-000656,11316960,0,0.23725511133670807
ACH-000656,11364421,1,0.24713219702243805
ACH-000656,11634725,1,0.3008042573928833
ACH-000656,11754511,1,0.8860286474227905
ACH-000656,159324,0,0.3708367943763733
ACH-000656,16722836,1,0.9285305738449097
ACH-000656,16725726,1,0.8192352652549744
ACH-000656,176167,0,0.4241049587726593
ACH-000656,17755052,0,0.37203261256217957
ACH-000656,24180719,0,0.13229526579380035
ACH-000656,24756910,1,0.8402776718139648
ACH-000656,24772860,0,0.5711347460746765
ACH-000656,24951314,1,0.7350097894668579
ACH-000656,25195352,0,0.42890575528144836
ACH-000656,25262965,0,0.3538990020751953
ACH-000656,36314,0,0.15805397927761078
ACH-000656,3796,0,0.29020553827285767
ACH-000656,387447,0,0.20566008985042572
ACH-000656,4263900,1,0.1662042886018753
ACH-000656,42640,0,0.1874341070652008
ACH-000656,446378,0,0.12801557779312134
ACH-000656,44819241,0,0.2736286222934723
ACH-000656,462382,0,0.20018529891967773
ACH-000656,46943432,1,0.949312686920166
ACH-000656,51371303,0,0.2182454615831375
ACH-000656,5280757,1,0.07488835602998734
ACH-000656,5289247,1,0.4601134955883026
ACH-000656,5291,0,0.5270015001296997
ACH-000656,5329102,0,0.41354092955589294
ACH-000656,53394750,1,0.9653549194335938
ACH-000656,54676905,1,0.24016384780406952
ACH-000656,56962337,0,0.4018523395061493
ACH-000656,5746,0,0.1285937875509262
ACH-000656,6450816,0,0.5559640526771545
ACH-000656,71271629,0,0.4336688816547394
ACH-000656,7251185,1,0.4224655330181122
ACH-000656,9810884,1,0.9188511967658997
ACH-000656,9826528,0,0.1333705335855484
ACH-000656,9910224,1,0.6997963786125183
ACH-000656,9956222,0,0.7114288210868835
ACH-000657,10074640,0,0.5418619513511658
ACH-000657,10077147,0,0.1754523664712906
ACH-000657,10096043,0,0.051957134157419205
ACH-000657,10109823,0,0.12566539645195007
ACH-000657,10200390,0,0.19755211472511292
ACH-000657,10341154,1,0.5501301288604736
ACH-000657,11152667,0,0.18138541281223297
ACH-000657,11316960,0,0.23449404537677765
ACH-000657,11327430,0,0.2180994153022766
ACH-000657,11338033,0,0.28867292404174805
ACH-000657,11493598,1,0.5903682112693787
ACH-000657,11647372,0,0.2447192519903183
ACH-000657,11960529,0,0.34316885471343994
ACH-000657,11977753,0,0.024642905220389366
ACH-000657,123631,0,0.13367067277431488
ACH-000657,126565,0,0.2241850197315216
ACH-000657,159324,0,0.22456298768520355
ACH-000657,176167,0,0.27581652998924255
ACH-000657,17755052,0,0.19715239107608795
ACH-000657,24756910,0,0.43575191497802734
ACH-000657,24776445,0,0.3980378806591034
ACH-000657,24894414,0,0.7864454388618469
ACH-000657,25124816,0,0.09646503627300262
ACH-000657,2726824,0,0.054858122020959854
ACH-000657,36462,0,0.06986013054847717
ACH-000657,42640,0,0.17089301347732544
ACH-000657,42642645,1,0.24619849026203156
ACH-000657,44462760,0,0.2591801583766937
ACH-000657,46191454,1,0.6199025511741638
ACH-000657,46885626,1,0.746588945388794
ACH-000657,46907787,0,0.17837901413440704
ACH-000657,53302361,0,0.21336473524570465
ACH-000657,5330286,0,0.4018121361732483
ACH-000657,53394750,1,0.9246589541435242
ACH-000657,65110,0,0.7071719169616699
ACH-000657,6710780,0,0.13695979118347168
ACH-000657,6852167,1,0.5581406950950623
ACH-000657,6914657,0,0.07730207592248917
ACH-000657,6918454,0,0.15589715540409088
ACH-000657,9874913,1,0.3645801544189453
ACH-000657,9884685,1,0.22052639722824097
ACH-000660,10109823,0,0.39972689747810364
ACH-000660,10341154,1,0.7421966791152954
ACH-000660,11433190,1,0.5470792651176453
ACH-000660,11455910,0,0.0602838397026062
ACH-000660,11647372,1,0.829520046710968
ACH-000660,11754511,1,0.8975715041160583
ACH-000660,16720766,0,0.24554511904716492
ACH-000660,16725726,1,0.7753881216049194
ACH-000660,25124816,0,0.14835001528263092
ACH-000660,25222038,1,0.29109305143356323
ACH-000660,300471,0,0.1408156305551529
ACH-000660,42640,1,0.1398434042930603
ACH-000660,44137675,1,0.29236364364624023
ACH-000660,44551660,0,0.9197660684585571
ACH-000660,44632017,0,0.3948083221912384
ACH-000660,446378,0,0.1668219119310379
ACH-000660,46224516,1,0.6392913460731506
ACH-000660,46883536,1,0.7612223625183105
ACH-000660,49806720,1,0.8272448778152466
ACH-000660,5208,1,0.5679027438163757
ACH-000660,5278396,1,0.5336892604827881
ACH-000660,54685215,1,0.1566038280725479
ACH-000660,6253,0,0.7671554684638977
ACH-000660,6450551,0,0.4420085549354553
ACH-000660,65110,1,0.7455159425735474
ACH-000660,85668777,0,0.06859368085861206
ACH-000660,9810884,1,0.9745713472366333
ACH-000660,9956119,1,0.44105106592178345
ACH-000660,9967941,1,0.3240656554698944
ACH-000662,10341154,0,0.08452601730823517
ACH-000662,10451420,0,0.43014249205589294
ACH-000662,10459196,1,0.09582703560590744
ACH-000662,11152667,0,0.07517751306295395
ACH-000662,11282283,0,0.19746191799640656
ACH-000662,11404337,0,0.06474395841360092
ACH-000662,11455910,0,0.07783816754817963
ACH-000662,11493598,0,0.1567842960357666
ACH-000662,11609586,0,0.12264718115329742
ACH-000662,11624601,0,0.16533273458480835
ACH-000662,11754511,0,0.1621551513671875
ACH-000662,126941,1,0.15805497765541077
ACH-000662,156422,0,0.1405484825372696
ACH-000662,216326,0,0.10207948833703995
ACH-000662,2314623,0,0.12125264108181
ACH-000662,2375,0,0.13160616159439087
ACH-000662,24756910,0,0.2026223987340927
ACH-000662,24785538,0,0.1324184685945511
ACH-000662,24889392,0,0.20495916903018951
ACH-000662,25022668,0,0.053380146622657776
ACH-000662,25167777,0,0.09329652786254883
ACH-000662,25222038,0,0.10027129203081131
ACH-000662,25257557,1,0.8443225622177124
ACH-000662,46883536,0,0.12844400107860565
ACH-000662,5280757,0,0.09891961514949799
ACH-000662,5289247,0,0.16618609428405762
ACH-000662,5327091,0,0.06722646206617355
ACH-000662,5330286,0,0.07029461860656738
ACH-000662,5394,1,0.10465815663337708
ACH-000662,5459322,0,0.13773326575756073
ACH-000662,57339144,0,0.10978155583143234
ACH-000662,6753378,0,0.11567927896976471
ACH-000662,6914657,0,0.05144708231091499
ACH-000662,6918454,0,0.20825983583927155
ACH-000662,71271629,0,0.07253799587488174
ACH-000662,9903786,0,0.0700228288769722
ACH-000662,9911830,0,0.12183526158332825
ACH-000662,9938202,0,0.16920161247253418
ACH-000662,9952773,0,0.11060114949941635
ACH-000662,9956119,0,0.3367062211036682
ACH-000663,10027278,0,0.21190248429775238
ACH-000663,10074640,0,0.11053650081157684
ACH-000663,10113978,0,0.33712366223335266
ACH-000663,10200390,0,0.09525342285633087
ACH-000663,10341154,0,0.10625740140676498
ACH-000663,104842,0,0.04289250075817108
ACH-000663,11152667,0,0.05685805901885033
ACH-000663,11327430,0,0.12797845900058746
ACH-000663,11433190,1,0.2578149735927582
ACH-000663,11493598,0,0.1392563283443451
ACH-000663,11609586,0,0.14021585881710052
ACH-000663,11625818,0,0.13782823085784912
ACH-000663,11647372,0,0.12617209553718567
ACH-000663,126565,0,0.09583300352096558
ACH-000663,16725726,0,0.8059590458869934
ACH-000663,17755052,1,0.16137881577014923
ACH-000663,2375,0,0.1157081201672554
ACH-000663,24772860,0,0.05197873339056969
ACH-000663,25102847,0,0.13883616030216217
ACH-000663,25124816,0,0.17631949484348297
ACH-000663,25167777,0,0.17560043931007385
ACH-000663,2726824,0,0.13769835233688354
ACH-000663,300471,1,0.049175944179296494
ACH-000663,3385,0,0.12062355875968933
ACH-000663,42642645,0,0.11074446886777878
ACH-000663,44450571,0,0.15338560938835144
ACH-000663,446378,0,0.1590522974729538
ACH-000663,46224516,0,0.04040280357003212
ACH-000663,5311497,0,0.11224671453237534
ACH-000663,53394750,0,0.7042331099510193
ACH-000663,54685215,0,0.10554995387792587
ACH-000663,57339144,0,0.12824319303035736
ACH-000663,6253,0,0.05490291118621826
ACH-000663,6445533,0,0.06921752542257309
ACH-000663,6450551,0,0.07300297915935516
ACH-000663,6505803,0,0.057487569749355316
ACH-000663,66577006,0,0.2243085354566574
ACH-000663,6753378,1,0.06568855792284012
ACH-000663,6918454,0,0.07007814943790436
ACH-000663,6918638,0,0.06457030028104782
ACH-000663,6918848,0,0.07886094599962234
ACH-000663,8249,0,0.14117462933063507
ACH-000663,9826528,0,0.122041255235672
ACH-000663,9858940,0,0.215847447514534
ACH-000663,9903786,0,0.09699670225381851
ACH-000663,9931953,0,0.022372862324118614
ACH-000663,9938202,0,0.13343067467212677
ACH-000664,10027278,0,0.0789770632982254
ACH-000664,10109823,0,0.11967608332633972
ACH-000664,11364421,0,0.08977819979190826
ACH-000664,11373846,0,0.48140719532966614
ACH-000664,11626560,1,0.09873952716588974
ACH-000664,11676786,0,0.1468116044998169
ACH-000664,11713159,0,0.1307235062122345
ACH-000664,16760646,0,0.16546784341335297
ACH-000664,176167,0,0.20197977125644684
ACH-000664,24785538,0,0.057527799159288406
ACH-000664,24894414,1,0.33084046840667725
ACH-000664,25022668,0,0.035650916397571564
ACH-000664,25102847,0,0.21409651637077332
ACH-000664,3005532,0,0.1794169545173645
ACH-000664,31703,0,0.042532552033662796
ACH-000664,3385,1,0.0941351056098938
ACH-000664,36314,0,0.10021141171455383
ACH-000664,44137675,0,0.12311248481273651
ACH-000664,44551660,0,0.2905351519584656
ACH-000664,46191454,1,0.3919405937194824
ACH-000664,462382,0,0.12590308487415314
ACH-000664,46885626,0,0.3559117019176483
ACH-000664,46907787,0,0.16425427794456482
ACH-000664,5208,0,0.12178516387939453
ACH-000664,5280757,0,0.09155744314193726
ACH-000664,5494449,0,0.10171330720186234
ACH-000664,5746,0,0.06212250888347626
ACH-000664,644215,0,0.09624102711677551
ACH-000664,6445533,0,0.11663210391998291
ACH-000664,6445562,0,0.16835139691829681
ACH-000664,7251185,0,0.12072382867336273
ACH-000664,8249,0,0.3383946716785431
ACH-000664,9813758,0,0.27463626861572266
ACH-000664,9874913,0,0.1652512550354004
ACH-000664,9911830,1,0.3133562505245209
ACH-000665,10113978,0,0.09609808027744293
ACH-000665,10196499,1,0.17263062298297882
ACH-000665,11152667,0,0.02299835905432701
ACH-000665,11282283,0,0.053635112941265106
ACH-000665,11373846,0,0.014695954509079456
ACH-000665,11404337,0,0.04003299027681351
ACH-000665,11617559,0,0.0447281114757061
ACH-000665,11625818,0,0.010740303434431553
ACH-000665,11647372,0,0.014007451944053173
ACH-000665,11667893,0,0.19789272546768188
ACH-000665,11707110,1,0.3237946331501007
ACH-000665,11960529,0,0.07539352029561996
ACH-000665,1401,0,0.10067715495824814
ACH-000665,2314623,0,0.0841713398694992
ACH-000665,25124816,0,0.19359348714351654
ACH-000665,2733526,0,0.07291755080223083
ACH-000665,300471,0,0.10398581624031067
ACH-000665,3218,0,0.05756258964538574
ACH-000665,3796,1,0.12879152595996857
ACH-000665,42640,0,0.04726974666118622
ACH-000665,44137675,1,0.1849115490913391
ACH-000665,447912,0,0.012121031992137432
ACH-000665,448013,0,0.24416474997997284
ACH-000665,44819241,0,0.0711774230003357
ACH-000665,46885626,0,0.014227693900465965
ACH-000665,46930998,0,0.08450068533420563
ACH-000665,46931012,0,0.0069505986757576466
ACH-000665,5311497,0,0.05251125991344452
ACH-000665,5327091,0,0.05058649182319641
ACH-000665,53340664,0,0.009525345638394356
ACH-000665,53394750,0,0.04931066930294037
ACH-000665,56962337,0,0.060833580791950226
ACH-000665,6253,0,0.013729259371757507
ACH-000665,6445533,0,0.024004759266972542
ACH-000665,6505803,0,0.12382703274488449
ACH-000665,6918289,0,0.08369497209787369
ACH-000665,71271629,0,0.018805215135216713
ACH-000665,9903786,0,0.00557285500690341
ACH-000665,9910224,0,0.011809268966317177
ACH-000665,9938202,0,0.03670734167098999
ACH-000665,9952773,0,0.021071670576930046
ACH-000665,9967941,0,0.03421003371477127
ACH-000667,10027278,1,0.44824206829071045
ACH-000667,10074640,0,0.08497820049524307
ACH-000667,10096043,1,0.45160382986068726
ACH-000667,10451420,1,0.1922922283411026
ACH-000667,10459196,0,0.4180065095424652
ACH-000667,11433190,0,0.35475772619247437
ACH-000667,11493598,0,0.20201130211353302
ACH-000667,11634725,0,0.29651474952697754
ACH-000667,11707110,1,0.7265329957008362
ACH-000667,123631,0,0.7439134120941162
ACH-000667,126941,0,0.13971103727817535
ACH-000667,16725726,0,0.4340449869632721
ACH-000667,16747388,0,0.0641743540763855
ACH-000667,176167,1,0.16124019026756287
ACH-000667,17755052,1,0.15873901546001434
ACH-000667,23725625,1,0.24280674755573273
ACH-000667,24776445,1,0.31251761317253113
ACH-000667,25262965,1,0.2453395277261734
ACH-000667,3005532,1,0.37328699231147766
ACH-000667,3218,1,0.204380601644516
ACH-000667,42640,0,0.17903195321559906
ACH-000667,44143370,0,0.3091697096824646
ACH-000667,44462760,0,0.39366236329078674
ACH-000667,44632017,0,0.18831834197044373
ACH-000667,46224516,0,0.05692525953054428
ACH-000667,51371303,1,0.25133395195007324
ACH-000667,521106,0,0.1688443273305893
ACH-000667,5311497,1,0.24152907729148865
ACH-000667,5328940,0,0.2849746346473694
ACH-000667,53394750,1,0.622379720211029
ACH-000667,54685215,0,0.28711238503456116
ACH-000667,56965967,0,0.0931757465004921
ACH-000667,644241,0,0.12264561653137207
ACH-000667,6450816,0,0.1872667670249939
ACH-000667,6918848,0,0.07001234591007233
ACH-000667,71271629,0,0.3229595720767975
ACH-000667,9826528,1,0.33286893367767334
ACH-000667,9874913,0,0.37920433282852173
ACH-000667,9943465,0,0.4198979139328003
ACH-000668,10027278,0,0.05907145515084267
ACH-000668,10109823,0,0.19050316512584686
ACH-000668,10341154,0,0.057825636118650436
ACH-000668,11152667,0,0.06214301288127899
ACH-000668,11178236,0,0.1056896448135376
ACH-000668,11282283,0,0.1453939825296402
ACH-000668,11493598,1,0.09810702502727509
ACH-000668,11609586,0,0.09860450029373169
ACH-000668,11960529,0,0.09868310391902924
ACH-000668,16725726,1,0.49483323097229004
ACH-000668,216326,0,0.052276574075222015
ACH-000668,23725625,0,0.05603573098778725
ACH-000668,2733526,0,0.1083807647228241
ACH-000668,444795,0,0.09533108025789261
ACH-000668,448013,0,0.07537052035331726
ACH-000668,46191454,1,0.08945223689079285
ACH-000668,46883536,0,0.0439751073718071
ACH-000668,521106,0,0.04303312674164772
ACH-000668,5311,0,0.11268484592437744
ACH-000668,5311497,0,0.0535532645881176
ACH-000668,5327091,0,0.03501761332154274
ACH-000668,53302361,0,0.0870315209031105
ACH-000668,53394750,1,0.18869227170944214
ACH-000668,5459322,0,0.1062508374452591
ACH-000668,56962337,0,0.13606365025043488
ACH-000668,56965967,0,0.045287203043699265
ACH-000668,6710780,0,0.04711455479264259
ACH-000668,6914657,0,0.10257846862077713
ACH-000668,6918454,0,0.09188006818294525
ACH-000668,6918638,0,0.02915870025753975
ACH-000668,71271629,0,0.02364390157163143
ACH-000668,9858940,0,0.0725507065653801
ACH-000668,9863776,0,0.059421438723802567
ACH-000668,9943465,0,0.16322928667068481
ACH-000669,10077147,0,0.011920283548533916
ACH-000669,10109823,0,0.08213993161916733
ACH-000669,11178236,0,0.07002554088830948
ACH-000669,11282283,0,0.14547544717788696
ACH-000669,11373846,0,0.035484012216329575
ACH-000669,11493598,0,0.13949744403362274
ACH-000669,11624601,0,0.07774467766284943
ACH-000669,11640390,0,0.3301374614238739
ACH-000669,1401,0,0.17833629250526428
ACH-000669,24785538,0,0.17761225998401642
ACH-000669,24826799,0,0.06619113683700562
ACH-000669,2726824,0,0.1430632323026657
ACH-000669,3218,0,0.08834795653820038
ACH-000669,3463933,0,0.20153112709522247
ACH-000669,42640,0,0.09031752496957779
ACH-000669,44143370,0,0.06800215691328049
ACH-000669,44224160,0,0.021473534405231476
ACH-000669,44450571,0,0.1676279455423355
ACH-000669,44462760,0,0.2442348748445511
ACH-000669,446378,0,0.07482573390007019
ACH-000669,447912,0,0.03573215752840042
ACH-000669,46224516,0,0.024810606613755226
ACH-000669,46943432,0,0.03701941668987274
ACH-000669,5208,0,0.07285559922456741
ACH-000669,5394,0,0.10064898431301117
ACH-000669,54676905,0,0.16083991527557373
ACH-000669,5746,0,0.08067222684621811
ACH-000669,6445533,0,0.027385637164115906
ACH-000669,6505803,0,0.07620545476675034
ACH-000669,66577006,0,0.012723822146654129
ACH-000669,6918638,0,0.012122534215450287
ACH-000669,82146,0,0.08347739279270172
ACH-000669,9813758,0,0.046790480613708496
ACH-000669,9863776,0,0.15891365706920624
ACH-000669,9874913,0,0.1434621959924698
ACH-000669,9910224,0,0.03434498980641365
ACH-000669,9952773,0,0.04718278720974922
ACH-000669,9967941,0,0.10393895953893661
ACH-000670,10109823,0,0.10039342194795609
ACH-000670,10200390,0,0.023235365748405457
ACH-000670,11634725,0,0.05243818461894989
ACH-000670,11977753,0,0.10523320734500885
ACH-000670,126565,0,0.05581165477633476
ACH-000670,1401,0,0.20257191359996796
ACH-000670,176167,0,0.08609617501497269
ACH-000670,2375,0,0.04187426343560219
ACH-000670,24826799,0,0.03868764638900757
ACH-000670,25262965,0,0.08990294486284256
ACH-000670,3005532,0,0.21124179661273956
ACH-000670,36462,0,0.03863835707306862
ACH-000670,4263900,0,0.08337657898664474
ACH-000670,44462760,0,0.08788307011127472
ACH-000670,46191454,0,0.03794649988412857
ACH-000670,46907787,0,0.07802066951990128
ACH-000670,46930998,0,0.05796504020690918
ACH-000670,51371303,0,0.041185084730386734
ACH-000670,5280757,1,0.15739795565605164
ACH-000670,5328940,0,0.06441213190555573
ACH-000670,5330286,0,0.028451766818761826
ACH-000670,5459322,0,0.10857027769088745
ACH-000670,54685215,1,0.12719686329364777
ACH-000670,60750,1,0.07800261676311493
ACH-000670,6450816,0,0.0378606803715229
ACH-000670,6753378,0,0.022817537188529968
ACH-000670,6852167,0,0.01883098855614662
ACH-000670,82146,0,0.09163478761911392
ACH-000670,9813758,0,0.020694004371762276
ACH-000670,9952773,0,0.03159339353442192
ACH-000672,10027278,1,0.02312586084008217
ACH-000672,10074640,0,0.021921783685684204
ACH-000672,10109823,1,0.02824525721371174
ACH-000672,10200390,0,0.0070874630473554134
ACH-000672,11178236,0,0.0512390062212944
ACH-000672,11316960,0,0.04196137189865112
ACH-000672,11433190,0,0.18661244213581085
ACH-000672,11624601,0,0.04495452716946602
ACH-000672,11667893,0,0.13669905066490173
ACH-000672,159324,1,0.003925652708858252
ACH-000672,16038120,0,0.10771109163761139
ACH-000672,16663089,0,0.07351499795913696
ACH-000672,216326,0,0.029107509180903435
ACH-000672,2375,0,0.034547753632068634
ACH-000672,24776445,0,0.03867502138018608
ACH-000672,24785538,0,0.06256761401891708
ACH-000672,24825971,0,0.03642434999346733
ACH-000672,24978538,0,0.27864599227905273
ACH-000672,2733526,0,0.09697941690683365
ACH-000672,31703,0,0.009066049009561539
ACH-000672,3463933,0,0.16550108790397644
ACH-000672,36314,0,0.02863624505698681
ACH-000672,36462,0,0.01275433599948883
ACH-000672,3796,0,0.031145920976996422
ACH-000672,5327091,0,0.02604205347597599
ACH-000672,5328940,0,0.017251716926693916
ACH-000672,5394,0,0.05988657847046852
ACH-000672,5494449,0,0.06237926706671715
ACH-000672,71271629,0,0.005582084879279137
ACH-000672,82146,1,0.04824068024754524
ACH-000672,9884685,0,0.011230048723518848
ACH-000672,9911830,0,0.03360305353999138
ACH-000672,9931953,0,0.014497799798846245
ACH-000672,9952773,0,0.01578196883201599
ACH-000672,9967941,0,0.054646871984004974
ACH-000674,11178236,0,0.09161163866519928
ACH-000674,11640390,0,0.3165290951728821
ACH-000674,11667893,0,0.14305579662322998
ACH-000674,11754511,0,0.11661090701818466
ACH-000674,11977753,0,0.125083327293396
ACH-000674,126565,0,0.10570506006479263
ACH-000674,24785538,0,0.2087658792734146
ACH-000674,24951314,0,0.04487089812755585
ACH-000674,25022668,0,0.10105197131633759
ACH-000674,3005532,0,0.1713285744190216
ACH-000674,31703,0,0.047540150582790375
ACH-000674,4263900,0,0.1035853922367096
ACH-000674,42640,1,0.10773564875125885
ACH-000674,447912,0,0.07835174351930618
ACH-000674,46191454,0,0.09775792807340622
ACH-000674,46843772,1,0.16443262994289398
ACH-000674,46931012,0,0.0652579814195633
ACH-000674,46943432,0,0.11920668929815292
ACH-000674,5113032,0,0.1609230488538742
ACH-000674,5208,0,0.13122870028018951
ACH-000674,5311497,0,0.10204151272773743
ACH-000674,53394750,0,0.4045599400997162
ACH-000674,5459322,0,0.12506376206874847
ACH-000674,6253,0,0.05965569242835045
ACH-000674,6450551,0,0.11037423461675644
ACH-000674,65110,0,0.09876001626253128
ACH-000674,6710780,0,0.0788300409913063
ACH-000674,9884685,0,0.05498823896050453
ACH-000674,9910224,0,0.09789308160543442
ACH-000674,9967941,0,0.20147809386253357
ACH-000677,10096043,0,0.015063965693116188
ACH-000677,10127622,0,0.07648032903671265
ACH-000677,10196499,0,0.18767520785331726
ACH-000677,10341154,0,0.005004577338695526
ACH-000677,104842,0,0.008280517533421516
ACH-000677,11152667,0,0.013170772232115269
ACH-000677,11404337,0,0.005824900232255459
ACH-000677,11609586,0,0.03562084585428238
ACH-000677,11625818,0,0.0038776316214352846
ACH-000677,11707110,0,0.2377735823392868
ACH-000677,11960529,0,0.046068884432315826
ACH-000677,1401,0,0.08177684247493744
ACH-000677,156422,0,0.09728784114122391
ACH-000677,159324,0,0.0024329812731593847
ACH-000677,176167,0,0.08570116758346558
ACH-000677,2314623,0,0.0380890816450119
ACH-000677,24180719,0,0.022934269160032272
ACH-000677,24785538,0,0.03747062012553215
ACH-000677,25124816,0,0.14963118731975555
ACH-000677,2726824,0,0.06944313645362854
ACH-000677,2733526,0,0.04966681823134422
ACH-000677,300471,0,0.05459296330809593
ACH-000677,4263900,0,0.01748737320303917
ACH-000677,44224160,0,0.008076353929936886
ACH-000677,44462760,0,0.03883520886301994
ACH-000677,44551660,0,0.004184333607554436
ACH-000677,447912,0,0.006691044196486473
ACH-000677,46843772,0,0.03077840618789196
ACH-000677,46907787,0,0.023567935451865196
ACH-000677,46931012,0,0.001517980475910008
ACH-000677,521106,0,0.007371974643319845
ACH-000677,5289247,0,0.015503444708883762
ACH-000677,5328940,0,0.005885581020265818
ACH-000677,644241,0,0.006892431061714888
ACH-000677,6445533,0,0.007355944719165564
ACH-000677,6852167,0,0.01026699785143137
ACH-000677,6914657,0,0.042504046112298965
ACH-000677,8249,0,0.04564762860536575
ACH-000677,84691,0,0.01658911071717739
ACH-000677,85668777,0,0.24915699660778046
ACH-000677,9810884,0,0.18603868782520294
ACH-000677,9813758,0,0.008118623867630959
ACH-000677,9826528,0,0.03702059015631676
ACH-000677,9910224,0,0.006831158883869648
ACH-000677,9911830,0,0.011423280462622643
ACH-000677,9931953,0,0.02206997200846672
ACH-000677,9956119,0,0.1093984916806221
ACH-000677,9956222,0,0.016317442059516907
ACH-000678,10384072,0,0.03503426909446716
ACH-000678,10459196,0,0.014123649336397648
ACH-000678,11152667,0,0.005277818068861961
ACH-000678,11667893,0,0.10270034521818161
ACH-000678,11707110,0,0.590605616569519
ACH-000678,24978538,0,0.0661221444606781
ACH-000678,5327091,0,0.009431734681129456
ACH-000678,6253,0,0.00041727139614522457
ACH-000678,6918454,0,0.026007317006587982
ACH-000678,84691,0,0.009018940851092339
ACH-000678,9826528,0,0.0294294822961092
ACH-000678,9863776,0,0.01014539785683155
ACH-000678,9914412,0,0.0006665186956524849
ACH-000678,9931953,0,0.009968169964849949
ACH-000678,9938202,0,0.041823986917734146
ACH-000679,10196499,0,0.18001984059810638
ACH-000679,10200390,0,0.015329585410654545
ACH-000679,11493598,0,0.04294465482234955
ACH-000679,11624601,0,0.10183505713939667
ACH-000679,11707110,0,0.790934145450592
ACH-000679,11713159,0,0.07947432994842529
ACH-000679,11977753,0,0.06089850142598152
ACH-000679,159324,0,0.012775403447449207
ACH-000679,17755052,0,0.02507886104285717
ACH-000679,23725625,0,0.020688725635409355
ACH-000679,24776445,0,0.030331388115882874
ACH-000679,25124816,1,0.2119050920009613
ACH-000679,25257557,0,0.4991546869277954
ACH-000679,300471,0,0.08362957835197449
ACH-000679,3463933,0,0.3149847984313965
ACH-000679,36462,0,0.027512136846780777
ACH-000679,3796,0,0.10239692777395248
ACH-000679,44137675,0,0.08975455164909363
ACH-000679,44143370,0,0.05961990728974342
ACH-000679,44462760,0,0.13429807126522064
ACH-000679,44632017,0,0.029913844540715218
ACH-000679,46883536,0,0.020916055887937546
ACH-000679,51371303,1,0.0727931559085846
ACH-000679,5208,0,0.046082738786935806
ACH-000679,5280757,0,0.1869267225265503
ACH-000679,5328940,0,0.02950330451130867
ACH-000679,56965967,0,0.009635972790420055
ACH-000679,57339144,0,0.034577012062072754
ACH-000679,637858,0,0.028504127636551857
ACH-000679,6753378,0,0.029966818168759346
ACH-000679,6918289,0,0.06844428181648254
ACH-000679,8249,0,0.049582529813051224
ACH-000679,9884685,0,0.012480639852583408
ACH-000679,9910224,0,0.0157838873565197
ACH-000679,9911830,0,0.015940126031637192
ACH-000679,9938202,0,0.06524528563022614
ACH-000679,9952773,0,0.02102716453373432
ACH-000680,10074640,0,0.0011415977496653795
ACH-000680,10113978,0,0.005462550558149815
ACH-000680,11316960,0,0.10426690429449081
ACH-000680,11485656,0,0.00406182324513793
ACH-000680,11707110,0,0.993584930896759
ACH-000680,156422,0,0.0076218415051698685
ACH-000680,16722836,0,0.000101058030850254
ACH-000680,176158,0,0.009768606163561344
ACH-000680,24180719,0,0.023369938135147095
ACH-000680,24772860,0,9.674826287664473e-05
ACH-000680,25102847,0,0.011141848750412464
ACH-000680,3796,0,0.0013229870237410069
ACH-000680,44450571,0,0.007752080913633108
ACH-000680,46843772,0,0.004849301651120186
ACH-000680,46883536,0,0.0007052855798974633
ACH-000680,46885626,0,0.0016940628411248326
ACH-000680,5311497,0,0.00020131257770117372
ACH-000680,5327091,0,0.001708099152892828
ACH-000680,53340664,0,0.0003463784232735634
ACH-000680,5394,0,0.0036556341219693422
ACH-000680,5459322,0,0.012579505331814289
ACH-000680,54676905,0,0.00912685226649046
ACH-000680,57339144,0,0.0014898388180881739
ACH-000680,60750,0,0.0003334001521579921
ACH-000680,637858,0,0.00036322284722700715
ACH-000680,644241,0,0.0008377171470783651
ACH-000680,6445562,0,0.0012742509134113789
ACH-000680,9826528,0,0.33470162749290466
ACH-000680,9910224,0,0.0005408002180047333
ACH-000680,9952773,0,0.0005172911914996803
ACH-000681,10127622,0,0.7387555837631226
ACH-000681,11152667,0,0.05578767508268356
ACH-000681,11624601,0,0.16416941583156586
ACH-000681,24978538,0,0.07720613479614258
ACH-000681,44450571,0,0.29491332173347473
ACH-000681,46843772,0,0.10503827780485153
ACH-000681,51371303,0,0.087315134704113
ACH-000681,5330286,0,0.0333138071000576
ACH-000681,644241,0,0.05699923262000084
ACH-000681,6710780,0,0.06413962692022324
ACH-000681,6914657,0,0.06009642407298088
ACH-000681,71271629,0,0.09128303080797195
ACH-000684,10074640,0,0.018810059875249863
ACH-000684,10096043,0,0.045579470694065094
ACH-000684,10113978,0,0.16033056378364563
ACH-000684,11338033,0,0.006341811269521713
ACH-000684,11373846,0,0.011179612018167973
ACH-000684,123631,0,0.11234518140554428
ACH-000684,159324,0,0.00891353189945221
ACH-000684,16722836,0,0.0028368995990604162
ACH-000684,216326,0,0.020584864541888237
ACH-000684,23725625,0,0.027999835088849068
ACH-000684,24826799,0,0.027331210672855377
ACH-000684,24951314,0,0.002445228397846222
ACH-000684,25022668,0,0.01210558507591486
ACH-000684,2733526,0,0.09233949333429337
ACH-000684,3005532,1,0.17921984195709229
ACH-000684,31703,0,0.011568362824618816
ACH-000684,36462,0,0.011000427417457104
ACH-000684,44632017,0,0.05626828968524933
ACH-000684,46883536,0,0.01007961854338646
ACH-000684,46885626,0,0.027068184688687325
ACH-000684,46930998,0,0.02235954813659191
ACH-000684,5278396,0,0.0276721753180027
ACH-000684,5289247,0,0.061114076524972916
ACH-000684,5327091,0,0.04288691654801369
ACH-000684,5328940,0,0.025128399953246117
ACH-000684,5330286,0,0.0127155352383852
ACH-000684,53340664,0,0.008878679014742374
ACH-000684,5459322,0,0.07339367270469666
ACH-000684,5460769,0,0.04520268365740776
ACH-000684,54685215,0,0.12185043841600418
ACH-000684,56965967,0,0.005655803717672825
ACH-000684,66577006,1,0.004867216106504202
ACH-000684,6918289,0,0.050683267414569855
ACH-000684,6918454,0,0.15361268818378448
ACH-000684,6918638,0,0.002801528898999095
ACH-000684,71271629,0,0.008030022494494915
ACH-000684,9810884,0,0.26599568128585815
ACH-000684,9874913,0,0.06701567769050598
ACH-000684,9903786,0,0.002607709262520075
ACH-000684,9911830,0,0.023913325741887093
ACH-000684,9943465,0,0.15058976411819458
ACH-000688,10459196,0,0.07485558837652206
ACH-000688,11282283,0,0.14590512216091156
ACH-000688,11316960,1,0.24398566782474518
ACH-000688,176158,0,0.11466823518276215
ACH-000688,24776445,0,0.1343153864145279
ACH-000688,25167777,0,0.057852763682603836
ACH-000688,25195352,0,0.05986221507191658
ACH-000688,25262965,0,0.13294874131679535
ACH-000688,300471,0,0.07494308054447174
ACH-000688,42640,0,0.09230636805295944
ACH-000688,44819241,0,0.1435522586107254
ACH-000688,46943432,0,0.190640389919281
ACH-000688,49806720,1,0.2232215851545334
ACH-000688,5113032,0,0.1741001158952713
ACH-000688,53340664,0,0.07246386259794235
ACH-000688,53394750,0,0.4496968984603882
ACH-000688,54685215,0,0.10817740112543106
ACH-000688,56965967,0,0.05849149078130722
ACH-000688,6450816,0,0.052716366946697235
ACH-000688,6918289,0,0.12534654140472412
ACH-000688,71271629,0,0.03766398876905441
ACH-000688,9826528,0,0.3093007802963257
ACH-000688,9903786,0,0.06381718814373016
ACH-000689,104842,0,0.03254420682787895
ACH-000689,11373846,0,0.05679171532392502
ACH-000689,11433190,1,0.10261578112840652
ACH-000689,11707110,0,0.13008524477481842
ACH-000689,16720766,0,0.047931067645549774
ACH-000689,176158,0,0.03235317021608353
ACH-000689,17755052,0,0.01819774881005287
ACH-000689,444795,0,0.13298465311527252
ACH-000689,44632017,0,0.05182835832238197
ACH-000689,9858940,0,0.030219335108995438
ACH-000689,9863776,0,0.04939120635390282
ACH-000689,9943465,0,0.21021071076393127
ACH-000691,10027278,0,0.10647472739219666
ACH-000691,10077147,0,0.041090551763772964
ACH-000691,10184653,1,0.2569006085395813
ACH-000691,10200390,0,0.07227989286184311
ACH-000691,10302451,0,0.3429449498653412
ACH-000691,10384072,0,0.0785011276602745
ACH-000691,10459196,0,0.08882571011781693
ACH-000691,11152667,0,0.06286107748746872
ACH-000691,11327430,1,0.10251246392726898
ACH-000691,11707110,0,0.15585336089134216
ACH-000691,11977753,0,0.05158459395170212
ACH-000691,123631,0,0.22474074363708496
ACH-000691,1401,0,0.23249290883541107
ACH-000691,16038120,0,0.17440909147262573
ACH-000691,24180719,0,0.09544742107391357
ACH-000691,24825971,0,0.08168835937976837
ACH-000691,24894414,0,0.3884608745574951
ACH-000691,25124816,1,0.16234815120697021
ACH-000691,25262965,1,0.16464895009994507
ACH-000691,2733526,0,0.17553052306175232
ACH-000691,3385,0,0.143326997756958
ACH-000691,387447,0,0.10991208255290985
ACH-000691,44224160,0,0.10206785798072815
ACH-000691,51371303,0,0.0808778628706932
ACH-000691,521106,0,0.09075261652469635
ACH-000691,5280757,0,0.056835073977708817
ACH-000691,5330286,0,0.07992586493492126
ACH-000691,5394,0,0.1470932960510254
ACH-000691,6253,0,0.0767267569899559
ACH-000691,6445562,0,0.5545303225517273
ACH-000691,6918289,0,0.15686844289302826
ACH-000691,9911830,1,0.297846257686615
ACH-000691,9938202,0,0.14004561305046082
ACH-000693,10027278,0,0.23951680958271027
ACH-000693,10109823,0,0.3144778609275818
ACH-000693,10451420,1,0.3051629662513733
ACH-000693,104842,0,0.17556947469711304
ACH-000693,11455910,0,0.1275620013475418
ACH-000693,11493598,0,0.33962172269821167
ACH-000693,11707110,0,0.4952391982078552
ACH-000693,11754511,0,0.1809556484222412
ACH-000693,159324,0,0.24375087022781372
ACH-000693,24826799,0,0.2717640995979309
ACH-000693,3005532,0,0.25855836272239685
ACH-000693,31703,0,0.12414132803678513
ACH-000693,42640,0,0.20615056157112122
ACH-000693,44462760,0,0.24201494455337524
ACH-000693,44551660,0,0.17815881967544556
ACH-000693,44632017,0,0.21536795794963837
ACH-000693,446378,0,0.25697097182273865
ACH-000693,44819241,0,0.37072381377220154
ACH-000693,46931012,0,0.14035344123840332
ACH-000693,5113032,0,0.3158815801143646
ACH-000693,51371303,0,0.26799869537353516
ACH-000693,5208,0,0.24145588278770447
ACH-000693,5280757,0,0.20326018333435059
ACH-000693,53394750,0,0.5893950462341309
ACH-000693,56962337,0,0.2526538670063019
ACH-000693,60750,0,0.17314359545707703
ACH-000693,6445533,0,0.14309175312519073
ACH-000693,6450816,0,0.14178773760795593
ACH-000693,66577006,0,0.16421984136104584
ACH-000693,6914657,0,0.13381421566009521
ACH-000693,71271629,0,0.1699368804693222
ACH-000693,9858940,0,0.21264854073524475
ACH-000693,9868037,0,0.2672876715660095
ACH-000693,9910224,0,0.19884571433067322
ACH-000693,9931953,0,0.10897228121757507
ACH-000693,9952773,0,0.19169166684150696
ACH-000694,10109823,0,0.13659779727458954
ACH-000694,10113978,0,0.2279394567012787
ACH-000694,10200390,0,0.011353285983204842
ACH-000694,10390396,0,0.11951185762882233
ACH-000694,11327430,0,0.017224429175257683
ACH-000694,11485656,0,0.014603395015001297
ACH-000694,11493598,0,0.012359919026494026
ACH-000694,11609586,0,0.08935708552598953
ACH-000694,11625818,0,0.006374322343617678
ACH-000694,11626560,0,0.014304036274552345
ACH-000694,11640390,0,0.12416701018810272
ACH-000694,11667893,0,0.19732245802879333
ACH-000694,126565,0,0.03006649948656559
ACH-000694,1401,0,0.12556874752044678
ACH-000694,156422,0,0.17789635062217712
ACH-000694,16095342,0,0.09693565219640732
ACH-000694,16760646,0,0.1310766488313675
ACH-000694,176158,0,0.11458715051412582
ACH-000694,20635522,0,0.09143871814012527
ACH-000694,2314623,0,0.08549264073371887
ACH-000694,2375,0,0.02735503949224949
ACH-000694,24776445,0,0.03353195637464523
ACH-000694,24826799,0,0.0230608768761158
ACH-000694,25102847,0,0.024732481688261032
ACH-000694,25167777,0,0.009003130719065666
ACH-000694,2733526,0,0.0883992463350296
ACH-000694,387447,1,0.429225355386734
ACH-000694,4261,0,0.07600241154432297
ACH-000694,4263900,0,0.05844390019774437
ACH-000694,42642645,0,0.013445094227790833
ACH-000694,44182295,0,0.08553092926740646
ACH-000694,44450571,0,0.2515995502471924
ACH-000694,446378,0,0.2315821647644043
ACH-000694,46191454,0,0.009141841903328896
ACH-000694,46844147,0,0.014997143298387527
ACH-000694,49821040,0,0.24467483162879944
ACH-000694,4993,0,0.10569331794977188
ACH-000694,5330286,0,0.01187293604016304
ACH-000694,6253,0,0.019985385239124298
ACH-000694,644215,0,0.07434308528900146
ACH-000694,6450816,0,0.06892235577106476
ACH-000694,6753378,0,0.012794487178325653
ACH-000694,6918454,0,0.059220463037490845
ACH-000694,9826528,0,0.10156910866498947
ACH-000694,9858940,0,0.15280388295650482
ACH-000694,9874913,0,0.09065911173820496
ACH-000694,9967941,0,0.06152797490358353
ACH-000696,10027278,0,0.17660340666770935
ACH-000696,10096043,0,0.20368479192256927
ACH-000696,10127622,0,0.2689951956272125
ACH-000696,10196499,0,0.16084134578704834
ACH-000696,11178236,0,0.11073556542396545
ACH-000696,11404337,0,0.18933457136154175
ACH-000696,11493598,0,0.1548156887292862
ACH-000696,11609586,1,0.17195527255535126
ACH-000696,11625818,0,0.08431434631347656
ACH-000696,11640390,0,0.23896369338035583
ACH-000696,11667893,0,0.13522610068321228
ACH-000696,11754511,0,0.0762886106967926
ACH-000696,123631,0,0.18471264839172363
ACH-000696,126941,0,0.07742945104837418
ACH-000696,148124,0,0.22698897123336792
ACH-000696,156422,0,0.17818723618984222
ACH-000696,17755052,0,0.07567673176527023
ACH-000696,23725625,0,0.14035150408744812
ACH-000696,24180719,0,0.24206730723381042
ACH-000696,24756910,0,0.08753923326730728
ACH-000696,25222038,0,0.12549223005771637
ACH-000696,36462,0,0.13709375262260437
ACH-000696,4263900,0,0.14263015985488892
ACH-000696,44137675,0,0.15218950808048248
ACH-000696,44182295,0,0.28205594420433044
ACH-000696,46931012,0,0.04421978443861008
ACH-000696,51371303,0,0.154901385307312
ACH-000696,5311497,0,0.09567227959632874
ACH-000696,5327091,0,0.1568261831998825
ACH-000696,5330286,0,0.11753383278846741
ACH-000696,53394750,1,0.2973036766052246
ACH-000696,54685215,0,0.20029358565807343
ACH-000696,6253,0,0.18936754763126373
ACH-000696,6450551,0,0.11095523089170456
ACH-000696,66577006,0,0.08586602658033371
ACH-000696,6918454,0,0.23444059491157532
ACH-000696,71271629,0,0.11223132163286209
ACH-000696,84691,0,0.25134509801864624
ACH-000696,9813758,0,0.07259045541286469
ACH-000696,9884685,0,0.05711892619729042
ACH-000696,9931953,1,0.2161618322134018
ACH-000696,9952773,0,0.08847439289093018
ACH-000697,10077147,0,0.2162359654903412
ACH-000697,10096043,0,0.17834822833538055
ACH-000697,10109823,0,0.41217488050460815
ACH-000697,10172943,0,0.3077598512172699
ACH-000697,10184653,0,0.2070266753435135
ACH-000697,10302451,0,0.588356077671051
ACH-000697,10451420,1,0.9316620826721191
ACH-000697,11364421,0,0.32188427448272705
ACH-000697,11373846,1,0.6198460459709167
ACH-000697,11404337,0,0.2477049082517624
ACH-000697,11625818,1,0.5645521879196167
ACH-000697,11676786,0,0.560655951499939
ACH-000697,126565,0,0.2689703106880188
ACH-000697,216326,0,0.43349912762641907
ACH-000697,2314623,0,0.19985611736774445
ACH-000697,2375,1,0.2999587059020996
ACH-000697,24756910,0,0.6846930980682373
ACH-000697,24978538,0,0.8035243153572083
ACH-000697,25022668,0,0.1985895186662674
ACH-000697,25262965,0,0.36394962668418884
ACH-000697,2733526,1,0.2657625377178192
ACH-000697,300471,0,0.06927996128797531
ACH-000697,3218,0,0.1009998768568039
ACH-000697,387447,0,0.1436794102191925
ACH-000697,42640,0,0.10706528276205063
ACH-000697,44137675,0,0.20454296469688416
ACH-000697,44143370,1,0.4174729883670807
ACH-000697,44182295,0,0.24127626419067383
ACH-000697,44551660,1,0.6273676156997681
ACH-000697,44632017,0,0.2206658124923706
ACH-000697,44819241,0,0.3050476014614105
ACH-000697,5311497,0,0.12982456386089325
ACH-000697,5329102,0,0.28147146105766296
ACH-000697,53394750,1,0.9792846441268921
ACH-000697,54685215,0,0.09988230466842651
ACH-000697,5746,0,0.09060294181108475
ACH-000697,6445562,1,0.7680668234825134
ACH-000697,6852167,0,0.5788316130638123
ACH-000697,8249,1,0.41307616233825684
ACH-000697,85668777,0,0.07046068459749222
ACH-000697,9826528,0,0.34798693656921387
ACH-000697,9868037,1,0.6890517473220825
ACH-000697,9903786,1,0.7042292356491089
ACH-000698,10074640,0,0.03788994997739792
ACH-000698,10109823,0,0.07303453981876373
ACH-000698,10184653,0,0.3992624580860138
ACH-000698,10196499,0,0.25817540287971497
ACH-000698,104842,0,0.02766674943268299
ACH-000698,11404337,0,0.010766563937067986
ACH-000698,11493598,0,0.0521821454167366
ACH-000698,126941,0,0.03322833031415939
ACH-000698,159324,0,0.010516057722270489
ACH-000698,16725726,0,0.45867249369621277
ACH-000698,23725625,0,0.046448126435279846
ACH-000698,25022668,0,0.012205412611365318
ACH-000698,36462,0,0.014575564302504063
ACH-000698,42640,0,0.1774490624666214
ACH-000698,446378,0,0.05476570129394531
ACH-000698,46843772,0,0.07580440491437912
ACH-000698,46931012,0,0.004302783869206905
ACH-000698,5289247,0,0.040870122611522675
ACH-000698,5311,0,0.06648431718349457
ACH-000698,57339144,0,0.034329574555158615
ACH-000698,6445562,0,0.016430305317044258
ACH-000698,6450816,0,0.029115406796336174
ACH-000698,66577006,0,0.009861638769507408
ACH-000698,6753378,0,0.015078363008797169
ACH-000698,6918848,0,0.010686106979846954
ACH-000698,704473,0,0.025128167122602463
ACH-000698,71271629,0,0.011147702112793922
ACH-000698,84691,0,0.05930829048156738
ACH-000698,9911830,0,0.022339459508657455
ACH-000698,9938202,0,0.1967538446187973
ACH-000698,9943465,1,0.236579030752182
ACH-000699,10027278,0,0.00946253351867199
ACH-000699,10109823,0,0.04765722155570984
ACH-000699,10451420,0,0.011245997622609138
ACH-000699,11485656,0,0.010462705977261066
ACH-000699,11647372,0,0.0019413251429796219
ACH-000699,126565,0,0.003196306526660919
ACH-000699,126941,0,0.006067394744604826
ACH-000699,159324,0,0.0011036405339837074
ACH-000699,2314623,0,0.05535713583230972
ACH-000699,25102847,0,0.026180043816566467
ACH-000699,25126798,0,0.010355794802308083
ACH-000699,25167777,0,0.0022863224148750305
ACH-000699,31703,0,0.0023118595127016306
ACH-000699,3218,0,0.0262590479105711
ACH-000699,3463933,1,0.31787392497062683
ACH-000699,3796,0,0.01433331798762083
ACH-000699,44137675,0,0.07264150679111481
ACH-000699,44182295,0,0.009913688525557518
ACH-000699,44224160,0,0.002920621307566762
ACH-000699,44462760,0,0.02737298421561718
ACH-000699,44632017,0,0.018671222031116486
ACH-000699,447912,0,0.005685958545655012
ACH-000699,49806720,0,0.026942698284983635
ACH-000699,5280757,0,0.05993220582604408
ACH-000699,644241,0,0.0038482574746012688
ACH-000699,6914657,0,0.029835542663931847
ACH-000699,6918848,0,0.0021952560637146235
ACH-000699,704473,0,0.011024270206689835
ACH-000699,8249,0,0.007584842853248119
ACH-000702,10077147,1,0.028565261512994766
ACH-000702,11282283,0,0.11685262620449066
ACH-000702,11316960,0,0.11971041560173035
ACH-000702,11364421,0,0.055982884019613266
ACH-000702,11373846,0,0.2826186418533325
ACH-000702,11404337,0,0.018058927729725838
ACH-000702,11625818,0,0.10250958055257797
ACH-000702,11640390,0,0.1074681207537651
ACH-000702,11707110,0,0.15727318823337555
ACH-000702,11977753,1,0.01729067787528038
ACH-000702,126565,1,0.046976733952760696
ACH-000702,148124,0,0.03444225713610649
ACH-000702,16095342,0,0.14058110117912292
ACH-000702,16725726,0,0.5620133280754089
ACH-000702,16760646,0,0.13076214492321014
ACH-000702,17755052,0,0.09227857738733292
ACH-000702,208908,0,0.10731622576713562
ACH-000702,2314623,0,0.0888160690665245
ACH-000702,2375,0,0.087055504322052
ACH-000702,25022668,0,0.00854931678622961
ACH-000702,25124816,0,0.052229538559913635
ACH-000702,3463933,0,0.0787777528166771
ACH-000702,36462,0,0.04305662214756012
ACH-000702,446378,0,0.024231918156147003
ACH-000702,49836027,0,0.07972879707813263
ACH-000702,5278396,0,0.05419422686100006
ACH-000702,53340664,0,0.09964577853679657
ACH-000702,5746,0,0.03795531764626503
ACH-000702,644215,0,0.02929663471877575
ACH-000702,6918848,0,0.15629145503044128
ACH-000702,9549184,0,0.3256215453147888
ACH-000702,9826528,0,0.10283958166837692
ACH-000702,9858940,0,0.031376659870147705
ACH-000702,9863776,0,0.1148233488202095
ACH-000702,9868037,0,0.11690763384103775
ACH-000702,9874913,0,0.08212105184793472
ACH-000702,9911830,0,0.1613381803035736
ACH-000702,9938202,0,0.14933812618255615
ACH-000702,9943465,0,0.07223381102085114
ACH-000702,9952773,0,0.06984275579452515
ACH-000703,10074640,0,0.06503693759441376
ACH-000703,10109823,0,0.012054800987243652
ACH-000703,10127622,0,0.03379549831151962
ACH-000703,10196499,0,0.1838238686323166
ACH-000703,10459196,0,0.014812320470809937
ACH-000703,10461815,0,0.053908318281173706
ACH-000703,11327430,0,0.007636325433850288
ACH-000703,11455910,0,0.05929943919181824
ACH-000703,11493598,0,0.043668851256370544
ACH-000703,11617559,0,0.31048914790153503
ACH-000703,11626560,0,0.007069549988955259
ACH-000703,11634725,0,0.0352957509458065
ACH-000703,11667893,0,0.05334548279643059
ACH-000703,11754511,0,0.16957825422286987
ACH-000703,126565,0,0.006465354934334755
ACH-000703,126941,0,0.05459713563323021
ACH-000703,176870,0,0.06744538247585297
ACH-000703,20635522,0,0.021065155044198036
ACH-000703,208908,0,0.15841472148895264
ACH-000703,216326,0,0.013373922556638718
ACH-000703,24785538,0,0.03803052753210068
ACH-000703,24826799,0,0.03658529743552208
ACH-000703,25124816,0,0.10821668058633804
ACH-000703,25126798,0,0.03752676025032997
ACH-000703,25222038,0,0.005276899319142103
ACH-000703,2726824,0,0.041148796677589417
ACH-000703,2733526,0,0.033505357801914215
ACH-000703,3463933,0,0.17457887530326843
ACH-000703,36314,0,0.00961317028850317
ACH-000703,42642645,0,0.025783054530620575
ACH-000703,44137675,0,0.03686252981424332
ACH-000703,44551660,0,0.010986936278641224
ACH-000703,446378,0,0.008099332451820374
ACH-000703,462382,0,0.041874535381793976
ACH-000703,46907787,0,0.018882686272263527
ACH-000703,46943432,0,0.038745421916246414
ACH-000703,5280757,0,0.08013556897640228
ACH-000703,5311510,0,0.018410418182611465
ACH-000703,5328940,0,0.009688060730695724
ACH-000703,53394750,0,0.15244124829769135
ACH-000703,54685215,0,0.02991565130650997
ACH-000703,56962337,0,0.15363375842571259
ACH-000703,644241,0,0.03294830024242401
ACH-000703,6445533,0,0.006368698086589575
ACH-000703,6505803,0,0.023219212889671326
ACH-000703,66577006,0,0.02429424412548542
ACH-000703,6918454,0,0.027712076902389526
ACH-000703,71271629,0,0.0027896740939468145
ACH-000703,76044,0,0.01543255615979433
ACH-000703,8249,0,0.04188650846481323
ACH-000703,9549184,0,0.04271441698074341
ACH-000703,9813758,0,0.04183477163314819
ACH-000703,9826528,0,0.0304862130433321
ACH-000703,9874913,0,0.09154650568962097
ACH-000703,9903786,0,0.008232624270021915
ACH-000704,10196499,0,0.14489732682704926
ACH-000704,10451420,0,0.014500233344733715
ACH-000704,11338033,0,0.007365403696894646
ACH-000704,11373846,0,0.022345606237649918
ACH-000704,11433190,0,0.15264619886875153
ACH-000704,11713159,0,0.03170172870159149
ACH-000704,11754511,0,0.02132263407111168
ACH-000704,126565,0,0.007635627873241901
ACH-000704,1401,0,0.1616785228252411
ACH-000704,159324,0,0.002495661610737443
ACH-000704,16720766,0,0.045600831508636475
ACH-000704,17755052,0,0.016784561797976494
ACH-000704,2375,0,0.0280726607888937
ACH-000704,24951314,0,0.0024092018138617277
ACH-000704,300471,0,0.03516296297311783
ACH-000704,3005532,0,0.18442024290561676
ACH-000704,31703,0,0.00580848241224885
ACH-000704,3463933,0,0.16061556339263916
ACH-000704,3796,0,0.018533140420913696
ACH-000704,444795,0,0.031479720026254654
ACH-000704,44551660,0,0.005209686700254679
ACH-000704,46885626,0,0.0359170027077198
ACH-000704,46930998,1,0.04315055161714554
ACH-000704,46931012,0,0.0021439529955387115
ACH-000704,5311,0,0.0348983071744442
ACH-000704,5330286,0,0.005524751264601946
ACH-000704,57339144,0,0.023482462391257286
ACH-000704,637858,0,0.016255447641015053
ACH-000704,6445533,0,0.007124173454940319
ACH-000704,66577006,0,0.014437235891819
ACH-000704,82146,0,0.03219154477119446
ACH-000704,9858940,0,0.029277078807353973
ACH-000704,9874913,0,0.0734085962176323
ACH-000704,9911830,0,0.013031636364758015
ACH-000704,9931953,0,0.013605468906462193
ACH-000704,9938202,0,0.1370713859796524
ACH-000704,9943465,0,0.08979979902505875
ACH-000706,10109823,0,0.2032710760831833
ACH-000706,10451420,0,0.006054643075913191
ACH-000706,10459196,0,0.09795422106981277
ACH-000706,11152667,0,0.019352147355675697
ACH-000706,11178236,1,0.10665659606456757
ACH-000706,11617559,0,0.04812287911772728
ACH-000706,11647372,0,0.00836364459246397
ACH-000706,11844351,0,0.0364806205034256
ACH-000706,123631,0,0.4517039358615875
ACH-000706,126941,0,0.010840372182428837
ACH-000706,1401,0,0.12553325295448303
ACH-000706,16663089,0,0.07632462680339813
ACH-000706,16722836,0,0.003260093741118908
ACH-000706,23725625,0,0.013360677286982536
ACH-000706,24756910,0,0.01577855460345745
ACH-000706,24978538,0,0.04440491646528244
ACH-000706,25102847,0,0.037670765072107315
ACH-000706,25124816,0,0.2391320765018463
ACH-000706,25167777,0,0.011397925205528736
ACH-000706,300471,0,0.08349855989217758
ACH-000706,3005532,0,0.3113764226436615
ACH-000706,3463933,0,0.2146642804145813
ACH-000706,3796,0,0.09191138297319412
ACH-000706,387447,0,0.20595186948776245
ACH-000706,4263900,0,0.0668337494134903
ACH-000706,42642645,0,0.016439300030469894
ACH-000706,44551660,0,0.005402019713073969
ACH-000706,448013,0,0.1713918000459671
ACH-000706,46844147,0,0.014325996860861778
ACH-000706,46885626,0,0.009303629398345947
ACH-000706,46930998,0,0.07719434052705765
ACH-000706,51371303,0,0.029562214389443398
ACH-000706,5289247,0,0.01843363419175148
ACH-000706,54676905,1,0.15157675743103027
ACH-000706,56962337,0,0.06500720977783203
ACH-000706,60750,0,0.04640481621026993
ACH-000706,6445533,0,0.014839204028248787
ACH-000706,6450551,0,0.02444497123360634
ACH-000706,65110,0,0.01324213482439518
ACH-000706,66577006,0,0.007789652794599533
ACH-000706,6852167,0,0.0056093716993927956
ACH-000706,9931953,0,0.022149819880723953
ACH-000706,9938202,0,0.057849686592817307
ACH-000706,9943465,0,0.10997787117958069
ACH-000706,9956119,0,0.17671114206314087
ACH-000713,10096043,0,0.04104994237422943
ACH-000713,11178236,0,0.08588042110204697
ACH-000713,11404337,0,0.02365596778690815
ACH-000713,11485656,0,0.09356143325567245
ACH-000713,11640390,0,0.29624539613723755
ACH-000713,11713159,0,0.05552329123020172
ACH-000713,16725726,0,0.6313900947570801
ACH-000713,176167,0,0.1849605143070221
ACH-000713,24826799,0,0.07194976508617401
ACH-000713,25124816,0,0.23981106281280518
ACH-000713,25257557,1,0.8327676057815552
ACH-000713,3796,0,0.0597066655755043
ACH-000713,42642645,0,0.061473459005355835
ACH-000713,46224516,0,0.05224797502160072
ACH-000713,46883536,0,0.044884245842695236
ACH-000713,49806720,0,0.15410669147968292
ACH-000713,53340664,0,0.03702276200056076
ACH-000713,56965967,0,0.03087439201772213
ACH-000713,60750,0,0.04797506332397461
ACH-000713,6445562,0,0.03895753622055054
ACH-000713,6918638,0,0.02123142220079899
ACH-000713,9810884,0,0.4613446295261383
ACH-000713,9874913,0,0.12272769957780838
ACH-000713,9884685,0,0.03618741035461426
ACH-000713,9903786,0,0.032986775040626526
ACH-000713,9910224,0,0.052668213844299316
ACH-000713,9967941,0,0.150594100356102
ACH-000714,10384072,0,0.0749935731291771
ACH-000714,11178236,0,0.05259150266647339
ACH-000714,11617559,1,0.22292353212833405
ACH-000714,11634725,0,0.13965415954589844
ACH-000714,11960529,0,0.11906465888023376
ACH-000714,126941,1,0.2182171642780304
ACH-000714,1401,0,0.24603267014026642
ACH-000714,16720766,0,0.061394985765218735
ACH-000714,16725726,1,0.8159918785095215
ACH-000714,2314623,0,0.13196095824241638
ACH-000714,24180719,0,0.09488123655319214
ACH-000714,24951314,0,0.03947294503450394
ACH-000714,24978538,0,0.6839919090270996
ACH-000714,25167777,0,0.0807371661067009
ACH-000714,25195352,0,0.05638716369867325
ACH-000714,300471,0,0.05120540037751198
ACH-000714,42642645,0,0.09369387477636337
ACH-000714,444795,0,0.17898665368556976
ACH-000714,46224516,0,0.05047494173049927
ACH-000714,46931012,0,0.04174149036407471
ACH-000714,5328940,0,0.05901024863123894
ACH-000714,54685215,0,0.09744402021169662
ACH-000714,57339144,1,0.13287363946437836
ACH-000714,6505803,0,0.05230366811156273
ACH-000714,65110,0,0.2188529223203659
ACH-000714,66577006,1,0.1488126665353775
ACH-000714,6918848,0,0.07623761892318726
ACH-000714,8249,0,0.13172250986099243
ACH-000714,9858940,0,0.08180534839630127
ACH-000714,9914412,0,0.03222677856683731
ACH-000714,9952773,0,0.09323741495609283
ACH-000714,9956222,1,0.11839699745178223
ACH-000714,9967941,0,0.12581123411655426
ACH-000716,10077147,1,0.08037301152944565
ACH-000716,10113978,1,0.15961910784244537
ACH-000716,10184653,0,0.5395140051841736
ACH-000716,10196499,1,0.12682567536830902
ACH-000716,10341154,0,0.14853715896606445
ACH-000716,10451420,0,0.06003601849079132
ACH-000716,10459196,0,0.22009076178073883
ACH-000716,104842,0,0.10493471473455429
ACH-000716,11404337,0,0.33152154088020325
ACH-000716,11493598,0,0.09933756291866302
ACH-000716,11617559,0,0.06808234006166458
ACH-000716,11640390,0,0.19459368288516998
ACH-000716,11754511,0,0.03065895475447178
ACH-000716,1401,0,0.18946875631809235
ACH-000716,156422,0,0.21900060772895813
ACH-000716,216326,0,0.20055074989795685
ACH-000716,24978538,0,0.08289487659931183
ACH-000716,25262965,0,0.18717505037784576
ACH-000716,3796,0,0.16909122467041016
ACH-000716,44137675,0,0.17338505387306213
ACH-000716,444795,0,0.0868077352643013
ACH-000716,44551660,0,0.04958803579211235
ACH-000716,46931012,0,0.04546867683529854
ACH-000716,5208,0,0.19126370549201965
ACH-000716,53302361,1,0.13739974796772003
ACH-000716,56962337,0,0.132598415017128
ACH-000716,56965967,0,0.04624161124229431
ACH-000716,6710780,0,0.17412537336349487
ACH-000716,6918454,1,0.49363207817077637
ACH-000716,82146,0,0.21834392845630646
ACH-000716,9813758,0,0.03588751703500748
ACH-000716,9868037,0,0.08894550055265427
ACH-000716,9884685,0,0.03982364013791084
ACH-000716,9914412,1,0.09892803430557251
ACH-000716,9931953,0,0.348550021648407
ACH-000716,9943465,0,0.14797867834568024
ACH-000717,10200390,0,0.00023622454318683594
ACH-000717,10384072,0,0.00785236619412899
ACH-000717,10451420,0,0.012936009094119072
ACH-000717,11373846,0,0.005062262061983347
ACH-000717,11433190,0,0.04492375627160072
ACH-000717,11754511,0,0.013513307087123394
ACH-000717,126941,0,0.005988794378936291
ACH-000717,156422,0,0.03073781356215477
ACH-000717,176158,0,0.0071091256104409695
ACH-000717,176167,0,0.059119582176208496
ACH-000717,17755052,0,0.001743682543747127
ACH-000717,2314623,0,0.014528797939419746
ACH-000717,24785538,0,0.011252112686634064
ACH-000717,25124816,0,0.05005256459116936
ACH-000717,25126798,0,0.005629840772598982
ACH-000717,25222038,0,0.0014045446878299117
ACH-000717,4263900,0,0.0009225176181644201
ACH-000717,44450571,0,0.009576895274221897
ACH-000717,44462760,0,0.006039733998477459
ACH-000717,46191454,0,0.011619383469223976
ACH-000717,46224516,0,0.0006275776540860534
ACH-000717,5113032,0,0.006143237464129925
ACH-000717,5394,0,0.0062318406999111176
ACH-000717,5459322,0,0.012687914073467255
ACH-000717,56965967,0,0.0005263948114588857
ACH-000717,6450551,0,0.0033883561845868826
ACH-000717,6918454,0,0.003541998565196991
ACH-000717,6918848,0,0.0006618128973059356
ACH-000717,85668777,0,0.14465303719043732
ACH-000717,9813758,0,0.004597687628120184
ACH-000717,9874913,0,0.06723746657371521
ACH-000717,9931953,0,0.0005913266795687377
ACH-000717,9967941,0,0.013680003583431244
ACH-000718,10096043,0,0.057956986129283905
ACH-000718,10451420,0,0.07031678408384323
ACH-000718,104842,0,0.040371548384428024
ACH-000718,11178236,0,0.044260650873184204
ACH-000718,11617559,0,0.05528198182582855
ACH-000718,11625818,0,0.01409251056611538
ACH-000718,11667893,0,0.12712110579013824
ACH-000718,16720766,0,0.0762307345867157
ACH-000718,176167,0,0.0813845694065094
ACH-000718,2314623,0,0.15279823541641235
ACH-000718,24772860,0,0.008695602416992188
ACH-000718,24785538,0,0.1898379921913147
ACH-000718,24826799,0,0.029793543741106987
ACH-000718,25195352,0,0.0277527067810297
ACH-000718,2726824,0,0.09459399431943893
ACH-000718,3385,0,0.032247211784124374
ACH-000718,36462,0,0.03762522339820862
ACH-000718,4263900,0,0.026600686833262444
ACH-000718,42642645,0,0.035753313452005386
ACH-000718,44462760,0,0.884907603263855
ACH-000718,521106,0,0.01837594248354435
ACH-000718,5278396,0,0.059609510004520416
ACH-000718,53302361,0,0.05658457428216934
ACH-000718,6253,0,0.019804181531071663
ACH-000718,6445562,0,0.019300466403365135
ACH-000718,6710780,0,0.015984436497092247
ACH-000718,82146,0,0.04639263451099396
ACH-000718,84691,0,0.06561429053544998
ACH-000718,85668777,0,0.26096636056900024
ACH-000718,9810884,0,0.21639803051948547
ACH-000718,9858940,0,0.08243489265441895
ACH-000718,9910224,0,0.029827840626239777
ACH-000718,9911830,0,0.03754308074712753
ACH-000718,9938202,0,0.08665595203638077
ACH-000718,9956222,0,0.02116383984684944
ACH-000719,10027278,0,0.1633945256471634
ACH-000719,10113978,0,0.330974280834198
ACH-000719,10200390,0,0.0858265683054924
ACH-000719,11713159,0,0.1648429036140442
ACH-000719,11754511,0,0.12824875116348267
ACH-000719,16747388,0,0.05259198695421219
ACH-000719,44632017,0,0.1318281590938568
ACH-000719,46907787,0,0.1804337501525879
ACH-000719,49806720,0,0.13494591414928436
ACH-000719,5113032,0,0.1954127699136734
ACH-000719,6445533,0,0.0715695321559906
ACH-000719,6918848,0,0.06492647528648376
ACH-000719,8249,0,0.11571241915225983
ACH-000719,9813758,0,0.10892028361558914
ACH-000719,9884685,0,0.06787627935409546
ACH-000719,9903786,0,0.07245040684938431
ACH-000720,10459196,0,0.032605234533548355
ACH-000720,11433190,0,0.2542641758918762
ACH-000720,11493598,0,0.010789171792566776
ACH-000720,11624601,0,0.028733808547258377
ACH-000720,159324,0,0.0007576867355965078
ACH-000720,16725726,0,0.4612545073032379
ACH-000720,24756910,0,0.005720170680433512
ACH-000720,24889392,0,0.00394840631633997
ACH-000720,25102847,0,0.0388372428715229
ACH-000720,25126798,0,0.005232297815382481
ACH-000720,25222038,0,0.010480711236596107
ACH-000720,31703,0,0.005280622281134129
ACH-000720,3385,0,0.0021333862096071243
ACH-000720,4263900,0,0.01002530474215746
ACH-000720,44462760,0,0.14930996298789978
ACH-000720,46224516,0,0.0030594610143452883
ACH-000720,5394,0,0.06736592203378677
ACH-000720,57339144,0,0.01230576355010271
ACH-000720,6505803,0,0.08568434417247772
ACH-000720,9810884,0,0.11997217684984207
ACH-000720,9826528,0,0.12406820803880692
ACH-000720,9863776,0,0.17571325600147247
ACH-000720,9868037,0,0.0006854648236185312
ACH-000720,9938202,0,0.1530207246541977
ACH-000720,9967941,0,0.03583325073122978
ACH-000722,10196499,0,0.20337045192718506
ACH-000722,10390396,0,0.07297211140394211
ACH-000722,11152667,0,0.03599976748228073
ACH-000722,11327430,0,0.006034320220351219
ACH-000722,11624601,0,0.047763582319021225
ACH-000722,11626560,0,0.016315283253788948
ACH-000722,11647372,0,0.024977315217256546
ACH-000722,11960529,0,0.06595345586538315
ACH-000722,16663089,0,0.10134977102279663
ACH-000722,16725726,0,0.7572859525680542
ACH-000722,17755052,0,0.0172406192868948
ACH-000722,20635522,0,0.0361238457262516
ACH-000722,24180719,0,0.031678054481744766
ACH-000722,25195352,0,0.033097587525844574
ACH-000722,387447,0,0.08636114746332169
ACH-000722,42642645,0,0.044962797313928604
ACH-000722,44182295,1,0.03931116685271263
ACH-000722,44462760,0,0.05398544296622276
ACH-000722,444795,0,0.10591061413288116
ACH-000722,46883536,0,0.054618652909994125
ACH-000722,46907787,0,0.04195729270577431
ACH-000722,46930998,0,0.051651399582624435
ACH-000722,49821040,0,0.11867143213748932
ACH-000722,51371303,0,0.05248697102069855
ACH-000722,521106,0,0.015087748877704144
ACH-000722,5329102,0,0.05061237886548042
ACH-000722,54685215,0,0.04306405037641525
ACH-000722,560326,0,0.0779348835349083
ACH-000722,56965967,0,0.02849353849887848
ACH-000722,644215,0,0.018888752907514572
ACH-000722,6450816,0,0.05062660574913025
ACH-000722,6918454,1,0.06151467189192772
ACH-000722,82146,0,0.045475203543901443
ACH-000722,9858940,0,0.024672122672200203
ACH-000722,9863776,0,0.036840297281742096
ACH-000722,9868037,0,0.01988162472844124
ACH-000722,9903786,0,0.022396326065063477
ACH-000722,9911830,0,0.04965238273143768
ACH-000722,9967941,0,0.056093841791152954
ACH-000725,10127622,0,0.11007853597402573
ACH-000725,104842,0,0.027969563379883766
ACH-000725,11316960,0,0.03165644407272339
ACH-000725,11433190,0,0.08144073933362961
ACH-000725,11624601,0,0.10488373786211014
ACH-000725,11634725,0,0.03942777216434479
ACH-000725,11667893,0,0.11647526174783707
ACH-000725,11707110,0,0.22897787392139435
ACH-000725,126565,0,0.012275280430912971
ACH-000725,156422,0,0.11579949408769608
ACH-000725,17755052,0,0.021769242361187935
ACH-000725,23725625,0,0.0230035949498415
ACH-000725,24180719,0,0.020994599908590317
ACH-000725,24756910,0,0.046909961849451065
ACH-000725,25257557,0,0.8151931166648865
ACH-000725,2733526,0,0.09890803694725037
ACH-000725,31703,0,0.007631972432136536
ACH-000725,3385,0,0.02798827737569809
ACH-000725,5330286,0,0.01594795286655426
ACH-000725,53394750,0,0.2450818568468094
ACH-000725,5394,0,0.05237653851509094
ACH-000725,56962337,1,0.16910222172737122
ACH-000725,637858,0,0.013835527002811432
ACH-000725,6505803,0,0.03427358344197273
ACH-000725,65110,0,0.09810969233512878
ACH-000725,6710780,0,0.016501225531101227
ACH-000725,6753378,1,0.04151305928826332
ACH-000725,9826528,0,0.03461996838450432
ACH-000725,9903786,0,0.01879521831870079
ACH-000725,9914412,0,0.006501626688987017
ACH-000727,10077147,0,0.0014931380283087492
ACH-000727,10127622,0,0.1066492423415184
ACH-000727,11609586,0,0.04274573177099228
ACH-000727,11624601,0,0.10357436537742615
ACH-000727,11667893,0,0.2649151682853699
ACH-000727,1401,0,0.33818522095680237
ACH-000727,16720766,0,0.031772416085004807
ACH-000727,2726824,0,0.184538796544075
ACH-000727,2733526,0,0.043665166944265366
ACH-000727,44182295,0,0.011631004512310028
ACH-000727,5330286,0,0.0030030591879040003
ACH-000727,71271629,0,0.0015604329528287053
ACH-000727,9826528,0,0.01340746134519577
ACH-000727,9938202,0,0.1468222737312317
ACH-000729,10027278,0,0.027330538257956505
ACH-000729,10196499,0,0.25321608781814575
ACH-000729,10302451,0,0.12391963601112366
ACH-000729,11152667,0,0.05557242035865784
ACH-000729,11404337,0,0.011575305834412575
ACH-000729,11640390,0,0.2183779776096344
ACH-000729,176870,0,0.14249838888645172
ACH-000729,20635522,0,0.06762544810771942
ACH-000729,216326,0,0.03467005491256714
ACH-000729,24826799,0,0.052112508565187454
ACH-000729,24894414,0,0.032729558646678925
ACH-000729,25022668,0,0.01269584335386753
ACH-000729,25257557,1,0.8460652828216553
ACH-000729,3005532,0,0.07282565534114838
ACH-000729,3463933,0,0.20220448076725006
ACH-000729,4263900,0,0.03280442953109741
ACH-000729,5113032,0,0.06162638962268829
ACH-000729,5291,0,0.46804866194725037
ACH-000729,53302361,0,0.07195515930652618
ACH-000729,60750,0,0.026779407635331154
ACH-000729,6445533,0,0.03290143609046936
ACH-000729,66577006,0,0.0217951200902462
ACH-000729,6753378,0,0.04696416109800339
ACH-000729,6918848,0,0.03898262605071068
ACH-000730,10384072,0,0.1282007098197937
ACH-000730,11373846,0,0.03394698351621628
ACH-000730,11493598,0,0.15907074511051178
ACH-000730,11624601,0,0.053059570491313934
ACH-000730,11625818,0,0.022041132673621178
ACH-000730,11667893,0,0.21820074319839478
ACH-000730,1401,0,0.1878213733434677
ACH-000730,148124,0,0.20310211181640625
ACH-000730,2314623,0,0.23442919552326202
ACH-000730,24756910,0,0.022522371262311935
ACH-000730,24889392,0,0.031531333923339844
ACH-000730,3385,0,0.08309358358383179
ACH-000730,3796,0,0.033187758177518845
ACH-000730,44819241,0,0.18207499384880066
ACH-000730,49806720,0,0.0374370813369751
ACH-000730,5113032,0,0.1145673394203186
ACH-000730,5328940,0,0.08533299714326859
ACH-000730,5330286,0,0.06537464261054993
ACH-000730,56962337,0,0.11063914000988007
ACH-000730,57339144,0,0.06886038929224014
ACH-000730,6445562,0,0.011499321088194847
ACH-000730,6710780,0,0.026578349992632866
ACH-000730,704473,0,0.054787665605545044
ACH-000730,9910224,0,0.05234253779053688
ACH-000730,9952773,0,0.022803720086812973
ACH-000733,10172943,0,0.036301665008068085
ACH-000733,10196499,0,0.17339138686656952
ACH-000733,11364421,0,0.043949976563453674
ACH-000733,11493598,0,0.015518219210207462
ACH-000733,11626560,0,0.0034829708747565746
ACH-000733,16663089,0,0.026687685400247574
ACH-000733,2375,0,0.011254701763391495
ACH-000733,24785538,0,0.09634048491716385
ACH-000733,24894414,0,0.0010091407457366586
ACH-000733,25102847,0,0.031786639243364334
ACH-000733,25167777,0,0.0020658543799072504
ACH-000733,25262965,0,0.016321629285812378
ACH-000733,3062316,0,0.03266916051506996
ACH-000733,3385,0,0.00386068900115788
ACH-000733,36462,0,0.004338458646088839
ACH-000733,44182295,0,0.04436982423067093
ACH-000733,444795,0,0.011632906273007393
ACH-000733,44632017,0,0.015232747420668602
ACH-000733,446378,0,0.028083370998501778
ACH-000733,447912,0,0.0020875749178230762
ACH-000733,448013,0,0.021142978221178055
ACH-000733,46844147,0,0.0043654171749949455
ACH-000733,49836027,0,0.029713070020079613
ACH-000733,5113032,0,0.007943801581859589
ACH-000733,521106,0,0.0035955971106886864
ACH-000733,5291,0,0.1441684067249298
ACH-000733,5311497,0,0.006550041493028402
ACH-000733,53340664,0,0.0019847985822707415
ACH-000733,54676905,0,0.08577108383178711
ACH-000733,54685215,0,0.03320785611867905
ACH-000733,5746,0,0.06197883188724518
ACH-000733,6450816,0,0.010462953709065914
ACH-000733,6852167,0,0.003352194558829069
ACH-000733,6918454,0,0.05670163035392761
ACH-000733,8249,0,0.008533329702913761
ACH-000733,9826308,0,0.06546102464199066
ACH-000733,9874913,0,0.0753539577126503
ACH-000738,10096043,0,0.2808029353618622
ACH-000738,11316960,0,0.14244088530540466
ACH-000738,11373846,0,0.1613975316286087
ACH-000738,11617559,1,0.14842477440834045
ACH-000738,11626560,0,0.13851140439510345
ACH-000738,11634725,1,0.22419826686382294
ACH-000738,11640390,1,0.30393946170806885
ACH-000738,11667893,0,0.24120008945465088
ACH-000738,126941,0,0.13201414048671722
ACH-000738,1401,0,0.3588222563266754
ACH-000738,16663089,0,0.23460429906845093
ACH-000738,16722836,0,0.10336568206548691
ACH-000738,2314623,0,0.21936511993408203
ACH-000738,24894414,0,0.14628030359745026
ACH-000738,24978538,0,0.28123947978019714
ACH-000738,25222038,0,0.30006399750709534
ACH-000738,36462,0,0.10014596581459045
ACH-000738,42640,0,0.124144047498703
ACH-000738,44224160,0,0.0974750965833664
ACH-000738,46844147,0,0.12642455101013184
ACH-000738,51371303,0,0.10783074051141739
ACH-000738,5280757,0,0.16272951662540436
ACH-000738,5291,0,0.30720728635787964
ACH-000738,56965967,0,0.11445259302854538
ACH-000738,6445533,0,0.11197846382856369
ACH-000738,6450551,0,0.171865314245224
ACH-000738,6918638,0,0.07971623539924622
ACH-000738,82146,0,0.2803066372871399
ACH-000738,8249,1,0.09707622230052948
ACH-000738,9874913,0,0.282905638217926
ACH-000738,9907093,0,0.41218775510787964
ACH-000738,9931953,0,0.07205402851104736
ACH-000740,10027278,0,0.07115816324949265
ACH-000740,10384072,0,0.10666992515325546
ACH-000740,10451420,0,0.030096091330051422
ACH-000740,11178236,0,0.06963890045881271
ACH-000740,11327430,0,0.014762911945581436
ACH-000740,11455910,0,0.10447660833597183
ACH-000740,11624601,0,0.13663600385189056
ACH-000740,11667893,0,0.12249622493982315
ACH-000740,11707110,0,0.35903623700141907
ACH-000740,11844351,0,0.06692550331354141
ACH-000740,126565,0,0.02589484676718712
ACH-000740,156422,0,0.09682993590831757
ACH-000740,176158,0,0.09486254304647446
ACH-000740,176167,0,0.1263960301876068
ACH-000740,176870,1,0.19273720681667328
ACH-000740,20635522,0,0.07683257013559341
ACH-000740,208908,1,0.4437626004219055
ACH-000740,2314623,0,0.10414741933345795
ACH-000740,24889392,0,0.020901260897517204
ACH-000740,25022668,0,0.03713235259056091
ACH-000740,25126798,0,0.03980054333806038
ACH-000740,25257557,0,0.4089323580265045
ACH-000740,300471,0,0.0933845192193985
ACH-000740,3062316,0,0.15831772983074188
ACH-000740,36462,1,0.028510674834251404
ACH-000740,3796,0,0.10444464534521103
ACH-000740,387447,0,0.17567762732505798
ACH-000740,44143370,0,0.05952969193458557
ACH-000740,44182295,0,0.04838276654481888
ACH-000740,44450571,0,0.15699650347232819
ACH-000740,44462760,0,0.0659608542919159
ACH-000740,46191454,0,0.028616327792406082
ACH-000740,46224516,0,0.014516500756144524
ACH-000740,46844147,0,0.024761896580457687
ACH-000740,49836027,0,0.1041087657213211
ACH-000740,4993,0,0.06746645271778107
ACH-000740,5280757,1,0.1377132683992386
ACH-000740,5327091,0,0.045707255601882935
ACH-000740,5328940,0,0.037514396011829376
ACH-000740,53394750,0,0.07382527738809586
ACH-000740,5394,1,0.045435987412929535
ACH-000740,5460769,0,0.10790839791297913
ACH-000740,56965967,0,0.01530049741268158
ACH-000740,6253,0,0.01029690820723772
ACH-000740,637858,0,0.04317917674779892
ACH-000740,6450551,0,0.04583721235394478
ACH-000740,6450816,0,0.047775063663721085
ACH-000740,66577006,0,0.013689464889466763
ACH-000740,6710780,0,0.029475737363100052
ACH-000740,6918454,0,0.045717936009168625
ACH-000740,6918848,0,0.013782376423478127
ACH-000740,704473,0,0.04081019014120102
ACH-000740,84691,0,0.050503652542829514
ACH-000740,9549184,0,0.0799470841884613
ACH-000740,9884685,0,0.015638289973139763
ACH-000740,9907093,0,0.20640963315963745
ACH-000740,9956119,0,0.17044876515865326
ACH-000740,9967941,0,0.061971381306648254
ACH-000743,10302451,0,0.015993651002645493
ACH-000743,11282283,0,0.12180150300264359
ACH-000743,11364421,0,0.015562147833406925
ACH-000743,11373846,0,0.02607497200369835
ACH-000743,11617559,0,0.2195749431848526
ACH-000743,11624601,0,0.009608177468180656
ACH-000743,11626560,0,0.0021428086329251528
ACH-000743,159324,0,0.0005407751887105405
ACH-000743,160355,0,0.009821194224059582
ACH-000743,16038120,0,0.038219153881073
ACH-000743,16095342,0,0.06097131967544556
ACH-000743,16663089,0,0.04320450872182846
ACH-000743,16720766,0,0.006277788896113634
ACH-000743,17755052,0,0.007774979341775179
ACH-000743,20635522,0,0.00734355254098773
ACH-000743,216326,0,0.004373876843601465
ACH-000743,24180719,0,0.004689320921897888
ACH-000743,24894414,0,0.005823641549795866
ACH-000743,25124816,0,0.06557942181825638
ACH-000743,25126798,0,0.020324453711509705
ACH-000743,25262965,0,0.013052319176495075
ACH-000743,2726824,0,0.014564396813511848
ACH-000743,3005532,0,0.024663610383868217
ACH-000743,3218,0,0.0073236338794231415
ACH-000743,3385,0,0.0017995788948610425
ACH-000743,36462,0,0.0026885466650128365
ACH-000743,3796,0,0.005712157115340233
ACH-000743,4263900,0,0.0030240314081311226
ACH-000743,44143370,0,0.004645575303584337
ACH-000743,462382,0,0.016914738342165947
ACH-000743,46843772,0,0.01395481824874878
ACH-000743,46930998,0,0.016196761280298233
ACH-000743,46931012,0,0.0012056684354320168
ACH-000743,5208,0,0.00652260472998023
ACH-000743,521106,0,0.0021772284526377916
ACH-000743,5278396,0,0.004474921617656946
ACH-000743,5311,0,0.02224794216454029
ACH-000743,54676905,0,0.03414556384086609
ACH-000743,56965967,0,0.004047811962664127
ACH-000743,57339144,0,0.015744859352707863
ACH-000743,60750,0,0.002421511569991708
ACH-000743,6505803,0,0.007534974720329046
ACH-000743,6753378,0,0.00922077614814043
ACH-000743,6914657,0,0.021448256447911263
ACH-000743,704473,0,0.03591573238372803
ACH-000743,71271629,0,0.0006450981600210071
ACH-000743,82146,0,0.009290830232203007
ACH-000743,9910224,0,0.0056520081125199795
ACH-000743,9943465,1,0.050795480608940125
ACH-000744,10113978,0,0.02854577638208866
ACH-000744,10127622,0,0.09041707962751389
ACH-000744,10459196,0,0.014510273933410645
ACH-000744,11178236,0,0.015896929427981377
ACH-000744,11282283,0,0.07615582644939423
ACH-000744,11455910,0,0.024590259417891502
ACH-000744,11624601,0,0.028287561610341072
ACH-000744,11960529,0,0.030481357127428055
ACH-000744,11977753,0,0.011330786161124706
ACH-000744,123631,1,0.10371050238609314
ACH-000744,156422,0,0.045830365270376205
ACH-000744,176158,0,0.020264534279704094
ACH-000744,24756910,0,0.004808860365301371
ACH-000744,24776445,0,0.007412915583699942
ACH-000744,25126798,0,0.007451348938047886
ACH-000744,3005532,0,0.024218132719397545
ACH-000744,44551660,0,0.0013469234108924866
ACH-000744,46191454,0,0.014785490930080414
ACH-000744,46930998,0,0.011415055952966213
ACH-000744,5113032,0,0.00971774198114872
ACH-000744,5327091,0,0.005705815274268389
ACH-000744,5328940,0,0.006759360898286104
ACH-000744,54676905,0,0.04729277268052101
ACH-000744,54685215,0,0.02540283463895321
ACH-000744,56962337,0,0.052559271454811096
ACH-000744,60750,0,0.0046686818823218346
ACH-000744,6450551,0,0.008000844158232212
ACH-000744,6710780,0,0.0026644468307495117
ACH-000744,6914657,0,0.02080981247127056
ACH-000744,84691,0,0.012138303369283676
ACH-000744,85668777,0,0.2821621298789978
ACH-000744,9810884,0,0.21725836396217346
ACH-000744,9813758,0,0.005714868661016226
ACH-000744,9863776,0,0.004625885281711817
ACH-000744,9914412,0,0.0008417258504778147
ACH-000744,9943465,0,0.11573398113250732
ACH-000745,10027278,0,0.19899685680866241
ACH-000745,10109823,0,0.22991497814655304
ACH-000745,10341154,1,0.5089944005012512
ACH-000745,104842,0,0.21464112401008606
ACH-000745,11178236,0,0.035012368112802505
ACH-000745,11338033,1,0.8430920243263245
ACH-000745,11433190,0,0.392255038022995
ACH-000745,11455910,0,0.04450730234384537
ACH-000745,156422,0,0.07664484530687332
ACH-000745,16725726,1,0.8582523465156555
ACH-000745,17755052,0,0.507887065410614
ACH-000745,24180719,0,0.31645673513412476
ACH-000745,24785538,1,0.15048372745513916
ACH-000745,24889392,0,0.9386948347091675
ACH-000745,24894414,0,0.9088437557220459
ACH-000745,25102847,0,0.3740648329257965
ACH-000745,3062316,0,0.27939677238464355
ACH-000745,3385,1,0.566658079624176
ACH-000745,44137675,0,0.0977264940738678
ACH-000745,44632017,0,0.2182518094778061
ACH-000745,448013,0,0.07785829901695251
ACH-000745,46191454,1,0.8622109293937683
ACH-000745,49821040,0,0.2600773870944977
ACH-000745,521106,0,0.4798943102359772
ACH-000745,5311,0,0.3681158721446991
ACH-000745,5311497,0,0.1234234943985939
ACH-000745,5460769,0,0.15973584353923798
ACH-000745,54676905,1,0.1161985918879509
ACH-000745,57339144,0,0.5243293642997742
ACH-000745,6450551,0,0.33647337555885315
ACH-000745,6753378,0,0.6062958240509033
ACH-000745,6852167,1,0.8853728771209717
ACH-000745,6918289,0,0.17079424858093262
ACH-000745,6918454,0,0.31769055128097534
ACH-000745,82146,0,0.252850204706192
ACH-000745,8249,1,0.7846328020095825
ACH-000745,84691,0,0.25724664330482483
ACH-000745,9874913,0,0.3927193284034729
ACH-000745,9907093,0,0.14815129339694977
ACH-000745,9952773,1,0.7177400588989258
ACH-000748,10127622,1,0.2236107736825943
ACH-000748,10200390,0,0.01132129319012165
ACH-000748,10384072,0,0.09337359666824341
ACH-000748,11152667,0,0.029435688629746437
ACH-000748,11338033,0,0.00956308376044035
ACH-000748,11364421,0,0.11124816536903381
ACH-000748,11617559,0,0.04098883643746376
ACH-000748,11640390,1,0.17148762941360474
ACH-000748,11676786,1,0.03774687275290489
ACH-000748,11960529,0,0.14420458674430847
ACH-000748,11977753,0,0.07210183888673782
ACH-000748,159324,0,0.01420927420258522
ACH-000748,16747388,0,0.003093789564445615
ACH-000748,23725625,0,0.041128359735012054
ACH-000748,24772860,0,0.009334382601082325
ACH-000748,24951314,0,0.0064744120463728905
ACH-000748,24978538,0,0.11689458787441254
ACH-000748,25102847,0,0.047386087477207184
ACH-000748,25124816,0,0.2372610718011856
ACH-000748,25257557,1,0.5895633697509766
ACH-000748,2726824,0,0.18512921035289764
ACH-000748,300471,0,0.10085812211036682
ACH-000748,31703,0,0.04270971566438675
ACH-000748,3218,1,0.1158776804804802
ACH-000748,44224160,0,0.010243979282677174
ACH-000748,444795,0,0.043528638780117035
ACH-000748,44819241,0,0.13436825573444366
ACH-000748,46943432,0,0.005308779422193766
ACH-000748,49821040,0,0.16801875829696655
ACH-000748,4993,1,0.08296560496091843
ACH-000748,5280757,0,0.1913592517375946
ACH-000748,5328940,0,0.03089563548564911
ACH-000748,54685215,0,0.15562725067138672
ACH-000748,5494449,0,0.06819771230220795
ACH-000748,6253,0,0.02179439179599285
ACH-000748,6445533,0,0.015713026747107506
ACH-000748,6445562,0,0.01977258175611496
ACH-000748,65110,0,0.026358388364315033
ACH-000748,704473,0,0.025998108088970184
ACH-000748,9810884,1,0.2974698543548584
ACH-000748,9813758,0,0.01975368708372116
ACH-000748,9826308,0,0.16585493087768555
ACH-000748,9863776,0,0.1861741989850998
ACH-000748,9884685,0,0.009836086072027683
ACH-000748,9938202,0,0.11657413840293884
ACH-000749,10096043,0,0.15352660417556763
ACH-000749,10384072,0,0.21807114779949188
ACH-000749,11178236,0,0.10526850819587708
ACH-000749,11493598,0,0.2359885573387146
ACH-000749,11609586,0,0.17335078120231628
ACH-000749,11667893,0,0.15728920698165894
ACH-000749,11713159,0,0.12757281959056854
ACH-000749,123631,0,0.4267839789390564
ACH-000749,159324,1,0.21685165166854858
ACH-000749,176158,0,0.2385469377040863
ACH-000749,176167,0,0.2521710693836212
ACH-000749,17755052,0,0.13056817650794983
ACH-000749,216326,0,0.18071842193603516
ACH-000749,24756910,0,0.21170014142990112
ACH-000749,24785538,0,0.20651188492774963
ACH-000749,31703,0,0.05675564706325531
ACH-000749,36462,0,0.061562683433294296
ACH-000749,3796,0,0.33624932169914246
ACH-000749,444795,0,0.18146681785583496
ACH-000749,44551660,0,0.11959639936685562
ACH-000749,46943432,0,0.18154434859752655
ACH-000749,5113032,0,0.24999678134918213
ACH-000749,5278396,0,0.16625632345676422
ACH-000749,5280757,0,0.1417374461889267
ACH-000749,5289247,0,0.15099409222602844
ACH-000749,5311497,0,0.11110607534646988
ACH-000749,5327091,0,0.09969723224639893
ACH-000749,5328940,0,0.15928757190704346
ACH-000749,53302361,0,0.13189911842346191
ACH-000749,53340664,0,0.08784743398427963
ACH-000749,53394750,0,0.7299652695655823
ACH-000749,5459322,0,0.19793486595153809
ACH-000749,60750,0,0.09857036918401718
ACH-000749,6753378,0,0.07613963633775711
ACH-000749,6918289,0,0.12460210174322128
ACH-000749,704473,0,0.3887438178062439
ACH-000749,82146,0,0.26009753346443176
ACH-000749,9874913,0,0.39071571826934814
ACH-000749,9956119,1,0.4462709128856659
ACH-000750,10074640,0,0.03672156110405922
ACH-000750,10096043,0,0.10844478756189346
ACH-000750,10113978,0,0.17055238783359528
ACH-000750,10127622,1,0.7859617471694946
ACH-000750,10196499,0,0.06606283783912659
ACH-000750,10302451,0,0.30311378836631775
ACH-000750,10384072,0,0.11851099133491516
ACH-000750,10461815,0,0.2321784943342209
ACH-000750,104842,0,0.03837950527667999
ACH-000750,11338033,0,0.02297046221792698
ACH-000750,11373846,0,0.03805415704846382
ACH-000750,11433190,1,0.6388148069381714
ACH-000750,11617559,0,0.04224272072315216
ACH-000750,11626560,0,0.025463586673140526
ACH-000750,11634725,1,0.43942493200302124
ACH-000750,11977753,1,0.06388107687234879
ACH-000750,156422,0,0.07994691282510757
ACH-000750,16663089,0,0.21896331012248993
ACH-000750,16760646,0,0.0910613164305687
ACH-000750,2375,0,0.035011451691389084
ACH-000750,24772860,0,0.0086637232452631
ACH-000750,25257557,1,0.643024742603302
ACH-000750,3796,0,0.07894817739725113
ACH-000750,387447,0,0.3598262071609497
ACH-000750,44137675,0,0.07553374767303467
ACH-000750,44551660,0,0.023347128182649612
ACH-000750,448013,0,0.11855920404195786
ACH-000750,46907787,0,0.0395001545548439
ACH-000750,46943432,0,0.027406292036175728
ACH-000750,49836027,0,0.0797358825802803
ACH-000750,5311510,0,0.11245118081569672
ACH-000750,53340664,0,0.02850213460624218
ACH-000750,53394750,0,0.2689438760280609
ACH-000750,5459322,0,0.11904923617839813
ACH-000750,56965967,0,0.023810122162103653
ACH-000750,60750,0,0.07440493255853653
ACH-000750,6445533,1,0.02783365361392498
ACH-000750,66577006,0,0.03127676993608475
ACH-000750,6852167,0,0.01680653914809227
ACH-000750,71271629,0,0.07900446653366089
ACH-000750,9863776,1,0.45349493622779846
ACH-000750,9868037,0,0.04146673157811165
ACH-000750,9903786,0,0.016698110848665237
ACH-000750,9907093,0,0.21699263155460358
ACH-000751,10096043,0,0.040559928864240646
ACH-000751,10113978,0,0.1702544242143631
ACH-000751,10184653,0,0.1296839863061905
ACH-000751,10451420,1,0.7935730814933777
ACH-000751,10461815,0,0.11674591898918152
ACH-000751,11152667,0,0.20354188978672028
ACH-000751,11316960,0,0.07640166580677032
ACH-000751,11327430,0,0.152212992310524
ACH-000751,11338033,0,0.5805225968360901
ACH-000751,11373846,1,0.7291558980941772
ACH-000751,11455910,0,0.0339529886841774
ACH-000751,11485656,0,0.5399808883666992
ACH-000751,11617559,1,0.5681135058403015
ACH-000751,11647372,1,0.4602709412574768
ACH-000751,11667893,0,0.04929843172430992
ACH-000751,11676786,0,0.249497652053833
ACH-000751,11754511,1,0.76898193359375
ACH-000751,1401,0,0.18914267420768738
ACH-000751,16725726,1,0.8794144988059998
ACH-000751,16760646,1,0.19438588619232178
ACH-000751,176167,1,0.3412003219127655
ACH-000751,2375,1,0.19969269633293152
ACH-000751,24180719,0,0.07289960980415344
ACH-000751,24978538,1,0.9125457406044006
ACH-000751,3796,0,0.1682545393705368
ACH-000751,4261,0,0.224521666765213
ACH-000751,44224160,1,0.39759209752082825
ACH-000751,448013,0,0.04667957127094269
ACH-000751,46191454,1,0.6133232712745667
ACH-000751,46885626,1,0.718208372592926
ACH-000751,51371303,1,0.0909862369298935
ACH-000751,5289247,1,0.25870341062545776
ACH-000751,5291,0,0.3995305895805359
ACH-000751,5327091,0,0.034416116774082184
ACH-000751,53394750,1,0.8735064268112183
ACH-000751,5394,1,0.1345168948173523
ACH-000751,54685215,0,0.06112559884786606
ACH-000751,5494449,0,0.2528938353061676
ACH-000751,6445533,0,0.17294533550739288
ACH-000751,66577006,1,0.6566681861877441
ACH-000751,6710780,0,0.12772753834724426
ACH-000751,7251185,0,0.1340017020702362
ACH-000751,85668777,0,0.06249849498271942
ACH-000751,9810884,1,0.8373135328292847
ACH-000751,9858940,0,0.07706994563341141
ACH-000751,9903786,1,0.6507394909858704
ACH-000751,9907093,0,0.12869025766849518
ACH-000751,9910224,1,0.38304370641708374
ACH-000752,10027278,0,0.052635714411735535
ACH-000752,104842,0,0.059477150440216064
ACH-000752,11455910,0,0.08020990341901779
ACH-000752,11485656,0,0.10805914551019669
ACH-000752,11647372,0,0.06349073350429535
ACH-000752,11754511,1,0.1504075825214386
ACH-000752,159324,0,0.029193786904215813
ACH-000752,16720766,0,0.06964479386806488
ACH-000752,2375,0,0.09837765246629715
ACH-000752,24772860,0,0.04283173382282257
ACH-000752,25102847,0,0.1727496087551117
ACH-000752,42640,0,0.1350308358669281
ACH-000752,46943432,0,0.11746123433113098
ACH-000752,5280757,0,0.13251811265945435
ACH-000752,5460769,0,0.09321320801973343
ACH-000752,560326,0,0.19120529294013977
ACH-000752,637858,0,0.046883709728717804
ACH-000752,6918638,0,0.0456308089196682
ACH-000752,6918848,0,0.0818377137184143
ACH-000752,82146,0,0.11057719588279724
ACH-000752,9938202,0,0.14191579818725586
ACH-000752,9956222,0,0.09631097316741943
ACH-000754,10096043,0,0.005844236817210913
ACH-000754,10113978,0,0.0627017468214035
ACH-000754,10184653,0,0.028180791065096855
ACH-000754,10390396,0,0.06385242938995361
ACH-000754,10459196,0,0.016256051138043404
ACH-000754,104842,0,0.012340575456619263
ACH-000754,11178236,0,0.014664468355476856
ACH-000754,11433190,0,0.36384689807891846
ACH-000754,11609586,0,0.030490737408399582
ACH-000754,11634725,0,0.06205057352781296
ACH-000754,11713159,0,0.015431941486895084
ACH-000754,123631,0,0.02428639493882656
ACH-000754,159324,0,0.0021911603398621082
ACH-000754,16722836,0,0.03680574521422386
ACH-000754,16747388,0,0.008559701964259148
ACH-000754,176167,0,0.06938349455595016
ACH-000754,2375,0,0.031177332624793053
ACH-000754,24756910,0,0.10551571100950241
ACH-000754,24776445,0,0.036262162029743195
ACH-000754,25022668,0,0.001523332204669714
ACH-000754,25102847,0,0.05878569558262825
ACH-000754,3062316,0,0.03574215993285179
ACH-000754,3463933,0,0.09453001618385315
ACH-000754,36462,0,0.012786329723894596
ACH-000754,4261,0,0.03032144531607628
ACH-000754,44143370,0,0.025665728375315666
ACH-000754,44224160,0,0.025050221011042595
ACH-000754,44551660,0,0.046857722103595734
ACH-000754,4993,0,0.02107694372534752
ACH-000754,5113032,0,0.04338056966662407
ACH-000754,521106,0,0.013366518542170525
ACH-000754,5280757,0,0.029439652338624
ACH-000754,5289247,0,0.04291781410574913
ACH-000754,53340664,0,0.04187854379415512
ACH-000754,53394750,0,0.6777606010437012
ACH-000754,5384616,0,0.13127350807189941
ACH-000754,5460769,0,0.0322064645588398
ACH-000754,56965967,0,0.0291848573833704
ACH-000754,5717801,0,0.03268475458025932
ACH-000754,6253,0,0.004180891904979944
ACH-000754,6445562,0,0.020498644560575485
ACH-000754,6505803,0,0.015318778343498707
ACH-000754,66577006,0,0.11000744253396988
ACH-000754,6918454,0,0.045361582189798355
ACH-000754,85668777,0,0.05366038531064987
ACH-000754,9826528,0,0.057733140885829926
ACH-000754,9863776,0,0.03820457309484482
ACH-000754,9874913,0,0.07205822318792343
ACH-000754,9884685,0,0.08442684262990952
ACH-000754,9943465,0,0.03140809386968613
ACH-000755,10027278,0,0.02710612304508686
ACH-000755,10074640,0,0.07203585654497147
ACH-000755,10113978,0,0.09033998847007751
ACH-000755,11327430,0,0.008596166037023067
ACH-000755,11433190,0,0.08552855998277664
ACH-000755,11625818,0,0.03230683505535126
ACH-000755,11626560,0,0.021690011024475098
ACH-000755,11707110,0,0.1109509989619255
ACH-000755,11960529,0,0.09176703542470932
ACH-000755,156422,0,0.09292343258857727
ACH-000755,16038120,0,0.135695680975914
ACH-000755,176167,1,0.20789320766925812
ACH-000755,176870,0,0.09871441125869751
ACH-000755,208908,1,0.2881854176521301
ACH-000755,2375,0,0.041418660432100296
ACH-000755,24180719,0,0.019128598272800446
ACH-000755,24776445,0,0.029487159103155136
ACH-000755,25222038,0,0.020061710849404335
ACH-000755,25262965,0,0.03740520030260086
ACH-000755,2726824,0,0.049786463379859924
ACH-000755,31703,0,0.008722521364688873
ACH-000755,36314,0,0.024712786078453064
ACH-000755,36462,0,0.016029326245188713
ACH-000755,4993,0,0.1269584447145462
ACH-000755,5291,0,0.3478585183620453
ACH-000755,637858,0,0.019429784268140793
ACH-000755,9813758,1,0.05330568552017212
ACH-000755,9903786,0,0.024438945576548576
ACH-000755,9907093,0,0.07768085598945618
ACH-000755,9911830,0,0.050000689923763275
ACH-000755,9943465,0,0.20986106991767883
ACH-000756,10096043,0,0.20532703399658203
ACH-000756,11316960,0,0.1637832075357437
ACH-000756,11327430,0,0.09849264472723007
ACH-000756,11493598,0,0.14676842093467712
ACH-000756,11626927,0,0.19437454640865326
ACH-000756,11634725,0,0.15992334485054016
ACH-000756,11667893,1,0.15060271322727203
ACH-000756,11754511,0,0.09855339676141739
ACH-000756,156422,0,0.22580765187740326
ACH-000756,16663089,1,0.31590867042541504
ACH-000756,16725726,0,0.5362231135368347
ACH-000756,16747388,0,0.03660387918353081
ACH-000756,20635522,0,0.13996976613998413
ACH-000756,24756910,0,0.14782658219337463
ACH-000756,24889392,0,0.10530627518892288
ACH-000756,25124816,0,0.24141354858875275
ACH-000756,25262965,0,0.14209888875484467
ACH-000756,3005532,0,0.32121333479881287
ACH-000756,387447,0,0.2662357687950134
ACH-000756,4263900,0,0.12985087931156158
ACH-000756,42642645,1,0.08140964061021805
ACH-000756,44224160,0,0.058021336793899536
ACH-000756,44462760,0,0.2143283635377884
ACH-000756,44632017,1,0.13483601808547974
ACH-000756,44819241,1,0.29733192920684814
ACH-000756,46843772,0,0.14639370143413544
ACH-000756,46844147,0,0.10996715724468231
ACH-000756,46943432,1,0.08958509564399719
ACH-000756,49821040,1,0.4091258645057678
ACH-000756,5280757,1,0.1121257022023201
ACH-000756,5311,0,0.10717697441577911
ACH-000756,560326,0,0.21348300576210022
ACH-000756,56965967,0,0.08432360738515854
ACH-000756,6253,0,0.13669145107269287
ACH-000756,644215,0,0.1319565773010254
ACH-000756,6914657,0,0.11900371313095093
ACH-000756,9868037,0,0.09406991302967072
ACH-000756,9903786,0,0.06382062286138535
ACH-000756,9911830,0,0.18710073828697205
ACH-000756,9914412,0,0.06038050726056099
ACH-000759,10113978,0,0.1906396895647049
ACH-000759,11152667,0,0.024581924080848694
ACH-000759,11455910,0,0.06650399416685104
ACH-000759,11493598,0,0.05186798423528671
ACH-000759,11634725,0,0.03179216757416725
ACH-000759,126941,0,0.03233391046524048
ACH-000759,16720766,0,0.05819172412157059
ACH-000759,2375,0,0.04979034140706062
ACH-000759,24894414,0,0.017090965062379837
ACH-000759,24951314,0,0.007169845513999462
ACH-000759,25022668,0,0.015698323026299477
ACH-000759,25124816,0,0.23949474096298218
ACH-000759,2726824,0,0.10551714897155762
ACH-000759,31703,0,0.00910748541355133
ACH-000759,3385,0,0.020303858444094658
ACH-000759,44137675,0,0.21811066567897797
ACH-000759,44224160,0,0.026454532518982887
ACH-000759,447912,0,0.020893242210149765
ACH-000759,44819241,0,0.0839865580201149
ACH-000759,46224516,0,0.010635623708367348
ACH-000759,46843772,0,0.0568215437233448
ACH-000759,46943432,0,0.025718145072460175
ACH-000759,5327091,0,0.024403424933552742
ACH-000759,53394750,0,0.3054916262626648
ACH-000759,54676905,0,0.2157076895236969
ACH-000759,56965967,0,0.015500876121222973
ACH-000759,6445533,0,0.022448742762207985
ACH-000759,6445562,1,0.22693702578544617
ACH-000759,6914657,0,0.058982208371162415
ACH-000759,85668777,0,0.3663443624973297
ACH-000759,9911830,0,0.04085142910480499
ACH-000759,9931953,0,0.014933457598090172
ACH-000759,9938202,0,0.1419917345046997
ACH-000759,9952773,0,0.038426000624895096
ACH-000763,10384072,0,0.18802544474601746
ACH-000763,11152667,0,0.1288810521364212
ACH-000763,11433190,1,0.3494418263435364
ACH-000763,11624601,0,0.15433160960674286
ACH-000763,11960529,0,0.2536575198173523
ACH-000763,11977753,1,0.08311747759580612
ACH-000763,1401,0,0.272311806678772
ACH-000763,148124,0,0.11757025867700577
ACH-000763,23725625,0,0.2214556485414505
ACH-000763,24180719,0,0.2512168884277344
ACH-000763,24978538,1,0.5889372825622559
ACH-000763,300471,0,0.1067536398768425
ACH-000763,444795,1,0.31850019097328186
ACH-000763,644241,0,0.24232546985149384
ACH-000763,6918454,0,0.18825283646583557
ACH-000766,10077147,0,0.025082306936383247
ACH-000766,10200390,0,0.04751896485686302
ACH-000766,10459196,1,0.07396043837070465
ACH-000766,104842,0,0.023362701758742332
ACH-000766,11282283,0,0.25280535221099854
ACH-000766,11327430,0,0.04110005870461464
ACH-000766,11455910,0,0.034665513783693314
ACH-000766,11609586,0,0.0723467469215393
ACH-000766,11634725,0,0.15480686724185944
ACH-000766,11640390,0,0.30307915806770325
ACH-000766,11647372,0,0.05405556038022041
ACH-000766,11667893,1,0.057904813438653946
ACH-000766,11676786,1,0.07634333521127701
ACH-000766,11960529,0,0.07238632440567017
ACH-000766,17755052,0,0.06196748465299606
ACH-000766,20635522,0,0.09305032342672348
ACH-000766,2314623,1,0.06356937438249588
ACH-000766,24951314,0,0.019316183403134346
ACH-000766,25022668,0,0.06515993922948837
ACH-000766,25102847,0,0.08779382705688477
ACH-000766,25126798,0,0.15433940291404724
ACH-000766,25222038,0,0.18839815258979797
ACH-000766,25257557,1,0.9322845935821533
ACH-000766,300471,0,0.037706684321165085
ACH-000766,3005532,0,0.06950876861810684
ACH-000766,387447,0,0.08039885014295578
ACH-000766,42642645,0,0.09687595814466476
ACH-000766,44224160,0,0.034187134355306625
ACH-000766,44551660,0,0.06456969678401947
ACH-000766,446378,0,0.09782863408327103
ACH-000766,44819241,0,0.13546712696552277
ACH-000766,46843772,0,0.07524533569812775
ACH-000766,46885626,0,0.14473281800746918
ACH-000766,46907787,0,0.09744896739721298
ACH-000766,49806720,1,0.23492689430713654
ACH-000766,49821040,1,0.4847441613674164
ACH-000766,4993,0,0.08688221126794815
ACH-000766,5113032,0,0.10762082040309906
ACH-000766,5208,0,0.04887910187244415
ACH-000766,5278396,0,0.08634799718856812
ACH-000766,5280757,1,0.04754339158535004
ACH-000766,5327091,0,0.05013512447476387
ACH-000766,53302361,0,0.049985211342573166
ACH-000766,560326,0,0.11467572301626205
ACH-000766,6445533,0,0.024153344333171844
ACH-000766,6505803,0,0.031126223504543304
ACH-000766,6710780,0,0.03605278581380844
ACH-000766,6918638,0,0.015951327979564667
ACH-000766,71271629,0,0.03986341506242752
ACH-000766,82146,0,0.15599288046360016
ACH-000766,85668777,0,0.2888088822364807
ACH-000766,9858940,0,0.07978907972574234
ACH-000766,9903786,0,0.043539974838495255
ACH-000766,9931953,0,0.019898537546396255
ACH-000766,9938202,0,0.051226500421762466
ACH-000766,9967941,0,0.08548029512166977
ACH-000767,10027278,0,0.010485097765922546
ACH-000767,10172943,0,0.032150331884622574
ACH-000767,10384072,0,0.02380812168121338
ACH-000767,11152667,0,0.0689629390835762
ACH-000767,11282283,0,0.18675483763217926
ACH-000767,11373846,0,0.2384677529335022
ACH-000767,11617559,1,0.23616592586040497
ACH-000767,11626560,0,0.019720714539289474
ACH-000767,11634725,0,0.12840384244918823
ACH-000767,11647372,0,0.08035443723201752
ACH-000767,126941,1,0.4864732623100281
ACH-000767,16747388,0,0.02291022427380085
ACH-000767,2314623,0,0.06543850153684616
ACH-000767,24776445,0,0.1019153743982315
ACH-000767,24785538,0,0.02611648663878441
ACH-000767,24951314,0,0.022166980430483818
ACH-000767,25222038,0,0.005534778814762831
ACH-000767,3005532,0,0.023078089579939842
ACH-000767,36314,0,0.01181606575846672
ACH-000767,42642645,0,0.06252481043338776
ACH-000767,44137675,0,0.017219102010130882
ACH-000767,44143370,0,0.03654346242547035
ACH-000767,44450571,0,0.01901458390057087
ACH-000767,44462760,0,0.12843574583530426
ACH-000767,46883536,0,0.09001988917589188
ACH-000767,49806720,1,0.2926902770996094
ACH-000767,4993,0,0.023382391780614853
ACH-000767,51371303,0,0.05289480462670326
ACH-000767,5311497,0,0.01001138798892498
ACH-000767,5329102,0,0.041632480919361115
ACH-000767,5459322,0,0.05468490719795227
ACH-000767,5460769,0,0.07859063893556595
ACH-000767,54676905,0,0.054565440863370895
ACH-000767,56962337,0,0.26495885848999023
ACH-000767,56965967,0,0.06648992747068405
ACH-000767,6710780,0,0.031026553362607956
ACH-000767,6753378,0,0.060580261051654816
ACH-000767,9813758,1,0.1766487956047058
ACH-000767,9910224,0,0.11297880113124847
ACH-000767,9967941,0,0.06820471584796906
ACH-000768,10384072,0,0.1261710375547409
ACH-000768,11282283,0,0.1522148698568344
ACH-000768,11338033,0,0.03261687606573105
ACH-000768,11433190,0,0.26831862330436707
ACH-000768,11485656,0,0.07481637597084045
ACH-000768,11634725,0,0.19008299708366394
ACH-000768,11707110,1,0.7081856727600098
ACH-000768,126565,0,0.05919426679611206
ACH-000768,156422,0,0.14386874437332153
ACH-000768,159324,0,0.030401967465877533
ACH-000768,16720766,0,0.12304414063692093
ACH-000768,176158,0,0.12446317821741104
ACH-000768,216326,0,0.06429022550582886
ACH-000768,24180719,0,0.16986486315727234
ACH-000768,24785538,0,0.2162255346775055
ACH-000768,24826799,0,0.08989883214235306
ACH-000768,3385,0,0.05727006867527962
ACH-000768,42642645,0,0.06507887691259384
ACH-000768,44137675,0,0.12216401100158691
ACH-000768,44143370,0,0.07022462785243988
ACH-000768,44224160,0,0.030075356364250183
ACH-000768,44450571,0,0.14980289340019226
ACH-000768,446378,0,0.10325925797224045
ACH-000768,447912,0,0.0470675528049469
ACH-000768,448013,0,0.10853209346532822
ACH-000768,44819241,0,0.13967597484588623
ACH-000768,5208,0,0.08035357296466827
ACH-000768,5328940,0,0.059388380497694016
ACH-000768,560326,0,0.1078701764345169
ACH-000768,5746,0,0.12615224719047546
ACH-000768,60750,0,0.055503301322460175
ACH-000768,637858,1,0.0542713962495327
ACH-000768,6505803,0,0.09528996050357819
ACH-000768,6918848,0,0.028991004452109337
ACH-000768,82146,0,0.11794709414243698
ACH-000768,84691,0,0.11941242218017578
ACH-000768,85668777,0,0.3558192849159241
ACH-000768,9952773,0,0.05682005733251572
ACH-000770,10027278,0,0.030568882822990417
ACH-000770,10074640,0,0.20043601095676422
ACH-000770,10113978,0,0.0918339416384697
ACH-000770,10200390,0,0.025534769520163536
ACH-000770,10384072,0,0.05049585923552513
ACH-000770,10390396,0,0.1260366439819336
ACH-000770,10459196,0,0.046935997903347015
ACH-000770,11373846,0,0.27801206707954407
ACH-000770,11609586,0,0.07600489258766174
ACH-000770,11624601,0,0.0400795117020607
ACH-000770,11634725,0,0.1882355660200119
ACH-000770,11647372,0,0.08665836602449417
ACH-000770,1401,0,0.27005425095558167
ACH-000770,2314623,0,0.1157919391989708
ACH-000770,24756910,0,0.17942191660404205
ACH-000770,24825971,0,0.06308857351541519
ACH-000770,25022668,0,0.012362253852188587
ACH-000770,25102847,0,0.20340627431869507
ACH-000770,2726824,0,0.07173144072294235
ACH-000770,3385,0,0.046406909823417664
ACH-000770,44224160,0,0.08388149738311768
ACH-000770,444795,0,0.3152369260787964
ACH-000770,46191454,0,0.31388357281684875
ACH-000770,46883536,0,0.16058580577373505
ACH-000770,5208,0,0.053249794989824295
ACH-000770,521106,0,0.0449896901845932
ACH-000770,5291,0,0.4160462021827698
ACH-000770,5311,0,0.13863994181156158
ACH-000770,5329102,0,0.08619918674230576
ACH-000770,53394750,0,0.6068149209022522
ACH-000770,5384616,0,0.13621865212917328
ACH-000770,56965967,0,0.09760215878486633
ACH-000770,5746,0,0.04161383956670761
ACH-000770,60750,0,0.034267835319042206
ACH-000770,644241,0,0.17135511338710785
ACH-000770,6445533,0,0.04574250057339668
ACH-000770,6445562,0,0.06529814004898071
ACH-000770,6450816,0,0.059299930930137634
ACH-000770,82146,0,0.07279524952173233
ACH-000770,8249,0,0.15534129738807678
ACH-000770,9813758,0,0.14208441972732544
ACH-000770,9826308,0,0.2653930187225342
ACH-000770,9863776,0,0.1438041627407074
ACH-000770,9907093,0,0.09164327383041382
ACH-000770,9910224,1,0.1343274563550949
ACH-000770,9956222,0,0.12118536233901978
ACH-000772,10027278,0,0.02924966998398304
ACH-000772,10074640,0,0.10901404172182083
ACH-000772,10113978,0,0.18178434669971466
ACH-000772,10196499,0,0.1275704801082611
ACH-000772,10390396,0,0.10806916654109955
ACH-000772,11373846,0,0.08022652566432953
ACH-000772,11404337,0,0.02880890481173992
ACH-000772,11493598,0,0.12451429665088654
ACH-000772,11754511,0,0.09825126081705093
ACH-000772,16747388,0,0.01077888160943985
ACH-000772,2375,0,0.03218700736761093
ACH-000772,24772860,0,0.009607831947505474
ACH-000772,24825971,0,0.07124067097902298
ACH-000772,25126798,0,0.05743572488427162
ACH-000772,31703,0,0.012393400073051453
ACH-000772,3796,0,0.03109213337302208
ACH-000772,4263900,0,0.028221864253282547
ACH-000772,446378,0,0.026693500578403473
ACH-000772,448013,0,0.018948594108223915
ACH-000772,462382,0,0.14059455692768097
ACH-000772,4993,0,0.14736028015613556
ACH-000772,5459322,0,0.08982621878385544
ACH-000772,560326,0,0.07295835763216019
ACH-000772,5717801,1,0.031036093831062317
ACH-000772,7251185,0,0.011961317621171474
ACH-000772,9956222,0,0.04200301691889763
ACH-000772,9967941,1,0.07411942631006241
ACH-000775,10109823,1,0.0353233739733696
ACH-000775,10196499,0,0.21129843592643738
ACH-000775,10459196,0,0.061612486839294434
ACH-000775,11327430,0,0.018891680985689163
ACH-000775,11338033,0,0.02397855743765831
ACH-000775,11609586,0,0.1011211946606636
ACH-000775,11713159,0,0.045757509768009186
ACH-000775,156422,0,0.1115449070930481
ACH-000775,16720766,0,0.07180286943912506
ACH-000775,2375,0,0.06117408722639084
ACH-000775,24772860,0,0.01605328358709812
ACH-000775,24785538,1,0.15420791506767273
ACH-000775,25126798,0,0.028836112469434738
ACH-000775,25167777,0,0.018043197691440582
ACH-000775,25222038,0,0.03133450821042061
ACH-000775,25257557,0,0.7989858388900757
ACH-000775,3005532,0,0.11346125602722168
ACH-000775,31703,0,0.017833130434155464
ACH-000775,36462,0,0.024064110592007637
ACH-000775,3796,0,0.04195798188447952
ACH-000775,44137675,0,0.0866556391119957
ACH-000775,44819241,0,0.07846459001302719
ACH-000775,46883536,0,0.025903642177581787
ACH-000775,46885626,0,0.08998820930719376
ACH-000775,46907787,0,0.05184720456600189
ACH-000775,5208,0,0.05692166090011597
ACH-000775,5280757,0,0.1929226815700531
ACH-000775,5394,0,0.08096618950366974
ACH-000775,5746,0,0.07103180885314941
ACH-000775,6914657,0,0.09851987659931183
ACH-000775,9884685,0,0.017125578597187996
ACH-000775,9931953,0,0.029958613216876984
ACH-000775,9938202,0,0.1580885350704193
ACH-000775,9943465,0,0.1830124855041504
ACH-000775,9956222,0,0.03732997924089432
ACH-000776,10077147,0,0.03972657024860382
ACH-000776,10109823,0,0.043431997299194336
ACH-000776,10200390,0,0.04143885523080826
ACH-000776,10384072,1,0.16732323169708252
ACH-000776,11152667,1,0.14391247928142548
ACH-000776,11282283,0,0.12104130536317825
ACH-000776,11364421,0,0.22735898196697235
ACH-000776,11373846,0,0.06694546341896057
ACH-000776,11404337,0,0.3165491223335266
ACH-000776,11455910,0,0.35725149512290955
ACH-000776,11493598,0,0.21479827165603638
ACH-000776,11624601,0,0.08366842567920685
ACH-000776,11647372,0,0.02904335968196392
ACH-000776,11754511,0,0.09147133678197861
ACH-000776,16663089,0,0.2202107012271881
ACH-000776,16725726,1,0.11302179843187332
ACH-000776,176870,0,0.11933507025241852
ACH-000776,17755052,0,0.060887567698955536
ACH-000776,216239,0,0.14810499548912048
ACH-000776,216326,1,0.1816997528076172
ACH-000776,2314623,0,0.19493047893047333
ACH-000776,24785538,0,0.13421204686164856
ACH-000776,24889392,0,0.07475824654102325
ACH-000776,24978538,0,0.33221855759620667
ACH-000776,3385,0,0.1180584579706192
ACH-000776,3796,0,0.06368059664964676
ACH-000776,4261,0,0.14050111174583435
ACH-000776,46883536,0,0.05790260061621666
ACH-000776,49836027,0,0.1614016890525818
ACH-000776,5280757,0,0.19782063364982605
ACH-000776,5329102,0,0.09963378310203552
ACH-000776,53302361,0,0.2119302600622177
ACH-000776,53340664,0,0.057131536304950714
ACH-000776,5459322,0,0.17833147943019867
ACH-000776,560326,0,0.08655642718076706
ACH-000776,56965967,0,0.06291977316141129
ACH-000776,644215,0,0.11905576288700104
ACH-000776,65110,0,0.23529572784900665
ACH-000776,71271629,0,0.13255561888217926
ACH-000776,7251185,0,0.045118629932403564
ACH-000776,85668777,0,0.15007953345775604
ACH-000776,9907093,0,0.4040488302707672
ACH-000776,9911830,0,0.15823820233345032
ACH-000776,9956119,0,0.42125409841537476
ACH-000776,9956222,0,0.04635060951113701
ACH-000778,10027278,1,0.28962597250938416
ACH-000778,10113978,0,0.35186028480529785
ACH-000778,104842,0,0.11546947807073593
ACH-000778,11647372,0,0.03871801868081093
ACH-000778,11713159,0,0.19523382186889648
ACH-000778,159324,0,0.10985028743743896
ACH-000778,2375,0,0.10642552375793457
ACH-000778,24894414,0,0.041228387504816055
ACH-000778,25222038,0,0.3114941716194153
ACH-000778,25257557,0,0.34289079904556274
ACH-000778,3005532,1,0.5488996505737305
ACH-000778,36462,0,0.14265170693397522
ACH-000778,3796,0,0.19243267178535461
ACH-000778,4263900,1,0.18809904158115387
ACH-000778,42642645,0,0.07457005232572556
ACH-000778,44137675,0,0.41453784704208374
ACH-000778,44632017,0,0.23029662668704987
ACH-000778,448013,0,0.3707459270954132
ACH-000778,46224516,0,0.05250842496752739
ACH-000778,46907787,0,0.19906644523143768
ACH-000778,46931012,0,0.03251403570175171
ACH-000778,5280757,0,0.3030856251716614
ACH-000778,53340664,0,0.04768284037709236
ACH-000778,53394750,0,0.09606031328439713
ACH-000778,5459322,1,0.21139219403266907
ACH-000778,560326,0,0.1986185908317566
ACH-000778,6753378,0,0.061403851956129074
ACH-000778,6914657,0,0.22550132870674133
ACH-000778,6918848,0,0.03691503405570984
ACH-000778,82146,1,0.24067334830760956
ACH-000778,8249,0,0.03984127566218376
ACH-000778,9931953,0,0.14882990717887878
ACH-000780,10127622,0,0.2120358943939209
ACH-000780,11327430,0,0.07296744734048843
ACH-000780,11624601,0,0.08902325481176376
ACH-000780,11667893,0,0.15822480618953705
ACH-000780,11707110,0,0.40977978706359863
ACH-000780,126941,0,0.33890295028686523
ACH-000780,156422,0,0.19822770357131958
ACH-000780,24180719,0,0.18949154019355774
ACH-000780,2726824,0,0.11697781085968018
ACH-000780,2733526,0,0.2628268897533417
ACH-000780,44182295,0,0.169854536652565
ACH-000780,44450571,0,0.12520815432071686
ACH-000780,5311,0,0.1855943500995636
ACH-000780,637858,0,0.11360421776771545
ACH-000780,65110,0,0.35588517785072327
ACH-000780,6710780,0,0.08698642998933792
ACH-000780,6914657,0,0.15535986423492432
ACH-000780,84691,0,0.1360088437795639
ACH-000780,85668777,0,0.12456979602575302
ACH-000780,9826528,0,0.2023826688528061
ACH-000781,10027278,0,0.0845765545964241
ACH-000781,10096043,0,0.0840461477637291
ACH-000781,10184653,0,0.29430708289146423
ACH-000781,10341154,0,0.11761245876550674
ACH-000781,11327430,0,0.05023673549294472
ACH-000781,11404337,0,0.058897316455841064
ACH-000781,11485656,0,0.13105453550815582
ACH-000781,11634725,0,0.21792002022266388
ACH-000781,126565,0,0.08935491740703583
ACH-000781,156422,0,0.16643765568733215
ACH-000781,2314623,0,0.19038720428943634
ACH-000781,24756910,0,0.07332182675600052
ACH-000781,25124816,0,0.18363481760025024
ACH-000781,25195352,0,0.05534891039133072
ACH-000781,46943432,0,0.11013954877853394
ACH-000781,5460769,0,0.05738135799765587
ACH-000781,54685215,0,0.1549527645111084
ACH-000781,66577006,0,0.05075354129076004
ACH-000781,9810884,0,0.4791181683540344
ACH-000781,9813758,0,0.08518363535404205
ACH-000781,9863776,0,0.15957218408584595
ACH-000781,9874913,0,0.17739637196063995
ACH-000781,9938202,0,0.1651822030544281
ACH-000783,10074640,0,0.044072359800338745
ACH-000783,10109823,0,0.28553226590156555
ACH-000783,104842,0,0.03985282778739929
ACH-000783,11178236,0,0.15429136157035828
ACH-000783,11282283,0,0.29456982016563416
ACH-000783,11485656,0,0.04932549223303795
ACH-000783,11493598,0,0.061117880046367645
ACH-000783,16720766,0,0.14497314393520355
ACH-000783,24772860,0,0.037326082587242126
ACH-000783,24889392,0,0.0684128925204277
ACH-000783,25102847,0,0.10201097279787064
ACH-000783,25126798,0,0.060530539602041245
ACH-000783,36462,0,0.033882662653923035
ACH-000783,44137675,1,0.2881540358066559
ACH-000783,44819241,0,0.12356359511613846
ACH-000783,46224516,0,0.017872503027319908
ACH-000783,46883536,0,0.03449830785393715
ACH-000783,5311497,0,0.0827418863773346
ACH-000783,5460769,0,0.2558775544166565
ACH-000783,704473,0,0.11118363589048386
ACH-000783,85668777,0,0.4016454517841339
ACH-000783,9810884,0,0.3303893804550171
ACH-000783,9813758,0,0.05986989662051201
ACH-000783,9858940,0,0.17642401158809662
ACH-000783,9874913,0,0.37153854966163635
ACH-000783,9903786,0,0.014810607768595219
ACH-000783,9911830,0,0.060837723314762115
ACH-000783,9956222,0,0.05548614263534546
ACH-000784,10196499,0,0.17459677159786224
ACH-000784,10200390,0,0.0007286930922418833
ACH-000784,11493598,0,0.005834778305143118
ACH-000784,11617559,0,0.027271980419754982
ACH-000784,11634725,0,0.007689451798796654
ACH-000784,11960529,1,0.09275681525468826
ACH-000784,123631,0,0.07426617294549942
ACH-000784,24772860,0,0.0005999728455208242
ACH-000784,25022668,0,0.002514621475711465
ACH-000784,25126798,0,0.00178047688677907
ACH-000784,25222038,0,0.00936493556946516
ACH-000784,2726824,0,0.13958927989006042
ACH-000784,300471,0,0.061593957245349884
ACH-000784,36462,0,0.004983128048479557
ACH-000784,44137675,0,0.1043739840388298
ACH-000784,447912,0,0.0006835066596977413
ACH-000784,46191454,0,0.0013348960783332586
ACH-000784,46885626,0,0.006606705952435732
ACH-000784,5280757,0,0.2974977493286133
ACH-000784,5327091,0,0.009568572975695133
ACH-000784,53394750,0,0.003003956051543355
ACH-000784,5460769,0,0.02541443705558777
ACH-000784,6852167,0,0.0006995638250373304
ACH-000784,6918848,0,0.0005405917181633413
ACH-000784,71271629,1,0.0006890022777952254
ACH-000784,85668777,0,0.4411066472530365
ACH-000784,9910224,0,0.0012762241531163454
ACH-000784,9911830,0,0.0025474349968135357
ACH-000784,9938202,0,0.04224802181124687
ACH-000784,9956119,0,0.13774369657039642
ACH-000786,10109823,0,0.0964810773730278
ACH-000786,10196499,0,0.10541632771492004
ACH-000786,11455910,0,0.03221117705106735
ACH-000786,11707110,0,0.1562889665365219
ACH-000786,11960529,0,0.16207027435302734
ACH-000786,156422,0,0.07550734281539917
ACH-000786,159324,0,0.05763290077447891
ACH-000786,16747388,0,0.16282625496387482
ACH-000786,17755052,0,0.1007092148065567
ACH-000786,20635522,0,0.08105199038982391
ACH-000786,208908,0,0.187503844499588
ACH-000786,2375,0,0.14241454005241394
ACH-000786,24180719,0,0.0642349123954773
ACH-000786,24772860,0,0.10331548005342484
ACH-000786,24785538,0,0.06534089893102646
ACH-000786,24825971,1,0.08059053868055344
ACH-000786,24978538,0,0.8114965558052063
ACH-000786,31703,0,0.030218442901968956
ACH-000786,3463933,1,0.10929235816001892
ACH-000786,3796,0,0.08671203255653381
ACH-000786,44137675,1,0.05095938965678215
ACH-000786,44182295,0,0.06592968851327896
ACH-000786,44450571,0,0.06108158081769943
ACH-000786,44462760,0,0.10782676935195923
ACH-000786,46224516,0,0.13994422554969788
ACH-000786,49836027,0,0.17914128303527832
ACH-000786,5113032,0,0.3865511417388916
ACH-000786,5208,0,0.10190457850694656
ACH-000786,5329102,0,0.11061977595090866
ACH-000786,54676905,0,0.10894765704870224
ACH-000786,56965967,0,0.25029194355010986
ACH-000786,5717801,1,0.1442563682794571
ACH-000786,57339144,0,0.23558320105075836
ACH-000786,60750,0,0.04530015215277672
ACH-000786,6445533,0,0.08565722405910492
ACH-000786,6450551,0,0.13831636309623718
ACH-000786,65110,0,0.3167724013328552
ACH-000786,84691,0,0.2183169275522232
ACH-000786,9826308,0,0.3284085690975189
ACH-000786,9868037,1,0.28765061497688293
ACH-000786,9956119,0,0.08422205597162247
ACH-000786,9956222,0,0.24906985461711884
ACH-000787,10109823,0,0.22208614647388458
ACH-000787,10200390,0,0.08029966056346893
ACH-000787,10384072,0,0.2569546103477478
ACH-000787,11152667,0,0.08869411796331406
ACH-000787,11493598,0,0.09445500373840332
ACH-000787,11676786,0,0.1982065588235855
ACH-000787,11707110,0,0.5616711974143982
ACH-000787,11977753,0,0.21676957607269287
ACH-000787,126941,0,0.0604914091527462
ACH-000787,16095342,0,0.29045212268829346
ACH-000787,16747388,0,0.02814829722046852
ACH-000787,176870,0,0.4232369065284729
ACH-000787,216326,0,0.11845114827156067
ACH-000787,24756910,0,0.06321347504854202
ACH-000787,24785538,0,0.19970543682575226
ACH-000787,24825971,0,0.24810791015625
ACH-000787,25195352,0,0.07048876583576202
ACH-000787,2726824,1,0.2403576821088791
ACH-000787,300471,0,0.19519047439098358
ACH-000787,3218,0,0.16181594133377075
ACH-000787,3385,0,0.09904160350561142
ACH-000787,4261,0,0.1930965632200241
ACH-000787,46191454,0,0.06072625145316124
ACH-000787,46885626,1,0.1445816308259964
ACH-000787,46943432,0,0.027767326682806015
ACH-000787,49821040,0,0.40764355659484863
ACH-000787,49836027,0,0.3026461899280548
ACH-000787,51371303,0,0.15329743921756744
ACH-000787,5311,0,0.11574830114841461
ACH-000787,5311510,0,0.20281565189361572
ACH-000787,5459322,0,0.10687915235757828
ACH-000787,5460769,0,0.1872507631778717
ACH-000787,56962337,0,0.0957389771938324
ACH-000787,56965967,0,0.05392609164118767
ACH-000787,60750,0,0.2230445146560669
ACH-000787,637858,0,0.182321697473526
ACH-000787,6918289,0,0.17613637447357178
ACH-000787,9826308,0,0.20175215601921082
ACH-000787,9910224,0,0.07009662687778473
ACH-000787,9931953,0,0.12180419266223907
ACH-000787,9943465,1,0.24065765738487244
ACH-000788,10184653,0,0.16875870525836945
ACH-000788,11455910,0,0.3230701982975006
ACH-000788,11625818,0,0.037843722850084305
ACH-000788,11960529,1,0.3099704384803772
ACH-000788,123631,0,0.20263952016830444
ACH-000788,126941,0,0.07030866295099258
ACH-000788,176158,0,0.2793855667114258
ACH-000788,176167,0,0.10868284851312637
ACH-000788,216326,1,0.17709888517856598
ACH-000788,24756910,0,0.04055297002196312
ACH-000788,24894414,0,0.038694970309734344
ACH-000788,25222038,0,0.1328916698694229
ACH-000788,300471,0,0.1857251077890396
ACH-000788,3005532,0,0.2799825966358185
ACH-000788,31703,0,0.10544799268245697
ACH-000788,3218,1,0.23494574427604675
ACH-000788,51371303,0,0.12690864503383636
ACH-000788,5280757,0,0.2283746898174286
ACH-000788,5289247,0,0.22174246609210968
ACH-000788,5328940,0,0.11231148988008499
ACH-000788,53302361,0,0.14163637161254883
ACH-000788,6852167,0,0.03250300884246826
ACH-000788,6918289,0,0.20589525997638702
ACH-000788,6918638,0,0.0301841851323843
ACH-000788,71271629,1,0.08471963554620743
ACH-000788,82146,0,0.17911867797374725
ACH-000788,84691,1,0.3984425663948059
ACH-000788,9810884,0,0.427376925945282
ACH-000788,9903786,0,0.030145753175020218
ACH-000788,9956222,0,0.04817378893494606
ACH-000788,9967941,0,0.1206650584936142
ACH-000789,10027278,1,0.09917060285806656
ACH-000789,10384072,0,0.09438495337963104
ACH-000789,10451420,0,0.4153074026107788
ACH-000789,11754511,0,0.32934504747390747
ACH-000789,16747388,0,0.13465911149978638
ACH-000789,23725625,0,0.25304460525512695
ACH-000789,25102847,0,0.18712270259857178
ACH-000789,31703,1,0.06793659925460815
ACH-000789,3385,1,0.17397846281528473
ACH-000789,42640,0,0.3691025972366333
ACH-000789,44137675,0,0.0792262852191925
ACH-000789,44143370,0,0.13509589433670044
ACH-000789,446378,0,0.08092936873435974
ACH-000789,46907787,0,0.09131550788879395
ACH-000789,49806720,0,0.21313990652561188
ACH-000789,5113032,0,0.21675388514995575
ACH-000789,51371303,0,0.274365097284317
ACH-000789,5311,0,0.19942809641361237
ACH-000789,5330286,0,0.19171251356601715
ACH-000789,53340664,0,0.1833074986934662
ACH-000789,5459322,0,0.2458212524652481
ACH-000789,5746,0,0.11612369120121002
ACH-000789,60750,0,0.10780179500579834
ACH-000789,6253,0,0.09819673001766205
ACH-000789,6753378,0,0.20021575689315796
ACH-000789,6918289,0,0.11740003526210785
ACH-000789,8249,0,0.21370698511600494
ACH-000789,9956222,0,0.14399981498718262
ACH-000790,10077147,0,0.010377810336649418
ACH-000790,10109823,0,0.05313948169350624
ACH-000790,10302451,0,0.19189304113388062
ACH-000790,10459196,1,0.0396684892475605
ACH-000790,10461815,0,0.12530624866485596
ACH-000790,11609586,0,0.0756668895483017
ACH-000790,11617559,1,0.2599644660949707
ACH-000790,126941,0,0.05607815459370613
ACH-000790,160355,0,0.05281564220786095
ACH-000790,16038120,0,0.18571887910366058
ACH-000790,16720766,0,0.048230018466711044
ACH-000790,17755052,0,0.02385682798922062
ACH-000790,208908,0,0.25570037961006165
ACH-000790,216239,0,0.03996868059039116
ACH-000790,23725625,0,0.04655417054891586
ACH-000790,3218,0,0.04420328140258789
ACH-000790,4261,0,0.09905857592821121
ACH-000790,44462760,0,0.11993740499019623
ACH-000790,44632017,0,0.07433675974607468
ACH-000790,447912,0,0.04457487538456917
ACH-000790,44819241,0,0.08234469592571259
ACH-000790,46883536,0,0.039560478180646896
ACH-000790,46930998,0,0.0351950041949749
ACH-000790,49806720,0,0.08260482549667358
ACH-000790,521106,0,0.022769009694457054
ACH-000790,57339144,1,0.05857887119054794
ACH-000790,637858,0,0.030684227123856544
ACH-000790,6450816,0,0.03057660534977913
ACH-000790,6852167,0,0.044612206518650055
ACH-000790,9549184,1,0.10093819350004196
ACH-000790,9826308,0,0.07868754863739014
ACH-000790,9868037,0,0.0201911348849535
ACH-000790,9884685,0,0.023660147562623024
ACH-000790,9943465,0,0.17206105589866638
ACH-000792,10096043,0,0.06218654662370682
ACH-000792,10196499,0,0.14491097629070282
ACH-000792,11373846,0,0.014746948145329952
ACH-000792,11404337,0,0.02695785090327263
ACH-000792,16722836,0,0.005888332612812519
ACH-000792,24785538,0,0.10039142519235611
ACH-000792,24826799,0,0.03609349578619003
ACH-000792,25126798,0,0.01657986268401146
ACH-000792,25257557,0,0.33895349502563477
ACH-000792,447912,0,0.023521170020103455
ACH-000792,46224516,0,0.01373844314366579
ACH-000792,46885626,0,0.032659947872161865
ACH-000792,46931012,0,0.00733070308342576
ACH-000792,5113032,0,0.027611784636974335
ACH-000792,5280757,0,0.1617760956287384
ACH-000792,5459322,0,0.08828721195459366
ACH-000792,5460769,0,0.03785610944032669
ACH-000792,5746,0,0.1087062656879425
ACH-000792,66577006,0,0.006630897056311369
ACH-000792,6852167,0,0.013296901248395443
ACH-000792,71271629,0,0.016008470207452774
ACH-000792,82146,0,0.06383221596479416
ACH-000792,85668777,0,0.31475213170051575
ACH-000792,9858940,0,0.0596211776137352
ACH-000792,9863776,0,0.09859293699264526
ACH-000792,9952773,0,0.01792273111641407
ACH-000792,9967941,0,0.04541037976741791
ACH-000793,11433190,0,0.23613254725933075
ACH-000793,11624601,0,0.14212678372859955
ACH-000793,126565,0,0.04312652722001076
ACH-000793,17755052,0,0.02731180191040039
ACH-000793,25262965,0,0.10590940713882446
ACH-000793,2726824,0,0.2913058400154114
ACH-000793,51371303,0,0.08923648297786713
ACH-000793,57339144,0,0.058135826140642166
ACH-000793,6253,0,0.01168056670576334
ACH-000793,6505803,0,0.15188758075237274
ACH-000793,6918289,0,0.11844199895858765
ACH-000794,10096043,0,0.12494742125272751
ACH-000794,11625818,0,0.08090446889400482
ACH-000794,11960529,0,0.19014830887317657
ACH-000794,159324,0,0.102869912981987
ACH-000794,16725726,0,0.5499644875526428
ACH-000794,176167,0,0.14541243016719818
ACH-000794,23725625,0,0.10644827038049698
ACH-000794,24772860,0,0.048289887607097626
ACH-000794,25124816,0,0.20462749898433685
ACH-000794,31703,0,0.11411672085523605
ACH-000794,3218,0,0.12743213772773743
ACH-000794,44450571,1,0.14868690073490143
ACH-000794,46931012,0,0.05391252040863037
ACH-000794,5113032,0,0.19244647026062012
ACH-000794,5311,0,0.1082620769739151
ACH-000794,5460769,0,0.18957893550395966
ACH-000794,54676905,0,0.1495145559310913
ACH-000794,560326,0,0.1448196917772293
ACH-000794,6253,0,0.07262815535068512
ACH-000794,6450551,0,0.08808563649654388
ACH-000794,9858940,0,0.3131445348262787
ACH-000794,9903786,0,0.06405498087406158
ACH-000794,9911830,0,0.14760129153728485
ACH-000794,9914412,0,0.05183510482311249
ACH-000795,10302451,0,0.48081764578819275
ACH-000795,11327430,0,0.39174288511276245
ACH-000795,11338033,0,0.6483331918716431
ACH-000795,11455910,0,0.04270946606993675
ACH-000795,11485656,0,0.6503618955612183
ACH-000795,11493598,1,0.6718984842300415
ACH-000795,11624601,0,0.09885827451944351
ACH-000795,16720766,0,0.12328854948282242
ACH-000795,16747388,1,0.6212276816368103
ACH-000795,17755052,0,0.3345518708229065
ACH-000795,23725625,1,0.6504918932914734
ACH-000795,25167777,0,0.5334944725036621
ACH-000795,4261,0,0.14675219357013702
ACH-000795,44143370,0,0.3293578028678894
ACH-000795,44224160,0,0.27478134632110596
ACH-000795,46224516,1,0.3738153576850891
ACH-000795,49806720,1,0.6961976289749146
ACH-000795,49836027,0,0.2991991341114044
ACH-000795,5113032,0,0.8133901953697205
ACH-000795,53394750,1,0.9864848256111145
ACH-000795,6450551,0,0.2658839225769043
ACH-000795,6710780,0,0.15648743510246277
ACH-000795,6918454,0,0.5569226741790771
ACH-000795,704473,1,0.9491488337516785
ACH-000795,84691,0,0.7151973843574524
ACH-000795,9826308,0,0.3802248239517212
ACH-000795,9903786,0,0.7729179263114929
ACH-000795,9938202,0,0.23529411852359772
ACH-000798,10184653,1,0.14867621660232544
ACH-000798,11433190,0,0.537649393081665
ACH-000798,11960529,0,0.003978292923420668
ACH-000798,216326,0,0.00022281456040218472
ACH-000798,2733526,0,0.0012265373952686787
ACH-000798,44462760,0,0.16216935217380524
ACH-000798,6914657,0,0.0036108919885009527
ACH-000800,10077147,0,0.013971531763672829
ACH-000800,11282283,0,0.23296470940113068
ACH-000800,11485656,0,0.13901232182979584
ACH-000800,11625818,0,0.08303029835224152
ACH-000800,11977753,0,0.027664221823215485
ACH-000800,123631,0,0.06986396014690399
ACH-000800,126941,0,0.16964542865753174
ACH-000800,16663089,0,0.18941430747509003
ACH-000800,176158,0,0.04861358180642128
ACH-000800,20635522,0,0.057455770671367645
ACH-000800,24776445,0,0.06412383913993835
ACH-000800,24825971,0,0.0681636780500412
ACH-000800,24826799,0,0.12181641906499863
ACH-000800,24889392,1,0.39772236347198486
ACH-000800,24978538,1,0.8203780055046082
ACH-000800,25124816,0,0.10040410608053207
ACH-000800,25222038,0,0.01958135887980461
ACH-000800,2726824,1,0.04207855090498924
ACH-000800,3005532,0,0.07913323491811752
ACH-000800,31703,0,0.013025515712797642
ACH-000800,36462,0,0.036481425166130066
ACH-000800,46844147,0,0.09624442458152771
ACH-000800,49806720,0,0.26302990317344666
ACH-000800,5208,0,0.057593099772930145
ACH-000800,5291,0,0.31331533193588257
ACH-000800,5311,0,0.11517386138439178
ACH-000800,5330286,0,0.04454644396901131
ACH-000800,5394,0,0.08157414197921753
ACH-000800,54685215,0,0.04994211718440056
ACH-000800,6253,0,0.018537612631917
ACH-000800,644215,0,0.03890092670917511
ACH-000800,6450551,0,0.07486765831708908
ACH-000800,6450816,0,0.1381174623966217
ACH-000800,704473,0,0.4193665683269501
ACH-000800,82146,0,0.07590515911579132
ACH-000800,9810884,1,0.8136528730392456
ACH-000800,9826528,0,0.07204394042491913
ACH-000800,9858940,1,0.047842059284448624
ACH-000800,9863776,0,0.029129555448889732
ACH-000800,9874913,0,0.24749653041362762
ACH-000800,9907093,0,0.11002380400896072
ACH-000800,9911830,0,0.11944789439439774
ACH-000802,10109823,0,0.1744736284017563
ACH-000802,10127622,1,0.5827783942222595
ACH-000802,10184653,0,0.29534703493118286
ACH-000802,10196499,0,0.2023043930530548
ACH-000802,10341154,0,0.3434152603149414
ACH-000802,11152667,0,0.16122528910636902
ACH-000802,11338033,0,0.1486397236585617
ACH-000802,11455910,0,0.23320850729942322
ACH-000802,11634725,1,0.43023109436035156
ACH-000802,11754511,0,0.13883890211582184
ACH-000802,216326,0,0.3927306830883026
ACH-000802,23725625,0,0.36059045791625977
ACH-000802,24756910,0,0.17945758998394012
ACH-000802,24889392,0,0.1405031979084015
ACH-000802,25222038,1,0.2508940100669861
ACH-000802,25257557,1,0.7075451016426086
ACH-000802,3385,0,0.32796645164489746
ACH-000802,4263900,0,0.1902867555618286
ACH-000802,42642645,0,0.1460435688495636
ACH-000802,46191454,0,0.20700043439865112
ACH-000802,46224516,0,0.11520105600357056
ACH-000802,46943432,0,0.21010439097881317
ACH-000802,5113032,1,0.35862231254577637
ACH-000802,521106,1,0.2241511195898056
ACH-000802,5278396,0,0.30997413396835327
ACH-000802,5328940,0,0.32578086853027344
ACH-000802,5460769,0,0.1561133712530136
ACH-000802,60750,1,0.2852604389190674
ACH-000802,6450816,0,0.13027331233024597
ACH-000802,6918289,0,0.4373779296875
ACH-000802,6918454,0,0.6405670046806335
ACH-000802,9810884,0,0.6293730139732361
ACH-000802,9910224,0,0.2599110007286072
ACH-000802,9914412,0,0.15725570917129517
ACH-000802,9952773,0,0.18533264100551605
ACH-000803,10074640,0,0.08198728412389755
ACH-000803,10096043,0,0.05818330869078636
ACH-000803,10127622,0,0.14412514865398407
ACH-000803,10451420,0,0.057054053992033005
ACH-000803,11178236,0,0.10186512768268585
ACH-000803,11338033,0,0.03114583157002926
ACH-000803,11624601,0,0.1021161675453186
ACH-000803,11626560,0,0.03968055546283722
ACH-000803,11640390,1,0.24631580710411072
ACH-000803,123631,0,0.19839367270469666
ACH-000803,126941,0,0.05627121776342392
ACH-000803,159324,0,0.03440089151263237
ACH-000803,16095342,0,0.13362960517406464
ACH-000803,176167,1,0.1583106964826584
ACH-000803,25102847,0,0.13475185632705688
ACH-000803,25257557,0,0.587755024433136
ACH-000803,36314,0,0.07382231205701828
ACH-000803,387447,0,0.17791804671287537
ACH-000803,44224160,0,0.048605628311634064
ACH-000803,444795,0,0.11579754948616028
ACH-000803,448013,0,0.07969768345355988
ACH-000803,46191454,0,0.08432565629482269
ACH-000803,46844147,0,0.04706835746765137
ACH-000803,46883536,0,0.06042281165719032
ACH-000803,46907787,0,0.09584000706672668
ACH-000803,46930998,0,0.08260301500558853
ACH-000803,46943432,0,0.04861773923039436
ACH-000803,5113032,0,0.09561101347208023
ACH-000803,521106,0,0.03274514526128769
ACH-000803,5280757,0,0.15286366641521454
ACH-000803,5311510,0,0.08078087866306305
ACH-000803,5330286,0,0.042284831404685974
ACH-000803,53394750,0,0.11217041313648224
ACH-000803,5384616,0,0.07661935687065125
ACH-000803,5460769,1,0.09124694764614105
ACH-000803,56965967,0,0.03881273791193962
ACH-000803,57339144,0,0.06981439888477325
ACH-000803,6450816,0,0.07448352128267288
ACH-000803,6710780,0,0.041354868561029434
ACH-000803,6753378,0,0.03937407210469246
ACH-000803,6852167,0,0.06365577131509781
ACH-000803,6914657,0,0.12049239128828049
ACH-000803,85668777,0,0.2969089448451996
ACH-000803,9826528,0,0.09284541010856628
ACH-000803,9914412,0,0.024262038990855217
ACH-000803,9943465,0,0.2485838085412979
ACH-000803,9967941,0,0.14915800094604492
ACH-000804,10096043,0,0.06531700491905212
ACH-000804,10113978,0,0.4070163071155548
ACH-000804,10196499,0,0.2966691851615906
ACH-000804,10200390,0,0.10044995695352554
ACH-000804,104842,0,0.08048109710216522
ACH-000804,11485656,0,0.28381839394569397
ACH-000804,126941,0,0.20844794809818268
ACH-000804,1401,0,0.2750803530216217
ACH-000804,16095342,0,0.3045136630535126
ACH-000804,216239,0,0.10508396476507187
ACH-000804,25124816,0,0.19574221968650818
ACH-000804,25167777,0,0.2320781797170639
ACH-000804,3005532,0,0.13782654702663422
ACH-000804,31703,0,0.03368836268782616
ACH-000804,3218,0,0.10282938182353973
ACH-000804,3463933,0,0.20693282783031464
ACH-000804,36314,0,0.07142247259616852
ACH-000804,387447,0,0.1965043842792511
ACH-000804,42642645,0,0.14158308506011963
ACH-000804,44137675,0,0.27060791850090027
ACH-000804,44224160,0,0.14757435023784637
ACH-000804,46191454,0,0.26200100779533386
ACH-000804,49821040,0,0.29170748591423035
ACH-000804,49836027,0,0.2255425900220871
ACH-000804,4993,0,0.1779400110244751
ACH-000804,521106,0,0.13280968368053436
ACH-000804,5278396,0,0.12133420258760452
ACH-000804,5280757,0,0.1217370256781578
ACH-000804,5311510,0,0.1468186229467392
ACH-000804,5328940,0,0.09087543934583664
ACH-000804,53340664,0,0.16316580772399902
ACH-000804,56962337,0,0.21974237263202667
ACH-000804,6914657,0,0.14709427952766418
ACH-000804,6918638,0,0.12321697920560837
ACH-000804,9907093,0,0.26136699318885803
ACH-000804,9914412,0,0.05505405738949776
ACH-000805,10096043,0,0.2488202303647995
ACH-000805,10113978,0,0.08257397264242172
ACH-000805,10341154,0,0.10702268779277802
ACH-000805,11152667,0,0.1198413148522377
ACH-000805,11282283,0,0.035340316593647
ACH-000805,11404337,0,0.3224288821220398
ACH-000805,11624601,0,0.10433678328990936
ACH-000805,11634725,0,0.3359493613243103
ACH-000805,11960529,0,0.28315308690071106
ACH-000805,2314623,1,0.17693570256233215
ACH-000805,2375,0,0.09032980352640152
ACH-000805,24785538,0,0.1260208785533905
ACH-000805,24894414,0,0.02818826027214527
ACH-000805,25022668,0,0.05774637311697006
ACH-000805,25222038,0,0.08311149477958679
ACH-000805,300471,0,0.23030011355876923
ACH-000805,444795,0,0.07466208189725876
ACH-000805,44551660,0,0.02569759078323841
ACH-000805,446378,0,0.1503269225358963
ACH-000805,447912,0,0.02565889060497284
ACH-000805,448013,1,0.14172764122486115
ACH-000805,44819241,0,0.19826313853263855
ACH-000805,46885626,0,0.03117198683321476
ACH-000805,46931012,0,0.02413741499185562
ACH-000805,46943432,0,0.017583439126610756
ACH-000805,5311,0,0.135295569896698
ACH-000805,5311497,1,0.07320954650640488
ACH-000805,5327091,0,0.18234820663928986
ACH-000805,53302361,0,0.0688851848244667
ACH-000805,5394,0,0.22126178443431854
ACH-000805,5459322,0,0.23637941479682922
ACH-000805,54685215,0,0.26273295283317566
ACH-000805,56965967,0,0.028440896421670914
ACH-000805,637858,0,0.1824096143245697
ACH-000805,6505803,0,0.4425088167190552
ACH-000805,6852167,0,0.018311098217964172
ACH-000805,6918454,1,0.8543601036071777
ACH-000805,71271629,0,0.126135915517807
ACH-000805,9903786,0,0.01800922118127346
ACH-000805,9967941,0,0.07074565440416336
ACH-000806,10172943,0,0.08913484960794449
ACH-000806,11178236,0,0.10507036000490189
ACH-000806,11455910,0,0.2879633903503418
ACH-000806,11647372,0,0.025286978110671043
ACH-000806,11960529,0,0.19853101670742035
ACH-000806,126565,1,0.0790380910038948
ACH-000806,126941,1,0.1178000196814537
ACH-000806,16663089,0,0.16325919330120087
ACH-000806,16720766,0,0.09063437581062317
ACH-000806,16722836,0,0.025293005630373955
ACH-000806,176158,0,0.17402495443820953
ACH-000806,208908,0,0.21369823813438416
ACH-000806,216239,0,0.08069682866334915
ACH-000806,24756910,0,0.04183609038591385
ACH-000806,24776445,0,0.12454254925251007
ACH-000806,3385,0,0.044061534106731415
ACH-000806,36314,0,0.10172581672668457
ACH-000806,42640,0,0.10295085608959198
ACH-000806,42642645,0,0.049874693155288696
ACH-000806,44551660,0,0.03276868164539337
ACH-000806,49806720,0,0.03600340709090233
ACH-000806,521106,0,0.04787701740860939
ACH-000806,5327091,0,0.09708297252655029
ACH-000806,5330286,0,0.047145355492830276
ACH-000806,53340664,0,0.03243297338485718
ACH-000806,56965967,0,0.04282233491539955
ACH-000806,5717801,0,0.08415371924638748
ACH-000806,6445533,0,0.04541405662894249
ACH-000806,6450816,0,0.06810548901557922
ACH-000806,6852167,0,0.04860146343708038
ACH-000806,82146,0,0.09351356327533722
ACH-000806,9858940,0,0.1346801072359085
ACH-000806,9907093,0,0.3004612326622009
ACH-000806,9910224,0,0.07290483266115189
ACH-000806,9938202,0,0.16889114677906036
ACH-000806,9967941,0,0.10468822717666626
ACH-000810,10077147,0,0.021149275824427605
ACH-000810,11327430,0,0.0431540347635746
ACH-000810,11485656,0,0.09961053729057312
ACH-000810,11625818,0,0.029800130054354668
ACH-000810,11713159,0,0.08979307860136032
ACH-000810,126941,0,0.07180510461330414
ACH-000810,216326,0,0.11342485249042511
ACH-000810,2314623,0,0.2024068385362625
ACH-000810,24756910,0,0.053312696516513824
ACH-000810,24826799,0,0.06630901247262955
ACH-000810,24894414,0,0.034179020673036575
ACH-000810,24951314,0,0.02266639471054077
ACH-000810,24978538,0,0.2784664034843445
ACH-000810,25022668,0,0.03342524543404579
ACH-000810,4263900,0,0.06648898124694824
ACH-000810,44224160,0,0.02910728007555008
ACH-000810,44551660,0,0.032884906977415085
ACH-000810,46191454,0,0.053128939121961594
ACH-000810,46943432,0,0.037240684032440186
ACH-000810,49806720,0,0.07936999946832657
ACH-000810,5208,0,0.1564643830060959
ACH-000810,5280757,0,0.22807513177394867
ACH-000810,5311497,0,0.06613566726446152
ACH-000810,53302361,0,0.11826928704977036
ACH-000810,53394750,1,0.1916767954826355
ACH-000810,54676905,0,0.14383655786514282
ACH-000810,54685215,0,0.24738769233226776
ACH-000810,6852167,0,0.04137248918414116
ACH-000810,6914657,0,0.15350021421909332
ACH-000810,8249,1,0.03708668798208237
ACH-000810,84691,0,0.29878246784210205
ACH-000810,9943465,0,0.23164600133895874
ACH-000811,10074640,0,0.07489605247974396
ACH-000811,10077147,0,0.016669487580657005
ACH-000811,10096043,1,0.06478079408407211
ACH-000811,10196499,0,0.2655077576637268
ACH-000811,10384072,0,0.09995678812265396
ACH-000811,10451420,0,0.10057199001312256
ACH-000811,11282283,0,0.1933983713388443
ACH-000811,11327430,0,0.04296606034040451
ACH-000811,11640390,0,0.22956961393356323
ACH-000811,11713159,0,0.11172423511743546
ACH-000811,11960529,0,0.12526895105838776
ACH-000811,11977753,0,0.10794216394424438
ACH-000811,126565,0,0.041136354207992554
ACH-000811,159324,0,0.034076809883117676
ACH-000811,16725726,1,0.7352437973022461
ACH-000811,17755052,0,0.08557858318090439
ACH-000811,216326,0,0.04797748103737831
ACH-000811,24826799,0,0.08948307484388351
ACH-000811,24978538,0,0.4927920699119568
ACH-000811,25126798,0,0.0901571661233902
ACH-000811,25222038,0,0.07434794306755066
ACH-000811,25257557,1,0.7421606779098511
ACH-000811,2733526,0,0.13960574567317963
ACH-000811,44632017,0,0.0754166767001152
ACH-000811,446378,1,0.10792974382638931
ACH-000811,46883536,0,0.05817079916596413
ACH-000811,46885626,0,0.15777799487113953
ACH-000811,46930998,0,0.1898580938577652
ACH-000811,53302361,0,0.08200137317180634
ACH-000811,5394,0,0.10453088581562042
ACH-000811,56962337,0,0.15626753866672516
ACH-000811,6505803,0,0.17004071176052094
ACH-000811,82146,0,0.11262340098619461
ACH-000811,9810884,1,0.48800256848335266
ACH-000811,9868037,0,0.027070652693510056
ACH-000811,9874913,0,0.3062545955181122
ACH-000811,9938202,0,0.19585013389587402
ACH-000812,10077147,0,0.012562192045152187
ACH-000812,11327430,0,0.038363389670848846
ACH-000812,11338033,0,0.0320887453854084
ACH-000812,11433190,0,0.7840672731399536
ACH-000812,11625818,0,0.02277989313006401
ACH-000812,11634725,0,0.39430785179138184
ACH-000812,11960529,0,0.20219551026821136
ACH-000812,1401,0,0.17594094574451447
ACH-000812,148124,0,0.1542952060699463
ACH-000812,159324,0,0.017588060349225998
ACH-000812,16720766,0,0.09500973671674728
ACH-000812,216326,0,0.09936139732599258
ACH-000812,2314623,0,0.18256179988384247
ACH-000812,2375,0,0.06794248521327972
ACH-000812,24180719,1,0.6255093216896057
ACH-000812,25022668,0,0.022478539496660233
ACH-000812,25102847,0,0.1333799958229065
ACH-000812,25222038,0,0.04610281065106392
ACH-000812,25257557,0,0.7103310227394104
ACH-000812,31703,0,0.040393728762865067
ACH-000812,42640,0,0.06970193982124329
ACH-000812,44143370,0,0.05687743425369263
ACH-000812,44450571,0,0.16825591027736664
ACH-000812,46907787,0,0.06243140995502472
ACH-000812,46930998,0,0.05021427199244499
ACH-000812,46943432,0,0.03705654293298721
ACH-000812,49806720,0,0.04547888785600662
ACH-000812,5113032,0,0.10170311480760574
ACH-000812,5208,0,0.1296289563179016
ACH-000812,5311,0,0.09183640778064728
ACH-000812,5460769,0,0.0528007335960865
ACH-000812,5746,0,0.04035450518131256
ACH-000812,6445533,0,0.043117836117744446
ACH-000812,6445562,0,0.01794668659567833
ACH-000812,9810884,0,0.40048539638519287
ACH-000812,9868037,0,0.03137971833348274
ACH-000812,9943465,1,0.10599646717309952
ACH-000812,9956222,0,0.043215133249759674
ACH-000814,10027278,0,0.023770755156874657
ACH-000814,10384072,0,0.06001731753349304
ACH-000814,11338033,0,0.011545996181666851
ACH-000814,11609586,0,0.11481082439422607
ACH-000814,11707110,1,0.9977706670761108
ACH-000814,11713159,0,0.04536168649792671
ACH-000814,123631,0,0.026156354695558548
ACH-000814,126941,0,0.029001666232943535
ACH-000814,16747388,0,0.011302205733954906
ACH-000814,176167,0,0.0572333000600338
ACH-000814,216326,0,0.05639386549592018
ACH-000814,2375,0,0.03884683921933174
ACH-000814,3218,0,0.3077582120895386
ACH-000814,44551660,0,0.007100558839738369
ACH-000814,448013,0,0.022179191932082176
ACH-000814,46191454,0,0.018435899168252945
ACH-000814,46843772,0,0.1380224972963333
ACH-000814,46883536,0,0.0151867950335145
ACH-000814,5113032,0,0.0541841983795166
ACH-000814,51371303,0,0.1582365483045578
ACH-000814,5208,0,0.09245631098747253
ACH-000814,5311497,0,0.02544199861586094
ACH-000814,5327091,0,0.06478670239448547
ACH-000814,5328940,0,0.033913541585206985
ACH-000814,53340664,0,0.011816861107945442
ACH-000814,56965967,0,0.0080804992467165
ACH-000814,637858,0,0.0909319519996643
ACH-000814,6445533,0,0.02398613654077053
ACH-000814,6918289,0,0.0901988223195076
ACH-000814,704473,0,0.02148621901869774
ACH-000814,84691,0,0.1032043918967247
ACH-000814,9868037,0,0.008804135955870152
ACH-000814,9874913,0,0.027503877878189087
ACH-000814,9910224,0,0.02574847638607025
ACH-000814,9931953,0,0.08349765092134476
ACH-000815,10027278,0,0.016011130064725876
ACH-000815,10074640,0,0.04501022398471832
ACH-000815,10077147,0,0.003458036109805107
ACH-000815,10127622,0,0.2535295784473419
ACH-000815,10196499,0,0.115244060754776
ACH-000815,10200390,0,0.005271303001791239
ACH-000815,11152667,0,0.03410248085856438
ACH-000815,11282283,0,0.058161891996860504
ACH-000815,11404337,0,0.011377622373402119
ACH-000815,11433190,1,0.3559560775756836
ACH-000815,11455910,0,0.08895651251077652
ACH-000815,11617559,0,0.0904020443558693
ACH-000815,126565,0,0.0170933585613966
ACH-000815,148124,0,0.04804282262921333
ACH-000815,156422,0,0.07946917414665222
ACH-000815,160355,0,0.024573635309934616
ACH-000815,16720766,0,0.025433985516428947
ACH-000815,216326,0,0.029720740392804146
ACH-000815,24776445,0,0.040402673184871674
ACH-000815,3005532,0,0.08000866323709488
ACH-000815,36314,0,0.020213473588228226
ACH-000815,42640,0,0.051955077797174454
ACH-000815,44450571,0,0.0759565532207489
ACH-000815,44462760,0,0.23478813469409943
ACH-000815,446378,0,0.02960183657705784
ACH-000815,448013,0,0.01796445995569229
ACH-000815,46885626,0,0.06596696376800537
ACH-000815,46943432,0,0.03451840579509735
ACH-000815,49806720,1,0.04808104410767555
ACH-000815,49836027,0,0.07569524645805359
ACH-000815,5208,0,0.03593117371201515
ACH-000815,521106,0,0.011636003851890564
ACH-000815,5328940,0,0.017257634550333023
ACH-000815,5494449,0,0.03585093468427658
ACH-000815,6445533,0,0.012015963904559612
ACH-000815,704473,0,0.04299104958772659
ACH-000815,85668777,0,0.13842140138149261
ACH-000815,9858940,0,0.043670814484357834
ACH-000815,9943465,0,0.07723476737737656
ACH-000815,9952773,0,0.021048005670309067
ACH-000816,10113978,0,0.12744098901748657
ACH-000816,10184653,0,0.22367213666439056
ACH-000816,10196499,0,0.19002756476402283
ACH-000816,10451420,0,0.14652715623378754
ACH-000816,11327430,0,0.05287891626358032
ACH-000816,11625818,0,0.052925314754247665
ACH-000816,11634725,0,0.1662861704826355
ACH-000816,16725726,1,0.6518449187278748
ACH-000816,16747388,0,0.028593245893716812
ACH-000816,216326,0,0.07858164608478546
ACH-000816,2375,0,0.09236147999763489
ACH-000816,24756910,0,0.07923798263072968
ACH-000816,25022668,0,0.03348417952656746
ACH-000816,3062316,0,0.1241188645362854
ACH-000816,36314,0,0.05558006837964058
ACH-000816,36462,0,0.05058455467224121
ACH-000816,44182295,0,0.09900140017271042
ACH-000816,446378,0,0.05514219403266907
ACH-000816,46883536,0,0.07775992155075073
ACH-000816,51371303,0,0.10661745071411133
ACH-000816,5278396,0,0.07270088791847229
ACH-000816,5311497,0,0.05719703063368797
ACH-000816,5330286,0,0.06380847096443176
ACH-000816,53394750,0,0.24985940754413605
ACH-000816,5384616,0,0.07762564718723297
ACH-000816,54685215,0,0.08456182479858398
ACH-000816,56962337,0,0.14455799758434296
ACH-000816,5717801,0,0.05630960315465927
ACH-000816,5746,0,0.060831017792224884
ACH-000816,6253,0,0.031268369406461716
ACH-000816,6445562,0,0.07788447290658951
ACH-000816,65110,1,0.12912487983703613
ACH-000816,6914657,0,0.11292160302400589
ACH-000816,71271629,0,0.031206278130412102
ACH-000816,76044,0,0.07060637325048447
ACH-000816,8249,0,0.11058248579502106
ACH-000816,9549184,0,0.12616604566574097
ACH-000816,9826528,0,0.15802042186260223
ACH-000816,9884685,0,0.07295074313879013
ACH-000816,9914412,1,0.0301581472158432
ACH-000816,9943465,0,0.14282888174057007
ACH-000816,9956222,0,0.09433934092521667
ACH-000817,10461815,0,0.06339994817972183
ACH-000817,11178236,0,0.06097659841179848
ACH-000817,11404337,0,0.03792637214064598
ACH-000817,11617559,0,0.15652932226657867
ACH-000817,11626560,0,0.06815452873706818
ACH-000817,11634725,0,0.05303366482257843
ACH-000817,11640390,0,0.04287714883685112
ACH-000817,11647372,0,0.3127637207508087
ACH-000817,11667893,0,0.06085960939526558
ACH-000817,11713159,0,0.10856612026691437
ACH-000817,11960529,1,0.14348091185092926
ACH-000817,126565,0,0.06584024429321289
ACH-000817,126941,1,0.5570051074028015
ACH-000817,160355,0,0.16884750127792358
ACH-000817,16725726,0,0.6924703121185303
ACH-000817,24951314,0,0.17278170585632324
ACH-000817,25262965,1,0.260346382856369
ACH-000817,3385,1,0.04623626917600632
ACH-000817,387447,0,0.17040330171585083
ACH-000817,4261,0,0.08929985016584396
ACH-000817,42640,0,0.09853056818246841
ACH-000817,44450571,0,0.04835560917854309
ACH-000817,44462760,0,0.1057351678609848
ACH-000817,446378,0,0.086154043674469
ACH-000817,46883536,0,0.23887592554092407
ACH-000817,46885626,0,0.27016913890838623
ACH-000817,46907787,0,0.13618329167366028
ACH-000817,51371303,0,0.07241788506507874
ACH-000817,5311,0,0.16296760737895966
ACH-000817,5328940,0,0.08311706781387329
ACH-000817,53340664,0,0.21869471669197083
ACH-000817,54685215,0,0.07744040340185165
ACH-000817,57339144,0,0.24921675026416779
ACH-000817,60750,0,0.06321109086275101
ACH-000817,6450816,0,0.16028600931167603
ACH-000817,6710780,1,0.1850273460149765
ACH-000817,9549184,0,0.337665319442749
ACH-000817,9868037,0,0.23714259266853333
ACH-000817,9931953,0,0.08202239125967026
ACH-000817,9952773,0,0.11725474148988724
ACH-000818,10074640,0,0.0026133619248867035
ACH-000818,10077147,0,5.852174217579886e-05
ACH-000818,10113978,0,0.05579555407166481
ACH-000818,10184653,0,0.549119234085083
ACH-000818,10196499,0,0.3662267029285431
ACH-000818,10200390,0,0.00032298441510647535
ACH-000818,10341154,0,0.0006892856908962131
ACH-000818,10459196,0,0.005102031864225864
ACH-000818,104842,0,0.002543345559388399
ACH-000818,11373846,0,0.000862074492033571
ACH-000818,11404337,0,0.0003824543091468513
ACH-000818,11617559,0,0.11912813782691956
ACH-000818,11640390,0,0.07631612569093704
ACH-000818,11647372,1,0.0003441009612288326
ACH-000818,11960529,0,0.023472514003515244
ACH-000818,126565,0,0.00043355292291380465
ACH-000818,17755052,0,0.0012006680481135845
ACH-000818,24180719,0,0.004996216855943203
ACH-000818,24978538,0,0.256982684135437
ACH-000818,25102847,0,0.018318353220820427
ACH-000818,25124816,0,0.19659171998500824
ACH-000818,25195352,0,0.0024296988267451525
ACH-000818,300471,0,0.020425869151949883
ACH-000818,36462,0,0.0011279870523139834
ACH-000818,3796,0,0.007480237632989883
ACH-000818,4263900,0,0.0017991471104323864
ACH-000818,446378,0,0.018164563924074173
ACH-000818,46943432,0,0.00032988592283800244
ACH-000818,53340664,0,0.0006296439678408206
ACH-000818,560326,0,0.022031258791685104
ACH-000818,56962337,0,0.060563188046216965
ACH-000818,637858,0,0.002045949688181281
ACH-000818,644241,0,0.0007961269584484398
ACH-000818,66577006,0,0.0003235583135392517
ACH-000818,6852167,0,0.002342706546187401
ACH-000818,6918454,0,0.00827754195779562
ACH-000818,6918848,0,0.00042063594446517527
ACH-000818,704473,0,0.0025165430270135403
ACH-000818,71271629,0,0.00013932539150118828
ACH-000818,84691,0,0.005301434546709061
ACH-000818,9858940,0,0.008866886608302593
ACH-000818,9863776,0,0.004259899258613586
ACH-000818,9931953,0,0.004286139737814665
ACH-000818,9952773,0,0.0009066071943379939
ACH-000821,10027278,0,0.023635271936655045
ACH-000821,10074640,0,0.25446510314941406
ACH-000821,10096043,0,0.011574803851544857
ACH-000821,10200390,0,0.03543655946850777
ACH-000821,10341154,0,0.14465436339378357
ACH-000821,11282283,1,0.22911982238292694
ACH-000821,11404337,0,0.011779408901929855
ACH-000821,11626560,0,0.03418099507689476
ACH-000821,11640390,0,0.11925244331359863
ACH-000821,11713159,0,0.034701619297266006
ACH-000821,148124,0,0.021882938221096992
ACH-000821,160355,0,0.07889281213283539
ACH-000821,176870,0,0.08266270905733109
ACH-000821,25167777,0,0.12470287829637527
ACH-000821,25195352,0,0.06632857024669647
ACH-000821,25222038,0,0.00770247308537364
ACH-000821,3062316,0,0.053490884602069855
ACH-000821,44182295,0,0.06046590209007263
ACH-000821,44224160,0,0.07646561414003372
ACH-000821,44462760,0,0.08706294000148773
ACH-000821,44551660,0,0.15571220219135284
ACH-000821,44632017,0,0.08408547937870026
ACH-000821,448013,0,0.00954912044107914
ACH-000821,46191454,0,0.45126399397850037
ACH-000821,5278396,0,0.049567945301532745
ACH-000821,5289247,0,0.19874438643455505
ACH-000821,5291,0,0.35109221935272217
ACH-000821,5328940,0,0.02596643567085266
ACH-000821,5459322,0,0.09429461508989334
ACH-000821,5460769,0,0.046871379017829895
ACH-000821,5494449,0,0.09310335665941238
ACH-000821,5717801,0,0.07884515821933746
ACH-000821,60750,0,0.0151093490421772
ACH-000821,644241,0,0.17377535998821259
ACH-000821,6450816,0,0.04981124773621559
ACH-000821,6505803,0,0.01100679486989975
ACH-000821,6852167,1,0.4623481333255768
ACH-000821,704473,0,0.7165005207061768
ACH-000821,9858940,0,0.03348559886217117
ACH-000821,9884685,0,0.21204905211925507
ACH-000821,9952773,0,0.11492139101028442
ACH-000822,10027278,0,0.057422250509262085
ACH-000822,10109823,0,0.05582505092024803
ACH-000822,10184653,0,0.18717533349990845
ACH-000822,104842,0,0.08761650323867798
ACH-000822,11282283,0,0.1323087513446808
ACH-000822,126565,0,0.05686906725168228
ACH-000822,126941,0,0.061050333082675934
ACH-000822,148124,0,0.15410840511322021
ACH-000822,16747388,1,0.01723855920135975
ACH-000822,23725625,0,0.09910029917955399
ACH-000822,25195352,0,0.0575711727142334
ACH-000822,3463933,0,0.33867865800857544
ACH-000822,42640,0,0.13903389871120453
ACH-000822,446378,0,0.09739023447036743
ACH-000822,447912,0,0.04712766781449318
ACH-000822,46191454,0,0.06304518133401871
ACH-000822,46224516,0,0.05680026113986969
ACH-000822,46885626,0,0.1010090559720993
ACH-000822,46943432,0,0.0404917448759079
ACH-000822,53394750,0,0.09575892984867096
ACH-000822,5459322,1,0.16608750820159912
ACH-000822,54676905,0,0.14765149354934692
ACH-000822,56965967,0,0.03312363848090172
ACH-000822,60750,0,0.06503261625766754
ACH-000822,6450551,0,0.13927653431892395
ACH-000822,6914657,0,0.1938619166612625
ACH-000822,6918289,0,0.11236386746168137
ACH-000822,6918454,0,0.36287012696266174
ACH-000822,6918638,0,0.03144824877381325
ACH-000822,8249,0,0.04730498790740967
ACH-000822,85668777,0,0.2879372239112854
ACH-000822,9810884,0,0.30911198258399963
ACH-000822,9813758,0,0.05423200875520706
ACH-000822,9868037,0,0.03154466673731804
ACH-000822,9911830,0,0.07070904225111008
ACH-000823,10074640,0,0.12037181854248047
ACH-000823,10096043,0,0.0898202657699585
ACH-000823,10184653,1,0.743912935256958
ACH-000823,10451420,0,0.11681471765041351
ACH-000823,11713159,0,0.1006159707903862
ACH-000823,148124,0,0.11384040117263794
ACH-000823,17755052,0,0.07112764567136765
ACH-000823,2314623,0,0.15185797214508057
ACH-000823,24772860,0,0.04560491070151329
ACH-000823,24776445,0,0.08265633136034012
ACH-000823,24951314,0,0.03141801804304123
ACH-000823,25102847,0,0.19726289808750153
ACH-000823,25195352,0,0.08691323548555374
ACH-000823,25257557,0,0.6359837055206299
ACH-000823,3385,0,0.09514248371124268
ACH-000823,36462,0,0.048978984355926514
ACH-000823,4263900,0,0.07322840392589569
ACH-000823,44450571,0,0.17752207815647125
ACH-000823,444795,0,0.10563378781080246
ACH-000823,44551660,0,0.07311468571424484
ACH-000823,5208,0,0.08991450816392899
ACH-000823,521106,0,0.07374484837055206
ACH-000823,6253,0,0.03067540004849434
ACH-000823,6450816,0,0.1256081461906433
ACH-000823,6753378,0,0.06624335795640945
ACH-000823,6918289,0,0.06935209035873413
ACH-000823,82146,0,0.17991773784160614
ACH-000823,8249,0,0.20670484006404877
ACH-000823,9884685,0,0.06092309206724167
ACH-000823,9903786,0,0.06166551634669304
ACH-000823,9910224,0,0.05746893957257271
ACH-000824,10077147,0,0.0779251679778099
ACH-000824,104842,0,0.140099436044693
ACH-000824,11316960,0,0.28761792182922363
ACH-000824,11455910,0,0.33279603719711304
ACH-000824,11485656,0,0.06424614042043686
ACH-000824,11609586,1,0.19464513659477234
ACH-000824,11640390,0,0.19857652485370636
ACH-000824,11713159,1,0.25493454933166504
ACH-000824,11754511,0,0.032183531671762466
ACH-000824,11977753,0,0.26401397585868835
ACH-000824,148124,0,0.3932243585586548
ACH-000824,176158,0,0.256272554397583
ACH-000824,2314623,0,0.18218648433685303
ACH-000824,23725625,0,0.17896240949630737
ACH-000824,2375,0,0.11524452269077301
ACH-000824,25167777,0,0.052091363817453384
ACH-000824,25222038,0,0.2880692481994629
ACH-000824,3218,0,0.21798543632030487
ACH-000824,447912,0,0.05192041024565697
ACH-000824,46931012,0,0.03894948586821556
ACH-000824,5113032,0,0.11055123060941696
ACH-000824,51371303,0,0.18899264931678772
ACH-000824,5460769,0,0.226561039686203
ACH-000824,6505803,0,0.41053053736686707
ACH-000824,6918638,0,0.06321074068546295
ACH-000824,6918848,0,0.05368903651833534
ACH-000824,704473,0,0.06949006766080856
ACH-000824,9826528,0,0.34201619029045105
ACH-000824,9863776,0,0.2779355049133301
ACH-000824,9910224,0,0.07095884531736374
ACH-000824,9943465,0,0.2269047498703003
ACH-000824,9956222,0,0.061421509832143784
ACH-000825,10184653,0,0.7353123426437378
ACH-000825,11338033,0,0.0021547526121139526
ACH-000825,11404337,0,0.006335648708045483
ACH-000825,11707110,1,0.8964505791664124
ACH-000825,176167,0,0.0617181695997715
ACH-000825,24826799,0,0.010349106974899769
ACH-000825,24894414,0,0.0006221024668775499
ACH-000825,3463933,0,0.34711501002311707
ACH-000825,42640,0,0.04089330509305
ACH-000825,44224160,0,0.002004185924306512
ACH-000825,44462760,0,0.13175466656684875
ACH-000825,44632017,0,0.040871091187000275
ACH-000825,448013,0,0.03265839070081711
ACH-000825,46191454,0,0.0035056218039244413
ACH-000825,46883536,0,0.002031732350587845
ACH-000825,46907787,0,0.017840582877397537
ACH-000825,46943432,0,0.0008465365972369909
ACH-000825,5460769,0,0.02548999898135662
ACH-000825,560326,0,0.04681801050901413
ACH-000825,57339144,0,0.011805757880210876
ACH-000825,5746,0,0.10025053471326828
ACH-000825,60750,0,0.016742561012506485
ACH-000825,6445533,0,0.004815701860934496
ACH-000825,6852167,0,0.0019252003403380513
ACH-000825,8249,0,0.0043736775405704975
ACH-000825,9868037,0,0.0013137157075107098
ACH-000825,9938202,0,0.06344979256391525
ACH-000825,9952773,0,0.0034292389173060656
ACH-000825,9967941,0,0.035230886191129684
ACH-000826,10184653,0,0.6469663381576538
ACH-000826,10196499,0,0.23199613392353058
ACH-000826,10384072,0,0.2806017994880676
ACH-000826,104842,0,0.0880580022931099
ACH-000826,11178236,0,0.1462755650281906
ACH-000826,11485656,0,0.1380462497472763
ACH-000826,11707110,0,0.40881049633026123
ACH-000826,11713159,0,0.24003195762634277
ACH-000826,11977753,0,0.2395201474428177
ACH-000826,148124,0,0.3546302914619446
ACH-000826,156422,0,0.31006312370300293
ACH-000826,24180719,1,0.14837536215782166
ACH-000826,24785538,0,0.2683837413787842
ACH-000826,24951314,0,0.09567565470933914
ACH-000826,25124816,1,0.3149692714214325
ACH-000826,4263900,1,0.22642722725868225
ACH-000826,44137675,0,0.39916130900382996
ACH-000826,44143370,0,0.29285386204719543
ACH-000826,444795,0,0.1020372286438942
ACH-000826,44551660,0,0.0898817628622055
ACH-000826,44632017,0,0.16159962117671967
ACH-000826,46883536,0,0.07979142665863037
ACH-000826,46907787,0,0.3884596824645996
ACH-000826,51371303,0,0.1286322921514511
ACH-000826,5278396,0,0.18175221979618073
ACH-000826,5280757,0,0.19826121628284454
ACH-000826,5311497,0,0.20061644911766052
ACH-000826,53302361,0,0.13379332423210144
ACH-000826,5330286,0,0.12020224332809448
ACH-000826,57339144,0,0.15454572439193726
ACH-000826,637858,0,0.15996430814266205
ACH-000826,6753378,0,0.07989484071731567
ACH-000826,6852167,0,0.04978622496128082
ACH-000826,9874913,1,0.40397173166275024
ACH-000826,9931953,0,0.08247595280408859
ACH-000827,10384072,0,0.20159247517585754
ACH-000827,11152667,0,0.05936764180660248
ACH-000827,11178236,0,0.1665569692850113
ACH-000827,11316960,1,0.45270445942878723
ACH-000827,16747388,0,0.009516919031739235
ACH-000827,2314623,0,0.166220560669899
ACH-000827,2375,0,0.04957985132932663
ACH-000827,24756910,0,0.023599131032824516
ACH-000827,24772860,0,0.015919391065835953
ACH-000827,25126798,0,0.02234591916203499
ACH-000827,25195352,0,0.046773217618465424
ACH-000827,2733526,0,0.16371850669384003
ACH-000827,300471,0,0.1852322369813919
ACH-000827,31703,1,0.11739905923604965
ACH-000827,36462,0,0.09856215119361877
ACH-000827,44137675,1,0.275138795375824
ACH-000827,46883536,0,0.017390765249729156
ACH-000827,46930998,0,0.07310301810503006
ACH-000827,51371303,1,0.10853715986013412
ACH-000827,53394750,0,0.04704465717077255
ACH-000827,54685215,0,0.28777024149894714
ACH-000827,560326,1,0.13280518352985382
ACH-000827,644241,0,0.027096880599856377
ACH-000827,65110,0,0.03314482048153877
ACH-000827,6753378,0,0.028799748048186302
ACH-000827,6918289,0,0.24110250174999237
ACH-000827,704473,0,0.02596014365553856
ACH-000827,8249,0,0.015067502856254578
ACH-000827,84691,0,0.24231094121932983
ACH-000827,85668777,0,0.5688255429267883
ACH-000827,9813758,0,0.013271240517497063
ACH-000827,9826528,0,0.5021070837974548
ACH-000827,9911830,0,0.040053270757198334
ACH-000828,10184653,1,0.903695821762085
ACH-000828,10384072,0,6.428030701499665e-06
ACH-000828,126565,0,2.3791807635120676e-08
ACH-000828,1401,0,0.0012837772956117988
ACH-000828,2733526,0,2.383242463110946e-05
ACH-000828,44462760,0,5.638095899485052e-06
ACH-000828,5394,0,4.310767963033868e-06
ACH-000828,54685215,0,2.3084396161721088e-05
ACH-000828,57339144,0,1.774765564732661e-06
ACH-000828,6918289,0,2.040950676018838e-06
ACH-000828,6918454,0,3.0480538043775596e-05
ACH-000828,84691,0,1.2289893902561744e-07
ACH-000828,9826528,0,5.731217606808059e-05
ACH-000828,9914412,0,1.2728419429564042e-09
ACH-000828,9943465,0,0.0008522085263393819
ACH-000830,10113978,0,0.061001285910606384
ACH-000830,10184653,0,0.27781593799591064
ACH-000830,10196499,0,0.1080595999956131
ACH-000830,10200390,0,0.02083812654018402
ACH-000830,11338033,0,0.07384365797042847
ACH-000830,11626927,0,0.045726194977760315
ACH-000830,11977753,0,0.021519284695386887
ACH-000830,16747388,0,0.01569094881415367
ACH-000830,17755052,0,0.04228487238287926
ACH-000830,20635522,0,0.05701674520969391
ACH-000830,216239,1,0.045624859631061554
ACH-000830,216326,0,0.03754663094878197
ACH-000830,24785538,0,0.06356638669967651
ACH-000830,24826799,0,0.0909273698925972
ACH-000830,3218,0,0.021629517897963524
ACH-000830,44137675,0,0.0361148864030838
ACH-000830,44551660,0,0.060109302401542664
ACH-000830,446378,0,0.036324966698884964
ACH-000830,46843772,0,0.07674442231655121
ACH-000830,46883536,0,0.06624181568622589
ACH-000830,46885626,0,0.3586057722568512
ACH-000830,46943432,0,0.17591747641563416
ACH-000830,49806720,0,0.22282296419143677
ACH-000830,49836027,0,0.06533392518758774
ACH-000830,51371303,0,0.03926209360361099
ACH-000830,5208,0,0.02700071781873703
ACH-000830,5278396,0,0.03143820911645889
ACH-000830,5330286,0,0.03917412832379341
ACH-000830,53340664,0,0.05319971218705177
ACH-000830,5494449,0,0.14642363786697388
ACH-000830,5746,0,0.05704569071531296
ACH-000830,6253,0,0.011694691143929958
ACH-000830,644241,0,0.05304386839270592
ACH-000830,6445562,0,0.15629465878009796
ACH-000830,6450816,0,0.03543834760785103
ACH-000830,6710780,0,0.026052892208099365
ACH-000830,6918454,0,0.03748317435383797
ACH-000830,6918638,0,0.022251104936003685
ACH-000830,85668777,0,0.09191825240850449
ACH-000830,9810884,0,0.5420147776603699
ACH-000830,9826308,0,0.08361215144395828
ACH-000830,9967941,0,0.05946724861860275
ACH-000832,10027278,0,0.26585260033607483
ACH-000832,10184653,1,0.48998570442199707
ACH-000832,10196499,0,0.14474429190158844
ACH-000832,11433190,0,0.37491247057914734
ACH-000832,11455910,0,0.14712347090244293
ACH-000832,126565,0,0.18407954275608063
ACH-000832,159324,0,0.1949465125799179
ACH-000832,2314623,0,0.23923367261886597
ACH-000832,24785538,0,0.23869873583316803
ACH-000832,24894414,0,0.07904227823019028
ACH-000832,25022668,1,0.22846917808055878
ACH-000832,25126798,0,0.09138636291027069
ACH-000832,31703,0,0.1477932184934616
ACH-000832,3218,0,0.15082824230194092
ACH-000832,3463933,0,0.18264330923557281
ACH-000832,4263900,0,0.2624098062515259
ACH-000832,44143370,0,0.15723299980163574
ACH-000832,44462760,0,0.4592345654964447
ACH-000832,44551660,0,0.051253169775009155
ACH-000832,447912,0,0.05718101188540459
ACH-000832,448013,0,0.3902086913585663
ACH-000832,44819241,0,0.2695299983024597
ACH-000832,46191454,0,0.04935813695192337
ACH-000832,49806720,0,0.11665543168783188
ACH-000832,521106,0,0.0735468864440918
ACH-000832,5328940,1,0.1693633496761322
ACH-000832,53340664,0,0.05917801707983017
ACH-000832,560326,0,0.17333461344242096
ACH-000832,637858,0,0.1757301688194275
ACH-000832,6753378,0,0.04485394060611725
ACH-000832,6918848,0,0.0447351299226284
ACH-000832,8249,0,0.060003332793712616
ACH-000832,9810884,0,0.4698617458343506
ACH-000832,9868037,0,0.0871800035238266
ACH-000832,9884685,0,0.03094799444079399
ACH-000832,9956119,0,0.3302747309207916
ACH-000835,10109823,0,0.026631847023963928
ACH-000835,10113978,0,0.15444116294384003
ACH-000835,11493598,0,0.1175004318356514
ACH-000835,11617559,0,0.11296863853931427
ACH-000835,11634725,0,0.27368825674057007
ACH-000835,16747388,0,0.015084347687661648
ACH-000835,176167,0,0.0553894080221653
ACH-000835,25102847,0,0.13677428662776947
ACH-000835,25222038,0,0.020191606134176254
ACH-000835,25257557,0,0.7184305191040039
ACH-000835,42642645,0,0.03384355828166008
ACH-000835,447912,0,0.08296814560890198
ACH-000835,53302361,0,0.18417589366436005
ACH-000835,5459322,0,0.11921269446611404
ACH-000835,54676905,1,0.0590703971683979
ACH-000835,56965967,0,0.027160340920090675
ACH-000835,637858,1,0.10416533052921295
ACH-000835,6753378,0,0.028241310268640518
ACH-000835,6852167,0,0.03709404543042183
ACH-000835,6918848,0,0.031292036175727844
ACH-000835,71271629,0,0.027828730642795563
ACH-000835,85668777,0,0.09024593234062195
ACH-000835,9884685,0,0.013031813316047192
ACH-000835,9903786,0,0.02706446312367916
ACH-000835,9938202,0,0.31861844658851624
ACH-000835,9967941,0,0.128308966755867
ACH-000838,10074640,0,0.4765925407409668
ACH-000838,10109823,0,0.1145818904042244
ACH-000838,10200390,0,0.11023948341608047
ACH-000838,10302451,0,0.21476075053215027
ACH-000838,10390396,0,0.23450049757957458
ACH-000838,10461815,0,0.18154898285865784
ACH-000838,104842,0,0.1734461486339569
ACH-000838,11178236,0,0.07381262630224228
ACH-000838,11316960,0,0.25564688444137573
ACH-000838,11338033,0,0.4682965874671936
ACH-000838,11626927,0,0.24913208186626434
ACH-000838,11634725,0,0.36244577169418335
ACH-000838,11647372,0,0.2748713195323944
ACH-000838,11754511,0,0.5990006923675537
ACH-000838,1401,0,0.23772284388542175
ACH-000838,160355,0,0.22342117130756378
ACH-000838,16722836,0,0.4593983292579651
ACH-000838,176870,0,0.14701786637306213
ACH-000838,2375,1,0.21507228910923004
ACH-000838,24951314,0,0.20110365748405457
ACH-000838,25195352,0,0.21450185775756836
ACH-000838,3218,0,0.1216592788696289
ACH-000838,44182295,0,0.24244487285614014
ACH-000838,44224160,0,0.31039687991142273
ACH-000838,44462760,0,0.32555586099624634
ACH-000838,446378,0,0.07502572983503342
ACH-000838,44819241,0,0.1882830411195755
ACH-000838,46191454,0,0.5520110726356506
ACH-000838,46224516,1,0.29217585921287537
ACH-000838,46885626,0,0.6144014596939087
ACH-000838,46931012,1,0.28057387471199036
ACH-000838,51371303,0,0.11454194784164429
ACH-000838,5208,0,0.13525739312171936
ACH-000838,5280757,0,0.1198970302939415
ACH-000838,5311,0,0.2903238832950592
ACH-000838,5330286,0,0.16936855018138885
ACH-000838,53394750,1,0.7580960988998413
ACH-000838,54685215,0,0.12725678086280823
ACH-000838,56962337,1,0.2681366801261902
ACH-000838,57339144,1,0.2658013701438904
ACH-000838,60750,0,0.09040576964616776
ACH-000838,6445562,0,0.2739967107772827
ACH-000838,6450816,0,0.1523030400276184
ACH-000838,66577006,1,0.37189623713493347
ACH-000838,6918289,0,0.13473595678806305
ACH-000838,704473,1,0.5399061441421509
ACH-000838,76044,0,0.20854131877422333
ACH-000838,82146,0,0.15603207051753998
ACH-000838,8249,0,0.34617382287979126
ACH-000838,9826308,0,0.3395565152168274
ACH-000841,10027278,0,0.06195908784866333
ACH-000841,10196499,0,0.14086607098579407
ACH-000841,10451420,0,0.3161064684391022
ACH-000841,11327430,0,0.02445472776889801
ACH-000841,11433190,1,0.45078280568122864
ACH-000841,11624601,0,0.060111671686172485
ACH-000841,11625818,1,0.055757202208042145
ACH-000841,11754511,0,0.11938237398862839
ACH-000841,11977753,0,0.05369388312101364
ACH-000841,148124,0,0.08050665259361267
ACH-000841,16747388,0,0.036044441163539886
ACH-000841,176158,0,0.1162681058049202
ACH-000841,216326,0,0.050622228533029556
ACH-000841,25102847,0,0.14331868290901184
ACH-000841,25124816,0,0.12113510817289352
ACH-000841,25167777,0,0.050681259483098984
ACH-000841,25262965,0,0.08681247383356094
ACH-000841,2733526,0,0.09015016257762909
ACH-000841,3005532,0,0.09087000787258148
ACH-000841,3796,0,0.07261558622121811
ACH-000841,42640,0,0.06723630428314209
ACH-000841,42642645,0,0.11724971234798431
ACH-000841,44224160,0,0.048087481409311295
ACH-000841,44462760,1,0.23224855959415436
ACH-000841,44819241,0,0.08667782694101334
ACH-000841,46883536,1,0.0841081291437149
ACH-000841,46930998,0,0.08110279589891434
ACH-000841,521106,0,0.055047571659088135
ACH-000841,5289247,0,0.17773127555847168
ACH-000841,53302361,0,0.0714741125702858
ACH-000841,53340664,0,0.0683022066950798
ACH-000841,644241,0,0.049050066620111465
ACH-000841,6445562,0,0.14742717146873474
ACH-000841,65110,0,0.10138638317584991
ACH-000841,66577006,0,0.06703145802021027
ACH-000841,6710780,0,0.034869395196437836
ACH-000841,6918848,0,0.05495760217308998
ACH-000841,82146,0,0.08680291473865509
ACH-000841,8249,0,0.09153920412063599
ACH-000841,9863776,0,0.1388963758945465
ACH-000841,9938202,0,0.08361868560314178
ACH-000843,10200390,0,0.06313925236463547
ACH-000843,10459196,0,0.05370786413550377
ACH-000843,11338033,0,0.18761834502220154
ACH-000843,11404337,0,0.03743142634630203
ACH-000843,11455910,0,0.053709711879491806
ACH-000843,11617559,0,0.2905043065547943
ACH-000843,11624601,0,0.08156703412532806
ACH-000843,11640390,0,0.19896993041038513
ACH-000843,11667893,0,0.07411862909793854
ACH-000843,11707110,0,0.21062815189361572
ACH-000843,156422,0,0.11849609762430191
ACH-000843,16722836,0,0.2308652251958847
ACH-000843,16747388,0,0.09411799907684326
ACH-000843,24776445,0,0.17428037524223328
ACH-000843,24951314,0,0.07606074959039688
ACH-000843,25124816,0,0.09309445321559906
ACH-000843,25167777,0,0.1577211171388626
ACH-000843,25262965,0,0.16309809684753418
ACH-000843,300471,0,0.06977688521146774
ACH-000843,3218,0,0.060214802622795105
ACH-000843,3463933,0,0.08332929015159607
ACH-000843,4263900,0,0.0710214301943779
ACH-000843,44143370,0,0.097945936024189
ACH-000843,44819241,0,0.18453389406204224
ACH-000843,521106,0,0.0720522403717041
ACH-000843,5280757,0,0.09187403321266174
ACH-000843,5328940,1,0.09811640530824661
ACH-000843,53394750,0,0.6176294684410095
ACH-000843,54685215,0,0.07628190517425537
ACH-000843,56965967,0,0.15198826789855957
ACH-000843,5746,0,0.0699547752737999
ACH-000843,6253,0,0.056766025722026825
ACH-000843,6505803,0,0.032959386706352234
ACH-000843,6918289,0,0.0954495370388031
ACH-000843,82146,0,0.11354145407676697
ACH-000843,9810884,1,0.6151213645935059
ACH-000843,9813758,1,0.18634432554244995
ACH-000843,9967941,0,0.11042575538158417
ACH-000846,10074640,0,0.07633078098297119
ACH-000846,10459196,0,0.09470813721418381
ACH-000846,11373846,0,0.04239439219236374
ACH-000846,11625818,0,0.05845802649855614
ACH-000846,11667893,1,0.17421263456344604
ACH-000846,11754511,0,0.03021690435707569
ACH-000846,159324,0,0.0650293305516243
ACH-000846,24756910,0,0.041609037667512894
ACH-000846,24776445,0,0.1959327906370163
ACH-000846,24889392,0,0.03602100536227226
ACH-000846,24894414,0,0.060620538890361786
ACH-000846,24951314,0,0.019887074828147888
ACH-000846,25022668,0,0.09004435688257217
ACH-000846,25102847,0,0.1407666951417923
ACH-000846,25257557,0,0.5100751519203186
ACH-000846,2726824,0,0.17022234201431274
ACH-000846,3005532,0,0.25207003951072693
ACH-000846,31703,0,0.10747109353542328
ACH-000846,4263900,0,0.14137446880340576
ACH-000846,44137675,0,0.10037324577569962
ACH-000846,46191454,0,0.053830504417419434
ACH-000846,46883536,0,0.06587079167366028
ACH-000846,46943432,0,0.03494207561016083
ACH-000846,49806720,0,0.051078006625175476
ACH-000846,5208,0,0.10299260169267654
ACH-000846,5278396,0,0.13460010290145874
ACH-000846,5311497,0,0.09646472334861755
ACH-000846,5459322,0,0.17966312170028687
ACH-000846,56965967,0,0.046577345579862595
ACH-000846,84691,0,0.16110597550868988
ACH-000846,9810884,0,0.17638082802295685
ACH-000846,9868037,0,0.059504181146621704
ACH-000846,9914412,0,0.07050646841526031
ACH-000846,9943465,1,0.1600726693868637
ACH-000846,9967941,0,0.18310119211673737
ACH-000847,10027278,1,0.5276004076004028
ACH-000847,10096043,0,0.6266815662384033
ACH-000847,10109823,0,0.4710712134838104
ACH-000847,104842,0,0.22852863371372223
ACH-000847,11282283,0,0.2512524724006653
ACH-000847,11493598,0,0.16769817471504211
ACH-000847,11609586,0,0.36483272910118103
ACH-000847,11707110,0,0.5040363073348999
ACH-000847,126565,0,0.4143543243408203
ACH-000847,176158,0,0.3959580361843109
ACH-000847,25124816,1,0.3471628427505493
ACH-000847,25126798,0,0.2887292504310608
ACH-000847,25195352,0,0.14006948471069336
ACH-000847,300471,0,0.2867806553840637
ACH-000847,31703,1,0.5362287163734436
ACH-000847,3463933,0,0.31883808970451355
ACH-000847,44137675,1,0.7414206266403198
ACH-000847,44450571,1,0.4029930531978607
ACH-000847,447912,1,0.15488599240779877
ACH-000847,46191454,0,0.2281828075647354
ACH-000847,46907787,1,0.5227367281913757
ACH-000847,49806720,0,0.24489986896514893
ACH-000847,521106,1,0.29947635531425476
ACH-000847,5289247,0,0.2374400794506073
ACH-000847,5327091,0,0.48316121101379395
ACH-000847,53340664,0,0.2517499029636383
ACH-000847,5459322,0,0.4052998721599579
ACH-000847,54676905,0,0.4731866121292114
ACH-000847,644241,0,0.4158463180065155
ACH-000847,704473,0,0.45685863494873047
ACH-000847,8249,1,0.1258257031440735
ACH-000847,9810884,1,0.7716812491416931
ACH-000847,9910224,0,0.4123977720737457
ACH-000847,9967941,0,0.486314058303833
ACH-000849,10077147,0,0.010381423868238926
ACH-000849,11178236,0,0.09166109561920166
ACH-000849,11433190,0,0.20132556557655334
ACH-000849,11485656,0,0.0360446535050869
ACH-000849,11609586,0,0.09157731384038925
ACH-000849,11624601,0,0.11159416288137436
ACH-000849,11707110,0,0.405112087726593
ACH-000849,11754511,1,0.01920323632657528
ACH-000849,16725726,1,0.35632768273353577
ACH-000849,216326,0,0.04014180973172188
ACH-000849,25022668,0,0.04810695722699165
ACH-000849,25257557,1,0.5140627026557922
ACH-000849,25262965,0,0.04482017457485199
ACH-000849,2726824,0,0.21216975152492523
ACH-000849,3385,0,0.022053496912121773
ACH-000849,4263900,0,0.09688739478588104
ACH-000849,44137675,1,0.27017903327941895
ACH-000849,44450571,1,0.16588443517684937
ACH-000849,46843772,0,0.07383266091346741
ACH-000849,46885626,1,0.05691586434841156
ACH-000849,49806720,1,0.05824492871761322
ACH-000849,5208,0,0.0935952216386795
ACH-000849,57339144,0,0.03367041423916817
ACH-000849,65110,0,0.03592292219400406
ACH-000849,85668777,1,0.33872753381729126
ACH-000852,10096043,0,0.007142221089452505
ACH-000852,10127622,0,0.11458215117454529
ACH-000852,10341154,1,0.04333048313856125
ACH-000852,11152667,0,0.026586787775158882
ACH-000852,11433190,0,0.08152370154857635
ACH-000852,11485656,0,0.03468557819724083
ACH-000852,11493598,0,0.04227978363633156
ACH-000852,11617559,1,0.10867693275213242
ACH-000852,11707110,0,0.27672693133354187
ACH-000852,11977753,0,0.014695994555950165
ACH-000852,123631,0,0.035219643265008926
ACH-000852,156422,0,0.057458486407995224
ACH-000852,159324,0,0.002782897325232625
ACH-000852,176158,0,0.029441000893712044
ACH-000852,17755052,0,0.031704381108284
ACH-000852,2314623,0,0.06330692023038864
ACH-000852,24180719,0,0.032375555485486984
ACH-000852,25126798,0,0.03169073536992073
ACH-000852,25167777,0,0.017164912074804306
ACH-000852,3796,0,0.011032752692699432
ACH-000852,44182295,0,0.03181476518511772
ACH-000852,44551660,0,0.010975870303809643
ACH-000852,46191454,0,0.12151893973350525
ACH-000852,46943432,0,0.05440419912338257
ACH-000852,5280757,1,0.09320373833179474
ACH-000852,5330286,0,0.007626776583492756
ACH-000852,54685215,0,0.03338487818837166
ACH-000852,56962337,0,0.15252381563186646
ACH-000852,57339144,0,0.038344308733940125
ACH-000852,5746,0,0.02643214724957943
ACH-000852,637858,0,0.010647757910192013
ACH-000852,644241,0,0.055500637739896774
ACH-000852,6445533,0,0.009475136175751686
ACH-000852,6918638,0,0.01076902262866497
ACH-000852,6918848,0,0.022335967049002647
ACH-000852,82146,0,0.028546877205371857
ACH-000852,8249,0,0.07233559340238571
ACH-000852,9826528,0,0.05738163739442825
ACH-000852,9868037,0,0.01463815663009882
ACH-000852,9874913,0,0.06679776310920715
ACH-000852,9903786,0,0.010791558772325516
ACH-000852,9914412,0,0.004149885848164558
ACH-000853,10077147,0,0.019677719101309776
ACH-000853,10109823,0,0.20859313011169434
ACH-000853,10459196,0,0.10072806477546692
ACH-000853,11316960,0,0.0811450406908989
ACH-000853,11327430,0,0.0340154729783535
ACH-000853,11373846,0,0.06915435194969177
ACH-000853,11617559,0,0.1473427265882492
ACH-000853,11667893,1,0.20297493040561676
ACH-000853,11707110,0,0.25288957357406616
ACH-000853,11977753,0,0.07554808259010315
ACH-000853,126941,0,0.02849048562347889
ACH-000853,16722836,0,0.026544179767370224
ACH-000853,24772860,0,0.032866545021533966
ACH-000853,24776445,0,0.05586126819252968
ACH-000853,25257557,1,0.6971166133880615
ACH-000853,2733526,0,0.1448773890733719
ACH-000853,300471,1,0.11427238583564758
ACH-000853,3463933,0,0.21560131013393402
ACH-000853,42640,0,0.10906153917312622
ACH-000853,44143370,0,0.049690499901771545
ACH-000853,44182295,0,0.034562453627586365
ACH-000853,44551660,0,0.023288004100322723
ACH-000853,44819241,0,0.1229640319943428
ACH-000853,46191454,0,0.0873861014842987
ACH-000853,46224516,0,0.02359159290790558
ACH-000853,5280757,0,0.18266482651233673
ACH-000853,5311,0,0.0929703563451767
ACH-000853,5328940,0,0.04546516761183739
ACH-000853,53302361,0,0.08566410839557648
ACH-000853,53340664,0,0.03026057407259941
ACH-000853,5394,0,0.1084146648645401
ACH-000853,54676905,0,0.23106388747692108
ACH-000853,560326,0,0.1266297549009323
ACH-000853,56965967,0,0.034334901720285416
ACH-000853,6445562,0,0.18891941010951996
ACH-000853,6753378,0,0.04277306795120239
ACH-000853,6852167,0,0.05052201449871063
ACH-000853,704473,0,0.09313421696424484
ACH-000853,71271629,0,0.02286704070866108
ACH-000853,85668777,0,0.3429957926273346
ACH-000853,9858940,1,0.12079628556966782
ACH-000853,9910224,0,0.033289458602666855
ACH-000853,9943465,0,0.2551317811012268
ACH-000855,10109823,0,0.08236942440271378
ACH-000855,10184653,0,0.535724401473999
ACH-000855,10451420,0,0.013717854395508766
ACH-000855,11178236,0,0.12936921417713165
ACH-000855,11316960,0,0.15091492235660553
ACH-000855,11327430,0,0.019846055656671524
ACH-000855,11455910,0,0.2500886917114258
ACH-000855,11485656,0,0.03610185906291008
ACH-000855,11617559,0,0.10632697492837906
ACH-000855,11640390,0,0.25211137533187866
ACH-000855,11647372,0,0.009561987593770027
ACH-000855,11707110,0,0.4865991771221161
ACH-000855,123631,0,0.2372787594795227
ACH-000855,176158,0,0.10979839414358139
ACH-000855,176167,0,0.1158583015203476
ACH-000855,17755052,0,0.033064477145671844
ACH-000855,24180719,0,0.12025392800569534
ACH-000855,24772860,0,0.01667391136288643
ACH-000855,24951314,0,0.006082610692828894
ACH-000855,25022668,0,0.026626739650964737
ACH-000855,25124816,0,0.36495736241340637
ACH-000855,25195352,0,0.03663058578968048
ACH-000855,25262965,0,0.06828383356332779
ACH-000855,2726824,0,0.2712285816669464
ACH-000855,36462,0,0.03412337973713875
ACH-000855,44137675,0,0.1400284320116043
ACH-000855,446378,0,0.12910445034503937
ACH-000855,46191454,0,0.0317903608083725
ACH-000855,5330286,0,0.021684346720576286
ACH-000855,5460769,1,0.09598968923091888
ACH-000855,56962337,0,0.15127381682395935
ACH-000855,57339144,0,0.04295790567994118
ACH-000855,60750,0,0.06601101905107498
ACH-000855,6852167,0,0.016488902270793915
ACH-000855,85668777,0,0.5046159029006958
ACH-000855,9813758,0,0.02365211397409439
ACH-000855,9826528,0,0.15466701984405518
ACH-000855,9858940,0,0.11498736590147018
ACH-000855,9863776,0,0.10769280791282654
ACH-000855,9910224,0,0.018823545426130295
ACH-000855,9956222,0,0.024444902315735817
ACH-000856,10127622,0,0.08136292546987534
ACH-000856,10200390,0,0.036549344658851624
ACH-000856,104842,0,0.06273838877677917
ACH-000856,11327430,1,0.0985705778002739
ACH-000856,11624601,0,0.17629875242710114
ACH-000856,11640390,0,0.10102269798517227
ACH-000856,123631,0,0.22378520667552948
ACH-000856,156422,0,0.2952650487422943
ACH-000856,16720766,0,0.19089490175247192
ACH-000856,2314623,0,0.10165227204561234
ACH-000856,24180719,0,0.25497204065322876
ACH-000856,25102847,0,0.038555972278118134
ACH-000856,3463933,0,0.22510550916194916
ACH-000856,4263900,1,0.1333906054496765
ACH-000856,42642645,0,0.019779525697231293
ACH-000856,44143370,0,0.07858683913946152
ACH-000856,44182295,0,0.14759398996829987
ACH-000856,444795,0,0.06663874536752701
ACH-000856,51371303,1,0.1156577467918396
ACH-000856,521106,1,0.03453470766544342
ACH-000856,5280757,1,0.13977749645709991
ACH-000856,53302361,1,0.08515667915344238
ACH-000856,8249,0,0.03237129747867584
ACH-000856,9810884,0,0.43237385153770447
ACH-000856,9910224,0,0.05469268187880516
ACH-000856,9914412,1,0.023144051432609558
ACH-000856,9956222,0,0.04916851967573166
ACH-000857,10027278,1,0.08311249315738678
ACH-000857,10096043,1,0.10526005923748016
ACH-000857,10459196,0,0.15088900923728943
ACH-000857,11455910,0,0.10933198034763336
ACH-000857,11625818,0,0.05253248289227486
ACH-000857,11707110,0,0.364639014005661
ACH-000857,11754511,0,0.1293022185564041
ACH-000857,123631,0,0.29872751235961914
ACH-000857,126941,0,0.10555946826934814
ACH-000857,176158,0,0.1474798619747162
ACH-000857,216326,0,0.11591475456953049
ACH-000857,24785538,1,0.08891811221837997
ACH-000857,24826799,1,0.10093819350004196
ACH-000857,24978538,0,0.45654284954071045
ACH-000857,25222038,0,0.09014441072940826
ACH-000857,31703,0,0.05046463385224342
ACH-000857,3385,0,0.057725101709365845
ACH-000857,3796,1,0.1484067440032959
ACH-000857,42640,0,0.07437680661678314
ACH-000857,44462760,0,0.16210658848285675
ACH-000857,44551660,0,0.06858734041452408
ACH-000857,521106,0,0.06935184448957443
ACH-000857,5311497,0,0.07893841713666916
ACH-000857,54676905,0,0.17411284148693085
ACH-000857,56962337,0,0.16169315576553345
ACH-000857,56965967,0,0.05275338143110275
ACH-000857,5746,0,0.07954566180706024
ACH-000857,60750,0,0.05990488827228546
ACH-000857,6445562,1,0.2106156051158905
ACH-000857,66577006,0,0.1307304948568344
ACH-000857,6710780,0,0.06138559803366661
ACH-000857,6914657,0,0.06128409504890442
ACH-000857,6918638,0,0.043666958808898926
ACH-000857,82146,0,0.21650131046772003
ACH-000857,9826528,0,0.11489878594875336
ACH-000857,9910224,0,0.12461581081151962
ACH-000857,9911830,0,0.12161459773778915
ACH-000857,9914412,0,0.021554050967097282
ACH-000857,9952773,0,0.06799205392599106
ACH-000857,9967941,0,0.10487726330757141
ACH-000858,10077147,0,0.0007584134000353515
ACH-000858,10459196,0,0.010881107300519943
ACH-000858,11624601,0,0.009543191641569138
ACH-000858,126941,0,0.009137364104390144
ACH-000858,2726824,1,0.037798333913087845
ACH-000858,2733526,0,0.057956352829933167
ACH-000858,44450571,0,0.02769462577998638
ACH-000858,44462760,0,0.38686296343803406
ACH-000858,5311,0,0.02990095131099224
ACH-000858,5330286,0,0.004286131821572781
ACH-000858,54685215,0,0.04021557420492172
ACH-000858,6505803,0,0.028128888458013535
ACH-000858,9826528,1,0.3931770920753479
ACH-000858,9858940,0,0.016362829133868217
ACH-000859,10096043,0,0.024090878665447235
ACH-000859,10184653,0,0.664242684841156
ACH-000859,10459196,1,0.04105272889137268
ACH-000859,11609586,0,0.04722629114985466
ACH-000859,11647372,0,0.01612493395805359
ACH-000859,11977753,0,0.04886960983276367
ACH-000859,156422,0,0.09015943109989166
ACH-000859,176158,0,0.044908810406923294
ACH-000859,24180719,0,0.03188211843371391
ACH-000859,24889392,0,0.043290454894304276
ACH-000859,25102847,0,0.04037730023264885
ACH-000859,25195352,0,0.025959888473153114
ACH-000859,25262965,0,0.04031061381101608
ACH-000859,3218,0,0.04146047309041023
ACH-000859,4263900,0,0.014518390409648418
ACH-000859,5208,0,0.031804703176021576
ACH-000859,53340664,0,0.009854010306298733
ACH-000859,54676905,0,0.15115171670913696
ACH-000859,637858,0,0.019133949652314186
ACH-000859,6445562,0,0.07478006184101105
ACH-000859,65110,0,0.034777432680130005
ACH-000859,6918289,0,0.04502588510513306
ACH-000859,9813758,1,0.022569170221686363
ACH-000859,9903786,0,0.005191770847886801
ACH-000859,9914412,0,0.00442386232316494
ACH-000859,9956119,0,0.1806066930294037
ACH-000860,10113978,0,0.39313000440597534
ACH-000860,10341154,0,0.10499095171689987
ACH-000860,10459196,0,0.13719865679740906
ACH-000860,11338033,0,0.12674778699874878
ACH-000860,11625818,0,0.12228980660438538
ACH-000860,156422,1,0.23854564130306244
ACH-000860,17755052,0,0.06358989328145981
ACH-000860,24776445,0,0.11188600957393646
ACH-000860,24826799,0,0.256827175617218
ACH-000860,24978538,0,0.43789803981781006
ACH-000860,25167777,0,0.12732385098934174
ACH-000860,25257557,1,0.9581360816955566
ACH-000860,25262965,0,0.13835851848125458
ACH-000860,2726824,0,0.1799618899822235
ACH-000860,31703,0,0.0382860004901886
ACH-000860,3796,1,0.3178580105304718
ACH-000860,44450571,0,0.2351333498954773
ACH-000860,44632017,0,0.14543047547340393
ACH-000860,46883536,0,0.10201311856508255
ACH-000860,51371303,0,0.11862953007221222
ACH-000860,521106,0,0.11308364570140839
ACH-000860,5289247,0,0.3184956908226013
ACH-000860,53302361,0,0.10979229211807251
ACH-000860,6505803,0,0.05452916398644447
ACH-000860,6753378,0,0.07119793444871902
ACH-000860,6918638,0,0.04729028046131134
ACH-000860,9813758,1,0.2516998052597046
ACH-000860,9858940,0,0.21112270653247833
ACH-000860,9884685,0,0.06500314921140671
ACH-000860,9938202,0,0.14312277734279633
ACH-000860,9943465,0,0.39603349566459656
ACH-000860,9956119,0,0.6141400933265686
ACH-000861,11338033,0,0.050866883248090744
ACH-000861,11373846,0,0.06333884596824646
ACH-000861,11625818,0,0.05937345698475838
ACH-000861,11640390,0,0.19491150975227356
ACH-000861,11754511,0,0.07336976379156113
ACH-000861,16038120,0,0.18923476338386536
ACH-000861,16663089,0,0.3290886878967285
ACH-000861,216239,1,0.07047327607870102
ACH-000861,24776445,0,0.1674942970275879
ACH-000861,24951314,0,0.0474819540977478
ACH-000861,25022668,0,0.10550910979509354
ACH-000861,25124816,0,0.18924467265605927
ACH-000861,25222038,0,0.22081610560417175
ACH-000861,3218,0,0.10952501744031906
ACH-000861,44143370,0,0.14904336631298065
ACH-000861,44182295,0,0.22642558813095093
ACH-000861,44632017,0,0.09377699345350266
ACH-000861,46224516,0,0.04135560616850853
ACH-000861,46844147,0,0.07139988243579865
ACH-000861,46885626,0,0.1811133474111557
ACH-000861,49806720,0,0.19931599497795105
ACH-000861,51371303,0,0.14102748036384583
ACH-000861,5311510,0,0.1678033322095871
ACH-000861,5327091,0,0.1374676525592804
ACH-000861,53394750,1,0.5371100306510925
ACH-000861,5394,0,0.15780401229858398
ACH-000861,5459322,0,0.12240370362997055
ACH-000861,560326,0,0.15110629796981812
ACH-000861,5717801,0,0.030816208571195602
ACH-000861,644215,0,0.07453864812850952
ACH-000861,6450551,0,0.07451090961694717
ACH-000861,6505803,0,0.11686235666275024
ACH-000861,65110,0,0.12867125868797302
ACH-000861,6852167,0,0.041434478014707565
ACH-000861,6914657,0,0.03820376098155975
ACH-000861,6918289,0,0.1526404470205307
ACH-000861,9826308,0,0.14478665590286255
ACH-000861,9868037,0,0.0757179781794548
ACH-000861,9884685,0,0.0414818711578846
ACH-000863,10196499,0,0.1486695259809494
ACH-000863,10341154,0,0.07480165362358093
ACH-000863,10459196,0,0.1158159002661705
ACH-000863,11282283,0,0.06831511855125427
ACH-000863,11338033,0,0.0318581648170948
ACH-000863,11433190,1,0.5609806776046753
ACH-000863,11485656,0,0.08600560575723648
ACH-000863,11624601,0,0.09162461757659912
ACH-000863,11707110,0,0.8685492873191833
ACH-000863,126565,0,0.06924612820148468
ACH-000863,126941,0,0.056815896183252335
ACH-000863,156422,0,0.1634153574705124
ACH-000863,16722836,0,0.022456921637058258
ACH-000863,16747388,0,0.022037729620933533
ACH-000863,24180719,1,0.4152856767177582
ACH-000863,24785538,0,0.16091367602348328
ACH-000863,24826799,0,0.05075565353035927
ACH-000863,24894414,0,0.03096688911318779
ACH-000863,24978538,1,0.2291378676891327
ACH-000863,25022668,0,0.035393983125686646
ACH-000863,25124816,0,0.17914262413978577
ACH-000863,3218,0,0.16478540003299713
ACH-000863,3463933,0,0.29757076501846313
ACH-000863,42640,0,0.08941812068223953
ACH-000863,44224160,0,0.021848337724804878
ACH-000863,44450571,0,0.195376455783844
ACH-000863,46191454,0,0.045591212809085846
ACH-000863,46224516,0,0.03960901126265526
ACH-000863,46885626,0,0.046952251344919205
ACH-000863,46907787,0,0.08479344099760056
ACH-000863,521106,0,0.04012089595198631
ACH-000863,5327091,0,0.09196725487709045
ACH-000863,5394,0,0.17508038878440857
ACH-000863,560326,0,0.11180540919303894
ACH-000863,57339144,0,0.07266105711460114
ACH-000863,60750,0,0.06314321607351303
ACH-000863,6445562,0,0.03902910649776459
ACH-000863,6753378,0,0.04627180099487305
ACH-000863,6852167,0,0.02877509593963623
ACH-000863,6918289,0,0.1510443240404129
ACH-000863,6918848,0,0.028664909303188324
ACH-000863,9868037,0,0.0339241661131382
ACH-000863,9903786,0,0.01791934110224247
ACH-000863,9938202,0,0.13788621127605438
ACH-000864,10027278,0,0.042257148772478104
ACH-000864,10127622,0,0.1013500764966011
ACH-000864,10200390,0,0.02171194925904274
ACH-000864,10390396,0,0.17493394017219543
ACH-000864,10451420,0,0.13533195853233337
ACH-000864,11485656,0,0.10800432413816452
ACH-000864,11609586,0,0.08120030164718628
ACH-000864,11625818,1,0.05205436423420906
ACH-000864,11626560,0,0.02835412137210369
ACH-000864,11713159,0,0.042689330875873566
ACH-000864,16663089,0,0.18500767648220062
ACH-000864,16720766,0,0.04481186717748642
ACH-000864,20635522,0,0.07604952901601791
ACH-000864,208908,0,0.35452592372894287
ACH-000864,2314623,0,0.08675150573253632
ACH-000864,2375,0,0.05629223585128784
ACH-000864,24776445,0,0.024496816098690033
ACH-000864,24785538,0,0.10175178200006485
ACH-000864,24825971,0,0.08028434216976166
ACH-000864,24951314,0,0.014714171178638935
ACH-000864,25022668,0,0.017303403466939926
ACH-000864,25126798,0,0.11773072183132172
ACH-000864,25167777,1,0.06777463853359222
ACH-000864,25195352,0,0.05079534277319908
ACH-000864,25262965,1,0.13405312597751617
ACH-000864,3796,0,0.10226661711931229
ACH-000864,42642645,0,0.09111394733190536
ACH-000864,44137675,1,0.13808268308639526
ACH-000864,44143370,0,0.04021167382597923
ACH-000864,44462760,0,0.018566785380244255
ACH-000864,46843772,0,0.0746006965637207
ACH-000864,46883536,0,0.06547467410564423
ACH-000864,46943432,0,0.12718629837036133
ACH-000864,49806720,0,0.1749889850616455
ACH-000864,5208,0,0.04266589507460594
ACH-000864,5311497,0,0.024106960743665695
ACH-000864,5328940,0,0.023757867515087128
ACH-000864,53302361,0,0.04736391454935074
ACH-000864,53394750,0,0.28595560789108276
ACH-000864,5394,0,0.046902380883693695
ACH-000864,54685215,0,0.05646808072924614
ACH-000864,5494449,0,0.10810761898756027
ACH-000864,57339144,0,0.05815739557147026
ACH-000864,5746,0,0.0724559798836708
ACH-000864,60750,0,0.02610350213944912
ACH-000864,6450816,0,0.07096560299396515
ACH-000864,6505803,0,0.044399283826351166
ACH-000864,66577006,0,0.11116022616624832
ACH-000864,6852167,0,0.14400096237659454
ACH-000864,6918289,0,0.04594327136874199
ACH-000864,6918638,0,0.02200252003967762
ACH-000864,704473,0,0.1935095638036728
ACH-000864,9863776,0,0.013403128832578659
ACH-000864,9868037,0,0.030848026275634766
ACH-000864,9884685,1,0.08521290123462677
ACH-000866,10096043,0,0.0388488695025444
ACH-000866,10113978,0,0.19320254027843475
ACH-000866,11178236,0,0.06822708249092102
ACH-000866,11327430,0,0.143315389752388
ACH-000866,11373846,0,0.300075501203537
ACH-000866,11647372,1,0.0979124903678894
ACH-000866,11977753,0,0.032042983919382095
ACH-000866,123631,0,0.06904373317956924
ACH-000866,126565,0,0.13551005721092224
ACH-000866,126941,0,0.294868528842926
ACH-000866,156422,0,0.13010568916797638
ACH-000866,16722836,0,0.22771230340003967
ACH-000866,2375,0,0.13428542017936707
ACH-000866,24180719,0,0.17403532564640045
ACH-000866,24776445,0,0.30853864550590515
ACH-000866,24826799,0,0.14604289829730988
ACH-000866,24978538,1,0.8575085997581482
ACH-000866,25124816,0,0.12069795280694962
ACH-000866,3005532,0,0.049367859959602356
ACH-000866,36462,0,0.06438793987035751
ACH-000866,44137675,1,0.08907739073038101
ACH-000866,44224160,0,0.0993058905005455
ACH-000866,44462760,0,0.23293133080005646
ACH-000866,44632017,0,0.2673271596431732
ACH-000866,46931012,1,0.10896600782871246
ACH-000866,49806720,0,0.27395978569984436
ACH-000866,5113032,0,0.35915282368659973
ACH-000866,5278396,0,0.1432444155216217
ACH-000866,5311497,0,0.04644336551427841
ACH-000866,560326,0,0.17324842512607574
ACH-000866,6445533,0,0.06166963651776314
ACH-000866,82146,0,0.1000465452671051
ACH-000866,84691,0,0.39154914021492004
ACH-000866,9826528,0,0.2832578122615814
ACH-000866,9910224,0,0.1766582876443863
ACH-000866,9943465,0,0.3849024772644043
ACH-000866,9956222,1,0.1177569031715393
ACH-000867,10027278,0,0.012678306549787521
ACH-000867,10074640,0,0.00636058347299695
ACH-000867,10113978,0,0.09313227981328964
ACH-000867,10200390,0,0.00217256648465991
ACH-000867,10451420,0,0.004980842117220163
ACH-000867,11327430,0,0.0019938412588089705
ACH-000867,11493598,0,0.014193407259881496
ACH-000867,11617559,0,0.06682614982128143
ACH-000867,11624601,0,0.041583508253097534
ACH-000867,11634725,0,0.014900253154337406
ACH-000867,11707110,0,0.27823376655578613
ACH-000867,1401,0,0.1508353352546692
ACH-000867,16747388,0,0.000314566568704322
ACH-000867,17755052,0,0.00669552618637681
ACH-000867,2314623,1,0.07367600500583649
ACH-000867,24785538,0,0.04827282950282097
ACH-000867,25102847,0,0.04134204611182213
ACH-000867,25262965,0,0.010749533772468567
ACH-000867,3385,0,0.003071213373914361
ACH-000867,36462,0,0.005023959092795849
ACH-000867,4263900,0,0.015055528841912746
ACH-000867,44450571,0,0.07593364268541336
ACH-000867,44462760,0,0.028020648285746574
ACH-000867,44819241,0,0.035001907497644424
ACH-000867,46907787,0,0.028490543365478516
ACH-000867,46931012,0,0.0006558657041750848
ACH-000867,5311497,0,0.011242207139730453
ACH-000867,5327091,0,0.0101403146982193
ACH-000867,5460769,0,0.05019310489296913
ACH-000867,54685215,0,0.07176818698644638
ACH-000867,6445533,0,0.004605574067682028
ACH-000867,6445562,0,0.00869770348072052
ACH-000867,6505803,0,0.03525961935520172
ACH-000867,704473,0,0.008137061260640621
ACH-000867,85668777,0,0.3256196975708008
ACH-000867,9858940,0,0.0257082711905241
ACH-000867,9911830,0,0.006299685686826706
ACH-000867,9952773,0,0.004636785481125116
ACH-000867,9956119,0,0.13423945009708405
ACH-000869,10113978,0,0.07605307549238205
ACH-000869,10200390,0,0.00843316875398159
ACH-000869,11338033,0,0.00917038880288601
ACH-000869,11609586,0,0.06856467574834824
ACH-000869,11640390,0,0.21163682639598846
ACH-000869,16725726,0,0.309894323348999
ACH-000869,24889392,0,0.008923638612031937
ACH-000869,25124816,0,0.20046384632587433
ACH-000869,25222038,0,0.04452262446284294
ACH-000869,46843772,0,0.06594002991914749
ACH-000869,46930998,0,0.02779427170753479
ACH-000869,5113032,0,0.020254019647836685
ACH-000869,51371303,0,0.03987633064389229
ACH-000869,5328940,0,0.028267474845051765
ACH-000869,53340664,0,0.006845304276794195
ACH-000869,54676905,0,0.1024429053068161
ACH-000869,56962337,0,0.08415987342596054
ACH-000869,60750,0,0.030538897961378098
ACH-000869,6253,0,0.006556448992341757
ACH-000869,644241,0,0.010277697816491127
ACH-000869,6445533,0,0.012498664669692516
ACH-000869,6445562,0,0.025701219215989113
ACH-000869,6505803,0,0.10401932150125504
ACH-000869,6852167,0,0.009780587628483772
ACH-000869,6918454,0,0.0815533921122551
ACH-000869,704473,0,0.014916589483618736
ACH-000869,84691,0,0.04207947105169296
ACH-000869,9858940,0,0.03535745292901993
ACH-000869,9914412,0,0.006244652904570103
ACH-000869,9956222,0,0.01630260795354843
ACH-000871,10390396,0,0.12597334384918213
ACH-000871,10459196,0,0.030365975573658943
ACH-000871,11152667,0,0.04684029892086983
ACH-000871,11404337,0,0.011199703440070152
ACH-000871,11609586,0,0.054460108280181885
ACH-000871,11624601,0,0.06624884158372879
ACH-000871,11626927,0,0.049975909292697906
ACH-000871,11960529,0,0.09386918693780899
ACH-000871,16038120,0,0.1792868822813034
ACH-000871,16095342,0,0.18604563176631927
ACH-000871,16747388,0,0.013829302974045277
ACH-000871,176870,0,0.1376996636390686
ACH-000871,216239,0,0.04484262689948082
ACH-000871,2375,0,0.041359614580869675
ACH-000871,24785538,0,0.10071428120136261
ACH-000871,24826799,0,0.11057078093290329
ACH-000871,24978538,1,0.6042576432228088
ACH-000871,25124816,0,0.12204685062170029
ACH-000871,25167777,0,0.04056795686483383
ACH-000871,3005532,0,0.04707154631614685
ACH-000871,36462,0,0.020804032683372498
ACH-000871,3796,0,0.08451244980096817
ACH-000871,446378,0,0.05072373151779175
ACH-000871,448013,0,0.027289142832159996
ACH-000871,46191454,0,0.1376826912164688
ACH-000871,46844147,0,0.05114336311817169
ACH-000871,46885626,0,0.434042751789093
ACH-000871,49821040,0,0.22382093966007233
ACH-000871,49836027,0,0.06839389353990555
ACH-000871,4993,0,0.13570338487625122
ACH-000871,5208,0,0.041079889982938766
ACH-000871,5330286,0,0.038210950791835785
ACH-000871,53340664,0,0.05164441466331482
ACH-000871,5717801,1,0.0339074544608593
ACH-000871,6450551,0,0.09218361228704453
ACH-000871,65110,0,0.16360031068325043
ACH-000871,6710780,0,0.025645267218351364
ACH-000871,6918848,1,0.049561724066734314
ACH-000871,704473,0,0.152769535779953
ACH-000871,82146,0,0.07128225266933441
ACH-000871,84691,0,0.03970606252551079
ACH-000871,9549184,1,0.14259745180606842
ACH-000871,9810884,1,0.5620441436767578
ACH-000871,9907093,0,0.11037030816078186
ACH-000871,9938202,0,0.15892702341079712
ACH-000871,9943465,0,0.2109481692314148
ACH-000874,10172943,0,0.3099633455276489
ACH-000874,10384072,0,0.08095208555459976
ACH-000874,10461815,1,0.10803579539060593
ACH-000874,11316960,0,0.2639428377151489
ACH-000874,11338033,1,0.7321144938468933
ACH-000874,11404337,0,0.24183179438114166
ACH-000874,11625818,1,0.6167998909950256
ACH-000874,11634725,0,0.1632806807756424
ACH-000874,11667893,0,0.05507979542016983
ACH-000874,11844351,0,0.21472465991973877
ACH-000874,1401,1,0.1055043414235115
ACH-000874,160355,0,0.39829885959625244
ACH-000874,16095342,0,0.2255682498216629
ACH-000874,16747388,0,0.5925772786140442
ACH-000874,16760646,1,0.2688312232494354
ACH-000874,20635522,0,0.23253843188285828
ACH-000874,2314623,0,0.1084277331829071
ACH-000874,24756910,1,0.7474831938743591
ACH-000874,24785538,1,0.09695439040660858
ACH-000874,24978538,1,0.7976380586624146
ACH-000874,25167777,1,0.6917499303817749
ACH-000874,25257557,1,0.7450274229049683
ACH-000874,4263900,0,0.22270943224430084
ACH-000874,42642645,1,0.30404648184776306
ACH-000874,44137675,1,0.11815769970417023
ACH-000874,44182295,0,0.07672221213579178
ACH-000874,44462760,0,0.08085975050926208
ACH-000874,46224516,1,0.44949081540107727
ACH-000874,46843772,0,0.21923068165779114
ACH-000874,49836027,0,0.3523813486099243
ACH-000874,5329102,0,0.2324618548154831
ACH-000874,53302361,0,0.12705190479755402
ACH-000874,5459322,0,0.1473967432975769
ACH-000874,54676905,1,0.09822779148817062
ACH-000874,5494449,1,0.2692939341068268
ACH-000874,60750,0,0.19939246773719788
ACH-000874,9549184,0,0.43638092279434204
ACH-000874,9810884,1,0.7648313641548157
ACH-000874,9910224,1,0.5103170871734619
ACH-000874,9938202,0,0.14992474019527435
ACH-000874,9956119,1,0.10279911756515503
ACH-000874,9967941,0,0.11577221006155014
ACH-000875,10074640,0,0.008691702969372272
ACH-000875,11282283,0,0.035487815737724304
ACH-000875,11404337,0,0.008511403575539589
ACH-000875,11455910,0,0.07464514672756195
ACH-000875,11617559,0,0.035022005438804626
ACH-000875,11667893,0,0.07581057399511337
ACH-000875,11977753,0,0.022016210481524467
ACH-000875,123631,0,0.05509689450263977
ACH-000875,148124,0,0.03397230803966522
ACH-000875,159324,0,0.0018600320909172297
ACH-000875,16722836,0,0.0012365274596959352
ACH-000875,16725726,0,0.2408171445131302
ACH-000875,176158,0,0.0511695072054863
ACH-000875,216326,0,0.010344083420932293
ACH-000875,2314623,0,0.09448561817407608
ACH-000875,23725625,0,0.010171712376177311
ACH-000875,24772860,0,0.0016101121436804533
ACH-000875,24776445,0,0.01913490705192089
ACH-000875,24826799,0,0.010602504946291447
ACH-000875,24889392,0,0.004815158434212208
ACH-000875,25022668,0,0.0031392271630465984
ACH-000875,25195352,0,0.007465139962732792
ACH-000875,25222038,0,0.011768260970711708
ACH-000875,25257557,0,0.8271567225456238
ACH-000875,300471,0,0.032723523676395416
ACH-000875,3005532,0,0.0646432489156723
ACH-000875,3218,0,0.04011306166648865
ACH-000875,447912,0,0.003899257630109787
ACH-000875,448013,0,0.013575929217040539
ACH-000875,46191454,0,0.007355603389441967
ACH-000875,5278396,0,0.01932322420179844
ACH-000875,5280757,0,0.08835311979055405
ACH-000875,54685215,0,0.07238560914993286
ACH-000875,560326,0,0.02778983674943447
ACH-000875,637858,0,0.011067149229347706
ACH-000875,66577006,0,0.0013474725419655442
ACH-000875,85668777,0,0.24999386072158813
ACH-000875,9863776,0,0.2355135679244995
ACH-000875,9868037,0,0.002816820750012994
ACH-000876,10184653,0,0.3967461585998535
ACH-000876,10451420,0,0.048049844801425934
ACH-000876,11152667,0,0.05030887573957443
ACH-000876,11178236,0,0.11606234312057495
ACH-000876,11282283,1,0.2357701063156128
ACH-000876,11493598,0,0.06324367970228195
ACH-000876,11617559,0,0.2867105007171631
ACH-000876,123631,0,0.16193276643753052
ACH-000876,126565,0,0.02827030047774315
ACH-000876,16722836,0,0.013903085142374039
ACH-000876,17755052,0,0.04207197576761246
ACH-000876,2314623,0,0.13162894546985626
ACH-000876,25124816,0,0.2986984848976135
ACH-000876,25195352,0,0.04865943640470505
ACH-000876,300471,0,0.09969539195299149
ACH-000876,3463933,0,0.3433380424976349
ACH-000876,4263900,0,0.040706783533096313
ACH-000876,44450571,0,0.10689973831176758
ACH-000876,46191454,0,0.06546315550804138
ACH-000876,46885626,0,0.1355162113904953
ACH-000876,5328940,0,0.03101234883069992
ACH-000876,54685215,1,0.11822509765625
ACH-000876,60750,0,0.03615881875157356
ACH-000876,65110,0,0.056165385991334915
ACH-000876,6918848,0,0.0196380577981472
ACH-000876,8249,0,0.07981638610363007
ACH-000876,85668777,0,0.3565749526023865
ACH-000876,9813758,0,0.04921720549464226
ACH-000876,9858940,0,0.07931444048881531
ACH-000876,9874913,0,0.17744100093841553
ACH-000876,9903786,0,0.013323736377060413
ACH-000876,9952773,0,0.0324486643075943
ACH-000878,10341154,0,0.06584689766168594
ACH-000878,104842,0,0.05600664019584656
ACH-000878,11316960,0,0.4377717077732086
ACH-000878,11373846,0,0.04441365972161293
ACH-000878,11617559,0,0.08827539533376694
ACH-000878,11640390,0,0.3142687976360321
ACH-000878,11707110,1,0.8649242520332336
ACH-000878,24180719,0,0.36479631066322327
ACH-000878,24772860,0,0.021042320877313614
ACH-000878,24776445,0,0.10244159400463104
ACH-000878,24889392,0,0.035960353910923004
ACH-000878,24894414,0,0.026851383969187737
ACH-000878,25022668,0,0.04430215433239937
ACH-000878,25126798,0,0.05318925157189369
ACH-000878,25262965,0,0.11463677883148193
ACH-000878,3005532,0,0.3117200434207916
ACH-000878,31703,0,0.05195168778300285
ACH-000878,3796,0,0.09090818464756012
ACH-000878,42640,0,0.10115324705839157
ACH-000878,44137675,0,0.22415179014205933
ACH-000878,44819241,0,0.17578530311584473
ACH-000878,46224516,0,0.03151554614305496
ACH-000878,46843772,0,0.12526749074459076
ACH-000878,5278396,0,0.11236215382814407
ACH-000878,5327091,0,0.11381907761096954
ACH-000878,54676905,0,0.16875791549682617
ACH-000878,54685215,0,0.2555903196334839
ACH-000878,57339144,1,0.06425806134939194
ACH-000878,6253,0,0.03825422376394272
ACH-000878,65110,0,0.058044206351041794
ACH-000878,71271629,0,0.05047038197517395
ACH-000878,9874913,0,0.1094808429479599
ACH-000878,9884685,0,0.02662452682852745
ACH-000878,9931953,0,0.06607014685869217
ACH-000879,10196499,1,0.24696506559848785
ACH-000879,11152667,0,0.04452960565686226
ACH-000879,11433190,1,0.16206349432468414
ACH-000879,11455910,1,0.13448253273963928
ACH-000879,123631,0,0.22420117259025574
ACH-000879,126941,0,0.07938767969608307
ACH-000879,216326,0,0.04614081233739853
ACH-000879,2314623,0,0.1056298092007637
ACH-000879,24180719,0,0.042625341564416885
ACH-000879,24889392,0,0.10906464606523514
ACH-000879,3218,0,0.038473423570394516
ACH-000879,44137675,1,0.12331131100654602
ACH-000879,444795,0,0.14100974798202515
ACH-000879,44551660,0,0.02990610897541046
ACH-000879,5113032,0,0.0810302197933197
ACH-000879,5311,0,0.08357802778482437
ACH-000879,5330286,0,0.023842306807637215
ACH-000879,54685215,0,0.0913701131939888
ACH-000879,644241,0,0.052828989923000336
ACH-000879,6450551,0,0.06542958319187164
ACH-000879,6450816,0,0.0550343357026577
ACH-000879,6918289,1,0.06960096210241318
ACH-000879,6918454,0,0.05351714789867401
ACH-000879,82146,0,0.10980692505836487
ACH-000879,84691,0,0.05234311893582344
ACH-000879,9956222,0,0.07427243888378143
ACH-000880,10109823,0,0.0661645233631134
ACH-000880,11485656,0,0.13204610347747803
ACH-000880,11493598,0,0.1450549066066742
ACH-000880,11640390,0,0.2529366910457611
ACH-000880,11960529,0,0.28665852546691895
ACH-000880,156422,0,0.21503691375255585
ACH-000880,16722836,0,0.04266352206468582
ACH-000880,176158,0,0.3049671947956085
ACH-000880,17755052,0,0.09759079664945602
ACH-000880,24776445,0,0.24263601005077362
ACH-000880,24785538,0,0.23513911664485931
ACH-000880,24978538,1,0.20647010207176208
ACH-000880,25126798,0,0.05227635055780411
ACH-000880,25222038,0,0.1683729887008667
ACH-000880,300471,1,0.2008424997329712
ACH-000880,3463933,0,0.3025898337364197
ACH-000880,4263900,0,0.13831178843975067
ACH-000880,46191454,0,0.06431098282337189
ACH-000880,46885626,0,0.05151820182800293
ACH-000880,46907787,0,0.11216016858816147
ACH-000880,49806720,0,0.04839486628770828
ACH-000880,5208,0,0.21076489984989166
ACH-000880,5311497,0,0.13504013419151306
ACH-000880,5327091,1,0.2581070363521576
ACH-000880,5330286,0,0.11021315306425095
ACH-000880,54685215,1,0.3116758465766907
ACH-000880,60750,0,0.20189644396305084
ACH-000880,6253,0,0.14673712849617004
ACH-000880,6445533,0,0.11393461376428604
ACH-000880,6450551,0,0.16122688353061676
ACH-000880,6918848,0,0.05497455224394798
ACH-000880,71271629,0,0.18850773572921753
ACH-000880,82146,0,0.178289532661438
ACH-000880,9884685,0,0.05750715360045433
ACH-000880,9943465,0,0.15028975903987885
ACH-000880,9952773,0,0.06352292746305466
ACH-000881,10200390,0,0.19774162769317627
ACH-000881,10384072,0,0.40182769298553467
ACH-000881,11327430,0,0.3762836754322052
ACH-000881,11485656,0,0.2762015759944916
ACH-000881,126941,0,0.22111207246780396
ACH-000881,148124,0,0.4860764443874359
ACH-000881,16720766,0,0.2974127233028412
ACH-000881,16722836,0,0.07600010186433792
ACH-000881,16725726,0,0.5939275026321411
ACH-000881,216326,0,0.5080786943435669
ACH-000881,3218,0,0.5143725872039795
ACH-000881,4263900,0,0.21307162940502167
ACH-000881,42640,1,0.13751892745494843
ACH-000881,44462760,0,0.9755014181137085
ACH-000881,44819241,0,0.6244593858718872
ACH-000881,46885626,0,0.40575045347213745
ACH-000881,5113032,0,0.5338152647018433
ACH-000881,51371303,0,0.4625723958015442
ACH-000881,53302361,0,0.25340428948402405
ACH-000881,53340664,0,0.15232153236865997
ACH-000881,57339144,0,0.2663845419883728
ACH-000881,637858,0,0.45481106638908386
ACH-000881,6445533,0,0.18621155619621277
ACH-000881,6445562,0,0.2032317817211151
ACH-000881,6450551,0,0.21111352741718292
ACH-000881,704473,0,0.4472719132900238
ACH-000881,71271629,0,0.42447158694267273
ACH-000881,9813758,1,0.3662920594215393
ACH-000881,9858940,0,0.7306521534919739
ACH-000881,9868037,0,0.300048828125
ACH-000881,9956119,0,0.8306169509887695
ACH-000882,10109823,0,0.13482064008712769
ACH-000882,10113978,0,0.4042409658432007
ACH-000882,10384072,0,0.19469209015369415
ACH-000882,11373846,0,0.07874220609664917
ACH-000882,11433190,1,0.5195203423500061
ACH-000882,11617559,0,0.08744622766971588
ACH-000882,11625818,0,0.055906251072883606
ACH-000882,11647372,0,0.02755921147763729
ACH-000882,11960529,0,0.2690991461277008
ACH-000882,123631,0,0.20387695729732513
ACH-000882,159324,0,0.1216597929596901
ACH-000882,16747388,0,0.05317465588450432
ACH-000882,176167,0,0.1250583529472351
ACH-000882,24889392,0,0.06483525037765503
ACH-000882,25126798,1,0.07115589827299118
ACH-000882,25167777,0,0.046262793242931366
ACH-000882,2726824,0,0.2294139415025711
ACH-000882,300471,0,0.11568757891654968
ACH-000882,44137675,0,0.3072766363620758
ACH-000882,44182295,0,0.4986002445220947
ACH-000882,44450571,0,0.3025776147842407
ACH-000882,46883536,0,0.06883368641138077
ACH-000882,49806720,0,0.10023754090070724
ACH-000882,5113032,1,0.18574096262454987
ACH-000882,5311,0,0.10957604646682739
ACH-000882,5328940,0,0.09417782723903656
ACH-000882,53394750,1,0.24439340829849243
ACH-000882,560326,0,0.13467970490455627
ACH-000882,6918289,0,0.15531477332115173
ACH-000882,6918454,0,0.4431719183921814
ACH-000882,6918848,0,0.04157526046037674
ACH-000882,9826528,0,0.5113639235496521
ACH-000882,9868037,0,0.08841191977262497
ACH-000882,9952773,0,0.083133265376091
ACH-000882,9956222,0,0.058795224875211716
ACH-000885,10109823,0,0.22583343088626862
ACH-000885,11485656,0,0.22217343747615814
ACH-000885,11609586,0,0.1829187422990799
ACH-000885,11634725,0,0.23969264328479767
ACH-000885,11647372,0,0.10326100885868073
ACH-000885,1401,0,0.250874787569046
ACH-000885,176167,1,0.2027142345905304
ACH-000885,23725625,1,0.13657307624816895
ACH-000885,300471,0,0.12186457961797714
ACH-000885,44819241,1,0.1721511036157608
ACH-000885,46885626,0,0.1647861748933792
ACH-000885,46907787,0,0.1463123857975006
ACH-000885,46930998,0,0.13868550956249237
ACH-000885,5208,0,0.13454477488994598
ACH-000885,521106,0,0.1124853640794754
ACH-000885,5289247,0,0.20050105452537537
ACH-000885,5311497,0,0.1082528755068779
ACH-000885,5330286,0,0.09455816447734833
ACH-000885,53340664,0,0.15210235118865967
ACH-000885,5459322,0,0.15926286578178406
ACH-000885,54685215,0,0.18201704323291779
ACH-000885,56965967,0,0.13142414391040802
ACH-000885,6914657,0,0.14501670002937317
ACH-000885,6918638,0,0.10218246281147003
ACH-000885,8249,0,0.13714434206485748
ACH-000885,85668777,0,0.2854421138763428
ACH-000885,9810884,0,0.4540712237358093
ACH-000885,9863776,0,0.19854311645030975
ACH-000885,9868037,0,0.1733972430229187
ACH-000885,9943465,0,0.2244115024805069
ACH-000885,9956119,0,0.2500770390033722
ACH-000886,104842,0,0.03026781789958477
ACH-000886,11404337,0,0.01142402458935976
ACH-000886,11455910,0,0.11935525387525558
ACH-000886,11609586,0,0.09577123075723648
ACH-000886,11617559,0,0.14251036942005157
ACH-000886,11634725,0,0.07448560744524002
ACH-000886,148124,0,0.07338283210992813
ACH-000886,156422,1,0.08619125932455063
ACH-000886,16725726,0,0.382732093334198
ACH-000886,2375,0,0.03968421742320061
ACH-000886,24756910,0,0.015678294003009796
ACH-000886,24776445,0,0.03923652693629265
ACH-000886,24951314,0,0.0034519222099334
ACH-000886,25022668,0,0.010328898206353188
ACH-000886,25102847,0,0.10941798985004425
ACH-000886,3005532,0,0.16562236845493317
ACH-000886,44450571,0,0.10351331532001495
ACH-000886,44632017,0,0.06220204010605812
ACH-000886,46883536,0,0.010537683963775635
ACH-000886,5311,0,0.056487273424863815
ACH-000886,5330286,0,0.009883863851428032
ACH-000886,5459322,1,0.08665340393781662
ACH-000886,54676905,0,0.12032803148031235
ACH-000886,6253,0,0.005543675273656845
ACH-000886,6445533,0,0.016762370243668556
ACH-000886,6450816,0,0.03313302621245384
ACH-000886,82146,0,0.035272952169179916
ACH-000886,8249,0,0.027357297018170357
ACH-000886,85668777,0,0.45015859603881836
ACH-000886,9826528,1,0.08718019723892212
ACH-000888,10096043,0,0.0006111835828050971
ACH-000888,11282283,0,0.012258341535925865
ACH-000888,11455910,0,0.0201875027269125
ACH-000888,11485656,0,0.00010940984793705866
ACH-000888,11493598,0,0.00035090098390355706
ACH-000888,11617559,0,0.011257297359406948
ACH-000888,11625818,0,1.0393619049864355e-05
ACH-000888,11707110,0,0.24594496190547943
ACH-000888,16720766,0,0.003044094890356064
ACH-000888,176167,0,0.00620657205581665
ACH-000888,2375,0,0.00031962685170583427
ACH-000888,24785538,0,0.004515666514635086
ACH-000888,24826799,0,0.00017342469072900712
ACH-000888,25102847,0,0.0015565893845632672
ACH-000888,25124816,0,0.12121225893497467
ACH-000888,36462,0,5.565188257605769e-05
ACH-000888,42640,0,0.004913976415991783
ACH-000888,446378,0,0.003254889976233244
ACH-000888,46907787,0,0.0007623502751812339
ACH-000888,53340664,0,6.933486019988777e-06
ACH-000888,5459322,0,0.007438515778630972
ACH-000888,5746,0,0.010529483668506145
ACH-000888,6445562,0,4.7727367928018793e-05
ACH-000888,6852167,0,4.4479602365754545e-05
ACH-000888,6918638,0,1.4239147958505782e-06
ACH-000888,6918848,0,5.104773208586266e-06
ACH-000888,85668777,0,0.7923533320426941
ACH-000888,9813758,0,5.962790237390436e-05
ACH-000888,9931953,0,0.0012450567446649075
ACH-000888,9967941,0,0.0029280486050993204
ACH-000890,10077147,0,0.03819272294640541
ACH-000890,11152667,0,0.11518866568803787
ACH-000890,11282283,0,0.13851216435432434
ACH-000890,11433190,0,0.421817809343338
ACH-000890,11455910,0,0.14583255350589752
ACH-000890,11707110,1,0.7646973729133606
ACH-000890,123631,0,0.1265818327665329
ACH-000890,176167,0,0.18812984228134155
ACH-000890,2314623,0,0.1935887336730957
ACH-000890,24772860,0,0.05029183626174927
ACH-000890,24776445,0,0.12342042475938797
ACH-000890,24889392,0,0.13220295310020447
ACH-000890,24978538,0,0.42867907881736755
ACH-000890,25124816,0,0.1580275446176529
ACH-000890,25126798,0,0.12339657545089722
ACH-000890,25195352,0,0.07739776372909546
ACH-000890,2726824,0,0.1341356486082077
ACH-000890,3218,0,0.17211571335792542
ACH-000890,3463933,0,0.31320062279701233
ACH-000890,36462,0,0.07636073976755142
ACH-000890,42640,0,0.13899965584278107
ACH-000890,44819241,0,0.1946258544921875
ACH-000890,46931012,1,0.05669975280761719
ACH-000890,46943432,0,0.11537248641252518
ACH-000890,5278396,0,0.08864933252334595
ACH-000890,5327091,0,0.08042041212320328
ACH-000890,5460769,0,0.10098733752965927
ACH-000890,54676905,0,0.13308557868003845
ACH-000890,56962337,0,0.16141889989376068
ACH-000890,637858,0,0.12105978280305862
ACH-000890,6450551,0,0.16147369146347046
ACH-000890,66577006,0,0.06534542143344879
ACH-000890,6914657,0,0.1255236119031906
ACH-000890,71271629,0,0.06468606740236282
ACH-000890,84691,0,0.1109839677810669
ACH-000890,9858940,0,0.12255518138408661
ACH-000890,9874913,0,0.18522296845912933
ACH-000890,9884685,0,0.0707157552242279
ACH-000890,9952773,0,0.09752816706895828
ACH-000890,9956119,1,0.3250698745250702
ACH-000893,10027278,0,0.02742055617272854
ACH-000893,10096043,0,0.04328780993819237
ACH-000893,10184653,0,0.2286105453968048
ACH-000893,11178236,0,0.048329420387744904
ACH-000893,11316960,0,0.13766978681087494
ACH-000893,11338033,0,0.004922821186482906
ACH-000893,11433190,0,0.26407164335250854
ACH-000893,11624601,0,0.1194857805967331
ACH-000893,11667893,0,0.12518520653247833
ACH-000893,11713159,0,0.07273708283901215
ACH-000893,11977753,0,0.02598136104643345
ACH-000893,123631,0,0.08340932428836823
ACH-000893,126565,0,0.024042217060923576
ACH-000893,176167,0,0.06823774427175522
ACH-000893,24785538,0,0.06596874445676804
ACH-000893,25022668,0,0.012304790318012238
ACH-000893,25195352,0,0.0211481936275959
ACH-000893,42640,0,0.20385783910751343
ACH-000893,44551660,0,0.008052871562540531
ACH-000893,44819241,1,0.2158953994512558
ACH-000893,46885626,0,0.09965946525335312
ACH-000893,46907787,0,0.032849691808223724
ACH-000893,46931012,0,0.004067109897732735
ACH-000893,5328940,0,0.08245709538459778
ACH-000893,53394750,0,0.0809207484126091
ACH-000893,5460769,0,0.13327300548553467
ACH-000893,56962337,0,0.16707287728786469
ACH-000893,57339144,0,0.06176791712641716
ACH-000893,6253,0,0.03356816992163658
ACH-000893,6445533,0,0.008824115619063377
ACH-000893,6450551,0,0.10383249074220657
ACH-000893,65110,0,0.18296217918395996
ACH-000893,8249,0,0.025430403649806976
ACH-000893,84691,0,0.08604756742715836
ACH-000893,9810884,0,0.16704143583774567
ACH-000893,9813758,0,0.012399254366755486
ACH-000893,9826528,0,0.1258862167596817
ACH-000893,9863776,0,0.16146323084831238
ACH-000893,9874913,0,0.10870537906885147
ACH-000895,10127622,0,0.920762836933136
ACH-000895,11960529,0,0.09568570554256439
ACH-000895,16720766,0,0.03522485867142677
ACH-000895,24978538,0,0.6064363121986389
ACH-000895,444795,0,0.07893829792737961
ACH-000895,46843772,0,0.09878678619861603
ACH-000895,5327091,0,0.04827407747507095
ACH-000895,54685215,0,0.07579609006643295
ACH-000895,6505803,0,0.09641681611537933
ACH-000895,65110,0,0.05755796283483505
ACH-000895,71271629,0,0.01686250977218151
ACH-000895,85668777,0,0.16550669074058533
ACH-000895,9826528,1,0.9066985249519348
ACH-000895,9914412,0,0.016305560246109962
ACH-000896,10027278,0,0.022945832461118698
ACH-000896,10127622,0,0.2072632759809494
ACH-000896,10451420,0,0.01573813706636429
ACH-000896,104842,1,0.029041040688753128
ACH-000896,11373846,0,0.012508257292211056
ACH-000896,11433190,0,0.277153879404068
ACH-000896,11493598,0,0.045881278812885284
ACH-000896,11754511,0,0.01681961491703987
ACH-000896,123631,0,0.05574776604771614
ACH-000896,1401,0,0.19259396195411682
ACH-000896,16720766,1,0.1448136866092682
ACH-000896,16722836,0,0.0032975259236991405
ACH-000896,16725726,0,0.2044282704591751
ACH-000896,17755052,0,0.008553351275622845
ACH-000896,2314623,0,0.11158867180347443
ACH-000896,25195352,0,0.019018949940800667
ACH-000896,2726824,0,0.11651318520307541
ACH-000896,2733526,0,0.16361674666404724
ACH-000896,31703,0,0.010630722157657146
ACH-000896,3796,0,0.01815560646355152
ACH-000896,44137675,0,0.05256934463977814
ACH-000896,44462760,0,0.2161557823419571
ACH-000896,44819241,1,0.12112537026405334
ACH-000896,46191454,0,0.01760791800916195
ACH-000896,46907787,0,0.023752901703119278
ACH-000896,46930998,0,0.01329588983207941
ACH-000896,5113032,0,0.022787606343626976
ACH-000896,51371303,1,0.07833057641983032
ACH-000896,5278396,0,0.02394571527838707
ACH-000896,53302361,0,0.09135552495718002
ACH-000896,54685215,0,0.11985698342323303
ACH-000896,56962337,0,0.09497921168804169
ACH-000896,56965967,0,0.00582638056948781
ACH-000896,637858,0,0.03444970026612282
ACH-000896,66577006,0,0.005424045957624912
ACH-000896,6918289,0,0.029534902423620224
ACH-000896,82146,0,0.032558511942625046
ACH-000896,9858940,0,0.035663265734910965
ACH-000896,9868037,0,0.005399225279688835
ACH-000896,9903786,0,0.0037615273613482714
ACH-000896,9931953,0,0.0936877578496933
ACH-000896,9943465,0,0.3036278486251831
ACH-000900,10077147,0,0.010279929265379906
ACH-000900,10127622,0,0.3246094882488251
ACH-000900,10196499,0,0.1798364371061325
ACH-000900,10200390,0,0.015216698870062828
ACH-000900,10461815,0,0.16077853739261627
ACH-000900,104842,0,0.04249195754528046
ACH-000900,11282283,0,0.11532648652791977
ACH-000900,11404337,0,0.030637061223387718
ACH-000900,11485656,0,0.060228753834962845
ACH-000900,11493598,0,0.07619410008192062
ACH-000900,11676786,0,0.06683624535799026
ACH-000900,11707110,1,0.6742474436759949
ACH-000900,11713159,0,0.054276242852211
ACH-000900,156422,0,0.11488509178161621
ACH-000900,16663089,0,0.08289603888988495
ACH-000900,16725726,0,0.26065152883529663
ACH-000900,176158,0,0.11095531284809113
ACH-000900,176167,0,0.14107514917850494
ACH-000900,17755052,0,0.018619215115904808
ACH-000900,20635522,0,0.08002593368291855
ACH-000900,2375,0,0.045458853244781494
ACH-000900,24180719,0,0.10127181559801102
ACH-000900,24756910,0,0.027622681111097336
ACH-000900,25124816,0,0.21664108335971832
ACH-000900,2733526,0,0.11043889820575714
ACH-000900,300471,0,0.12066304683685303
ACH-000900,31703,0,0.019636888056993484
ACH-000900,4261,0,0.09384988248348236
ACH-000900,44224160,0,0.01970134675502777
ACH-000900,44450571,1,0.16376180946826935
ACH-000900,44462760,0,0.20146964490413666
ACH-000900,446378,0,0.08874257653951645
ACH-000900,46943432,0,0.017435016110539436
ACH-000900,5278396,0,0.04802379757165909
ACH-000900,5289247,1,0.10429094731807709
ACH-000900,5330286,0,0.021317223086953163
ACH-000900,53340664,0,0.018520968034863472
ACH-000900,5394,0,0.09304346144199371
ACH-000900,5459322,0,0.1148960217833519
ACH-000900,560326,0,0.09294357150793076
ACH-000900,5717801,0,0.05639244616031647
ACH-000900,57339144,0,0.05622738599777222
ACH-000900,60750,0,0.04592440649867058
ACH-000900,644215,0,0.03922134265303612
ACH-000900,6450816,0,0.04307379573583603
ACH-000900,704473,0,0.03218584135174751
ACH-000900,9810884,0,0.23470598459243774
ACH-000900,9858940,0,0.05040676146745682
ACH-000903,10341154,1,0.014442597515881062
ACH-000903,11327430,0,0.007920462638139725
ACH-000903,11624601,0,0.08028444647789001
ACH-000903,11625818,0,0.006851751822978258
ACH-000903,11667893,0,0.2022894024848938
ACH-000903,11754511,0,0.017992248758673668
ACH-000903,126565,0,0.015163841657340527
ACH-000903,126941,0,0.007893283851444721
ACH-000903,16747388,0,0.001480245846323669
ACH-000903,23725625,0,0.029885318130254745
ACH-000903,24756910,0,0.01867046393454075
ACH-000903,24826799,0,0.025317100808024406
ACH-000903,24978538,0,0.11752336472272873
ACH-000903,25167777,0,0.009294935502111912
ACH-000903,2726824,0,0.16833272576332092
ACH-000903,31703,0,0.017791952937841415
ACH-000903,3218,0,0.07977614551782608
ACH-000903,42640,0,0.0746154636144638
ACH-000903,44224160,0,0.013085931539535522
ACH-000903,46224516,0,0.009481046348810196
ACH-000903,46907787,0,0.05832967534661293
ACH-000903,46931012,0,0.002561092609539628
ACH-000903,51371303,0,0.055974073708057404
ACH-000903,5208,0,0.07518120110034943
ACH-000903,5278396,0,0.03271252289414406
ACH-000903,53302361,0,0.0604884997010231
ACH-000903,53340664,0,0.007682418450713158
ACH-000903,53394750,0,0.019900936633348465
ACH-000903,54676905,0,0.119964599609375
ACH-000903,637858,0,0.03938862681388855
ACH-000903,6450816,0,0.032269928604364395
ACH-000903,66577006,0,0.006272900849580765
ACH-000903,6710780,0,0.015036003664135933
ACH-000903,704473,0,0.017498895525932312
ACH-000903,9874913,0,0.08186089992523193
ACH-000903,9914412,0,0.0033009659964591265
ACH-000903,9938202,0,0.10748355090618134
ACH-000903,9943465,0,0.25897014141082764
ACH-000905,10127622,0,0.34180551767349243
ACH-000905,10200390,0,0.11316367983818054
ACH-000905,10341154,0,0.11474619805812836
ACH-000905,11433190,0,0.2383827269077301
ACH-000905,1401,0,0.16367366909980774
ACH-000905,148124,1,0.14660760760307312
ACH-000905,156422,0,0.11305109411478043
ACH-000905,17755052,0,0.09635111689567566
ACH-000905,216326,0,0.11109514534473419
ACH-000905,2375,0,0.10544794797897339
ACH-000905,24826799,0,0.1429573893547058
ACH-000905,24951314,0,0.10269556939601898
ACH-000905,25022668,1,0.11979558318853378
ACH-000905,25167777,0,0.14321763813495636
ACH-000905,25195352,0,0.12760768830776215
ACH-000905,25257557,1,0.7023396492004395
ACH-000905,25262965,0,0.16471849381923676
ACH-000905,31703,0,0.06237316504120827
ACH-000905,4263900,1,0.12757937610149384
ACH-000905,44143370,0,0.17621706426143646
ACH-000905,447912,0,0.22724728286266327
ACH-000905,46191454,0,0.17856551706790924
ACH-000905,5289247,0,0.1929698884487152
ACH-000905,53302361,0,0.1181376650929451
ACH-000905,54685215,1,0.10712096095085144
ACH-000905,56962337,0,0.13291122019290924
ACH-000905,57339144,0,0.16990751028060913
ACH-000905,644241,0,0.1172499880194664
ACH-000905,9826528,0,0.2252344936132431
ACH-000905,9903786,0,0.15870991349220276
ACH-000905,9952773,0,0.2367393523454666
ACH-000906,10196499,0,0.10806000232696533
ACH-000906,10341154,0,0.09237954765558243
ACH-000906,10390396,0,0.1310962587594986
ACH-000906,11282283,0,0.1198241263628006
ACH-000906,11327430,0,0.047348640859127045
ACH-000906,11609586,0,0.09229198098182678
ACH-000906,11676786,0,0.2025613784790039
ACH-000906,11844351,0,0.07390175014734268
ACH-000906,16038120,0,0.14839908480644226
ACH-000906,16095342,0,0.1479811668395996
ACH-000906,16722836,0,0.09607531875371933
ACH-000906,16747388,0,0.051503736525774
ACH-000906,17755052,0,0.06669300049543381
ACH-000906,20635522,0,0.09155751019716263
ACH-000906,2375,0,0.10018040984869003
ACH-000906,24785538,0,0.07542219758033752
ACH-000906,24825971,0,0.07575827091932297
ACH-000906,24978538,0,0.7814792990684509
ACH-000906,25195352,0,0.06181591749191284
ACH-000906,3218,0,0.11832188814878464
ACH-000906,36314,0,0.03342786431312561
ACH-000906,444795,0,0.1841057389974594
ACH-000906,446378,0,0.033278938382864
ACH-000906,46885626,0,0.2503274083137512
ACH-000906,46943432,0,0.202673077583313
ACH-000906,49806720,0,0.19825047254562378
ACH-000906,49836027,0,0.096250981092453
ACH-000906,5289247,0,0.22865211963653564
ACH-000906,5328940,1,0.05536755919456482
ACH-000906,5459322,0,0.16240796446800232
ACH-000906,54685215,0,0.08345828205347061
ACH-000906,637858,0,0.06545507162809372
ACH-000906,644215,0,0.04659428820014
ACH-000906,644241,0,0.11890584975481033
ACH-000906,6450816,0,0.07129482924938202
ACH-000906,66577006,1,0.1365051418542862
ACH-000906,6852167,0,0.1721639186143875
ACH-000906,6918289,0,0.1328112632036209
ACH-000906,6918454,0,0.41734352707862854
ACH-000906,6918848,0,0.08433821052312851
ACH-000906,704473,0,0.26344799995422363
ACH-000906,7251185,0,0.027819130569696426
ACH-000906,76044,0,0.07303501665592194
ACH-000906,9549184,0,0.22808672487735748
ACH-000906,9813758,0,0.13332487642765045
ACH-000906,9911830,0,0.1389223039150238
ACH-000906,9956119,0,0.25009870529174805
ACH-000910,10027278,0,0.040485188364982605
ACH-000910,10109823,0,0.11999674886465073
ACH-000910,10200390,0,0.05747061222791672
ACH-000910,10451420,0,0.5932938456535339
ACH-000910,11316960,0,0.07261157780885696
ACH-000910,11404337,0,0.01701386086642742
ACH-000910,11640390,0,0.1670466512441635
ACH-000910,11754511,0,0.5162203311920166
ACH-000910,11977753,0,0.02785048820078373
ACH-000910,126565,0,0.04331280663609505
ACH-000910,1401,0,0.21526362001895905
ACH-000910,16722836,0,0.31631049513816833
ACH-000910,216326,0,0.1007155105471611
ACH-000910,2314623,0,0.10714733600616455
ACH-000910,24772860,0,0.07649868726730347
ACH-000910,24889392,0,0.5153500437736511
ACH-000910,25102847,0,0.23712044954299927
ACH-000910,31703,0,0.021396556869149208
ACH-000910,3796,0,0.08450009673833847
ACH-000910,44182295,0,0.0352669321000576
ACH-000910,444795,0,0.3696938455104828
ACH-000910,46224516,0,0.12616539001464844
ACH-000910,46930998,0,0.1415734589099884
ACH-000910,5208,0,0.06057630851864815
ACH-000910,5289247,1,0.1413055956363678
ACH-000910,5459322,0,0.10624232888221741
ACH-000910,5746,0,0.0493723601102829
ACH-000910,644241,0,0.16877838969230652
ACH-000910,6450551,0,0.1439337283372879
ACH-000910,6505803,0,0.02313152328133583
ACH-000910,6918454,0,0.05148397013545036
ACH-000910,6918638,1,0.1314234882593155
ACH-000910,9863776,0,0.04323044791817665
ACH-000910,9914412,0,0.062263499945402145
ACH-000910,9956222,0,0.20520499348640442
ACH-000910,9967941,0,0.09451927989721298
ACH-000911,10096043,0,0.13218127191066742
ACH-000911,10113978,0,0.23193781077861786
ACH-000911,10459196,0,0.14640960097312927
ACH-000911,11373846,0,0.03806263208389282
ACH-000911,11455910,0,0.1576395332813263
ACH-000911,11609586,0,0.13518358767032623
ACH-000911,11634725,0,0.13828900456428528
ACH-000911,11667893,0,0.14559613168239594
ACH-000911,16720766,0,0.15981774032115936
ACH-000911,16722836,0,0.014735305681824684
ACH-000911,16747388,0,0.01295121293514967
ACH-000911,176167,0,0.10042350739240646
ACH-000911,2314623,0,0.15373292565345764
ACH-000911,24826799,0,0.06628141552209854
ACH-000911,25262965,0,0.10241825133562088
ACH-000911,3218,0,0.07064671814441681
ACH-000911,3463933,0,0.18733707070350647
ACH-000911,44819241,1,0.12948085367679596
ACH-000911,46943432,0,0.025271009653806686
ACH-000911,5280757,0,0.10914257913827896
ACH-000911,5289247,0,0.07599267363548279
ACH-000911,5311497,0,0.06570237129926682
ACH-000911,53302361,0,0.06077504903078079
ACH-000911,56962337,0,0.09276287257671356
ACH-000911,56965967,0,0.028657158836722374
ACH-000911,6445562,0,0.07159402966499329
ACH-000911,66577006,0,0.023341473191976547
ACH-000911,9858940,0,0.1322585642337799
ACH-000911,9911830,0,0.05502523109316826
ACH-000911,9938202,0,0.10414300858974457
ACH-000911,9952773,0,0.052987635135650635
ACH-000913,10113978,1,0.16713570058345795
ACH-000913,10127622,0,0.16776737570762634
ACH-000913,10341154,0,0.0380602702498436
ACH-000913,10384072,0,0.07997185736894608
ACH-000913,11152667,0,0.038045734167099
ACH-000913,11624601,0,0.10683779418468475
ACH-000913,11707110,0,0.4873439073562622
ACH-000913,11977753,0,0.04732247069478035
ACH-000913,159324,0,0.013552150689065456
ACH-000913,16722836,0,0.01393502950668335
ACH-000913,176158,0,0.06776799261569977
ACH-000913,176167,0,0.09973162412643433
ACH-000913,17755052,0,0.028783001005649567
ACH-000913,23725625,0,0.06696757674217224
ACH-000913,2726824,0,0.116153284907341
ACH-000913,3463933,0,0.24593880772590637
ACH-000913,36462,0,0.03412911668419838
ACH-000913,44450571,0,0.1078622117638588
ACH-000913,448013,0,0.04619001969695091
ACH-000913,44819241,1,0.13945837318897247
ACH-000913,46191454,0,0.07839152216911316
ACH-000913,46224516,0,0.02380937896668911
ACH-000913,46885626,0,0.08911623805761337
ACH-000913,46931012,0,0.010214390233159065
ACH-000913,5113032,0,0.05889829620718956
ACH-000913,521106,0,0.02225286327302456
ACH-000913,5278396,0,0.04925120249390602
ACH-000913,5311,0,0.06493649631738663
ACH-000913,53340664,0,0.023279128596186638
ACH-000913,560326,0,0.12652912735939026
ACH-000913,6253,0,0.031453173607587814
ACH-000913,6445533,0,0.020108427852392197
ACH-000913,6445562,0,0.030265795066952705
ACH-000913,6450816,0,0.0467185415327549
ACH-000913,6753378,0,0.03780895099043846
ACH-000913,6852167,0,0.030476661399006844
ACH-000913,6918848,0,0.01781168021261692
ACH-000913,704473,0,0.0547027662396431
ACH-000913,84691,1,0.15599822998046875
ACH-000913,9874913,0,0.08404608070850372
ACH-000913,9967941,0,0.06434624642133713
ACH-000914,10196499,0,0.09500603377819061
ACH-000914,10302451,0,0.12055803090333939
ACH-000914,11373846,0,0.22529585659503937
ACH-000914,11485656,0,0.09234143048524857
ACH-000914,11493598,0,0.07525387406349182
ACH-000914,11617559,0,0.13163000345230103
ACH-000914,11626560,0,0.019969766959547997
ACH-000914,11626927,0,0.08908137679100037
ACH-000914,11640390,0,0.09832005202770233
ACH-000914,11754511,0,0.2991652190685272
ACH-000914,123631,0,0.049142587929964066
ACH-000914,126565,0,0.019244948402047157
ACH-000914,156422,0,0.04885944351553917
ACH-000914,16038120,0,0.09350457042455673
ACH-000914,176158,0,0.04678686708211899
ACH-000914,208908,0,0.14777272939682007
ACH-000914,24180719,0,0.04484875127673149
ACH-000914,24825971,0,0.0462268628180027
ACH-000914,24826799,0,0.09159085154533386
ACH-000914,24894414,1,0.11692561954259872
ACH-000914,24951314,0,0.02664083242416382
ACH-000914,25022668,0,0.0036834473721683025
ACH-000914,25126798,0,0.14783133566379547
ACH-000914,3218,0,0.02428934909403324
ACH-000914,3385,0,0.032324690371751785
ACH-000914,36462,0,0.023334229364991188
ACH-000914,3796,0,0.025188352912664413
ACH-000914,387447,0,0.06530649960041046
ACH-000914,4263900,0,0.011640622280538082
ACH-000914,44143370,0,0.03722939267754555
ACH-000914,44224160,0,0.05860269442200661
ACH-000914,44632017,0,0.05316384881734848
ACH-000914,446378,0,0.014313680119812489
ACH-000914,46224516,0,0.04538194462656975
ACH-000914,5289247,0,0.06392450630664825
ACH-000914,53302361,0,0.07044167071580887
ACH-000914,5394,1,0.05257957801222801
ACH-000914,5460769,0,0.061829887330532074
ACH-000914,54676905,0,0.04242873191833496
ACH-000914,56962337,0,0.2216925323009491
ACH-000914,5746,0,0.022429978474974632
ACH-000914,6450551,0,0.07236476242542267
ACH-000914,6918848,0,0.07529827207326889
ACH-000914,8249,0,0.17344370484352112
ACH-000914,9868037,0,0.058593787252902985
ACH-000914,9874913,0,0.14330266416072845
ACH-000914,9931953,0,0.009348821826279163
ACH-000914,9943465,0,0.05789666622877121
ACH-000915,10196499,0,0.12071990221738815
ACH-000915,11316960,0,0.7731263637542725
ACH-000915,11455910,0,0.13101358711719513
ACH-000915,11485656,0,0.18544521927833557
ACH-000915,11624601,0,0.06306610256433487
ACH-000915,11960529,0,0.17809058725833893
ACH-000915,126565,1,0.11783233284950256
ACH-000915,16722836,0,0.10858328640460968
ACH-000915,2314623,0,0.1546638011932373
ACH-000915,23725625,0,0.20597702264785767
ACH-000915,24180719,1,0.5977932810783386
ACH-000915,24756910,0,0.11800773441791534
ACH-000915,24785538,0,0.16347357630729675
ACH-000915,24978538,0,0.6577420830726624
ACH-000915,25022668,0,0.037516769021749496
ACH-000915,25222038,0,0.05559726059436798
ACH-000915,25262965,0,0.16497495770454407
ACH-000915,4263900,0,0.06156498193740845
ACH-000915,44143370,0,0.11290618777275085
ACH-000915,44450571,0,0.08778965473175049
ACH-000915,46907787,0,0.056035663932561874
ACH-000915,5311,0,0.18479275703430176
ACH-000915,5311497,0,0.045456163585186005
ACH-000915,5330286,0,0.14905600249767303
ACH-000915,560326,0,0.06974019855260849
ACH-000915,56965967,0,0.09632332623004913
ACH-000915,60750,0,0.07601194083690643
ACH-000915,644241,0,0.17543433606624603
ACH-000915,6445562,0,0.07714193314313889
ACH-000915,66577006,0,0.0735040232539177
ACH-000915,6918289,0,0.1219111979007721
ACH-000915,6918454,1,0.8507888317108154
ACH-000915,6918848,0,0.09299509227275848
ACH-000915,9911830,0,0.14240702986717224
ACH-000915,9931953,0,0.13913296163082123
ACH-000915,9956119,0,0.22413256764411926
ACH-000915,9956222,0,0.08230694383382797
ACH-000917,10077147,0,0.003547553438693285
ACH-000917,10184653,1,0.7115428447723389
ACH-000917,11282283,0,0.13449090719223022
ACH-000917,11609586,0,0.06891609728336334
ACH-000917,11624601,0,0.07427683472633362
ACH-000917,11625818,0,0.012305067852139473
ACH-000917,11634725,0,0.11065571755170822
ACH-000917,16747388,0,0.0032737867441028357
ACH-000917,24180719,0,0.0661279484629631
ACH-000917,24756910,0,0.025322170928120613
ACH-000917,25102847,0,0.08211701363325119
ACH-000917,25126798,0,0.04222233220934868
ACH-000917,2733526,0,0.07225271314382553
ACH-000917,42642645,0,0.028790799900889397
ACH-000917,44819241,0,0.0751909390091896
ACH-000917,46191454,0,0.025336826220154762
ACH-000917,5113032,0,0.03584660589694977
ACH-000917,5327091,0,0.02861170284450054
ACH-000917,53394750,0,0.1590658724308014
ACH-000917,54685215,1,0.0656624436378479
ACH-000917,57339144,0,0.03655872493982315
ACH-000917,6918454,0,0.11306828260421753
ACH-000917,6918638,0,0.0047041866928339005
ACH-000917,9810884,0,0.34577038884162903
ACH-000917,9813758,0,0.022355014458298683
ACH-000917,9858940,0,0.03885612264275551
ACH-000917,9943465,1,0.17165014147758484
ACH-000918,10077147,0,0.243695467710495
ACH-000918,10184653,0,0.07086530327796936
ACH-000918,11327430,0,0.5142855048179626
ACH-000918,11609586,1,0.2831345796585083
ACH-000918,11707110,0,0.8223307132720947
ACH-000918,216326,0,0.8228174448013306
ACH-000918,24180719,0,0.7344149351119995
ACH-000918,44450571,0,0.16394834220409393
ACH-000918,46930998,1,0.13477829098701477
ACH-000918,5311,1,0.21197843551635742
ACH-000918,5330286,1,0.5312402844429016
ACH-000918,54685215,0,0.25799497961997986
ACH-000918,57339144,1,0.5684031844139099
ACH-000918,6918454,0,0.6572964787483215
ACH-000918,9858940,1,0.3944048583507538
ACH-000920,10077147,0,0.2508830726146698
ACH-000920,10384072,0,0.20123571157455444
ACH-000920,11316960,1,0.6477926969528198
ACH-000920,11433190,1,0.7213978171348572
ACH-000920,11455910,0,0.13352054357528687
ACH-000920,11707110,0,0.627444326877594
ACH-000920,11960529,0,0.38754749298095703
ACH-000920,2314623,0,0.2524379789829254
ACH-000920,24776445,1,0.5887985825538635
ACH-000920,24978538,1,0.8690674304962158
ACH-000920,444795,1,0.5194576978683472
ACH-000920,5328940,1,0.31430694460868835
ACH-000920,54685215,0,0.24619297683238983
ACH-000920,84691,0,0.39395320415496826
ACH-000920,85668777,0,0.05840387940406799
ACH-000920,9858940,0,0.18169820308685303
ACH-000922,10459196,0,0.350879430770874
ACH-000922,2726824,0,0.1791820228099823
ACH-000922,44632017,0,0.45774897933006287
ACH-000922,44819241,1,0.44845840334892273
ACH-000922,5278396,1,0.47466230392456055
ACH-000922,57339144,1,0.5837039351463318
ACH-000922,6253,1,0.5436420440673828
ACH-000922,6450551,1,0.507007896900177
ACH-000922,6505803,0,0.15216724574565887
ACH-000922,85668777,0,0.18740719556808472
ACH-000922,9931953,0,0.4121930003166199
ACH-000924,10109823,1,0.0035925337579101324
ACH-000924,10184653,0,0.6672843098640442
ACH-000924,11327430,0,0.0001668014156166464
ACH-000924,11338033,0,0.0003610805724747479
ACH-000924,11485656,0,0.0033967040944844484
ACH-000924,11609586,0,0.007473712787032127
ACH-000924,11625818,0,0.00021428498439490795
ACH-000924,11634725,0,0.01154792308807373
ACH-000924,11647372,0,0.00016156582569237798
ACH-000924,11713159,0,0.0031130975112318993
ACH-000924,11960529,0,0.021955562755465508
ACH-000924,123631,0,0.025803448632359505
ACH-000924,156422,0,0.02749284729361534
ACH-000924,16720766,0,0.014954627491533756
ACH-000924,16722836,0,7.791025564074516e-05
ACH-000924,176167,0,0.06736389547586441
ACH-000924,2314623,0,0.022410999983549118
ACH-000924,23725625,0,0.0022186082787811756
ACH-000924,24772860,0,0.000219181296415627
ACH-000924,24889392,1,0.0016483596991747618
ACH-000924,24894414,0,0.00012641705689020455
ACH-000924,24978538,0,0.26411017775535583
ACH-000924,25257557,0,0.9298467636108398
ACH-000924,25262965,0,0.0023299173917621374
ACH-000924,300471,0,0.012369738891720772
ACH-000924,3385,0,0.0004388593079056591
ACH-000924,3796,0,0.003994808066636324
ACH-000924,42640,0,0.0184295866638422
ACH-000924,42642645,0,0.0017925160937011242
ACH-000924,44137675,0,0.015292173251509666
ACH-000924,44143370,0,0.0015872734365984797
ACH-000924,46883536,0,0.00036119346623308957
ACH-000924,46885626,0,0.0359053798019886
ACH-000924,49806720,0,0.014431219547986984
ACH-000924,5113032,0,0.0020388916600495577
ACH-000924,5311,0,0.01100662350654602
ACH-000924,57339144,0,0.002635115524753928
ACH-000924,637858,0,0.001339603797532618
ACH-000924,6450816,0,0.002984847640618682
ACH-000924,6710780,0,0.00030829544994048774
ACH-000924,704473,0,0.0009804355213418603
ACH-000924,8249,0,0.0011320291087031364
ACH-000924,9813758,0,0.0011910689063370228
ACH-000924,9884685,0,0.0002508182660676539
ACH-000924,9914412,0,9.387533646076918e-05
ACH-000927,10074640,0,0.02805505506694317
ACH-000927,10096043,0,0.0780375674366951
ACH-000927,10109823,0,0.35410821437835693
ACH-000927,10172943,0,0.09280387312173843
ACH-000927,10196499,0,0.20217394828796387
ACH-000927,10302451,0,0.26965978741645813
ACH-000927,11364421,0,0.1764543056488037
ACH-000927,11373846,0,0.023062454536557198
ACH-000927,11634725,0,0.03699607402086258
ACH-000927,11676786,0,0.027380207553505898
ACH-000927,11707110,0,0.2712370455265045
ACH-000927,126941,0,0.017501741647720337
ACH-000927,160355,0,0.043569691479206085
ACH-000927,16663089,0,0.15796642005443573
ACH-000927,16747388,0,0.003405273426324129
ACH-000927,23725625,0,0.02635956183075905
ACH-000927,24951314,0,0.005437538959085941
ACH-000927,25102847,0,0.05157304182648659
ACH-000927,31703,0,0.016246110200881958
ACH-000927,44137675,0,0.21230816841125488
ACH-000927,444795,0,0.028919760137796402
ACH-000927,44819241,0,0.1019238606095314
ACH-000927,46224516,0,0.011486860923469067
ACH-000927,462382,0,0.08161158114671707
ACH-000927,46844147,0,0.01769350841641426
ACH-000927,49836027,0,0.09206349402666092
ACH-000927,51371303,0,0.06657542288303375
ACH-000927,5208,1,0.04550281539559364
ACH-000927,521106,0,0.011938060633838177
ACH-000927,5394,0,0.05077113211154938
ACH-000927,57339144,0,0.035868193954229355
ACH-000927,6450551,0,0.028628207743167877
ACH-000927,6918289,0,0.037794068455696106
ACH-000927,6918454,0,0.02779160439968109
ACH-000927,704473,0,0.04752330109477043
ACH-000927,8249,0,0.04755815118551254
ACH-000927,9549184,0,0.07031089812517166
ACH-000927,9826308,0,0.09683574736118317
ACH-000927,9884685,0,0.010459299199283123
ACH-000927,9956119,0,0.21400809288024902
ACH-000929,10077147,0,0.05228652432560921
ACH-000929,10109823,0,0.24464280903339386
ACH-000929,10196499,1,0.17394232749938965
ACH-000929,10200390,0,0.09420666843652725
ACH-000929,10451420,1,0.3653155565261841
ACH-000929,11634725,1,0.2021307349205017
ACH-000929,11640390,1,0.2427339255809784
ACH-000929,11977753,0,0.09229825437068939
ACH-000929,1401,1,0.2480124980211258
ACH-000929,148124,0,0.1044953241944313
ACH-000929,159324,0,0.10861746966838837
ACH-000929,16722836,0,0.0986892580986023
ACH-000929,17755052,0,0.1251087337732315
ACH-000929,2314623,0,0.14239729940891266
ACH-000929,24756910,0,0.26975178718566895
ACH-000929,24978538,0,0.3538850247859955
ACH-000929,25022668,0,0.08898749202489853
ACH-000929,25124816,0,0.2163907289505005
ACH-000929,25167777,0,0.14473198354244232
ACH-000929,25222038,0,0.16119728982448578
ACH-000929,25257557,1,0.8414439558982849
ACH-000929,3005532,0,0.1525854617357254
ACH-000929,3385,0,0.18010783195495605
ACH-000929,44137675,0,0.1710977852344513
ACH-000929,44632017,0,0.12129198759794235
ACH-000929,446378,0,0.1209542378783226
ACH-000929,46883536,0,0.11907774209976196
ACH-000929,46931012,1,0.08905042707920074
ACH-000929,5208,0,0.14936299622058868
ACH-000929,5459322,0,0.19722416996955872
ACH-000929,637858,0,0.11012937128543854
ACH-000929,6445562,0,0.40109875798225403
ACH-000929,71271629,0,0.14689259231090546
ACH-000929,9910224,0,0.19572684168815613
ACH-000929,9931953,0,0.055069878697395325
ACH-000929,9938202,0,0.11902781575918198
ACH-000930,10074640,0,0.07503830641508102
ACH-000930,10096043,0,0.009749791584908962
ACH-000930,10113978,0,0.08242440223693848
ACH-000930,10127622,0,0.05158580467104912
ACH-000930,10384072,0,0.023861870169639587
ACH-000930,11373846,0,0.13294553756713867
ACH-000930,11404337,0,0.004515387583523989
ACH-000930,11433190,0,0.10662964731454849
ACH-000930,11609586,0,0.03779500350356102
ACH-000930,11624601,0,0.03492619842290878
ACH-000930,11625818,0,0.03425327688455582
ACH-000930,11754511,0,0.2145572006702423
ACH-000930,126565,0,0.0107705257833004
ACH-000930,126941,0,0.08357098698616028
ACH-000930,16720766,0,0.03369617462158203
ACH-000930,16722836,0,0.047533068805933
ACH-000930,16747388,0,0.008257141336798668
ACH-000930,176158,0,0.030034365132451057
ACH-000930,23725625,0,0.025034021586179733
ACH-000930,25262965,0,0.06310289353132248
ACH-000930,3218,0,0.019970115274190903
ACH-000930,448013,0,0.014196623116731644
ACH-000930,46224516,0,0.023380378261208534
ACH-000930,53302361,0,0.06486421078443527
ACH-000930,53340664,0,0.04541312903165817
ACH-000930,53394750,0,0.5094059109687805
ACH-000930,54676905,0,0.09814569354057312
ACH-000930,56962337,0,0.19555461406707764
ACH-000930,56965967,0,0.03161964192986488
ACH-000930,57339144,0,0.04815755411982536
ACH-000930,6450551,0,0.03859661892056465
ACH-000930,65110,0,0.08755169063806534
ACH-000930,6918289,0,0.027509188279509544
ACH-000930,82146,0,0.06149248406291008
ACH-000930,9863776,0,0.009711608290672302
ACH-000930,9874913,0,0.29036641120910645
ACH-000930,9911830,0,0.045077528804540634
ACH-000930,9956119,1,0.0960170105099678
ACH-000932,10027278,0,0.0706171914935112
ACH-000932,10172943,0,0.12569332122802734
ACH-000932,10196499,0,0.16795004904270172
ACH-000932,10302451,0,0.2758811414241791
ACH-000932,10451420,1,0.33799099922180176
ACH-000932,104842,0,0.0360005758702755
ACH-000932,11338033,0,0.13563425838947296
ACH-000932,11364421,0,0.08508080989122391
ACH-000932,11455910,0,0.0939798429608345
ACH-000932,11977753,0,0.07238272577524185
ACH-000932,1401,0,0.19787032902240753
ACH-000932,16722836,0,0.0980394035577774
ACH-000932,16747388,1,0.04407844692468643
ACH-000932,17755052,0,0.08012400567531586
ACH-000932,216239,0,0.09312725067138672
ACH-000932,24826799,0,0.17816367745399475
ACH-000932,24978538,1,0.7324901819229126
ACH-000932,25022668,0,0.02500305511057377
ACH-000932,25124816,0,0.11753083020448685
ACH-000932,25222038,0,0.050042275339365005
ACH-000932,2733526,0,0.0967901349067688
ACH-000932,300471,0,0.037872057408094406
ACH-000932,36462,0,0.03270411863923073
ACH-000932,3796,0,0.07332578301429749
ACH-000932,4263900,0,0.0308923851698637
ACH-000932,44462760,0,0.13321128487586975
ACH-000932,46844147,0,0.09923843294382095
ACH-000932,46885626,0,0.19811441004276276
ACH-000932,46943432,0,0.2411312758922577
ACH-000932,49821040,0,0.17516092956066132
ACH-000932,51371303,0,0.050405438989400864
ACH-000932,5291,1,0.35834208130836487
ACH-000932,5330286,0,0.036191437393426895
ACH-000932,5394,0,0.0693807527422905
ACH-000932,5460769,0,0.09309422969818115
ACH-000932,54676905,0,0.09913381934165955
ACH-000932,56962337,0,0.16619743406772614
ACH-000932,56965967,0,0.10697881877422333
ACH-000932,5746,0,0.04594039171934128
ACH-000932,6918638,0,0.044491276144981384
ACH-000932,6918848,0,0.08302812278270721
ACH-000932,71271629,0,0.033836156129837036
ACH-000932,82146,0,0.10819821804761887
ACH-000932,9549184,0,0.3198133111000061
ACH-000932,9810884,1,0.6656209826469421
ACH-000932,9826528,0,0.1800546944141388
ACH-000932,9884685,0,0.1528727412223816
ACH-000932,9956119,0,0.19394946098327637
ACH-000934,10127622,0,0.12726107239723206
ACH-000934,104842,0,0.03580189123749733
ACH-000934,11152667,0,0.05588195100426674
ACH-000934,11373846,0,0.05181907117366791
ACH-000934,11455910,0,0.13909974694252014
ACH-000934,11485656,0,0.0312613807618618
ACH-000934,11625818,0,0.027125230059027672
ACH-000934,11707110,0,0.21720333397388458
ACH-000934,11713159,0,0.11321115493774414
ACH-000934,126941,0,0.041764676570892334
ACH-000934,16725726,1,0.6238945722579956
ACH-000934,16747388,0,0.006453567184507847
ACH-000934,2314623,1,0.09005751460790634
ACH-000934,24772860,0,0.02561527118086815
ACH-000934,25102847,0,0.04547031968832016
ACH-000934,2733526,1,0.11984673887491226
ACH-000934,4263900,0,0.08826061338186264
ACH-000934,44450571,0,0.15857209265232086
ACH-000934,446378,0,0.2220693677663803
ACH-000934,44819241,0,0.1357930600643158
ACH-000934,46907787,0,0.09383335709571838
ACH-000934,46931012,0,0.0123258326202631
ACH-000934,53340664,0,0.023728234693408012
ACH-000934,5394,0,0.04857198894023895
ACH-000934,5459322,0,0.13771548867225647
ACH-000934,54676905,0,0.22541950643062592
ACH-000934,56962337,0,0.12506648898124695
ACH-000934,644241,0,0.038703203201293945
ACH-000934,6450816,0,0.16917769610881805
ACH-000934,6918454,0,0.05039074271917343
ACH-000934,704473,0,0.06811299175024033
ACH-000934,9874913,0,0.22854602336883545
ACH-000934,9911830,0,0.03961934894323349
ACH-000934,9938202,0,0.08990120142698288
ACH-000934,9956222,0,0.08431608974933624
ACH-000935,10074640,0,0.05474231019616127
ACH-000935,10461815,0,0.1908183991909027
ACH-000935,11282283,0,0.03976087272167206
ACH-000935,11373846,0,0.06070588901638985
ACH-000935,11455910,0,0.1349288523197174
ACH-000935,11617559,0,0.043457355350255966
ACH-000935,148124,0,0.10448240488767624
ACH-000935,16663089,0,0.12743189930915833
ACH-000935,216239,0,0.08003430813550949
ACH-000935,23725625,0,0.150674968957901
ACH-000935,24785538,0,0.10374464094638824
ACH-000935,24825971,0,0.08040179312229156
ACH-000935,24889392,0,0.036000024527311325
ACH-000935,25022668,0,0.015005901455879211
ACH-000935,25195352,0,0.029385609552264214
ACH-000935,300471,0,0.05974326282739639
ACH-000935,387447,0,0.36862367391586304
ACH-000935,42642645,0,0.03428361937403679
ACH-000935,46883536,0,0.04493320733308792
ACH-000935,49806720,0,0.033413633704185486
ACH-000935,5278396,0,0.08082029968500137
ACH-000935,5280757,0,0.08825244009494781
ACH-000935,5289247,0,0.2947463095188141
ACH-000935,53302361,0,0.07793145626783371
ACH-000935,5384616,0,0.06925731897354126
ACH-000935,5460769,0,0.03752956539392471
ACH-000935,5494449,0,0.0987185463309288
ACH-000935,6253,0,0.059708088636398315
ACH-000935,6505803,0,0.09476785361766815
ACH-000935,66577006,0,0.030075477436184883
ACH-000935,9549184,0,0.21715740859508514
ACH-000935,9810884,0,0.5289459824562073
ACH-000935,9874913,0,0.030858397483825684
ACH-000935,9907093,0,0.20610162615776062
ACH-000935,9931953,0,0.09023281931877136
ACH-000935,9938202,1,0.10560370236635208
ACH-000936,10027278,0,0.06354813277721405
ACH-000936,10077147,0,0.00506206089630723
ACH-000936,10459196,0,0.09205731004476547
ACH-000936,11316960,0,0.09460356831550598
ACH-000936,11609586,0,0.0757582038640976
ACH-000936,11617559,0,0.048909369856119156
ACH-000936,11625818,0,0.007746559102088213
ACH-000936,11707110,1,0.4716539978981018
ACH-000936,126565,0,0.02407653070986271
ACH-000936,159324,0,0.011792892590165138
ACH-000936,2314623,0,0.07138309627771378
ACH-000936,24756910,0,0.019780781120061874
ACH-000936,24951314,0,0.005430274643003941
ACH-000936,42640,0,0.0438450388610363
ACH-000936,42642645,0,0.024387599900364876
ACH-000936,44143370,0,0.032991498708724976
ACH-000936,44182295,0,0.10282199084758759
ACH-000936,5289247,0,0.03331476449966431
ACH-000936,5746,0,0.06411665678024292
ACH-000936,6445562,0,0.045872557908296585
ACH-000936,6505803,0,0.08159872144460678
ACH-000936,6753378,0,0.014104015193879604
ACH-000936,9810884,1,0.21874156594276428
ACH-000936,9813758,0,0.021329479292035103
ACH-000936,9903786,0,0.0045789554715156555
ACH-000936,9952773,0,0.01918151043355465
ACH-000936,9956119,0,0.17993730306625366
ACH-000937,10113978,0,0.1550455540418625
ACH-000937,10184653,0,0.05200494825839996
ACH-000937,10461815,0,0.1240980327129364
ACH-000937,104842,0,0.10393792390823364
ACH-000937,11327430,0,0.17527370154857635
ACH-000937,11433190,0,0.26824572682380676
ACH-000937,11617559,0,0.46337637305259705
ACH-000937,11676786,0,0.2517050802707672
ACH-000937,126565,0,0.09680524468421936
ACH-000937,156422,0,0.03312408924102783
ACH-000937,160355,0,0.2726586163043976
ACH-000937,16038120,0,0.2185208946466446
ACH-000937,16095342,0,0.20349915325641632
ACH-000937,16760646,1,0.15616461634635925
ACH-000937,216326,0,0.2337496131658554
ACH-000937,24756910,1,0.7743268609046936
ACH-000937,24894414,0,0.8424462676048279
ACH-000937,25124816,0,0.04250984638929367
ACH-000937,25262965,0,0.26380619406700134
ACH-000937,300471,0,0.026047883555293083
ACH-000937,44143370,0,0.12708643078804016
ACH-000937,447912,1,0.9099237322807312
ACH-000937,448013,0,0.021513856947422028
ACH-000937,5113032,0,0.6144617795944214
ACH-000937,5280757,0,0.017854591831564903
ACH-000937,5291,0,0.4176914393901825
ACH-000937,5327091,0,0.023175131529569626
ACH-000937,5329102,0,0.19387252628803253
ACH-000937,53302361,0,0.20418012142181396
ACH-000937,5384616,0,0.33539271354675293
ACH-000937,5460769,0,0.09696706384420395
ACH-000937,560326,0,0.194625586271286
ACH-000937,644241,0,0.5131918787956238
ACH-000937,6445562,1,0.6253250241279602
ACH-000937,6505803,0,0.010927005670964718
ACH-000937,65110,0,0.6478959321975708
ACH-000937,8249,0,0.7550809979438782
ACH-000937,84691,0,0.10077110677957535
ACH-000937,9826308,0,0.3653591275215149
ACH-000937,9868037,0,0.6712622046470642
ACH-000937,9907093,0,0.06151585280895233
ACH-000937,9952773,0,0.53233402967453
ACH-000938,10074640,1,0.6108683943748474
ACH-000938,10302451,0,0.5096457600593567
ACH-000938,10459196,0,0.1773654967546463
ACH-000938,11404337,1,0.2816988527774811
ACH-000938,11433190,1,0.489277720451355
ACH-000938,11625818,1,0.8183349967002869
ACH-000938,11977753,0,0.03340502083301544
ACH-000938,159324,1,0.5694984197616577
ACH-000938,16663089,0,0.7821893095970154
ACH-000938,176167,1,0.36025023460388184
ACH-000938,208908,0,0.23292192816734314
ACH-000938,216239,0,0.4306735098361969
ACH-000938,24776445,1,0.4762045443058014
ACH-000938,24825971,1,0.17724855244159698
ACH-000938,24951314,1,0.7682998776435852
ACH-000938,24978538,1,0.9432085156440735
ACH-000938,25022668,0,0.14118053019046783
ACH-000938,25167777,1,0.8442177772521973
ACH-000938,3062316,1,0.38724029064178467
ACH-000938,3218,1,0.09628219902515411
ACH-000938,4261,0,0.18255950510501862
ACH-000938,4263900,1,0.15171340107917786
ACH-000938,44462760,0,0.2186061143875122
ACH-000938,444795,0,0.7075465321540833
ACH-000938,447912,1,0.8654307126998901
ACH-000938,44819241,0,0.44489994645118713
ACH-000938,462382,0,0.09600938111543655
ACH-000938,46885626,1,0.891560971736908
ACH-000938,49821040,0,0.3026321530342102
ACH-000938,5208,1,0.2798171043395996
ACH-000938,5278396,0,0.29044395685195923
ACH-000938,5311497,0,0.10365694016218185
ACH-000938,5311510,0,0.5300522446632385
ACH-000938,5328940,0,0.2779887616634369
ACH-000938,5384616,0,0.5858619213104248
ACH-000938,5459322,0,0.21230798959732056
ACH-000938,54685215,0,0.060226380825042725
ACH-000938,60750,0,0.18673671782016754
ACH-000938,644241,0,0.7752946019172668
ACH-000938,6450551,1,0.24161255359649658
ACH-000938,66577006,1,0.9726251363754272
ACH-000938,6710780,0,0.4186230003833771
ACH-000938,6753378,1,0.6215270161628723
ACH-000938,704473,1,0.9787495732307434
ACH-000938,9813758,0,0.8586323261260986
ACH-000938,9826528,0,0.25523996353149414
ACH-000938,9868037,1,0.8881585001945496
ACH-000938,9911830,0,0.7713879346847534
ACH-000938,9956222,1,0.6843187212944031
ACH-000939,10027278,0,0.17684537172317505
ACH-000939,10074640,0,0.09271466732025146
ACH-000939,10077147,0,0.08456072211265564
ACH-000939,10451420,0,0.11868048459291458
ACH-000939,11364421,0,0.20223002135753632
ACH-000939,11373846,0,0.16518600285053253
ACH-000939,11485656,0,0.10416176915168762
ACH-000939,11617559,0,0.09153163433074951
ACH-000939,11624601,0,0.1443289816379547
ACH-000939,11626927,0,0.12059742212295532
ACH-000939,11640390,0,0.14416693150997162
ACH-000939,11676786,0,0.20121696591377258
ACH-000939,11754511,0,0.09446664899587631
ACH-000939,11844351,0,0.2057545930147171
ACH-000939,148124,0,0.31026598811149597
ACH-000939,16722836,0,0.06644824892282486
ACH-000939,208908,1,0.37475699186325073
ACH-000939,2314623,0,0.12581439316272736
ACH-000939,23725625,0,0.2425992637872696
ACH-000939,24772860,0,0.06030851975083351
ACH-000939,24825971,0,0.1603650450706482
ACH-000939,25257557,0,0.4687398672103882
ACH-000939,36462,1,0.14328359067440033
ACH-000939,387447,1,0.4778631329536438
ACH-000939,4261,0,0.10515082627534866
ACH-000939,44137675,0,0.21032847464084625
ACH-000939,44450571,0,0.20406538248062134
ACH-000939,44462760,0,0.2868882715702057
ACH-000939,446378,0,0.17376329004764557
ACH-000939,462382,1,0.3170662820339203
ACH-000939,46907787,0,0.11846792697906494
ACH-000939,46943432,0,0.061204612255096436
ACH-000939,49806720,0,0.08269388973712921
ACH-000939,4993,0,0.1521451771259308
ACH-000939,5278396,0,0.18026649951934814
ACH-000939,5328940,0,0.1614440679550171
ACH-000939,5329102,0,0.14847184717655182
ACH-000939,5460769,1,0.1743137389421463
ACH-000939,60750,1,0.1979939043521881
ACH-000939,6253,0,0.20941779017448425
ACH-000939,644241,0,0.22928909957408905
ACH-000939,6445562,0,0.07034773379564285
ACH-000939,6505803,0,0.20389866828918457
ACH-000939,6710780,0,0.14418114721775055
ACH-000939,6753378,0,0.07243834435939789
ACH-000939,7251185,1,0.09054968506097794
ACH-000939,76044,0,0.18283505737781525
ACH-000939,82146,0,0.1648682951927185
ACH-000939,9813758,0,0.08740877360105515
ACH-000939,9858940,0,0.26635733246803284
ACH-000939,9956222,0,0.08959825336933136
ACH-000943,10096043,1,0.4682513177394867
ACH-000943,10109823,1,0.2979600727558136
ACH-000943,10113978,0,0.4334779381752014
ACH-000943,11282283,0,0.12698018550872803
ACH-000943,11327430,0,0.3226332366466522
ACH-000943,11617559,0,0.04498215392231941
ACH-000943,11624601,0,0.24514032900333405
ACH-000943,11647372,0,0.10441353917121887
ACH-000943,11676786,1,0.5325978994369507
ACH-000943,1401,0,0.2910749912261963
ACH-000943,16038120,0,0.2365858405828476
ACH-000943,16725726,0,0.49722573161125183
ACH-000943,16747388,1,0.1451653689146042
ACH-000943,208908,0,0.47427991032600403
ACH-000943,24772860,0,0.08786134421825409
ACH-000943,24825971,0,0.21663349866867065
ACH-000943,25124816,0,0.17809084057807922
ACH-000943,25195352,0,0.09529543668031693
ACH-000943,2726824,0,0.2573038935661316
ACH-000943,3005532,0,0.39617016911506653
ACH-000943,3218,1,0.2102186381816864
ACH-000943,387447,0,0.4073144793510437
ACH-000943,4261,0,0.13083426654338837
ACH-000943,42640,0,0.0597592368721962
ACH-000943,44182295,0,0.7261600494384766
ACH-000943,44632017,1,0.1813487410545349
ACH-000943,446378,0,0.257051020860672
ACH-000943,44819241,0,0.28249242901802063
ACH-000943,46224516,0,0.07979454100131989
ACH-000943,462382,0,0.3239290416240692
ACH-000943,5311,0,0.12009813636541367
ACH-000943,5327091,0,0.2778562903404236
ACH-000943,5330286,0,0.19383829832077026
ACH-000943,53340664,0,0.14996322989463806
ACH-000943,5394,0,0.24389129877090454
ACH-000943,56962337,0,0.13141219317913055
ACH-000943,5717801,0,0.09328853338956833
ACH-000943,5746,0,0.15728531777858734
ACH-000943,637858,0,0.28500768542289734
ACH-000943,6445562,0,0.2938748896121979
ACH-000943,6450816,0,0.15340109169483185
ACH-000943,9813758,0,0.224943608045578
ACH-000943,9874913,0,0.18082252144813538
ACH-000943,9910224,0,0.2879522442817688
ACH-000943,9956119,0,0.6300956010818481
ACH-000944,10096043,0,0.11580042541027069
ACH-000944,10341154,0,0.15622274577617645
ACH-000944,11178236,0,0.08230993896722794
ACH-000944,11485656,0,0.20027220249176025
ACH-000944,11626560,0,0.1348295360803604
ACH-000944,11707110,0,0.08174140751361847
ACH-000944,123631,0,0.20157384872436523
ACH-000944,1401,0,0.19828441739082336
ACH-000944,148124,0,0.11405901610851288
ACH-000944,16095342,0,0.18925043940544128
ACH-000944,16760646,0,0.24497029185295105
ACH-000944,208908,0,0.3066224455833435
ACH-000944,24776445,1,0.21706034243106842
ACH-000944,24826799,0,0.1848791241645813
ACH-000944,24889392,0,0.4053320586681366
ACH-000944,25022668,0,0.06971599906682968
ACH-000944,25124816,0,0.10406562685966492
ACH-000944,25195352,0,0.19948041439056396
ACH-000944,25222038,0,0.07429781556129456
ACH-000944,3005532,0,0.11320000141859055
ACH-000944,3062316,1,0.17022520303726196
ACH-000944,3385,0,0.13381724059581757
ACH-000944,44182295,0,0.06474986672401428
ACH-000944,44551660,0,0.3262871503829956
ACH-000944,46883536,1,0.29512736201286316
ACH-000944,49836027,0,0.25031477212905884
ACH-000944,5113032,0,0.24646013975143433
ACH-000944,5278396,0,0.13427457213401794
ACH-000944,5291,0,0.20936687290668488
ACH-000944,5330286,0,0.12136448174715042
ACH-000944,53394750,1,0.6719231605529785
ACH-000944,5494449,1,0.14206622540950775
ACH-000944,56965967,0,0.2755611836910248
ACH-000944,5746,0,0.15184585750102997
ACH-000944,637858,0,0.08445993065834045
ACH-000944,6450551,0,0.13382336497306824
ACH-000944,6753378,0,0.18995152413845062
ACH-000944,6852167,1,0.41560471057891846
ACH-000944,6918454,0,0.06459677219390869
ACH-000944,8249,1,0.5071128010749817
ACH-000944,9826308,0,0.19067788124084473
ACH-000944,9858940,0,0.1141049861907959
ACH-000944,9863776,0,0.03737450763583183
ACH-000945,10027278,0,0.03166694566607475
ACH-000945,10451420,0,0.028026947751641273
ACH-000945,11152667,0,0.01764352060854435
ACH-000945,11282283,0,0.035597216337919235
ACH-000945,11327430,0,0.007386431097984314
ACH-000945,11338033,0,0.009182563982903957
ACH-000945,11624601,0,0.07772322744131088
ACH-000945,11960529,0,0.06272394210100174
ACH-000945,126565,0,0.016182757914066315
ACH-000945,24180719,0,0.04755086451768875
ACH-000945,24756910,0,0.012046501971781254
ACH-000945,24889392,0,0.006158134900033474
ACH-000945,25102847,0,0.04943440854549408
ACH-000945,25195352,0,0.013537667691707611
ACH-000945,3005532,0,0.11661767959594727
ACH-000945,3796,0,0.03328736498951912
ACH-000945,44182295,0,0.0685291513800621
ACH-000945,44450571,0,0.12271283566951752
ACH-000945,46843772,0,0.037253689020872116
ACH-000945,46943432,0,0.005832131020724773
ACH-000945,5327091,0,0.020548343658447266
ACH-000945,54676905,0,0.07942808419466019
ACH-000945,56962337,0,0.060188569128513336
ACH-000945,644241,0,0.008405136875808239
ACH-000945,6710780,0,0.014248019084334373
ACH-000945,6852167,0,0.008099263533949852
ACH-000945,71271629,0,0.006906476803123951
ACH-000945,9810884,1,0.23325034976005554
ACH-000945,9863776,0,0.029506731778383255
ACH-000945,9910224,0,0.010825835168361664
ACH-000945,9914412,0,0.004865038674324751
ACH-000947,10184653,0,0.3022352457046509
ACH-000947,104842,0,0.14197015762329102
ACH-000947,11152667,0,0.12791074812412262
ACH-000947,11316960,0,0.24491333961486816
ACH-000947,11327430,0,0.15137355029582977
ACH-000947,11338033,0,0.1350584477186203
ACH-000947,11433190,1,0.5545070171356201
ACH-000947,11625818,0,0.07359752058982849
ACH-000947,126565,0,0.2028643935918808
ACH-000947,176167,0,0.18434488773345947
ACH-000947,24756910,0,0.12669046223163605
ACH-000947,24889392,0,0.09597568213939667
ACH-000947,25167777,0,0.088934987783432
ACH-000947,25195352,0,0.11005180329084396
ACH-000947,44143370,0,0.1600819230079651
ACH-000947,44450571,1,0.29623010754585266
ACH-000947,44551660,0,0.08477744460105896
ACH-000947,44819241,0,0.23187139630317688
ACH-000947,5278396,0,0.1648961901664734
ACH-000947,5330286,0,0.08722194284200668
ACH-000947,53394750,0,0.3647664189338684
ACH-000947,6450551,1,0.15951602160930634
ACH-000947,66577006,0,0.11699336767196655
ACH-000947,6710780,0,0.10494796931743622
ACH-000947,6852167,0,0.11143789440393448
ACH-000947,6918638,0,0.05709339305758476
ACH-000947,85668777,0,0.375247061252594
ACH-000947,9863776,0,0.3104710578918457
ACH-000947,9910224,0,0.12639294564723969
ACH-000947,9914412,1,0.08073405176401138
ACH-000947,9943465,0,0.23417223989963531
ACH-000948,10200390,0,0.005433994345366955
ACH-000948,11338033,0,0.019545041024684906
ACH-000948,11373846,0,0.02345910668373108
ACH-000948,11433190,0,0.21069777011871338
ACH-000948,11455910,0,0.05255585536360741
ACH-000948,11485656,0,0.039351046085357666
ACH-000948,11625818,0,0.009697833098471165
ACH-000948,11634725,0,0.07345609366893768
ACH-000948,11960529,0,0.07076313346624374
ACH-000948,11977753,0,0.02154695615172386
ACH-000948,17755052,0,0.013126075267791748
ACH-000948,24180719,0,0.027378572151064873
ACH-000948,24776445,0,0.016625888645648956
ACH-000948,24785538,0,0.08795610070228577
ACH-000948,25102847,0,0.08313055336475372
ACH-000948,25222038,0,0.009876834228634834
ACH-000948,25257557,1,0.9168457984924316
ACH-000948,4263900,0,0.007492759730666876
ACH-000948,44137675,0,0.040530603379011154
ACH-000948,44450571,0,0.04311337321996689
ACH-000948,446378,0,0.013724100776016712
ACH-000948,44819241,0,0.05007101967930794
ACH-000948,46930998,1,0.03618178889155388
ACH-000948,51371303,0,0.026753008365631104
ACH-000948,5280757,1,0.09621214121580124
ACH-000948,5330286,0,0.0063635739497840405
ACH-000948,5460769,0,0.047453559935092926
ACH-000948,56962337,0,0.12635886669158936
ACH-000948,57339144,0,0.029663892462849617
ACH-000948,6450816,0,0.018027324229478836
ACH-000948,6918638,0,0.0037888288497924805
ACH-000948,82146,0,0.02980676479637623
ACH-000948,9863776,0,0.03365321084856987
ACH-000948,9868037,0,0.006216500885784626
ACH-000948,9884685,0,0.010793482884764671
ACH-000948,9956222,0,0.023851674050092697
ACH-000948,9967941,0,0.059488922357559204
ACH-000949,10184653,0,0.6967828869819641
ACH-000949,10196499,0,0.33399251103401184
ACH-000949,11178236,0,0.02401833049952984
ACH-000949,11282283,0,0.1197899729013443
ACH-000949,11373846,0,0.005676554515957832
ACH-000949,11433190,0,0.24224434792995453
ACH-000949,11609586,0,0.04843445494771004
ACH-000949,1401,0,0.10916785150766373
ACH-000949,156422,0,0.03698667883872986
ACH-000949,16725726,0,0.7827879786491394
ACH-000949,2314623,0,0.06800780445337296
ACH-000949,24180719,0,0.04112228378653526
ACH-000949,24951314,0,0.0005998516571708024
ACH-000949,24978538,0,0.3876667022705078
ACH-000949,25022668,0,0.0023069968447089195
ACH-000949,25124816,0,0.22206221520900726
ACH-000949,25167777,0,0.002718730829656124
ACH-000949,25222038,0,0.008299404755234718
ACH-000949,25262965,0,0.0362757183611393
ACH-000949,300471,0,0.033082664012908936
ACH-000949,44551660,0,0.002347019035369158
ACH-000949,44632017,0,0.020702708512544632
ACH-000949,447912,0,0.0054500289261341095
ACH-000949,44819241,0,0.020385028794407845
ACH-000949,46191454,0,0.020270936191082
ACH-000949,46931012,0,0.0018832612549886107
ACH-000949,5289247,0,0.09992765635251999
ACH-000949,5311,0,0.04069029167294502
ACH-000949,5328940,0,0.007125833537429571
ACH-000949,5394,0,0.024859696626663208
ACH-000949,5459322,0,0.042568743228912354
ACH-000949,5460769,0,0.025746895000338554
ACH-000949,54685215,0,0.02578413300216198
ACH-000949,57339144,0,0.013769814744591713
ACH-000949,637858,0,0.0049772984348237514
ACH-000949,6450551,0,0.021472860127687454
ACH-000949,6450816,0,0.00768155325204134
ACH-000949,6505803,0,0.03255787491798401
ACH-000949,6710780,0,0.002508364384993911
ACH-000949,6753378,0,0.007932712323963642
ACH-000949,6852167,0,0.0159071683883667
ACH-000949,6918638,0,0.0015714892651885748
ACH-000949,85668777,0,0.3755355477333069
ACH-000949,9826528,0,0.3350135385990143
ACH-000949,9858940,0,0.007627545390278101
ACH-000949,9868037,0,0.002660810248926282
ACH-000949,9874913,1,0.08083312213420868
ACH-000949,9956222,0,0.01022266037762165
ACH-000950,10074640,0,0.04817003384232521
ACH-000950,10196499,0,0.18190637230873108
ACH-000950,10341154,0,0.08474259823560715
ACH-000950,10459196,1,0.21334323287010193
ACH-000950,11282283,1,0.13188597559928894
ACH-000950,11754511,0,0.04192877188324928
ACH-000950,123631,1,0.32024022936820984
ACH-000950,148124,0,0.2541969120502472
ACH-000950,23725625,0,0.09283348172903061
ACH-000950,24776445,0,0.13095976412296295
ACH-000950,24785538,0,0.28887444734573364
ACH-000950,24894414,0,0.07590219378471375
ACH-000950,2726824,0,0.19257579743862152
ACH-000950,4263900,0,0.11254297941923141
ACH-000950,44551660,0,0.03960650414228439
ACH-000950,46224516,0,0.030777059495449066
ACH-000950,46883536,0,0.053737230598926544
ACH-000950,5208,0,0.14503148198127747
ACH-000950,5278396,1,0.1340193748474121
ACH-000950,5280757,1,0.12076788395643234
ACH-000950,5289247,0,0.235490083694458
ACH-000950,5328940,0,0.11332085728645325
ACH-000950,560326,0,0.12209377437829971
ACH-000950,5746,0,0.13903258740901947
ACH-000950,637858,0,0.09360404312610626
ACH-000950,6852167,0,0.03304397687315941
ACH-000950,9956222,0,0.0608794167637825
ACH-000951,10341154,0,0.0424923449754715
ACH-000951,11455910,0,0.11696278303861618
ACH-000951,11634725,0,0.07936949282884598
ACH-000951,11754511,0,0.07538016140460968
ACH-000951,123631,0,0.23707707226276398
ACH-000951,1401,0,0.19675008952617645
ACH-000951,16720766,0,0.11995219439268112
ACH-000951,176158,0,0.10322526842355728
ACH-000951,24180719,0,0.10993517935276031
ACH-000951,24785538,0,0.12029444426298141
ACH-000951,24978538,1,0.3155464828014374
ACH-000951,25126798,0,0.07418510317802429
ACH-000951,25257557,0,0.7012742161750793
ACH-000951,2733526,0,0.09080979228019714
ACH-000951,3218,0,0.06050034612417221
ACH-000951,42642645,0,0.05326826125383377
ACH-000951,444795,0,0.0912465751171112
ACH-000951,44551660,0,0.032304760068655014
ACH-000951,446378,1,0.10596717894077301
ACH-000951,46224516,0,0.026347510516643524
ACH-000951,51371303,1,0.07902782410383224
ACH-000951,53340664,0,0.04155999794602394
ACH-000951,5394,0,0.0692213922739029
ACH-000951,560326,0,0.1212393119931221
ACH-000951,5746,0,0.12138258665800095
ACH-000951,6445533,0,0.029149850830435753
ACH-000951,6450816,0,0.08267788589000702
ACH-000951,6918638,0,0.01971699856221676
ACH-000951,704473,0,0.09868840128183365
ACH-000951,71271629,0,0.03124847263097763
ACH-000951,9858940,0,0.14189352095127106
ACH-000951,9903786,0,0.0174937155097723
ACH-000951,9943465,0,0.1555871218442917
ACH-000953,10109823,0,0.054777901619672775
ACH-000953,10127622,0,0.12501128017902374
ACH-000953,10341154,0,0.12302086502313614
ACH-000953,10384072,0,0.03190922364592552
ACH-000953,10451420,0,0.6921794414520264
ACH-000953,10459196,0,0.03525316342711449
ACH-000953,11282283,0,0.17215916514396667
ACH-000953,11338033,0,0.4146154224872589
ACH-000953,11373846,0,0.5119567513465881
ACH-000953,11624601,0,0.023403296247124672
ACH-000953,11625818,0,0.2222011238336563
ACH-000953,11647372,0,0.2422623187303543
ACH-000953,156422,1,0.041715092957019806
ACH-000953,16725726,1,0.7046346664428711
ACH-000953,176167,1,0.21681800484657288
ACH-000953,17755052,0,0.11197637766599655
ACH-000953,216326,1,0.08509671688079834
ACH-000953,24772860,0,0.11317015439271927
ACH-000953,24825971,0,0.10882560908794403
ACH-000953,24826799,1,0.1629311442375183
ACH-000953,24978538,1,0.8920248746871948
ACH-000953,25102847,0,0.13663746416568756
ACH-000953,25167777,0,0.16188831627368927
ACH-000953,3062316,0,0.07625313848257065
ACH-000953,3463933,0,0.11146777123212814
ACH-000953,36314,0,0.02895916812121868
ACH-000953,4261,0,0.0900154560804367
ACH-000953,4263900,0,0.05153000354766846
ACH-000953,44224160,0,0.19535785913467407
ACH-000953,447912,0,0.5687047839164734
ACH-000953,448013,0,0.019052846357226372
ACH-000953,46943432,1,0.6243493556976318
ACH-000953,5327091,0,0.021867219358682632
ACH-000953,5384616,0,0.19721689820289612
ACH-000953,54685215,0,0.039213839918375015
ACH-000953,560326,0,0.14689688384532928
ACH-000953,5717801,0,0.14781945943832397
ACH-000953,57339144,0,0.1994500607252121
ACH-000953,5746,0,0.030450496822595596
ACH-000953,6450816,0,0.1199764609336853
ACH-000953,6918289,0,0.0744868591427803
ACH-000953,76044,0,0.12387733161449432
ACH-000953,9813758,1,0.21949291229248047
ACH-000953,9868037,0,0.21662159264087677
ACH-000953,9884685,0,0.4100078344345093
ACH-000953,9911830,0,0.23373861610889435
ACH-000953,9931953,0,0.04928231239318848
ACH-000953,9952773,1,0.19706274569034576
ACH-000955,10127622,0,0.36230534315109253
ACH-000955,11667893,0,0.08388723433017731
ACH-000955,11960529,0,0.15353518724441528
ACH-000955,1401,0,0.22935831546783447
ACH-000955,16720766,0,0.06344958394765854
ACH-000955,2314623,0,0.1637991964817047
ACH-000955,42640,0,0.0757785215973854
ACH-000955,42642645,0,0.13020442426204681
ACH-000955,44632017,0,0.10580091178417206
ACH-000955,447912,0,0.1375427097082138
ACH-000955,46191454,0,0.20497918128967285
ACH-000955,46883536,0,0.11343839764595032
ACH-000955,53340664,0,0.10922376811504364
ACH-000955,56965967,1,0.08069949597120285
ACH-000955,6505803,0,0.040313269942998886
ACH-000955,65110,0,0.1536773443222046
ACH-000955,9813758,0,0.22714361548423767
ACH-000955,9943465,0,0.19311389327049255
ACH-000956,10096043,0,0.004228002391755581
ACH-000956,10113978,0,0.04780237749218941
ACH-000956,10196499,0,0.16968104243278503
ACH-000956,11373846,0,0.024670621380209923
ACH-000956,11634725,1,0.025456583127379417
ACH-000956,11640390,0,0.09050941467285156
ACH-000956,11667893,0,0.04448746144771576
ACH-000956,148124,0,0.018005365505814552
ACH-000956,216326,0,0.00950491614639759
ACH-000956,24785538,0,0.020193936303257942
ACH-000956,24951314,0,0.0010783312609419227
ACH-000956,25222038,0,0.003224243177101016
ACH-000956,300471,0,0.02041558176279068
ACH-000956,3005532,0,0.06011511757969856
ACH-000956,4263900,0,0.004311399068683386
ACH-000956,44632017,0,0.021333107724785805
ACH-000956,446378,0,0.006935350131243467
ACH-000956,448013,0,0.003063509939238429
ACH-000956,44819241,0,0.03800395131111145
ACH-000956,46843772,0,0.03545140475034714
ACH-000956,46943432,0,0.011048386804759502
ACH-000956,49806720,0,0.03422459214925766
ACH-000956,5208,0,0.019022850319743156
ACH-000956,5311,0,0.03755373880267143
ACH-000956,5311497,0,0.003997241146862507
ACH-000956,5327091,0,0.006750303786247969
ACH-000956,53302361,0,0.025439823046326637
ACH-000956,53340664,0,0.005613069515675306
ACH-000956,5746,0,0.012706367298960686
ACH-000956,644241,0,0.010055073536932468
ACH-000956,6445533,0,0.003110362682491541
ACH-000956,6450816,0,0.010163098573684692
ACH-000956,6914657,0,0.037653982639312744
ACH-000956,6918848,0,0.005149519070982933
ACH-000956,8249,0,0.020936496555805206
ACH-000956,9874913,0,0.06102461740374565
ACH-000956,9943465,0,0.11289796978235245
ACH-000957,10109823,0,0.041174039244651794
ACH-000957,10196499,0,0.1799330860376358
ACH-000957,10451420,0,0.02974242903292179
ACH-000957,11282283,0,0.08374449610710144
ACH-000957,11373846,0,0.018432211130857468
ACH-000957,11493598,0,0.061478741466999054
ACH-000957,11609586,0,0.08847276866436005
ACH-000957,159324,1,0.010005726478993893
ACH-000957,16720766,0,0.04195364937186241
ACH-000957,176167,0,0.09964919835329056
ACH-000957,2314623,0,0.12369702756404877
ACH-000957,24180719,0,0.14907324314117432
ACH-000957,25126798,0,0.01842157542705536
ACH-000957,300471,0,0.054893363267183304
ACH-000957,3463933,0,0.18423990905284882
ACH-000957,36462,0,0.015418702736496925
ACH-000957,4263900,0,0.028243735432624817
ACH-000957,44462760,0,0.25335565209388733
ACH-000957,448013,0,0.04198223352432251
ACH-000957,46191454,0,0.0316593237221241
ACH-000957,46930998,0,0.038855407387018204
ACH-000957,49806720,0,0.048121850937604904
ACH-000957,5280757,0,0.1428653597831726
ACH-000957,5459322,0,0.09843127429485321
ACH-000957,54676905,0,0.08849227428436279
ACH-000957,6450816,0,0.023124126717448235
ACH-000957,66577006,0,0.00887169037014246
ACH-000957,6710780,0,0.016195083037018776
ACH-000957,6914657,0,0.05848684534430504
ACH-000957,6918289,0,0.05726885423064232
ACH-000957,9826528,1,0.27162274718284607
ACH-000957,9903786,0,0.00545630045235157
ACH-000957,9943465,1,0.11581917852163315
ACH-000958,10184653,1,0.31509947776794434
ACH-000958,10341154,0,0.10993621498346329
ACH-000958,11178236,0,0.0854794904589653
ACH-000958,126941,0,0.10767865926027298
ACH-000958,216326,0,0.1545953005552292
ACH-000958,2314623,0,0.15634195506572723
ACH-000958,2375,0,0.09345732629299164
ACH-000958,24785538,0,0.19723547995090485
ACH-000958,24826799,0,0.08219167590141296
ACH-000958,25195352,0,0.0678005963563919
ACH-000958,25262965,0,0.16891348361968994
ACH-000958,2733526,0,0.15138331055641174
ACH-000958,3796,0,0.10689153522253036
ACH-000958,42642645,0,0.07922853529453278
ACH-000958,44143370,0,0.09766485542058945
ACH-000958,44224160,0,0.04057714343070984
ACH-000958,446378,0,0.12486092001199722
ACH-000958,447912,0,0.07590821385383606
ACH-000958,5113032,0,0.15082181990146637
ACH-000958,5280757,0,0.12427599728107452
ACH-000958,5311497,0,0.09012579172849655
ACH-000958,5328940,0,0.08837432414293289
ACH-000958,6450551,0,0.10769253224134445
ACH-000958,71271629,0,0.12161193042993546
ACH-000958,9826528,0,0.4678954780101776
ACH-000958,9910224,0,0.09045083075761795
ACH-000960,10451420,1,0.7942770719528198
ACH-000960,104842,0,0.20730683207511902
ACH-000960,11493598,0,0.26871737837791443
ACH-000960,11617559,0,0.3327861726284027
ACH-000960,11624601,0,0.12709031999111176
ACH-000960,11625818,1,0.49421921372413635
ACH-000960,11844351,0,0.17154553532600403
ACH-000960,1401,0,0.1436336487531662
ACH-000960,148124,0,0.08697682619094849
ACH-000960,156422,0,0.0929127037525177
ACH-000960,16038120,0,0.19704100489616394
ACH-000960,300471,0,0.10185230523347855
ACH-000960,42642645,0,0.30561739206314087
ACH-000960,44462760,0,0.10112738609313965
ACH-000960,444795,0,0.4957316219806671
ACH-000960,46224516,1,0.4079035222530365
ACH-000960,46930998,1,0.4346528947353363
ACH-000960,46931012,1,0.43338245153427124
ACH-000960,5291,0,0.2064536064863205
ACH-000960,5329102,0,0.249236598610878
ACH-000960,53394750,1,0.8940511345863342
ACH-000960,5394,1,0.13525596261024475
ACH-000960,5459322,0,0.09493458271026611
ACH-000960,54676905,0,0.0855092778801918
ACH-000960,560326,0,0.21173995733261108
ACH-000960,5717801,0,0.28568974137306213
ACH-000960,5746,1,0.12007126212120056
ACH-000960,644215,0,0.10668228566646576
ACH-000960,6445533,0,0.2888028025627136
ACH-000960,65110,0,0.50804603099823
ACH-000960,66577006,0,0.8653255105018616
ACH-000960,6914657,0,0.08540110290050507
ACH-000960,9810884,1,0.8027854561805725
ACH-000960,9813758,0,0.6318772435188293
ACH-000960,9826528,0,0.1534590870141983
ACH-000960,9931953,0,0.06635782867670059
ACH-000963,10027278,0,0.07964032888412476
ACH-000963,10074640,0,0.11225186288356781
ACH-000963,104842,0,0.029475077986717224
ACH-000963,11152667,0,0.052268873900175095
ACH-000963,11493598,0,0.20358413457870483
ACH-000963,11625818,0,0.10963984578847885
ACH-000963,11707110,0,0.7162710428237915
ACH-000963,11754511,0,0.18476252257823944
ACH-000963,216326,0,0.06440327316522598
ACH-000963,24756910,0,0.16541771590709686
ACH-000963,24826799,0,0.10718263685703278
ACH-000963,24889392,1,0.2813703715801239
ACH-000963,24894414,0,0.1492621898651123
ACH-000963,3005532,0,0.08351893723011017
ACH-000963,46191454,0,0.14954853057861328
ACH-000963,5113032,0,0.16373580694198608
ACH-000963,521106,0,0.04483797773718834
ACH-000963,5280757,0,0.06259284913539886
ACH-000963,5289247,0,0.17498092353343964
ACH-000963,5460769,0,0.08836013078689575
ACH-000963,54676905,0,0.15791521966457367
ACH-000963,56962337,0,0.11705390363931656
ACH-000963,57339144,0,0.10307987779378891
ACH-000963,6445533,0,0.05951046198606491
ACH-000963,6450551,0,0.056574560701847076
ACH-000963,6753378,0,0.0764598399400711
ACH-000963,6852167,0,0.1077866181731224
ACH-000963,704473,0,0.34271925687789917
ACH-000963,82146,0,0.15500053763389587
ACH-000963,8249,1,0.15625420212745667
ACH-000963,9858940,0,0.07538848370313644
ACH-000963,9863776,0,0.08130095154047012
ACH-000963,9903786,0,0.08132242411375046
ACH-000963,9956222,0,0.13108979165554047
ACH-000965,11178236,0,0.1033497303724289
ACH-000965,11282283,0,0.25994032621383667
ACH-000965,11364421,0,0.3699846863746643
ACH-000965,11625818,0,0.17975737154483795
ACH-000965,11676786,0,0.22737111151218414
ACH-000965,11754511,0,0.1357421725988388
ACH-000965,123631,1,0.5177291631698608
ACH-000965,148124,1,0.26701077818870544
ACH-000965,16725726,0,0.6666443347930908
ACH-000965,16760646,0,0.16484661400318146
ACH-000965,176167,0,0.20518052577972412
ACH-000965,20635522,0,0.29566189646720886
ACH-000965,24889392,0,0.1899477243423462
ACH-000965,24894414,1,0.1726698875427246
ACH-000965,300471,0,0.13015665113925934
ACH-000965,3385,0,0.20383033156394958
ACH-000965,44224160,0,0.13833987712860107
ACH-000965,444795,1,0.09683141112327576
ACH-000965,44551660,0,0.1611117422580719
ACH-000965,447912,0,0.13619694113731384
ACH-000965,44819241,0,0.19128620624542236
ACH-000965,462382,0,0.23638032376766205
ACH-000965,46885626,0,0.17614467442035675
ACH-000965,46931012,0,0.10163066536188126
ACH-000965,4993,0,0.26481637358665466
ACH-000965,5208,0,0.10696595162153244
ACH-000965,5311510,1,0.3099287450313568
ACH-000965,53394750,0,0.4774990677833557
ACH-000965,66577006,0,0.13816940784454346
ACH-000965,8249,0,0.10999707877635956
ACH-000965,9826308,0,0.2107691913843155
ACH-000965,9858940,0,0.16945777833461761
ACH-000965,9911830,0,0.18013672530651093
ACH-000965,9956119,0,0.2735899090766907
ACH-000965,9967941,0,0.14445970952510834
ACH-000966,10077147,0,0.018629437312483788
ACH-000966,10184653,1,0.5676829814910889
ACH-000966,10384072,0,0.12931494414806366
ACH-000966,11609586,0,0.120332270860672
ACH-000966,11977753,0,0.11402498185634613
ACH-000966,17755052,0,0.07016049325466156
ACH-000966,23725625,0,0.06008322164416313
ACH-000966,444795,0,0.1674632579088211
ACH-000966,5394,0,0.08171454817056656
ACH-000966,54685215,0,0.1241978332400322
ACH-000966,56962337,0,0.23444649577140808
ACH-000966,65110,0,0.11238616704940796
ACH-000966,6918289,0,0.09147213399410248
ACH-000966,84691,0,0.08267972618341446
ACH-000966,9914412,0,0.02584763802587986
ACH-000968,104842,0,0.03788397088646889
ACH-000968,11282283,1,0.14029444754123688
ACH-000968,11625818,0,0.016254020854830742
ACH-000968,11634725,0,0.2017352432012558
ACH-000968,11754511,0,0.02587229013442993
ACH-000968,2375,0,0.04349496215581894
ACH-000968,25126798,0,0.034700606018304825
ACH-000968,2733526,0,0.12075115740299225
ACH-000968,31703,0,0.016705423593521118
ACH-000968,42640,0,0.1720900982618332
ACH-000968,44143370,0,0.04629436507821083
ACH-000968,44224160,0,0.01587212271988392
ACH-000968,448013,0,0.0473116897046566
ACH-000968,44819241,0,0.10833071172237396
ACH-000968,46191454,0,0.02822847291827202
ACH-000968,5208,0,0.05616260692477226
ACH-000968,521106,0,0.017559871077537537
ACH-000968,5289247,0,0.12631970643997192
ACH-000968,5311497,0,0.036082733422517776
ACH-000968,560326,0,0.08659424632787704
ACH-000968,56962337,0,0.10861548781394958
ACH-000968,56965967,0,0.015639515593647957
ACH-000968,57339144,0,0.04353395476937294
ACH-000968,60750,0,0.034561339765787125
ACH-000968,637858,0,0.05679926648736
ACH-000968,6450816,0,0.03738228604197502
ACH-000968,66577006,0,0.014515729621052742
ACH-000968,6918848,0,0.016842270269989967
ACH-000968,85668777,0,0.24873748421669006
ACH-000968,9810884,0,0.2875990569591522
ACH-000968,9863776,0,0.221534863114357
ACH-000968,9910224,0,0.028251728042960167
ACH-000969,10027278,0,0.1630542129278183
ACH-000969,10451420,0,0.37775179743766785
ACH-000969,10461815,1,0.15897013247013092
ACH-000969,11338033,0,0.13907068967819214
ACH-000969,11364421,1,0.2056128978729248
ACH-000969,11640390,0,0.34625717997550964
ACH-000969,11707110,0,0.6367118954658508
ACH-000969,11844351,0,0.22060686349868774
ACH-000969,11960529,0,0.09374445676803589
ACH-000969,148124,0,0.0913342759013176
ACH-000969,156422,0,0.11108117550611496
ACH-000969,16722836,1,0.11237847059965134
ACH-000969,17755052,0,0.06101187691092491
ACH-000969,23725625,0,0.08148723095655441
ACH-000969,24776445,0,0.10390480607748032
ACH-000969,24889392,1,0.1693582683801651
ACH-000969,24894414,0,0.1521390825510025
ACH-000969,25257557,1,0.8588647246360779
ACH-000969,25262965,0,0.16715365648269653
ACH-000969,2726824,0,0.10262077301740646
ACH-000969,300471,0,0.08056501299142838
ACH-000969,3385,0,0.17798328399658203
ACH-000969,36462,0,0.04120620712637901
ACH-000969,3796,0,0.1915789395570755
ACH-000969,42642645,0,0.2105514258146286
ACH-000969,44182295,0,0.2957759201526642
ACH-000969,46224516,0,0.07614066451787949
ACH-000969,46907787,0,0.10133730620145798
ACH-000969,46931012,1,0.05802871659398079
ACH-000969,5208,0,0.07564295083284378
ACH-000969,53302361,0,0.09119820594787598
ACH-000969,5459322,0,0.07017234712839127
ACH-000969,5460769,0,0.09823330491781235
ACH-000969,56962337,1,0.11008872091770172
ACH-000969,56965967,0,0.0967903807759285
ACH-000969,57339144,0,0.12544097006320953
ACH-000969,6445533,0,0.07548922300338745
ACH-000969,6445562,0,0.3150824308395386
ACH-000969,6450816,0,0.06267385184764862
ACH-000969,66577006,0,0.08845406770706177
ACH-000969,9868037,0,0.15714876353740692
ACH-000969,9884685,0,0.08459309488534927
ACH-000969,9956119,0,0.2090435028076172
ACH-000970,10384072,0,5.030844477005303e-05
ACH-000970,11282283,0,0.0007651923224329948
ACH-000970,11485656,0,0.00014367506082635373
ACH-000970,11647372,0,1.4292204753019178e-07
ACH-000970,11667893,0,0.0017010964220389724
ACH-000970,11960529,0,0.0004334928235039115
ACH-000970,126941,1,3.5285172543808585e-06
ACH-000970,16720766,0,2.0832558220718056e-05
ACH-000970,16722836,0,1.061935392954183e-07
ACH-000970,16725726,0,0.284424364566803
ACH-000970,16747388,0,2.1346496126284364e-08
ACH-000970,176167,0,0.00239742174744606
ACH-000970,216326,0,4.247470769769279e-06
ACH-000970,23725625,0,4.3071891013823915e-06
ACH-000970,24772860,0,1.4280311688708025e-07
ACH-000970,25262965,0,5.2376090025063604e-05
ACH-000970,42642645,0,1.141712891694624e-05
ACH-000970,44462760,1,0.032270271331071854
ACH-000970,44632017,0,7.071947766235098e-05
ACH-000970,46191454,0,1.232108934345888e-05
ACH-000970,46883536,0,2.2803235424362356e-06
ACH-000970,46885626,0,7.390337850665674e-05
ACH-000970,46930998,0,8.435348718194291e-06
ACH-000970,46943432,0,2.8282424864300992e-06
ACH-000970,5278396,0,2.0489294911385514e-05
ACH-000970,5328940,0,2.1060386643512174e-06
ACH-000970,56965967,0,2.3689567285600788e-07
ACH-000970,6505803,0,0.0003997617168352008
ACH-000970,66577006,0,5.108261547093207e-08
ACH-000970,8249,0,2.244269307993818e-05
ACH-000971,10096043,0,0.043649353086948395
ACH-000971,11152667,0,0.12791962921619415
ACH-000971,11327430,0,0.1356576830148697
ACH-000971,11640390,0,0.2283419668674469
ACH-000971,11713159,1,0.14170005917549133
ACH-000971,11754511,0,0.5630972981452942
ACH-000971,156422,0,0.13082163035869598
ACH-000971,16722836,1,0.36383509635925293
ACH-000971,176158,0,0.1386701911687851
ACH-000971,2314623,0,0.13917957246303558
ACH-000971,24776445,0,0.16656124591827393
ACH-000971,24894414,0,0.3899204432964325
ACH-000971,24978538,0,0.892066240310669
ACH-000971,25167777,0,0.23321355879306793
ACH-000971,3005532,0,0.16902682185173035
ACH-000971,31703,0,0.0542992502450943
ACH-000971,3218,0,0.09788087755441666
ACH-000971,44182295,1,0.26741376519203186
ACH-000971,44224160,0,0.1687779426574707
ACH-000971,46191454,1,0.48149505257606506
ACH-000971,46931012,0,0.2478797882795334
ACH-000971,51371303,0,0.16734236478805542
ACH-000971,5208,0,0.12818655371665955
ACH-000971,521106,0,0.12830299139022827
ACH-000971,53394750,1,0.9222516417503357
ACH-000971,560326,0,0.17276254296302795
ACH-000971,5746,0,0.045136958360672
ACH-000971,60750,0,0.06794492155313492
ACH-000971,6253,0,0.06559427082538605
ACH-000971,6505803,0,0.04624943435192108
ACH-000971,6710780,0,0.09688333421945572
ACH-000971,6918454,0,0.3758400082588196
ACH-000971,9810884,1,0.9092154502868652
ACH-000971,9884685,0,0.34550002217292786
ACH-000971,9903786,0,0.2813361883163452
ACH-000971,9931953,1,0.03671207278966904
ACH-000971,9938202,0,0.3285802900791168
ACH-000971,9967941,0,0.15355201065540314
ACH-000973,10077147,0,0.07868590950965881
ACH-000973,10200390,0,0.10453863441944122
ACH-000973,10341154,0,0.11113991588354111
ACH-000973,10451420,0,0.03785707429051399
ACH-000973,11152667,0,0.08190341293811798
ACH-000973,11316960,0,0.24053962528705597
ACH-000973,11373846,0,0.033680640161037445
ACH-000973,11625818,0,0.029761873185634613
ACH-000973,11707110,0,0.5840235948562622
ACH-000973,11960529,1,0.22376829385757446
ACH-000973,126565,0,0.2395530641078949
ACH-000973,148124,0,0.5157995223999023
ACH-000973,216326,1,0.23109500110149384
ACH-000973,24785538,0,0.26767367124557495
ACH-000973,24826799,0,0.0780104398727417
ACH-000973,25022668,0,0.35095205903053284
ACH-000973,25102847,0,0.1186588704586029
ACH-000973,25257557,1,0.22737622261047363
ACH-000973,3005532,0,0.4892749786376953
ACH-000973,31703,1,0.2723643481731415
ACH-000973,3218,0,0.19754229485988617
ACH-000973,36462,0,0.16443118453025818
ACH-000973,44551660,0,0.028578106313943863
ACH-000973,46930998,0,0.17291973531246185
ACH-000973,46931012,0,0.028191423043608665
ACH-000973,5208,1,0.3366130292415619
ACH-000973,5311497,0,0.3082939684391022
ACH-000973,5328940,0,0.23404183983802795
ACH-000973,53340664,0,0.04649408161640167
ACH-000973,5394,0,0.12269927561283112
ACH-000973,5459322,1,0.1590222716331482
ACH-000973,6445562,0,0.11672251671552658
ACH-000973,66577006,0,0.03749796375632286
ACH-000973,82146,0,0.3319213390350342
ACH-000973,9874913,0,0.142622172832489
ACH-000973,9910224,0,0.05286707356572151
ACH-000973,9911830,0,0.0877411887049675
ACH-000973,9914412,0,0.0553290918469429
ACH-000973,9931953,0,0.16936247050762177
ACH-000973,9943465,1,0.2237779200077057
ACH-000974,10074640,0,0.09413300454616547
ACH-000974,10200390,0,0.17392809689044952
ACH-000974,104842,0,0.09644495695829391
ACH-000974,11373846,0,0.10960099846124649
ACH-000974,11404337,1,0.5124512910842896
ACH-000974,11455910,1,0.30916571617126465
ACH-000974,11617559,1,0.0965922400355339
ACH-000974,11667893,0,0.24961477518081665
ACH-000974,1401,0,0.257581889629364
ACH-000974,23725625,1,0.21846796572208405
ACH-000974,2375,0,0.18964900076389313
ACH-000974,24978538,0,0.11518897116184235
ACH-000974,25022668,1,0.2927209436893463
ACH-000974,25124816,1,0.36122095584869385
ACH-000974,2726824,1,0.28597015142440796
ACH-000974,3796,1,0.35020509362220764
ACH-000974,4263900,0,0.24029475450515747
ACH-000974,44137675,0,0.4908553957939148
ACH-000974,44462760,1,0.4777190387248993
ACH-000974,46930998,0,0.27065953612327576
ACH-000974,46943432,0,0.08431825041770935
ACH-000974,53302361,1,0.1191418468952179
ACH-000974,6253,0,0.3866286277770996
ACH-000974,6710780,0,0.14711548388004303
ACH-000974,6852167,0,0.06919100880622864
ACH-000974,6918289,0,0.33183977007865906
ACH-000974,9868037,0,0.13966278731822968
ACH-000974,9943465,0,0.3234045207500458
ACH-000974,9956119,1,0.5739489197731018
ACH-000974,9956222,0,0.13470511138439178
ACH-000976,10074640,0,0.05714154243469238
ACH-000976,10184653,0,0.24948126077651978
ACH-000976,10200390,0,0.027180140838027
ACH-000976,11178236,0,0.045582063496112823
ACH-000976,11316960,0,0.2868479788303375
ACH-000976,11327430,0,0.0266718789935112
ACH-000976,11373846,0,0.04685645550489426
ACH-000976,11404337,0,0.04592607542872429
ACH-000976,11634725,0,0.24051330983638763
ACH-000976,123631,0,0.10620645433664322
ACH-000976,159324,0,0.027748486027121544
ACH-000976,24951314,0,0.01476422417908907
ACH-000976,24978538,0,0.19987060129642487
ACH-000976,25022668,0,0.03088274784386158
ACH-000976,300471,0,0.08488015085458755
ACH-000976,31703,0,0.033347323536872864
ACH-000976,3385,0,0.051804084330797195
ACH-000976,3463933,0,0.24607335031032562
ACH-000976,3796,0,0.051000263541936874
ACH-000976,42642645,0,0.05245925858616829
ACH-000976,44224160,0,0.02584541030228138
ACH-000976,448013,0,0.07680168002843857
ACH-000976,46224516,0,0.03855505213141441
ACH-000976,46883536,0,0.05226699635386467
ACH-000976,5278396,0,0.060788508504629135
ACH-000976,5289247,0,0.1533183753490448
ACH-000976,5311497,0,0.038662366569042206
ACH-000976,54676905,0,0.1303817331790924
ACH-000976,6450816,0,0.03973115235567093
ACH-000976,71271629,0,0.03163626044988632
ACH-000976,82146,0,0.09083615243434906
ACH-000976,9813758,0,0.036661647260189056
ACH-000976,9956222,0,0.03165420889854431
ACH-000978,10096043,0,0.0009606415987946093
ACH-000978,11493598,0,0.033746521919965744
ACH-000978,11647372,0,0.0019568409770727158
ACH-000978,126565,0,0.0018462288426235318
ACH-000978,156422,0,0.025256315246224403
ACH-000978,16722836,0,0.0025954563170671463
ACH-000978,16725726,1,0.8225252032279968
ACH-000978,176158,0,0.011849496513605118
ACH-000978,176167,0,0.06899859011173248
ACH-000978,24776445,0,0.007657670881599188
ACH-000978,24978538,0,0.9096048474311829
ACH-000978,25102847,0,0.04737385734915733
ACH-000978,31703,0,0.0006025999318808317
ACH-000978,444795,0,0.04889746755361557
ACH-000978,46224516,0,0.005461493507027626
ACH-000978,51371303,0,0.012336792424321175
ACH-000978,521106,0,0.001855966867879033
ACH-000978,5280757,0,0.045629601925611496
ACH-000978,5311,0,0.03524395450949669
ACH-000978,5330286,0,0.0035413708537817
ACH-000978,54676905,0,0.018716122955083847
ACH-000978,54685215,0,0.021244466304779053
ACH-000978,56962337,0,0.08348286151885986
ACH-000978,56965967,0,0.0030438024550676346
ACH-000978,6253,0,0.0005289677064865828
ACH-000978,6710780,0,0.0014416798949241638
ACH-000978,6918454,0,0.040296487510204315
ACH-000978,9813758,0,0.012265213765203953
ACH-000978,9858940,0,0.00566673930734396
ACH-000978,9938202,0,0.20718266069889069
ACH-000978,9943465,0,0.07333699613809586
ACH-000979,10074640,0,0.03705973923206329
ACH-000979,11152667,0,0.054890841245651245
ACH-000979,11327430,0,0.06973108649253845
ACH-000979,11624601,1,0.11247076839208603
ACH-000979,11667893,1,0.11345275491476059
ACH-000979,11960529,1,0.1602645069360733
ACH-000979,126565,0,0.11130288243293762
ACH-000979,1401,1,0.19478954374790192
ACH-000979,16725726,0,0.25487756729125977
ACH-000979,24889392,0,0.0288402047008276
ACH-000979,24951314,0,0.016084730625152588
ACH-000979,25195352,0,0.03603890538215637
ACH-000979,25222038,0,0.1446664184331894
ACH-000979,2726824,1,0.1907254308462143
ACH-000979,300471,0,0.09841758757829666
ACH-000979,31703,0,0.04435564950108528
ACH-000979,3385,0,0.07623359560966492
ACH-000979,44462760,0,0.21345189213752747
ACH-000979,444795,0,0.0781821608543396
ACH-000979,46224516,0,0.02153327502310276
ACH-000979,5460769,0,0.05225971341133118
ACH-000979,56965967,0,0.03589291498064995
ACH-000979,637858,0,0.08438988029956818
ACH-000979,6445562,0,0.06630462408065796
ACH-000979,65110,0,0.04693722352385521
ACH-000979,6753378,0,0.02322760783135891
ACH-000979,6918454,0,0.16562585532665253
ACH-000979,82146,0,0.12725576758384705
ACH-000979,9810884,0,0.3206648826599121
ACH-000979,9903786,0,0.023873651400208473
ACH-000979,9911830,0,0.08245309442281723
ACH-000979,9952773,0,0.05609317496418953
ACH-000979,9956222,0,0.04336019977927208
ACH-000979,9967941,0,0.07405349612236023
ACH-000980,10184653,0,0.0915551632642746
ACH-000980,10459196,0,0.06436394900083542
ACH-000980,104842,0,0.06298066675662994
ACH-000980,11373846,0,0.09089480340480804
ACH-000980,11485656,0,0.08064953982830048
ACH-000980,11493598,0,0.09715109318494797
ACH-000980,11609586,0,0.08474982529878616
ACH-000980,11640390,0,0.13723061978816986
ACH-000980,11707110,0,0.31812185049057007
ACH-000980,11754511,0,0.13458149135112762
ACH-000980,11977753,0,0.04016483202576637
ACH-000980,156422,0,0.14200501143932343
ACH-000980,17755052,0,0.05478199943900108
ACH-000980,20635522,0,0.039043013006448746
ACH-000980,24180719,0,0.08586642146110535
ACH-000980,24889392,0,0.09338556975126266
ACH-000980,24978538,1,0.7781283259391785
ACH-000980,25102847,0,0.1692470908164978
ACH-000980,25195352,0,0.0336315780878067
ACH-000980,25222038,0,0.02054576203227043
ACH-000980,2733526,0,0.10649123042821884
ACH-000980,300471,0,0.05550352483987808
ACH-000980,3062316,0,0.05752992630004883
ACH-000980,3218,0,0.06409362703561783
ACH-000980,3463933,0,0.21751882135868073
ACH-000980,42642645,0,0.054683808237314224
ACH-000980,44143370,0,0.03181106224656105
ACH-000980,44450571,0,0.08880099654197693
ACH-000980,447912,0,0.09533131867647171
ACH-000980,46883536,0,0.038924433290958405
ACH-000980,5311,0,0.11063127219676971
ACH-000980,5311497,0,0.028006233274936676
ACH-000980,53302361,0,0.15653541684150696
ACH-000980,560326,0,0.10610602051019669
ACH-000980,57339144,0,0.07306300848722458
ACH-000980,6445533,0,0.020825842395424843
ACH-000980,704473,0,0.10814664512872696
ACH-000980,9874913,0,0.08612348884344101
ACH-000980,9910224,0,0.04543205723166466
ACH-000981,10172943,0,0.14320768415927887
ACH-000981,10459196,0,0.04552178829908371
ACH-000981,104842,0,0.09408333152532578
ACH-000981,11152667,0,0.20649482309818268
ACH-000981,11327430,0,0.16026148200035095
ACH-000981,11433190,0,0.2965688109397888
ACH-000981,11485656,0,0.5478370785713196
ACH-000981,11617559,0,0.2906478941440582
ACH-000981,11707110,1,0.22695472836494446
ACH-000981,11713159,0,0.0690912976861
ACH-000981,1401,0,0.09615553915500641
ACH-000981,176870,0,0.0766909271478653
ACH-000981,216326,0,0.18281346559524536
ACH-000981,23725625,0,0.21408486366271973
ACH-000981,24825971,0,0.15627773106098175
ACH-000981,25167777,0,0.5259395241737366
ACH-000981,25195352,0,0.24428977072238922
ACH-000981,25257557,1,0.930412232875824
ACH-000981,2726824,0,0.020694270730018616
ACH-000981,3005532,1,0.02823820151388645
ACH-000981,3062316,0,0.07632996886968613
ACH-000981,3218,1,0.04922827333211899
ACH-000981,36314,0,0.03817088529467583
ACH-000981,3796,0,0.06910073757171631
ACH-000981,44137675,0,0.03199199214577675
ACH-000981,447912,0,0.8675122261047363
ACH-000981,46224516,1,0.4111885726451874
ACH-000981,46883536,1,0.6557109355926514
ACH-000981,5328940,0,0.054072558879852295
ACH-000981,5330286,0,0.24007698893547058
ACH-000981,53394750,1,0.9705843329429626
ACH-000981,5459322,0,0.07292237877845764
ACH-000981,5494449,0,0.15108394622802734
ACH-000981,560326,1,0.25208204984664917
ACH-000981,5717801,0,0.3234281837940216
ACH-000981,57339144,0,0.3467451333999634
ACH-000981,6253,0,0.07709168642759323
ACH-000981,637858,0,0.06554833799600601
ACH-000981,644215,0,0.0701664537191391
ACH-000981,6918638,0,0.5905128121376038
ACH-000981,8249,0,0.6952757835388184
ACH-000981,9868037,0,0.5974571704864502
ACH-000981,9884685,0,0.7414186000823975
ACH-000981,9907093,0,0.061072301119565964
ACH-000981,9911830,1,0.4912945032119751
ACH-000981,9931953,0,0.020828526467084885
ACH-000981,9938202,0,0.15752309560775757
ACH-000983,10200390,0,0.08958750218153
ACH-000983,10459196,0,0.06740249693393707
ACH-000983,11433190,0,0.43381187319755554
ACH-000983,11624601,0,0.07464126497507095
ACH-000983,11626560,1,0.12640108168125153
ACH-000983,11667893,0,0.06775090098381042
ACH-000983,11960529,0,0.24790625274181366
ACH-000983,126941,1,0.5513993501663208
ACH-000983,160355,0,0.10249189287424088
ACH-000983,16038120,0,0.2189321368932724
ACH-000983,16725726,1,0.6229575276374817
ACH-000983,16747388,1,0.19286172091960907
ACH-000983,176158,0,0.12253633141517639
ACH-000983,2314623,0,0.1355128288269043
ACH-000983,24772860,0,0.10205807536840439
ACH-000983,24825971,0,0.10586383938789368
ACH-000983,24894414,1,0.4795234203338623
ACH-000983,24978538,0,0.8979088068008423
ACH-000983,25124816,0,0.07366751879453659
ACH-000983,25262965,0,0.2275266945362091
ACH-000983,44137675,0,0.04749691113829613
ACH-000983,44143370,0,0.10755472630262375
ACH-000983,44450571,0,0.08446983247995377
ACH-000983,44462760,0,0.2927306592464447
ACH-000983,44632017,0,0.18960678577423096
ACH-000983,446378,0,0.0398707240819931
ACH-000983,462382,0,0.1066054254770279
ACH-000983,49806720,0,0.3590593636035919
ACH-000983,49836027,0,0.24246332049369812
ACH-000983,5278396,0,0.10881585627794266
ACH-000983,5280757,0,0.05580110102891922
ACH-000983,5289247,0,0.3577873706817627
ACH-000983,53302361,1,0.2315312772989273
ACH-000983,5394,0,0.24395234882831573
ACH-000983,5717801,0,0.15260952711105347
ACH-000983,57339144,1,0.2838996350765228
ACH-000983,644241,1,0.365492045879364
ACH-000983,6450816,0,0.06920589506626129
ACH-000983,66577006,0,0.3958519995212555
ACH-000983,6918454,0,0.23409722745418549
ACH-000983,84691,0,0.32119789719581604
ACH-000983,9826528,0,0.25106894969940186
ACH-000983,9868037,1,0.43887364864349365
ACH-000983,9910224,1,0.27863556146621704
ACH-000983,9911830,1,0.4383169412612915
ACH-000983,9967941,0,0.10635128617286682
ACH-000985,10027278,0,0.16377918422222137
ACH-000985,10196499,1,0.13280333578586578
ACH-000985,10302451,0,0.408832311630249
ACH-000985,10341154,0,0.17663691937923431
ACH-000985,10390396,1,0.2778468728065491
ACH-000985,10459196,0,0.13620337843894958
ACH-000985,11178236,0,0.058932483196258545
ACH-000985,11373846,1,0.18715634942054749
ACH-000985,11455910,0,0.14841237664222717
ACH-000985,11493598,0,0.29839712381362915
ACH-000985,11625818,0,0.127770334482193
ACH-000985,11844351,0,0.166221022605896
ACH-000985,123631,0,0.12266365438699722
ACH-000985,159324,0,0.11837051808834076
ACH-000985,16663089,0,0.2849697470664978
ACH-000985,16720766,0,0.1141274943947792
ACH-000985,176158,0,0.23100019991397858
ACH-000985,216239,0,0.18732066452503204
ACH-000985,23725625,0,0.13927221298217773
ACH-000985,24772860,0,0.06090976670384407
ACH-000985,24776445,0,0.14074933528900146
ACH-000985,24978538,0,0.5037948489189148
ACH-000985,25126798,0,0.11842621117830276
ACH-000985,25195352,0,0.08933360874652863
ACH-000985,3062316,0,0.39063140749931335
ACH-000985,31703,0,0.1156112477183342
ACH-000985,4261,0,0.11821409314870834
ACH-000985,44450571,0,0.17633061110973358
ACH-000985,446378,0,0.048533353954553604
ACH-000985,46191454,0,0.17031066119670868
ACH-000985,462382,0,0.24302883446216583
ACH-000985,46844147,0,0.11301842331886292
ACH-000985,5291,0,0.29190778732299805
ACH-000985,5311510,1,0.20579209923744202
ACH-000985,53302361,0,0.1027887836098671
ACH-000985,5460769,0,0.07118812948465347
ACH-000985,54676905,0,0.09253590553998947
ACH-000985,6450551,0,0.15781818330287933
ACH-000985,65110,0,0.1446862369775772
ACH-000985,66577006,0,0.11799328774213791
ACH-000985,6753378,0,0.0806264653801918
ACH-000985,6914657,0,0.10057118535041809
ACH-000985,6918638,1,0.06859663128852844
ACH-000985,6918848,0,0.0914619117975235
ACH-000985,704473,0,0.2021913379430771
ACH-000985,76044,0,0.13333670794963837
ACH-000985,8249,1,0.15513290464878082
ACH-000985,85668777,0,0.16096752882003784
ACH-000985,9868037,0,0.17312656342983246
ACH-000985,9952773,0,0.16695581376552582
ACH-000986,10113978,0,0.02482783794403076
ACH-000986,10196499,0,0.12786312401294708
ACH-000986,11327430,0,0.002526932628825307
ACH-000986,11485656,0,0.015406876802444458
ACH-000986,11667893,0,0.06357434391975403
ACH-000986,1401,0,0.05977712571620941
ACH-000986,148124,0,0.02358505129814148
ACH-000986,156422,0,0.04411456361413002
ACH-000986,16722836,0,0.0018431601347401738
ACH-000986,23725625,0,0.006361325271427631
ACH-000986,2375,0,0.017890313640236855
ACH-000986,24756910,0,0.005657614208757877
ACH-000986,24785538,0,0.12254171818494797
ACH-000986,24951314,0,0.0007219084072858095
ACH-000986,25124816,0,0.1644667536020279
ACH-000986,25167777,0,0.002455177018418908
ACH-000986,25222038,0,0.014172273688018322
ACH-000986,2726824,0,0.06688418239355087
ACH-000986,3385,0,0.008440744131803513
ACH-000986,3463933,0,0.11767296493053436
ACH-000986,44137675,0,0.027591219171881676
ACH-000986,44450571,0,0.04440851882100105
ACH-000986,448013,0,0.020344087854027748
ACH-000986,46843772,0,0.027857886627316475
ACH-000986,5113032,1,0.01514974795281887
ACH-000986,521106,0,0.003542688675224781
ACH-000986,5289247,0,0.05166134983301163
ACH-000986,5327091,0,0.018816247582435608
ACH-000986,5328940,0,0.00807675439864397
ACH-000986,53302361,0,0.011128932237625122
ACH-000986,5394,0,0.017486440017819405
ACH-000986,60750,0,0.008752641268074512
ACH-000986,637858,0,0.005783834494650364
ACH-000986,6505803,0,0.037348318845033646
ACH-000986,66577006,0,0.002356636105105281
ACH-000986,6918638,0,0.0014187997439876199
ACH-000986,704473,0,0.01217352319508791
ACH-000986,82146,0,0.025751475244760513
ACH-000986,85668777,1,0.3132295608520508
ACH-000986,9884685,0,0.0024940334260463715
ACH-000987,10096043,0,0.028210174292325974
ACH-000987,10451420,0,0.02588912472128868
ACH-000987,11338033,0,0.011175437830388546
ACH-000987,11455910,0,0.15016165375709534
ACH-000987,11485656,0,0.03521256148815155
ACH-000987,11640390,0,0.1597442775964737
ACH-000987,11647372,0,0.004278090782463551
ACH-000987,126565,0,0.01810768060386181
ACH-000987,16720766,0,0.04944740980863571
ACH-000987,216326,0,0.028971640393137932
ACH-000987,2314623,0,0.14023421704769135
ACH-000987,24889392,0,0.01346962433308363
ACH-000987,2733526,0,0.07861142605543137
ACH-000987,3463933,0,0.33781346678733826
ACH-000987,42642645,0,0.019329095259308815
ACH-000987,44137675,0,0.04122999310493469
ACH-000987,446378,0,0.0336889885365963
ACH-000987,46883536,0,0.010504989884793758
ACH-000987,46885626,0,0.02563239075243473
ACH-000987,46907787,0,0.030999472364783287
ACH-000987,46943432,0,0.009616542607545853
ACH-000987,49806720,0,0.02550605870783329
ACH-000987,5113032,0,0.030741360038518906
ACH-000987,521106,0,0.01155634131282568
ACH-000987,53340664,0,0.011472418904304504
ACH-000987,53394750,0,0.038182999938726425
ACH-000987,57339144,0,0.03278255835175514
ACH-000987,60750,0,0.023480871692299843
ACH-000987,704473,0,0.019505368545651436
ACH-000987,9863776,0,0.518476665019989
ACH-000987,9868037,0,0.0069005368277430534
ACH-000987,9903786,0,0.003762231208384037
ACH-000987,9910224,0,0.017803413793444633
ACH-000987,9943465,0,0.11069406569004059
ACH-000989,10074640,1,0.4356490969657898
ACH-000989,11282283,1,0.48270100355148315
ACH-000989,11373846,0,0.5067638158798218
ACH-000989,11617559,1,0.6019787788391113
ACH-000989,16725726,0,0.9021294713020325
ACH-000989,24951314,0,0.16404132544994354
ACH-000989,25102847,0,0.3336642384529114
ACH-000989,25195352,1,0.2221163511276245
ACH-000989,42640,0,0.17619958519935608
ACH-000989,46224516,0,0.22427845001220703
ACH-000989,46885626,1,0.6438210606575012
ACH-000989,49806720,1,0.54835045337677
ACH-000989,53394750,0,0.7134943008422852
ACH-000989,8249,0,0.4267164170742035
ACH-000989,9903786,0,0.3437345027923584
ACH-000991,10077147,0,0.003881791140884161
ACH-000991,10341154,0,0.03223356977105141
ACH-000991,11178236,0,0.03647003322839737
ACH-000991,11433190,0,0.5552466511726379
ACH-000991,11485656,0,0.04500032588839531
ACH-000991,11647372,1,0.006452288944274187
ACH-000991,11707110,0,0.9689661264419556
ACH-000991,11960529,1,0.0756450816988945
ACH-000991,16725726,1,0.28294602036476135
ACH-000991,176167,0,0.0861540287733078
ACH-000991,2733526,0,0.041109804064035416
ACH-000991,42640,0,0.02890349179506302
ACH-000991,44462760,0,0.4786582291126251
ACH-000991,46885626,0,0.022326795384287834
ACH-000991,46930998,0,0.027782145887613297
ACH-000991,5394,0,0.04349295422434807
ACH-000991,54685215,0,0.0673670694231987
ACH-000991,6445562,0,0.013619119301438332
ACH-000991,6450551,0,0.04451410844922066
ACH-000991,6852167,0,0.01855684444308281
ACH-000991,6918638,0,0.0053008138202130795
ACH-000991,84691,0,0.041530780494213104
ACH-000991,9810884,0,0.271769255399704
ACH-000991,9863776,0,0.27594608068466187
ACH-000991,9868037,0,0.012580611743032932
ACH-000991,9931953,0,0.010955329053103924
ACH-000991,9952773,0,0.016472941264510155
ACH-000995,10341154,0,0.23490040004253387
ACH-000995,11667893,0,0.050262872129678726
ACH-000995,1401,0,0.24761486053466797
ACH-000995,2314623,0,0.1062266081571579
ACH-000995,23725625,0,0.22291795909404755
ACH-000995,2726824,0,0.05079223960638046
ACH-000995,444795,0,0.469367653131485
ACH-000995,46843772,0,0.15057817101478577
ACH-000995,637858,0,0.05983218178153038
ACH-000995,6505803,0,0.041146278381347656
ACH-000995,6918454,0,0.24406853318214417
ACH-000997,10027278,1,0.155099555850029
ACH-000997,10113978,0,0.27824950218200684
ACH-000997,10459196,0,0.15892232954502106
ACH-000997,11316960,0,0.13726694881916046
ACH-000997,11327430,0,0.043675243854522705
ACH-000997,11455910,0,0.2317192107439041
ACH-000997,11634725,0,0.09627433121204376
ACH-000997,11640390,0,0.19979454576969147
ACH-000997,126565,1,0.06726781278848648
ACH-000997,126941,1,0.04395759850740433
ACH-000997,16725726,0,0.5448286533355713
ACH-000997,176158,0,0.17122383415699005
ACH-000997,2375,0,0.07483185082674026
ACH-000997,24180719,0,0.13491295278072357
ACH-000997,24894414,0,0.035666562616825104
ACH-000997,24978538,0,0.14805485308170319
ACH-000997,25222038,0,0.14440129697322845
ACH-000997,25257557,1,0.39837580919265747
ACH-000997,2733526,0,0.09967071563005447
ACH-000997,36462,0,0.08191279321908951
ACH-000997,42640,0,0.09253222495317459
ACH-000997,42642645,0,0.05511636286973953
ACH-000997,44143370,0,0.09801292419433594
ACH-000997,44450571,0,0.23792259395122528
ACH-000997,44462760,0,0.17732444405555725
ACH-000997,446378,0,0.1716386079788208
ACH-000997,447912,0,0.03744348883628845
ACH-000997,46931012,0,0.020533252507448196
ACH-000997,46943432,0,0.03228270262479782
ACH-000997,51371303,0,0.07958066463470459
ACH-000997,56962337,0,0.0969049483537674
ACH-000997,5746,0,0.19581238925457
ACH-000997,6253,0,0.05868055671453476
ACH-000997,637858,0,0.06976334005594254
ACH-000997,6445533,0,0.056829579174518585
ACH-000997,65110,0,0.06302434206008911
ACH-000997,66577006,0,0.07492220401763916
ACH-000997,6918454,0,0.1369301825761795
ACH-000997,82146,0,0.15571683645248413
ACH-000997,9810884,1,0.31873035430908203
ACH-000997,9813758,0,0.050662390887737274
ACH-000997,9868037,0,0.027693521231412888
ACH-000997,9914412,0,0.034069012850522995
ACH-000997,9956119,0,0.25458112359046936
ACH-000997,9967941,0,0.1026940792798996
ACH-000998,10027278,0,0.01768297143280506
ACH-000998,10077147,0,0.002446868922561407
ACH-000998,10451420,0,0.049305371940135956
ACH-000998,104842,0,0.01037339773029089
ACH-000998,11316960,0,0.12438933551311493
ACH-000998,11485656,0,0.0410369336605072
ACH-000998,11617559,0,0.12277481704950333
ACH-000998,11626560,0,0.00618704641237855
ACH-000998,11626927,0,0.009350959211587906
ACH-000998,11640390,0,0.24641074240207672
ACH-000998,11754511,0,0.039813701063394547
ACH-000998,11844351,0,0.009076378308236599
ACH-000998,123631,0,0.09940511733293533
ACH-000998,126941,0,0.02590257115662098
ACH-000998,16722836,0,0.015451702289283276
ACH-000998,16747388,0,0.00561427790671587
ACH-000998,20635522,0,0.037410181015729904
ACH-000998,2375,0,0.04001708701252937
ACH-000998,24825971,0,0.022470640018582344
ACH-000998,25022668,0,0.00360027770511806
ACH-000998,3062316,0,0.02373456582427025
ACH-000998,36314,0,0.009304547682404518
ACH-000998,42640,0,0.028124624863266945
ACH-000998,42642645,0,0.020082850009202957
ACH-000998,44137675,0,0.023450762033462524
ACH-000998,444795,0,0.06165773794054985
ACH-000998,44551660,0,0.0112224742770195
ACH-000998,448013,0,0.01192730013281107
ACH-000998,46843772,0,0.0355411097407341
ACH-000998,46883536,0,0.029483186081051826
ACH-000998,46931012,0,0.006033874116837978
ACH-000998,46943432,0,0.04418674856424332
ACH-000998,5208,0,0.015586280263960361
ACH-000998,521106,0,0.006678304169327021
ACH-000998,5291,0,0.19616636633872986
ACH-000998,5311510,0,0.018516940996050835
ACH-000998,5329102,0,0.039559412747621536
ACH-000998,5330286,0,0.008401520550251007
ACH-000998,5459322,0,0.05273869261145592
ACH-000998,5460769,0,0.07696221023797989
ACH-000998,56965967,0,0.009937169030308723
ACH-000998,57339144,0,0.025333141908049583
ACH-000998,5746,0,0.026704883202910423
ACH-000998,6253,0,0.0023393621668219566
ACH-000998,637858,0,0.006029642652720213
ACH-000998,644241,0,0.018668897449970245
ACH-000998,6710780,0,0.006256965454667807
ACH-000998,6914657,0,0.030420009046792984
ACH-000998,6918454,0,0.10358478873968124
ACH-000998,76044,0,0.01987234503030777
ACH-000998,9549184,0,0.035737503319978714
ACH-000998,9868037,0,0.010826503857970238
ACH-000998,9884685,0,0.010616037994623184
ACH-000998,9907093,0,0.04833199083805084
ACH-000998,9911830,0,0.021643586456775665
ACH-000998,9931953,0,0.0049912650138139725
ACH-000998,9956222,0,0.023000888526439667
ACH-000999,16725726,1,0.7842868566513062
ACH-000999,25257557,1,0.9083800315856934
ACH-000999,42642645,0,0.1677168756723404
ACH-000999,44632017,0,0.08922845870256424
ACH-000999,447912,0,0.24051453173160553
ACH-000999,46191454,0,0.23033203184604645
ACH-000999,46883536,0,0.19428731501102448
ACH-000999,46931012,0,0.11702506989240646
ACH-000999,5394,0,0.12115803360939026
ACH-000999,56965967,0,0.14149001240730286
ACH-000999,6852167,0,0.22727471590042114
ACH-000999,6914657,0,0.12296582758426666
ACH-000999,6918848,0,0.15934409201145172
ACH-000999,704473,0,0.2904328405857086
ACH-000999,9956222,0,0.15257279574871063
ACH-000999,9967941,0,0.13163547217845917
ACH-001075,10200390,0,0.220946803689003
ACH-001075,10451420,0,0.5963672399520874
ACH-001075,11178236,1,0.09176664054393768
ACH-001075,11373846,0,0.30954650044441223
ACH-001075,11609586,1,0.2685827314853668
ACH-001075,11960529,0,0.3075839877128601
ACH-001075,159324,0,0.39505913853645325
ACH-001075,23725625,0,0.32590755820274353
ACH-001075,24756910,1,0.3630076050758362
ACH-001075,24785538,0,0.2669542729854584
ACH-001075,24826799,0,0.28515511751174927
ACH-001075,25167777,0,0.2547970414161682
ACH-001075,25222038,0,0.21082210540771484
ACH-001075,31703,0,0.282626211643219
ACH-001075,36462,0,0.1866496205329895
ACH-001075,3796,1,0.23348572850227356
ACH-001075,4263900,0,0.2626611590385437
ACH-001075,44551660,0,0.34237489104270935
ACH-001075,446378,0,0.1855483055114746
ACH-001075,46885626,0,0.3853999376296997
ACH-001075,5208,0,0.25244149565696716
ACH-001075,521106,0,0.19990305602550507
ACH-001075,5328940,1,0.2493310272693634
ACH-001075,53302361,0,0.22352683544158936
ACH-001075,56962337,0,0.24923206865787506
ACH-001075,5746,0,0.15652839839458466
ACH-001075,644241,0,0.40985748171806335
ACH-001075,6445533,0,0.18609392642974854
ACH-001075,65110,0,0.31256863474845886
ACH-001075,6852167,1,0.24585862457752228
ACH-001075,6918848,0,0.24883700907230377
ACH-001075,84691,0,0.39322900772094727
ACH-001075,85668777,1,0.13824288547039032
ACH-001075,9810884,1,0.780221700668335
ACH-001075,9884685,0,0.18461647629737854
ACH-001075,9938202,0,0.21991801261901855
ACH-001075,9943465,0,0.29630088806152344
ACH-001075,9952773,0,0.28513747453689575
ACH-001075,9967941,0,0.23911577463150024
ACH-001106,10027278,0,0.16136907041072845
ACH-001106,10196499,0,0.09523193538188934
ACH-001106,10302451,0,0.5856257081031799
ACH-001106,10390396,0,0.24151800572872162
ACH-001106,10459196,0,0.08691640943288803
ACH-001106,11327430,0,0.21194717288017273
ACH-001106,11373846,0,0.6748194694519043
ACH-001106,11485656,1,0.651302695274353
ACH-001106,11617559,0,0.4011704921722412
ACH-001106,11676786,0,0.6810767650604248
ACH-001106,11977753,0,0.030299106612801552
ACH-001106,159324,0,0.3508893549442291
ACH-001106,16760646,0,0.16439051926136017
ACH-001106,20635522,0,0.15696920454502106
ACH-001106,216326,0,0.517880380153656
ACH-001106,25167777,0,0.53248530626297
ACH-001106,25195352,0,0.18790769577026367
ACH-001106,25222038,0,0.09779814630746841
ACH-001106,25257557,1,0.9827582240104675
ACH-001106,25262965,0,0.3795323967933655
ACH-001106,2726824,0,0.03471255302429199
ACH-001106,2733526,0,0.37600985169410706
ACH-001106,3005532,0,0.0320134237408638
ACH-001106,3463933,0,0.059312596917152405
ACH-001106,36314,0,0.03597257286310196
ACH-001106,447912,1,0.7199507355690002
ACH-001106,448013,0,0.06861519813537598
ACH-001106,46907787,0,0.26992037892341614
ACH-001106,46930998,0,0.17430000007152557
ACH-001106,46931012,1,0.5841317772865295
ACH-001106,521106,1,0.3430338203907013
ACH-001106,5280757,1,0.03814754635095596
ACH-001106,5289247,0,0.5209834575653076
ACH-001106,5291,0,0.5427212715148926
ACH-001106,5328940,0,0.2612302005290985
ACH-001106,5330286,0,0.5843993425369263
ACH-001106,53340664,0,0.6042128801345825
ACH-001106,5394,0,0.5621863603591919
ACH-001106,5459322,0,0.18296195566654205
ACH-001106,54676905,0,0.21002401411533356
ACH-001106,56962337,0,0.3102380633354187
ACH-001106,56965967,1,0.6347721815109253
ACH-001106,5746,0,0.07157352566719055
ACH-001106,60750,0,0.07557479292154312
ACH-001106,6253,0,0.32781505584716797
ACH-001106,6445533,0,0.2575908303260803
ACH-001106,6450551,0,0.28689560294151306
ACH-001106,6505803,0,0.02577846311032772
ACH-001106,66577006,0,0.7010659575462341
ACH-001106,6852167,1,0.627154529094696
ACH-001106,6914657,0,0.08985286206007004
ACH-001106,8249,1,0.4636094570159912
ACH-001106,9858940,0,0.10136428475379944
ACH-001106,9868037,1,0.8098666667938232
ACH-001106,9914412,1,0.4391363263130188
ACH-001190,10172943,0,0.07481049746274948
ACH-001190,10196499,0,0.13437116146087646
ACH-001190,10384072,0,0.09696443378925323
ACH-001190,10451420,0,0.12810185551643372
ACH-001190,10461815,0,0.1588977724313736
ACH-001190,11282283,0,0.08573031425476074
ACH-001190,11338033,0,0.02179349772632122
ACH-001190,11493598,0,0.2174280285835266
ACH-001190,11609586,0,0.14224566519260406
ACH-001190,11634725,0,0.5695555806159973
ACH-001190,123631,0,0.10462984442710876
ACH-001190,126565,1,0.06480272859334946
ACH-001190,160355,0,0.03464008495211601
ACH-001190,16095342,0,0.11640449613332748
ACH-001190,16722836,0,0.015404042787849903
ACH-001190,16747388,0,0.029382389038801193
ACH-001190,17755052,0,0.024378659203648567
ACH-001190,20635522,0,0.13059675693511963
ACH-001190,23725625,0,0.10561478137969971
ACH-001190,25126798,0,0.034894637763500214
ACH-001190,44137675,0,0.11673202365636826
ACH-001190,44224160,0,0.013050095178186893
ACH-001190,4993,0,0.19521333277225494
ACH-001190,5311,0,0.08441326767206192
ACH-001190,53340664,0,0.031160462647676468
ACH-001190,54676905,0,0.09514610469341278
ACH-001190,56962337,0,0.08226215094327927
ACH-001190,57339144,0,0.05414270982146263
ACH-001190,5746,0,0.042534343898296356
ACH-001190,6445533,0,0.026966510340571404
ACH-001190,6753378,0,0.03262271359562874
ACH-001190,85668777,0,0.20187820494174957
ACH-001190,9549184,0,0.1731024533510208
ACH-001190,9813758,0,0.040986381471157074
ACH-001190,9826528,1,0.8496803045272827
ACH-001190,9952773,0,0.03278428316116333
ACH-001190,9956222,0,0.026377802714705467
ACH-001306,10196499,0,0.14558002352714539
ACH-001306,10200390,0,0.01088031567633152
ACH-001306,10384072,0,0.06053251028060913
ACH-001306,11178236,0,0.054506972432136536
ACH-001306,11609586,0,0.0670924037694931
ACH-001306,11624601,0,0.06231406703591347
ACH-001306,11707110,1,0.585150957107544
ACH-001306,11960529,0,0.13797101378440857
ACH-001306,126565,0,0.028390685096383095
ACH-001306,126941,0,0.044695813208818436
ACH-001306,16725726,0,0.11098673939704895
ACH-001306,17755052,0,0.031076882034540176
ACH-001306,2314623,0,0.11991400271654129
ACH-001306,24180719,1,0.22137051820755005
ACH-001306,24785538,0,0.10091595351696014
ACH-001306,25022668,0,0.014274484477937222
ACH-001306,25195352,0,0.022601859644055367
ACH-001306,25222038,0,0.036208488047122955
ACH-001306,3385,0,0.020429573953151703
ACH-001306,42640,0,0.19401204586029053
ACH-001306,44182295,0,0.18847228586673737
ACH-001306,44819241,0,0.10880111902952194
ACH-001306,46883536,0,0.02491346374154091
ACH-001306,46907787,0,0.04851541295647621
ACH-001306,46943432,0,0.01714932918548584
ACH-001306,49806720,0,0.04949583858251572
ACH-001306,5208,0,0.06461057811975479
ACH-001306,5311,0,0.05614876747131348
ACH-001306,5328940,0,0.03625931963324547
ACH-001306,53302361,0,0.11353634297847748
ACH-001306,53340664,0,0.019811857491731644
ACH-001306,56965967,0,0.012419935315847397
ACH-001306,57339144,0,0.04439585283398628
ACH-001306,5746,0,0.0659913495182991
ACH-001306,9813758,0,0.01905008777976036
ACH-001306,9868037,0,0.017094602808356285
ACH-001306,9884685,0,0.012353727594017982
ACH-001306,9903786,0,0.008870499208569527
ACH-001306,9914412,0,0.01114400289952755
ACH-001306,9938202,0,0.19579188525676727
ACH-001307,10127622,0,0.24137067794799805
ACH-001307,10196499,0,0.23876668512821198
ACH-001307,10451420,0,0.12185302376747131
ACH-001307,11485656,0,0.07006233185529709
ACH-001307,11617559,0,0.13535849750041962
ACH-001307,11647372,0,0.04167238622903824
ACH-001307,11667893,0,0.2824455201625824
ACH-001307,159324,1,0.10461647063493729
ACH-001307,24756910,0,0.09178261458873749
ACH-001307,24772860,0,0.03619517758488655
ACH-001307,24785538,0,0.17556098103523254
ACH-001307,24826799,0,0.12030883878469467
ACH-001307,24978538,0,0.14092881977558136
ACH-001307,25022668,0,0.10417969524860382
ACH-001307,25102847,0,0.1460626721382141
ACH-001307,31703,0,0.08216322958469391
ACH-001307,444795,0,0.11055852472782135
ACH-001307,46883536,0,0.03879954293370247
ACH-001307,46885626,0,0.07468517869710922
ACH-001307,46943432,0,0.04167356714606285
ACH-001307,5113032,1,0.08249081671237946
ACH-001307,521106,0,0.05188431218266487
ACH-001307,5278396,0,0.12951678037643433
ACH-001307,5280757,1,0.26838383078575134
ACH-001307,5311497,0,0.14601139724254608
ACH-001307,5328940,0,0.1422615498304367
ACH-001307,53340664,0,0.04636756703257561
ACH-001307,5460769,0,0.258712500333786
ACH-001307,54685215,1,0.20483826100826263
ACH-001307,6450551,0,0.09772708266973495
ACH-001307,6852167,0,0.0456894114613533
ACH-001307,704473,0,0.12109365314245224
ACH-001307,82146,0,0.2794138491153717
ACH-001307,9810884,0,0.4623918831348419
ACH-001307,9813758,0,0.059236228466033936
ACH-001307,9868037,0,0.06774541735649109
ACH-001307,9914412,0,0.030695242807269096
