cell_id,drug_id,label,prediction
ACH-000001,10027278,0,0.013708123005926609
ACH-000001,10109823,0,0.007264290936291218
ACH-000001,10113978,0,0.12332525849342346
ACH-000001,11667893,0,0.11152980476617813
ACH-000001,11707110,0,0.00183983298484236
ACH-000001,11713159,0,0.010206461884081364
ACH-000001,17755052,0,0.06010176241397858
ACH-000001,2314623,0,0.08038251101970673
ACH-000001,24180719,0,0.0027853213250637054
ACH-000001,25124816,0,0.09432060271501541
ACH-000001,25262965,0,0.03371524065732956
ACH-000001,2733526,0,0.10451435297727585
ACH-000001,3005532,0,0.01887540891766548
ACH-000001,42642645,0,0.0006546710501424968
ACH-000001,44143370,0,0.00017744455544743687
ACH-000001,44450571,0,0.036202505230903625
ACH-000001,44551660,0,4.316744889365509e-05
ACH-000001,44632017,0,0.0234255138784647
ACH-000001,446378,0,0.065314881503582
ACH-000001,44819241,0,0.020847156643867493
ACH-000001,46191454,0,0.00023833211162127554
ACH-000001,46943432,0,0.00015422301657963544
ACH-000001,5113032,0,0.01617911458015442
ACH-000001,5208,0,0.13471892476081848
ACH-000001,5278396,0,0.04778251796960831
ACH-000001,637858,0,0.014802644960582256
ACH-000001,82146,0,0.11762525886297226
ACH-000001,9826528,0,0.00023734341084491462
ACH-000001,9868037,0,0.0029854662716388702
ACH-000001,9914412,0,0.017485613003373146
ACH-000001,9956119,0,0.1373305320739746
ACH-000002,10077147,0,0.05658202990889549
ACH-000002,10113978,0,0.004516046028584242
ACH-000002,10341154,1,0.3193424642086029
ACH-000002,10451420,0,0.9857956171035767
ACH-000002,10461815,0,0.05980397015810013
ACH-000002,11327430,1,0.012067096307873726
ACH-000002,11493598,0,0.7730842232704163
ACH-000002,11609586,0,0.07194972038269043
ACH-000002,11647372,0,0.01845867931842804
ACH-000002,11676786,1,0.6956724524497986
ACH-000002,123631,0,0.017420532181859016
ACH-000002,1401,0,0.14929383993148804
ACH-000002,148124,0,0.002324951346963644
ACH-000002,159324,0,0.004429595544934273
ACH-000002,16725726,0,0.592115581035614
ACH-000002,16760646,0,0.03288085386157036
ACH-000002,20635522,0,0.01870967634022236
ACH-000002,2314623,0,0.04199197515845299
ACH-000002,23725625,0,0.16099479794502258
ACH-000002,24180719,0,0.3979034125804901
ACH-000002,24756910,0,0.15656274557113647
ACH-000002,24785538,0,0.022706056013703346
ACH-000002,24825971,0,0.00524359755218029
ACH-000002,24951314,0,0.19331449270248413
ACH-000002,25195352,0,0.012274951674044132
ACH-000002,3062316,0,0.11699135601520538
ACH-000002,3463933,0,0.009040940552949905
ACH-000002,36314,0,0.0023762250784784555
ACH-000002,42640,0,0.014835878275334835
ACH-000002,44137675,0,0.004752623848617077
ACH-000002,46883536,1,0.5824654698371887
ACH-000002,46907787,1,0.013503788970410824
ACH-000002,46930998,0,0.01089044101536274
ACH-000002,49836027,0,0.008147974498569965
ACH-000002,4993,0,0.014359520748257637
ACH-000002,51371303,0,0.04709580913186073
ACH-000002,5291,0,0.036829330027103424
ACH-000002,5311510,0,0.009310862049460411
ACH-000002,5328940,0,0.1714659035205841
ACH-000002,5330286,0,0.25444692373275757
ACH-000002,5394,0,0.21095770597457886
ACH-000002,560326,0,0.02198689803481102
ACH-000002,56965967,0,0.5104950070381165
ACH-000002,5717801,0,0.003288284642621875
ACH-000002,6445533,0,0.08210332691669464
ACH-000002,6753378,0,0.33524414896965027
ACH-000002,6852167,1,0.651875376701355
ACH-000002,6918638,0,0.28596031665802
ACH-000002,704473,0,0.5576234459877014
ACH-000002,7251185,0,0.044081076979637146
ACH-000002,82146,1,0.011825167573988438
ACH-000002,8249,1,0.2940264642238617
ACH-000002,9826528,1,0.40169981122016907
ACH-000002,9956222,0,0.005340235773473978
ACH-000004,10074640,0,0.22789980471134186
ACH-000004,10109823,0,0.07888364046812057
ACH-000004,10302451,0,0.08527170121669769
ACH-000004,11178236,0,0.02851923555135727
ACH-000004,11364421,0,0.08550655841827393
ACH-000004,11455910,0,0.03061625175178051
ACH-000004,11626560,0,0.1931668221950531
ACH-000004,11626927,1,0.3025408089160919
ACH-000004,11640390,0,0.11211518943309784
ACH-000004,11647372,0,0.31978270411491394
ACH-000004,11676786,0,0.015729261562228203
ACH-000004,160355,0,0.19926385581493378
ACH-000004,16095342,0,0.255599707365036
ACH-000004,16725726,0,0.7420871257781982
ACH-000004,216239,0,0.10151418298482895
ACH-000004,2375,0,0.3692299723625183
ACH-000004,24825971,0,0.1854780614376068
ACH-000004,24889392,1,0.5995634198188782
ACH-000004,24894414,1,0.651339054107666
ACH-000004,25167777,0,0.348799467086792
ACH-000004,25222038,0,0.01866607740521431
ACH-000004,36314,0,0.02978753298521042
ACH-000004,36462,0,0.19948482513427734
ACH-000004,3796,0,0.11050168424844742
ACH-000004,42642645,0,0.10888014733791351
ACH-000004,44551660,1,0.5025640726089478
ACH-000004,462382,0,0.03241000697016716
ACH-000004,46943432,1,0.8758626580238342
ACH-000004,49806720,1,0.4394063353538513
ACH-000004,5208,0,0.15954546630382538
ACH-000004,5384616,1,0.22317638993263245
ACH-000004,5494449,0,0.2680715024471283
ACH-000004,5717801,0,0.1868065744638443
ACH-000004,60750,0,0.033504776656627655
ACH-000004,66577006,0,0.6599259376525879
ACH-000004,76044,0,0.04105469211935997
ACH-000004,9907093,0,0.07964076101779938
ACH-000004,9910224,1,0.5572580695152283
ACH-000006,10027278,0,0.1384320706129074
ACH-000006,10074640,0,0.4553491473197937
ACH-000006,10184653,0,0.06293167918920517
ACH-000006,10459196,0,0.11866436153650284
ACH-000006,10461815,0,0.31543630361557007
ACH-000006,11178236,0,0.01737814024090767
ACH-000006,11364421,0,0.13133111596107483
ACH-000006,11373846,1,0.6251937747001648
ACH-000006,11455910,0,0.035590000450611115
ACH-000006,11609586,0,0.08007081598043442
ACH-000006,11667893,0,0.047663550823926926
ACH-000006,11754511,1,0.7505214810371399
ACH-000006,159324,0,0.24098603427410126
ACH-000006,16720766,1,0.05737987533211708
ACH-000006,176158,0,0.14843526482582092
ACH-000006,208908,0,0.09422972053289413
ACH-000006,23725625,0,0.2744401693344116
ACH-000006,25167777,0,0.5503270626068115
ACH-000006,25195352,0,0.4200890064239502
ACH-000006,31703,0,0.04012186825275421
ACH-000006,36314,0,0.04732885584235191
ACH-000006,42640,1,0.04553195834159851
ACH-000006,42642645,1,0.6132179498672485
ACH-000006,446378,0,0.06653586030006409
ACH-000006,447912,1,0.6620906591415405
ACH-000006,46844147,0,0.3315011262893677
ACH-000006,46930998,0,0.22790376842021942
ACH-000006,5278396,1,0.244929701089859
ACH-000006,5311510,0,0.12890051305294037
ACH-000006,5327091,1,0.0652732327580452
ACH-000006,53340664,1,0.8198429942131042
ACH-000006,53394750,1,0.9579561948776245
ACH-000006,644215,0,0.13190491497516632
ACH-000006,644241,0,0.47364675998687744
ACH-000006,6445533,0,0.3502466082572937
ACH-000006,65110,1,0.395021915435791
ACH-000006,6710780,0,0.13548661768436432
ACH-000006,6918848,0,0.5799401998519897
ACH-000006,71271629,0,0.25932902097702026
ACH-000006,7251185,0,0.32519790530204773
ACH-000006,9874913,0,0.15454459190368652
ACH-000006,9884685,0,0.8003445863723755
ACH-000006,9943465,1,0.04970976710319519
ACH-000006,9956222,0,0.512448787689209
ACH-000007,10027278,0,0.0008562881266698241
ACH-000007,11152667,0,0.003457267303019762
ACH-000007,11178236,0,0.004598754923790693
ACH-000007,11364421,0,0.00711718900129199
ACH-000007,11634725,1,0.6022204160690308
ACH-000007,11713159,0,0.0014516181545332074
ACH-000007,1401,0,0.00703999912366271
ACH-000007,159324,0,0.002014318248257041
ACH-000007,16663089,0,0.0008449393790215254
ACH-000007,176167,0,0.1343049705028534
ACH-000007,176870,1,0.03659384325146675
ACH-000007,216239,0,0.0012903804890811443
ACH-000007,2314623,0,0.018685057759284973
ACH-000007,25167777,0,0.0011725254589691758
ACH-000007,2726824,0,0.015061689540743828
ACH-000007,2733526,0,0.00479046581313014
ACH-000007,300471,0,0.0021161928307265043
ACH-000007,3218,0,0.002813854021951556
ACH-000007,44182295,1,0.5036755800247192
ACH-000007,44450571,0,0.02251054160296917
ACH-000007,444795,0,0.024183472618460655
ACH-000007,46191454,0,0.023421863093972206
ACH-000007,46224516,0,0.008385197259485722
ACH-000007,462382,0,0.022650044411420822
ACH-000007,46844147,0,0.00366226932965219
ACH-000007,46883536,0,0.03829086571931839
ACH-000007,46885626,0,0.06764117628335953
ACH-000007,46943432,0,0.17899130284786224
ACH-000007,49821040,0,0.01890493370592594
ACH-000007,4993,0,0.013327554799616337
ACH-000007,5280757,0,0.008861943148076534
ACH-000007,5311,0,0.004074519965797663
ACH-000007,53394750,0,0.7434075474739075
ACH-000007,5717801,0,0.00010620278044370934
ACH-000007,6918454,1,0.33549684286117554
ACH-000007,9938202,0,0.006736286915838718
ACH-000007,9956119,0,0.04551146179437637
ACH-000007,9967941,0,0.1945248693227768
ACH-000008,10113978,0,0.08940780907869339
ACH-000008,10172943,0,0.15652823448181152
ACH-000008,10390396,0,0.15296466648578644
ACH-000008,11152667,0,0.07236894220113754
ACH-000008,11327430,1,0.19146911799907684
ACH-000008,11338033,0,0.0007302537560462952
ACH-000008,11433190,1,0.6159075498580933
ACH-000008,11455910,1,0.41933923959732056
ACH-000008,11617559,0,0.021547233685851097
ACH-000008,11640390,0,0.20319736003875732
ACH-000008,126565,0,0.16277183592319489
ACH-000008,1401,1,0.31087473034858704
ACH-000008,156422,0,0.3266223669052124
ACH-000008,16722836,0,0.007941104471683502
ACH-000008,16725726,0,0.07367400825023651
ACH-000008,16747388,0,0.12210390716791153
ACH-000008,216239,0,0.0725172609090805
ACH-000008,24776445,1,0.11730620265007019
ACH-000008,25022668,0,0.09595750272274017
ACH-000008,25102847,0,0.04142826050519943
ACH-000008,25124816,0,0.17102955281734467
ACH-000008,25222038,1,0.09276200830936432
ACH-000008,300471,0,0.14098568260669708
ACH-000008,36314,0,0.07453416287899017
ACH-000008,3796,0,0.033558204770088196
ACH-000008,44462760,1,0.8763430714607239
ACH-000008,448013,0,0.06421100348234177
ACH-000008,46224516,0,0.0028271835763007402
ACH-000008,46844147,0,0.016323581337928772
ACH-000008,46930998,0,0.09572223573923111
ACH-000008,49821040,0,0.12287282198667526
ACH-000008,5208,1,0.03664515167474747
ACH-000008,521106,0,0.017308635637164116
ACH-000008,5278396,1,0.1975472867488861
ACH-000008,5280757,0,0.21878556907176971
ACH-000008,5291,0,0.19026951491832733
ACH-000008,5327091,0,0.25596845149993896
ACH-000008,5394,0,0.14586098492145538
ACH-000008,5494449,0,0.10474155843257904
ACH-000008,56965967,0,0.014498617500066757
ACH-000008,60750,0,0.05728505924344063
ACH-000008,644241,1,0.21958404779434204
ACH-000008,6505803,0,0.35486605763435364
ACH-000008,704473,0,0.13428834080696106
ACH-000008,84691,1,0.17014074325561523
ACH-000008,9903786,0,0.002229010919108987
ACH-000009,10027278,0,0.015867194160819054
ACH-000009,10077147,0,0.03278769180178642
ACH-000009,10184653,0,0.057873740792274475
ACH-000009,10461815,0,0.2321014553308487
ACH-000009,11152667,0,0.05447106808423996
ACH-000009,11404337,0,0.015222357586026192
ACH-000009,11647372,0,0.0007483373628929257
ACH-000009,11707110,0,0.848793625831604
ACH-000009,16038120,0,0.021183110773563385
ACH-000009,16095342,0,0.20549382269382477
ACH-000009,16747388,0,0.08399133384227753
ACH-000009,176158,0,0.05451349914073944
ACH-000009,176167,0,0.01460291538387537
ACH-000009,216326,0,0.20967991650104523
ACH-000009,23725625,0,0.11941425502300262
ACH-000009,25102847,0,0.023355314508080482
ACH-000009,25126798,0,0.0711299479007721
ACH-000009,25167777,0,0.0019074904266744852
ACH-000009,2733526,0,0.08999086916446686
ACH-000009,3796,0,0.009897961281239986
ACH-000009,387447,0,0.0693860650062561
ACH-000009,4261,0,0.027228670194745064
ACH-000009,4263900,0,0.021005423739552498
ACH-000009,44182295,1,0.6274909973144531
ACH-000009,446378,0,0.027370154857635498
ACH-000009,44819241,0,0.14679957926273346
ACH-000009,46931012,0,0.002383621409535408
ACH-000009,46943432,0,0.016016140580177307
ACH-000009,49836027,0,0.029137257486581802
ACH-000009,5329102,0,0.008704815059900284
ACH-000009,5384616,0,0.035765767097473145
ACH-000009,560326,0,0.019796334207057953
ACH-000009,56965967,0,0.010629207827150822
ACH-000009,644215,0,0.020673731341958046
ACH-000009,6450551,0,0.08236239105463028
ACH-000009,65110,0,0.11740313470363617
ACH-000009,76044,0,0.003671415150165558
ACH-000009,9826528,1,0.6007593274116516
ACH-000009,9868037,0,0.08501358330249786
ACH-000009,9907093,1,0.06836510449647903
ACH-000009,9914412,0,0.0643453374505043
ACH-000009,9943465,0,0.07518661022186279
ACH-000009,9952773,0,0.0025401634629815817
ACH-000012,10077147,0,0.00713074067607522
ACH-000012,10113978,0,0.14185720682144165
ACH-000012,10451420,0,0.034608226269483566
ACH-000012,11282283,0,0.11049444228410721
ACH-000012,11404337,0,0.02986113354563713
ACH-000012,11713159,0,0.012978178448975086
ACH-000012,123631,1,0.3399536609649658
ACH-000012,1401,0,0.038904618471860886
ACH-000012,16747388,0,0.01685461401939392
ACH-000012,176158,0,0.03510979935526848
ACH-000012,24180719,1,0.03535671532154083
ACH-000012,24776445,0,0.004650896415114403
ACH-000012,24951314,0,0.005534235388040543
ACH-000012,25257557,0,0.47937774658203125
ACH-000012,3005532,0,0.0634639710187912
ACH-000012,3218,0,0.010403482243418694
ACH-000012,3796,1,0.5888760685920715
ACH-000012,44224160,0,0.017096908763051033
ACH-000012,44462760,0,0.01905347965657711
ACH-000012,448013,0,0.009089820086956024
ACH-000012,46224516,0,0.01026453822851181
ACH-000012,46883536,0,0.03924398869276047
ACH-000012,5113032,0,0.020393822342157364
ACH-000012,51371303,0,0.056400664150714874
ACH-000012,5208,0,0.01077268086373806
ACH-000012,5327091,0,0.015780510380864143
ACH-000012,53340664,0,0.018911169841885567
ACH-000012,54676905,0,0.06706222146749496
ACH-000012,56962337,0,0.017803572118282318
ACH-000012,6253,0,0.011756173335015774
ACH-000012,637858,0,0.03303113579750061
ACH-000012,6505803,0,0.028800327330827713
ACH-000012,6852167,0,0.05136394500732422
ACH-000012,6914657,0,0.011029147543013096
ACH-000012,6918848,0,0.0177790317684412
ACH-000012,85668777,0,0.33302927017211914
ACH-000012,9903786,0,0.016206778585910797
ACH-000012,9938202,0,0.05312376469373703
ACH-000018,10096043,0,0.0009217725601047277
ACH-000018,10200390,0,0.00152700359467417
ACH-000018,11404337,0,0.004211730323731899
ACH-000018,11617559,0,0.022432243451476097
ACH-000018,11634725,0,0.0011004930129274726
ACH-000018,11713159,0,0.005215215031057596
ACH-000018,16747388,0,0.0035136411897838116
ACH-000018,24826799,0,0.001986234914511442
ACH-000018,24889392,0,0.00566119933500886
ACH-000018,3463933,0,0.09833819419145584
ACH-000018,3796,0,0.00151322060264647
ACH-000018,44224160,0,0.00011864782572956756
ACH-000018,447912,0,0.027675217017531395
ACH-000018,46885626,0,0.007333084009587765
ACH-000018,46943432,0,0.001250670407898724
ACH-000018,5327091,0,0.037699174135923386
ACH-000018,53302361,0,0.022378167137503624
ACH-000018,5394,0,0.30000701546669006
ACH-000018,6445533,0,0.014557253569364548
ACH-000018,66577006,0,0.004444476682692766
ACH-000018,704473,0,0.02193281427025795
ACH-000018,71271629,0,0.0940142497420311
ACH-000018,9931953,0,0.10145165771245956
ACH-000019,10074640,0,0.05299665033817291
ACH-000019,10109823,1,0.29015159606933594
ACH-000019,10200390,1,0.1113458126783371
ACH-000019,10341154,0,0.033427588641643524
ACH-000019,11316960,0,0.07380197197198868
ACH-000019,11338033,0,0.0005235027056187391
ACH-000019,11617559,0,0.029808107763528824
ACH-000019,11625818,0,0.016644103452563286
ACH-000019,11647372,0,0.0030988850630819798
ACH-000019,11754511,0,0.009492444805800915
ACH-000019,126565,0,0.06466496735811234
ACH-000019,1401,0,0.11633127182722092
ACH-000019,159324,1,0.426149845123291
ACH-000019,176158,1,0.27292749285697937
ACH-000019,176167,0,0.02845921367406845
ACH-000019,2375,0,0.04134463146328926
ACH-000019,24889392,0,0.0331626795232296
ACH-000019,25102847,0,0.07439306378364563
ACH-000019,3218,0,0.07655707001686096
ACH-000019,3796,0,0.035614263266325
ACH-000019,4263900,1,0.2547092139720917
ACH-000019,42642645,0,0.058200400322675705
ACH-000019,44224160,0,0.001864871010184288
ACH-000019,448013,1,0.5715700387954712
ACH-000019,5208,0,0.30783745646476746
ACH-000019,56965967,0,0.010088924318552017
ACH-000019,5746,1,0.2728062868118286
ACH-000019,6253,0,0.08009764552116394
ACH-000019,65110,0,0.019579831510782242
ACH-000019,6918289,0,0.11723088473081589
ACH-000019,8249,1,0.019065426662564278
ACH-000019,9868037,0,0.031182732433080673
ACH-000019,9874913,0,0.05662792548537254
ACH-000019,9884685,0,0.0014839902287349105
ACH-000019,9910224,0,0.014162695035338402
ACH-000019,9911830,0,0.041751667857170105
ACH-000019,9938202,1,0.0499684140086174
ACH-000019,9956222,0,0.007157605141401291
ACH-000020,11707110,0,0.011824664659798145
ACH-000020,11960529,1,0.31162357330322266
ACH-000020,126565,0,0.028675729408860207
ACH-000020,1401,0,0.24747516214847565
ACH-000020,148124,0,0.019399572163820267
ACH-000020,17755052,0,0.021962210536003113
ACH-000020,2314623,1,0.36713317036628723
ACH-000020,24180719,0,0.09932795912027359
ACH-000020,51371303,1,0.338979572057724
ACH-000020,54685215,1,0.07202479243278503
ACH-000020,637858,0,0.16480101644992828
ACH-000020,9931953,0,0.30947819352149963
ACH-000023,10027278,0,0.14331170916557312
ACH-000023,10184653,0,0.1144319623708725
ACH-000023,11178236,0,0.005587391555309296
ACH-000023,11640390,0,0.020547088235616684
ACH-000023,11713159,0,0.32062044739723206
ACH-000023,216326,0,0.008552324026823044
ACH-000023,24826799,0,0.014300688169896603
ACH-000023,2733526,0,0.05104831978678703
ACH-000023,44224160,0,0.00013143823889549822
ACH-000023,5113032,0,0.01271124929189682
ACH-000023,5289247,0,0.002202213043347001
ACH-000023,5311497,0,0.0986790731549263
ACH-000023,5460769,0,0.07960829883813858
ACH-000023,60750,0,0.053938571363687515
ACH-000023,644241,0,0.020232517272233963
ACH-000023,66577006,0,0.0014994749799370766
ACH-000023,6918289,0,0.02462060935795307
ACH-000023,9858940,1,0.041491009294986725
ACH-000023,9868037,0,0.003790015121921897
ACH-000023,9938202,0,0.02046741172671318
ACH-000023,9956222,0,0.000747647718526423
ACH-000024,10077147,0,0.02250880002975464
ACH-000024,10109823,0,0.0950893834233284
ACH-000024,10172943,0,0.02606668323278427
ACH-000024,10196499,0,0.07108862698078156
ACH-000024,10200390,0,0.03420203924179077
ACH-000024,10302451,0,0.11901049315929413
ACH-000024,11152667,0,0.024864928796887398
ACH-000024,11178236,0,0.011509396135807037
ACH-000024,11617559,0,0.23379117250442505
ACH-000024,11667893,0,0.03083343245089054
ACH-000024,11844351,0,0.09306313842535019
ACH-000024,16038120,1,0.04664172604680061
ACH-000024,16663089,0,0.0598771795630455
ACH-000024,20635522,0,0.01400128286331892
ACH-000024,208908,0,0.07849826663732529
ACH-000024,216239,0,0.042751751840114594
ACH-000024,24772860,0,0.07394252717494965
ACH-000024,24894414,0,0.4330520033836365
ACH-000024,25257557,1,0.9939574003219604
ACH-000024,25262965,0,0.04079171642661095
ACH-000024,3005532,0,0.014115770347416401
ACH-000024,31703,0,0.002337028505280614
ACH-000024,3385,0,0.050776999443769455
ACH-000024,42640,0,0.0356164425611496
ACH-000024,44182295,0,0.0018267201958224177
ACH-000024,44450571,0,0.0318823903799057
ACH-000024,444795,0,0.09357811510562897
ACH-000024,44632017,0,0.007806986570358276
ACH-000024,446378,0,0.020869780331850052
ACH-000024,44819241,0,0.03941797465085983
ACH-000024,462382,1,0.011062276549637318
ACH-000024,46883536,0,0.34041348099708557
ACH-000024,46885626,1,0.5016015768051147
ACH-000024,46907787,1,0.0623200498521328
ACH-000024,46930998,0,0.09937027096748352
ACH-000024,51371303,0,0.03842549026012421
ACH-000024,5208,0,0.02337862364947796
ACH-000024,521106,0,0.025925174355506897
ACH-000024,5280757,0,0.05850740149617195
ACH-000024,5291,0,0.21885602176189423
ACH-000024,5311,0,0.03895966708660126
ACH-000024,5329102,0,0.023553773760795593
ACH-000024,5459322,0,0.03794509917497635
ACH-000024,60750,0,0.003479822538793087
ACH-000024,637858,0,0.01901535876095295
ACH-000024,76044,0,0.00444766553118825
ACH-000024,85668777,0,0.03086879290640354
ACH-000024,9549184,0,0.44452837109565735
ACH-000024,9943465,0,0.024565601721405983
ACH-000035,104842,0,3.9855021896073595e-05
ACH-000035,2314623,0,0.0013211827026680112
ACH-000035,71271629,0,2.8942997232661583e-05
ACH-000035,9931953,0,0.00023005835828371346
ACH-000038,10096043,0,6.904476322233677e-05
ACH-000038,10341154,1,0.002433353802189231
ACH-000038,10384072,0,0.0005145756294950843
ACH-000038,11152667,0,0.0008896972285583615
ACH-000038,11316960,0,0.00945733767002821
ACH-000038,11624601,0,0.0025626032147556543
ACH-000038,11707110,0,0.0409819558262825
ACH-000038,11713159,0,0.0001616185181774199
ACH-000038,11844351,0,0.0072321780025959015
ACH-000038,123631,0,0.0056038363836705685
ACH-000038,126565,0,0.003972954582422972
ACH-000038,1401,0,0.0037126599345356226
ACH-000038,156422,0,0.007592230103909969
ACH-000038,16038120,0,0.00023207464255392551
ACH-000038,176158,0,0.00116038101259619
ACH-000038,20635522,0,0.00022028959938324988
ACH-000038,24825971,0,0.0010286008473485708
ACH-000038,24978538,1,0.6216173768043518
ACH-000038,2726824,0,0.017339983955025673
ACH-000038,2733526,1,0.007680477108806372
ACH-000038,3005532,0,0.0011867400025948882
ACH-000038,31703,0,0.00010831187682924792
ACH-000038,3218,0,0.002133292844519019
ACH-000038,3463933,0,0.005860335659235716
ACH-000038,36462,0,0.000727327074855566
ACH-000038,49821040,0,0.008333500474691391
ACH-000038,521106,0,0.0005156646366231143
ACH-000038,5327091,0,0.00028243742417544127
ACH-000038,637858,0,0.0041496846824884415
ACH-000038,6445533,0,0.005249684676527977
ACH-000038,76044,0,3.661606751848012e-05
ACH-000038,9858940,0,0.00915496051311493
ACH-000038,9863776,0,0.002783271949738264
ACH-000038,9938202,0,0.003952492494136095
ACH-000040,104842,0,0.00894999224692583
ACH-000040,11316960,0,0.00691775931045413
ACH-000040,11455910,0,0.022036097943782806
ACH-000040,11625818,0,0.011038434691727161
ACH-000040,11640390,0,0.0028913645073771477
ACH-000040,11707110,0,0.0023309870157390833
ACH-000040,11960529,0,0.02723752334713936
ACH-000040,123631,0,0.05646500363945961
ACH-000040,148124,0,0.019386351108551025
ACH-000040,16722836,0,0.0001430356060154736
ACH-000040,176158,0,0.05582304298877716
ACH-000040,17755052,0,0.04510270059108734
ACH-000040,25195352,0,0.0001777341094566509
ACH-000040,300471,0,0.057205479592084885
ACH-000040,3463933,0,0.06529347598552704
ACH-000040,42640,0,0.20439761877059937
ACH-000040,44551660,0,0.00020327478705439717
ACH-000040,46191454,0,0.001226632623001933
ACH-000040,49806720,0,0.016726631671190262
ACH-000040,5311,0,0.010077929124236107
ACH-000040,5328940,0,0.0034643022809177637
ACH-000040,5394,0,0.045030005276203156
ACH-000040,5459322,0,0.08161985129117966
ACH-000040,56962337,0,0.03877703472971916
ACH-000040,57339144,0,0.040520377457141876
ACH-000040,6253,0,0.0021963666658848524
ACH-000040,6445533,0,0.013952888548374176
ACH-000040,6505803,0,0.0016920623602345586
ACH-000040,65110,0,0.006779148243367672
ACH-000040,66577006,0,0.005559784360229969
ACH-000040,6918454,0,0.0002862052933778614
ACH-000040,6918848,0,0.0003219118807464838
ACH-000040,9813758,0,0.0046086618676781654
ACH-000040,9914412,0,0.006564043927937746
ACH-000040,9938202,1,0.13678300380706787
ACH-000040,9952773,0,0.0006983166094869375
ACH-000042,104842,0,0.0009871174115687609
ACH-000042,11624601,0,0.03924673795700073
ACH-000042,11647372,0,0.006206464022397995
ACH-000042,11667893,1,0.046271294355392456
ACH-000042,123631,0,0.21091267466545105
ACH-000042,126941,0,0.00954802893102169
ACH-000042,16725726,0,0.16811732947826385
ACH-000042,16747388,0,0.06747503578662872
ACH-000042,24772860,0,0.009589886292815208
ACH-000042,24894414,0,0.014531120657920837
ACH-000042,25262965,0,0.001375942607410252
ACH-000042,2726824,0,0.03742019459605217
ACH-000042,36462,0,0.0008571933722123504
ACH-000042,42640,0,0.007104671094566584
ACH-000042,44137675,0,0.008767406456172466
ACH-000042,44450571,0,0.04773388057947159
ACH-000042,44632017,0,0.0006921975291334093
ACH-000042,5278396,0,0.0015693361638113856
ACH-000042,5330286,0,0.008051740005612373
ACH-000042,5460769,0,0.008186845108866692
ACH-000042,56962337,0,0.006188084837049246
ACH-000042,56965967,0,0.02229071594774723
ACH-000042,5746,0,0.004245610907673836
ACH-000042,60750,0,0.0020260398741811514
ACH-000042,65110,0,0.009543790481984615
ACH-000042,9826528,1,0.747668445110321
ACH-000042,9858940,0,0.04013224318623543
ACH-000042,9914412,0,0.0018692512530833483
ACH-000046,10109823,1,0.12767177820205688
ACH-000046,10200390,0,0.0020242067985236645
ACH-000046,11282283,0,0.030107442289590836
ACH-000046,11373846,0,0.0009181341156363487
ACH-000046,11617559,0,0.005652369931340218
ACH-000046,11754511,0,0.0005385674885474145
ACH-000046,148124,0,0.10398527979850769
ACH-000046,159324,0,0.04173537343740463
ACH-000046,176167,0,0.009996369481086731
ACH-000046,216326,0,0.012179397977888584
ACH-000046,24772860,0,3.715728234965354e-05
ACH-000046,25167777,0,0.0003908767248503864
ACH-000046,25195352,0,0.0006952231633476913
ACH-000046,25257557,1,0.0797225683927536
ACH-000046,42640,0,0.040965743362903595
ACH-000046,44462760,1,0.1093108132481575
ACH-000046,448013,0,0.0410568006336689
ACH-000046,46907787,0,0.012435215525329113
ACH-000046,560326,0,0.005441480781883001
ACH-000046,6253,0,0.011878369376063347
ACH-000046,6445562,0,0.012602499686181545
ACH-000046,6450551,0,0.004311667289584875
ACH-000046,6710780,0,0.0075946953147649765
ACH-000046,6914657,0,0.0014768358087167144
ACH-000046,82146,0,0.06282853335142136
ACH-000046,8249,0,0.007546477019786835
ACH-000046,9868037,0,0.004371186718344688
ACH-000046,9884685,0,9.007401240523905e-05
ACH-000046,9910224,0,0.002646595938131213
ACH-000046,9931953,0,0.03985028341412544
ACH-000046,9938202,0,0.058483999222517014
ACH-000046,9952773,0,0.0007711029029451311
ACH-000047,10384072,0,0.04916856810450554
ACH-000047,104842,0,0.0096015315502882
ACH-000047,11178236,0,0.04799683764576912
ACH-000047,11327430,0,0.0435633510351181
ACH-000047,11364421,0,0.056834299117326736
ACH-000047,11433190,0,0.07602701336145401
ACH-000047,11624601,0,0.12280935794115067
ACH-000047,123631,1,0.30693319439888
ACH-000047,159324,0,0.308281809091568
ACH-000047,16760646,0,0.03499310836195946
ACH-000047,24180719,0,0.023468274623155594
ACH-000047,24889392,0,0.04105737432837486
ACH-000047,25102847,0,0.03286539390683174
ACH-000047,25167777,1,0.011567261070013046
ACH-000047,25222038,1,0.06525526195764542
ACH-000047,4261,0,0.030272798612713814
ACH-000047,444795,0,0.05725061893463135
ACH-000047,46191454,0,0.0024965936318039894
ACH-000047,46943432,0,0.004348853603005409
ACH-000047,5113032,0,0.03854593262076378
ACH-000047,5278396,0,0.06237463653087616
ACH-000047,5311,0,0.007532097864896059
ACH-000047,5311497,0,0.020865950733423233
ACH-000047,53302361,0,0.0878896415233612
ACH-000047,6253,0,0.009139570407569408
ACH-000047,644215,0,0.1569971740245819
ACH-000047,6445533,0,0.05545690283179283
ACH-000047,6445562,0,0.02872331626713276
ACH-000047,6450551,0,0.010853365994989872
ACH-000047,6918454,0,0.056097328662872314
ACH-000047,7251185,1,0.016598889604210854
ACH-000047,9868037,0,0.019984392449259758
ACH-000047,9967941,0,0.04133334010839462
ACH-000048,10027278,1,0.17972804605960846
ACH-000048,10113978,1,0.6324777603149414
ACH-000048,10184653,0,0.34693586826324463
ACH-000048,10196499,0,0.617415189743042
ACH-000048,11152667,0,0.022643202915787697
ACH-000048,11404337,0,0.17414738237857819
ACH-000048,11609586,0,0.05296961963176727
ACH-000048,11640390,0,0.23433975875377655
ACH-000048,11707110,0,0.02912244200706482
ACH-000048,11754511,0,0.1028851792216301
ACH-000048,148124,0,0.34047770500183105
ACH-000048,176167,1,0.29976221919059753
ACH-000048,24756910,0,0.14112867414951324
ACH-000048,24978538,0,0.28026795387268066
ACH-000048,25022668,1,0.33551475405693054
ACH-000048,25222038,0,0.17039360105991364
ACH-000048,25257557,1,0.9322735071182251
ACH-000048,300471,0,0.11590960621833801
ACH-000048,3005532,1,0.23688217997550964
ACH-000048,42642645,0,0.15160442888736725
ACH-000048,44450571,0,0.1402883380651474
ACH-000048,444795,0,0.17761245369911194
ACH-000048,44551660,0,0.027644852176308632
ACH-000048,447912,0,0.05399472266435623
ACH-000048,46224516,0,0.030602656304836273
ACH-000048,46885626,1,0.1091754361987114
ACH-000048,46930998,0,0.32345670461654663
ACH-000048,5327091,0,0.0762748196721077
ACH-000048,53394750,0,0.32055237889289856
ACH-000048,560326,1,0.1159406453371048
ACH-000048,57339144,0,0.08406376838684082
ACH-000048,60750,1,0.07786989212036133
ACH-000048,644241,0,0.08467839658260345
ACH-000048,6445533,0,0.27416685223579407
ACH-000048,6445562,0,0.4149504601955414
ACH-000048,6450816,1,0.20500412583351135
ACH-000048,66577006,1,0.22318674623966217
ACH-000048,6753378,0,0.04397184029221535
ACH-000048,6852167,0,0.12124906480312347
ACH-000048,6918848,0,0.03520370274782181
ACH-000048,9952773,1,0.3184807598590851
ACH-000050,10184653,0,0.27143755555152893
ACH-000050,11455910,0,0.15446428954601288
ACH-000050,176158,0,0.3849467933177948
ACH-000050,216326,1,0.7324211001396179
ACH-000050,24180719,0,0.6456145644187927
ACH-000050,6918289,1,0.4830726087093353
ACH-000050,9858940,0,0.35343217849731445
ACH-000052,10077147,0,0.001528967753984034
ACH-000052,10196499,0,0.016149137169122696
ACH-000052,10384072,0,0.151268869638443
ACH-000052,104842,1,0.046171799302101135
ACH-000052,11373846,0,0.00020357173343654722
ACH-000052,11617559,1,0.0021989683154970407
ACH-000052,11640390,0,0.0015740831149742007
ACH-000052,11977753,0,0.09002205729484558
ACH-000052,176167,0,0.0016348438803106546
ACH-000052,2375,0,0.03428998216986656
ACH-000052,24826799,0,0.00010954096796922386
ACH-000052,24978538,0,0.012757986783981323
ACH-000052,42642645,0,5.557540862355381e-05
ACH-000052,44137675,0,0.11207050085067749
ACH-000052,44462760,1,0.002093834336847067
ACH-000052,44819241,1,0.2268325686454773
ACH-000052,46843772,0,0.022415470331907272
ACH-000052,46907787,0,0.00797958392649889
ACH-000052,46930998,0,0.017490101978182793
ACH-000052,5289247,0,0.0007268202025443316
ACH-000052,53302361,0,0.003065266879275441
ACH-000052,53394750,0,0.0013115721521899104
ACH-000052,560326,0,0.004697906319051981
ACH-000052,56965967,0,0.00020933548512402922
ACH-000052,637858,1,0.19839435815811157
ACH-000052,6450816,0,0.00027281290385872126
ACH-000052,6918638,0,6.127308733994141e-05
ACH-000052,71271629,0,0.025538595393300056
ACH-000052,9884685,0,5.339357812772505e-05
ACH-000052,9911830,0,0.0006852424121461809
ACH-000052,9938202,0,0.0853595957159996
ACH-000054,10077147,0,0.0768585354089737
ACH-000054,10096043,0,0.051986031234264374
ACH-000054,11316960,0,0.7380727529525757
ACH-000054,11485656,0,0.024099208414554596
ACH-000054,1401,0,0.48828479647636414
ACH-000054,16722836,0,0.0009111957624554634
ACH-000054,16725726,0,0.02562996745109558
ACH-000054,176158,0,0.33305689692497253
ACH-000054,23725625,1,0.5166229009628296
ACH-000054,24772860,0,0.00011767153046093881
ACH-000054,24894414,0,0.0062559484504163265
ACH-000054,24978538,0,0.04953959211707115
ACH-000054,25124816,0,0.11870837211608887
ACH-000054,25195352,0,0.0007266879547387362
ACH-000054,25257557,1,0.3660043478012085
ACH-000054,3005532,1,0.36231738328933716
ACH-000054,3385,0,0.04521980881690979
ACH-000054,36462,1,0.5200695991516113
ACH-000054,3796,0,0.004364328924566507
ACH-000054,42640,0,0.12157481908798218
ACH-000054,42642645,0,0.00942998006939888
ACH-000054,44450571,0,0.46311497688293457
ACH-000054,46224516,0,0.0006337722879834473
ACH-000054,46930998,0,0.00984889455139637
ACH-000054,5280757,0,0.507348895072937
ACH-000054,5311,0,0.1020718663930893
ACH-000054,5311497,0,0.25389939546585083
ACH-000054,5327091,1,0.5053007006645203
ACH-000054,53302361,0,0.09381289035081863
ACH-000054,5459322,0,0.4073885381221771
ACH-000054,56965967,0,0.004742743447422981
ACH-000054,6445533,0,0.04423461854457855
ACH-000054,6505803,0,0.2938428521156311
ACH-000054,6852167,0,0.0007248561596497893
ACH-000054,6918638,0,0.000435484602348879
ACH-000054,6918848,0,0.0003184570523444563
ACH-000054,9810884,0,0.033317793160676956
ACH-000054,9858940,0,0.3068527281284332
ACH-000054,9863776,0,0.6388663649559021
ACH-000054,9943465,0,0.28138041496276855
ACH-000054,9952773,0,0.0005874834023416042
ACH-000054,9956222,0,0.00023258745204657316
ACH-000055,10184653,0,0.010069988667964935
ACH-000055,11152667,0,0.02165738306939602
ACH-000055,11327430,0,0.3803209364414215
ACH-000055,11433190,1,0.12591467797756195
ACH-000055,11493598,0,0.0007807259680703282
ACH-000055,11617559,0,0.04713471233844757
ACH-000055,11625818,0,0.02367999777197838
ACH-000055,11626927,0,0.04720117896795273
ACH-000055,11640390,0,0.003152379998937249
ACH-000055,11844351,0,0.00509738689288497
ACH-000055,11977753,0,0.008663056418299675
ACH-000055,123631,0,0.004551032092422247
ACH-000055,126941,0,0.2166944295167923
ACH-000055,156422,0,0.010097157210111618
ACH-000055,160355,0,0.06762461364269257
ACH-000055,16038120,0,0.0006431753863580525
ACH-000055,16722836,0,0.0013365853810682893
ACH-000055,16760646,0,0.20044110715389252
ACH-000055,176870,0,0.03018089011311531
ACH-000055,17755052,0,0.4144706428050995
ACH-000055,2314623,0,0.10422369837760925
ACH-000055,24825971,0,0.049332309514284134
ACH-000055,24889392,0,0.12129192799329758
ACH-000055,24951314,0,0.0047228094190359116
ACH-000055,25126798,0,0.09186090528964996
ACH-000055,25195352,0,0.00040550652192905545
ACH-000055,300471,0,0.006388932466506958
ACH-000055,3218,0,0.06377723067998886
ACH-000055,3463933,0,0.005203934386372566
ACH-000055,3796,0,0.0006192041910253465
ACH-000055,4261,0,0.0035815478768199682
ACH-000055,44224160,0,0.005497368052601814
ACH-000055,44819241,0,0.2061220407485962
ACH-000055,46224516,0,0.0038842514622956514
ACH-000055,462382,0,0.0033525945618748665
ACH-000055,46885626,0,0.0648437887430191
ACH-000055,46943432,0,0.014104665257036686
ACH-000055,4993,0,0.00798360537737608
ACH-000055,5208,0,0.027873286977410316
ACH-000055,521106,0,0.012245174497365952
ACH-000055,5311497,0,0.0014220976736396551
ACH-000055,5311510,0,0.016166267916560173
ACH-000055,5330286,0,0.00933124776929617
ACH-000055,5459322,0,0.020690636709332466
ACH-000055,54676905,0,0.12137195467948914
ACH-000055,54685215,0,0.0058631254360079765
ACH-000055,5746,0,0.009154039435088634
ACH-000055,60750,0,0.002312286291271448
ACH-000055,637858,0,0.02256479300558567
ACH-000055,6505803,0,0.0004084443498868495
ACH-000055,65110,0,0.08108678460121155
ACH-000055,6852167,0,0.015729349106550217
ACH-000055,6918638,0,0.0035306699573993683
ACH-000055,7251185,0,0.04055316746234894
ACH-000055,76044,0,0.0011879779631271958
ACH-000055,84691,0,0.030013861134648323
ACH-000055,9549184,0,0.011801709420979023
ACH-000055,9903786,0,0.0011555254459381104
ACH-000055,9914412,0,0.1844131350517273
ACH-000055,9943465,0,0.02730443887412548
ACH-000055,9952773,0,0.0021995510905981064
ACH-000055,9956119,0,0.022383365780115128
ACH-000055,9956222,0,0.00859200581908226
ACH-000056,10172943,0,0.19937452673912048
ACH-000056,10196499,0,0.1967403143644333
ACH-000056,104842,1,0.18159417808055878
ACH-000056,11960529,0,0.14665906131267548
ACH-000056,11977753,0,0.03795091435313225
ACH-000056,148124,0,0.07535837590694427
ACH-000056,176158,0,0.22914274036884308
ACH-000056,176870,0,0.2162395864725113
ACH-000056,17755052,0,0.19039174914360046
ACH-000056,24785538,0,0.1990187168121338
ACH-000056,3005532,0,0.09993863850831985
ACH-000056,4263900,0,0.1598796397447586
ACH-000056,444795,1,0.253826767206192
ACH-000056,46907787,0,0.28782182931900024
ACH-000056,46930998,0,0.16254563629627228
ACH-000056,49821040,0,0.34251654148101807
ACH-000056,6253,0,0.3383576273918152
ACH-000056,644215,0,0.08022415637969971
ACH-000056,644241,0,0.6553947329521179
ACH-000056,6450551,0,0.2396015077829361
ACH-000056,6710780,1,0.16229160130023956
ACH-000056,6753378,0,0.1779327094554901
ACH-000056,7251185,0,0.49841296672821045
ACH-000056,76044,0,0.05636640638113022
ACH-000056,82146,0,0.161115825176239
ACH-000056,9826528,0,0.010567298159003258
ACH-000056,9956119,0,0.251916766166687
ACH-000058,10027278,0,0.1558602899312973
ACH-000058,10113978,1,0.30222252011299133
ACH-000058,104842,0,0.025624196976423264
ACH-000058,11485656,0,0.003249702276661992
ACH-000058,11640390,0,0.0036788303405046463
ACH-000058,159324,0,0.27782800793647766
ACH-000058,16747388,0,0.0002013822813751176
ACH-000058,24889392,0,0.004124798811972141
ACH-000058,24894414,0,0.0023851366713643074
ACH-000058,25167777,0,0.001241460326127708
ACH-000058,3005532,0,0.0901886373758316
ACH-000058,3385,0,0.0014696023426949978
ACH-000058,44137675,0,0.4619218409061432
ACH-000058,44462760,0,0.003088273573666811
ACH-000058,44551660,0,7.158060907386243e-05
ACH-000058,46907787,0,0.04053444042801857
ACH-000058,5208,1,0.3964405655860901
ACH-000058,5280757,1,0.17951367795467377
ACH-000058,54676905,1,0.12559688091278076
ACH-000058,56965967,0,0.0004537208587862551
ACH-000058,6914657,0,0.0003623319207690656
ACH-000058,9810884,0,0.007669778075069189
ACH-000058,9813758,0,0.0012806984595954418
ACH-000058,9956119,1,0.1787155270576477
ACH-000058,9956222,0,0.0017333225114271045
ACH-000059,10096043,0,0.219220370054245
ACH-000059,10390396,0,0.31765010952949524
ACH-000059,104842,1,0.24859954416751862
ACH-000059,11327430,0,0.4398152232170105
ACH-000059,11640390,0,0.3171098232269287
ACH-000059,11754511,1,0.8126101493835449
ACH-000059,11960529,1,0.36683350801467896
ACH-000059,11977753,0,0.06254781782627106
ACH-000059,126565,0,0.5667240023612976
ACH-000059,148124,0,0.05945573002099991
ACH-000059,16038120,0,0.2759755253791809
ACH-000059,16722836,1,0.879928469657898
ACH-000059,176158,0,0.3077656328678131
ACH-000059,20635522,0,0.29508745670318604
ACH-000059,208908,0,0.17571154236793518
ACH-000059,24756910,0,0.7483729720115662
ACH-000059,24772860,0,0.6739938259124756
ACH-000059,24894414,0,0.7969678044319153
ACH-000059,24978538,1,0.6612139940261841
ACH-000059,25124816,0,0.10048938542604446
ACH-000059,25167777,1,0.7117291688919067
ACH-000059,387447,0,0.11672110855579376
ACH-000059,44143370,0,0.41336750984191895
ACH-000059,462382,0,0.071495920419693
ACH-000059,46931012,1,0.8470690846443176
ACH-000059,4993,0,0.09547503292560577
ACH-000059,53394750,1,0.9791885018348694
ACH-000059,54676905,0,0.32438597083091736
ACH-000059,56965967,1,0.7522866725921631
ACH-000059,6445562,0,0.5002470016479492
ACH-000059,6450551,1,0.5672298669815063
ACH-000059,65110,1,0.6244021654129028
ACH-000059,6710780,0,0.37431254982948303
ACH-000059,6918638,0,0.6974272727966309
ACH-000059,6918848,1,0.6552393436431885
ACH-000059,9874913,0,0.2619728147983551
ACH-000059,9911830,1,0.7742947340011597
ACH-000059,9938202,0,0.18039359152317047
ACH-000059,9956119,0,0.2991054058074951
ACH-000060,10451420,0,0.058572184294462204
ACH-000060,11178236,0,0.026836123317480087
ACH-000060,11609586,0,0.005096122622489929
ACH-000060,11617559,0,0.03624553978443146
ACH-000060,11640390,1,0.3341069519519806
ACH-000060,11713159,0,0.016392018646001816
ACH-000060,11977753,0,0.01032432820647955
ACH-000060,1401,0,0.017070718109607697
ACH-000060,156422,0,0.09619800001382828
ACH-000060,176167,0,0.12310513108968735
ACH-000060,17755052,0,0.012309415265917778
ACH-000060,24180719,0,0.018395597115159035
ACH-000060,25124816,0,0.17626558244228363
ACH-000060,25262965,0,0.004251295235008001
ACH-000060,2726824,0,0.025389645248651505
ACH-000060,42640,0,0.017274659126996994
ACH-000060,44143370,0,0.1459551602602005
ACH-000060,447912,0,0.005566548090428114
ACH-000060,46943432,0,0.020324068143963814
ACH-000060,5208,0,0.007199235260486603
ACH-000060,5289247,0,0.04309337958693504
ACH-000060,53340664,0,0.011505876667797565
ACH-000060,56962337,0,0.007338292431086302
ACH-000060,5746,0,0.011956466361880302
ACH-000060,60750,0,0.00413351459428668
ACH-000060,637858,0,0.013871890492737293
ACH-000060,6445533,0,0.04788639768958092
ACH-000060,66577006,0,0.025957876816391945
ACH-000060,6753378,0,0.008923153392970562
ACH-000060,8249,0,0.0555548332631588
ACH-000061,10184653,0,0.05305714160203934
ACH-000061,10451420,1,0.9261766672134399
ACH-000061,10459196,0,0.12880158424377441
ACH-000061,11373846,0,0.33584243059158325
ACH-000061,11624601,0,0.06680189073085785
ACH-000061,11640390,0,0.029884150251746178
ACH-000061,11960529,0,0.2562623918056488
ACH-000061,159324,1,0.13894830644130707
ACH-000061,16725726,1,0.9207484722137451
ACH-000061,176870,0,0.23763161897659302
ACH-000061,216239,0,0.026614736765623093
ACH-000061,2314623,0,0.1911531239748001
ACH-000061,25022668,0,0.03517448529601097
ACH-000061,25102847,0,0.11621423810720444
ACH-000061,31703,0,0.011629726737737656
ACH-000061,46191454,1,0.7720866799354553
ACH-000061,46224516,1,0.34090563654899597
ACH-000061,46883536,0,0.554007887840271
ACH-000061,46885626,1,0.5867630243301392
ACH-000061,46931012,1,0.30370205640792847
ACH-000061,521106,0,0.12309204787015915
ACH-000061,5311,0,0.23091571033000946
ACH-000061,53340664,1,0.36132434010505676
ACH-000061,5460769,0,0.1093192771077156
ACH-000061,54676905,0,0.33841758966445923
ACH-000061,54685215,0,0.05018594488501549
ACH-000061,5717801,0,0.26087066531181335
ACH-000061,637858,0,0.04743093624711037
ACH-000061,644215,0,0.19338397681713104
ACH-000061,644241,0,0.12029891461133957
ACH-000061,6505803,0,0.0022644256241619587
ACH-000061,8249,1,0.33015626668930054
ACH-000061,9826308,0,0.0033958503045141697
ACH-000061,9826528,0,0.0004802766488865018
ACH-000061,9910224,0,0.6139650344848633
ACH-000061,9911830,0,0.3909708857536316
ACH-000061,9956119,0,0.16373108327388763
ACH-000062,10077147,0,0.00045128955389373004
ACH-000062,10113978,0,0.017565079033374786
ACH-000062,10459196,0,0.005877016577869654
ACH-000062,11327430,0,0.0008877558866515756
ACH-000062,11433190,0,0.05241484194993973
ACH-000062,11493598,0,0.009562812745571136
ACH-000062,11617559,0,0.017092125490307808
ACH-000062,11634725,0,0.023940637707710266
ACH-000062,11640390,0,0.34548109769821167
ACH-000062,11713159,0,0.003060688963159919
ACH-000062,11977753,0,0.026791006326675415
ACH-000062,1401,0,0.013864502310752869
ACH-000062,16722836,0,0.0004707954649347812
ACH-000062,176158,0,0.007542509585618973
ACH-000062,25124816,0,0.18475693464279175
ACH-000062,25167777,0,0.000645918829832226
ACH-000062,25195352,0,0.0010902772191911936
ACH-000062,25257557,1,0.2449648082256317
ACH-000062,2733526,0,0.014893961139023304
ACH-000062,300471,0,0.033326923847198486
ACH-000062,36462,0,0.001135268248617649
ACH-000062,44137675,0,0.021678682416677475
ACH-000062,44462760,0,0.03319663554430008
ACH-000062,44551660,0,0.00018850047490559518
ACH-000062,448013,0,0.0034216290805488825
ACH-000062,46931012,0,0.00014990271301940084
ACH-000062,521106,0,0.0004966656561009586
ACH-000062,5280757,1,0.026687301695346832
ACH-000062,53302361,0,0.001502402126789093
ACH-000062,53340664,0,0.0003902601602021605
ACH-000062,56965967,0,0.0022479745093733072
ACH-000062,6445533,0,0.013917912729084492
ACH-000062,66577006,0,0.003589118365198374
ACH-000062,6918848,0,0.00040287215961143374
ACH-000062,82146,0,0.009364512749016285
ACH-000062,85668777,0,0.5025931596755981
ACH-000062,9863776,0,0.058736711740493774
ACH-000062,9874913,0,0.17081254720687866
ACH-000062,9884685,0,0.00018749575247056782
ACH-000062,9903786,0,0.00025655009085312486
ACH-000062,9943465,0,0.13977496325969696
ACH-000062,9952773,0,0.0012904561590403318
ACH-000062,9956222,0,0.000605044886469841
ACH-000065,10096043,0,0.08042200654745102
ACH-000065,10461815,1,0.2581629455089569
ACH-000065,11327430,0,0.05447288230061531
ACH-000065,11404337,0,0.1508307307958603
ACH-000065,11433190,1,0.3394051790237427
ACH-000065,11485656,1,0.27902331948280334
ACH-000065,11493598,1,0.8281815052032471
ACH-000065,11626927,0,0.14954733848571777
ACH-000065,11707110,1,0.5795422792434692
ACH-000065,11754511,1,0.7367584705352783
ACH-000065,123631,0,0.04832269623875618
ACH-000065,126565,0,0.11704759299755096
ACH-000065,126941,0,0.34206780791282654
ACH-000065,1401,0,0.10111410170793533
ACH-000065,16038120,1,0.246852308511734
ACH-000065,16663089,0,0.06892713159322739
ACH-000065,176158,0,0.06529364734888077
ACH-000065,24776445,0,0.08632023632526398
ACH-000065,25124816,0,0.036753542721271515
ACH-000065,25126798,1,0.3009852170944214
ACH-000065,25167777,1,0.36931201815605164
ACH-000065,2726824,0,0.041297394782304764
ACH-000065,3005532,0,0.06732708215713501
ACH-000065,3796,0,0.35511550307273865
ACH-000065,42642645,1,0.5590205192565918
ACH-000065,44143370,0,0.41088569164276123
ACH-000065,44462760,0,0.5011568665504456
ACH-000065,448013,0,0.03399694338440895
ACH-000065,44819241,0,0.060038115829229355
ACH-000065,462382,0,0.05031069368124008
ACH-000065,49836027,0,0.05283535271883011
ACH-000065,5289247,1,0.4895687699317932
ACH-000065,5384616,0,0.15035927295684814
ACH-000065,5459322,0,0.04842272028326988
ACH-000065,6253,1,0.1223011463880539
ACH-000065,644241,0,0.3779558539390564
ACH-000065,65110,1,0.24687665700912476
ACH-000065,66577006,0,0.7351323962211609
ACH-000065,6852167,1,0.850629448890686
ACH-000065,6914657,0,0.021162332966923714
ACH-000065,704473,1,0.4094215929508209
ACH-000065,85668777,0,0.06708743423223495
ACH-000065,9810884,1,0.9709905982017517
ACH-000065,9826528,0,0.2273111790418625
ACH-000065,9952773,1,0.5076974630355835
ACH-000065,9956222,0,0.3768632113933563
ACH-000067,10113978,0,0.0024349840823560953
ACH-000067,10200390,0,0.00013167233555577695
ACH-000067,10341154,0,0.007547023706138134
ACH-000067,104842,0,0.06780827790498734
ACH-000067,11485656,0,0.0012911506928503513
ACH-000067,11634725,0,1.5733390682726167e-05
ACH-000067,11977753,0,0.018695641309022903
ACH-000067,16725726,0,0.004793647211045027
ACH-000067,216326,0,0.030008316040039062
ACH-000067,25257557,1,0.0102992607280612
ACH-000067,3005532,0,0.018998777493834496
ACH-000067,3463933,0,0.04896992817521095
ACH-000067,444795,0,0.005492013413459063
ACH-000067,44551660,0,1.83418087544851e-05
ACH-000067,44632017,0,0.04139450937509537
ACH-000067,49806720,0,0.001293112407438457
ACH-000067,5280757,0,0.1981317400932312
ACH-000067,5394,0,0.12937887012958527
ACH-000067,5459322,0,0.18087922036647797
ACH-000067,57339144,0,0.06116359680891037
ACH-000067,6445562,0,0.0003517939185258001
ACH-000067,65110,0,0.0026524916756898165
ACH-000067,6918289,0,0.16769111156463623
ACH-000067,71271629,0,0.020368343219161034
ACH-000067,84691,0,0.0928022563457489
ACH-000067,9813758,0,0.00030936719849705696
ACH-000067,9826528,0,0.0011065502185374498
ACH-000067,9967941,0,0.0006007865886203945
ACH-000070,10127622,0,0.11699352413415909
ACH-000070,10196499,0,0.15330420434474945
ACH-000070,10302451,0,0.15952493250370026
ACH-000070,104842,0,0.587367057800293
ACH-000070,11364421,1,0.20637400448322296
ACH-000070,11373846,1,0.9565887451171875
ACH-000070,11404337,1,0.34421083331108093
ACH-000070,11485656,1,0.8550716042518616
ACH-000070,11624601,1,0.22339043021202087
ACH-000070,11626927,1,0.5654316544532776
ACH-000070,11754511,1,0.9565064907073975
ACH-000070,11960529,0,0.7775013446807861
ACH-000070,123631,0,0.08443070203065872
ACH-000070,126941,1,0.9065337181091309
ACH-000070,159324,0,0.4133112132549286
ACH-000070,176158,1,0.4480011761188507
ACH-000070,17755052,1,0.8853410482406616
ACH-000070,2375,1,0.8527874946594238
ACH-000070,24772860,0,0.9208831191062927
ACH-000070,25195352,0,0.5953100323677063
ACH-000070,25257557,1,0.9983757734298706
ACH-000070,3005532,0,0.18957599997520447
ACH-000070,3062316,1,0.38432577252388
ACH-000070,3218,0,0.849753737449646
ACH-000070,4261,1,0.28721198439598083
ACH-000070,44632017,0,0.27303454279899597
ACH-000070,462382,0,0.15910525619983673
ACH-000070,5278396,1,0.8897188305854797
ACH-000070,5459322,1,0.23980829119682312
ACH-000070,560326,0,0.7984039187431335
ACH-000070,644215,1,0.4447811543941498
ACH-000070,644241,1,0.9095879793167114
ACH-000070,6445533,1,0.8728352189064026
ACH-000070,6505803,0,0.026973595842719078
ACH-000070,65110,1,0.909629225730896
ACH-000070,6753378,1,0.904927670955658
ACH-000070,6918848,1,0.9310342073440552
ACH-000070,704473,1,0.9411112070083618
ACH-000070,9810884,1,0.9962564706802368
ACH-000070,9813758,1,0.8742471933364868
ACH-000070,9868037,1,0.9448065757751465
ACH-000070,9884685,1,0.9482438564300537
ACH-000072,10077147,0,0.28361546993255615
ACH-000072,10200390,0,0.21710430085659027
ACH-000072,104842,0,0.035203419625759125
ACH-000072,11338033,0,0.14716129004955292
ACH-000072,11617559,0,0.14634229242801666
ACH-000072,11667893,0,0.024517185986042023
ACH-000072,11754511,0,0.6163479685783386
ACH-000072,11977753,0,0.01626790501177311
ACH-000072,126565,0,0.2114824503660202
ACH-000072,148124,0,0.012701977975666523
ACH-000072,17755052,0,0.14986859261989594
ACH-000072,208908,0,0.04386436194181442
ACH-000072,216326,0,0.19374717772006989
ACH-000072,25022668,0,0.09338332712650299
ACH-000072,3005532,0,0.04118603467941284
ACH-000072,31703,0,0.014469078741967678
ACH-000072,3385,0,0.33474597334861755
ACH-000072,36314,0,0.02629152685403824
ACH-000072,36462,0,0.03659563511610031
ACH-000072,44137675,0,0.028971197083592415
ACH-000072,44632017,0,0.014544563367962837
ACH-000072,448013,0,0.020359430462121964
ACH-000072,46885626,0,0.8768782019615173
ACH-000072,4993,0,0.026646681129932404
ACH-000072,5280757,0,0.08947103470563889
ACH-000072,5330286,0,0.1495472639799118
ACH-000072,53394750,1,0.9748687148094177
ACH-000072,5394,0,0.0828341394662857
ACH-000072,54676905,0,0.07143174111843109
ACH-000072,6450551,1,0.28983479738235474
ACH-000072,6505803,0,0.013959569856524467
ACH-000072,6710780,0,0.054549578577280045
ACH-000072,6918638,0,0.14050213992595673
ACH-000072,85668777,0,0.0346234105527401
ACH-000072,9863776,0,0.3355950713157654
ACH-000072,9874913,0,0.05510568991303444
ACH-000072,9884685,0,0.08676266670227051
ACH-000072,9931953,0,0.041577231138944626
ACH-000072,9938202,0,0.05272258073091507
ACH-000072,9956222,0,0.04956628754734993
ACH-000073,10074640,0,0.0036974907852709293
ACH-000073,10200390,0,5.198586586629972e-05
ACH-000073,11282283,0,0.4191398024559021
ACH-000073,11327430,0,0.00034733040956780314
ACH-000073,11404337,0,5.746036913478747e-05
ACH-000073,11493598,0,0.0017095699440687895
ACH-000073,11609586,0,0.002822201931849122
ACH-000073,11667893,0,0.0036748163402080536
ACH-000073,11713159,0,3.446069240453653e-05
ACH-000073,123631,0,0.008056067861616611
ACH-000073,126941,0,0.12952272593975067
ACH-000073,16095342,0,0.004847313743084669
ACH-000073,216326,0,0.01863667368888855
ACH-000073,2314623,0,0.02854866161942482
ACH-000073,24776445,0,0.0006280464585870504
ACH-000073,25022668,0,5.4732412536395714e-05
ACH-000073,25222038,0,1.3057575415587053e-05
ACH-000073,44224160,0,0.00012361009430605918
ACH-000073,462382,0,0.001010109786875546
ACH-000073,46843772,0,0.03048660419881344
ACH-000073,49806720,0,0.29936426877975464
ACH-000073,5327091,0,0.0003169365809299052
ACH-000073,53302361,0,0.00023955802316777408
ACH-000073,5330286,0,0.00169751129578799
ACH-000073,5384616,0,0.008653150871396065
ACH-000073,5459322,0,0.010107343085110188
ACH-000073,6445533,0,0.002371804788708687
ACH-000073,6450816,0,0.00015157779853325337
ACH-000073,6852167,0,0.01814933866262436
ACH-000073,8249,0,0.09087154269218445
ACH-000073,9813758,0,0.02001664973795414
ACH-000073,9884685,0,0.0001725425972836092
ACH-000073,9907093,0,0.0017310926923528314
ACH-000073,9914412,0,0.0005566308973357081
ACH-000073,9938202,0,0.017010167241096497
ACH-000074,10074640,1,0.48384252190589905
ACH-000074,10077147,0,0.3128969371318817
ACH-000074,10113978,1,0.08088287711143494
ACH-000074,10200390,0,0.26683399081230164
ACH-000074,104842,0,0.05098632723093033
ACH-000074,11364421,0,0.11832543462514877
ACH-000074,11404337,0,0.10970661044120789
ACH-000074,11455910,0,0.06895118206739426
ACH-000074,11624601,0,0.08081749826669693
ACH-000074,11625818,1,0.6157500743865967
ACH-000074,11640390,0,0.41301122307777405
ACH-000074,24180719,1,0.22721049189567566
ACH-000074,24756910,1,0.725366473197937
ACH-000074,24825971,0,0.16115102171897888
ACH-000074,24826799,1,0.2695600092411041
ACH-000074,25124816,0,0.06777001172304153
ACH-000074,36314,0,0.029661012813448906
ACH-000074,36462,0,0.0818413719534874
ACH-000074,3796,0,0.4549664258956909
ACH-000074,387447,0,0.09448865801095963
ACH-000074,42640,1,0.05782797932624817
ACH-000074,44182295,1,0.2618539333343506
ACH-000074,444795,1,0.37261101603507996
ACH-000074,448013,0,0.02491030842065811
ACH-000074,462382,0,0.07695600390434265
ACH-000074,46885626,0,0.7928958535194397
ACH-000074,5291,0,0.34032583236694336
ACH-000074,5311510,0,0.1307327151298523
ACH-000074,5328940,1,0.197665274143219
ACH-000074,53302361,1,0.26281121373176575
ACH-000074,53340664,1,0.7781158685684204
ACH-000074,5394,1,0.13935063779354095
ACH-000074,54676905,1,0.22600798308849335
ACH-000074,54685215,0,0.048080213367938995
ACH-000074,560326,1,0.31471383571624756
ACH-000074,56965967,1,0.6732177138328552
ACH-000074,637858,0,0.09392665326595306
ACH-000074,644215,0,0.11786794662475586
ACH-000074,6445562,0,0.564656674861908
ACH-000074,6710780,0,0.09346607327461243
ACH-000074,6852167,1,0.8305230140686035
ACH-000074,6918289,0,0.1341555416584015
ACH-000074,6918454,1,0.26230815052986145
ACH-000074,85668777,0,0.12755165994167328
ACH-000074,9549184,1,0.38152608275413513
ACH-000074,9826308,0,0.015801290050148964
ACH-000074,9884685,1,0.8202996253967285
ACH-000074,9907093,0,0.08685652166604996
ACH-000075,10184653,0,0.40074095129966736
ACH-000075,10341154,0,0.0004027005343232304
ACH-000075,10390396,0,0.00030266682733781636
ACH-000075,10451420,0,0.00017361398204229772
ACH-000075,11338033,0,4.373572153326677e-07
ACH-000075,11455910,0,0.05583541840314865
ACH-000075,11485656,0,4.2653649870771915e-05
ACH-000075,11667893,0,0.030091652646660805
ACH-000075,11754511,0,1.354013329546433e-05
ACH-000075,1401,0,0.005290402099490166
ACH-000075,16095342,0,0.0005725400405935943
ACH-000075,16663089,0,1.0619251952448394e-05
ACH-000075,16760646,0,0.0013085041427984834
ACH-000075,2314623,0,0.08869899064302444
ACH-000075,24180719,0,0.08872269093990326
ACH-000075,25126798,0,0.004300608765333891
ACH-000075,25167777,0,5.950172180746449e-06
ACH-000075,387447,0,0.008041315712034702
ACH-000075,4261,0,0.0002120195422321558
ACH-000075,4263900,0,8.797219925327227e-05
ACH-000075,42640,0,0.006094418466091156
ACH-000075,44450571,0,0.06125126779079437
ACH-000075,446378,0,0.0006521604955196381
ACH-000075,46931012,0,1.4628918734160834e-06
ACH-000075,5291,0,0.0003785785229410976
ACH-000075,53302361,0,5.9237067034700885e-05
ACH-000075,5394,0,0.006598140113055706
ACH-000075,644215,0,0.0003723692207131535
ACH-000075,6505803,0,0.0032660921569913626
ACH-000075,6918289,0,0.0068955556489527225
ACH-000075,9549184,0,0.004874101374298334
ACH-000075,9810884,0,0.0011647180654108524
ACH-000075,9826528,0,0.1457730233669281
ACH-000075,9884685,0,1.7599033981241519e-06
ACH-000075,9911830,0,1.8138878658646718e-05
ACH-000075,9914412,0,7.626186561537907e-05
ACH-000075,9931953,0,0.0030732916202396154
ACH-000075,9938202,0,0.011426485143601894
ACH-000075,9952773,0,9.600678822607733e-06
ACH-000078,10027278,0,0.0038169121835380793
ACH-000078,10184653,0,0.007552943658083677
ACH-000078,10196499,0,0.002471602289006114
ACH-000078,10200390,0,0.0037109656259417534
ACH-000078,10302451,0,0.03610757365822792
ACH-000078,11338033,0,0.0019590426236391068
ACH-000078,11485656,1,0.14072851836681366
ACH-000078,123631,0,0.007306757848709822
ACH-000078,160355,0,0.0018441728316247463
ACH-000078,17755052,0,0.00810000579804182
ACH-000078,24772860,0,0.0020554789807647467
ACH-000078,24825971,0,0.002234407002106309
ACH-000078,24894414,0,0.10339277237653732
ACH-000078,25102847,0,0.05973406136035919
ACH-000078,25262965,0,0.03769613429903984
ACH-000078,3062316,0,0.12731415033340454
ACH-000078,3385,1,0.2800314724445343
ACH-000078,462382,0,0.0113752456381917
ACH-000078,46844147,0,0.005581920966506004
ACH-000078,5113032,0,0.06443082541227341
ACH-000078,521106,0,0.00783578585833311
ACH-000078,5280757,0,0.045335303992033005
ACH-000078,5291,0,0.04085234925150871
ACH-000078,5311497,0,0.0014320134650915861
ACH-000078,5328940,0,0.15783202648162842
ACH-000078,5459322,0,0.021326176822185516
ACH-000078,6445562,0,0.006125512532889843
ACH-000078,6918454,0,0.21767134964466095
ACH-000078,6918848,1,0.008797043934464455
ACH-000078,704473,0,0.10443807393312454
ACH-000078,8249,0,0.02454143762588501
ACH-000078,9874913,0,0.006812556181102991
ACH-000081,10109823,0,0.4093228280544281
ACH-000081,10184653,0,0.11260809749364853
ACH-000081,10196499,0,0.33655846118927
ACH-000081,11316960,0,0.12916316092014313
ACH-000081,11373846,1,0.8741869330406189
ACH-000081,11404337,0,0.4660032391548157
ACH-000081,11433190,1,0.38983389735221863
ACH-000081,11485656,1,0.3093276023864746
ACH-000081,11626560,1,0.5532171130180359
ACH-000081,11640390,1,0.44074466824531555
ACH-000081,11676786,1,0.6002287864685059
ACH-000081,126941,0,0.40156930685043335
ACH-000081,156422,0,0.07044889777898788
ACH-000081,176167,0,0.35400182008743286
ACH-000081,23725625,0,0.07839073240756989
ACH-000081,24756910,0,0.8168240189552307
ACH-000081,25124816,0,0.09503085166215897
ACH-000081,25126798,1,0.4633582532405853
ACH-000081,25257557,1,0.9989450573921204
ACH-000081,300471,0,0.029261192306876183
ACH-000081,31703,0,0.23526345193386078
ACH-000081,36314,0,0.36122703552246094
ACH-000081,4261,0,0.11591208726167679
ACH-000081,44143370,0,0.5698211789131165
ACH-000081,44450571,0,0.0637255311012268
ACH-000081,446378,0,0.12003903090953827
ACH-000081,448013,0,0.3348236083984375
ACH-000081,46844147,1,0.3513259291648865
ACH-000081,46883536,0,0.7510690689086914
ACH-000081,46907787,0,0.36648029088974
ACH-000081,5208,0,0.4068819284439087
ACH-000081,5280757,0,0.20261862874031067
ACH-000081,5311,0,0.11842679977416992
ACH-000081,5459322,0,0.07290399074554443
ACH-000081,5717801,0,0.16718384623527527
ACH-000081,57339144,0,0.20672138035297394
ACH-000081,60750,0,0.21328423917293549
ACH-000081,6445533,1,0.6295068264007568
ACH-000081,6445562,1,0.6265701055526733
ACH-000081,6450551,0,0.3130418360233307
ACH-000081,6450816,0,0.26510414481163025
ACH-000081,6505803,0,0.09093885868787766
ACH-000081,66577006,1,0.8816218376159668
ACH-000081,6710780,0,0.12769261002540588
ACH-000081,6753378,0,0.5736080408096313
ACH-000081,704473,1,0.6129981875419617
ACH-000081,71271629,0,0.11140527576208115
ACH-000081,8249,1,0.6356019377708435
ACH-000081,85668777,0,0.09803571552038193
ACH-000081,9810884,1,0.9949343800544739
ACH-000081,9884685,1,0.8284874558448792
ACH-000081,9903786,1,0.9237251877784729
ACH-000082,10113978,1,0.15706101059913635
ACH-000082,10451420,0,0.0016683809226378798
ACH-000082,10459196,0,0.09583534300327301
ACH-000082,11152667,0,0.012481874786317348
ACH-000082,11178236,0,0.024790098890662193
ACH-000082,11282283,0,0.05607696622610092
ACH-000082,11316960,0,0.1207202672958374
ACH-000082,11327430,0,0.03689422085881233
ACH-000082,11433190,0,0.22577287256717682
ACH-000082,11624601,0,0.16784217953681946
ACH-000082,11634725,0,0.009427031502127647
ACH-000082,216326,0,0.04989447817206383
ACH-000082,25102847,0,0.01468518003821373
ACH-000082,25257557,0,0.06628762185573578
ACH-000082,2733526,0,0.09801741689443588
ACH-000082,300471,0,0.1271277517080307
ACH-000082,4263900,0,0.09994376450777054
ACH-000082,44143370,0,0.006413677241653204
ACH-000082,44551660,0,0.00022750883363187313
ACH-000082,44819241,0,0.09147068858146667
ACH-000082,46931012,0,0.00020690621749963611
ACH-000082,49806720,0,0.033066585659980774
ACH-000082,5208,0,0.07477637380361557
ACH-000082,6450816,0,0.0011160201393067837
ACH-000082,65110,0,0.015818333253264427
ACH-000082,66577006,0,0.005105506628751755
ACH-000082,6914657,0,0.0030236924067139626
ACH-000082,71271629,0,0.0325169563293457
ACH-000082,9813758,0,0.005995570681989193
ACH-000082,9903786,0,0.0002033259515883401
ACH-000082,9911830,0,0.011393535882234573
ACH-000082,9943465,0,0.12467706203460693
ACH-000082,9956119,1,0.21939361095428467
ACH-000087,10109823,0,0.20559068024158478
ACH-000087,10451420,0,0.5409247279167175
ACH-000087,10461815,0,0.30720075964927673
ACH-000087,11178236,0,0.02602951042354107
ACH-000087,11316960,0,0.03501630201935768
ACH-000087,11404337,0,0.08966740220785141
ACH-000087,11609586,0,0.047778937965631485
ACH-000087,11624601,0,0.04330148547887802
ACH-000087,11626927,0,0.2931194603443146
ACH-000087,11707110,0,0.021669024601578712
ACH-000087,11754511,1,0.3547981083393097
ACH-000087,11960529,0,0.07427207380533218
ACH-000087,156422,0,0.07562927901744843
ACH-000087,16725726,1,0.6414538025856018
ACH-000087,23725625,1,0.08603395521640778
ACH-000087,24756910,0,0.3290570378303528
ACH-000087,24776445,0,0.07781391590833664
ACH-000087,24785538,1,0.17968012392520905
ACH-000087,25102847,0,0.41371965408325195
ACH-000087,25124816,0,0.10226012766361237
ACH-000087,25167777,0,0.176094189286232
ACH-000087,3463933,0,0.06481235474348068
ACH-000087,387447,0,0.07551243901252747
ACH-000087,44137675,0,0.135398268699646
ACH-000087,44143370,0,0.19927220046520233
ACH-000087,44450571,0,0.08354241400957108
ACH-000087,44462760,0,0.027216004207730293
ACH-000087,44551660,0,0.17104807496070862
ACH-000087,447912,0,0.3668234348297119
ACH-000087,462382,0,0.04740078002214432
ACH-000087,46885626,1,0.4123869240283966
ACH-000087,46931012,0,0.18917280435562134
ACH-000087,4993,1,0.06176334246993065
ACH-000087,5280757,0,0.24124133586883545
ACH-000087,5311,0,0.11651343107223511
ACH-000087,53340664,0,0.4005088806152344
ACH-000087,5384616,0,0.22000129520893097
ACH-000087,5460769,0,0.321153461933136
ACH-000087,56962337,0,0.20285733044147491
ACH-000087,57339144,0,0.1809617131948471
ACH-000087,8249,0,0.20908485352993011
ACH-000087,9549184,0,0.45548924803733826
ACH-000087,9858940,0,0.09100666642189026
ACH-000087,9874913,0,0.19596342742443085
ACH-000087,9903786,0,0.13206453621387482
ACH-000087,9914412,0,0.15549832582473755
ACH-000087,9931953,1,0.07238994538784027
ACH-000090,10074640,0,0.009681466035544872
ACH-000090,10384072,0,0.028464816510677338
ACH-000090,10459196,0,0.019576545804739
ACH-000090,11316960,0,0.04751621186733246
ACH-000090,11327430,0,0.006569945253431797
ACH-000090,11493598,0,0.01034924853593111
ACH-000090,16720766,0,0.11845096200704575
ACH-000090,2314623,0,0.4445742666721344
ACH-000090,24951314,0,0.001444912631995976
ACH-000090,25262965,0,0.0044391946867108345
ACH-000090,3005532,0,0.019220396876335144
ACH-000090,3385,0,0.004559938795864582
ACH-000090,4263900,0,0.0016423215856775641
ACH-000090,44224160,0,0.0038579613901674747
ACH-000090,447912,0,0.014809349551796913
ACH-000090,44819241,0,0.07844287902116776
ACH-000090,46883536,0,0.039528656750917435
ACH-000090,46907787,0,0.017849592491984367
ACH-000090,5113032,0,0.031268954277038574
ACH-000090,5280757,0,0.05216723307967186
ACH-000090,54685215,0,0.048869259655475616
ACH-000090,6445562,0,0.33087611198425293
ACH-000090,6852167,0,0.02444855496287346
ACH-000090,704473,0,0.12514087557792664
ACH-000090,9813758,0,0.13621081411838531
ACH-000090,9874913,0,0.6397721767425537
ACH-000090,9911830,0,0.003656884888187051
ACH-000090,9931953,0,0.059887707233428955
ACH-000090,9938202,0,0.20856523513793945
ACH-000090,9956119,0,0.4146653115749359
ACH-000090,9956222,0,0.011768899857997894
ACH-000091,10074640,0,0.002777670044451952
ACH-000091,10077147,0,0.00016865629004314542
ACH-000091,11373846,0,0.004463785327970982
ACH-000091,11485656,0,0.0006096508586779237
ACH-000091,11624601,1,0.035876043140888214
ACH-000091,11977753,0,0.008847968652844429
ACH-000091,16722836,0,0.00027574432897381485
ACH-000091,24180719,0,0.02269359864294529
ACH-000091,24889392,0,0.0059476569294929504
ACH-000091,24894414,0,0.00411444203928113
ACH-000091,25102847,0,0.0004589621094055474
ACH-000091,2726824,0,0.04869551956653595
ACH-000091,2733526,0,0.011075888760387897
ACH-000091,44632017,0,0.0006767706945538521
ACH-000091,46931012,0,9.754493657965213e-05
ACH-000091,5278396,0,0.0004042432992719114
ACH-000091,5328940,0,0.003711520694196224
ACH-000091,54685215,0,0.014773298986256123
ACH-000091,56962337,0,0.006323870737105608
ACH-000091,57339144,0,0.006965691689401865
ACH-000091,644241,0,0.002767670899629593
ACH-000091,6710780,0,0.0011380992364138365
ACH-000091,8249,0,0.05686354264616966
ACH-000091,84691,1,0.0021236531902104616
ACH-000091,9858940,0,0.035189736634492874
ACH-000091,9868037,0,0.001807222026400268
ACH-000091,9938202,0,0.017181716859340668
ACH-000092,10027278,0,0.0004772912070620805
ACH-000092,10341154,0,0.0009092534892261028
ACH-000092,10384072,0,0.0020098926033824682
ACH-000092,11282283,0,0.011665488593280315
ACH-000092,11316960,0,0.002699677599593997
ACH-000092,11338033,0,1.6737856640247628e-05
ACH-000092,11624601,0,0.016393495723605156
ACH-000092,11625818,0,0.0021340856328606606
ACH-000092,123631,0,0.1523239016532898
ACH-000092,148124,0,0.004153921734541655
ACH-000092,156422,0,0.05969801917672157
ACH-000092,16720766,0,0.0044257743284106255
ACH-000092,16725726,0,0.06846129149198532
ACH-000092,176158,0,0.004988637287169695
ACH-000092,17755052,0,0.00522184930741787
ACH-000092,23725625,0,0.000742187025025487
ACH-000092,2375,0,0.0013809667434543371
ACH-000092,24756910,0,0.0003306850849185139
ACH-000092,24826799,0,0.000316992198349908
ACH-000092,25257557,0,0.1140143945813179
ACH-000092,2733526,0,0.01100382674485445
ACH-000092,300471,0,0.008293292485177517
ACH-000092,3385,0,0.00033905019517987967
ACH-000092,3463933,0,0.09315077215433121
ACH-000092,44182295,0,0.0007966780103743076
ACH-000092,44224160,0,0.00010564463445916772
ACH-000092,46885626,0,0.0009261840605176985
ACH-000092,46907787,0,0.0015216374304145575
ACH-000092,46931012,0,4.179917959845625e-05
ACH-000092,46943432,0,0.00014837468916084617
ACH-000092,49806720,0,0.010513195767998695
ACH-000092,5208,0,0.001972159370779991
ACH-000092,5311,0,0.0004554680490400642
ACH-000092,5330286,0,0.0003043781325686723
ACH-000092,56965967,0,0.00019233273633290082
ACH-000092,60750,0,0.00021438101248349994
ACH-000092,644241,0,0.0016697191167622805
ACH-000092,6445533,0,0.0032186636235564947
ACH-000092,6445562,0,0.006049961782991886
ACH-000092,6914657,0,0.00012272829189896584
ACH-000092,6918638,0,5.7885230489773676e-05
ACH-000092,704473,0,0.004010670352727175
ACH-000092,85668777,0,0.07982998341321945
ACH-000092,9868037,0,0.0010484213707968593
ACH-000092,9884685,0,0.00011471624748082832
ACH-000092,9931953,0,0.003872200381010771
ACH-000092,9943465,0,0.009022722020745277
ACH-000094,11373846,0,0.010446091182529926
ACH-000094,11634725,1,0.0032663424499332905
ACH-000094,16725726,0,0.04232014715671539
ACH-000094,24756910,0,0.0009046355844475329
ACH-000094,24785538,0,0.0008990304195322096
ACH-000094,24826799,0,3.089819801971316e-05
ACH-000094,24889392,0,0.007015243172645569
ACH-000094,24951314,0,0.00010833657142939046
ACH-000094,25022668,0,7.867235399316996e-05
ACH-000094,25124816,0,0.005244412925094366
ACH-000094,25126798,0,0.09185069054365158
ACH-000094,25167777,0,0.0001387517258990556
ACH-000094,25195352,0,6.653449236182496e-05
ACH-000094,3218,0,0.004520569462329149
ACH-000094,3385,0,0.0018671242287382483
ACH-000094,44462760,1,0.03946675360202789
ACH-000094,44632017,0,0.00016150606097653508
ACH-000094,446378,0,0.0005425486597232521
ACH-000094,5394,0,0.027808871120214462
ACH-000094,5459322,0,0.012927991338074207
ACH-000094,5460769,0,0.0008799083880148828
ACH-000094,56965967,0,0.0007247255998663604
ACH-000094,60750,0,0.00012243280070833862
ACH-000094,6918848,0,0.00095610530115664
ACH-000094,71271629,0,0.019540270790457726
ACH-000094,82146,0,0.001457021338865161
ACH-000094,85668777,0,0.17511388659477234
ACH-000094,9858940,0,0.04281656816601753
ACH-000094,9874913,0,0.03439745679497719
ACH-000094,9911830,0,0.0005694119026884437
ACH-000096,10113978,1,0.28133004903793335
ACH-000096,10196499,0,0.23689547181129456
ACH-000096,11485656,0,0.05389869213104248
ACH-000096,11617559,0,0.2297678142786026
ACH-000096,11625818,0,0.30783843994140625
ACH-000096,11634725,0,0.33800074458122253
ACH-000096,11713159,0,0.08401752263307571
ACH-000096,11960529,0,0.021393591538071632
ACH-000096,11977753,0,0.034193314611911774
ACH-000096,148124,0,0.07308366894721985
ACH-000096,156422,1,0.10462651401758194
ACH-000096,216326,0,0.04413820430636406
ACH-000096,23725625,0,0.013734127394855022
ACH-000096,24785538,1,0.45751953125
ACH-000096,24951314,0,0.042427923530340195
ACH-000096,25124816,1,0.16023032367229462
ACH-000096,300471,0,0.041657086461782455
ACH-000096,44224160,0,0.03979014232754707
ACH-000096,44450571,0,0.07473430782556534
ACH-000096,44462760,0,0.08462230861186981
ACH-000096,444795,0,0.1438007354736328
ACH-000096,447912,0,0.07454784214496613
ACH-000096,46191454,0,0.0991482362151146
ACH-000096,46931012,0,0.14920242130756378
ACH-000096,5280757,0,0.11923858523368835
ACH-000096,5311,0,0.03162047639489174
ACH-000096,5328940,0,0.06631399691104889
ACH-000096,53302361,0,0.1211765706539154
ACH-000096,5330286,0,0.040196143090724945
ACH-000096,53394750,1,0.6174473762512207
ACH-000096,54685215,0,0.07899919897317886
ACH-000096,56965967,0,0.15488001704216003
ACH-000096,6710780,0,0.021597903221845627
ACH-000096,6918454,0,0.03237626329064369
ACH-000096,9910224,0,0.07259855419397354
ACH-000096,9943465,0,0.08607479184865952
ACH-000096,9967941,0,0.3092685341835022
ACH-000098,10451420,0,0.19463084638118744
ACH-000098,11373846,0,0.023428594693541527
ACH-000098,11455910,0,0.13011333346366882
ACH-000098,11624601,0,0.31118640303611755
ACH-000098,11625818,0,0.1163564994931221
ACH-000098,11707110,0,0.47849518060684204
ACH-000098,11713159,0,0.02372424677014351
ACH-000098,11754511,0,0.10232838243246078
ACH-000098,156422,0,0.2809509336948395
ACH-000098,24889392,0,0.25495168566703796
ACH-000098,24951314,0,0.00895658414810896
ACH-000098,25022668,1,0.02065674029290676
ACH-000098,25195352,0,0.009694123640656471
ACH-000098,25262965,0,0.565683126449585
ACH-000098,2726824,0,0.29490476846694946
ACH-000098,3218,0,0.1805192083120346
ACH-000098,3463933,0,0.14475136995315552
ACH-000098,44143370,0,0.0443437322974205
ACH-000098,44551660,0,0.006092241499572992
ACH-000098,44632017,0,0.022778889164328575
ACH-000098,448013,0,0.006363996304571629
ACH-000098,44819241,0,0.20512358844280243
ACH-000098,5280757,0,0.13389313220977783
ACH-000098,53340664,0,0.024725522845983505
ACH-000098,5394,0,0.33332931995391846
ACH-000098,5460769,0,0.04477231204509735
ACH-000098,56965967,0,0.0131172901019454
ACH-000098,6445562,0,0.1233123242855072
ACH-000098,6852167,0,0.03836403042078018
ACH-000098,9874913,0,0.2145422250032425
ACH-000098,9911830,0,0.08303835988044739
ACH-000098,9938202,0,0.49507030844688416
ACH-000099,10096043,0,0.0008448129519820213
ACH-000099,10390396,0,0.023363403975963593
ACH-000099,11404337,0,0.007440001703798771
ACH-000099,11493598,1,0.019086023792624474
ACH-000099,11625818,0,0.004277767613530159
ACH-000099,126941,0,0.060059767216444016
ACH-000099,156422,1,0.11893937736749649
ACH-000099,16747388,0,0.015146341174840927
ACH-000099,176167,0,0.030719390138983727
ACH-000099,176870,0,0.02374125085771084
ACH-000099,216326,0,0.03077707625925541
ACH-000099,23725625,0,0.006536886561661959
ACH-000099,24826799,0,0.0012804600410163403
ACH-000099,25022668,0,0.0017400260549038649
ACH-000099,25124816,0,0.05114711448550224
ACH-000099,25126798,0,0.08447464555501938
ACH-000099,25262965,0,0.0014771368587389588
ACH-000099,2733526,0,0.01737327128648758
ACH-000099,36314,0,0.004572917707264423
ACH-000099,44137675,0,0.003903369652107358
ACH-000099,446378,0,0.012848630547523499
ACH-000099,447912,0,0.014023980125784874
ACH-000099,46843772,0,0.04249560460448265
ACH-000099,46883536,0,0.013375085778534412
ACH-000099,5311,0,0.01662200689315796
ACH-000099,5311510,0,0.010525211691856384
ACH-000099,53302361,0,0.0032583337742835283
ACH-000099,5459322,0,0.1476464420557022
ACH-000099,54685215,0,0.05492095276713371
ACH-000099,57339144,0,0.045097801834344864
ACH-000099,637858,0,0.05481385439634323
ACH-000099,644241,0,0.10779853910207748
ACH-000099,6445533,0,0.021479923278093338
ACH-000099,6450551,0,0.004207245074212551
ACH-000099,6918848,0,0.000832902907859534
ACH-000099,7251185,0,0.00737273832783103
ACH-000099,9813758,0,0.01008346863090992
ACH-000099,9826308,0,0.0003450751828495413
ACH-000099,9826528,1,0.07278570532798767
ACH-000099,9884685,0,7.535613258369267e-05
ACH-000099,9931953,0,0.013458597473800182
ACH-000102,10074640,0,2.1889686649956275e-06
ACH-000102,10113978,0,4.58817885373719e-06
ACH-000102,10200390,0,7.731869544613801e-08
ACH-000102,10384072,0,4.077646735822782e-05
ACH-000102,10451420,0,2.6952693588100374e-05
ACH-000102,11152667,0,6.237725642677105e-07
ACH-000102,11316960,0,0.000166665980941616
ACH-000102,11338033,0,2.8586457645474184e-08
ACH-000102,11373846,0,6.83255166222807e-06
ACH-000102,11404337,0,4.1972197095674346e-07
ACH-000102,11455910,0,0.00018091817037202418
ACH-000102,11493598,0,1.4906838714523474e-06
ACH-000102,11625818,0,1.2060528206347954e-05
ACH-000102,11647372,0,4.137483244903706e-07
ACH-000102,1401,0,7.412846753140911e-05
ACH-000102,16725726,0,0.0020166593603789806
ACH-000102,216326,0,8.003479160834104e-05
ACH-000102,24889392,0,2.4487508198944852e-05
ACH-000102,24894414,0,1.9972818336100318e-05
ACH-000102,25167777,0,5.456895451061428e-07
ACH-000102,25257557,0,0.01690695434808731
ACH-000102,3005532,0,2.385539119131863e-05
ACH-000102,3385,0,2.7754922484746203e-06
ACH-000102,42642645,0,1.4259978797781514e-07
ACH-000102,44450571,0,0.001602570409886539
ACH-000102,448013,0,5.113300858283765e-07
ACH-000102,46224516,0,3.8561171322726295e-07
ACH-000102,46930998,0,8.142130354826804e-06
ACH-000102,5327091,0,1.9922863430110738e-05
ACH-000102,53302361,0,4.236184395267628e-06
ACH-000102,54676905,0,0.0001576778304297477
ACH-000102,644241,0,3.767070302274078e-05
ACH-000102,6450551,0,5.87337410706823e-07
ACH-000102,66577006,0,4.901653483102564e-06
ACH-000102,6710780,0,1.3971191037853714e-05
ACH-000102,6914657,0,7.057101925056486e-08
ACH-000102,82146,0,4.898981569567695e-05
ACH-000102,9813758,0,1.9125596736557782e-05
ACH-000102,9863776,0,3.244809340685606e-05
ACH-000102,9884685,0,1.5929076369047834e-07
ACH-000102,9903786,0,4.532039667992649e-07
ACH-000102,9911830,0,1.6729417211536202e-06
ACH-000102,9956119,0,0.0001849271502578631
ACH-000103,10027278,0,2.2846248612040654e-05
ACH-000103,10077147,0,0.00013198947999626398
ACH-000103,10184653,0,0.17124345898628235
ACH-000103,11152667,0,0.0004239293630234897
ACH-000103,11282283,0,0.02310916967689991
ACH-000103,11404337,0,0.00044941328815184534
ACH-000103,11609586,0,0.0017129445914179087
ACH-000103,11624601,0,0.006663964129984379
ACH-000103,11960529,0,0.0011205049231648445
ACH-000103,126565,0,0.0005402324604801834
ACH-000103,1401,0,0.002324135275557637
ACH-000103,16720766,0,0.002785991644486785
ACH-000103,16722836,0,0.0002767567348200828
ACH-000103,24889392,0,0.001900866744108498
ACH-000103,25102847,0,0.00013147045683581382
ACH-000103,25167777,0,4.433325375430286e-05
ACH-000103,25262965,0,9.083928307518363e-05
ACH-000103,44182295,0,0.5811902284622192
ACH-000103,44224160,0,9.710013728181366e-06
ACH-000103,5311497,0,5.50320946786087e-05
ACH-000103,5394,0,0.0038362592458724976
ACH-000103,56965967,0,0.0008274595602415502
ACH-000103,6253,0,0.0006483450997620821
ACH-000103,644241,0,0.0020580992568284273
ACH-000103,65110,0,0.002610356081277132
ACH-000103,6852167,0,0.001957750879228115
ACH-000103,6914657,0,0.00019130321743432432
ACH-000103,84691,0,0.0008085223380476236
ACH-000103,9868037,0,0.0013920890633016825
ACH-000103,9910224,0,0.0033502434380352497
ACH-000103,9956222,0,9.916814633470494e-06
ACH-000104,10384072,0,0.09593810141086578
ACH-000104,11316960,0,0.07792264968156815
ACH-000104,11327430,0,0.22166533768177032
ACH-000104,11338033,1,0.8576619625091553
ACH-000104,11404337,1,0.031540486961603165
ACH-000104,11433190,1,0.392010360956192
ACH-000104,11485656,1,0.5050433874130249
ACH-000104,11667893,0,0.0793551355600357
ACH-000104,11754511,1,0.7923703789710999
ACH-000104,126565,0,0.1858237087726593
ACH-000104,159324,0,0.131545290350914
ACH-000104,16663089,0,0.19490788877010345
ACH-000104,16760646,1,0.20266477763652802
ACH-000104,176870,0,0.270759642124176
ACH-000104,17755052,0,0.5500351786613464
ACH-000104,24825971,0,0.28589746356010437
ACH-000104,25102847,0,0.27596673369407654
ACH-000104,25124816,0,0.07258022576570511
ACH-000104,25195352,0,0.29366588592529297
ACH-000104,3005532,1,0.032756756991147995
ACH-000104,31703,0,0.012171518057584763
ACH-000104,3463933,0,0.04763877019286156
ACH-000104,36462,1,0.12642353773117065
ACH-000104,4261,0,0.10192316025495529
ACH-000104,42640,0,0.09269675612449646
ACH-000104,44143370,0,0.34287920594215393
ACH-000104,44182295,0,0.003968982957303524
ACH-000104,44450571,0,0.14148356020450592
ACH-000104,444795,1,0.3454231023788452
ACH-000104,448013,0,0.012415304780006409
ACH-000104,44819241,0,0.18699021637439728
ACH-000104,46885626,1,0.8165716528892517
ACH-000104,49806720,1,0.6130678653717041
ACH-000104,521106,0,0.15111143887043
ACH-000104,53340664,1,0.6694657206535339
ACH-000104,53394750,1,0.9777487516403198
ACH-000104,5394,0,0.2577711343765259
ACH-000104,57339144,0,0.44603636860847473
ACH-000104,6445533,1,0.4813874661922455
ACH-000104,6753378,1,0.49068278074264526
ACH-000104,6918638,1,0.7656324505805969
ACH-000104,9907093,0,0.07608702778816223
ACH-000105,10027278,0,0.5064513087272644
ACH-000105,10109823,0,0.29387280344963074
ACH-000105,10113978,1,0.28392964601516724
ACH-000105,10184653,0,0.06895409524440765
ACH-000105,10390396,0,0.5476636290550232
ACH-000105,104842,1,0.12597806751728058
ACH-000105,11373846,1,0.9358859658241272
ACH-000105,11485656,1,0.5529611110687256
ACH-000105,11626560,1,0.5981521606445312
ACH-000105,11626927,0,0.3414662182331085
ACH-000105,11676786,1,0.7247921228408813
ACH-000105,11960529,0,0.10584758222103119
ACH-000105,11977753,0,0.032451190054416656
ACH-000105,176167,1,0.3344400227069855
ACH-000105,24180719,0,0.1662573218345642
ACH-000105,24756910,1,0.8896457552909851
ACH-000105,24772860,0,0.9052316546440125
ACH-000105,24889392,1,0.8658255338668823
ACH-000105,25222038,0,0.5276445150375366
ACH-000105,25262965,0,0.2567843794822693
ACH-000105,2733526,1,0.0995607003569603
ACH-000105,3796,1,0.4928894639015198
ACH-000105,4261,1,0.11701942980289459
ACH-000105,44182295,0,0.1832810491323471
ACH-000105,44462760,1,0.7180840373039246
ACH-000105,446378,1,0.09919385612010956
ACH-000105,46843772,0,0.16381032764911652
ACH-000105,46883536,1,0.8589642643928528
ACH-000105,46943432,1,0.9936564564704895
ACH-000105,49836027,0,0.2057551145553589
ACH-000105,5289247,1,0.6365248560905457
ACH-000105,5311,0,0.1863650381565094
ACH-000105,5311497,1,0.23843695223331451
ACH-000105,5460769,0,0.23185457289218903
ACH-000105,56965967,1,0.9074004888534546
ACH-000105,57339144,0,0.3927645981311798
ACH-000105,60750,0,0.251662015914917
ACH-000105,76044,0,0.381817489862442
ACH-000105,9826308,0,0.12426586449146271
ACH-000105,9858940,0,0.07569284737110138
ACH-000105,9903786,1,0.9656278491020203
ACH-000105,9952773,1,0.7637122869491577
ACH-000106,10127622,0,0.17612279951572418
ACH-000106,10172943,0,0.006558629684150219
ACH-000106,10184653,0,0.020953554660081863
ACH-000106,10461815,0,0.10427325963973999
ACH-000106,11338033,0,0.00022217875812202692
ACH-000106,11404337,0,0.0018222287762910128
ACH-000106,11626560,0,0.020496854558587074
ACH-000106,11626927,0,0.004068578127771616
ACH-000106,11667893,0,0.02736623026430607
ACH-000106,11713159,0,0.004351317882537842
ACH-000106,123631,1,0.0192516278475523
ACH-000106,126565,0,0.5082831978797913
ACH-000106,126941,1,0.5126810073852539
ACH-000106,148124,0,0.0042809983715415
ACH-000106,176167,0,0.005208473186939955
ACH-000106,208908,0,0.03323431313037872
ACH-000106,216326,0,0.5949217081069946
ACH-000106,24826799,0,0.0013941812794655561
ACH-000106,25167777,0,0.0008571477374061942
ACH-000106,387447,0,0.02794891782104969
ACH-000106,444795,1,0.1379346400499344
ACH-000106,46885626,0,0.06983727216720581
ACH-000106,46930998,0,0.005972191691398621
ACH-000106,49806720,0,0.02380562387406826
ACH-000106,5113032,0,0.18367257714271545
ACH-000106,5311497,0,0.0028996330220252275
ACH-000106,5329102,0,0.0008269255631603301
ACH-000106,53340664,0,0.004993470385670662
ACH-000106,644241,0,0.6455307602882385
ACH-000106,6505803,0,0.004319631494581699
ACH-000106,6852167,0,0.004271488171070814
ACH-000106,6914657,0,0.0006250800797715783
ACH-000106,6918848,0,0.0011999792186543345
ACH-000106,704473,0,0.12368416041135788
ACH-000106,76044,0,0.001154795871116221
ACH-000106,9826528,0,0.16842779517173767
ACH-000106,9858940,0,0.08953549712896347
ACH-000106,9874913,0,0.0046476880088448524
ACH-000106,9931953,0,0.13878341019153595
ACH-000106,9938202,0,0.05003511905670166
ACH-000107,10077147,0,0.007262255065143108
ACH-000107,10127622,1,0.13247035443782806
ACH-000107,104842,0,0.003517294768244028
ACH-000107,11282283,0,0.015997139737010002
ACH-000107,11455910,0,0.07848279923200607
ACH-000107,11609586,0,0.005441318266093731
ACH-000107,11634725,0,0.03188147768378258
ACH-000107,11647372,0,0.0016478655161336064
ACH-000107,1401,0,0.01664147339761257
ACH-000107,16720766,0,0.012834135442972183
ACH-000107,16725726,1,0.05014106258749962
ACH-000107,16747388,0,0.00970450695604086
ACH-000107,24756910,0,0.002529081190004945
ACH-000107,24776445,0,0.003836450632661581
ACH-000107,24785538,1,0.5216515064239502
ACH-000107,25102847,0,0.04621947929263115
ACH-000107,2726824,1,0.0142421405762434
ACH-000107,3385,0,0.007221972569823265
ACH-000107,3796,0,0.024473227560520172
ACH-000107,42640,0,0.0071766674518585205
ACH-000107,42642645,0,0.038634974509477615
ACH-000107,44143370,0,0.01035147625952959
ACH-000107,444795,0,0.021795177832245827
ACH-000107,44551660,0,0.0005008452571928501
ACH-000107,448013,0,0.054668691009283066
ACH-000107,46191454,0,0.0017194704851135612
ACH-000107,49806720,0,0.029266497120261192
ACH-000107,53340664,0,0.005028087180107832
ACH-000107,560326,0,0.012408571317791939
ACH-000107,6253,0,0.011108454316854477
ACH-000107,6445533,0,0.046418458223342896
ACH-000107,6710780,0,0.0038357931189239025
ACH-000107,6914657,0,0.0008521166746504605
ACH-000107,6918638,0,0.0005490436451509595
ACH-000107,9810884,0,0.018037285655736923
ACH-000107,9863776,0,0.023455403745174408
ACH-000107,9868037,0,0.008557978086173534
ACH-000107,9884685,0,0.000599701888859272
ACH-000111,10113978,0,0.004337064456194639
ACH-000111,10200390,0,0.0018106402130797505
ACH-000111,10302451,0,0.005639737006276846
ACH-000111,11152667,0,0.024874325841665268
ACH-000111,11178236,0,0.023123016580939293
ACH-000111,11282283,0,0.38874679803848267
ACH-000111,11373846,1,0.03412901237607002
ACH-000111,11433190,0,0.14782659709453583
ACH-000111,11455910,0,0.005961266346275806
ACH-000111,11844351,0,0.003402699949219823
ACH-000111,11960529,0,0.12742234766483307
ACH-000111,11977753,0,0.00950615108013153
ACH-000111,126565,0,0.020684117451310158
ACH-000111,16760646,0,0.14454691112041473
ACH-000111,176870,0,0.12821067869663239
ACH-000111,24180719,0,0.03996512293815613
ACH-000111,24826799,0,0.0025806832127273083
ACH-000111,24889392,0,0.4500805735588074
ACH-000111,24894414,0,0.3778906762599945
ACH-000111,24978538,0,0.4821467995643616
ACH-000111,25022668,0,0.0018934996332973242
ACH-000111,25124816,0,0.013298103585839272
ACH-000111,25167777,0,0.11579024791717529
ACH-000111,25262965,0,0.34232062101364136
ACH-000111,36462,0,0.009970627725124359
ACH-000111,387447,0,0.020753465592861176
ACH-000111,4261,0,0.014196089468896389
ACH-000111,42642645,0,0.0041297790594398975
ACH-000111,44137675,0,0.06249237060546875
ACH-000111,44182295,0,0.0006420993013307452
ACH-000111,46224516,0,0.03152093291282654
ACH-000111,46930998,0,0.2577986419200897
ACH-000111,46943432,0,0.07584317028522491
ACH-000111,49821040,0,0.020869215950369835
ACH-000111,49836027,0,0.006834737956523895
ACH-000111,51371303,0,0.24662546813488007
ACH-000111,5311497,0,0.0009083335171453655
ACH-000111,5330286,0,0.011244979687035084
ACH-000111,53394750,0,0.11448629945516586
ACH-000111,5394,1,0.23133526742458344
ACH-000111,5494449,0,0.004654725082218647
ACH-000111,5717801,0,0.008681679144501686
ACH-000111,6445562,0,0.05506785586476326
ACH-000111,6753378,0,0.05933885648846626
ACH-000111,704473,1,0.47253766655921936
ACH-000111,84691,0,0.017387913540005684
ACH-000111,9874913,0,0.1214098408818245
ACH-000111,9911830,0,0.056299012154340744
ACH-000111,9956119,0,0.0693030059337616
ACH-000112,10074640,0,0.7181647419929504
ACH-000112,10113978,0,0.13087919354438782
ACH-000112,10200390,1,0.799441933631897
ACH-000112,11844351,0,0.333360493183136
ACH-000112,24756910,1,0.9451870918273926
ACH-000112,24889392,1,0.8969853520393372
ACH-000112,3062316,0,0.5598158240318298
ACH-000112,36462,1,0.7364075183868408
ACH-000112,446378,0,0.1614399254322052
ACH-000112,46931012,1,0.9853941202163696
ACH-000112,5289247,1,0.8108164668083191
ACH-000112,5311497,1,0.25649020075798035
ACH-000112,53340664,1,0.9681061506271362
ACH-000112,53394750,1,0.99763023853302
ACH-000112,5384616,1,0.41404834389686584
ACH-000112,6445562,1,0.8437442779541016
ACH-000112,6918638,1,0.9505150318145752
ACH-000112,6918848,1,0.9509065747261047
ACH-000112,704473,1,0.9177528619766235
ACH-000112,7251185,0,0.8691200613975525
ACH-000113,10074640,0,0.6291432976722717
ACH-000113,10127622,0,0.29707494378089905
ACH-000113,10384072,0,0.14100289344787598
ACH-000113,104842,0,0.11443416029214859
ACH-000113,11178236,0,0.012814576737582684
ACH-000113,11433190,1,0.8361424207687378
ACH-000113,11624601,0,0.04596065729856491
ACH-000113,11626560,0,0.1391085833311081
ACH-000113,11626927,1,0.07463408261537552
ACH-000113,11634725,1,0.8379738926887512
ACH-000113,11713159,0,0.021899957209825516
ACH-000113,16663089,0,0.01321908924728632
ACH-000113,17755052,0,0.12573027610778809
ACH-000113,216239,1,0.05020250380039215
ACH-000113,24180719,0,0.7170215249061584
ACH-000113,25022668,0,0.012084652669727802
ACH-000113,25167777,0,0.07936321943998337
ACH-000113,25195352,1,0.047688208520412445
ACH-000113,300471,0,0.01304193027317524
ACH-000113,3005532,1,0.03150266781449318
ACH-000113,36314,0,0.00589655851945281
ACH-000113,36462,0,0.09314142167568207
ACH-000113,3796,0,0.12093674391508102
ACH-000113,44137675,0,0.021590348333120346
ACH-000113,44551660,0,0.6853682994842529
ACH-000113,46930998,0,0.05944378301501274
ACH-000113,46931012,1,0.7273892760276794
ACH-000113,5289247,1,0.7930240631103516
ACH-000113,5327091,1,0.05040035396814346
ACH-000113,53340664,0,0.5724408030509949
ACH-000113,5394,1,0.4826173782348633
ACH-000113,5459322,1,0.0545087568461895
ACH-000113,5717801,0,0.026981418952345848
ACH-000113,644215,0,0.023725461214780807
ACH-000113,6445533,0,0.28493180871009827
ACH-000113,6445562,0,0.25989484786987305
ACH-000113,6918848,0,0.4808667004108429
ACH-000113,85668777,0,0.08902379870414734
ACH-000113,9826528,1,0.7323707342147827
ACH-000113,9884685,0,0.057950228452682495
ACH-000113,9903786,1,0.7428752779960632
ACH-000113,9938202,1,0.19909816980361938
ACH-000114,10200390,0,0.0001959736255230382
ACH-000114,10451420,0,0.00016176575445570052
ACH-000114,11404337,0,0.0012703525135293603
ACH-000114,11493598,0,0.00015346374129876494
ACH-000114,11634725,0,0.00012151199189247563
ACH-000114,123631,1,0.10684260725975037
ACH-000114,126565,0,0.018979497253894806
ACH-000114,1401,1,0.10596373677253723
ACH-000114,159324,0,0.0019495292799547315
ACH-000114,16722836,0,3.680317968246527e-05
ACH-000114,176158,0,0.09250151365995407
ACH-000114,24772860,0,4.5312108341022395e-06
ACH-000114,24978538,0,0.015191289596259594
ACH-000114,25102847,0,0.00036984001053497195
ACH-000114,300471,0,0.1452874392271042
ACH-000114,3385,0,0.0029301359318196774
ACH-000114,44632017,0,0.04191981628537178
ACH-000114,446378,0,0.0803333967924118
ACH-000114,46224516,0,3.026783997484017e-05
ACH-000114,46931012,0,1.0135296179214492e-05
ACH-000114,5327091,0,0.03976060077548027
ACH-000114,5394,0,0.19581745564937592
ACH-000114,5460769,0,0.1836218386888504
ACH-000114,637858,0,0.24274194240570068
ACH-000114,644241,0,0.04131503403186798
ACH-000114,6445533,0,0.0030713474843651056
ACH-000114,6918638,0,2.798215973598417e-05
ACH-000114,82146,0,0.07893101871013641
ACH-000114,84691,0,0.1360737830400467
ACH-000114,85668777,1,0.03394182398915291
ACH-000114,9810884,0,0.0034630463924258947
ACH-000114,9813758,0,0.00033007844467647374
ACH-000114,9858940,0,0.06977960467338562
ACH-000114,9874913,0,0.002316378755494952
ACH-000114,9911830,0,0.0004290795768611133
ACH-000114,9956222,0,3.340580587973818e-05
ACH-000114,9967941,0,0.0019207909936085343
ACH-000115,10074640,0,0.2602127194404602
ACH-000115,10113978,0,0.06579523533582687
ACH-000115,11493598,0,0.5250869989395142
ACH-000115,1401,0,0.06643082946538925
ACH-000115,160355,0,0.05346066504716873
ACH-000115,16725726,1,0.41501420736312866
ACH-000115,216326,0,0.04739193245768547
ACH-000115,23725625,0,0.014658818021416664
ACH-000115,25124816,1,0.06890332698822021
ACH-000115,25195352,1,0.3287527561187744
ACH-000115,25222038,0,0.011438433080911636
ACH-000115,3385,0,0.09188609570264816
ACH-000115,36462,0,0.007426618132740259
ACH-000115,387447,0,0.06550993025302887
ACH-000115,44143370,0,0.4079309403896332
ACH-000115,444795,0,0.1329077184200287
ACH-000115,44632017,0,0.0061216410249471664
ACH-000115,446378,0,0.023633908480405807
ACH-000115,46843772,0,0.076814666390419
ACH-000115,46844147,0,0.12813033163547516
ACH-000115,49806720,1,0.36974242329597473
ACH-000115,49821040,0,0.14445972442626953
ACH-000115,49836027,0,0.050118204206228256
ACH-000115,4993,0,0.04933050274848938
ACH-000115,5208,0,0.015032310038805008
ACH-000115,5311,0,0.03594520688056946
ACH-000115,5330286,0,0.04273778200149536
ACH-000115,5746,0,0.03562672808766365
ACH-000115,6445533,0,0.1339028775691986
ACH-000115,6450551,0,0.029896484687924385
ACH-000115,6450816,0,0.03652535006403923
ACH-000115,66577006,0,0.25088122487068176
ACH-000115,6918454,0,0.016705596819519997
ACH-000115,71271629,0,0.027563616633415222
ACH-000115,9549184,0,0.2741980254650116
ACH-000115,9810884,0,0.6436609625816345
ACH-000115,9813758,0,0.5470084547996521
ACH-000115,9863776,0,0.03573499619960785
ACH-000115,9868037,0,0.08732187747955322
ACH-000116,10027278,0,0.0001738266582833603
ACH-000116,10077147,0,0.0020984294824302197
ACH-000116,10096043,0,0.0001511577720521018
ACH-000116,10451420,0,0.060561228543519974
ACH-000116,11178236,0,0.005873273592442274
ACH-000116,11338033,0,0.0023558922111988068
ACH-000116,11667893,1,0.010840903967618942
ACH-000116,156422,0,0.022809205576777458
ACH-000116,159324,0,0.0018470820505172014
ACH-000116,16722836,0,0.012506543658673763
ACH-000116,2314623,0,0.044224511831998825
ACH-000116,24785538,0,0.007825205102562904
ACH-000116,24826799,0,0.0010510515421628952
ACH-000116,24951314,0,0.008718419820070267
ACH-000116,25124816,0,0.010376070626080036
ACH-000116,25167777,0,0.00700752716511488
ACH-000116,25222038,0,0.00018350055324845016
ACH-000116,44143370,1,0.26275020837783813
ACH-000116,46191454,0,0.02893880568444729
ACH-000116,46943432,0,0.03435533866286278
ACH-000116,49806720,0,0.27095189690589905
ACH-000116,521106,0,0.00034217856591567397
ACH-000116,5459322,0,0.009624148719012737
ACH-000116,704473,0,0.05684357136487961
ACH-000116,71271629,0,0.004829070530831814
ACH-000116,9813758,0,0.4320310056209564
ACH-000116,9826528,0,0.007540872320532799
ACH-000116,9874913,0,0.16535821557044983
ACH-000116,9914412,1,0.0018310848390683532
ACH-000117,10109823,1,0.5431700944900513
ACH-000117,10459196,0,0.0775817334651947
ACH-000117,104842,0,0.03330579772591591
ACH-000117,11282283,0,0.08928121626377106
ACH-000117,11609586,0,0.04058366268873215
ACH-000117,11617559,0,0.03648635745048523
ACH-000117,11707110,0,0.05109219253063202
ACH-000117,126941,0,0.01889006420969963
ACH-000117,148124,0,0.3706897497177124
ACH-000117,156422,0,0.22933338582515717
ACH-000117,176158,0,0.2500300407409668
ACH-000117,176167,0,0.041231293231248856
ACH-000117,17755052,0,0.11340441554784775
ACH-000117,2314623,0,0.20277716219425201
ACH-000117,24756910,0,0.0070662605576217175
ACH-000117,2726824,0,0.09238578379154205
ACH-000117,3005532,1,0.27864551544189453
ACH-000117,3796,0,0.05915572866797447
ACH-000117,44137675,0,0.4960702359676361
ACH-000117,44143370,0,0.02261258475482464
ACH-000117,44224160,0,0.005399447865784168
ACH-000117,44819241,0,0.0687175840139389
ACH-000117,46843772,0,0.059610847383737564
ACH-000117,5113032,0,0.0525968037545681
ACH-000117,5311,0,0.011889058165252209
ACH-000117,5459322,0,0.16693603992462158
ACH-000117,54685215,0,0.24412062764167786
ACH-000117,6450551,0,0.03059590421617031
ACH-000118,10077147,0,8.873629121808335e-05
ACH-000118,10096043,0,0.00032863218802958727
ACH-000118,10113978,0,0.00023384889937005937
ACH-000118,11609586,0,0.012102780863642693
ACH-000118,11634725,0,0.0033287436235696077
ACH-000118,126565,0,0.003806428285315633
ACH-000118,176167,0,0.0002345643879380077
ACH-000118,24889392,0,5.333597073331475e-05
ACH-000118,25102847,0,3.4243530535604805e-05
ACH-000118,25126798,0,0.0009270161390304565
ACH-000118,25167777,0,3.5546049730328377e-06
ACH-000118,25262965,0,0.00012144561333116144
ACH-000118,31703,0,0.00031711821793578565
ACH-000118,44137675,0,0.0006591806886717677
ACH-000118,44182295,1,0.7394599318504333
ACH-000118,446378,0,0.0035821518395096064
ACH-000118,447912,0,0.00010327826021239161
ACH-000118,46883536,0,9.049224900081754e-05
ACH-000118,49806720,0,0.001512985909357667
ACH-000118,5113032,0,0.00037456912104971707
ACH-000118,521106,0,5.079281982034445e-05
ACH-000118,5280757,1,0.030925804749131203
ACH-000118,5311497,0,0.0013716004323214293
ACH-000118,5328940,0,0.010481630451977253
ACH-000118,5394,0,0.01874459721148014
ACH-000118,5746,0,0.003310367465019226
ACH-000118,6505803,0,0.13280074298381805
ACH-000118,82146,0,0.007974463514983654
ACH-000118,9884685,0,9.293861467085662e-07
ACH-000118,9903786,0,6.314586244116072e-06
ACH-000118,9931953,0,0.00959284882992506
ACH-000118,9956119,0,0.0023690094240009785
ACH-000120,10077147,1,0.20025749504566193
ACH-000120,10127622,1,0.38553473353385925
ACH-000120,10196499,1,0.062615767121315
ACH-000120,10341154,1,0.42062777280807495
ACH-000120,10384072,0,0.21484848856925964
ACH-000120,10459196,0,0.27542147040367126
ACH-000120,11327430,0,0.10801820456981659
ACH-000120,11634725,0,0.6581440567970276
ACH-000120,11667893,0,0.1628669649362564
ACH-000120,11960529,1,0.23821662366390228
ACH-000120,11977753,0,0.12075062841176987
ACH-000120,123631,0,0.1843804121017456
ACH-000120,126941,0,0.3464207351207733
ACH-000120,16722836,0,0.4343082308769226
ACH-000120,16747388,0,0.6217202544212341
ACH-000120,176158,0,0.1769917905330658
ACH-000120,216326,1,0.4159795939922333
ACH-000120,24889392,0,0.3382795751094818
ACH-000120,25124816,1,0.13419854640960693
ACH-000120,2726824,0,0.15783579647541046
ACH-000120,31703,0,0.025805383920669556
ACH-000120,3218,1,0.1601184606552124
ACH-000120,42640,0,0.0798482671380043
ACH-000120,44137675,0,0.09891451895236969
ACH-000120,44224160,0,0.03214426711201668
ACH-000120,46224516,0,0.2258143424987793
ACH-000120,46885626,0,0.4974317252635956
ACH-000120,5278396,1,0.12817217409610748
ACH-000120,5328940,0,0.44511735439300537
ACH-000120,53340664,0,0.25779426097869873
ACH-000120,5394,1,0.20875559747219086
ACH-000120,6445562,0,0.4464419186115265
ACH-000120,6450551,1,0.21191440522670746
ACH-000120,6450816,0,0.045208171010017395
ACH-000120,6852167,0,0.2786296606063843
ACH-000120,6914657,0,0.0779084786772728
ACH-000120,6918848,1,0.1583137959241867
ACH-000120,9863776,1,0.5682315230369568
ACH-000120,9884685,0,0.027780795469880104
ACH-000120,9931953,0,0.19654026627540588
ACH-000121,10113978,0,0.0014946266310289502
ACH-000121,10451420,0,0.0007165559218265116
ACH-000121,10459196,0,0.23026347160339355
ACH-000121,104842,0,0.19027045369148254
ACH-000121,11152667,0,0.0035292645916342735
ACH-000121,11327430,0,0.013748648576438427
ACH-000121,11617559,0,0.004738281946629286
ACH-000121,11960529,0,0.2843519449234009
ACH-000121,126941,0,0.06334878504276276
ACH-000121,1401,0,0.11720658093690872
ACH-000121,176167,0,0.0013472236460074782
ACH-000121,216326,0,0.10247085243463516
ACH-000121,23725625,0,0.17392757534980774
ACH-000121,24776445,0,0.04316677898168564
ACH-000121,25124816,0,0.036439355462789536
ACH-000121,2726824,0,0.10227407515048981
ACH-000121,3463933,0,0.03995860740542412
ACH-000121,36462,0,0.0420798733830452
ACH-000121,446378,0,0.06157265231013298
ACH-000121,448013,0,0.0004909390700049698
ACH-000121,521106,0,0.0012135948054492474
ACH-000121,5327091,0,0.036040060222148895
ACH-000121,66577006,0,0.001371636870317161
ACH-000121,71271629,0,0.05174959823489189
ACH-000121,82146,0,0.07919995486736298
ACH-000121,8249,0,0.0017036572098731995
ACH-000121,9810884,0,0.01346343569457531
ACH-000121,9826528,0,0.0012509336229413748
ACH-000121,9863776,0,0.004191014915704727
ACH-000121,9914412,0,0.014626194722950459
ACH-000121,9931953,0,0.1591041088104248
ACH-000121,9938202,0,0.018838435411453247
ACH-000124,10096043,0,0.1367315649986267
ACH-000124,10109823,0,0.17115922272205353
ACH-000124,10127622,0,0.0904163122177124
ACH-000124,11178236,0,0.014824280515313148
ACH-000124,11364421,0,0.1859394758939743
ACH-000124,11493598,1,0.845378577709198
ACH-000124,11624601,0,0.03452637791633606
ACH-000124,11626560,0,0.46020397543907166
ACH-000124,11640390,1,0.3172898590564728
ACH-000124,11844351,0,0.2502777576446533
ACH-000124,11977753,0,0.026341645047068596
ACH-000124,160355,0,0.3175469934940338
ACH-000124,16722836,1,0.9399454593658447
ACH-000124,23725625,1,0.13857220113277435
ACH-000124,24756910,1,0.8341783285140991
ACH-000124,24776445,0,0.17407697439193726
ACH-000124,24889392,0,0.7749496698379517
ACH-000124,24978538,1,0.6564673781394958
ACH-000124,3062316,0,0.4212401211261749
ACH-000124,31703,1,0.051132962107658386
ACH-000124,3796,1,0.3590947389602661
ACH-000124,46943432,1,0.9836411476135254
ACH-000124,5311497,1,0.064121775329113
ACH-000124,5328940,1,0.1281798630952835
ACH-000124,54676905,1,0.14814211428165436
ACH-000124,56965967,1,0.8052065372467041
ACH-000124,5717801,0,0.1219928041100502
ACH-000124,5746,1,0.084663026034832
ACH-000124,6445533,0,0.5688349604606628
ACH-000124,6505803,0,0.015621495433151722
ACH-000124,82146,0,0.09997378289699554
ACH-000124,84691,1,0.07583224028348923
ACH-000124,9810884,1,0.9902392625808716
ACH-000124,9910224,0,0.5950685143470764
ACH-000124,9931953,0,0.056372106075286865
ACH-000124,9938202,0,0.07336031645536423
ACH-000129,10077147,0,0.05132513865828514
ACH-000129,10459196,0,0.06363783776760101
ACH-000129,11455910,0,0.07100840657949448
ACH-000129,11624601,0,0.1992044299840927
ACH-000129,11960529,0,0.1078094094991684
ACH-000129,126565,0,0.015463300049304962
ACH-000129,126941,0,0.03647298365831375
ACH-000129,24776445,0,0.1387125700712204
ACH-000129,44819241,0,0.1199198067188263
ACH-000129,5311,0,0.025741716846823692
ACH-000129,5330286,0,0.005741896573454142
ACH-000129,637858,0,0.08882299065589905
ACH-000129,6710780,0,0.022575901821255684
ACH-000129,6918289,0,0.07792714983224869
ACH-000129,84691,0,0.07343446463346481
ACH-000129,9914412,0,0.062090400606393814
ACH-000129,9931953,0,0.21115213632583618
ACH-000132,10127622,0,0.6353080868721008
ACH-000132,104842,0,0.006730380933731794
ACH-000132,11316960,0,0.3535163104534149
ACH-000132,11485656,0,0.008088498376309872
ACH-000132,11634725,0,0.05642899498343468
ACH-000132,126565,0,0.009205445647239685
ACH-000132,126941,0,0.009843808598816395
ACH-000132,156422,0,0.5158947706222534
ACH-000132,16722836,0,0.0043640658259391785
ACH-000132,24756910,0,0.009668061509728432
ACH-000132,24772860,0,0.0008058559033088386
ACH-000132,24889392,0,0.05963201820850372
ACH-000132,24951314,0,0.0014086081646382809
ACH-000132,24978538,0,0.07078441977500916
ACH-000132,3796,1,0.16223755478858948
ACH-000132,42642645,0,0.00992975477129221
ACH-000132,44143370,1,0.07155732810497284
ACH-000132,46930998,0,0.1633324772119522
ACH-000132,46943432,0,0.012201418168842793
ACH-000132,5328940,0,0.050053324550390244
ACH-000132,5330286,0,0.014451396651566029
ACH-000132,53340664,0,0.0035658010747283697
ACH-000132,637858,0,0.1850292682647705
ACH-000132,6918454,0,0.44665634632110596
ACH-000132,6918638,0,0.002436759416013956
ACH-000132,6918848,0,0.0024167222436517477
ACH-000132,704473,0,0.1058851107954979
ACH-000132,8249,0,0.12224996834993362
ACH-000132,9813758,0,0.07743263989686966
ACH-000132,9943465,0,0.32872793078422546
ACH-000132,9952773,0,0.012568540871143341
ACH-000135,10196499,0,0.35110577940940857
ACH-000135,10200390,0,0.10195481032133102
ACH-000135,11609586,1,0.014084098860621452
ACH-000135,11634725,0,0.14965558052062988
ACH-000135,11647372,0,0.018563706427812576
ACH-000135,2314623,0,0.06492827832698822
ACH-000135,2375,0,0.013320044614374638
ACH-000135,25126798,1,0.02155657857656479
ACH-000135,3218,0,0.016160080209374428
ACH-000135,3385,0,0.012931186705827713
ACH-000135,44224160,0,0.006913560908287764
ACH-000135,46883536,0,0.03164030984044075
ACH-000135,46931012,0,0.00487012043595314
ACH-000135,51371303,0,0.03266016021370888
ACH-000135,5208,1,0.0744159072637558
ACH-000135,5311497,0,0.08860213309526443
ACH-000135,53302361,0,0.10790111124515533
ACH-000135,5459322,0,0.08129534870386124
ACH-000135,560326,1,0.026472071185708046
ACH-000135,60750,0,0.04253122955560684
ACH-000135,637858,0,0.037861138582229614
ACH-000135,71271629,0,0.00805565994232893
ACH-000135,9813758,0,0.12774614989757538
ACH-000135,9903786,0,0.003430399112403393
ACH-000135,9952773,0,0.04633990302681923
ACH-000135,9956222,0,0.026272067800164223
ACH-000136,10184653,0,0.032893989235162735
ACH-000136,10302451,0,0.005462620873004198
ACH-000136,10461815,0,0.014392715878784657
ACH-000136,11404337,0,0.0009705297416076064
ACH-000136,11455910,0,0.01014670543372631
ACH-000136,11640390,1,0.10770376026630402
ACH-000136,11676786,0,0.08804666250944138
ACH-000136,11844351,0,0.0026377737522125244
ACH-000136,11960529,0,0.03491063416004181
ACH-000136,16038120,0,0.01084553636610508
ACH-000136,16095342,0,0.01355355978012085
ACH-000136,16663089,0,0.0005654599517583847
ACH-000136,16747388,0,0.12038863450288773
ACH-000136,20635522,0,0.0016480599297210574
ACH-000136,2314623,0,0.021643158048391342
ACH-000136,25102847,0,0.008926105685532093
ACH-000136,25124816,0,0.011545457877218723
ACH-000136,2726824,0,0.023212024942040443
ACH-000136,44137675,0,0.0016782976454123855
ACH-000136,44632017,0,0.0010024833027273417
ACH-000136,447912,0,0.08753321319818497
ACH-000136,44819241,1,0.042907316237688065
ACH-000136,46883536,1,0.15276974439620972
ACH-000136,46930998,0,0.001939724781550467
ACH-000136,5330286,0,0.08536629378795624
ACH-000136,5394,1,0.06150331348180771
ACH-000136,54676905,0,0.021167322993278503
ACH-000136,6253,0,0.029356371611356735
ACH-000136,637858,0,0.024106238037347794
ACH-000136,644215,0,0.0009541742620058358
ACH-000136,6445533,0,0.02297615073621273
ACH-000136,6445562,0,0.05268147960305214
ACH-000136,6852167,0,0.05208816006779671
ACH-000136,76044,0,0.0002837621432263404
ACH-000136,9826308,0,6.683095125481486e-05
ACH-000136,9826528,0,0.03324153274297714
ACH-000136,9858940,0,0.03754227235913277
ACH-000136,9903786,0,0.026273123919963837
ACH-000136,9911830,0,0.023809509351849556
ACH-000136,9956119,0,0.015137366019189358
ACH-000136,9967941,1,0.05329500883817673
ACH-000137,10074640,0,0.009087334387004375
ACH-000137,10096043,0,0.010309940204024315
ACH-000137,10127622,0,0.015795543789863586
ACH-000137,10302451,0,0.18380989134311676
ACH-000137,10341154,0,0.1869540512561798
ACH-000137,10384072,1,0.25395259261131287
ACH-000137,10390396,0,0.005014986265450716
ACH-000137,10461815,0,0.16269470751285553
ACH-000137,11282283,0,0.23937511444091797
ACH-000137,11316960,0,0.04909353703260422
ACH-000137,11433190,0,0.2879263162612915
ACH-000137,11667893,0,0.1212153434753418
ACH-000137,11676786,0,0.0008603372843936086
ACH-000137,11960529,0,0.45331645011901855
ACH-000137,16747388,0,0.002653248840942979
ACH-000137,16760646,0,0.2748841345310211
ACH-000137,17755052,0,0.2525066137313843
ACH-000137,20635522,0,0.0023161242716014385
ACH-000137,216239,0,0.05126853287220001
ACH-000137,24826799,0,0.016131434589624405
ACH-000137,24978538,0,0.3073785901069641
ACH-000137,25257557,1,0.9819099307060242
ACH-000137,2726824,0,0.18433764576911926
ACH-000137,36462,1,0.24518223106861115
ACH-000137,44632017,1,0.47964563965797424
ACH-000137,447912,0,0.11354858428239822
ACH-000137,46885626,0,0.035174302756786346
ACH-000137,51371303,0,0.1644459217786789
ACH-000137,5311510,0,0.309882789850235
ACH-000137,5329102,0,0.000887294125277549
ACH-000137,53340664,0,0.005928531289100647
ACH-000137,53394750,1,0.40087947249412537
ACH-000137,56965967,0,0.003676357911899686
ACH-000137,57339144,0,0.34932324290275574
ACH-000137,6753378,0,0.004327986389398575
ACH-000137,76044,0,0.010349229909479618
ACH-000137,82146,0,0.41340282559394836
ACH-000137,9826528,0,0.0015546238282695413
ACH-000137,9858940,0,0.16274963319301605
ACH-000137,9907093,0,0.20631861686706543
ACH-000137,9914412,0,0.3876383602619171
ACH-000138,10027278,0,2.709564569158829e-06
ACH-000138,10096043,0,9.608601203581202e-08
ACH-000138,10200390,0,9.99998235329258e-08
ACH-000138,11493598,0,1.5814991911611287e-06
ACH-000138,11617559,0,5.234857599134557e-05
ACH-000138,11640390,0,2.4739367290749215e-05
ACH-000138,156422,0,0.0015360885299742222
ACH-000138,24180719,0,0.000357074080966413
ACH-000138,24785538,0,7.319985343201552e-06
ACH-000138,25126798,0,0.0001160821775556542
ACH-000138,25167777,0,6.071158509257657e-07
ACH-000138,42642645,0,1.4728601627211901e-07
ACH-000138,44632017,0,1.057201370713301e-05
ACH-000138,448013,0,7.413445928250439e-07
ACH-000138,46907787,0,2.008347109949682e-06
ACH-000138,521106,0,3.6509018741526233e-07
ACH-000138,5289247,0,2.9086437280056998e-05
ACH-000138,53394750,0,0.00012419444101396948
ACH-000138,65110,0,2.747242797340732e-05
ACH-000138,66577006,0,5.23403332408634e-06
ACH-000138,6918638,0,7.877886218921049e-07
ACH-000138,71271629,0,2.3567132302559912e-05
ACH-000138,9810884,0,0.0003391116042621434
ACH-000138,9813758,0,1.7440957890357822e-05
ACH-000138,9903786,0,3.783668773849058e-07
ACH-000138,9910224,0,3.201152867404744e-05
ACH-000138,9952773,0,3.5838738199345244e-07
ACH-000139,10113978,0,0.06421656161546707
ACH-000139,10196499,0,0.04966869577765465
ACH-000139,10459196,0,0.00798150897026062
ACH-000139,11282283,0,0.03409813344478607
ACH-000139,11617559,1,0.04421252757310867
ACH-000139,11625818,0,0.06953668594360352
ACH-000139,11640390,0,0.4530147314071655
ACH-000139,148124,0,0.02156362310051918
ACH-000139,156422,0,0.09271829575300217
ACH-000139,16722836,0,0.024409739300608635
ACH-000139,23725625,0,0.003139815293252468
ACH-000139,24978538,0,0.06632405519485474
ACH-000139,25195352,0,0.061509668827056885
ACH-000139,25222038,0,0.013668002560734749
ACH-000139,25262965,0,0.005971458740532398
ACH-000139,2726824,0,0.024438796564936638
ACH-000139,44137675,0,0.05082367733120918
ACH-000139,44182295,0,0.24793893098831177
ACH-000139,44450571,0,0.03580739349126816
ACH-000139,44462760,0,0.10083343833684921
ACH-000139,446378,0,0.015060429461300373
ACH-000139,448013,1,0.013092521578073502
ACH-000139,46191454,0,0.009647173807024956
ACH-000139,46930998,0,0.021435240283608437
ACH-000139,5113032,0,0.011731092818081379
ACH-000139,51371303,0,0.021813275292515755
ACH-000139,5278396,0,0.005662017967551947
ACH-000139,5289247,0,0.1422738879919052
ACH-000139,56962337,0,0.007699328474700451
ACH-000139,56965967,0,0.023556919768452644
ACH-000139,57339144,0,0.010151290334761143
ACH-000139,60750,0,0.00578977121040225
ACH-000139,6253,0,0.009814181365072727
ACH-000139,66577006,0,0.026373058557510376
ACH-000139,6710780,0,0.0033386233262717724
ACH-000139,6914657,0,0.004528863821178675
ACH-000139,85668777,0,0.24402694404125214
ACH-000139,9826528,0,0.25342094898223877
ACH-000139,9884685,0,0.013251068070530891
ACH-000139,9903786,0,0.02084479108452797
ACH-000139,9911830,0,0.010792190209031105
ACH-000139,9943465,0,0.06892675906419754
ACH-000139,9956222,0,0.014670600183308125
ACH-000142,10027278,0,0.016341032460331917
ACH-000142,10341154,0,0.013225347734987736
ACH-000142,10384072,1,0.0781591385602951
ACH-000142,10459196,0,0.06805650889873505
ACH-000142,11634725,0,0.007963297888636589
ACH-000142,11707110,1,0.4350537061691284
ACH-000142,11713159,0,0.027424460276961327
ACH-000142,126941,0,0.01670866645872593
ACH-000142,1401,0,0.09887653589248657
ACH-000142,156422,0,0.4545762240886688
ACH-000142,16725726,1,0.04730581119656563
ACH-000142,24772860,0,3.311510954517871e-05
ACH-000142,24776445,0,0.007638125214725733
ACH-000142,31703,0,0.011257302016019821
ACH-000142,4263900,0,0.01834283024072647
ACH-000142,42642645,0,0.001419540960341692
ACH-000142,44224160,0,9.758959640748799e-05
ACH-000142,44551660,0,8.341318607563153e-05
ACH-000142,44632017,0,0.029486967250704765
ACH-000142,446378,0,0.1341005265712738
ACH-000142,46885626,0,0.0018024250166490674
ACH-000142,51371303,0,0.11247503757476807
ACH-000142,5208,0,0.009600507095456123
ACH-000142,5311,0,0.008327871561050415
ACH-000142,5327091,0,0.1011447012424469
ACH-000142,5328940,0,0.09198728948831558
ACH-000142,53394750,0,0.004356810357421637
ACH-000142,5459322,0,0.3684321641921997
ACH-000142,560326,1,0.0056330738589167595
ACH-000142,6852167,0,0.000485793047118932
ACH-000142,85668777,1,0.4719946086406708
ACH-000142,9903786,0,9.256278281100094e-05
ACH-000142,9914412,0,0.008447575382888317
ACH-000142,9952773,0,0.00053242570720613
ACH-000144,10096043,0,0.011883815750479698
ACH-000144,11373846,0,0.11461170762777328
ACH-000144,11485656,0,0.011714745312929153
ACH-000144,11640390,1,0.2929095923900604
ACH-000144,24756910,0,0.0510517954826355
ACH-000144,24826799,1,0.03435186296701431
ACH-000144,25257557,1,0.9051096439361572
ACH-000144,3005532,0,0.034895457327365875
ACH-000144,3218,0,0.0034533755388110876
ACH-000144,42642645,0,0.07072466611862183
ACH-000144,446378,0,0.01288041565567255
ACH-000144,447912,0,0.021910689771175385
ACH-000144,49806720,0,0.21062125265598297
ACH-000144,5113032,0,0.009171195328235626
ACH-000144,53302361,0,0.02500726282596588
ACH-000144,53340664,1,0.06677203625440598
ACH-000144,5394,0,0.004360263701528311
ACH-000144,637858,0,0.008846594020724297
ACH-000144,6914657,0,0.002645827131345868
ACH-000144,71271629,0,0.004739937838166952
ACH-000144,82146,0,0.0108052808791399
ACH-000144,9911830,0,0.041834596544504166
ACH-000146,10096043,0,0.0004896360915154219
ACH-000146,10127622,0,0.15376320481300354
ACH-000146,10196499,0,0.0024725536350160837
ACH-000146,10384072,0,0.006342340260744095
ACH-000146,11178236,0,0.02365039475262165
ACH-000146,11327430,0,0.001774836448021233
ACH-000146,11404337,0,0.002437378279864788
ACH-000146,11455910,0,0.015660583972930908
ACH-000146,11485656,1,0.034470271319150925
ACH-000146,11624601,0,0.027239156886935234
ACH-000146,11626927,0,0.016922129318118095
ACH-000146,11634725,0,0.08627966791391373
ACH-000146,11844351,0,0.004441057797521353
ACH-000146,123631,0,0.07597843557596207
ACH-000146,159324,0,0.0019903413485735655
ACH-000146,16095342,0,0.012520972639322281
ACH-000146,16663089,0,0.00434799725189805
ACH-000146,24889392,1,0.3115954101085663
ACH-000146,25126798,0,0.4232829511165619
ACH-000146,300471,0,0.004028260707855225
ACH-000146,42642645,0,0.0060637518763542175
ACH-000146,44450571,0,0.0720180794596672
ACH-000146,44462760,0,0.029802607372403145
ACH-000146,46191454,0,0.2971043288707733
ACH-000146,4993,0,0.015674328431487083
ACH-000146,51371303,0,0.10797547549009323
ACH-000146,5278396,0,0.002853219397366047
ACH-000146,5311497,0,0.0003282389079686254
ACH-000146,57339144,0,0.06604792177677155
ACH-000146,60750,0,0.00035755831049755216
ACH-000146,644215,0,0.002201599068939686
ACH-000146,6450551,0,0.003227753099054098
ACH-000146,7251185,0,0.003629893995821476
ACH-000146,82146,0,0.003993669990450144
ACH-000146,8249,0,0.5819637179374695
ACH-000146,9826528,0,0.04483301565051079
ACH-000146,9863776,0,0.04660484194755554
ACH-000146,9884685,0,0.022830139845609665
ACH-000146,9943465,0,0.17233289778232574
ACH-000146,9952773,1,0.043724242597818375
ACH-000146,9956222,0,0.005671491846442223
ACH-000147,10077147,0,0.014473825693130493
ACH-000147,10113978,0,0.0549137182533741
ACH-000147,10341154,0,0.038781702518463135
ACH-000147,11282283,0,0.2381744235754013
ACH-000147,11373846,0,0.013689149171113968
ACH-000147,11433190,0,0.015046162530779839
ACH-000147,11493598,0,0.0023160867858678102
ACH-000147,11609586,0,0.02684144303202629
ACH-000147,11624601,0,0.05127833038568497
ACH-000147,11647372,1,0.250949501991272
ACH-000147,11667893,0,0.06736515462398529
ACH-000147,148124,0,0.03794343024492264
ACH-000147,24889392,0,0.19622941315174103
ACH-000147,24951314,0,0.0173244159668684
ACH-000147,25022668,0,0.005073066800832748
ACH-000147,25102847,0,0.009904355742037296
ACH-000147,25262965,0,0.12222863733768463
ACH-000147,44143370,0,0.023143582046031952
ACH-000147,447912,0,0.03783753141760826
ACH-000147,5113032,0,0.133623868227005
ACH-000147,521106,0,0.0031322010327130556
ACH-000147,5278396,0,0.0826835110783577
ACH-000147,5311,0,0.016209842637181282
ACH-000147,5327091,0,0.012375622056424618
ACH-000147,53394750,1,0.05559232085943222
ACH-000147,5460769,0,0.026308150961995125
ACH-000147,56962337,0,0.034960538148880005
ACH-000147,6445533,0,0.05361910164356232
ACH-000147,6450816,0,0.16753549873828888
ACH-000147,6505803,0,0.0009321913821622729
ACH-000147,6918289,0,0.024877533316612244
ACH-000147,6918848,0,0.014345725066959858
ACH-000147,8249,0,0.0469885990023613
ACH-000147,9810884,0,0.4626370072364807
ACH-000147,9914412,0,0.011363519355654716
ACH-000147,9931953,0,0.06269616633653641
ACH-000147,9943465,0,0.013420473784208298
ACH-000147,9956119,0,0.22080574929714203
ACH-000147,9956222,0,0.36173611879348755
ACH-000148,10027278,0,0.0004452827270142734
ACH-000148,10341154,0,0.0021770563907921314
ACH-000148,10451420,0,0.0019268759060651064
ACH-000148,104842,0,0.0013341073645278811
ACH-000148,11178236,0,0.020887130871415138
ACH-000148,11316960,0,0.19208399951457977
ACH-000148,11634725,0,0.017590796574950218
ACH-000148,11707110,0,0.8706899881362915
ACH-000148,11960529,0,0.0040195295587182045
ACH-000148,123631,0,0.3212336003780365
ACH-000148,1401,1,0.008284167386591434
ACH-000148,159324,0,0.0009893864626064897
ACH-000148,16725726,0,0.06950554996728897
ACH-000148,2314623,0,0.058386459946632385
ACH-000148,24772860,0,2.973384289362002e-05
ACH-000148,24889392,0,0.0027098646387457848
ACH-000148,25102847,0,0.00046767739695496857
ACH-000148,25126798,0,0.025180263444781303
ACH-000148,25195352,0,0.00022917431488167495
ACH-000148,300471,0,0.013554317876696587
ACH-000148,3005532,0,0.028409617021679878
ACH-000148,42640,0,0.011865765787661076
ACH-000148,42642645,0,0.00037158041959628463
ACH-000148,44143370,0,0.011492537334561348
ACH-000148,46885626,0,0.0018828382017090917
ACH-000148,5280757,0,0.015074566937983036
ACH-000148,5330286,0,0.00568119902163744
ACH-000148,5459322,0,0.06673059612512589
ACH-000148,54676905,0,0.009244539774954319
ACH-000148,56965967,0,0.0010326097253710032
ACH-000148,5746,0,0.003471533302217722
ACH-000148,60750,0,0.0018511605449020863
ACH-000148,6445533,0,0.005159966181963682
ACH-000148,6450816,0,0.00013795265113003552
ACH-000148,6710780,0,0.00271594594232738
ACH-000148,6918289,0,0.01751880533993244
ACH-000148,6918454,0,0.3634827733039856
ACH-000148,84691,0,0.00548657076433301
ACH-000148,9858940,0,0.05276886373758316
ACH-000148,9938202,0,0.014739535748958588
ACH-000149,10027278,0,0.3244774639606476
ACH-000149,10113978,1,0.498276948928833
ACH-000149,10184653,0,0.2215031087398529
ACH-000149,11433190,1,0.24545806646347046
ACH-000149,11493598,0,0.016223879531025887
ACH-000149,11609586,0,0.15531647205352783
ACH-000149,11640390,1,0.2165640890598297
ACH-000149,11713159,0,0.3871891498565674
ACH-000149,126941,0,0.05106556415557861
ACH-000149,1401,0,0.21065375208854675
ACH-000149,148124,0,0.28002896904945374
ACH-000149,16747388,0,0.07676748931407928
ACH-000149,24894414,0,0.055065806955099106
ACH-000149,2726824,0,0.1537962406873703
ACH-000149,3005532,0,0.36097198724746704
ACH-000149,4263900,0,0.27817031741142273
ACH-000149,44462760,0,0.18294858932495117
ACH-000149,44819241,1,0.11009722948074341
ACH-000149,46191454,0,0.011509515345096588
ACH-000149,46224516,0,0.0028278841637074947
ACH-000149,46843772,0,0.08236653357744217
ACH-000149,46883536,0,0.03058795817196369
ACH-000149,46930998,0,0.11865781247615814
ACH-000149,46931012,0,0.006443797145038843
ACH-000149,49806720,1,0.06447837501764297
ACH-000149,5113032,0,0.1346101015806198
ACH-000149,521106,0,0.1816626936197281
ACH-000149,6253,0,0.053989116102457047
ACH-000149,644241,0,0.10694198310375214
ACH-000149,6445533,0,0.2907361388206482
ACH-000149,6450816,0,0.009205389767885208
ACH-000149,82146,0,0.38556256890296936
ACH-000149,9884685,0,0.00938449241220951
ACH-000149,9903786,0,0.003197106998413801
ACH-000149,9911830,0,0.09384235739707947
ACH-000149,9914412,0,0.14931075274944305
ACH-000149,9938202,0,0.11167234927415848
ACH-000151,10127622,0,0.012125514447689056
ACH-000151,10172943,0,0.049990829080343246
ACH-000151,10302451,0,0.07470092922449112
ACH-000151,10384072,0,0.03146198391914368
ACH-000151,104842,1,0.11095207184553146
ACH-000151,11282283,1,0.424471378326416
ACH-000151,11327430,0,0.029580064117908478
ACH-000151,11373846,1,0.5560526251792908
ACH-000151,11485656,0,0.3628053367137909
ACH-000151,11493598,0,0.2557925283908844
ACH-000151,11609586,0,0.04770611971616745
ACH-000151,11634725,0,0.036210786551237106
ACH-000151,160355,0,0.09328757226467133
ACH-000151,176158,0,0.0845704972743988
ACH-000151,176167,0,0.11849746108055115
ACH-000151,176870,0,0.1085091382265091
ACH-000151,2314623,0,0.05337835103273392
ACH-000151,2375,0,0.2893192768096924
ACH-000151,24772860,0,0.13491708040237427
ACH-000151,24894414,0,0.8595715165138245
ACH-000151,25195352,0,0.051443446427583694
ACH-000151,25222038,0,0.007796543650329113
ACH-000151,25262965,0,0.0994846373796463
ACH-000151,3385,0,0.2689260244369507
ACH-000151,3463933,0,0.023317797109484673
ACH-000151,36314,0,0.018514884635806084
ACH-000151,36462,1,0.06110621243715286
ACH-000151,444795,1,0.18094496428966522
ACH-000151,44551660,0,0.4747828543186188
ACH-000151,447912,1,0.8104996085166931
ACH-000151,44819241,1,0.14946770668029785
ACH-000151,46883536,0,0.7067012786865234
ACH-000151,5113032,0,0.2887082099914551
ACH-000151,51371303,0,0.0589410699903965
ACH-000151,5278396,0,0.043623074889183044
ACH-000151,5289247,0,0.10144909471273422
ACH-000151,5291,0,0.11776280403137207
ACH-000151,5327091,0,0.021233968436717987
ACH-000151,53340664,0,0.5254994034767151
ACH-000151,53394750,1,0.9927430152893066
ACH-000151,5384616,0,0.09128404408693314
ACH-000151,54685215,0,0.04431189224123955
ACH-000151,5494449,0,0.4042438566684723
ACH-000151,5717801,0,0.06425751000642776
ACH-000151,57339144,1,0.35040631890296936
ACH-000151,6253,1,0.16504789888858795
ACH-000151,6753378,0,0.23386837542057037
ACH-000151,6918638,1,0.5360735058784485
ACH-000151,704473,1,0.4829045236110687
ACH-000151,8249,0,0.3275119662284851
ACH-000151,9874913,0,0.09025531262159348
ACH-000151,9884685,0,0.47325485944747925
ACH-000151,9911830,1,0.6419327855110168
ACH-000151,9967941,1,0.08145957440137863
ACH-000153,10096043,0,6.753356274202815e-08
ACH-000153,11433190,0,0.0016610284801572561
ACH-000153,11493598,0,1.4951572211430175e-06
ACH-000153,11617559,0,6.172719440655783e-05
ACH-000153,11625818,0,1.2836052519560326e-05
ACH-000153,123631,0,0.0006645232788287103
ACH-000153,16722836,0,1.28951839428737e-07
ACH-000153,17755052,0,5.353705091692973e-06
ACH-000153,216326,0,9.788112220121548e-05
ACH-000153,24180719,0,0.0003657066263258457
ACH-000153,24785538,0,4.671735041483771e-06
ACH-000153,24889392,0,2.721123928495217e-05
ACH-000153,25262965,0,5.69120993532124e-06
ACH-000153,3385,0,2.8407093850546516e-06
ACH-000153,3796,0,4.333426204539137e-06
ACH-000153,44182295,0,3.155889135086909e-05
ACH-000153,46907787,0,1.4430714827540214e-06
ACH-000153,46930998,0,8.556368811696302e-06
ACH-000153,51371303,0,0.00030905348830856383
ACH-000153,5208,0,5.061127012595534e-06
ACH-000153,521106,0,2.8250889272385393e-07
ACH-000153,5311497,0,8.64055436977651e-07
ACH-000153,5327091,0,2.012105869653169e-05
ACH-000153,53302361,0,4.047118181915721e-06
ACH-000153,5330286,0,2.6226439331367146e-06
ACH-000153,53340664,0,1.1421013823564863e-07
ACH-000153,5460769,0,0.00011972786887781695
ACH-000153,560326,0,2.984354523505317e-06
ACH-000153,6253,0,1.2541760042950045e-05
ACH-000153,6445562,0,2.509022488084156e-05
ACH-000153,65110,0,3.0626339139416814e-05
ACH-000153,6753378,0,6.4745668169052806e-06
ACH-000153,6852167,0,7.1343033596349414e-06
ACH-000153,6918289,0,0.00033113305107690394
ACH-000153,9911830,0,1.7103016034525353e-06
ACH-000153,9914412,0,5.231837349128909e-06
ACH-000153,9938202,1,0.00013272641808725893
ACH-000155,10096043,0,2.300486266904045e-05
ACH-000155,10196499,0,0.0010659117251634598
ACH-000155,10341154,0,0.015249121934175491
ACH-000155,11282283,0,0.04345252364873886
ACH-000155,11338033,0,7.068173545121681e-06
ACH-000155,11455910,0,0.01625770516693592
ACH-000155,11485656,0,0.0019451809348538518
ACH-000155,11617559,0,0.0035241434816271067
ACH-000155,11634725,0,4.3588184780674055e-05
ACH-000155,11640390,0,0.0012426386820152402
ACH-000155,123631,0,0.02322636917233467
ACH-000155,148124,0,0.004800323862582445
ACH-000155,159324,0,0.00040985882515087724
ACH-000155,16722836,0,3.0510696888086386e-05
ACH-000155,16725726,0,0.007355262525379658
ACH-000155,16747388,0,6.226821278687567e-05
ACH-000155,2314623,0,0.13409820199012756
ACH-000155,25022668,0,0.0002314259036211297
ACH-000155,25102847,0,0.0001626151060918346
ACH-000155,3385,0,0.0009352262131869793
ACH-000155,36462,0,0.005252125207334757
ACH-000155,3796,0,0.0002097866527037695
ACH-000155,46191454,0,0.00022055838780943304
ACH-000155,53302361,0,0.000712828419636935
ACH-000155,53340664,0,2.386781488894485e-05
ACH-000155,54676905,0,0.07731790840625763
ACH-000155,66577006,0,0.0006523372721858323
ACH-000155,6918289,0,0.16346773505210876
ACH-000155,6918848,0,6.418915290851146e-05
ACH-000155,9813758,0,0.0007047060644254088
ACH-000155,9858940,0,0.1269570142030716
ACH-000155,9884685,0,1.7293505152338184e-05
ACH-000155,9943465,0,0.07088952511548996
ACH-000155,9956119,0,0.008365052752196789
ACH-000157,10027278,0,0.3021615445613861
ACH-000157,10172943,1,0.34584394097328186
ACH-000157,10302451,0,0.2977556586265564
ACH-000157,10390396,1,0.43547767400741577
ACH-000157,11178236,0,0.027247335761785507
ACH-000157,11338033,0,0.0372321642935276
ACH-000157,11485656,0,0.32005858421325684
ACH-000157,11676786,1,0.17772147059440613
ACH-000157,123631,0,0.1139327809214592
ACH-000157,126941,1,0.278140664100647
ACH-000157,159324,1,0.3579626977443695
ACH-000157,176158,0,0.3145861327648163
ACH-000157,216239,0,0.5247750282287598
ACH-000157,216326,1,0.3358791768550873
ACH-000157,24894414,1,0.2174246460199356
ACH-000157,24951314,0,0.06110856309533119
ACH-000157,24978538,0,0.343966007232666
ACH-000157,25102847,0,0.5417451858520508
ACH-000157,25124816,0,0.11758170276880264
ACH-000157,300471,0,0.05244285613298416
ACH-000157,3005532,0,0.18092741072177887
ACH-000157,36314,0,0.14773514866828918
ACH-000157,387447,0,0.1423036903142929
ACH-000157,42640,0,0.07950205355882645
ACH-000157,44143370,0,0.12049489468336105
ACH-000157,44224160,0,0.05874946713447571
ACH-000157,44632017,0,0.17758461833000183
ACH-000157,46844147,0,0.28931722044944763
ACH-000157,46885626,0,0.4797295331954956
ACH-000157,49821040,0,0.27385368943214417
ACH-000157,5311,0,0.34107381105422974
ACH-000157,5327091,0,0.13241104781627655
ACH-000157,5394,1,0.1898351013660431
ACH-000157,54685215,0,0.11392819881439209
ACH-000157,60750,0,0.15069256722927094
ACH-000157,637858,0,0.11838360130786896
ACH-000157,65110,1,0.3045162260532379
ACH-000157,66577006,1,0.2793732285499573
ACH-000157,6914657,0,0.035493798553943634
ACH-000157,8249,0,0.14014624059200287
ACH-000157,9813758,0,0.2451619952917099
ACH-000157,9911830,0,0.4752722382545471
ACH-000157,9967941,0,0.13509687781333923
ACH-000159,10027278,0,0.05638536810874939
ACH-000159,11178236,1,0.049632906913757324
ACH-000159,11364421,0,0.04350791499018669
ACH-000159,11624601,0,0.27497780323028564
ACH-000159,11626927,0,0.02631465531885624
ACH-000159,11676786,0,0.012598916888237
ACH-000159,11713159,0,0.02350233867764473
ACH-000159,156422,0,0.35702961683273315
ACH-000159,160355,0,0.026188736781477928
ACH-000159,16095342,0,0.23334580659866333
ACH-000159,16747388,0,0.019622962921857834
ACH-000159,216326,0,0.04923519492149353
ACH-000159,23725625,0,0.0528024286031723
ACH-000159,24756910,0,0.002021852182224393
ACH-000159,24772860,0,0.00021583042689599097
ACH-000159,24826799,0,0.004740358330309391
ACH-000159,24894414,0,0.03280327096581459
ACH-000159,24978538,0,0.1284034252166748
ACH-000159,25257557,0,0.9909111857414246
ACH-000159,3385,0,0.012045089155435562
ACH-000159,44182295,0,0.029398208484053612
ACH-000159,44224160,0,0.0005382236558943987
ACH-000159,44450571,0,0.28752997517585754
ACH-000159,44462760,0,0.09104811400175095
ACH-000159,446378,0,0.12099550664424896
ACH-000159,46843772,0,0.059668395668268204
ACH-000159,46907787,0,0.03556951507925987
ACH-000159,521106,0,0.014916056767106056
ACH-000159,5291,0,0.0736735463142395
ACH-000159,5311497,0,0.03133954480290413
ACH-000159,5394,0,0.12706111371517181
ACH-000159,5459322,0,0.38772374391555786
ACH-000159,54685215,0,0.4193105101585388
ACH-000159,56962337,0,0.08533726632595062
ACH-000159,6253,0,0.050022270530462265
ACH-000159,6445533,0,0.05147708207368851
ACH-000159,6450551,0,0.007864582352340221
ACH-000159,6753378,0,0.004240735433995724
ACH-000159,6852167,0,0.004496981389820576
ACH-000159,6914657,0,0.0025740540586411953
ACH-000159,6918289,1,0.1325097531080246
ACH-000159,7251185,0,0.05215815082192421
ACH-000159,9826308,0,0.01022789254784584
ACH-000159,9826528,0,0.03906622529029846
ACH-000159,9884685,0,0.001151254284195602
ACH-000161,10196499,0,0.00818253681063652
ACH-000161,11404337,0,0.010950627736747265
ACH-000161,11617559,0,0.284013569355011
ACH-000161,25167777,0,0.015213596634566784
ACH-000161,25222038,0,0.0010191245237365365
ACH-000161,3005532,0,0.010528052225708961
ACH-000161,31703,0,0.00047388841630890965
ACH-000161,3218,0,0.014965251088142395
ACH-000161,4263900,0,0.003116926643997431
ACH-000161,44551660,0,0.10966668277978897
ACH-000161,44632017,0,0.00156984047498554
ACH-000161,448013,0,0.001119112246669829
ACH-000161,46885626,0,0.29882726073265076
ACH-000161,46907787,1,0.007611687760800123
ACH-000161,46931012,1,0.08385618031024933
ACH-000161,5113032,0,0.07531824707984924
ACH-000161,5394,0,0.04267778620123863
ACH-000161,560326,1,0.004902938846498728
ACH-000161,6753378,0,0.23675183951854706
ACH-000161,6914657,0,0.01916004717350006
ACH-000161,6918848,0,0.14735254645347595
ACH-000161,9884685,0,0.04046659544110298
ACH-000161,9910224,0,0.07068918645381927
ACH-000161,9931953,0,0.0179410632699728
ACH-000162,10184653,0,0.22139804065227509
ACH-000162,10384072,0,0.12652462720870972
ACH-000162,11626560,1,0.5990273952484131
ACH-000162,11676786,0,0.10744594037532806
ACH-000162,11707110,0,0.11048242449760437
ACH-000162,11977753,1,0.07268255203962326
ACH-000162,16720766,0,0.14600767195224762
ACH-000162,17755052,1,0.6429779529571533
ACH-000162,216326,0,0.20673015713691711
ACH-000162,24826799,1,0.8690915703773499
ACH-000162,300471,0,0.08915964514017105
ACH-000162,4261,1,0.15634238719940186
ACH-000162,44819241,0,0.2225303202867508
ACH-000162,46930998,1,0.5977415442466736
ACH-000162,5330286,0,0.12438275665044785
ACH-000162,5394,0,0.21330048143863678
ACH-000162,5459322,0,0.17826345562934875
ACH-000162,54685215,0,0.3713991343975067
ACH-000162,6253,0,0.2370893955230713
ACH-000162,65110,0,0.15919293463230133
ACH-000162,6918454,0,0.015847867354750633
ACH-000162,71271629,1,0.16923758387565613
ACH-000162,9938202,0,0.18916675448417664
ACH-000168,10200390,0,0.01799653097987175
ACH-000168,10302451,0,0.023354336619377136
ACH-000168,104842,0,0.11312539130449295
ACH-000168,11327430,1,0.16493991017341614
ACH-000168,11338033,0,0.042271241545677185
ACH-000168,11626560,0,0.1355554610490799
ACH-000168,11626927,0,0.06313569843769073
ACH-000168,11647372,0,0.01616385020315647
ACH-000168,126941,0,0.848249077796936
ACH-000168,16663089,0,0.008005167357623577
ACH-000168,16720766,0,0.04424989968538284
ACH-000168,16722836,1,0.4510873556137085
ACH-000168,16747388,0,0.7981504797935486
ACH-000168,176158,0,0.04509441554546356
ACH-000168,24889392,0,0.42180582880973816
ACH-000168,25195352,0,0.012077600695192814
ACH-000168,2733526,1,0.2214706391096115
ACH-000168,300471,0,0.006966074462980032
ACH-000168,3005532,0,0.010471541434526443
ACH-000168,3218,0,0.14094965159893036
ACH-000168,3463933,0,0.011599132791161537
ACH-000168,387447,0,0.02371666021645069
ACH-000168,44137675,0,0.021594639867544174
ACH-000168,44182295,1,0.4781946837902069
ACH-000168,44450571,0,0.09404503554105759
ACH-000168,444795,1,0.5948618054389954
ACH-000168,447912,1,0.637174129486084
ACH-000168,462382,0,0.0251420009881258
ACH-000168,46883536,0,0.49700137972831726
ACH-000168,46931012,0,0.28802740573883057
ACH-000168,4993,0,0.019381647929549217
ACH-000168,521106,0,0.030032971873879433
ACH-000168,5291,0,0.12013817578554153
ACH-000168,5328940,0,0.40805742144584656
ACH-000168,56962337,0,0.24788081645965576
ACH-000168,56965967,1,0.24801310896873474
ACH-000168,65110,0,0.6822770237922668
ACH-000168,6918289,0,0.24419280886650085
ACH-000168,71271629,1,0.7068944573402405
ACH-000168,76044,0,0.0080414405092597
ACH-000168,9549184,0,0.17961327731609344
ACH-000168,9907093,0,0.0150569137185812
ACH-000168,9911830,0,0.6072524189949036
ACH-000169,10027278,0,0.0015332512557506561
ACH-000169,10113978,0,0.0023766555823385715
ACH-000169,11625818,0,0.006577231455594301
ACH-000169,159324,0,0.001831574714742601
ACH-000169,16722836,0,0.008554115891456604
ACH-000169,16725726,0,0.0675516426563263
ACH-000169,16747388,0,0.20406560599803925
ACH-000169,24772860,0,0.0006720635574311018
ACH-000169,24785538,1,0.05016029626131058
ACH-000169,24826799,0,0.0014685504138469696
ACH-000169,3005532,0,0.035263072699308395
ACH-000169,3385,0,0.02321344055235386
ACH-000169,3796,0,0.04475327953696251
ACH-000169,42640,1,0.0046136039309203625
ACH-000169,44632017,0,0.0008203271427191794
ACH-000169,448013,0,0.0019412513356655836
ACH-000169,46191454,0,0.004242654889822006
ACH-000169,49806720,0,0.11451905965805054
ACH-000169,5113032,0,0.006915594916790724
ACH-000169,5394,0,0.011998314410448074
ACH-000169,57339144,0,0.013282090425491333
ACH-000169,6918638,0,0.0018723756074905396
ACH-000169,9813758,0,0.025174161419272423
ACH-000169,9903786,0,0.004398836754262447
ACH-000171,10196499,1,0.40322309732437134
ACH-000171,11282283,0,0.04753042757511139
ACH-000171,11316960,0,0.00430550379678607
ACH-000171,11455910,0,0.02848847210407257
ACH-000171,11493598,0,0.009223904460668564
ACH-000171,11625818,0,0.06128154322504997
ACH-000171,11667893,0,0.08129521459341049
ACH-000171,11754511,0,0.01115412823855877
ACH-000171,126941,0,0.0073835719376802444
ACH-000171,1401,0,0.01304970309138298
ACH-000171,16722836,0,0.004804466851055622
ACH-000171,16747388,0,0.0020922967232763767
ACH-000171,176158,0,0.07128122448921204
ACH-000171,216326,0,0.00761698093265295
ACH-000171,23725625,0,0.005038101691752672
ACH-000171,24951314,0,0.0025462054181843996
ACH-000171,25102847,0,0.0218927264213562
ACH-000171,25262965,0,0.00792949739843607
ACH-000171,300471,0,0.02966049499809742
ACH-000171,3796,0,0.032591596245765686
ACH-000171,46224516,0,0.002493586391210556
ACH-000171,46883536,0,0.018880415707826614
ACH-000171,46930998,0,0.05993480607867241
ACH-000171,46943432,0,0.01597682572901249
ACH-000171,49806720,1,0.035963527858257294
ACH-000171,5280757,0,0.07427089661359787
ACH-000171,5289247,0,0.0037010919768363237
ACH-000171,5327091,0,0.011175407096743584
ACH-000171,5459322,0,0.043848443776369095
ACH-000171,56965967,0,0.007760991342365742
ACH-000171,60750,0,0.006873334292322397
ACH-000171,6450551,0,0.00280083529651165
ACH-000171,6753378,0,0.004281829576939344
ACH-000171,6918848,0,0.002737564267590642
ACH-000171,85668777,0,0.02248639240860939
ACH-000171,9826528,0,0.00034751257044263184
ACH-000171,9910224,0,0.00787294376641512
ACH-000171,9914412,0,0.008722607977688313
ACH-000171,9956119,0,0.2850942611694336
ACH-000174,10027278,1,0.37310460209846497
ACH-000174,10077147,0,0.0326399952173233
ACH-000174,10200390,0,0.01662665419280529
ACH-000174,11178236,0,0.006167936604470015
ACH-000174,11338033,0,9.010390931507573e-05
ACH-000174,11373846,0,0.002469755243510008
ACH-000174,11960529,1,0.2282484769821167
ACH-000174,123631,0,0.09602043777704239
ACH-000174,148124,1,0.13544012606143951
ACH-000174,16725726,0,0.0391668863594532
ACH-000174,16747388,0,0.028511153534054756
ACH-000174,24772860,0,0.00013626873260363936
ACH-000174,25022668,0,0.14571276307106018
ACH-000174,25102847,0,0.013124482706189156
ACH-000174,25126798,0,0.027085401117801666
ACH-000174,25167777,0,0.000582543492782861
ACH-000174,2726824,0,0.08484792709350586
ACH-000174,2733526,0,0.06547021120786667
ACH-000174,3218,0,0.165301114320755
ACH-000174,3796,0,0.00663028797134757
ACH-000174,42642645,0,0.011100515723228455
ACH-000174,44143370,0,0.003655826672911644
ACH-000174,444795,0,0.04399307444691658
ACH-000174,46191454,0,0.0009839413687586784
ACH-000174,46224516,0,0.00046690035378560424
ACH-000174,5208,0,0.1317538321018219
ACH-000174,521106,0,0.053095605224370956
ACH-000174,5311497,0,0.34001314640045166
ACH-000174,5746,0,0.33171987533569336
ACH-000174,644241,1,0.2866322994232178
ACH-000174,6445533,0,0.04582666978240013
ACH-000174,6753378,0,0.003544281702488661
ACH-000174,6852167,0,0.0008113941294141114
ACH-000174,6914657,0,0.0013323024613782763
ACH-000174,6918638,0,0.0003966864023823291
ACH-000174,6918848,0,0.00030455287196673453
ACH-000174,8249,0,0.008865905925631523
ACH-000174,9874913,0,0.01052263006567955
ACH-000174,9943465,0,0.0827232077717781
ACH-000174,9952773,0,0.0007309117936529219
ACH-000174,9956222,0,0.0003514349227771163
ACH-000176,10027278,0,0.002442712662741542
ACH-000176,10109823,0,0.001144010224379599
ACH-000176,10127622,0,0.11145460605621338
ACH-000176,10184653,1,0.013269240967929363
ACH-000176,10384072,0,0.01788691245019436
ACH-000176,10459196,0,0.0672612115740776
ACH-000176,104842,0,0.022693995386362076
ACH-000176,11282283,0,0.018755115568637848
ACH-000176,11327430,0,0.003372668754309416
ACH-000176,11373846,0,0.002070510294288397
ACH-000176,11455910,0,0.017946919426321983
ACH-000176,11667893,0,0.008977627381682396
ACH-000176,11960529,0,0.06547669321298599
ACH-000176,148124,0,0.003574348520487547
ACH-000176,156422,1,0.017801761627197266
ACH-000176,159324,0,0.0011805333197116852
ACH-000176,16720766,0,0.022097038105130196
ACH-000176,24772860,0,3.4528133255662397e-05
ACH-000176,24776445,0,0.011713311076164246
ACH-000176,24894414,0,0.0027342375833541155
ACH-000176,25124816,0,0.007970541715621948
ACH-000176,25126798,0,0.026995345950126648
ACH-000176,25167777,0,9.081780444830656e-05
ACH-000176,25222038,0,0.0011468786979094148
ACH-000176,25257557,0,0.046959858387708664
ACH-000176,2726824,0,0.013701464049518108
ACH-000176,31703,0,0.0010448906105011702
ACH-000176,3385,0,0.04283030703663826
ACH-000176,3463933,0,0.011496784165501595
ACH-000176,42640,0,0.002394616836681962
ACH-000176,44632017,0,0.004571925848722458
ACH-000176,46224516,0,0.0003208875423297286
ACH-000176,46843772,0,0.02313707210123539
ACH-000176,46885626,0,0.005498964339494705
ACH-000176,46930998,0,0.0004201386182103306
ACH-000176,51371303,0,0.0055038766004145145
ACH-000176,5208,0,0.0013634650968015194
ACH-000176,5278396,0,0.004202709067612886
ACH-000176,53394750,0,0.013500441797077656
ACH-000176,5394,0,0.0656367614865303
ACH-000176,6253,0,0.11304506659507751
ACH-000176,644241,0,0.2997357249259949
ACH-000176,84691,0,0.02947491779923439
ACH-000176,9863776,0,0.2297465205192566
ACH-000176,9910224,0,0.009528158232569695
ACH-000176,9967941,0,0.002386600710451603
ACH-000178,10077147,0,0.0009072354296222329
ACH-000178,10113978,0,0.0007563802064396441
ACH-000178,10184653,0,0.061113905161619186
ACH-000178,104842,0,0.004245155490934849
ACH-000178,11282283,0,0.006435827352106571
ACH-000178,11373846,0,0.00034751818748191
ACH-000178,11485656,0,0.0005424917908385396
ACH-000178,11617559,0,0.0008232201798819005
ACH-000178,11707110,0,0.9478434324264526
ACH-000178,148124,0,0.0033415406942367554
ACH-000178,2375,0,0.0038942652754485607
ACH-000178,24889392,0,0.00033147732028737664
ACH-000178,25167777,0,2.352819501538761e-05
ACH-000178,36462,0,0.0024789280723780394
ACH-000178,44224160,0,3.682562237372622e-06
ACH-000178,447912,0,0.0004855948791373521
ACH-000178,44819241,0,0.024703973904252052
ACH-000178,46907787,0,0.00026826842804439366
ACH-000178,46930998,0,0.0006524716154672205
ACH-000178,5208,0,0.0007832607952877879
ACH-000178,521106,0,0.0001805581705411896
ACH-000178,5328940,0,0.07226452976465225
ACH-000178,5460769,0,0.005937251728028059
ACH-000178,54685215,0,0.021362213417887688
ACH-000178,6710780,0,0.00607279734686017
ACH-000178,6918289,0,0.03672143071889877
ACH-000178,6918454,1,0.7849081158638
ACH-000178,6918638,0,3.188992559444159e-05
ACH-000178,71271629,0,0.015029782429337502
ACH-000178,9931953,0,0.036095306277275085
ACH-000178,9938202,0,0.014766964130103588
ACH-000178,9956119,0,0.007222803775221109
ACH-000181,10077147,0,0.010878725908696651
ACH-000181,10096043,0,0.024435725063085556
ACH-000181,10459196,0,0.018570179119706154
ACH-000181,104842,0,0.0053690094500780106
ACH-000181,11327430,0,0.012170788832008839
ACH-000181,11433190,0,0.10943162441253662
ACH-000181,11455910,0,0.21502207219600677
ACH-000181,11485656,0,0.012415410950779915
ACH-000181,11609586,0,0.013129197061061859
ACH-000181,11617559,0,0.09104229509830475
ACH-000181,11667893,0,0.17189739644527435
ACH-000181,11977753,0,0.026670746505260468
ACH-000181,1401,0,0.04067390784621239
ACH-000181,16722836,0,0.02650904282927513
ACH-000181,23725625,0,0.006609973963350058
ACH-000181,24756910,0,0.052888303995132446
ACH-000181,24894414,0,0.028332117944955826
ACH-000181,25167777,1,0.04170289635658264
ACH-000181,25257557,1,0.8170143365859985
ACH-000181,2726824,0,0.05703830346465111
ACH-000181,2733526,0,0.036452583968639374
ACH-000181,3385,0,0.012937554158270359
ACH-000181,44137675,1,0.20427058637142181
ACH-000181,44143370,0,0.41113895177841187
ACH-000181,44182295,0,0.04029269143939018
ACH-000181,44450571,0,0.07255752384662628
ACH-000181,44462760,0,0.03171085566282272
ACH-000181,447912,0,0.013589785434305668
ACH-000181,46883536,0,0.04110531136393547
ACH-000181,46885626,0,0.03751904517412186
ACH-000181,46907787,1,0.030785180628299713
ACH-000181,49806720,1,0.27763959765434265
ACH-000181,521106,0,0.008391162380576134
ACH-000181,5289247,1,0.087558314204216
ACH-000181,5311,0,0.008705119602382183
ACH-000181,53394750,0,0.13134731352329254
ACH-000181,5460769,0,0.05606997758150101
ACH-000181,54676905,0,0.07179560512304306
ACH-000181,5746,0,0.03293062001466751
ACH-000181,6450551,0,0.008928421884775162
ACH-000181,6710780,0,0.007108177058398724
ACH-000181,6852167,0,0.0575052909553051
ACH-000181,704473,0,0.07307220995426178
ACH-000181,9863776,1,0.033300869166851044
ACH-000181,9903786,0,0.023492081090807915
ACH-000183,10113978,0,0.016312360763549805
ACH-000183,11152667,0,0.3301505446434021
ACH-000183,11178236,0,0.024024656042456627
ACH-000183,11364421,0,0.028654273599386215
ACH-000183,11493598,0,0.16719703376293182
ACH-000183,11609586,1,0.18744978308677673
ACH-000183,11617559,0,0.3847872316837311
ACH-000183,11713159,0,0.012530999258160591
ACH-000183,11754511,0,0.3227229714393616
ACH-000183,11960529,0,0.3072947561740875
ACH-000183,148124,0,0.011245404370129108
ACH-000183,16663089,0,0.02501087263226509
ACH-000183,176870,0,0.14488500356674194
ACH-000183,17755052,1,0.1465831845998764
ACH-000183,2375,0,0.37728118896484375
ACH-000183,24951314,0,0.11880329996347427
ACH-000183,25257557,1,0.9285364151000977
ACH-000183,2733526,0,0.21640801429748535
ACH-000183,31703,0,0.0021083501633256674
ACH-000183,44143370,0,0.10142660140991211
ACH-000183,46885626,0,0.6970825791358948
ACH-000183,5328940,0,0.2729167342185974
ACH-000183,5329102,0,0.016712240874767303
ACH-000183,5494449,0,0.09555857628583908
ACH-000183,560326,0,0.15210001170635223
ACH-000183,56965967,0,0.1778976321220398
ACH-000183,6450816,0,0.016236374154686928
ACH-000183,6710780,0,0.12950223684310913
ACH-000183,7251185,0,0.09000412374734879
ACH-000183,9826528,0,0.029309041798114777
ACH-000183,9863776,0,0.09394333511590958
ACH-000183,9907093,0,0.04688839986920357
ACH-000183,9911830,0,0.4275205731391907
ACH-000183,9967941,0,0.13222993910312653
ACH-000186,10113978,0,5.668730409524869e-06
ACH-000186,10384072,0,4.491951040108688e-05
ACH-000186,10459196,0,7.212450873339549e-05
ACH-000186,104842,0,3.049373481189832e-05
ACH-000186,11707110,0,0.0015844905283302069
ACH-000186,11713159,0,1.5516883422606043e-06
ACH-000186,11754511,0,1.6719178574930993e-06
ACH-000186,216326,0,8.629944204585627e-05
ACH-000186,23725625,0,5.429485463537276e-05
ACH-000186,24772860,0,9.52255518882339e-09
ACH-000186,24826799,0,2.0783099330401456e-07
ACH-000186,24889392,0,2.3544445866718888e-05
ACH-000186,24894414,0,1.7988733816309832e-05
ACH-000186,24978538,0,0.0014010865706950426
ACH-000186,25167777,0,6.187743224472797e-07
ACH-000186,25195352,0,5.653067347566321e-08
ACH-000186,25222038,0,4.644255398034147e-07
ACH-000186,25262965,0,5.000741566618672e-06
ACH-000186,300471,0,0.00011493972851894796
ACH-000186,31703,0,3.6832855698776257e-07
ACH-000186,46224516,0,3.722366272995714e-07
ACH-000186,46907787,0,1.7119530184572795e-06
ACH-000186,57339144,0,0.0002639928425196558
ACH-000186,6253,0,1.3501824469130952e-05
ACH-000186,6918289,0,0.0003643958189059049
ACH-000186,8249,0,5.728305404772982e-05
ACH-000186,9903786,0,3.733358653335017e-07
ACH-000186,9943465,0,0.0012176764430478215
ACH-000186,9956119,0,0.0002361813239986077
ACH-000186,9956222,0,2.417581583813444e-07
ACH-000186,9967941,0,4.9106522055808455e-05
ACH-000187,10074640,0,0.015707533806562424
ACH-000187,11485656,0,0.01827392540872097
ACH-000187,16747388,0,0.02568652108311653
ACH-000187,24889392,1,0.5263428092002869
ACH-000187,25167777,1,0.06053471937775612
ACH-000187,25195352,0,0.011540229432284832
ACH-000187,44224160,0,0.060400284826755524
ACH-000187,56965967,0,0.06602071970701218
ACH-000187,9952773,0,0.06673506647348404
ACH-000188,10027278,0,0.001968373078852892
ACH-000188,10113978,0,0.014036295004189014
ACH-000188,10127622,1,0.20945686101913452
ACH-000188,10451420,0,0.18858450651168823
ACH-000188,11152667,0,0.0018308006692677736
ACH-000188,11493598,0,0.10272350162267685
ACH-000188,11625818,0,0.06421253085136414
ACH-000188,11634725,0,0.04186919331550598
ACH-000188,11647372,0,0.00965396873652935
ACH-000188,11707110,1,0.31023576855659485
ACH-000188,11960529,0,0.003438515355810523
ACH-000188,11977753,0,0.011903361417353153
ACH-000188,123631,1,0.33243900537490845
ACH-000188,2375,1,0.005996182095259428
ACH-000188,24894414,1,0.020947197452187538
ACH-000188,25124816,0,0.18131931126117706
ACH-000188,25126798,0,0.03826593607664108
ACH-000188,2733526,0,0.01418396271765232
ACH-000188,300471,0,0.01537410169839859
ACH-000188,31703,0,0.000945370877161622
ACH-000188,44182295,1,0.022092634811997414
ACH-000188,44551660,0,0.002893413882702589
ACH-000188,44632017,0,0.0014855553163215518
ACH-000188,46191454,0,0.01120036281645298
ACH-000188,46885626,0,0.017393862828612328
ACH-000188,46943432,0,0.03925776109099388
ACH-000188,5208,0,0.0010428349487483501
ACH-000188,521106,0,0.00050690135685727
ACH-000188,5311,0,0.0033190916292369366
ACH-000188,5311497,0,0.002295820275321603
ACH-000188,5328940,0,0.010743044316768646
ACH-000188,5394,0,0.007320328149944544
ACH-000188,54676905,0,0.02371211349964142
ACH-000188,57339144,0,0.013296027667820454
ACH-000188,6445533,0,0.035477813333272934
ACH-000188,6445562,1,0.4102863073348999
ACH-000188,6505803,0,0.00864523183554411
ACH-000188,6710780,0,0.002757433569058776
ACH-000188,6914657,0,0.00403931038454175
ACH-000188,6918638,0,0.006113610230386257
ACH-000188,9863776,0,0.019499123096466064
ACH-000188,9868037,0,0.005590553395450115
ACH-000188,9874913,0,0.35949769616127014
ACH-000188,9910224,0,0.008857370354235172
ACH-000189,10027278,0,0.002738676266744733
ACH-000189,10074640,0,0.0014257044531404972
ACH-000189,10077147,0,0.0001597225054865703
ACH-000189,10127622,0,0.02541201561689377
ACH-000189,10459196,0,0.004698642063885927
ACH-000189,10461815,0,0.04762330278754234
ACH-000189,11152667,0,0.00015347749285865575
ACH-000189,11178236,0,0.001933784456923604
ACH-000189,11282283,0,0.00797306839376688
ACH-000189,11316960,0,0.0029367664828896523
ACH-000189,11640390,0,0.0065087913535535336
ACH-000189,123631,0,0.14616841077804565
ACH-000189,148124,0,0.025932714343070984
ACH-000189,16722836,0,3.672412640298717e-05
ACH-000189,16747388,0,0.00014264538185670972
ACH-000189,216326,0,0.0013493128353729844
ACH-000189,2314623,0,0.030993197113275528
ACH-000189,2375,0,0.001426966511644423
ACH-000189,24776445,0,0.0010657842503860593
ACH-000189,25126798,0,0.0009599705808795989
ACH-000189,3005532,1,0.031431544572114944
ACH-000189,36314,0,0.014041480608284473
ACH-000189,4263900,0,0.0014100925764068961
ACH-000189,42640,0,0.011797694489359856
ACH-000189,44137675,1,0.10396242141723633
ACH-000189,44182295,0,0.001294298330321908
ACH-000189,44462760,0,0.0016973860329017043
ACH-000189,446378,0,0.01238362118601799
ACH-000189,448013,0,0.003134868573397398
ACH-000189,462382,0,0.015353154391050339
ACH-000189,46943432,0,3.475061021163128e-05
ACH-000189,49806720,0,0.0019486747914925218
ACH-000189,5278396,0,0.0013346264604479074
ACH-000189,5311,0,0.00024229219707194716
ACH-000189,53340664,0,6.256552296690643e-05
ACH-000189,5460769,0,0.01858515851199627
ACH-000189,54676905,0,0.013305969536304474
ACH-000189,56962337,0,0.002197735942900181
ACH-000189,5746,0,0.0058191814459860325
ACH-000189,6450551,0,0.0006136344163678586
ACH-000189,6505803,0,0.012510229833424091
ACH-000189,6918289,0,0.00411002105101943
ACH-000189,6918638,0,1.6561278243898414e-05
ACH-000189,9810884,1,0.0028860880993306637
ACH-000190,10077147,0,0.05699598044157028
ACH-000190,10113978,0,0.01698475144803524
ACH-000190,10184653,0,0.014869578182697296
ACH-000190,10451420,1,0.7027386426925659
ACH-000190,11316960,0,0.15609505772590637
ACH-000190,11364421,0,0.057330094277858734
ACH-000190,11404337,0,0.023109406232833862
ACH-000190,11433190,0,0.7359217405319214
ACH-000190,11493598,0,0.08805627375841141
ACH-000190,11625818,0,0.017911959439516068
ACH-000190,11707110,1,0.40587159991264343
ACH-000190,11960529,0,0.1725141406059265
ACH-000190,123631,0,0.01653119921684265
ACH-000190,1401,0,0.11293167620897293
ACH-000190,160355,0,0.005963923409581184
ACH-000190,16038120,0,0.021223774179816246
ACH-000190,16760646,0,0.05220238119363785
ACH-000190,17755052,0,0.018199855461716652
ACH-000190,23725625,1,0.21066968142986298
ACH-000190,25257557,1,0.9884401559829712
ACH-000190,3463933,0,0.019461479038000107
ACH-000190,36314,0,0.02718110755085945
ACH-000190,387447,0,0.02596445381641388
ACH-000190,42640,0,0.013965018093585968
ACH-000190,44182295,0,0.16486288607120514
ACH-000190,44224160,0,0.0013448079116642475
ACH-000190,44450571,1,0.04233495146036148
ACH-000190,444795,0,0.08993465453386307
ACH-000190,44551660,0,0.021076032891869545
ACH-000190,448013,0,0.008522754535079002
ACH-000190,5113032,0,0.07049870491027832
ACH-000190,5311,1,0.10632997006177902
ACH-000190,5328940,0,0.16741101443767548
ACH-000190,5330286,0,0.14837229251861572
ACH-000190,5494449,0,0.7293108701705933
ACH-000190,60750,0,0.017142312601208687
ACH-000190,6253,0,0.3929261863231659
ACH-000190,637858,1,0.04430760443210602
ACH-000190,6505803,0,0.009902420453727245
ACH-000190,6710780,0,0.1171642541885376
ACH-000190,6914657,0,0.0016858618473634124
ACH-000190,71271629,0,0.18943756818771362
ACH-000190,84691,0,0.10392897576093674
ACH-000190,9858940,0,0.03507152944803238
ACH-000190,9884685,0,0.0030854151118546724
ACH-000190,9910224,0,0.1578667163848877
ACH-000190,9911830,0,0.36288341879844666
ACH-000190,9938202,0,0.012586952187120914
ACH-000191,11327430,1,0.05015254020690918
ACH-000191,11609586,0,0.29999619722366333
ACH-000191,11960529,0,0.344853937625885
ACH-000191,176158,1,0.04190266132354736
ACH-000191,17755052,0,0.009610151872038841
ACH-000191,216326,0,0.2868666648864746
ACH-000191,2314623,0,0.1524004340171814
ACH-000191,23725625,0,0.16349369287490845
ACH-000191,2375,0,0.030626151710748672
ACH-000191,24180719,1,0.9498885273933411
ACH-000191,24776445,1,0.06110783666372299
ACH-000191,24951314,0,0.0009737422224134207
ACH-000191,24978538,0,0.0995623841881752
ACH-000191,25195352,0,0.0012037777341902256
ACH-000191,3463933,0,0.1622016280889511
ACH-000191,3796,0,0.01652776636183262
ACH-000191,42640,0,0.05083037167787552
ACH-000191,44182295,1,0.9910867810249329
ACH-000191,46930998,1,0.0052237617783248425
ACH-000191,49806720,0,0.09698082506656647
ACH-000191,51371303,1,0.09207016974687576
ACH-000191,5280757,0,0.17826484143733978
ACH-000191,5311,1,0.09636377543210983
ACH-000191,5311497,0,0.02722148969769478
ACH-000191,5460769,0,0.052069954574108124
ACH-000191,54676905,0,0.04754780977964401
ACH-000191,560326,0,0.004919914063066244
ACH-000191,5746,0,0.03938750922679901
ACH-000191,60750,0,0.038411810994148254
ACH-000191,6710780,0,0.12255353480577469
ACH-000191,6918454,1,0.986049473285675
ACH-000191,85668777,0,0.25269049406051636
ACH-000191,9868037,0,0.054958611726760864
ACH-000191,9903786,0,0.005536794662475586
ACH-000196,10113978,0,0.008416231721639633
ACH-000196,10200390,0,0.005197562277317047
ACH-000196,104842,0,0.004293356090784073
ACH-000196,11338033,0,0.01044644694775343
ACH-000196,11364421,0,0.01097941119223833
ACH-000196,11617559,0,0.16794484853744507
ACH-000196,11626927,0,0.02179219387471676
ACH-000196,11713159,0,0.0013606922002509236
ACH-000196,16663089,0,0.004665151238441467
ACH-000196,16722836,0,0.11271171271800995
ACH-000196,16760646,1,0.00588568951934576
ACH-000196,176167,0,0.17134737968444824
ACH-000196,20635522,0,0.005077798385173082
ACH-000196,24889392,0,0.14023356139659882
ACH-000196,25124816,0,0.02855611965060234
ACH-000196,3218,0,0.0035445725079625845
ACH-000196,36462,0,0.0015440417919307947
ACH-000196,44137675,0,0.012124715372920036
ACH-000196,448013,0,0.0007011794368736446
ACH-000196,46224516,0,0.031577806919813156
ACH-000196,46885626,1,0.16419288516044617
ACH-000196,46907787,0,0.010532007552683353
ACH-000196,49821040,0,0.04845677316188812
ACH-000196,5113032,0,0.017509935423731804
ACH-000196,521106,0,0.0018026285106316209
ACH-000196,5329102,0,0.0035639293491840363
ACH-000196,53394750,1,0.5695173740386963
ACH-000196,5384616,0,0.0762985572218895
ACH-000196,5459322,0,0.03274565562605858
ACH-000196,5460769,0,0.029830392450094223
ACH-000196,5494449,1,0.01602150872349739
ACH-000196,6753378,0,0.05555685609579086
ACH-000196,704473,0,0.067324198782444
ACH-000196,9884685,0,0.01105465181171894
ACH-000197,10027278,0,0.0011775963939726353
ACH-000197,11178236,0,0.0003208995040040463
ACH-000197,11713159,0,0.0002368772547924891
ACH-000197,11844351,0,0.018611261621117592
ACH-000197,16095342,0,0.020428992807865143
ACH-000197,16663089,0,0.00010879747424041852
ACH-000197,24785538,0,0.0013094722526147962
ACH-000197,24826799,0,0.00022950144193600863
ACH-000197,25022668,0,0.000315328361466527
ACH-000197,25167777,0,3.824559462373145e-05
ACH-000197,25257557,0,0.9865618348121643
ACH-000197,3218,0,0.0008247755467891693
ACH-000197,36462,0,0.00035607267636805773
ACH-000197,448013,0,0.00027030386263504624
ACH-000197,46844147,0,8.371105650439858e-05
ACH-000197,46907787,0,0.000568289018701762
ACH-000197,46931012,0,5.648855949402787e-05
ACH-000197,46943432,0,0.0022755609825253487
ACH-000197,4993,0,0.008984464220702648
ACH-000197,5291,0,0.003996330313384533
ACH-000197,5384616,0,0.0014175199903547764
ACH-000197,5746,0,0.002677996177226305
ACH-000197,9813758,0,0.0008919996325857937
ACH-000197,9903786,0,8.056598744587973e-05
ACH-000197,9956222,0,0.000100994628155604
ACH-000198,10109823,1,0.10961636155843735
ACH-000198,10184653,0,0.0815005823969841
ACH-000198,10302451,1,0.12061673402786255
ACH-000198,10341154,1,0.7713488340377808
ACH-000198,104842,0,0.27678078413009644
ACH-000198,11282283,1,0.27794551849365234
ACH-000198,11455910,0,0.05998599901795387
ACH-000198,11485656,1,0.7217719554901123
ACH-000198,11609586,1,0.3412931561470032
ACH-000198,156422,1,0.07938414812088013
ACH-000198,160355,0,0.1703696995973587
ACH-000198,16038120,0,0.2124054878950119
ACH-000198,16725726,1,0.6501450538635254
ACH-000198,17755052,0,0.42636847496032715
ACH-000198,208908,0,0.09450491517782211
ACH-000198,24180719,1,0.7384394407272339
ACH-000198,25222038,0,0.13143238425254822
ACH-000198,3385,1,0.7972238063812256
ACH-000198,36462,0,0.30108556151390076
ACH-000198,3796,1,0.14004573225975037
ACH-000198,4261,0,0.17735475301742554
ACH-000198,4263900,1,0.4247186481952667
ACH-000198,44224160,0,0.0629112645983696
ACH-000198,447912,1,0.7811241745948792
ACH-000198,46191454,0,0.5936827659606934
ACH-000198,46844147,0,0.2587071657180786
ACH-000198,46907787,0,0.13997381925582886
ACH-000198,46943432,1,0.9492573142051697
ACH-000198,49806720,1,0.4661177694797516
ACH-000198,49836027,0,0.05221482366323471
ACH-000198,5113032,1,0.6640962958335876
ACH-000198,521106,0,0.3181447684764862
ACH-000198,5311497,0,0.055285558104515076
ACH-000198,5394,1,0.5218782424926758
ACH-000198,54676905,0,0.2061515599489212
ACH-000198,560326,0,0.4023432731628418
ACH-000198,60750,0,0.05659282207489014
ACH-000198,6505803,0,0.03367609158158302
ACH-000198,6918848,1,0.3525945544242859
ACH-000198,8249,1,0.4902525842189789
ACH-000198,84691,0,0.3152863383293152
ACH-000198,9549184,1,0.6320835947990417
ACH-000198,9813758,0,0.5574957132339478
ACH-000198,9858940,0,0.16015012562274933
ACH-000198,9952773,1,0.16933795809745789
ACH-000200,10390396,0,0.2556975483894348
ACH-000200,10459196,0,0.09399024397134781
ACH-000200,11493598,0,0.015588262118399143
ACH-000200,11667893,0,0.10352121293544769
ACH-000200,11676786,0,0.02728160098195076
ACH-000200,11844351,0,0.575238049030304
ACH-000200,126565,0,0.02860848419368267
ACH-000200,160355,0,0.02231564000248909
ACH-000200,16095342,0,0.26481831073760986
ACH-000200,2375,0,0.017675036564469337
ACH-000200,24772860,0,0.0001993314945138991
ACH-000200,24951314,0,0.00039820928941480815
ACH-000200,24978538,1,0.15583670139312744
ACH-000200,25022668,0,0.05766526609659195
ACH-000200,2726824,1,0.0481441356241703
ACH-000200,3463933,0,0.15038424730300903
ACH-000200,36314,0,0.33602938055992126
ACH-000200,42642645,0,0.016656195744872093
ACH-000200,44137675,0,0.08434624969959259
ACH-000200,44182295,0,0.012881476432085037
ACH-000200,44551660,0,0.0005457776132971048
ACH-000200,448013,0,0.11608283221721649
ACH-000200,46883536,1,0.02550538256764412
ACH-000200,49836027,0,0.31077465415000916
ACH-000200,5113032,0,0.013784262351691723
ACH-000200,5208,0,0.028386054560542107
ACH-000200,5278396,0,0.0038411514833569527
ACH-000200,5280757,0,0.18094587326049805
ACH-000200,5311510,0,0.1952432096004486
ACH-000200,5328940,0,0.024412408471107483
ACH-000200,5394,0,0.021158603951334953
ACH-000200,54676905,0,0.07202193140983582
ACH-000200,5746,0,0.12395370751619339
ACH-000200,6253,0,0.03818751871585846
ACH-000200,6445562,0,0.021828392520546913
ACH-000200,6753378,0,0.005435806233435869
ACH-000200,6914657,0,0.002654322888702154
ACH-000200,9884685,0,0.00043028980144299567
ACH-000200,9907093,0,0.3556821942329407
ACH-000200,9931953,0,0.030677249655127525
ACH-000201,10074640,1,0.3785078823566437
ACH-000201,10109823,0,0.07525762915611267
ACH-000201,10113978,1,0.13201412558555603
ACH-000201,11338033,0,0.01508560124784708
ACH-000201,11640390,0,0.1588415652513504
ACH-000201,25257557,1,0.9541073441505432
ACH-000201,42642645,1,0.48858922719955444
ACH-000201,44632017,0,0.1322353035211563
ACH-000201,446378,0,0.11999043077230453
ACH-000201,46907787,0,0.125284343957901
ACH-000201,46931012,0,0.055264703929424286
ACH-000201,46943432,0,0.17186567187309265
ACH-000201,5113032,0,0.25734299421310425
ACH-000201,51371303,0,0.06438310444355011
ACH-000201,5311497,0,0.12247144430875778
ACH-000201,5394,0,0.280612051486969
ACH-000201,5460769,0,0.155877485871315
ACH-000201,54685215,0,0.06785938888788223
ACH-000201,5746,0,0.15523317456245422
ACH-000201,66577006,0,0.12980572879314423
ACH-000201,71271629,0,0.44972139596939087
ACH-000201,8249,0,0.05782876908779144
ACH-000201,85668777,0,0.03103513829410076
ACH-000201,9813758,0,0.10053202509880066
ACH-000204,10196499,0,0.013445232063531876
ACH-000204,10200390,0,0.014765970408916473
ACH-000204,11455910,0,0.02822868339717388
ACH-000204,123631,0,0.06566736102104187
ACH-000204,1401,0,0.15831248462200165
ACH-000204,159324,0,0.010486329905688763
ACH-000204,160355,0,0.026017887517809868
ACH-000204,16722836,0,0.28960955142974854
ACH-000204,208908,0,0.1166815459728241
ACH-000204,2314623,0,0.13201993703842163
ACH-000204,2375,0,0.16506271064281464
ACH-000204,24180719,0,0.13356007635593414
ACH-000204,24825971,0,0.03149227425456047
ACH-000204,24978538,0,0.6726046204566956
ACH-000204,25102847,0,0.06045949459075928
ACH-000204,25126798,0,0.46376267075538635
ACH-000204,44137675,0,0.032871901988983154
ACH-000204,44182295,0,0.010102195665240288
ACH-000204,44632017,0,0.004138351883739233
ACH-000204,446378,0,0.010107572190463543
ACH-000204,448013,0,0.0010850654216483235
ACH-000204,462382,0,0.017886225134134293
ACH-000204,5280757,0,0.05803066864609718
ACH-000204,5289247,0,0.265826016664505
ACH-000204,53302361,0,0.017093263566493988
ACH-000204,5394,0,0.09436994045972824
ACH-000204,5494449,0,0.0245168786495924
ACH-000204,56962337,0,0.14851230382919312
ACH-000204,5717801,1,0.006216459441930056
ACH-000204,637858,0,0.06393808871507645
ACH-000204,6445533,0,0.17255710065364838
ACH-000204,6450551,0,0.02854154072701931
ACH-000204,6753378,0,0.32088643312454224
ACH-000204,6914657,0,0.023651661351323128
ACH-000204,6918289,0,0.11454892158508301
ACH-000204,6918848,0,0.25570154190063477
ACH-000204,704473,1,0.4912591576576233
ACH-000204,8249,0,0.44313690066337585
ACH-000204,9858940,0,0.1369919776916504
ACH-000204,9907093,0,0.026530057191848755
ACH-000204,9943465,0,0.121510349214077
ACH-000204,9956119,0,0.20335611701011658
ACH-000204,9967941,0,0.29695096611976624
ACH-000207,10074640,0,0.0004608120652846992
ACH-000207,10113978,0,0.03801295906305313
ACH-000207,11327430,0,0.008220018818974495
ACH-000207,11338033,0,1.4833260138402693e-05
ACH-000207,11433190,0,0.0043122428469359875
ACH-000207,11617559,0,0.0016696786042302847
ACH-000207,11713159,1,0.0007738261483609676
ACH-000207,123631,0,0.028779467567801476
ACH-000207,1401,0,0.005538097582757473
ACH-000207,159324,0,0.01451942604035139
ACH-000207,176158,0,0.03399032726883888
ACH-000207,2314623,0,0.0762035921216011
ACH-000207,24180719,0,0.0009284042753279209
ACH-000207,24785538,0,0.0013359846780076623
ACH-000207,24889392,0,0.002709403168410063
ACH-000207,24894414,0,0.0012950875097885728
ACH-000207,25262965,0,0.007737405132502317
ACH-000207,2733526,1,0.07406166195869446
ACH-000207,3218,0,0.002541170222684741
ACH-000207,3463933,0,0.03769976645708084
ACH-000207,42642645,0,6.612714059883729e-05
ACH-000207,44462760,0,0.00010268648475175723
ACH-000207,44632017,0,0.002385657513514161
ACH-000207,46907787,0,0.003655192907899618
ACH-000207,5278396,0,0.010917511768639088
ACH-000207,5289247,0,0.00013619702076539397
ACH-000207,5311497,0,0.0004353229596745223
ACH-000207,5460769,0,0.008004333823919296
ACH-000207,560326,0,0.00667759170755744
ACH-000207,57339144,0,0.005023975856602192
ACH-000207,5746,0,0.0030210514087229967
ACH-000207,637858,0,0.004364596679806709
ACH-000207,6505803,0,0.000831711629871279
ACH-000207,66577006,0,0.0009822625434026122
ACH-000207,6710780,0,0.0009703813120722771
ACH-000207,6914657,0,8.497011003782973e-05
ACH-000207,6918289,0,0.005588568281382322
ACH-000207,8249,0,0.0005670167738571763
ACH-000207,9813758,0,0.000681632780469954
ACH-000207,9858940,0,0.012120227329432964
ACH-000207,9910224,0,0.0011759939370676875
ACH-000207,9931953,0,0.02052716538310051
ACH-000210,10341154,0,0.03591728210449219
ACH-000210,11327430,0,0.002543028676882386
ACH-000210,11433190,0,0.12259544432163239
ACH-000210,11485656,0,0.0466606579720974
ACH-000210,11609586,0,0.008341219276189804
ACH-000210,11625818,0,0.22929705679416656
ACH-000210,11634725,0,0.17550688982009888
ACH-000210,126941,0,0.14102724194526672
ACH-000210,176158,0,0.0024773520417511463
ACH-000210,216326,0,0.040749501436948776
ACH-000210,24180719,0,0.044556666165590286
ACH-000210,300471,0,0.001562217134051025
ACH-000210,3385,1,0.04281828552484512
ACH-000210,444795,0,0.10585225373506546
ACH-000210,46930998,0,0.013769354671239853
ACH-000210,56962337,1,0.015991054475307465
ACH-000210,6253,0,0.005229141563177109
ACH-000210,637858,0,0.009359166026115417
ACH-000210,6445562,0,0.2673688530921936
ACH-000210,6505803,0,0.0003601293428801
ACH-000210,6710780,0,0.004106095992028713
ACH-000210,6918289,0,0.015625588595867157
ACH-000210,71271629,0,0.021812312304973602
ACH-000210,85668777,0,0.035002462565898895
ACH-000210,9826528,0,0.02247823402285576
ACH-000210,9956222,0,0.01911906525492668
ACH-000211,10074640,0,0.026555940508842468
ACH-000211,10196499,0,0.5514724254608154
ACH-000211,10200390,0,0.22249674797058105
ACH-000211,11282283,1,0.09793907403945923
ACH-000211,11634725,0,0.015210733748972416
ACH-000211,216326,1,0.10924239456653595
ACH-000211,24826799,0,0.407901406288147
ACH-000211,25124816,1,0.23387470841407776
ACH-000211,2726824,0,0.17113104462623596
ACH-000211,31703,1,0.8072007894515991
ACH-000211,4263900,1,0.7672148942947388
ACH-000211,46224516,0,0.007257011253386736
ACH-000211,46883536,1,0.09269639849662781
ACH-000211,46931012,0,0.018702972680330276
ACH-000211,5113032,0,0.24201004207134247
ACH-000211,51371303,0,0.14368365705013275
ACH-000211,5280757,1,0.44409140944480896
ACH-000211,5311497,0,0.6626574993133545
ACH-000211,5459322,0,0.29437384009361267
ACH-000211,5460769,0,0.3832074701786041
ACH-000211,60750,1,0.6421395540237427
ACH-000211,6445562,0,0.054780248552560806
ACH-000211,66577006,0,0.24090532958507538
ACH-000211,6914657,0,0.008582490496337414
ACH-000211,71271629,0,0.10846832394599915
ACH-000211,85668777,0,0.03420919179916382
ACH-000211,9813758,0,0.04298980161547661
ACH-000211,9863776,0,0.013623340986669064
ACH-000211,9874913,1,0.07032685726881027
ACH-000211,9938202,0,0.12251856178045273
ACH-000212,10113978,0,0.006068461574614048
ACH-000212,10384072,0,0.002438934752717614
ACH-000212,11178236,0,0.003907994367182255
ACH-000212,11327430,0,0.0006270371959544718
ACH-000212,11647372,0,0.003401912050321698
ACH-000212,11667893,0,0.01796119660139084
ACH-000212,126565,0,0.00871792621910572
ACH-000212,156422,0,0.018567964434623718
ACH-000212,16722836,0,0.009020649828016758
ACH-000212,2314623,0,0.02277356944978237
ACH-000212,2375,0,0.017461061477661133
ACH-000212,24756910,0,0.017614781856536865
ACH-000212,24772860,0,0.0005017309449613094
ACH-000212,24776445,0,0.001565478858537972
ACH-000212,24889392,0,0.05153322592377663
ACH-000212,24894414,0,0.06256269663572311
ACH-000212,25022668,0,0.0010429456597194076
ACH-000212,25102847,0,0.008810480125248432
ACH-000212,25195352,0,0.002379405777901411
ACH-000212,3005532,0,0.0038754886481910944
ACH-000212,44450571,0,0.031569600105285645
ACH-000212,444795,0,0.034626305103302
ACH-000212,44819241,0,0.037202466279268265
ACH-000212,46931012,0,0.0030408939346671104
ACH-000212,46943432,0,0.050726160407066345
ACH-000212,5328940,0,0.004153708461672068
ACH-000212,5330286,0,0.005770791321992874
ACH-000212,53394750,0,0.7111886739730835
ACH-000212,5460769,0,0.07486457377672195
ACH-000212,6445562,0,0.02216561697423458
ACH-000212,6450551,0,0.0014423885149881244
ACH-000212,6852167,0,0.05183691158890724
ACH-000212,6914657,0,0.0024550403468310833
ACH-000212,704473,0,0.03875187411904335
ACH-000212,84691,0,0.004805358592420816
ACH-000212,9813758,0,0.05127920210361481
ACH-000212,9826528,0,0.0006997488089837134
ACH-000212,9884685,0,0.0024757464416325092
ACH-000212,9910224,0,0.09125003218650818
ACH-000212,9911830,0,0.01941206119954586
ACH-000212,9931953,0,0.007543770596385002
ACH-000212,9943465,0,0.018612489104270935
ACH-000218,10027278,0,0.027083884924650192
ACH-000218,11364421,0,0.06177325174212456
ACH-000218,11626560,0,0.29846882820129395
ACH-000218,11713159,0,0.060618311166763306
ACH-000218,159324,0,0.10090762376785278
ACH-000218,16747388,0,0.8565383553504944
ACH-000218,20635522,1,0.15019771456718445
ACH-000218,24889392,0,0.65003901720047
ACH-000218,24951314,0,0.7367420196533203
ACH-000218,300471,0,0.0072885253466665745
ACH-000218,3385,0,0.3415285050868988
ACH-000218,42642645,0,0.49424296617507935
ACH-000218,44224160,0,0.27881404757499695
ACH-000218,49806720,0,0.4501435160636902
ACH-000218,49836027,0,0.027605339884757996
ACH-000218,4993,0,0.023225292563438416
ACH-000218,5289247,1,0.3791895806789398
ACH-000218,5327091,0,0.023928508162498474
ACH-000218,5329102,0,0.2729213535785675
ACH-000218,5394,0,0.057958222925662994
ACH-000218,5717801,0,0.02166142500936985
ACH-000218,60750,0,0.012020118534564972
ACH-000218,6445533,0,0.3362063765525818
ACH-000218,6450816,0,0.06540890038013458
ACH-000218,6918848,0,0.6874620914459229
ACH-000218,704473,1,0.3862559199333191
ACH-000218,76044,0,0.03262542188167572
ACH-000218,85668777,0,0.04687104746699333
ACH-000218,9810884,1,0.9625757336616516
ACH-000218,9858940,0,0.054780226200819016
ACH-000219,10074640,0,0.1574992835521698
ACH-000219,10109823,0,0.13022123277187347
ACH-000219,10384072,0,0.6083041429519653
ACH-000219,11152667,0,0.3337952792644501
ACH-000219,159324,1,0.16926172375679016
ACH-000219,24756910,0,0.01672309637069702
ACH-000219,24772860,0,0.009098831564188004
ACH-000219,25102847,0,0.17301727831363678
ACH-000219,3005532,0,0.49817824363708496
ACH-000219,4263900,0,0.6628338098526001
ACH-000219,42642645,0,0.16743755340576172
ACH-000219,44137675,0,0.07747325301170349
ACH-000219,44143370,0,0.03616390377283096
ACH-000219,44182295,1,0.983391284942627
ACH-000219,46943432,0,0.15288570523262024
ACH-000219,5113032,1,0.23487015068531036
ACH-000219,5327091,1,0.5610457062721252
ACH-000219,5328940,1,0.69992995262146
ACH-000219,54676905,0,0.15690210461616516
ACH-000219,560326,0,0.11989203840494156
ACH-000219,6445533,0,0.39550673961639404
ACH-000219,6450551,1,0.3481362760066986
ACH-000219,6505803,0,0.44247013330459595
ACH-000219,6918289,1,0.40953969955444336
ACH-000219,704473,0,0.32377374172210693
ACH-000219,82146,1,0.4428182542324066
ACH-000219,9863776,1,0.9225125908851624
ACH-000219,9868037,0,0.19714084267616272
ACH-000219,9910224,0,0.04289983585476875
ACH-000221,10096043,0,0.4586556851863861
ACH-000221,10196499,0,0.7057037949562073
ACH-000221,11338033,0,0.027052778750658035
ACH-000221,11373846,1,0.0597115159034729
ACH-000221,11404337,0,0.3352491855621338
ACH-000221,11647372,0,0.2471931427717209
ACH-000221,159324,1,0.825668454170227
ACH-000221,16720766,0,0.0718643069267273
ACH-000221,16747388,0,0.14176012575626373
ACH-000221,2314623,0,0.14362715184688568
ACH-000221,24889392,0,0.17146654427051544
ACH-000221,3796,0,0.18864282965660095
ACH-000221,42640,1,0.09087138622999191
ACH-000221,44462760,0,0.04524745047092438
ACH-000221,44632017,0,0.1499551683664322
ACH-000221,447912,1,0.08898213505744934
ACH-000221,56962337,0,0.04513291269540787
ACH-000221,6914657,0,0.00847823265939951
ACH-000221,704473,0,0.2021826058626175
ACH-000221,82146,1,0.179951012134552
ACH-000221,9910224,0,0.033050790429115295
ACH-000221,9967941,1,0.12411483377218246
ACH-000222,10200390,0,0.009349983185529709
ACH-000222,10451420,0,0.005901692435145378
ACH-000222,10459196,0,0.023201771080493927
ACH-000222,11316960,1,0.40020349621772766
ACH-000222,11433190,1,0.36514195799827576
ACH-000222,11455910,0,0.1314702332019806
ACH-000222,11713159,0,0.08344683051109314
ACH-000222,16747388,0,0.030532721430063248
ACH-000222,176158,0,0.0726470798254013
ACH-000222,176167,0,0.0068253022618591785
ACH-000222,216326,0,0.07036921381950378
ACH-000222,2314623,0,0.10277824848890305
ACH-000222,25124816,0,0.03072347864508629
ACH-000222,25222038,0,0.04499804973602295
ACH-000222,444795,0,0.05867653712630272
ACH-000222,448013,0,0.021196333691477776
ACH-000222,5113032,0,0.048428650945425034
ACH-000222,521106,0,0.0083728963509202
ACH-000222,5278396,0,0.12733443081378937
ACH-000222,5460769,0,0.01839628629386425
ACH-000222,65110,0,0.022093402221798897
ACH-000222,66577006,0,0.004386786837130785
ACH-000222,6918848,0,0.0004194587527308613
ACH-000222,704473,0,0.044259559363126755
ACH-000222,71271629,0,0.048645976930856705
ACH-000222,84691,0,0.051931582391262054
ACH-000222,9910224,0,0.007145495153963566
ACH-000222,9943465,0,0.13291522860527039
ACH-000223,10341154,0,0.00253956182859838
ACH-000223,104842,0,0.029042385518550873
ACH-000223,16720766,0,0.062435589730739594
ACH-000223,24894414,0,0.0032961596734821796
ACH-000223,25022668,0,0.004006786271929741
ACH-000223,25262965,0,0.001770914881490171
ACH-000223,2726824,0,0.06593036651611328
ACH-000223,3463933,0,0.10130895674228668
ACH-000223,42640,0,0.0684848427772522
ACH-000223,44143370,0,0.00036020317929796875
ACH-000223,44462760,0,0.0020750879775732756
ACH-000223,46930998,0,0.007260859943926334
ACH-000223,46931012,0,2.177191163355019e-05
ACH-000223,5113032,0,0.008663268759846687
ACH-000223,5327091,0,0.01222445722669363
ACH-000223,5328940,0,0.003408135613426566
ACH-000223,53302361,0,0.008339295163750648
ACH-000223,5330286,0,0.0024061277508735657
ACH-000223,56965967,0,0.0005283018690533936
ACH-000223,6445533,0,0.005941309034824371
ACH-000223,6505803,0,0.007832382805645466
ACH-000223,66577006,0,0.001451202086172998
ACH-000223,6753378,0,0.0006439341232180595
ACH-000223,6852167,0,0.00047145114513114095
ACH-000223,6918454,0,0.0005917952512390912
ACH-000223,6918638,0,0.00012433415395207703
ACH-000223,9874913,0,0.006866239011287689
ACH-000223,9910224,0,0.006449981592595577
ACH-000223,9938202,0,0.013683393597602844
ACH-000223,9943465,0,0.012422708794474602
ACH-000225,216239,0,0.0247831791639328
ACH-000225,44137675,0,0.08499415218830109
ACH-000225,462382,0,0.40945833921432495
ACH-000225,5459322,0,0.43078938126564026
ACH-000225,560326,0,0.007619224023073912
ACH-000226,10077147,1,0.6777768731117249
ACH-000226,10200390,0,0.08180783689022064
ACH-000226,10384072,0,0.29649817943573
ACH-000226,104842,1,0.30357563495635986
ACH-000226,11625818,1,0.6695327758789062
ACH-000226,16038120,1,0.056792546063661575
ACH-000226,16725726,1,0.8021751642227173
ACH-000226,24889392,1,0.708977222442627
ACH-000226,24951314,0,0.8452484011650085
ACH-000226,2733526,1,0.40849098563194275
ACH-000226,46943432,1,0.9451806545257568
ACH-000226,5113032,1,0.7263906598091125
ACH-000226,5311,0,0.6737979054450989
ACH-000226,5328940,0,0.20571047067642212
ACH-000226,53394750,1,0.9699339866638184
ACH-000226,5459322,1,0.13023656606674194
ACH-000226,5717801,1,0.2483014464378357
ACH-000226,57339144,1,0.705204963684082
ACH-000226,6710780,1,0.4822627902030945
ACH-000226,6753378,0,0.6506984233856201
ACH-000226,85668777,0,0.04370114579796791
ACH-000227,10200390,0,0.0006656033219769597
ACH-000227,10302451,0,0.0378984659910202
ACH-000227,10459196,0,0.009609125554561615
ACH-000227,11327430,0,0.0021496242843568325
ACH-000227,11626560,0,0.00545411417260766
ACH-000227,11640390,0,0.06168682128190994
ACH-000227,16095342,0,0.02090064249932766
ACH-000227,176158,0,0.012311769649386406
ACH-000227,176167,0,0.11908293515443802
ACH-000227,2375,0,0.029180102050304413
ACH-000227,24756910,0,0.007588236127048731
ACH-000227,24776445,0,0.002823419636115432
ACH-000227,24785538,0,0.011712377890944481
ACH-000227,24951314,0,0.0008204643381759524
ACH-000227,25102847,0,0.003053053980693221
ACH-000227,25195352,0,0.0014501080149784684
ACH-000227,25262965,0,0.003448684234172106
ACH-000227,300471,0,0.015852903947234154
ACH-000227,31703,0,0.00029662149609066546
ACH-000227,3463933,0,0.08737072348594666
ACH-000227,3796,0,0.05322124809026718
ACH-000227,4263900,0,0.0007840479374863207
ACH-000227,42642645,0,0.0007718178094364703
ACH-000227,44137675,0,0.04727889597415924
ACH-000227,447912,0,0.01935798116028309
ACH-000227,46943432,0,0.0052184718661010265
ACH-000227,49821040,0,0.0507209450006485
ACH-000227,5289247,0,0.03650834038853645
ACH-000227,5328940,0,0.005915001500397921
ACH-000227,53394750,0,0.05402902513742447
ACH-000227,5746,0,0.004790144972503185
ACH-000227,6253,0,0.0026900863740593195
ACH-000227,6450816,0,0.004032692406326532
ACH-000227,8249,0,0.08476296812295914
ACH-000227,9810884,1,0.22423166036605835
ACH-000227,9826528,0,0.002006674651056528
ACH-000227,9858940,1,0.07386822998523712
ACH-000227,9907093,0,0.048479657620191574
ACH-000227,9956119,0,0.38341382145881653
ACH-000228,10096043,0,0.00034571136347949505
ACH-000228,11493598,0,0.0002014114725170657
ACH-000228,11617559,0,0.011389830149710178
ACH-000228,11634725,0,5.0832502893172204e-05
ACH-000228,11647372,0,0.008271938189864159
ACH-000228,16722836,0,0.0003342769923619926
ACH-000228,24951314,0,0.0012390657793730497
ACH-000228,25167777,0,0.024494389072060585
ACH-000228,25257557,0,0.18700549006462097
ACH-000228,3385,0,0.0019069602712988853
ACH-000228,36462,0,0.00862472876906395
ACH-000228,3796,0,0.00032523699337616563
ACH-000228,42640,0,0.045548658818006516
ACH-000228,42642645,0,0.0015673342859372497
ACH-000228,446378,0,0.02462756633758545
ACH-000228,46191454,0,0.0034558677580207586
ACH-000228,6445533,0,0.01722840778529644
ACH-000228,6918638,0,0.000696623872499913
ACH-000228,9868037,0,0.032357245683670044
ACH-000228,9903786,0,0.00020876481721643358
ACH-000228,9956119,0,0.03712215647101402
ACH-000228,9956222,0,0.013245277106761932
ACH-000231,10302451,1,0.5968467593193054
ACH-000231,10390396,0,0.0152768949046731
ACH-000231,11178236,1,0.0015074005350470543
ACH-000231,11373846,0,0.0007509441929869354
ACH-000231,11626560,0,0.0042748237028717995
ACH-000231,11707110,1,0.04701405018568039
ACH-000231,11754511,0,0.0003101743059232831
ACH-000231,160355,0,0.0025180804077535868
ACH-000231,16722836,0,0.00031201139790937304
ACH-000231,16725726,1,0.24869348108768463
ACH-000231,176870,0,0.05730847269296646
ACH-000231,24772860,0,1.6664605936966836e-05
ACH-000231,24825971,0,0.0069347224198281765
ACH-000231,25167777,0,0.00011808111594291404
ACH-000231,2726824,0,0.017948416993021965
ACH-000231,3218,0,0.0036398530937731266
ACH-000231,3385,0,0.0020617072004824877
ACH-000231,3463933,0,0.07942388206720352
ACH-000231,4263900,0,0.004832386039197445
ACH-000231,446378,0,0.03091610223054886
ACH-000231,46191454,0,0.0006213919841684401
ACH-000231,46224516,0,3.549313623807393e-05
ACH-000231,46885626,0,0.0019505193922668695
ACH-000231,46907787,0,0.007134825922548771
ACH-000231,4993,0,0.02981114760041237
ACH-000231,5113032,0,0.0018317149952054024
ACH-000231,5291,0,0.024872425943613052
ACH-000231,5384616,1,0.008848913945257664
ACH-000231,5394,0,0.006846711039543152
ACH-000231,560326,0,0.001712862285785377
ACH-000231,56962337,0,0.00798055063933134
ACH-000231,6445562,0,0.0010857550660148263
ACH-000231,6918848,0,0.00010739861318143085
ACH-000231,85668777,0,0.012244573794305325
ACH-000231,9858940,0,0.013166404329240322
ACH-000231,9911830,0,0.001496933400630951
ACH-000232,10027278,0,0.26930880546569824
ACH-000232,10184653,0,0.06926330924034119
ACH-000232,10196499,0,0.1483781486749649
ACH-000232,10451420,0,0.293708473443985
ACH-000232,11404337,0,0.1329304277896881
ACH-000232,11493598,0,0.009427628479897976
ACH-000232,123631,0,0.056101784110069275
ACH-000232,126941,0,0.0959295853972435
ACH-000232,16720766,0,0.20428107678890228
ACH-000232,16725726,0,0.4158918261528015
ACH-000232,216326,0,0.14848271012306213
ACH-000232,2314623,0,0.19082292914390564
ACH-000232,24889392,0,0.05898447707295418
ACH-000232,3385,0,0.048141881823539734
ACH-000232,42640,0,0.1392771601676941
ACH-000232,44224160,0,0.006270125042647123
ACH-000232,446378,0,0.33112892508506775
ACH-000232,5328940,0,0.04780535027384758
ACH-000232,53302361,0,0.1077742874622345
ACH-000232,5460769,0,0.26306387782096863
ACH-000232,60750,0,0.2024070769548416
ACH-000232,6445533,0,0.36354562640190125
ACH-000232,65110,0,0.06105368211865425
ACH-000232,6918454,0,0.00783848948776722
ACH-000232,704473,0,0.24530307948589325
ACH-000232,8249,0,0.05392644554376602
ACH-000232,9874913,0,0.07704590260982513
ACH-000232,9910224,0,0.0474226176738739
ACH-000232,9911830,0,0.11986131221055984
ACH-000232,9967941,1,0.04038235917687416
ACH-000235,10077147,0,0.0005397754139266908
ACH-000235,11316960,0,0.03378871828317642
ACH-000235,11624601,0,0.039106421172618866
ACH-000235,11634725,0,0.002456455025821924
ACH-000235,11960529,0,0.0023792574647814035
ACH-000235,123631,0,0.3142974078655243
ACH-000235,126941,0,0.004351094830781221
ACH-000235,16725726,0,0.15467360615730286
ACH-000235,176158,0,0.002084712963551283
ACH-000235,17755052,0,0.001499236561357975
ACH-000235,24756910,0,0.0033075413666665554
ACH-000235,24776445,0,0.0006353986100293696
ACH-000235,24951314,0,0.0002617390127852559
ACH-000235,25102847,0,0.0007711954531259835
ACH-000235,25167777,0,0.0006990966503508389
ACH-000235,25257557,0,0.07103054970502853
ACH-000235,2733526,0,0.026740875095129013
ACH-000235,3463933,0,0.06774525344371796
ACH-000235,44143370,0,0.07243182510137558
ACH-000235,44551660,0,0.0004766608471982181
ACH-000235,44632017,0,0.00022407533833757043
ACH-000235,448013,0,0.0002745965030044317
ACH-000235,46224516,0,0.000872609845828265
ACH-000235,5113032,0,0.008159373886883259
ACH-000235,521106,0,0.00011327844549668953
ACH-000235,5278396,0,0.0010175654897466302
ACH-000235,5280757,0,0.005032697692513466
ACH-000235,5311,0,0.0025133565068244934
ACH-000235,5327091,0,0.0026640172582119703
ACH-000235,56965967,0,0.0008978627156466246
ACH-000235,5746,0,0.0008627129718661308
ACH-000235,60750,0,0.00025014812126755714
ACH-000235,6505803,0,0.002504271687939763
ACH-000235,6918289,0,0.007772022392600775
ACH-000235,9903786,0,0.0006763286655768752
ACH-000235,9910224,0,0.0047595323994755745
ACH-000235,9911830,0,0.0006732209585607052
ACH-000235,9956119,0,0.12731754779815674
ACH-000235,9956222,0,0.0002514127118047327
ACH-000236,10077147,0,2.2081871975387912e-06
ACH-000236,10096043,0,3.449232281127479e-06
ACH-000236,10109823,0,4.444364822120406e-05
ACH-000236,10200390,0,1.0718715657276334e-06
ACH-000236,10384072,0,0.0002654673589859158
ACH-000236,11327430,0,2.0498462617979385e-05
ACH-000236,11617559,0,3.960356116294861e-05
ACH-000236,11624601,0,0.004558887332677841
ACH-000236,11647372,0,3.112028537088918e-07
ACH-000236,11667893,0,0.007016465067863464
ACH-000236,11754511,0,8.247737923738896e-07
ACH-000236,11977753,0,0.000800876528955996
ACH-000236,16725726,0,0.0006440157303586602
ACH-000236,24776445,0,3.5315813875058666e-05
ACH-000236,24978538,1,0.0006766081205569208
ACH-000236,25022668,0,1.5532783436356112e-05
ACH-000236,25167777,0,4.2223319951517624e-07
ACH-000236,25262965,0,6.888491043355316e-06
ACH-000236,44143370,0,2.8155160180176608e-05
ACH-000236,44450571,0,0.014581962488591671
ACH-000236,44632017,0,5.441038592834957e-05
ACH-000236,46191454,0,1.3041269539826317e-06
ACH-000236,5330286,0,5.29143180756364e-05
ACH-000236,53340664,0,2.6851043344322534e-07
ACH-000236,5459322,0,0.015964176505804062
ACH-000236,5460769,0,0.0009244894608855247
ACH-000236,57339144,0,0.000758447393309325
ACH-000236,637858,0,0.005273669026792049
ACH-000236,6505803,0,0.0016077756881713867
ACH-000236,65110,0,5.672705447068438e-05
ACH-000236,6918289,0,0.0027730229776352644
ACH-000236,71271629,0,7.985038973856717e-05
ACH-000236,9810884,0,0.0001065876058419235
ACH-000236,9874913,0,0.00018826355517376214
ACH-000236,9910224,0,1.7771160855772905e-05
ACH-000236,9943465,0,0.016410212963819504
ACH-000238,10027278,0,7.865660154493526e-05
ACH-000238,11152667,0,2.058640166069381e-05
ACH-000238,11282283,0,0.005113074090331793
ACH-000238,11404337,0,8.062839333433658e-05
ACH-000238,11485656,0,2.3323736968450248e-05
ACH-000238,11634725,0,3.275445487815887e-05
ACH-000238,11754511,0,6.739054697391111e-06
ACH-000238,148124,0,0.0014615587424486876
ACH-000238,159324,0,0.0003010408254340291
ACH-000238,2314623,0,0.04768706113100052
ACH-000238,25102847,0,1.1541533240233548e-05
ACH-000238,25124816,0,0.07642365247011185
ACH-000238,25126798,0,0.0005851221503689885
ACH-000238,25167777,0,5.254303232504753e-06
ACH-000238,25222038,0,5.8815352531382814e-05
ACH-000238,2726824,0,0.040881093591451645
ACH-000238,3005532,0,0.004579351283609867
ACH-000238,3796,0,0.000898458412848413
ACH-000238,44462760,0,0.0005818384815938771
ACH-000238,44632017,0,0.00022550878929905593
ACH-000238,46907787,0,0.00010298971028532833
ACH-000238,51371303,0,0.008626086637377739
ACH-000238,5394,0,0.0019749533385038376
ACH-000238,5460769,0,0.0018805732252076268
ACH-000238,54685215,0,0.004377277567982674
ACH-000238,56962337,0,0.0012872901279479265
ACH-000238,65110,0,0.00012918721768073738
ACH-000238,6753378,0,4.175356662017293e-05
ACH-000238,6852167,0,1.5051538866828196e-05
ACH-000238,704473,0,0.00046363702858798206
ACH-000238,9931953,0,0.003583028446882963
ACH-000238,9952773,0,6.205262707226211e-06
ACH-000238,9956119,0,0.04570185765624046
ACH-000242,10096043,0,0.007062321063131094
ACH-000242,10451420,0,0.7812644839286804
ACH-000242,11455910,0,0.0077806799672544
ACH-000242,11667893,0,0.007774777244776487
ACH-000242,11960529,0,0.010631384328007698
ACH-000242,159324,0,0.030418988317251205
ACH-000242,2375,0,0.013430112041532993
ACH-000242,24180719,0,0.02993559092283249
ACH-000242,24894414,0,0.07778841257095337
ACH-000242,25124816,0,0.009022214449942112
ACH-000242,25257557,1,0.9312644004821777
ACH-000242,300471,0,0.002528941724449396
ACH-000242,4263900,0,0.013391676358878613
ACH-000242,42640,0,0.0031401196029037237
ACH-000242,444795,0,0.046128131449222565
ACH-000242,447912,0,0.10044998675584793
ACH-000242,46224516,0,0.0421864315867424
ACH-000242,5289247,0,0.16296234726905823
ACH-000242,5328940,0,0.0247840266674757
ACH-000242,56965967,0,0.20278196036815643
ACH-000242,644241,0,0.16364087164402008
ACH-000242,6450816,0,0.0037051946856081486
ACH-000242,6710780,0,0.0126606160774827
ACH-000242,8249,0,0.07867942750453949
ACH-000242,9826528,0,0.03703110292553902
ACH-000242,9868037,0,0.05725270137190819
ACH-000242,9943465,1,0.016424911096692085
ACH-000242,9956119,0,0.03743766248226166
ACH-000243,10341154,0,9.923919424181804e-05
ACH-000243,11178236,0,0.0011988921323791146
ACH-000243,11433190,0,0.011520707979798317
ACH-000243,11485656,0,2.3736614821245894e-05
ACH-000243,11624601,0,0.05825893580913544
ACH-000243,11634725,0,3.464234760031104e-05
ACH-000243,11667893,0,0.17637404799461365
ACH-000243,11977753,0,0.004986904561519623
ACH-000243,123631,0,0.3999236822128296
ACH-000243,148124,0,0.004170551430433989
ACH-000243,156422,0,0.2757807672023773
ACH-000243,23725625,0,0.0007227323367260396
ACH-000243,2375,0,0.0006123923230916262
ACH-000243,24894414,0,3.930845559807494e-05
ACH-000243,25126798,0,0.0004073414602316916
ACH-000243,25262965,0,6.498272705357522e-05
ACH-000243,31703,0,5.671179678756744e-05
ACH-000243,3218,0,0.0009378090035170317
ACH-000243,44143370,0,8.647160575492308e-05
ACH-000243,44182295,0,0.0012208824045956135
ACH-000243,44450571,0,0.05054919794201851
ACH-000243,444795,0,0.0004455440503079444
ACH-000243,46931012,0,5.012612973587238e-07
ACH-000243,49806720,0,0.0008374793105758727
ACH-000243,51371303,0,0.0057240016758441925
ACH-000243,53302361,0,0.00016352861712221056
ACH-000243,53340664,0,1.635037847336207e-06
ACH-000243,54685215,0,0.020850930362939835
ACH-000243,5746,0,0.0012688471470028162
ACH-000243,6450551,0,2.516971835575532e-05
ACH-000243,6505803,0,0.009010846726596355
ACH-000243,6918289,0,0.007950290106236935
ACH-000243,6918454,0,0.0025174133479595184
ACH-000243,82146,0,0.009923494420945644
ACH-000243,8249,0,0.00022725084272678941
ACH-000243,9813758,0,5.625536141451448e-05
ACH-000243,9956222,0,4.306096343498211e-06
ACH-000244,10096043,0,0.008152160793542862
ACH-000244,10196499,0,0.0439503975212574
ACH-000244,10384072,0,0.026685629040002823
ACH-000244,10459196,0,0.03518161550164223
ACH-000244,11178236,0,0.003239496611058712
ACH-000244,11327430,0,0.03667694330215454
ACH-000244,11373846,0,0.06902261078357697
ACH-000244,11404337,0,0.01595812477171421
ACH-000244,11433190,1,0.259438157081604
ACH-000244,11493598,0,0.23198093473911285
ACH-000244,11647372,0,0.03182075545191765
ACH-000244,11713159,0,0.03707954287528992
ACH-000244,126565,0,0.07096067070960999
ACH-000244,16720766,0,0.015448061749339104
ACH-000244,16725726,0,0.1734834909439087
ACH-000244,216326,0,0.1009138748049736
ACH-000244,23725625,0,0.0675131231546402
ACH-000244,2375,0,0.04766266420483589
ACH-000244,24756910,0,0.09179800003767014
ACH-000244,24826799,0,0.19991376996040344
ACH-000244,2733526,0,0.03616809844970703
ACH-000244,31703,0,0.003267659107223153
ACH-000244,3796,0,0.04853443428874016
ACH-000244,42640,0,0.00977773405611515
ACH-000244,44182295,0,0.027538301423192024
ACH-000244,447912,0,0.14587314426898956
ACH-000244,46191454,0,0.09445951879024506
ACH-000244,46930998,0,0.028312427923083305
ACH-000244,49806720,0,0.11421087384223938
ACH-000244,51371303,1,0.034390415996313095
ACH-000244,5208,0,0.03581467270851135
ACH-000244,6253,0,0.05034160614013672
ACH-000244,637858,0,0.02096257172524929
ACH-000244,644241,0,0.2615221440792084
ACH-000244,6445562,1,0.06039663031697273
ACH-000244,9810884,0,0.3169250786304474
ACH-000244,9826528,0,0.027581458911299706
ACH-000244,9914412,0,0.09462589025497437
ACH-000244,9931953,0,0.020593266934156418
ACH-000244,9956222,0,0.02204885333776474
ACH-000245,10027278,1,0.2952564060688019
ACH-000245,10196499,0,0.27183184027671814
ACH-000245,10200390,0,0.5724688172340393
ACH-000245,11178236,0,0.04794731363654137
ACH-000245,11316960,0,0.13090059161186218
ACH-000245,11626560,0,0.344269722700119
ACH-000245,11626927,1,0.5079314112663269
ACH-000245,11640390,0,0.18039470911026
ACH-000245,1401,0,0.2869030833244324
ACH-000245,16038120,0,0.14042901992797852
ACH-000245,16720766,0,0.1168607696890831
ACH-000245,20635522,0,0.17172987759113312
ACH-000245,24785538,0,0.10296031087636948
ACH-000245,24889392,1,0.8356375098228455
ACH-000245,24894414,1,0.9181978702545166
ACH-000245,25124816,1,0.11579476296901703
ACH-000245,25195352,0,0.551608681678772
ACH-000245,25262965,0,0.7381537556648254
ACH-000245,3385,0,0.6636623740196228
ACH-000245,387447,0,0.10711155831813812
ACH-000245,44551660,1,0.9081530570983887
ACH-000245,44632017,1,0.14323259890079498
ACH-000245,446378,0,0.13739518821239471
ACH-000245,448013,0,0.07298580557107925
ACH-000245,44819241,1,0.267004132270813
ACH-000245,46191454,1,0.9301159381866455
ACH-000245,49836027,1,0.1558748483657837
ACH-000245,4993,0,0.07314757257699966
ACH-000245,5289247,0,0.38262081146240234
ACH-000245,5291,0,0.4718409776687622
ACH-000245,5394,0,0.296991765499115
ACH-000245,5459322,0,0.1359717696905136
ACH-000245,5717801,0,0.4635232388973236
ACH-000245,57339144,1,0.5760592222213745
ACH-000245,6253,0,0.41744643449783325
ACH-000245,637858,0,0.13832533359527588
ACH-000245,644241,0,0.6509859561920166
ACH-000245,6445562,1,0.7053061723709106
ACH-000245,71271629,1,0.41769587993621826
ACH-000245,8249,0,0.6773134469985962
ACH-000245,85668777,0,0.07189337909221649
ACH-000245,9826308,0,0.031014055013656616
ACH-000245,9911830,1,0.8239365220069885
ACH-000245,9914412,1,0.6762076020240784
ACH-000245,9931953,0,0.15324805676937103
ACH-000245,9938202,0,0.1871325671672821
ACH-000245,9956119,1,0.41315343976020813
ACH-000247,10127622,0,0.3623390197753906
ACH-000247,11433190,1,0.6379259824752808
ACH-000247,11493598,0,0.0030446217861026525
ACH-000247,11609586,0,0.07405886799097061
ACH-000247,11617559,0,0.0072421785444021225
ACH-000247,11624601,0,0.09059353172779083
ACH-000247,11634725,0,0.015109937638044357
ACH-000247,11707110,1,0.7731367349624634
ACH-000247,11713159,0,0.026071229949593544
ACH-000247,11977753,0,0.09341863542795181
ACH-000247,156422,0,0.12552249431610107
ACH-000247,16747388,0,0.00904779601842165
ACH-000247,23725625,0,0.05563872680068016
ACH-000247,25222038,0,0.009785160422325134
ACH-000247,300471,0,0.046427495777606964
ACH-000247,44462760,0,0.49062028527259827
ACH-000247,448013,0,0.006593006197363138
ACH-000247,46907787,0,0.0070350938476622105
ACH-000247,5208,0,0.005919912829995155
ACH-000247,5289247,0,0.015409120358526707
ACH-000247,53340664,0,0.0005098001565784216
ACH-000247,5459322,0,0.18184250593185425
ACH-000247,54676905,0,0.05611923336982727
ACH-000247,6450551,0,0.01817505806684494
ACH-000247,6450816,0,9.44958592299372e-05
ACH-000247,6852167,0,0.00046486264909617603
ACH-000247,6918289,0,0.22952750325202942
ACH-000247,84691,0,0.0941283255815506
ACH-000247,85668777,0,0.0783318355679512
ACH-000247,9826528,1,0.4881705641746521
ACH-000247,9943465,0,0.11177535355091095
ACH-000248,10074640,0,0.037865351885557175
ACH-000248,10096043,0,0.004397298209369183
ACH-000248,10451420,0,0.019372418522834778
ACH-000248,11316960,0,0.05411997810006142
ACH-000248,11327430,0,0.01402583159506321
ACH-000248,11485656,0,0.00962489377707243
ACH-000248,11609586,0,0.044827114790678024
ACH-000248,11617559,0,0.11052467674016953
ACH-000248,11625818,0,0.16017784178256989
ACH-000248,11647372,0,0.017367824912071228
ACH-000248,1401,0,0.07528942823410034
ACH-000248,148124,0,0.12086614966392517
ACH-000248,176167,0,0.2901318073272705
ACH-000248,23725625,0,0.013765301555395126
ACH-000248,24785538,0,0.10537081211805344
ACH-000248,24894414,1,0.031462378799915314
ACH-000248,24978538,0,0.14197400212287903
ACH-000248,25262965,0,0.008924536406993866
ACH-000248,300471,0,0.18705305457115173
ACH-000248,31703,0,0.0023893064353615046
ACH-000248,44137675,0,0.33528468012809753
ACH-000248,44224160,0,0.005774589721113443
ACH-000248,46224516,0,0.004833596758544445
ACH-000248,46930998,1,0.09261712431907654
ACH-000248,5311,0,0.010144690051674843
ACH-000248,5328940,0,0.031184356659650803
ACH-000248,5330286,0,0.009281832724809647
ACH-000248,5746,0,0.025510217994451523
ACH-000248,60750,0,0.007007075473666191
ACH-000248,6710780,0,0.012125474400818348
ACH-000248,6852167,0,0.02378644049167633
ACH-000248,82146,0,0.062355704605579376
ACH-000248,9868037,0,0.019298356026411057
ACH-000248,9910224,0,0.015109681524336338
ACH-000248,9943465,1,0.18752829730510712
ACH-000249,10074640,0,9.39945675781928e-05
ACH-000249,10113978,0,1.4359123269969132e-05
ACH-000249,10127622,0,0.497407466173172
ACH-000249,10341154,0,0.00028451497200876474
ACH-000249,11364421,0,2.5795254259719513e-05
ACH-000249,11373846,0,0.00024855739320628345
ACH-000249,11455910,0,0.008764986880123615
ACH-000249,11617559,0,0.0001426958478987217
ACH-000249,11626560,0,3.743445631698705e-05
ACH-000249,11647372,0,2.0737482486765657e-07
ACH-000249,126565,0,0.0009694535983726382
ACH-000249,16038120,0,2.272046731377486e-05
ACH-000249,16722836,0,7.660405572096352e-06
ACH-000249,16747388,0,0.0003299963427707553
ACH-000249,216326,0,0.002303647343069315
ACH-000249,24180719,0,0.4998411536216736
ACH-000249,24772860,0,4.5514960334003263e-07
ACH-000249,24951314,0,8.225821943597111e-07
ACH-000249,25126798,0,0.0009841532446444035
ACH-000249,3385,0,0.00023011541634332389
ACH-000249,36462,0,6.231437146198004e-05
ACH-000249,3796,0,8.157888805726543e-05
ACH-000249,4263900,0,5.799795326311141e-05
ACH-000249,44143370,0,6.421866419259459e-05
ACH-000249,46885626,0,0.000145820013131015
ACH-000249,5113032,0,0.00018544946215115488
ACH-000249,5289247,0,0.025018220767378807
ACH-000249,5311510,0,0.0001155153731815517
ACH-000249,53340664,0,1.795841740204196e-06
ACH-000249,5384616,0,7.252231443999335e-05
ACH-000249,54685215,0,0.0008737164898775518
ACH-000249,56965967,0,2.6135276129934937e-05
ACH-000249,57339144,0,0.0012878396082669497
ACH-000249,637858,0,0.00401516817510128
ACH-000249,6445533,0,5.265820072963834e-05
ACH-000249,6445562,0,0.00015017182158771902
ACH-000249,7251185,0,3.81663121515885e-05
ACH-000249,9874913,0,0.0001589221938047558
ACH-000249,9911830,0,1.0819468116096687e-05
ACH-000249,9931953,0,0.0004339031293056905
ACH-000249,9943465,0,0.08553678542375565
ACH-000250,10074640,0,0.0018474190728738904
ACH-000250,11316960,0,0.018200041726231575
ACH-000250,11433190,0,0.12010858207941055
ACH-000250,11455910,0,0.1250596046447754
ACH-000250,11625818,0,0.0010370644740760326
ACH-000250,148124,0,0.0191203560680151
ACH-000250,16725726,0,0.053015951067209244
ACH-000250,176158,0,0.020026501268148422
ACH-000250,216326,0,0.013116431422531605
ACH-000250,24776445,0,0.0016553669702261686
ACH-000250,24978538,0,0.03505287691950798
ACH-000250,25022668,0,0.000766800541896373
ACH-000250,25222038,0,0.00037823381717316806
ACH-000250,25262965,0,0.0006416955147869885
ACH-000250,44224160,0,2.428020343359094e-05
ACH-000250,444795,0,0.007409196812659502
ACH-000250,447912,0,0.0012635563034564257
ACH-000250,44819241,0,0.040035270154476166
ACH-000250,46883536,0,0.0008782084914855659
ACH-000250,46943432,0,5.954777589067817e-05
ACH-000250,5278396,0,0.0013313378440216184
ACH-000250,5289247,0,0.002001902787014842
ACH-000250,5328940,0,0.007496965583413839
ACH-000250,5330286,0,0.002317574806511402
ACH-000250,54685215,0,0.05371252819895744
ACH-000250,560326,0,0.0009762154659256339
ACH-000250,6253,0,0.005370303522795439
ACH-000250,6450816,0,0.00011459390225354582
ACH-000250,84691,0,0.008427334018051624
ACH-000250,9813758,0,0.0010960516519844532
ACH-000250,9914412,0,0.0009097574511542916
ACH-000250,9956119,0,0.12052896618843079
ACH-000250,9967941,0,0.006140829995274544
ACH-000254,10074640,0,0.002944889711216092
ACH-000254,10077147,0,0.0001785783824743703
ACH-000254,10127622,0,0.3163577616214752
ACH-000254,10384072,0,0.0014376657782122493
ACH-000254,10390396,0,0.032380472868680954
ACH-000254,11373846,0,0.015150807797908783
ACH-000254,11647372,0,0.0008615743718110025
ACH-000254,11713159,0,0.0004891763674095273
ACH-000254,11754511,0,0.0007692193030379713
ACH-000254,1401,0,0.004620862193405628
ACH-000254,16663089,0,0.0010994367767125368
ACH-000254,16725726,0,0.19460223615169525
ACH-000254,16747388,0,0.0028037892188876867
ACH-000254,16760646,0,0.0011948945466428995
ACH-000254,20635522,0,0.002113749273121357
ACH-000254,216239,0,0.00033759232610464096
ACH-000254,2314623,0,0.05088181421160698
ACH-000254,24825971,0,0.0019632820039987564
ACH-000254,25022668,0,0.0005762586952187121
ACH-000254,25126798,0,0.013956674374639988
ACH-000254,25195352,0,0.000858531566336751
ACH-000254,25222038,0,0.00033957749838009477
ACH-000254,31703,0,0.00015727033314760774
ACH-000254,36462,0,0.0001962114474736154
ACH-000254,44462760,0,0.010209092870354652
ACH-000254,44551660,0,0.00045049929758533835
ACH-000254,46843772,0,0.009445822797715664
ACH-000254,46885626,0,0.00484610628336668
ACH-000254,46930998,0,0.0020625481847673655
ACH-000254,49821040,0,0.01985321007668972
ACH-000254,49836027,0,0.004313821438699961
ACH-000254,521106,0,9.471805969951674e-05
ACH-000254,5291,0,0.0020746083464473486
ACH-000254,5311497,0,0.0004195908841211349
ACH-000254,53302361,0,0.0003354466753080487
ACH-000254,53340664,0,0.00028392314561642706
ACH-000254,53394750,0,0.08245426416397095
ACH-000254,54676905,0,0.0082057761028409
ACH-000254,54685215,0,0.004789931233972311
ACH-000254,56962337,0,0.0024167541414499283
ACH-000254,5717801,0,5.851538298884407e-05
ACH-000254,66577006,0,0.004870309494435787
ACH-000254,9810884,0,0.14432765543460846
ACH-000254,9858940,0,0.01671491377055645
ACH-000254,9874913,0,0.2245364636182785
ACH-000254,9911830,0,0.00036541387089528143
ACH-000254,9956119,0,0.11503219604492188
ACH-000254,9956222,0,0.0004560532688628882
ACH-000257,10196499,0,0.027508346363902092
ACH-000257,10341154,0,0.12511420249938965
ACH-000257,10384072,0,0.014038993045687675
ACH-000257,11152667,0,0.011502930894494057
ACH-000257,11327430,0,0.025716885924339294
ACH-000257,11609586,0,0.04470319300889969
ACH-000257,123631,0,0.008300072513520718
ACH-000257,16038120,0,0.0064142122864723206
ACH-000257,16722836,0,0.10988204181194305
ACH-000257,208908,0,0.05909217521548271
ACH-000257,216326,0,0.11266353726387024
ACH-000257,23725625,0,0.1048460528254509
ACH-000257,300471,0,0.009816493839025497
ACH-000257,31703,0,0.0008155886316671968
ACH-000257,3218,0,0.02120085060596466
ACH-000257,36462,0,0.006211565341800451
ACH-000257,4261,0,0.007771309930831194
ACH-000257,44182295,0,0.00018584527424536645
ACH-000257,44450571,0,0.04408056288957596
ACH-000257,44551660,0,0.22962895035743713
ACH-000257,446378,0,0.011598707176744938
ACH-000257,46883536,0,0.3408356010913849
ACH-000257,46907787,0,0.028950922191143036
ACH-000257,46943432,1,0.8348377346992493
ACH-000257,51371303,0,0.08344773948192596
ACH-000257,521106,0,0.009345252998173237
ACH-000257,5329102,0,0.0017455816268920898
ACH-000257,53302361,0,0.010576444678008556
ACH-000257,5330286,0,0.0071995253674685955
ACH-000257,5717801,0,0.01709689386188984
ACH-000257,6253,0,0.014312947168946266
ACH-000257,644215,0,0.016165364533662796
ACH-000257,6445533,0,0.12693189084529877
ACH-000257,6450551,0,0.004477446433156729
ACH-000257,65110,0,0.15180116891860962
ACH-000257,6710780,0,0.02115795761346817
ACH-000257,6918454,0,0.00026501493994146585
ACH-000257,6918848,1,0.3651159703731537
ACH-000257,82146,0,0.015685927122831345
ACH-000257,8249,0,0.17371700704097748
ACH-000257,9549184,0,0.10666780918836594
ACH-000257,9826528,0,0.00023488554870709777
ACH-000257,9858940,0,0.06305017322301865
ACH-000257,9868037,0,0.31018343567848206
ACH-000257,9907093,0,0.014406567439436913
ACH-000257,9956222,0,0.34487736225128174
ACH-000258,10074640,0,0.1382477879524231
ACH-000258,10113978,0,0.010129058733582497
ACH-000258,10184653,0,0.13389457762241364
ACH-000258,10302451,0,0.06405100226402283
ACH-000258,11373846,1,0.5211528539657593
ACH-000258,11455910,0,0.12820634245872498
ACH-000258,11624601,0,0.07072705030441284
ACH-000258,11647372,0,0.0029565487056970596
ACH-000258,1401,0,0.07553470134735107
ACH-000258,148124,0,0.02019929513335228
ACH-000258,16747388,1,0.8425011038780212
ACH-000258,23725625,0,0.027930503711104393
ACH-000258,2375,1,0.022396810352802277
ACH-000258,24180719,1,0.6017367243766785
ACH-000258,24785538,0,0.1855168640613556
ACH-000258,24825971,0,0.006415467243641615
ACH-000258,24826799,0,0.01265609823167324
ACH-000258,25124816,0,0.05045190826058388
ACH-000258,31703,1,0.007462154608219862
ACH-000258,3463933,0,0.06382793188095093
ACH-000258,36314,0,0.028791984543204308
ACH-000258,4261,0,0.06115305423736572
ACH-000258,447912,0,0.0745147243142128
ACH-000258,46224516,0,0.03199038282036781
ACH-000258,462382,0,0.21209533512592316
ACH-000258,46844147,0,0.023172518238425255
ACH-000258,46883536,0,0.1634092628955841
ACH-000258,49806720,0,0.3628051280975342
ACH-000258,49821040,0,0.07584010809659958
ACH-000258,5113032,1,0.025808794423937798
ACH-000258,51371303,1,0.03991406410932541
ACH-000258,5394,0,0.047924868762493134
ACH-000258,54676905,1,0.04797675460577011
ACH-000258,5746,1,0.03949848935008049
ACH-000258,6253,0,0.12186268717050552
ACH-000258,6445533,0,0.1203608438372612
ACH-000258,6753378,0,0.20520013570785522
ACH-000258,6918454,1,0.8662738800048828
ACH-000258,8249,1,0.2883470952510834
ACH-000258,9549184,0,0.5437535047531128
ACH-000258,9907093,0,0.042889147996902466
ACH-000258,9956119,0,0.051761195063591
ACH-000258,9956222,0,0.001572291599586606
ACH-000258,9967941,0,0.1738690733909607
ACH-000260,10027278,0,0.00017452203610446304
ACH-000260,10113978,0,0.0003646679106168449
ACH-000260,10384072,0,0.0015401534037664533
ACH-000260,11152667,0,0.004384001716971397
ACH-000260,11282283,0,0.03956785425543785
ACH-000260,11338033,0,0.001115070073865354
ACH-000260,11373846,0,0.43396130204200745
ACH-000260,11404337,0,0.004819510504603386
ACH-000260,11485656,0,0.0035252789966762066
ACH-000260,11634725,0,0.5537626147270203
ACH-000260,11640390,0,0.16288723051548004
ACH-000260,11707110,1,0.9404239654541016
ACH-000260,11977753,0,0.0027447999455034733
ACH-000260,23725625,0,0.0014582728035748005
ACH-000260,24180719,0,0.3775940239429474
ACH-000260,24776445,0,0.0004604689311236143
ACH-000260,24894414,0,0.02495654486119747
ACH-000260,24951314,0,0.0031080907210707664
ACH-000260,24978538,0,0.1449378877878189
ACH-000260,25022668,0,0.00024105393094941974
ACH-000260,25124816,0,0.005523499567061663
ACH-000260,25257557,0,0.8835180401802063
ACH-000260,25262965,0,0.00040805383468978107
ACH-000260,31703,0,0.00010265584569424391
ACH-000260,44182295,1,0.8430975079536438
ACH-000260,46191454,0,0.023654628545045853
ACH-000260,5278396,0,0.0003598405746743083
ACH-000260,5327091,0,0.0010054263984784484
ACH-000260,5746,0,0.0010802920442074537
ACH-000260,6445562,0,0.18019971251487732
ACH-000260,6914657,0,0.0006068398361094296
ACH-000260,8249,0,0.3077467978000641
ACH-000260,9858940,0,0.012863771989941597
ACH-000260,9868037,0,0.01482680719345808
ACH-000260,9884685,0,0.0006072179530747235
ACH-000260,9914412,0,0.0004503941454458982
ACH-000260,9943465,0,0.15538491308689117
ACH-000260,9952773,0,0.002569318050518632
ACH-000264,10341154,0,0.0041131447069346905
ACH-000264,10384072,0,0.0018986795330420136
ACH-000264,10459196,0,0.003892741398885846
ACH-000264,11364421,0,0.004419748205691576
ACH-000264,11373846,0,0.019494609907269478
ACH-000264,11404337,0,0.006233556661754847
ACH-000264,11626927,0,0.0005114336381666362
ACH-000264,11640390,0,0.04299920052289963
ACH-000264,11676786,1,0.5994417071342468
ACH-000264,156422,0,0.003711880650371313
ACH-000264,16095342,0,0.008352886885404587
ACH-000264,16663089,0,9.25660424400121e-05
ACH-000264,16722836,0,0.006665832828730345
ACH-000264,176158,1,0.0016089780256152153
ACH-000264,176167,0,0.0035713319666683674
ACH-000264,24894414,0,0.0019789370708167553
ACH-000264,24978538,0,0.019148731604218483
ACH-000264,25126798,0,0.005627267993986607
ACH-000264,25195352,0,0.00037754973163828254
ACH-000264,25257557,1,0.4338769316673279
ACH-000264,25262965,0,0.0007784152403473854
ACH-000264,2726824,0,0.002317658392712474
ACH-000264,2733526,0,0.001337922760285437
ACH-000264,300471,0,0.0008643059409223497
ACH-000264,3385,0,0.02801559492945671
ACH-000264,3463933,1,0.0025172159075737
ACH-000264,4261,0,0.0012428867630660534
ACH-000264,44137675,0,0.00035370266414247453
ACH-000264,446378,0,0.0015204543014988303
ACH-000264,448013,0,0.000569014810025692
ACH-000264,46224516,0,0.000677283969707787
ACH-000264,49821040,0,0.004776196554303169
ACH-000264,49836027,0,0.0014802063815295696
ACH-000264,4993,0,0.0034444276243448257
ACH-000264,5280757,0,0.010076692327857018
ACH-000264,54685215,0,0.0025256106164306402
ACH-000264,637858,0,0.004563554655760527
ACH-000264,6445533,0,0.005313152447342873
ACH-000264,6505803,0,0.0032859332859516144
ACH-000264,65110,0,0.010739163495600224
ACH-000264,71271629,0,0.007800306659191847
ACH-000264,84691,0,0.0033116231206804514
ACH-000264,9813758,0,0.007234126795083284
ACH-000264,9868037,1,0.00485232612118125
ACH-000264,9907093,0,0.0031268810853362083
ACH-000264,9910224,0,0.0050079477950930595
ACH-000264,9914412,0,0.0017392310546711087
ACH-000264,9931953,0,0.0015974302077665925
ACH-000264,9956119,0,0.002158569870516658
ACH-000264,9967941,0,0.004575527273118496
ACH-000267,10096043,0,3.887768616550602e-05
ACH-000267,10341154,0,0.1870821714401245
ACH-000267,11338033,0,0.0005923329736106098
ACH-000267,11364421,0,0.001343438634648919
ACH-000267,11404337,0,0.0004165669670328498
ACH-000267,11485656,0,0.030352670699357986
ACH-000267,11624601,0,0.03988523408770561
ACH-000267,11634725,0,0.0008924237918108702
ACH-000267,11647372,0,0.0010574950138106942
ACH-000267,11676786,0,0.0024559993762522936
ACH-000267,11754511,0,0.022766442969441414
ACH-000267,11844351,0,0.000937256554607302
ACH-000267,11960529,0,0.059391461312770844
ACH-000267,1401,0,0.12795719504356384
ACH-000267,156422,0,0.03501912206411362
ACH-000267,16095342,0,0.00595566863194108
ACH-000267,16663089,0,0.0006121330079622567
ACH-000267,16725726,0,0.3176526725292206
ACH-000267,16760646,0,0.03738655894994736
ACH-000267,216326,0,0.35302841663360596
ACH-000267,2314623,0,0.2650621235370636
ACH-000267,2375,0,0.12590260803699493
ACH-000267,24772860,0,0.000354613468516618
ACH-000267,24825971,0,0.0028052348643541336
ACH-000267,24894414,0,0.17271050810813904
ACH-000267,24951314,0,0.004758545197546482
ACH-000267,25222038,0,4.572250691126101e-05
ACH-000267,25257557,0,0.1727180778980255
ACH-000267,25262965,0,0.01863178238272667
ACH-000267,300471,0,0.005834158509969711
ACH-000267,3005532,0,0.0019025494111701846
ACH-000267,31703,0,9.007066546473652e-05
ACH-000267,3796,0,0.009430131874978542
ACH-000267,4261,0,0.009167330339550972
ACH-000267,4263900,0,0.0007904766825959086
ACH-000267,44450571,0,0.11499397456645966
ACH-000267,44632017,0,0.0011104425648227334
ACH-000267,447912,0,0.1087682768702507
ACH-000267,46191454,0,0.04720345139503479
ACH-000267,46931012,0,0.0010186266154050827
ACH-000267,4993,0,0.017500167712569237
ACH-000267,51371303,0,0.3139742612838745
ACH-000267,5384616,0,0.03447667509317398
ACH-000267,5460769,0,0.006995456758886576
ACH-000267,56962337,0,0.12403388321399689
ACH-000267,5746,0,0.002755366498604417
ACH-000267,644215,0,0.0014305245131254196
ACH-000267,66577006,0,0.02703813835978508
ACH-000267,6710780,0,0.01808796264231205
ACH-000267,6753378,0,0.13929112255573273
ACH-000267,6914657,0,0.005074037238955498
ACH-000267,6918454,0,0.010094989091157913
ACH-000267,6918638,0,0.022854672744870186
ACH-000267,71271629,0,0.1266799420118332
ACH-000267,82146,1,0.0038897290360182524
ACH-000267,8249,0,0.3497115671634674
ACH-000267,9549184,1,0.007282117381691933
ACH-000267,9884685,0,0.0006778411916457117
ACH-000267,9952773,0,0.0013145862612873316
ACH-000269,10074640,0,0.06714090704917908
ACH-000269,10077147,0,0.0014181945007294416
ACH-000269,10113978,0,0.0020330515690147877
ACH-000269,10127622,0,0.05754513293504715
ACH-000269,10172943,0,0.0012219621567055583
ACH-000269,10184653,0,0.045110803097486496
ACH-000269,10196499,0,0.0013129814760759473
ACH-000269,104842,0,0.00548102892935276
ACH-000269,11152667,0,0.011000998318195343
ACH-000269,11404337,0,0.0024661628995090723
ACH-000269,11609586,0,0.00506604416295886
ACH-000269,11667893,1,0.008792580105364323
ACH-000269,11754511,0,0.01643092930316925
ACH-000269,159324,0,0.0017965176375582814
ACH-000269,160355,0,0.0012515569105744362
ACH-000269,17755052,0,0.0012043053284287453
ACH-000269,24180719,0,0.07282982021570206
ACH-000269,24889392,0,0.0417926050722599
ACH-000269,24894414,0,0.061852242797613144
ACH-000269,25126798,0,0.12881626188755035
ACH-000269,3218,0,0.003608696861192584
ACH-000269,3796,0,0.0621231347322464
ACH-000269,44137675,0,0.0018516549607738853
ACH-000269,44143370,0,0.07030260562896729
ACH-000269,447912,0,0.07850290834903717
ACH-000269,448013,0,0.0004280337889213115
ACH-000269,46907787,0,0.002793688327074051
ACH-000269,49821040,0,0.02627432346343994
ACH-000269,53394750,1,0.9454952478408813
ACH-000269,5394,0,0.021182162687182426
ACH-000269,56965967,1,0.12038552761077881
ACH-000269,60750,0,0.0007214991492219269
ACH-000269,637858,0,0.01664251834154129
ACH-000269,66577006,0,0.06477704644203186
ACH-000269,6852167,0,0.1255127489566803
ACH-000269,6914657,0,0.0013503644149750471
ACH-000269,6918454,0,0.0374138206243515
ACH-000269,9549184,0,0.28952568769454956
ACH-000269,9810884,1,0.8437588810920715
ACH-000269,9813758,0,0.15342684090137482
ACH-000269,9826308,0,0.00016152314492501318
ACH-000269,9952773,0,0.008033760823309422
ACH-000269,9956222,0,0.0008054091595113277
ACH-000270,10109823,0,0.4360015094280243
ACH-000270,10113978,0,0.2836402356624603
ACH-000270,104842,0,0.018947018310427666
ACH-000270,11404337,0,0.23660166561603546
ACH-000270,11455910,0,0.13414692878723145
ACH-000270,11640390,1,0.43282002210617065
ACH-000270,176167,0,0.10403700917959213
ACH-000270,24756910,0,0.0554996095597744
ACH-000270,24785538,0,0.5294227600097656
ACH-000270,24951314,0,0.013480933383107185
ACH-000270,25195352,0,0.07453199476003647
ACH-000270,2733526,0,0.05049500614404678
ACH-000270,3005532,0,0.19012784957885742
ACH-000270,44224160,0,0.028404664248228073
ACH-000270,44632017,0,0.032148342579603195
ACH-000270,446378,1,0.10906160622835159
ACH-000270,447912,0,0.04211661219596863
ACH-000270,46224516,0,0.01645081490278244
ACH-000270,46907787,0,0.09199872612953186
ACH-000270,5289247,0,0.08900775015354156
ACH-000270,5311497,0,0.07801911979913712
ACH-000270,5460769,0,0.0889258086681366
ACH-000270,54685215,0,0.08697925508022308
ACH-000270,6445562,0,0.20621798932552338
ACH-000270,6914657,0,0.012194672599434853
ACH-000270,6918638,0,0.014266286976635456
ACH-000270,8249,0,0.07003606855869293
ACH-000270,9813758,0,0.2444489449262619
ACH-000270,9868037,0,0.07523831725120544
ACH-000270,9874913,0,0.17545512318611145
ACH-000270,9884685,0,0.031146975234150887
ACH-000270,9910224,0,0.033442676067352295
ACH-000270,9956119,0,0.3860642611980438
ACH-000271,10077147,0,0.7728729248046875
ACH-000271,11634725,0,0.10340254008769989
ACH-000271,11707110,0,0.04330303519964218
ACH-000271,16722836,1,0.818744957447052
ACH-000271,25126798,1,0.7879914045333862
ACH-000271,25222038,1,0.24510005116462708
ACH-000271,36462,1,0.7895719408988953
ACH-000271,3796,0,0.33458101749420166
ACH-000271,42640,0,0.3743392825126648
ACH-000271,44143370,0,0.4102853536605835
ACH-000271,44182295,0,0.006146982777863741
ACH-000271,44224160,0,0.9415577054023743
ACH-000271,44551660,1,0.78302001953125
ACH-000271,46907787,1,0.6956640481948853
ACH-000271,46931012,1,0.7968995571136475
ACH-000271,51371303,0,0.4891197383403778
ACH-000271,5208,1,0.7368746995925903
ACH-000271,5327091,0,0.4030505120754242
ACH-000271,56962337,1,0.6671781539916992
ACH-000271,6852167,1,0.9377619624137878
ACH-000271,6918638,1,0.8363788723945618
ACH-000271,9863776,0,0.03162768855690956
ACH-000271,9956222,1,0.9691490530967712
ACH-000273,10074640,0,0.2921944558620453
ACH-000273,104842,0,0.1403215080499649
ACH-000273,11327430,0,0.14675076305866241
ACH-000273,11609586,0,0.3270197808742523
ACH-000273,11754511,0,0.04652215912938118
ACH-000273,11844351,0,0.06065037101507187
ACH-000273,123631,0,0.279221773147583
ACH-000273,126565,0,0.17293627560138702
ACH-000273,126941,0,0.15837430953979492
ACH-000273,1401,0,0.47383591532707214
ACH-000273,16095342,1,0.18268930912017822
ACH-000273,216326,0,0.4123291075229645
ACH-000273,2314623,0,0.4823099672794342
ACH-000273,24180719,0,0.42235153913497925
ACH-000273,24951314,0,0.005806205328553915
ACH-000273,25102847,0,0.08233263343572617
ACH-000273,25126798,0,0.2932896912097931
ACH-000273,25222038,0,0.008508422411978245
ACH-000273,3062316,0,0.08701029419898987
ACH-000273,3463933,0,0.16703465580940247
ACH-000273,44450571,1,0.4043368995189667
ACH-000273,44632017,0,0.04929037019610405
ACH-000273,46844147,0,0.0884605422616005
ACH-000273,46885626,0,0.1647731363773346
ACH-000273,46931012,0,0.0052884723991155624
ACH-000273,49821040,0,0.15105000138282776
ACH-000273,5113032,1,0.2718028724193573
ACH-000273,51371303,0,0.425631582736969
ACH-000273,53340664,0,0.027875186875462532
ACH-000273,560326,0,0.08140450716018677
ACH-000273,6450816,0,0.006777777802199125
ACH-000273,6914657,0,0.03831657022237778
ACH-000273,6918638,0,0.00898595992475748
ACH-000273,7251185,1,0.08640395104885101
ACH-000273,9549184,0,0.13245970010757446
ACH-000273,9813758,0,0.0860641747713089
ACH-000273,9826528,0,0.07602870464324951
ACH-000273,9874913,0,0.1941722333431244
ACH-000273,9911830,1,0.13276934623718262
ACH-000273,9943465,0,0.35116925835609436
ACH-000277,10459196,0,0.010028211399912834
ACH-000277,11617559,0,0.08459379523992538
ACH-000277,11624601,1,0.0856432318687439
ACH-000277,11713159,0,0.0010002513881772757
ACH-000277,16725726,1,0.35777559876441956
ACH-000277,16747388,0,0.0009550000540912151
ACH-000277,24756910,0,0.02924847975373268
ACH-000277,24772860,0,0.0006257577915675938
ACH-000277,24826799,0,0.0017946603475138545
ACH-000277,24978538,0,0.09816905856132507
ACH-000277,25167777,0,0.026744794100522995
ACH-000277,46224516,0,0.006237327121198177
ACH-000277,46931012,0,0.001182800973765552
ACH-000277,5113032,0,0.03774194419384003
ACH-000277,51371303,1,0.12905439734458923
ACH-000277,5328940,0,0.004549144767224789
ACH-000277,53302361,0,0.005485972389578819
ACH-000277,53394750,0,0.01733780838549137
ACH-000277,5394,0,0.02036653645336628
ACH-000277,56962337,0,0.02491174265742302
ACH-000277,6505803,0,0.002270724857226014
ACH-000277,65110,0,0.00818538572639227
ACH-000277,6918454,0,0.0005018016672693193
ACH-000277,6918848,0,0.0058252871967852116
ACH-000277,8249,0,0.07125946134328842
ACH-000277,84691,0,0.00539791164919734
ACH-000277,9810884,0,0.05100681632757187
ACH-000277,9858940,0,0.08625881373882294
ACH-000277,9863776,0,0.0012009723577648401
ACH-000277,9874913,1,0.4143284559249878
ACH-000277,9884685,0,0.010203649289906025
ACH-000277,9914412,0,0.003976783249527216
ACH-000287,10077147,0,0.7470348477363586
ACH-000287,10451420,1,0.9932942390441895
ACH-000287,11327430,1,0.4980490207672119
ACH-000287,11338033,1,0.946826696395874
ACH-000287,11624601,0,0.04482174292206764
ACH-000287,11626560,0,0.18739007413387299
ACH-000287,11667893,0,0.03484619781374931
ACH-000287,11844351,1,0.08696804195642471
ACH-000287,126565,1,0.514755129814148
ACH-000287,16038120,0,0.04475658759474754
ACH-000287,176158,0,0.20505768060684204
ACH-000287,208908,0,0.07762782275676727
ACH-000287,24776445,1,0.7041472792625427
ACH-000287,25126798,1,0.7035201191902161
ACH-000287,25257557,1,0.9981086254119873
ACH-000287,25262965,1,0.8057481050491333
ACH-000287,300471,0,0.015725746750831604
ACH-000287,31703,0,0.04085278511047363
ACH-000287,36314,0,0.03163723275065422
ACH-000287,4261,0,0.05271078273653984
ACH-000287,44137675,1,0.13302631676197052
ACH-000287,446378,0,0.0667063519358635
ACH-000287,44819241,0,0.39236190915107727
ACH-000287,462382,0,0.017837198451161385
ACH-000287,46943432,1,0.9913480877876282
ACH-000287,49806720,1,0.7172663807868958
ACH-000287,51371303,0,0.14187228679656982
ACH-000287,5208,1,0.28835970163345337
ACH-000287,5280757,1,0.279667466878891
ACH-000287,5329102,0,0.10820094496011734
ACH-000287,53340664,1,0.9080585837364197
ACH-000287,54676905,0,0.31595489382743835
ACH-000287,57339144,1,0.6820370554924011
ACH-000287,644241,0,0.6832586526870728
ACH-000287,65110,1,0.79241544008255
ACH-000287,6914657,0,0.023514466360211372
ACH-000287,6918289,1,0.5030770897865295
ACH-000287,704473,1,0.7701141238212585
ACH-000287,9826308,0,0.006492933724075556
ACH-000287,9858940,0,0.09079644829034805
ACH-000287,9903786,1,0.9353801608085632
ACH-000287,9914412,0,0.7873272895812988
ACH-000287,9943465,0,0.060533370822668076
ACH-000287,9956119,0,0.14617489278316498
ACH-000288,10184653,0,0.14769098162651062
ACH-000288,104842,0,0.00029110125615261495
ACH-000288,11624601,0,0.008120851591229439
ACH-000288,176158,0,0.00020914137712679803
ACH-000288,24978538,0,0.08445313572883606
ACH-000288,51371303,0,0.020764630287885666
ACH-000288,5394,0,0.01004518661648035
ACH-000288,6918454,0,0.014092225581407547
ACH-000288,84691,0,0.0006745160208083689
ACH-000288,9858940,0,0.013611294329166412
ACH-000290,10113978,0,0.005128677934408188
ACH-000290,10127622,0,0.0653313621878624
ACH-000290,10302451,0,0.023314757272601128
ACH-000290,10451420,0,0.14694812893867493
ACH-000290,10461815,0,0.09498599171638489
ACH-000290,11152667,0,0.18787312507629395
ACH-000290,11433190,0,0.5243314504623413
ACH-000290,11485656,0,0.14053842425346375
ACH-000290,11640390,0,0.14226673543453217
ACH-000290,126941,1,0.2900863587856293
ACH-000290,156422,0,0.054054293781518936
ACH-000290,16663089,0,0.00443630013614893
ACH-000290,16760646,0,0.07032082974910736
ACH-000290,216239,0,0.007936108857393265
ACH-000290,23725625,1,0.11024574190378189
ACH-000290,24785538,0,0.01606723852455616
ACH-000290,24826799,0,0.003054482163861394
ACH-000290,24889392,1,0.11561576277017593
ACH-000290,24894414,0,0.12535309791564941
ACH-000290,24978538,1,0.4122009575366974
ACH-000290,25126798,1,0.34331977367401123
ACH-000290,2726824,0,0.06932779401540756
ACH-000290,300471,0,0.01593928039073944
ACH-000290,31703,0,0.0009514458361081779
ACH-000290,3218,0,0.05669260025024414
ACH-000290,387447,0,0.04125908389687538
ACH-000290,42642645,0,0.01248785387724638
ACH-000290,44632017,0,0.00595259852707386
ACH-000290,46191454,0,0.06000063940882683
ACH-000290,46224516,0,0.029120562598109245
ACH-000290,462382,0,0.02278079092502594
ACH-000290,46844147,0,0.035899966955184937
ACH-000290,49836027,0,0.014297246932983398
ACH-000290,5291,0,0.039345595985651016
ACH-000290,5311497,0,0.00231937482021749
ACH-000290,5328940,1,0.19893550872802734
ACH-000290,53302361,0,0.009266861714422703
ACH-000290,54685215,0,0.015180207788944244
ACH-000290,560326,0,0.019613225013017654
ACH-000290,637858,0,0.083692766726017
ACH-000290,6505803,0,0.0033071874640882015
ACH-000290,7251185,0,0.027512792497873306
ACH-000290,85668777,0,0.06288664788007736
ACH-000290,9813758,0,0.09793907403945923
ACH-000290,9914412,0,0.036175686866045
ACH-000291,10077147,0,0.0032366032246500254
ACH-000291,10096043,0,0.0037349958438426256
ACH-000291,10184653,0,0.12742997705936432
ACH-000291,10200390,0,0.001599577721208334
ACH-000291,11152667,0,0.012656301259994507
ACH-000291,11338033,0,3.3261421776842326e-05
ACH-000291,11455910,0,0.28718218207359314
ACH-000291,11485656,0,0.004310711286962032
ACH-000291,11625818,0,0.0011040979297831655
ACH-000291,11707110,1,0.9543680548667908
ACH-000291,11713159,0,0.007709496188908815
ACH-000291,11754511,0,0.0004938021884299815
ACH-000291,16722836,0,0.0006881324225105345
ACH-000291,24756910,0,0.0003851585788652301
ACH-000291,25022668,0,0.003459952538833022
ACH-000291,25126798,0,0.0329376645386219
ACH-000291,25195352,0,0.0003195077588316053
ACH-000291,25257557,0,0.3199266791343689
ACH-000291,2726824,0,0.14148221909999847
ACH-000291,2733526,0,0.022302940487861633
ACH-000291,3796,0,0.005724083166569471
ACH-000291,44137675,0,0.003354591317474842
ACH-000291,447912,0,0.004426385276019573
ACH-000291,521106,0,0.0009304534760303795
ACH-000291,5327091,0,0.031019756570458412
ACH-000291,6450551,0,0.006318647414445877
ACH-000291,65110,0,0.03868753835558891
ACH-000291,66577006,0,0.00132816843688488
ACH-000291,6918848,0,0.0002544208837207407
ACH-000291,84691,0,0.04437722638249397
ACH-000291,9826528,1,0.9306690692901611
ACH-000291,9884685,0,2.4178329113055952e-05
ACH-000291,9914412,0,0.007016189396381378
ACH-000291,9952773,0,0.00026236361009068787
ACH-000292,104842,0,0.012142742983996868
ACH-000292,11493598,0,0.030632415786385536
ACH-000292,159324,0,0.009941176511347294
ACH-000292,16720766,0,0.07187476754188538
ACH-000292,16747388,0,0.009265929460525513
ACH-000292,2314623,0,0.08783469349145889
ACH-000292,24756910,0,0.004384977277368307
ACH-000292,24772860,0,0.00029580731643363833
ACH-000292,25126798,0,0.10696045309305191
ACH-000292,25167777,0,0.0012293163454160094
ACH-000292,2733526,0,0.0261776614934206
ACH-000292,3796,0,0.10870355367660522
ACH-000292,44551660,0,0.0007645400473847985
ACH-000292,447912,0,0.012738565914332867
ACH-000292,46224516,0,0.0015197319444268942
ACH-000292,46883536,0,0.02500673197209835
ACH-000292,46943432,0,0.0025723150465637445
ACH-000292,5208,0,0.0021670558489859104
ACH-000292,5280757,0,0.1045602411031723
ACH-000292,5328940,0,0.031929343938827515
ACH-000292,560326,0,0.002873832592740655
ACH-000292,6450551,0,0.002029751194640994
ACH-000292,65110,0,0.021431589499115944
ACH-000292,66577006,0,0.012535950168967247
ACH-000292,6918454,0,0.0232806745916605
ACH-000292,6918848,0,0.0016096093459054828
ACH-000292,85668777,0,0.39724159240722656
ACH-000292,9858940,0,0.14602051675319672
ACH-000292,9931953,0,0.01813109591603279
ACH-000292,9956222,0,0.001165471039712429
ACH-000294,10172943,0,0.12122049927711487
ACH-000294,10451420,1,0.9959802627563477
ACH-000294,11282283,0,0.3664461076259613
ACH-000294,11316960,1,0.5864412188529968
ACH-000294,11327430,0,0.13657481968402863
ACH-000294,11624601,0,0.05972902476787567
ACH-000294,11625818,1,0.6563530564308167
ACH-000294,11626927,0,0.10706104338169098
ACH-000294,11634725,1,0.9393329620361328
ACH-000294,11977753,0,0.039093710482120514
ACH-000294,123631,0,0.060415200889110565
ACH-000294,159324,1,0.06490105390548706
ACH-000294,16747388,1,0.9851024150848389
ACH-000294,24785538,1,0.11752274632453918
ACH-000294,24826799,0,0.20553132891654968
ACH-000294,24978538,1,0.8163584470748901
ACH-000294,2733526,1,0.19418573379516602
ACH-000294,3385,1,0.8255764245986938
ACH-000294,44137675,0,0.03096160665154457
ACH-000294,44551660,1,0.9460342526435852
ACH-000294,46930998,0,0.10826139152050018
ACH-000294,46931012,1,0.967727780342102
ACH-000294,5311510,0,0.05159107595682144
ACH-000294,5327091,0,0.06982021033763885
ACH-000294,5329102,0,0.3040962517261505
ACH-000294,53302361,0,0.11784504354000092
ACH-000294,5460769,0,0.08165963739156723
ACH-000294,5746,1,0.08201725780963898
ACH-000294,6253,0,0.5478535294532776
ACH-000294,66577006,0,0.8849048614501953
ACH-000294,6918454,1,0.7227522134780884
ACH-000294,9813758,1,0.801723062992096
ACH-000294,9826308,1,0.014270882122218609
ACH-000294,9907093,0,0.03369220346212387
ACH-000294,9938202,0,0.19059894979000092
ACH-000295,10027278,0,0.08269893378019333
ACH-000295,10109823,0,0.04401247203350067
ACH-000295,10172943,0,0.08324405550956726
ACH-000295,10384072,0,0.08297319710254669
ACH-000295,10390396,0,0.13603654503822327
ACH-000295,11338033,0,0.031093690544366837
ACH-000295,11455910,0,0.022982187569141388
ACH-000295,11634725,1,0.6021555662155151
ACH-000295,11960529,0,0.2104165256023407
ACH-000295,160355,0,0.037950288504362106
ACH-000295,16760646,0,0.10715152323246002
ACH-000295,23725625,0,0.3345537483692169
ACH-000295,24889392,0,0.3360438942909241
ACH-000295,25257557,1,0.9957026839256287
ACH-000295,36314,0,0.041318029165267944
ACH-000295,387447,0,0.03458475321531296
ACH-000295,42642645,1,0.5074178576469421
ACH-000295,44182295,1,0.5199494957923889
ACH-000295,44632017,0,0.044424284249544144
ACH-000295,44819241,0,0.15028782188892365
ACH-000295,46224516,0,0.04103981330990791
ACH-000295,46930998,1,0.03145706281065941
ACH-000295,5278396,0,0.19646833837032318
ACH-000295,5289247,0,0.3019316792488098
ACH-000295,5311510,1,0.08669842034578323
ACH-000295,5327091,0,0.042429063469171524
ACH-000295,53340664,1,0.6572485566139221
ACH-000295,5394,0,0.221908301115036
ACH-000295,5459322,0,0.05507528781890869
ACH-000295,56962337,0,0.19203385710716248
ACH-000295,56965967,0,0.23072147369384766
ACH-000295,60750,0,0.022817930206656456
ACH-000295,6445533,0,0.13473032414913177
ACH-000295,65110,1,0.35468199849128723
ACH-000295,6710780,0,0.13891556859016418
ACH-000295,6918289,0,0.1692548245191574
ACH-000295,6918454,1,0.49684247374534607
ACH-000295,6918638,0,0.038264621049165726
ACH-000295,84691,0,0.12493012100458145
ACH-000295,9826528,1,0.4437670409679413
ACH-000295,9874913,0,0.019739964976906776
ACH-000295,9884685,0,0.01716393046081066
ACH-000295,9911830,1,0.8205029368400574
ACH-000295,9931953,0,0.05692359060049057
ACH-000295,9956222,0,0.01337119098752737
ACH-000298,10027278,0,0.0024195266887545586
ACH-000298,10109823,0,0.00045180151937529445
ACH-000298,10196499,0,0.0007709386409260333
ACH-000298,11404337,0,0.0005097385146655142
ACH-000298,11609586,0,0.06066690385341644
ACH-000298,11640390,0,0.003035967005416751
ACH-000298,11647372,0,2.822002352331765e-05
ACH-000298,148124,0,0.0018953551771119237
ACH-000298,159324,0,0.0009567482629790902
ACH-000298,16720766,0,0.018352724611759186
ACH-000298,16725726,1,0.006117569748312235
ACH-000298,176158,0,0.020383764058351517
ACH-000298,24776445,0,0.041438549757003784
ACH-000298,24826799,0,0.0004954533069394529
ACH-000298,25124816,0,0.004574715159833431
ACH-000298,25126798,0,0.012254936620593071
ACH-000298,25257557,1,0.07917949557304382
ACH-000298,31703,0,0.0007016687304712832
ACH-000298,3463933,0,0.004842908587306738
ACH-000298,44143370,0,0.0004249795456416905
ACH-000298,44551660,0,0.0001313560496782884
ACH-000298,448013,0,0.0002865987771656364
ACH-000298,46885626,0,0.006479324772953987
ACH-000298,46907787,0,0.0014475472271442413
ACH-000298,49806720,0,0.004026508890092373
ACH-000298,5280757,0,0.07648053020238876
ACH-000298,53302361,0,0.006533885840326548
ACH-000298,53394750,0,0.01245858520269394
ACH-000298,5394,0,0.12493238598108292
ACH-000298,5459322,0,0.018623368814587593
ACH-000298,5460769,0,0.02553725428879261
ACH-000298,54676905,0,0.012229766696691513
ACH-000298,6710780,0,0.027747392654418945
ACH-000298,6852167,0,0.00046634639147669077
ACH-000298,6918289,0,0.1106899082660675
ACH-000298,6918638,0,0.00016947359836194664
ACH-000298,6918848,0,0.00012430534115992486
ACH-000298,9810884,0,0.007553598377853632
ACH-000298,9911830,0,0.008792712353169918
ACH-000298,9956222,0,2.836661587934941e-05
ACH-000301,10096043,0,0.023495040833950043
ACH-000301,10127622,0,0.2506943643093109
ACH-000301,10200390,0,0.14035557210445404
ACH-000301,10341154,1,0.5732138156890869
ACH-000301,10384072,1,0.16727371513843536
ACH-000301,10451420,1,0.9222321510314941
ACH-000301,10459196,0,0.20856724679470062
ACH-000301,11338033,0,0.05606335401535034
ACH-000301,11609586,0,0.20900623500347137
ACH-000301,11844351,1,0.09269580245018005
ACH-000301,11960529,1,0.36217179894447327
ACH-000301,126565,0,0.6131846904754639
ACH-000301,126941,1,0.6432042717933655
ACH-000301,16038120,0,0.0846981331706047
ACH-000301,16095342,0,0.2019955813884735
ACH-000301,16663089,0,0.011252293363213539
ACH-000301,16760646,0,0.21002726256847382
ACH-000301,24951314,0,0.10688887536525726
ACH-000301,25102847,1,0.6170097589492798
ACH-000301,25222038,0,0.04282252490520477
ACH-000301,31703,0,0.01093539409339428
ACH-000301,387447,0,0.042247407138347626
ACH-000301,4261,0,0.06592734158039093
ACH-000301,42640,0,0.01957566663622856
ACH-000301,44182295,1,0.8135378360748291
ACH-000301,44819241,0,0.1817355901002884
ACH-000301,46844147,0,0.08563409000635147
ACH-000301,5113032,0,0.41030216217041016
ACH-000301,5280757,0,0.11217749863862991
ACH-000301,5311510,1,0.05918750539422035
ACH-000301,53302361,1,0.3147872984409332
ACH-000301,5394,0,0.3255689740180969
ACH-000301,54685215,0,0.019266190007328987
ACH-000301,6450551,1,0.6083965301513672
ACH-000301,9810884,0,0.9034392833709717
ACH-000301,9826308,0,0.005423150956630707
ACH-000301,9863776,0,0.6497745513916016
ACH-000301,9874913,0,0.03607729449868202
ACH-000301,9952773,0,0.047616612166166306
ACH-000301,9956222,0,0.01712634041905403
ACH-000303,10027278,0,0.007563999854028225
ACH-000303,10127622,0,0.03785008564591408
ACH-000303,10390396,0,0.07438372075557709
ACH-000303,11433190,0,0.09697004407644272
ACH-000303,11617559,0,0.011259467341005802
ACH-000303,11625818,0,0.006779935210943222
ACH-000303,11676786,0,0.008911678567528725
ACH-000303,11844351,0,0.04878605157136917
ACH-000303,156422,0,0.01584494486451149
ACH-000303,159324,0,0.03534557670354843
ACH-000303,16038120,0,0.014944910071790218
ACH-000303,216239,0,0.07260996848344803
ACH-000303,23725625,0,0.012217325158417225
ACH-000303,24756910,0,0.003589299041777849
ACH-000303,24776445,0,0.009935987181961536
ACH-000303,24826799,0,0.057088159024715424
ACH-000303,25124816,0,0.009299639612436295
ACH-000303,25167777,0,0.004675871226936579
ACH-000303,25257557,0,0.142539843916893
ACH-000303,25262965,1,0.02178662270307541
ACH-000303,31703,0,0.0020217481069266796
ACH-000303,3463933,0,0.009479263797402382
ACH-000303,4263900,0,0.013856733217835426
ACH-000303,46883536,0,0.013962365686893463
ACH-000303,46943432,0,0.0027868913020938635
ACH-000303,49821040,0,0.02120298147201538
ACH-000303,4993,0,0.012752912938594818
ACH-000303,51371303,0,0.009297890588641167
ACH-000303,53340664,0,0.02174859121441841
ACH-000303,5384616,0,0.017036475241184235
ACH-000303,5394,0,0.007453270722180605
ACH-000303,5459322,0,0.01602325215935707
ACH-000303,54676905,0,0.013064899481832981
ACH-000303,560326,0,0.013479907065629959
ACH-000303,60750,0,0.002686138963326812
ACH-000303,644241,0,0.046484485268592834
ACH-000303,6445562,0,0.008679820224642754
ACH-000303,6450816,0,0.0004453097062651068
ACH-000303,6505803,1,0.0036434968933463097
ACH-000303,6918638,0,0.0008020132663659751
ACH-000303,704473,0,0.02010028250515461
ACH-000303,84691,0,0.010212022811174393
ACH-000303,9549184,0,0.06966019421815872
ACH-000303,9826528,0,0.005920588970184326
ACH-000303,9874913,0,0.010038115084171295
ACH-000303,9910224,0,0.007156896870583296
ACH-000304,10077147,0,0.010469491593539715
ACH-000304,10196499,0,0.019714925438165665
ACH-000304,10459196,0,0.014867790043354034
ACH-000304,11327430,0,0.010740739293396473
ACH-000304,11373846,0,0.1083725243806839
ACH-000304,11707110,1,0.9628044366836548
ACH-000304,123631,0,0.4170076549053192
ACH-000304,16722836,0,0.01770959608256817
ACH-000304,16725726,1,0.2992778420448303
ACH-000304,216326,1,0.05830956622958183
ACH-000304,2314623,0,0.2844478487968445
ACH-000304,25124816,0,0.14041562378406525
ACH-000304,25262965,0,0.01144419889897108
ACH-000304,2726824,0,0.15526673197746277
ACH-000304,300471,0,0.03630073741078377
ACH-000304,3005532,0,0.08172272145748138
ACH-000304,3385,0,0.02221551723778248
ACH-000304,44224160,0,0.0027882885187864304
ACH-000304,44450571,0,0.18263688683509827
ACH-000304,444795,0,0.17233772575855255
ACH-000304,46883536,0,0.05821186304092407
ACH-000304,5278396,0,0.012700291350483894
ACH-000304,5311497,0,0.007911010645329952
ACH-000304,5327091,0,0.022263338789343834
ACH-000304,54685215,0,0.04083520174026489
ACH-000304,6253,0,0.0200874712318182
ACH-000304,637858,0,0.0872824415564537
ACH-000304,6445533,0,0.08104889839887619
ACH-000304,6450551,0,0.0057714153081178665
ACH-000304,6918454,1,0.7984901666641235
ACH-000304,704473,0,0.14129188656806946
ACH-000304,9863776,0,0.5135391354560852
ACH-000304,9884685,0,0.0034540551714599133
ACH-000304,9952773,0,0.017390260472893715
ACH-000304,9956222,1,0.0032689482904970646
ACH-000305,10109823,0,0.006332275457680225
ACH-000305,10127622,0,0.6340749263763428
ACH-000305,10172943,0,0.005117170512676239
ACH-000305,10196499,0,0.0026353951543569565
ACH-000305,10384072,0,0.05611231550574303
ACH-000305,11364421,0,0.0018157700542360544
ACH-000305,11433190,0,0.2630998194217682
ACH-000305,11455910,0,0.23628465831279755
ACH-000305,11624601,0,0.2865596413612366
ACH-000305,11667893,0,0.19453665614128113
ACH-000305,148124,1,0.008995875716209412
ACH-000305,159324,0,0.001965461065992713
ACH-000305,160355,0,0.0013813363621011376
ACH-000305,16720766,1,0.09025656431913376
ACH-000305,16747388,0,0.0012010689824819565
ACH-000305,17755052,0,0.0039875865913927555
ACH-000305,24180719,0,0.4117296636104584
ACH-000305,24826799,0,0.00014648742217104882
ACH-000305,24889392,0,0.00349586084485054
ACH-000305,25126798,0,0.02517024241387844
ACH-000305,2726824,1,0.41218486428260803
ACH-000305,3005532,0,0.03353194147348404
ACH-000305,31703,0,0.0004344687331467867
ACH-000305,3463933,0,0.21785029768943787
ACH-000305,44143370,0,0.005543872248381376
ACH-000305,44450571,0,0.3253345787525177
ACH-000305,447912,0,0.002346307970583439
ACH-000305,44819241,0,0.05641298368573189
ACH-000305,46844147,0,0.0006561020272783935
ACH-000305,46930998,0,0.006234945263713598
ACH-000305,46943432,0,0.00037273697671480477
ACH-000305,5113032,0,0.01815769262611866
ACH-000305,51371303,0,0.24326443672180176
ACH-000305,6753378,0,0.0024155303835868835
ACH-000305,9810884,1,0.006028682459145784
ACH-000305,9868037,0,0.004935738630592823
ACH-000305,9874913,0,0.029381809756159782
ACH-000305,9903786,0,0.0001407800882589072
ACH-000305,9907093,0,0.06541124731302261
ACH-000305,9914412,0,0.002989384811371565
ACH-000308,10113978,0,0.006678847596049309
ACH-000308,10384072,0,0.0021721997763961554
ACH-000308,10451420,0,0.012252765707671642
ACH-000308,104842,0,0.0005710835102945566
ACH-000308,11404337,0,0.00039541308069601655
ACH-000308,11433190,0,0.015472733415663242
ACH-000308,11455910,0,0.013972912915050983
ACH-000308,11617559,0,0.01296282559633255
ACH-000308,123631,0,0.08527923375368118
ACH-000308,126565,0,0.00028320401906967163
ACH-000308,1401,0,0.005482229869812727
ACH-000308,176158,0,0.0049958922900259495
ACH-000308,2375,0,0.00404758146032691
ACH-000308,24776445,0,0.0006338998209685087
ACH-000308,24978538,0,0.0536588579416275
ACH-000308,25124816,0,0.09251154214143753
ACH-000308,25167777,0,0.00038569848402403295
ACH-000308,31703,0,0.0001460125931771472
ACH-000308,3218,0,0.0012220157077535987
ACH-000308,44182295,0,0.0003278661170043051
ACH-000308,44224160,0,0.00015535626152995974
ACH-000308,44450571,0,0.03682836517691612
ACH-000308,447912,0,0.0030279227066785097
ACH-000308,448013,0,0.0007848634268157184
ACH-000308,44819241,0,0.0075147016905248165
ACH-000308,46930998,0,0.011649820022284985
ACH-000308,46943432,0,0.00201228610239923
ACH-000308,51371303,0,0.04982106760144234
ACH-000308,5289247,0,0.003818242810666561
ACH-000308,5328940,0,0.000536948733497411
ACH-000308,56965967,0,0.0003624986275099218
ACH-000308,644241,0,0.0007841218612156808
ACH-000308,6753378,0,0.0015281811356544495
ACH-000308,6852167,0,0.0016818573931232095
ACH-000308,82146,0,0.004252845887094736
ACH-000308,85668777,0,0.06454180181026459
ACH-000308,9810884,0,0.21787872910499573
ACH-000308,9910224,0,0.00315003446303308
ACH-000308,9911830,0,0.0003745084395632148
ACH-000308,9931953,0,0.006886669434607029
ACH-000309,10096043,0,0.21449917554855347
ACH-000309,10109823,0,0.024366211146116257
ACH-000309,10113978,1,0.09150155633687973
ACH-000309,10384072,1,0.034953098744153976
ACH-000309,11282283,0,0.049387041479349136
ACH-000309,11617559,0,0.00973392091691494
ACH-000309,11640390,1,0.06855692714452744
ACH-000309,11647372,0,0.00021110413945280015
ACH-000309,11667893,0,0.08605555444955826
ACH-000309,11707110,0,0.33976471424102783
ACH-000309,16722836,0,0.0007069675484672189
ACH-000309,24889392,0,0.003957126289606094
ACH-000309,25222038,0,0.25332608819007874
ACH-000309,25262965,0,0.0050561134703457355
ACH-000309,3463933,0,0.13682830333709717
ACH-000309,42642645,0,0.006480338517576456
ACH-000309,44450571,0,0.09783174842596054
ACH-000309,447912,0,0.009510106407105923
ACH-000309,46843772,0,0.02645648829638958
ACH-000309,46907787,0,0.039286766201257706
ACH-000309,49806720,1,0.024619432166218758
ACH-000309,5280757,0,0.34924763441085815
ACH-000309,54676905,1,0.039311483502388
ACH-000309,57339144,0,0.056303903460502625
ACH-000309,6505803,0,0.21270152926445007
ACH-000309,6914657,0,0.0008808361599221826
ACH-000309,704473,0,0.012808564119040966
ACH-000309,9813758,0,0.0027702595107257366
ACH-000309,9868037,0,0.005708274897187948
ACH-000309,9910224,0,0.01049720123410225
ACH-000309,9938202,0,0.009096132591366768
ACH-000309,9952773,0,0.0006419915589503944
ACH-000309,9956222,0,0.0005410995217971504
ACH-000311,10074640,0,0.047283273190259933
ACH-000311,10196499,0,0.27743133902549744
ACH-000311,104842,0,0.05748286470770836
ACH-000311,11282283,0,0.04345070943236351
ACH-000311,11338033,0,0.0005140721332281828
ACH-000311,11609586,0,0.09029415249824524
ACH-000311,11617559,0,0.0217899102717638
ACH-000311,11713159,0,0.5590837001800537
ACH-000311,123631,0,0.35354846715927124
ACH-000311,126565,0,0.07605664432048798
ACH-000311,148124,0,0.32461225986480713
ACH-000311,16725726,0,0.0567687526345253
ACH-000311,16747388,0,0.02553071640431881
ACH-000311,2314623,0,0.167270228266716
ACH-000311,23725625,0,0.06267230212688446
ACH-000311,24785538,1,0.5945970416069031
ACH-000311,24826799,0,0.1521424502134323
ACH-000311,25195352,0,0.006022220011800528
ACH-000311,25222038,0,0.6834360957145691
ACH-000311,2726824,1,0.1323920339345932
ACH-000311,300471,0,0.16292987763881683
ACH-000311,42640,0,0.06582402437925339
ACH-000311,44224160,0,0.001349970931187272
ACH-000311,444795,0,0.09381120651960373
ACH-000311,44551660,0,0.0009427642216905951
ACH-000311,447912,0,0.014352550730109215
ACH-000311,46224516,0,0.0014315206790342927
ACH-000311,46883536,1,0.014043898321688175
ACH-000311,5208,0,0.25968748331069946
ACH-000311,5280757,1,0.31686273217201233
ACH-000311,5311497,0,0.5069341063499451
ACH-000311,5460769,0,0.15196527540683746
ACH-000311,54685215,0,0.3268999457359314
ACH-000311,560326,1,0.05960222706198692
ACH-000311,56962337,0,0.04187890887260437
ACH-000311,637858,0,0.19631589949131012
ACH-000311,6450816,0,0.004363964311778545
ACH-000311,65110,0,0.020397435873746872
ACH-000311,6710780,0,0.061586979776620865
ACH-000311,6852167,0,0.002551636891439557
ACH-000311,9863776,0,0.22885672748088837
ACH-000311,9884685,0,0.0011882903054356575
ACH-000311,9903786,0,0.0008158256532624364
ACH-000311,9938202,0,0.07534001767635345
ACH-000315,10077147,0,0.008563150651752949
ACH-000315,10096043,0,0.0006778592942282557
ACH-000315,10113978,0,0.05583031848073006
ACH-000315,10341154,0,0.0244185458868742
ACH-000315,10390396,0,0.014757995493710041
ACH-000315,10459196,0,0.00963880866765976
ACH-000315,104842,0,0.010160714387893677
ACH-000315,11316960,0,0.0023320852778851986
ACH-000315,11327430,1,0.025302667170763016
ACH-000315,11373846,0,0.032853756099939346
ACH-000315,11433190,0,0.020247813314199448
ACH-000315,11485656,0,0.0163694079965353
ACH-000315,11617559,0,0.11023660749197006
ACH-000315,11707110,0,0.001142628025263548
ACH-000315,11754511,0,0.10341158509254456
ACH-000315,11960529,0,0.018278785049915314
ACH-000315,148124,0,0.033755917102098465
ACH-000315,159324,0,0.05706274136900902
ACH-000315,16725726,1,0.9071195721626282
ACH-000315,176870,0,0.3822658360004425
ACH-000315,17755052,0,0.1989082247018814
ACH-000315,20635522,0,0.0008513606735505164
ACH-000315,208908,0,0.2096765637397766
ACH-000315,216239,0,0.001984609756618738
ACH-000315,216326,0,0.02579435147345066
ACH-000315,2314623,0,0.18341577053070068
ACH-000315,23725625,0,0.029784349724650383
ACH-000315,24772860,0,0.0022993204183876514
ACH-000315,24889392,0,0.20960398018360138
ACH-000315,25102847,0,0.006603430025279522
ACH-000315,31703,0,0.0011097436072304845
ACH-000315,387447,0,0.039043694734573364
ACH-000315,44137675,1,0.5211379528045654
ACH-000315,44450571,0,0.033393293619155884
ACH-000315,444795,0,0.07224328815937042
ACH-000315,447912,0,0.08331253379583359
ACH-000315,448013,0,0.005789807066321373
ACH-000315,44819241,0,0.06371604651212692
ACH-000315,49836027,0,0.05362997576594353
ACH-000315,5113032,0,0.11978711187839508
ACH-000315,51371303,0,0.1325828582048416
ACH-000315,5278396,1,0.037798501551151276
ACH-000315,5311,0,0.011511756107211113
ACH-000315,54676905,0,0.23189036548137665
ACH-000315,5494449,0,0.0038620682898908854
ACH-000315,57339144,0,0.04222695901989937
ACH-000315,6450816,0,0.17327754199504852
ACH-000315,6753378,0,0.02074458636343479
ACH-000315,6914657,0,0.004553887061774731
ACH-000315,6918289,1,0.02476312220096588
ACH-000315,71271629,0,0.013577851466834545
ACH-000315,9826528,0,0.00010791672684717923
ACH-000315,9858940,0,0.062109217047691345
ACH-000315,9863776,0,0.0002624984772410244
ACH-000315,9868037,0,0.061276279389858246
ACH-000315,9874913,0,0.18816789984703064
ACH-000315,9884685,1,0.29651975631713867
ACH-000315,9952773,0,0.028825940564274788
ACH-000315,9956222,0,0.4784802198410034
ACH-000318,10096043,0,0.03157888725399971
ACH-000318,10109823,1,0.009305039420723915
ACH-000318,11316960,0,0.00849618948996067
ACH-000318,11364421,0,0.02301553077995777
ACH-000318,11404337,0,0.02147110551595688
ACH-000318,11617559,0,0.0014140502316877246
ACH-000318,11626560,0,0.014133471995592117
ACH-000318,11640390,1,0.0033816643990576267
ACH-000318,11647372,0,0.0001972369063878432
ACH-000318,11676786,0,0.0009309328161180019
ACH-000318,11707110,0,0.022640131413936615
ACH-000318,160355,0,0.00644245371222496
ACH-000318,16095342,0,0.19747735559940338
ACH-000318,16663089,0,0.003907883074134588
ACH-000318,16722836,0,0.0001932459563249722
ACH-000318,16747388,0,0.0010449925903230906
ACH-000318,2314623,0,0.01648597978055477
ACH-000318,24785538,0,0.052313998341560364
ACH-000318,24826799,0,0.009289834648370743
ACH-000318,25167777,0,0.0001934924948727712
ACH-000318,31703,0,0.10627751052379608
ACH-000318,44182295,0,0.0016866021323949099
ACH-000318,44450571,0,0.025306539610028267
ACH-000318,44462760,0,0.012087288312613964
ACH-000318,447912,0,0.002158908871933818
ACH-000318,46224516,0,3.4448275982867926e-05
ACH-000318,46930998,0,0.003796913428232074
ACH-000318,53394750,0,0.04706621915102005
ACH-000318,5494449,0,0.0888274684548378
ACH-000318,5717801,0,0.003982158377766609
ACH-000318,66577006,0,0.0013976264744997025
ACH-000318,704473,0,0.0030572337564080954
ACH-000318,71271629,0,0.003317501861602068
ACH-000318,9826528,0,0.0023080671671777964
ACH-000318,9868037,0,0.001323819044046104
ACH-000318,9907093,0,0.28437232971191406
ACH-000320,10074640,0,0.14544826745986938
ACH-000320,10184653,0,0.18719559907913208
ACH-000320,10341154,0,0.17860367894172668
ACH-000320,10451420,1,0.7273514270782471
ACH-000320,11493598,1,0.32197555899620056
ACH-000320,11626927,0,0.08131381124258041
ACH-000320,11647372,0,0.015930600464344025
ACH-000320,11667893,0,0.28104373812675476
ACH-000320,160355,0,0.10678096860647202
ACH-000320,16038120,1,0.23830649256706238
ACH-000320,17755052,0,0.052602171897888184
ACH-000320,216239,0,0.3324839770793915
ACH-000320,24180719,0,0.714873194694519
ACH-000320,24951314,1,0.024616774171590805
ACH-000320,25126798,0,0.08284296095371246
ACH-000320,25195352,1,0.027561645954847336
ACH-000320,25262965,0,0.09964479506015778
ACH-000320,2726824,0,0.1718275547027588
ACH-000320,3005532,0,0.6591802835464478
ACH-000320,3218,0,0.37613385915756226
ACH-000320,44182295,1,0.9461751580238342
ACH-000320,46224516,0,0.024120280519127846
ACH-000320,4993,1,0.2547345459461212
ACH-000320,5289247,1,0.5731319785118103
ACH-000320,5311497,0,0.6717681288719177
ACH-000320,5329102,0,0.3622516691684723
ACH-000320,5494449,1,0.7569022178649902
ACH-000320,560326,0,0.06915539503097534
ACH-000320,637858,0,0.28341397643089294
ACH-000320,6445533,0,0.5559295415878296
ACH-000320,6445562,0,0.15865172445774078
ACH-000320,6505803,0,0.5181272625923157
ACH-000320,9858940,0,0.25831764936447144
ACH-000320,9884685,0,0.01666257157921791
ACH-000320,9914412,0,0.3336038589477539
ACH-000320,9938202,0,0.09663587808609009
ACH-000322,10451420,0,0.04826737567782402
ACH-000322,10459196,0,0.12448086589574814
ACH-000322,11282283,0,0.014623671770095825
ACH-000322,11316960,1,0.7861068248748779
ACH-000322,11617559,0,0.007676237262785435
ACH-000322,11647372,0,0.0005416996427811682
ACH-000322,11667893,1,0.10110430419445038
ACH-000322,11676786,1,0.8359598517417908
ACH-000322,11754511,0,0.006062723230570555
ACH-000322,11977753,0,0.06829312443733215
ACH-000322,16747388,0,0.2012002319097519
ACH-000322,16760646,1,0.092826247215271
ACH-000322,2314623,0,0.05585435777902603
ACH-000322,2375,0,0.01263002585619688
ACH-000322,24180719,1,0.6957088112831116
ACH-000322,24772860,0,0.0008762843208387494
ACH-000322,24894414,0,0.007885579951107502
ACH-000322,25102847,0,0.032419245690107346
ACH-000322,25195352,0,0.0024420134723186493
ACH-000322,3005532,0,0.48088446259498596
ACH-000322,3385,0,0.055592041462659836
ACH-000322,387447,1,0.23958350718021393
ACH-000322,4263900,0,0.37897107005119324
ACH-000322,44137675,0,0.028368668630719185
ACH-000322,46844147,0,0.007348858751356602
ACH-000322,46883536,0,0.01081251073628664
ACH-000322,46931012,0,0.0034179186914116144
ACH-000322,5291,0,0.14539723098278046
ACH-000322,5330286,0,0.08341029286384583
ACH-000322,5459322,0,0.14146089553833008
ACH-000322,637858,0,0.12243591994047165
ACH-000322,6450816,0,0.0005489381728693843
ACH-000322,6914657,0,0.0014042290858924389
ACH-000322,71271629,0,0.08276160806417465
ACH-000322,7251185,0,0.0975273847579956
ACH-000322,9810884,0,0.14796733856201172
ACH-000322,9911830,0,0.03637414053082466
ACH-000322,9931953,0,0.09390967339277267
ACH-000322,9952773,0,0.0017688196385279298
ACH-000322,9956119,0,0.06071663275361061
ACH-000323,10027278,0,0.08848627656698227
ACH-000323,10074640,0,0.038145799189805984
ACH-000323,10077147,0,0.015933994203805923
ACH-000323,10096043,0,0.02707180194556713
ACH-000323,10113978,1,0.2420109510421753
ACH-000323,10459196,0,0.08698884397745132
ACH-000323,11152667,0,0.009785640984773636
ACH-000323,11282283,0,0.06800632178783417
ACH-000323,126565,0,0.032546062022447586
ACH-000323,148124,0,0.05982634052634239
ACH-000323,156422,0,0.03728065267205238
ACH-000323,176158,0,0.09987574070692062
ACH-000323,24756910,0,0.0062636337243020535
ACH-000323,24772860,0,0.00031638500513508916
ACH-000323,24951314,0,0.001614284235984087
ACH-000323,25222038,0,0.0528438575565815
ACH-000323,25262965,0,0.025160254910588264
ACH-000323,300471,0,0.019952481612563133
ACH-000323,3796,0,0.005495903547853231
ACH-000323,4263900,0,0.025182828307151794
ACH-000323,46224516,0,0.0012532161781564355
ACH-000323,51371303,0,0.017454616725444794
ACH-000323,5208,0,0.1438707858324051
ACH-000323,5311,0,0.01146406214684248
ACH-000323,53302361,0,0.3244049847126007
ACH-000323,53340664,0,0.027101067826151848
ACH-000323,53394750,0,0.12699100375175476
ACH-000323,644241,1,0.09648006409406662
ACH-000323,6450816,0,0.0017215581610798836
ACH-000323,704473,0,0.0368606373667717
ACH-000323,82146,0,0.05128830671310425
ACH-000323,9826528,0,0.002173737157136202
ACH-000323,9858940,0,0.034018952399492264
ACH-000323,9863776,0,0.00520099513232708
ACH-000323,9868037,0,0.0256260447204113
ACH-000326,10451420,1,0.9352310299873352
ACH-000326,10461815,0,0.3534882962703705
ACH-000326,104842,0,0.14985698461532593
ACH-000326,11338033,0,0.05695708841085434
ACH-000326,11625818,0,0.10986275225877762
ACH-000326,11634725,1,0.8505269885063171
ACH-000326,11667893,0,0.05220069736242294
ACH-000326,11977753,0,0.03991379216313362
ACH-000326,16095342,0,0.1997641921043396
ACH-000326,176870,0,0.05586618557572365
ACH-000326,24180719,0,0.7252857089042664
ACH-000326,24772860,0,0.06777320802211761
ACH-000326,2733526,0,0.19778026640415192
ACH-000326,300471,0,0.019193638116121292
ACH-000326,31703,0,0.010313555598258972
ACH-000326,3385,0,0.6679477095603943
ACH-000326,3463933,0,0.03521871939301491
ACH-000326,3796,0,0.06275992095470428
ACH-000326,4261,0,0.12029164284467697
ACH-000326,446378,0,0.03780815377831459
ACH-000326,46191454,0,0.24130243062973022
ACH-000326,46224516,0,0.14760053157806396
ACH-000326,46883536,0,0.5218287110328674
ACH-000326,46907787,0,0.06516072899103165
ACH-000326,5113032,0,0.5383532643318176
ACH-000326,5208,0,0.0651409924030304
ACH-000326,5280757,0,0.1515800803899765
ACH-000326,5289247,1,0.6798347234725952
ACH-000326,5291,1,0.31793808937072754
ACH-000326,54685215,0,0.027152342721819878
ACH-000326,57339144,0,0.4188408851623535
ACH-000326,6445562,0,0.11301638931035995
ACH-000326,6505803,0,0.02123740315437317
ACH-000326,6852167,0,0.3488016426563263
ACH-000326,7251185,0,0.22390997409820557
ACH-000326,9907093,0,0.044001366943120956
ACH-000326,9911830,1,0.7522499561309814
ACH-000326,9938202,0,0.17266222834587097
ACH-000326,9956222,0,0.01637333258986473
ACH-000327,10074640,0,0.009112013503909111
ACH-000327,10113978,0,0.044707197695970535
ACH-000327,10172943,0,0.03665547072887421
ACH-000327,10384072,0,0.039492372423410416
ACH-000327,10459196,0,0.012893729843199253
ACH-000327,11178236,0,0.0031349165365099907
ACH-000327,11338033,0,6.816822133259848e-05
ACH-000327,11364421,0,0.004688573069870472
ACH-000327,11404337,0,0.0021846529562026262
ACH-000327,11713159,0,0.013141798786818981
ACH-000327,148124,0,0.016080521047115326
ACH-000327,159324,0,0.04027136042714119
ACH-000327,16038120,0,0.0019602514803409576
ACH-000327,16720766,0,0.034890443086624146
ACH-000327,16725726,0,0.026575814932584763
ACH-000327,16747388,0,0.00048168186913244426
ACH-000327,17755052,0,0.046158015727996826
ACH-000327,20635522,0,0.0010981194209307432
ACH-000327,2375,0,0.016852812841534615
ACH-000327,24785538,0,0.01972786709666252
ACH-000327,24978538,0,0.0241178460419178
ACH-000327,25102847,0,0.01226870995014906
ACH-000327,25257557,0,0.03358202055096626
ACH-000327,300471,0,0.025442073121666908
ACH-000327,3463933,0,0.046769287437200546
ACH-000327,4263900,0,0.009452884085476398
ACH-000327,44143370,0,0.0010143355466425419
ACH-000327,446378,0,0.03243518993258476
ACH-000327,448013,0,0.0029518534429371357
ACH-000327,46931012,0,0.00014210681547410786
ACH-000327,5289247,0,0.0011132832150906324
ACH-000327,5327091,0,0.03153630718588829
ACH-000327,5459322,0,0.0728774443268776
ACH-000327,54676905,0,0.08276370912790298
ACH-000327,560326,0,0.02452297881245613
ACH-000327,56962337,0,0.019030824303627014
ACH-000327,57339144,0,0.02038983628153801
ACH-000327,6253,0,0.006654615048319101
ACH-000327,6918454,0,0.0020443403627723455
ACH-000327,6918848,0,0.0001113392281695269
ACH-000327,85668777,0,0.02654331736266613
ACH-000327,9810884,0,0.006402243860065937
ACH-000327,9813758,0,0.0031655095517635345
ACH-000327,9826528,0,0.0016393250552937388
ACH-000327,9858940,0,0.0479222796857357
ACH-000327,9907093,0,0.09062743186950684
ACH-000327,9910224,0,0.0032434312161058187
ACH-000327,9943465,0,0.022484496235847473
ACH-000329,10113978,1,0.2941158711910248
ACH-000329,11327430,0,0.09353324770927429
ACH-000329,11640390,0,0.07490913569927216
ACH-000329,11707110,0,0.033150818198919296
ACH-000329,11713159,0,0.2815691828727722
ACH-000329,123631,0,0.06932004541158676
ACH-000329,1401,0,0.1248437911272049
ACH-000329,176167,0,0.01664411835372448
ACH-000329,24951314,0,0.0026696878485381603
ACH-000329,25167777,0,0.014969738200306892
ACH-000329,3005532,0,0.12844426929950714
ACH-000329,3463933,0,0.07473745942115784
ACH-000329,44143370,0,0.006652724463492632
ACH-000329,44462760,0,0.04823417589068413
ACH-000329,446378,0,0.20250023901462555
ACH-000329,448013,0,0.10851013660430908
ACH-000329,46883536,0,0.03403516486287117
ACH-000329,5113032,0,0.1207522451877594
ACH-000329,5278396,0,0.12089282274246216
ACH-000329,53302361,0,0.4963127076625824
ACH-000329,5460769,0,0.2773384153842926
ACH-000329,56965967,0,0.011570597998797894
ACH-000329,6253,0,0.09026192128658295
ACH-000329,637858,0,0.054211124777793884
ACH-000329,6505803,0,0.04150056093931198
ACH-000329,66577006,0,0.031802840530872345
ACH-000329,6753378,0,0.004506899509578943
ACH-000329,85668777,0,0.04091347008943558
ACH-000329,9931953,0,0.07545621693134308
ACH-000329,9943465,0,0.03603282943367958
ACH-000330,10113978,1,0.04363606870174408
ACH-000330,10184653,0,0.30408239364624023
ACH-000330,10196499,1,0.0315307155251503
ACH-000330,10451420,0,0.2177640199661255
ACH-000330,11455910,0,0.09863930195569992
ACH-000330,11617559,0,0.1957649290561676
ACH-000330,11754511,0,0.0075393980368971825
ACH-000330,216326,0,0.019879009574651718
ACH-000330,2314623,0,0.08353647589683533
ACH-000330,25124816,0,0.3222050368785858
ACH-000330,25195352,0,0.009898830205202103
ACH-000330,25257557,0,0.9721351861953735
ACH-000330,4263900,0,0.0020094094797968864
ACH-000330,447912,0,0.03281417861580849
ACH-000330,448013,0,0.005113098304718733
ACH-000330,51371303,0,0.04864537715911865
ACH-000330,5280757,1,0.07366424798965454
ACH-000330,53302361,0,0.003999629989266396
ACH-000330,54676905,0,0.07005060464143753
ACH-000330,54685215,0,0.06754016131162643
ACH-000330,560326,0,0.004704541526734829
ACH-000330,57339144,0,0.04788375645875931
ACH-000330,5746,0,0.03617765009403229
ACH-000330,6445533,0,0.043272051960229874
ACH-000330,66577006,0,0.05342315882444382
ACH-000330,6753378,0,0.034912217408418655
ACH-000330,6852167,0,0.04657652974128723
ACH-000330,6918454,0,0.0030214781872928143
ACH-000330,82146,0,0.01463562622666359
ACH-000330,9810884,0,0.7360444664955139
ACH-000330,9858940,0,0.0957460105419159
ACH-000330,9884685,0,0.004739766474813223
ACH-000330,9911830,0,0.007177079562097788
ACH-000332,10196499,0,7.083592208800837e-06
ACH-000332,10200390,0,5.361555963645515e-07
ACH-000332,11152667,0,4.4741991587216035e-06
ACH-000332,11327430,0,9.006820619106293e-06
ACH-000332,11617559,0,5.792326919618063e-05
ACH-000332,11647372,0,1.2097868307137105e-07
ACH-000332,16722836,0,6.943876087461831e-07
ACH-000332,16725726,0,0.0005280934274196625
ACH-000332,176158,0,7.671181811019778e-05
ACH-000332,2314623,0,0.001327606849372387
ACH-000332,23725625,0,5.288934335112572e-05
ACH-000332,24756910,0,1.523649416412809e-06
ACH-000332,24772860,0,7.170969951175721e-08
ACH-000332,24978538,0,0.001190257491543889
ACH-000332,25022668,0,3.6979629385314183e-06
ACH-000332,25195352,0,2.523569548884552e-07
ACH-000332,300471,0,0.00015178909234236926
ACH-000332,3463933,0,0.0035001824144273996
ACH-000332,3796,0,6.85181948938407e-05
ACH-000332,42640,0,8.568418707000092e-05
ACH-000332,44137675,0,2.9270979212014936e-05
ACH-000332,44182295,0,0.0432090237736702
ACH-000332,44224160,0,4.3386251036281465e-08
ACH-000332,446378,0,4.950689253746532e-05
ACH-000332,46224516,0,6.508552132800105e-07
ACH-000332,46883536,0,7.748471034574322e-06
ACH-000332,46931012,0,2.0186114113585063e-07
ACH-000332,5394,0,0.00032971834298223257
ACH-000332,56962337,0,0.00022799873840995133
ACH-000332,637858,0,0.0009173387079499662
ACH-000332,6852167,0,5.214896191318985e-06
ACH-000332,6914657,0,3.5598216641119507e-07
ACH-000332,71271629,0,7.039550109766424e-05
ACH-000332,82146,0,8.783707016846165e-05
ACH-000332,9810884,0,0.00024331564782187343
ACH-000332,9884685,0,5.2996181665321274e-08
ACH-000332,9910224,0,2.722237513808068e-05
ACH-000332,9952773,0,3.7433193256219965e-07
ACH-000332,9956119,0,0.00029280027956701815
ACH-000334,10027278,0,0.01317172683775425
ACH-000334,10077147,0,0.3232876658439636
ACH-000334,10109823,0,0.04848640039563179
ACH-000334,10113978,0,0.020419223234057426
ACH-000334,10172943,0,0.06610666215419769
ACH-000334,10302451,0,0.022308941930532455
ACH-000334,10341154,1,0.6335135102272034
ACH-000334,10390396,0,0.03887387737631798
ACH-000334,10459196,1,0.14785991609096527
ACH-000334,10461815,0,0.14933384954929352
ACH-000334,104842,0,0.1512492299079895
ACH-000334,11282283,0,0.5353487133979797
ACH-000334,11373846,0,0.6138476729393005
ACH-000334,11625818,0,0.6015458106994629
ACH-000334,11626927,0,0.2718098759651184
ACH-000334,11667893,1,0.13450805842876434
ACH-000334,126941,1,0.6165072321891785
ACH-000334,16038120,0,0.062113601714372635
ACH-000334,16663089,0,0.09989522397518158
ACH-000334,16720766,0,0.1772504597902298
ACH-000334,176158,1,0.11856009066104889
ACH-000334,176167,0,0.49119335412979126
ACH-000334,24785538,0,0.015884902328252792
ACH-000334,24825971,0,0.15326689183712006
ACH-000334,24894414,0,0.7252802848815918
ACH-000334,25102847,0,0.11849203705787659
ACH-000334,36314,0,0.007614361122250557
ACH-000334,44143370,0,0.3190401792526245
ACH-000334,444795,0,0.5045835375785828
ACH-000334,44632017,0,0.03210107609629631
ACH-000334,44819241,0,0.39872047305107117
ACH-000334,46191454,0,0.7027376890182495
ACH-000334,46883536,0,0.590230405330658
ACH-000334,5291,0,0.1372472196817398
ACH-000334,5311497,0,0.008510418236255646
ACH-000334,5459322,0,0.16774910688400269
ACH-000334,56962337,0,0.42227038741111755
ACH-000334,60750,0,0.01375590544193983
ACH-000334,644215,0,0.11893943697214127
ACH-000334,644241,1,0.25459426641464233
ACH-000334,6450551,0,0.058341652154922485
ACH-000334,65110,1,0.5602110028266907
ACH-000334,71271629,0,0.5740785002708435
ACH-000334,9813758,1,0.5972808599472046
ACH-000334,9826308,0,0.0020759019535034895
ACH-000334,9826528,0,0.007874478586018085
ACH-000334,9863776,0,0.041415780782699585
ACH-000334,9967941,0,0.39522507786750793
ACH-000335,10027278,0,0.001182457199320197
ACH-000335,10074640,0,0.0065314569510519505
ACH-000335,10127622,0,0.05581415817141533
ACH-000335,10200390,0,0.00012787483865395188
ACH-000335,10384072,0,0.13676977157592773
ACH-000335,11338033,0,4.17701703554485e-05
ACH-000335,11493598,0,0.00041940234950743616
ACH-000335,11609586,0,0.3821708858013153
ACH-000335,11626560,0,0.001989543903619051
ACH-000335,11647372,0,7.688326149946079e-05
ACH-000335,159324,0,0.0006037122802808881
ACH-000335,16663089,0,0.00021817340166307986
ACH-000335,176167,0,0.003755169454962015
ACH-000335,208908,0,0.04813980683684349
ACH-000335,216239,0,0.0007283841841854155
ACH-000335,24756910,0,0.0006775101646780968
ACH-000335,24785538,0,0.0005546421743929386
ACH-000335,24951314,0,0.00017366514657624066
ACH-000335,25102847,0,0.0008952576899901032
ACH-000335,36462,0,0.03547237813472748
ACH-000335,42640,0,0.07478111237287521
ACH-000335,44450571,0,0.2899067997932434
ACH-000335,448013,0,0.00022259901743382215
ACH-000335,4993,0,0.08468425273895264
ACH-000335,521106,0,0.0006746163126081228
ACH-000335,5327091,0,0.0378958135843277
ACH-000335,53394750,0,0.01741805113852024
ACH-000335,5460769,0,0.05706826597452164
ACH-000335,6253,0,0.06554914265871048
ACH-000335,644215,0,0.007248112931847572
ACH-000335,65110,0,0.08175183832645416
ACH-000335,66577006,0,0.002407238120213151
ACH-000335,6918454,0,0.01616685278713703
ACH-000335,9549184,0,0.029058249667286873
ACH-000335,9826308,0,3.118679887847975e-05
ACH-000335,9874913,0,0.0044659944251179695
ACH-000335,9956222,0,6.875382678117603e-05
ACH-000336,10200390,0,0.0036149672232568264
ACH-000336,104842,0,0.014319736510515213
ACH-000336,11634725,1,0.7310906648635864
ACH-000336,11647372,1,0.005690855905413628
ACH-000336,11754511,0,0.17422428727149963
ACH-000336,123631,0,0.03291375935077667
ACH-000336,1401,1,0.14703267812728882
ACH-000336,16095342,0,0.018618064001202583
ACH-000336,16722836,0,0.5844464302062988
ACH-000336,20635522,0,0.012480998411774635
ACH-000336,25022668,0,0.0007061709766276181
ACH-000336,25102847,0,0.02188020758330822
ACH-000336,3005532,0,0.007691052742302418
ACH-000336,3385,1,0.3543560802936554
ACH-000336,3463933,0,0.011560938321053982
ACH-000336,36462,0,0.0071382177993655205
ACH-000336,3796,0,0.1235693022608757
ACH-000336,44462760,0,0.7459030151367188
ACH-000336,44551660,0,0.45110034942626953
ACH-000336,46931012,1,0.3344893753528595
ACH-000336,5113032,0,0.1905457079410553
ACH-000336,5280757,0,0.01769355870783329
ACH-000336,5330286,0,0.2464180886745453
ACH-000336,5384616,0,0.02979142591357231
ACH-000336,54676905,0,0.03084525652229786
ACH-000336,54685215,1,0.004869877360761166
ACH-000336,5494449,0,0.08596502244472504
ACH-000336,56965967,1,0.414508193731308
ACH-000336,57339144,0,0.15733225643634796
ACH-000336,644215,0,0.0016496957978233695
ACH-000336,6445562,0,0.2916888892650604
ACH-000336,6918289,0,0.06859918683767319
ACH-000336,6918638,0,0.30604588985443115
ACH-000336,6918848,0,0.3427612781524658
ACH-000336,704473,0,0.6813496351242065
ACH-000336,76044,0,0.0009637870243750513
ACH-000336,8249,0,0.6067582964897156
ACH-000336,84691,0,0.020422866567969322
ACH-000336,9868037,1,0.48551496863365173
ACH-000336,9914412,0,0.01451759971678257
ACH-000336,9967941,0,0.18287482857704163
ACH-000341,10077147,0,0.0032049757428467274
ACH-000341,10109823,0,0.003030507592484355
ACH-000341,10113978,0,0.0005517085664905608
ACH-000341,10196499,0,0.00047519232612103224
ACH-000341,10200390,0,0.0008808333077467978
ACH-000341,104842,0,0.0009514358825981617
ACH-000341,11364421,0,0.0016882423078641295
ACH-000341,11634725,0,0.12843672931194305
ACH-000341,11640390,0,0.10166075825691223
ACH-000341,11754511,0,0.004234688822180033
ACH-000341,11844351,0,0.0017364389495924115
ACH-000341,1401,0,0.02742692269384861
ACH-000341,16720766,0,0.0040083094500005245
ACH-000341,16760646,0,0.0031775166280567646
ACH-000341,17755052,0,0.0005926012527197599
ACH-000341,208908,0,0.015065430663526058
ACH-000341,2375,0,0.0064362818375229836
ACH-000341,24180719,0,0.2755190432071686
ACH-000341,24772860,0,0.0002434307534713298
ACH-000341,25102847,0,0.0033932772930711508
ACH-000341,3218,0,0.0032691441010683775
ACH-000341,3463933,0,0.007534668780863285
ACH-000341,36314,0,0.00043489327072165906
ACH-000341,3796,0,0.017091622576117516
ACH-000341,387447,0,0.006115841679275036
ACH-000341,42642645,0,0.0022185419220477343
ACH-000341,444795,0,0.05988793820142746
ACH-000341,44632017,0,0.0002576598199084401
ACH-000341,446378,0,0.001178074860945344
ACH-000341,49806720,0,0.07879216969013214
ACH-000341,5278396,0,0.0013917455216869712
ACH-000341,5280757,0,0.007745774462819099
ACH-000341,5311,0,0.02148563787341118
ACH-000341,5311497,0,0.00027711581788025796
ACH-000341,5328940,0,0.04911724478006363
ACH-000341,5459322,0,0.010166178457438946
ACH-000341,5494449,0,0.002254319144412875
ACH-000341,57339144,0,0.012608281336724758
ACH-000341,6253,0,0.004995818715542555
ACH-000341,6445533,0,0.012050214223563671
ACH-000341,6445562,0,0.02415952831506729
ACH-000341,6450816,0,0.00013300729915499687
ACH-000341,65110,0,0.02703613042831421
ACH-000341,6710780,0,0.0024754544720053673
ACH-000341,6753378,0,0.028056472539901733
ACH-000341,71271629,0,0.022900518029928207
ACH-000341,82146,0,0.0015374765498563647
ACH-000341,9858940,0,0.018048573285341263
ACH-000341,9884685,0,8.014063496375456e-05
ACH-000341,9907093,0,0.003739662002772093
ACH-000341,9911830,0,0.004586063791066408
ACH-000341,9914412,0,0.0016578559298068285
ACH-000341,9938202,0,0.010152287781238556
ACH-000341,9956119,0,0.011445708572864532
ACH-000341,9956222,0,6.700080848531798e-05
ACH-000343,10077147,0,0.022696271538734436
ACH-000343,10096043,0,0.015179544687271118
ACH-000343,11373846,0,0.007749081123620272
ACH-000343,11404337,0,0.02936762198805809
ACH-000343,11485656,0,0.025173218920826912
ACH-000343,11667893,0,0.04117978364229202
ACH-000343,156422,0,0.048798661679029465
ACH-000343,16722836,0,0.013217597268521786
ACH-000343,16747388,0,0.012657039798796177
ACH-000343,17755052,0,0.051565591245889664
ACH-000343,24785538,0,0.10758612304925919
ACH-000343,24826799,0,0.17711427807807922
ACH-000343,24889392,0,0.0951850414276123
ACH-000343,25167777,0,0.03347180783748627
ACH-000343,2733526,0,0.026936165988445282
ACH-000343,3218,0,0.01239677332341671
ACH-000343,36462,0,0.016674067825078964
ACH-000343,3796,0,0.02494698017835617
ACH-000343,46191454,0,0.01255862507969141
ACH-000343,46883536,0,0.048622459173202515
ACH-000343,5208,0,0.09170438349246979
ACH-000343,5278396,0,0.023779122158885002
ACH-000343,5311497,1,0.019110482186079025
ACH-000343,5327091,0,0.024877214804291725
ACH-000343,5330286,0,0.009877029806375504
ACH-000343,5459322,1,0.051948145031929016
ACH-000343,56965967,0,0.022814901545643806
ACH-000343,6450816,0,0.005400774534791708
ACH-000343,6852167,0,0.01669125445187092
ACH-000343,8249,1,0.017558645457029343
ACH-000343,85668777,0,0.026971738785505295
ACH-000343,9813758,0,0.07865133136510849
ACH-000343,9826528,0,0.0013509361306205392
ACH-000343,9863776,0,0.004321403801441193
ACH-000343,9884685,0,0.008981803432106972
ACH-000343,9938202,0,0.02386096492409706
ACH-000345,10172943,0,0.05269169062376022
ACH-000345,10302451,0,0.10508809238672256
ACH-000345,10390396,0,0.09380462020635605
ACH-000345,49836027,0,0.025799762457609177
ACH-000346,10196499,0,0.0036429844330996275
ACH-000346,10384072,0,0.27274733781814575
ACH-000346,10390396,0,0.005037944298237562
ACH-000346,10459196,0,0.3583972156047821
ACH-000346,10461815,0,0.18658170104026794
ACH-000346,11327430,0,0.1826418787240982
ACH-000346,11624601,0,0.057000234723091125
ACH-000346,11626560,0,0.05375662073493004
ACH-000346,11634725,1,0.01589210517704487
ACH-000346,126941,1,0.6213934421539307
ACH-000346,160355,0,0.00394552294164896
ACH-000346,16095342,0,0.1434531956911087
ACH-000346,16760646,0,0.28622573614120483
ACH-000346,20635522,0,0.0034770439378917217
ACH-000346,24180719,1,0.6528353095054626
ACH-000346,24776445,1,0.6037850975990295
ACH-000346,24785538,0,0.010080737061798573
ACH-000346,24825971,0,0.007258715108036995
ACH-000346,24978538,1,0.2436772584915161
ACH-000346,25222038,0,0.003284919774159789
ACH-000346,3062316,0,0.10583126544952393
ACH-000346,3385,0,0.2645839750766754
ACH-000346,36314,0,0.005773117765784264
ACH-000346,42642645,0,0.00913060549646616
ACH-000346,44182295,0,0.21077841520309448
ACH-000346,44450571,0,0.15256276726722717
ACH-000346,44632017,1,0.07158676534891129
ACH-000346,447912,0,0.12187685072422028
ACH-000346,44819241,0,0.37896373867988586
ACH-000346,462382,0,0.06035861745476723
ACH-000346,46930998,0,0.00840010680258274
ACH-000346,46943432,0,0.02822386659681797
ACH-000346,51371303,0,0.08408088237047195
ACH-000346,5208,0,0.016210725530982018
ACH-000346,521106,0,0.02285839058458805
ACH-000346,5280757,0,0.19789265096187592
ACH-000346,5311497,0,0.007847189903259277
ACH-000346,54676905,0,0.07858549803495407
ACH-000346,5494449,0,0.19098599255084991
ACH-000346,56962337,0,0.31160369515419006
ACH-000346,56965967,0,0.023946674540638924
ACH-000346,5717801,0,0.019543642178177834
ACH-000346,5746,0,0.050067607313394547
ACH-000346,60750,0,0.015278193168342113
ACH-000346,637858,0,0.17552345991134644
ACH-000346,644215,0,0.019609473645687103
ACH-000346,6710780,1,0.2864910364151001
ACH-000346,71271629,0,0.7276057600975037
ACH-000346,76044,0,0.005553421098738909
ACH-000346,9813758,0,0.009301348589360714
ACH-000346,9826308,0,0.0005639125593006611
ACH-000346,9874913,0,0.0070848832838237286
ACH-000346,9911830,0,0.16936272382736206
ACH-000346,9914412,0,0.3321814239025116
ACH-000346,9952773,0,0.0011414987966418266
ACH-000347,10341154,0,0.00032231296063400805
ACH-000347,11433190,0,0.05567416548728943
ACH-000347,11617559,0,0.004347254056483507
ACH-000347,11634725,1,0.0004674882220569998
ACH-000347,11647372,0,5.681996117345989e-05
ACH-000347,123631,0,0.001574808731675148
ACH-000347,16725726,0,0.19222486019134521
ACH-000347,17755052,0,7.305385952349752e-05
ACH-000347,24776445,0,0.00010040474444394931
ACH-000347,25102847,0,0.0003390327328816056
ACH-000347,25262965,0,9.617970499675721e-05
ACH-000347,300471,0,0.00026782756322063506
ACH-000347,3385,0,0.0007425128133036196
ACH-000347,444795,0,0.0031536524184048176
ACH-000347,46943432,1,0.007160631939768791
ACH-000347,5311,0,0.00028962548822164536
ACH-000347,5327091,0,7.707154873060063e-05
ACH-000347,5394,0,0.002097677905112505
ACH-000347,56962337,0,0.0023156770039349794
ACH-000347,57339144,0,0.002821313915774226
ACH-000347,6505803,0,3.2071176974568516e-05
ACH-000347,6918638,0,0.0001823857455747202
ACH-000347,8249,0,0.00537494570016861
ACH-000347,84691,0,0.0002674356219358742
ACH-000347,9826528,0,0.001382285263389349
ACH-000347,9863776,0,0.0007694113301113248
ACH-000347,9943465,0,0.006293723825365305
ACH-000347,9956222,0,2.5580999135854654e-05
ACH-000348,10384072,0,0.02428276278078556
ACH-000348,10459196,0,0.09567493945360184
ACH-000348,104842,0,0.02224576286971569
ACH-000348,11152667,0,0.017112597823143005
ACH-000348,11282283,0,0.1453630030155182
ACH-000348,11667893,0,0.19272208213806152
ACH-000348,11977753,0,0.07244961708784103
ACH-000348,123631,0,0.3270832896232605
ACH-000348,126941,0,0.03745196387171745
ACH-000348,148124,1,0.17012688517570496
ACH-000348,156422,0,0.23040147125720978
ACH-000348,159324,0,0.06955448538064957
ACH-000348,176158,1,0.04336463287472725
ACH-000348,300471,0,0.08871503174304962
ACH-000348,3005532,0,0.3378539979457855
ACH-000348,4263900,1,0.021409930661320686
ACH-000348,444795,0,0.07850629091262817
ACH-000348,448013,0,0.09574076533317566
ACH-000348,46883536,0,0.05232691764831543
ACH-000348,46931012,0,0.008901643566787243
ACH-000348,46943432,0,0.07313185930252075
ACH-000348,49806720,0,0.31628042459487915
ACH-000348,5208,1,0.008762551471590996
ACH-000348,5311,0,0.016316279768943787
ACH-000348,53302361,0,0.011537852697074413
ACH-000348,53394750,1,0.7844783067703247
ACH-000348,6753378,0,0.05675162747502327
ACH-000348,8249,1,0.20112848281860352
ACH-000348,9813758,0,0.09836489707231522
ACH-000348,9911830,0,0.013225472532212734
ACH-000348,9938202,0,0.03527534008026123
ACH-000349,10074640,0,0.007110856473445892
ACH-000349,10077147,0,0.014390944503247738
ACH-000349,10109823,0,0.0013251712080091238
ACH-000349,10113978,0,0.0011547667672857642
ACH-000349,10184653,0,0.02749844267964363
ACH-000349,10341154,0,0.21097932755947113
ACH-000349,10461815,0,0.007926605641841888
ACH-000349,11152667,0,0.004858576692640781
ACH-000349,11316960,0,0.006085912697017193
ACH-000349,11493598,0,0.0008915220387279987
ACH-000349,11625818,0,0.12391258031129837
ACH-000349,11647372,0,0.01607339084148407
ACH-000349,11676786,0,0.00017208010831382126
ACH-000349,176167,0,0.03563764691352844
ACH-000349,216239,0,0.0008249768288806081
ACH-000349,23725625,0,0.11499949544668198
ACH-000349,2375,0,0.36219754815101624
ACH-000349,24772860,0,0.00022586146951653063
ACH-000349,24889392,0,0.3430779278278351
ACH-000349,24951314,0,0.013373029418289661
ACH-000349,42640,0,0.04728476330637932
ACH-000349,44224160,0,0.011586260050535202
ACH-000349,44462760,0,0.0005474216304719448
ACH-000349,446378,0,0.003363443072885275
ACH-000349,46224516,0,0.009506335482001305
ACH-000349,46885626,0,0.06377504020929337
ACH-000349,49806720,0,0.15126444399356842
ACH-000349,5113032,0,0.4193632900714874
ACH-000349,51371303,0,0.22189687192440033
ACH-000349,5208,0,0.0017691397806629539
ACH-000349,5394,0,0.15002667903900146
ACH-000349,6505803,0,0.0001259389246115461
ACH-000349,6852167,0,0.07316819578409195
ACH-000349,704473,0,0.38383394479751587
ACH-000349,71271629,0,0.06196846067905426
ACH-000349,9813758,0,0.023399721831083298
ACH-000349,9903786,0,0.002788207493722439
ACH-000349,9910224,0,0.27358362078666687
ACH-000349,9938202,0,0.20587146282196045
ACH-000349,9952773,0,0.0018687546253204346
ACH-000349,9956119,0,0.02834494784474373
ACH-000350,10096043,0,5.4738313338020816e-05
ACH-000350,10384072,0,0.001595302834175527
ACH-000350,11178236,0,0.005927944090217352
ACH-000350,11316960,0,0.14969153702259064
ACH-000350,11485656,0,8.206240454455838e-05
ACH-000350,11493598,0,0.000553032907191664
ACH-000350,11624601,0,0.027159307152032852
ACH-000350,11707110,1,0.9188029766082764
ACH-000350,216326,0,0.002608213108032942
ACH-000350,24785538,0,0.0023039698135107756
ACH-000350,24978538,0,0.026494640856981277
ACH-000350,25022668,0,0.00012505959603004158
ACH-000350,25102847,0,4.397341763251461e-05
ACH-000350,25124816,0,0.031065914779901505
ACH-000350,3385,0,0.0003339590912219137
ACH-000350,3796,0,0.003692887956276536
ACH-000350,42640,0,0.0073138512670993805
ACH-000350,44182295,0,0.4599858820438385
ACH-000350,44632017,0,0.00025159449432976544
ACH-000350,446378,0,0.0014111833879724145
ACH-000350,46885626,0,0.00031210927409119904
ACH-000350,46931012,0,4.690118203143356e-06
ACH-000350,49806720,0,0.0254767294973135
ACH-000350,5459322,0,0.04326920956373215
ACH-000350,6450551,0,7.176336657721549e-05
ACH-000350,6450816,0,1.301762767980108e-05
ACH-000350,6710780,0,0.0009079565643332899
ACH-000350,6914657,0,8.077498932834715e-05
ACH-000350,6918454,0,0.38427627086639404
ACH-000350,704473,0,0.0027304550167173147
ACH-000350,9868037,0,0.00034599227365106344
ACH-000350,9884685,0,3.845309038297273e-06
ACH-000350,9910224,0,0.0005956834647804499
ACH-000350,9943465,0,0.3159571588039398
ACH-000350,9956222,0,4.830752914131153e-06
ACH-000351,10077147,0,0.019318915903568268
ACH-000351,10109823,0,0.0006063015898689628
ACH-000351,10459196,0,0.0034514956641942263
ACH-000351,11282283,0,0.03402332961559296
ACH-000351,11404337,0,0.00013785244664177299
ACH-000351,11493598,0,5.0773924158420414e-05
ACH-000351,11634725,0,1.7277136066695675e-05
ACH-000351,11977753,1,0.002394846873357892
ACH-000351,2314623,0,0.08510950952768326
ACH-000351,24826799,0,0.0004991564201191068
ACH-000351,24951314,0,0.00024347995349671692
ACH-000351,24978538,0,0.02746523916721344
ACH-000351,3218,0,0.009977350942790508
ACH-000351,36462,0,0.002491181017830968
ACH-000351,44224160,0,0.0007122548995539546
ACH-000351,446378,0,0.009531456977128983
ACH-000351,46883536,0,0.0013538141502067447
ACH-000351,46943432,0,0.0007910187705419958
ACH-000351,51371303,0,0.049247514456510544
ACH-000351,5394,0,0.039239827543497086
ACH-000351,5459322,0,0.011460560373961926
ACH-000351,560326,0,0.03303956612944603
ACH-000351,66577006,0,0.0020892086904495955
ACH-000351,6914657,0,4.860275294049643e-05
ACH-000351,6918638,0,0.0001530244917375967
ACH-000351,9858940,0,0.022949013859033585
ACH-000351,9938202,0,0.03602835536003113
ACH-000351,9967941,0,0.0005663532065227628
ACH-000352,10200390,0,0.001006461912766099
ACH-000352,11178236,0,0.008073576726019382
ACH-000352,11316960,0,0.034677114337682724
ACH-000352,11617559,0,0.1002814844250679
ACH-000352,11625818,0,0.023817365989089012
ACH-000352,11640390,0,0.02272905595600605
ACH-000352,148124,0,0.004109361208975315
ACH-000352,16722836,0,0.002372841816395521
ACH-000352,17755052,0,0.013186977244913578
ACH-000352,2375,0,0.07462775707244873
ACH-000352,24772860,0,0.00014852019376121461
ACH-000352,24889392,1,0.058772649616003036
ACH-000352,25126798,0,0.12755674123764038
ACH-000352,46907787,0,0.008083878085017204
ACH-000352,46943432,0,0.005725163500756025
ACH-000352,51371303,0,0.08409459888935089
ACH-000352,53302361,0,0.0018575116991996765
ACH-000352,637858,0,0.029512351378798485
ACH-000352,6505803,0,0.0006682949024252594
ACH-000352,6710780,0,0.021768027916550636
ACH-000352,9826528,0,0.001619552611373365
ACH-000352,9914412,0,0.01816294714808464
ACH-000352,9952773,0,0.0026270297821611166
ACH-000353,10113978,1,0.35187244415283203
ACH-000353,10172943,1,0.19897142052650452
ACH-000353,10459196,0,0.05455293133854866
ACH-000353,11327430,0,0.015603073872625828
ACH-000353,11373846,0,0.2800130844116211
ACH-000353,11433190,0,0.24421153962612152
ACH-000353,11640390,0,0.5785343647003174
ACH-000353,11667893,0,0.15192116796970367
ACH-000353,11713159,0,0.1692672073841095
ACH-000353,11754511,0,0.056710198521614075
ACH-000353,126565,0,0.034396473318338394
ACH-000353,148124,0,0.14893066883087158
ACH-000353,16720766,0,0.03970037400722504
ACH-000353,16760646,0,0.024978745728731155
ACH-000353,176870,1,0.3351302146911621
ACH-000353,17755052,0,0.027494026347994804
ACH-000353,208908,1,0.3149524927139282
ACH-000353,216239,0,0.11843246966600418
ACH-000353,216326,0,0.031900033354759216
ACH-000353,24951314,0,0.034145012497901917
ACH-000353,24978538,0,0.16533425450325012
ACH-000353,25102847,0,0.11522992700338364
ACH-000353,25124816,0,0.22554592788219452
ACH-000353,2726824,0,0.05226801335811615
ACH-000353,300471,0,0.04609604924917221
ACH-000353,3005532,0,0.276913046836853
ACH-000353,44224160,0,0.031175585463643074
ACH-000353,46191454,0,0.0682123601436615
ACH-000353,46844147,0,0.10364549607038498
ACH-000353,46883536,0,0.09815838187932968
ACH-000353,46930998,0,0.046041082590818405
ACH-000353,46931012,0,0.16472606360912323
ACH-000353,5291,0,0.19240185618400574
ACH-000353,5330286,0,0.035055361688137054
ACH-000353,5460769,0,0.13353371620178223
ACH-000353,54676905,0,0.07609212398529053
ACH-000353,5494449,0,0.17900992929935455
ACH-000353,57339144,0,0.036858588457107544
ACH-000353,637858,0,0.04863918200135231
ACH-000353,6753378,0,0.09573345631361008
ACH-000353,7251185,0,0.039888352155685425
ACH-000353,9868037,0,0.04666626825928688
ACH-000353,9874913,1,0.3715154826641083
ACH-000353,9911830,0,0.054009340703487396
ACH-000353,9952773,1,0.257148802280426
ACH-000353,9956222,0,0.07895216345787048
ACH-000353,9967941,0,0.47994065284729004
ACH-000355,10077147,0,0.0020774472504854202
ACH-000355,10341154,1,0.05461288243532181
ACH-000355,10384072,0,0.005432438105344772
ACH-000355,10390396,0,0.00027912415680475533
ACH-000355,104842,0,0.021884910762310028
ACH-000355,11327430,0,0.002607696922495961
ACH-000355,11364421,0,0.0007307620253413916
ACH-000355,11373846,0,0.008834538981318474
ACH-000355,11617559,0,0.0987430065870285
ACH-000355,11626560,0,0.0005895157810300589
ACH-000355,11713159,0,6.912869139341637e-05
ACH-000355,11754511,0,0.003354958025738597
ACH-000355,11844351,0,0.0015759532107040286
ACH-000355,11977753,0,0.006500613410025835
ACH-000355,159324,0,0.00029294268460944295
ACH-000355,16095342,0,0.012119924649596214
ACH-000355,24978538,0,0.6828427910804749
ACH-000355,25262965,0,0.008203999139368534
ACH-000355,2733526,0,0.04266618564724922
ACH-000355,31703,0,6.820033740950748e-05
ACH-000355,42642645,0,0.0001019988558255136
ACH-000355,44632017,0,0.0017748947720974684
ACH-000355,448013,0,5.2426963520701975e-05
ACH-000355,46224516,0,0.002089876914396882
ACH-000355,46843772,0,0.1187392920255661
ACH-000355,46930998,0,0.003042713040485978
ACH-000355,46931012,0,0.00022796525445301086
ACH-000355,49806720,0,0.11884003132581711
ACH-000355,5113032,0,0.06872956454753876
ACH-000355,5278396,1,0.00511756120249629
ACH-000355,5289247,0,0.017031555995345116
ACH-000355,5291,0,0.002919095568358898
ACH-000355,5311510,0,0.002148349303752184
ACH-000355,5327091,0,0.001806876971386373
ACH-000355,5330286,0,0.0166829451918602
ACH-000355,53340664,0,0.0003517637378536165
ACH-000355,53394750,0,0.46426841616630554
ACH-000355,6253,0,0.022581402212381363
ACH-000355,644241,1,0.07871000468730927
ACH-000355,6445533,0,0.004311069380491972
ACH-000355,9874913,0,0.010543044656515121
ACH-000355,9910224,0,0.15625746548175812
ACH-000355,9914412,0,0.004385387524962425
ACH-000355,9952773,0,0.0003209276183042675
ACH-000356,10074640,0,0.10958907753229141
ACH-000356,10184653,0,0.03728576749563217
ACH-000356,11455910,0,0.02964787930250168
ACH-000356,11485656,0,0.03215736523270607
ACH-000356,11493598,0,0.07137149572372437
ACH-000356,11647372,0,0.022558461874723434
ACH-000356,11707110,1,0.034900762140750885
ACH-000356,11713159,0,0.13223949074745178
ACH-000356,159324,0,0.22232729196548462
ACH-000356,176167,1,0.03719265013933182
ACH-000356,2314623,0,0.024012768641114235
ACH-000356,2733526,0,0.01723436824977398
ACH-000356,36462,0,0.012718995101749897
ACH-000356,3796,0,0.053009796887636185
ACH-000356,44224160,0,0.009482071734964848
ACH-000356,446378,0,0.06963414698839188
ACH-000356,447912,0,0.041094373911619186
ACH-000356,5208,0,0.08672281354665756
ACH-000356,521106,0,0.04943093657493591
ACH-000356,5289247,0,0.014573468826711178
ACH-000356,53302361,0,0.27363497018814087
ACH-000356,53340664,0,0.17658424377441406
ACH-000356,54685215,0,0.047501854598522186
ACH-000356,60750,0,0.026193886995315552
ACH-000356,6445533,0,0.1006803885102272
ACH-000356,9810884,0,0.2758985459804535
ACH-000356,9858940,0,0.03126523271203041
ACH-000356,9863776,0,0.008858739398419857
ACH-000356,9874913,0,0.03419278562068939
ACH-000356,9903786,0,0.00617157993838191
ACH-000356,9911830,0,0.1236979067325592
ACH-000356,9931953,0,0.016909759491682053
ACH-000356,9943465,0,0.017971377819776535
ACH-000356,9952773,0,0.053270164877176285
ACH-000356,9967941,0,0.03394242003560066
ACH-000357,104842,0,0.4223448634147644
ACH-000357,11316960,1,0.27774670720100403
ACH-000357,126941,1,0.9285669326782227
ACH-000357,2314623,0,0.12539659440517426
ACH-000357,24776445,1,0.8322290182113647
ACH-000357,24978538,1,0.8997756242752075
ACH-000357,44450571,0,0.10586899518966675
ACH-000357,44632017,1,0.12826049327850342
ACH-000357,44819241,0,0.507941722869873
ACH-000357,5330286,0,0.6451482176780701
ACH-000357,54685215,0,0.04090873524546623
ACH-000357,56962337,0,0.650754988193512
ACH-000357,6914657,1,0.017322581261396408
ACH-000357,9858940,0,0.1042967364192009
ACH-000357,9863776,0,0.09864065796136856
ACH-000358,10200390,0,5.9510541177587584e-05
ACH-000358,10341154,0,0.04151995852589607
ACH-000358,11338033,0,0.0005656419671140611
ACH-000358,11373846,0,0.033627718687057495
ACH-000358,11433190,0,0.028084680438041687
ACH-000358,11626927,0,0.005106046795845032
ACH-000358,11667893,0,0.0027333677280694246
ACH-000358,16725726,1,0.5609229207038879
ACH-000358,176167,0,0.0896194577217102
ACH-000358,176870,0,0.028490206226706505
ACH-000358,20635522,0,2.731617678364273e-05
ACH-000358,24785538,0,0.00024402819690294564
ACH-000358,25102847,0,0.0007379891467280686
ACH-000358,25124816,0,0.0019544947426766157
ACH-000358,25126798,0,0.3987507224082947
ACH-000358,25222038,0,1.1736237865989096e-05
ACH-000358,2726824,0,0.041469741612672806
ACH-000358,3005532,0,0.00018285868281964213
ACH-000358,31703,0,1.8487038687453605e-05
ACH-000358,3218,0,0.0013852088013663888
ACH-000358,42642645,0,0.00012786765000782907
ACH-000358,444795,0,0.20313815772533417
ACH-000358,46907787,0,0.0010915996972471476
ACH-000358,46931012,0,0.000330556184053421
ACH-000358,51371303,0,0.15598413348197937
ACH-000358,56962337,0,0.029978659003973007
ACH-000358,5746,0,0.0008561163558624685
ACH-000358,65110,0,0.022927064448595047
ACH-000358,66577006,0,0.03218790516257286
ACH-000358,6852167,0,0.17481227219104767
ACH-000358,76044,0,2.122308433172293e-05
ACH-000358,9903786,0,0.0061317309737205505
ACH-000358,9914412,0,0.0014746708329766989
ACH-000358,9931953,0,0.0037366696633398533
ACH-000359,10027278,0,0.5535682439804077
ACH-000359,10074640,0,0.0048597827553749084
ACH-000359,10096043,0,0.19171826541423798
ACH-000359,10113978,1,0.3481716513633728
ACH-000359,11316960,0,0.041099220514297485
ACH-000359,11977753,1,0.036826930940151215
ACH-000359,2314623,0,0.06229829415678978
ACH-000359,2375,0,0.01343113649636507
ACH-000359,24772860,0,5.337504990166053e-05
ACH-000359,24826799,0,0.03309067711234093
ACH-000359,24951314,0,0.00016482763749081641
ACH-000359,25126798,0,0.00588813703507185
ACH-000359,25257557,1,0.45400822162628174
ACH-000359,3385,0,0.004691324196755886
ACH-000359,3796,0,0.0020925693679600954
ACH-000359,44137675,0,0.22311075031757355
ACH-000359,46885626,0,0.0025649787858128548
ACH-000359,51371303,0,0.03640032559633255
ACH-000359,5460769,0,0.1322980523109436
ACH-000359,54676905,0,0.06520920246839523
ACH-000359,644241,0,0.02603088691830635
ACH-000359,6710780,0,0.019171427935361862
ACH-000359,6753378,0,0.0006045999471098185
ACH-000359,9858940,0,0.06676101684570312
ACH-000359,9863776,0,0.007209583185613155
ACH-000359,9874913,0,0.008669983595609665
ACH-000359,9884685,0,0.00029837089823558927
ACH-000359,9910224,0,0.0025763725861907005
ACH-000359,9911830,0,0.008240586146712303
ACH-000359,9931953,0,0.12710757553577423
ACH-000359,9943465,0,0.02144840732216835
ACH-000360,10077147,0,0.042735207825899124
ACH-000360,11152667,0,0.025589939206838608
ACH-000360,11327430,0,0.040172234177589417
ACH-000360,11667893,0,0.1732167750597
ACH-000360,444795,1,0.2457597553730011
ACH-000360,5311,0,0.05298277735710144
ACH-000360,56962337,0,0.03316843509674072
ACH-000360,6253,0,0.020005730912089348
ACH-000360,6918289,0,0.06774674355983734
ACH-000360,9943465,0,0.23095014691352844
ACH-000361,10184653,0,0.09412127733230591
ACH-000361,10384072,0,0.1165032684803009
ACH-000361,11338033,0,5.811498704133555e-05
ACH-000361,11609586,0,0.08715811371803284
ACH-000361,123631,0,0.12140455842018127
ACH-000361,156422,0,0.14560016989707947
ACH-000361,16747388,0,0.010428795590996742
ACH-000361,176167,0,0.0031537588220089674
ACH-000361,24756910,0,0.0008330909768119454
ACH-000361,24889392,0,0.00671218428760767
ACH-000361,24951314,0,0.00017523838323540986
ACH-000361,25102847,0,0.00891063828021288
ACH-000361,25222038,0,0.05473184958100319
ACH-000361,31703,0,0.02433330938220024
ACH-000361,3796,0,0.003646605648100376
ACH-000361,44137675,0,0.09416348487138748
ACH-000361,44143370,0,0.0016150776064023376
ACH-000361,44450571,0,0.15322263538837433
ACH-000361,46224516,0,0.00027713432791642845
ACH-000361,49806720,0,0.009014628827571869
ACH-000361,5113032,0,0.04101891815662384
ACH-000361,5289247,0,0.0051413909532129765
ACH-000361,5330286,0,0.017866695299744606
ACH-000361,53340664,0,0.0018252757145091891
ACH-000361,54676905,0,0.09163033217191696
ACH-000361,560326,0,0.021299460902810097
ACH-000361,56962337,0,0.06560653448104858
ACH-000361,5746,0,0.09207504242658615
ACH-000361,637858,0,0.12353570759296417
ACH-000361,644241,0,0.155643031001091
ACH-000361,66577006,0,0.0031131610739976168
ACH-000361,6918454,0,0.2908693552017212
ACH-000361,6918848,0,0.00016615123604424298
ACH-000361,71271629,0,0.052162423729896545
ACH-000361,9863776,1,0.15444685518741608
ACH-000361,9884685,0,0.00018643309886101633
ACH-000361,9967941,0,0.00472171138972044
ACH-000362,10459196,0,0.31382811069488525
ACH-000362,11316960,0,0.40815311670303345
ACH-000362,11338033,1,0.6709263920783997
ACH-000362,11455910,0,0.04832937940955162
ACH-000362,11609586,1,0.12108628451824188
ACH-000362,11625818,1,0.5050777792930603
ACH-000362,11647372,1,0.35632914304733276
ACH-000362,11707110,1,0.814582109451294
ACH-000362,123631,0,0.05217873677611351
ACH-000362,126565,1,0.5442121028900146
ACH-000362,148124,0,0.027271101251244545
ACH-000362,176167,1,0.22368037700653076
ACH-000362,176870,1,0.1105213463306427
ACH-000362,17755052,0,0.25104308128356934
ACH-000362,24180719,0,0.41607773303985596
ACH-000362,24772860,1,0.6594876050949097
ACH-000362,24785538,0,0.3537828028202057
ACH-000362,25022668,1,0.20185784995555878
ACH-000362,25124816,0,0.050048019737005234
ACH-000362,25126798,1,0.5354300737380981
ACH-000362,25167777,1,0.3193911015987396
ACH-000362,2733526,0,0.14287272095680237
ACH-000362,300471,0,0.01794607937335968
ACH-000362,3218,0,0.21422040462493896
ACH-000362,3385,1,0.7311059832572937
ACH-000362,387447,0,0.058486681431531906
ACH-000362,44143370,0,0.3871820867061615
ACH-000362,444795,1,0.44532573223114014
ACH-000362,46224516,0,0.5643216967582703
ACH-000362,462382,0,0.07307199388742447
ACH-000362,46883536,1,0.8063763976097107
ACH-000362,51371303,1,0.1152271032333374
ACH-000362,5311,1,0.2989692687988281
ACH-000362,53302361,1,0.5485096573829651
ACH-000362,5330286,1,0.44151660799980164
ACH-000362,56965967,1,0.858331024646759
ACH-000362,5717801,0,0.1073552668094635
ACH-000362,637858,0,0.08563823252916336
ACH-000362,71271629,0,0.35334837436676025
ACH-000362,7251185,0,0.4826050400733948
ACH-000362,9858940,0,0.09018787741661072
ACH-000362,9907093,0,0.06464944779872894
ACH-000362,9952773,1,0.433132141828537
ACH-000363,10172943,0,0.015143468044698238
ACH-000363,10302451,0,0.04811949282884598
ACH-000363,10384072,0,0.012196522206068039
ACH-000363,10390396,1,0.06314954161643982
ACH-000363,11178236,0,0.015437831170856953
ACH-000363,11282283,0,0.21227356791496277
ACH-000363,11609586,0,0.015904376283288002
ACH-000363,11640390,1,0.05217774584889412
ACH-000363,11707110,0,0.005439091473817825
ACH-000363,160355,0,0.14126861095428467
ACH-000363,16038120,0,0.020606616511940956
ACH-000363,16663089,0,0.05845841020345688
ACH-000363,176167,0,0.1774306297302246
ACH-000363,17755052,0,0.15748460590839386
ACH-000363,20635522,0,0.00430040480569005
ACH-000363,216326,0,0.05537478253245354
ACH-000363,23725625,0,0.03226945921778679
ACH-000363,2375,0,0.09828599542379379
ACH-000363,24756910,0,0.36068251729011536
ACH-000363,24826799,0,0.03683270141482353
ACH-000363,25222038,0,0.0026394701562821865
ACH-000363,3463933,0,0.01783343032002449
ACH-000363,36462,0,0.004257937427610159
ACH-000363,3796,0,0.11776065826416016
ACH-000363,44137675,0,0.08063515275716782
ACH-000363,44450571,0,0.03530965372920036
ACH-000363,446378,0,0.013068244792521
ACH-000363,448013,0,0.0020550712943077087
ACH-000363,44819241,0,0.0373457595705986
ACH-000363,46224516,0,0.1334400773048401
ACH-000363,5289247,0,0.03447311371564865
ACH-000363,53302361,0,0.05513577535748482
ACH-000363,54685215,0,0.008710873313248158
ACH-000363,56965967,0,0.07338632643222809
ACH-000363,5717801,0,0.009913197718560696
ACH-000363,637858,0,0.013836151920258999
ACH-000363,6450551,0,0.012762239202857018
ACH-000363,66577006,1,0.35905182361602783
ACH-000363,6852167,1,0.5840345025062561
ACH-000363,6914657,0,0.012414954602718353
ACH-000363,704473,1,0.192897230386734
ACH-000363,76044,0,0.002255286555737257
ACH-000363,9863776,0,0.0020565572194755077
ACH-000363,9884685,0,0.6196165680885315
ACH-000363,9910224,0,0.24881137907505035
ACH-000363,9938202,0,0.047428470104932785
ACH-000363,9956222,0,0.32296574115753174
ACH-000364,10027278,0,0.0016818357398733497
ACH-000364,10196499,0,0.017107779160141945
ACH-000364,10341154,0,0.0018660997739061713
ACH-000364,11152667,0,0.0003363894938956946
ACH-000364,11282283,0,0.019305115565657616
ACH-000364,11625818,0,0.002221868373453617
ACH-000364,126565,0,0.0011441888054832816
ACH-000364,16725726,0,0.11451423913240433
ACH-000364,176158,0,0.005413522478193045
ACH-000364,24772860,0,2.9785753213218413e-05
ACH-000364,24826799,0,0.0004910212010145187
ACH-000364,2726824,0,0.0235829446464777
ACH-000364,2733526,0,0.012598239816725254
ACH-000364,3218,0,0.001495193224400282
ACH-000364,44143370,0,0.00370609387755394
ACH-000364,44224160,0,5.005066122976132e-05
ACH-000364,44462760,0,0.016645211726427078
ACH-000364,5459322,0,0.027259113267064095
ACH-000364,54685215,0,0.01135110855102539
ACH-000364,5746,0,0.0025559267960488796
ACH-000364,60750,0,0.0007424923242069781
ACH-000364,6253,0,0.0016046499367803335
ACH-000364,6445562,0,0.010373011231422424
ACH-000364,6450551,0,0.0005832473398186266
ACH-000364,6450816,0,0.00013087521074339747
ACH-000364,65110,0,0.0014005156699568033
ACH-000364,71271629,0,0.0011455434141680598
ACH-000364,9810884,0,0.1361127346754074
ACH-000364,9813758,0,0.005360874813050032
ACH-000364,9863776,0,0.019392982125282288
ACH-000364,9884685,0,0.00010479410411790013
ACH-000364,9910224,0,0.00150139385368675
ACH-000364,9943465,0,0.03265279158949852
ACH-000365,10077147,0,0.08179454505443573
ACH-000365,10341154,1,0.1499720960855484
ACH-000365,10384072,0,0.06645804643630981
ACH-000365,11640390,0,0.1528063863515854
ACH-000365,11713159,0,0.03509042039513588
ACH-000365,11960529,1,0.11219382286071777
ACH-000365,16038120,0,0.09693557024002075
ACH-000365,17755052,0,0.3305176794528961
ACH-000365,20635522,0,0.03760411590337753
ACH-000365,24825971,1,0.5309483408927917
ACH-000365,24826799,1,0.14663508534431458
ACH-000365,25124816,1,0.3009691536426544
ACH-000365,25195352,0,0.15687114000320435
ACH-000365,3218,0,0.08079797029495239
ACH-000365,444795,0,0.26591941714286804
ACH-000365,44551660,0,0.19857020676136017
ACH-000365,462382,0,0.04141702875494957
ACH-000365,46931012,0,0.24489420652389526
ACH-000365,5311497,0,0.040430523455142975
ACH-000365,53394750,1,0.9547414183616638
ACH-000365,644241,0,0.2638203501701355
ACH-000365,6918848,1,0.2591554820537567
ACH-000365,8249,1,0.3050777316093445
ACH-000365,9858940,0,0.16601690649986267
ACH-000365,9931953,0,0.11877360194921494
ACH-000365,9956119,0,0.46096915006637573
ACH-000365,9956222,0,0.6003782749176025
ACH-000366,10074640,0,0.05232532322406769
ACH-000366,10390396,0,0.4279327392578125
ACH-000366,11178236,0,0.11660433560609818
ACH-000366,11338033,0,0.0003004478639923036
ACH-000366,11373846,0,0.015216578729450703
ACH-000366,11713159,0,0.028135152533650398
ACH-000366,148124,0,0.09890333563089371
ACH-000366,160355,0,0.0351201631128788
ACH-000366,16038120,0,0.17208491265773773
ACH-000366,23725625,0,0.010955741629004478
ACH-000366,2375,0,0.018688984215259552
ACH-000366,24756910,0,0.008107399567961693
ACH-000366,24785538,1,0.27574729919433594
ACH-000366,24825971,0,0.056073155254125595
ACH-000366,25102847,0,0.019720548763871193
ACH-000366,25222038,0,0.013154731132090092
ACH-000366,3463933,0,0.3254665732383728
ACH-000366,36314,0,0.04714956507086754
ACH-000366,42640,0,0.055197421461343765
ACH-000366,44224160,0,0.0012785936705768108
ACH-000366,44632017,0,0.009557665325701237
ACH-000366,46844147,0,0.028747018426656723
ACH-000366,46931012,0,0.0009763811831362545
ACH-000366,49836027,0,0.10029207170009613
ACH-000366,51371303,0,0.10494627058506012
ACH-000366,5289247,0,0.12264560163021088
ACH-000366,53302361,0,0.015908587723970413
ACH-000366,53394750,0,0.03264176845550537
ACH-000366,5460769,0,0.05375584959983826
ACH-000366,54676905,1,0.08599533885717392
ACH-000366,560326,0,0.011144234798848629
ACH-000366,6445533,0,0.08682793378829956
ACH-000366,6450551,0,0.008928936906158924
ACH-000366,6450816,0,0.005607515573501587
ACH-000366,6918638,0,0.002179310657083988
ACH-000366,6918848,0,0.001992965815588832
ACH-000366,9813758,0,0.0906255915760994
ACH-000366,9931953,0,0.042129114270210266
ACH-000369,11667893,0,0.21081078052520752
ACH-000369,148124,0,0.07026458531618118
ACH-000369,444795,0,0.6510034799575806
ACH-000369,5278396,1,0.9082724452018738
ACH-000369,5327091,1,0.3982137441635132
ACH-000369,6450551,0,0.17332200706005096
ACH-000369,84691,0,0.4338543117046356
ACH-000369,9943465,0,0.2028905749320984
ACH-000371,10172943,0,0.030770642682909966
ACH-000371,10196499,0,0.07042805850505829
ACH-000371,10384072,0,0.011699977330863476
ACH-000371,104842,0,0.013886496424674988
ACH-000371,11364421,0,0.024910464882850647
ACH-000371,11676786,0,0.0026695276610553265
ACH-000371,11707110,0,0.004818445071578026
ACH-000371,11844351,0,0.06685616075992584
ACH-000371,148124,0,0.008372768759727478
ACH-000371,16038120,0,0.01625339686870575
ACH-000371,16725726,1,0.8599936962127686
ACH-000371,176167,1,0.13039003312587738
ACH-000371,208908,0,0.06301417946815491
ACH-000371,216239,0,0.02219824306666851
ACH-000371,24825971,0,0.12482387572526932
ACH-000371,24951314,0,0.5561132431030273
ACH-000371,25195352,0,0.11048830300569534
ACH-000371,44182295,0,0.0004447833925951272
ACH-000371,44224160,0,0.4304756224155426
ACH-000371,44450571,0,0.023223357275128365
ACH-000371,444795,1,0.07446148246526718
ACH-000371,46191454,1,0.6701561212539673
ACH-000371,46224516,1,0.1632862240076065
ACH-000371,46844147,1,0.14180181920528412
ACH-000371,46883536,0,0.36276760697364807
ACH-000371,46885626,0,0.5218710899353027
ACH-000371,49806720,0,0.27691513299942017
ACH-000371,49836027,0,0.03167189657688141
ACH-000371,5311,0,0.03028220124542713
ACH-000371,5327091,0,0.007269133348017931
ACH-000371,5330286,0,0.010430428199470043
ACH-000371,54676905,0,0.07684928923845291
ACH-000371,56965967,1,0.20100760459899902
ACH-000371,57339144,0,0.07569816708564758
ACH-000371,6253,0,0.01850140653550625
ACH-000371,644215,0,0.029562506824731827
ACH-000371,644241,0,0.06996135413646698
ACH-000371,65110,0,0.07085137814283371
ACH-000371,6914657,0,0.009591656737029552
ACH-000371,6918289,0,0.03619536757469177
ACH-000371,82146,0,0.01783088408410549
ACH-000371,9549184,0,0.43380334973335266
ACH-000371,9810884,1,0.988953709602356
ACH-000371,9813758,1,0.49033471941947937
ACH-000371,9874913,0,0.1012849435210228
ACH-000371,9931953,0,0.0167983528226614
ACH-000371,9943465,0,0.01957699842751026
ACH-000372,10074640,0,0.1779591590166092
ACH-000372,10096043,0,0.0028283873107284307
ACH-000372,10200390,0,0.031433019787073135
ACH-000372,10341154,0,0.6309282183647156
ACH-000372,10451420,1,0.9712257385253906
ACH-000372,11373846,1,0.6975696682929993
ACH-000372,11634725,0,0.02648182399570942
ACH-000372,11640390,0,0.07833181321620941
ACH-000372,11707110,0,0.03372751548886299
ACH-000372,148124,0,0.008835646323859692
ACH-000372,17755052,0,0.4446162283420563
ACH-000372,216326,1,0.5648937225341797
ACH-000372,23725625,0,0.5152722001075745
ACH-000372,24785538,0,0.010584850795567036
ACH-000372,24889392,1,0.7579898238182068
ACH-000372,24951314,1,0.7725264430046082
ACH-000372,25022668,0,0.012294339947402477
ACH-000372,25124816,0,0.04211842268705368
ACH-000372,25257557,1,0.9914355874061584
ACH-000372,31703,0,0.0033678284380584955
ACH-000372,3463933,0,0.031573377549648285
ACH-000372,36462,0,0.06909541040658951
ACH-000372,44143370,0,0.23532429337501526
ACH-000372,447912,1,0.8099095225334167
ACH-000372,44819241,0,0.2911585569381714
ACH-000372,46883536,1,0.6940445303916931
ACH-000372,46885626,1,0.8591537475585938
ACH-000372,51371303,1,0.2687174081802368
ACH-000372,5208,0,0.03935130685567856
ACH-000372,5278396,0,0.3367861211299896
ACH-000372,5311497,0,0.004612373653799295
ACH-000372,53394750,1,0.9823681712150574
ACH-000372,5394,0,0.4240489602088928
ACH-000372,56962337,1,0.4059363305568695
ACH-000372,6450816,0,0.20476844906806946
ACH-000372,6505803,0,0.0017720439936965704
ACH-000372,6918289,0,0.27780938148498535
ACH-000372,71271629,0,0.5140427947044373
ACH-000372,9931953,0,0.13269607722759247
ACH-000372,9956119,0,0.17950649559497833
ACH-000373,11316960,0,0.8488492369651794
ACH-000373,11327430,1,0.18939462304115295
ACH-000373,11676786,0,0.7787386178970337
ACH-000373,36314,0,0.0018994675483554602
ACH-000373,462382,0,0.10483771562576294
ACH-000373,46930998,0,0.09497882425785065
ACH-000373,5278396,1,0.31796813011169434
ACH-000373,5329102,0,0.011426921933889389
ACH-000373,5394,0,0.7295449376106262
ACH-000373,57339144,0,0.6418420076370239
ACH-000373,6914657,0,0.03018096648156643
ACH-000373,7251185,0,0.06294118613004684
ACH-000373,85668777,0,0.22252215445041656
ACH-000373,9826308,0,0.000773762003518641
ACH-000373,9858940,0,0.26674139499664307
ACH-000373,9863776,1,0.8308480381965637
ACH-000373,9914412,1,0.19737672805786133
ACH-000374,10127622,0,0.19156301021575928
ACH-000374,11327430,0,0.0003631279687397182
ACH-000374,11373846,0,0.0024069403298199177
ACH-000374,11640390,0,0.0802796259522438
ACH-000374,11707110,1,0.12459588050842285
ACH-000374,156422,0,0.1957642138004303
ACH-000374,159324,0,0.0009495775448158383
ACH-000374,16722836,0,8.541432180209085e-05
ACH-000374,17755052,0,0.0007999963127076626
ACH-000374,24756910,0,0.0006055205594748259
ACH-000374,24776445,0,0.0002491512568667531
ACH-000374,24889392,0,0.004790777340531349
ACH-000374,24951314,0,4.835694198845886e-05
ACH-000374,25262965,0,0.0002873289631679654
ACH-000374,2726824,0,0.06516189873218536
ACH-000374,2733526,0,0.012197636999189854
ACH-000374,300471,0,0.011893730610609055
ACH-000374,31703,0,9.034755930770189e-05
ACH-000374,44450571,0,0.05725289508700371
ACH-000374,448013,0,0.00023013888858258724
ACH-000374,46191454,0,0.0005268121603876352
ACH-000374,46224516,0,0.00015283521497622132
ACH-000374,46883536,0,0.001958592562004924
ACH-000374,46885626,0,0.00145027507096529
ACH-000374,46930998,0,0.0028311293572187424
ACH-000374,46931012,0,2.9042697860859334e-05
ACH-000374,5113032,0,0.002923280466347933
ACH-000374,5311,0,0.0011748564429581165
ACH-000374,5330286,0,0.0009345146245323122
ACH-000374,5459322,0,0.040744561702013016
ACH-000374,54676905,0,0.013196753337979317
ACH-000374,56962337,0,0.004659986589103937
ACH-000374,6445533,0,0.004125327803194523
ACH-000374,82146,1,0.002390241017565131
ACH-000374,9858940,0,0.03526037186384201
ACH-000374,9863776,0,0.010297306813299656
ACH-000374,9874913,0,0.14938990771770477
ACH-000374,9914412,0,0.00025722020654939115
ACH-000374,9938202,0,0.023131484165787697
ACH-000375,10074640,1,0.035298846662044525
ACH-000375,10196499,1,0.6225960850715637
ACH-000375,10200390,0,0.03576821833848953
ACH-000375,10341154,1,0.03505118563771248
ACH-000375,104842,0,0.049519818276166916
ACH-000375,11152667,1,0.008986718952655792
ACH-000375,11178236,0,0.03814966231584549
ACH-000375,11316960,0,0.024878403171896935
ACH-000375,11373846,0,0.0015348844463005662
ACH-000375,11707110,0,0.029212141409516335
ACH-000375,11713159,0,0.2164231538772583
ACH-000375,11754511,1,0.012029574252665043
ACH-000375,159324,0,0.5843790173530579
ACH-000375,16747388,0,0.004398026969283819
ACH-000375,176167,0,0.014048006385564804
ACH-000375,2314623,0,0.23349431157112122
ACH-000375,24889392,1,0.038430873304605484
ACH-000375,24951314,0,0.0009862440638244152
ACH-000375,25126798,0,0.025131145492196083
ACH-000375,31703,0,0.1110512986779213
ACH-000375,3218,0,0.04244222119450569
ACH-000375,42642645,0,0.03349621593952179
ACH-000375,44137675,1,0.5676401853561401
ACH-000375,448013,0,0.30570143461227417
ACH-000375,44819241,0,0.08745328336954117
ACH-000375,46191454,0,0.0027520128060132265
ACH-000375,46931012,0,0.0008692091796547174
ACH-000375,5311497,0,0.10851267725229263
ACH-000375,5328940,0,0.026873981580138206
ACH-000375,53394750,0,0.0266653373837471
ACH-000375,6450816,0,0.00845072790980339
ACH-000375,6918454,0,0.004723053891211748
ACH-000375,6918638,0,0.0008362277876585722
ACH-000375,9813758,1,0.0141404177993536
ACH-000375,9858940,1,0.11692177504301071
ACH-000375,9863776,0,0.009200658649206161
ACH-000375,9874913,0,0.04651094228029251
ACH-000375,9910224,0,0.014650067314505577
ACH-000375,9911830,1,0.031211379915475845
ACH-000375,9938202,1,0.12046030908823013
ACH-000375,9952773,0,0.007457346189767122
ACH-000375,9956222,0,0.02515874244272709
ACH-000376,10077147,0,0.019932322204113007
ACH-000376,10113978,0,0.06356243789196014
ACH-000376,11404337,0,0.009989977814257145
ACH-000376,11617559,0,0.0026857275515794754
ACH-000376,11625818,0,0.0027831473853439093
ACH-000376,11667893,0,0.36820071935653687
ACH-000376,11707110,0,0.03032722696661949
ACH-000376,17755052,0,0.11383599042892456
ACH-000376,216326,0,0.06089403107762337
ACH-000376,23725625,0,0.25771841406822205
ACH-000376,24785538,0,0.007123492192476988
ACH-000376,25126798,0,0.011009114794433117
ACH-000376,25222038,0,0.02440822124481201
ACH-000376,31703,0,0.02677648700773716
ACH-000376,36462,0,0.0739777609705925
ACH-000376,3796,0,0.0005418019136413932
ACH-000376,42640,0,0.20183038711547852
ACH-000376,46907787,0,0.03368633612990379
ACH-000376,521106,0,0.025612616911530495
ACH-000376,5289247,0,0.0010628950549289584
ACH-000376,5328940,0,0.014626620337367058
ACH-000376,5394,0,0.1488959789276123
ACH-000376,5460769,1,0.11808659136295319
ACH-000376,5746,1,0.07612515985965729
ACH-000376,6450551,0,0.009587056003510952
ACH-000376,6852167,0,0.0008878422086127102
ACH-000376,6914657,0,0.0007387850200757384
ACH-000376,6918454,0,0.0034637129865586758
ACH-000376,6918848,0,0.00015640472702216357
ACH-000376,8249,0,0.0027659274637699127
ACH-000376,9810884,1,0.1856270283460617
ACH-000376,9858940,0,0.1093706339597702
ACH-000376,9874913,0,0.009530458599328995
ACH-000376,9943465,0,0.04399146884679794
ACH-000376,9967941,0,0.0029505458660423756
ACH-000378,10113978,0,0.06305794417858124
ACH-000378,10341154,0,0.035340894013643265
ACH-000378,10451420,1,0.6738599538803101
ACH-000378,11178236,0,0.011861518025398254
ACH-000378,11433190,0,0.43456363677978516
ACH-000378,11485656,0,0.0681891217827797
ACH-000378,11493598,0,0.40489521622657776
ACH-000378,11634725,0,0.3850494623184204
ACH-000378,11667893,0,0.05785612016916275
ACH-000378,11707110,0,0.3176998794078827
ACH-000378,11713159,0,0.04165717214345932
ACH-000378,126941,0,0.1805654913187027
ACH-000378,16747388,0,0.4059947729110718
ACH-000378,176167,1,0.15396106243133545
ACH-000378,2314623,0,0.060245316475629807
ACH-000378,24180719,0,0.06841092556715012
ACH-000378,24826799,0,0.059577424079179764
ACH-000378,24889392,0,0.11857596039772034
ACH-000378,24978538,0,0.44612500071525574
ACH-000378,44819241,0,0.06564179062843323
ACH-000378,46191454,1,0.12529107928276062
ACH-000378,5289247,0,0.14020346105098724
ACH-000378,5327091,0,0.022152887657284737
ACH-000378,53394750,0,0.8459876775741577
ACH-000378,5394,1,0.03769674524664879
ACH-000378,66577006,0,0.1849295049905777
ACH-000378,6710780,0,0.03180435672402382
ACH-000378,6918289,0,0.08142119646072388
ACH-000378,6918454,0,0.04730275273323059
ACH-000378,85668777,1,0.08121320605278015
ACH-000379,10077147,0,0.00479808310046792
ACH-000379,11282283,0,0.2733016908168793
ACH-000379,11373846,0,0.08301131427288055
ACH-000379,11433190,0,0.3892532289028168
ACH-000379,11625818,0,0.05186082050204277
ACH-000379,11754511,0,0.0141023313626647
ACH-000379,1401,0,0.0864701122045517
ACH-000379,16722836,0,0.00947662629187107
ACH-000379,24826799,0,0.000873742566909641
ACH-000379,24951314,0,0.003745434805750847
ACH-000379,25124816,0,0.07395812124013901
ACH-000379,25222038,0,0.0003556608280632645
ACH-000379,3463933,0,0.08687912672758102
ACH-000379,44143370,0,0.08922700583934784
ACH-000379,44182295,0,0.010151630267500877
ACH-000379,447912,0,0.06638509780168533
ACH-000379,46907787,0,0.007099241483956575
ACH-000379,51371303,0,0.09176886081695557
ACH-000379,5311,0,0.052014872431755066
ACH-000379,5328940,0,0.06860074400901794
ACH-000379,560326,0,0.004785103723406792
ACH-000379,56962337,0,0.10081921517848969
ACH-000379,6450816,0,0.0020206631161272526
ACH-000379,6710780,0,0.04006263241171837
ACH-000379,6914657,0,0.011460338719189167
ACH-000379,6918454,0,0.015892433002591133
ACH-000379,71271629,0,0.047828253358602524
ACH-000379,8249,0,0.36743322014808655
ACH-000379,9858940,0,0.20684216916561127
ACH-000379,9874913,0,0.18192045390605927
ACH-000379,9943465,1,0.21839693188667297
ACH-000379,9967941,0,0.23756954073905945
ACH-000380,10074640,1,0.19184455275535583
ACH-000380,10196499,0,0.015333399176597595
ACH-000380,10390396,0,0.017939139157533646
ACH-000380,11282283,0,0.26168540120124817
ACH-000380,11364421,0,0.014297427609562874
ACH-000380,11485656,0,0.5980252027511597
ACH-000380,11626560,0,0.04615098237991333
ACH-000380,11844351,0,0.008886906318366528
ACH-000380,159324,0,0.019260138273239136
ACH-000380,16725726,1,0.5995294451713562
ACH-000380,176167,0,0.07997090369462967
ACH-000380,23725625,0,0.5908030867576599
ACH-000380,24825971,0,0.047835614532232285
ACH-000380,24826799,0,0.021922489628195763
ACH-000380,24894414,1,0.6998443007469177
ACH-000380,25195352,0,0.02648763358592987
ACH-000380,25257557,1,0.9688863158226013
ACH-000380,3463933,0,0.009190201759338379
ACH-000380,42642645,0,0.03069877251982689
ACH-000380,44224160,0,0.08287022262811661
ACH-000380,448013,0,0.002002229681238532
ACH-000380,46224516,0,0.3896949589252472
ACH-000380,46883536,0,0.6410320401191711
ACH-000380,5113032,1,0.5434346795082092
ACH-000380,5280757,0,0.07471480965614319
ACH-000380,5327091,0,0.03045755811035633
ACH-000380,53340664,0,0.3882274031639099
ACH-000380,560326,0,0.2301727533340454
ACH-000380,644241,1,0.45223289728164673
ACH-000380,6445533,0,0.18354098498821259
ACH-000380,6450551,0,0.12657208740711212
ACH-000380,6918848,1,0.30341583490371704
ACH-000380,7251185,0,0.20405413210391998
ACH-000380,82146,0,0.038972049951553345
ACH-000380,9868037,1,0.6597861051559448
ACH-000380,9903786,1,0.37115007638931274
ACH-000380,9907093,0,0.01717935875058174
ACH-000380,9931953,0,0.06880579888820648
ACH-000380,9967941,0,0.05008586868643761
ACH-000381,10027278,0,0.19319729506969452
ACH-000381,10109823,0,0.16662879288196564
ACH-000381,10113978,0,0.30383095145225525
ACH-000381,10127622,0,0.03026016242802143
ACH-000381,10200390,0,0.0744473934173584
ACH-000381,104842,0,0.007855557836592197
ACH-000381,11178236,0,0.0027800602838397026
ACH-000381,11327430,0,0.0052269818261265755
ACH-000381,11609586,0,0.005026026163250208
ACH-000381,11625818,0,0.015172217972576618
ACH-000381,11634725,0,0.03059508092701435
ACH-000381,11640390,1,0.09459676593542099
ACH-000381,11977753,0,0.006904802285134792
ACH-000381,123631,0,0.03624206781387329
ACH-000381,24776445,0,0.006259990390390158
ACH-000381,25257557,1,0.9510258436203003
ACH-000381,2726824,0,0.01100111287087202
ACH-000381,300471,0,0.011253566481173038
ACH-000381,36462,0,0.007373712491244078
ACH-000381,44143370,0,0.011625660583376884
ACH-000381,444795,0,0.015045923180878162
ACH-000381,44819241,0,0.011510155163705349
ACH-000381,46883536,0,0.012500613927841187
ACH-000381,46943432,0,0.01586955413222313
ACH-000381,49806720,0,0.0212413240224123
ACH-000381,5289247,0,0.00572230014950037
ACH-000381,53394750,0,0.27400869131088257
ACH-000381,5459322,0,0.030988680198788643
ACH-000381,56962337,0,0.008542581461369991
ACH-000381,6505803,0,0.04465354233980179
ACH-000381,6710780,0,0.005292490124702454
ACH-000381,6753378,1,0.002453831024467945
ACH-000381,71271629,0,0.003354591317474842
ACH-000381,9813758,0,0.03383057564496994
ACH-000381,9956119,0,0.10829152166843414
ACH-000383,11609586,0,0.016451556235551834
ACH-000383,11634725,0,0.009810201823711395
ACH-000383,11960529,0,0.021526487544178963
ACH-000383,1401,0,0.04884379729628563
ACH-000383,156422,0,0.04926151782274246
ACH-000383,159324,0,0.18838651478290558
ACH-000383,16747388,0,0.025537408888339996
ACH-000383,17755052,0,0.09324958175420761
ACH-000383,24756910,0,0.019658150151371956
ACH-000383,24772860,0,0.0011754445731639862
ACH-000383,24776445,0,0.02310885302722454
ACH-000383,24951314,0,0.004197212867438793
ACH-000383,25257557,0,0.6367670297622681
ACH-000383,3463933,0,0.03347622975707054
ACH-000383,44143370,0,0.016887350007891655
ACH-000383,44551660,0,0.0036726801190525293
ACH-000383,447912,0,0.02832699939608574
ACH-000383,448013,0,0.013728154823184013
ACH-000383,5113032,0,0.05670413747429848
ACH-000383,5278396,0,0.03678835183382034
ACH-000383,5280757,0,0.11140971630811691
ACH-000383,54676905,0,0.08739612996578217
ACH-000383,560326,0,0.07032783329486847
ACH-000383,56965967,0,0.020645206794142723
ACH-000383,6505803,0,0.009422455914318562
ACH-000383,6852167,0,0.018104875460267067
ACH-000383,6918289,0,0.03345533087849617
ACH-000383,82146,0,0.05798329785466194
ACH-000383,9813758,0,0.07199835032224655
ACH-000383,9858940,0,0.044178325682878494
ACH-000383,9884685,0,0.012907259166240692
ACH-000383,9956222,0,0.02570411190390587
ACH-000383,9967941,0,0.03575805202126503
ACH-000384,10027278,0,0.0011377859627828002
ACH-000384,10077147,0,0.006971938535571098
ACH-000384,10341154,0,0.08473488688468933
ACH-000384,10451420,0,0.0015068940119817853
ACH-000384,10459196,0,0.09528020024299622
ACH-000384,11404337,0,0.0007990687154233456
ACH-000384,11455910,0,0.058267656713724136
ACH-000384,11493598,0,0.0010728815104812384
ACH-000384,11667893,0,0.12475670874118805
ACH-000384,126565,0,0.05195797607302666
ACH-000384,148124,1,0.005979238543659449
ACH-000384,156422,0,0.1840868890285492
ACH-000384,16725726,0,0.016156116500496864
ACH-000384,16747388,0,0.0009371431078761816
ACH-000384,17755052,0,0.00559143116697669
ACH-000384,216326,0,0.40805676579475403
ACH-000384,2314623,0,0.21776053309440613
ACH-000384,24180719,0,0.4157114326953888
ACH-000384,25124816,0,0.05730976536870003
ACH-000384,25222038,0,0.0003529175592120737
ACH-000384,2726824,1,0.33469969034194946
ACH-000384,36462,0,0.029907196760177612
ACH-000384,44143370,0,0.0013935772003605962
ACH-000384,446378,0,0.02414616197347641
ACH-000384,46930998,0,0.00428262073546648
ACH-000384,46931012,0,7.679350528633222e-05
ACH-000384,46943432,0,0.0003326013684272766
ACH-000384,5113032,0,0.05435170233249664
ACH-000384,5278396,0,0.042656898498535156
ACH-000384,5327091,0,0.0644046738743782
ACH-000384,5460769,0,0.04545975476503372
ACH-000384,54676905,0,0.13710403442382812
ACH-000384,560326,0,0.0037106431555002928
ACH-000384,57339144,1,0.375047892332077
ACH-000384,644241,0,0.10056230425834656
ACH-000384,66577006,0,0.0018483821768313646
ACH-000384,6710780,0,0.09940546005964279
ACH-000384,6753378,0,0.003159614047035575
ACH-000384,6852167,0,0.000575965503230691
ACH-000384,6918454,0,0.06433483213186264
ACH-000384,71271629,0,0.19334742426872253
ACH-000384,84691,0,0.15378321707248688
ACH-000384,9810884,0,0.00602486077696085
ACH-000384,9826528,0,0.04529169946908951
ACH-000386,10027278,0,0.006646557245403528
ACH-000386,10196499,0,0.02969752438366413
ACH-000386,10302451,0,0.07532329857349396
ACH-000386,10390396,0,0.1711292415857315
ACH-000386,11364421,0,0.030274907127022743
ACH-000386,11404337,0,0.010210437700152397
ACH-000386,11609586,0,0.054744087159633636
ACH-000386,11625818,0,0.19868400692939758
ACH-000386,11626927,0,0.11134493350982666
ACH-000386,11676786,0,0.2883867919445038
ACH-000386,11707110,0,0.46392056345939636
ACH-000386,1401,1,0.12114421278238297
ACH-000386,16095342,0,0.15270400047302246
ACH-000386,16725726,0,0.6325708031654358
ACH-000386,16760646,0,0.051438108086586
ACH-000386,216239,1,0.07600203156471252
ACH-000386,25022668,0,0.015214555896818638
ACH-000386,31703,0,0.0017012925818562508
ACH-000386,3218,0,0.03966827318072319
ACH-000386,42640,0,0.026245957240462303
ACH-000386,42642645,1,0.30738765001296997
ACH-000386,44143370,0,0.12180560827255249
ACH-000386,44632017,0,0.008288368582725525
ACH-000386,46191454,0,0.39337584376335144
ACH-000386,46907787,0,0.03608245030045509
ACH-000386,46930998,0,0.059063032269477844
ACH-000386,46943432,1,0.8507187366485596
ACH-000386,51371303,0,0.06845510751008987
ACH-000386,5208,0,0.021269744262099266
ACH-000386,521106,0,0.03464781492948532
ACH-000386,5278396,0,0.07835126668214798
ACH-000386,5311497,0,0.0028400251176208258
ACH-000386,5311510,0,0.03316161409020424
ACH-000386,5384616,0,0.08618886023759842
ACH-000386,54676905,0,0.0949983298778534
ACH-000386,76044,0,0.008768944069743156
ACH-000386,9813758,0,0.5272886157035828
ACH-000386,9826308,0,0.0013256995007395744
ACH-000386,9938202,0,0.0668838620185852
ACH-000389,10074640,0,0.016657719388604164
ACH-000389,10077147,1,0.07485129684209824
ACH-000389,11282283,0,0.13302111625671387
ACH-000389,11316960,0,0.34578433632850647
ACH-000389,11485656,0,0.030380066484212875
ACH-000389,126941,0,0.20347437262535095
ACH-000389,156422,0,0.18949969112873077
ACH-000389,16720766,0,0.42152056097984314
ACH-000389,176167,0,0.010016856715083122
ACH-000389,216326,0,0.4177885055541992
ACH-000389,25124816,0,0.11984670907258987
ACH-000389,300471,0,0.17605139315128326
ACH-000389,3218,1,0.43397587537765503
ACH-000389,3385,0,0.03321343660354614
ACH-000389,44462760,0,0.1486041247844696
ACH-000389,44551660,0,0.00035751843824982643
ACH-000389,446378,0,0.3652481734752655
ACH-000389,51371303,0,0.17600524425506592
ACH-000389,5208,0,0.21865858137607574
ACH-000389,521106,0,0.1010928675532341
ACH-000389,5280757,1,0.5007256865501404
ACH-000389,5311,0,0.12127929925918579
ACH-000389,5311497,0,0.20735301077365875
ACH-000389,5330286,0,0.10855919867753983
ACH-000389,5459322,0,0.36755794286727905
ACH-000389,54685215,0,0.28646066784858704
ACH-000389,5746,1,0.26802071928977966
ACH-000389,6253,0,0.3881102502346039
ACH-000389,6450816,0,0.0006237877532839775
ACH-000389,6505803,1,0.060926951467990875
ACH-000389,65110,0,0.07394508272409439
ACH-000389,6710780,0,0.42596903443336487
ACH-000389,71271629,1,0.3559485971927643
ACH-000389,9914412,1,0.4221775233745575
ACH-000389,9943465,0,0.13863161206245422
ACH-000392,10074640,0,0.008718893863260746
ACH-000392,10077147,0,0.0017661603633314371
ACH-000392,10109823,0,0.13895338773727417
ACH-000392,10113978,0,0.05550936982035637
ACH-000392,10451420,0,0.015839844942092896
ACH-000392,11152667,0,0.0009602120262570679
ACH-000392,11178236,0,0.05150240659713745
ACH-000392,11316960,0,0.004743445664644241
ACH-000392,11373846,0,0.015982044860720634
ACH-000392,11634725,0,0.0025173439644277096
ACH-000392,11960529,0,0.004014266189187765
ACH-000392,11977753,0,0.006695426069200039
ACH-000392,148124,0,0.014554484747350216
ACH-000392,159324,0,0.022743629291653633
ACH-000392,16722836,0,0.004135943483561277
ACH-000392,176167,0,0.18649236857891083
ACH-000392,216326,0,0.006458246614784002
ACH-000392,2375,0,0.009022857993841171
ACH-000392,24785538,0,0.019846541807055473
ACH-000392,2733526,0,0.03552001714706421
ACH-000392,300471,0,0.02012997306883335
ACH-000392,44143370,0,0.1556648313999176
ACH-000392,446378,0,0.00816670898348093
ACH-000392,44819241,0,0.012717917561531067
ACH-000392,46885626,0,0.013033057563006878
ACH-000392,46943432,0,0.009142321534454823
ACH-000392,521106,0,0.0008742377394810319
ACH-000392,5289247,0,0.020005222409963608
ACH-000392,53394750,0,0.022334566339850426
ACH-000392,56962337,0,0.00824350118637085
ACH-000392,56965967,0,0.005750088021159172
ACH-000392,6450816,0,0.028010953217744827
ACH-000392,6753378,0,0.009436878375709057
ACH-000392,6914657,0,0.004159918054938316
ACH-000392,9813758,0,0.1778140366077423
ACH-000392,9931953,0,0.01237691193819046
ACH-000392,9956119,0,0.5605472922325134
ACH-000392,9967941,0,0.2552920877933502
ACH-000394,10109823,0,0.0007488788687624037
ACH-000394,10196499,0,0.0002371405134908855
ACH-000394,10302451,0,0.0008354572346433997
ACH-000394,10341154,0,0.012447033077478409
ACH-000394,10459196,0,0.00048262468772009015
ACH-000394,10461815,0,0.002113332971930504
ACH-000394,11152667,0,0.0018337029032409191
ACH-000394,11455910,0,0.0005768415285274386
ACH-000394,11609586,0,0.0018244889797642827
ACH-000394,11617559,0,0.04866745322942734
ACH-000394,11625818,0,0.019649144262075424
ACH-000394,11667893,0,0.001051178202033043
ACH-000394,11844351,0,0.0004315083206165582
ACH-000394,148124,0,9.045031038112938e-05
ACH-000394,160355,0,0.0003774149517994374
ACH-000394,16038120,0,0.0012897630222141743
ACH-000394,16747388,0,0.015707246959209442
ACH-000394,216326,0,0.019031981006264687
ACH-000394,24756910,0,0.01818922534584999
ACH-000394,24776445,0,0.0006498347502201796
ACH-000394,24825971,0,0.0003244504041504115
ACH-000394,25022668,0,6.733465852448717e-05
ACH-000394,25126798,0,0.04580267146229744
ACH-000394,25195352,0,0.00172548892442137
ACH-000394,25257557,0,0.23068034648895264
ACH-000394,25262965,0,0.0009168162941932678
ACH-000394,2733526,0,0.0036576560232788324
ACH-000394,3385,0,0.00752807455137372
ACH-000394,44182295,0,0.0033587676007300615
ACH-000394,44450571,0,0.0048754336312413216
ACH-000394,46191454,0,0.02598491497337818
ACH-000394,49836027,0,0.0002482210984453559
ACH-000394,521106,0,6.272819882724434e-05
ACH-000394,5278396,0,0.0004906270187348127
ACH-000394,5289247,0,0.13039162755012512
ACH-000394,5291,0,0.001331508974544704
ACH-000394,5329102,0,0.00025768682826310396
ACH-000394,53302361,0,0.00027763997786678374
ACH-000394,53340664,0,0.004022927023470402
ACH-000394,5460769,0,0.0005922627169638872
ACH-000394,560326,0,0.0004717509727925062
ACH-000394,56962337,0,0.0029886532574892044
ACH-000394,5717801,0,3.483714317553677e-05
ACH-000394,6445562,0,0.0416710264980793
ACH-000394,6918454,0,0.003018114482983947
ACH-000394,7251185,0,0.0002663605264388025
ACH-000394,9810884,0,0.0969790443778038
ACH-000394,9813758,0,0.15253779292106628
ACH-000394,9914412,0,0.0006165389786474407
ACH-000396,10027278,1,0.28035441040992737
ACH-000396,10074640,0,0.007717496249824762
ACH-000396,10196499,0,0.5335041284561157
ACH-000396,10200390,0,0.011136071756482124
ACH-000396,11493598,0,0.0006107788649387658
ACH-000396,11634725,0,0.000594117387663573
ACH-000396,159324,0,0.46473613381385803
ACH-000396,16725726,0,0.0771879106760025
ACH-000396,24951314,0,0.00031728908652439713
ACH-000396,25257557,0,0.26343026757240295
ACH-000396,42640,0,0.09374169260263443
ACH-000396,44224160,0,0.0013429987011477351
ACH-000396,446378,0,0.2741152048110962
ACH-000396,448013,0,0.20793630182743073
ACH-000396,46224516,0,0.00029463082319125533
ACH-000396,46885626,0,0.003913057502359152
ACH-000396,46943432,0,0.0005153403617441654
ACH-000396,521106,0,0.10952682793140411
ACH-000396,5280757,0,0.21058091521263123
ACH-000396,5289247,0,0.0011406259145587683
ACH-000396,53340664,0,0.002416765782982111
ACH-000396,54676905,0,0.16719089448451996
ACH-000396,57339144,0,0.03517193719744682
ACH-000396,6852167,0,0.0008719529141671956
ACH-000396,9863776,0,0.00392912607640028
ACH-000396,9910224,0,0.005639367736876011
ACH-000396,9952773,0,0.0021242271177470684
ACH-000396,9956119,0,0.28897929191589355
ACH-000396,9967941,0,0.005148835480213165
ACH-000399,10113978,0,0.00010070219286717474
ACH-000399,10196499,0,0.00020481835235841572
ACH-000399,10200390,0,2.876414146157913e-05
ACH-000399,10302451,0,0.0005186746129766107
ACH-000399,10461815,0,0.0011175988474860787
ACH-000399,11338033,0,0.00010823187767527997
ACH-000399,11364421,0,0.00027551621315069497
ACH-000399,11485656,0,0.0027560426387935877
ACH-000399,11626560,0,0.00026367438840679824
ACH-000399,11844351,0,0.000244271446717903
ACH-000399,16663089,0,0.00017161523282993585
ACH-000399,208908,0,0.020960453897714615
ACH-000399,24826799,0,1.9913859432563186e-05
ACH-000399,24889392,1,0.07144999504089355
ACH-000399,25257557,1,0.34651023149490356
ACH-000399,44224160,0,0.0002916986122727394
ACH-000399,446378,0,0.0005633222172036767
ACH-000399,447912,0,0.021009568125009537
ACH-000399,448013,0,1.5192692444543354e-05
ACH-000399,49806720,0,0.5216344594955444
ACH-000399,49821040,0,0.002589018316939473
ACH-000399,4993,0,0.004243613686412573
ACH-000399,5289247,0,0.07193714380264282
ACH-000399,53302361,0,8.755775343161076e-05
ACH-000399,53340664,0,0.00010938251216430217
ACH-000399,6445533,0,0.002994145266711712
ACH-000399,6852167,0,0.04198898747563362
ACH-000399,6918638,0,0.007803145796060562
ACH-000399,76044,0,9.282601240556687e-06
ACH-000399,9549184,0,0.004066428169608116
ACH-000399,9868037,0,0.029667004942893982
ACH-000399,9903786,0,0.002660488709807396
ACH-000400,10113978,0,0.0104893883690238
ACH-000400,10459196,0,0.5411631464958191
ACH-000400,11338033,0,0.00021595146972686052
ACH-000400,11373846,0,0.027335990220308304
ACH-000400,11404337,0,0.04928698018193245
ACH-000400,11617559,0,0.015396959148347378
ACH-000400,11977753,0,0.04483058676123619
ACH-000400,1401,0,0.15342126786708832
ACH-000400,16725726,0,0.07770992815494537
ACH-000400,2314623,0,0.028403373435139656
ACH-000400,24978538,1,0.1671755462884903
ACH-000400,25124816,0,0.035998228937387466
ACH-000400,25262965,0,0.019546790048480034
ACH-000400,2733526,0,0.03545580804347992
ACH-000400,42640,0,0.021128466352820396
ACH-000400,42642645,0,0.00804723147302866
ACH-000400,44224160,0,8.852770406519994e-05
ACH-000400,44462760,0,0.9547328352928162
ACH-000400,448013,0,0.0200495645403862
ACH-000400,46883536,0,0.020044995471835136
ACH-000400,46943432,0,0.01886291615664959
ACH-000400,49806720,0,0.048376332968473434
ACH-000400,5113032,0,0.03163943439722061
ACH-000400,5311497,0,0.035927653312683105
ACH-000400,54685215,0,0.11680623888969421
ACH-000400,57339144,0,0.14682330191135406
ACH-000400,6914657,0,0.0008110292837955058
ACH-000400,6918638,0,0.0011411856394261122
ACH-000400,71271629,0,0.18921926617622375
ACH-000400,85668777,0,0.038882166147232056
ACH-000400,9884685,0,0.00011747946700779721
ACH-000400,9910224,0,0.03386794775724411
ACH-000400,9911830,0,0.031480807811021805
ACH-000400,9931953,0,0.10013517737388611
ACH-000401,10196499,0,0.02963513880968094
ACH-000401,10200390,0,0.0009807872120290995
ACH-000401,10341154,1,0.06520577520132065
ACH-000401,10461815,0,0.07157371938228607
ACH-000401,11609586,0,0.2424503117799759
ACH-000401,11624601,0,0.09875985234975815
ACH-000401,11647372,0,0.0008426912827417254
ACH-000401,11960529,1,0.3728712797164917
ACH-000401,123631,0,0.01839900016784668
ACH-000401,126565,0,0.06976858526468277
ACH-000401,156422,0,0.044505923986434937
ACH-000401,16725726,1,0.14203082025051117
ACH-000401,16760646,0,0.22238798439502716
ACH-000401,176167,0,0.0019838439766317606
ACH-000401,176870,0,0.08311623334884644
ACH-000401,17755052,0,0.05359804630279541
ACH-000401,20635522,0,0.0004472299187909812
ACH-000401,216239,0,0.008514313027262688
ACH-000401,24776445,1,0.342845618724823
ACH-000401,24951314,0,0.00032334524439647794
ACH-000401,25262965,0,0.11789596080780029
ACH-000401,3005532,0,0.03187891095876694
ACH-000401,31703,0,0.015034704469144344
ACH-000401,3463933,0,0.04972603917121887
ACH-000401,4261,0,0.003192533040419221
ACH-000401,42640,0,0.23532332479953766
ACH-000401,44143370,0,0.00034279178362339735
ACH-000401,44450571,0,0.13139775395393372
ACH-000401,44462760,0,0.004608609713613987
ACH-000401,46930998,0,0.04353804886341095
ACH-000401,46943432,0,0.0017015783814713359
ACH-000401,5113032,0,0.11704778671264648
ACH-000401,5208,0,0.14818131923675537
ACH-000401,5278396,0,0.19115415215492249
ACH-000401,5311497,0,0.025899549946188927
ACH-000401,5311510,0,0.13164910674095154
ACH-000401,5329102,0,0.00017731466505210847
ACH-000401,53302361,0,0.03326858952641487
ACH-000401,5459322,1,0.15815939009189606
ACH-000401,6445533,0,0.0134589783847332
ACH-000401,66577006,0,0.004480667877942324
ACH-000401,6918289,0,0.3458659052848816
ACH-000401,6918848,0,0.0002746345126070082
ACH-000401,76044,0,0.0015184611547738314
ACH-000401,9826308,0,0.0008731271955184639
ACH-000401,9826528,0,0.000880688545294106
ACH-000401,9884685,0,0.0005819341167807579
ACH-000401,9911830,0,0.010981358587741852
ACH-000401,9931953,1,0.31422197818756104
ACH-000401,9952773,0,0.0003141059714835137
ACH-000403,10109823,0,0.4824398458003998
ACH-000403,10184653,0,0.33031079173088074
ACH-000403,10196499,0,0.11574143916368484
ACH-000403,10302451,1,0.2955450117588043
ACH-000403,10384072,0,0.0378255732357502
ACH-000403,10451420,0,0.3520108759403229
ACH-000403,11364421,0,0.13584448397159576
ACH-000403,11373846,0,0.2390928566455841
ACH-000403,11626560,0,0.13695281744003296
ACH-000403,11667893,0,0.16488809883594513
ACH-000403,11707110,1,0.9334989190101624
ACH-000403,11754511,0,0.05171986669301987
ACH-000403,156422,0,0.16532911360263824
ACH-000403,16663089,0,0.034738071262836456
ACH-000403,176167,1,0.2127038538455963
ACH-000403,24772860,0,0.020544948056340218
ACH-000403,24825971,1,0.06660282611846924
ACH-000403,25022668,0,0.08369150012731552
ACH-000403,300471,0,0.049219075590372086
ACH-000403,31703,0,0.021761557087302208
ACH-000403,3385,0,0.04911975562572479
ACH-000403,3463933,0,0.17147274315357208
ACH-000403,462382,0,0.21112704277038574
ACH-000403,46885626,0,0.12675243616104126
ACH-000403,4993,0,0.09739397466182709
ACH-000403,5278396,0,0.025479476898908615
ACH-000403,5328940,0,0.08908864855766296
ACH-000403,5384616,0,0.3215773105621338
ACH-000403,5394,0,0.022667013108730316
ACH-000403,57339144,0,0.033913034945726395
ACH-000403,5746,0,0.04580690339207649
ACH-000403,644215,0,0.06853001564741135
ACH-000403,644241,0,0.07924682646989822
ACH-000403,6445533,0,0.16077741980552673
ACH-000403,6445562,1,0.5079874992370605
ACH-000403,6450816,0,0.03651754930615425
ACH-000403,6505803,0,0.2029803991317749
ACH-000403,6710780,0,0.014545014128088951
ACH-000403,6914657,0,0.015421741642057896
ACH-000403,76044,0,0.015924854204058647
ACH-000403,82146,0,0.05593155696988106
ACH-000403,9810884,1,0.35148173570632935
ACH-000403,9884685,0,0.02668343111872673
ACH-000403,9910224,0,0.027227791026234627
ACH-000403,9952773,0,0.15426400303840637
ACH-000403,9967941,0,0.3843929171562195
ACH-000408,10096043,0,9.89642003901281e-08
ACH-000408,10461815,0,8.393142343265936e-05
ACH-000408,11316960,0,0.00016011805564630777
ACH-000408,11373846,0,6.359452981996583e-06
ACH-000408,11404337,0,6.356605126711656e-07
ACH-000408,11617559,0,6.51852460578084e-05
ACH-000408,11634725,0,5.46094554465526e-07
ACH-000408,11640390,0,2.6415720640216023e-05
ACH-000408,11707110,0,0.001334909349679947
ACH-000408,11754511,0,2.072067218250595e-06
ACH-000408,126565,0,8.94002823770279e-06
ACH-000408,1401,0,8.767756662564352e-05
ACH-000408,176870,1,0.0010745427571237087
ACH-000408,17755052,0,8.028699085116386e-06
ACH-000408,208908,1,0.0023767640814185143
ACH-000408,216326,0,9.993202547775581e-05
ACH-000408,2375,0,7.308438216568902e-05
ACH-000408,24756910,0,3.0915487059246516e-06
ACH-000408,24825971,0,6.211314030224457e-06
ACH-000408,25022668,0,1.849758291427861e-06
ACH-000408,25126798,0,0.00013411261897999793
ACH-000408,25257557,1,0.008893107995390892
ACH-000408,2726824,1,0.0037549466360360384
ACH-000408,2733526,0,0.0005798913189209998
ACH-000408,3062316,0,0.0005312652792781591
ACH-000408,44137675,0,8.884932321961969e-05
ACH-000408,44224160,0,1.4773802092804544e-07
ACH-000408,44462760,0,9.483346730121411e-06
ACH-000408,444795,0,5.5801425332902e-05
ACH-000408,446378,0,5.0061786168953404e-05
ACH-000408,4993,0,0.00037734751822426915
ACH-000408,5208,0,7.587828349642223e-06
ACH-000408,5278396,0,9.098938789975364e-06
ACH-000408,5280757,0,0.0003269565349910408
ACH-000408,5289247,0,2.858598600141704e-05
ACH-000408,5330286,0,3.073642574236146e-06
ACH-000408,53394750,0,0.00012521805183496326
ACH-000408,5394,0,0.0003054916160181165
ACH-000408,5459322,0,0.0009186324314214289
ACH-000408,5746,0,2.7137954020872712e-05
ACH-000408,6445533,0,1.0221520824416075e-05
ACH-000408,6505803,0,1.3584859516413417e-05
ACH-000408,6918454,0,4.352139512775466e-05
ACH-000408,76044,0,3.043064822350061e-08
ACH-000408,85668777,1,0.0008469872991554439
ACH-000408,9826308,0,3.990614061422093e-08
ACH-000408,9863776,0,3.3473825169494376e-05
ACH-000408,9903786,0,4.2297676827729447e-07
ACH-000408,9914412,0,6.583076810784405e-06
ACH-000408,9943465,0,0.0012889439240098
ACH-000410,10074640,0,0.025201236829161644
ACH-000410,11316960,0,0.04774545505642891
ACH-000410,11327430,0,0.004208178259432316
ACH-000410,11373846,0,0.0030308046843856573
ACH-000410,11433190,0,0.12274529784917831
ACH-000410,11455910,0,0.1766165941953659
ACH-000410,11625818,0,0.009133384563028812
ACH-000410,11647372,0,0.0008029252057895064
ACH-000410,11707110,0,0.1762361079454422
ACH-000410,11977753,0,0.02702358365058899
ACH-000410,126941,0,0.01034375187009573
ACH-000410,159324,0,0.07185319066047668
ACH-000410,17755052,0,0.005019811447709799
ACH-000410,2314623,0,0.04244815185666084
ACH-000410,24772860,0,0.000159777351655066
ACH-000410,24978538,0,0.03317825496196747
ACH-000410,25195352,0,0.0026175715029239655
ACH-000410,25257557,0,0.10698141902685165
ACH-000410,2726824,0,0.032195936888456345
ACH-000410,3218,0,0.016078323125839233
ACH-000410,446378,0,0.08525636047124863
ACH-000410,46931012,0,0.0003478927828837186
ACH-000410,5311497,0,0.07973644137382507
ACH-000410,5327091,0,0.0321425199508667
ACH-000410,53340664,0,0.002229467034339905
ACH-000410,644241,0,0.03684711456298828
ACH-000410,6505803,0,0.17751865088939667
ACH-000410,6852167,0,0.0019681856501847506
ACH-000410,6918289,0,0.0315130278468132
ACH-000410,8249,0,0.01757907308638096
ACH-000411,11640390,0,0.47162362933158875
ACH-000411,11754511,0,0.02009265497326851
ACH-000411,24756910,0,0.05529407411813736
ACH-000411,24889392,0,0.0809967964887619
ACH-000411,24951314,0,0.01005499716848135
ACH-000411,2726824,0,0.0744175985455513
ACH-000411,3005532,0,0.025617120787501335
ACH-000411,31703,0,0.00120020960457623
ACH-000411,42642645,0,0.009810683317482471
ACH-000411,44137675,0,0.05550635978579521
ACH-000411,46224516,0,0.013608822599053383
ACH-000411,46931012,0,0.03297369182109833
ACH-000411,49806720,0,0.3972328305244446
ACH-000411,5289247,1,0.26695987582206726
ACH-000411,53302361,0,0.005721052642911673
ACH-000411,54685215,0,0.021571265533566475
ACH-000411,56962337,0,0.0106339231133461
ACH-000411,60750,1,0.0021887971088290215
ACH-000411,6753378,1,0.04697229340672493
ACH-000411,9903786,0,0.05659925937652588
ACH-000411,9967941,0,0.5546534061431885
ACH-000414,10074640,0,0.029321758076548576
ACH-000414,10184653,0,0.6383212208747864
ACH-000414,11327430,0,0.0023930808529257774
ACH-000414,11609586,0,0.02829844132065773
ACH-000414,11713159,0,0.001991742756217718
ACH-000414,123631,0,0.5496116876602173
ACH-000414,156422,0,0.3933890759944916
ACH-000414,159324,0,0.0167070385068655
ACH-000414,16722836,0,0.020657917484641075
ACH-000414,16725726,0,0.7550587058067322
ACH-000414,24776445,0,0.0020003800746053457
ACH-000414,25262965,0,0.0019932608120143414
ACH-000414,31703,0,0.0015130507526919246
ACH-000414,36462,0,0.0032451986335217953
ACH-000414,447912,1,0.029238151386380196
ACH-000414,46191454,0,0.03299691155552864
ACH-000414,46224516,0,0.010535908862948418
ACH-000414,46883536,0,0.060565270483493805
ACH-000414,49806720,0,0.5328614115715027
ACH-000414,5208,0,0.0020719612948596478
ACH-000414,5280757,0,0.047254689037799835
ACH-000414,5311497,0,0.003876966889947653
ACH-000414,5330286,0,0.013048295862972736
ACH-000414,53340664,0,0.00510021299123764
ACH-000414,5394,0,0.03702317178249359
ACH-000414,5459322,0,0.18021686375141144
ACH-000414,56962337,0,0.041890859603881836
ACH-000414,56965967,0,0.043066129088401794
ACH-000414,6253,1,0.01152502465993166
ACH-000414,6445562,0,0.5641854405403137
ACH-000414,66577006,0,0.09569397568702698
ACH-000414,9911830,0,0.004345991183072329
ACH-000414,9938202,0,0.10639605671167374
ACH-000414,9956119,0,0.4038231670856476
ACH-000416,10096043,0,1.4899525012879167e-05
ACH-000416,10113978,0,0.00036066240863874555
ACH-000416,11152667,0,0.00032530183671042323
ACH-000416,11316960,0,0.032911110669374466
ACH-000416,11327430,1,0.0013790178345516324
ACH-000416,11433190,0,0.06482900679111481
ACH-000416,11485656,0,0.00047553397598676383
ACH-000416,11707110,0,0.054150376468896866
ACH-000416,156422,0,0.12629933655261993
ACH-000416,16720766,1,0.038448601961135864
ACH-000416,16722836,0,4.155023270868696e-05
ACH-000416,16725726,0,0.28339481353759766
ACH-000416,176158,0,0.0024349703453481197
ACH-000416,2375,0,0.00979726854711771
ACH-000416,24894414,0,0.007041738834232092
ACH-000416,25022668,0,8.939493272919208e-05
ACH-000416,25126798,0,0.07577217370271683
ACH-000416,3005532,0,0.0023805752862244844
ACH-000416,3385,0,0.0004705388273578137
ACH-000416,36462,0,0.0005186178022995591
ACH-000416,44143370,0,0.0032975885551422834
ACH-000416,46907787,0,0.000580802618060261
ACH-000416,46930998,0,0.004027910530567169
ACH-000416,521106,0,6.30000649834983e-05
ACH-000416,5278396,0,0.0016939854249358177
ACH-000416,53302361,0,0.0002121082943631336
ACH-000416,53394750,0,0.046667858958244324
ACH-000416,54676905,0,0.034727226942777634
ACH-000416,560326,0,0.0006046770722605288
ACH-000416,56962337,0,0.02108032815158367
ACH-000416,57339144,0,0.02534971386194229
ACH-000416,60750,0,0.00034859729930758476
ACH-000416,6445533,0,0.0022713460493832827
ACH-000416,6445562,0,0.017201149836182594
ACH-000416,6450816,0,0.0001583329139975831
ACH-000416,6753378,0,0.0036308427806943655
ACH-000416,6918454,0,0.00431562215089798
ACH-000416,82146,0,0.002920129569247365
ACH-000416,85668777,0,0.2323615998029709
ACH-000416,9868037,0,0.004340685438364744
ACH-000417,10096043,0,0.10332613438367844
ACH-000417,10200390,0,0.1284913867712021
ACH-000417,10341154,0,0.01641026698052883
ACH-000417,11282283,0,0.026790695264935493
ACH-000417,11373846,0,0.01540733315050602
ACH-000417,11455910,0,0.07623167335987091
ACH-000417,11485656,0,0.019342461600899696
ACH-000417,11625818,0,0.03419836238026619
ACH-000417,11707110,0,0.3644867241382599
ACH-000417,11713159,0,0.2142520695924759
ACH-000417,11960529,0,0.012742770835757256
ACH-000417,126941,0,0.015047447755932808
ACH-000417,24951314,0,0.0037326281890273094
ACH-000417,25102847,0,0.15234620869159698
ACH-000417,3005532,0,0.10459159314632416
ACH-000417,31703,0,0.027881428599357605
ACH-000417,3463933,0,0.04529781639575958
ACH-000417,4263900,0,0.04908229038119316
ACH-000417,44632017,0,0.0129239521920681
ACH-000417,446378,0,0.045518938452005386
ACH-000417,448013,0,0.07257000356912613
ACH-000417,49806720,0,0.06760610640048981
ACH-000417,51371303,0,0.0199142973870039
ACH-000417,5289247,0,0.045437175780534744
ACH-000417,5311,0,0.010613063350319862
ACH-000417,644241,0,0.06105324253439903
ACH-000417,65110,0,0.01306810975074768
ACH-000417,6914657,0,0.002257657004520297
ACH-000417,704473,0,0.041396986693143845
ACH-000417,84691,0,0.018782110884785652
ACH-000420,10384072,0,0.014665666036307812
ACH-000420,104842,0,0.009875995106995106
ACH-000420,11455910,0,0.04298277199268341
ACH-000420,11493598,0,0.025013074278831482
ACH-000420,11634725,0,0.0054422710090875626
ACH-000420,11713159,0,0.015884118154644966
ACH-000420,16720766,0,0.0256423968821764
ACH-000420,176158,0,0.08358167856931686
ACH-000420,24978538,0,0.06951937824487686
ACH-000420,25222038,0,0.014385465532541275
ACH-000420,3796,0,0.08179682493209839
ACH-000420,44182295,0,0.00040843914030119777
ACH-000420,446378,0,0.09160462021827698
ACH-000420,5208,0,0.073930524289608
ACH-000420,5280757,0,0.09247434139251709
ACH-000420,5289247,0,0.008281703107059002
ACH-000420,5311,0,0.005935822147876024
ACH-000420,5330286,0,0.0029297880828380585
ACH-000420,5460769,0,0.08316945284605026
ACH-000420,560326,0,0.025225289165973663
ACH-000420,6505803,0,0.007800225634127855
ACH-000420,66577006,0,0.055508777499198914
ACH-000420,6753378,0,0.008537579327821732
ACH-000420,6918638,0,0.006716502830386162
ACH-000420,9858940,0,0.04081275686621666
ACH-000420,9863776,0,0.0013055382296442986
ACH-000420,9938202,0,0.039607975631952286
ACH-000420,9943465,0,0.015053343027830124
ACH-000420,9956222,0,0.10937809944152832
ACH-000421,11178236,0,0.004947152454406023
ACH-000421,11282283,0,0.028307976201176643
ACH-000421,11707110,0,0.711544930934906
ACH-000421,11713159,0,0.002172705251723528
ACH-000421,24756910,0,0.006269673351198435
ACH-000421,25195352,0,0.0030031620990484953
ACH-000421,25257557,1,0.047969650477170944
ACH-000421,3796,0,0.09611004590988159
ACH-000421,42642645,0,0.005453255493193865
ACH-000421,44137675,0,0.004660159349441528
ACH-000421,447912,0,0.006914732977747917
ACH-000421,44819241,0,0.008526695892214775
ACH-000421,46883536,0,0.02426665648818016
ACH-000421,46943432,0,0.005351305473595858
ACH-000421,51371303,0,0.02497893199324608
ACH-000421,5208,0,0.0006585715455003083
ACH-000421,5280757,1,0.0191072728484869
ACH-000421,5311497,0,0.0012255726614966989
ACH-000421,54685215,0,0.00643518753349781
ACH-000421,5746,0,0.003877460490912199
ACH-000421,71271629,0,0.009303796105086803
ACH-000421,9810884,0,0.010123681277036667
ACH-000421,9863776,0,0.17568886280059814
ACH-000421,9956119,0,0.04887843504548073
ACH-000422,10074640,0,0.01934167928993702
ACH-000422,10096043,0,0.0026593285147100687
ACH-000422,10451420,0,0.4622563123703003
ACH-000422,11178236,0,0.003698666114360094
ACH-000422,11404337,0,0.004894176032394171
ACH-000422,11625818,0,0.08080825209617615
ACH-000422,11713159,0,0.005286341067403555
ACH-000422,176167,1,0.013742120005190372
ACH-000422,24772860,0,0.0016954640159383416
ACH-000422,24894414,0,0.1598202884197235
ACH-000422,25102847,0,0.12438774108886719
ACH-000422,25126798,0,0.027495065703988075
ACH-000422,3385,0,0.009389800019562244
ACH-000422,44137675,0,0.07284368574619293
ACH-000422,44551660,0,0.009009475819766521
ACH-000422,448013,0,0.007834995165467262
ACH-000422,521106,0,0.022635143250226974
ACH-000422,5289247,0,0.004735708236694336
ACH-000422,6753378,0,0.005743053741753101
ACH-000422,6852167,0,0.1045663133263588
ACH-000422,82146,0,0.024549907073378563
ACH-000422,9884685,0,0.08429765701293945
ACH-000422,9910224,0,0.05784681439399719
ACH-000422,9956119,0,0.06450971215963364
ACH-000423,10077147,0,0.005674579180777073
ACH-000423,10184653,0,0.4370611011981964
ACH-000423,10341154,0,0.0284886434674263
ACH-000423,10459196,0,0.009696252644062042
ACH-000423,11282283,0,0.07991790771484375
ACH-000423,11433190,0,0.24313491582870483
ACH-000423,11485656,0,0.010998166166245937
ACH-000423,11609586,0,0.03124033287167549
ACH-000423,11624601,0,0.15291108191013336
ACH-000423,11667893,0,0.1587647795677185
ACH-000423,1401,0,0.05654790624976158
ACH-000423,156422,0,0.26854923367500305
ACH-000423,16725726,1,0.20922131836414337
ACH-000423,2375,1,0.015481987968087196
ACH-000423,24180719,1,0.4244752824306488
ACH-000423,24756910,0,0.03432266786694527
ACH-000423,24772860,0,0.008208795450627804
ACH-000423,24785538,1,0.12252511084079742
ACH-000423,24826799,0,0.004064790904521942
ACH-000423,25126798,0,0.07463144510984421
ACH-000423,25222038,0,0.006621029227972031
ACH-000423,3005532,0,0.07026885449886322
ACH-000423,42642645,0,0.010431157425045967
ACH-000423,44450571,0,0.16072922945022583
ACH-000423,44462760,1,0.46352508664131165
ACH-000423,447912,0,0.012081949040293694
ACH-000423,5311497,0,0.006709177978336811
ACH-000423,5459322,1,0.10429730266332626
ACH-000423,5460769,0,0.015987347811460495
ACH-000423,5746,0,0.00934027973562479
ACH-000423,60750,0,0.006979862228035927
ACH-000423,6450551,0,0.004202363546937704
ACH-000423,6914657,0,0.010747717693448067
ACH-000423,704473,0,0.08959943056106567
ACH-000423,85668777,0,0.5453385710716248
ACH-000423,9826528,1,0.888457715511322
ACH-000423,9884685,0,0.005446590483188629
ACH-000425,10096043,0,0.010015707463026047
ACH-000425,10200390,0,0.0037991416174918413
ACH-000425,11152667,0,0.029125764966011047
ACH-000425,11373846,0,0.00492873415350914
ACH-000425,11485656,0,0.0084147397428751
ACH-000425,11640390,0,0.1077125295996666
ACH-000425,11960529,0,0.05191543325781822
ACH-000425,123631,0,0.059770841151475906
ACH-000425,16725726,0,0.011926411651074886
ACH-000425,176158,0,0.02218981832265854
ACH-000425,216326,0,0.0634046196937561
ACH-000425,24772860,0,0.0001116355269914493
ACH-000425,25022668,0,0.008649642579257488
ACH-000425,25167777,0,0.00023274430714081973
ACH-000425,3218,1,0.050480376929044724
ACH-000425,3463933,1,0.03631862625479698
ACH-000425,44224160,0,3.886986451107077e-05
ACH-000425,444795,0,0.04058319702744484
ACH-000425,44551660,0,0.00038056710036471486
ACH-000425,44632017,0,0.00673360051587224
ACH-000425,46943432,0,0.0007730338838882744
ACH-000425,49806720,0,0.03577594831585884
ACH-000425,51371303,0,0.02201591432094574
ACH-000425,5278396,0,0.00883510336279869
ACH-000425,5327091,0,0.039597488939762115
ACH-000425,5328940,0,0.1639977991580963
ACH-000425,53394750,0,0.020293746143579483
ACH-000425,5460769,0,0.020772293210029602
ACH-000425,54685215,0,0.03519432619214058
ACH-000425,560326,0,0.0023899816442281008
ACH-000425,6505803,0,0.11941041052341461
ACH-000425,6918454,0,0.79952073097229
ACH-000425,704473,0,0.02037184126675129
ACH-000425,9813758,0,0.003930275794118643
ACH-000425,9911830,0,0.008010477758944035
ACH-000427,10127622,0,0.16791823506355286
ACH-000427,10184653,1,0.04365043714642525
ACH-000427,126941,0,0.0012259165523573756
ACH-000427,148124,0,0.01468067429959774
ACH-000427,24978538,0,0.0012611960992217064
ACH-000427,25262965,0,0.0002603348111733794
ACH-000427,2726824,0,0.0206009428948164
ACH-000427,444795,0,0.0005939022521488369
ACH-000427,5278396,0,0.0006290478049777448
ACH-000427,5311,0,0.00017145297897513956
ACH-000427,6253,0,0.005992099642753601
ACH-000427,6918454,0,0.0228141900151968
ACH-000427,85668777,0,0.026913030073046684
ACH-000429,10196499,0,0.49151962995529175
ACH-000429,11152667,0,0.0036003857385367155
ACH-000429,11316960,0,0.008869790472090244
ACH-000429,11493598,0,0.017683682963252068
ACH-000429,11626560,0,0.1514197438955307
ACH-000429,11640390,0,0.12899574637413025
ACH-000429,1401,1,0.027692761272192
ACH-000429,148124,0,0.1253935545682907
ACH-000429,16663089,0,0.13706175982952118
ACH-000429,16747388,0,0.02908918261528015
ACH-000429,16760646,0,0.014413096010684967
ACH-000429,176167,0,0.025275539606809616
ACH-000429,24776445,0,0.012447401881217957
ACH-000429,24785538,0,0.36409521102905273
ACH-000429,25195352,0,0.011152124032378197
ACH-000429,300471,0,0.0363876074552536
ACH-000429,36462,0,0.005072711035609245
ACH-000429,44224160,0,0.008059505373239517
ACH-000429,444795,0,0.04153890907764435
ACH-000429,44632017,0,0.02148529700934887
ACH-000429,448013,0,0.1241140142083168
ACH-000429,46191454,0,0.011851116083562374
ACH-000429,46885626,0,0.04135778173804283
ACH-000429,49836027,0,0.24199730157852173
ACH-000429,5280757,0,0.0807691290974617
ACH-000429,5329102,0,0.0486392043530941
ACH-000429,6450816,0,0.010607002303004265
ACH-000429,6505803,0,0.03277304768562317
ACH-000429,6710780,0,0.004539810586720705
ACH-000429,6914657,0,0.002722854260355234
ACH-000429,71271629,0,0.006625795271247625
ACH-000429,76044,0,0.012936477549374104
ACH-000429,82146,1,0.05538336560130119
ACH-000429,9810884,1,0.7377523183822632
ACH-000429,9826308,0,0.035602815449237823
ACH-000430,10077147,0,0.003998120315372944
ACH-000430,10096043,0,0.0029295622371137142
ACH-000430,10109823,1,0.005347094032913446
ACH-000430,11485656,0,0.0034539762418717146
ACH-000430,11634725,0,0.03826490417122841
ACH-000430,11707110,1,0.9547356367111206
ACH-000430,11754511,0,0.0003421289729885757
ACH-000430,148124,0,0.026830526068806648
ACH-000430,17755052,0,0.0035671007353812456
ACH-000430,216326,0,0.1431083083152771
ACH-000430,2314623,0,0.16926221549510956
ACH-000430,2375,0,0.02368154749274254
ACH-000430,24772860,0,4.0708011511014774e-05
ACH-000430,24951314,0,4.867539246333763e-05
ACH-000430,25195352,0,0.0001874878944363445
ACH-000430,25262965,0,0.005615888629108667
ACH-000430,300471,0,0.17598114907741547
ACH-000430,3218,0,0.11004140973091125
ACH-000430,3385,0,0.013116666115820408
ACH-000430,44224160,0,3.396740430616774e-05
ACH-000430,44462760,1,0.7815372943878174
ACH-000430,444795,0,0.026456836611032486
ACH-000430,44819241,1,0.2136918306350708
ACH-000430,521106,0,0.0011865812120959163
ACH-000430,5311,0,0.017258767038583755
ACH-000430,53394750,0,0.015548435039818287
ACH-000430,6253,0,0.11068997532129288
ACH-000430,637858,0,0.4062282145023346
ACH-000430,6450551,0,0.007528495043516159
ACH-000430,65110,0,0.026171116158366203
ACH-000430,9858940,1,0.2420937567949295
ACH-000430,9884685,0,2.4874734663171694e-05
ACH-000430,9903786,0,0.00011765962699428201
ACH-000430,9931953,0,0.14067262411117554
ACH-000430,9952773,0,0.00015807480667717755
ACH-000432,10027278,0,0.18220120668411255
ACH-000432,10074640,1,0.5743528008460999
ACH-000432,10109823,0,0.03880481794476509
ACH-000432,10113978,0,0.057517826557159424
ACH-000432,10127622,0,0.19680936634540558
ACH-000432,10172943,0,0.21128372848033905
ACH-000432,11282283,0,0.2685501277446747
ACH-000432,11960529,1,0.7477561235427856
ACH-000432,11977753,0,0.08548281341791153
ACH-000432,16038120,0,0.05997304990887642
ACH-000432,16725726,1,0.46123456954956055
ACH-000432,176158,1,0.33762240409851074
ACH-000432,176167,0,0.044174037873744965
ACH-000432,17755052,0,0.42281973361968994
ACH-000432,208908,0,0.08795462548732758
ACH-000432,24772860,0,0.03959374129772186
ACH-000432,24825971,0,0.10470112413167953
ACH-000432,24826799,0,0.31272563338279724
ACH-000432,24951314,0,0.15209317207336426
ACH-000432,24978538,1,0.6713686585426331
ACH-000432,25124816,0,0.04515475779771805
ACH-000432,25167777,0,0.08637136220932007
ACH-000432,2726824,0,0.13175053894519806
ACH-000432,2733526,1,0.4352481961250305
ACH-000432,3218,0,0.47949326038360596
ACH-000432,4263900,0,0.599564790725708
ACH-000432,44224160,0,0.017819322645664215
ACH-000432,44551660,1,0.15348969399929047
ACH-000432,46191454,0,0.22946380078792572
ACH-000432,46907787,0,0.12142553180456161
ACH-000432,49821040,0,0.08640068024396896
ACH-000432,5208,0,0.2941884994506836
ACH-000432,521106,0,0.41897445917129517
ACH-000432,5327091,0,0.251031756401062
ACH-000432,5329102,0,0.11180195212364197
ACH-000432,53302361,0,0.4217270314693451
ACH-000432,56962337,1,0.6289101243019104
ACH-000432,6914657,0,0.011338293552398682
ACH-000432,6918454,1,0.36952272057533264
ACH-000432,7251185,0,0.7227623462677002
ACH-000432,9549184,1,0.5889106392860413
ACH-000432,9826308,0,0.016260595992207527
ACH-000432,9931953,1,0.3262936770915985
ACH-000432,9943465,0,0.1715630143880844
ACH-000432,9956119,0,0.08797501772642136
ACH-000432,9956222,0,0.0245622880756855
ACH-000432,9967941,0,0.026307441294193268
ACH-000433,10027278,0,0.1222916841506958
ACH-000433,10074640,0,0.029306955635547638
ACH-000433,10196499,0,0.4107469916343689
ACH-000433,10200390,0,0.01238050777465105
ACH-000433,11152667,0,0.012907702475786209
ACH-000433,11640390,0,0.024358537048101425
ACH-000433,11707110,0,0.008156673051416874
ACH-000433,126565,0,0.04760276526212692
ACH-000433,126941,0,0.07702258229255676
ACH-000433,16722836,0,0.0018794271163642406
ACH-000433,16725726,0,0.3601190745830536
ACH-000433,23725625,0,0.06132454425096512
ACH-000433,24785538,0,0.07710561901330948
ACH-000433,25124816,0,0.2750150263309479
ACH-000433,25195352,0,0.0028292264323681593
ACH-000433,3385,0,0.017299843952059746
ACH-000433,36462,0,0.035948026925325394
ACH-000433,44224160,0,0.0023740127217024565
ACH-000433,44462760,0,0.006103749852627516
ACH-000433,44632017,0,0.18326474726200104
ACH-000433,448013,0,0.0941164568066597
ACH-000433,44819241,0,0.1670117974281311
ACH-000433,46224516,0,0.0016319273272529244
ACH-000433,49806720,0,0.04194483533501625
ACH-000433,51371303,0,0.11406873911619186
ACH-000433,5280757,0,0.2880241870880127
ACH-000433,54685215,0,0.2532694935798645
ACH-000433,6753378,0,0.003415976883843541
ACH-000433,6918848,0,0.00100229331292212
ACH-000433,71271629,0,0.03001498430967331
ACH-000433,85668777,1,0.03251325711607933
ACH-000433,9863776,0,0.004503584001213312
ACH-000433,9884685,0,0.001810988294892013
ACH-000433,9911830,0,0.04811215400695801
ACH-000433,9938202,0,0.09091835469007492
ACH-000433,9956222,0,0.009887153282761574
ACH-000434,10113978,0,0.018519381061196327
ACH-000434,10200390,0,0.0021821099799126387
ACH-000434,10451420,0,0.15460780262947083
ACH-000434,11373846,0,0.011016126722097397
ACH-000434,11625818,0,0.002310273004695773
ACH-000434,25126798,0,0.007124345749616623
ACH-000434,2726824,0,0.012999036349356174
ACH-000434,2733526,0,0.003196374513208866
ACH-000434,3218,0,0.007997333072125912
ACH-000434,3796,0,0.0062849512323737144
ACH-000434,42640,0,0.006007438525557518
ACH-000434,42642645,0,0.0019969313871115446
ACH-000434,44462760,1,0.3469592332839966
ACH-000434,448013,0,0.03165455535054207
ACH-000434,46885626,0,0.013959030620753765
ACH-000434,49806720,0,0.05917239189147949
ACH-000434,51371303,0,0.0020735058933496475
ACH-000434,5280757,0,0.040125731378793716
ACH-000434,56962337,0,0.007509045768529177
ACH-000434,5746,0,0.016844647005200386
ACH-000434,6445562,0,0.006580575834959745
ACH-000434,6918638,0,0.0004656217060983181
ACH-000434,9813758,0,0.006287181284278631
ACH-000434,9863776,0,0.07729165256023407
ACH-000434,9956222,0,0.0004663321014959365
ACH-000434,9967941,1,0.006651395000517368
ACH-000437,104842,0,0.013542533852159977
ACH-000437,16720766,0,0.07900671660900116
ACH-000437,2375,0,0.036735087633132935
ACH-000437,24756910,0,0.00029640833963640034
ACH-000437,24894414,0,0.0028807276394218206
ACH-000437,25126798,0,0.005747768562287092
ACH-000437,25167777,0,0.0012277406640350819
ACH-000437,3005532,1,0.00987482350319624
ACH-000437,31703,0,0.0003924400079995394
ACH-000437,36462,0,0.004288993775844574
ACH-000437,447912,0,0.0026859892532229424
ACH-000437,5113032,0,0.04304765164852142
ACH-000437,521106,0,0.0008461515535600483
ACH-000437,5394,0,0.06875785440206528
ACH-000437,5459322,0,0.06079735606908798
ACH-000437,560326,0,0.01608741655945778
ACH-000437,6445533,0,0.004773998633027077
ACH-000437,66577006,0,0.0011158866109326482
ACH-000437,85668777,0,0.012564539909362793
ACH-000437,9810884,0,0.02220976911485195
ACH-000437,9858940,0,0.04328638315200806
ACH-000437,9868037,0,0.0060289110988378525
ACH-000437,9874913,0,0.004599281121045351
ACH-000437,9931953,0,0.20431901514530182
ACH-000437,9938202,0,0.0915885642170906
ACH-000437,9956222,0,0.0010723317973315716
ACH-000437,9967941,0,0.0011577013647183776
ACH-000438,10077147,0,0.0002908920869231224
ACH-000438,104842,0,0.0002519968547858298
ACH-000438,11338033,0,3.0316745323943906e-05
ACH-000438,11617559,0,0.0252648014575243
ACH-000438,11625818,0,0.006019403226673603
ACH-000438,1401,0,0.0027760432567447424
ACH-000438,160355,0,0.00021182636555749923
ACH-000438,16722836,0,0.0003465911140665412
ACH-000438,176870,0,0.006965909618884325
ACH-000438,216239,0,0.00015095857088454068
ACH-000438,216326,0,0.008595410734415054
ACH-000438,2314623,0,0.015663422644138336
ACH-000438,24180719,0,0.00690112542361021
ACH-000438,24756910,0,0.0020563986618071795
ACH-000438,24825971,0,0.00033822504337877035
ACH-000438,25124816,1,0.0009954443667083979
ACH-000438,25262965,0,0.0010610668687149882
ACH-000438,3005532,0,9.779380343388766e-05
ACH-000438,3062316,0,0.0018278437200933695
ACH-000438,31703,0,7.638898750883527e-06
ACH-000438,3218,0,0.000297721941024065
ACH-000438,3796,0,0.000762617914006114
ACH-000438,44137675,0,0.0007633068016730249
ACH-000438,44182295,0,0.0005466911243274808
ACH-000438,44632017,0,5.6716991821303964e-05
ACH-000438,446378,0,0.00015880298451520503
ACH-000438,46843772,0,0.007490334566682577
ACH-000438,46883536,0,0.004428987391293049
ACH-000438,5329102,0,1.8553162590251304e-05
ACH-000438,5330286,0,0.0002609625516925007
ACH-000438,53340664,0,0.0003208077105227858
ACH-000438,53394750,0,0.23397940397262573
ACH-000438,5394,0,0.005370499566197395
ACH-000438,56962337,0,0.003946190234273672
ACH-000438,56965967,0,0.0003723001864273101
ACH-000438,6253,0,0.0002724973310250789
ACH-000438,66577006,0,0.0032870578579604626
ACH-000438,6914657,0,4.3011343223042786e-05
ACH-000438,84691,0,0.00021548026415985078
ACH-000438,9549184,0,0.013141713105142117
ACH-000438,9810884,0,0.393304705619812
ACH-000438,9813758,0,0.012786136008799076
ACH-000438,9826308,0,1.8778592902890523e-06
ACH-000438,9907093,0,0.0006447791238315403
ACH-000438,9910224,0,0.01872297190129757
ACH-000438,9938202,0,0.009578533470630646
ACH-000438,9952773,0,0.0001840272598201409
ACH-000439,10096043,0,5.020611934014596e-05
ACH-000439,10451420,0,0.5032359957695007
ACH-000439,10459196,0,0.001970648765563965
ACH-000439,11373846,0,0.3265742361545563
ACH-000439,11404337,0,0.0004206050361972302
ACH-000439,11485656,0,0.0031475932337343693
ACH-000439,11493598,0,0.2745232582092285
ACH-000439,11617559,0,0.03984984755516052
ACH-000439,11624601,0,0.0017859973013401031
ACH-000439,156422,0,0.006116960197687149
ACH-000439,16747388,1,0.18936030566692352
ACH-000439,176167,0,0.03315648064017296
ACH-000439,17755052,0,0.00011752989667002112
ACH-000439,208908,0,0.004197100643068552
ACH-000439,23725625,0,0.00129124301020056
ACH-000439,24951314,0,0.001185014029033482
ACH-000439,25124816,0,0.0019251976627856493
ACH-000439,25126798,0,0.05828401818871498
ACH-000439,25262965,0,0.00035772143746726215
ACH-000439,3005532,0,0.0007167184958234429
ACH-000439,36314,0,8.410264126723632e-05
ACH-000439,42640,0,0.00054185587214306
ACH-000439,46191454,0,0.011567042209208012
ACH-000439,46844147,0,0.0004498612252064049
ACH-000439,46885626,0,0.12055671215057373
ACH-000439,46943432,1,0.10070009529590607
ACH-000439,49821040,0,0.0017742975614964962
ACH-000439,49836027,0,0.0003109396784566343
ACH-000439,4993,0,0.0027006997261196375
ACH-000439,5289247,1,0.5696045756340027
ACH-000439,5329102,0,0.0003523349587339908
ACH-000439,5330286,0,0.010437277145683765
ACH-000439,54685215,0,0.0004768095968756825
ACH-000439,5494449,0,0.001742948079481721
ACH-000439,56962337,0,0.0029909471049904823
ACH-000439,5717801,0,2.211777973570861e-05
ACH-000439,6253,0,0.0028380434960126877
ACH-000439,637858,0,0.0033024847507476807
ACH-000439,644241,0,0.02828938327729702
ACH-000439,6450551,0,0.0005401356029324234
ACH-000439,6450816,0,6.428440974559635e-05
ACH-000439,6918289,0,0.004669287241995335
ACH-000439,6918638,0,0.008581102825701237
ACH-000439,9910224,0,0.024332888424396515
ACH-000439,9956119,0,0.0026471021119505167
ACH-000440,10302451,0,0.03186102584004402
ACH-000440,10384072,0,0.014901491813361645
ACH-000440,10451420,1,0.9728353023529053
ACH-000440,11152667,0,0.03115522302687168
ACH-000440,11178236,0,0.0062188818119466305
ACH-000440,11282283,0,0.18100713193416595
ACH-000440,11433190,0,0.12085623294115067
ACH-000440,11455910,0,0.003809112822636962
ACH-000440,11485656,0,0.20352859795093536
ACH-000440,11626560,0,0.03858419507741928
ACH-000440,11634725,0,0.022738484665751457
ACH-000440,11676786,0,0.004875762388110161
ACH-000440,11977753,0,0.004723876249045134
ACH-000440,126565,0,0.03213709965348244
ACH-000440,1401,0,0.04218989238142967
ACH-000440,160355,0,0.16860759258270264
ACH-000440,16095342,0,0.1025887206196785
ACH-000440,2314623,0,0.03270726278424263
ACH-000440,23725625,0,0.06426025927066803
ACH-000440,24776445,0,0.06079285219311714
ACH-000440,24894414,1,0.7451475858688354
ACH-000440,25102847,0,0.2283647656440735
ACH-000440,25126798,0,0.27041125297546387
ACH-000440,3005532,0,0.005876612383872271
ACH-000440,3385,0,0.11732208728790283
ACH-000440,4261,0,0.015311550348997116
ACH-000440,44137675,0,0.039820846170186996
ACH-000440,44182295,0,0.0006927819922566414
ACH-000440,444795,0,0.08662761747837067
ACH-000440,44551660,1,0.6806542873382568
ACH-000440,521106,1,0.05498094856739044
ACH-000440,5311,0,0.057957883924245834
ACH-000440,5330286,0,0.023146294057369232
ACH-000440,5394,0,0.051090504974126816
ACH-000440,5459322,0,0.01790662296116352
ACH-000440,5460769,0,0.02327648177742958
ACH-000440,5746,0,0.014897312968969345
ACH-000440,644241,0,0.1341797262430191
ACH-000440,6450551,0,0.0188006442040205
ACH-000440,6918454,0,0.0008136751712299883
ACH-000440,9549184,0,0.3307569622993469
ACH-000440,9868037,0,0.3728578984737396
ACH-000440,9884685,1,0.8872780799865723
ACH-000440,9910224,0,0.45640918612480164
ACH-000440,9914412,0,0.10230177640914917
ACH-000440,9931953,0,0.019855599850416183
ACH-000441,10074640,0,0.07446911185979843
ACH-000441,10113978,1,0.009532375261187553
ACH-000441,10200390,0,0.021034959703683853
ACH-000441,10302451,0,0.0450797900557518
ACH-000441,11178236,0,0.009387067519128323
ACH-000441,11316960,1,0.6634705066680908
ACH-000441,11404337,1,0.2173987179994583
ACH-000441,11485656,0,0.02316761389374733
ACH-000441,11625818,0,0.030069878324866295
ACH-000441,11707110,1,0.981126606464386
ACH-000441,11713159,0,0.017406636849045753
ACH-000441,11754511,0,0.017223477363586426
ACH-000441,11960529,0,0.03531107306480408
ACH-000441,11977753,0,0.04131755977869034
ACH-000441,123631,0,0.1145496740937233
ACH-000441,2314623,0,0.07973698526620865
ACH-000441,23725625,0,0.026207374408841133
ACH-000441,24785538,0,0.18717624247074127
ACH-000441,24951314,0,0.004926856607198715
ACH-000441,3385,0,0.06097656860947609
ACH-000441,3463933,1,0.05825455114245415
ACH-000441,36314,0,0.01908808946609497
ACH-000441,3796,0,0.1694251447916031
ACH-000441,42640,0,0.010068980976939201
ACH-000441,42642645,0,0.02604069747030735
ACH-000441,44182295,1,0.9712386727333069
ACH-000441,44551660,0,0.018571743741631508
ACH-000441,49821040,0,0.03770791366696358
ACH-000441,5327091,0,0.033217787742614746
ACH-000441,53302361,0,0.005476048216223717
ACH-000441,60750,0,0.010049606673419476
ACH-000441,6253,0,0.03779323771595955
ACH-000441,6450551,0,0.01512143760919571
ACH-000441,6852167,0,0.041014913469552994
ACH-000441,6918638,0,0.014674688689410686
ACH-000441,6918848,0,0.01831960305571556
ACH-000441,9874913,0,0.0790068656206131
ACH-000441,9910224,0,0.021082764491438866
ACH-000441,9911830,0,0.02222071960568428
ACH-000441,9943465,0,0.20978286862373352
ACH-000443,10077147,0,8.969917689682916e-05
ACH-000443,10096043,0,1.1381992408132646e-05
ACH-000443,10127622,0,0.0759005919098854
ACH-000443,10196499,0,4.213817010167986e-05
ACH-000443,10200390,0,3.0387080187210813e-05
ACH-000443,104842,0,0.00012389318726491183
ACH-000443,11316960,0,0.01861027628183365
ACH-000443,11327430,0,5.0767779612215236e-05
ACH-000443,11404337,0,0.00012867222540080547
ACH-000443,11624601,0,0.0019760222639888525
ACH-000443,11625818,0,0.0026133074425160885
ACH-000443,11707110,0,0.3167213797569275
ACH-000443,176158,0,9.356735972687602e-05
ACH-000443,176167,0,0.05136476457118988
ACH-000443,216326,0,0.00242538726888597
ACH-000443,24772860,0,5.139278437127359e-05
ACH-000443,24826799,0,1.3218208550824784e-05
ACH-000443,24894414,0,0.009155306033790112
ACH-000443,25124816,0,0.0015635921154171228
ACH-000443,25167777,0,6.424451566999778e-05
ACH-000443,25257557,0,0.819405198097229
ACH-000443,25262965,0,6.926092464709654e-05
ACH-000443,2733526,0,0.0015194257721304893
ACH-000443,4263900,0,3.935902350349352e-05
ACH-000443,44224160,0,1.997818981180899e-05
ACH-000443,447912,0,0.0017648787470534444
ACH-000443,46883536,0,0.0032210114877671003
ACH-000443,46885626,0,0.010626140050590038
ACH-000443,46930998,0,0.00012995285214856267
ACH-000443,49806720,0,0.3286926746368408
ACH-000443,5328940,0,0.001325308228842914
ACH-000443,53302361,0,2.137141018465627e-05
ACH-000443,5330286,0,0.001095280866138637
ACH-000443,53394750,0,0.31139907240867615
ACH-000443,54676905,0,0.000991818611510098
ACH-000443,560326,0,4.958787758368999e-05
ACH-000443,60750,0,2.403946200502105e-05
ACH-000443,6445533,0,0.0014066429575905204
ACH-000443,6450816,0,4.1385686927242205e-05
ACH-000443,6505803,0,0.0001657241809880361
ACH-000443,66577006,0,0.002058809157460928
ACH-000443,6753378,0,0.0261978879570961
ACH-000443,6914657,0,9.580787445884198e-05
ACH-000443,704473,0,0.025807885453104973
ACH-000443,84691,0,0.0002838595537468791
ACH-000443,9863776,0,0.013660035096108913
ACH-000443,9911830,0,0.00014631041267421097
ACH-000443,9938202,0,0.00523005984723568
ACH-000443,9967941,0,0.07301092147827148
ACH-000447,10200390,0,0.036265600472688675
ACH-000447,11178236,0,0.013352709822356701
ACH-000447,11338033,0,0.0006235386827029288
ACH-000447,11373846,0,0.005090739112347364
ACH-000447,11625818,0,0.043085429817438126
ACH-000447,24756910,0,0.009964670054614544
ACH-000447,24772860,0,0.0005745022208429873
ACH-000447,25022668,1,0.1654367297887802
ACH-000447,25102847,0,0.0845581516623497
ACH-000447,25195352,1,0.008459970355033875
ACH-000447,3385,0,0.03912363573908806
ACH-000447,42640,0,0.06552371382713318
ACH-000447,446378,0,0.1917615681886673
ACH-000447,521106,0,0.07523967325687408
ACH-000447,53340664,0,0.015280152671039104
ACH-000447,5459322,0,0.11980114132165909
ACH-000447,637858,0,0.03795899078249931
ACH-000447,6445533,0,0.11609229445457458
ACH-000447,6450816,0,0.003100709291175008
ACH-000447,6852167,0,0.014480527490377426
ACH-000447,704473,0,0.063148632645607
ACH-000447,71271629,0,0.017025131732225418
ACH-000447,82146,0,0.09240753948688507
ACH-000447,9868037,0,0.029181910678744316
ACH-000447,9874913,0,0.05282868072390556
ACH-000447,9884685,0,0.0020859085489064455
ACH-000447,9903786,0,0.0016320958966389298
ACH-000449,10077147,0,0.04578796774148941
ACH-000449,10127622,0,0.21647128462791443
ACH-000449,11178236,0,0.009603573009371758
ACH-000449,11327430,0,0.03908336162567139
ACH-000449,11373846,0,0.0029622188303619623
ACH-000449,11493598,0,0.011699104681611061
ACH-000449,11609586,0,0.0220051109790802
ACH-000449,11617559,0,0.016242681071162224
ACH-000449,11634725,0,0.05158429965376854
ACH-000449,11647372,0,0.003403961192816496
ACH-000449,123631,0,0.14236076176166534
ACH-000449,23725625,0,0.020120913162827492
ACH-000449,2375,0,0.016659211367368698
ACH-000449,24776445,0,0.025838829576969147
ACH-000449,25124816,0,0.09614285826683044
ACH-000449,2726824,0,0.04084767401218414
ACH-000449,36462,0,0.024585038423538208
ACH-000449,3796,0,0.030264675617218018
ACH-000449,42640,0,0.019859373569488525
ACH-000449,42642645,0,0.08516227453947067
ACH-000449,44182295,0,0.08181077986955643
ACH-000449,44450571,0,0.06842920184135437
ACH-000449,44551660,0,0.000715714180842042
ACH-000449,447912,0,0.010517061688005924
ACH-000449,46191454,0,0.0023767100647091866
ACH-000449,46883536,0,0.01263806875795126
ACH-000449,46931012,0,0.0010908559197559953
ACH-000449,5311,0,0.010443292558193207
ACH-000449,54676905,0,0.05007772520184517
ACH-000449,56962337,0,0.017215082421898842
ACH-000449,56965967,0,0.006779929157346487
ACH-000449,5746,0,0.10511843115091324
ACH-000449,6445533,0,0.15295173227787018
ACH-000449,6450816,0,0.002822560491040349
ACH-000449,65110,0,0.012336228042840958
ACH-000449,6918848,0,0.0006034976686351001
ACH-000449,8249,0,0.012025578878819942
ACH-000449,9903786,0,0.000600010622292757
ACH-000449,9914412,0,0.08043520152568817
ACH-000449,9956222,0,0.006056204438209534
ACH-000450,11316960,1,0.9549229145050049
ACH-000450,11977753,0,0.08064748346805573
ACH-000450,126565,0,0.0584665983915329
ACH-000450,176158,0,0.0047988868318498135
ACH-000450,24978538,0,0.028741372749209404
ACH-000450,44182295,1,0.9897827506065369
ACH-000450,44632017,0,0.0015942893223837018
ACH-000450,51371303,0,0.01734394207596779
ACH-000450,5278396,0,0.002887735143303871
ACH-000450,5394,0,0.1143646165728569
ACH-000450,6918289,1,0.10862545669078827
ACH-000450,9826528,1,0.9885799288749695
ACH-000450,9858940,1,0.06754555553197861
ACH-000450,9863776,1,0.9401450753211975
ACH-000450,9943465,0,0.41292351484298706
ACH-000451,10074640,0,0.06676940619945526
ACH-000451,10096043,0,0.0020092155318707228
ACH-000451,10196499,0,0.06781156361103058
ACH-000451,10451420,1,0.053575750440359116
ACH-000451,104842,0,0.0035480118822306395
ACH-000451,11178236,0,0.09622995555400848
ACH-000451,11327430,0,0.0074274130165576935
ACH-000451,11493598,0,0.12458208203315735
ACH-000451,11624601,0,0.08856522291898727
ACH-000451,156422,0,0.20918913185596466
ACH-000451,159324,0,0.030587133020162582
ACH-000451,24756910,0,0.08388004451990128
ACH-000451,24894414,0,0.047355685383081436
ACH-000451,25126798,0,0.1092275008559227
ACH-000451,25257557,1,0.47422608733177185
ACH-000451,2726824,0,0.07933791726827621
ACH-000451,3218,0,0.009504404850304127
ACH-000451,3385,0,0.011450393125414848
ACH-000451,3463933,0,0.19541901350021362
ACH-000451,44143370,0,0.4832865595817566
ACH-000451,51371303,0,0.09214536100625992
ACH-000451,5289247,0,0.12006203830242157
ACH-000451,5311497,0,0.0021625461522489786
ACH-000451,53302361,0,0.011132637970149517
ACH-000451,54685215,0,0.01898748055100441
ACH-000451,56962337,0,0.026406260207295418
ACH-000451,57339144,0,0.03582155704498291
ACH-000451,6445562,0,0.6132158637046814
ACH-000451,9810884,1,0.1155073419213295
ACH-000451,9868037,0,0.03445691242814064
ACH-000451,9884685,1,0.04650568589568138
ACH-000451,9938202,0,0.08835936337709427
ACH-000451,9956222,0,0.03682523965835571
ACH-000452,10172943,0,0.45412737131118774
ACH-000452,10390396,1,0.4739226996898651
ACH-000452,10459196,0,0.08274595439434052
ACH-000452,11178236,0,0.023777106776833534
ACH-000452,11316960,0,0.04091647267341614
ACH-000452,11364421,1,0.32563719153404236
ACH-000452,11625818,0,0.03348514065146446
ACH-000452,11634725,0,0.0348760224878788
ACH-000452,11676786,0,0.038298800587654114
ACH-000452,11707110,1,0.14253614842891693
ACH-000452,11960529,0,0.02668708935379982
ACH-000452,11977753,0,0.041649796068668365
ACH-000452,126941,0,0.016920503228902817
ACH-000452,16095342,0,0.2868613302707672
ACH-000452,16720766,0,0.07821666449308395
ACH-000452,16722836,0,0.00695438776165247
ACH-000452,216326,0,0.01801971159875393
ACH-000452,24825971,0,0.2005731165409088
ACH-000452,24978538,0,0.06204621121287346
ACH-000452,25262965,0,0.015245191752910614
ACH-000452,3218,0,0.04552515223622322
ACH-000452,36462,0,0.026919664815068245
ACH-000452,3796,0,0.0783628523349762
ACH-000452,44143370,0,0.02824781835079193
ACH-000452,448013,1,0.7499092817306519
ACH-000452,44819241,0,0.04767478629946709
ACH-000452,46930998,0,0.03821101412177086
ACH-000452,521106,0,0.089356429874897
ACH-000452,5278396,0,0.020292356610298157
ACH-000452,5327091,0,0.08151593804359436
ACH-000452,5329102,0,0.07237204909324646
ACH-000452,5494449,0,0.182101771235466
ACH-000452,560326,0,0.03499315306544304
ACH-000452,5717801,0,0.030035018920898438
ACH-000452,57339144,0,0.02506398968398571
ACH-000452,6505803,0,0.21840336918830872
ACH-000452,6918848,0,0.0016171518946066499
ACH-000452,71271629,0,0.011065938510000706
ACH-000452,84691,0,0.05178016424179077
ACH-000452,85668777,0,0.1312701553106308
ACH-000452,9549184,1,0.8423230648040771
ACH-000452,9863776,1,0.019954074174165726
ACH-000452,9931953,1,0.06601835787296295
ACH-000452,9956222,0,0.019204920157790184
ACH-000456,10127622,1,0.2987922728061676
ACH-000456,10451420,0,0.031149569898843765
ACH-000456,11178236,0,0.0036668917164206505
ACH-000456,11493598,0,0.012544329278171062
ACH-000456,11609586,0,0.053854748606681824
ACH-000456,11640390,0,0.060149699449539185
ACH-000456,11977753,0,0.03391670435667038
ACH-000456,156422,0,0.07051096856594086
ACH-000456,2314623,1,0.060208842158317566
ACH-000456,24772860,0,0.00024095697153825313
ACH-000456,24889392,0,0.02206820249557495
ACH-000456,24894414,0,0.01174817606806755
ACH-000456,24951314,0,0.0005468581221066415
ACH-000456,3385,0,0.02386241964995861
ACH-000456,3796,0,0.006093788892030716
ACH-000456,44143370,1,0.00451804231852293
ACH-000456,447912,0,0.013395129702985287
ACH-000456,448013,0,0.007781530264765024
ACH-000456,44819241,0,0.06491859257221222
ACH-000456,5280757,0,0.12180713564157486
ACH-000456,5330286,0,0.04103180393576622
ACH-000456,53394750,0,0.14292937517166138
ACH-000456,5460769,0,0.055470362305641174
ACH-000456,56962337,0,0.04015391692519188
ACH-000456,57339144,0,0.05008012801408768
ACH-000456,66577006,0,0.006791559047996998
ACH-000456,6753378,0,0.0029312227852642536
ACH-000456,85668777,0,0.04004191234707832
ACH-000456,9810884,1,0.18941187858581543
ACH-000456,9858940,0,0.06937307119369507
ACH-000456,9868037,0,0.03926592692732811
ACH-000456,9910224,0,0.011313476599752903
ACH-000456,9911830,0,0.03464702144265175
ACH-000456,9931953,0,0.059892043471336365
ACH-000456,9967941,0,0.007151288446038961
ACH-000457,10127622,1,0.09097228199243546
ACH-000457,10196499,0,0.012732385657727718
ACH-000457,11316960,0,0.08188187330961227
ACH-000457,11404337,0,0.004555985797196627
ACH-000457,11485656,0,0.011874742805957794
ACH-000457,11667893,0,0.140573188662529
ACH-000457,2375,0,0.05582452937960625
ACH-000457,24756910,0,0.00258077634498477
ACH-000457,24951314,0,0.0004158468509558588
ACH-000457,24978538,0,0.2860499918460846
ACH-000457,25222038,0,0.001149267191067338
ACH-000457,3796,0,0.00688757561147213
ACH-000457,44143370,0,0.006098481360822916
ACH-000457,44182295,0,0.005325192119926214
ACH-000457,44462760,0,0.02345491386950016
ACH-000457,446378,0,0.07167664170265198
ACH-000457,46943432,0,0.0011607595952227712
ACH-000457,49806720,0,0.12195029854774475
ACH-000457,51371303,0,0.10619127750396729
ACH-000457,5280757,0,0.2613185942173004
ACH-000457,5289247,0,0.02258504182100296
ACH-000457,5460769,1,0.2574708163738251
ACH-000457,5746,0,0.0958724096417427
ACH-000457,6450816,0,0.0007994418847374618
ACH-000457,6505803,0,0.01613989658653736
ACH-000457,66577006,0,0.00912149902433157
ACH-000457,9826528,0,0.006762883625924587
ACH-000457,9868037,0,0.015944914892315865
ACH-000457,9938202,0,0.07900847494602203
ACH-000463,10451420,0,0.0053954520262777805
ACH-000463,10459196,1,0.4668847918510437
ACH-000463,11327430,0,0.2705775201320648
ACH-000463,11667893,0,0.28203970193862915
ACH-000463,11977753,0,0.20967848598957062
ACH-000463,159324,0,0.1438053995370865
ACH-000463,16747388,0,0.012959317304193974
ACH-000463,216326,0,0.2893407940864563
ACH-000463,24776445,0,0.26989322900772095
ACH-000463,24826799,0,0.0656089261174202
ACH-000463,24894414,0,0.02320123091340065
ACH-000463,25022668,0,0.2574436068534851
ACH-000463,25124816,0,0.2036236822605133
ACH-000463,25195352,0,0.0034266519360244274
ACH-000463,2726824,0,0.21208040416240692
ACH-000463,300471,0,0.17454814910888672
ACH-000463,3796,0,0.010436858981847763
ACH-000463,44143370,0,0.008598051965236664
ACH-000463,44182295,0,0.05349050089716911
ACH-000463,446378,0,0.47730234265327454
ACH-000463,46883536,0,0.016201868653297424
ACH-000463,46885626,0,0.0186757929623127
ACH-000463,46907787,0,0.13895712792873383
ACH-000463,5460769,0,0.39631590247154236
ACH-000463,60750,0,0.475473016500473
ACH-000463,6450551,0,0.21480289101600647
ACH-000463,65110,0,0.10412464290857315
ACH-000463,66577006,0,0.01304265484213829
ACH-000463,6710780,0,0.38385024666786194
ACH-000463,6753378,0,0.007974162697792053
ACH-000463,82146,0,0.4046829342842102
ACH-000463,9858940,0,0.2964702248573303
ACH-000463,9874913,0,0.0280902162194252
ACH-000463,9914412,0,0.4116300940513611
ACH-000463,9956222,0,0.001433500088751316
ACH-000464,10074640,0,0.001643371069803834
ACH-000464,10184653,0,0.03147367760539055
ACH-000464,10200390,0,0.0005067876190878451
ACH-000464,11404337,0,0.005350229796022177
ACH-000464,11617559,0,0.0010765555780380964
ACH-000464,11667893,0,0.044066742062568665
ACH-000464,11676786,0,0.002561775967478752
ACH-000464,11977753,0,0.010696971789002419
ACH-000464,148124,0,0.04631080850958824
ACH-000464,16663089,0,0.0004164446727372706
ACH-000464,16720766,0,0.041057176887989044
ACH-000464,16725726,0,0.010583623312413692
ACH-000464,176167,0,0.0006673148018307984
ACH-000464,176870,0,0.023747706785798073
ACH-000464,23725625,0,0.010611000470817089
ACH-000464,25102847,0,0.000709882122464478
ACH-000464,25124816,0,0.05402557924389839
ACH-000464,25262965,0,0.000821980822365731
ACH-000464,4261,0,0.0008038017549552023
ACH-000464,4263900,0,0.0071479748003184795
ACH-000464,44182295,0,0.011744732968509197
ACH-000464,44462760,0,0.04146672785282135
ACH-000464,46191454,0,8.498688112013042e-05
ACH-000464,49806720,0,0.0019443274941295385
ACH-000464,5278396,0,0.0014559569535776973
ACH-000464,54685215,0,0.1939222514629364
ACH-000464,560326,0,0.0015694869216531515
ACH-000464,56965967,0,0.00023837618937250227
ACH-000464,5746,0,0.07221411168575287
ACH-000464,60750,0,0.03976094722747803
ACH-000464,644215,0,0.006722072139382362
ACH-000464,6914657,0,5.776347097707912e-05
ACH-000464,6918638,0,2.228312769148033e-05
ACH-000464,704473,0,0.0013237458188086748
ACH-000464,82146,0,0.04855187609791756
ACH-000464,9810884,0,0.005492604803293943
ACH-000464,9863776,0,0.01610083505511284
ACH-000464,9907093,1,0.13785259425640106
ACH-000465,10172943,0,0.00012693380995187908
ACH-000465,10196499,0,3.951494727516547e-05
ACH-000465,10451420,0,0.015850553289055824
ACH-000465,11364421,0,0.000341681792633608
ACH-000465,11433190,0,0.2567274868488312
ACH-000465,11625818,0,0.0003233344468753785
ACH-000465,16095342,0,0.0005386542179621756
ACH-000465,16747388,0,0.02614589035511017
ACH-000465,176158,0,0.0002451335312798619
ACH-000465,17755052,0,5.6666227465029806e-05
ACH-000465,20635522,0,0.001224622828885913
ACH-000465,24776445,0,0.00031746941385790706
ACH-000465,24785538,0,0.001234212308190763
ACH-000465,24825971,0,3.517203003866598e-05
ACH-000465,24894414,0,0.0010388399241492152
ACH-000465,25102847,0,0.00018802424892783165
ACH-000465,25167777,0,1.758099824655801e-05
ACH-000465,3385,0,0.008149836212396622
ACH-000465,4263900,0,0.00021807731536682695
ACH-000465,44462760,1,0.6402370929718018
ACH-000465,444795,0,0.020941780880093575
ACH-000465,46907787,0,5.9705969761125743e-05
ACH-000465,46931012,0,0.00011081747652497143
ACH-000465,5208,0,2.4812638002913445e-05
ACH-000465,5311,0,0.003501413157209754
ACH-000465,5311510,0,0.00024011895584408194
ACH-000465,5327091,0,0.0007249020854942501
ACH-000465,5746,0,0.0004716453258879483
ACH-000465,6445533,0,0.0011920967372134328
ACH-000465,6450551,0,0.00037447456270456314
ACH-000465,6450816,0,8.677636287757196e-06
ACH-000465,65110,0,0.010747880674898624
ACH-000465,6710780,0,0.0012790979817509651
ACH-000465,6852167,0,0.0008329953416250646
ACH-000465,6918454,1,0.9524989724159241
ACH-000465,9810884,0,0.00970934797078371
ACH-000465,9813758,0,0.0020060206297785044
ACH-000465,9863776,0,0.816748321056366
ACH-000465,9931953,0,0.0008246263023465872
ACH-000465,9938202,0,0.0035622583236545324
ACH-000467,10184653,0,0.3388480544090271
ACH-000467,11152667,0,0.011720084585249424
ACH-000467,11282283,1,0.1627323031425476
ACH-000467,11338033,0,0.00046710134483873844
ACH-000467,11373846,0,0.06940290331840515
ACH-000467,11433190,0,0.3430211544036865
ACH-000467,11493598,0,0.13002358376979828
ACH-000467,11624601,0,0.07455097138881683
ACH-000467,11625818,0,0.0336109958589077
ACH-000467,11634725,0,0.18276676535606384
ACH-000467,11707110,1,0.7830055952072144
ACH-000467,17755052,0,0.0021082868333905935
ACH-000467,23725625,0,0.004955556243658066
ACH-000467,24776445,0,0.001537092961370945
ACH-000467,24785538,1,0.0633467584848404
ACH-000467,24889392,1,0.026185112074017525
ACH-000467,24978538,0,0.2283884882926941
ACH-000467,3385,0,0.04460909590125084
ACH-000467,3463933,0,0.1641245186328888
ACH-000467,42642645,0,0.0057317898608744144
ACH-000467,44137675,0,0.007858033291995525
ACH-000467,44450571,0,0.15296509861946106
ACH-000467,44462760,0,0.17650741338729858
ACH-000467,44819241,0,0.04394607990980148
ACH-000467,46843772,0,0.06268322467803955
ACH-000467,46885626,1,0.03760654479265213
ACH-000467,46931012,0,0.0019940852653235197
ACH-000467,5113032,0,0.010649757459759712
ACH-000467,5280757,0,0.06818366795778275
ACH-000467,5311,0,0.016177542507648468
ACH-000467,53302361,0,0.0028318576514720917
ACH-000467,5394,0,0.02692289836704731
ACH-000467,560326,0,0.0022515002638101578
ACH-000467,56962337,0,0.04498092085123062
ACH-000467,56965967,0,0.03298506513237953
ACH-000467,60750,0,0.006308736279606819
ACH-000467,644241,0,0.062112484127283096
ACH-000467,6445533,0,0.03564896807074547
ACH-000467,6852167,0,0.016868509352207184
ACH-000467,6914657,0,0.009315207600593567
ACH-000467,6918454,0,0.3547363579273224
ACH-000467,6918848,0,0.005050582345575094
ACH-000467,9813758,0,0.08021720498800278
ACH-000467,9858940,0,0.1339152753353119
ACH-000467,9931953,0,0.015571598894894123
ACH-000467,9943465,0,0.27406322956085205
ACH-000467,9952773,0,0.005452981684356928
ACH-000469,10184653,0,0.08360984921455383
ACH-000469,10341154,0,0.17573419213294983
ACH-000469,10459196,0,0.0608808659017086
ACH-000469,11455910,0,0.07029938697814941
ACH-000469,11617559,0,0.03898727148771286
ACH-000469,11667893,1,0.0860360860824585
ACH-000469,11977753,0,0.04307295009493828
ACH-000469,156422,0,0.09657244384288788
ACH-000469,24894414,0,0.04264853522181511
ACH-000469,24951314,0,0.003316445741802454
ACH-000469,3796,0,0.021241044625639915
ACH-000469,44143370,0,0.011543874628841877
ACH-000469,44462760,0,0.08126267045736313
ACH-000469,46191454,0,0.008588067255914211
ACH-000469,46843772,0,0.1005396619439125
ACH-000469,46883536,0,0.037407588213682175
ACH-000469,46931012,0,0.0031555432360619307
ACH-000469,5278396,0,0.26858144998550415
ACH-000469,53340664,0,0.04356223717331886
ACH-000469,637858,0,0.0755656510591507
ACH-000469,704473,0,0.12733769416809082
ACH-000469,9810884,1,0.10281999409198761
ACH-000469,9874913,0,0.03770552575588226
ACH-000469,9884685,0,0.006921043153852224
ACH-000469,9903786,0,0.0016440636245533824
ACH-000469,9952773,0,0.0165636595338583
ACH-000470,10109823,0,0.0034607762936502695
ACH-000470,10196499,0,0.00031272193882614374
ACH-000470,11404337,0,0.001314488472416997
ACH-000470,11455910,0,0.01527244783937931
ACH-000470,11634725,0,0.08493565022945404
ACH-000470,11713159,0,0.0001170005343738012
ACH-000470,24772860,0,0.0005567464977502823
ACH-000470,25124816,0,0.0060104201547801495
ACH-000470,25126798,0,0.03612423315644264
ACH-000470,25195352,0,0.0010189313907176256
ACH-000470,25257557,0,0.41545724868774414
ACH-000470,44137675,0,0.000706161605194211
ACH-000470,44143370,0,0.1820869743824005
ACH-000470,44462760,0,0.038876984268426895
ACH-000470,46943432,0,0.01894192397594452
ACH-000470,53340664,0,0.0004369166272226721
ACH-000470,60750,0,0.00011746468226192519
ACH-000470,66577006,0,0.004562315531075001
ACH-000470,6918848,0,0.008207526989281178
ACH-000470,704473,0,0.030107522383332253
ACH-000470,71271629,0,0.002676771255210042
ACH-000470,8249,0,0.17510372400283813
ACH-000470,9911830,0,0.0004983620019629598
ACH-000470,9938202,0,0.015709001570940018
ACH-000470,9967941,0,0.30223163962364197
ACH-000472,10096043,1,0.3629172742366791
ACH-000472,10127622,0,0.3233740031719208
ACH-000472,10384072,0,0.18391738831996918
ACH-000472,10451420,0,0.0012309361482039094
ACH-000472,11316960,0,0.16621463000774384
ACH-000472,11625818,0,0.003304160200059414
ACH-000472,11640390,0,0.06563150137662888
ACH-000472,11960529,0,0.06869132071733475
ACH-000472,126941,0,0.010642294771969318
ACH-000472,148124,1,0.37206894159317017
ACH-000472,156422,0,0.32731857895851135
ACH-000472,159324,0,0.2476295679807663
ACH-000472,16722836,0,0.0005260584293864667
ACH-000472,23725625,0,0.04720557853579521
ACH-000472,24180719,0,0.09232153743505478
ACH-000472,24756910,0,0.0006531833787448704
ACH-000472,25102847,0,0.008572733961045742
ACH-000472,25167777,0,0.000976921757683158
ACH-000472,25195352,0,0.0007700516725890338
ACH-000472,31703,0,0.407644659280777
ACH-000472,44143370,0,0.0037046403158456087
ACH-000472,46843772,0,0.0321340411901474
ACH-000472,49806720,0,0.016553975641727448
ACH-000472,5289247,0,0.008622107096016407
ACH-000472,5328940,0,0.06923150271177292
ACH-000472,53340664,0,0.00101434625685215
ACH-000472,53394750,0,0.007007294800132513
ACH-000472,60750,0,0.3009122908115387
ACH-000472,6253,0,0.04452246055006981
ACH-000472,637858,0,0.18381638824939728
ACH-000472,6710780,0,0.0373481921851635
ACH-000472,6918454,0,0.05078371241688728
ACH-000472,9810884,0,0.019659562036395073
ACH-000472,9858940,1,0.17240594327449799
ACH-000472,9868037,0,0.007213860750198364
ACH-000472,9952773,0,0.0007514245226047933
ACH-000472,9956222,0,0.0011885686544701457
ACH-000473,10027278,1,0.2717275023460388
ACH-000473,104842,0,0.013669932261109352
ACH-000473,11178236,0,0.012021444737911224
ACH-000473,11338033,0,0.008919911459088326
ACH-000473,11485656,1,0.0146394157782197
ACH-000473,159324,1,0.6031028628349304
ACH-000473,176167,0,0.0432765930891037
ACH-000473,2314623,0,0.0519019179046154
ACH-000473,24951314,0,0.01402683462947607
ACH-000473,25022668,1,0.44130533933639526
ACH-000473,25126798,0,0.02865603379905224
ACH-000473,44143370,0,0.06308482587337494
ACH-000473,448013,0,0.43422946333885193
ACH-000473,44819241,0,0.024873364716768265
ACH-000473,46224516,0,0.004934778902679682
ACH-000473,49806720,0,0.09966122359037399
ACH-000473,5280757,1,0.11454053968191147
ACH-000473,53302361,0,0.27193576097488403
ACH-000473,560326,0,0.03953761234879494
ACH-000473,56962337,0,0.018126316368579865
ACH-000473,57339144,0,0.01958397962152958
ACH-000473,66577006,0,0.1466374397277832
ACH-000473,6753378,0,0.012385032139718533
ACH-000473,9810884,1,0.859251856803894
ACH-000473,9874913,0,0.0836525410413742
ACH-000473,9903786,0,0.014652601443231106
ACH-000473,9938202,0,0.023818429559469223
ACH-000475,10074640,0,0.0001562824909342453
ACH-000475,10096043,0,1.5716360621809145e-06
ACH-000475,10113978,0,1.2041426089126617e-05
ACH-000475,104842,0,0.00014350774290505797
ACH-000475,11316960,0,0.029694776982069016
ACH-000475,11404337,0,1.8976799765368924e-05
ACH-000475,11485656,0,6.898236460983753e-05
ACH-000475,11493598,0,0.00012072513345628977
ACH-000475,11617559,0,0.002431012224406004
ACH-000475,11640390,0,0.001244286191649735
ACH-000475,11647372,0,2.312928927494795e-06
ACH-000475,11667893,0,0.002255610888823867
ACH-000475,11707110,0,0.14108853042125702
ACH-000475,123631,0,0.017248548567295074
ACH-000475,126941,0,0.0034925665240734816
ACH-000475,1401,0,0.002887541428208351
ACH-000475,159324,0,7.095004548318684e-06
ACH-000475,16722836,0,5.301333658280782e-06
ACH-000475,216326,0,0.005039913579821587
ACH-000475,2375,0,0.0009215925238095224
ACH-000475,24180719,0,0.13610020279884338
ACH-000475,24978538,0,0.039778098464012146
ACH-000475,25167777,0,4.703972535935463e-06
ACH-000475,25222038,0,2.9639552394655766e-06
ACH-000475,25257557,0,0.009097928181290627
ACH-000475,3385,0,0.00011408168938942254
ACH-000475,42642645,0,3.600997388275573e-06
ACH-000475,44224160,0,9.604732440493535e-07
ACH-000475,444795,0,0.004388695117086172
ACH-000475,44632017,0,2.381990270805545e-05
ACH-000475,46191454,0,6.790454790461808e-05
ACH-000475,46224516,0,1.6583182514295913e-05
ACH-000475,46931012,0,1.577723992340907e-06
ACH-000475,5289247,0,0.032441750168800354
ACH-000475,5328940,0,0.0018750204471871257
ACH-000475,53340664,0,2.253451839351328e-06
ACH-000475,5460769,0,0.00029688799986615777
ACH-000475,54676905,0,0.0012715969933196902
ACH-000475,560326,0,2.3458425857825205e-05
ACH-000475,6445562,0,0.002801015041768551
ACH-000475,6710780,0,0.00035753700649365783
ACH-000475,6753378,0,0.0008810418075881898
ACH-000475,6918454,0,0.016864430159330368
ACH-000475,6918848,0,3.9897764509078115e-05
ACH-000475,8249,0,0.010955117642879486
ACH-000475,9874913,0,0.002954858122393489
ACH-000475,9956222,0,1.035269747262646e-06
ACH-000475,9967941,0,0.004388394765555859
ACH-000476,10074640,0,0.11288673430681229
ACH-000476,10184653,0,0.09762891381978989
ACH-000476,10196499,1,0.33606940507888794
ACH-000476,10200390,0,0.07128933817148209
ACH-000476,11178236,0,0.020162485539913177
ACH-000476,11404337,1,0.029381966218352318
ACH-000476,11625818,0,0.23439759016036987
ACH-000476,11647372,0,0.10583379864692688
ACH-000476,16747388,1,0.03148879483342171
ACH-000476,216326,0,0.034795068204402924
ACH-000476,24978538,0,0.29774853587150574
ACH-000476,2733526,0,0.04614086449146271
ACH-000476,3005532,0,0.04652869701385498
ACH-000476,42640,0,0.04319349303841591
ACH-000476,44632017,0,0.029366720467805862
ACH-000476,5113032,1,0.07261046767234802
ACH-000476,51371303,1,0.04871841147542
ACH-000476,5278396,0,0.020420977845788002
ACH-000476,5311,0,0.02213897928595543
ACH-000476,5328940,0,0.015225768089294434
ACH-000476,53302361,0,0.2367599606513977
ACH-000476,5330286,0,0.014334429055452347
ACH-000476,5394,0,0.026344114914536476
ACH-000476,54676905,0,0.12050014734268188
ACH-000476,6253,0,0.026810428127646446
ACH-000476,6450551,0,0.03869044408202171
ACH-000476,6505803,0,0.012880602851510048
ACH-000476,6710780,0,0.017195845022797585
ACH-000476,6914657,0,0.011806926690042019
ACH-000476,82146,0,0.04653174430131912
ACH-000476,9938202,1,0.04291510209441185
ACH-000476,9956119,0,0.32598036527633667
ACH-000476,9956222,0,0.11053996533155441
ACH-000476,9967941,1,0.11238710582256317
ACH-000478,104842,0,0.007840458303689957
ACH-000478,11178236,0,0.009088614024221897
ACH-000478,11647372,0,0.07244646549224854
ACH-000478,123631,0,0.06383606046438217
ACH-000478,176158,0,0.04491483420133591
ACH-000478,176167,0,0.0833587571978569
ACH-000478,216326,0,0.02147538587450981
ACH-000478,24180719,0,0.07593835145235062
ACH-000478,24889392,0,0.14100922644138336
ACH-000478,25257557,0,0.9705682992935181
ACH-000478,2733526,0,0.016768909990787506
ACH-000478,3463933,0,0.046623595058918
ACH-000478,44143370,0,0.17830166220664978
ACH-000478,44462760,0,0.35757145285606384
ACH-000478,44551660,1,0.06217065453529358
ACH-000478,446378,0,0.0440613217651844
ACH-000478,46885626,0,0.2669074833393097
ACH-000478,46930998,0,0.0298982672393322
ACH-000478,46943432,0,0.30147454142570496
ACH-000478,5113032,0,0.026026345789432526
ACH-000478,51371303,0,0.019519032910466194
ACH-000478,5289247,1,0.23459839820861816
ACH-000478,57339144,0,0.018341481685638428
ACH-000478,6253,0,0.024961482733488083
ACH-000478,6445533,0,0.14628294110298157
ACH-000478,6505803,0,0.05626397207379341
ACH-000478,6710780,0,0.009255271404981613
ACH-000478,6918638,0,0.02324230782687664
ACH-000478,6918848,0,0.02615370973944664
ACH-000478,8249,0,0.09785335510969162
ACH-000478,9910224,0,0.025304175913333893
ACH-000478,9952773,0,0.16212469339370728
ACH-000478,9956222,0,0.05595611780881882
ACH-000480,10027278,0,0.007287918124347925
ACH-000480,10127622,0,0.30785614252090454
ACH-000480,10341154,0,0.04831874370574951
ACH-000480,11373846,0,0.009149468503892422
ACH-000480,11624601,0,0.10375995188951492
ACH-000480,11640390,1,0.3202403783798218
ACH-000480,123631,0,0.15436601638793945
ACH-000480,126565,0,0.023638736456632614
ACH-000480,1401,1,0.10553301125764847
ACH-000480,16722836,0,0.00435383478179574
ACH-000480,176158,0,0.045413583517074585
ACH-000480,176167,0,0.04432544484734535
ACH-000480,25222038,0,0.008307470008730888
ACH-000480,300471,0,0.02823929861187935
ACH-000480,44143370,0,0.028078686445951462
ACH-000480,44224160,0,0.0008185624028556049
ACH-000480,444795,0,0.13621599972248077
ACH-000480,5208,0,0.010797068476676941
ACH-000480,5327091,0,0.03051052987575531
ACH-000480,5328940,0,0.09816394746303558
ACH-000480,5330286,0,0.022432774305343628
ACH-000480,560326,1,0.01806381717324257
ACH-000480,65110,0,0.024168500676751137
ACH-000480,6918289,1,0.059459440410137177
ACH-000480,85668777,0,0.15941041707992554
ACH-000480,9911830,0,0.01945510134100914
ACH-000480,9943465,0,0.13100773096084595
ACH-000481,10109823,0,0.003662608563899994
ACH-000481,10200390,0,0.00027550754020921886
ACH-000481,11485656,0,0.0009472656529396772
ACH-000481,159324,0,0.011454658582806587
ACH-000481,16722836,0,7.074429595377296e-05
ACH-000481,2375,0,0.007773537654429674
ACH-000481,24826799,0,0.0009666639962233603
ACH-000481,3005532,0,0.09115784615278244
ACH-000481,3385,0,0.003754227887839079
ACH-000481,4263900,0,0.002999377902597189
ACH-000481,42640,0,0.033439669758081436
ACH-000481,42642645,0,0.00022546772379428148
ACH-000481,44143370,0,0.00032922549871727824
ACH-000481,44462760,0,0.015136322006583214
ACH-000481,44551660,0,2.318747829122003e-05
ACH-000481,447912,0,0.0021977382712066174
ACH-000481,46907787,0,0.007625820115208626
ACH-000481,46931012,0,2.1858040781808086e-05
ACH-000481,6852167,0,0.00026936279027722776
ACH-000481,6918638,0,6.289130396908149e-05
ACH-000481,9952773,0,0.00012098534352844581
ACH-000481,9956222,0,0.00015682332741562277
ACH-000482,10127622,0,0.3704095184803009
ACH-000482,10196499,0,0.000655331474263221
ACH-000482,11713159,0,0.0002568462223280221
ACH-000482,11754511,0,0.0011909735621884465
ACH-000482,126565,0,0.0013126025442034006
ACH-000482,126941,0,0.0077405390329658985
ACH-000482,156422,0,0.10493256151676178
ACH-000482,16722836,0,0.00040503288619220257
ACH-000482,23725625,0,0.0018720796797424555
ACH-000482,2375,0,0.005274529103189707
ACH-000482,24756910,0,0.0019445727812126279
ACH-000482,24889392,0,0.011148953810334206
ACH-000482,24894414,0,0.006476655602455139
ACH-000482,25124816,0,0.02062891609966755
ACH-000482,36462,0,0.00038244648021645844
ACH-000482,3796,0,0.09467195719480515
ACH-000482,42640,0,0.008261925540864468
ACH-000482,444795,0,0.04232200235128403
ACH-000482,44632017,0,0.0003083862829953432
ACH-000482,448013,0,0.00011873780022142455
ACH-000482,44819241,0,0.009050378575921059
ACH-000482,46943432,0,0.0011363426456227899
ACH-000482,5113032,0,0.006098576821386814
ACH-000482,51371303,0,0.04294823110103607
ACH-000482,5208,0,0.0001139336236519739
ACH-000482,5311497,0,0.0002907761954702437
ACH-000482,5330286,0,0.003450859570875764
ACH-000482,54685215,0,0.0033503249287605286
ACH-000482,560326,0,0.00042814601329155266
ACH-000482,66577006,0,0.0031190935987979174
ACH-000482,6918289,0,0.013312251307070255
ACH-000482,9874913,0,0.14747866988182068
ACH-000483,10341154,0,0.052974019199609756
ACH-000483,11282283,0,0.2778373956680298
ACH-000483,11634725,0,0.002174316206946969
ACH-000483,11667893,1,0.10757628828287125
ACH-000483,11707110,0,0.10435830801725388
ACH-000483,24826799,0,0.0005820628139190376
ACH-000483,24978538,1,0.3635173439979553
ACH-000483,25022668,0,0.001360260066576302
ACH-000483,25124816,0,0.12829895317554474
ACH-000483,25167777,0,0.0007899731863290071
ACH-000483,25257557,0,0.620475709438324
ACH-000483,36462,0,0.014765325002372265
ACH-000483,44182295,0,0.017395833507180214
ACH-000483,44450571,1,0.3823021650314331
ACH-000483,444795,0,0.11897021532058716
ACH-000483,447912,0,0.03398420289158821
ACH-000483,46885626,1,0.01673486828804016
ACH-000483,46907787,0,0.00904934387654066
ACH-000483,46931012,0,0.0004117326461710036
ACH-000483,49806720,0,0.24708782136440277
ACH-000483,5311,0,0.05661148205399513
ACH-000483,53340664,0,0.00114875053986907
ACH-000483,5460769,0,0.12053761631250381
ACH-000483,560326,0,0.005623258650302887
ACH-000483,644241,0,0.1429789960384369
ACH-000483,9813758,0,0.01622941344976425
ACH-000483,9931953,0,0.07090941071510315
ACH-000484,10074640,0,0.011557010933756828
ACH-000484,10096043,0,0.009546567685902119
ACH-000484,10200390,0,0.008719573728740215
ACH-000484,11178236,0,0.039182692766189575
ACH-000484,11373846,0,0.0023465524427592754
ACH-000484,11493598,0,0.005453977268189192
ACH-000484,11647372,0,0.004851524718105793
ACH-000484,123631,0,0.3341826796531677
ACH-000484,16725726,0,0.12858301401138306
ACH-000484,176167,0,0.03649121895432472
ACH-000484,23725625,0,0.00375747331418097
ACH-000484,24889392,0,0.01847492717206478
ACH-000484,25195352,0,0.0042981854639947414
ACH-000484,3218,0,0.005840539466589689
ACH-000484,46943432,0,0.0009994084248319268
ACH-000484,521106,0,0.005625344347208738
ACH-000484,5328940,0,0.008474626578390598
ACH-000484,5459322,0,0.06025521084666252
ACH-000484,5460769,0,0.03249024972319603
ACH-000484,560326,0,0.010291132144629955
ACH-000484,56965967,0,0.0024171164259314537
ACH-000484,6450816,0,0.0047284322790801525
ACH-000484,6918454,0,0.004737409763038158
ACH-000484,9874913,0,0.14811405539512634
ACH-000484,9903786,0,0.0003739250241778791
ACH-000486,10027278,0,0.015232104808092117
ACH-000486,10341154,1,0.05368748679757118
ACH-000486,104842,0,0.02771105244755745
ACH-000486,11282283,0,0.04058226943016052
ACH-000486,11404337,0,0.022473473101854324
ACH-000486,11493598,0,0.0016347349155694246
ACH-000486,11617559,0,0.003400057088583708
ACH-000486,11624601,0,0.3524274528026581
ACH-000486,126565,0,0.04679320380091667
ACH-000486,126941,0,0.023389240726828575
ACH-000486,176167,0,0.003646163735538721
ACH-000486,17755052,0,0.06004636734724045
ACH-000486,25022668,0,0.02816697768867016
ACH-000486,25124816,0,0.10044901072978973
ACH-000486,25257557,0,0.049908239394426346
ACH-000486,2733526,0,0.25457847118377686
ACH-000486,3005532,0,0.2245451956987381
ACH-000486,46224516,0,0.00025252526393160224
ACH-000486,5113032,0,0.04858391359448433
ACH-000486,5208,0,0.025926029309630394
ACH-000486,521106,0,0.0048301201313734055
ACH-000486,5289247,1,0.011579720303416252
ACH-000486,5311497,0,0.013795376755297184
ACH-000486,5327091,1,0.23892943561077118
ACH-000486,5328940,0,0.16211308538913727
ACH-000486,5330286,0,0.023580865934491158
ACH-000486,5394,0,0.11058042198419571
ACH-000486,54685215,0,0.08617714047431946
ACH-000486,56965967,0,0.000990533852018416
ACH-000486,6445562,0,0.004882708191871643
ACH-000486,6918848,0,0.00013404690253082663
ACH-000486,704473,0,0.023649198934435844
ACH-000486,84691,0,0.14647604525089264
ACH-000486,9810884,0,0.004830482881516218
ACH-000486,9858940,0,0.15568991005420685
ACH-000486,9863776,1,0.30899155139923096
ACH-000486,9911830,0,0.004037521313875914
ACH-000486,9914412,0,0.033814989030361176
ACH-000486,9943465,0,0.2024535983800888
ACH-000488,10302451,1,0.40926069021224976
ACH-000488,10461815,1,0.2207791954278946
ACH-000488,11282283,0,0.049083415418863297
ACH-000488,11373846,0,0.01038353145122528
ACH-000488,11433190,0,0.14456339180469513
ACH-000488,11617559,0,0.0437343530356884
ACH-000488,11624601,0,0.039051223546266556
ACH-000488,11625818,0,0.04082030430436134
ACH-000488,24180719,0,0.030408477410674095
ACH-000488,24825971,0,0.038619887083768845
ACH-000488,25102847,0,0.037540920078754425
ACH-000488,25195352,0,0.010905603878200054
ACH-000488,2726824,0,0.02966640330851078
ACH-000488,2733526,0,0.019057732075452805
ACH-000488,3385,0,0.015450208447873592
ACH-000488,44137675,0,0.09034685045480728
ACH-000488,44143370,0,0.05308208614587784
ACH-000488,44551660,0,0.001622222363948822
ACH-000488,447912,0,0.0142052685841918
ACH-000488,44819241,0,0.019338393583893776
ACH-000488,46224516,0,0.002829307224601507
ACH-000488,46885626,0,0.02429967187345028
ACH-000488,46931012,0,0.0015888747293502092
ACH-000488,5280757,1,0.12326263636350632
ACH-000488,5311510,0,0.1720646172761917
ACH-000488,53340664,0,0.008865583688020706
ACH-000488,5394,0,0.009485776536166668
ACH-000488,54685215,0,0.09096484631299973
ACH-000488,5494449,1,0.06514748930931091
ACH-000488,644215,0,0.033028487116098404
ACH-000488,6450816,0,0.00318033155053854
ACH-000488,6505803,0,0.13445325195789337
ACH-000488,66577006,0,0.034521400928497314
ACH-000488,6753378,0,0.010224957950413227
ACH-000488,9826308,0,0.06065291166305542
ACH-000488,9956119,0,0.29480424523353577
ACH-000489,10074640,0,0.0002970703353639692
ACH-000489,11617559,0,0.0014650548109784722
ACH-000489,16720766,0,0.003201923333108425
ACH-000489,16722836,0,1.0982430467265658e-05
ACH-000489,176167,0,0.005368999671190977
ACH-000489,24894414,0,0.00035272128297947347
ACH-000489,24951314,0,3.290154609203455e-06
ACH-000489,3385,0,0.0001359598245471716
ACH-000489,46191454,0,4.654004078474827e-05
ACH-000489,51371303,0,0.00944012776017189
ACH-000489,6445562,0,0.0051850080490112305
ACH-000489,66577006,0,8.327999239554629e-05
ACH-000489,9858940,0,0.008473072201013565
ACH-000489,9874913,0,0.00969971064478159
ACH-000489,9967941,0,0.01687842234969139
ACH-000491,11152667,0,0.390511691570282
ACH-000491,11485656,0,0.45877695083618164
ACH-000491,11647372,0,0.0334627628326416
ACH-000491,11713159,0,0.028429051861166954
ACH-000491,160355,0,0.053080081939697266
ACH-000491,176158,0,0.04275648668408394
ACH-000491,24785538,0,0.0454217828810215
ACH-000491,24951314,0,0.1061367392539978
ACH-000491,25195352,0,0.035643525421619415
ACH-000491,25222038,0,0.008139243349432945
ACH-000491,2733526,0,0.073321633040905
ACH-000491,36314,0,0.0043535493314266205
ACH-000491,36462,0,0.04008478298783302
ACH-000491,3796,0,0.03940160199999809
ACH-000491,447912,0,0.35223791003227234
ACH-000491,46943432,0,0.57415771484375
ACH-000491,49836027,0,0.013701355084776878
ACH-000491,5329102,0,0.11932618916034698
ACH-000491,5394,0,0.2071133852005005
ACH-000491,54676905,0,0.05587095767259598
ACH-000491,5494449,0,0.2699500322341919
ACH-000491,56962337,0,0.10067813098430634
ACH-000491,60750,0,0.0046114190481603146
ACH-000491,65110,1,0.3922535181045532
ACH-000491,6918289,0,0.11277641355991364
ACH-000491,6918638,0,0.087988942861557
ACH-000491,704473,0,0.36137568950653076
ACH-000491,71271629,0,0.3759935796260834
ACH-000491,9863776,0,0.24242985248565674
ACH-000491,9967941,0,0.04056907072663307
ACH-000493,10027278,0,0.00792892649769783
ACH-000493,10184653,0,0.4420537054538727
ACH-000493,10341154,0,0.017357828095555305
ACH-000493,104842,0,0.0053877271711826324
ACH-000493,11493598,0,0.024290742352604866
ACH-000493,11609586,0,0.0295824334025383
ACH-000493,11625818,1,0.26733332872390747
ACH-000493,11634725,0,0.004371568560600281
ACH-000493,11754511,0,0.0443962961435318
ACH-000493,156422,0,0.22199982404708862
ACH-000493,159324,0,0.1858179122209549
ACH-000493,17755052,0,0.16479764878749847
ACH-000493,216326,0,0.016810651868581772
ACH-000493,24772860,0,0.0086539126932621
ACH-000493,25195352,0,0.03083740919828415
ACH-000493,2733526,0,0.1646813601255417
ACH-000493,44143370,0,0.12401654571294785
ACH-000493,44551660,0,0.012251934967935085
ACH-000493,54676905,0,0.17546583712100983
ACH-000493,6253,0,0.0033452396746724844
ACH-000493,637858,0,0.0351388156414032
ACH-000493,6505803,0,0.01104433462023735
ACH-000493,65110,0,0.006149863824248314
ACH-000493,6753378,0,0.018994197249412537
ACH-000493,6852167,0,0.11668623238801956
ACH-000493,71271629,0,0.011060450226068497
ACH-000493,9863776,0,0.002293685916811228
ACH-000493,9910224,0,0.01628091186285019
ACH-000493,9938202,0,0.15735012292861938
ACH-000496,10127622,0,0.15440012514591217
ACH-000496,10184653,0,0.21073228120803833
ACH-000496,10200390,0,0.0025906884111464024
ACH-000496,10451420,0,0.00978563167154789
ACH-000496,11624601,0,0.09031479805707932
ACH-000496,11625818,0,0.010725686326622963
ACH-000496,11647372,0,0.00038370490074157715
ACH-000496,11754511,0,0.003626120975241065
ACH-000496,11960529,0,0.04652666300535202
ACH-000496,156422,0,0.19075773656368256
ACH-000496,16720766,0,0.10672468692064285
ACH-000496,2314623,0,0.10264535993337631
ACH-000496,23725625,0,0.016321713104844093
ACH-000496,2375,0,0.024124223738908768
ACH-000496,24785538,0,0.01777431182563305
ACH-000496,25124816,0,0.09392440319061279
ACH-000496,25167777,0,0.001070876605808735
ACH-000496,25257557,0,0.1387217938899994
ACH-000496,3463933,0,0.11920212209224701
ACH-000496,42642645,0,0.002193524967879057
ACH-000496,444795,0,0.08590465039014816
ACH-000496,44632017,0,0.006591750308871269
ACH-000496,448013,0,0.0011573033407330513
ACH-000496,46943432,0,0.0017388566629961133
ACH-000496,5311497,0,0.0037269173189997673
ACH-000496,53302361,0,0.0043091438710689545
ACH-000496,560326,0,0.005429636221379042
ACH-000496,56962337,0,0.10000385344028473
ACH-000496,5746,0,0.051042694598436356
ACH-000496,65110,0,0.08349231630563736
ACH-000496,6753378,0,0.02413197234272957
ACH-000496,6918289,0,0.1867176741361618
ACH-000496,6918638,0,0.0018640724010765553
ACH-000496,8249,0,0.11003421247005463
ACH-000496,9863776,0,0.053638115525245667
ACH-000496,9868037,0,0.019493095576763153
ACH-000496,9884685,0,0.00019386016356293112
ACH-000496,9914412,0,0.008679118938744068
ACH-000496,9938202,0,0.05109228193759918
ACH-000501,10027278,1,0.0024754428304731846
ACH-000501,10172943,0,0.005045526660978794
ACH-000501,10184653,1,0.1903761476278305
ACH-000501,10451420,0,0.004050658084452152
ACH-000501,11178236,0,0.004335487261414528
ACH-000501,11373846,0,0.0003041652380488813
ACH-000501,11634725,0,0.0006675797631032765
ACH-000501,11676786,0,0.0012129719834774733
ACH-000501,123631,0,0.18316301703453064
ACH-000501,159324,0,0.009587575681507587
ACH-000501,160355,0,0.0014698432059958577
ACH-000501,16720766,0,0.01389133557677269
ACH-000501,176167,0,0.0022098540794104338
ACH-000501,208908,0,0.2975212335586548
ACH-000501,24756910,0,9.669183054938912e-05
ACH-000501,24785538,0,0.012264694087207317
ACH-000501,3385,0,0.0004993976908735931
ACH-000501,36314,0,0.010951502248644829
ACH-000501,387447,0,0.025079697370529175
ACH-000501,42642645,0,0.00011370157153578475
ACH-000501,46843772,0,0.0028004769701510668
ACH-000501,5208,0,0.0020657130517065525
ACH-000501,5311,0,0.00041583296842873096
ACH-000501,5311510,0,0.04680194705724716
ACH-000501,5327091,0,0.002676905132830143
ACH-000501,5328940,0,0.0028268194291740656
ACH-000501,5329102,0,5.9390578826423734e-05
ACH-000501,53302361,0,0.002026065019890666
ACH-000501,5459322,0,0.05966188386082649
ACH-000501,5460769,0,0.02515474148094654
ACH-000501,560326,0,0.0005426194984465837
ACH-000501,56965967,0,0.00023578418768011034
ACH-000501,57339144,0,0.003754956880584359
ACH-000501,5746,0,0.004936633165925741
ACH-000501,637858,0,0.010661470703780651
ACH-000501,6445562,0,0.002130162436515093
ACH-000501,6918454,0,0.004856891930103302
ACH-000501,7251185,0,0.001136268489062786
ACH-000501,9813758,0,0.0010874246945604682
ACH-000501,9874913,0,0.008111746050417423
ACH-000501,9967941,0,0.004006518516689539
ACH-000504,10109823,0,0.028852563351392746
ACH-000504,10302451,0,0.5579316020011902
ACH-000504,10341154,0,0.0016528662526980042
ACH-000504,10459196,0,0.015217248350381851
ACH-000504,10461815,0,0.15734922885894775
ACH-000504,11338033,0,1.4431347153731622e-05
ACH-000504,11373846,0,8.895054634194821e-05
ACH-000504,11493598,0,0.0002577969280537218
ACH-000504,11617559,0,0.0008668123628012836
ACH-000504,11634725,0,0.0005235004355199635
ACH-000504,126941,0,0.0032105424907058477
ACH-000504,1401,0,0.020373929291963577
ACH-000504,16038120,0,0.0015131004620343447
ACH-000504,16722836,0,9.426735050510615e-05
ACH-000504,16725726,0,0.02047743834555149
ACH-000504,216326,0,0.0037712028715759516
ACH-000504,24756910,0,0.00017186642799060792
ACH-000504,24772860,0,1.2560983122966718e-05
ACH-000504,24889392,0,0.001426556147634983
ACH-000504,3218,0,0.01013218518346548
ACH-000504,36462,0,0.004293676000088453
ACH-000504,4261,0,0.0015634491574019194
ACH-000504,44182295,0,0.003914797678589821
ACH-000504,44224160,0,9.26207794691436e-05
ACH-000504,46191454,0,0.00010194577771471813
ACH-000504,46224516,0,3.432978701312095e-05
ACH-000504,5208,0,0.10185631364583969
ACH-000504,5280757,0,0.05882622301578522
ACH-000504,5289247,0,0.0003527729131747037
ACH-000504,5494449,0,0.009937338531017303
ACH-000504,637858,0,0.026015140116214752
ACH-000504,6914657,0,0.0001239743723999709
ACH-000504,6918454,0,0.0039663598872721195
ACH-000504,9884685,0,0.00010863896022783592
ACH-000504,9907093,1,0.5702890157699585
ACH-000504,9911830,0,0.0012896917760372162
ACH-000504,9952773,0,0.0003162034845445305
ACH-000505,10027278,0,0.0010211922926828265
ACH-000505,10077147,0,0.0026944035198539495
ACH-000505,10196499,0,0.00078149902401492
ACH-000505,11316960,1,0.32459819316864014
ACH-000505,11493598,0,0.06408607959747314
ACH-000505,11617559,0,0.021748444065451622
ACH-000505,11625818,0,0.0030033148359507322
ACH-000505,11647372,0,9.669892460806295e-05
ACH-000505,11667893,0,0.015179253183305264
ACH-000505,123631,0,0.03512079268693924
ACH-000505,126565,0,0.02827022410929203
ACH-000505,16720766,0,0.013325423933565617
ACH-000505,2314623,0,0.01612323336303234
ACH-000505,24776445,0,0.0018382748821750283
ACH-000505,24889392,0,0.0047046891413629055
ACH-000505,25195352,0,0.0008630550000816584
ACH-000505,25222038,0,0.001165550434961915
ACH-000505,44137675,0,0.0010277373949065804
ACH-000505,447912,0,0.008134855888783932
ACH-000505,46191454,0,0.00283527048304677
ACH-000505,49806720,0,0.10925330966711044
ACH-000505,5280757,0,0.0339495912194252
ACH-000505,53302361,0,0.0011564228916540742
ACH-000505,53394750,0,0.12378230690956116
ACH-000505,5394,0,0.020676661282777786
ACH-000505,5459322,0,0.03190654143691063
ACH-000505,57339144,0,0.024279123172163963
ACH-000505,60750,0,0.003524645697325468
ACH-000505,6445562,0,0.016540149226784706
ACH-000505,66577006,0,0.003889278508722782
ACH-000505,6852167,0,0.003675619373098016
ACH-000505,6918638,0,0.0015677156625315547
ACH-000505,8249,0,0.06224320828914642
ACH-000505,9910224,0,0.01123361848294735
ACH-000505,9938202,0,0.0077435835264623165
ACH-000505,9967941,0,0.03511689975857735
ACH-000506,10184653,0,0.008473199792206287
ACH-000506,10341154,1,0.00891522504389286
ACH-000506,104842,0,0.0076569425873458385
ACH-000506,11455910,0,0.0025901389308273792
ACH-000506,126941,0,0.35029807686805725
ACH-000506,24776445,0,0.0023045309353619814
ACH-000506,2733526,0,0.00833857711404562
ACH-000506,44462760,0,0.026028892025351524
ACH-000506,5394,0,0.04417617246508598
ACH-000506,57339144,0,0.09441053867340088
ACH-000506,6253,0,0.028407156467437744
ACH-000506,65110,0,0.1517084836959839
ACH-000506,84691,0,0.0039987568743526936
ACH-000508,10109823,0,0.00035471064620651305
ACH-000508,10172943,0,0.0001970059092855081
ACH-000508,10184653,0,0.023881103843450546
ACH-000508,10341154,0,0.016097715124487877
ACH-000508,11316960,0,0.001633221167139709
ACH-000508,11404337,0,3.836855830741115e-05
ACH-000508,11624601,0,0.007152175530791283
ACH-000508,11625818,0,0.05667266622185707
ACH-000508,11626927,0,0.004190977197140455
ACH-000508,11713159,0,2.8896387448185124e-05
ACH-000508,1401,0,0.004159258678555489
ACH-000508,160355,0,0.0014207683270797133
ACH-000508,16095342,0,0.0027820849791169167
ACH-000508,176158,0,0.0018081392627209425
ACH-000508,176167,0,0.029713880270719528
ACH-000508,20635522,0,1.726348273223266e-05
ACH-000508,2314623,0,0.09194660186767578
ACH-000508,24785538,0,0.0002729947736952454
ACH-000508,24889392,0,0.08862560242414474
ACH-000508,24951314,0,0.00107903266325593
ACH-000508,300471,0,0.001590726082213223
ACH-000508,36314,0,0.00015537833678536117
ACH-000508,4261,1,0.0006168836844153702
ACH-000508,44143370,0,0.002669672481715679
ACH-000508,44450571,0,0.017455385997891426
ACH-000508,446378,0,0.0010383387561887503
ACH-000508,44819241,0,0.027876393869519234
ACH-000508,4993,0,0.0026093730702996254
ACH-000508,5289247,0,0.005159808788448572
ACH-000508,5291,0,0.0013028440298512578
ACH-000508,5327091,0,0.000634308613371104
ACH-000508,53302361,0,0.0002481543633621186
ACH-000508,5330286,0,0.0005927678430452943
ACH-000508,5394,0,0.02916714735329151
ACH-000508,5459322,0,0.007206181064248085
ACH-000508,56962337,0,0.04942796006798744
ACH-000508,5717801,0,0.00023580959532409906
ACH-000508,5746,0,0.0013149387668818235
ACH-000508,60750,0,7.525890396209434e-05
ACH-000508,637858,0,0.002031636657193303
ACH-000508,6445562,0,0.01152156013995409
ACH-000508,66577006,0,0.013974935747683048
ACH-000508,6852167,0,0.029423708096146584
ACH-000508,6918454,0,0.00013323796156328171
ACH-000508,85668777,0,0.008702429011464119
ACH-000508,9938202,0,0.06024148315191269
ACH-000514,10074640,0,0.003338142763823271
ACH-000514,10127622,0,0.011160110123455524
ACH-000514,10184653,0,0.08875669538974762
ACH-000514,10200390,0,0.00014276811270974576
ACH-000514,10302451,0,0.0027957854326814413
ACH-000514,10451420,0,0.16089090704917908
ACH-000514,10461815,0,0.003156803548336029
ACH-000514,11282283,0,0.4065645933151245
ACH-000514,11338033,0,0.0002144589088857174
ACH-000514,11455910,0,0.004023727495223284
ACH-000514,11609586,0,0.006316076498478651
ACH-000514,11647372,0,0.0019443145720288157
ACH-000514,11676786,0,0.0004698208358604461
ACH-000514,11754511,0,0.007075092289596796
ACH-000514,148124,0,0.0009729317971505225
ACH-000514,16038120,0,0.0013384980848059058
ACH-000514,16095342,0,0.004944350570440292
ACH-000514,16720766,0,0.009509127587080002
ACH-000514,176870,0,0.09128972142934799
ACH-000514,2375,0,0.01954733207821846
ACH-000514,24180719,0,0.015073957853019238
ACH-000514,24756910,0,0.01280798576772213
ACH-000514,24825971,0,0.0034063011407852173
ACH-000514,24889392,0,0.07256944477558136
ACH-000514,25022668,0,0.00012198473268654197
ACH-000514,25102847,0,0.000852621509693563
ACH-000514,25222038,0,2.6000241632573307e-05
ACH-000514,25257557,1,0.8863819241523743
ACH-000514,2733526,0,0.028559109196066856
ACH-000514,300471,0,0.0024118665605783463
ACH-000514,36314,0,0.0003500028687994927
ACH-000514,42640,0,0.026274507865309715
ACH-000514,44224160,0,0.000690996355842799
ACH-000514,46883536,0,0.03034602291882038
ACH-000514,49836027,0,0.0024416972883045673
ACH-000514,5459322,0,0.016338517889380455
ACH-000514,5494449,0,0.0006857961998321116
ACH-000514,56962337,0,0.027118531987071037
ACH-000514,60750,0,0.00015165700460784137
ACH-000514,6253,0,0.0012962260516360402
ACH-000514,637858,0,0.005438459571450949
ACH-000514,65110,0,0.014329229481518269
ACH-000514,6710780,0,0.0017579257255420089
ACH-000514,6753378,0,0.03258415311574936
ACH-000514,9813758,0,0.06315185129642487
ACH-000514,9826308,0,1.3332452908798587e-05
ACH-000514,9858940,0,0.02773500420153141
ACH-000514,9907093,0,0.004357879515737295
ACH-000514,9931953,0,0.004498484078794718
ACH-000514,9956119,0,0.030229579657316208
ACH-000515,10109823,0,0.0002140854630852118
ACH-000515,10200390,0,0.00012528673687484115
ACH-000515,11647372,0,0.00231480342335999
ACH-000515,159324,0,0.00026630490901879966
ACH-000515,160355,0,0.00040226621786132455
ACH-000515,16663089,0,0.00035755353746935725
ACH-000515,16760646,0,0.0010924111120402813
ACH-000515,24826799,0,0.0003900161827914417
ACH-000515,25167777,0,0.001798878307454288
ACH-000515,25222038,0,1.708639319986105e-05
ACH-000515,3062316,0,0.003071331651881337
ACH-000515,3218,0,0.0006251729791983962
ACH-000515,3796,0,0.0015505694318562746
ACH-000515,4261,0,0.00039854878559708595
ACH-000515,447912,0,0.10700022429227829
ACH-000515,462382,0,0.00021052664669696242
ACH-000515,5291,0,0.0014525349251925945
ACH-000515,5311497,0,2.748086080828216e-05
ACH-000515,9911830,0,0.021090520545840263
ACH-000515,9952773,0,0.0009388474863953888
ACH-000518,10200390,0,0.016482291743159294
ACH-000518,11282283,0,0.13173708319664001
ACH-000518,11433190,0,0.5874060392379761
ACH-000518,11455910,0,0.4489332139492035
ACH-000518,11485656,0,0.03750411421060562
ACH-000518,11647372,0,0.0026368354447185993
ACH-000518,11960529,0,0.5447337031364441
ACH-000518,23725625,0,0.47386085987091064
ACH-000518,2375,0,0.14834430813789368
ACH-000518,24785538,0,0.07380373030900955
ACH-000518,24889392,0,0.02516384795308113
ACH-000518,25022668,0,0.05781431496143341
ACH-000518,25167777,1,0.009314719587564468
ACH-000518,25257557,1,0.257794052362442
ACH-000518,42640,0,0.2696836590766907
ACH-000518,44224160,0,0.0017501501133665442
ACH-000518,44450571,1,0.5501929521560669
ACH-000518,46930998,1,0.23859399557113647
ACH-000518,5394,1,0.4114510416984558
ACH-000518,5460769,0,0.09553007781505585
ACH-000518,644241,1,0.24024242162704468
ACH-000518,6852167,0,0.002177146729081869
ACH-000518,6918848,0,0.0006938113365322351
ACH-000518,704473,0,0.1356782615184784
ACH-000518,84691,0,0.45501136779785156
ACH-000518,9813758,0,0.011131924577057362
ACH-000518,9863776,0,0.5386876463890076
ACH-000518,9884685,0,0.0014361508656293154
ACH-000518,9952773,0,0.004898188170045614
ACH-000521,10074640,0,0.007685167249292135
ACH-000521,10096043,0,0.08255892992019653
ACH-000521,10109823,0,0.027982458472251892
ACH-000521,10451420,1,0.0007691440987400711
ACH-000521,11338033,0,7.180211105151102e-05
ACH-000521,11493598,0,0.0006844024755991995
ACH-000521,11609586,0,0.24054694175720215
ACH-000521,11640390,0,0.01774376817047596
ACH-000521,1401,0,0.2494444102048874
ACH-000521,16720766,0,0.16638997197151184
ACH-000521,16747388,0,0.002741668140515685
ACH-000521,176167,1,0.0018543546320870519
ACH-000521,24756910,0,0.0004297222476452589
ACH-000521,24772860,0,4.420634650159627e-05
ACH-000521,24889392,0,0.003978842403739691
ACH-000521,24978538,0,0.0114034004509449
ACH-000521,25257557,1,0.08154039084911346
ACH-000521,44182295,0,0.1386425942182541
ACH-000521,446378,0,0.2294819951057434
ACH-000521,447912,0,0.003136566374450922
ACH-000521,46191454,0,0.00030390897882170975
ACH-000521,46943432,0,0.0002379245706833899
ACH-000521,5113032,0,0.04067005589604378
ACH-000521,5208,0,0.3727264404296875
ACH-000521,5289247,0,0.0025596858467906713
ACH-000521,53340664,0,0.0013043725630268455
ACH-000521,6445562,0,0.0025241049006581306
ACH-000521,6914657,0,0.0006241853116080165
ACH-000521,9874913,0,0.005978470668196678
ACH-000521,9938202,0,0.06614424288272858
ACH-000522,10027278,0,0.005670588463544846
ACH-000522,10113978,0,0.00861773919314146
ACH-000522,104842,0,0.040973126888275146
ACH-000522,11152667,0,0.04300067946314812
ACH-000522,11178236,0,0.020668480545282364
ACH-000522,11282283,0,0.4189009964466095
ACH-000522,11338033,0,0.009143336676061153
ACH-000522,11640390,0,0.1008041724562645
ACH-000522,11713159,0,0.001753183314576745
ACH-000522,11754511,0,0.08994575589895248
ACH-000522,2314623,0,0.1179388090968132
ACH-000522,2375,0,0.14479118585586548
ACH-000522,24756910,0,0.10318069905042648
ACH-000522,24894414,0,0.33928826451301575
ACH-000522,25022668,0,0.0034067914821207523
ACH-000522,25195352,0,0.011170359328389168
ACH-000522,300471,0,0.024294298142194748
ACH-000522,3463933,1,0.059498947113752365
ACH-000522,44143370,0,0.05321110412478447
ACH-000522,448013,0,0.0019757363479584455
ACH-000522,46907787,0,0.03360996022820473
ACH-000522,46931012,0,0.028293170034885406
ACH-000522,46943432,0,0.32307615876197815
ACH-000522,5113032,0,0.147368386387825
ACH-000522,5280757,0,0.08593524247407913
ACH-000522,5459322,0,0.13777579367160797
ACH-000522,54676905,0,0.22617733478546143
ACH-000522,6753378,0,0.11540418118238449
ACH-000522,82146,0,0.028700724244117737
ACH-000522,9858940,0,0.12411051988601685
ACH-000522,9903786,0,0.04673037678003311
ACH-000522,9943465,0,0.09357215464115143
ACH-000525,10074640,0,0.0913890153169632
ACH-000525,10109823,0,0.005793241783976555
ACH-000525,10113978,0,0.006343014072626829
ACH-000525,10196499,0,0.010139658115804195
ACH-000525,10302451,0,0.008373549208045006
ACH-000525,10461815,1,0.03205779939889908
ACH-000525,11178236,0,0.001578082563355565
ACH-000525,11373846,0,0.033838171511888504
ACH-000525,11676786,0,0.002809120574966073
ACH-000525,16038120,0,0.005312557797878981
ACH-000525,16725726,1,0.1429271697998047
ACH-000525,176167,0,0.02582222782075405
ACH-000525,208908,0,0.012657087296247482
ACH-000525,24756910,0,0.0697113424539566
ACH-000525,24825971,0,0.014582482166588306
ACH-000525,24889392,0,0.2608600854873657
ACH-000525,25102847,0,0.16251419484615326
ACH-000525,31703,0,0.00035497231874614954
ACH-000525,3218,0,0.0149119533598423
ACH-000525,36314,0,0.0008285731310024858
ACH-000525,3796,0,0.005761994048953056
ACH-000525,462382,0,0.0020631076768040657
ACH-000525,46907787,0,0.011093849316239357
ACH-000525,49821040,0,0.00997689925134182
ACH-000525,4993,0,0.0038200027775019407
ACH-000525,5208,0,0.006242487113922834
ACH-000525,5291,1,0.06417210400104523
ACH-000525,54676905,0,0.03672096133232117
ACH-000525,56965967,0,0.04648429527878761
ACH-000525,60750,0,0.0007501124055124819
ACH-000525,6445562,0,0.023784367367625237
ACH-000525,7251185,0,0.017978521063923836
ACH-000525,82146,0,0.006962744053453207
ACH-000525,9903786,0,0.021380407735705376
ACH-000525,9910224,0,0.23111458122730255
ACH-000525,9952773,0,0.026285024359822273
ACH-000527,10451420,0,0.1771126240491867
ACH-000527,10459196,0,0.03261982277035713
ACH-000527,104842,0,0.019882354885339737
ACH-000527,11178236,0,0.01784506067633629
ACH-000527,11485656,0,0.02921283058822155
ACH-000527,11713159,0,0.001033203094266355
ACH-000527,123631,1,0.10379461199045181
ACH-000527,126565,0,0.028820401057600975
ACH-000527,159324,0,0.001534404349513352
ACH-000527,16725726,1,0.33696258068084717
ACH-000527,17755052,1,0.011865424923598766
ACH-000527,3463933,0,0.03971876576542854
ACH-000527,3796,0,0.023564795032143593
ACH-000527,4263900,0,0.002890545642003417
ACH-000527,42640,0,0.057665713131427765
ACH-000527,44224160,0,0.00037639669608324766
ACH-000527,44462760,0,0.08674418926239014
ACH-000527,44819241,0,0.1326489895582199
ACH-000527,46843772,0,0.23962216079235077
ACH-000527,46885626,0,0.10580223053693771
ACH-000527,56962337,0,0.14240501821041107
ACH-000527,637858,0,0.07385802268981934
ACH-000527,6450551,0,0.008144106715917587
ACH-000527,6450816,0,0.0007631278713233769
ACH-000527,65110,0,0.11972133815288544
ACH-000527,6914657,0,0.0032824852969497442
ACH-000527,71271629,0,0.16933369636535645
ACH-000527,8249,0,0.11362801492214203
ACH-000527,84691,0,0.017772581428289413
ACH-000527,9943465,0,0.22985294461250305
ACH-000527,9952773,0,0.001510593225248158
ACH-000528,10113978,0,0.0368693470954895
ACH-000528,10184653,0,0.45762157440185547
ACH-000528,11178236,1,0.2186708003282547
ACH-000528,11282283,0,0.3250669836997986
ACH-000528,11493598,0,0.0037149323616176844
ACH-000528,11647372,0,0.0018395642982795835
ACH-000528,126565,0,0.029422810301184654
ACH-000528,16722836,0,0.0009556112345308065
ACH-000528,176158,0,0.11002583056688309
ACH-000528,23725625,0,0.035148218274116516
ACH-000528,24785538,1,0.02663487195968628
ACH-000528,25022668,0,0.008004996925592422
ACH-000528,25102847,0,0.0043777115643024445
ACH-000528,25124816,0,0.443895161151886
ACH-000528,25222038,0,0.002460964722558856
ACH-000528,2726824,1,0.44864460825920105
ACH-000528,31703,0,0.005965902470052242
ACH-000528,3796,0,0.014820651151239872
ACH-000528,44224160,0,0.0007750371587462723
ACH-000528,44462760,0,0.013130894862115383
ACH-000528,444795,0,0.1378408670425415
ACH-000528,44819241,0,0.23176312446594238
ACH-000528,46191454,0,0.0028717112727463245
ACH-000528,46931012,0,0.00029583409195765853
ACH-000528,5208,0,0.013388702645897865
ACH-000528,560326,0,0.014352995902299881
ACH-000528,56965967,0,0.005517671816051006
ACH-000528,637858,0,0.2891332507133484
ACH-000528,6445562,0,0.034185584634542465
ACH-000528,6450551,0,0.003413630649447441
ACH-000528,6450816,0,0.0031585535034537315
ACH-000528,6918638,0,0.000999395502731204
ACH-000528,6918848,0,0.0008552729268558323
ACH-000528,71271629,0,0.0421118400990963
ACH-000528,9903786,0,0.0005805552937090397
ACH-000528,9911830,0,0.008201160468161106
ACH-000528,9931953,0,0.157415971159935
ACH-000528,9956119,0,0.2529449462890625
ACH-000530,10109823,0,0.028517603874206543
ACH-000530,10172943,0,0.0020569830667227507
ACH-000530,10390396,0,0.026997411623597145
ACH-000530,104842,0,0.0008980638231150806
ACH-000530,159324,0,0.002775016240775585
ACH-000530,16038120,0,0.0031421352177858353
ACH-000530,23725625,0,0.0005433072801679373
ACH-000530,24825971,0,0.0021447711624205112
ACH-000530,24889392,0,0.001877478905953467
ACH-000530,25126798,0,0.008427445776760578
ACH-000530,36314,0,0.003803346771746874
ACH-000530,387447,0,0.016324009746313095
ACH-000530,4261,0,0.0021050069481134415
ACH-000530,44182295,0,0.0032234066165983677
ACH-000530,448013,0,0.0006970196845941246
ACH-000530,44819241,0,0.00527414632961154
ACH-000530,46191454,0,0.00019184408301953226
ACH-000530,46885626,0,0.0008927593589760363
ACH-000530,521106,0,0.00017962162382900715
ACH-000530,5280757,0,0.01743183098733425
ACH-000530,5291,0,0.00451941043138504
ACH-000530,53340664,0,8.433537732344121e-05
ACH-000530,53394750,0,0.003770926734432578
ACH-000530,5394,0,0.0027144753839820623
ACH-000530,5459322,0,0.0318855457007885
ACH-000530,5494449,0,0.0006768089951947331
ACH-000530,56965967,0,0.0005171640077605844
ACH-000530,60750,0,0.0010238132672384381
ACH-000530,6450551,0,0.00025467961677350104
ACH-000530,66577006,0,0.0008114950032904744
ACH-000530,6852167,0,0.00033249074476771057
ACH-000530,6914657,0,0.0002222953044110909
ACH-000530,6918848,0,6.625926471315324e-05
ACH-000530,71271629,0,0.0009706707205623388
ACH-000530,76044,0,6.797593960072845e-05
ACH-000530,82146,0,0.0029682146850973368
ACH-000530,84691,0,0.001873090397566557
ACH-000530,9813758,0,0.002973694819957018
ACH-000530,9826308,0,0.00015684425306972116
ACH-000530,9826528,0,0.004831464029848576
ACH-000530,9858940,0,0.018809230998158455
ACH-000530,9863776,0,0.005682925693690777
ACH-000530,9884685,0,3.518108860589564e-05
ACH-000530,9903786,0,4.268710108590312e-05
ACH-000530,9914412,0,0.00042125291656702757
ACH-000530,9938202,0,0.004106645938009024
ACH-000530,9943465,0,0.03344297409057617
ACH-000530,9952773,0,0.00018003812874667346
ACH-000530,9956119,0,0.09606733918190002
ACH-000530,9956222,0,0.00010103278327733278
ACH-000532,10127622,0,0.07031158357858658
ACH-000532,10384072,0,0.002735467627644539
ACH-000532,10451420,0,0.2621016502380371
ACH-000532,11373846,0,0.2057543396949768
ACH-000532,11455910,0,0.009382360614836216
ACH-000532,11617559,0,0.05766301602125168
ACH-000532,11977753,0,0.00301027181558311
ACH-000532,1401,0,0.018415523692965508
ACH-000532,156422,0,0.012723942287266254
ACH-000532,16720766,0,0.0029474638868123293
ACH-000532,176158,0,0.0017742739291861653
ACH-000532,17755052,0,0.0011431975290179253
ACH-000532,216326,0,0.013903641141951084
ACH-000532,24180719,0,0.06352937966585159
ACH-000532,24978538,0,0.10847724974155426
ACH-000532,25195352,0,0.016900423914194107
ACH-000532,2733526,0,0.005125469993799925
ACH-000532,3796,0,0.11643780767917633
ACH-000532,42640,0,0.0014944495633244514
ACH-000532,42642645,0,0.00962231308221817
ACH-000532,44450571,0,0.011311705224215984
ACH-000532,44632017,0,0.00024097786808852106
ACH-000532,6445562,0,0.12796251475811005
ACH-000532,6450816,0,0.0010669438634067774
ACH-000532,66577006,0,0.030287915840744972
ACH-000532,6918638,0,0.022749925032258034
ACH-000532,84691,0,0.0016976422630250454
ACH-000532,85668777,0,0.030670003965497017
ACH-000532,9874913,0,0.03771200403571129
ACH-000532,9914412,0,0.0021994137205183506
ACH-000532,9938202,0,0.010756167583167553
ACH-000532,9943465,0,0.03658954054117203
ACH-000532,9952773,0,0.02211761102080345
ACH-000534,10196499,0,0.017563415691256523
ACH-000534,10200390,0,0.0008375486941076815
ACH-000534,10341154,0,0.4888131320476532
ACH-000534,11282283,0,0.42049914598464966
ACH-000534,11455910,0,0.007691452745348215
ACH-000534,11626927,0,0.0855080857872963
ACH-000534,11713159,0,0.0010433124843984842
ACH-000534,11754511,0,0.10648936778306961
ACH-000534,11844351,0,0.0032611533533781767
ACH-000534,11977753,0,0.018796809017658234
ACH-000534,156422,0,0.030477406457066536
ACH-000534,24180719,0,0.04357552155852318
ACH-000534,24825971,0,0.08011184632778168
ACH-000534,24826799,0,0.001344239804893732
ACH-000534,25102847,0,0.00860641710460186
ACH-000534,25126798,0,0.29577475786209106
ACH-000534,31703,0,0.0005930266925133765
ACH-000534,3796,0,0.0023315330035984516
ACH-000534,387447,0,0.041023463010787964
ACH-000534,42642645,0,0.0013504551025107503
ACH-000534,44224160,0,0.021732037886977196
ACH-000534,44462760,0,0.0027002026326954365
ACH-000534,444795,0,0.33082273602485657
ACH-000534,44551660,0,0.004357404075562954
ACH-000534,44632017,0,0.012470053508877754
ACH-000534,448013,0,0.0006366260931827128
ACH-000534,46191454,0,0.03545807674527168
ACH-000534,46883536,0,0.03475480526685715
ACH-000534,5208,0,0.010720648802816868
ACH-000534,5311,0,0.2970294952392578
ACH-000534,5327091,0,0.04284307733178139
ACH-000534,5329102,0,0.0002927263267338276
ACH-000534,53302361,0,0.009788251481950283
ACH-000534,5330286,0,0.010234859772026539
ACH-000534,5459322,1,0.0486324280500412
ACH-000534,54676905,0,0.3292105495929718
ACH-000534,5494449,0,0.003075966378673911
ACH-000534,56962337,0,0.21706677973270416
ACH-000534,56965967,0,0.0021300124935805798
ACH-000534,6253,0,0.009948302991688251
ACH-000534,644215,0,0.040559615939855576
ACH-000534,6450816,0,0.02238422818481922
ACH-000534,66577006,0,0.06187068670988083
ACH-000534,6914657,0,0.00313243898563087
ACH-000534,71271629,0,0.2509273886680603
ACH-000534,7251185,0,0.021355563774704933
ACH-000534,82146,0,0.039890874177217484
ACH-000534,85668777,0,0.023481713607907295
ACH-000534,9874913,1,0.07577675580978394
ACH-000534,9952773,0,0.00485946936532855
ACH-000535,10109823,1,0.035863082855939865
ACH-000535,10113978,0,0.06752019375562668
ACH-000535,10196499,1,0.10253098607063293
ACH-000535,10384072,0,0.0058412207290530205
ACH-000535,11485656,0,0.0022765083704143763
ACH-000535,11617559,0,0.007957514375448227
ACH-000535,11624601,0,0.031654588878154755
ACH-000535,11625818,0,0.007722256239503622
ACH-000535,11667893,0,0.08254717290401459
ACH-000535,11713159,0,0.0014389368006959558
ACH-000535,11754511,0,0.001710924319922924
ACH-000535,11960529,0,0.0059102363884449005
ACH-000535,1401,0,0.014452660456299782
ACH-000535,16725726,0,0.13521084189414978
ACH-000535,24772860,0,3.209357237210497e-05
ACH-000535,24894414,0,0.004440408665686846
ACH-000535,25124816,0,0.1531745344400406
ACH-000535,25126798,0,0.0087469182908535
ACH-000535,25262965,0,0.006872663274407387
ACH-000535,36462,0,0.0005697174929082394
ACH-000535,44137675,0,0.24066250026226044
ACH-000535,44182295,0,0.0002261696063214913
ACH-000535,44224160,0,0.00046177353942766786
ACH-000535,44551660,0,0.00013337981363292783
ACH-000535,446378,0,0.009703682735562325
ACH-000535,46224516,0,0.00019828230142593384
ACH-000535,46907787,1,0.007148908916860819
ACH-000535,46943432,0,0.0004146837745793164
ACH-000535,5208,0,0.007567469030618668
ACH-000535,53340664,0,0.0004558950604405254
ACH-000535,5394,0,0.007053231354802847
ACH-000535,5459322,0,0.028383903205394745
ACH-000535,6710780,0,0.0012575506698340178
ACH-000535,6918638,0,0.00020928557205479592
ACH-000535,6918848,0,0.00016920361667871475
ACH-000535,84691,0,0.0023664887994527817
ACH-000536,10027278,0,0.00025896879378706217
ACH-000536,10109823,0,0.02643214352428913
ACH-000536,10200390,0,0.0001214067087857984
ACH-000536,11282283,0,0.059380847960710526
ACH-000536,11338033,0,2.8727679818985052e-05
ACH-000536,11433190,0,0.013416276313364506
ACH-000536,11625818,0,0.012798445299267769
ACH-000536,11634725,0,0.00013747831690125167
ACH-000536,11647372,0,0.0007442914065904915
ACH-000536,11754511,0,0.0006961709586903453
ACH-000536,148124,0,0.005091086961328983
ACH-000536,16747388,0,8.549613994546235e-05
ACH-000536,216326,0,0.003640667535364628
ACH-000536,2314623,0,0.15693198144435883
ACH-000536,25102847,0,0.00039632953121326864
ACH-000536,25126798,0,0.013946100138127804
ACH-000536,3005532,0,0.004060582723468542
ACH-000536,46224516,0,0.00033299357164651155
ACH-000536,46843772,0,0.013895915821194649
ACH-000536,46883536,0,0.0020625991746783257
ACH-000536,46931012,0,4.9702590331435204e-05
ACH-000536,5113032,0,0.008876579813659191
ACH-000536,51371303,0,0.06648904085159302
ACH-000536,5208,0,0.0009809349430724978
ACH-000536,521106,0,0.00020498970116022974
ACH-000536,5278396,0,0.0016659620450809598
ACH-000536,5328940,0,0.0012233956949785352
ACH-000536,60750,0,0.0002044057473540306
ACH-000536,6450816,0,0.0010653138160705566
ACH-000536,65110,0,0.0011915636714547873
ACH-000536,66577006,0,0.0030297241173684597
ACH-000536,6914657,0,0.0009477174025960267
ACH-000536,6918638,0,0.00032161097624339163
ACH-000536,6918848,0,0.00029409059789031744
ACH-000536,9826528,0,0.0015219635097309947
ACH-000536,9868037,0,0.003726156195625663
ACH-000536,9903786,0,0.00018737083883024752
ACH-000536,9914412,0,0.0004160438838880509
ACH-000536,9943465,0,0.03948559984564781
ACH-000544,10113978,0,0.003060301998630166
ACH-000544,10127622,0,0.5650404095649719
ACH-000544,10341154,0,0.022478904575109482
ACH-000544,11617559,0,0.007137698587030172
ACH-000544,11625818,0,0.0031510107219219208
ACH-000544,11754511,0,0.0005148696945980191
ACH-000544,11977753,1,0.1749250739812851
ACH-000544,123631,1,0.4525691866874695
ACH-000544,1401,0,0.17909866571426392
ACH-000544,148124,0,0.010845189914107323
ACH-000544,16725726,0,0.0345303900539875
ACH-000544,16747388,0,0.0006196856847964227
ACH-000544,176167,0,0.009324404411017895
ACH-000544,17755052,0,0.006539732683449984
ACH-000544,2314623,0,0.49437347054481506
ACH-000544,2375,0,0.0331563763320446
ACH-000544,24756910,0,0.0005395411280915141
ACH-000544,24894414,0,0.003513863543048501
ACH-000544,25022668,0,0.0011559828417375684
ACH-000544,3005532,0,0.03791576251387596
ACH-000544,31703,0,0.0005639093578793108
ACH-000544,4263900,0,0.004168998915702105
ACH-000544,42642645,0,0.0003541662881616503
ACH-000544,44462760,0,0.04041261970996857
ACH-000544,44819241,0,0.1047862097620964
ACH-000544,46930998,0,0.010441085323691368
ACH-000544,46931012,0,5.794437674921937e-05
ACH-000544,46943432,0,0.0002464700664859265
ACH-000544,521106,0,0.0004585619317367673
ACH-000544,5289247,0,0.01579330489039421
ACH-000544,5327091,0,0.0721365213394165
ACH-000544,53302361,0,0.002805603202432394
ACH-000544,53340664,0,0.00014678733714390546
ACH-000544,54676905,0,0.09968479722738266
ACH-000544,6450816,0,0.0002557180996518582
ACH-000544,65110,0,0.009809603914618492
ACH-000544,6918638,0,0.0002178395661758259
ACH-000544,8249,0,0.011123203672468662
ACH-000544,84691,0,0.04811544343829155
ACH-000544,9813758,0,0.0042746346443891525
ACH-000544,9911830,0,0.0009215288446284831
ACH-000544,9952773,0,0.0003575293521862477
ACH-000545,10113978,0,0.015646271407604218
ACH-000545,10196499,0,0.010461392812430859
ACH-000545,11316960,0,0.25276416540145874
ACH-000545,11433190,1,0.17323090136051178
ACH-000545,11485656,0,0.000554882746655494
ACH-000545,11713159,0,0.06008410453796387
ACH-000545,11754511,0,8.149087807396427e-05
ACH-000545,24772860,0,5.667248842655681e-06
ACH-000545,24785538,0,0.04422212019562721
ACH-000545,24889392,0,0.00039822293911129236
ACH-000545,24894414,0,0.0004231537750456482
ACH-000545,24978538,0,0.004164685495197773
ACH-000545,3796,0,0.0010636384831741452
ACH-000545,44450571,1,0.3127807080745697
ACH-000545,446378,0,0.2526407539844513
ACH-000545,46883536,0,0.0003689299337565899
ACH-000545,5330286,0,0.008361030369997025
ACH-000545,54685215,0,0.40133029222488403
ACH-000545,560326,0,0.0021614280994981527
ACH-000545,6505803,0,0.4967648684978485
ACH-000545,6753378,0,0.0002944721491076052
ACH-000545,9858940,0,0.07420668751001358
ACH-000545,9868037,0,0.0007761476445011795
ACH-000545,9910224,0,0.0007342736353166401
ACH-000545,9911830,0,0.0006353671196848154
ACH-000545,9931953,0,0.20571988821029663
ACH-000545,9952773,0,6.047576607670635e-05
ACH-000546,10113978,0,0.009570466354489326
ACH-000546,10196499,0,0.008223172277212143
ACH-000546,104842,1,0.029702596366405487
ACH-000546,11625818,0,0.004339154344052076
ACH-000546,11713159,0,0.006762021686881781
ACH-000546,11754511,0,0.000835878774523735
ACH-000546,11960529,0,0.09669940173625946
ACH-000546,126941,0,0.03512676805257797
ACH-000546,16722836,0,0.00038262023008428514
ACH-000546,176167,0,0.02002730593085289
ACH-000546,24785538,0,0.03782789781689644
ACH-000546,25126798,0,0.06576669216156006
ACH-000546,25222038,0,0.002799414563924074
ACH-000546,3005532,0,0.16104601323604584
ACH-000546,3385,0,0.010224909521639347
ACH-000546,36462,0,0.016132522374391556
ACH-000546,446378,0,0.058884646743535995
ACH-000546,448013,0,0.0028892222326248884
ACH-000546,521106,0,0.0012537265429273248
ACH-000546,5289247,0,0.05051058158278465
ACH-000546,5327091,0,0.07356440275907516
ACH-000546,5328940,1,0.1575055867433548
ACH-000546,560326,0,0.003834974719211459
ACH-000546,637858,0,0.31940576434135437
ACH-000546,6852167,0,0.0009801824344322085
ACH-000546,6918848,0,0.00031931622652336955
ACH-000546,704473,0,0.03521772846579552
ACH-000546,9858940,1,0.3423899710178375
ACH-000546,9868037,0,0.0076456316746771336
ACH-000546,9903786,0,0.00018568373343441635
ACH-000546,9952773,0,0.0006341308471746743
ACH-000546,9956222,0,0.00025284013827331364
ACH-000547,10127622,0,0.07857142388820648
ACH-000547,10184653,0,0.102826327085495
ACH-000547,10451420,0,0.00011717985034920275
ACH-000547,11178236,1,0.0015488282078877091
ACH-000547,11282283,0,0.016380906105041504
ACH-000547,11433190,1,0.10127778351306915
ACH-000547,11455910,0,0.1452648788690567
ACH-000547,11485656,0,0.00039712790749035776
ACH-000547,11713159,0,0.01965046115219593
ACH-000547,11960529,0,0.01566396653652191
ACH-000547,126565,0,0.007529646158218384
ACH-000547,16725726,0,0.010247484780848026
ACH-000547,216326,0,0.006055690813809633
ACH-000547,2314623,0,0.023947296664118767
ACH-000547,24180719,0,0.012981257401406765
ACH-000547,24785538,0,0.04852303862571716
ACH-000547,24951314,0,7.971805644046981e-06
ACH-000547,25167777,0,4.9554695578990504e-05
ACH-000547,25262965,0,0.0006049154908396304
ACH-000547,3796,0,0.0007107025012373924
ACH-000547,4263900,0,0.005758040584623814
ACH-000547,44182295,0,0.003233780153095722
ACH-000547,44450571,0,0.07069654762744904
ACH-000547,44632017,0,0.029482532292604446
ACH-000547,446378,0,0.1357066035270691
ACH-000547,46843772,0,0.0040913112461566925
ACH-000547,46943432,0,2.200767630711198e-05
ACH-000547,56962337,0,0.016053885221481323
ACH-000547,56965967,0,0.00019993146997876465
ACH-000547,5746,0,0.06015225127339363
ACH-000547,644241,0,0.014264249242842197
ACH-000547,6445533,0,0.0028883363120257854
ACH-000547,6445562,0,0.0006071595125831664
ACH-000547,6710780,0,0.006532998289912939
ACH-000547,82146,0,0.05517714470624924
ACH-000547,9813758,0,0.00029158152756281197
ACH-000547,9863776,0,0.00783872976899147
ACH-000547,9914412,0,0.002740012714639306
ACH-000548,10077147,0,0.007168579380959272
ACH-000548,10113978,0,0.26062658429145813
ACH-000548,10127622,1,0.11282656341791153
ACH-000548,11316960,0,0.040074728429317474
ACH-000548,11404337,1,0.24655714631080627
ACH-000548,11485656,0,0.011798229068517685
ACH-000548,11624601,1,0.05665510147809982
ACH-000548,11625818,0,0.009261071681976318
ACH-000548,156422,0,0.11504519730806351
ACH-000548,2314623,0,0.04093928262591362
ACH-000548,24180719,0,0.0331442691385746
ACH-000548,24756910,0,0.002208566293120384
ACH-000548,24894414,0,0.008484545163810253
ACH-000548,25102847,0,0.031761620193719864
ACH-000548,25262965,0,0.00697292247787118
ACH-000548,42640,0,0.028569454327225685
ACH-000548,44182295,0,0.012880907393991947
ACH-000548,44450571,0,0.0710844025015831
ACH-000548,447912,0,0.009070303291082382
ACH-000548,5330286,0,0.01230623945593834
ACH-000548,54676905,0,0.05775301530957222
ACH-000548,54685215,1,0.18924641609191895
ACH-000548,637858,0,0.04612214118242264
ACH-000548,6445562,1,0.017802171409130096
ACH-000548,6505803,0,0.16205935180187225
ACH-000548,6914657,0,0.0020597409456968307
ACH-000548,9813758,0,0.012155056931078434
ACH-000548,9884685,0,0.0005113612278364599
ACH-000548,9911830,0,0.0201923418790102
ACH-000548,9956119,0,0.1645193099975586
ACH-000551,10184653,0,0.014561112970113754
ACH-000551,10341154,0,0.10916125774383545
ACH-000551,10384072,0,0.028417140245437622
ACH-000551,11327430,0,0.02947964146733284
ACH-000551,11364421,0,0.052802085876464844
ACH-000551,11617559,0,0.07000711560249329
ACH-000551,11634725,1,0.26712578535079956
ACH-000551,11676786,0,0.34562718868255615
ACH-000551,11754511,0,0.20095300674438477
ACH-000551,11844351,1,0.19436416029930115
ACH-000551,11960529,0,0.07331883907318115
ACH-000551,123631,0,0.01578756980597973
ACH-000551,160355,0,0.01526883989572525
ACH-000551,16663089,0,0.007526300381869078
ACH-000551,216326,0,0.13260866701602936
ACH-000551,24776445,0,0.08815641701221466
ACH-000551,24978538,0,0.45274296402931213
ACH-000551,25167777,0,0.011705265380442142
ACH-000551,25257557,1,0.9951340556144714
ACH-000551,4263900,0,0.0440436415374279
ACH-000551,42640,0,0.015731867402791977
ACH-000551,44632017,1,0.019380714744329453
ACH-000551,446378,0,0.02429317496716976
ACH-000551,46883536,0,0.20932640135288239
ACH-000551,46930998,0,0.011497348546981812
ACH-000551,46931012,0,0.1273663341999054
ACH-000551,49806720,1,0.1081533432006836
ACH-000551,51371303,0,0.017557978630065918
ACH-000551,5208,0,0.03547675907611847
ACH-000551,5280757,0,0.09139452129602432
ACH-000551,5291,1,0.26276201009750366
ACH-000551,5311,0,0.07892704010009766
ACH-000551,5311510,1,0.058613371104002
ACH-000551,5460769,0,0.08767228573560715
ACH-000551,60750,0,0.011107695288956165
ACH-000551,6253,0,0.15108151733875275
ACH-000551,637858,0,0.02402186207473278
ACH-000551,66577006,0,0.1269041746854782
ACH-000551,76044,0,0.013142751529812813
ACH-000551,9810884,0,0.9711941480636597
ACH-000551,9907093,0,0.030066443607211113
ACH-000551,9931953,0,0.02688237652182579
ACH-000554,10196499,0,0.01042677741497755
ACH-000554,11404337,0,0.0003752870252355933
ACH-000554,11455910,0,0.02458229288458824
ACH-000554,11485656,0,0.003965114708989859
ACH-000554,11634725,0,0.00010506415128475055
ACH-000554,11647372,0,0.006496238987892866
ACH-000554,11667893,0,0.10214965045452118
ACH-000554,11713159,0,0.00021858900436200202
ACH-000554,126941,0,0.017971711233258247
ACH-000554,216326,0,0.03561855107545853
ACH-000554,24756910,0,0.012581956572830677
ACH-000554,24772860,0,8.020424866117537e-05
ACH-000554,24776445,0,0.003207501256838441
ACH-000554,24785538,0,0.0021105031482875347
ACH-000554,2726824,0,0.2889677584171295
ACH-000554,31703,0,0.00015605615044478327
ACH-000554,3385,0,0.0007405673968605697
ACH-000554,4263900,0,0.0005275520961731672
ACH-000554,444795,0,0.1637897789478302
ACH-000554,46843772,0,0.11015843600034714
ACH-000554,5280757,0,0.014530224725604057
ACH-000554,6253,0,0.0008631602977402508
ACH-000554,644241,0,0.0016361783491447568
ACH-000554,6445562,1,0.10630140453577042
ACH-000554,66577006,0,0.015158073976635933
ACH-000554,9914412,0,0.0014110845513641834
ACH-000554,9952773,0,0.0014500252436846495
ACH-000555,10027278,0,0.10843110084533691
ACH-000555,10074640,0,0.005718587432056665
ACH-000555,10113978,0,0.36990487575531006
ACH-000555,10196499,1,0.31125468015670776
ACH-000555,10451420,0,0.00031421499443240464
ACH-000555,10461815,1,0.310601145029068
ACH-000555,11178236,0,0.011952906847000122
ACH-000555,11373846,0,0.00021724925318267196
ACH-000555,11433190,0,0.05492325499653816
ACH-000555,11455910,0,0.26833823323249817
ACH-000555,11493598,0,0.0005981098511256278
ACH-000555,11707110,0,0.2506200969219208
ACH-000555,11754511,0,0.0006336804945021868
ACH-000555,16095342,0,0.09305871278047562
ACH-000555,216326,0,0.009638084098696709
ACH-000555,2375,0,0.010413787327706814
ACH-000555,24180719,0,0.02070029079914093
ACH-000555,24889392,0,0.0025696821976453066
ACH-000555,24951314,0,6.00495986873284e-05
ACH-000555,24978538,0,0.009742699563503265
ACH-000555,25124816,0,0.28315839171409607
ACH-000555,25126798,0,0.003706407966092229
ACH-000555,25257557,0,0.07855654507875443
ACH-000555,3062316,1,0.5679455399513245
ACH-000555,42640,0,0.047427549958229065
ACH-000555,44143370,0,0.001263757818378508
ACH-000555,44224160,0,0.00022387353237718344
ACH-000555,44462760,0,0.026511527597904205
ACH-000555,44551660,0,4.8085123125929385e-05
ACH-000555,447912,0,0.0015387118328362703
ACH-000555,44819241,0,0.028619546443223953
ACH-000555,462382,0,0.14552408456802368
ACH-000555,46843772,0,0.0094497911632061
ACH-000555,46844147,0,0.0025693525094538927
ACH-000555,46907787,0,0.02196219004690647
ACH-000555,46943432,0,0.00010169236338697374
ACH-000555,4993,0,0.12988905608654022
ACH-000555,5113032,0,0.014580503106117249
ACH-000555,521106,0,0.01584235019981861
ACH-000555,5327091,0,0.09127384424209595
ACH-000555,5329102,0,0.00450682220980525
ACH-000555,5330286,0,0.00343184731900692
ACH-000555,53340664,0,0.0005555630777962506
ACH-000555,53394750,0,0.0015113932313397527
ACH-000555,5494449,0,0.014381097629666328
ACH-000555,56965967,0,0.0004970201407559216
ACH-000555,57339144,0,0.013599627651274204
ACH-000555,5746,0,0.06572546064853668
ACH-000555,644241,0,0.015932409092783928
ACH-000555,6450551,0,0.007963595911860466
ACH-000555,6505803,0,0.22580468654632568
ACH-000555,6710780,0,0.00895123090595007
ACH-000555,6753378,0,0.00038268190110102296
ACH-000555,704473,0,0.0069633107632398605
ACH-000555,8249,0,0.0013410411775112152
ACH-000555,84691,0,0.04183977097272873
ACH-000555,9826308,0,0.034326959401369095
ACH-000555,9868037,0,0.0028517760802060366
ACH-000555,9910224,0,0.0013531065778806806
ACH-000558,10109823,1,0.17290839552879333
ACH-000558,104842,0,0.10691685974597931
ACH-000558,11178236,0,0.122492216527462
ACH-000558,11282283,0,0.24183042347431183
ACH-000558,11647372,0,0.001798193552531302
ACH-000558,24894414,0,0.027084236964583397
ACH-000558,24951314,0,0.0004952044691890478
ACH-000558,3796,0,0.02904924936592579
ACH-000558,44819241,0,0.22909153997898102
ACH-000558,46191454,0,0.002835983643308282
ACH-000558,46224516,0,0.0012374510988593102
ACH-000558,49806720,0,0.07880084961652756
ACH-000558,5113032,0,0.10237422585487366
ACH-000558,53340664,0,0.0029501882381737232
ACH-000558,5459322,0,0.3948233425617218
ACH-000558,56965967,0,0.0053772456012666225
ACH-000558,5746,0,0.20347046852111816
ACH-000558,66577006,0,0.013288553804159164
ACH-000558,71271629,0,0.059461891651153564
ACH-000558,9810884,1,0.0825168788433075
ACH-000558,9868037,0,0.03442426398396492
ACH-000558,9903786,0,0.0005541608552448452
ACH-000558,9911830,0,0.01941482163965702
ACH-000558,9967941,0,0.06540611386299133
ACH-000559,10196499,0,8.547233301214874e-05
ACH-000559,10390396,0,3.672724051284604e-05
ACH-000559,11338033,0,6.800866231060354e-06
ACH-000559,11364421,0,3.755362922674976e-05
ACH-000559,11433190,0,0.012744324281811714
ACH-000559,11609586,0,0.0019296692917123437
ACH-000559,11617559,1,0.057368114590644836
ACH-000559,11624601,0,0.001653843792155385
ACH-000559,11625818,0,0.007401710841804743
ACH-000559,11707110,0,0.0008232056279666722
ACH-000559,11977753,0,0.0002478514506947249
ACH-000559,156422,0,0.0013085390673950315
ACH-000559,16720766,0,0.0015661445213481784
ACH-000559,24889392,0,0.019336190074682236
ACH-000559,25022668,0,5.129730197950266e-06
ACH-000559,25195352,0,5.671331109624589e-06
ACH-000559,25257557,1,0.10684754699468613
ACH-000559,2733526,0,0.021701497957110405
ACH-000559,31703,0,3.212093815818662e-06
ACH-000559,3218,0,0.00026199716376140714
ACH-000559,4261,0,6.382585706887767e-05
ACH-000559,44632017,0,0.00011041032121283934
ACH-000559,5311,0,0.004904171917587519
ACH-000559,53302361,0,3.970517354900949e-05
ACH-000559,5384616,0,0.0020521569531410933
ACH-000559,5394,1,0.012175886891782284
ACH-000559,6445562,0,0.002478617010638118
ACH-000559,65110,0,0.0035885777324438095
ACH-000559,82146,0,0.0001579310919623822
ACH-000559,9858940,0,0.00545136071741581
ACH-000559,9863776,0,0.00017712135741021484
ACH-000559,9943465,0,0.01291209552437067
ACH-000559,9952773,0,2.5888602976920083e-05
ACH-000559,9967941,0,0.003475253703072667
ACH-000560,10074640,0,0.34622159600257874
ACH-000560,10109823,0,0.03944363817572594
ACH-000560,10113978,0,0.023214250802993774
ACH-000560,10184653,0,0.09791607409715652
ACH-000560,11178236,0,0.014019542373716831
ACH-000560,11493598,0,0.125143364071846
ACH-000560,11640390,1,0.28721049427986145
ACH-000560,1401,1,0.21229806542396545
ACH-000560,176167,0,0.099593386054039
ACH-000560,17755052,0,0.028637398034334183
ACH-000560,23725625,0,0.12283700704574585
ACH-000560,24785538,0,0.10247022658586502
ACH-000560,25124816,1,0.07535571604967117
ACH-000560,25167777,0,0.010970281437039375
ACH-000560,25257557,0,0.9820324778556824
ACH-000560,300471,0,0.030312558636069298
ACH-000560,42640,0,0.0707569494843483
ACH-000560,46224516,0,0.02439822070300579
ACH-000560,46930998,0,0.029219884425401688
ACH-000560,5289247,0,0.14256219565868378
ACH-000560,5327091,0,0.029829781502485275
ACH-000560,6253,0,0.13764892518520355
ACH-000560,6450551,0,0.06136593967676163
ACH-000560,6505803,0,0.011327075771987438
ACH-000560,6914657,1,0.012283076532185078
ACH-000560,6918638,0,0.025317827239632607
ACH-000560,85668777,0,0.07792909443378448
ACH-000560,9810884,0,0.8883234262466431
ACH-000560,9813758,0,0.10227493196725845
ACH-000560,9884685,0,0.004798699636012316
ACH-000560,9903786,0,0.02948835678398609
ACH-000560,9914412,0,0.039033159613609314
ACH-000560,9956119,0,0.1397695392370224
ACH-000561,10184653,1,0.3422781229019165
ACH-000561,10196499,0,0.27615606784820557
ACH-000561,11152667,0,0.030781857669353485
ACH-000561,11316960,0,0.16295740008354187
ACH-000561,11373846,0,0.004394561983644962
ACH-000561,11647372,0,0.0017078950768336654
ACH-000561,11667893,0,0.3533429503440857
ACH-000561,176167,0,0.03945007175207138
ACH-000561,216326,0,0.07773236930370331
ACH-000561,23725625,0,0.08894636482000351
ACH-000561,24785538,0,0.5204637050628662
ACH-000561,24894414,0,0.02481897361576557
ACH-000561,25022668,0,0.35088852047920227
ACH-000561,31703,0,0.3720388412475586
ACH-000561,3218,0,0.1501065343618393
ACH-000561,51371303,0,0.15943413972854614
ACH-000561,5208,0,0.19479399919509888
ACH-000561,5278396,0,0.05323929339647293
ACH-000561,560326,0,0.056578896939754486
ACH-000561,56962337,0,0.09219719469547272
ACH-000561,6914657,0,0.01267147995531559
ACH-000561,6918848,0,0.0009524884517304599
ACH-000561,82146,1,0.34398800134658813
ACH-000561,9826528,0,0.05784076824784279
ACH-000561,9868037,0,0.03391486406326294
ACH-000561,9903786,0,0.0005934286746196449
ACH-000561,9914412,0,0.09710013121366501
ACH-000561,9931953,0,0.2254977971315384
ACH-000561,9952773,0,0.003890956286340952
ACH-000562,10196499,0,0.005596610717475414
ACH-000562,11152667,0,0.0003688142460305244
ACH-000562,11327430,0,0.004803929012268782
ACH-000562,11485656,0,0.0012794049689546227
ACH-000562,11713159,0,0.00016874812718015164
ACH-000562,11754511,0,0.0006585200899280608
ACH-000562,24894414,0,0.0087242117151618
ACH-000562,25195352,0,5.022426921641454e-05
ACH-000562,3218,0,0.006126377731561661
ACH-000562,42642645,0,2.3338643586612307e-05
ACH-000562,44224160,0,0.0001972724567167461
ACH-000562,44462760,0,0.0005280352779664099
ACH-000562,446378,0,0.009671622887253761
ACH-000562,46224516,0,0.0002787879784591496
ACH-000562,46907787,0,0.0031829813960939646
ACH-000562,5289247,0,0.003745553782209754
ACH-000562,54676905,0,0.20052869617938995
ACH-000562,54685215,0,0.022577812895178795
ACH-000562,5746,0,0.0037827538326382637
ACH-000562,637858,0,0.024803129956126213
ACH-000562,6445562,0,0.010143525898456573
ACH-000562,6914657,0,0.0012499344302341342
ACH-000562,6918454,0,0.0007309117936529219
ACH-000562,6918638,0,0.00033892158535309136
ACH-000562,82146,0,0.012413516640663147
ACH-000562,9826528,0,0.0007003743085078895
ACH-000562,9914412,0,0.0012040793662890792
ACH-000563,10127622,1,0.46902260184288025
ACH-000563,11152667,0,0.02579880878329277
ACH-000563,11178236,0,0.01010194793343544
ACH-000563,11647372,0,0.00166314747184515
ACH-000563,123631,0,0.15765482187271118
ACH-000563,126941,0,0.016405140981078148
ACH-000563,156422,0,0.11878766119480133
ACH-000563,2314623,0,0.10003480315208435
ACH-000563,2375,0,0.015065493993461132
ACH-000563,24776445,0,0.039418239146471024
ACH-000563,24826799,0,0.02990253083407879
ACH-000563,24951314,0,0.0009266955894418061
ACH-000563,24978538,1,0.03574058413505554
ACH-000563,25195352,0,0.004406051244586706
ACH-000563,25257557,0,0.16564053297042847
ACH-000563,4263900,0,0.07516764849424362
ACH-000563,444795,0,0.07309837639331818
ACH-000563,446378,0,0.03256198763847351
ACH-000563,46931012,0,0.0018774913623929024
ACH-000563,51371303,0,0.0451069213449955
ACH-000563,5208,0,0.02316468022763729
ACH-000563,5280757,0,0.09597446024417877
ACH-000563,5289247,0,0.10934729129076004
ACH-000563,57339144,0,0.023638110607862473
ACH-000563,6852167,0,0.003410682547837496
ACH-000563,6914657,0,0.001856854883953929
ACH-000563,6918454,0,0.7206704020500183
ACH-000563,6918848,0,0.0010159696685150266
ACH-000563,9868037,0,0.02885514870285988
ACH-000563,9884685,0,0.0009092990076169372
ACH-000563,9956222,0,0.00155704899225384
ACH-000565,10077147,0,0.0003937241854146123
ACH-000565,10096043,0,7.34408968128264e-05
ACH-000565,10109823,0,0.001490590744651854
ACH-000565,10384072,0,0.001624288852326572
ACH-000565,10451420,0,0.015387013554573059
ACH-000565,10459196,0,0.0007152484613470733
ACH-000565,11178236,0,0.003994842525571585
ACH-000565,11373846,0,0.01646200567483902
ACH-000565,11485656,0,0.0006375903030857444
ACH-000565,11625818,0,0.0013320893049240112
ACH-000565,11634725,0,0.05981064960360527
ACH-000565,11640390,0,0.0816359668970108
ACH-000565,11707110,1,0.9654520153999329
ACH-000565,11754511,0,0.00039149317308329046
ACH-000565,126941,0,0.0036298679187893867
ACH-000565,176167,0,0.023686714470386505
ACH-000565,24894414,0,0.0025095778983086348
ACH-000565,25195352,0,7.757027196930721e-05
ACH-000565,3796,0,0.013648778200149536
ACH-000565,44137675,0,0.0004684282757807523
ACH-000565,44819241,0,0.0028680325485765934
ACH-000565,46885626,0,0.006758541334420443
ACH-000565,49806720,0,0.11335746198892593
ACH-000565,51371303,0,0.016991617158055305
ACH-000565,53340664,0,0.00010703024599933997
ACH-000565,54685215,0,0.0018182754283770919
ACH-000565,56965967,0,0.0015500844456255436
ACH-000565,57339144,0,0.0033518215641379356
ACH-000565,5746,0,0.00042220368050038815
ACH-000565,6445533,0,0.002197765512391925
ACH-000565,6505803,0,0.003778599901124835
ACH-000565,6918454,1,0.823527455329895
ACH-000565,6918848,0,0.0006512707332149148
ACH-000565,71271629,0,0.0036430642940104008
ACH-000565,9810884,0,0.012415030971169472
ACH-000565,9813758,0,0.008380331099033356
ACH-000565,9884685,0,1.4460195416177157e-05
ACH-000566,10127622,1,0.1379803717136383
ACH-000566,10384072,0,0.12276403605937958
ACH-000566,11152667,0,0.016229063272476196
ACH-000566,11178236,0,0.03388926386833191
ACH-000566,11316960,0,0.09322604537010193
ACH-000566,11327430,0,0.16412003338336945
ACH-000566,11338033,0,0.008787744678556919
ACH-000566,11404337,0,0.6115226149559021
ACH-000566,11493598,0,0.03400645777583122
ACH-000566,11625818,0,0.08946258574724197
ACH-000566,126565,0,0.06196143105626106
ACH-000566,148124,1,0.4096684157848358
ACH-000566,156422,0,0.20436863601207733
ACH-000566,16720766,0,0.11923448741436005
ACH-000566,16725726,1,0.49809014797210693
ACH-000566,16747388,0,0.20275342464447021
ACH-000566,216326,0,0.03435830771923065
ACH-000566,24785538,0,0.648191511631012
ACH-000566,24826799,0,0.5789079070091248
ACH-000566,24889392,0,0.0762489065527916
ACH-000566,24894414,0,0.09000162780284882
ACH-000566,25257557,0,0.9922459721565247
ACH-000566,3463933,0,0.1989181935787201
ACH-000566,3796,0,0.0805271565914154
ACH-000566,44224160,0,0.020379124209284782
ACH-000566,44551660,0,0.00815147440880537
ACH-000566,44632017,0,0.24713319540023804
ACH-000566,46883536,0,0.050494663417339325
ACH-000566,5327091,0,0.2088547796010971
ACH-000566,53394750,0,0.7487097978591919
ACH-000566,54676905,0,0.12974007427692413
ACH-000566,6253,0,0.06470070779323578
ACH-000566,6445562,0,0.09274203330278397
ACH-000566,6450816,0,0.031219713389873505
ACH-000566,6918289,0,0.08098135888576508
ACH-000566,8249,0,0.0443432554602623
ACH-000566,9810884,1,0.8852976560592651
ACH-000566,9863776,0,0.027028247714042664
ACH-000566,9914412,0,0.2514040470123291
ACH-000567,10074640,0,0.4708788990974426
ACH-000567,10127622,0,0.07122231274843216
ACH-000567,10196499,0,0.17916496098041534
ACH-000567,10302451,1,0.27313491702079773
ACH-000567,10459196,0,0.1356833279132843
ACH-000567,11178236,0,0.024465765804052353
ACH-000567,11327430,0,0.07599414139986038
ACH-000567,11338033,1,0.7639304995536804
ACH-000567,11373846,1,0.6597830057144165
ACH-000567,11404337,1,0.13312481343746185
ACH-000567,11455910,0,0.04608345031738281
ACH-000567,11640390,0,0.3314666450023651
ACH-000567,11647372,0,0.7634963989257812
ACH-000567,11977753,0,0.03460703045129776
ACH-000567,148124,0,0.03560435771942139
ACH-000567,16095342,0,0.4047776758670807
ACH-000567,16720766,0,0.05793669819831848
ACH-000567,16760646,0,0.07798350602388382
ACH-000567,17755052,0,0.26736682653427124
ACH-000567,216326,0,0.1756623238325119
ACH-000567,24180719,0,0.08079943805932999
ACH-000567,24785538,0,0.31195148825645447
ACH-000567,25124816,0,0.07560354471206665
ACH-000567,36462,0,0.07533944398164749
ACH-000567,4261,0,0.12217340618371964
ACH-000567,4263900,0,0.20447547733783722
ACH-000567,44450571,0,0.07128265500068665
ACH-000567,44462760,0,0.17317043244838715
ACH-000567,44551660,1,0.741729736328125
ACH-000567,44632017,0,0.044555943459272385
ACH-000567,46191454,1,0.749818742275238
ACH-000567,46931012,1,0.85885089635849
ACH-000567,46943432,1,0.9516541957855225
ACH-000567,5208,1,0.1944393664598465
ACH-000567,5291,1,0.45384836196899414
ACH-000567,5327091,0,0.04975108057260513
ACH-000567,5460769,0,0.1467927247285843
ACH-000567,54685215,0,0.06340646743774414
ACH-000567,57339144,0,0.1907312273979187
ACH-000567,6253,0,0.17993809282779694
ACH-000567,6505803,0,0.01811762899160385
ACH-000567,6918289,0,0.10581038147211075
ACH-000567,9863776,0,0.05912122130393982
ACH-000567,9911830,0,0.6856744289398193
ACH-000567,9938202,0,0.08609873056411743
ACH-000568,11178236,0,0.0011277389712631702
ACH-000568,11282283,0,0.012584997341036797
ACH-000568,11676786,0,0.000198998415726237
ACH-000568,160355,0,0.01078751776367426
ACH-000568,176870,0,0.03256116434931755
ACH-000568,2375,0,0.00576894823461771
ACH-000568,24826799,0,0.004188170190900564
ACH-000568,24894414,0,0.00197783624753356
ACH-000568,25102847,0,0.009151816368103027
ACH-000568,25124816,0,0.020152950659394264
ACH-000568,25126798,0,0.0034856132697314024
ACH-000568,25167777,0,0.0009196772007271647
ACH-000568,3385,0,0.001086455537006259
ACH-000568,3463933,0,0.018380381166934967
ACH-000568,3796,0,0.0006409937632270157
ACH-000568,387447,0,0.025352388620376587
ACH-000568,44137675,0,0.025717049837112427
ACH-000568,448013,0,0.0011090408079326153
ACH-000568,46191454,0,0.000361957005225122
ACH-000568,46224516,0,8.697938756085932e-05
ACH-000568,46907787,0,0.0035647982731461525
ACH-000568,5289247,0,0.0005870232707820833
ACH-000568,5384616,0,0.013562161475419998
ACH-000568,5459322,0,0.027111072093248367
ACH-000568,5460769,0,0.009018502198159695
ACH-000568,5746,0,0.004757838323712349
ACH-000568,6918848,0,6.67524800519459e-05
ACH-000568,82146,0,0.02142878994345665
ACH-000568,8249,0,0.0007444258080795407
ACH-000568,9911830,0,0.0046697636134922504
ACH-000568,9952773,0,0.0008421767852269113
ACH-000568,9956119,0,0.05998087674379349
ACH-000570,10109823,1,0.08514442294836044
ACH-000570,10200390,1,0.01637175865471363
ACH-000570,10341154,0,0.005662471987307072
ACH-000570,10384072,0,0.01586304046213627
ACH-000570,10459196,1,0.04719557613134384
ACH-000570,11404337,0,0.037599023431539536
ACH-000570,11455910,1,0.025923583656549454
ACH-000570,11485656,0,0.006866843439638615
ACH-000570,11609586,0,0.014476926997303963
ACH-000570,11625818,0,0.03718923404812813
ACH-000570,11707110,0,0.005867724772542715
ACH-000570,126565,0,0.009859100915491581
ACH-000570,126941,0,0.021005673334002495
ACH-000570,176158,0,0.1705087423324585
ACH-000570,23725625,0,0.01400896068662405
ACH-000570,2375,0,0.015883836895227432
ACH-000570,24785538,0,0.08957064896821976
ACH-000570,3385,0,0.004669940564781427
ACH-000570,44462760,0,0.0036950239446014166
ACH-000570,46885626,0,0.031114615499973297
ACH-000570,46943432,0,0.03875565901398659
ACH-000570,5289247,0,0.001515488955192268
ACH-000570,5327091,0,0.022491266950964928
ACH-000570,6450551,0,0.005529123358428478
ACH-000570,704473,0,0.040647875517606735
ACH-000570,71271629,0,0.006279672496020794
ACH-000570,8249,0,0.009743250906467438
ACH-000570,9826528,0,0.0005902661359868944
ACH-000570,9858940,0,0.03014160320162773
ACH-000570,9868037,0,0.016625920310616493
ACH-000570,9884685,0,0.010328337550163269
ACH-000570,9910224,0,0.014534294605255127
ACH-000570,9914412,0,0.02803947776556015
ACH-000570,9943465,0,0.006634843070060015
ACH-000570,9956222,0,0.039049651473760605
ACH-000570,9967941,0,0.009912644512951374
ACH-000572,10077147,0,0.020682038739323616
ACH-000572,10113978,1,0.0168924480676651
ACH-000572,10127622,0,0.6679526567459106
ACH-000572,10196499,0,0.012109966017305851
ACH-000572,10341154,0,0.12275656312704086
ACH-000572,10384072,0,0.04312334954738617
ACH-000572,11152667,0,0.03991090878844261
ACH-000572,11316960,1,0.6183927655220032
ACH-000572,11433190,1,0.605514407157898
ACH-000572,159324,0,0.014184663072228432
ACH-000572,16722836,0,0.07830419391393661
ACH-000572,176158,0,0.02422087825834751
ACH-000572,24180719,1,0.6806046366691589
ACH-000572,2733526,0,0.1060849279165268
ACH-000572,44137675,1,0.027785450220108032
ACH-000572,44224160,0,0.003295262111350894
ACH-000572,44551660,0,0.028526246547698975
ACH-000572,446378,0,0.018010010942816734
ACH-000572,447912,0,0.03525819256901741
ACH-000572,46224516,0,0.030743606388568878
ACH-000572,5113032,0,0.06888454407453537
ACH-000572,53302361,0,0.010248417966067791
ACH-000572,5460769,0,0.03304165229201317
ACH-000572,560326,0,0.008484399877488613
ACH-000572,57339144,0,0.06500296294689178
ACH-000572,6253,0,0.04465196654200554
ACH-000572,65110,0,0.06349475681781769
ACH-000572,6852167,0,0.09076894819736481
ACH-000572,6918848,0,0.028709201142191887
ACH-000572,71271629,0,0.07922238856554031
ACH-000572,82146,1,0.030334480106830597
ACH-000572,9810884,0,0.4178790748119354
ACH-000572,9826528,1,0.926578938961029
ACH-000572,9858940,0,0.20982672274112701
ACH-000572,9903786,0,0.04311279579997063
ACH-000572,9952773,0,0.025511352345347404
ACH-000573,10027278,0,0.0011414525797590613
ACH-000573,10451420,0,0.002023049397394061
ACH-000573,11178236,0,0.0041614556685090065
ACH-000573,11624601,0,0.025929130613803864
ACH-000573,1401,0,0.004463554359972477
ACH-000573,2375,0,0.0012757520889863372
ACH-000573,24180719,0,0.004519890993833542
ACH-000573,24756910,0,7.009486580500379e-05
ACH-000573,24776445,0,0.00039267505053430796
ACH-000573,25195352,0,2.599820618343074e-05
ACH-000573,300471,0,0.022422997280955315
ACH-000573,31703,0,0.00032714111148379743
ACH-000573,3796,0,0.0012822113931179047
ACH-000573,44137675,0,0.030852070078253746
ACH-000573,44143370,0,0.0005061151459813118
ACH-000573,44224160,0,1.4604909665649757e-05
ACH-000573,448013,0,0.001292792847380042
ACH-000573,54676905,0,0.013420657254755497
ACH-000573,54685215,0,0.02448020689189434
ACH-000573,60750,0,0.0006645264220423996
ACH-000573,637858,0,0.010172625072300434
ACH-000573,6450551,0,9.884723112918437e-05
ACH-000573,6710780,0,0.0006370649207383394
ACH-000573,6852167,0,0.00013604476407635957
ACH-000573,6914657,0,6.133699207566679e-05
ACH-000573,704473,0,0.001908803591504693
ACH-000573,82146,0,0.006696801632642746
ACH-000573,84691,0,0.0027062713634222746
ACH-000573,85668777,0,0.052668530493974686
ACH-000573,9813758,0,0.0006662652594968677
ACH-000573,9874913,0,0.007044426631182432
ACH-000573,9938202,0,0.006251157261431217
ACH-000573,9956222,0,7.751201337669045e-05
ACH-000574,10096043,0,0.0012011256767436862
ACH-000574,10109823,0,0.1265435665845871
ACH-000574,10200390,0,0.006346326321363449
ACH-000574,11152667,0,0.0026520590763539076
ACH-000574,11404337,0,0.004023960791528225
ACH-000574,11609586,0,0.014743014238774776
ACH-000574,11624601,0,0.04711032658815384
ACH-000574,11707110,0,0.002048229333013296
ACH-000574,123631,0,0.06875449419021606
ACH-000574,126565,0,0.004251577891409397
ACH-000574,126941,0,0.014647520147264004
ACH-000574,1401,0,0.024696702137589455
ACH-000574,176158,0,0.08163242787122726
ACH-000574,2375,0,0.026372868567705154
ACH-000574,24776445,0,0.011758322827517986
ACH-000574,24826799,0,0.008293777704238892
ACH-000574,24951314,0,0.005225223954766989
ACH-000574,24978538,0,0.08193877339363098
ACH-000574,3385,0,0.0030824183486402035
ACH-000574,36462,0,0.0036295747850090265
ACH-000574,42640,0,0.07672689110040665
ACH-000574,44143370,0,0.028682416304945946
ACH-000574,44224160,0,0.028320593759417534
ACH-000574,44462760,0,0.0007391019607894123
ACH-000574,446378,0,0.05417288467288017
ACH-000574,44819241,0,0.03570514917373657
ACH-000574,46191454,0,0.014142803847789764
ACH-000574,46883536,0,0.035447102040052414
ACH-000574,5113032,0,0.04201388731598854
ACH-000574,5327091,0,0.013984236866235733
ACH-000574,5459322,0,0.04991479218006134
ACH-000574,56962337,0,0.020923325791954994
ACH-000574,66577006,0,0.0622783824801445
ACH-000574,6753378,0,0.008831696584820747
ACH-000574,6914657,0,0.0062036821618676186
ACH-000574,85668777,1,0.033375754952430725
ACH-000574,9826528,0,0.0002805953845381737
ACH-000574,9903786,0,0.00345074781216681
ACH-000574,9914412,0,0.011704707518219948
ACH-000579,10096043,0,0.0021325680427253246
ACH-000579,10113978,0,0.005660010501742363
ACH-000579,10127622,1,0.7759530544281006
ACH-000579,10172943,0,0.0077863396145403385
ACH-000579,10196499,0,0.004055165685713291
ACH-000579,10384072,0,0.03893395885825157
ACH-000579,11373846,0,0.15322160720825195
ACH-000579,11433190,1,0.4670288562774658
ACH-000579,11676786,1,0.6718387007713318
ACH-000579,11707110,1,0.9749888181686401
ACH-000579,156422,0,0.26196524500846863
ACH-000579,159324,0,0.0038795112632215023
ACH-000579,16747388,0,0.1260269731283188
ACH-000579,176167,0,0.211666077375412
ACH-000579,208908,0,0.17446473240852356
ACH-000579,24889392,0,0.043107278645038605
ACH-000579,24894414,0,0.03751590847969055
ACH-000579,25022668,0,0.0035102088004350662
ACH-000579,25167777,0,0.0029540900141000748
ACH-000579,25262965,0,0.007007188629359007
ACH-000579,2726824,0,0.31848981976509094
ACH-000579,2733526,0,0.10918843746185303
ACH-000579,3218,0,0.029430553317070007
ACH-000579,36314,0,0.004924248903989792
ACH-000579,4261,0,0.034325387328863144
ACH-000579,44632017,0,0.001955672400072217
ACH-000579,46191454,0,0.018633700907230377
ACH-000579,5113032,0,0.03415699675679207
ACH-000579,5289247,1,0.720196008682251
ACH-000579,54685215,0,0.026939140632748604
ACH-000579,56965967,0,0.028072752058506012
ACH-000579,57339144,0,0.03770073503255844
ACH-000579,6505803,0,0.03827808052301407
ACH-000579,66577006,0,0.03133799135684967
ACH-000579,6918848,0,0.010818974114954472
ACH-000579,71271629,0,0.038128018379211426
ACH-000579,9826308,0,0.001044922391884029
ACH-000579,9826528,1,0.9562494158744812
ACH-000579,9863776,1,0.7562277913093567
ACH-000579,9956222,0,0.0006824615993537009
ACH-000580,10196499,0,0.0007415779982693493
ACH-000580,10459196,0,0.028587643057107925
ACH-000580,11282283,0,0.017389869317412376
ACH-000580,11373846,0,0.013740730471909046
ACH-000580,11433190,1,0.6155786514282227
ACH-000580,11667893,1,0.044294390827417374
ACH-000580,11713159,0,0.004226053599268198
ACH-000580,148124,0,0.005540456157177687
ACH-000580,16722836,0,0.0019383304752409458
ACH-000580,176167,0,0.0068783387541770935
ACH-000580,17755052,0,0.0013238417450338602
ACH-000580,2314623,0,0.04905145615339279
ACH-000580,24180719,1,0.8642790913581848
ACH-000580,24756910,0,0.00046851360821165144
ACH-000580,25102847,0,0.001925904187373817
ACH-000580,25124816,0,0.017067372798919678
ACH-000580,25167777,0,0.00015620548219885677
ACH-000580,51371303,0,0.027436228469014168
ACH-000580,5208,0,0.0006982822087593377
ACH-000580,5311497,0,0.004688121844083071
ACH-000580,53340664,0,0.0006596960593014956
ACH-000580,560326,0,0.0008489672327414155
ACH-000580,56962337,0,0.021732529625296593
ACH-000580,6253,1,0.045133575797080994
ACH-000580,637858,0,0.13620086014270782
ACH-000580,6914657,0,0.0007589206215925515
ACH-000580,71271629,0,0.06963397562503815
ACH-000580,85668777,0,0.14268465340137482
ACH-000580,9868037,0,0.01141166128218174
ACH-000580,9874913,0,0.007055762689560652
ACH-000580,9911830,0,0.0038212640210986137
ACH-000585,10109823,0,0.012217451818287373
ACH-000585,10341154,0,0.06619203835725784
ACH-000585,104842,0,0.002776429755613208
ACH-000585,11152667,0,0.012244942598044872
ACH-000585,11338033,0,0.004664679989218712
ACH-000585,11373846,0,0.2477254569530487
ACH-000585,11485656,0,0.04094617813825607
ACH-000585,11634725,0,0.04062318056821823
ACH-000585,11707110,1,0.4483274817466736
ACH-000585,16747388,0,0.053804632276296616
ACH-000585,216326,0,0.07478997111320496
ACH-000585,23725625,0,0.018322141841053963
ACH-000585,24772860,0,0.00693838857114315
ACH-000585,24889392,0,0.32644426822662354
ACH-000585,25022668,0,0.0007618788513354957
ACH-000585,36462,0,0.0011277459561824799
ACH-000585,44551660,1,0.044000834226608276
ACH-000585,44819241,0,0.019809499382972717
ACH-000585,46931012,0,0.025974085554480553
ACH-000585,51371303,0,0.09473362565040588
ACH-000585,5280757,0,0.009248265996575356
ACH-000585,5327091,0,0.0022345101460814476
ACH-000585,5459322,0,0.015885043889284134
ACH-000585,5460769,0,0.0074949441477656364
ACH-000585,6753378,0,0.14086928963661194
ACH-000585,85668777,0,0.0967613086104393
ACH-000585,9858940,0,0.036476533859968185
ACH-000585,9884685,0,0.005381373688578606
ACH-000585,9931953,0,0.007974343374371529
ACH-000585,9938202,0,0.09991921484470367
ACH-000585,9943465,0,0.11220647394657135
ACH-000586,10109823,0,0.0009060166194103658
ACH-000586,10184653,0,0.005563283804804087
ACH-000586,10459196,0,0.0627160519361496
ACH-000586,10461815,0,0.03409574553370476
ACH-000586,11178236,0,0.001954562496393919
ACH-000586,11282283,0,0.11941859871149063
ACH-000586,11404337,0,0.000490327540319413
ACH-000586,11617559,0,0.008684930391609669
ACH-000586,11634725,0,4.9241520173382014e-05
ACH-000586,16760646,0,0.153533935546875
ACH-000586,208908,0,0.018282275646924973
ACH-000586,2314623,0,0.06317801773548126
ACH-000586,24785538,0,0.0012551825493574142
ACH-000586,24889392,0,0.02889087423682213
ACH-000586,25124816,0,0.005888594314455986
ACH-000586,25167777,0,0.01158041413873434
ACH-000586,25262965,0,0.3519953489303589
ACH-000586,2726824,0,0.053966864943504333
ACH-000586,31703,0,0.0015030361246317625
ACH-000586,44462760,0,0.0028102758806198835
ACH-000586,44551660,0,0.0006021681474521756
ACH-000586,447912,0,0.06798804551362991
ACH-000586,46843772,0,0.037230513989925385
ACH-000586,46844147,0,0.00444151321426034
ACH-000586,46885626,0,0.016305292025208473
ACH-000586,5278396,0,0.30231139063835144
ACH-000586,5311,0,0.0474630668759346
ACH-000586,5311510,0,0.02606869675219059
ACH-000586,5327091,0,0.039325494319200516
ACH-000586,5328940,0,0.005767031107097864
ACH-000586,5329102,0,0.00010584539268165827
ACH-000586,53340664,0,0.0013851909898221493
ACH-000586,54676905,0,0.11705821752548218
ACH-000586,6253,0,0.012469148263335228
ACH-000586,6445533,0,0.01219998113811016
ACH-000586,704473,0,0.07881879806518555
ACH-000586,71271629,0,0.14139729738235474
ACH-000586,84691,1,0.032114237546920776
ACH-000586,9810884,0,0.5576334595680237
ACH-000586,9858940,0,0.04237663000822067
ACH-000586,9884685,0,0.003484046785160899
ACH-000586,9907093,0,0.015906548127532005
ACH-000587,10077147,0,0.009597189724445343
ACH-000587,10109823,1,0.5248105525970459
ACH-000587,10172943,0,0.16168059408664703
ACH-000587,10184653,1,0.43337780237197876
ACH-000587,10200390,1,0.08376818150281906
ACH-000587,104842,0,0.014334159903228283
ACH-000587,11316960,0,0.19387803971767426
ACH-000587,11327430,0,0.00924015510827303
ACH-000587,11433190,0,0.24920183420181274
ACH-000587,11455910,0,0.28090527653694153
ACH-000587,11493598,0,0.30198800563812256
ACH-000587,11626560,0,0.1016196757555008
ACH-000587,11640390,1,0.5648797750473022
ACH-000587,126941,0,0.02000950463116169
ACH-000587,16722836,0,0.08769742399454117
ACH-000587,176167,0,0.19882605969905853
ACH-000587,17755052,0,0.013937696814537048
ACH-000587,24785538,0,0.5861523151397705
ACH-000587,24825971,0,0.08590477705001831
ACH-000587,24978538,0,0.1311730295419693
ACH-000587,3062316,1,0.8786880373954773
ACH-000587,3218,0,0.0312952920794487
ACH-000587,3385,0,0.028014106675982475
ACH-000587,46844147,0,0.057719770818948746
ACH-000587,46883536,0,0.05250874534249306
ACH-000587,46930998,1,0.025397537276148796
ACH-000587,46943432,0,0.21867166459560394
ACH-000587,4993,0,0.12126623094081879
ACH-000587,5289247,0,0.2933906018733978
ACH-000587,5291,0,0.09305024147033691
ACH-000587,5311510,0,0.22002573311328888
ACH-000587,5330286,0,0.024506935849785805
ACH-000587,56965967,0,0.09680010378360748
ACH-000587,5746,0,0.06654951721429825
ACH-000587,6852167,0,0.10818617790937424
ACH-000587,6918454,0,0.3033248484134674
ACH-000587,704473,0,0.10087098926305771
ACH-000587,76044,0,0.01731354184448719
ACH-000587,84691,0,0.028729256242513657
ACH-000587,9813758,0,0.31853729486465454
ACH-000587,9826528,0,0.4843263626098633
ACH-000587,9858940,0,0.11974895745515823
ACH-000587,9863776,0,0.1563345044851303
ACH-000587,9874913,0,0.32907289266586304
ACH-000587,9884685,0,0.021562499925494194
ACH-000587,9911830,0,0.027647219598293304
ACH-000589,10109823,0,0.5048509836196899
ACH-000589,11327430,0,0.020432380959391594
ACH-000589,11455910,0,0.3465411961078644
ACH-000589,11493598,0,0.05915414169430733
ACH-000589,11617559,0,0.051233310252428055
ACH-000589,11647372,0,0.007514598313719034
ACH-000589,16725726,0,0.1542605459690094
ACH-000589,17755052,0,0.02956409379839897
ACH-000589,24978538,0,0.058783285319805145
ACH-000589,25022668,0,0.07389658689498901
ACH-000589,25222038,0,0.05261838436126709
ACH-000589,25262965,0,0.016842229291796684
ACH-000589,3463933,0,0.27862295508384705
ACH-000589,4263900,0,0.023163096979260445
ACH-000589,42640,0,0.03658019378781319
ACH-000589,44182295,1,0.6035366654396057
ACH-000589,44551660,0,0.0029539649840444326
ACH-000589,447912,0,0.009374341927468777
ACH-000589,46931012,0,0.002778025111183524
ACH-000589,5327091,0,0.047111041843891144
ACH-000589,53302361,0,0.032007817178964615
ACH-000589,5330286,0,0.018422162160277367
ACH-000589,6445562,0,0.21241877973079681
ACH-000589,6450816,0,0.011011186987161636
ACH-000589,66577006,0,0.02193334698677063
ACH-000589,6918454,1,0.36181697249412537
ACH-000589,9810884,0,0.040367357432842255
ACH-000589,9858940,0,0.11387761682271957
ACH-000589,9863776,0,0.20928695797920227
ACH-000589,9874913,0,0.2660950720310211
ACH-000589,9911830,0,0.013986294157803059
ACH-000589,9956222,0,0.008529615588486195
ACH-000589,9967941,0,0.2879721522331238
ACH-000595,10077147,0,0.00023883780522737652
ACH-000595,10096043,0,5.857902215211652e-05
ACH-000595,10109823,0,0.00034045983920805156
ACH-000595,10200390,0,3.518444282235578e-05
ACH-000595,104842,0,0.01197701133787632
ACH-000595,11617559,0,0.0005242624320089817
ACH-000595,11624601,0,0.19402866065502167
ACH-000595,11625818,0,0.00012997629528399557
ACH-000595,11713159,0,0.0005743880174122751
ACH-000595,11977753,0,0.06194489821791649
ACH-000595,16747388,0,0.00011813935270765796
ACH-000595,2314623,0,0.061691123992204666
ACH-000595,23725625,0,0.019579900428652763
ACH-000595,24180719,0,0.17406705021858215
ACH-000595,24772860,0,1.88366902875714e-06
ACH-000595,24894414,0,0.00020478125952649862
ACH-000595,24951314,0,3.948875473724911e-06
ACH-000595,2726824,0,0.37333250045776367
ACH-000595,3005532,0,0.015703562647104263
ACH-000595,42640,0,0.033415619283914566
ACH-000595,44143370,0,0.0001913822052301839
ACH-000595,44224160,0,3.0198552849469706e-06
ACH-000595,447912,0,0.0003694603219628334
ACH-000595,46931012,0,3.0483568025374552e-06
ACH-000595,46943432,0,1.3559412764152512e-05
ACH-000595,5394,1,0.12971411645412445
ACH-000595,56962337,0,0.042762622237205505
ACH-000595,5746,0,0.0034569536801427603
ACH-000595,6505803,0,0.013718673959374428
ACH-000595,84691,0,0.06987374275922775
ACH-000595,9884685,0,2.580235786808771e-06
ACH-000595,9938202,0,0.012046280317008495
ACH-000595,9967941,0,0.0013381036696955562
ACH-000596,10074640,1,0.14088568091392517
ACH-000596,10096043,0,0.3453877568244934
ACH-000596,11178236,0,0.026966365054249763
ACH-000596,11433190,0,0.2612250745296478
ACH-000596,11624601,0,0.05086119845509529
ACH-000596,11754511,0,0.07321345061063766
ACH-000596,123631,0,0.1818857192993164
ACH-000596,126565,0,0.03825606033205986
ACH-000596,24776445,0,0.012628361582756042
ACH-000596,25022668,1,0.28925177454948425
ACH-000596,25167777,0,0.029031066223978996
ACH-000596,25195352,0,0.22522398829460144
ACH-000596,25257557,1,0.971750020980835
ACH-000596,3005532,1,0.26258742809295654
ACH-000596,3385,1,0.06763000041246414
ACH-000596,3463933,0,0.12417081743478775
ACH-000596,42640,0,0.018857747316360474
ACH-000596,44462760,0,0.43268468976020813
ACH-000596,448013,1,0.2977135181427002
ACH-000596,44819241,0,0.02883509173989296
ACH-000596,46883536,1,0.10862986743450165
ACH-000596,46931012,1,0.2225792557001114
ACH-000596,49806720,0,0.3263186514377594
ACH-000596,5113032,0,0.03285308927297592
ACH-000596,54676905,0,0.05727383494377136
ACH-000596,54685215,0,0.11498880386352539
ACH-000596,560326,0,0.03530356287956238
ACH-000596,66577006,0,0.19375906884670258
ACH-000596,6914657,0,0.013618209399282932
ACH-000596,82146,0,0.054664354771375656
ACH-000596,9868037,1,0.045696668326854706
ACH-000596,9956119,0,0.3893440067768097
ACH-000599,10127622,1,0.47235992550849915
ACH-000599,10184653,0,0.3306676745414734
ACH-000599,10459196,0,0.0035622180439531803
ACH-000599,11178236,0,0.023066742345690727
ACH-000599,11327430,0,0.0005430758465081453
ACH-000599,11485656,0,0.0029548341408371925
ACH-000599,11667893,0,0.03824041411280632
ACH-000599,11960529,0,0.004350514151155949
ACH-000599,126941,0,0.013173090294003487
ACH-000599,16720766,0,0.011746459640562534
ACH-000599,16725726,0,0.21844220161437988
ACH-000599,23725625,0,0.0015105766942724586
ACH-000599,2375,0,0.006093090400099754
ACH-000599,25257557,1,0.677846372127533
ACH-000599,3218,0,0.00495576998218894
ACH-000599,42640,0,0.008052196353673935
ACH-000599,42642645,0,0.001488305046223104
ACH-000599,448013,0,0.00034641570528037846
ACH-000599,46931012,0,0.0029194147791713476
ACH-000599,49806720,0,0.4195733070373535
ACH-000599,5327091,0,0.0036826671566814184
ACH-000599,53302361,0,0.0006130051915533841
ACH-000599,5459322,0,0.03827594220638275
ACH-000599,56962337,0,0.009449973702430725
ACH-000599,6253,0,0.004931412171572447
ACH-000599,65110,0,0.011444414965808392
ACH-000599,6710780,0,0.003265195060521364
ACH-000599,6753378,0,0.04628613218665123
ACH-000599,704473,0,0.04081512615084648
ACH-000599,8249,0,0.26354989409446716
ACH-000599,84691,0,0.003794751362875104
ACH-000599,9910224,0,0.01273408718407154
ACH-000599,9931953,0,0.004978909157216549
ACH-000599,9967941,0,0.4875350594520569
ACH-000603,10200390,0,1.4538180948875379e-05
ACH-000603,11282283,0,0.1738540232181549
ACH-000603,11373846,0,0.000973922258708626
ACH-000603,11493598,0,6.854028470115736e-05
ACH-000603,11617559,0,0.01551941316574812
ACH-000603,11707110,0,0.0027626152150332928
ACH-000603,11713159,0,5.5134212743723765e-05
ACH-000603,2314623,0,0.45517659187316895
ACH-000603,25102847,0,8.211054228013381e-05
ACH-000603,25257557,0,0.0092671113088727
ACH-000603,2726824,0,0.13583552837371826
ACH-000603,2733526,0,0.2143501341342926
ACH-000603,3005532,0,0.0005387976998463273
ACH-000603,31703,0,2.117460644512903e-05
ACH-000603,3796,0,0.00040035147685557604
ACH-000603,42640,0,0.027793053537607193
ACH-000603,44224160,0,0.00012031073129037395
ACH-000603,44551660,0,0.00012673038872890174
ACH-000603,446378,0,0.0011204311158508062
ACH-000603,46191454,0,0.0009637787588872015
ACH-000603,51371303,1,0.37712156772613525
ACH-000603,5289247,0,0.0017112185014411807
ACH-000603,5460769,0,0.0015436183894053102
ACH-000603,54676905,0,0.05458224564790726
ACH-000603,54685215,0,0.001651328639127314
ACH-000603,560326,1,0.001131128054112196
ACH-000603,56962337,0,0.009501069784164429
ACH-000603,57339144,0,0.015509821474552155
ACH-000603,6450816,0,0.00029893071041442454
ACH-000603,66577006,0,0.0011545158922672272
ACH-000603,6852167,0,0.0018656905740499496
ACH-000603,85668777,0,0.023335464298725128
ACH-000603,9931953,0,0.013282320462167263
ACH-000605,10074640,0,0.00496784457936883
ACH-000605,10341154,0,0.004755678121000528
ACH-000605,10451420,0,0.011722598224878311
ACH-000605,10459196,0,0.002399670658633113
ACH-000605,11152667,0,0.0005115135572850704
ACH-000605,11338033,0,0.00016628594312351197
ACH-000605,11373846,0,0.006294603925198317
ACH-000605,11404337,0,0.002083397936075926
ACH-000605,11609586,0,0.010494383051991463
ACH-000605,11713159,0,0.0012771963374689221
ACH-000605,126565,0,0.0005825262051075697
ACH-000605,156422,0,0.2666146457195282
ACH-000605,159324,0,0.013683414086699486
ACH-000605,16095342,0,0.004949998110532761
ACH-000605,16663089,0,0.008966188877820969
ACH-000605,16722836,0,0.0006504736375063658
ACH-000605,216239,0,0.0013080548960715532
ACH-000605,24772860,0,0.00020093921921215951
ACH-000605,24978538,0,0.04902774095535278
ACH-000605,25126798,0,0.02195153199136257
ACH-000605,25222038,0,0.0009036397095769644
ACH-000605,2733526,0,0.06334342807531357
ACH-000605,300471,0,0.02793978899717331
ACH-000605,3005532,0,0.009707587771117687
ACH-000605,31703,0,0.0002583593886811286
ACH-000605,3385,0,0.0007461968343704939
ACH-000605,387447,0,0.0456109382212162
ACH-000605,44632017,0,0.0009114905260503292
ACH-000605,446378,0,0.005505583714693785
ACH-000605,46885626,0,0.0074095833115279675
ACH-000605,5278396,0,0.003555275034159422
ACH-000605,5289247,0,0.0265284925699234
ACH-000605,5311497,0,0.0005391853046603501
ACH-000605,5327091,0,0.004973502829670906
ACH-000605,5329102,0,0.00030122054158709943
ACH-000605,53302361,0,0.002186703961342573
ACH-000605,53340664,0,0.00039907480822876096
ACH-000605,56962337,0,0.005873546004295349
ACH-000605,6253,0,0.0008617970161139965
ACH-000605,6445562,0,0.17305095493793488
ACH-000605,6450551,0,0.0003155611047986895
ACH-000605,6450816,0,0.00572331203147769
ACH-000605,65110,0,0.002149513689801097
ACH-000605,704473,0,0.03750127926468849
ACH-000605,9826528,0,0.00589795084670186
ACH-000605,9911830,0,0.0007157069630920887
ACH-000605,9938202,0,0.08724453300237656
ACH-000605,9952773,0,0.0032829612027853727
ACH-000605,9956222,0,0.003407530253753066
ACH-000605,9967941,0,0.24911127984523773
ACH-000607,10196499,0,0.022263821214437485
ACH-000607,10200390,0,0.00821269117295742
ACH-000607,10341154,0,0.26615098118782043
ACH-000607,10459196,0,0.2678985893726349
ACH-000607,104842,0,0.22950170934200287
ACH-000607,11609586,0,0.5330291390419006
ACH-000607,11624601,0,0.4874855875968933
ACH-000607,11626560,0,0.06188434362411499
ACH-000607,11707110,0,0.37969252467155457
ACH-000607,126941,0,0.16219542920589447
ACH-000607,156422,1,0.4387693405151367
ACH-000607,16725726,0,0.09315329045057297
ACH-000607,2375,0,0.20718428492546082
ACH-000607,24180719,0,0.6255550384521484
ACH-000607,24756910,0,0.003060846356675029
ACH-000607,24978538,0,0.14022721350193024
ACH-000607,25126798,0,0.12447192519903183
ACH-000607,25167777,0,0.0020032208412885666
ACH-000607,2726824,0,0.4938763380050659
ACH-000607,3385,0,0.050698619335889816
ACH-000607,3463933,0,0.28515300154685974
ACH-000607,3796,0,0.019865216687321663
ACH-000607,51371303,1,0.3788951337337494
ACH-000607,5208,0,0.02059156447649002
ACH-000607,521106,0,0.01087786816060543
ACH-000607,5311497,0,0.022867752239108086
ACH-000607,5327091,0,0.3829730153083801
ACH-000607,54685215,0,0.2196066826581955
ACH-000607,6450551,0,0.0658954605460167
ACH-000607,66577006,0,0.011500796303153038
ACH-000607,6852167,0,0.002882072702050209
ACH-000607,6918454,0,0.2254575937986374
ACH-000607,6918638,0,0.001416729181073606
ACH-000607,6918848,0,0.001041535404510796
ACH-000607,85668777,0,0.3406738340854645
ACH-000607,9911830,0,0.02247871644794941
ACH-000607,9952773,0,0.0025462142657488585
ACH-000607,9956222,0,0.0006702824612148106
ACH-000609,10109823,0,0.04193379729986191
ACH-000609,10302451,1,0.712583601474762
ACH-000609,10461815,0,0.15720319747924805
ACH-000609,11634725,0,0.0018617938039824367
ACH-000609,11640390,0,0.014324340969324112
ACH-000609,11647372,0,0.0003774853248614818
ACH-000609,11676786,0,0.004451152868568897
ACH-000609,11713159,0,0.07066033780574799
ACH-000609,11754511,0,0.0003379887784831226
ACH-000609,11960529,0,0.026166539639234543
ACH-000609,126565,0,0.010999374091625214
ACH-000609,16038120,0,0.003142595523968339
ACH-000609,16747388,0,0.003005136037245393
ACH-000609,176158,0,0.16623033583164215
ACH-000609,17755052,0,0.010608453303575516
ACH-000609,216326,0,0.00784579012542963
ACH-000609,24776445,0,0.010659327730536461
ACH-000609,24826799,1,0.004488981328904629
ACH-000609,24889392,0,0.0015706396661698818
ACH-000609,24894414,0,0.003952397033572197
ACH-000609,25022668,0,0.07836839556694031
ACH-000609,25126798,0,0.004780096933245659
ACH-000609,3005532,0,0.38975492119789124
ACH-000609,36314,0,0.37668919563293457
ACH-000609,36462,0,0.009067149832844734
ACH-000609,44137675,0,0.21794140338897705
ACH-000609,44143370,0,0.0014051228063181043
ACH-000609,46844147,0,0.00128958432469517
ACH-000609,46883536,0,0.0011490657925605774
ACH-000609,46885626,0,0.0015995313879102468
ACH-000609,46930998,0,0.018861955031752586
ACH-000609,49836027,0,0.1683448851108551
ACH-000609,5113032,0,0.008614089339971542
ACH-000609,51371303,0,0.0515710785984993
ACH-000609,521106,0,0.008803041651844978
ACH-000609,5327091,0,0.06676792353391647
ACH-000609,5329102,0,0.0010159250814467669
ACH-000609,637858,0,0.07378873974084854
ACH-000609,6450816,0,0.000392674672184512
ACH-000609,6710780,0,0.0057754553854465485
ACH-000609,6852167,0,0.0006098737358115613
ACH-000609,6918289,1,0.026341009885072708
ACH-000609,6918638,0,0.00011805984831880778
ACH-000609,7251185,0,0.019534407183527946
ACH-000609,8249,0,0.0029075436759740114
ACH-000609,84691,0,0.057516515254974365
ACH-000609,85668777,0,0.10014685988426208
ACH-000609,9868037,0,0.0022806995548307896
ACH-000609,9907093,1,0.6758150458335876
ACH-000609,9910224,0,0.0017157397232949734
ACH-000609,9943465,1,0.033567532896995544
ACH-000609,9956222,0,0.0008481675758957863
ACH-000609,9967941,0,0.006754125468432903
ACH-000610,10027278,0,6.922731699887663e-05
ACH-000610,10074640,0,0.012833526358008385
ACH-000610,10127622,0,0.003538217395544052
ACH-000610,10196499,0,0.000369042856618762
ACH-000610,10459196,0,0.0010811734246090055
ACH-000610,11282283,0,0.2165965884923935
ACH-000610,11316960,0,0.004930415656417608
ACH-000610,11327430,0,0.0005737434839829803
ACH-000610,11455910,0,0.0004638448590412736
ACH-000610,11609586,0,0.004293347708880901
ACH-000610,11624601,0,0.002274981699883938
ACH-000610,11667893,0,0.0014137087855488062
ACH-000610,11713159,0,3.99678319809027e-05
ACH-000610,11754511,1,0.09752567857503891
ACH-000610,126941,0,0.21670381724834442
ACH-000610,148124,0,0.00013292895164340734
ACH-000610,17755052,0,0.0025373066309839487
ACH-000610,208908,0,0.007140246219933033
ACH-000610,25126798,0,0.2916388511657715
ACH-000610,25195352,0,0.0032931093592196703
ACH-000610,2726824,0,0.014298000372946262
ACH-000610,300471,0,0.00030591158429160714
ACH-000610,3005532,0,0.00013724165910389274
ACH-000610,42642645,1,0.00070988415973261
ACH-000610,44143370,0,0.08770183473825455
ACH-000610,44224160,0,0.008877855725586414
ACH-000610,46907787,0,0.0007020931225270033
ACH-000610,521106,0,0.00015753567276988178
ACH-000610,5278396,0,0.0014877085341140628
ACH-000610,5327091,0,0.0002460756222717464
ACH-000610,54676905,0,0.010254882276058197
ACH-000610,56962337,0,0.010944809764623642
ACH-000610,644241,0,0.008855470456182957
ACH-000610,65110,0,0.046699635684490204
ACH-000610,6852167,0,0.7521767616271973
ACH-000610,6918454,0,0.0007549795554950833
ACH-000610,704473,0,0.28889963030815125
ACH-000610,71271629,0,0.010109089314937592
ACH-000610,84691,0,0.00043487478978931904
ACH-000610,9813758,0,0.366495817899704
ACH-000610,9858940,0,0.006844182964414358
ACH-000610,9868037,0,0.14260953664779663
ACH-000610,9952773,0,0.012252725660800934
ACH-000611,10074640,0,0.36991897225379944
ACH-000611,10384072,0,0.1787572056055069
ACH-000611,10390396,0,0.23867309093475342
ACH-000611,10451420,1,0.9934383034706116
ACH-000611,11282283,0,0.6339683532714844
ACH-000611,11373846,1,0.9048996567726135
ACH-000611,11485656,1,0.6523294448852539
ACH-000611,11617559,1,0.6980008482933044
ACH-000611,11640390,0,0.179116353392601
ACH-000611,11647372,1,0.9783195853233337
ACH-000611,11707110,0,0.03116557188332081
ACH-000611,11754511,1,0.9358686208724976
ACH-000611,11960529,0,0.3095303475856781
ACH-000611,126941,1,0.7836963534355164
ACH-000611,24756910,1,0.950817883014679
ACH-000611,24772860,0,0.8713864088058472
ACH-000611,24785538,0,0.13882888853549957
ACH-000611,24978538,1,0.8971545100212097
ACH-000611,25195352,0,0.6258084177970886
ACH-000611,300471,0,0.08324169367551804
ACH-000611,3062316,1,0.6278411149978638
ACH-000611,31703,0,0.20418326556682587
ACH-000611,387447,0,0.16132023930549622
ACH-000611,42642645,0,0.3297256529331207
ACH-000611,44143370,0,0.6478870511054993
ACH-000611,44462760,0,0.09247366338968277
ACH-000611,44551660,1,0.9013371467590332
ACH-000611,44819241,0,0.37772494554519653
ACH-000611,46844147,1,0.721444308757782
ACH-000611,46885626,1,0.9378622770309448
ACH-000611,5113032,1,0.7450926303863525
ACH-000611,5208,0,0.6501264572143555
ACH-000611,5327091,0,0.20434005558490753
ACH-000611,5494449,0,0.8074097037315369
ACH-000611,5746,0,0.3291512131690979
ACH-000611,6450551,0,0.22289124131202698
ACH-000611,6450816,1,0.8188527226448059
ACH-000611,6710780,1,0.46248283982276917
ACH-000611,71271629,0,0.3573680818080902
ACH-000611,85668777,0,0.08754479140043259
ACH-000611,9826528,0,0.004052008502185345
ACH-000611,9884685,1,0.9875675439834595
ACH-000611,9907093,1,0.4218522608280182
ACH-000611,9910224,1,0.8602190017700195
ACH-000611,9956119,1,0.6109538078308105
ACH-000611,9956222,1,0.9723716974258423
ACH-000613,10077147,0,0.05423436686396599
ACH-000613,10096043,1,0.02079293131828308
ACH-000613,10196499,0,0.04646706208586693
ACH-000613,10200390,0,0.005734168458729982
ACH-000613,10341154,0,0.07363187521696091
ACH-000613,11152667,0,0.017314936965703964
ACH-000613,11609586,0,0.6646060347557068
ACH-000613,11617559,0,0.003948136232793331
ACH-000613,11647372,0,0.0004222976858727634
ACH-000613,126565,0,0.17890387773513794
ACH-000613,156422,1,0.30608275532722473
ACH-000613,159324,1,0.0659359022974968
ACH-000613,176158,1,0.5968582630157471
ACH-000613,176167,0,0.003390340367332101
ACH-000613,24756910,0,0.0007542805979028344
ACH-000613,24772860,0,6.256302731344476e-05
ACH-000613,24785538,0,0.02163785696029663
ACH-000613,24889392,0,0.004557980690151453
ACH-000613,24951314,0,0.000256188097409904
ACH-000613,25022668,1,0.10176734626293182
ACH-000613,25222038,0,0.08302982896566391
ACH-000613,3385,0,0.008043091744184494
ACH-000613,42640,0,0.1901477873325348
ACH-000613,44143370,0,0.0009315715869888663
ACH-000613,46224516,0,0.0002594059333205223
ACH-000613,46883536,0,0.0029740978498011827
ACH-000613,51371303,0,0.2101859301328659
ACH-000613,5208,1,0.32606393098831177
ACH-000613,5289247,0,0.004107408691197634
ACH-000613,53340664,0,0.001319049741141498
ACH-000613,54685215,0,0.33014020323753357
ACH-000613,56962337,1,0.14430813491344452
ACH-000613,60750,1,0.19866332411766052
ACH-000613,644241,1,0.12633615732192993
ACH-000613,65110,0,0.014983572997152805
ACH-000613,6918454,0,0.05903076380491257
ACH-000613,71271629,0,0.1902150958776474
ACH-000613,9863776,0,0.05624272674322128
ACH-000613,9914412,0,0.27177730202674866
ACH-000613,9943465,0,0.16132394969463348
ACH-000614,10200390,0,0.002759787952527404
ACH-000614,11178236,0,0.015310652554035187
ACH-000614,11404337,0,0.04066593199968338
ACH-000614,11754511,0,0.006458277814090252
ACH-000614,156422,0,0.12762056291103363
ACH-000614,2314623,0,0.09266588091850281
ACH-000614,24785538,0,0.04176972061395645
ACH-000614,24978538,0,0.10410138964653015
ACH-000614,300471,0,0.010604055598378181
ACH-000614,3005532,0,0.04444315284490585
ACH-000614,3218,0,0.017354387789964676
ACH-000614,3796,0,0.1574079841375351
ACH-000614,42642645,0,0.0041096699424088
ACH-000614,44137675,0,0.002877007005736232
ACH-000614,44143370,0,0.10929184406995773
ACH-000614,447912,0,0.014315429143607616
ACH-000614,44819241,0,0.022645942866802216
ACH-000614,46191454,0,0.010737836360931396
ACH-000614,46907787,0,0.0016938239568844438
ACH-000614,5394,0,0.026876918971538544
ACH-000614,5459322,0,0.0582425482571125
ACH-000614,54676905,0,0.01434402633458376
ACH-000614,56962337,0,0.011751171201467514
ACH-000614,644241,0,0.0513131283223629
ACH-000614,6445533,0,0.030075930058956146
ACH-000614,6450816,0,0.0008397687342949212
ACH-000614,6710780,0,0.007516924757510424
ACH-000614,6852167,0,0.027290841564536095
ACH-000614,8249,0,0.27058523893356323
ACH-000614,9826528,1,0.9588945508003235
ACH-000614,9863776,1,0.768231987953186
ACH-000614,9868037,1,0.016488725319504738
ACH-000614,9956222,0,0.0002454509085509926
ACH-000615,10074640,0,0.09350667148828506
ACH-000615,10113978,0,0.016088200733065605
ACH-000615,10200390,0,0.013221124187111855
ACH-000615,10384072,0,0.161887526512146
ACH-000615,10451420,0,0.04146429896354675
ACH-000615,11338033,0,0.0005962395807728171
ACH-000615,11373846,0,0.02060190960764885
ACH-000615,11455910,0,0.1145206093788147
ACH-000615,11624601,0,0.0854852944612503
ACH-000615,11667893,0,0.06766026467084885
ACH-000615,1401,0,0.24253658950328827
ACH-000615,16722836,0,0.01167537271976471
ACH-000615,17755052,0,0.0414443276822567
ACH-000615,2375,0,0.0285453163087368
ACH-000615,24180719,1,0.7460111975669861
ACH-000615,24826799,0,0.011476448737084866
ACH-000615,25126798,0,0.03963732346892357
ACH-000615,25195352,0,0.0017934221541509032
ACH-000615,2733526,0,0.0714663416147232
ACH-000615,3463933,1,0.04628823697566986
ACH-000615,42642645,0,0.029227856546640396
ACH-000615,44551660,0,0.003082833020016551
ACH-000615,446378,0,0.0169487576931715
ACH-000615,447912,0,0.016228819265961647
ACH-000615,46907787,0,0.005483594257384539
ACH-000615,51371303,0,0.0659106969833374
ACH-000615,5459322,0,0.07043662667274475
ACH-000615,57339144,0,0.06014837324619293
ACH-000615,60750,0,0.012181428261101246
ACH-000615,6753378,0,0.017742762342095375
ACH-000615,6852167,0,0.005208577029407024
ACH-000615,71271629,0,0.1308174878358841
ACH-000615,85668777,0,0.10320160537958145
ACH-000615,9914412,0,0.05966558679938316
ACH-000615,9931953,0,0.08086378127336502
ACH-000615,9952773,0,0.0024478610139340162
ACH-000615,9956119,1,0.04692166671156883
ACH-000616,10077147,0,0.018396837636828423
ACH-000616,10341154,0,0.0722050741314888
ACH-000616,10384072,0,0.018881244584918022
ACH-000616,11485656,0,0.08576856553554535
ACH-000616,11617559,0,0.34158065915107727
ACH-000616,11647372,0,0.551787257194519
ACH-000616,11667893,0,0.05493682995438576
ACH-000616,11713159,0,0.0013461981434375048
ACH-000616,11960529,0,0.03510483354330063
ACH-000616,11977753,0,0.010751115158200264
ACH-000616,123631,0,0.02806953154504299
ACH-000616,126565,0,0.0060372380539774895
ACH-000616,148124,0,0.017862971872091293
ACH-000616,156422,0,0.033919572830200195
ACH-000616,176167,0,0.20339521765708923
ACH-000616,23725625,0,0.05805573612451553
ACH-000616,24756910,0,0.33162012696266174
ACH-000616,24772860,0,0.010751104913651943
ACH-000616,24889392,0,0.4436461627483368
ACH-000616,25167777,0,0.4509401023387909
ACH-000616,2733526,0,0.18024267256259918
ACH-000616,44137675,0,0.3155604898929596
ACH-000616,44143370,0,0.0977143943309784
ACH-000616,46224516,0,0.1057395488023758
ACH-000616,46907787,0,0.054590895771980286
ACH-000616,49806720,0,0.19704203307628632
ACH-000616,5208,0,0.017933478578925133
ACH-000616,5311497,0,0.0019193754997104406
ACH-000616,5327091,0,0.010411546565592289
ACH-000616,53302361,0,0.013554598204791546
ACH-000616,53394750,1,0.16825805604457855
ACH-000616,637858,1,0.014112956821918488
ACH-000616,644241,0,0.017170777544379234
ACH-000616,66577006,0,0.29815438389778137
ACH-000616,6918454,0,0.00023182207951322198
ACH-000616,71271629,0,0.02982342429459095
ACH-000616,8249,0,0.15358780324459076
ACH-000616,85668777,0,0.03384114429354668
ACH-000616,9810884,0,0.6288115978240967
ACH-000617,11327430,0,0.03464848920702934
ACH-000617,11364421,0,0.011430757120251656
ACH-000617,11404337,0,0.004486147779971361
ACH-000617,11493598,0,0.0017129967454820871
ACH-000617,11707110,1,0.0032040777150541544
ACH-000617,11977753,0,0.01831938698887825
ACH-000617,156422,0,0.09519418329000473
ACH-000617,16720766,0,0.061777807772159576
ACH-000617,16725726,0,0.3221557140350342
ACH-000617,176158,0,0.10654393583536148
ACH-000617,20635522,0,0.0014503177953884006
ACH-000617,2375,0,0.026350799947977066
ACH-000617,24826799,0,0.004212762229144573
ACH-000617,24951314,0,0.0015496551059186459
ACH-000617,2733526,0,0.15308652818202972
ACH-000617,3062316,1,0.05368940532207489
ACH-000617,3385,0,0.0024116509594023228
ACH-000617,36314,0,0.01624123379588127
ACH-000617,44137675,0,0.48509785532951355
ACH-000617,44450571,0,0.08829405158758163
ACH-000617,447912,0,0.014475253410637379
ACH-000617,448013,0,0.007916797883808613
ACH-000617,46930998,0,0.24661646783351898
ACH-000617,46931012,0,0.0007226524758152664
ACH-000617,53394750,0,0.03546016290783882
ACH-000617,54685215,0,0.041351549327373505
ACH-000617,56962337,0,0.02366338111460209
ACH-000617,6450551,0,0.0018838071264326572
ACH-000617,6710780,0,0.006334627978503704
ACH-000617,6852167,0,0.009525157511234283
ACH-000617,84691,0,0.013815892860293388
ACH-000617,9549184,1,0.10971949249505997
ACH-000617,9868037,0,0.023957207798957825
ACH-000617,9874913,0,0.17906580865383148
ACH-000617,9938202,0,0.12832187116146088
ACH-000617,9952773,0,0.014698164537549019
ACH-000619,10027278,0,0.007227951195091009
ACH-000619,10096043,0,0.0029575666412711143
ACH-000619,11152667,0,0.001059558242559433
ACH-000619,11282283,0,0.00722059840336442
ACH-000619,11327430,0,0.005065719597041607
ACH-000619,11624601,0,0.17267295718193054
ACH-000619,11647372,0,1.7085774743463844e-05
ACH-000619,11667893,0,0.23871272802352905
ACH-000619,11960529,1,0.07719834893941879
ACH-000619,156422,0,0.20417237281799316
ACH-000619,16722836,0,4.8010806494858116e-05
ACH-000619,176167,0,0.0006417603581212461
ACH-000619,24978538,0,0.003201112151145935
ACH-000619,25124816,0,0.07917226105928421
ACH-000619,25222038,0,0.009293362498283386
ACH-000619,25262965,0,0.0015244699316099286
ACH-000619,3385,0,0.0009179530316032469
ACH-000619,3796,1,0.0008363505476154387
ACH-000619,44450571,1,0.15900945663452148
ACH-000619,44632017,0,0.012362085282802582
ACH-000619,447912,0,0.00036326353438198566
ACH-000619,46931012,0,1.2400044397509191e-05
ACH-000619,5208,0,0.004350156988948584
ACH-000619,521106,0,0.0005644389893859625
ACH-000619,5280757,0,0.1214529275894165
ACH-000619,5289247,0,0.0030633846763521433
ACH-000619,5330286,0,0.005778670776635408
ACH-000619,53340664,0,3.96937393816188e-05
ACH-000619,54685215,0,0.15645092725753784
ACH-000619,560326,0,0.0006365065928548574
ACH-000619,57339144,0,0.02421792596578598
ACH-000619,644241,0,0.024517910555005074
ACH-000619,704473,0,0.001955334795638919
ACH-000619,82146,0,0.09615491330623627
ACH-000619,8249,0,0.0007256412645801902
ACH-000619,9858940,0,0.02724153734743595
ACH-000619,9884685,0,7.591721896460513e-06
ACH-000619,9956222,0,2.2928577891434543e-05
ACH-000621,10200390,0,8.78935770742828e-06
ACH-000621,10384072,0,0.0017125639133155346
ACH-000621,10459196,1,0.0012323532719165087
ACH-000621,11338033,0,1.299747736993595e-06
ACH-000621,11404337,0,3.83010738005396e-05
ACH-000621,11433190,0,0.1714031845331192
ACH-000621,11485656,0,0.00045350962318480015
ACH-000621,11625818,0,0.00011135175736853853
ACH-000621,1401,0,0.012775439769029617
ACH-000621,2314623,0,0.008608398959040642
ACH-000621,24785538,0,9.073765249922872e-05
ACH-000621,24894414,0,0.00044852247810922563
ACH-000621,25126798,0,0.015467655844986439
ACH-000621,25222038,0,6.967264198465273e-06
ACH-000621,25257557,0,0.013595554046332836
ACH-000621,2733526,0,0.003906662110239267
ACH-000621,3005532,0,0.0004682519647758454
ACH-000621,46930998,0,5.5021129810484126e-05
ACH-000621,521106,0,8.930221156333573e-06
ACH-000621,54685215,0,0.0008770962595008314
ACH-000621,57339144,0,0.013010113500058651
ACH-000621,6445533,0,0.00037652283208444715
ACH-000621,6445562,0,0.0008405865519307554
ACH-000621,6450816,0,3.085801836277824e-06
ACH-000621,6914657,0,1.4603671843360644e-05
ACH-000621,82146,0,0.00030949609936214983
ACH-000621,9858940,0,0.008486101403832436
ACH-000621,9874913,0,0.0009124776697717607
ACH-000621,9903786,0,4.2071918869623914e-05
ACH-000621,9967941,0,0.0014714088756591082
ACH-000624,10077147,0,0.002860835986211896
ACH-000624,10384072,1,0.0349627248942852
ACH-000624,11327430,0,0.0065552848391234875
ACH-000624,11625818,0,0.019986707717180252
ACH-000624,11640390,0,0.09590335190296173
ACH-000624,11707110,0,0.03356248140335083
ACH-000624,156422,0,0.24570129811763763
ACH-000624,16725726,0,0.35296493768692017
ACH-000624,24756910,0,0.0032435175962746143
ACH-000624,24785538,0,0.10545074939727783
ACH-000624,25102847,0,0.00946400873363018
ACH-000624,25257557,1,0.39874324202537537
ACH-000624,31703,0,0.011908791959285736
ACH-000624,3218,0,0.018428422510623932
ACH-000624,44182295,0,0.00398262357339263
ACH-000624,44462760,0,0.014549251645803452
ACH-000624,447912,0,0.020567573606967926
ACH-000624,5394,0,0.048237767070531845
ACH-000624,54685215,0,0.2960372567176819
ACH-000624,560326,0,0.012673073448240757
ACH-000624,6445562,0,0.03203720971941948
ACH-000624,6753378,0,0.013651165179908276
ACH-000624,6914657,0,0.005865844432264566
ACH-000624,71271629,0,0.016034984961152077
ACH-000624,9910224,0,0.029906539246439934
ACH-000624,9931953,0,0.061462726444005966
ACH-000624,9938202,0,0.06385979801416397
ACH-000625,10027278,1,0.2829895615577698
ACH-000625,10077147,0,0.19822047650814056
ACH-000625,10196499,0,0.2251255214214325
ACH-000625,11433190,0,0.29067105054855347
ACH-000625,11455910,0,0.24554817378520966
ACH-000625,11617559,0,0.01498446799814701
ACH-000625,11634725,1,0.06236613169312477
ACH-000625,11707110,1,0.8097856640815735
ACH-000625,16747388,0,0.03228725120425224
ACH-000625,24776445,0,0.14471353590488434
ACH-000625,24785538,1,0.4273254871368408
ACH-000625,24826799,1,0.16934514045715332
ACH-000625,24889392,0,0.02447187341749668
ACH-000625,24951314,0,0.0009198082843795419
ACH-000625,25022668,0,0.5235785245895386
ACH-000625,25102847,0,0.08450966328382492
ACH-000625,2733526,1,0.11898454278707504
ACH-000625,447912,0,0.015683144330978394
ACH-000625,46930998,0,0.11218755692243576
ACH-000625,46943432,0,0.0025275754742324352
ACH-000625,5328940,0,0.15520930290222168
ACH-000625,5394,0,0.05763565003871918
ACH-000625,5459322,0,0.17284028232097626
ACH-000625,5460769,0,0.09254413843154907
ACH-000625,54676905,0,0.08788477629423141
ACH-000625,56962337,0,0.03354495391249657
ACH-000625,56965967,0,0.007123854011297226
ACH-000625,5746,0,0.12104672938585281
ACH-000625,60750,0,0.13092868030071259
ACH-000625,6445533,0,0.1691189408302307
ACH-000625,6505803,0,0.23955054581165314
ACH-000625,6918289,0,0.08882886171340942
ACH-000625,82146,0,0.273241251707077
ACH-000625,9826528,0,0.47507551312446594
ACH-000625,9956222,0,0.004696013405919075
ACH-000626,10127622,1,0.0011412074090912938
ACH-000626,10184653,0,0.0026170199271291494
ACH-000626,10384072,0,4.2436018702574074e-05
ACH-000626,11327430,0,7.38223070584354e-06
ACH-000626,1401,0,8.416272612521425e-05
ACH-000626,16720766,0,0.000216339118196629
ACH-000626,24180719,0,0.0003493288531899452
ACH-000626,44182295,0,3.935076529160142e-05
ACH-000626,44819241,0,0.0003731702163349837
ACH-000626,637858,0,0.0002315638557774946
ACH-000626,6505803,0,8.642107786727138e-06
ACH-000626,84691,0,4.751728192786686e-05
ACH-000626,85668777,0,0.0006772775086574256
ACH-000626,9826528,0,0.00010699575796024874
ACH-000627,10184653,0,0.1633875072002411
ACH-000627,10459196,0,0.19638842344284058
ACH-000627,11178236,0,0.024180052801966667
ACH-000627,11327430,0,0.0336725078523159
ACH-000627,11373846,0,0.021271733567118645
ACH-000627,11404337,1,0.43555328249931335
ACH-000627,11485656,0,0.028636429458856583
ACH-000627,11624601,0,0.09232354164123535
ACH-000627,11707110,0,0.06488204002380371
ACH-000627,11977753,0,0.053020138293504715
ACH-000627,1401,0,0.09505879878997803
ACH-000627,16720766,0,0.12953785061836243
ACH-000627,216326,1,0.03858230262994766
ACH-000627,2375,0,0.04186506196856499
ACH-000627,24772860,0,0.0025423369370400906
ACH-000627,24776445,0,0.038554806262254715
ACH-000627,24785538,0,0.48254695534706116
ACH-000627,24978538,0,0.16523677110671997
ACH-000627,25102847,0,0.09529022872447968
ACH-000627,25167777,0,0.013345099054276943
ACH-000627,25195352,0,0.015538746491074562
ACH-000627,25257557,0,0.9820371866226196
ACH-000627,25262965,0,0.02271243743598461
ACH-000627,44137675,0,0.22156542539596558
ACH-000627,44224160,0,0.006773172877728939
ACH-000627,46191454,0,0.026420826092362404
ACH-000627,5280757,0,0.3405890166759491
ACH-000627,5311497,1,0.42595374584198
ACH-000627,560326,0,0.05778312310576439
ACH-000627,56965967,0,0.054253950715065
ACH-000627,6445562,0,0.07712133228778839
ACH-000627,6918638,0,0.006699010264128447
ACH-000627,9858940,0,0.12946690618991852
ACH-000627,9874913,0,0.09780633449554443
ACH-000627,9952773,0,0.015681171789765358
ACH-000628,11282283,0,0.05051428824663162
ACH-000628,11327430,0,5.351561412680894e-05
ACH-000628,11485656,0,0.0002720757620409131
ACH-000628,11493598,0,0.0004960884107276797
ACH-000628,11609586,0,0.0006069627706892788
ACH-000628,11617559,0,0.008087189868092537
ACH-000628,11625818,0,0.004280939232558012
ACH-000628,11640390,0,0.001201976090669632
ACH-000628,11647372,0,0.00040834001265466213
ACH-000628,156422,0,0.003172556171193719
ACH-000628,24772860,0,6.985414074733853e-06
ACH-000628,24785538,0,0.000445770681835711
ACH-000628,24826799,0,8.860666275722906e-05
ACH-000628,24889392,0,0.0047061629593372345
ACH-000628,24894414,0,0.016774050891399384
ACH-000628,25124816,0,0.00292578455992043
ACH-000628,25126798,0,0.010625993832945824
ACH-000628,25195352,0,1.0509176718187518e-05
ACH-000628,300471,0,0.0006332560442388058
ACH-000628,31703,0,2.9788334359182045e-05
ACH-000628,3218,0,0.00023051285825204104
ACH-000628,42640,0,0.0038161177653819323
ACH-000628,446378,0,0.0004004117799922824
ACH-000628,448013,0,5.2347579185152426e-05
ACH-000628,46883536,0,0.0025690714828670025
ACH-000628,46930998,0,0.000600130413658917
ACH-000628,51371303,0,0.003063702257350087
ACH-000628,521106,0,6.174603186082095e-05
ACH-000628,5278396,0,8.37205516290851e-05
ACH-000628,5289247,0,0.0024965722113847733
ACH-000628,5327091,0,8.406695269513875e-05
ACH-000628,53302361,0,0.00013730998034588993
ACH-000628,60750,0,8.219217124860734e-05
ACH-000628,6253,0,0.00023756120936013758
ACH-000628,6445562,0,0.003172206226736307
ACH-000628,65110,0,0.0020068218000233173
ACH-000628,66577006,0,0.003789620939642191
ACH-000628,704473,0,0.01032261736690998
ACH-000633,10077147,0,0.02006407268345356
ACH-000633,11178236,0,0.06758072972297668
ACH-000633,11647372,0,0.006665271241217852
ACH-000633,11667893,0,0.31633225083351135
ACH-000633,11713159,0,0.057638417929410934
ACH-000633,11754511,0,0.006764882244169712
ACH-000633,11960529,0,0.044136691838502884
ACH-000633,126565,0,0.010781831108033657
ACH-000633,16725726,0,0.20015060901641846
ACH-000633,176167,0,0.015776827931404114
ACH-000633,17755052,0,0.31760266423225403
ACH-000633,23725625,0,0.04105343297123909
ACH-000633,24776445,0,0.041273366659879684
ACH-000633,24889392,0,0.028015464544296265
ACH-000633,24978538,0,0.050300233066082
ACH-000633,25126798,0,0.023866651579737663
ACH-000633,25195352,0,0.0033524874597787857
ACH-000633,25222038,0,0.03625868260860443
ACH-000633,2726824,0,0.12588438391685486
ACH-000633,4263900,0,0.033610764890909195
ACH-000633,444795,0,0.048941127955913544
ACH-000633,44551660,0,0.0004177559749223292
ACH-000633,446378,0,0.1806412935256958
ACH-000633,447912,0,0.01111472025513649
ACH-000633,46191454,0,0.0019261270062997937
ACH-000633,46883536,0,0.007839905098080635
ACH-000633,46931012,0,0.0004200344847049564
ACH-000633,5328940,0,0.020337920635938644
ACH-000633,57339144,0,0.03249425068497658
ACH-000633,6710780,0,0.011221813037991524
ACH-000633,6918454,0,0.003112558741122484
ACH-000633,6918848,0,0.0005099914851598442
ACH-000633,8249,0,0.00862528383731842
ACH-000633,9863776,0,0.00558607280254364
ACH-000633,9874913,0,0.06262536346912384
ACH-000633,9884685,0,0.002846828429028392
ACH-000633,9956119,0,0.6167192459106445
ACH-000636,10074640,1,0.19385822117328644
ACH-000636,10172943,0,0.12162025272846222
ACH-000636,11178236,0,0.027673393487930298
ACH-000636,11327430,0,0.15254177153110504
ACH-000636,11625818,1,0.908536434173584
ACH-000636,159324,0,0.12813293933868408
ACH-000636,2314623,0,0.15721328556537628
ACH-000636,23725625,0,0.32444876432418823
ACH-000636,24180719,0,0.08818597346544266
ACH-000636,24826799,0,0.13458462059497833
ACH-000636,25022668,0,0.03082357533276081
ACH-000636,25102847,0,0.2279796600341797
ACH-000636,25257557,1,0.9986588954925537
ACH-000636,300471,0,0.010555139742791653
ACH-000636,3463933,0,0.016733724623918533
ACH-000636,4263900,0,0.1544249802827835
ACH-000636,42640,0,0.07555683702230453
ACH-000636,444795,0,0.3277898132801056
ACH-000636,5330286,1,0.13516250252723694
ACH-000636,53340664,1,0.7826040983200073
ACH-000636,5746,0,0.047773972153663635
ACH-000636,6753378,1,0.7477498650550842
ACH-000636,6852167,1,0.9748063087463379
ACH-000636,6918289,0,0.2830057442188263
ACH-000636,6918454,0,0.0025757881812751293
ACH-000636,76044,0,0.02475762739777565
ACH-000636,9858940,0,0.08088929951190948
ACH-000636,9903786,1,0.9647333025932312
ACH-000636,9910224,1,0.8539005517959595
ACH-000636,9914412,1,0.3763161599636078
ACH-000636,9943465,0,0.07199742645025253
ACH-000637,10074640,0,0.049267034977674484
ACH-000637,10077147,0,0.0029710326343774796
ACH-000637,10109823,0,0.010565562173724174
ACH-000637,10127622,0,0.10676965117454529
ACH-000637,10184653,0,0.09154015779495239
ACH-000637,10200390,0,0.0019628279842436314
ACH-000637,10341154,0,0.014878228306770325
ACH-000637,10451420,0,0.018218856304883957
ACH-000637,11373846,0,0.025789029896259308
ACH-000637,11625818,0,0.013520237989723682
ACH-000637,11977753,0,0.022544877603650093
ACH-000637,126941,0,0.05025215446949005
ACH-000637,1401,0,0.038414400070905685
ACH-000637,16720766,0,0.025568172335624695
ACH-000637,16747388,0,0.012916291132569313
ACH-000637,216326,0,0.03510906547307968
ACH-000637,24978538,0,0.1728529930114746
ACH-000637,25195352,0,0.0023314107675105333
ACH-000637,300471,0,0.009551343508064747
ACH-000637,44137675,0,0.003981443587690592
ACH-000637,46943432,0,0.0032984064891934395
ACH-000637,49806720,1,0.2681339383125305
ACH-000637,5289247,0,0.14368833601474762
ACH-000637,5328940,0,0.04856191202998161
ACH-000637,5459322,0,0.06136321648955345
ACH-000637,54685215,0,0.012630322948098183
ACH-000637,560326,0,0.002409857464954257
ACH-000637,6450551,0,0.0036425518337637186
ACH-000637,84691,0,0.01169313583523035
ACH-000637,9956222,0,0.0002406807616353035
ACH-000638,10096043,0,0.025935327634215355
ACH-000638,10109823,0,0.12052032351493835
ACH-000638,10113978,0,0.058172497898340225
ACH-000638,11152667,0,0.004773964639753103
ACH-000638,11609586,0,0.0055685280822217464
ACH-000638,11625818,0,0.010865464806556702
ACH-000638,123631,0,0.08829936385154724
ACH-000638,148124,0,0.04888281598687172
ACH-000638,176158,0,0.02568596601486206
ACH-000638,25126798,0,0.0166885145008564
ACH-000638,25167777,0,0.0008734996081329882
ACH-000638,2733526,0,0.007930479943752289
ACH-000638,3218,0,0.00652072299271822
ACH-000638,3385,0,0.010506625287234783
ACH-000638,3796,0,0.047584135085344315
ACH-000638,42640,0,0.009247933514416218
ACH-000638,42642645,0,0.013322126120328903
ACH-000638,44143370,0,0.0204645823687315
ACH-000638,44224160,0,0.0002880209358409047
ACH-000638,46191454,0,0.0024482207372784615
ACH-000638,46943432,0,0.0012244292302057147
ACH-000638,5208,0,0.008789733983576298
ACH-000638,5289247,0,0.02352166548371315
ACH-000638,5394,0,0.005381817929446697
ACH-000638,5460769,0,0.05295609310269356
ACH-000638,54685215,0,0.04627596586942673
ACH-000638,56962337,0,0.009242093190550804
ACH-000638,57339144,0,0.009984851814806461
ACH-000638,6253,0,0.015187922865152359
ACH-000638,6445562,0,0.02782212570309639
ACH-000638,6710780,0,0.005101535934954882
ACH-000638,6918454,0,0.015597823075950146
ACH-000638,71271629,0,0.00413954071700573
ACH-000638,82146,0,0.017012016847729683
ACH-000638,9868037,0,0.006692038848996162
ACH-000638,9910224,0,0.009012780152261257
ACH-000638,9931953,0,0.009981473907828331
ACH-000638,9956119,0,0.1033940389752388
ACH-000638,9967941,0,0.0494079515337944
ACH-000639,10027278,0,0.002775544300675392
ACH-000639,10109823,0,0.02132824994623661
ACH-000639,10384072,0,0.020351044833660126
ACH-000639,10451420,1,0.6922642588615417
ACH-000639,11282283,1,0.3897198438644409
ACH-000639,11455910,0,0.010080051608383656
ACH-000639,11493598,0,0.08939146995544434
ACH-000639,11634725,0,0.007850553840398788
ACH-000639,11844351,0,0.013102463446557522
ACH-000639,123631,0,0.0170816108584404
ACH-000639,16663089,0,0.03663113713264465
ACH-000639,16722836,1,0.1723616123199463
ACH-000639,16760646,0,0.03452412411570549
ACH-000639,176167,1,0.23863032460212708
ACH-000639,216326,0,0.1193988248705864
ACH-000639,24776445,0,0.027467990294098854
ACH-000639,24785538,0,0.010372023098170757
ACH-000639,24889392,1,0.5044108629226685
ACH-000639,25124816,0,0.026679227128624916
ACH-000639,25257557,1,0.9215848445892334
ACH-000639,4261,0,0.025559404864907265
ACH-000639,44450571,0,0.07232050597667694
ACH-000639,46844147,0,0.2369365245103836
ACH-000639,46883536,0,0.4280067980289459
ACH-000639,49821040,0,0.06086062639951706
ACH-000639,5113032,0,0.20700868964195251
ACH-000639,5329102,0,0.003749043447896838
ACH-000639,5494449,1,0.015888510271906853
ACH-000639,560326,0,0.09473943710327148
ACH-000639,56965967,0,0.11530105024576187
ACH-000639,5746,0,0.02033083327114582
ACH-000639,6450816,0,0.07436873763799667
ACH-000639,66577006,0,0.43538030982017517
ACH-000639,6918638,1,0.3775300085544586
ACH-000639,9810884,1,0.8663774728775024
ACH-000639,9813758,0,0.4645591080188751
ACH-000639,9907093,0,0.029808087274432182
ACH-000639,9911830,0,0.13503165543079376
ACH-000639,9931953,0,0.04300336912274361
ACH-000640,10077147,0,1.0799950587170315e-06
ACH-000640,10384072,0,5.277281525195576e-05
ACH-000640,11316960,0,0.0002053165517281741
ACH-000640,148124,0,1.1231177268200554e-05
ACH-000640,156422,0,0.0012856543762609363
ACH-000640,176158,0,9.786283771973103e-05
ACH-000640,17755052,0,5.741812401538482e-06
ACH-000640,23725625,0,6.94013579050079e-05
ACH-000640,24776445,0,1.9454770153970458e-05
ACH-000640,300471,0,0.00012106196663808078
ACH-000640,44632017,0,1.0767261301225517e-05
ACH-000640,644241,0,4.31100997957401e-05
ACH-000640,6710780,0,1.7605025277589448e-05
ACH-000640,6914657,0,8.324787614810703e-08
ACH-000640,6918454,0,7.123644900275394e-05
ACH-000640,71271629,0,2.9692699172301218e-05
ACH-000640,84691,0,5.937981404713355e-05
ACH-000640,9826528,0,0.00011502020061016083
ACH-000641,10027278,0,0.018931714817881584
ACH-000641,10113978,0,0.04364322870969772
ACH-000641,10196499,0,0.06070797145366669
ACH-000641,10200390,1,0.16042302548885345
ACH-000641,10341154,0,0.19908474385738373
ACH-000641,11625818,1,0.6597524285316467
ACH-000641,11626560,1,0.20015166699886322
ACH-000641,159324,1,0.0994630977511406
ACH-000641,16760646,0,0.07081268727779388
ACH-000641,176158,0,0.06347277760505676
ACH-000641,176167,0,0.335842490196228
ACH-000641,176870,0,0.17598217725753784
ACH-000641,24978538,1,0.6608424782752991
ACH-000641,25126798,1,0.4442218840122223
ACH-000641,25222038,0,0.023330390453338623
ACH-000641,2726824,0,0.06212420016527176
ACH-000641,36462,0,0.03660809248685837
ACH-000641,42640,0,0.03851731866598129
ACH-000641,42642645,0,0.27394676208496094
ACH-000641,44462760,0,0.11916942894458771
ACH-000641,46224516,0,0.5568736791610718
ACH-000641,46885626,1,0.8254953026771545
ACH-000641,46931012,1,0.8950539231300354
ACH-000641,46943432,1,0.9675626158714294
ACH-000641,49806720,1,0.591526210308075
ACH-000641,4993,1,0.042069196701049805
ACH-000641,5328940,0,0.10196361690759659
ACH-000641,5329102,0,0.12616510689258575
ACH-000641,53302361,0,0.15025900304317474
ACH-000641,54676905,0,0.15362583100795746
ACH-000641,5746,0,0.032498329877853394
ACH-000641,6505803,0,0.005613229237496853
ACH-000641,6918289,0,0.0889553353190422
ACH-000641,6918454,0,0.025111211463809013
ACH-000641,9549184,0,0.28565332293510437
ACH-000641,9826528,0,0.025218244642019272
ACH-000641,9907093,0,0.05070432648062706
ACH-000641,9910224,1,0.5399993062019348
ACH-000641,9911830,0,0.5076733231544495
ACH-000643,10096043,0,4.844523937208578e-05
ACH-000643,10127622,0,0.12501484155654907
ACH-000643,10200390,0,4.448961772141047e-05
ACH-000643,10384072,0,0.0009508993825875223
ACH-000643,10451420,0,0.0016545666148886085
ACH-000643,104842,0,0.00018681853543967009
ACH-000643,11373846,0,0.0022474697325378656
ACH-000643,11634725,0,0.0003568477986846119
ACH-000643,11707110,0,0.12504012882709503
ACH-000643,1401,0,0.0029308462981134653
ACH-000643,159324,0,0.00036956017720513046
ACH-000643,23725625,0,0.00036822492256760597
ACH-000643,2375,0,0.0013294827658683062
ACH-000643,24889392,0,0.00343900453299284
ACH-000643,24978538,0,0.029079850763082504
ACH-000643,25126798,0,0.012623005546629429
ACH-000643,25195352,0,8.56786355143413e-05
ACH-000643,25222038,0,5.4690044635208324e-05
ACH-000643,25257557,1,0.1973208487033844
ACH-000643,2726824,0,0.039094049483537674
ACH-000643,31703,0,3.0770843295613304e-05
ACH-000643,44182295,0,0.005990080069750547
ACH-000643,5113032,0,0.0018207905814051628
ACH-000643,5208,0,7.007996464380994e-05
ACH-000643,5278396,0,0.00020192141528241336
ACH-000643,5460769,0,0.0012527394574135542
ACH-000643,54676905,0,0.006275761406868696
ACH-000643,6445533,0,0.002232091734185815
ACH-000643,6450551,0,4.545678530121222e-05
ACH-000643,65110,0,0.0009414253290742636
ACH-000643,6918454,0,0.004362849984318018
ACH-000643,71271629,0,0.000810345693025738
ACH-000643,82146,0,0.0009332509944215417
ACH-000643,8249,0,0.03864319995045662
ACH-000643,9874913,0,0.1380639523267746
ACH-000643,9903786,0,9.859889541985467e-05
ACH-000643,9914412,0,0.00011303868086542934
ACH-000643,9956119,0,0.07349655777215958
ACH-000644,10074640,0,0.010912405326962471
ACH-000644,10113978,0,0.1405453383922577
ACH-000644,10390396,0,0.05132407322525978
ACH-000644,104842,0,0.01588907092809677
ACH-000644,11364421,0,0.050527531653642654
ACH-000644,11404337,0,0.28876087069511414
ACH-000644,11455910,0,0.30096545815467834
ACH-000644,11609586,0,0.04469255357980728
ACH-000644,11647372,0,0.0002499485854059458
ACH-000644,11754511,0,0.0008597570704296231
ACH-000644,16725726,0,0.012502309866249561
ACH-000644,16760646,0,0.05629405006766319
ACH-000644,216239,0,0.0829920768737793
ACH-000644,2375,0,0.008101347833871841
ACH-000644,24756910,0,0.0004494439344853163
ACH-000644,25167777,0,0.0004968328285031021
ACH-000644,36314,0,0.2922530472278595
ACH-000644,387447,0,0.3313797116279602
ACH-000644,4261,0,0.011151840910315514
ACH-000644,4263900,0,0.12232193350791931
ACH-000644,44551660,0,0.00018324352276977152
ACH-000644,447912,0,0.002458472503349185
ACH-000644,46224516,0,0.00022443004127126187
ACH-000644,462382,0,0.4519750475883484
ACH-000644,46843772,0,0.014611206017434597
ACH-000644,46907787,0,0.01656239479780197
ACH-000644,46931012,0,0.00031801770091988146
ACH-000644,4993,1,0.121409572660923
ACH-000644,521106,0,0.024690788239240646
ACH-000644,5327091,0,0.1321602463722229
ACH-000644,53394750,0,0.015707219019532204
ACH-000644,5459322,0,0.14264674484729767
ACH-000644,560326,0,0.013120679184794426
ACH-000644,56965967,0,0.0018286434933543205
ACH-000644,5746,0,0.07401169091463089
ACH-000644,644215,0,0.15578928589820862
ACH-000644,6445533,0,0.03018757700920105
ACH-000644,6852167,0,0.0004229063633829355
ACH-000644,76044,0,0.012611611746251583
ACH-000644,9549184,0,0.5287603139877319
ACH-000644,9858940,0,0.06560375541448593
ACH-000644,9931953,0,0.0739312618970871
ACH-000647,10096043,0,0.0072938124649226665
ACH-000647,10113978,0,0.0377042181789875
ACH-000647,10200390,0,0.009043928235769272
ACH-000647,10302451,1,0.18212111294269562
ACH-000647,104842,0,0.010946848429739475
ACH-000647,11455910,0,0.17385204136371613
ACH-000647,11493598,0,0.041547294706106186
ACH-000647,11626927,0,0.021691618487238884
ACH-000647,11634725,0,0.046570539474487305
ACH-000647,11667893,0,0.10875214636325836
ACH-000647,11754511,0,0.004513454623520374
ACH-000647,11977753,0,0.03708897531032562
ACH-000647,176870,1,0.16033537685871124
ACH-000647,208908,1,0.20878978073596954
ACH-000647,24180719,0,0.06317957490682602
ACH-000647,24772860,0,0.0003771542105823755
ACH-000647,24785538,0,0.25982674956321716
ACH-000647,25126798,0,0.07003927230834961
ACH-000647,25262965,0,0.0017580405110493302
ACH-000647,2726824,0,0.05795257166028023
ACH-000647,44224160,0,0.0005880472017452121
ACH-000647,44819241,0,0.02867993898689747
ACH-000647,462382,0,0.09079164266586304
ACH-000647,46885626,0,0.020593497902154922
ACH-000647,49836027,0,0.07838810235261917
ACH-000647,51371303,0,0.031473416835069656
ACH-000647,5278396,0,0.002084241947159171
ACH-000647,5311510,0,0.061814140528440475
ACH-000647,5459322,0,0.10725973546504974
ACH-000647,60750,0,0.016113748773932457
ACH-000647,6253,0,0.03636813536286354
ACH-000647,6753378,0,0.02434682287275791
ACH-000647,6918289,0,0.04692777618765831
ACH-000647,6918454,0,0.025747232139110565
ACH-000647,6918638,0,0.0022240914404392242
ACH-000647,704473,0,0.039976585656404495
ACH-000647,76044,0,0.002535685431212187
ACH-000647,9810884,0,0.07083995640277863
ACH-000648,10077147,0,0.000651377544272691
ACH-000648,104842,0,0.0004985529812984169
ACH-000648,11433190,1,0.009347138926386833
ACH-000648,11624601,0,0.04677729681134224
ACH-000648,11634725,0,6.744248821632937e-05
ACH-000648,11640390,0,0.006796951871365309
ACH-000648,11667893,0,0.11647013574838638
ACH-000648,24772860,0,1.9482453353703022e-05
ACH-000648,24785538,0,0.003125438466668129
ACH-000648,24889392,0,0.0071396478451788425
ACH-000648,24894414,0,0.0027595506981015205
ACH-000648,25262965,0,0.004480238072574139
ACH-000648,3385,0,0.00032654410460963845
ACH-000648,44137675,0,0.184811532497406
ACH-000648,44551660,0,8.093760698102415e-05
ACH-000648,46224516,0,0.0001465161913074553
ACH-000648,51371303,0,0.060739632695913315
ACH-000648,5280757,0,0.006991602014750242
ACH-000648,5289247,0,0.0023538395762443542
ACH-000648,53302361,0,0.0021244497038424015
ACH-000648,53394750,0,0.0010110774310305715
ACH-000648,54676905,0,0.04481608048081398
ACH-000648,54685215,0,0.006273691542446613
ACH-000648,57339144,0,0.004376199096441269
ACH-000648,644241,0,0.0013386568753048778
ACH-000648,6918848,0,0.0001346305216429755
ACH-000648,9810884,0,0.005463109817355871
ACH-000648,9863776,0,0.00047851272393018007
ACH-000648,9910224,0,0.001876724069006741
ACH-000648,9911830,0,0.000327383226249367
ACH-000648,9952773,0,0.0008144210441969335
ACH-000649,10096043,1,0.2581172585487366
ACH-000649,11316960,0,0.08128666877746582
ACH-000649,11338033,0,0.003642756026238203
ACH-000649,11404337,1,0.3593684434890747
ACH-000649,11485656,1,0.05385661870241165
ACH-000649,11625818,0,0.09958842396736145
ACH-000649,11634725,0,0.009863011538982391
ACH-000649,11647372,0,0.033549368381500244
ACH-000649,16720766,0,0.28815048933029175
ACH-000649,16725726,1,0.5968186259269714
ACH-000649,17755052,0,0.3440096378326416
ACH-000649,24978538,0,0.22833773493766785
ACH-000649,25222038,0,0.3994436264038086
ACH-000649,3218,0,0.18386158347129822
ACH-000649,3463933,0,0.3899114429950714
ACH-000649,4263900,1,0.3150207996368408
ACH-000649,44224160,0,0.020254800096154213
ACH-000649,46224516,0,0.005668899975717068
ACH-000649,46907787,1,0.3276747763156891
ACH-000649,49806720,0,0.1666397750377655
ACH-000649,5278396,0,0.30154645442962646
ACH-000649,5311497,0,0.3926335573196411
ACH-000649,5394,1,0.160798579454422
ACH-000649,60750,1,0.2975131571292877
ACH-000649,6445562,0,0.13305002450942993
ACH-000649,6505803,0,0.13220256567001343
ACH-000649,66577006,0,0.09643933176994324
ACH-000649,6753378,1,0.022129349410533905
ACH-000649,6852167,0,0.021324120461940765
ACH-000649,9858940,0,0.3195129930973053
ACH-000649,9903786,0,0.003276386298239231
ACH-000649,9931953,0,0.3338715434074402
ACH-000650,10077147,0,0.06928106397390366
ACH-000650,10127622,1,0.7635095715522766
ACH-000650,104842,0,0.07042378187179565
ACH-000650,11152667,1,0.18630234897136688
ACH-000650,11327430,0,0.04730957746505737
ACH-000650,11338033,0,0.001405059709213674
ACH-000650,11455910,0,0.266553670167923
ACH-000650,11609586,0,0.16530951857566833
ACH-000650,11647372,0,0.0008936167578212917
ACH-000650,11713159,0,0.0465288981795311
ACH-000650,11754511,0,0.016787607222795486
ACH-000650,11960529,0,0.21125440299510956
ACH-000650,11977753,0,0.14129480719566345
ACH-000650,1401,0,0.24662142992019653
ACH-000650,159324,0,0.014841043390333652
ACH-000650,176167,0,0.055445924401283264
ACH-000650,17755052,1,0.015102983452379704
ACH-000650,24826799,0,0.014943652786314487
ACH-000650,24894414,1,0.034275609999895096
ACH-000650,24978538,0,0.09631973505020142
ACH-000650,25126798,0,0.07410312443971634
ACH-000650,300471,0,0.06674076616764069
ACH-000650,3463933,1,0.11933159083127975
ACH-000650,4263900,0,0.06560895591974258
ACH-000650,44224160,0,0.000600464001763612
ACH-000650,44450571,0,0.22109061479568481
ACH-000650,44551660,0,0.008293370716273785
ACH-000650,46930998,0,0.0091583002358675
ACH-000650,46931012,0,0.013015986420214176
ACH-000650,5113032,1,0.04859485104680061
ACH-000650,51371303,0,0.10324400663375854
ACH-000650,5289247,0,0.6194393634796143
ACH-000650,56965967,0,0.07320959866046906
ACH-000650,6445562,0,0.0642019510269165
ACH-000650,6753378,0,0.06944584846496582
ACH-000650,6852167,0,0.015267678536474705
ACH-000650,6918848,0,0.006969588343054056
ACH-000650,71271629,0,0.18894405663013458
ACH-000650,9910224,0,0.03313378989696503
ACH-000650,9938202,0,0.0807640478014946
ACH-000651,10384072,0,0.04147428646683693
ACH-000651,11316960,0,0.2975108027458191
ACH-000651,11433190,0,0.47163161635398865
ACH-000651,11634725,1,0.8208999037742615
ACH-000651,11713159,0,0.22527271509170532
ACH-000651,11754511,0,0.07286814600229263
ACH-000651,11977753,0,0.02841237001121044
ACH-000651,123631,0,0.07221177965402603
ACH-000651,16747388,0,0.6235858798027039
ACH-000651,24756910,0,0.025960788130760193
ACH-000651,24776445,0,0.03105846419930458
ACH-000651,24785538,0,0.40911656618118286
ACH-000651,25102847,0,0.22340263426303864
ACH-000651,25126798,0,0.035997387021780014
ACH-000651,31703,0,0.033714380115270615
ACH-000651,3218,0,0.034806545823812485
ACH-000651,3463933,0,0.04147516191005707
ACH-000651,44143370,0,0.07870330661535263
ACH-000651,44182295,1,0.8186464309692383
ACH-000651,44462760,0,0.776668906211853
ACH-000651,446378,0,0.050041649490594864
ACH-000651,46931012,0,0.036822959780693054
ACH-000651,5280757,0,0.13840799033641815
ACH-000651,5459322,0,0.05406607314944267
ACH-000651,54676905,0,0.04062541946768761
ACH-000651,54685215,0,0.03953192010521889
ACH-000651,560326,0,0.039035823196172714
ACH-000651,56965967,0,0.10857030004262924
ACH-000651,5746,1,0.05225533992052078
ACH-000651,6450551,0,0.08725637942552567
ACH-000651,6505803,0,0.08971583098173141
ACH-000651,65110,0,0.04401960223913193
ACH-000651,6710780,0,0.022184554487466812
ACH-000651,6852167,0,0.03635156527161598
ACH-000651,6918848,0,0.009895522147417068
ACH-000651,704473,1,0.07147226482629776
ACH-000651,71271629,0,0.03933784365653992
ACH-000651,9868037,1,0.07194116711616516
ACH-000651,9956222,0,0.006436519790440798
ACH-000652,10074640,0,0.19014985859394073
ACH-000652,10109823,0,0.09851964563131332
ACH-000652,10184653,0,0.14151926338672638
ACH-000652,10196499,0,0.008579220622777939
ACH-000652,10459196,0,0.026121048256754875
ACH-000652,11152667,0,0.03396892920136452
ACH-000652,11316960,0,0.2907618284225464
ACH-000652,11327430,0,0.003078472102060914
ACH-000652,11455910,0,0.08599308878183365
ACH-000652,11493598,1,0.8632106781005859
ACH-000652,11647372,0,0.03764749690890312
ACH-000652,123631,0,0.0955599769949913
ACH-000652,126565,0,0.035085730254650116
ACH-000652,126941,0,0.06856801360845566
ACH-000652,16720766,0,0.019672401249408722
ACH-000652,16722836,0,0.5468384027481079
ACH-000652,17755052,0,0.006875909864902496
ACH-000652,2314623,0,0.06277988851070404
ACH-000652,24776445,0,0.005135517101734877
ACH-000652,24785538,0,0.19366510212421417
ACH-000652,24894414,0,0.18927931785583496
ACH-000652,4263900,0,0.020491210743784904
ACH-000652,42640,0,0.010418368503451347
ACH-000652,44224160,0,0.010895988903939724
ACH-000652,44819241,0,0.02026263251900673
ACH-000652,46224516,0,0.10805058479309082
ACH-000652,46943432,1,0.7782517671585083
ACH-000652,53302361,0,0.010635096579790115
ACH-000652,644241,0,0.16650539636611938
ACH-000652,6450816,0,0.008963452652096748
ACH-000652,6918454,0,0.6436399817466736
ACH-000652,9813758,0,0.5659357905387878
ACH-000652,9826528,1,0.7681983709335327
ACH-000654,10027278,0,0.00022332606022246182
ACH-000654,10109823,0,7.191379700088874e-05
ACH-000654,10113978,0,0.00021270087745506316
ACH-000654,10172943,0,0.0002281709894305095
ACH-000654,10341154,0,0.00411109859123826
ACH-000654,10390396,0,0.00016407464863732457
ACH-000654,10461815,0,0.0013279938139021397
ACH-000654,11316960,0,0.005751664284616709
ACH-000654,11433190,0,0.16638676822185516
ACH-000654,11624601,0,0.002340240404009819
ACH-000654,11844351,0,0.0013480520574375987
ACH-000654,16663089,0,9.728094300953671e-05
ACH-000654,16722836,0,0.0005479503888636827
ACH-000654,176870,0,0.004254582803696394
ACH-000654,24180719,0,0.01273098774254322
ACH-000654,24776445,1,0.0014625145122408867
ACH-000654,25124816,0,0.0015495208790525794
ACH-000654,25126798,0,0.03721501678228378
ACH-000654,2733526,0,0.006743800826370716
ACH-000654,300471,0,0.0010179232340306044
ACH-000654,3005532,0,0.0003448337665759027
ACH-000654,31703,0,3.884169927914627e-05
ACH-000654,3463933,0,0.002386673353612423
ACH-000654,387447,0,0.001093964441679418
ACH-000654,4261,0,0.000143382596434094
ACH-000654,44137675,0,0.0006069107330404222
ACH-000654,44224160,0,7.46491423342377e-05
ACH-000654,44462760,0,0.0022623646073043346
ACH-000654,44551660,0,0.0005886169383302331
ACH-000654,447912,0,0.039461780339479446
ACH-000654,46224516,0,0.0003632197040133178
ACH-000654,46930998,0,0.0005786915426142514
ACH-000654,4993,0,0.0029242837335914373
ACH-000654,5330286,0,0.0014367911498993635
ACH-000654,5717801,0,0.00012547623191494495
ACH-000654,6918289,0,0.023316994309425354
ACH-000654,76044,0,8.533217624062672e-06
ACH-000654,9549184,0,0.1301974505186081
ACH-000654,9858940,0,0.0069211870431900024
ACH-000654,9903786,0,0.0008100738632492721
ACH-000654,9907093,0,0.0012530520325526595
ACH-000654,9943465,0,0.008238321170210838
ACH-000654,9967941,0,0.000976861105300486
ACH-000655,10074640,0,0.002545609837397933
ACH-000655,10172943,0,0.037924911826848984
ACH-000655,10302451,0,0.2596889138221741
ACH-000655,10461815,0,0.0908118337392807
ACH-000655,11316960,0,0.10306958109140396
ACH-000655,11404337,0,0.008224241435527802
ACH-000655,11485656,0,0.0012075463309884071
ACH-000655,11647372,0,0.00035140945692546666
ACH-000655,123631,0,0.2612547278404236
ACH-000655,159324,0,0.031138939782977104
ACH-000655,16663089,0,0.0035370204132050276
ACH-000655,216239,0,0.0029597426764667034
ACH-000655,24776445,0,0.00852782092988491
ACH-000655,24825971,0,0.01837974600493908
ACH-000655,24894414,0,0.006025392562150955
ACH-000655,24978538,0,0.05818093195557594
ACH-000655,25126798,0,0.016844259575009346
ACH-000655,25167777,0,0.0002748649858403951
ACH-000655,25195352,0,0.00013225707516539842
ACH-000655,3005532,0,0.1719944328069687
ACH-000655,3463933,0,0.4097219705581665
ACH-000655,44819241,0,0.08827710151672363
ACH-000655,46883536,0,0.0017690352397039533
ACH-000655,5311497,0,0.00910047348588705
ACH-000655,5311510,0,0.16477364301681519
ACH-000655,5384616,0,0.05090003460645676
ACH-000655,6253,0,0.01728208363056183
ACH-000655,6445533,0,0.013840257190167904
ACH-000655,6450816,0,0.00034744039294309914
ACH-000655,6505803,0,0.04192734137177467
ACH-000655,66577006,0,0.0023661553859710693
ACH-000655,6753378,0,0.001305575598962605
ACH-000655,6918848,0,0.00012700572551693767
ACH-000655,76044,0,0.0004875558370258659
ACH-000655,82146,0,0.11392602324485779
ACH-000655,85668777,0,0.12315507233142853
ACH-000655,9810884,1,0.4312437176704407
ACH-000655,9813758,0,0.0014860760420560837
ACH-000655,9826528,0,0.01479224395006895
ACH-000655,9868037,0,0.0035162970889359713
ACH-000655,9884685,0,0.00020835497707594186
ACH-000655,9903786,0,0.00014505768194794655
ACH-000655,9911830,0,0.0011552316136658192
ACH-000655,9943465,1,0.09922505170106888
ACH-000655,9956119,0,0.15972614288330078
ACH-000655,9967941,0,0.009664719924330711
ACH-000656,10109823,0,0.1413591206073761
ACH-000656,10200390,0,0.4166683554649353
ACH-000656,10459196,0,0.3232722878456116
ACH-000656,104842,0,0.2164253145456314
ACH-000656,11327430,0,0.2726641595363617
ACH-000656,11617559,0,0.42786672711372375
ACH-000656,11624601,0,0.07159748673439026
ACH-000656,11647372,1,0.8212074637413025
ACH-000656,156422,0,0.08403701335191727
ACH-000656,176870,0,0.23524001240730286
ACH-000656,20635522,0,0.13993720710277557
ACH-000656,2375,1,0.4203457534313202
ACH-000656,24825971,0,0.3492458760738373
ACH-000656,24978538,1,0.6683959364891052
ACH-000656,25102847,0,0.5603424906730652
ACH-000656,25124816,0,0.09564432501792908
ACH-000656,2733526,0,0.19040387868881226
ACH-000656,3463933,0,0.06479814648628235
ACH-000656,44137675,0,0.20834986865520477
ACH-000656,44450571,0,0.12876689434051514
ACH-000656,46191454,0,0.8282799124717712
ACH-000656,46844147,1,0.4236644208431244
ACH-000656,46907787,0,0.2971370220184326
ACH-000656,4993,0,0.07923787087202072
ACH-000656,521106,1,0.5710469484329224
ACH-000656,5311510,0,0.24171966314315796
ACH-000656,53302361,0,0.4406064748764038
ACH-000656,53340664,0,0.8041878938674927
ACH-000656,5494449,1,0.6610530018806458
ACH-000656,66577006,1,0.8302248120307922
ACH-000656,6918638,1,0.7363241910934448
ACH-000656,6918848,1,0.7076999545097351
ACH-000656,8249,1,0.44474977254867554
ACH-000656,9826308,0,0.0392538420855999
ACH-000656,9874913,1,0.2718813717365265
ACH-000656,9903786,1,0.8070926666259766
ACH-000656,9914412,0,0.5587487816810608
ACH-000656,9931953,0,0.1335573047399521
ACH-000657,10127622,0,0.18180695176124573
ACH-000657,104842,0,0.02326379343867302
ACH-000657,11373846,1,0.6262686848640442
ACH-000657,11404337,0,0.019865142181515694
ACH-000657,126941,1,0.3343294858932495
ACH-000657,156422,0,0.07358895242214203
ACH-000657,16722836,1,0.6589358448982239
ACH-000657,176158,0,0.0485832504928112
ACH-000657,23725625,0,0.12453878670930862
ACH-000657,2375,0,0.17184753715991974
ACH-000657,24180719,0,0.20997203886508942
ACH-000657,24826799,0,0.06613093614578247
ACH-000657,24889392,0,0.6439924240112305
ACH-000657,25022668,0,0.017403604462742805
ACH-000657,25126798,1,0.37596648931503296
ACH-000657,3385,1,0.14373305439949036
ACH-000657,3796,0,0.4199095070362091
ACH-000657,44450571,0,0.097256138920784
ACH-000657,444795,1,0.36708617210388184
ACH-000657,446378,0,0.017854809761047363
ACH-000657,46224516,0,0.3601847290992737
ACH-000657,46883536,0,0.5158028602600098
ACH-000657,5327091,1,0.027894821017980576
ACH-000657,6445533,0,0.22271990776062012
ACH-000657,6918848,0,0.44492107629776
ACH-000657,84691,0,0.03721117600798607
ACH-000657,9813758,1,0.6651660799980164
ACH-000657,9858940,0,0.09873808920383453
ACH-000657,9911830,0,0.31300124526023865
ACH-000657,9952773,0,0.4315741956233978
ACH-000657,9967941,1,0.28082704544067383
ACH-000660,10384072,0,0.5805939435958862
ACH-000660,11327430,1,0.8656793832778931
ACH-000660,11338033,1,0.8951056599617004
ACH-000660,11640390,0,0.18021942675113678
ACH-000660,11707110,1,0.11996918171644211
ACH-000660,11977753,1,0.2228640913963318
ACH-000660,126941,1,0.8274745941162109
ACH-000660,1401,0,0.663609504699707
ACH-000660,176167,1,0.43486258387565613
ACH-000660,2375,1,0.8116068840026855
ACH-000660,24785538,0,0.171265110373497
ACH-000660,24889392,1,0.866548478603363
ACH-000660,24951314,1,0.9233726859092712
ACH-000660,25022668,0,0.5898269414901733
ACH-000660,4263900,1,0.9148470759391785
ACH-000660,44143370,0,0.4429238736629486
ACH-000660,44224160,0,0.902533233165741
ACH-000660,447912,0,0.9256008863449097
ACH-000660,448013,0,0.35100212693214417
ACH-000660,5280757,0,0.6390213966369629
ACH-000660,5330286,0,0.6694279909133911
ACH-000660,53394750,1,0.9923341274261475
ACH-000660,54676905,0,0.6644318699836731
ACH-000660,56965967,0,0.8602436184883118
ACH-000660,644241,1,0.7792897820472717
ACH-000660,6445562,0,0.7333661317825317
ACH-000660,6710780,1,0.8086039423942566
ACH-000660,6753378,1,0.7904120683670044
ACH-000660,6918454,0,0.04868774488568306
ACH-000660,6918638,1,0.8511700630187988
ACH-000660,8249,1,0.8243693113327026
ACH-000660,9813758,1,0.75062495470047
ACH-000660,9826528,0,0.029562948271632195
ACH-000660,9910224,1,0.8284450173377991
ACH-000660,9911830,1,0.9040205478668213
ACH-000660,9931953,0,0.5325168371200562
ACH-000660,9943465,0,0.2348458468914032
ACH-000662,10027278,1,0.01440405659377575
ACH-000662,10096043,0,0.002758798887953162
ACH-000662,10109823,0,0.005288151558488607
ACH-000662,10113978,0,0.01469267439097166
ACH-000662,10184653,0,0.023433230817317963
ACH-000662,10196499,0,0.009174411185085773
ACH-000662,10384072,1,0.02139897830784321
ACH-000662,104842,0,0.1547796130180359
ACH-000662,11485656,0,0.05191211402416229
ACH-000662,11625818,0,0.007769621908664703
ACH-000662,11667893,0,0.02792692929506302
ACH-000662,11713159,0,0.008136417716741562
ACH-000662,126565,0,0.2505730390548706
ACH-000662,16722836,0,0.0060044098645448685
ACH-000662,23725625,0,0.07478182017803192
ACH-000662,24826799,0,0.010514684952795506
ACH-000662,25126798,0,0.10719598084688187
ACH-000662,25195352,0,0.0013712901854887605
ACH-000662,2726824,0,0.04119084030389786
ACH-000662,3005532,0,0.04672876000404358
ACH-000662,3796,0,0.0025179896038025618
ACH-000662,44143370,1,0.0027778190560638905
ACH-000662,44182295,0,0.019595572724938393
ACH-000662,44224160,0,0.00035548556479625404
ACH-000662,44450571,1,0.07317621260881424
ACH-000662,448013,0,0.0037163447123020887
ACH-000662,46191454,0,0.015259708277881145
ACH-000662,46843772,0,0.06291414797306061
ACH-000662,46907787,0,0.024820402264595032
ACH-000662,51371303,0,0.01328642200678587
ACH-000662,53394750,1,0.7240705490112305
ACH-000662,560326,0,0.017155984416604042
ACH-000662,56962337,0,0.29448407888412476
ACH-000662,60750,0,0.01380789652466774
ACH-000662,6445562,0,0.0037874234840273857
ACH-000662,65110,0,0.3018494248390198
ACH-000662,704473,0,0.046317633241415024
ACH-000662,82146,0,0.030278028920292854
ACH-000662,9813758,0,0.008384281769394875
ACH-000662,9858940,0,0.05457959696650505
ACH-000662,9863776,0,0.04578014835715294
ACH-000662,9910224,0,0.13433660566806793
ACH-000662,9931953,0,0.04181765019893646
ACH-000663,10127622,0,0.08345388621091843
ACH-000663,10451420,0,0.015551017597317696
ACH-000663,11178236,0,0.11827187985181808
ACH-000663,11485656,0,0.040696751326322556
ACH-000663,11617559,0,0.05427755415439606
ACH-000663,11624601,1,0.1983177214860916
ACH-000663,11754511,0,0.03383367508649826
ACH-000663,11977753,0,0.05450569465756416
ACH-000663,23725625,0,0.20063728094100952
ACH-000663,24180719,1,0.04827740788459778
ACH-000663,24826799,0,0.02248721569776535
ACH-000663,25195352,0,0.007755289785563946
ACH-000663,25222038,1,0.023893339559435844
ACH-000663,2733526,0,0.3910468518733978
ACH-000663,3005532,1,0.08188796788454056
ACH-000663,3218,0,0.06411276757717133
ACH-000663,3463933,0,0.22143584489822388
ACH-000663,36462,0,0.023676691576838493
ACH-000663,44182295,0,0.0036947764456272125
ACH-000663,44224160,0,0.016295352950692177
ACH-000663,44551660,0,0.0018161037005484104
ACH-000663,44819241,0,0.12314196676015854
ACH-000663,46883536,0,0.02725740522146225
ACH-000663,46885626,0,0.0309654101729393
ACH-000663,46943432,0,0.006905918009579182
ACH-000663,51371303,0,0.3215985596179962
ACH-000663,5208,0,0.15801537036895752
ACH-000663,521106,0,0.051529839634895325
ACH-000663,5289247,0,0.010739456862211227
ACH-000663,53302361,0,0.17921262979507446
ACH-000663,5330286,1,0.012856665998697281
ACH-000663,5460769,0,0.0748649463057518
ACH-000663,5746,0,0.04852179437875748
ACH-000663,637858,0,0.0938076600432396
ACH-000663,644241,0,0.048294808715581894
ACH-000663,6445562,0,0.03533625975251198
ACH-000663,6450816,0,0.028039589524269104
ACH-000663,6710780,0,0.026056824252009392
ACH-000663,9952773,0,0.015649260953068733
ACH-000664,10451420,0,0.484877347946167
ACH-000664,11178236,0,0.10623311996459961
ACH-000664,11338033,0,0.0438353531062603
ACH-000664,11485656,1,0.4120316207408905
ACH-000664,11634725,0,0.011851528659462929
ACH-000664,11647372,0,0.0886826142668724
ACH-000664,24756910,0,0.2149115949869156
ACH-000664,24825971,0,0.2301178127527237
ACH-000664,24889392,1,0.5873880982398987
ACH-000664,36462,0,0.07348243147134781
ACH-000664,44143370,0,0.16230276226997375
ACH-000664,46844147,0,0.31269022822380066
ACH-000664,49821040,0,0.1602049320936203
ACH-000664,5289247,0,0.2003667652606964
ACH-000664,5460769,0,0.1693815290927887
ACH-000664,6753378,0,0.2484990954399109
ACH-000664,6918848,0,0.08668118715286255
ACH-000664,704473,1,0.6396459937095642
ACH-000664,82146,0,0.17726600170135498
ACH-000664,9952773,0,0.10725462436676025
ACH-000664,9956222,0,0.07105368375778198
ACH-000664,9967941,0,0.3026883602142334
ACH-000665,10096043,0,0.15479826927185059
ACH-000665,10459196,0,0.026568284258246422
ACH-000665,104842,0,0.007728912401944399
ACH-000665,11327430,0,0.013371242210268974
ACH-000665,16722836,0,0.015728848055005074
ACH-000665,17755052,0,0.02539869211614132
ACH-000665,23725625,0,0.006587196607142687
ACH-000665,24776445,0,0.007001915015280247
ACH-000665,24785538,0,0.567734956741333
ACH-000665,24894414,0,0.01863403059542179
ACH-000665,24978538,0,0.05484658107161522
ACH-000665,25022668,0,0.170193150639534
ACH-000665,25102847,0,0.0700267031788826
ACH-000665,3463933,0,0.21569928526878357
ACH-000665,42642645,0,0.09089069068431854
ACH-000665,44450571,0,0.06724318861961365
ACH-000665,46191454,0,0.011605114676058292
ACH-000665,46843772,0,0.038502126932144165
ACH-000665,51371303,0,0.04036416485905647
ACH-000665,5208,0,0.049162182956933975
ACH-000665,521106,0,0.01914748176932335
ACH-000665,5394,0,0.011162088252604008
ACH-000665,5459322,0,0.0870421752333641
ACH-000665,5460769,0,0.08367870002985
ACH-000665,54676905,0,0.06201290711760521
ACH-000665,54685215,0,0.10474718362092972
ACH-000665,637858,0,0.0423237606883049
ACH-000665,6450816,0,0.028424391523003578
ACH-000665,6753378,0,0.01965039223432541
ACH-000665,6918454,0,0.06680510193109512
ACH-000665,84691,0,0.017652234062552452
ACH-000665,85668777,1,0.3086950182914734
ACH-000665,9858940,0,0.07399260252714157
ACH-000665,9956222,0,0.03159612789750099
ACH-000667,10109823,0,0.5582984685897827
ACH-000667,10200390,0,0.17158010601997375
ACH-000667,10384072,0,0.38938209414482117
ACH-000667,11282283,0,0.13293617963790894
ACH-000667,11316960,0,0.3696003258228302
ACH-000667,11609586,0,0.32046613097190857
ACH-000667,11977753,1,0.22517479956150055
ACH-000667,16720766,1,0.22705857455730438
ACH-000667,2314623,0,0.5355783700942993
ACH-000667,24772860,0,0.006102210842072964
ACH-000667,24785538,0,0.41979309916496277
ACH-000667,24889392,0,0.15258124470710754
ACH-000667,24894414,1,0.12127289175987244
ACH-000667,24951314,0,0.014292650856077671
ACH-000667,25195352,0,0.034157704561948776
ACH-000667,25222038,0,0.42029330134391785
ACH-000667,25257557,1,0.967354953289032
ACH-000667,3385,1,0.03880570828914642
ACH-000667,4263900,1,0.38133832812309265
ACH-000667,42642645,0,0.20919419825077057
ACH-000667,44224160,0,0.03384967893362045
ACH-000667,444795,0,0.3209607005119324
ACH-000667,44551660,0,0.011052785441279411
ACH-000667,46191454,0,0.033262431621551514
ACH-000667,46943432,0,0.09694744646549225
ACH-000667,5113032,1,0.23437592387199402
ACH-000667,5278396,0,0.5200095176696777
ACH-000667,5311,0,0.09383928030729294
ACH-000667,5394,0,0.16878294944763184
ACH-000667,6445562,0,0.1776072084903717
ACH-000667,6505803,1,0.31201159954071045
ACH-000667,66577006,0,0.15306615829467773
ACH-000667,6918289,0,0.1649957001209259
ACH-000667,6918638,0,0.011166168376803398
ACH-000667,85668777,0,0.42719805240631104
ACH-000667,9868037,0,0.1644992083311081
ACH-000667,9910224,1,0.045383043587207794
ACH-000667,9938202,0,0.3792991042137146
ACH-000667,9956119,0,0.6356413960456848
ACH-000668,10096043,0,0.009329726919531822
ACH-000668,104842,0,0.011689625680446625
ACH-000668,11625818,0,0.16619719564914703
ACH-000668,11634725,0,0.06065470725297928
ACH-000668,2375,0,0.01419905200600624
ACH-000668,24826799,0,0.045465417206287384
ACH-000668,24894414,0,0.1859218031167984
ACH-000668,25022668,0,0.018435582518577576
ACH-000668,25124816,0,0.09769996255636215
ACH-000668,4263900,0,0.007076960988342762
ACH-000668,42642645,0,0.023096997290849686
ACH-000668,44137675,1,0.04181898385286331
ACH-000668,44143370,1,0.09334855526685715
ACH-000668,44224160,0,0.008547202683985233
ACH-000668,46943432,0,0.4507884681224823
ACH-000668,51371303,0,0.014856116846203804
ACH-000668,5328940,0,0.007848481647670269
ACH-000668,560326,0,0.009441140107810497
ACH-000668,6445533,0,0.06886237859725952
ACH-000668,6450551,0,0.005527395289391279
ACH-000668,66577006,0,0.24921171367168427
ACH-000668,6918848,0,0.04827578365802765
ACH-000668,84691,0,0.010228799656033516
ACH-000668,9810884,1,0.9750433564186096
ACH-000668,9868037,0,0.020607924088835716
ACH-000668,9884685,0,0.03199002519249916
ACH-000668,9903786,0,0.05253787338733673
ACH-000668,9910224,1,0.06959126889705658
ACH-000668,9911830,0,0.044828400015830994
ACH-000668,9956222,0,0.041057150810956955
ACH-000669,10384072,0,0.15899331867694855
ACH-000669,10459196,0,0.02098577842116356
ACH-000669,11433190,1,0.08876003324985504
ACH-000669,11617559,0,0.0013173592742532492
ACH-000669,11713159,0,0.0003582476929295808
ACH-000669,11754511,0,0.0002684080973267555
ACH-000669,16722836,0,1.5767442164360546e-05
ACH-000669,16747388,0,3.4835782571462914e-05
ACH-000669,176167,1,0.0003597910108510405
ACH-000669,17755052,0,0.005836066789925098
ACH-000669,2375,0,0.03535334765911102
ACH-000669,24756910,0,7.923054363345727e-05
ACH-000669,24951314,0,2.3631046133232303e-05
ACH-000669,25022668,0,0.0002891013282351196
ACH-000669,25124816,0,0.007177581544965506
ACH-000669,25126798,0,0.004955638200044632
ACH-000669,25222038,0,0.00011903379345312715
ACH-000669,25257557,1,0.007813618518412113
ACH-000669,2733526,0,0.1838793307542801
ACH-000669,44137675,0,0.0076089040376245975
ACH-000669,44632017,0,0.01182942371815443
ACH-000669,49806720,0,0.0011231942335143685
ACH-000669,5113032,0,0.018681885674595833
ACH-000669,51371303,0,0.056389909237623215
ACH-000669,53394750,0,0.0010697019752115011
ACH-000669,56962337,0,0.07996899634599686
ACH-000669,637858,0,0.07198973745107651
ACH-000669,6852167,0,0.00012091475946363062
ACH-000669,6918848,0,3.2551550248172134e-05
ACH-000669,704473,0,0.007381684612482786
ACH-000669,8249,0,0.000756782537791878
ACH-000669,9810884,0,0.0018578635063022375
ACH-000669,9826528,0,0.0015661244979128242
ACH-000669,9914412,0,0.010306582786142826
ACH-000669,9956119,1,0.0027841851115226746
ACH-000670,10077147,0,0.005076008848845959
ACH-000670,10184653,0,0.17706622183322906
ACH-000670,10341154,0,0.021404754370450974
ACH-000670,11152667,0,0.007111859507858753
ACH-000670,11455910,0,0.16869796812534332
ACH-000670,11485656,0,0.006198580842465162
ACH-000670,11609586,0,0.1400589495897293
ACH-000670,11624601,0,0.24447523057460785
ACH-000670,11667893,0,0.3015580177307129
ACH-000670,11707110,0,0.022198081016540527
ACH-000670,159324,0,0.08051200211048126
ACH-000670,16720766,0,0.2990201711654663
ACH-000670,176158,0,0.33712446689605713
ACH-000670,23725625,0,0.07416795939207077
ACH-000670,25022668,0,0.039249129593372345
ACH-000670,25124816,0,0.33540108799934387
ACH-000670,25257557,0,0.15022911131381989
ACH-000670,3218,0,0.08752860873937607
ACH-000670,3385,0,0.006253165192902088
ACH-000670,42642645,0,0.0013781124725937843
ACH-000670,44224160,0,0.00025761901633813977
ACH-000670,44450571,0,0.2867099940776825
ACH-000670,444795,0,0.03478226810693741
ACH-000670,446378,0,0.4893900752067566
ACH-000670,46943432,0,0.0002868158044293523
ACH-000670,521106,0,0.01484672725200653
ACH-000670,5311,0,0.018882660195231438
ACH-000670,5311497,0,0.1377914994955063
ACH-000670,5460769,0,0.4152393043041229
ACH-000670,54676905,0,0.2581880986690521
ACH-000670,56962337,0,0.11778227239847183
ACH-000670,644241,0,0.05194907635450363
ACH-000670,6450551,0,0.011952991597354412
ACH-000670,6710780,0,0.08810194581747055
ACH-000670,6918638,0,0.00026532032643444836
ACH-000670,704473,0,0.021918240934610367
ACH-000670,71271629,0,0.048256102949380875
ACH-000670,84691,0,0.154792919754982
ACH-000670,9911830,0,0.005931243300437927
ACH-000670,9931953,0,0.25590282678604126
ACH-000670,9943465,0,0.08010324835777283
ACH-000672,10096043,0,0.043440043926239014
ACH-000672,104842,0,0.02491185814142227
ACH-000672,11338033,0,0.0002551046491134912
ACH-000672,11609586,0,0.05301463231444359
ACH-000672,11634725,0,0.000590139243286103
ACH-000672,11707110,0,0.010361993685364723
ACH-000672,11713159,0,0.0701739490032196
ACH-000672,11844351,0,0.5050081014633179
ACH-000672,11977753,0,0.029001623392105103
ACH-000672,148124,0,0.25884103775024414
ACH-000672,156422,0,0.10640312731266022
ACH-000672,16720766,0,0.06320308893918991
ACH-000672,17755052,0,0.06826833635568619
ACH-000672,20635522,0,0.007911463268101215
ACH-000672,24180719,0,0.007898864336311817
ACH-000672,25102847,0,0.012258121743798256
ACH-000672,25195352,0,0.0007889749249443412
ACH-000672,25262965,0,0.037867892533540726
ACH-000672,42640,0,0.08551817387342453
ACH-000672,44137675,0,0.424045205116272
ACH-000672,44224160,0,0.0011154775274917483
ACH-000672,44450571,0,0.08362725377082825
ACH-000672,44632017,0,0.10034900903701782
ACH-000672,446378,0,0.19207996129989624
ACH-000672,448013,1,0.3239922821521759
ACH-000672,46191454,0,0.0019266483141109347
ACH-000672,46224516,0,0.00035532901529222727
ACH-000672,5280757,0,0.14758573472499847
ACH-000672,53394750,0,0.08889101445674896
ACH-000672,5460769,0,0.12683279812335968
ACH-000672,56965967,0,0.002302994253113866
ACH-000672,5746,0,0.07245950400829315
ACH-000672,6253,0,0.008664648048579693
ACH-000672,66577006,0,0.01112443022429943
ACH-000672,6710780,0,0.009577176533639431
ACH-000672,6914657,0,0.0009088135557249188
ACH-000672,76044,0,0.012729526497423649
ACH-000672,85668777,0,0.022391056641936302
ACH-000672,9810884,0,0.35184499621391296
ACH-000672,9826528,0,0.0010700220009312034
ACH-000672,9868037,0,0.014084853231906891
ACH-000672,9874913,0,0.024721292778849602
ACH-000672,9938202,0,0.05266311392188072
ACH-000674,10074640,0,0.10204558074474335
ACH-000674,10113978,0,0.14069493114948273
ACH-000674,10459196,0,0.0862639918923378
ACH-000674,104842,0,0.02127801440656185
ACH-000674,11327430,0,0.006419012788683176
ACH-000674,11338033,0,0.0022063020151108503
ACH-000674,11373846,0,0.11528803408145905
ACH-000674,11404337,1,0.09855812788009644
ACH-000674,11455910,0,0.3052115738391876
ACH-000674,11609586,1,0.030869292095303535
ACH-000674,11617559,1,0.1873621791601181
ACH-000674,11713159,0,0.020400594919919968
ACH-000674,176158,0,0.06854745000600815
ACH-000674,216326,0,0.04009900987148285
ACH-000674,24894414,0,0.05860511213541031
ACH-000674,25195352,0,0.055142488330602646
ACH-000674,2726824,0,0.13934119045734406
ACH-000674,2733526,0,0.07546976208686829
ACH-000674,3218,0,0.027221396565437317
ACH-000674,3463933,0,0.33640843629837036
ACH-000674,36462,0,0.011043105274438858
ACH-000674,44137675,0,0.13852614164352417
ACH-000674,44632017,0,0.017326833680272102
ACH-000674,46930998,0,0.03284119814634323
ACH-000674,5280757,0,0.17301899194717407
ACH-000674,5289247,0,0.2401159405708313
ACH-000674,53302361,0,0.016208140179514885
ACH-000674,66577006,0,0.07597824186086655
ACH-000674,6852167,0,0.07479774206876755
ACH-000674,6914657,0,0.03429081290960312
ACH-000674,6918638,0,0.017994599416851997
ACH-000674,82146,0,0.05802131071686745
ACH-000674,9810884,1,0.543516993522644
ACH-000674,9858940,0,0.18926066160202026
ACH-000674,9863776,0,0.09126818925142288
ACH-000674,9911830,0,0.02153763920068741
ACH-000674,9943465,0,0.23290887475013733
ACH-000674,9956119,0,0.47059816122055054
ACH-000677,10077147,0,0.0001226710737682879
ACH-000677,10451420,0,0.00014532696513924748
ACH-000677,11485656,0,0.00028810196090489626
ACH-000677,11634725,0,5.3560030210064724e-05
ACH-000677,11667893,0,0.03630804643034935
ACH-000677,126565,0,0.009604847058653831
ACH-000677,176158,0,0.06072864308953285
ACH-000677,17755052,0,0.00040908303344622254
ACH-000677,216326,0,0.004629999399185181
ACH-000677,24776445,0,0.002294234000146389
ACH-000677,24826799,0,0.00025133436429314315
ACH-000677,25222038,0,0.0011163708986714482
ACH-000677,3385,0,0.0008153477101586759
ACH-000677,42642645,0,5.9768000937765464e-05
ACH-000677,444795,0,0.0010801510652527213
ACH-000677,448013,0,0.0032664805185049772
ACH-000677,44819241,0,0.06966356188058853
ACH-000677,46930998,0,0.0005650184466503561
ACH-000677,51371303,1,0.0044344766065478325
ACH-000677,53302361,0,0.0034533378202468157
ACH-000677,53340664,0,2.3708653316134587e-05
ACH-000677,53394750,0,0.0015117055736482143
ACH-000677,57339144,0,0.021384188905358315
ACH-000678,10077147,0,1.3052085705567151e-05
ACH-000678,11977753,0,0.0011417499044910073
ACH-000678,16720766,0,0.0024349100422114134
ACH-000678,216326,0,0.0008057158556766808
ACH-000678,23725625,0,0.00018993949925061315
ACH-000678,24180719,0,0.00643455283716321
ACH-000678,300471,0,0.002815940883010626
ACH-000678,44462760,0,0.00031019383459351957
ACH-000678,5311,0,0.00013202686386648566
ACH-000678,5330286,0,9.492657409282401e-05
ACH-000678,5394,0,0.0011577013647183776
ACH-000678,6710780,0,0.0001271926157642156
ACH-000678,6918289,0,0.0013089565327391028
ACH-000679,10096043,0,7.205170550150797e-05
ACH-000679,10113978,0,0.010328308679163456
ACH-000679,10459196,0,0.0015369890024885535
ACH-000679,11152667,0,0.0001583284029038623
ACH-000679,11282283,0,0.04721159487962723
ACH-000679,11316960,1,0.009173591621220112
ACH-000679,11327430,0,0.0025614553596824408
ACH-000679,11640390,0,0.0074686696752905846
ACH-000679,123631,0,0.3612920641899109
ACH-000679,24951314,0,3.8610811316175386e-05
ACH-000679,25222038,0,0.00029467858257703483
ACH-000679,25262965,0,0.0013876138255000114
ACH-000679,31703,0,0.00010277309047523886
ACH-000679,42640,0,0.043247174471616745
ACH-000679,44224160,0,7.570546586066484e-05
ACH-000679,44450571,0,0.06936109066009521
ACH-000679,44819241,0,0.0111424271017313
ACH-000679,5330286,0,0.0005375647451728582
ACH-000679,54685215,0,0.008298791944980621
ACH-000679,6505803,1,0.0031514763832092285
ACH-000679,6710780,0,0.0007781290332786739
ACH-000679,6852167,0,0.00041849215631373227
ACH-000679,6918454,0,0.001084008370526135
ACH-000679,9810884,0,0.0033971432130783796
ACH-000679,9874913,1,0.05098845809698105
ACH-000679,9903786,0,5.023590711061843e-05
ACH-000679,9931953,0,0.014946446754038334
ACH-000679,9956119,1,0.514072835445404
ACH-000679,9956222,0,0.00020972284255549312
ACH-000680,10096043,0,8.65093511492887e-07
ACH-000680,10109823,0,9.830213821260259e-05
ACH-000680,10127622,0,0.000732914952095598
ACH-000680,104842,0,0.00010239374387310818
ACH-000680,11152667,0,1.889043596747797e-05
ACH-000680,11327430,0,5.624232653644867e-05
ACH-000680,11433190,0,0.002659115009009838
ACH-000680,11624601,0,0.0010354429250583053
ACH-000680,11640390,0,0.0005539788980968297
ACH-000680,126565,0,3.8652291550533846e-05
ACH-000680,159324,0,4.9108297389466316e-05
ACH-000680,176167,0,0.008158196695148945
ACH-000680,17755052,0,0.0006210544961504638
ACH-000680,24785538,0,7.921218639239669e-05
ACH-000680,25167777,0,0.00012384841102175415
ACH-000680,2726824,0,0.0075810253620147705
ACH-000680,31703,0,3.168006060150219e-06
ACH-000680,4263900,0,9.107297955779359e-06
ACH-000680,42642645,0,4.2092274270544294e-06
ACH-000680,44137675,0,0.0010311950463801622
ACH-000680,44224160,0,3.274389746366069e-05
ACH-000680,44551660,0,3.5850938729709014e-05
ACH-000680,446378,0,0.0001335269189439714
ACH-000680,46224516,0,4.662172796088271e-05
ACH-000680,51371303,0,0.00906451977789402
ACH-000680,5208,0,3.3901222195709124e-05
ACH-000680,521106,0,6.937911621207604e-06
ACH-000680,53302361,0,3.6405348510015756e-05
ACH-000680,56962337,0,0.001296855742111802
ACH-000680,66577006,0,0.0005334873567335308
ACH-000680,6710780,0,5.741934000980109e-05
ACH-000680,6918454,0,2.614527511468623e-05
ACH-000680,84691,0,5.261302430881187e-05
ACH-000680,9863776,0,4.425265433383174e-05
ACH-000680,9911830,0,5.2673865866381675e-05
ACH-000680,9931953,0,0.00039299391210079193
ACH-000680,9938202,0,0.00699581066146493
ACH-000681,10077147,0,0.15166953206062317
ACH-000681,11316960,0,0.37854933738708496
ACH-000681,126565,1,0.07250146567821503
ACH-000681,126941,0,0.02529178559780121
ACH-000681,1401,0,0.24409069120883942
ACH-000681,23725625,0,0.16770292818546295
ACH-000681,24180719,0,0.23476064205169678
ACH-000681,44632017,0,0.06256797164678574
ACH-000681,44819241,0,0.10044565796852112
ACH-000681,5311,0,0.04060767963528633
ACH-000681,6253,1,0.05099372938275337
ACH-000681,6918289,1,0.1142766997218132
ACH-000681,9858940,0,0.18596650660037994
ACH-000681,9931953,0,0.21606215834617615
ACH-000684,10077147,0,0.008297862485051155
ACH-000684,10184653,0,0.019699065014719963
ACH-000684,10196499,0,0.024640444666147232
ACH-000684,10200390,0,0.01055373065173626
ACH-000684,10459196,0,0.04600558057427406
ACH-000684,11152667,0,0.01594366505742073
ACH-000684,11617559,0,0.08113392442464828
ACH-000684,11624601,0,0.017177730798721313
ACH-000684,11640390,0,0.04808345437049866
ACH-000684,11713159,0,0.004349935799837112
ACH-000684,11960529,1,0.021465037018060684
ACH-000684,126565,0,0.024061793461441994
ACH-000684,148124,0,0.010094640776515007
ACH-000684,156422,0,0.019394339993596077
ACH-000684,2314623,0,0.028160523623228073
ACH-000684,24180719,0,0.015703311190009117
ACH-000684,25195352,0,0.007072928361594677
ACH-000684,25262965,0,0.00895270798355341
ACH-000684,3218,0,0.007921811193227768
ACH-000684,3463933,0,0.013945012353360653
ACH-000684,3796,0,0.010432500392198563
ACH-000684,44137675,0,0.016880393028259277
ACH-000684,44143370,0,0.01214797142893076
ACH-000684,44450571,0,0.03447573259472847
ACH-000684,448013,0,0.002177758840844035
ACH-000684,46191454,0,0.023006612434983253
ACH-000684,46931012,0,0.003350050887092948
ACH-000684,49806720,0,0.06255145370960236
ACH-000684,5311,0,0.01843947544693947
ACH-000684,5311497,0,0.002787939505651593
ACH-000684,6450551,0,0.01070417556911707
ACH-000684,6753378,0,0.011882656253874302
ACH-000684,9813758,0,0.07447653263807297
ACH-000684,9826528,0,0.0006912311655469239
ACH-000684,9858940,0,0.039601996541023254
ACH-000684,9910224,0,0.053403597325086594
ACH-000684,9956222,0,0.003366585122421384
ACH-000684,9967941,0,0.02723367139697075
ACH-000688,10127622,0,0.16416002810001373
ACH-000688,10184653,0,0.10988714545965195
ACH-000688,11493598,0,0.13017788529396057
ACH-000688,11625818,0,0.07103989273309708
ACH-000688,11634725,0,0.05091077834367752
ACH-000688,11960529,0,0.009242190048098564
ACH-000688,11977753,0,0.003298982046544552
ACH-000688,16722836,0,0.01934313215315342
ACH-000688,24894414,0,0.08697985857725143
ACH-000688,44143370,0,0.24670907855033875
ACH-000688,46843772,0,0.06654800474643707
ACH-000688,5278396,0,0.003639898030087352
ACH-000688,5328940,0,0.028495894744992256
ACH-000688,5394,0,0.01900981366634369
ACH-000688,56962337,0,0.013019382022321224
ACH-000688,6450551,0,0.0018515377305448055
ACH-000688,65110,0,0.04175888001918793
ACH-000688,66577006,0,0.03503913804888725
ACH-000688,6918848,0,0.0359853059053421
ACH-000688,9813758,0,0.35013940930366516
ACH-000688,9910224,0,0.05816911906003952
ACH-000688,9931953,0,0.004799321759492159
ACH-000689,10127622,0,0.021745001897215843
ACH-000689,10341154,0,0.03658786043524742
ACH-000689,10384072,0,0.005504108965396881
ACH-000689,11338033,0,0.00012447044719010592
ACH-000689,11625818,1,0.006354335695505142
ACH-000689,11754511,0,0.003419965971261263
ACH-000689,123631,0,0.012546798214316368
ACH-000689,23725625,0,0.018380234017968178
ACH-000689,24180719,1,0.10712575167417526
ACH-000689,44551660,0,0.0010667558526620269
ACH-000689,5278396,0,0.004042071755975485
ACH-000689,5311,0,0.0409369021654129
ACH-000689,5328940,0,0.02016226015985012
ACH-000689,5394,0,0.09136763215065002
ACH-000689,57339144,0,0.1250220537185669
ACH-000689,637858,0,0.019108880311250687
ACH-000689,6450551,0,0.0038532763719558716
ACH-000689,6505803,0,0.0004331200325395912
ACH-000689,65110,0,0.24173255264759064
ACH-000689,6914657,0,0.00036806767457164824
ACH-000689,9914412,0,0.004818890709429979
ACH-000689,9938202,0,0.015375039540231228
ACH-000689,9952773,0,0.0005629488732665777
ACH-000691,10461815,0,0.12086345255374908
ACH-000691,104842,0,0.033431101590394974
ACH-000691,11178236,0,0.10243786126375198
ACH-000691,11373846,0,0.008037539198994637
ACH-000691,11433190,0,0.10762077569961548
ACH-000691,11455910,0,0.039474692195653915
ACH-000691,11617559,1,0.10374574363231659
ACH-000691,11626927,1,0.3763678967952728
ACH-000691,11640390,0,0.023179790005087852
ACH-000691,11844351,0,0.05530375614762306
ACH-000691,126565,0,0.01565582863986492
ACH-000691,16720766,0,0.09678925573825836
ACH-000691,16760646,0,0.10922735929489136
ACH-000691,20635522,0,0.0009093513945117593
ACH-000691,24772860,0,0.0008533695945516229
ACH-000691,25126798,0,0.11477608978748322
ACH-000691,25167777,0,0.1449940949678421
ACH-000691,25195352,0,0.005307233892381191
ACH-000691,300471,0,0.06316301971673965
ACH-000691,3005532,0,0.024189122021198273
ACH-000691,3463933,0,0.10379694402217865
ACH-000691,44137675,0,0.475631982088089
ACH-000691,44450571,0,0.12275265157222748
ACH-000691,44632017,0,0.022058119997382164
ACH-000691,447912,0,0.09130464494228363
ACH-000691,46191454,0,0.021695217117667198
ACH-000691,49836027,0,0.06447160243988037
ACH-000691,5113032,0,0.28555434942245483
ACH-000691,5278396,1,0.3038923442363739
ACH-000691,5311,0,0.07195484638214111
ACH-000691,5327091,0,0.03180274739861488
ACH-000691,53302361,0,0.04823877662420273
ACH-000691,53394750,0,0.030077973380684853
ACH-000691,54685215,0,0.03452635183930397
ACH-000691,6445533,0,0.07098069041967392
ACH-000691,6450551,0,0.0097037423402071
ACH-000691,6710780,0,0.021009283140301704
ACH-000691,704473,1,0.24588678777217865
ACH-000691,7251185,0,0.027699900791049004
ACH-000691,8249,1,0.04391112178564072
ACH-000691,85668777,0,0.07002656161785126
ACH-000691,9826308,0,0.001128951320424676
ACH-000691,9868037,0,0.12962591648101807
ACH-000691,9907093,0,0.1857272982597351
ACH-000691,9943465,1,0.04661249741911888
ACH-000691,9956222,0,0.1214912012219429
ACH-000693,10196499,0,0.18240904808044434
ACH-000693,11282283,0,0.13760289549827576
ACH-000693,11634725,0,0.009007930755615234
ACH-000693,11647372,0,0.03516918793320656
ACH-000693,11713159,1,0.057348135858774185
ACH-000693,16722836,0,0.04621567949652672
ACH-000693,2375,0,0.12140258401632309
ACH-000693,24756910,0,0.04700184613466263
ACH-000693,3218,0,0.04229957237839699
ACH-000693,46224516,0,0.010643158107995987
ACH-000693,46883536,0,0.13009847700595856
ACH-000693,521106,0,0.1435408890247345
ACH-000693,5289247,0,0.02155018411576748
ACH-000693,5311497,0,0.015022866427898407
ACH-000693,5394,1,0.08602000027894974
ACH-000693,8249,1,0.040891360491514206
ACH-000693,9911830,0,0.31152084469795227
ACH-000693,9967941,0,0.048055414110422134
ACH-000694,10077147,0,0.001256421790458262
ACH-000694,10096043,0,0.06674876809120178
ACH-000694,10196499,0,0.02184743992984295
ACH-000694,10384072,0,0.03197464346885681
ACH-000694,11282283,0,0.00476775411516428
ACH-000694,11338033,0,7.14779434929369e-06
ACH-000694,11404337,0,0.029965315014123917
ACH-000694,11433190,0,0.056993208825588226
ACH-000694,11617559,0,0.0006524594500660896
ACH-000694,11626927,0,0.0022953462321311235
ACH-000694,11713159,0,0.2697576880455017
ACH-000694,11960529,0,0.01736125908792019
ACH-000694,148124,1,0.046081721782684326
ACH-000694,16038120,0,0.0016103097004815936
ACH-000694,216239,0,0.028842709958553314
ACH-000694,24825971,0,0.005855853203684092
ACH-000694,24889392,0,0.000654659466817975
ACH-000694,25022668,0,0.12650902569293976
ACH-000694,3005532,1,0.30546802282333374
ACH-000694,3062316,1,0.570886492729187
ACH-000694,31703,0,0.08037900179624557
ACH-000694,36462,1,0.010597052983939648
ACH-000694,44137675,0,0.026454871520400047
ACH-000694,44224160,0,2.740376476140227e-05
ACH-000694,444795,0,0.002770452992990613
ACH-000694,44819241,0,0.014539800584316254
ACH-000694,46843772,0,0.002883185865357518
ACH-000694,46885626,0,0.0004104101099073887
ACH-000694,46931012,0,1.9879704268532805e-05
ACH-000694,5280757,0,0.1152239516377449
ACH-000694,5311,0,0.0009032165980897844
ACH-000694,5384616,0,0.006919584237039089
ACH-000694,5494449,0,0.01862492226064205
ACH-000694,560326,0,0.0033836124930530787
ACH-000694,60750,0,0.0736500471830368
ACH-000694,644241,0,0.012491216883063316
ACH-000694,6445562,0,0.0006097156438045204
ACH-000694,66577006,0,0.0003734919591806829
ACH-000694,6918289,0,0.020587127655744553
ACH-000694,704473,0,0.0020409440621733665
ACH-000694,71271629,0,0.003317328402772546
ACH-000694,7251185,0,0.02281329035758972
ACH-000694,76044,0,0.002037382684648037
ACH-000694,82146,0,0.10537741333246231
ACH-000694,9826308,0,0.015223495662212372
ACH-000694,9903786,0,1.5590869224979542e-05
ACH-000694,9907093,1,0.18002809584140778
ACH-000694,9952773,0,9.733811020851135e-05
ACH-000696,10077147,0,0.008790174499154091
ACH-000696,10109823,0,0.009063954465091228
ACH-000696,104842,0,0.22667086124420166
ACH-000696,11282283,0,0.24459584057331085
ACH-000696,11316960,0,0.025662727653980255
ACH-000696,11338033,0,0.0005079959519207478
ACH-000696,11960529,1,0.16494324803352356
ACH-000696,16725726,0,0.6002606153488159
ACH-000696,16747388,0,0.0060650138184428215
ACH-000696,176167,0,0.010475846007466316
ACH-000696,24978538,0,0.3204866945743561
ACH-000696,25124816,0,0.09755624085664749
ACH-000696,25257557,1,0.9924922585487366
ACH-000696,2726824,0,0.13547545671463013
ACH-000696,31703,0,0.020880285650491714
ACH-000696,44551660,0,0.0009026061161421239
ACH-000696,448013,0,0.026755891740322113
ACH-000696,46843772,0,0.07776256650686264
ACH-000696,5113032,0,0.06570153683423996
ACH-000696,5208,0,0.09255378693342209
ACH-000696,5289247,0,0.00447400426492095
ACH-000696,5328940,0,0.011707830242812634
ACH-000696,5394,0,0.21824784576892853
ACH-000696,560326,0,0.05132417008280754
ACH-000696,5746,0,0.25511080026626587
ACH-000696,60750,0,0.05518348887562752
ACH-000696,6445533,0,0.07205989956855774
ACH-000696,9863776,0,0.003632105654105544
ACH-000696,9911830,0,0.0361480712890625
ACH-000696,9943465,0,0.026636146008968353
ACH-000696,9956222,0,0.009514609351754189
ACH-000696,9967941,0,0.010256933979690075
ACH-000697,10027278,0,0.014804458245635033
ACH-000697,10459196,0,0.10572534054517746
ACH-000697,10461815,0,0.27732667326927185
ACH-000697,11152667,0,0.20568996667861938
ACH-000697,11178236,0,0.08479862660169601
ACH-000697,11282283,1,0.5005183219909668
ACH-000697,11493598,1,0.6835594177246094
ACH-000697,11609586,0,0.14432349801063538
ACH-000697,11617559,0,0.5376842617988586
ACH-000697,11634725,1,0.23265939950942993
ACH-000697,11713159,0,0.03387543931603432
ACH-000697,11844351,0,0.04713323339819908
ACH-000697,156422,0,0.17490436136722565
ACH-000697,160355,1,0.2869170010089874
ACH-000697,16722836,1,0.734111487865448
ACH-000697,208908,0,0.28194373846054077
ACH-000697,24180719,0,0.2296021431684494
ACH-000697,24776445,0,0.16643686592578888
ACH-000697,25102847,0,0.2781118154525757
ACH-000697,25126798,1,0.5972825288772583
ACH-000697,3005532,1,0.050811052322387695
ACH-000697,36314,0,0.010920648463070393
ACH-000697,44462760,1,0.13491711020469666
ACH-000697,444795,0,0.48836463689804077
ACH-000697,46191454,1,0.6988767981529236
ACH-000697,46931012,1,0.726306140422821
ACH-000697,4993,0,0.094541035592556
ACH-000697,5113032,0,0.5313479900360107
ACH-000697,5280757,0,0.17539571225643158
ACH-000697,5384616,1,0.45962145924568176
ACH-000697,56962337,0,0.22113090753555298
ACH-000697,6253,0,0.11647452414035797
ACH-000697,65110,1,0.32236921787261963
ACH-000697,6753378,0,0.5045989155769348
ACH-000697,6918289,0,0.1856582909822464
ACH-000697,6918848,0,0.6228410005569458
ACH-000697,7251185,1,0.1293889433145523
ACH-000697,9884685,0,0.7004045844078064
ACH-000697,9907093,0,0.10789098590612411
ACH-000697,9943465,0,0.19689328968524933
ACH-000698,11152667,0,0.0007053592125885189
ACH-000698,11609586,0,0.017323246225714684
ACH-000698,11640390,0,0.040615275502204895
ACH-000698,11960529,0,0.008824227377772331
ACH-000698,123631,0,0.431440144777298
ACH-000698,16722836,0,9.330426109954715e-05
ACH-000698,176167,0,0.05242051184177399
ACH-000698,2375,0,0.008372903801500797
ACH-000698,25167777,0,0.00022128636192064732
ACH-000698,2726824,0,0.3344762921333313
ACH-000698,2733526,0,0.04749293625354767
ACH-000698,31703,0,0.00010603915870888159
ACH-000698,3796,0,0.029492178931832314
ACH-000698,44137675,0,0.007309276144951582
ACH-000698,44224160,0,6.0294092691037804e-05
ACH-000698,447912,0,0.0032031163573265076
ACH-000698,448013,0,0.00013400064199231565
ACH-000698,46907787,0,0.0009805822046473622
ACH-000698,53340664,0,4.820720641873777e-05
ACH-000698,5394,0,0.028257526457309723
ACH-000698,5460769,0,0.0059250108897686005
ACH-000698,54685215,0,0.01118217408657074
ACH-000698,56965967,0,0.0004922011285088956
ACH-000698,60750,0,0.0007266075699590147
ACH-000698,637858,0,0.05332566797733307
ACH-000698,6918638,0,0.000294048513751477
ACH-000698,9813758,0,0.009148841723799706
ACH-000698,9863776,0,0.03065008670091629
ACH-000698,9868037,0,0.0034389030188322067
ACH-000698,9903786,0,0.0001554150803713128
ACH-000698,9931953,0,0.01463018823415041
ACH-000698,9952773,0,0.00030495066312141716
ACH-000698,9956119,0,0.08995750546455383
ACH-000699,10074640,0,0.003766505280509591
ACH-000699,10196499,0,0.25900697708129883
ACH-000699,10384072,0,0.0064836787059903145
ACH-000699,11373846,0,0.00024298435891978443
ACH-000699,11617559,0,0.0029347382951527834
ACH-000699,11667893,0,0.10582175105810165
ACH-000699,1401,1,0.008335194550454617
ACH-000699,176167,0,0.0037218215875327587
ACH-000699,17755052,0,0.012581033632159233
ACH-000699,216326,0,0.001983633264899254
ACH-000699,24756910,0,0.0004175471840426326
ACH-000699,24951314,0,4.583942791214213e-05
ACH-000699,25022668,0,0.016599683091044426
ACH-000699,25124816,1,0.2272823303937912
ACH-000699,25195352,0,0.00048716540914028883
ACH-000699,25222038,0,0.006624159868806601
ACH-000699,2726824,0,0.022805213928222656
ACH-000699,3005532,0,0.03682314231991768
ACH-000699,3385,0,0.0008498195093125105
ACH-000699,46930998,0,0.024944348260760307
ACH-000699,5208,0,0.018030216917395592
ACH-000699,521106,0,0.0021133823320269585
ACH-000699,5460769,0,0.02272128313779831
ACH-000699,5746,0,0.008452193811535835
ACH-000699,60750,0,0.002250076038762927
ACH-000699,6450551,0,0.0012623949442058802
ACH-000699,65110,0,0.001057374756783247
ACH-000699,6753378,0,0.00030854184296913445
ACH-000699,82146,0,0.026757333427667618
ACH-000699,84691,0,0.003793952986598015
ACH-000699,9810884,0,0.007454851176589727
ACH-000699,9858940,0,0.017292054370045662
ACH-000699,9910224,0,0.0011094554793089628
ACH-000702,10109823,0,0.0035024562384933233
ACH-000702,10302451,0,0.007849832996726036
ACH-000702,10384072,0,0.044371381402015686
ACH-000702,10459196,0,0.06563759595155716
ACH-000702,104842,0,0.051554273813962936
ACH-000702,11152667,0,0.3087402880191803
ACH-000702,11327430,0,0.039619721472263336
ACH-000702,11338033,0,0.00818235520273447
ACH-000702,11609586,0,0.11790066957473755
ACH-000702,11647372,0,0.003988680895417929
ACH-000702,11844351,0,0.005066610872745514
ACH-000702,1401,0,0.24868646264076233
ACH-000702,16038120,0,0.008573188446462154
ACH-000702,16747388,0,0.1424221396446228
ACH-000702,176158,0,0.022867241874337196
ACH-000702,176167,0,0.04008125141263008
ACH-000702,20635522,0,0.002255241619423032
ACH-000702,216326,0,0.5019140243530273
ACH-000702,24756910,0,0.04462098702788353
ACH-000702,24772860,0,0.005644439719617367
ACH-000702,24951314,0,0.03621622920036316
ACH-000702,25126798,1,0.271313339471817
ACH-000702,3062316,0,0.007710262667387724
ACH-000702,387447,0,0.01378561183810234
ACH-000702,4261,0,0.021401917561888695
ACH-000702,4263900,0,0.01133034285157919
ACH-000702,44137675,0,0.008544662036001682
ACH-000702,44462760,0,0.07730359584093094
ACH-000702,444795,1,0.3433946967124939
ACH-000702,46883536,0,0.27457118034362793
ACH-000702,46885626,0,0.5553711652755737
ACH-000702,51371303,0,0.059031516313552856
ACH-000702,5208,0,0.004635910503566265
ACH-000702,5328940,0,0.12526018917560577
ACH-000702,5329102,0,0.002766408957540989
ACH-000702,53394750,0,0.6747823357582092
ACH-000702,5384616,0,0.020110946148633957
ACH-000702,5459322,0,0.02057374268770218
ACH-000702,5460769,0,0.023893045261502266
ACH-000702,5494449,0,0.03852993622422218
ACH-000702,560326,0,0.04439838230609894
ACH-000702,60750,0,0.0021943433675915003
ACH-000702,637858,0,0.03596068546175957
ACH-000702,66577006,0,0.11578144133090973
ACH-000702,6914657,0,0.003803232917562127
ACH-000702,6918638,0,0.06934706121683121
ACH-000702,9884685,0,0.003568636253476143
ACH-000703,11152667,0,0.0004512869636528194
ACH-000703,11338033,0,7.638574606971815e-05
ACH-000703,11404337,0,1.0278528861817904e-05
ACH-000703,11485656,0,0.0042063700966537
ACH-000703,11625818,0,0.012240837328135967
ACH-000703,11626927,0,0.0007464848458766937
ACH-000703,11647372,0,0.0005029020830988884
ACH-000703,16760646,0,0.0012019313871860504
ACH-000703,176158,0,0.0004177878436166793
ACH-000703,24772860,0,1.4295125765784178e-05
ACH-000703,24951314,0,0.0013430025428533554
ACH-000703,25167777,0,0.0007522376836277544
ACH-000703,25195352,0,2.393135946476832e-05
ACH-000703,31703,0,6.599911102966871e-06
ACH-000703,44462760,0,0.00021303027460817248
ACH-000703,444795,0,0.029448168352246284
ACH-000703,44819241,0,0.012789929285645485
ACH-000703,46885626,0,0.0290435329079628
ACH-000703,49806720,0,0.03361373767256737
ACH-000703,4993,0,0.0006447001942433417
ACH-000703,5291,0,0.0004939862410537899
ACH-000703,5329102,0,7.1038266469258815e-06
ACH-000703,53302361,0,0.00010631596524035558
ACH-000703,5459322,0,0.0018593496643006802
ACH-000703,54676905,0,0.008617433719336987
ACH-000703,6253,0,0.0006503000622615218
ACH-000703,6914657,0,5.7488596212351695e-05
ACH-000703,82146,0,0.00022268520842771977
ACH-000703,9810884,0,0.7087554931640625
ACH-000703,9858940,0,0.004432776011526585
ACH-000703,9911830,0,0.0022202758118510246
ACH-000704,10027278,0,0.000184807984624058
ACH-000704,10113978,0,0.00043811864452436566
ACH-000704,10200390,0,2.522489012335427e-05
ACH-000704,10341154,0,0.008526070974767208
ACH-000704,104842,0,0.00554381450638175
ACH-000704,11316960,0,0.011132558807730675
ACH-000704,11609586,0,0.01468855980783701
ACH-000704,11624601,0,0.03581688180565834
ACH-000704,11634725,0,4.454157897271216e-05
ACH-000704,11667893,0,0.025763802230358124
ACH-000704,11707110,0,0.0059906113892793655
ACH-000704,123631,1,0.040457505732774734
ACH-000704,148124,0,0.002469664439558983
ACH-000704,156422,0,0.06030843406915665
ACH-000704,216326,0,0.029651213437318802
ACH-000704,24180719,0,0.022808030247688293
ACH-000704,24772860,0,8.128235094773117e-06
ACH-000704,24785538,0,0.0004057660116814077
ACH-000704,25126798,0,0.130121111869812
ACH-000704,3218,0,0.0024592832196503878
ACH-000704,3385,0,0.0006656769546680152
ACH-000704,4263900,0,0.00017207107157446444
ACH-000704,44224160,0,0.00012592978600878268
ACH-000704,44462760,0,0.0006171659915708005
ACH-000704,447912,0,0.007119034882634878
ACH-000704,5208,0,0.00029443620587699115
ACH-000704,5289247,0,0.009147766046226025
ACH-000704,53340664,0,2.8086562451790087e-05
ACH-000704,56965967,0,0.0002731887507252395
ACH-000704,6445562,0,0.008153965696692467
ACH-000704,6450551,0,0.00011863108375109732
ACH-000704,6505803,0,0.0005242282059043646
ACH-000704,65110,0,0.015914201736450195
ACH-000704,6753378,0,0.004806669894605875
ACH-000704,6852167,0,0.0021557523868978024
ACH-000704,6918454,0,0.0008460612734779716
ACH-000704,9903786,0,0.00015515698760282248
ACH-000704,9952773,0,0.00015172224084381014
ACH-000706,10077147,0,0.001228561159223318
ACH-000706,10127622,0,0.21149121224880219
ACH-000706,10172943,0,0.03495550900697708
ACH-000706,10390396,0,0.055652398616075516
ACH-000706,104842,0,0.013068188913166523
ACH-000706,11327430,0,0.007823129184544086
ACH-000706,11404337,0,0.009855047799646854
ACH-000706,11485656,0,0.00264150183647871
ACH-000706,11609586,0,0.043855682015419006
ACH-000706,11626560,0,0.014053666964173317
ACH-000706,11754511,0,0.0006691722082905471
ACH-000706,160355,0,0.014603286050260067
ACH-000706,16725726,0,0.10450498759746552
ACH-000706,16747388,0,0.0008999543497338891
ACH-000706,17755052,0,0.010595167987048626
ACH-000706,216326,0,0.022613322362303734
ACH-000706,2314623,0,0.35426804423332214
ACH-000706,24180719,0,0.05746367573738098
ACH-000706,25222038,0,0.004759168718010187
ACH-000706,25262965,0,0.004036781378090382
ACH-000706,3062316,0,0.2182721495628357
ACH-000706,4261,0,0.02235802449285984
ACH-000706,44224160,0,0.00019928380788769573
ACH-000706,444795,0,0.042944468557834625
ACH-000706,446378,0,0.08690506219863892
ACH-000706,46224516,0,0.00023062652326188982
ACH-000706,462382,0,0.1500120460987091
ACH-000706,46883536,0,0.0036159739829599857
ACH-000706,49836027,0,0.061179883778095245
ACH-000706,5208,0,0.008600446395576
ACH-000706,5278396,0,0.007470420096069574
ACH-000706,53302361,0,0.010931577533483505
ACH-000706,5330286,0,0.009405123069882393
ACH-000706,53340664,0,0.00030572060495615005
ACH-000706,5460769,0,0.07394932955503464
ACH-000706,644215,0,0.03574303165078163
ACH-000706,6505803,0,0.07520346343517303
ACH-000706,6918638,0,0.0002617217833176255
ACH-000706,9813758,0,0.006333301309496164
ACH-000706,9910224,0,0.004822832532227039
ACH-000706,9911830,0,0.001964109018445015
ACH-000713,11625818,0,0.054238107055425644
ACH-000713,11634725,0,0.00015136344882193953
ACH-000713,2375,0,0.14272604882717133
ACH-000713,24756910,0,0.02419317327439785
ACH-000713,24772860,0,0.0001807450462365523
ACH-000713,24785538,0,0.0014164660824462771
ACH-000713,24894414,0,0.1592637002468109
ACH-000713,24951314,0,0.015490807592868805
ACH-000713,25222038,0,0.00017502180708106607
ACH-000713,44551660,0,0.0040986621752381325
ACH-000713,54676905,0,0.08011803030967712
ACH-000713,560326,0,0.07657104730606079
ACH-000713,6445533,0,0.022481519728899002
ACH-000713,6918848,0,0.004152795299887657
ACH-000713,9813758,0,0.018861310556530952
ACH-000713,9952773,0,0.004052239470183849
ACH-000714,11493598,1,0.01309996098279953
ACH-000714,11609586,0,0.041057489812374115
ACH-000714,11667893,0,0.03678761050105095
ACH-000714,126565,0,0.007196247112005949
ACH-000714,156422,0,0.032359275966882706
ACH-000714,16747388,0,0.010777782648801804
ACH-000714,176167,0,0.08141281455755234
ACH-000714,17755052,0,0.08099415153265
ACH-000714,3796,0,0.019516870379447937
ACH-000714,44450571,0,0.07160790264606476
ACH-000714,44462760,0,0.0016176237259060144
ACH-000714,46191454,0,0.425276517868042
ACH-000714,46930998,0,0.17775078117847443
ACH-000714,46943432,1,0.702705979347229
ACH-000714,51371303,0,0.12558847665786743
ACH-000714,5278396,0,0.016405656933784485
ACH-000714,5327091,0,0.006163676735013723
ACH-000714,53340664,0,0.016349956393241882
ACH-000714,6918638,0,0.09776594489812851
ACH-000714,71271629,0,0.04019816592335701
ACH-000714,84691,0,0.009202515706419945
ACH-000714,9810884,1,0.992142915725708
ACH-000714,9863776,0,0.0008989472989924252
ACH-000714,9911830,0,0.03486552834510803
ACH-000714,9943465,0,0.025962797924876213
ACH-000716,10096043,0,0.725740909576416
ACH-000716,11152667,0,0.03645734116435051
ACH-000716,11178236,0,0.018668122589588165
ACH-000716,11316960,1,0.22443269193172455
ACH-000716,11455910,0,0.22420458495616913
ACH-000716,11625818,0,0.018604980781674385
ACH-000716,11634725,0,0.1584041565656662
ACH-000716,11667893,0,0.17978954315185547
ACH-000716,11960529,0,0.06303972005844116
ACH-000716,123631,0,0.19655120372772217
ACH-000716,159324,0,0.5334864258766174
ACH-000716,16722836,0,0.009416199289262295
ACH-000716,16747388,0,0.07938506454229355
ACH-000716,176158,0,0.25331175327301025
ACH-000716,24772860,0,0.0012229355052113533
ACH-000716,24826799,0,0.35941383242607117
ACH-000716,24951314,0,0.0023583117872476578
ACH-000716,25102847,0,0.16392792761325836
ACH-000716,25126798,0,0.025571439415216446
ACH-000716,25167777,0,0.018915830180048943
ACH-000716,25257557,1,0.7143210172653198
ACH-000716,3218,0,0.12536032497882843
ACH-000716,3463933,0,0.1606811136007309
ACH-000716,44182295,1,0.35711127519607544
ACH-000716,44224160,0,0.004444516263902187
ACH-000716,44450571,0,0.11745157837867737
ACH-000716,44462760,0,0.4091712534427643
ACH-000716,44632017,0,0.1248132586479187
ACH-000716,446378,1,0.23771516978740692
ACH-000716,447912,0,0.022006887942552567
ACH-000716,46191454,0,0.0058060297742486
ACH-000716,46224516,0,0.0025496508460491896
ACH-000716,46843772,0,0.05483746901154518
ACH-000716,49806720,0,0.049217093735933304
ACH-000716,5330286,1,0.03900846466422081
ACH-000716,53394750,1,0.11923269927501678
ACH-000716,60750,0,0.25494489073753357
ACH-000716,6253,0,0.0888049378991127
ACH-000716,6918289,0,0.0838811844587326
ACH-000716,6918848,0,0.0014463085681200027
ACH-000716,8249,0,0.023521820083260536
ACH-000716,9826528,1,0.3363405466079712
ACH-000716,9910224,0,0.014544297009706497
ACH-000716,9911830,0,0.07750878483057022
ACH-000717,10113978,0,8.498915121890604e-05
ACH-000717,10127622,0,0.006533356849104166
ACH-000717,10184653,0,0.07269203662872314
ACH-000717,10196499,0,0.00012872352090198547
ACH-000717,104842,0,0.0001488576381234452
ACH-000717,11282283,0,0.16011746227741241
ACH-000717,11404337,0,2.9791177439619787e-05
ACH-000717,11455910,0,0.0011198208667337894
ACH-000717,11617559,0,0.07904011011123657
ACH-000717,11624601,0,0.0020718537271022797
ACH-000717,11625818,0,0.011156732216477394
ACH-000717,11707110,0,0.007069011684507132
ACH-000717,123631,0,0.007041146047413349
ACH-000717,159324,0,6.525975913973525e-05
ACH-000717,2375,0,0.0027121114544570446
ACH-000717,24772860,0,9.62711146712536e-06
ACH-000717,24978538,0,0.26592934131622314
ACH-000717,300471,0,0.00034080439945682883
ACH-000717,3385,0,0.0003294066700618714
ACH-000717,44137675,0,0.0006936262361705303
ACH-000717,44143370,0,0.010253923945128918
ACH-000717,44182295,0,0.0002813652972690761
ACH-000717,44819241,0,0.0026331162080168724
ACH-000717,46907787,0,0.0001534243783680722
ACH-000717,5278396,0,0.00016081547073554248
ACH-000717,5289247,0,0.038157861679792404
ACH-000717,5311,0,0.0012377169914543629
ACH-000717,53340664,0,2.7066176699008793e-05
ACH-000717,54685215,0,0.00026199090643785894
ACH-000717,56962337,0,0.0025643811095505953
ACH-000717,60750,0,2.2109134079073556e-05
ACH-000717,644241,0,0.000667703163344413
ACH-000717,6445562,0,0.06244965270161629
ACH-000717,6450816,0,0.00012668495764955878
ACH-000717,65110,0,0.0016750185750424862
ACH-000717,6710780,0,0.00023635431716684252
ACH-000717,6914657,0,0.00011431429447839037
ACH-000717,6918638,0,0.0008415598422288895
ACH-000717,9858940,0,0.005573702976107597
ACH-000717,9868037,0,0.003587069222703576
ACH-000717,9938202,0,0.011430881917476654
ACH-000717,9956222,0,5.17878434038721e-05
ACH-000718,10077147,0,9.349476749775931e-05
ACH-000718,10113978,0,9.715514170238748e-05
ACH-000718,10459196,0,0.0128194410353899
ACH-000718,11373846,0,0.0001846787054091692
ACH-000718,11455910,0,0.05173800513148308
ACH-000718,11485656,0,0.00010658598330337554
ACH-000718,11640390,0,0.004192069638520479
ACH-000718,11960529,0,0.012449752539396286
ACH-000718,126565,0,0.003613523207604885
ACH-000718,126941,0,0.006397289223968983
ACH-000718,16722836,0,1.299459381698398e-05
ACH-000718,216326,0,0.008622800000011921
ACH-000718,24776445,0,0.0007389068487100303
ACH-000718,24951314,0,2.5332101358799264e-06
ACH-000718,25167777,0,4.1332023101858795e-06
ACH-000718,25257557,0,0.03947022557258606
ACH-000718,2733526,0,0.008449653163552284
ACH-000718,3218,0,0.004310424905270338
ACH-000718,3463933,0,0.05979807674884796
ACH-000718,44182295,1,0.7450032234191895
ACH-000718,446378,0,0.001923183910548687
ACH-000718,46191454,0,1.9197723304387182e-05
ACH-000718,46907787,0,5.39702050446067e-05
ACH-000718,5208,0,9.50604589888826e-05
ACH-000718,5289247,0,0.010835091583430767
ACH-000718,5311,0,0.0005187762435525656
ACH-000718,5394,0,0.03253369405865669
ACH-000718,560326,0,4.5696790039073676e-05
ACH-000718,57339144,0,0.013556313700973988
ACH-000718,5746,0,0.0018067789496853948
ACH-000718,644241,0,0.011961132287979126
ACH-000718,6445533,0,0.0003861946752294898
ACH-000718,6505803,0,0.01973077841103077
ACH-000718,71271629,0,0.0034529489930719137
ACH-000718,9884685,0,7.199172387117869e-07
ACH-000718,9903786,0,9.087283615372144e-06
ACH-000718,9931953,0,0.008258086629211903
ACH-000719,10096043,0,0.0033650400582700968
ACH-000719,10184653,0,0.544075071811676
ACH-000719,10341154,0,0.016096657142043114
ACH-000719,11282283,0,0.1723230928182602
ACH-000719,11373846,0,0.05856921523809433
ACH-000719,11617559,0,0.10653383284807205
ACH-000719,123631,0,0.4475288689136505
ACH-000719,16722836,0,0.012227358296513557
ACH-000719,16725726,0,0.5123355984687805
ACH-000719,25222038,0,0.0031283325515687466
ACH-000719,2733526,0,0.06244698911905289
ACH-000719,300471,0,0.03797401487827301
ACH-000719,3005532,0,0.030348362401127815
ACH-000719,3463933,0,0.2887682020664215
ACH-000719,36462,0,0.0022610861342400312
ACH-000719,3796,1,0.5575719475746155
ACH-000719,4263900,0,0.003536079078912735
ACH-000719,44137675,0,0.09294715523719788
ACH-000719,54685215,0,0.04030295088887215
ACH-000719,56965967,0,0.01849398761987686
ACH-000719,6450551,0,0.002463974989950657
ACH-000719,6450816,0,0.026355387642979622
ACH-000719,65110,0,0.012168198823928833
ACH-000719,82146,0,0.01729939877986908
ACH-000719,9810884,0,0.3801410496234894
ACH-000719,9863776,1,0.04162733629345894
ACH-000719,9868037,0,0.023253988474607468
ACH-000719,9956119,0,0.5290823578834534
ACH-000719,9956222,0,0.012947684153914452
ACH-000720,10077147,0,0.006208357401192188
ACH-000720,10096043,0,0.004601951688528061
ACH-000720,10113978,0,0.13391946256160736
ACH-000720,11327430,0,0.011540294624865055
ACH-000720,11634725,0,0.0016383405309170485
ACH-000720,11640390,0,0.026581039652228355
ACH-000720,11707110,0,0.05351625382900238
ACH-000720,11977753,0,0.009057463146746159
ACH-000720,16720766,0,0.016747726127505302
ACH-000720,16722836,0,0.0005395225598476827
ACH-000720,24826799,0,0.018100129440426826
ACH-000720,24951314,0,0.0001349435915471986
ACH-000720,24978538,0,0.018709976226091385
ACH-000720,25022668,0,0.04095255583524704
ACH-000720,3005532,1,0.04353119805455208
ACH-000720,36462,0,0.003037683665752411
ACH-000720,3796,0,0.003241118276491761
ACH-000720,42640,0,0.01240445300936699
ACH-000720,42642645,0,0.015084092505276203
ACH-000720,44224160,0,0.0003614046436268836
ACH-000720,446378,0,0.028066733852028847
ACH-000720,44819241,0,0.011907631531357765
ACH-000720,46943432,0,0.00043050991371273994
ACH-000720,5278396,0,0.015000719577074051
ACH-000720,5280757,0,0.05965884402394295
ACH-000720,53394750,0,0.00456972373649478
ACH-000720,5459322,0,0.04311048611998558
ACH-000720,5460769,0,0.023790329694747925
ACH-000720,60750,0,0.0047543286345899105
ACH-000720,9874913,0,0.006744324695318937
ACH-000722,10074640,0,0.03537573665380478
ACH-000722,10113978,0,0.006188965402543545
ACH-000722,10172943,0,0.005056578200310469
ACH-000722,10459196,0,0.004832041449844837
ACH-000722,104842,0,0.0014810297871008515
ACH-000722,11316960,0,0.1715121865272522
ACH-000722,11338033,0,0.000519902678206563
ACH-000722,11617559,0,0.03904026746749878
ACH-000722,11626927,0,0.005511761177331209
ACH-000722,11707110,1,0.8864817023277283
ACH-000722,11754511,0,0.006835591979324818
ACH-000722,160355,0,0.002776089357212186
ACH-000722,176167,0,0.11499214172363281
ACH-000722,176870,0,0.06096753478050232
ACH-000722,25126798,0,0.037124186754226685
ACH-000722,2733526,0,0.01944180764257908
ACH-000722,4263900,0,0.003308290848508477
ACH-000722,42640,0,0.006127538625150919
ACH-000722,462382,0,0.08198104053735733
ACH-000722,49836027,0,0.006976743694394827
ACH-000722,5311,0,0.008003713563084602
ACH-000722,5327091,0,0.007433109916746616
ACH-000722,53340664,0,0.0034660149831324816
ACH-000722,5460769,0,0.008222375065088272
ACH-000722,56962337,0,0.007110526319593191
ACH-000722,57339144,0,0.012646306306123734
ACH-000722,6253,0,0.00803609099239111
ACH-000722,6914657,0,0.0022451814729720354
ACH-000722,9549184,0,0.05749981850385666
ACH-000722,9810884,0,0.02059132419526577
ACH-000722,9943465,0,0.13553689420223236
ACH-000722,9952773,0,0.007040912285447121
ACH-000725,10113978,0,0.0030717095360159874
ACH-000725,10184653,1,0.2018437534570694
ACH-000725,10200390,0,0.0010937685146927834
ACH-000725,11178236,0,0.07955601066350937
ACH-000725,11338033,0,0.00414193794131279
ACH-000725,11640390,0,0.056967590004205704
ACH-000725,1401,0,0.05017024278640747
ACH-000725,148124,0,0.0043024057522416115
ACH-000725,2314623,0,0.24903903901576996
ACH-000725,24951314,0,0.017040204256772995
ACH-000725,24978538,0,0.39992350339889526
ACH-000725,25102847,0,0.0038774732965976
ACH-000725,25126798,0,0.3311738669872284
ACH-000725,25195352,0,0.008424082770943642
ACH-000725,2726824,0,0.147976353764534
ACH-000725,3218,0,0.007038142532110214
ACH-000725,3463933,0,0.04559498652815819
ACH-000725,3796,0,0.1324794739484787
ACH-000725,448013,0,0.00044071677257306874
ACH-000725,44819241,0,0.07372817397117615
ACH-000725,46224516,0,0.05136429890990257
ACH-000725,46885626,0,0.11136738210916519
ACH-000725,46930998,0,0.0390528179705143
ACH-000725,521106,0,0.0006836020038463175
ACH-000725,5311,0,0.0386352576315403
ACH-000725,53340664,0,0.0030044286977499723
ACH-000725,704473,1,0.2491949051618576
ACH-000725,82146,0,0.009168769232928753
ACH-000725,85668777,0,0.1079767495393753
ACH-000725,9910224,0,0.10145369917154312
ACH-000727,17755052,0,0.00012537457223515958
ACH-000727,2314623,0,0.03921370208263397
ACH-000727,24180719,0,0.027458127588033676
ACH-000727,25262965,0,6.488012877525762e-05
ACH-000727,44450571,0,0.028974536806344986
ACH-000727,44462760,0,0.0012009678175672889
ACH-000727,44632017,0,5.5170814448501915e-05
ACH-000727,5394,0,0.002708091866225004
ACH-000727,54685215,0,0.001443837070837617
ACH-000727,56962337,0,0.001600985648110509
ACH-000727,57339144,0,0.002336266916245222
ACH-000729,10096043,0,0.001896165544167161
ACH-000729,10390396,0,0.020662663504481316
ACH-000729,10461815,0,0.018913595005869865
ACH-000729,104842,0,0.008618740364909172
ACH-000729,11493598,0,0.021563712507486343
ACH-000729,11634725,0,0.01094200648367405
ACH-000729,11713159,0,0.002507875207811594
ACH-000729,123631,0,0.004794040694832802
ACH-000729,126941,0,0.07462897896766663
ACH-000729,16760646,0,0.0022816890850663185
ACH-000729,176158,0,0.010017267428338528
ACH-000729,23725625,0,0.0034908077213913202
ACH-000729,25195352,0,0.0011424104450270534
ACH-000729,25222038,0,0.0021768121514469385
ACH-000729,3062316,0,0.38256192207336426
ACH-000729,3385,0,0.031823959201574326
ACH-000729,36462,0,0.004406076855957508
ACH-000729,42642645,0,0.007949071936309338
ACH-000729,46844147,0,0.0036763567477464676
ACH-000729,46907787,0,0.011127212084829807
ACH-000729,46943432,0,0.12307501584291458
ACH-000729,49836027,0,0.03154868632555008
ACH-000729,4993,0,0.01337952446192503
ACH-000729,5459322,0,0.02028275467455387
ACH-000729,54676905,0,0.011238624341785908
ACH-000729,644241,0,0.13161395490169525
ACH-000729,6450551,0,0.0025666907895356417
ACH-000729,6852167,0,0.06466614454984665
ACH-000729,6918289,0,0.022751713171601295
ACH-000729,76044,0,0.0006896917475387454
ACH-000729,82146,0,0.006863764487206936
ACH-000729,9549184,0,0.834685206413269
ACH-000729,9810884,0,0.9769465327262878
ACH-000729,9910224,0,0.03539459407329559
ACH-000729,9931953,0,0.005522368010133505
ACH-000729,9938202,0,0.0018886153120547533
ACH-000729,9956222,0,0.0034570174757391214
ACH-000730,10074640,0,0.001736768172122538
ACH-000730,10077147,0,0.0006621948559768498
ACH-000730,10127622,0,0.7354661822319031
ACH-000730,10341154,0,0.0063505773432552814
ACH-000730,10459196,0,0.013866137713193893
ACH-000730,11609586,0,0.024637386202812195
ACH-000730,11647372,0,2.1423275029519573e-06
ACH-000730,11960529,1,0.03083217144012451
ACH-000730,11977753,0,0.015455838292837143
ACH-000730,24951314,0,1.1772535799536854e-05
ACH-000730,25102847,0,8.934005018090829e-05
ACH-000730,25126798,0,0.008402522653341293
ACH-000730,25257557,0,0.20019572973251343
ACH-000730,44632017,0,0.0005816191551275551
ACH-000730,447912,0,0.0006837418186478317
ACH-000730,46191454,0,0.00010324801405658945
ACH-000730,46883536,0,0.0008346344693563879
ACH-000730,46885626,0,0.0023147561587393284
ACH-000730,46931012,0,5.04875133628957e-05
ACH-000730,5289247,0,0.16240382194519043
ACH-000730,5311,0,0.0039428481832146645
ACH-000730,5327091,0,0.0051248278468847275
ACH-000730,53394750,0,0.02485084906220436
ACH-000730,5394,0,0.06878127157688141
ACH-000730,54685215,0,0.008891367353498936
ACH-000730,6253,0,0.02116544172167778
ACH-000730,637858,0,0.04789126664400101
ACH-000730,644241,0,0.09057127684354782
ACH-000730,65110,0,0.017071973532438278
ACH-000730,6852167,0,0.0001608430757187307
ACH-000730,6918454,1,0.9822330474853516
ACH-000730,6918638,0,5.929142935201526e-05
ACH-000730,6918848,0,7.064182864269242e-05
ACH-000730,71271629,0,0.025732964277267456
ACH-000730,84691,0,0.01775958202779293
ACH-000730,9813758,0,0.00041740131564438343
ACH-000730,9858940,0,0.017855895683169365
ACH-000730,9874913,0,0.000638603582046926
ACH-000730,9967941,0,0.0012954521225765347
ACH-000733,10077147,0,1.2812217391910963e-05
ACH-000733,10200390,0,4.478100890992209e-06
ACH-000733,11373846,0,0.0001438428444089368
ACH-000733,11404337,0,5.2761090046260506e-05
ACH-000733,11433190,0,0.0052559757605195045
ACH-000733,11455910,0,0.027265550568699837
ACH-000733,11485656,0,2.8496517188614234e-05
ACH-000733,11617559,0,0.001126316376030445
ACH-000733,11624601,0,0.01585589535534382
ACH-000733,11634725,0,3.263323014834896e-05
ACH-000733,11647372,0,8.721848644199781e-06
ACH-000733,11667893,0,0.023439059033989906
ACH-000733,11707110,0,0.08767564594745636
ACH-000733,11713159,0,6.45123072899878e-05
ACH-000733,11754511,0,1.354098549199989e-05
ACH-000733,126941,0,0.0007411963888444006
ACH-000733,1401,0,0.0014466156717389822
ACH-000733,16720766,0,0.0023514244239777327
ACH-000733,16725726,0,0.026590565219521523
ACH-000733,20635522,0,1.456751942896517e-05
ACH-000733,24756910,0,2.8704513169941492e-05
ACH-000733,24978538,0,0.008111454546451569
ACH-000733,25022668,0,4.130167144467123e-05
ACH-000733,25195352,0,4.961939794156933e-06
ACH-000733,25222038,0,2.3303817215492018e-05
ACH-000733,3463933,0,0.051515765488147736
ACH-000733,387447,0,0.005544035695493221
ACH-000733,4261,0,0.00012697884812951088
ACH-000733,42640,0,0.0032873793970793486
ACH-000733,44224160,0,2.653323008416919e-06
ACH-000733,44819241,0,0.001440200605429709
ACH-000733,46885626,0,0.0001006517923087813
ACH-000733,51371303,0,0.012329176999628544
ACH-000733,5278396,1,0.0001382593618473038
ACH-000733,5280757,0,0.001513004652224481
ACH-000733,5289247,0,0.003079398535192013
ACH-000733,5459322,0,0.00884604174643755
ACH-000733,5494449,0,1.646618875383865e-05
ACH-000733,56962337,0,0.0008542670402675867
ACH-000733,637858,0,0.0030628663953393698
ACH-000733,6445562,0,0.0035233248490840197
ACH-000733,6918638,0,1.2309837984503247e-05
ACH-000733,6918848,0,1.168820836028317e-05
ACH-000733,704473,0,0.001600193907506764
ACH-000733,85668777,0,0.4069071412086487
ACH-000733,9549184,0,0.005280482117086649
ACH-000733,9858940,0,0.005072219762951136
ACH-000733,9903786,0,6.271861366258236e-06
ACH-000733,9911830,0,1.079487719835015e-05
ACH-000738,10074640,0,0.24194815754890442
ACH-000738,10077147,0,0.03358907252550125
ACH-000738,10109823,0,0.31448107957839966
ACH-000738,10113978,1,0.3425973057746887
ACH-000738,10127622,0,0.07794386148452759
ACH-000738,10172943,0,0.12419133633375168
ACH-000738,10390396,1,0.5683557987213135
ACH-000738,11152667,0,0.029960865154862404
ACH-000738,11178236,0,0.010925449430942535
ACH-000738,11404337,0,0.17515777051448822
ACH-000738,11676786,0,0.15342359244823456
ACH-000738,11707110,0,0.24474230408668518
ACH-000738,126565,0,0.047851841896772385
ACH-000738,159324,0,0.3502476215362549
ACH-000738,16760646,0,0.022193321958184242
ACH-000738,176158,0,0.07152504473924637
ACH-000738,17755052,0,0.028962761163711548
ACH-000738,216239,0,0.34279847145080566
ACH-000738,216326,0,0.03262249007821083
ACH-000738,24756910,0,0.10730886459350586
ACH-000738,24951314,1,0.04315631836652756
ACH-000738,2733526,0,0.02325579710304737
ACH-000738,300471,0,0.02194429561495781
ACH-000738,3218,0,0.015307784080505371
ACH-000738,36314,0,0.28004923462867737
ACH-000738,44137675,0,0.09220777451992035
ACH-000738,44182295,0,0.03970043361186981
ACH-000738,44450571,0,0.03758314996957779
ACH-000738,44551660,0,0.06284349411725998
ACH-000738,447912,0,0.09591981768608093
ACH-000738,46191454,0,0.08952172100543976
ACH-000738,462382,0,0.03549792990088463
ACH-000738,46885626,0,0.3020503520965576
ACH-000738,49836027,0,0.194813534617424
ACH-000738,521106,1,0.0686822310090065
ACH-000738,5289247,0,0.09061285853385925
ACH-000738,5330286,0,0.030914442613720894
ACH-000738,5717801,0,0.018185580149292946
ACH-000738,644241,0,0.186142235994339
ACH-000738,6710780,0,0.02185356616973877
ACH-000738,6753378,0,0.055984511971473694
ACH-000738,84691,1,0.02068290486931801
ACH-000738,9914412,0,0.056768883019685745
ACH-000740,10077147,0,0.0018943182658404112
ACH-000740,10109823,0,0.007099452894181013
ACH-000740,10113978,0,0.0244126059114933
ACH-000740,10302451,0,0.10716840624809265
ACH-000740,10461815,0,0.07876434177160263
ACH-000740,11282283,0,0.1628302037715912
ACH-000740,11373846,0,0.0007993527688086033
ACH-000740,11485656,0,0.005239095073193312
ACH-000740,11493598,0,0.00039612592081539333
ACH-000740,11625818,0,0.005604163743555546
ACH-000740,11626927,0,0.02360556647181511
ACH-000740,11977753,0,0.04345778003334999
ACH-000740,123631,0,0.09340878576040268
ACH-000740,1401,0,0.08365379273891449
ACH-000740,16720766,0,0.13880378007888794
ACH-000740,216239,0,0.0032156542874872684
ACH-000740,24756910,0,0.000925011932849884
ACH-000740,24785538,0,0.007692378014326096
ACH-000740,25262965,0,0.009616688825190067
ACH-000740,3218,0,0.02642691694200039
ACH-000740,44551660,0,0.00013391044922173023
ACH-000740,44632017,0,0.04389902949333191
ACH-000740,447912,0,0.00867069698870182
ACH-000740,46883536,0,0.005576788447797298
ACH-000740,46885626,0,0.0031691757030785084
ACH-000740,46907787,0,0.04991568624973297
ACH-000740,46930998,0,0.038312043994665146
ACH-000740,46943432,0,0.00034897265140898526
ACH-000740,5113032,0,0.037017952650785446
ACH-000740,5311497,1,0.008081591688096523
ACH-000740,5311510,0,0.1392126828432083
ACH-000740,5330286,0,0.005248569417744875
ACH-000740,54685215,0,0.14553514122962952
ACH-000740,57339144,0,0.08713279664516449
ACH-000740,644241,0,0.022902758792042732
ACH-000740,6753378,0,0.00153419841080904
ACH-000740,71271629,0,0.03206343948841095
ACH-000740,76044,0,0.0003002242592629045
ACH-000740,82146,0,0.11588774621486664
ACH-000740,9826308,0,0.00030837743543088436
ACH-000740,9826528,0,0.000804673763923347
ACH-000740,9858940,0,0.103348508477211
ACH-000740,9868037,0,0.007609174121171236
ACH-000740,9931953,0,0.14264245331287384
ACH-000740,9952773,0,0.000723934848792851
ACH-000740,9956222,0,0.0011612860253080726
ACH-000743,10027278,0,4.1630912164691836e-05
ACH-000743,10074640,0,0.0007506028632633388
ACH-000743,10077147,0,0.00012472887465264648
ACH-000743,10196499,0,0.0001631114282645285
ACH-000743,11178236,0,0.004034117329865694
ACH-000743,11754511,0,0.0011997059918940067
ACH-000743,11960529,0,0.0012015239335596561
ACH-000743,156422,0,0.010999572463333607
ACH-000743,24785538,0,0.00019416777649894357
ACH-000743,24826799,0,1.8988819647347555e-05
ACH-000743,25167777,0,0.00024213861615862697
ACH-000743,25222038,0,8.020280802156776e-06
ACH-000743,2733526,0,0.0076892804354429245
ACH-000743,3463933,0,0.007462719921022654
ACH-000743,36314,0,0.00011410977458581328
ACH-000743,444795,0,0.038325004279613495
ACH-000743,447912,0,0.009267487563192844
ACH-000743,44819241,0,0.01015583798289299
ACH-000743,46844147,0,0.0004501752264332026
ACH-000743,46885626,0,0.01615588180720806
ACH-000743,49806720,0,0.5224192142486572
ACH-000743,51371303,0,0.01848870888352394
ACH-000743,5311510,0,0.00036309941788204014
ACH-000743,53340664,0,9.110717655858025e-05
ACH-000743,5459322,0,0.00725666806101799
ACH-000743,54685215,0,0.0010290277423337102
ACH-000743,560326,0,0.00022937894391361624
ACH-000743,56962337,0,0.009909004904329777
ACH-000743,5746,0,0.0005127141484990716
ACH-000743,6253,0,0.0009410989587195218
ACH-000743,637858,0,0.0034135463647544384
ACH-000743,644241,0,0.0025731727946549654
ACH-000743,6445533,0,0.00208547106012702
ACH-000743,6450551,0,3.962399932788685e-05
ACH-000743,6918638,0,0.001630190177820623
ACH-000743,9826528,0,0.0022518031764775515
ACH-000743,9863776,0,0.0016327524790540338
ACH-000743,9868037,0,0.007370980456471443
ACH-000743,9874913,0,0.06796666979789734
ACH-000743,9931953,0,0.0012889280915260315
ACH-000743,9938202,0,0.015389608219265938
ACH-000743,9956222,0,0.00012052281090291217
ACH-000744,10109823,0,0.0059128738939762115
ACH-000744,10196499,0,0.08244618773460388
ACH-000744,11327430,0,0.08032863587141037
ACH-000744,11373846,0,0.0006170706474222243
ACH-000744,11433190,0,0.024166762828826904
ACH-000744,11493598,0,0.00017177173867821693
ACH-000744,11647372,0,0.005151346791535616
ACH-000744,126941,0,0.01938834972679615
ACH-000744,16720766,0,0.03710765391588211
ACH-000744,16725726,0,0.12006620317697525
ACH-000744,23725625,0,0.07220887392759323
ACH-000744,24785538,0,0.0023684664629399776
ACH-000744,24826799,0,0.0007311967201530933
ACH-000744,25262965,0,0.18381372094154358
ACH-000744,2733526,0,0.23259831964969635
ACH-000744,3218,0,0.010653083212673664
ACH-000744,3463933,0,0.034535001963377
ACH-000744,446378,0,0.019496707245707512
ACH-000744,46883536,0,0.00411428976804018
ACH-000744,5280757,0,0.033727601170539856
ACH-000744,5289247,0,0.0009377035894431174
ACH-000744,5394,0,0.036260176450014114
ACH-000744,5460769,0,0.013170475140213966
ACH-000744,560326,0,0.04476772993803024
ACH-000744,637858,0,0.013446169905364513
ACH-000744,6445533,0,0.011675109155476093
ACH-000744,6445562,0,0.002913322299718857
ACH-000744,66577006,0,0.006412616930902004
ACH-000744,6918638,0,0.0004416852898430079
ACH-000744,6918848,0,0.00029567451565526426
ACH-000744,9874913,0,0.01649567112326622
ACH-000744,9911830,0,0.0037423809990286827
ACH-000744,9956119,0,0.18367604911327362
ACH-000745,10172943,1,0.2788355350494385
ACH-000745,10302451,0,0.1879129707813263
ACH-000745,10459196,0,0.10290200263261795
ACH-000745,10461815,0,0.3539310693740845
ACH-000745,11373846,1,0.8531596660614014
ACH-000745,11485656,0,0.43044576048851013
ACH-000745,11609586,0,0.09978622198104858
ACH-000745,11676786,1,0.40378355979919434
ACH-000745,126565,0,0.2339286357164383
ACH-000745,148124,0,0.03435514494776726
ACH-000745,16747388,1,0.8954528570175171
ACH-000745,176167,0,0.33974987268447876
ACH-000745,23725625,0,0.20465326309204102
ACH-000745,24772860,0,0.8687077760696411
ACH-000745,24825971,0,0.1914280652999878
ACH-000745,25257557,1,0.991063117980957
ACH-000745,25262965,0,0.35137781500816345
ACH-000745,3005532,0,0.10217240452766418
ACH-000745,31703,0,0.03707943484187126
ACH-000745,44551660,0,0.8644084930419922
ACH-000745,446378,0,0.07113253325223923
ACH-000745,44819241,0,0.11611051857471466
ACH-000745,46844147,1,0.3962264955043793
ACH-000745,49836027,1,0.0828741043806076
ACH-000745,4993,0,0.07605641335248947
ACH-000745,5208,1,0.16256895661354065
ACH-000745,5278396,0,0.20481185615062714
ACH-000745,5311510,0,0.1537194401025772
ACH-000745,5330286,0,0.24267025291919708
ACH-000745,56965967,1,0.7861402630805969
ACH-000745,5746,0,0.08404820412397385
ACH-000745,60750,0,0.0568871796131134
ACH-000745,6505803,0,0.020841898396611214
ACH-000745,6914657,0,0.04517359659075737
ACH-000745,6918638,1,0.7916397452354431
ACH-000745,76044,0,0.14210976660251617
ACH-000745,9813758,1,0.7132205963134766
ACH-000745,9858940,1,0.12724532186985016
ACH-000745,9884685,1,0.8858593702316284
ACH-000745,9910224,1,0.5757172107696533
ACH-000745,9943465,0,0.09906765818595886
ACH-000745,9967941,1,0.271529883146286
ACH-000748,10459196,0,0.05656735971570015
ACH-000748,10461815,0,0.06460067629814148
ACH-000748,11404337,0,0.031038668006658554
ACH-000748,11485656,0,0.0092663848772645
ACH-000748,11609586,0,0.015588514506816864
ACH-000748,11634725,0,0.1226525604724884
ACH-000748,11647372,0,0.00021159624157007784
ACH-000748,11713159,0,0.009323871694505215
ACH-000748,11754511,0,0.0017998976400122046
ACH-000748,148124,1,0.017858153209090233
ACH-000748,16038120,0,0.03460848703980446
ACH-000748,16095342,1,0.051650065928697586
ACH-000748,176158,0,0.015847384929656982
ACH-000748,176167,0,0.0410180389881134
ACH-000748,17755052,0,0.001791240880265832
ACH-000748,24756910,0,0.0018006996251642704
ACH-000748,25126798,0,0.0708392933011055
ACH-000748,25167777,0,0.0004924498498439789
ACH-000748,25262965,0,0.001790169277228415
ACH-000748,4263900,1,0.005940849427133799
ACH-000748,42640,0,0.01841285265982151
ACH-000748,44143370,0,0.019602637737989426
ACH-000748,46844147,0,0.003691481426358223
ACH-000748,46883536,0,0.013867495581507683
ACH-000748,46907787,0,0.007145258132368326
ACH-000748,46931012,0,0.00045147648779675364
ACH-000748,5311,0,0.014729457907378674
ACH-000748,5311497,0,0.009638533927500248
ACH-000748,5311510,0,0.018663806840777397
ACH-000748,5329102,0,0.006237699184566736
ACH-000748,5459322,0,0.12973278760910034
ACH-000748,56962337,0,0.0419541671872139
ACH-000748,5746,0,0.04122258350253105
ACH-000748,637858,0,0.06394839286804199
ACH-000748,6753378,0,0.017329758033156395
ACH-000748,6852167,0,0.00280018406920135
ACH-000748,6918289,0,0.06550651788711548
ACH-000748,6918454,0,0.33353951573371887
ACH-000748,71271629,0,0.016049331054091454
ACH-000748,82146,0,0.01792692020535469
ACH-000748,85668777,0,0.17241597175598145
ACH-000748,9874913,0,0.03510410711169243
ACH-000748,9911830,0,0.008307941257953644
ACH-000748,9931953,0,0.018013181164860725
ACH-000748,9956222,0,0.00017886876594275236
ACH-000748,9967941,0,0.05879243463277817
ACH-000749,10074640,1,0.14628398418426514
ACH-000749,10127622,0,0.10354165732860565
ACH-000749,11152667,0,0.021240059286355972
ACH-000749,11373846,0,0.2253827303647995
ACH-000749,11433190,0,0.17315547168254852
ACH-000749,11455910,1,0.13935376703739166
ACH-000749,11640390,0,0.3872925639152527
ACH-000749,11960529,0,0.04412998631596565
ACH-000749,11977753,0,0.046068642288446426
ACH-000749,16722836,0,0.23349623382091522
ACH-000749,16725726,1,0.8827661275863647
ACH-000749,24889392,0,0.470458060503006
ACH-000749,24894414,0,0.337701678276062
ACH-000749,24978538,0,0.3708266615867615
ACH-000749,25102847,0,0.27254998683929443
ACH-000749,25167777,0,0.3623141050338745
ACH-000749,25222038,1,0.08174610137939453
ACH-000749,25262965,0,0.1287318617105484
ACH-000749,2733526,0,0.13667868077754974
ACH-000749,446378,1,0.11210905760526657
ACH-000749,46224516,0,0.06673043221235275
ACH-000749,46885626,0,0.2538374960422516
ACH-000749,46931012,0,0.2843431234359741
ACH-000749,5460769,0,0.14840663969516754
ACH-000749,560326,1,0.13373884558677673
ACH-000749,6445533,0,0.33274587988853455
ACH-000749,6710780,0,0.027603261172771454
ACH-000749,71271629,0,0.03664631024003029
ACH-000749,9810884,1,0.941481351852417
ACH-000749,9858940,0,0.13538341224193573
ACH-000749,9863776,1,0.015140864998102188
ACH-000749,9910224,0,0.09413298219442368
ACH-000749,9938202,0,0.16176803410053253
ACH-000749,9943465,0,0.0765674039721489
ACH-000750,10027278,0,0.005022865254431963
ACH-000750,10077147,0,0.006914428900927305
ACH-000750,10172943,0,0.008655897341668606
ACH-000750,10451420,0,0.020947422832250595
ACH-000750,11609586,0,0.172743558883667
ACH-000750,11625818,0,0.0007916775648482144
ACH-000750,11626927,0,0.0011556789977476
ACH-000750,11640390,0,0.04665158689022064
ACH-000750,11713159,0,0.00973778311163187
ACH-000750,16038120,0,0.004242745228111744
ACH-000750,16722836,0,0.0010946867987513542
ACH-000750,24889392,0,0.0015067431377246976
ACH-000750,24951314,0,0.00010524092795094475
ACH-000750,24978538,0,0.052877653390169144
ACH-000750,25022668,0,0.0031065456569194794
ACH-000750,25126798,0,0.03452771157026291
ACH-000750,25167777,0,0.00014821082004345953
ACH-000750,25195352,0,0.00016954100283328444
ACH-000750,25222038,0,0.006154954433441162
ACH-000750,25262965,0,0.007567204535007477
ACH-000750,3062316,1,0.41671037673950195
ACH-000750,4263900,0,0.01964620314538479
ACH-000750,42640,0,0.04596497491002083
ACH-000750,44450571,1,0.36365509033203125
ACH-000750,5113032,0,0.018275808542966843
ACH-000750,5280757,0,0.15650194883346558
ACH-000750,5384616,0,0.009283126331865788
ACH-000750,57339144,0,0.1177825927734375
ACH-000750,5746,0,0.024747852236032486
ACH-000750,82146,0,0.03946710005402565
ACH-000750,9810884,0,0.07891156524419785
ACH-000750,9874913,0,0.005642663221806288
ACH-000751,10341154,0,0.22729742527008057
ACH-000751,11178236,0,0.010553525760769844
ACH-000751,11282283,0,0.5172942876815796
ACH-000751,11364421,0,0.004649205598980188
ACH-000751,11433190,0,0.24098320305347443
ACH-000751,11624601,0,0.013866902329027653
ACH-000751,11640390,0,0.023020442575216293
ACH-000751,11707110,0,0.030869480222463608
ACH-000751,11713159,0,0.0015105193015187979
ACH-000751,11844351,0,0.004836317617446184
ACH-000751,16663089,0,0.028254246339201927
ACH-000751,16720766,0,0.012706581503152847
ACH-000751,16722836,1,0.6663603782653809
ACH-000751,176870,0,0.07210247218608856
ACH-000751,24756910,0,0.9014031291007996
ACH-000751,24825971,0,0.03955630213022232
ACH-000751,24894414,1,0.9384279251098633
ACH-000751,25022668,0,0.0024304697290062904
ACH-000751,25102847,0,0.04762498289346695
ACH-000751,25195352,0,0.05542762205004692
ACH-000751,3463933,0,0.005522247403860092
ACH-000751,44551660,0,0.9112370610237122
ACH-000751,462382,0,0.0026418764609843493
ACH-000751,46844147,0,0.09870819002389908
ACH-000751,46907787,0,0.014631398022174835
ACH-000751,46930998,0,0.15437527000904083
ACH-000751,49836027,0,0.0042843082919716835
ACH-000751,53302361,0,0.009672961197793484
ACH-000751,56962337,1,0.1652570217847824
ACH-000751,6753378,0,0.7208428382873535
ACH-000751,6852167,0,0.9650853872299194
ACH-000751,6918289,0,0.08875253051519394
ACH-000751,6918454,0,0.00353244855068624
ACH-000751,71271629,0,0.1380530297756195
ACH-000751,9868037,0,0.7833867073059082
ACH-000751,9911830,1,0.23001350462436676
ACH-000751,9938202,0,0.15205079317092896
ACH-000751,9943465,0,0.08736661076545715
ACH-000751,9952773,1,0.23021268844604492
ACH-000752,10074640,0,0.010330590419471264
ACH-000752,10200390,0,0.00021156476577743888
ACH-000752,10451420,0,0.15925630927085876
ACH-000752,11178236,0,0.015472782775759697
ACH-000752,11640390,0,0.07103122770786285
ACH-000752,11707110,0,0.31122666597366333
ACH-000752,16747388,0,0.007539352402091026
ACH-000752,176167,0,0.3497346043586731
ACH-000752,2314623,0,0.09005016833543777
ACH-000752,24756910,0,0.013450926169753075
ACH-000752,24894414,0,0.04419727623462677
ACH-000752,25167777,0,0.0007063217926770449
ACH-000752,31703,0,2.4760303858784027e-05
ACH-000752,42642645,0,0.00043181792716495693
ACH-000752,447912,0,0.014837782829999924
ACH-000752,46191454,0,0.029208915308117867
ACH-000752,51371303,0,0.06269082427024841
ACH-000752,53394750,0,0.19603955745697021
ACH-000752,5459322,0,0.01394690666347742
ACH-000752,56965967,0,0.007582556921988726
ACH-000752,6445533,0,0.007198673207312822
ACH-000752,6445562,0,0.3088191747665405
ACH-000752,704473,1,0.12760283052921295
ACH-000752,9952773,0,0.001459872117266059
ACH-000752,9956119,0,0.01579349674284458
ACH-000754,10127622,0,0.002872861223295331
ACH-000754,11152667,0,0.0055389925837516785
ACH-000754,11404337,0,4.753858229378238e-05
ACH-000754,11640390,0,0.0033900265116244555
ACH-000754,11707110,0,0.006383045110851526
ACH-000754,11844351,0,0.00016959322965703905
ACH-000754,126565,0,0.005985576659440994
ACH-000754,16038120,0,0.0004027634859085083
ACH-000754,20635522,0,4.187993908999488e-05
ACH-000754,24894414,0,0.18635521829128265
ACH-000754,24978538,1,0.5615631341934204
ACH-000754,25222038,0,6.596475486730924e-06
ACH-000754,25257557,0,0.42504239082336426
ACH-000754,2733526,0,0.017242470756173134
ACH-000754,3218,0,0.0018553503323346376
ACH-000754,36314,0,5.4460015235235915e-05
ACH-000754,3796,0,0.001897806883789599
ACH-000754,4263900,0,0.00012862792937085032
ACH-000754,444795,0,0.17175403237342834
ACH-000754,447912,0,0.12899523973464966
ACH-000754,448013,0,1.0914053746091668e-05
ACH-000754,46191454,0,0.11262749880552292
ACH-000754,46883536,0,0.09205780923366547
ACH-000754,46885626,0,0.2735270857810974
ACH-000754,46930998,0,0.002589200623333454
ACH-000754,46931012,0,0.00143907917663455
ACH-000754,5278396,0,0.00304207531735301
ACH-000754,5328940,0,0.004345213528722525
ACH-000754,5329102,0,4.009862823295407e-05
ACH-000754,5459322,0,0.002702459692955017
ACH-000754,56962337,0,0.031029069796204567
ACH-000754,6710780,0,0.0030299227219074965
ACH-000754,6852167,0,0.128607377409935
ACH-000754,704473,0,0.23266655206680298
ACH-000754,76044,0,1.4637846106779762e-05
ACH-000754,82146,0,0.00045409772428683937
ACH-000754,8249,0,0.20184917747974396
ACH-000754,9911830,0,0.0059464676305651665
ACH-000754,9914412,0,0.0015352221671491861
ACH-000754,9952773,0,0.0006571126286871731
ACH-000755,10096043,0,0.00031805349863134325
ACH-000755,10109823,0,0.03245292603969574
ACH-000755,10127622,0,0.05568838119506836
ACH-000755,10172943,0,0.0019034695578739047
ACH-000755,10200390,0,0.0010508637642487884
ACH-000755,10341154,0,0.00782137829810381
ACH-000755,10384072,0,0.003289688378572464
ACH-000755,10459196,0,0.008547776378691196
ACH-000755,11316960,0,0.01460779458284378
ACH-000755,11338033,0,0.0017695827409625053
ACH-000755,11364421,0,0.0072125159204006195
ACH-000755,11455910,0,0.03709235042333603
ACH-000755,11609586,0,0.00823860615491867
ACH-000755,11640390,0,0.1346326321363449
ACH-000755,11667893,0,0.05563940480351448
ACH-000755,11676786,0,0.0021762941032648087
ACH-000755,123631,0,0.18736475706100464
ACH-000755,16095342,0,0.014369182288646698
ACH-000755,16760646,0,0.005803522653877735
ACH-000755,176158,0,0.005260809790343046
ACH-000755,20635522,0,0.0013084753882139921
ACH-000755,216326,0,0.019751280546188354
ACH-000755,24951314,0,0.0049826172180473804
ACH-000755,25102847,0,0.002391302026808262
ACH-000755,25126798,0,0.14722351729869843
ACH-000755,3218,0,0.0033728049602359533
ACH-000755,3385,0,0.005974383093416691
ACH-000755,44462760,0,0.0018464758759364486
ACH-000755,446378,0,0.005003257654607296
ACH-000755,447912,0,0.02721630595624447
ACH-000755,448013,0,0.0005851449677720666
ACH-000755,44819241,0,0.022287094965577126
ACH-000755,46191454,0,0.03297324851155281
ACH-000755,462382,0,0.00752340629696846
ACH-000755,46907787,0,0.0068525830283761024
ACH-000755,49836027,0,0.014969049021601677
ACH-000755,5280757,0,0.014126530848443508
ACH-000755,5327091,0,0.00216129538603127
ACH-000755,5329102,0,0.0004527910496108234
ACH-000755,53302361,0,0.0012026785407215357
ACH-000755,53394750,0,0.2117738127708435
ACH-000755,5384616,0,0.2299564778804779
ACH-000755,5459322,0,0.04100864753127098
ACH-000755,60750,0,0.0005867374129593372
ACH-000755,6450551,0,0.0006998265162110329
ACH-000755,6505803,0,0.0019627606961876154
ACH-000755,6710780,0,0.004024615976959467
ACH-000755,6753378,1,0.05834156647324562
ACH-000755,6918638,0,0.0233203936368227
ACH-000755,704473,0,0.09540767967700958
ACH-000755,71271629,0,0.00701303081586957
ACH-000755,7251185,0,0.002170444466173649
ACH-000755,9826308,0,0.00020916668290738016
ACH-000755,9826528,0,0.0029587915632873774
ACH-000755,9874913,1,0.5258361101150513
ACH-000755,9956119,0,0.3142710030078888
ACH-000756,10302451,1,0.801425576210022
ACH-000756,10341154,0,0.02816009894013405
ACH-000756,10390396,0,0.3093312680721283
ACH-000756,10459196,0,0.07956086844205856
ACH-000756,10461815,1,0.35112419724464417
ACH-000756,11152667,0,0.009440002962946892
ACH-000756,11178236,0,0.060023654252290726
ACH-000756,11373846,1,0.013589109294116497
ACH-000756,11609586,0,0.06040963903069496
ACH-000756,11617559,0,0.04774877056479454
ACH-000756,11624601,0,0.13443535566329956
ACH-000756,11713159,0,0.2739517092704773
ACH-000756,11844351,0,0.8456234931945801
ACH-000756,123631,0,0.21153828501701355
ACH-000756,16038120,0,0.04901214316487312
ACH-000756,16720766,0,0.10409025847911835
ACH-000756,24772860,0,0.0024599279277026653
ACH-000756,24776445,0,0.06498773396015167
ACH-000756,24826799,0,0.3241228461265564
ACH-000756,25022668,0,0.5559503436088562
ACH-000756,25257557,1,0.9909538626670837
ACH-000756,3218,1,0.05930855870246887
ACH-000756,448013,0,0.5689764022827148
ACH-000756,46907787,0,0.2202376276254654
ACH-000756,51371303,0,0.17256124317646027
ACH-000756,5460769,0,0.2270563542842865
ACH-000756,5717801,0,0.06938689202070236
ACH-000756,6445533,0,0.2736474871635437
ACH-000756,6450551,0,0.032430972903966904
ACH-000756,6710780,0,0.014224665239453316
ACH-000756,6918848,0,0.004169913940131664
ACH-000756,71271629,1,0.02426752820611
ACH-000756,8249,0,0.034918855875730515
ACH-000756,84691,1,0.07771032303571701
ACH-000756,9826308,1,0.2553546130657196
ACH-000756,9874913,0,0.15150856971740723
ACH-000756,9907093,0,0.6688304543495178
ACH-000756,9931953,0,0.11544939130544662
ACH-000756,9952773,0,0.027568664401769638
ACH-000759,10184653,1,0.3559541404247284
ACH-000759,10200390,0,0.0019738671835511923
ACH-000759,11282283,0,0.09905653446912766
ACH-000759,11373846,0,0.02973766438663006
ACH-000759,11404337,0,0.0020852021407335997
ACH-000759,148124,0,0.006434635724872351
ACH-000759,159324,0,0.009862583130598068
ACH-000759,16722836,0,0.004651755094528198
ACH-000759,16725726,1,0.37030720710754395
ACH-000759,216326,0,0.009585276246070862
ACH-000759,23725625,0,0.0028617079369723797
ACH-000759,24756910,0,0.028867779299616814
ACH-000759,24785538,0,0.01755478046834469
ACH-000759,24826799,0,0.0014353853184729815
ACH-000759,3005532,0,0.00628650514408946
ACH-000759,3218,0,0.002584169153124094
ACH-000759,46885626,0,0.018046392127871513
ACH-000759,46931012,0,0.002050878247246146
ACH-000759,5113032,0,0.015626901760697365
ACH-000759,5208,0,0.001614499487914145
ACH-000759,5280757,0,0.015887973830103874
ACH-000759,5289247,0,0.042565878480672836
ACH-000759,53302361,0,0.002939603291451931
ACH-000759,5460769,0,0.010881999507546425
ACH-000759,54685215,0,0.00640919990837574
ACH-000759,56962337,0,0.01082288846373558
ACH-000759,60750,0,0.0005681552574969828
ACH-000759,65110,0,0.006006046198308468
ACH-000759,66577006,0,0.034573521465063095
ACH-000759,6852167,0,0.02951705828309059
ACH-000759,6918289,0,0.016466885805130005
ACH-000759,71271629,0,0.0035698695573955774
ACH-000759,84691,0,0.002055717632174492
ACH-000759,9810884,0,0.0447668619453907
ACH-000759,9884685,0,0.009532214142382145
ACH-000759,9903786,0,0.004937666468322277
ACH-000759,9956119,0,0.46637630462646484
ACH-000763,11316960,0,0.028775496408343315
ACH-000763,44450571,0,0.03418648988008499
ACH-000763,46930998,1,0.2519446015357971
ACH-000763,51371303,1,0.11015738546848297
ACH-000763,6505803,0,0.00012611906277015805
ACH-000763,9914412,0,0.19203294813632965
ACH-000763,9938202,1,0.12062579393386841
ACH-000766,10109823,0,0.29391422867774963
ACH-000766,11364421,1,0.1335696578025818
ACH-000766,11625818,0,0.08782175928354263
ACH-000766,11977753,0,0.06155959516763687
ACH-000766,123631,1,0.43865227699279785
ACH-000766,126941,0,0.027938075363636017
ACH-000766,1401,0,0.05283442139625549
ACH-000766,16747388,0,0.06456682831048965
ACH-000766,176158,0,0.04249804839491844
ACH-000766,176167,1,0.3090127110481262
ACH-000766,176870,1,0.4267476797103882
ACH-000766,24785538,1,0.2980104982852936
ACH-000766,24825971,0,0.036353614181280136
ACH-000766,24826799,0,0.010719526559114456
ACH-000766,25195352,0,0.019663017243146896
ACH-000766,31703,0,0.011563200503587723
ACH-000766,3218,0,0.020914826542139053
ACH-000766,4263900,0,0.01147959753870964
ACH-000766,46191454,0,0.013329348526895046
ACH-000766,46931012,0,0.0036156405694782734
ACH-000766,46943432,0,0.02953890711069107
ACH-000766,5311510,1,0.10888520628213882
ACH-000766,5329102,0,0.025018127635121346
ACH-000766,53340664,0,0.009794252924621105
ACH-000766,54676905,0,0.07667499035596848
ACH-000766,54685215,0,0.16566389799118042
ACH-000766,56962337,0,0.040465205907821655
ACH-000766,56965967,0,0.03194829449057579
ACH-000766,5717801,0,0.0019352517556399107
ACH-000766,57339144,0,0.0360260047018528
ACH-000766,637858,0,0.06170155853033066
ACH-000766,6914657,0,0.017091309651732445
ACH-000766,6918289,0,0.05755376070737839
ACH-000766,7251185,0,0.013878975063562393
ACH-000766,76044,0,0.0037342829164117575
ACH-000766,9826528,0,0.17170117795467377
ACH-000766,9907093,0,0.3765394985675812
ACH-000766,9952773,0,0.021246083080768585
ACH-000766,9956222,0,0.009019311517477036
ACH-000767,10074640,0,0.04459639638662338
ACH-000767,10077147,0,0.0019396388670429587
ACH-000767,10113978,0,0.0011707062367349863
ACH-000767,10184653,0,0.04077092558145523
ACH-000767,10390396,0,0.00973519403487444
ACH-000767,10451420,1,0.6810646653175354
ACH-000767,10461815,0,0.009198837913572788
ACH-000767,104842,0,0.0010842506308108568
ACH-000767,11338033,0,0.010826417244970798
ACH-000767,11485656,0,0.02383708767592907
ACH-000767,156422,0,0.011254638433456421
ACH-000767,160355,0,0.002690380671992898
ACH-000767,16095342,0,0.005544750951230526
ACH-000767,16725726,1,0.4999738931655884
ACH-000767,16760646,0,0.0036944427993148565
ACH-000767,176158,0,0.0015859892591834068
ACH-000767,24978538,1,0.5242260098457336
ACH-000767,25022668,0,0.000288752606138587
ACH-000767,25195352,0,0.012743376195430756
ACH-000767,25257557,1,0.8794100284576416
ACH-000767,2733526,0,0.021419478580355644
ACH-000767,3062316,0,0.006353968288749456
ACH-000767,31703,0,3.901328818756156e-05
ACH-000767,3218,0,0.0015900703147053719
ACH-000767,3796,0,0.09182605147361755
ACH-000767,387447,0,0.002184780780225992
ACH-000767,44819241,0,0.010248688980937004
ACH-000767,46224516,0,0.07444461435079575
ACH-000767,46930998,0,0.005153341218829155
ACH-000767,49821040,0,0.005758815445005894
ACH-000767,49836027,0,0.0013222639681771398
ACH-000767,5311,0,0.016572322696447372
ACH-000767,560326,0,0.0033241023775190115
ACH-000767,637858,0,0.004370599519461393
ACH-000767,6445562,0,0.2505435645580292
ACH-000767,65110,1,0.04835759475827217
ACH-000767,9549184,0,0.024812012910842896
ACH-000767,9911830,0,0.01706683076918125
ACH-000767,9914412,0,0.0023694366682320833
ACH-000767,9956222,0,0.0027918238192796707
ACH-000768,10184653,0,0.4116774797439575
ACH-000768,10196499,0,0.004850949160754681
ACH-000768,10451420,0,0.001041506533510983
ACH-000768,104842,0,0.03916315361857414
ACH-000768,11404337,0,0.005223595537245274
ACH-000768,11647372,0,0.00013991490413900465
ACH-000768,11713159,1,0.003941222559660673
ACH-000768,126941,0,0.03564060851931572
ACH-000768,17755052,0,0.0032135609071701765
ACH-000768,2375,0,0.025239117443561554
ACH-000768,24756910,0,0.0004803823831025511
ACH-000768,24894414,0,0.0032595901284366846
ACH-000768,24951314,0,6.190746353240684e-05
ACH-000768,25022668,0,0.0018967775395140052
ACH-000768,25262965,0,0.002931624185293913
ACH-000768,3218,0,0.03683499991893768
ACH-000768,44462760,0,0.07734110951423645
ACH-000768,444795,0,0.029294388368725777
ACH-000768,44551660,0,8.146663458319381e-05
ACH-000768,44632017,0,0.011793270707130432
ACH-000768,46885626,0,0.0019080659840255976
ACH-000768,5280757,0,0.20748043060302734
ACH-000768,5311,0,0.011256814002990723
ACH-000768,53340664,0,0.00021495432883966714
ACH-000768,5394,1,0.12295690923929214
ACH-000768,5459322,0,0.41185200214385986
ACH-000768,54685215,0,0.14784570038318634
ACH-000768,56965967,0,0.001442501088604331
ACH-000768,6450551,0,0.0028918173629790545
ACH-000768,6450816,0,0.00024032943474594504
ACH-000768,6918289,0,0.23530377447605133
ACH-000768,9858940,0,0.2739197909832001
ACH-000768,9903786,0,9.189752745442092e-05
ACH-000768,9938202,0,0.0760406032204628
ACH-000770,10077147,0,0.08571574836969376
ACH-000770,10184653,0,0.005993780680000782
ACH-000770,10302451,0,0.001214833464473486
ACH-000770,10341154,0,0.5574543476104736
ACH-000770,104842,0,0.01542927511036396
ACH-000770,11282283,0,0.2067648321390152
ACH-000770,11485656,0,0.2699299156665802
ACH-000770,11667893,0,0.004132892470806837
ACH-000770,11713159,0,0.0002867403090931475
ACH-000770,11977753,0,0.0028785148169845343
ACH-000770,159324,0,0.0011171097867190838
ACH-000770,16663089,0,0.0012173975119367242
ACH-000770,24772860,0,0.0003087198711000383
ACH-000770,24776445,0,0.18576009571552277
ACH-000770,24826799,0,0.0005265998188406229
ACH-000770,24978538,0,0.5513629913330078
ACH-000770,25222038,0,9.174588194582611e-05
ACH-000770,25257557,1,0.16495099663734436
ACH-000770,3062316,0,0.0009421271388418972
ACH-000770,31703,0,0.00013203518756199628
ACH-000770,3218,0,0.021497931331396103
ACH-000770,387447,0,0.004529420752078295
ACH-000770,44143370,0,0.0022455223370343447
ACH-000770,44462760,0,0.003780350321903825
ACH-000770,44551660,0,0.010237738490104675
ACH-000770,44632017,0,0.002253660699352622
ACH-000770,446378,0,0.0026281005702912807
ACH-000770,447912,1,0.30776485800743103
ACH-000770,46224516,0,0.01999710500240326
ACH-000770,46844147,0,0.008646016009151936
ACH-000770,46885626,0,0.23317816853523254
ACH-000770,49806720,0,0.06381585448980331
ACH-000770,5113032,0,0.522631824016571
ACH-000770,5311510,0,0.002565669361501932
ACH-000770,5327091,0,0.0049062431789934635
ACH-000770,5328940,0,0.014705740846693516
ACH-000770,53340664,0,0.0034904794301837683
ACH-000770,5394,1,0.2964821457862854
ACH-000770,5459322,0,0.007180964108556509
ACH-000770,54676905,0,0.06777117401361465
ACH-000770,56962337,0,0.10917846858501434
ACH-000770,5717801,0,0.005484286230057478
ACH-000770,6505803,0,9.062488243216649e-05
ACH-000770,65110,0,0.19835321605205536
ACH-000770,9874913,0,0.012233828194439411
ACH-000770,9938202,0,0.1136970967054367
ACH-000770,9943465,0,0.02544553577899933
ACH-000772,10109823,0,0.006027954630553722
ACH-000772,10172943,0,0.09975261986255646
ACH-000772,10302451,0,0.10722574591636658
ACH-000772,11364421,0,0.022301306948065758
ACH-000772,16038120,0,0.0014702043263241649
ACH-000772,16663089,0,0.009109017439186573
ACH-000772,16725726,0,0.1359986662864685
ACH-000772,176167,0,0.002722165547311306
ACH-000772,216239,0,0.12302476912736893
ACH-000772,24889392,0,0.04326599836349487
ACH-000772,25222038,0,0.03652378171682358
ACH-000772,3062316,0,0.09048222005367279
ACH-000772,44551660,0,0.0009188140393234789
ACH-000772,46907787,0,0.06714478880167007
ACH-000772,5311497,0,0.03319227695465088
ACH-000772,53340664,0,0.014627589844167233
ACH-000772,5494449,0,0.20551908016204834
ACH-000772,60750,0,0.036926835775375366
ACH-000772,66577006,0,0.01536643784493208
ACH-000772,9810884,0,0.5278098583221436
ACH-000772,9826308,0,0.0035975214559584856
ACH-000772,9884685,0,0.0034784222953021526
ACH-000772,9911830,0,0.12233461439609528
ACH-000772,9952773,0,0.0028077061288058758
ACH-000775,10027278,1,0.008085599169135094
ACH-000775,104842,0,0.0034409300424158573
ACH-000775,11178236,0,0.007283248007297516
ACH-000775,11316960,1,0.1446130871772766
ACH-000775,11404337,0,0.16832083463668823
ACH-000775,11433190,0,0.14295770227909088
ACH-000775,11455910,0,0.11291173845529556
ACH-000775,11493598,0,0.12869273126125336
ACH-000775,123631,0,0.1055632159113884
ACH-000775,126565,0,0.01320396363735199
ACH-000775,24826799,0,0.016672387719154358
ACH-000775,25102847,0,0.030061526224017143
ACH-000775,3463933,0,0.04911680147051811
ACH-000775,44632017,0,0.0035055747721344233
ACH-000775,447912,0,0.008639516308903694
ACH-000775,46930998,0,0.008799280971288681
ACH-000775,46931012,0,0.005666385404765606
ACH-000775,46943432,0,0.010594113729894161
ACH-000775,51371303,0,0.018798664212226868
ACH-000775,5289247,1,0.1846839189529419
ACH-000775,5327091,0,0.018566139042377472
ACH-000775,5460769,0,0.01832282729446888
ACH-000775,56962337,0,0.007967284880578518
ACH-000775,57339144,0,0.011712158098816872
ACH-000775,6450816,0,0.0031168910209089518
ACH-000775,6505803,0,0.08792127668857574
ACH-000775,6852167,0,0.016088474541902542
ACH-000775,6918454,1,0.35520172119140625
ACH-000775,6918848,0,0.004359922371804714
ACH-000775,71271629,0,0.007742587476968765
ACH-000775,82146,0,0.020736319944262505
ACH-000775,9826528,0,0.5763906240463257
ACH-000775,9858940,0,0.04402512311935425
ACH-000775,9910224,0,0.00951915793120861
ACH-000775,9911830,0,0.01350010558962822
ACH-000776,10074640,0,0.12849323451519012
ACH-000776,10341154,0,0.25376757979393005
ACH-000776,10451420,0,0.36612552404403687
ACH-000776,11609586,0,0.3680054843425751
ACH-000776,11626927,0,0.004006519913673401
ACH-000776,11640390,0,0.14248158037662506
ACH-000776,11844351,0,0.06285005807876587
ACH-000776,11960529,0,0.430208683013916
ACH-000776,11977753,0,0.12286265194416046
ACH-000776,16038120,0,0.02195398323237896
ACH-000776,16747388,0,0.702286422252655
ACH-000776,176158,0,0.04005025699734688
ACH-000776,20635522,0,0.15127620100975037
ACH-000776,24894414,0,0.03972701355814934
ACH-000776,24951314,0,0.0016848365776240826
ACH-000776,25102847,0,0.012951463460922241
ACH-000776,25126798,0,0.10153649002313614
ACH-000776,25167777,0,0.001164906076155603
ACH-000776,25195352,0,0.0010953982127830386
ACH-000776,2733526,0,0.12044551223516464
ACH-000776,36314,0,0.02166268415749073
ACH-000776,42640,0,0.023776806890964508
ACH-000776,44224160,0,0.00016449666873086244
ACH-000776,44462760,1,0.987405002117157
ACH-000776,444795,0,0.38033536076545715
ACH-000776,446378,0,0.02211214415729046
ACH-000776,46191454,1,0.008349107578396797
ACH-000776,46224516,0,0.006516381166875362
ACH-000776,5278396,0,0.06547225266695023
ACH-000776,5311497,0,0.023914538323879242
ACH-000776,5327091,0,0.1189831867814064
ACH-000776,5394,0,0.3894885182380676
ACH-000776,5460769,0,0.04976481571793556
ACH-000776,54685215,0,0.0736694186925888
ACH-000776,5494449,1,0.21125176548957825
ACH-000776,56962337,0,0.09079734981060028
ACH-000776,60750,0,0.02972576767206192
ACH-000776,637858,0,0.3748139441013336
ACH-000776,6450551,0,0.08303654193878174
ACH-000776,9813758,0,0.02389523573219776
ACH-000776,9863776,1,0.9729052782058716
ACH-000776,9884685,0,0.00022078122128732502
ACH-000776,9910224,0,0.05117083713412285
ACH-000776,9914412,0,0.06307339668273926
ACH-000776,9938202,0,0.08673854172229767
ACH-000776,9952773,0,0.0009923464385792613
ACH-000778,11178236,0,0.016801197081804276
ACH-000778,11404337,1,0.22468571364879608
ACH-000778,11617559,0,0.0028594338800758123
ACH-000778,11707110,1,0.9586367011070251
ACH-000778,24951314,0,0.00017829662829171866
ACH-000778,25124816,1,0.0831085667014122
ACH-000778,2726824,0,0.31488630175590515
ACH-000778,2733526,1,0.22368530929088593
ACH-000778,31703,0,0.15244297683238983
ACH-000778,44143370,0,0.0015807428862899542
ACH-000778,44551660,0,0.0001873449218692258
ACH-000778,446378,0,0.1946694701910019
ACH-000778,447912,0,0.006631773430854082
ACH-000778,5289247,0,0.03741960972547531
ACH-000778,53302361,0,0.07518591731786728
ACH-000778,54676905,0,0.07730613648891449
ACH-000778,57339144,0,0.10190834850072861
ACH-000778,5746,0,0.12816189229488373
ACH-000778,60750,0,0.2619912624359131
ACH-000778,71271629,1,0.17951174080371857
ACH-000778,9911830,0,0.01064831018447876
ACH-000778,9952773,0,0.0002868814335670322
ACH-000780,10184653,0,0.009568748995661736
ACH-000780,10341154,0,0.07054166495800018
ACH-000780,11316960,0,0.019709359854459763
ACH-000780,11977753,0,0.019251970574259758
ACH-000780,5330286,0,0.0106165437027812
ACH-000780,54685215,0,0.02478596195578575
ACH-000780,6253,0,0.053631491959095
ACH-000780,6918289,0,0.3513680696487427
ACH-000781,10077147,0,0.05701946094632149
ACH-000781,10196499,0,0.00540181202813983
ACH-000781,10200390,0,0.0006411605863831937
ACH-000781,10384072,0,0.3957005441188812
ACH-000781,10451420,0,0.0026704827323555946
ACH-000781,10459196,0,0.15860013663768768
ACH-000781,11338033,0,8.536488894606009e-05
ACH-000781,11373846,0,0.0005922105046920478
ACH-000781,11609586,0,0.4987233281135559
ACH-000781,11617559,0,0.005895325914025307
ACH-000781,11713159,0,0.005536359269171953
ACH-000781,24180719,0,0.23315191268920898
ACH-000781,24889392,0,0.00847430620342493
ACH-000781,25022668,0,0.003462343942373991
ACH-000781,25262965,0,0.22907409071922302
ACH-000781,2726824,0,0.14006543159484863
ACH-000781,2733526,0,0.33801865577697754
ACH-000781,3005532,0,0.021465016528964043
ACH-000781,3463933,0,0.035469718277454376
ACH-000781,42642645,0,0.0007202955312095582
ACH-000781,446378,0,0.043658725917339325
ACH-000781,447912,0,0.012866738252341747
ACH-000781,5113032,0,0.15462736785411835
ACH-000781,51371303,0,0.1206209734082222
ACH-000781,53302361,0,0.021387767046689987
ACH-000781,5394,0,0.5616335272789001
ACH-000781,54676905,0,0.1303429752588272
ACH-000781,60750,0,0.009493771940469742
ACH-000781,704473,0,0.047943100333213806
ACH-000781,82146,0,0.1718875765800476
ACH-000781,9914412,0,0.18274050951004028
ACH-000781,9967941,0,0.0016746335895732045
ACH-000783,10200390,0,0.001757791149429977
ACH-000783,11617559,0,0.006528416182845831
ACH-000783,11640390,0,0.00368863414041698
ACH-000783,11754511,0,0.002128312597051263
ACH-000783,16725726,1,0.0749780461192131
ACH-000783,2314623,0,0.27113285660743713
ACH-000783,24826799,0,0.002766113029792905
ACH-000783,25124816,0,0.28193747997283936
ACH-000783,25195352,0,0.0003844626771751791
ACH-000783,2726824,0,0.12153521925210953
ACH-000783,2733526,0,0.32701900601387024
ACH-000783,31703,0,0.009061358869075775
ACH-000783,4263900,0,0.030155999585986137
ACH-000783,44143370,0,0.0005785768153145909
ACH-000783,44224160,0,0.0007841535843908787
ACH-000783,49806720,1,0.006462506949901581
ACH-000783,5289247,0,0.0007948424317874014
ACH-000783,5394,0,0.05635804310441017
ACH-000783,54676905,0,0.2850550711154938
ACH-000783,560326,0,0.05752037838101387
ACH-000783,6445533,0,0.01972869038581848
ACH-000783,6914657,0,0.0008247677469626069
ACH-000783,9868037,0,0.0093935402110219
ACH-000783,9952773,0,0.0009998517343774438
ACH-000784,10074640,0,0.0009666976402513683
ACH-000784,11178236,0,0.0017024509143084288
ACH-000784,11338033,0,1.924176831380464e-05
ACH-000784,11485656,0,0.004921854007989168
ACH-000784,11640390,0,0.0004008960968349129
ACH-000784,16747388,0,5.6794982810970396e-05
ACH-000784,23725625,0,0.516916036605835
ACH-000784,24776445,0,0.38238000869750977
ACH-000784,24889392,0,0.002756972098723054
ACH-000784,25257557,0,0.033821217715740204
ACH-000784,3218,0,0.07577074319124222
ACH-000784,444795,0,0.015426398254930973
ACH-000784,46224516,0,9.141193004325032e-05
ACH-000784,46931012,0,1.9270268239779398e-05
ACH-000784,521106,0,0.0039355941116809845
ACH-000784,5311,0,0.013137836009263992
ACH-000784,5394,0,0.3059634864330292
ACH-000784,5459322,0,0.094740130007267
ACH-000784,54676905,0,0.1362779289484024
ACH-000784,560326,0,0.02050832472741604
ACH-000784,56965967,0,0.00015075330156832933
ACH-000784,5746,0,0.0289042629301548
ACH-000784,637858,0,0.06895652413368225
ACH-000784,6450816,0,0.00015994106070138514
ACH-000784,6918454,0,0.001391701283864677
ACH-000784,8249,0,0.0007304790196940303
ACH-000784,84691,0,0.10186120867729187
ACH-000784,9813758,0,0.00038706266786903143
ACH-000784,9858940,0,0.045118093490600586
ACH-000784,9863776,0,0.00289741437882185
ACH-000784,9868037,0,0.006988792214542627
ACH-000784,9956222,0,0.00022103502124082297
ACH-000786,10074640,1,0.0348995104432106
ACH-000786,10077147,0,0.06708628684282303
ACH-000786,10096043,0,0.014404231682419777
ACH-000786,10127622,0,0.0046179285272955894
ACH-000786,10172943,0,0.17841501533985138
ACH-000786,10200390,1,0.042694516479969025
ACH-000786,10341154,0,0.07005912065505981
ACH-000786,10390396,0,0.043164633214473724
ACH-000786,104842,0,0.1488516628742218
ACH-000786,11282283,1,0.3814627528190613
ACH-000786,11327430,0,0.07646353542804718
ACH-000786,11364421,0,0.057893361896276474
ACH-000786,11433190,1,0.12170758843421936
ACH-000786,11624601,0,0.03139606490731239
ACH-000786,11667893,0,0.04156296327710152
ACH-000786,11676786,0,0.0013151259627193213
ACH-000786,11713159,0,0.024417437613010406
ACH-000786,126941,0,0.3647834360599518
ACH-000786,16725726,1,0.9083431363105774
ACH-000786,176158,0,0.21740926802158356
ACH-000786,216239,0,0.061108577996492386
ACH-000786,25124816,0,0.06034218147397041
ACH-000786,25257557,1,0.9970006346702576
ACH-000786,25262965,0,0.18581293523311615
ACH-000786,387447,0,0.05108153447508812
ACH-000786,42642645,1,0.031995739787817
ACH-000786,44632017,0,0.1642848551273346
ACH-000786,446378,0,0.12257443368434906
ACH-000786,448013,0,0.050383467227220535
ACH-000786,44819241,0,0.1658233106136322
ACH-000786,462382,0,0.0072511290200054646
ACH-000786,46883536,0,0.27804669737815857
ACH-000786,46907787,0,0.22977234423160553
ACH-000786,46931012,0,0.044616494327783585
ACH-000786,49806720,0,0.10975587368011475
ACH-000786,5280757,0,0.16951783001422882
ACH-000786,53302361,1,0.13310833275318146
ACH-000786,5330286,0,0.012198670767247677
ACH-000786,5384616,1,0.15834131836891174
ACH-000786,5394,0,0.1310162991285324
ACH-000786,5460769,0,0.30184483528137207
ACH-000786,5494449,0,0.26901939511299133
ACH-000786,637858,0,0.027301019057631493
ACH-000786,644241,0,0.09947191923856735
ACH-000786,6450816,0,0.06043701991438866
ACH-000786,6710780,0,0.05797088146209717
ACH-000786,6914657,0,0.009125377982854843
ACH-000786,6918454,0,0.00037332106148824096
ACH-000786,71271629,0,0.053184449672698975
ACH-000786,76044,0,0.01502532884478569
ACH-000786,9858940,0,0.060004446655511856
ACH-000786,9931953,0,0.0721656009554863
ACH-000786,9952773,0,0.032871898263692856
ACH-000787,10074640,0,0.052142433822155
ACH-000787,10451420,0,0.003386878175660968
ACH-000787,11404337,0,0.11349377036094666
ACH-000787,11455910,0,0.19894352555274963
ACH-000787,11624601,0,0.14463090896606445
ACH-000787,11625818,0,0.013648411259055138
ACH-000787,11626560,0,0.3041502833366394
ACH-000787,11626927,0,0.1041228175163269
ACH-000787,11713159,0,0.3508935570716858
ACH-000787,11844351,1,0.5483284592628479
ACH-000787,1401,0,0.13549508154392242
ACH-000787,148124,0,0.3589937388896942
ACH-000787,16038120,0,0.03500533103942871
ACH-000787,176158,0,0.33152249455451965
ACH-000787,2375,0,0.051880963146686554
ACH-000787,24772860,0,0.00029430375434458256
ACH-000787,24889392,0,0.02727222628891468
ACH-000787,24894414,0,0.015111618675291538
ACH-000787,25102847,0,0.04875103756785393
ACH-000787,25124816,0,0.33872273564338684
ACH-000787,25257557,1,0.236672505736351
ACH-000787,3062316,1,0.573550283908844
ACH-000787,36314,1,0.4610079824924469
ACH-000787,4263900,0,0.12213009595870972
ACH-000787,44137675,1,0.3662044405937195
ACH-000787,44182295,0,0.012077918276190758
ACH-000787,44450571,1,0.16871115565299988
ACH-000787,444795,0,0.08339633047580719
ACH-000787,46224516,0,0.0009579070610925555
ACH-000787,462382,1,0.13603197038173676
ACH-000787,46907787,0,0.188347727060318
ACH-000787,46930998,1,0.09149947762489319
ACH-000787,5113032,0,0.07311362773180008
ACH-000787,5291,0,0.40022045373916626
ACH-000787,53302361,0,0.2681787610054016
ACH-000787,644241,1,0.0836578980088234
ACH-000787,6505803,1,0.15571413934230804
ACH-000787,65110,0,0.01686403527855873
ACH-000787,6852167,0,0.00218203105032444
ACH-000787,6918848,0,0.0005433088517747819
ACH-000787,82146,1,0.24851882457733154
ACH-000787,8249,0,0.011941345408558846
ACH-000787,84691,0,0.08391543477773666
ACH-000787,9863776,0,0.02658618986606598
ACH-000787,9952773,0,0.005001344718039036
ACH-000788,10451420,0,0.00408425647765398
ACH-000788,11282283,0,0.042582154273986816
ACH-000788,11373846,0,0.001227063126862049
ACH-000788,11404337,0,0.0036662123166024685
ACH-000788,11617559,0,0.005361841060221195
ACH-000788,11634725,0,0.0004962412058375776
ACH-000788,11647372,0,8.032985351746902e-05
ACH-000788,11754511,0,0.0019034523284062743
ACH-000788,148124,1,0.013583849184215069
ACH-000788,25022668,0,0.004626196809113026
ACH-000788,25126798,0,0.03189648315310478
ACH-000788,25167777,0,0.0005544067244045436
ACH-000788,3463933,0,0.040150612592697144
ACH-000788,36462,0,0.1809890866279602
ACH-000788,42642645,0,0.0006961862090975046
ACH-000788,44143370,0,0.000710438413079828
ACH-000788,46191454,0,0.0007553912000730634
ACH-000788,46224516,0,0.0004399854806251824
ACH-000788,46843772,0,0.10227086395025253
ACH-000788,46883536,0,0.004912987817078829
ACH-000788,46907787,0,0.0062024472281336784
ACH-000788,49806720,0,0.00932320300489664
ACH-000788,5113032,0,0.10149942338466644
ACH-000788,5311497,0,0.012100613676011562
ACH-000788,53340664,0,0.0007149376906454563
ACH-000788,5459322,0,0.16718634963035583
ACH-000788,54685215,1,0.060779087245464325
ACH-000788,60750,0,0.023855173960328102
ACH-000788,6253,0,0.1266144961118698
ACH-000788,637858,0,0.3523845672607422
ACH-000788,644241,0,0.21656981110572815
ACH-000788,704473,0,0.0492561012506485
ACH-000788,9868037,0,0.03392232954502106
ACH-000788,9874913,0,0.004420793615281582
ACH-000788,9943465,0,0.14947809278964996
ACH-000789,10074640,0,0.022278456017374992
ACH-000789,10077147,0,0.015957355499267578
ACH-000789,10096043,0,0.4214538037776947
ACH-000789,10200390,0,0.09936380386352539
ACH-000789,104842,0,0.04933495074510574
ACH-000789,11404337,0,0.27192336320877075
ACH-000789,11485656,0,0.01845935359597206
ACH-000789,11624601,0,0.025516819208860397
ACH-000789,11625818,0,0.028027193620800972
ACH-000789,11707110,0,0.06810157001018524
ACH-000789,11977753,0,0.01591530628502369
ACH-000789,126565,0,0.0706770122051239
ACH-000789,148124,0,0.09687789529561996
ACH-000789,159324,0,0.3683887720108032
ACH-000789,16725726,1,0.2690345048904419
ACH-000789,176158,0,0.142767071723938
ACH-000789,176167,0,0.013087624683976173
ACH-000789,17755052,0,0.011000463739037514
ACH-000789,24785538,1,0.25546568632125854
ACH-000789,24894414,0,0.05397883057594299
ACH-000789,25124816,1,0.043121613562107086
ACH-000789,25262965,0,0.014138602651655674
ACH-000789,2726824,0,0.02097032032907009
ACH-000789,2733526,0,0.021924739703536034
ACH-000789,300471,0,0.024722645059227943
ACH-000789,3218,0,0.059931520372629166
ACH-000789,3796,0,0.011480040848255157
ACH-000789,42642645,0,0.043787632137537
ACH-000789,44450571,0,0.039835475385189056
ACH-000789,46191454,1,0.019698716700077057
ACH-000789,46224516,0,0.0021759793162345886
ACH-000789,46843772,0,0.017379891127347946
ACH-000789,46885626,1,0.07519327104091644
ACH-000789,521106,0,0.20863638818264008
ACH-000789,5327091,0,0.04771795868873596
ACH-000789,5394,1,0.03281785175204277
ACH-000789,54685215,0,0.19114385545253754
ACH-000789,560326,0,0.03064081445336342
ACH-000789,644241,0,0.1260756105184555
ACH-000789,6445533,1,0.21884289383888245
ACH-000789,6918848,1,0.0029944726265966892
ACH-000789,9858940,0,0.03301738575100899
ACH-000789,9868037,0,0.03084552474319935
ACH-000789,9874913,0,0.016491524875164032
ACH-000789,9884685,0,0.007695792708545923
ACH-000789,9910224,0,0.01532962080091238
ACH-000789,9914412,0,0.14114542305469513
ACH-000789,9931953,0,0.03829367458820343
ACH-000789,9967941,0,0.017253374680876732
ACH-000790,10096043,0,0.00047126892604865134
ACH-000790,10172943,0,0.003908120095729828
ACH-000790,10341154,0,0.010157223790884018
ACH-000790,10451420,0,0.359929621219635
ACH-000790,11152667,0,0.005902999080717564
ACH-000790,11327430,0,0.001170646632090211
ACH-000790,11338033,0,0.000865686044562608
ACH-000790,11364421,0,0.01843237318098545
ACH-000790,11626927,0,0.03403772786259651
ACH-000790,11640390,0,0.07325907051563263
ACH-000790,11676786,0,0.0026171854697167873
ACH-000790,123631,0,0.05028495565056801
ACH-000790,126565,0,0.011979726143181324
ACH-000790,16722836,0,0.007016757037490606
ACH-000790,176870,0,0.22608913481235504
ACH-000790,216326,0,0.03617219999432564
ACH-000790,24776445,0,0.0027158246375620365
ACH-000790,24889392,0,0.08203192800283432
ACH-000790,24894414,0,0.11941639333963394
ACH-000790,25126798,0,0.2445637732744217
ACH-000790,25262965,0,0.002150579821318388
ACH-000790,2733526,0,0.0379871241748333
ACH-000790,300471,0,0.028011135756969452
ACH-000790,3005532,0,0.009989694692194462
ACH-000790,3385,0,0.02508607879281044
ACH-000790,36314,0,0.007060535252094269
ACH-000790,42640,0,0.08927328884601593
ACH-000790,44143370,0,0.029910193756222725
ACH-000790,44182295,0,0.0010492996079847217
ACH-000790,44551660,0,0.00431128079071641
ACH-000790,446378,0,0.017421584576368332
ACH-000790,448013,0,0.0016312988009303808
ACH-000790,46191454,0,0.04816434532403946
ACH-000790,462382,0,0.012090419419109821
ACH-000790,46907787,0,0.022273825481534004
ACH-000790,46943432,0,0.05949731916189194
ACH-000790,49836027,0,0.03919021412730217
ACH-000790,4993,0,0.0563112273812294
ACH-000790,5280757,0,0.05692612752318382
ACH-000790,5311510,0,0.02310686558485031
ACH-000790,5384616,0,0.10776687413454056
ACH-000790,5459322,0,0.12071529030799866
ACH-000790,54676905,0,0.08771006762981415
ACH-000790,5494449,0,0.006829424761235714
ACH-000790,6253,0,0.016599303111433983
ACH-000790,66577006,0,0.09826414287090302
ACH-000790,6710780,0,0.01428412925451994
ACH-000790,6914657,0,0.010349912568926811
ACH-000790,9813758,0,0.08480215817689896
ACH-000790,9903786,0,0.006348900496959686
ACH-000790,9952773,0,0.00734486011788249
ACH-000790,9967941,0,0.15097591280937195
ACH-000792,10451420,0,0.0004638122918549925
ACH-000792,104842,0,0.020008491352200508
ACH-000792,11178236,0,0.003751804819330573
ACH-000792,11485656,0,0.0006996785523369908
ACH-000792,11609586,0,0.2182951122522354
ACH-000792,11617559,0,0.002912758383899927
ACH-000792,11640390,0,0.0006608375115320086
ACH-000792,11754511,0,0.0001553922484163195
ACH-000792,2375,0,0.0318324938416481
ACH-000792,25167777,0,7.222623389679939e-05
ACH-000792,2733526,1,0.24453212320804596
ACH-000792,3218,0,0.013634462840855122
ACH-000792,3796,0,0.00013193261111155152
ACH-000792,44137675,0,0.0031779806595295668
ACH-000792,44632017,0,0.003034682711586356
ACH-000792,448013,0,3.7811289075762033e-05
ACH-000792,44819241,0,0.29319846630096436
ACH-000792,46907787,0,0.0003294207854196429
ACH-000792,46943432,0,8.190862718038261e-05
ACH-000792,49806720,0,0.0071219950914382935
ACH-000792,5289247,0,0.001542240264825523
ACH-000792,53302361,0,0.0001856023009167984
ACH-000792,56965967,0,8.709400572115555e-05
ACH-000792,637858,1,0.13188230991363525
ACH-000792,9910224,0,0.002918665297329426
ACH-000792,9956222,0,1.473780139349401e-05
ACH-000793,10384072,0,0.035162508487701416
ACH-000793,11667893,1,0.01725073717534542
ACH-000793,11960529,0,0.06695372611284256
ACH-000793,148124,0,0.0010475307935848832
ACH-000793,216326,0,0.06302475929260254
ACH-000793,444795,0,0.018556391820311546
ACH-000793,46843772,0,0.016720296815037727
ACH-000793,5311,0,0.009040786884725094
ACH-000793,5394,0,0.042192067950963974
ACH-000793,54685215,0,0.00359204038977623
ACH-000793,56962337,0,0.012090585194528103
ACH-000793,6450551,1,0.004251729231327772
ACH-000793,6914657,0,4.635347431758419e-05
ACH-000793,71271629,0,0.03583376109600067
ACH-000793,84691,0,0.00989662017673254
ACH-000794,10027278,0,0.016041139140725136
ACH-000794,10127622,0,0.5026458501815796
ACH-000794,10184653,1,0.40134167671203613
ACH-000794,10341154,0,0.027596719563007355
ACH-000794,10459196,0,0.03374611586332321
ACH-000794,11316960,0,0.25930872559547424
ACH-000794,11609586,1,0.03159354627132416
ACH-000794,11640390,0,0.5140810012817383
ACH-000794,11647372,0,0.00432469230145216
ACH-000794,11667893,0,0.22749735414981842
ACH-000794,11977753,0,0.08802885562181473
ACH-000794,16720766,0,0.06587193161249161
ACH-000794,216326,1,0.035541191697120667
ACH-000794,2375,0,0.019806811586022377
ACH-000794,24180719,1,0.2541373670101166
ACH-000794,24776445,0,0.009947425685822964
ACH-000794,24785538,0,0.4279283583164215
ACH-000794,25222038,0,0.033449526876211166
ACH-000794,42642645,0,0.03305190056562424
ACH-000794,44224160,0,0.0020705191418528557
ACH-000794,44551660,0,0.003995844628661871
ACH-000794,446378,0,0.05597351863980293
ACH-000794,448013,0,0.0356503501534462
ACH-000794,46930998,0,0.027985552325844765
ACH-000794,46943432,0,0.007541924715042114
ACH-000794,49806720,0,0.2741774022579193
ACH-000794,5208,0,0.010334169492125511
ACH-000794,5311497,0,0.03525760769844055
ACH-000794,53302361,0,0.02136317454278469
ACH-000794,5394,0,0.02907799929380417
ACH-000794,56962337,0,0.029158880934119225
ACH-000794,56965967,0,0.01886598765850067
ACH-000794,6445562,0,0.21195261180400848
ACH-000794,65110,0,0.02239522896707058
ACH-000794,6918289,1,0.07087541371583939
ACH-000794,6918638,0,0.004853696096688509
ACH-000794,6918848,0,0.004333680495619774
ACH-000794,71271629,0,0.020600831136107445
ACH-000794,85668777,0,0.4548496901988983
ACH-000794,9910224,0,0.019101088866591454
ACH-000794,9943465,0,0.24859698116779327
ACH-000795,10384072,0,0.08517633378505707
ACH-000795,10451420,1,0.9846861362457275
ACH-000795,11609586,0,0.1732560098171234
ACH-000795,11634725,1,0.6760550737380981
ACH-000795,11647372,0,0.13929450511932373
ACH-000795,11707110,1,0.7090599536895752
ACH-000795,126565,0,0.3068855404853821
ACH-000795,16725726,1,0.7206061482429504
ACH-000795,24951314,1,0.6237349510192871
ACH-000795,44632017,0,0.007378072943538427
ACH-000795,44819241,0,0.13820216059684753
ACH-000795,46191454,1,0.7550164461135864
ACH-000795,46883536,1,0.709467887878418
ACH-000795,46943432,1,0.967692494392395
ACH-000795,5278396,0,0.19239503145217896
ACH-000795,5289247,0,0.7190831899642944
ACH-000795,5291,0,0.12039821594953537
ACH-000795,5330286,1,0.3658474385738373
ACH-000795,5394,1,0.32299625873565674
ACH-000795,66577006,0,0.6660634279251099
ACH-000795,6852167,0,0.8354659676551819
ACH-000795,8249,0,0.5784940123558044
ACH-000795,9874913,0,0.17332273721694946
ACH-000795,9884685,0,0.16125303506851196
ACH-000795,9967941,0,0.17994806170463562
ACH-000798,10127622,0,0.32513901591300964
ACH-000798,10384072,0,0.00010728426423156634
ACH-000798,11152667,0,5.156151473784121e-06
ACH-000798,11455910,0,0.00375197920948267
ACH-000798,11624601,0,0.0009715385967865586
ACH-000798,126565,0,5.046460501034744e-05
ACH-000798,126941,0,0.0002878189261537045
ACH-000798,24180719,0,0.02474522963166237
ACH-000798,25262965,0,5.0093335630663205e-06
ACH-000798,44182295,0,0.061271317303180695
ACH-000798,44450571,0,0.0025797432754188776
ACH-000798,5311,0,1.4607361663365737e-05
ACH-000798,5328940,0,0.00020184210734441876
ACH-000798,5330286,0,6.524855416500941e-05
ACH-000798,54685215,0,0.0002533584483899176
ACH-000798,57339144,0,0.00033159679151140153
ACH-000798,6253,0,0.00012236919428687543
ACH-000798,644241,0,0.00030371086904779077
ACH-000798,6918289,0,0.0006577035528607666
ACH-000798,71271629,0,7.759321306366473e-05
ACH-000798,9826528,0,0.17541486024856567
ACH-000800,10074640,1,0.011814333498477936
ACH-000800,10113978,0,0.017018206417560577
ACH-000800,10390396,0,0.0158871840685606
ACH-000800,10451420,1,0.9110546112060547
ACH-000800,11152667,0,0.0016866446239873767
ACH-000800,11178236,0,0.019228709861636162
ACH-000800,11316960,0,0.00606171227991581
ACH-000800,11626927,1,0.08496081084012985
ACH-000800,148124,0,0.0067305052652955055
ACH-000800,16720766,0,0.020527616143226624
ACH-000800,16725726,1,0.9600092768669128
ACH-000800,176167,0,0.059451840817928314
ACH-000800,176870,0,0.19132645428180695
ACH-000800,17755052,0,0.03902342915534973
ACH-000800,216239,0,0.002286735689267516
ACH-000800,2314623,0,0.06213930994272232
ACH-000800,23725625,0,0.015515470877289772
ACH-000800,2375,0,0.0968489944934845
ACH-000800,25022668,0,0.002666958374902606
ACH-000800,25126798,0,0.1626855432987213
ACH-000800,25262965,0,0.012640275992453098
ACH-000800,44182295,0,0.0002579636056907475
ACH-000800,44462760,0,0.0015313945477828383
ACH-000800,44819241,0,0.045638978481292725
ACH-000800,462382,0,0.0023956228978931904
ACH-000800,46883536,0,0.2670617401599884
ACH-000800,46930998,0,0.09842649102210999
ACH-000800,49836027,0,0.02477630227804184
ACH-000800,521106,0,0.005552781280130148
ACH-000800,5384616,0,0.15535975992679596
ACH-000800,5459322,0,0.0266860444098711
ACH-000800,56965967,0,0.03658692166209221
ACH-000800,5746,0,0.0067147500813007355
ACH-000800,60750,0,0.0016006907681003213
ACH-000800,637858,0,0.009261338040232658
ACH-000800,6505803,0,0.0004496224282775074
ACH-000800,66577006,1,0.6051440238952637
ACH-000800,6753378,0,0.050145842134952545
ACH-000800,6914657,0,0.004181219730526209
ACH-000800,6918638,0,0.06745595484972
ACH-000800,7251185,0,0.017125185579061508
ACH-000800,9813758,0,0.24968205392360687
ACH-000800,9914412,0,0.00893590971827507
ACH-000800,9943465,0,0.015960978344082832
ACH-000800,9952773,0,0.026566587388515472
ACH-000802,10077147,1,0.19969365000724792
ACH-000802,11282283,0,0.06886564195156097
ACH-000802,11373846,0,0.003083609975874424
ACH-000802,148124,1,0.2633056342601776
ACH-000802,16747388,0,0.03138883411884308
ACH-000802,176158,1,0.4829898774623871
ACH-000802,176167,0,0.012624907307326794
ACH-000802,2375,1,0.07728487253189087
ACH-000802,24776445,1,0.4542345702648163
ACH-000802,24951314,0,0.0009040172444656491
ACH-000802,25126798,0,0.0446946918964386
ACH-000802,25195352,0,0.003226677654311061
ACH-000802,31703,1,0.48132428526878357
ACH-000802,44182295,0,0.3846697211265564
ACH-000802,44462760,1,0.6571142077445984
ACH-000802,46885626,0,0.022336727008223534
ACH-000802,49806720,0,0.03527340665459633
ACH-000802,5208,0,0.4451829791069031
ACH-000802,5311,0,0.1019640564918518
ACH-000802,5311497,0,0.4590371251106262
ACH-000802,5327091,0,0.4138937294483185
ACH-000802,53302361,0,0.3058318495750427
ACH-000802,5459322,0,0.33363741636276245
ACH-000802,54676905,0,0.1856738030910492
ACH-000802,560326,0,0.0942656397819519
ACH-000802,5746,0,0.3780626356601715
ACH-000802,6253,1,0.27771782875061035
ACH-000802,65110,0,0.06427133828401566
ACH-000802,82146,0,0.48176026344299316
ACH-000802,8249,0,0.015099594369530678
ACH-000802,9903786,0,0.0005329730338416994
ACH-000802,9938202,0,0.12237870693206787
ACH-000802,9943465,0,0.16752846539020538
ACH-000803,10302451,0,0.146078422665596
ACH-000803,11152667,0,0.01592867262661457
ACH-000803,11364421,0,0.10235657542943954
ACH-000803,11455910,0,0.08958960324525833
ACH-000803,11493598,0,0.1312958151102066
ACH-000803,11626927,0,0.03146591782569885
ACH-000803,11676786,0,0.021225983276963234
ACH-000803,11713159,0,0.010752950794994831
ACH-000803,11977753,0,0.028835872188210487
ACH-000803,17755052,0,0.006303955335170031
ACH-000803,20635522,0,0.03033755160868168
ACH-000803,23725625,0,0.007420399691909552
ACH-000803,24772860,0,0.0018379117827862501
ACH-000803,24776445,0,0.0036584031768143177
ACH-000803,24951314,0,0.0036405709106475115
ACH-000803,25022668,0,0.012282151728868484
ACH-000803,25167777,0,0.0055382391437888145
ACH-000803,2733526,0,0.02386716939508915
ACH-000803,3062316,0,0.17265191674232483
ACH-000803,3385,0,0.03899184241890907
ACH-000803,44450571,0,0.06656155735254288
ACH-000803,44551660,0,0.005612082313746214
ACH-000803,46224516,0,0.009788542985916138
ACH-000803,49836027,0,0.06024261564016342
ACH-000803,51371303,1,0.03291480988264084
ACH-000803,54685215,0,0.05077925696969032
ACH-000803,560326,0,0.010231498628854752
ACH-000803,5717801,0,0.0020385386887937784
ACH-000803,66577006,0,0.05220057815313339
ACH-000803,6918289,0,0.05021068826317787
ACH-000803,82146,0,0.025998428463935852
ACH-000803,9874913,0,0.15314219892024994
ACH-000803,9903786,0,0.006693295203149319
ACH-000803,9931953,0,0.022502614185214043
ACH-000804,10074640,1,0.08070410788059235
ACH-000804,10184653,0,0.2740895748138428
ACH-000804,10459196,0,0.01685415580868721
ACH-000804,11152667,0,0.008192697539925575
ACH-000804,11178236,0,0.08835133165121078
ACH-000804,11316960,0,0.020704463124275208
ACH-000804,11455910,0,0.0382646806538105
ACH-000804,11609586,0,0.04040433093905449
ACH-000804,11617559,1,0.29051434993743896
ACH-000804,11624601,0,0.08404496312141418
ACH-000804,11977753,0,0.01573893427848816
ACH-000804,126565,0,0.007100108079612255
ACH-000804,156422,0,0.12219294160604477
ACH-000804,159324,0,0.03631110116839409
ACH-000804,16725726,1,0.7585759162902832
ACH-000804,16747388,0,0.01540931686758995
ACH-000804,176158,0,0.02907727286219597
ACH-000804,2314623,0,0.24844151735305786
ACH-000804,24180719,0,0.03095499612390995
ACH-000804,24889392,0,0.48681125044822693
ACH-000804,24894414,0,0.2550741136074066
ACH-000804,25102847,0,0.045437902212142944
ACH-000804,25195352,1,0.025003768503665924
ACH-000804,25257557,1,0.9440538883209229
ACH-000804,2726824,0,0.11076191067695618
ACH-000804,300471,1,0.026507018133997917
ACH-000804,36462,0,0.0036512394435703754
ACH-000804,42640,0,0.09434891492128372
ACH-000804,44143370,0,0.17502862215042114
ACH-000804,44462760,0,0.006442185025662184
ACH-000804,46224516,0,0.034895457327365875
ACH-000804,46843772,0,0.1522543877363205
ACH-000804,46883536,0,0.1612718552350998
ACH-000804,5113032,0,0.19497305154800415
ACH-000804,53302361,0,0.025954198092222214
ACH-000804,5394,0,0.06390365213155746
ACH-000804,5459322,0,0.055871881544589996
ACH-000804,560326,0,0.0631895512342453
ACH-000804,637858,0,0.03538038209080696
ACH-000804,76044,0,0.002274666912853718
ACH-000804,84691,0,0.009600933641195297
ACH-000804,85668777,0,0.18455491960048676
ACH-000804,9910224,0,0.11575620621442795
ACH-000804,9938202,1,0.1942616105079651
ACH-000804,9967941,1,0.3457697629928589
ACH-000805,10200390,0,0.016032209619879723
ACH-000805,11373846,0,0.009589886292815208
ACH-000805,11713159,0,0.07961603999137878
ACH-000805,11754511,0,0.0024843935389071703
ACH-000805,1401,0,0.13427115976810455
ACH-000805,16720766,0,0.06616456061601639
ACH-000805,24826799,0,0.011594879440963268
ACH-000805,24978538,0,0.034700337797403336
ACH-000805,2726824,0,0.08311212807893753
ACH-000805,31703,1,0.0252167209982872
ACH-000805,3385,0,0.059382785111665726
ACH-000805,3796,0,0.015742361545562744
ACH-000805,42642645,0,0.01270093023777008
ACH-000805,44143370,0,0.008485310710966587
ACH-000805,46907787,1,0.01475015003234148
ACH-000805,46930998,0,0.0045742918737232685
ACH-000805,49806720,0,0.051534295082092285
ACH-000805,5208,1,0.012711979448795319
ACH-000805,5280757,0,0.16259776055812836
ACH-000805,5460769,0,0.04360798001289368
ACH-000805,6445562,0,0.015345730818808079
ACH-000805,6918638,0,0.0010598504450172186
ACH-000805,9826528,1,0.9361118674278259
ACH-000805,9863776,1,0.7901254892349243
ACH-000805,9931953,0,0.09029082953929901
ACH-000806,10074640,0,0.010614780709147453
ACH-000806,10077147,0,0.023684928193688393
ACH-000806,10096043,0,0.00012781219265889376
ACH-000806,10109823,0,0.0004647766472771764
ACH-000806,10184653,0,0.013997551053762436
ACH-000806,10390396,0,0.0005228673689998686
ACH-000806,10459196,0,0.32348912954330444
ACH-000806,11316960,0,0.09429730474948883
ACH-000806,11364421,0,0.0027026652824133635
ACH-000806,11404337,0,0.0006241115625016391
ACH-000806,11707110,0,0.021940680220723152
ACH-000806,148124,0,0.007099560461938381
ACH-000806,160355,0,0.001998214516788721
ACH-000806,176870,0,0.016992587596178055
ACH-000806,17755052,0,0.020682547241449356
ACH-000806,2314623,0,0.059759292751550674
ACH-000806,2375,0,0.1840459406375885
ACH-000806,24772860,0,6.378575199050829e-05
ACH-000806,24825971,0,0.004754338413476944
ACH-000806,25126798,0,0.11368363350629807
ACH-000806,25195352,0,0.0001849133986979723
ACH-000806,25262965,0,0.09893735498189926
ACH-000806,300471,0,0.024200987070798874
ACH-000806,3005532,1,0.007935838773846626
ACH-000806,31703,0,0.0011171140940859914
ACH-000806,36462,0,0.07869332283735275
ACH-000806,387447,0,0.028781013563275337
ACH-000806,4261,0,0.003628422738984227
ACH-000806,44462760,1,0.028455069288611412
ACH-000806,46191454,0,0.004828030709177256
ACH-000806,46844147,0,0.003643074305728078
ACH-000806,46931012,0,0.0003123947826679796
ACH-000806,5291,0,0.017238019034266472
ACH-000806,5329102,0,8.785047248238698e-05
ACH-000806,53394750,0,0.18634732067584991
ACH-000806,5460769,0,0.12687785923480988
ACH-000806,5494449,0,0.011617680080235004
ACH-000806,57339144,0,0.4930568039417267
ACH-000806,6450551,0,0.018526125699281693
ACH-000806,6505803,0,0.001471057184971869
ACH-000806,66577006,0,0.009550536051392555
ACH-000806,6914657,0,0.000570589501876384
ACH-000806,6918848,0,0.0009719644440338016
ACH-000806,8249,0,0.009573355317115784
ACH-000806,9863776,0,0.016109751537442207
ACH-000806,9874913,0,0.004141794517636299
ACH-000806,9911830,1,0.032051730901002884
ACH-000806,9914412,0,0.11086245626211166
ACH-000810,10096043,0,0.01865326054394245
ACH-000810,10109823,0,0.07938944548368454
ACH-000810,10341154,0,0.01086054090410471
ACH-000810,104842,0,0.003646428696811199
ACH-000810,11634725,1,0.7942885160446167
ACH-000810,11640390,0,0.5079382658004761
ACH-000810,16725726,0,0.2715531885623932
ACH-000810,16747388,1,0.2962148189544678
ACH-000810,176158,0,0.010358214378356934
ACH-000810,23725625,0,0.005102760624140501
ACH-000810,24889392,0,0.01573554426431656
ACH-000810,25102847,0,0.004943961277604103
ACH-000810,25195352,0,0.014816022478044033
ACH-000810,25222038,0,0.011798595078289509
ACH-000810,2733526,0,0.025825493037700653
ACH-000810,31703,0,0.0051404740661382675
ACH-000810,3218,0,0.023061390966176987
ACH-000810,3385,0,0.024308498948812485
ACH-000810,42642645,0,0.00650018872693181
ACH-000810,444795,0,0.08001357316970825
ACH-000810,44632017,0,0.002283865585923195
ACH-000810,446378,0,0.012354989536106586
ACH-000810,447912,0,0.013513676822185516
ACH-000810,51371303,0,0.037075694650411606
ACH-000810,521106,0,0.001135304570198059
ACH-000810,5311,0,0.011018495075404644
ACH-000810,5328940,0,0.06419014930725098
ACH-000810,5394,0,0.017713775858283043
ACH-000810,5459322,1,0.09777428954839706
ACH-000810,56962337,0,0.012356061488389969
ACH-000810,6445562,0,0.29430797696113586
ACH-000810,6450816,0,0.00334182963706553
ACH-000810,6710780,0,0.008697370067238808
ACH-000810,6918289,0,0.033295728266239166
ACH-000810,9863776,1,0.5460850596427917
ACH-000810,9868037,0,0.012780330143868923
ACH-000810,9903786,0,0.04017243906855583
ACH-000810,9914412,0,0.0030074813403189182
ACH-000810,9938202,0,0.029714053496718407
ACH-000810,9952773,0,0.014336518943309784
ACH-000811,10109823,0,0.022072937339544296
ACH-000811,11316960,0,0.000842466892208904
ACH-000811,11404337,0,0.000904537329915911
ACH-000811,148124,0,0.01570918597280979
ACH-000811,16747388,0,0.0005150253418833017
ACH-000811,24772860,0,0.0004108786815777421
ACH-000811,24951314,0,0.006948080845177174
ACH-000811,25124816,0,0.042271025478839874
ACH-000811,25262965,0,0.014401288703083992
ACH-000811,2726824,0,0.02294079028069973
ACH-000811,31703,0,0.000437102688010782
ACH-000811,36462,0,0.0005427876021713018
ACH-000811,44224160,0,0.025386113673448563
ACH-000811,447912,0,0.015015699900686741
ACH-000811,46191454,0,0.020597245544195175
ACH-000811,46907787,0,0.008673877455294132
ACH-000811,5327091,0,0.0026207827031612396
ACH-000811,53394750,0,0.14132054150104523
ACH-000811,57339144,0,0.009033937938511372
ACH-000811,644241,0,0.0015315376222133636
ACH-000811,65110,0,0.0019826556090265512
ACH-000811,6710780,0,0.0010287532350048423
ACH-000811,6918289,0,0.007394945714622736
ACH-000811,6918848,0,0.005231580231338739
ACH-000811,704473,0,0.04006464034318924
ACH-000811,71271629,0,0.0036080197896808386
ACH-000811,9826528,0,4.729413922177628e-05
ACH-000811,9910224,0,0.011040277779102325
ACH-000811,9943465,0,0.003956057596951723
ACH-000811,9956119,1,0.14513549208641052
ACH-000811,9956222,0,0.1466151922941208
ACH-000811,9967941,0,0.027869706973433495
ACH-000812,10127622,0,0.38274240493774414
ACH-000812,10196499,0,0.0005124146700836718
ACH-000812,10459196,0,0.016139661893248558
ACH-000812,104842,0,0.004916107747703791
ACH-000812,11152667,0,0.008898161351680756
ACH-000812,11373846,0,0.005473680328577757
ACH-000812,11707110,1,0.7994349598884583
ACH-000812,11713159,0,0.0012102966429665685
ACH-000812,17755052,0,0.00042748896521516144
ACH-000812,23725625,0,0.005924999713897705
ACH-000812,24756910,0,0.0005360533250495791
ACH-000812,24826799,0,0.00032935861963778734
ACH-000812,24889392,0,0.003091581165790558
ACH-000812,25124816,0,0.0205693319439888
ACH-000812,25195352,0,0.0002217937435489148
ACH-000812,2726824,0,0.05046653002500534
ACH-000812,2733526,0,0.012340888381004333
ACH-000812,3463933,0,0.052520617842674255
ACH-000812,446378,0,0.0036911778151988983
ACH-000812,447912,0,0.006116169039160013
ACH-000812,44819241,0,0.03758109733462334
ACH-000812,5278396,0,0.0015403433935716748
ACH-000812,56962337,0,0.02709215134382248
ACH-000812,644241,0,0.08331864327192307
ACH-000812,6710780,0,0.01513553224503994
ACH-000812,6753378,0,0.007608033251017332
ACH-000812,6852167,0,0.0009080608142539859
ACH-000812,6914657,0,0.00036828298470936716
ACH-000812,6918848,0,0.00034082549973390996
ACH-000812,85668777,1,0.1281345784664154
ACH-000812,9813758,0,0.004190620966255665
ACH-000812,9911830,0,0.0021807586308568716
ACH-000812,9914412,0,0.0017863900866359472
ACH-000812,9956119,0,0.009540420025587082
ACH-000812,9967941,0,0.017253389582037926
ACH-000814,10113978,0,5.23537200933788e-05
ACH-000814,10127622,0,0.732554018497467
ACH-000814,10184653,0,0.019580045714974403
ACH-000814,10200390,0,2.153302739316132e-05
ACH-000814,10341154,0,0.0026199377607554197
ACH-000814,11152667,0,0.0009170080884359777
ACH-000814,11178236,0,0.0003251963935326785
ACH-000814,11282283,0,0.004652795381844044
ACH-000814,11373846,0,0.0013740335125476122
ACH-000814,11455910,0,0.0259744580835104
ACH-000814,11485656,0,0.00029185437597334385
ACH-000814,11617559,0,0.0005152224912308156
ACH-000814,11754511,0,4.289689604775049e-05
ACH-000814,126565,0,0.014217311516404152
ACH-000814,1401,0,0.012226840481162071
ACH-000814,148124,0,0.0002873177290894091
ACH-000814,159324,0,3.5598219255916774e-05
ACH-000814,16720766,0,0.00817087758332491
ACH-000814,17755052,0,4.9937621952267364e-05
ACH-000814,24180719,1,0.867116391658783
ACH-000814,24826799,0,1.5227852600219194e-05
ACH-000814,24951314,0,5.765714377048425e-06
ACH-000814,25102847,0,4.25996258854866e-05
ACH-000814,3463933,0,0.015163564123213291
ACH-000814,4263900,0,0.0005114462692290545
ACH-000814,44182295,1,0.9812260866165161
ACH-000814,44819241,0,0.012235015630722046
ACH-000814,46885626,0,0.001043144497089088
ACH-000814,46930998,0,4.621258995030075e-05
ACH-000814,46931012,0,2.16951229958795e-05
ACH-000814,49806720,0,0.005414053797721863
ACH-000814,521106,0,2.224440140707884e-05
ACH-000814,5289247,0,0.11311089247465134
ACH-000814,5311,0,0.0016272638458758593
ACH-000814,5459322,0,0.027180097997188568
ACH-000814,54676905,0,0.0008978760452009737
ACH-000814,57339144,0,0.010958532802760601
ACH-000814,60750,0,0.0005983379669487476
ACH-000814,6253,0,0.01061424519866705
ACH-000814,6445562,0,0.0005060244584456086
ACH-000814,6852167,0,0.00010645413567544892
ACH-000814,6918454,0,0.9791953563690186
ACH-000814,6918638,0,3.261102028773166e-05
ACH-000814,85668777,0,0.05606783181428909
ACH-000814,9826528,1,0.9789592623710632
ACH-000814,9884685,0,7.621956115144712e-07
ACH-000814,9903786,0,7.282113801920786e-05
ACH-000815,10113978,0,0.000770772690884769
ACH-000815,10172943,0,0.0009858767734840512
ACH-000815,104842,0,0.003289097221568227
ACH-000815,11316960,0,0.017252106219530106
ACH-000815,11338033,0,0.0002945193264167756
ACH-000815,11493598,0,0.0016307584010064602
ACH-000815,11625818,0,0.08644875884056091
ACH-000815,11640390,0,0.009962505660951138
ACH-000815,11676786,0,0.000442669348558411
ACH-000815,126941,0,0.0805799588561058
ACH-000815,16760646,0,0.02207951806485653
ACH-000815,176158,0,0.0046041496098041534
ACH-000815,176870,0,0.11033833771944046
ACH-000815,24772860,0,0.00015693610475864261
ACH-000815,24894414,0,0.16802214086055756
ACH-000815,25102847,0,0.0014374685706570745
ACH-000815,25167777,0,0.004143346566706896
ACH-000815,31703,0,8.276380685856566e-05
ACH-000815,4263900,0,0.0007448255782946944
ACH-000815,44182295,0,0.001229612622410059
ACH-000815,44551660,0,0.0031789960339665413
ACH-000815,46883536,0,0.021494422107934952
ACH-000815,46930998,0,0.028262529522180557
ACH-000815,46931012,0,0.0003189121780451387
ACH-000815,5311510,0,0.003670081030577421
ACH-000815,5327091,0,0.0030207482632249594
ACH-000815,53302361,0,0.0008352860459126532
ACH-000815,53394750,0,0.053603291511535645
ACH-000815,5460769,0,0.005328933708369732
ACH-000815,560326,0,0.0043889787048101425
ACH-000815,56965967,0,0.0017217326676473022
ACH-000815,57339144,0,0.09012976288795471
ACH-000815,6914657,0,0.002276521408930421
ACH-000815,84691,0,0.0033669823314994574
ACH-000815,9874913,0,0.1693892776966095
ACH-000815,9910224,0,0.1202380433678627
ACH-000815,9914412,0,0.0029085641726851463
ACH-000816,10200390,0,0.021749189123511314
ACH-000816,10461815,0,0.09390094876289368
ACH-000816,11316960,0,0.03993350267410278
ACH-000816,11364421,0,0.01813340373337269
ACH-000816,11455910,0,0.005793620832264423
ACH-000816,11609586,0,0.06125916168093681
ACH-000816,11640390,0,0.016481496393680573
ACH-000816,11647372,0,0.0033377541694790125
ACH-000816,11977753,0,0.009676327928900719
ACH-000816,123631,0,0.004571899771690369
ACH-000816,126565,0,0.2178918719291687
ACH-000816,156422,0,0.011027514934539795
ACH-000816,159324,0,0.03619416430592537
ACH-000816,176158,0,0.05305063724517822
ACH-000816,24772860,0,0.0013667353196069598
ACH-000816,24785538,0,0.011744866147637367
ACH-000816,24826799,0,0.03406510502099991
ACH-000816,24978538,1,0.26363494992256165
ACH-000816,25126798,0,0.10527484863996506
ACH-000816,25222038,0,0.004379087593406439
ACH-000816,25257557,0,0.3023586571216583
ACH-000816,25262965,0,0.23652812838554382
ACH-000816,42640,0,0.010488576255738735
ACH-000816,44137675,0,0.017464203760027885
ACH-000816,44462760,0,0.019969141110777855
ACH-000816,447912,0,0.22641746699810028
ACH-000816,448013,0,0.0029775823932141066
ACH-000816,44819241,0,0.12381897866725922
ACH-000816,46943432,0,0.03985387086868286
ACH-000816,5113032,0,0.19189214706420898
ACH-000816,5280757,0,0.08024090528488159
ACH-000816,5311,0,0.17879429459571838
ACH-000816,5327091,0,0.023060081526637077
ACH-000816,53340664,0,0.054502613842487335
ACH-000816,5494449,1,0.12206026166677475
ACH-000816,6445533,0,0.06968285143375397
ACH-000816,66577006,0,0.05396631732583046
ACH-000816,6710780,0,0.092550128698349
ACH-000816,6918454,0,0.004091550130397081
ACH-000816,6918848,0,0.007331945467740297
ACH-000816,85668777,0,0.00449023861438036
ACH-000816,9903786,0,0.006008555181324482
ACH-000816,9931953,0,0.03759003430604935
ACH-000816,9952773,0,0.00858839601278305
ACH-000816,9967941,0,0.007735856343060732
ACH-000817,10077147,0,0.3475661873817444
ACH-000817,10184653,0,0.015408267267048359
ACH-000817,10451420,1,0.5941781401634216
ACH-000817,11282283,0,0.3183426260948181
ACH-000817,11455910,0,0.008012820035219193
ACH-000817,11707110,0,0.025188054889440536
ACH-000817,11844351,0,0.012977506965398788
ACH-000817,1401,1,0.3347460627555847
ACH-000817,148124,0,0.007311262656003237
ACH-000817,156422,0,0.019888952374458313
ACH-000817,16747388,0,0.052236028015613556
ACH-000817,208908,0,0.03943544626235962
ACH-000817,2314623,0,0.09036526829004288
ACH-000817,24826799,0,0.00796123780310154
ACH-000817,24889392,0,0.19608162343502045
ACH-000817,24978538,1,0.7324583530426025
ACH-000817,25124816,0,0.015125877223908901
ACH-000817,25167777,0,0.04777681455016136
ACH-000817,44143370,0,0.004551699850708246
ACH-000817,44551660,0,0.037742894142866135
ACH-000817,46224516,0,0.06130174919962883
ACH-000817,46844147,0,0.0358123704791069
ACH-000817,46943432,1,0.3528828024864197
ACH-000817,49836027,1,0.018689168617129326
ACH-000817,5208,0,0.03160436823964119
ACH-000817,5311510,0,0.03605338931083679
ACH-000817,53302361,0,0.029788000509142876
ACH-000817,5330286,0,0.15013082325458527
ACH-000817,5384616,1,0.037711769342422485
ACH-000817,5459322,0,0.059766847640275955
ACH-000817,5460769,0,0.08430395275354385
ACH-000817,560326,0,0.23251110315322876
ACH-000817,637858,0,0.0875672698020935
ACH-000817,6445533,0,0.09119546413421631
ACH-000817,6918289,1,0.39698082208633423
ACH-000817,6918638,0,0.06327299773693085
ACH-000817,6918848,0,0.04102998971939087
ACH-000817,704473,0,0.43023887276649475
ACH-000817,7251185,0,0.2505411207675934
ACH-000817,8249,0,0.07517882436513901
ACH-000817,9874913,0,0.01943466253578663
ACH-000817,9907093,0,0.025718992576003075
ACH-000817,9938202,0,0.1218017190694809
ACH-000817,9943465,0,0.06251857429742813
ACH-000818,11152667,0,0.0006805858574807644
ACH-000818,11282283,0,0.08897963166236877
ACH-000818,11338033,0,0.005374270491302013
ACH-000818,11433190,0,0.016026966273784637
ACH-000818,11667893,0,0.019712865352630615
ACH-000818,11754511,0,0.036631014198064804
ACH-000818,11977753,0,0.0018787794979289174
ACH-000818,176167,0,0.09181724488735199
ACH-000818,216326,0,0.011479607783257961
ACH-000818,2375,0,0.016402309760451317
ACH-000818,24785538,0,0.004076337441802025
ACH-000818,24826799,0,0.001235681469552219
ACH-000818,24951314,0,0.007544834166765213
ACH-000818,25126798,0,0.032454632222652435
ACH-000818,25262965,0,0.009980611503124237
ACH-000818,3005532,0,0.0011013603070750833
ACH-000818,3218,0,0.001143139787018299
ACH-000818,44143370,0,0.044576067477464676
ACH-000818,444795,0,0.041338980197906494
ACH-000818,46885626,0,0.031621627509593964
ACH-000818,46930998,0,0.05161401629447937
ACH-000818,51371303,0,0.036722924560308456
ACH-000818,521106,0,0.0004715147370006889
ACH-000818,53302361,0,0.002660086378455162
ACH-000818,54685215,0,0.002403032500296831
ACH-000818,5746,0,0.0015727076679468155
ACH-000818,6450551,0,0.0003541023179423064
ACH-000818,82146,0,0.0025450203102082014
ACH-000818,9903786,0,0.011753542348742485
ACH-000818,9914412,0,0.0018301071831956506
ACH-000818,9943465,0,0.011297625489532948
ACH-000818,9956119,0,0.1279154270887375
ACH-000821,10077147,0,0.0037697702646255493
ACH-000821,10109823,0,0.00102248415350914
ACH-000821,10127622,0,0.007256654556840658
ACH-000821,10459196,0,0.008421662263572216
ACH-000821,10461815,0,0.0036798196379095316
ACH-000821,104842,0,0.004068181850016117
ACH-000821,11485656,0,0.03729313984513283
ACH-000821,11493598,0,0.016556942835450172
ACH-000821,11617559,0,0.47138336300849915
ACH-000821,11625818,0,0.2158738374710083
ACH-000821,11634725,0,0.0015260950895026326
ACH-000821,1401,0,0.01511272694915533
ACH-000821,16663089,0,0.0027264237869530916
ACH-000821,216239,0,0.00038889585994184017
ACH-000821,2314623,0,0.07617068290710449
ACH-000821,23725625,0,0.025581398978829384
ACH-000821,2375,0,0.1148768737912178
ACH-000821,24772860,0,0.0020888387225568295
ACH-000821,24776445,0,0.006497497204691172
ACH-000821,24785538,0,0.000749952276237309
ACH-000821,24826799,0,0.00042749836575239897
ACH-000821,24978538,0,0.8141247630119324
ACH-000821,25124816,0,0.004354393109679222
ACH-000821,300471,0,0.0015401006676256657
ACH-000821,3218,0,0.0042507583275437355
ACH-000821,36462,0,0.001310658873990178
ACH-000821,42640,0,0.023462144657969475
ACH-000821,446378,0,0.0011265127686783671
ACH-000821,44819241,0,0.04559304937720299
ACH-000821,46224516,0,0.08293768018484116
ACH-000821,5208,0,0.0005093385698273778
ACH-000821,521106,0,0.0006861626170575619
ACH-000821,5280757,0,0.0077291205525398254
ACH-000821,5329102,0,0.0001549378939671442
ACH-000821,5330286,0,0.0043516624718904495
ACH-000821,6450551,0,0.0008713582064956427
ACH-000821,9868037,0,0.23322682082653046
ACH-000821,9874913,0,0.1038719043135643
ACH-000821,9938202,0,0.06712321192026138
ACH-000822,10451420,0,0.16263647377490997
ACH-000822,11152667,0,0.018497033044695854
ACH-000822,11625818,0,0.008425748907029629
ACH-000822,11707110,1,0.47708553075790405
ACH-000822,159324,0,0.008077304810285568
ACH-000822,24776445,0,0.008499793708324432
ACH-000822,24889392,0,0.030151162296533585
ACH-000822,24894414,0,0.011934601701796055
ACH-000822,24951314,0,0.0034930326510220766
ACH-000822,25257557,1,0.334604948759079
ACH-000822,2733526,0,0.005250506103038788
ACH-000822,300471,0,0.001541942241601646
ACH-000822,3796,0,0.02010449953377247
ACH-000822,4263900,0,0.005285285878926516
ACH-000822,42642645,0,0.07349184900522232
ACH-000822,44462760,1,0.3593144416809082
ACH-000822,44551660,0,0.019733799621462822
ACH-000822,44632017,0,0.0008828809950500727
ACH-000822,44819241,0,0.006073865108191967
ACH-000822,49806720,0,0.03807090222835541
ACH-000822,5208,0,0.0023672834504395723
ACH-000822,5311,0,0.01708449237048626
ACH-000822,5460769,0,0.004923248663544655
ACH-000822,56962337,0,0.004616885911673307
ACH-000822,6753378,0,0.02055833674967289
ACH-000822,704473,0,0.029165707528591156
ACH-000822,71271629,0,0.018083075061440468
ACH-000822,84691,0,0.004887835588306189
ACH-000822,9903786,0,0.02132587321102619
ACH-000822,9931953,0,0.004020072054117918
ACH-000822,9956119,0,0.011484723538160324
ACH-000822,9967941,0,0.013756804168224335
ACH-000823,10127622,0,0.42265763878822327
ACH-000823,10196499,0,0.05425916239619255
ACH-000823,10459196,0,0.019754517823457718
ACH-000823,104842,0,0.008293370716273785
ACH-000823,11433190,0,0.15454062819480896
ACH-000823,11455910,0,0.3472574055194855
ACH-000823,11617559,0,0.0649949386715889
ACH-000823,11625818,0,0.08922073245048523
ACH-000823,11960529,0,0.015410452149808407
ACH-000823,24889392,0,0.04652182012796402
ACH-000823,3005532,0,0.2026820182800293
ACH-000823,31703,0,0.005351460073143244
ACH-000823,448013,0,0.019637461751699448
ACH-000823,46191454,0,0.011734642088413239
ACH-000823,46843772,0,0.05834051966667175
ACH-000823,46885626,0,0.029139643535017967
ACH-000823,46907787,0,0.018758520483970642
ACH-000823,46930998,0,0.0258092749863863
ACH-000823,46931012,0,0.009105458855628967
ACH-000823,46943432,0,0.016104530543088913
ACH-000823,49806720,0,0.27636271715164185
ACH-000823,51371303,0,0.07028942555189133
ACH-000823,66577006,0,0.03289690613746643
ACH-000823,6918454,0,0.2268800288438797
ACH-000823,6918848,0,0.012491593137383461
ACH-000823,71271629,0,0.012793530710041523
ACH-000823,9826528,0,0.35181134939193726
ACH-000823,9931953,0,0.02968735806643963
ACH-000823,9943465,1,0.2047201246023178
ACH-000824,10096043,0,0.30765289068222046
ACH-000824,10109823,0,0.036498770117759705
ACH-000824,10127622,0,0.09580697119235992
ACH-000824,10384072,0,0.29442235827445984
ACH-000824,11178236,0,0.019057950004935265
ACH-000824,11282283,0,0.03237314894795418
ACH-000824,11617559,0,0.005009261891245842
ACH-000824,11667893,0,0.27696409821510315
ACH-000824,16725726,0,0.08101055026054382
ACH-000824,16747388,0,0.00503145158290863
ACH-000824,176167,0,0.004123376682400703
ACH-000824,24776445,1,0.15838581323623657
ACH-000824,25124816,1,0.20184269547462463
ACH-000824,2726824,0,0.14510084688663483
ACH-000824,4263900,1,0.5875809192657471
ACH-000824,44143370,0,0.0017898575169965625
ACH-000824,44182295,0,0.015639949589967728
ACH-000824,44224160,0,0.0004207847232464701
ACH-000824,44551660,0,0.00020578672410920262
ACH-000824,44632017,0,0.40373584628105164
ACH-000824,448013,1,0.7398457527160645
ACH-000824,44819241,0,0.14864905178546906
ACH-000824,46191454,0,0.0012636864557862282
ACH-000824,5208,0,0.48846837878227234
ACH-000824,5311497,0,0.6014073491096497
ACH-000824,53394750,0,0.10890644788742065
ACH-000824,5746,1,0.27914100885391235
ACH-000824,644241,0,0.058319780975580215
ACH-000824,66577006,0,0.006896256934851408
ACH-000824,6753378,0,0.001522811595350504
ACH-000824,6852167,0,0.0011333951260894537
ACH-000824,85668777,1,0.0430230088531971
ACH-000824,9810884,0,0.2482292652130127
ACH-000824,9858940,0,0.158974289894104
ACH-000824,9931953,0,0.2931310832500458
ACH-000824,9956119,0,0.1576542854309082
ACH-000825,10200390,0,7.87975950515829e-05
ACH-000825,10341154,0,0.004117350559681654
ACH-000825,10451420,0,0.00033259252086281776
ACH-000825,11178236,0,0.000297630816930905
ACH-000825,11282283,0,0.005651021841913462
ACH-000825,11373846,0,6.844923336757347e-05
ACH-000825,11455910,0,0.01505918987095356
ACH-000825,11647372,0,6.345524980133632e-06
ACH-000825,16722836,0,1.8226273823529482e-05
ACH-000825,16725726,0,0.0011869033332914114
ACH-000825,216326,0,0.02695261314511299
ACH-000825,2314623,0,0.02083774097263813
ACH-000825,24889392,0,0.00023240104201249778
ACH-000825,24951314,0,8.616242666903418e-06
ACH-000825,25126798,0,0.002075726864859462
ACH-000825,25257557,0,0.04827364906668663
ACH-000825,2726824,0,0.061357419937849045
ACH-000825,2733526,0,0.039706457406282425
ACH-000825,300471,0,0.024739105254411697
ACH-000825,36462,0,0.02227260358631611
ACH-000825,3796,0,6.4509229559917e-05
ACH-000825,44137675,0,0.0023388091940432787
ACH-000825,444795,0,0.0031292783096432686
ACH-000825,44551660,0,6.378689249686431e-06
ACH-000825,447912,0,0.0006424267776310444
ACH-000825,44819241,0,0.09854478389024734
ACH-000825,46931012,0,6.294390914263204e-06
ACH-000825,5113032,0,0.003915561828762293
ACH-000825,5311,0,0.00209407159127295
ACH-000825,5311497,0,0.0037459349259734154
ACH-000825,5328940,0,0.012560807168483734
ACH-000825,5394,0,0.1289256066083908
ACH-000825,56965967,0,9.137001325143501e-05
ACH-000825,637858,0,0.1656097173690796
ACH-000825,65110,0,0.0021736668422818184
ACH-000825,66577006,0,0.00011448904842836782
ACH-000825,6918289,0,0.12797610461711884
ACH-000825,704473,0,0.0020821066573262215
ACH-000825,9884685,0,4.13362840845366e-06
ACH-000825,9903786,0,6.846242740721209e-06
ACH-000825,9943465,0,0.031562890857458115
ACH-000825,9956119,0,0.0021054325625300407
ACH-000826,10027278,1,0.14240272343158722
ACH-000826,10074640,0,0.1365802139043808
ACH-000826,10077147,0,0.02564852125942707
ACH-000826,11282283,0,0.13592050969600677
ACH-000826,11493598,0,0.35452303290367126
ACH-000826,11647372,0,0.08210741728544235
ACH-000826,11960529,0,0.030378729104995728
ACH-000826,126941,0,0.038038283586502075
ACH-000826,16725726,0,0.4406706392765045
ACH-000826,16747388,0,0.11815156787633896
ACH-000826,176158,1,0.12361739575862885
ACH-000826,17755052,0,0.03884930536150932
ACH-000826,24756910,0,0.10517114400863647
ACH-000826,24978538,0,0.17792698740959167
ACH-000826,25257557,1,0.8872684836387634
ACH-000826,2733526,0,0.06379122287034988
ACH-000826,31703,0,0.09103318303823471
ACH-000826,36462,0,0.021697713062167168
ACH-000826,44182295,0,0.109947070479393
ACH-000826,44224160,0,0.028741586953401566
ACH-000826,5208,0,0.08778729289770126
ACH-000826,5327091,0,0.06655103713274002
ACH-000826,5328940,0,0.10269052535295486
ACH-000826,53394750,0,0.349291056394577
ACH-000826,5394,0,0.0327509269118309
ACH-000826,54676905,0,0.1271231472492218
ACH-000826,54685215,0,0.21467800438404083
ACH-000826,60750,0,0.09300441294908524
ACH-000826,6445533,0,0.26918211579322815
ACH-000826,6918848,0,0.04245968163013458
ACH-000826,9884685,0,0.05024508759379387
ACH-000826,9911830,0,0.05187862366437912
ACH-000827,10096043,1,0.4781871736049652
ACH-000827,10109823,0,0.13116610050201416
ACH-000827,10113978,0,0.20170795917510986
ACH-000827,10184653,0,0.16742722690105438
ACH-000827,10341154,0,0.056297048926353455
ACH-000827,10451420,0,0.0060637518763542175
ACH-000827,10459196,0,0.08899785578250885
ACH-000827,11338033,0,0.00036138686118647456
ACH-000827,11493598,0,0.010519210249185562
ACH-000827,11617559,0,0.01099991425871849
ACH-000827,11634725,0,0.09773457795381546
ACH-000827,11960529,0,0.08536847680807114
ACH-000827,159324,0,0.2577691376209259
ACH-000827,17755052,0,0.046946894377470016
ACH-000827,23725625,0,0.08986064791679382
ACH-000827,24776445,0,0.07870853692293167
ACH-000827,25262965,0,0.07579245418310165
ACH-000827,3796,0,0.020298097282648087
ACH-000827,44182295,0,0.7833133935928345
ACH-000827,444795,0,0.06358204036951065
ACH-000827,447912,0,0.010306451469659805
ACH-000827,46907787,0,0.0645320937037468
ACH-000827,46931012,0,0.00110016914550215
ACH-000827,5113032,0,0.04649821296334267
ACH-000827,521106,0,0.10160398483276367
ACH-000827,5278396,0,0.106389619410038
ACH-000827,5289247,0,0.049549564719200134
ACH-000827,5311497,0,0.37993261218070984
ACH-000827,5459322,0,0.19764554500579834
ACH-000827,54676905,0,0.06851176917552948
ACH-000827,6852167,0,0.0013894273433834314
ACH-000827,9884685,0,0.0005959572154097259
ACH-000827,9910224,0,0.00841503869742155
ACH-000827,9938202,0,0.05232076346874237
ACH-000828,10077147,0,1.8260199794895016e-05
ACH-000828,10127622,0,0.07095494866371155
ACH-000828,104842,0,0.0001368145167361945
ACH-000828,123631,0,0.3482304513454437
ACH-000828,148124,0,0.0011153812520205975
ACH-000828,300471,0,0.004666342865675688
ACH-000828,51371303,0,0.015002848580479622
ACH-000828,5328940,0,0.0005905663128942251
ACH-000828,6253,0,0.00016155072080437094
ACH-000828,637858,0,0.0039304886013269424
ACH-000828,6505803,0,0.0013609130401164293
ACH-000828,65110,0,0.00030450004851445556
ACH-000828,6710780,0,0.00019121858349535614
ACH-000828,9858940,0,0.008362963795661926
ACH-000828,9931953,0,0.0017146856989711523
ACH-000830,10027278,0,0.010100770741701126
ACH-000830,10109823,0,0.05598708242177963
ACH-000830,10172943,0,0.03242870047688484
ACH-000830,10459196,0,0.04365406930446625
ACH-000830,10461815,0,0.16991040110588074
ACH-000830,104842,0,0.018378084525465965
ACH-000830,11152667,0,0.010346378199756145
ACH-000830,11316960,0,0.010593024082481861
ACH-000830,11617559,1,0.03237108513712883
ACH-000830,11624601,0,0.02741292677819729
ACH-000830,11626560,0,0.11344892531633377
ACH-000830,11634725,0,0.0011403184616938233
ACH-000830,11640390,0,0.03358606994152069
ACH-000830,11667893,0,0.04398878291249275
ACH-000830,11844351,0,0.10373793542385101
ACH-000830,126565,0,0.015034394338726997
ACH-000830,148124,0,0.019447460770606995
ACH-000830,176158,0,0.09575016796588898
ACH-000830,24825971,0,0.07113295793533325
ACH-000830,25022668,0,0.02017064578831196
ACH-000830,25257557,1,0.36778783798217773
ACH-000830,25262965,0,0.057670578360557556
ACH-000830,2726824,0,0.03131433203816414
ACH-000830,3005532,0,0.022686218842864037
ACH-000830,3463933,0,0.03385361656546593
ACH-000830,36314,0,0.010210606269538403
ACH-000830,387447,0,0.04050138220191002
ACH-000830,4261,0,0.022381331771612167
ACH-000830,46907787,0,0.06182488426566124
ACH-000830,49821040,0,0.13477350771427155
ACH-000830,4993,0,0.02854333072900772
ACH-000830,5280757,0,0.10395831614732742
ACH-000830,5291,1,0.351467490196228
ACH-000830,56962337,1,0.04333335906267166
ACH-000830,6445533,0,0.035876981914043427
ACH-000830,6753378,0,0.0026829626876860857
ACH-000830,9549184,1,0.2097858488559723
ACH-000830,9826528,0,0.0011741566704586148
ACH-000830,9863776,0,0.0040808445774018764
ACH-000830,9868037,0,0.043153367936611176
ACH-000830,9952773,0,0.009247789159417152
ACH-000832,10109823,0,0.056453220546245575
ACH-000832,104842,0,0.020795710384845734
ACH-000832,11327430,0,0.08056849241256714
ACH-000832,11493598,0,0.01237583253532648
ACH-000832,11624601,0,0.42411792278289795
ACH-000832,126941,0,0.04097213223576546
ACH-000832,1401,0,0.32616114616394043
ACH-000832,148124,1,0.026796376332640648
ACH-000832,156422,0,0.41263532638549805
ACH-000832,16722836,0,0.002935156924650073
ACH-000832,16747388,0,0.01292349025607109
ACH-000832,176158,1,0.08924198150634766
ACH-000832,24776445,1,0.05475284531712532
ACH-000832,24826799,0,0.0033711784053593874
ACH-000832,25102847,0,0.01365735474973917
ACH-000832,25167777,0,0.003974728751927614
ACH-000832,25222038,0,0.005194860510528088
ACH-000832,2726824,1,0.3814660608768463
ACH-000832,2733526,1,0.3469640016555786
ACH-000832,3385,1,0.016520056873559952
ACH-000832,36462,0,0.014091476798057556
ACH-000832,42640,0,0.1295938491821289
ACH-000832,46224516,0,0.0017795973690226674
ACH-000832,5113032,0,0.11484822630882263
ACH-000832,5278396,0,0.09575958549976349
ACH-000832,5280757,0,0.12885038554668427
ACH-000832,5311,0,0.061244163662195206
ACH-000832,5311497,0,0.00534004857763648
ACH-000832,5330286,0,0.05120651051402092
ACH-000832,53394750,0,0.0873156487941742
ACH-000832,54685215,1,0.07962561398744583
ACH-000832,5746,1,0.02650327794253826
ACH-000832,644241,0,0.08477146923542023
ACH-000832,6710780,1,0.033314917236566544
ACH-000832,6918638,0,0.0014158275444060564
ACH-000832,9813758,0,0.02799995057284832
ACH-000832,9826528,0,0.6075241565704346
ACH-000832,9914412,0,0.029024599120020866
ACH-000832,9931953,0,0.1764260232448578
ACH-000832,9938202,0,0.3478876054286957
ACH-000832,9952773,0,0.004117733798921108
ACH-000835,10200390,1,0.0017617574194446206
ACH-000835,11282283,0,0.15354765951633453
ACH-000835,11338033,0,4.534145045909099e-05
ACH-000835,11485656,0,0.0073697627522051334
ACH-000835,16725726,0,0.06342566013336182
ACH-000835,24894414,0,0.006505397614091635
ACH-000835,2733526,0,0.24446938931941986
ACH-000835,31703,0,0.0024581567849963903
ACH-000835,9810884,0,0.01789875328540802
ACH-000835,9858940,0,0.32189279794692993
ACH-000835,9863776,0,0.14371275901794434
ACH-000838,10127622,0,0.05108169838786125
ACH-000838,10172943,0,0.027159933000802994
ACH-000838,10384072,0,0.09650962054729462
ACH-000838,10451420,1,0.934380054473877
ACH-000838,11455910,0,0.03630814328789711
ACH-000838,11493598,0,0.2835438847541809
ACH-000838,11617559,1,0.4184776842594147
ACH-000838,11625818,0,0.3142624795436859
ACH-000838,11713159,0,0.006393738090991974
ACH-000838,156422,0,0.07339495420455933
ACH-000838,16725726,1,0.681994616985321
ACH-000838,17755052,0,0.09176940470933914
ACH-000838,24180719,0,0.2561756372451782
ACH-000838,24772860,1,0.1344352662563324
ACH-000838,25124816,0,0.048021357506513596
ACH-000838,25257557,1,0.9769709706306458
ACH-000838,25262965,0,0.14745968580245972
ACH-000838,2733526,0,0.20445135235786438
ACH-000838,3062316,0,0.04483742639422417
ACH-000838,3385,0,0.41247522830963135
ACH-000838,3463933,0,0.038800451904535294
ACH-000838,3796,0,0.0803370252251625
ACH-000838,447912,0,0.7100287675857544
ACH-000838,46883536,1,0.5921016931533813
ACH-000838,46907787,0,0.062164388597011566
ACH-000838,5289247,0,0.27142220735549927
ACH-000838,5291,0,0.10417554527521133
ACH-000838,5328940,0,0.1865093857049942
ACH-000838,53340664,0,0.3293974697589874
ACH-000838,5459322,0,0.0908103808760643
ACH-000838,54676905,1,0.22335666418075562
ACH-000838,5494449,0,0.11987756192684174
ACH-000838,560326,0,0.12520761787891388
ACH-000838,644215,0,0.023924145847558975
ACH-000838,65110,0,0.5459861755371094
ACH-000838,6852167,1,0.5708461999893188
ACH-000838,6918454,0,0.020811591297388077
ACH-000838,9884685,0,0.08759801834821701
ACH-000838,9903786,0,0.4030475318431854
ACH-000838,9907093,0,0.038561683148145676
ACH-000838,9914412,0,0.1371123343706131
ACH-000838,9931953,0,0.1106332391500473
ACH-000841,10074640,0,0.1307026743888855
ACH-000841,10127622,1,0.14769159257411957
ACH-000841,10184653,0,0.1476704627275467
ACH-000841,10200390,0,0.06226254627108574
ACH-000841,11178236,0,0.01805974915623665
ACH-000841,11404337,0,0.10326014459133148
ACH-000841,11485656,0,0.02354961633682251
ACH-000841,11493598,0,0.5012377500534058
ACH-000841,11609586,0,0.008391262963414192
ACH-000841,11634725,0,0.5759657025337219
ACH-000841,123631,0,0.10916905850172043
ACH-000841,1401,0,0.03110446408390999
ACH-000841,156422,0,0.0649677962064743
ACH-000841,16722836,0,0.16757450997829437
ACH-000841,16725726,0,0.3876587450504303
ACH-000841,23725625,0,0.0053981211967766285
ACH-000841,24776445,0,0.005572548136115074
ACH-000841,24785538,0,0.4709615111351013
ACH-000841,24978538,0,0.16953477263450623
ACH-000841,25126798,1,0.054176222532987595
ACH-000841,25222038,0,0.048985451459884644
ACH-000841,31703,0,0.011349149979650974
ACH-000841,3385,0,0.04243669658899307
ACH-000841,3463933,0,0.07354164868593216
ACH-000841,4263900,0,0.014126816764473915
ACH-000841,44143370,0,0.3415743410587311
ACH-000841,44182295,0,0.24349962174892426
ACH-000841,44551660,0,0.06260176002979279
ACH-000841,446378,0,0.02867167443037033
ACH-000841,447912,0,0.03130810335278511
ACH-000841,448013,0,0.0426606759428978
ACH-000841,46191454,0,0.050016093999147415
ACH-000841,46843772,0,0.03203770890831947
ACH-000841,5113032,0,0.020930008962750435
ACH-000841,5278396,0,0.009194553829729557
ACH-000841,5311497,0,0.01606171391904354
ACH-000841,5328940,0,0.03415215387940407
ACH-000841,6505803,0,0.050163477659225464
ACH-000841,704473,0,0.060111671686172485
ACH-000841,85668777,0,0.12413999438285828
ACH-000841,9858940,0,0.042541805654764175
ACH-000841,9884685,0,0.045815177261829376
ACH-000841,9910224,0,0.03163375332951546
ACH-000843,10127622,0,0.05469474196434021
ACH-000843,10184653,1,0.07560388743877411
ACH-000843,11373846,1,0.1135358214378357
ACH-000843,11433190,0,0.5724685788154602
ACH-000843,11485656,1,0.18480059504508972
ACH-000843,11647372,0,0.0033816515933722258
ACH-000843,11713159,0,0.0019226219737902284
ACH-000843,11977753,0,0.020034966990351677
ACH-000843,1401,0,0.25459766387939453
ACH-000843,148124,1,0.005001501180231571
ACH-000843,16720766,0,0.05655289068818092
ACH-000843,25126798,1,0.38102179765701294
ACH-000843,25257557,1,0.4803221821784973
ACH-000843,31703,0,0.0007083372911438346
ACH-000843,36462,0,0.012684527784585953
ACH-000843,42640,0,0.04047384113073349
ACH-000843,44182295,0,0.011506841517984867
ACH-000843,44450571,0,0.10891639441251755
ACH-000843,44632017,0,0.00511840870603919
ACH-000843,447912,0,0.2731904089450836
ACH-000843,46930998,0,0.018409499898552895
ACH-000843,5311,0,0.2741435766220093
ACH-000843,57339144,0,0.2729754149913788
ACH-000843,6450816,0,0.003235511016100645
ACH-000843,6710780,0,0.073179692029953
ACH-000843,71271629,0,0.20580518245697021
ACH-000843,9884685,0,0.0019406620413064957
ACH-000843,9911830,0,0.09423509240150452
ACH-000843,9943465,0,0.10890091955661774
ACH-000843,9952773,0,0.014319326728582382
ACH-000843,9956222,0,0.0023953858762979507
ACH-000846,10027278,0,0.0012621346395462751
ACH-000846,10109823,0,0.0035629780031740665
ACH-000846,10113978,0,0.003923486918210983
ACH-000846,10127622,0,0.1180514544248581
ACH-000846,10200390,0,0.0001986547140404582
ACH-000846,11152667,0,0.0020040569361299276
ACH-000846,11316960,0,0.11316598951816559
ACH-000846,11647372,0,0.00041751013486646116
ACH-000846,1401,0,0.2864112854003906
ACH-000846,156422,0,0.39510104060173035
ACH-000846,16725726,0,0.050967130810022354
ACH-000846,17755052,0,0.029865743592381477
ACH-000846,216326,0,0.12298467755317688
ACH-000846,2314623,1,0.6227936148643494
ACH-000846,24785538,0,0.0019145691767334938
ACH-000846,300471,1,0.16346246004104614
ACH-000846,3385,0,0.0012189674889668822
ACH-000846,42640,0,0.31229543685913086
ACH-000846,44182295,1,0.005258379969745874
ACH-000846,44450571,1,0.4490044414997101
ACH-000846,44551660,0,0.000124902740935795
ACH-000846,46224516,0,0.00027941144071519375
ACH-000846,46931012,0,5.504815635504201e-05
ACH-000846,5280757,0,0.06154397875070572
ACH-000846,5311,0,0.01738828793168068
ACH-000846,5328940,1,0.02483302168548107
ACH-000846,5330286,0,0.006650496274232864
ACH-000846,53340664,0,0.0001237945689354092
ACH-000846,54676905,0,0.29617807269096375
ACH-000846,560326,0,0.005424735136330128
ACH-000846,6505803,1,0.008478658273816109
ACH-000846,6753378,0,0.00168940972071141
ACH-000846,6852167,0,0.0007436252199113369
ACH-000846,6918454,0,0.01438633818179369
ACH-000846,6918638,0,0.00022978652850724757
ACH-000846,9813758,0,0.0035197455435991287
ACH-000846,9826528,1,0.012201148085296154
ACH-000846,9903786,0,0.00012041127774864435
ACH-000846,9910224,0,0.004891336429864168
ACH-000847,10113978,0,0.5901418328285217
ACH-000847,10341154,0,0.3118465840816498
ACH-000847,11178236,0,0.16830843687057495
ACH-000847,11617559,0,0.09812644869089127
ACH-000847,1401,0,0.40393564105033875
ACH-000847,156422,1,0.3024277091026306
ACH-000847,24826799,0,0.3919457793235779
ACH-000847,24894414,0,0.2827746272087097
ACH-000847,42642645,0,0.07279399037361145
ACH-000847,44182295,0,0.010783931240439415
ACH-000847,448013,1,0.7364144325256348
ACH-000847,44819241,1,0.41454729437828064
ACH-000847,46843772,0,0.2698860466480255
ACH-000847,46883536,0,0.09958914667367935
ACH-000847,5113032,1,0.5118409395217896
ACH-000847,5278396,0,0.8160690665245056
ACH-000847,5330286,1,0.06658841669559479
ACH-000847,560326,0,0.4558480978012085
ACH-000847,57339144,1,0.33752238750457764
ACH-000847,637858,1,0.3607402443885803
ACH-000847,6450816,0,0.09997446835041046
ACH-000847,6753378,0,0.03724881261587143
ACH-000847,6918638,0,0.016987673938274384
ACH-000847,82146,0,0.6434544920921326
ACH-000847,9858940,1,0.38515958189964294
ACH-000849,10027278,0,0.0046393172815442085
ACH-000849,10074640,0,0.05690758675336838
ACH-000849,10127622,0,0.23872238397598267
ACH-000849,10184653,1,0.6539256572723389
ACH-000849,10196499,0,0.18255944550037384
ACH-000849,11404337,0,0.02328459359705448
ACH-000849,11493598,0,0.09563954174518585
ACH-000849,11617559,1,0.16635170578956604
ACH-000849,11625818,1,0.26724231243133545
ACH-000849,123631,1,0.5878362655639648
ACH-000849,148124,0,0.08347906917333603
ACH-000849,159324,0,0.0807456374168396
ACH-000849,16747388,0,0.00833098590373993
ACH-000849,176158,0,0.05021388456225395
ACH-000849,176167,0,0.4393882155418396
ACH-000849,24772860,0,0.0066985562443733215
ACH-000849,24776445,0,0.00911806896328926
ACH-000849,24889392,0,0.13716129958629608
ACH-000849,25167777,0,0.03844642639160156
ACH-000849,3005532,0,0.059327200055122375
ACH-000849,3463933,1,0.45106980204582214
ACH-000849,42642645,0,0.012587864883244038
ACH-000849,44143370,0,0.39748531579971313
ACH-000849,446378,0,0.044466640800237656
ACH-000849,46191454,0,0.02211322821676731
ACH-000849,46883536,0,0.0529610812664032
ACH-000849,5113032,1,0.05268276110291481
ACH-000849,5280757,1,0.08254995197057724
ACH-000849,5311,0,0.014329026453197002
ACH-000849,5311497,0,0.005372914951294661
ACH-000849,5327091,0,0.031034182757139206
ACH-000849,5330286,0,0.011070975102484226
ACH-000849,5459322,0,0.17759908735752106
ACH-000849,6253,0,0.009474411606788635
ACH-000849,6450551,0,0.00392170948907733
ACH-000849,66577006,0,0.0764261782169342
ACH-000849,82146,0,0.04561520367860794
ACH-000849,8249,1,0.26548781991004944
ACH-000849,9813758,0,0.3774244785308838
ACH-000849,9826528,0,0.015451071783900261
ACH-000849,9863776,0,0.018166152760386467
ACH-000849,9874913,0,0.6758572459220886
ACH-000849,9903786,0,0.01582968793809414
ACH-000849,9931953,0,0.05838187038898468
ACH-000849,9956222,0,0.06692773848772049
ACH-000852,10074640,0,0.012686223722994328
ACH-000852,10109823,0,0.008122103288769722
ACH-000852,10184653,0,0.06541719287633896
ACH-000852,10200390,0,0.0008055500220507383
ACH-000852,11373846,0,0.0032067589927464724
ACH-000852,11667893,0,0.06457535922527313
ACH-000852,1401,0,0.06767575442790985
ACH-000852,16747388,0,0.0003775868390221149
ACH-000852,24785538,0,0.005712105892598629
ACH-000852,24826799,0,0.0012094128178432584
ACH-000852,24889392,0,0.06928804516792297
ACH-000852,24951314,0,0.001674399245530367
ACH-000852,24978538,1,0.2021700143814087
ACH-000852,25102847,0,0.00502150459215045
ACH-000852,25257557,0,0.10112155973911285
ACH-000852,25262965,0,0.0549338273704052
ACH-000852,3218,0,0.01811116561293602
ACH-000852,44137675,0,0.16501903533935547
ACH-000852,44462760,0,0.0014834866160526872
ACH-000852,46883536,0,0.02240370213985443
ACH-000852,46885626,0,0.022003844380378723
ACH-000852,46907787,0,0.03995853662490845
ACH-000852,46930998,0,0.13629794120788574
ACH-000852,521106,0,0.0031989174894988537
ACH-000852,5328940,0,0.008244499564170837
ACH-000852,5460769,0,0.06337761133909225
ACH-000852,560326,0,0.05935187637805939
ACH-000852,56965967,0,0.002130374312400818
ACH-000852,6450816,0,0.004098006058484316
ACH-000852,6753378,0,0.007290095090866089
ACH-000852,704473,0,0.11514198780059814
ACH-000852,84691,0,0.014198677614331245
ACH-000852,9884685,0,0.0018963711336255074
ACH-000852,9910224,0,0.047541819512844086
ACH-000853,10027278,0,0.002097849268466234
ACH-000853,10113978,0,0.021534433588385582
ACH-000853,10196499,0,0.035170309245586395
ACH-000853,10200390,0,0.0003593045985326171
ACH-000853,10341154,0,0.020291103050112724
ACH-000853,11152667,0,0.0019629362504929304
ACH-000853,11433190,0,0.05485805124044418
ACH-000853,11625818,0,0.029828090220689774
ACH-000853,11634725,0,0.000292247801553458
ACH-000853,126565,0,0.002769347745925188
ACH-000853,159324,0,0.017048465088009834
ACH-000853,24894414,0,0.02247127890586853
ACH-000853,24978538,0,0.11348702013492584
ACH-000853,25022668,0,0.004055171739310026
ACH-000853,25195352,0,0.0005450181197375059
ACH-000853,3005532,1,0.02637636847794056
ACH-000853,3385,0,0.001992498291656375
ACH-000853,44462760,0,0.0024969640653580427
ACH-000853,444795,0,0.11144483834505081
ACH-000853,44632017,0,0.005373994819819927
ACH-000853,46883536,0,0.008626828901469707
ACH-000853,46885626,0,0.009795505553483963
ACH-000853,5113032,0,0.04099031165242195
ACH-000853,5278396,0,0.01972670666873455
ACH-000853,5289247,0,0.019447242841124535
ACH-000853,5327091,0,0.0366964116692543
ACH-000853,54685215,0,0.04490703344345093
ACH-000853,57339144,0,0.03907923400402069
ACH-000853,5746,0,0.00806555338203907
ACH-000853,637858,0,0.1427103728055954
ACH-000853,6505803,0,0.009656417183578014
ACH-000853,6914657,0,0.013228490948677063
ACH-000853,6918638,0,0.0008819552604109049
ACH-000853,6918848,0,0.0008225489291362464
ACH-000853,9813758,0,0.023710334673523903
ACH-000853,9868037,0,0.017564397305250168
ACH-000853,9903786,0,0.0005648410296998918
ACH-000853,9967941,0,0.11060718446969986
ACH-000855,10341154,0,0.015242908149957657
ACH-000855,10459196,0,0.20930437743663788
ACH-000855,11152667,0,0.0025168482679873705
ACH-000855,11404337,0,0.0007880176417529583
ACH-000855,11433190,0,0.24362584948539734
ACH-000855,11609586,0,0.08127826452255249
ACH-000855,11713159,1,0.004644257016479969
ACH-000855,16747388,0,0.0005952577921561897
ACH-000855,2314623,0,0.023515259847044945
ACH-000855,23725625,0,0.23391887545585632
ACH-000855,2375,0,0.040206097066402435
ACH-000855,25126798,0,0.006551496218889952
ACH-000855,25167777,0,0.0007867338717915118
ACH-000855,25222038,0,0.0025512822903692722
ACH-000855,300471,0,0.017532886937260628
ACH-000855,31703,0,0.0049439044669270515
ACH-000855,3385,0,0.0021321186795830727
ACH-000855,3463933,0,0.011780090630054474
ACH-000855,42640,0,0.02882545255124569
ACH-000855,42642645,0,0.000243112284806557
ACH-000855,444795,0,0.008407505229115486
ACH-000855,448013,0,0.003080133581534028
ACH-000855,46907787,0,0.009008879773318768
ACH-000855,46930998,0,0.004730979446321726
ACH-000855,46943432,0,0.002313528675585985
ACH-000855,521106,0,0.009558857418596745
ACH-000855,5311,0,0.0072615607641637325
ACH-000855,5311497,0,0.0058073424734175205
ACH-000855,5327091,1,0.042625293135643005
ACH-000855,53340664,0,0.0006536358268931508
ACH-000855,53394750,0,0.11255259811878204
ACH-000855,6445562,0,0.00033647159580141306
ACH-000855,66577006,0,0.0034389684442430735
ACH-000855,6710780,0,0.02597672864794731
ACH-000855,6918289,0,0.13188998401165009
ACH-000855,6918638,0,0.00016745127504691482
ACH-000855,6918848,0,0.0001154062629211694
ACH-000855,9810884,0,0.3248683512210846
ACH-000855,9874913,0,0.0013250248739495873
ACH-000855,9967941,0,0.0005064391880296171
ACH-000856,10074640,0,0.03030068427324295
ACH-000856,10451420,0,0.013714629225432873
ACH-000856,11634725,0,0.006037298124283552
ACH-000856,11754511,0,0.009532276540994644
ACH-000856,176167,0,0.0046777199022471905
ACH-000856,17755052,0,0.17348796129226685
ACH-000856,24785538,0,0.15816470980644226
ACH-000856,24826799,0,0.15170106291770935
ACH-000856,24894414,0,0.013974068686366081
ACH-000856,25126798,0,0.02113254740834236
ACH-000856,25257557,0,0.7894116044044495
ACH-000856,3385,0,0.020669644698500633
ACH-000856,36462,0,0.3765510320663452
ACH-000856,448013,0,0.5150606632232666
ACH-000856,46191454,0,0.0016231323825195432
ACH-000856,46224516,0,0.000637299963273108
ACH-000856,46885626,0,0.017283014953136444
ACH-000856,46907787,0,0.08999766409397125
ACH-000856,49806720,0,0.01244322955608368
ACH-000856,5278396,0,0.5094577074050903
ACH-000856,53340664,0,0.00988613162189722
ACH-000856,5459322,1,0.2591853141784668
ACH-000856,56962337,0,0.1127341091632843
ACH-000856,56965967,0,0.003964683506637812
ACH-000856,6253,0,0.19838669896125793
ACH-000856,637858,1,0.2621166706085205
ACH-000856,65110,0,0.03073800727725029
ACH-000856,66577006,0,0.007940728217363358
ACH-000856,6710780,0,0.13330991566181183
ACH-000856,6918638,0,0.0004924606182612479
ACH-000856,82146,0,0.5028839111328125
ACH-000856,9858940,1,0.12975439429283142
ACH-000856,9952773,0,0.002565923146903515
ACH-000857,10200390,0,0.26589134335517883
ACH-000857,10341154,0,0.029296042397618294
ACH-000857,11152667,0,0.02453785203397274
ACH-000857,11338033,0,0.004367203917354345
ACH-000857,11433190,0,0.2586660385131836
ACH-000857,11493598,0,0.11346469074487686
ACH-000857,11634725,0,0.1889859437942505
ACH-000857,11640390,1,0.49390751123428345
ACH-000857,11977753,0,0.056398212909698486
ACH-000857,126565,0,0.05316177383065224
ACH-000857,156422,0,0.176293283700943
ACH-000857,176167,0,0.11236827075481415
ACH-000857,2314623,0,0.114598847925663
ACH-000857,24772860,0,0.004541466012597084
ACH-000857,25167777,0,0.02895246259868145
ACH-000857,25257557,1,0.78469318151474
ACH-000857,2726824,0,0.07190237194299698
ACH-000857,300471,0,0.06883087009191513
ACH-000857,3218,0,0.04503277316689491
ACH-000857,36462,0,0.03311081975698471
ACH-000857,4263900,0,0.1390957236289978
ACH-000857,44137675,1,0.27556467056274414
ACH-000857,44632017,0,0.07144247740507126
ACH-000857,446378,0,0.23072873055934906
ACH-000857,49806720,1,0.18943633139133453
ACH-000857,5289247,0,0.06014455109834671
ACH-000857,5328940,0,0.07349865138530731
ACH-000857,5330286,0,0.028968818485736847
ACH-000857,53394750,0,0.13316452503204346
ACH-000857,560326,0,0.06752701848745346
ACH-000857,637858,0,0.07203139364719391
ACH-000857,644241,0,0.1089031994342804
ACH-000857,6450551,0,0.05743394419550896
ACH-000857,6450816,0,0.027121856808662415
ACH-000857,6918848,0,0.007585908751934767
ACH-000857,704473,0,0.09234107285737991
ACH-000857,71271629,0,0.021744634956121445
ACH-000857,85668777,1,0.1913667470216751
ACH-000857,9868037,0,0.04907706379890442
ACH-000857,9903786,0,0.007095762994140387
ACH-000857,9938202,0,0.05817145109176636
ACH-000858,11327430,0,0.00020734108693432063
ACH-000858,11707110,1,0.9374401569366455
ACH-000858,148124,0,0.00015009722847025841
ACH-000858,16720766,0,0.004370464477688074
ACH-000858,24978538,0,0.01101021096110344
ACH-000858,44632017,0,0.00010114748874912038
ACH-000858,46930998,0,4.177128357696347e-05
ACH-000858,5327091,0,0.0010801778407767415
ACH-000858,644241,0,0.011916442774236202
ACH-000858,84691,0,0.002227950841188431
ACH-000858,9863776,0,0.7737805843353271
ACH-000858,9931953,0,0.0013527547707781196
ACH-000858,9943465,0,0.1567360758781433
ACH-000859,10077147,0,0.0018182088388130069
ACH-000859,10109823,0,0.03239117190241814
ACH-000859,10113978,0,0.008928528055548668
ACH-000859,10384072,0,0.0028985359240323305
ACH-000859,11433190,1,0.03389953821897507
ACH-000859,11625818,0,0.2819262444972992
ACH-000859,11640390,0,0.038411978632211685
ACH-000859,11754511,0,0.030676865950226784
ACH-000859,123631,0,0.06063973531126976
ACH-000859,126565,0,0.001145595801062882
ACH-000859,126941,0,0.015935108065605164
ACH-000859,24826799,0,0.0011580565478652716
ACH-000859,3385,0,0.0021489402279257774
ACH-000859,44182295,0,0.00034060172038152814
ACH-000859,44462760,0,0.0004342763568274677
ACH-000859,46191454,0,0.024571452289819717
ACH-000859,46907787,0,0.00497411610558629
ACH-000859,46943432,0,0.031774915754795074
ACH-000859,51371303,0,0.07136207818984985
ACH-000859,5311497,0,0.0002928734465967864
ACH-000859,56962337,0,0.013317612931132317
ACH-000859,57339144,0,0.01725928485393524
ACH-000859,644241,0,0.00401659868657589
ACH-000859,6445533,0,0.021503090858459473
ACH-000859,6753378,0,0.025939200073480606
ACH-000859,6914657,0,0.004393738228827715
ACH-000859,704473,0,0.0886559933423996
ACH-000859,82146,0,0.003222167259082198
ACH-000859,84691,0,0.0012596114538609982
ACH-000859,9858940,0,0.032567743211984634
ACH-000859,9863776,0,0.0009055146365426481
ACH-000859,9868037,0,0.026411311700940132
ACH-000859,9910224,0,0.0259902011603117
ACH-000859,9956222,0,0.02379864826798439
ACH-000859,9967941,0,0.30591970682144165
ACH-000860,10109823,1,0.4306194484233856
ACH-000860,10384072,0,0.02429865673184395
ACH-000860,11178236,0,0.07898157835006714
ACH-000860,11433190,1,0.22960247099399567
ACH-000860,11609586,0,0.016962673515081406
ACH-000860,11707110,1,0.8591629266738892
ACH-000860,11960529,0,0.014972873963415623
ACH-000860,11977753,0,0.04704920947551727
ACH-000860,1401,0,0.05518857017159462
ACH-000860,16725726,0,0.41897791624069214
ACH-000860,216326,0,0.0288224034011364
ACH-000860,2314623,0,0.12922386825084686
ACH-000860,2375,0,0.018233660608530045
ACH-000860,25195352,0,0.1409468799829483
ACH-000860,25222038,0,0.022831708192825317
ACH-000860,3005532,0,0.127532958984375
ACH-000860,44137675,0,0.08998610079288483
ACH-000860,44182295,0,0.580943763256073
ACH-000860,44819241,0,0.027337409555912018
ACH-000860,46191454,0,0.032376307994127274
ACH-000860,5280757,0,0.08598308265209198
ACH-000860,5311,0,0.01872969977557659
ACH-000860,5328940,0,0.07084745913743973
ACH-000860,56962337,0,0.023287899792194366
ACH-000860,5746,0,0.03141693025827408
ACH-000860,6253,0,0.025925511494278908
ACH-000860,6445533,0,0.14126263558864594
ACH-000860,6450816,0,0.034826815128326416
ACH-000860,65110,0,0.02325042337179184
ACH-000860,6918454,0,0.37093809247016907
ACH-000860,84691,0,0.01721513271331787
ACH-000860,85668777,0,0.4415934383869171
ACH-000860,9810884,1,0.46179673075675964
ACH-000860,9874913,1,0.45638081431388855
ACH-000860,9903786,0,0.0872088149189949
ACH-000861,10077147,0,0.007409730460494757
ACH-000861,10341154,0,0.011802677065134048
ACH-000861,10461815,0,0.13972978293895721
ACH-000861,11316960,0,0.04898018389940262
ACH-000861,11433190,0,0.5900304317474365
ACH-000861,11455910,0,0.036864157766103745
ACH-000861,11485656,0,0.017605559900403023
ACH-000861,11609586,0,0.025715341791510582
ACH-000861,11624601,0,0.021602870896458626
ACH-000861,11960529,0,0.06045672670006752
ACH-000861,123631,0,0.028547272086143494
ACH-000861,16722836,0,0.006116658914834261
ACH-000861,16760646,0,0.015335489995777607
ACH-000861,24180719,0,0.05524207279086113
ACH-000861,24756910,0,0.0037816110998392105
ACH-000861,24785538,0,0.21915559470653534
ACH-000861,24889392,0,0.01572968252003193
ACH-000861,25195352,0,0.001471005380153656
ACH-000861,25257557,1,0.9924792051315308
ACH-000861,3005532,1,0.18366889655590057
ACH-000861,3062316,1,0.8793867230415344
ACH-000861,387447,0,0.04652591422200203
ACH-000861,4263900,1,0.06669174134731293
ACH-000861,44462760,0,0.26335886120796204
ACH-000861,444795,0,0.025171346962451935
ACH-000861,44551660,0,0.001057506538927555
ACH-000861,447912,0,0.07415731251239777
ACH-000861,44819241,1,0.09557151794433594
ACH-000861,462382,0,0.051563046872615814
ACH-000861,46930998,0,0.004593806806951761
ACH-000861,46931012,0,0.002179644303396344
ACH-000861,4993,0,0.05649202689528465
ACH-000861,5291,0,0.1188061311841011
ACH-000861,53302361,0,0.10804437100887299
ACH-000861,54685215,1,0.1891019344329834
ACH-000861,60750,0,0.12320420891046524
ACH-000861,637858,0,0.047218285501003265
ACH-000861,6918454,0,0.03052728995680809
ACH-000861,704473,0,0.028939086943864822
ACH-000861,76044,0,0.01172010786831379
ACH-000861,8249,0,0.009024755097925663
ACH-000861,85668777,0,0.017791569232940674
ACH-000861,9813758,1,0.007166064810007811
ACH-000861,9826528,1,0.029684625566005707
ACH-000861,9938202,0,0.005887238774448633
ACH-000861,9943465,0,0.01978224702179432
ACH-000861,9956119,1,0.033990781754255295
ACH-000863,10074640,0,0.005561959929764271
ACH-000863,10113978,0,0.00022256231750361621
ACH-000863,10384072,0,0.025770246982574463
ACH-000863,11152667,0,0.006413051392883062
ACH-000863,11327430,0,0.002589657437056303
ACH-000863,11493598,0,0.0022470143157988787
ACH-000863,11609586,0,0.0546213798224926
ACH-000863,11617559,0,0.0020999067928642035
ACH-000863,11640390,0,0.009490073658525944
ACH-000863,11647372,0,6.850304998806678e-06
ACH-000863,11713159,0,0.0007003729697316885
ACH-000863,123631,0,0.022849880158901215
ACH-000863,2375,0,0.008482511155307293
ACH-000863,24772860,0,1.1776734027080238e-05
ACH-000863,24951314,0,2.210698221460916e-05
ACH-000863,2733526,0,0.015039167366921902
ACH-000863,4263900,0,0.002417206298559904
ACH-000863,5280757,0,0.04941843822598457
ACH-000863,5311,0,0.014071822166442871
ACH-000863,53302361,0,0.0008312389836646616
ACH-000863,5746,0,0.006907854229211807
ACH-000863,82146,0,0.0055738831870257854
ACH-000863,8249,0,0.005287148058414459
ACH-000863,84691,0,0.02986438013613224
ACH-000863,9884685,0,3.916374680557055e-06
ACH-000863,9943465,0,0.1237717866897583
ACH-000863,9952773,0,3.2574127544648945e-05
ACH-000863,9956222,0,4.906002686766442e-06
ACH-000864,10077147,0,0.03217355161905289
ACH-000864,10109823,0,0.025542819872498512
ACH-000864,10341154,0,0.05206519737839699
ACH-000864,10384072,0,0.02277524024248123
ACH-000864,11316960,0,0.0019507757388055325
ACH-000864,11327430,0,0.07699861377477646
ACH-000864,11373846,0,0.030711878091096878
ACH-000864,11404337,0,0.0019215955398976803
ACH-000864,11433190,0,0.02048513852059841
ACH-000864,11493598,0,0.005434453021734953
ACH-000864,11617559,0,0.13366779685020447
ACH-000864,11754511,0,0.24865619838237762
ACH-000864,1401,0,0.01567111350595951
ACH-000864,16760646,0,0.04181805998086929
ACH-000864,216239,0,0.005201073829084635
ACH-000864,24180719,0,0.002755622146651149
ACH-000864,24772860,0,0.004657723940908909
ACH-000864,24889392,1,0.34896084666252136
ACH-000864,300471,0,0.021733814850449562
ACH-000864,3005532,0,0.00468465406447649
ACH-000864,36462,0,0.005494318902492523
ACH-000864,4263900,0,0.005831332411617041
ACH-000864,42640,0,0.12608951330184937
ACH-000864,44450571,0,0.02559967339038849
ACH-000864,448013,0,0.005181980784982443
ACH-000864,44819241,0,0.08765192329883575
ACH-000864,46191454,0,0.22446610033512115
ACH-000864,5329102,0,0.0013112712185829878
ACH-000864,6253,0,0.0023465200792998075
ACH-000864,65110,0,0.01295956689864397
ACH-000864,6753378,0,0.025847161188721657
ACH-000864,76044,0,0.0012191114947199821
ACH-000864,84691,0,0.005892629735171795
ACH-000864,9810884,0,0.8979977369308472
ACH-000864,9826308,0,0.0010406019864603877
ACH-000864,9907093,0,0.06854482740163803
ACH-000864,9910224,0,0.12793047726154327
ACH-000864,9911830,0,0.03784437105059624
ACH-000864,9952773,0,0.06310861557722092
ACH-000864,9967941,1,0.054779596626758575
ACH-000866,10027278,0,0.014665840193629265
ACH-000866,10109823,0,0.1322663128376007
ACH-000866,10127622,0,0.01357575599104166
ACH-000866,11152667,0,0.01640842668712139
ACH-000866,11404337,0,0.011827601119875908
ACH-000866,11634725,0,0.0067756944335997105
ACH-000866,11640390,0,0.0627671554684639
ACH-000866,159324,0,0.16701644659042358
ACH-000866,176167,0,0.3013486862182617
ACH-000866,24756910,0,0.49347296357154846
ACH-000866,24894414,0,0.4146677851676941
ACH-000866,25102847,1,0.07505246996879578
ACH-000866,25262965,0,0.11985036730766296
ACH-000866,3796,0,0.17421236634254456
ACH-000866,4263900,0,0.014302604831755161
ACH-000866,447912,0,0.24020998179912567
ACH-000866,46883536,0,0.27138859033584595
ACH-000866,46907787,0,0.13346199691295624
ACH-000866,46930998,0,0.38167864084243774
ACH-000866,5289247,0,0.03153783455491066
ACH-000866,5327091,0,0.025206303223967552
ACH-000866,56965967,1,0.10414008796215057
ACH-000866,57339144,0,0.1267690509557724
ACH-000866,60750,0,0.00798723939806223
ACH-000866,637858,0,0.03525809571146965
ACH-000866,6445562,0,0.33765941858291626
ACH-000866,65110,0,0.06248720362782478
ACH-000866,6710780,0,0.03138752281665802
ACH-000866,6852167,1,0.5554090738296509
ACH-000866,6914657,0,0.03410248085856438
ACH-000866,6918289,0,0.0906054675579071
ACH-000866,85668777,0,0.059430673718452454
ACH-000866,9813758,0,0.4530244767665863
ACH-000866,9914412,0,0.033106546849012375
ACH-000867,10077147,0,0.00017623153689783067
ACH-000867,10109823,0,0.004651331342756748
ACH-000867,10196499,0,0.010427589528262615
ACH-000867,10384072,0,0.019640326499938965
ACH-000867,11373846,0,9.687927376944572e-05
ACH-000867,11640390,0,0.003158220089972019
ACH-000867,11713159,0,0.0008257176377810538
ACH-000867,16720766,0,0.04122951626777649
ACH-000867,16722836,0,1.836104092944879e-05
ACH-000867,24180719,0,0.010590475983917713
ACH-000867,24772860,0,4.067742338520475e-06
ACH-000867,24826799,0,4.379538950161077e-05
ACH-000867,24951314,0,8.85761619429104e-06
ACH-000867,25222038,0,0.0003121878544334322
ACH-000867,2726824,0,0.17114928364753723
ACH-000867,42640,0,0.06567596644163132
ACH-000867,44224160,0,2.21701520786155e-05
ACH-000867,46224516,0,2.2333782908390276e-05
ACH-000867,46883536,0,0.0002678985765669495
ACH-000867,49806720,0,0.0035402521025389433
ACH-000867,5208,0,0.001776178483851254
ACH-000867,56965967,0,6.821217539254576e-05
ACH-000867,5746,0,0.001705915667116642
ACH-000867,66577006,0,0.0003055347187910229
ACH-000867,6753378,0,0.0001865364029072225
ACH-000867,6852167,0,9.369504550704733e-05
ACH-000867,6914657,0,0.00023469906591344625
ACH-000867,82146,0,0.03350963443517685
ACH-000867,9810884,0,0.0013283430598676205
ACH-000867,9884685,0,2.2155250917421654e-05
ACH-000867,9956222,0,6.258414214244112e-05
ACH-000869,10096043,0,3.1070907425601035e-05
ACH-000869,10127622,0,0.39350464940071106
ACH-000869,10196499,0,0.0005492728669196367
ACH-000869,11152667,0,7.49265673221089e-05
ACH-000869,11485656,0,7.73244901211001e-05
ACH-000869,11493598,0,0.0004167810548096895
ACH-000869,11617559,0,0.0025501602794975042
ACH-000869,11754511,0,3.35825388901867e-05
ACH-000869,11977753,0,0.00510024419054389
ACH-000869,176158,0,0.0006752923945896327
ACH-000869,216326,0,0.001460796920582652
ACH-000869,2314623,0,0.05569758638739586
ACH-000869,24180719,0,0.04285017028450966
ACH-000869,24894414,0,0.0005663305055350065
ACH-000869,25022668,0,8.621175948064774e-05
ACH-000869,25257557,0,0.1400221586227417
ACH-000869,25262965,0,0.00010179977107327431
ACH-000869,300471,0,0.005388994701206684
ACH-000869,44143370,0,0.0028870142996311188
ACH-000869,44182295,0,0.08284474164247513
ACH-000869,44224160,0,5.114123723615194e-06
ACH-000869,44462760,0,0.005001169163733721
ACH-000869,447912,0,0.0002813009195961058
ACH-000869,448013,0,7.012649439275265e-05
ACH-000869,46224516,0,1.897826587082818e-05
ACH-000869,46883536,0,0.00024978062720037997
ACH-000869,46931012,0,4.366713255876675e-06
ACH-000869,5278396,0,0.0001668356271693483
ACH-000869,5311497,0,0.00010678731632651761
ACH-000869,5459322,0,0.018240241333842278
ACH-000869,560326,0,8.243605407187715e-05
ACH-000869,6753378,1,0.0005799623322673142
ACH-000869,82146,0,0.000887414556927979
ACH-000869,8249,0,0.008987776935100555
ACH-000869,9863776,0,0.01914428547024727
ACH-000869,9911830,0,3.5311837564222515e-05
ACH-000869,9938202,0,0.012146507389843464
ACH-000869,9967941,0,0.03439478576183319
ACH-000871,10077147,0,0.0023549373727291822
ACH-000871,10096043,0,0.0003663207171484828
ACH-000871,10109823,0,0.010696533136069775
ACH-000871,10384072,0,0.004503017757087946
ACH-000871,11178236,0,0.007669822312891483
ACH-000871,11625818,0,0.1196732297539711
ACH-000871,11667893,0,0.021619174629449844
ACH-000871,148124,0,0.002939652418717742
ACH-000871,156422,0,0.0248000156134367
ACH-000871,159324,0,0.004820990841835737
ACH-000871,216326,0,0.040991757065057755
ACH-000871,24180719,0,0.02493024803698063
ACH-000871,24776445,0,0.0032511053141206503
ACH-000871,25102847,0,0.019979847595095634
ACH-000871,25126798,1,0.14400260150432587
ACH-000871,25222038,0,0.00034617536584846675
ACH-000871,25257557,1,0.9752373099327087
ACH-000871,25262965,0,0.003465420100837946
ACH-000871,4261,0,0.013362111523747444
ACH-000871,42640,1,0.025070078670978546
ACH-000871,42642645,0,0.005508315749466419
ACH-000871,462382,0,0.0066653406247496605
ACH-000871,46883536,0,0.24864561855793
ACH-000871,5311497,0,0.0006004050956107676
ACH-000871,6253,0,0.015270359814167023
ACH-000871,6445562,0,0.10676363110542297
ACH-000871,66577006,0,0.1819007694721222
ACH-000871,6753378,0,0.04926323890686035
ACH-000871,76044,0,0.00034803111338987947
ACH-000871,9874913,0,0.07065974920988083
ACH-000871,9911830,0,0.0412028543651104
ACH-000871,9956222,0,0.005198705941438675
ACH-000874,10127622,0,0.0383993424475193
ACH-000874,104842,0,0.11452779918909073
ACH-000874,11626560,0,0.2707919180393219
ACH-000874,11626927,0,0.3107566833496094
ACH-000874,11754511,1,0.8278486728668213
ACH-000874,16663089,0,0.1539040356874466
ACH-000874,17755052,1,0.5668163895606995
ACH-000874,24180719,1,0.14828301966190338
ACH-000874,24825971,0,0.23204118013381958
ACH-000874,25022668,0,0.08820154517889023
ACH-000874,31703,0,0.02010749652981758
ACH-000874,44632017,0,0.05009002238512039
ACH-000874,446378,0,0.06034716218709946
ACH-000874,447912,1,0.8085567951202393
ACH-000874,44819241,0,0.19190450012683868
ACH-000874,49806720,0,0.5171405076980591
ACH-000874,49821040,0,0.09847374260425568
ACH-000874,4993,0,0.04465848580002785
ACH-000874,5208,0,0.1840815395116806
ACH-000874,5291,1,0.38687723875045776
ACH-000874,5311497,0,0.02214941754937172
ACH-000874,5327091,0,0.0696311667561531
ACH-000874,53394750,1,0.978888213634491
ACH-000874,56965967,1,0.6839916706085205
ACH-000874,644215,0,0.1678689569234848
ACH-000874,6445533,1,0.4865078628063202
ACH-000874,6914657,0,0.034421853721141815
ACH-000874,71271629,0,0.38516899943351746
ACH-000874,7251185,0,0.45036187767982483
ACH-000874,9826308,0,0.01009102538228035
ACH-000874,9903786,0,0.8747308850288391
ACH-000874,9911830,0,0.7158759236335754
ACH-000875,10096043,0,3.0081914701440837e-06
ACH-000875,10184653,0,0.031082114204764366
ACH-000875,11316960,0,0.012609231285750866
ACH-000875,11433190,0,0.014998944476246834
ACH-000875,11485656,0,3.0608071028837003e-06
ACH-000875,11493598,0,1.1319662007736042e-05
ACH-000875,11640390,0,0.000661705038510263
ACH-000875,11707110,1,0.5563867092132568
ACH-000875,156422,0,0.032507020980119705
ACH-000875,24180719,0,0.016562767326831818
ACH-000875,24894414,0,9.904027137963567e-06
ACH-000875,25262965,0,6.73232852932415e-06
ACH-000875,36462,0,2.7758320356952026e-05
ACH-000875,3796,0,7.758307765470818e-05
ACH-000875,42642645,0,9.354059784527635e-07
ACH-000875,44137675,0,7.736461702734232e-05
ACH-000875,44143370,0,2.9778224416077137e-05
ACH-000875,44182295,1,0.02596266381442547
ACH-000875,44462760,0,0.00307546928524971
ACH-000875,46883536,0,5.842018254043069e-06
ACH-000875,46931012,0,1.0785637982735352e-07
ACH-000875,46943432,0,1.2277469068067148e-06
ACH-000875,49806720,0,0.0005809011636301875
ACH-000875,5208,0,1.2157402125012595e-05
ACH-000875,5311,0,1.673234874033369e-05
ACH-000875,5327091,0,0.00025934880250133574
ACH-000875,5328940,0,0.00023521990806329995
ACH-000875,53394750,0,8.636892744107172e-05
ACH-000875,56965967,0,2.0593251974787563e-06
ACH-000875,5746,0,0.000133750683744438
ACH-000875,6505803,0,0.0016692342469468713
ACH-000875,65110,0,5.635781053570099e-05
ACH-000875,6918638,0,5.335709829523694e-07
ACH-000875,6918848,0,5.243232976681611e-07
ACH-000875,8249,0,0.00011708791862474754
ACH-000875,84691,0,0.0006763093406334519
ACH-000875,9810884,0,0.0001094897961593233
ACH-000875,9813758,0,1.5055184121592902e-05
ACH-000875,9858940,0,0.0006168228574097157
ACH-000875,9884685,0,9.106476994702462e-08
ACH-000875,9938202,0,0.00029513376648537815
ACH-000875,9956119,0,0.0005979975685477257
ACH-000876,10096043,0,0.0006354906363412738
ACH-000876,10127622,0,0.005195106845349073
ACH-000876,11316960,0,0.004857193678617477
ACH-000876,11338033,0,0.00028617525822483003
ACH-000876,11485656,0,0.011993289925158024
ACH-000876,11624601,0,0.06046518683433533
ACH-000876,11634725,0,6.945510540390387e-05
ACH-000876,11667893,0,0.11318182945251465
ACH-000876,11713159,0,0.003996910993009806
ACH-000876,11977753,0,0.011911609210073948
ACH-000876,126941,0,0.02241443656384945
ACH-000876,148124,0,0.1048705130815506
ACH-000876,176167,0,0.0059371027164161205
ACH-000876,24180719,0,0.004520787857472897
ACH-000876,24772860,0,6.387456232914701e-05
ACH-000876,24826799,0,0.0025258990935981274
ACH-000876,24889392,0,0.02952512912452221
ACH-000876,24894414,0,0.017485933378338814
ACH-000876,25022668,0,0.0115573201328516
ACH-000876,25257557,0,0.18012134730815887
ACH-000876,25262965,0,0.087171770632267
ACH-000876,36462,0,0.00676640123128891
ACH-000876,3796,0,0.0018797132652252913
ACH-000876,44143370,0,0.0012121674371883273
ACH-000876,448013,0,0.008519439026713371
ACH-000876,44819241,0,0.05785442888736725
ACH-000876,46931012,0,0.00017115143418777734
ACH-000876,46943432,0,0.001414898899383843
ACH-000876,5208,0,0.08610928803682327
ACH-000876,5280757,0,0.0764537826180458
ACH-000876,5311497,0,0.004918375983834267
ACH-000876,53302361,0,0.029167527332901955
ACH-000876,5330286,0,0.0014548121253028512
ACH-000876,5394,0,0.031816937029361725
ACH-000876,56965967,0,0.0007782925385981798
ACH-000876,57339144,0,0.035629939287900925
ACH-000876,637858,0,0.014214251190423965
ACH-000876,6445562,0,0.005045205820351839
ACH-000876,66577006,0,0.011772732250392437
ACH-000876,6710780,0,0.007859383709728718
ACH-000876,6918289,0,0.03481339290738106
ACH-000876,6918638,0,0.0007421948248520494
ACH-000876,84691,0,0.00998678058385849
ACH-000876,9884685,0,0.0029243798926472664
ACH-000876,9910224,0,0.012299546971917152
ACH-000876,9911830,0,0.006875570397824049
ACH-000878,10451420,0,0.0002687591768335551
ACH-000878,11609586,0,0.04474898427724838
ACH-000878,11625818,0,0.00018951510719489306
ACH-000878,11634725,0,0.0016839915188029408
ACH-000878,123631,0,0.17864006757736206
ACH-000878,126941,0,0.011857829056680202
ACH-000878,1401,0,0.054144807159900665
ACH-000878,159324,0,0.00015728171274531633
ACH-000878,16725726,0,0.0037485642824321985
ACH-000878,216326,0,0.03136030584573746
ACH-000878,24785538,0,0.001290094805881381
ACH-000878,24978538,1,0.012000909075140953
ACH-000878,25167777,0,1.4642509086115751e-05
ACH-000878,300471,0,0.02462545409798622
ACH-000878,3463933,0,0.12207215279340744
ACH-000878,46930998,0,0.0002880253305193037
ACH-000878,49806720,0,0.008802559226751328
ACH-000878,521106,0,6.508723163278773e-05
ACH-000878,5289247,0,0.011506998911499977
ACH-000878,53340664,0,1.4627100426878314e-05
ACH-000878,53394750,0,0.0021905547473579645
ACH-000878,5746,0,0.0030310871079564095
ACH-000878,644241,0,0.01790951006114483
ACH-000878,6445533,0,0.0011981803691014647
ACH-000878,6753378,0,0.0006701036472804844
ACH-000878,6918638,0,2.761047289823182e-05
ACH-000878,82146,1,0.006780831143260002
ACH-000878,9858940,0,0.05122166872024536
ACH-000878,9967941,0,0.0029104368295520544
ACH-000879,10077147,0,0.0027660299092531204
ACH-000879,10384072,0,0.009256387129426003
ACH-000879,10451420,0,0.0013840246247127652
ACH-000879,11327430,0,0.008268187753856182
ACH-000879,11404337,0,0.007218985352665186
ACH-000879,11624601,0,0.030326293781399727
ACH-000879,11625818,0,0.007768199313431978
ACH-000879,11634725,0,0.000763296673540026
ACH-000879,11754511,0,0.0021226995158940554
ACH-000879,11960529,0,0.007675717584788799
ACH-000879,1401,1,0.015558999963104725
ACH-000879,156422,0,0.0801202580332756
ACH-000879,16720766,0,0.01897396333515644
ACH-000879,176167,0,0.006224383134394884
ACH-000879,24826799,1,0.010391276329755783
ACH-000879,24951314,0,0.00016082757792901248
ACH-000879,25102847,0,0.012113832868635654
ACH-000879,25126798,0,0.0073247202672064304
ACH-000879,25195352,0,0.0014212364330887794
ACH-000879,25222038,1,0.012719163671135902
ACH-000879,25262965,1,0.00860006082803011
ACH-000879,3005532,0,0.0502747967839241
ACH-000879,42640,0,0.03795354440808296
ACH-000879,44143370,0,0.002733957953751087
ACH-000879,44182295,0,0.0008767816470935941
ACH-000879,44450571,0,0.025767475366592407
ACH-000879,44632017,1,0.012443996965885162
ACH-000879,446378,0,0.05547736957669258
ACH-000879,44819241,0,0.015558277256786823
ACH-000879,46224516,0,0.00022311281645670533
ACH-000879,46907787,0,0.026581592857837677
ACH-000879,521106,0,0.00834566168487072
ACH-000879,53302361,1,0.0579945370554924
ACH-000879,560326,0,0.013530097901821136
ACH-000879,56962337,0,0.008697221986949444
ACH-000879,56965967,0,0.0009971510153263807
ACH-000879,5746,0,0.020613400265574455
ACH-000879,60750,0,0.006108130794018507
ACH-000879,6253,0,0.0036996679846197367
ACH-000879,6753378,0,0.0006947267102077603
ACH-000879,6918638,0,0.000231008802074939
ACH-000879,6918848,0,0.00017964236030820757
ACH-000879,9903786,0,0.00013694883091375232
ACH-000879,9910224,0,0.0037563915830105543
ACH-000879,9911830,0,0.004728984087705612
ACH-000879,9931953,0,0.017632104456424713
ACH-000879,9967941,0,0.009507250972092152
ACH-000880,10027278,1,0.08670245856046677
ACH-000880,10096043,0,0.17565365135669708
ACH-000880,10451420,0,0.01222678367048502
ACH-000880,11178236,0,0.01891840435564518
ACH-000880,11338033,0,0.0005759052000939846
ACH-000880,11433190,1,0.401974618434906
ACH-000880,11609586,1,0.12425809353590012
ACH-000880,11617559,0,0.012617705389857292
ACH-000880,11624601,0,0.22969429194927216
ACH-000880,11647372,0,0.0016148246359080076
ACH-000880,11754511,0,0.008271331898868084
ACH-000880,123631,0,0.25411710143089294
ACH-000880,148124,0,0.07252275943756104
ACH-000880,159324,0,0.14770208299160004
ACH-000880,16725726,0,0.03359317407011986
ACH-000880,176167,0,0.012761807069182396
ACH-000880,216326,0,0.09545484930276871
ACH-000880,2375,0,0.026232793927192688
ACH-000880,24951314,0,0.0008412767783738673
ACH-000880,25022668,0,0.2492860108613968
ACH-000880,25167777,0,0.005492088850587606
ACH-000880,25262965,0,0.19008894264698029
ACH-000880,3005532,0,0.42872148752212524
ACH-000880,31703,1,0.06192918121814728
ACH-000880,36462,0,0.05436054989695549
ACH-000880,3796,0,0.020240681245923042
ACH-000880,444795,0,0.09517812728881836
ACH-000880,46224516,0,0.001387482974678278
ACH-000880,46931012,0,0.0017108023166656494
ACH-000880,51371303,0,0.09123049676418304
ACH-000880,5289247,1,0.10787738114595413
ACH-000880,53302361,0,0.1415117233991623
ACH-000880,54676905,0,0.06700535118579865
ACH-000880,560326,0,0.044166550040245056
ACH-000880,56965967,0,0.008919970132410526
ACH-000880,644241,0,0.12374841421842575
ACH-000880,6918454,1,0.8560168147087097
ACH-000880,8249,0,0.01927008479833603
ACH-000880,9810884,0,0.02467128075659275
ACH-000880,9826528,1,0.9079791903495789
ACH-000880,9868037,0,0.035080596804618835
ACH-000880,9874913,0,0.03253436088562012
ACH-000880,9911830,0,0.029136616736650467
ACH-000880,9956222,0,0.0019971709698438644
ACH-000881,10077147,0,0.009397493675351143
ACH-000881,10096043,0,0.2384641468524933
ACH-000881,10109823,0,0.2493443489074707
ACH-000881,10184653,0,0.23590053617954254
ACH-000881,10196499,1,0.06811084598302841
ACH-000881,10341154,0,0.0160320196300745
ACH-000881,11178236,1,0.023570826277136803
ACH-000881,11282283,0,0.05533083528280258
ACH-000881,11609586,0,0.02043670415878296
ACH-000881,11624601,0,0.07463011145591736
ACH-000881,11977753,0,0.05311058461666107
ACH-000881,156422,1,0.14280901849269867
ACH-000881,2375,0,0.01576954498887062
ACH-000881,24894414,0,0.02491992898285389
ACH-000881,25022668,0,0.1013837531208992
ACH-000881,25124816,1,0.13316117227077484
ACH-000881,25126798,0,0.062340591102838516
ACH-000881,25222038,0,0.15618421137332916
ACH-000881,25262965,0,0.004056394565850496
ACH-000881,2733526,0,0.02341320365667343
ACH-000881,42642645,0,0.06386857479810715
ACH-000881,44224160,0,0.0023848689161241055
ACH-000881,44450571,0,0.07568101584911346
ACH-000881,444795,0,0.0815054401755333
ACH-000881,44551660,0,0.012968000024557114
ACH-000881,46907787,0,0.05839765444397926
ACH-000881,49806720,0,0.25495654344558716
ACH-000881,521106,0,0.015800081193447113
ACH-000881,5327091,0,0.04533899575471878
ACH-000881,53394750,0,0.48686137795448303
ACH-000881,54676905,0,0.05266282334923744
ACH-000881,560326,0,0.010477458126842976
ACH-000881,56965967,0,0.08965521305799484
ACH-000881,60750,1,0.08298870921134949
ACH-000881,66577006,0,0.055133696645498276
ACH-000881,6753378,0,0.05053503438830376
ACH-000881,6918289,0,0.05429171025753021
ACH-000881,6918454,0,0.5057761073112488
ACH-000881,8249,0,0.14213895797729492
ACH-000881,9903786,0,0.020523859187960625
ACH-000881,9914412,0,0.02066902071237564
ACH-000882,10196499,0,0.3136860430240631
ACH-000882,11152667,0,0.06229906529188156
ACH-000882,11316960,1,0.11327888816595078
ACH-000882,11455910,0,0.21219119429588318
ACH-000882,11485656,0,0.08199946582317352
ACH-000882,11493598,0,0.3381202518939972
ACH-000882,11640390,0,0.5314128398895264
ACH-000882,11667893,0,0.18291983008384705
ACH-000882,11713159,0,0.3555179536342621
ACH-000882,126565,0,0.09589563310146332
ACH-000882,126941,0,0.06662799417972565
ACH-000882,1401,0,0.1447792500257492
ACH-000882,16725726,0,0.3058857023715973
ACH-000882,2375,0,0.059114787727594376
ACH-000882,24180719,1,0.139457106590271
ACH-000882,24776445,0,0.03672797977924347
ACH-000882,24785538,0,0.5748733282089233
ACH-000882,24894414,0,0.08867596834897995
ACH-000882,24978538,0,0.20049625635147095
ACH-000882,25257557,1,0.6273853778839111
ACH-000882,3005532,0,0.33955201506614685
ACH-000882,4263900,0,0.11529168486595154
ACH-000882,42642645,0,0.321584552526474
ACH-000882,446378,0,0.23766885697841644
ACH-000882,447912,0,0.07634636014699936
ACH-000882,448013,0,0.33461079001426697
ACH-000882,46843772,0,0.1317010074853897
ACH-000882,5327091,0,0.09491641819477081
ACH-000882,5459322,0,0.16576196253299713
ACH-000882,5746,0,0.24107778072357178
ACH-000882,60750,0,0.1287785917520523
ACH-000882,6253,0,0.11772966384887695
ACH-000882,637858,0,0.09604709595441818
ACH-000882,6505803,0,0.21241353452205658
ACH-000882,65110,0,0.06618490815162659
ACH-000882,6918638,0,0.03735065087676048
ACH-000882,704473,0,0.16758473217487335
ACH-000882,8249,0,0.21946576237678528
ACH-000882,9858940,1,0.1674610823392868
ACH-000882,9914412,0,0.08709941059350967
ACH-000882,9931953,0,0.08122190088033676
ACH-000885,10027278,0,0.09173163026571274
ACH-000885,10196499,0,0.08022608608007431
ACH-000885,10200390,0,0.08933428674936295
ACH-000885,10341154,0,0.4056641459465027
ACH-000885,11152667,0,0.25279486179351807
ACH-000885,11178236,0,0.018442392349243164
ACH-000885,11316960,0,0.34411555528640747
ACH-000885,11327430,0,0.2897633910179138
ACH-000885,11373846,0,0.011957559734582901
ACH-000885,11625818,1,0.02189820446074009
ACH-000885,11640390,0,0.16279585659503937
ACH-000885,11960529,1,0.39690089225769043
ACH-000885,123631,0,0.1545177549123764
ACH-000885,126565,1,0.44248828291893005
ACH-000885,148124,0,0.1013953760266304
ACH-000885,156422,0,0.20135697722434998
ACH-000885,16747388,0,0.0554552897810936
ACH-000885,216326,0,0.40874195098876953
ACH-000885,24180719,1,0.46438953280448914
ACH-000885,24776445,0,0.34616243839263916
ACH-000885,24785538,0,0.1984638273715973
ACH-000885,25102847,0,0.12933258712291718
ACH-000885,25257557,0,0.13557922840118408
ACH-000885,25262965,0,0.24985578656196594
ACH-000885,2733526,0,0.22846126556396484
ACH-000885,31703,0,0.043708041310310364
ACH-000885,3218,0,0.285567969083786
ACH-000885,3385,0,0.15691646933555603
ACH-000885,42642645,0,0.08942925184965134
ACH-000885,44551660,0,0.0031881914474070072
ACH-000885,44632017,0,0.15574267506599426
ACH-000885,448013,0,0.043516725301742554
ACH-000885,46224516,0,0.00578870065510273
ACH-000885,46883536,1,0.04530438780784607
ACH-000885,46931012,0,0.002927559893578291
ACH-000885,5327091,0,0.2737405598163605
ACH-000885,53302361,0,0.20806196331977844
ACH-000885,5394,0,0.30745023488998413
ACH-000885,54676905,0,0.21987132728099823
ACH-000885,6450551,0,0.3923977315425873
ACH-000885,6505803,1,0.0767866000533104
ACH-000885,9813758,0,0.03544559329748154
ACH-000885,9884685,0,0.0009607927058823407
ACH-000885,9910224,0,0.07094468176364899
ACH-000886,10074640,0,0.010582693852484226
ACH-000886,10109823,0,0.08430872857570648
ACH-000886,10113978,0,0.4321761429309845
ACH-000886,10384072,0,0.0962335616350174
ACH-000886,11178236,0,0.010700741782784462
ACH-000886,11373846,0,0.0003192662843503058
ACH-000886,11493598,0,0.0009095211862586439
ACH-000886,11625818,0,0.002735039684921503
ACH-000886,123631,0,0.1961158961057663
ACH-000886,126565,0,0.017696427181363106
ACH-000886,126941,0,0.009601295925676823
ACH-000886,216326,0,0.01620529778301716
ACH-000886,23725625,0,0.045166440308094025
ACH-000886,25262965,0,0.09232550859451294
ACH-000886,3796,0,0.0036146286875009537
ACH-000886,4263900,0,0.11764732003211975
ACH-000886,42640,0,0.058387164026498795
ACH-000886,44137675,0,0.3398023843765259
ACH-000886,44143370,0,0.001352260122075677
ACH-000886,446378,0,0.20538510382175446
ACH-000886,46907787,0,0.04565262794494629
ACH-000886,49806720,0,0.006156655959784985
ACH-000886,5278396,0,0.12051001936197281
ACH-000886,5289247,0,0.0014329118421301246
ACH-000886,5746,0,0.09318644553422928
ACH-000886,60750,0,0.08605711162090302
ACH-000886,6505803,0,0.14606603980064392
ACH-000886,6914657,0,0.0006745703867636621
ACH-000886,9931953,0,0.12186973541975021
ACH-000886,9938202,0,0.04453352838754654
ACH-000886,9956119,0,0.3343459963798523
ACH-000886,9956222,0,0.003154390025883913
ACH-000888,10074640,0,2.3831107682781294e-06
ACH-000888,10451420,0,1.7903470507008024e-05
ACH-000888,11338033,0,3.2637792912737495e-08
ACH-000888,11404337,0,5.51058860764897e-07
ACH-000888,16722836,0,1.340909960845238e-07
ACH-000888,16725726,0,0.0023211033549159765
ACH-000888,24889392,0,2.5851551981759258e-05
ACH-000888,25022668,0,1.6519966266059782e-06
ACH-000888,25257557,0,0.010595778003334999
ACH-000888,2726824,0,0.0037263825070112944
ACH-000888,2733526,0,0.0005396743072196841
ACH-000888,31703,0,3.995870372364152e-07
ACH-000888,3218,0,2.1856894818483852e-05
ACH-000888,4263900,0,2.2880110464029713e-06
ACH-000888,44224160,0,1.296032934305913e-07
ACH-000888,44632017,0,1.0404796739749145e-05
ACH-000888,46191454,0,3.6132853438175516e-06
ACH-000888,5280757,0,0.000331072136759758
ACH-000888,5311497,0,1.1189472388650756e-06
ACH-000888,5327091,0,2.5486860977252945e-05
ACH-000888,56965967,0,5.864004606337403e-07
ACH-000888,57339144,0,0.00026723454357124865
ACH-000888,66577006,0,5.8456239457882475e-06
ACH-000888,6753378,0,5.950381819275208e-06
ACH-000888,704473,0,4.235439337207936e-05
ACH-000888,9911830,0,1.7900589455166482e-06
ACH-000888,9956222,0,2.8325536050033406e-07
ACH-000890,10074640,0,0.07360372692346573
ACH-000890,10113978,1,0.03691826015710831
ACH-000890,10196499,0,0.021790429949760437
ACH-000890,10451420,1,0.6028406620025635
ACH-000890,104842,0,0.0027751177549362183
ACH-000890,11327430,0,0.0021965850610285997
ACH-000890,11617559,0,0.0495203472673893
ACH-000890,11960529,0,0.004927539732307196
ACH-000890,126941,0,0.014391511678695679
ACH-000890,16725726,0,0.33071452379226685
ACH-000890,176158,0,0.013098611496388912
ACH-000890,2375,0,0.0062026879750192165
ACH-000890,24894414,0,0.03764168918132782
ACH-000890,31703,0,0.006911498960107565
ACH-000890,44462760,0,0.4196575880050659
ACH-000890,5330286,0,0.01386368740350008
ACH-000890,53394750,0,0.7417563199996948
ACH-000890,60750,0,0.00930398516356945
ACH-000890,6253,0,0.0160136166960001
ACH-000890,6450816,0,0.006275844294577837
ACH-000890,65110,0,0.01354763749986887
ACH-000890,6710780,0,0.00453353114426136
ACH-000890,85668777,0,0.1560034155845642
ACH-000890,9826528,1,0.5185141563415527
ACH-000890,9868037,0,0.023752160370349884
ACH-000890,9910224,0,0.014713287353515625
ACH-000893,11327430,0,0.08256947249174118
ACH-000893,11404337,0,0.0001843366917455569
ACH-000893,11493598,0,8.881959365680814e-05
ACH-000893,11647372,0,0.0005940197734162211
ACH-000893,11960529,0,0.19516296684741974
ACH-000893,148124,0,0.005401297006756067
ACH-000893,159324,0,0.0013241341803222895
ACH-000893,16725726,0,0.06311164796352386
ACH-000893,16747388,0,3.421265137149021e-05
ACH-000893,17755052,0,0.05861091613769531
ACH-000893,23725625,0,0.20719920098781586
ACH-000893,24776445,0,0.0872550755739212
ACH-000893,24978538,0,0.05998644232749939
ACH-000893,25222038,0,0.0001278207200812176
ACH-000893,2726824,0,0.4636596441268921
ACH-000893,31703,0,0.00019789455109275877
ACH-000893,3463933,0,0.04413943365216255
ACH-000893,36462,0,0.0061357710510492325
ACH-000893,3796,0,0.0003838598495349288
ACH-000893,4263900,0,0.0022419707383960485
ACH-000893,42642645,0,4.028037074021995e-05
ACH-000893,44632017,0,0.009142403490841389
ACH-000893,447912,0,0.008403194136917591
ACH-000893,5208,0,0.0036144929472357035
ACH-000893,5280757,0,0.038708508014678955
ACH-000893,5289247,0,0.0016557815251871943
ACH-000893,5311,0,0.034850094467401505
ACH-000893,5327091,0,0.053804267197847366
ACH-000893,5459322,0,0.1130816712975502
ACH-000893,54676905,0,0.34059542417526245
ACH-000893,560326,0,0.00855062622576952
ACH-000893,5746,1,0.005673836916685104
ACH-000893,60750,0,0.001150271506048739
ACH-000893,66577006,0,0.002769787795841694
ACH-000893,6710780,0,0.017702560871839523
ACH-000893,6918289,0,0.13892169296741486
ACH-000893,6918638,0,0.000338543119141832
ACH-000893,6918848,0,0.00024595693685114384
ACH-000893,71271629,0,0.08403250575065613
ACH-000893,82146,0,0.05370612442493439
ACH-000893,9858940,0,0.1539919674396515
ACH-000893,9884685,0,0.0002722947683651
ACH-000893,9943465,0,0.10835010558366776
ACH-000893,9956119,0,0.03890201821923256
ACH-000893,9967941,0,0.0045265918597579
ACH-000895,11316960,1,0.46591314673423767
ACH-000895,11327430,0,0.00010503380326554179
ACH-000895,11624601,0,0.0028780007269233465
ACH-000895,11707110,1,0.9448657631874084
ACH-000895,126941,0,0.005309089086949825
ACH-000895,176158,0,0.00019989335851278156
ACH-000895,2733526,0,0.0012018907582387328
ACH-000895,300471,0,0.0005005488637834787
ACH-000895,5311,0,0.0006449229549616575
ACH-000895,5330286,0,0.003330034902319312
ACH-000895,5394,0,0.006261838600039482
ACH-000895,644241,0,0.007726964075118303
ACH-000895,6450551,0,0.00014634558465331793
ACH-000896,10196499,0,0.0035182537976652384
ACH-000896,10341154,0,0.04040304943919182
ACH-000896,11152667,0,0.002259965520352125
ACH-000896,11178236,0,0.010421869345009327
ACH-000896,11338033,0,2.5915085643646307e-05
ACH-000896,11667893,0,0.08712390065193176
ACH-000896,11960529,0,0.28587138652801514
ACH-000896,16747388,0,7.639775867573917e-05
ACH-000896,176167,0,0.002559137064963579
ACH-000896,24772860,0,1.0573647159617394e-05
ACH-000896,24776445,0,0.050309136509895325
ACH-000896,24951314,0,0.00011176471161888912
ACH-000896,25102847,0,0.0003489234368316829
ACH-000896,3385,0,0.001977902138605714
ACH-000896,42642645,0,5.8600257034413517e-05
ACH-000896,44143370,0,0.00028505854425020516
ACH-000896,446378,0,0.04570188745856285
ACH-000896,46943432,0,0.0005169944488443434
ACH-000896,5208,0,0.0032640856225043535
ACH-000896,5328940,0,0.010274253785610199
ACH-000896,5459322,0,0.17705832421779633
ACH-000896,5460769,0,0.08075245469808578
ACH-000896,560326,0,0.012720960192382336
ACH-000896,644241,0,0.01859152689576149
ACH-000896,6445562,0,0.0009399725822731853
ACH-000896,6450551,0,0.0008667255751788616
ACH-000896,6710780,0,0.0632544457912445
ACH-000896,6852167,0,0.000837645260617137
ACH-000896,71271629,0,0.11581189930438995
ACH-000896,85668777,0,0.017746461555361748
ACH-000896,9938202,1,0.10385890305042267
ACH-000900,10096043,0,7.637954695383087e-05
ACH-000900,10113978,0,0.0003795428201556206
ACH-000900,10172943,0,0.0003920937597285956
ACH-000900,10384072,1,0.002248089760541916
ACH-000900,10459196,0,0.001326604513451457
ACH-000900,11178236,0,0.01282615214586258
ACH-000900,11373846,1,0.041289668530225754
ACH-000900,11960529,0,0.002995865186676383
ACH-000900,11977753,0,0.007116660010069609
ACH-000900,126565,0,0.0013884227955713868
ACH-000900,126941,0,0.009947165846824646
ACH-000900,16722836,0,0.0012576094595715404
ACH-000900,16760646,0,0.0016251131892204285
ACH-000900,216326,0,0.009660905227065086
ACH-000900,24825971,0,0.0005381389637477696
ACH-000900,24894414,0,0.0075782956555485725
ACH-000900,24978538,0,0.09297329187393188
ACH-000900,25022668,0,0.00014275273133534938
ACH-000900,25167777,0,0.0004262129368726164
ACH-000900,387447,0,0.009334621019661427
ACH-000900,42642645,0,0.0004361004685051739
ACH-000900,44137675,0,0.0011910859029740095
ACH-000900,444795,0,0.0330529510974884
ACH-000900,44819241,0,0.006270348094403744
ACH-000900,462382,0,0.01369531825184822
ACH-000900,46930998,0,0.0008546611061319709
ACH-000900,46931012,0,0.00046760746045038104
ACH-000900,4993,0,0.017963770776987076
ACH-000900,5280757,0,0.005389736033976078
ACH-000900,5311,0,0.003618706250563264
ACH-000900,5311497,0,0.0001790551032172516
ACH-000900,5311510,0,0.0009415505337528884
ACH-000900,5329102,0,0.0003382437280379236
ACH-000900,53394750,0,0.0341297909617424
ACH-000900,54676905,0,0.005561922676861286
ACH-000900,637858,0,0.01510573085397482
ACH-000900,6505803,1,0.0021166005171835423
ACH-000900,6710780,0,0.001578361145220697
ACH-000900,6852167,0,0.01026443112641573
ACH-000900,6918454,0,0.09579960256814957
ACH-000900,6918848,0,0.002681473968550563
ACH-000900,76044,0,4.614952558767982e-05
ACH-000900,82146,0,0.0011311102425679564
ACH-000900,8249,0,0.21024425327777863
ACH-000900,84691,0,0.0017748583341017365
ACH-000900,85668777,0,0.4265410602092743
ACH-000900,9813758,0,0.059915535151958466
ACH-000900,9863776,0,0.10096636414527893
ACH-000900,9952773,0,0.001511037116870284
ACH-000903,10027278,0,0.0010124269174411893
ACH-000903,10074640,0,0.004885062575340271
ACH-000903,10184653,0,0.011830773204565048
ACH-000903,10384072,0,0.04323826730251312
ACH-000903,10459196,0,0.02672204189002514
ACH-000903,11338033,0,9.048120409715921e-05
ACH-000903,11433190,0,0.0778447762131691
ACH-000903,11609586,0,0.08038967847824097
ACH-000903,11617559,0,0.02619471214711666
ACH-000903,11640390,0,0.002124131191521883
ACH-000903,123631,0,0.005973615683615208
ACH-000903,148124,1,0.003663774812594056
ACH-000903,16720766,0,0.058563508093357086
ACH-000903,24772860,0,2.737137947406154e-05
ACH-000903,25102847,0,0.0016870469553396106
ACH-000903,25124816,0,0.00949170533567667
ACH-000903,25222038,0,0.00011466233263490722
ACH-000903,2733526,0,0.12322042882442474
ACH-000903,3385,0,0.003783440450206399
ACH-000903,44143370,0,0.0006927663926035166
ACH-000903,44450571,0,0.05514100566506386
ACH-000903,44551660,0,0.00030404169228859246
ACH-000903,46883536,0,0.010146466083824635
ACH-000903,49806720,0,0.012023149989545345
ACH-000903,521106,0,0.0008488176390528679
ACH-000903,5289247,0,0.0016834329580888152
ACH-000903,5460769,0,0.02155040018260479
ACH-000903,57339144,0,0.1269329935312271
ACH-000903,6445562,0,0.0020221464801579714
ACH-000903,6450551,0,0.0023461750242859125
ACH-000903,6505803,0,0.00035288408980704844
ACH-000903,6753378,0,0.003469411050900817
ACH-000903,6918454,0,0.00039236521115526557
ACH-000903,6918638,0,0.00086449203081429
ACH-000903,71271629,0,0.07313578575849533
ACH-000903,9868037,0,0.033849116414785385
ACH-000903,9903786,0,0.00022222982079256326
ACH-000903,9911830,0,0.005137680564075708
ACH-000903,9952773,0,0.0005505916778929532
ACH-000903,9956119,0,0.012201061472296715
ACH-000905,10096043,0,0.1396496593952179
ACH-000905,10109823,0,0.051611773669719696
ACH-000905,10196499,0,0.37130817770957947
ACH-000905,104842,0,0.2307908535003662
ACH-000905,11282283,0,0.25611448287963867
ACH-000905,11316960,0,0.0218283012509346
ACH-000905,11404337,0,0.11420199275016785
ACH-000905,11754511,1,0.032952651381492615
ACH-000905,16720766,0,0.15765471756458282
ACH-000905,24776445,0,0.11964663118124008
ACH-000905,24889392,0,0.07119626551866531
ACH-000905,24978538,0,0.32799652218818665
ACH-000905,2726824,0,0.10337793827056885
ACH-000905,300471,0,0.09727419912815094
ACH-000905,3385,0,0.036277033388614655
ACH-000905,3463933,0,0.10938028991222382
ACH-000905,44182295,0,0.0012988199014216661
ACH-000905,44450571,1,0.13023768365383148
ACH-000905,44551660,0,0.003843925893306732
ACH-000905,448013,0,0.4654460847377777
ACH-000905,44819241,0,0.26037099957466125
ACH-000905,46930998,0,0.07023359835147858
ACH-000905,5113032,0,0.12387533485889435
ACH-000905,51371303,0,0.07726206630468369
ACH-000905,5208,0,0.5320050120353699
ACH-000905,5327091,0,0.10034487396478653
ACH-000905,5394,0,0.18160609900951385
ACH-000905,6450551,0,0.04040169343352318
ACH-000905,6710780,1,0.07743848115205765
ACH-000905,9858940,0,0.12110698223114014
ACH-000905,9884685,0,0.01584440842270851
ACH-000905,9910224,0,0.07400323450565338
ACH-000905,9967941,0,0.020813127979636192
ACH-000906,10077147,0,0.03731130436062813
ACH-000906,10459196,0,0.042294684797525406
ACH-000906,11152667,1,0.09337428212165833
ACH-000906,11364421,0,0.009193750098347664
ACH-000906,11404337,0,0.005075613968074322
ACH-000906,11433190,0,0.7100400924682617
ACH-000906,11625818,0,0.049045853316783905
ACH-000906,11640390,0,0.15341462194919586
ACH-000906,11667893,0,0.019757213070988655
ACH-000906,11754511,0,0.08288025110960007
ACH-000906,16720766,0,0.017307765781879425
ACH-000906,16760646,0,0.0267997607588768
ACH-000906,176158,0,0.01074124127626419
ACH-000906,176870,0,0.03168817609548569
ACH-000906,24772860,0,0.007359416224062443
ACH-000906,24776445,0,0.029319342225790024
ACH-000906,25222038,0,0.0011299347970634699
ACH-000906,2733526,0,0.06680326908826828
ACH-000906,3005532,0,0.008514884859323502
ACH-000906,3463933,0,0.01560612116008997
ACH-000906,3796,0,0.0418093167245388
ACH-000906,448013,0,0.0006848213961347938
ACH-000906,462382,0,0.022759785875678062
ACH-000906,4993,0,0.02065613493323326
ACH-000906,5113032,0,0.11379637569189072
ACH-000906,5208,0,0.002764354692772031
ACH-000906,5311,0,0.1346837729215622
ACH-000906,5329102,0,0.008838210254907608
ACH-000906,5384616,0,0.03702259436249733
ACH-000906,5460769,0,0.02034110389649868
ACH-000906,5494449,0,0.08480075001716614
ACH-000906,560326,0,0.008413299918174744
ACH-000906,5717801,0,0.0014606195036321878
ACH-000906,57339144,0,0.1025533378124237
ACH-000906,60750,0,0.001186993787996471
ACH-000906,6710780,0,0.01795836165547371
ACH-000906,6753378,0,0.11439795792102814
ACH-000906,71271629,0,0.13461945950984955
ACH-000906,84691,0,0.01837638020515442
ACH-000906,85668777,0,0.04331986978650093
ACH-000906,9826308,0,0.00032020729850046337
ACH-000906,9863776,0,0.5367660522460938
ACH-000906,9884685,0,0.002140981378033757
ACH-000906,9907093,0,0.011666164733469486
ACH-000906,9914412,0,0.02515636384487152
ACH-000906,9931953,0,0.016070082783699036
ACH-000906,9938202,0,0.05636567249894142
ACH-000906,9952773,0,0.006806977558881044
ACH-000906,9956222,0,0.0009302035323344171
ACH-000910,10077147,0,0.0009871070506051183
ACH-000910,10184653,0,0.07928342372179031
ACH-000910,11178236,0,0.012722090817987919
ACH-000910,11338033,0,0.03323772922158241
ACH-000910,11625818,0,0.44842541217803955
ACH-000910,11667893,0,0.005343980621546507
ACH-000910,11960529,0,0.002286804374307394
ACH-000910,148124,0,0.00042758355266414583
ACH-000910,176158,0,0.0011622847523540258
ACH-000910,17755052,0,0.00714309373870492
ACH-000910,24756910,1,0.3800124228000641
ACH-000910,24785538,0,0.0009706818964332342
ACH-000910,25222038,0,5.9094316384289414e-05
ACH-000910,25262965,0,0.003240030724555254
ACH-000910,2733526,0,0.03128891438245773
ACH-000910,300471,0,0.0008878700900822878
ACH-000910,3463933,0,0.004948387388139963
ACH-000910,36462,0,0.0003483809996396303
ACH-000910,4263900,0,0.0003945206990465522
ACH-000910,44137675,0,0.005755905527621508
ACH-000910,44143370,0,0.230782151222229
ACH-000910,46931012,0,0.043674029409885406
ACH-000910,5280757,0,0.0031918473541736603
ACH-000910,5328940,0,0.0012708862777799368
ACH-000910,53340664,0,0.007472707889974117
ACH-000910,5460769,0,0.0037566181272268295
ACH-000910,6253,0,0.0017903406405821443
ACH-000910,6914657,0,0.0019593448378145695
ACH-000910,6918289,0,0.007862938567996025
ACH-000910,9858940,0,0.013999438844621181
ACH-000910,9903786,0,0.4808903932571411
ACH-000910,9938202,1,0.06773616373538971
ACH-000911,10027278,0,0.0001553393667563796
ACH-000911,10196499,1,0.00023540545953437686
ACH-000911,11178236,0,0.004226346500217915
ACH-000911,11338033,0,5.11257758262218e-06
ACH-000911,11404337,0,0.0003947833029087633
ACH-000911,11433190,0,0.4792584478855133
ACH-000911,11617559,0,0.0038110404275357723
ACH-000911,11707110,1,0.493132621049881
ACH-000911,11977753,1,0.06850653886795044
ACH-000911,159324,0,0.0001482045918237418
ACH-000911,24889392,0,0.0010093883611261845
ACH-000911,25124816,1,0.025691835209727287
ACH-000911,25222038,0,7.307769556064159e-05
ACH-000911,3385,0,0.002473103115335107
ACH-000911,42640,0,0.017380958423018456
ACH-000911,44450571,0,0.2591897249221802
ACH-000911,44551660,0,3.7098085158504546e-05
ACH-000911,44632017,0,0.0011505389120429754
ACH-000911,446378,0,0.003106138203293085
ACH-000911,46224516,0,7.725741306785494e-05
ACH-000911,46885626,0,0.000897426507435739
ACH-000911,46931012,0,1.6071753634605557e-05
ACH-000911,5330286,0,0.015515480190515518
ACH-000911,54685215,0,0.017071526497602463
ACH-000911,5746,1,0.0036008870229125023
ACH-000911,6445533,0,0.002622206462547183
ACH-000911,6918638,0,8.471743058180436e-05
ACH-000911,9868037,0,0.0016705379821360111
ACH-000911,9903786,0,4.3404965254012495e-05
ACH-000911,9914412,1,0.0010778300929814577
ACH-000911,9956119,0,0.009468256495893002
ACH-000913,10074640,0,0.006141924764961004
ACH-000913,11178236,0,0.014880785718560219
ACH-000913,11282283,0,0.09899356961250305
ACH-000913,11373846,1,0.008118566125631332
ACH-000913,11433190,0,0.17702333629131317
ACH-000913,11485656,0,0.006591463927179575
ACH-000913,11667893,0,0.14840547740459442
ACH-000913,11713159,0,0.03367315232753754
ACH-000913,11754511,0,0.004580964799970388
ACH-000913,16725726,0,0.6507897973060608
ACH-000913,24772860,0,0.00020629299979191273
ACH-000913,24894414,0,0.0512973815202713
ACH-000913,25167777,0,0.0020801895298063755
ACH-000913,3005532,0,0.21287751197814941
ACH-000913,3385,0,0.014531842432916164
ACH-000913,44182295,0,0.002292048651725054
ACH-000913,44551660,0,0.0007497146725654602
ACH-000913,447912,0,0.0417596772313118
ACH-000913,46883536,0,0.019533777609467506
ACH-000913,5327091,0,0.04231489077210426
ACH-000913,5328940,0,0.00726733822375536
ACH-000913,5394,0,0.04952302575111389
ACH-000913,5459322,0,0.17502361536026
ACH-000913,637858,0,0.06285053491592407
ACH-000913,6450551,0,0.0053404634818434715
ACH-000913,6505803,0,0.03889637440443039
ACH-000913,6918638,0,0.0015495429979637265
ACH-000913,71271629,0,0.011960241943597794
ACH-000913,9810884,0,0.8931291103363037
ACH-000913,9813758,0,0.008218674920499325
ACH-000913,9868037,0,0.013828320428729057
ACH-000913,9903786,0,0.0011732761049643159
ACH-000913,9931953,0,0.06597702950239182
ACH-000913,9943465,0,0.028279120102524757
ACH-000914,10074640,0,0.0052039045840501785
ACH-000914,10096043,0,0.00017208042845595628
ACH-000914,10109823,0,0.0023379470221698284
ACH-000914,11152667,0,0.0012775016948580742
ACH-000914,11282283,0,0.48379412293434143
ACH-000914,11338033,0,0.011411919258534908
ACH-000914,11713159,0,0.0002899208338931203
ACH-000914,16663089,0,0.015760451555252075
ACH-000914,16720766,0,0.0198836587369442
ACH-000914,16725726,1,0.9435961842536926
ACH-000914,176870,0,0.07821240276098251
ACH-000914,2375,0,0.1940527856349945
ACH-000914,24785538,0,0.0011094248620793223
ACH-000914,24889392,0,0.34481316804885864
ACH-000914,25257557,1,0.9911133646965027
ACH-000914,2733526,0,0.11139125376939774
ACH-000914,300471,0,0.004948274232447147
ACH-000914,3062316,0,0.011517803184688091
ACH-000914,31703,0,0.0002910757320933044
ACH-000914,42642645,0,0.0005374302854761481
ACH-000914,44137675,0,0.03443238511681557
ACH-000914,44462760,0,0.00043848567293025553
ACH-000914,444795,0,0.1250057816505432
ACH-000914,448013,0,0.0004512544837780297
ACH-000914,44819241,0,0.0764111652970314
ACH-000914,46191454,0,0.490249365568161
ACH-000914,46844147,0,0.017536500468850136
ACH-000914,46931012,0,0.007778938394039869
ACH-000914,5208,0,0.003945826552808285
ACH-000914,5280757,0,0.010901443660259247
ACH-000914,5311,0,0.028552323579788208
ACH-000914,5459322,0,0.014270788989961147
ACH-000914,54685215,0,0.006635330617427826
ACH-000914,60750,0,0.0006469109794124961
ACH-000914,6253,0,0.0034470863174647093
ACH-000914,637858,0,0.0045188781805336475
ACH-000914,644215,0,0.002392764203250408
ACH-000914,6450816,0,0.022169606760144234
ACH-000914,65110,0,0.031037122011184692
ACH-000914,6710780,0,0.004596578888595104
ACH-000914,82146,0,0.00428610946983099
ACH-000914,84691,0,0.0021367142908275127
ACH-000914,9813758,0,0.06255313009023666
ACH-000914,9826528,0,9.157945169135928e-05
ACH-000914,9914412,0,0.005794175434857607
ACH-000914,9956119,0,0.034907031804323196
ACH-000915,10077147,0,0.01214364543557167
ACH-000915,11178236,0,0.002815217711031437
ACH-000915,11493598,0,0.2223949134349823
ACH-000915,11707110,1,0.9440245628356934
ACH-000915,1401,0,0.10736008733510971
ACH-000915,159324,0,0.0009002686711028218
ACH-000915,16720766,0,0.018377680331468582
ACH-000915,16725726,0,0.027449460700154305
ACH-000915,24772860,0,0.0007819175953045487
ACH-000915,24826799,0,0.0010316460393369198
ACH-000915,24889392,0,0.011572638526558876
ACH-000915,25126798,0,0.07836341857910156
ACH-000915,3218,0,0.02105913870036602
ACH-000915,3796,0,0.019831765443086624
ACH-000915,42640,0,0.005282554309815168
ACH-000915,444795,0,0.15976138412952423
ACH-000915,44551660,0,0.006737671792507172
ACH-000915,46885626,0,0.13959862291812897
ACH-000915,46931012,0,0.004071193281561136
ACH-000915,46943432,0,0.023647213354706764
ACH-000915,5113032,0,0.023938961327075958
ACH-000915,5289247,0,0.6794004440307617
ACH-000915,56962337,1,0.022620096802711487
ACH-000915,6450816,0,0.000247361371293664
ACH-000915,6710780,0,0.014557501301169395
ACH-000915,6753378,0,0.08735329657793045
ACH-000915,6852167,0,0.012803139165043831
ACH-000915,704473,0,0.07628864794969559
ACH-000915,71271629,1,0.11343984305858612
ACH-000915,84691,0,0.015093001537024975
ACH-000915,9826528,1,0.916922926902771
ACH-000915,9868037,0,0.04659794270992279
ACH-000915,9874913,0,0.020983615890145302
ACH-000915,9938202,0,0.025919396430253983
ACH-000915,9952773,0,0.0009823499713093042
ACH-000917,10074640,0,0.0031792796216905117
ACH-000917,11485656,0,0.0006373339565470815
ACH-000917,11493598,0,0.0008657879661768675
ACH-000917,11617559,0,0.0024884003214538097
ACH-000917,11754511,0,0.00012569419050123543
ACH-000917,123631,1,0.5270699858665466
ACH-000917,126565,0,0.01082640141248703
ACH-000917,156422,0,0.3996295630931854
ACH-000917,16725726,1,0.01659695990383625
ACH-000917,25195352,0,0.00016262488497886807
ACH-000917,2726824,0,0.21676482260227203
ACH-000917,46224516,0,4.372690455056727e-05
ACH-000917,46885626,0,0.0005522664869204164
ACH-000917,46931012,0,1.672858343226835e-05
ACH-000917,5394,0,0.030380621552467346
ACH-000917,6445562,1,0.003353749867528677
ACH-000917,65110,0,0.0028622320387512445
ACH-000917,6918289,0,0.0540253221988678
ACH-000917,704473,0,0.004835023544728756
ACH-000917,9868037,0,0.0011975100496783853
ACH-000917,9874913,1,0.00927545502781868
ACH-000917,9911830,0,0.0005463400157168508
ACH-000917,9931953,0,0.06081263720989227
ACH-000918,10127622,0,0.160918727517128
ACH-000918,10459196,0,0.7415952682495117
ACH-000918,104842,1,0.7211573719978333
ACH-000918,11316960,1,0.5982863903045654
ACH-000918,11433190,1,0.8290480375289917
ACH-000918,123631,0,0.12141386419534683
ACH-000918,126565,1,0.8202541470527649
ACH-000918,126941,1,0.8395034670829773
ACH-000918,2726824,0,0.3284129202365875
ACH-000918,2733526,1,0.646805465221405
ACH-000918,44182295,0,0.1300176978111267
ACH-000918,444795,1,0.6034663915634155
ACH-000918,65110,0,0.7200247645378113
ACH-000918,6710780,1,0.7933071851730347
ACH-000918,9826528,0,0.1221804991364479
ACH-000918,9914412,1,0.8179880380630493
ACH-000918,9931953,1,0.5346623659133911
ACH-000918,9938202,1,0.4696139097213745
ACH-000918,9943465,0,0.32063767313957214
ACH-000920,11327430,0,0.06902174651622772
ACH-000920,11609586,0,0.20890672504901886
ACH-000920,11624601,0,0.02830078825354576
ACH-000920,11977753,0,0.028128445148468018
ACH-000920,126565,0,0.8317216634750366
ACH-000920,148124,0,0.011732906103134155
ACH-000920,156422,0,0.03267725557088852
ACH-000920,51371303,0,0.03521360084414482
ACH-000920,5394,1,0.5795332193374634
ACH-000920,56962337,1,0.5357722640037537
ACH-000920,6914657,0,0.003278482938185334
ACH-000920,6918454,0,0.3634379208087921
ACH-000920,9863776,0,0.4140250086784363
ACH-000922,10384072,0,0.27818483114242554
ACH-000922,11433190,1,0.798875093460083
ACH-000922,11455910,0,0.013795299455523491
ACH-000922,11960529,1,0.6740823984146118
ACH-000922,126941,1,0.9258994460105896
ACH-000922,176158,0,0.22559921443462372
ACH-000922,24776445,0,0.876766562461853
ACH-000922,46930998,1,0.5042969584465027
ACH-000922,51371303,1,0.23984715342521667
ACH-000922,5328940,0,0.3764813244342804
ACH-000922,54685215,0,0.045521385967731476
ACH-000922,56962337,0,0.6761501431465149
ACH-000922,637858,0,0.17360317707061768
ACH-000922,644241,1,0.8722524642944336
ACH-000922,6914657,0,0.023745249956846237
ACH-000922,6918289,0,0.660415768623352
ACH-000922,6918454,0,0.033205416053533554
ACH-000922,71271629,0,0.7790150046348572
ACH-000922,9858940,0,0.14728952944278717
ACH-000924,10127622,0,0.09944645315408707
ACH-000924,10196499,0,0.025661399587988853
ACH-000924,10341154,0,0.004277093335986137
ACH-000924,11493598,0,0.03371841832995415
ACH-000924,11707110,0,0.10746436566114426
ACH-000924,11977753,0,0.0065488312393426895
ACH-000924,126565,0,0.0028890357352793217
ACH-000924,126941,0,0.005152850411832333
ACH-000924,1401,0,0.013427704572677612
ACH-000924,16747388,0,0.00863597635179758
ACH-000924,176158,0,0.009062403813004494
ACH-000924,17755052,0,0.010981549508869648
ACH-000924,25022668,0,0.008100416511297226
ACH-000924,25222038,0,0.002620871178805828
ACH-000924,3463933,0,0.03434951230883598
ACH-000924,36462,0,0.0008334915619343519
ACH-000924,46224516,0,0.0018695722101256251
ACH-000924,5459322,0,0.02100387029349804
ACH-000924,560326,0,0.004961473401635885
ACH-000924,6253,0,0.0031168139539659023
ACH-000924,6445533,0,0.03127474710345268
ACH-000924,6505803,0,0.005090977996587753
ACH-000924,6918454,0,0.007885345257818699
ACH-000924,6918638,0,0.0018646757816895843
ACH-000924,9863776,0,0.011044694110751152
ACH-000924,9911830,0,0.008487321436405182
ACH-000924,9931953,0,0.0063719367608428
ACH-000924,9952773,0,0.02010614424943924
ACH-000927,10027278,0,0.0028510114643722773
ACH-000927,10077147,0,0.000844846828840673
ACH-000927,10184653,1,0.524712860584259
ACH-000927,10384072,0,0.01198451779782772
ACH-000927,11455910,0,0.21107646822929382
ACH-000927,11485656,0,0.003547533182427287
ACH-000927,11493598,0,0.01681937836110592
ACH-000927,11609586,0,0.013899274170398712
ACH-000927,11625818,0,0.043003059923648834
ACH-000927,11626560,0,0.011583071202039719
ACH-000927,11640390,0,0.2455091029405594
ACH-000927,11647372,0,0.0025228688027709723
ACH-000927,11667893,0,0.21629172563552856
ACH-000927,11713159,0,0.0032554592471569777
ACH-000927,126565,0,0.0036631273105740547
ACH-000927,1401,0,0.027724403887987137
ACH-000927,148124,0,0.06277374923229218
ACH-000927,16760646,0,0.007764047477394342
ACH-000927,176158,0,0.023291761055588722
ACH-000927,176870,0,0.45638588070869446
ACH-000927,24772860,0,0.00023600191343575716
ACH-000927,24825971,0,0.024575125426054
ACH-000927,24826799,0,0.0018625231459736824
ACH-000927,24978538,0,0.08568185567855835
ACH-000927,25126798,0,0.035959865897893906
ACH-000927,25222038,0,0.0018135287100449204
ACH-000927,2726824,0,0.08580455183982849
ACH-000927,2733526,0,0.0360182486474514
ACH-000927,3218,0,0.007105216383934021
ACH-000927,3385,0,0.004514140542596579
ACH-000927,3463933,0,0.3305528163909912
ACH-000927,36314,0,0.020335447043180466
ACH-000927,36462,0,0.002339997561648488
ACH-000927,4263900,0,0.00179282296448946
ACH-000927,42640,0,0.04720092564821243
ACH-000927,42642645,0,0.002237284556031227
ACH-000927,44182295,0,0.0045933970250189304
ACH-000927,46943432,0,0.0017224597977474332
ACH-000927,5113032,0,0.008435885421931744
ACH-000927,5311510,0,0.06517750024795532
ACH-000927,5328940,0,0.015973655506968498
ACH-000927,5329102,0,0.0011647713836282492
ACH-000927,53302361,0,0.003620991948992014
ACH-000927,5330286,0,0.004901445470750332
ACH-000927,53340664,0,0.0008968692272901535
ACH-000927,5459322,0,0.10711986571550369
ACH-000927,54676905,0,0.06577958911657333
ACH-000927,54685215,0,0.05968008562922478
ACH-000927,5494449,0,0.0032514510676264763
ACH-000927,560326,0,0.00300632044672966
ACH-000927,5717801,0,0.0008328227559104562
ACH-000927,60750,0,0.004131834488362074
ACH-000927,637858,0,0.034541599452495575
ACH-000927,644215,0,0.011435715481638908
ACH-000927,6445562,1,0.18563635647296906
ACH-000927,71271629,0,0.004874450620263815
ACH-000927,84691,0,0.008880256675183773
ACH-000927,85668777,0,0.3708697557449341
ACH-000927,9810884,0,0.05513473600149155
ACH-000927,9826528,0,0.0069749862886965275
ACH-000927,9907093,0,0.33754464983940125
ACH-000929,10113978,0,0.27010583877563477
ACH-000929,10127622,0,0.2051098346710205
ACH-000929,10459196,0,0.02806592918932438
ACH-000929,11433190,0,0.17018692195415497
ACH-000929,11485656,0,0.0232757106423378
ACH-000929,11609586,0,0.012065022252500057
ACH-000929,11624601,0,0.0564977191388607
ACH-000929,11647372,0,0.18690112233161926
ACH-000929,11713159,0,0.06384745240211487
ACH-000929,156422,0,0.12106161564588547
ACH-000929,16747388,0,0.2582566440105438
ACH-000929,176167,0,0.3387109935283661
ACH-000929,216326,0,0.021171651780605316
ACH-000929,23725625,0,0.007171647623181343
ACH-000929,2375,0,0.017102478072047234
ACH-000929,24951314,0,0.036515504121780396
ACH-000929,300471,0,0.03381478041410446
ACH-000929,31703,1,0.017700081691145897
ACH-000929,3218,0,0.01561648864299059
ACH-000929,46885626,0,0.1408146172761917
ACH-000929,5278396,0,0.013686669990420341
ACH-000929,5289247,0,0.22789549827575684
ACH-000929,5327091,0,0.016974899917840958
ACH-000929,56962337,0,0.020790398120880127
ACH-000929,57339144,0,0.025970032438635826
ACH-000929,6505803,0,0.07015395909547806
ACH-000929,6852167,1,0.2408197671175003
ACH-000929,704473,0,0.10551487654447556
ACH-000929,9826528,0,0.19543305039405823
ACH-000929,9858940,0,0.06898366659879684
ACH-000929,9943465,0,0.08968635648488998
ACH-000929,9967941,0,0.4165145754814148
ACH-000930,10077147,0,0.002799403853714466
ACH-000930,10184653,1,0.212711364030838
ACH-000930,11152667,0,0.0026362575590610504
ACH-000930,11282283,0,0.128964364528656
ACH-000930,11316960,0,0.0067337374202907085
ACH-000930,176167,0,0.056259267032146454
ACH-000930,24772860,0,0.0003191762079950422
ACH-000930,24785538,0,0.04462217539548874
ACH-000930,24889392,1,0.08150795847177505
ACH-000930,24894414,0,0.023877490311861038
ACH-000930,25022668,0,0.005953309591859579
ACH-000930,25195352,0,0.004958514589816332
ACH-000930,25222038,0,0.0019048867980018258
ACH-000930,2726824,0,0.04334394633769989
ACH-000930,2733526,0,0.04305717349052429
ACH-000930,3463933,0,0.1032797321677208
ACH-000930,36462,0,0.0012737243669107556
ACH-000930,42640,0,0.04567515477538109
ACH-000930,42642645,0,0.003942529205232859
ACH-000930,44143370,0,0.024996360763907433
ACH-000930,44182295,0,0.0009911677334457636
ACH-000930,44224160,0,0.002272500190883875
ACH-000930,44551660,0,0.0010831558611243963
ACH-000930,46885626,0,0.019581377506256104
ACH-000930,46907787,0,0.02037297934293747
ACH-000930,5113032,0,0.026309004053473473
ACH-000930,51371303,1,0.05836765095591545
ACH-000930,5327091,0,0.005502120591700077
ACH-000930,5330286,0,0.002694489434361458
ACH-000930,5459322,0,0.05277422443032265
ACH-000930,54685215,0,0.016792282462120056
ACH-000930,560326,0,0.013009990565478802
ACH-000930,644241,0,0.016584744676947594
ACH-000930,6710780,0,0.003257846226915717
ACH-000930,6753378,0,0.005659514106810093
ACH-000930,6852167,0,0.009483670815825462
ACH-000930,6914657,0,0.003450196934863925
ACH-000930,8249,0,0.03430277854204178
ACH-000930,85668777,0,0.12185852229595184
ACH-000930,9810884,0,0.1109078899025917
ACH-000930,9910224,0,0.01576954498887062
ACH-000930,9938202,0,0.05050110071897507
ACH-000930,9956222,0,0.008602499961853027
ACH-000932,10390396,0,0.2038893848657608
ACH-000932,10461815,0,0.09271086007356644
ACH-000932,11152667,0,0.016878437250852585
ACH-000932,11316960,0,0.021808484569191933
ACH-000932,11327430,0,0.0063480171374976635
ACH-000932,11373846,0,0.16383536159992218
ACH-000932,11626927,0,0.045242082327604294
ACH-000932,11640390,0,0.22070632874965668
ACH-000932,11713159,0,0.009168795309960842
ACH-000932,11754511,0,0.16267172992229462
ACH-000932,160355,0,0.037704769521951675
ACH-000932,16038120,0,0.10378746688365936
ACH-000932,16663089,0,0.008928995579481125
ACH-000932,16760646,0,0.012117771431803703
ACH-000932,23725625,0,0.009224645793437958
ACH-000932,2375,0,0.020586920902132988
ACH-000932,24776445,0,0.006934085860848427
ACH-000932,24825971,0,0.015911655500531197
ACH-000932,25195352,0,0.14127185940742493
ACH-000932,44137675,0,0.02694685384631157
ACH-000932,44143370,1,0.2275615781545639
ACH-000932,44182295,0,0.03273167461156845
ACH-000932,444795,0,0.07969016581773758
ACH-000932,44819241,0,0.015160579234361649
ACH-000932,46224516,0,0.03751589357852936
ACH-000932,46907787,0,0.014890274964272976
ACH-000932,46931012,0,0.18439093232154846
ACH-000932,5113032,0,0.035325437784194946
ACH-000932,5208,0,0.00743287056684494
ACH-000932,5289247,0,0.10098790377378464
ACH-000932,5327091,0,0.007018232252448797
ACH-000932,5384616,0,0.11595050245523453
ACH-000932,5494449,0,0.050753138959407806
ACH-000932,5717801,0,0.0023276228457689285
ACH-000932,644215,0,0.011686915531754494
ACH-000932,6445562,0,0.2523881494998932
ACH-000932,6450816,0,0.017163407057523727
ACH-000932,6710780,0,0.0066584390588104725
ACH-000932,6753378,0,0.05769292265176773
ACH-000932,9826308,0,0.0008830752922222018
ACH-000932,9874913,1,0.12355587631464005
ACH-000932,9903786,0,0.14531023800373077
ACH-000932,9967941,0,0.11549274623394012
ACH-000934,10074640,0,0.003673060331493616
ACH-000934,10200390,0,0.001088357879780233
ACH-000934,10459196,0,0.005059294868260622
ACH-000934,11178236,0,0.05191956087946892
ACH-000934,11282283,0,0.24262410402297974
ACH-000934,11316960,0,0.0018372044432908297
ACH-000934,11327430,0,0.03409893065690994
ACH-000934,11609586,0,0.024617185816168785
ACH-000934,11634725,0,0.00017831021978054196
ACH-000934,176158,0,0.036177217960357666
ACH-000934,176167,0,0.04630057513713837
ACH-000934,17755052,1,0.40960296988487244
ACH-000934,24180719,0,0.0025595081970095634
ACH-000934,24889392,0,0.19979070127010345
ACH-000934,25022668,0,0.0025621720124036074
ACH-000934,25222038,0,0.0003708911535795778
ACH-000934,2726824,0,0.0752941220998764
ACH-000934,31703,0,0.00037201528903096914
ACH-000934,3463933,0,0.023142516613006592
ACH-000934,44462760,0,0.00023678963771089911
ACH-000934,448013,0,0.0013722183648496866
ACH-000934,46224516,0,0.008162357844412327
ACH-000934,51371303,0,0.16791626811027527
ACH-000934,5278396,0,0.0838760957121849
ACH-000934,560326,0,0.058409929275512695
ACH-000934,6253,0,0.0010377309517934918
ACH-000934,6505803,1,0.00045308677363209426
ACH-000934,6710780,1,0.003210588591173291
ACH-000934,6753378,0,0.01713508553802967
ACH-000934,6914657,0,0.0042806812562048435
ACH-000934,6918289,0,0.019313069060444832
ACH-000934,71271629,0,0.014242502860724926
ACH-000934,9810884,0,0.29114431142807007
ACH-000934,9858940,0,0.04833868145942688
ACH-000934,9863776,0,0.00024017642135731876
ACH-000934,9910224,0,0.05182460695505142
ACH-000934,9914412,0,0.007799262180924416
ACH-000934,9952773,0,0.014082913286983967
ACH-000934,9956119,0,0.1432979702949524
ACH-000935,10077147,0,0.008085247129201889
ACH-000935,10127622,1,0.47192326188087463
ACH-000935,10172943,0,0.0010207357117906213
ACH-000935,10384072,0,0.042389169335365295
ACH-000935,104842,0,0.054256703704595566
ACH-000935,11433190,1,0.8313165307044983
ACH-000935,11609586,0,0.12610086798667908
ACH-000935,11626560,0,0.004557102452963591
ACH-000935,11713159,0,0.0005760214990004897
ACH-000935,11960529,0,0.18043583631515503
ACH-000935,126565,0,0.16569362580776215
ACH-000935,156422,0,0.06732259690761566
ACH-000935,159324,0,0.00034703154233284295
ACH-000935,24826799,0,0.00017804757226258516
ACH-000935,24951314,0,0.00030280332430265844
ACH-000935,25102847,0,0.0015250701690092683
ACH-000935,25126798,0,0.21393753588199615
ACH-000935,2733526,0,0.08858093619346619
ACH-000935,44462760,1,0.5493284463882446
ACH-000935,46224516,0,0.0015233807498589158
ACH-000935,462382,0,0.04868480563163757
ACH-000935,46843772,0,0.1521890014410019
ACH-000935,46930998,0,0.00132659450173378
ACH-000935,49821040,0,0.00651061674579978
ACH-000935,5113032,0,0.06971441954374313
ACH-000935,5311497,0,0.0006309084710665047
ACH-000935,5311510,0,0.0030700485222041607
ACH-000935,5327091,0,0.011538728140294552
ACH-000935,5329102,0,0.00021860965352971107
ACH-000935,53340664,0,0.0006208174745552242
ACH-000935,53394750,0,0.30589884519577026
ACH-000935,5394,0,0.40104958415031433
ACH-000935,5746,0,0.00963264238089323
ACH-000935,6450816,0,5.808440255350433e-05
ACH-000935,65110,1,0.25012627243995667
ACH-000935,6753378,0,0.029088830575346947
ACH-000935,76044,0,0.0002184694167226553
ACH-000935,82146,0,0.007863943465054035
ACH-000935,9813758,0,0.006332485470920801
ACH-000935,9826528,0,0.7119683623313904
ACH-000935,9903786,0,0.0013780435547232628
ACH-000935,9956119,0,0.009020798839628696
ACH-000935,9956222,0,2.070729897241108e-05
ACH-000936,10184653,1,0.3153083920478821
ACH-000936,10196499,0,0.014308851212263107
ACH-000936,11327430,0,0.0007061528158374131
ACH-000936,11455910,1,0.16318455338478088
ACH-000936,11485656,0,0.002832127036526799
ACH-000936,11624601,0,0.0331605039536953
ACH-000936,11647372,0,0.0027082436718046665
ACH-000936,11667893,0,0.06607106328010559
ACH-000936,11713159,0,0.005172965116798878
ACH-000936,1401,0,0.014449658803641796
ACH-000936,24772860,0,0.0006603518268093467
ACH-000936,24785538,0,0.10743197053670883
ACH-000936,25195352,0,0.002256362233310938
ACH-000936,2733526,0,0.011341565288603306
ACH-000936,4263900,0,0.003557945368811488
ACH-000936,44450571,0,0.06765694916248322
ACH-000936,44551660,0,0.001313688699156046
ACH-000936,448013,0,0.011621623300015926
ACH-000936,46931012,0,0.0020427152048796415
ACH-000936,5113032,0,0.004875077400356531
ACH-000936,5327091,0,0.004355244804173708
ACH-000936,53302361,0,0.002701497171074152
ACH-000936,5394,0,0.013355951756238937
ACH-000936,560326,0,0.0016113849123939872
ACH-000936,56962337,0,0.020050518214702606
ACH-000936,56965967,0,0.022323312237858772
ACH-000936,60750,0,0.009192286059260368
ACH-000936,6445533,0,0.04963086172938347
ACH-000936,65110,0,0.01119308266788721
ACH-000936,66577006,0,0.03079569712281227
ACH-000936,6918638,0,0.002527795499190688
ACH-000936,6918848,0,0.0026391553692519665
ACH-000936,704473,0,0.03474261239171028
ACH-000936,71271629,0,0.004822457209229469
ACH-000936,82146,0,0.008514071814715862
ACH-000936,9858940,0,0.056551847606897354
ACH-000936,9868037,0,0.007237792015075684
ACH-000936,9911830,0,0.003311153966933489
ACH-000936,9931953,0,0.008373742923140526
ACH-000936,9956222,0,0.0030768627766519785
ACH-000937,10096043,0,0.009030578657984734
ACH-000937,10109823,0,0.047395747154951096
ACH-000937,10172943,0,0.05167344957590103
ACH-000937,10200390,0,0.12523311376571655
ACH-000937,10390396,0,0.07984743267297745
ACH-000937,11316960,0,0.03504345193505287
ACH-000937,11373846,1,0.7197451591491699
ACH-000937,11626560,0,0.09783904999494553
ACH-000937,11634725,0,0.10499449074268341
ACH-000937,11754511,1,0.8377810716629028
ACH-000937,176158,0,0.040476687252521515
ACH-000937,2314623,0,0.04360920935869217
ACH-000937,2375,1,0.17282994091510773
ACH-000937,24180719,0,0.03893867880105972
ACH-000937,24772860,0,0.705889105796814
ACH-000937,24889392,1,0.733644425868988
ACH-000937,25195352,0,0.25139307975769043
ACH-000937,2733526,0,0.05716024339199066
ACH-000937,3463933,0,0.011945115402340889
ACH-000937,4263900,0,0.04958151653409004
ACH-000937,44224160,0,0.582556962966919
ACH-000937,44450571,0,0.032418571412563324
ACH-000937,444795,0,0.12692229449748993
ACH-000937,44632017,0,0.008583780378103256
ACH-000937,46885626,1,0.8446573615074158
ACH-000937,46907787,0,0.07502797991037369
ACH-000937,49836027,0,0.022946877405047417
ACH-000937,53394750,1,0.989195704460144
ACH-000937,54685215,0,0.013607913628220558
ACH-000937,56965967,1,0.595043957233429
ACH-000937,5717801,0,0.041435711085796356
ACH-000937,57339144,0,0.19058872759342194
ACH-000937,6918289,0,0.07495154440402985
ACH-000937,6918454,0,0.0037408792413771152
ACH-000937,7251185,0,0.17111772298812866
ACH-000937,9549184,1,0.419188529253006
ACH-000937,9884685,0,0.8947653770446777
ACH-000937,9967941,0,0.09104879200458527
ACH-000938,10077147,1,0.5829691886901855
ACH-000938,10461815,0,0.4455912411212921
ACH-000938,104842,0,0.14069758355617523
ACH-000938,11178236,0,0.04152536764740944
ACH-000938,11316960,0,0.157172292470932
ACH-000938,11364421,0,0.32991960644721985
ACH-000938,11754511,1,0.9240378737449646
ACH-000938,123631,0,0.09274808317422867
ACH-000938,126941,1,0.6761566400527954
ACH-000938,160355,0,0.7360849380493164
ACH-000938,16720766,0,0.09524514526128769
ACH-000938,16725726,1,0.9615305662155151
ACH-000938,20635522,0,0.424111008644104
ACH-000938,216326,0,0.31434276700019836
ACH-000938,23725625,1,0.33504951000213623
ACH-000938,2375,1,0.49855929613113403
ACH-000938,24756910,0,0.918357789516449
ACH-000938,24785538,0,0.2805514931678772
ACH-000938,24826799,1,0.7060213088989258
ACH-000938,25222038,0,0.35305047035217285
ACH-000938,25262965,0,0.5614761710166931
ACH-000938,42640,1,0.09789956361055374
ACH-000938,42642645,0,0.6555488705635071
ACH-000938,44137675,1,0.24511732161045074
ACH-000938,44182295,0,0.02779271826148033
ACH-000938,44224160,0,0.9018166065216064
ACH-000938,44450571,0,0.11555604636669159
ACH-000938,446378,1,0.14149905741214752
ACH-000938,448013,0,0.12946964800357819
ACH-000938,46224516,1,0.8122686147689819
ACH-000938,46883536,1,0.8469743132591248
ACH-000938,5280757,0,0.3527691066265106
ACH-000938,5327091,0,0.12707801163196564
ACH-000938,5329102,0,0.49591872096061707
ACH-000938,53302361,0,0.6412630081176758
ACH-000938,54676905,0,0.3232066035270691
ACH-000938,56962337,1,0.34407302737236023
ACH-000938,6253,1,0.5049010515213013
ACH-000938,644215,0,0.34362247586250305
ACH-000938,6445533,1,0.7892239689826965
ACH-000938,6450816,1,0.578236997127533
ACH-000938,6918454,0,0.029677141457796097
ACH-000938,6918638,1,0.9106700420379639
ACH-000938,71271629,0,0.3317680358886719
ACH-000938,82146,0,0.2471802681684494
ACH-000938,85668777,0,0.1061122715473175
ACH-000938,9810884,1,0.9962981343269348
ACH-000938,9863776,0,0.08130655437707901
ACH-000938,9903786,1,0.9656161665916443
ACH-000939,10096043,0,0.2268962860107422
ACH-000939,10113978,0,0.2897351384162903
ACH-000939,10184653,0,0.26136112213134766
ACH-000939,10200390,0,0.022823557257652283
ACH-000939,10302451,0,0.5204878449440002
ACH-000939,10341154,0,0.03290490061044693
ACH-000939,10461815,0,0.48333457112312317
ACH-000939,104842,0,0.07407452911138535
ACH-000939,11609586,0,0.21897375583648682
ACH-000939,11625818,0,0.0031281656119972467
ACH-000939,11626560,0,0.1576230227947235
ACH-000939,156422,0,0.33125874400138855
ACH-000939,16747388,0,0.00340293743647635
ACH-000939,2375,0,0.03619074076414108
ACH-000939,24776445,0,0.23207750916481018
ACH-000939,25167777,0,0.0029947401490062475
ACH-000939,3005532,0,0.5380831956863403
ACH-000939,3796,0,0.005664262920618057
ACH-000939,42640,0,0.09329857677221298
ACH-000939,42642645,0,0.013634276576340199
ACH-000939,444795,0,0.034440718591213226
ACH-000939,44551660,0,0.00013546652917284518
ACH-000939,44632017,0,0.2597908079624176
ACH-000939,46191454,0,0.000505578238517046
ACH-000939,46224516,0,0.0002491774212103337
ACH-000939,49821040,0,0.205097496509552
ACH-000939,5208,1,0.502071738243103
ACH-000939,5291,0,0.29206302762031555
ACH-000939,53340664,0,0.0022650170139968395
ACH-000939,5394,0,0.0849597379565239
ACH-000939,5494449,1,0.08359947055578232
ACH-000939,57339144,0,0.06164681166410446
ACH-000939,5746,0,0.22586631774902344
ACH-000939,644215,0,0.6120448112487793
ACH-000939,6445533,0,0.051786068826913834
ACH-000939,6918454,0,0.07306522876024246
ACH-000939,6918848,0,0.00013506616232916713
ACH-000939,84691,0,0.2610205113887787
ACH-000939,9952773,0,0.0012799875112250447
ACH-000943,10184653,0,0.04982550069689751
ACH-000943,10461815,0,0.3171440660953522
ACH-000943,11152667,0,0.08640832453966141
ACH-000943,11364421,1,0.35727259516716003
ACH-000943,11667893,0,0.0808621421456337
ACH-000943,11713159,0,0.5408785939216614
ACH-000943,126941,0,0.10678649693727493
ACH-000943,16095342,0,0.40314969420433044
ACH-000943,16720766,1,0.06860494613647461
ACH-000943,16760646,0,0.05624828860163689
ACH-000943,17755052,0,0.01085300836712122
ACH-000943,20635522,1,0.8046014308929443
ACH-000943,216326,0,0.08785180747509003
ACH-000943,24180719,0,0.5091955065727234
ACH-000943,24826799,0,0.2296369969844818
ACH-000943,24889392,0,0.026543963700532913
ACH-000943,25102847,0,0.07210051268339157
ACH-000943,25167777,0,0.004439512733370066
ACH-000943,3385,0,0.17407485842704773
ACH-000943,4263900,0,0.5438123345375061
ACH-000943,42642645,0,0.09660861641168594
ACH-000943,447912,0,0.07242447137832642
ACH-000943,448013,1,0.5736179947853088
ACH-000943,46930998,0,0.006984025705605745
ACH-000943,49836027,1,0.1519031673669815
ACH-000943,5113032,1,0.03111138939857483
ACH-000943,5208,0,0.19006654620170593
ACH-000943,521106,1,0.18111059069633484
ACH-000943,5291,0,0.12369804829359055
ACH-000943,5328940,0,0.256317138671875
ACH-000943,644241,1,0.40852925181388855
ACH-000943,66577006,0,0.10541991144418716
ACH-000943,6914657,0,0.0032220648135989904
ACH-000943,6918454,0,0.785642683506012
ACH-000943,6918638,0,0.009339366108179092
ACH-000943,76044,0,0.12590748071670532
ACH-000943,9810884,0,0.9024441242218018
ACH-000943,9858940,1,0.07571683079004288
ACH-000943,9884685,0,0.005496341269463301
ACH-000943,9911830,0,0.1441093385219574
ACH-000944,10027278,0,0.009019136428833008
ACH-000944,10074640,0,0.10638035833835602
ACH-000944,10113978,0,0.017789211124181747
ACH-000944,10184653,0,0.024834955111145973
ACH-000944,10200390,0,0.035929471254348755
ACH-000944,10451420,1,0.9915321469306946
ACH-000944,10461815,1,0.02881203219294548
ACH-000944,104842,0,0.010863599367439747
ACH-000944,11327430,0,0.006550941616296768
ACH-000944,11404337,0,0.006792987696826458
ACH-000944,11493598,0,0.5111606121063232
ACH-000944,11960529,0,0.01627512462437153
ACH-000944,160355,0,0.0740208774805069
ACH-000944,16038120,0,0.012331349775195122
ACH-000944,16747388,1,0.36184975504875183
ACH-000944,176870,0,0.07177478820085526
ACH-000944,2314623,0,0.03039291873574257
ACH-000944,25126798,0,0.33986368775367737
ACH-000944,25167777,1,0.29502445459365845
ACH-000944,300471,0,0.004350167233496904
ACH-000944,3796,0,0.12968507409095764
ACH-000944,42640,0,0.02204911969602108
ACH-000944,462382,0,0.005136461928486824
ACH-000944,46907787,0,0.04084845259785652
ACH-000944,46931012,0,0.9067168831825256
ACH-000944,49806720,1,0.5302373766899109
ACH-000944,5289247,0,0.18285305798053741
ACH-000944,5311510,0,0.017849205061793327
ACH-000944,5327091,0,0.003967470955103636
ACH-000944,5329102,0,0.01649690791964531
ACH-000944,53340664,1,0.6444323658943176
ACH-000944,5384616,0,0.08113659173250198
ACH-000944,54676905,0,0.05953866243362427
ACH-000944,54685215,0,0.011004453524947166
ACH-000944,5717801,0,0.01358496118336916
ACH-000944,60750,0,0.0036787674762308598
ACH-000944,65110,0,0.19170217216014862
ACH-000944,66577006,1,0.8508617877960205
ACH-000944,704473,0,0.4672001302242279
ACH-000944,76044,1,0.0030795112252235413
ACH-000944,82146,0,0.009485511109232903
ACH-000944,84691,1,0.007992938160896301
ACH-000944,9813758,0,0.6796509623527527
ACH-000944,9868037,0,0.42774611711502075
ACH-000944,9910224,0,0.6020152568817139
ACH-000944,9911830,1,0.40869465470314026
ACH-000944,9952773,0,0.3710358440876007
ACH-000945,10074640,0,0.0059870206750929356
ACH-000945,10077147,0,0.000517422566190362
ACH-000945,10196499,0,0.05256746709346771
ACH-000945,10459196,0,0.04129580408334732
ACH-000945,104842,0,0.009985502809286118
ACH-000945,11493598,0,0.0071815080009400845
ACH-000945,11617559,0,0.03613784909248352
ACH-000945,11625818,0,0.02083209715783596
ACH-000945,11647372,0,0.002069629728794098
ACH-000945,11754511,0,0.00178626854903996
ACH-000945,156422,0,0.15466487407684326
ACH-000945,159324,0,0.05892603099346161
ACH-000945,16725726,0,0.6712030172348022
ACH-000945,24776445,0,0.0012774518691003323
ACH-000945,24826799,0,0.00439941743388772
ACH-000945,24978538,0,0.15098857879638672
ACH-000945,25222038,0,0.004491167608648539
ACH-000945,31703,0,0.005762212909758091
ACH-000945,3385,0,0.007812291383743286
ACH-000945,3463933,0,0.24012748897075653
ACH-000945,36462,0,0.003462156280875206
ACH-000945,444795,0,0.020834945142269135
ACH-000945,446378,0,0.03997969627380371
ACH-000945,46907787,0,0.023477740585803986
ACH-000945,5280757,0,0.09951913356781006
ACH-000945,560326,0,0.0029743367340415716
ACH-000945,6505803,0,0.02069874480366707
ACH-000945,6918289,0,0.03579332306981087
ACH-000945,704473,0,0.022167420014739037
ACH-000945,9826528,0,0.0043653883039951324
ACH-000945,9858940,0,0.07165873050689697
ACH-000945,9874913,0,0.09822485595941544
ACH-000945,9884685,0,0.0011258695740252733
ACH-000945,9938202,0,0.01304271724075079
ACH-000945,9956222,0,0.003650321625173092
ACH-000947,10074640,0,0.04716268181800842
ACH-000947,10341154,0,0.16265472769737244
ACH-000947,11647372,0,0.0012802362907677889
ACH-000947,148124,0,0.07813382148742676
ACH-000947,216326,1,0.20217683911323547
ACH-000947,24180719,0,0.33148643374443054
ACH-000947,24776445,0,0.3894120156764984
ACH-000947,24951314,0,0.0006306712748482823
ACH-000947,25257557,1,0.1424199342727661
ACH-000947,46883536,0,0.007749084383249283
ACH-000947,46930998,1,0.06044825166463852
ACH-000947,49806720,0,0.017271550372242928
ACH-000947,5113032,0,0.11519258469343185
ACH-000947,5327091,0,0.28997570276260376
ACH-000947,5328940,0,0.2825757563114166
ACH-000947,53340664,0,0.007343772333115339
ACH-000947,56962337,0,0.10923046618700027
ACH-000947,56965967,0,0.003583743702620268
ACH-000947,6253,1,0.17103129625320435
ACH-000947,637858,0,0.19101950526237488
ACH-000947,644241,0,0.24727296829223633
ACH-000947,6918848,0,0.0003707587602548301
ACH-000947,704473,1,0.057382311671972275
ACH-000947,9813758,0,0.006595233920961618
ACH-000947,9911830,0,0.03876223415136337
ACH-000947,9967941,0,0.008818337693810463
ACH-000948,10077147,0,0.007796764373779297
ACH-000948,10113978,0,0.3043185770511627
ACH-000948,10127622,0,0.004683469422161579
ACH-000948,10184653,0,0.055951256304979324
ACH-000948,10341154,0,0.0070700859650969505
ACH-000948,10451420,0,0.016713282093405724
ACH-000948,10459196,0,0.01628144644200802
ACH-000948,11178236,0,0.010428140871226788
ACH-000948,11327430,0,0.02406957373023033
ACH-000948,11609586,0,0.012850059196352959
ACH-000948,11640390,0,0.0052815815433859825
ACH-000948,123631,0,0.03312274441123009
ACH-000948,126941,0,0.011921883560717106
ACH-000948,156422,0,0.034608542919158936
ACH-000948,176167,0,0.003142882138490677
ACH-000948,24756910,0,0.0025729720946401358
ACH-000948,24894414,0,0.014563624747097492
ACH-000948,24978538,0,0.05477089062333107
ACH-000948,25195352,0,0.0006252129096537828
ACH-000948,31703,0,0.005070412997156382
ACH-000948,42640,0,0.08210522681474686
ACH-000948,42642645,0,0.0024063449818640947
ACH-000948,44462760,0,0.0004950015572831035
ACH-000948,44632017,0,0.02156725339591503
ACH-000948,447912,0,0.010320532135665417
ACH-000948,448013,0,0.026899410411715508
ACH-000948,46224516,0,0.00032785331131890416
ACH-000948,46883536,0,0.005463234148919582
ACH-000948,46907787,0,0.04284444451332092
ACH-000948,5113032,0,0.033994775265455246
ACH-000948,5278396,0,0.03876534104347229
ACH-000948,5289247,0,0.0005795087199658155
ACH-000948,5311,0,0.003199242986738682
ACH-000948,5327091,0,0.016073837876319885
ACH-000948,53302361,0,0.048247989267110825
ACH-000948,53340664,0,0.0029595624655485153
ACH-000948,5746,0,0.014240709133446217
ACH-000948,6253,0,0.0022026675287634134
ACH-000948,6450551,0,0.002775017637759447
ACH-000948,65110,0,0.0033538390416651964
ACH-000948,6710780,0,0.003492831951007247
ACH-000948,6753378,0,0.0006348402239382267
ACH-000948,8249,0,0.0023254689294844866
ACH-000948,85668777,0,0.011059928685426712
ACH-000948,9810884,1,0.3981030583381653
ACH-000948,9826528,0,0.0001739208382787183
ACH-000948,9874913,0,0.014072667807340622
ACH-000948,9903786,0,0.0002875591744668782
ACH-000948,9938202,0,0.030019883066415787
ACH-000949,10074640,0,0.0005326340324245393
ACH-000949,10077147,0,0.002672436647117138
ACH-000949,10096043,0,3.8128896449052263e-06
ACH-000949,10341154,0,0.04188188165426254
ACH-000949,11634725,0,7.841011210985016e-06
ACH-000949,11713159,0,3.236705742892809e-05
ACH-000949,11977753,0,0.00023810337006580085
ACH-000949,24776445,0,0.01193311158567667
ACH-000949,25126798,0,0.025132887065410614
ACH-000949,31703,0,1.1199582331755664e-05
ACH-000949,3463933,0,0.00044210549094714224
ACH-000949,4263900,0,0.00010348665819037706
ACH-000949,42640,0,0.008987119421362877
ACH-000949,44143370,0,9.443351882509887e-05
ACH-000949,44182295,0,1.993555633816868e-05
ACH-000949,44450571,0,0.0034501361660659313
ACH-000949,448013,0,1.7158567061414942e-05
ACH-000949,46883536,0,0.001846141880378127
ACH-000949,5208,0,0.00041895260801538825
ACH-000949,521106,0,0.00010885933443205431
ACH-000949,5327091,0,0.0004160894895903766
ACH-000949,5330286,0,0.0001917782356031239
ACH-000949,65110,0,0.002660956932231784
ACH-000949,6918289,0,0.004490404389798641
ACH-000949,6918454,0,3.339841350680217e-05
ACH-000949,6918848,0,0.000305657071294263
ACH-000949,82146,0,0.0006078499718569219
ACH-000949,84691,0,0.00035178018151782453
ACH-000949,9956119,0,0.003427160205319524
ACH-000950,10027278,1,0.08694779127836227
ACH-000950,10127622,1,0.5553516745567322
ACH-000950,10184653,0,0.4887092411518097
ACH-000950,10200390,0,0.025731978937983513
ACH-000950,11178236,0,0.09351032972335815
ACH-000950,11433190,1,0.392524778842926
ACH-000950,11493598,0,0.009416230954229832
ACH-000950,11617559,0,0.01920398697257042
ACH-000950,11625818,0,0.012507631443440914
ACH-000950,11647372,0,0.004488020204007626
ACH-000950,11667893,0,0.43157634139060974
ACH-000950,126941,0,0.03650972992181778
ACH-000950,159324,1,0.2504122257232666
ACH-000950,16725726,0,0.08956898003816605
ACH-000950,17755052,0,0.3679558336734772
ACH-000950,24889392,0,0.027272453531622887
ACH-000950,24951314,0,0.0008825508411973715
ACH-000950,24978538,0,0.06629625707864761
ACH-000950,25222038,0,0.1793355494737625
ACH-000950,2733526,0,0.31707876920700073
ACH-000950,3005532,0,0.46964535117149353
ACH-000950,3218,1,0.21887153387069702
ACH-000950,3463933,1,0.3579007089138031
ACH-000950,44224160,0,0.0028225297573953867
ACH-000950,44450571,0,0.310479074716568
ACH-000950,446378,0,0.17440786957740784
ACH-000950,5394,0,0.14219550788402557
ACH-000950,6445533,0,0.12807385623455048
ACH-000950,65110,0,0.0348232239484787
ACH-000950,6710780,0,0.057370614260435104
ACH-000950,6918638,0,0.001090526464395225
ACH-000950,6918848,0,0.000836015387903899
ACH-000950,9868037,0,0.05215322598814964
ACH-000950,9910224,0,0.015282368287444115
ACH-000951,10074640,0,0.032715946435928345
ACH-000951,10077147,0,0.0362282358109951
ACH-000951,10096043,0,0.06987418979406357
ACH-000951,10184653,0,0.21241404116153717
ACH-000951,10459196,0,0.12663331627845764
ACH-000951,11338033,0,0.0008802919765003026
ACH-000951,11493598,0,0.003973460290580988
ACH-000951,11617559,1,0.03932452201843262
ACH-000951,11640390,0,0.058733172714710236
ACH-000951,11667893,0,0.17903341352939606
ACH-000951,11977753,0,0.03594357520341873
ACH-000951,126941,0,0.042230814695358276
ACH-000951,16725726,0,0.337918221950531
ACH-000951,216326,0,0.0426064133644104
ACH-000951,2375,0,0.06383853405714035
ACH-000951,24889392,0,0.05529453232884407
ACH-000951,25102847,0,0.09906891733407974
ACH-000951,25195352,0,0.0063680917955935
ACH-000951,3385,0,0.019098546355962753
ACH-000951,36462,0,0.043847233057022095
ACH-000951,42640,0,0.16285371780395508
ACH-000951,44182295,0,0.002260383917018771
ACH-000951,44450571,0,0.09875615686178207
ACH-000951,447912,0,0.026780912652611732
ACH-000951,5113032,0,0.09786879271268845
ACH-000951,5208,1,0.4222000241279602
ACH-000951,5278396,0,0.12056910246610641
ACH-000951,5328940,0,0.01934802532196045
ACH-000951,53302361,0,0.32130706310272217
ACH-000951,53394750,0,0.032097358256578445
ACH-000951,54676905,0,0.31051647663116455
ACH-000951,57339144,0,0.06607702374458313
ACH-000951,60750,0,0.10532364994287491
ACH-000951,6253,0,0.03473304212093353
ACH-000951,637858,0,0.04857901856303215
ACH-000951,6505803,0,0.049521736800670624
ACH-000951,65110,0,0.019749434664845467
ACH-000951,66577006,0,0.024087246507406235
ACH-000951,6918454,0,0.002877718536183238
ACH-000951,84691,0,0.049286577850580215
ACH-000951,85668777,0,0.061114102602005005
ACH-000951,9863776,0,0.006563642993569374
ACH-000951,9910224,0,0.02366803027689457
ACH-000951,9914412,0,0.07921745628118515
ACH-000951,9956119,0,0.47837337851524353
ACH-000951,9967941,0,0.02847064845263958
ACH-000953,10074640,0,0.2370864301919937
ACH-000953,10302451,0,0.1355997622013092
ACH-000953,10390396,0,0.2040456086397171
ACH-000953,11327430,0,0.013024639338254929
ACH-000953,11364421,0,0.05628937855362892
ACH-000953,11404337,0,0.019935982301831245
ACH-000953,11617559,0,0.22674928605556488
ACH-000953,11626560,0,0.17476648092269897
ACH-000953,11634725,0,0.06995570659637451
ACH-000953,11960529,0,0.022660041227936745
ACH-000953,1401,0,0.04608678072690964
ACH-000953,16663089,0,0.04014034569263458
ACH-000953,16720766,0,0.0231145191937685
ACH-000953,208908,0,0.057311851531267166
ACH-000953,23725625,0,0.025087537243962288
ACH-000953,2375,0,0.05558771640062332
ACH-000953,24951314,0,0.25630971789360046
ACH-000953,25022668,0,0.03023906797170639
ACH-000953,25126798,0,0.15842868387699127
ACH-000953,25257557,1,0.9712045192718506
ACH-000953,31703,0,0.0037687227595597506
ACH-000953,387447,0,0.027317536994814873
ACH-000953,44143370,0,0.20586766302585602
ACH-000953,44450571,0,0.03166399151086807
ACH-000953,462382,0,0.014964262023568153
ACH-000953,46907787,0,0.060644153505563736
ACH-000953,46930998,0,0.05793856829404831
ACH-000953,49806720,1,0.2675117254257202
ACH-000953,49821040,0,0.09332286566495895
ACH-000953,4993,0,0.022879987955093384
ACH-000953,5113032,0,0.08975314348936081
ACH-000953,5208,0,0.02878781221807003
ACH-000953,5311510,1,0.06532402336597443
ACH-000953,56962337,0,0.05633299797773361
ACH-000953,637858,0,0.01781441457569599
ACH-000953,6450551,0,0.06570219993591309
ACH-000953,6710780,0,0.02429145760834217
ACH-000953,6753378,1,0.10924390703439713
ACH-000953,6852167,1,0.5349447131156921
ACH-000953,6918454,0,0.003795764409005642
ACH-000953,704473,0,0.16563645005226135
ACH-000953,82146,0,0.0356716625392437
ACH-000953,9826528,0,0.003917583730071783
ACH-000953,9858940,0,0.03873133659362793
ACH-000953,9863776,0,0.01127394288778305
ACH-000953,9907093,0,0.04017816483974457
ACH-000953,9938202,0,0.03156346455216408
ACH-000953,9943465,0,0.025784695520997047
ACH-000955,11327430,0,0.0007289688801392913
ACH-000955,11634725,1,0.2208440601825714
ACH-000955,11977753,0,0.004920889623463154
ACH-000955,24180719,0,0.07365009188652039
ACH-000955,24756910,0,0.08814183622598648
ACH-000955,24889392,0,0.10418084263801575
ACH-000955,24951314,0,0.026582419872283936
ACH-000955,25102847,0,0.013498339802026749
ACH-000955,25126798,0,0.15272201597690582
ACH-000955,25195352,0,0.008523471653461456
ACH-000955,46885626,0,0.496165931224823
ACH-000955,5327091,0,0.0018966295756399632
ACH-000955,53394750,0,0.9834538698196411
ACH-000955,57339144,0,0.03855012357234955
ACH-000955,6914657,0,0.002068741712719202
ACH-000955,6918848,0,0.06034516170620918
ACH-000955,9826528,1,0.07007862627506256
ACH-000955,9903786,0,0.12518689036369324
ACH-000956,10027278,0,0.0025270984042435884
ACH-000956,10200390,0,0.012546668760478497
ACH-000956,10341154,0,0.01213272474706173
ACH-000956,11455910,0,0.011860846541821957
ACH-000956,11485656,0,0.022173112258315086
ACH-000956,11493598,0,0.5403343439102173
ACH-000956,11625818,0,0.02494477666914463
ACH-000956,123631,0,0.012095746584236622
ACH-000956,16720766,0,0.0058980537578463554
ACH-000956,16722836,0,0.15439587831497192
ACH-000956,16747388,0,0.4480085074901581
ACH-000956,176167,0,0.03945894539356232
ACH-000956,24180719,0,0.04661164805293083
ACH-000956,24756910,0,0.0243305005133152
ACH-000956,25022668,0,0.004427928011864424
ACH-000956,2726824,0,0.007919888012111187
ACH-000956,3218,0,0.005300524178892374
ACH-000956,42640,0,0.002204383024945855
ACH-000956,42642645,0,0.044411394745111465
ACH-000956,44137675,0,0.0034098010510206223
ACH-000956,44182295,0,0.08943067491054535
ACH-000956,5280757,0,0.026559505611658096
ACH-000956,5289247,0,0.1585812270641327
ACH-000956,5330286,0,0.02199528180062771
ACH-000956,5394,0,0.007951599545776844
ACH-000956,5459322,0,0.010963154956698418
ACH-000956,560326,0,0.0034953556023538113
ACH-000956,56962337,0,0.010915731079876423
ACH-000956,6253,0,0.024338090792298317
ACH-000956,6445562,0,0.05443083122372627
ACH-000956,6505803,0,0.003997723571956158
ACH-000956,6918454,0,0.0701780691742897
ACH-000956,6918638,0,0.0241168774664402
ACH-000956,704473,0,0.02947569079697132
ACH-000956,9813758,0,0.151813805103302
ACH-000956,9826528,0,0.07053697109222412
ACH-000956,9868037,0,0.020964251831173897
ACH-000957,10074640,0,0.02636907249689102
ACH-000957,10127622,1,0.4533267617225647
ACH-000957,10459196,0,0.012418613769114017
ACH-000957,104842,0,0.0040068551898002625
ACH-000957,11178236,0,0.014439184218645096
ACH-000957,11338033,0,9.110092651098967e-05
ACH-000957,11667893,0,0.1223951056599617
ACH-000957,11707110,1,0.8196632862091064
ACH-000957,11960529,0,0.02954409271478653
ACH-000957,1401,0,0.10704842209815979
ACH-000957,148124,0,0.013360111974179745
ACH-000957,16747388,0,0.0050008418038487434
ACH-000957,24756910,0,0.0014842404052615166
ACH-000957,24785538,0,0.04410362243652344
ACH-000957,24894414,0,0.006781068164855242
ACH-000957,25195352,0,0.0009293061448261142
ACH-000957,25257557,1,0.05217522382736206
ACH-000957,25262965,0,0.013609565794467926
ACH-000957,44137675,0,0.0324285514652729
ACH-000957,44224160,0,0.00019216044165659696
ACH-000957,44551660,0,0.0003513733099680394
ACH-000957,44632017,0,0.0026841391809284687
ACH-000957,44819241,0,0.03365221992135048
ACH-000957,46843772,0,0.05734127759933472
ACH-000957,46943432,0,0.0007581799873150885
ACH-000957,5113032,0,0.035143282264471054
ACH-000957,51371303,0,0.08538389950990677
ACH-000957,5327091,0,0.02243119664490223
ACH-000957,56965967,0,0.002111240290105343
ACH-000957,5746,0,0.011008040979504585
ACH-000957,60750,0,0.004063956905156374
ACH-000957,6445533,0,0.029921872541308403
ACH-000957,6450551,0,0.006654750090092421
ACH-000957,6852167,0,0.001300619333051145
ACH-000957,704473,0,0.03665986657142639
ACH-000957,9858940,0,0.12946252524852753
ACH-000957,9884685,0,0.00017661170568317175
ACH-000957,9952773,0,0.0015287509886547923
ACH-000958,10127622,0,0.261654257774353
ACH-000958,10459196,1,0.12406264990568161
ACH-000958,104842,0,0.052229076623916626
ACH-000958,11152667,0,0.014185776002705097
ACH-000958,11282283,0,0.028823576867580414
ACH-000958,11455910,0,0.11324118822813034
ACH-000958,11485656,1,0.01767604798078537
ACH-000958,11617559,0,0.008082899264991283
ACH-000958,1401,0,0.10280989110469818
ACH-000958,148124,0,0.09334228187799454
ACH-000958,176158,1,0.2653389275074005
ACH-000958,23725625,0,0.10296103358268738
ACH-000958,24889392,0,0.016013827174901962
ACH-000958,24951314,0,0.0009253156604245305
ACH-000958,24978538,0,0.03720443323254585
ACH-000958,25124816,0,0.0857173278927803
ACH-000958,2726824,0,0.05489928275346756
ACH-000958,36462,0,0.040654346346855164
ACH-000958,4263900,0,0.2423495054244995
ACH-000958,42640,0,0.036129795014858246
ACH-000958,44450571,0,0.09391721338033676
ACH-000958,46883536,1,0.007149798795580864
ACH-000958,51371303,0,0.03398904204368591
ACH-000958,5208,0,0.22798500955104828
ACH-000958,521106,0,0.09414128214120865
ACH-000958,5278396,0,0.058090630918741226
ACH-000958,5460769,0,0.17942774295806885
ACH-000958,54676905,0,0.056181780993938446
ACH-000958,560326,0,0.044391606003046036
ACH-000958,57339144,0,0.04446523264050484
ACH-000958,6253,0,0.05176673084497452
ACH-000958,6445562,0,0.006964758038520813
ACH-000958,65110,0,0.01169602945446968
ACH-000958,66577006,0,0.011632791720330715
ACH-000958,6918454,0,0.17452913522720337
ACH-000958,82146,0,0.23400436341762543
ACH-000958,84691,0,0.11666542291641235
ACH-000958,85668777,1,0.04857063665986061
ACH-000958,9858940,0,0.07182584702968597
ACH-000958,9903786,0,0.0010694644879549742
ACH-000958,9911830,0,0.04431580379605293
ACH-000958,9956119,0,0.1529177576303482
ACH-000960,10027278,1,0.07545196264982224
ACH-000960,10074640,0,0.1924867480993271
ACH-000960,10127622,0,0.012930047698318958
ACH-000960,10172943,0,0.15385942161083221
ACH-000960,10390396,0,0.0634574219584465
ACH-000960,10459196,0,0.1008683294057846
ACH-000960,11152667,0,0.14692246913909912
ACH-000960,11327430,0,0.12307626008987427
ACH-000960,11433190,1,0.24819433689117432
ACH-000960,11455910,0,0.011255200952291489
ACH-000960,11676786,0,0.011540012434124947
ACH-000960,11960529,0,0.11408805102109909
ACH-000960,160355,0,0.417752206325531
ACH-000960,16095342,0,0.22106288373470306
ACH-000960,16760646,0,0.08411996811628342
ACH-000960,20635522,0,0.037320636212825775
ACH-000960,24756910,0,0.8343942761421204
ACH-000960,24826799,0,0.25548216700553894
ACH-000960,25102847,0,0.3950961232185364
ACH-000960,25126798,0,0.43848904967308044
ACH-000960,25257557,1,0.9966009855270386
ACH-000960,31703,1,0.015317007899284363
ACH-000960,3385,1,0.3095458447933197
ACH-000960,36314,0,0.02082313969731331
ACH-000960,3796,0,0.1317027062177658
ACH-000960,4263900,0,0.16112029552459717
ACH-000960,44143370,0,0.23317056894302368
ACH-000960,446378,0,0.03858377784490585
ACH-000960,448013,0,0.014055417850613594
ACH-000960,462382,0,0.013033364899456501
ACH-000960,49806720,1,0.5021819472312927
ACH-000960,5113032,0,0.37626153230667114
ACH-000960,51371303,0,0.07001403719186783
ACH-000960,5208,1,0.16543316841125488
ACH-000960,521106,1,0.22505919635295868
ACH-000960,5327091,0,0.039154164493083954
ACH-000960,53302361,0,0.1975003331899643
ACH-000960,53340664,0,0.832152247428894
ACH-000960,5460769,1,0.06600537896156311
ACH-000960,54685215,0,0.0262641329318285
ACH-000960,56962337,0,0.20686295628547668
ACH-000960,56965967,0,0.6496865153312683
ACH-000960,60750,0,0.02798524685204029
ACH-000960,6753378,1,0.36908870935440063
ACH-000960,704473,1,0.5094892382621765
ACH-000960,8249,1,0.4054754674434662
ACH-000960,9868037,0,0.5918261408805847
ACH-000960,9874913,0,0.14124059677124023
ACH-000960,9884685,1,0.9482124447822571
ACH-000960,9914412,0,0.36583784222602844
ACH-000960,9938202,0,0.06544335186481476
ACH-000960,9956222,0,0.8047364354133606
ACH-000963,10109823,0,0.13510331511497498
ACH-000963,10113978,0,0.019186588004231453
ACH-000963,10200390,0,0.004529259167611599
ACH-000963,10459196,0,0.00482682092115283
ACH-000963,11316960,1,0.08219312876462936
ACH-000963,11433190,1,0.09660043567419052
ACH-000963,11485656,0,0.005824066232889891
ACH-000963,11609586,0,0.013204201124608517
ACH-000963,16725726,0,0.4858122766017914
ACH-000963,2314623,0,0.24502885341644287
ACH-000963,25022668,0,0.003167718881741166
ACH-000963,25126798,0,0.08795979619026184
ACH-000963,3218,0,0.008418094366788864
ACH-000963,3385,0,0.004248117562383413
ACH-000963,36462,0,0.0010329796932637691
ACH-000963,42642645,0,0.00566325057297945
ACH-000963,44137675,0,0.054670196026563644
ACH-000963,44143370,0,0.4636116623878479
ACH-000963,446378,0,0.00842399150133133
ACH-000963,46224516,0,0.01271835993975401
ACH-000963,46883536,1,0.034060075879096985
ACH-000963,46907787,0,0.0061145988292992115
ACH-000963,5278396,0,0.005704749375581741
ACH-000963,53302361,0,0.004157612100243568
ACH-000963,5394,0,0.0162200964987278
ACH-000963,5459322,1,0.07774358242750168
ACH-000963,560326,0,0.004514796193689108
ACH-000963,56965967,0,0.015259320847690105
ACH-000963,5746,0,0.004504922777414322
ACH-000963,60750,0,0.0010724151507019997
ACH-000963,644241,0,0.010209295898675919
ACH-000963,65110,0,0.009788770228624344
ACH-000963,6918289,0,0.026151038706302643
ACH-000963,9826528,0,0.125822514295578
ACH-000963,9943465,0,0.21908389031887054
ACH-000963,9952773,1,0.05038118362426758
ACH-000965,10074640,0,0.06542951613664627
ACH-000965,10172943,1,0.22371035814285278
ACH-000965,10390396,0,0.5299410223960876
ACH-000965,10451420,0,0.2917078733444214
ACH-000965,104842,0,0.0431806854903698
ACH-000965,11493598,0,0.04465752840042114
ACH-000965,11634725,1,0.1306460052728653
ACH-000965,160355,0,0.11902794986963272
ACH-000965,16095342,0,0.3052094876766205
ACH-000965,16747388,0,0.10014548152685165
ACH-000965,176870,1,0.4702521562576294
ACH-000965,23725625,0,0.024134043604135513
ACH-000965,24776445,0,0.02000056765973568
ACH-000965,24826799,0,0.06624987721443176
ACH-000965,25102847,0,0.04774294048547745
ACH-000965,25167777,0,0.007448091171681881
ACH-000965,2733526,0,0.11343085020780563
ACH-000965,387447,0,0.2889052629470825
ACH-000965,4261,0,0.09199947863817215
ACH-000965,42642645,0,0.0408657006919384
ACH-000965,53340664,0,0.016275841742753983
ACH-000965,5384616,1,0.39608004689216614
ACH-000965,560326,0,0.02844933420419693
ACH-000965,57339144,0,0.05722535029053688
ACH-000965,6253,0,0.045950379222631454
ACH-000965,637858,0,0.11791662126779556
ACH-000965,644241,0,0.08757542073726654
ACH-000965,6710780,0,0.0255039781332016
ACH-000965,6852167,0,0.027910765260457993
ACH-000965,6918638,0,0.0048150853253901005
ACH-000965,9874913,0,0.24072180688381195
ACH-000965,9910224,0,0.027540095150470734
ACH-000965,9952773,0,0.012936160899698734
ACH-000966,11433190,0,0.27052727341651917
ACH-000966,11667893,0,0.07232450693845749
ACH-000966,126565,0,0.01789006218314171
ACH-000966,216326,0,0.06547683477401733
ACH-000966,24180719,0,0.20984582602977753
ACH-000966,2733526,0,0.07049492001533508
ACH-000966,300471,0,0.018716366961598396
ACH-000966,44632017,0,0.0026562081184238195
ACH-000966,57339144,0,0.05327858403325081
ACH-000966,644241,0,0.062309831380844116
ACH-000966,6914657,0,0.0006039850413799286
ACH-000966,9826528,0,0.03454228490591049
ACH-000968,10109823,0,0.0669848769903183
ACH-000968,11178236,0,0.0552394799888134
ACH-000968,11404337,0,0.008246995508670807
ACH-000968,11485656,0,0.00931593868881464
ACH-000968,16725726,0,0.1566169559955597
ACH-000968,24772860,0,0.00021340558305382729
ACH-000968,24785538,0,0.045221854001283646
ACH-000968,25022668,0,0.00783752091228962
ACH-000968,25124816,1,0.21747563779354095
ACH-000968,25167777,0,0.002485750475898385
ACH-000968,36462,0,0.010374655947089195
ACH-000968,44137675,0,0.10993689298629761
ACH-000968,46224516,0,0.0009036577539518476
ACH-000968,5113032,0,0.07032795995473862
ACH-000968,5327091,0,0.03850314021110535
ACH-000968,53340664,0,0.001479830127209425
ACH-000968,54685215,0,0.06616812199354172
ACH-000968,6445562,0,0.03791063278913498
ACH-000968,6914657,0,0.00355195882730186
ACH-000968,71271629,0,0.051715951412916183
ACH-000968,9952773,0,0.0032061184756457806
ACH-000968,9956222,0,0.0011521950364112854
ACH-000969,10074640,0,0.2208065390586853
ACH-000969,104842,0,0.029848281294107437
ACH-000969,11316960,0,0.07495114207267761
ACH-000969,11327430,0,0.032561298459768295
ACH-000969,11404337,0,0.24923938512802124
ACH-000969,11493598,0,0.3600342571735382
ACH-000969,11647372,0,0.023149872198700905
ACH-000969,11667893,0,0.05926163122057915
ACH-000969,123631,0,0.07146294414997101
ACH-000969,16725726,1,0.1614626795053482
ACH-000969,216239,1,0.3918725252151489
ACH-000969,24785538,1,0.5123718976974487
ACH-000969,24825971,0,0.05199001356959343
ACH-000969,24978538,0,0.14388515055179596
ACH-000969,25102847,1,0.3038601279258728
ACH-000969,25124816,1,0.056406617164611816
ACH-000969,25126798,1,0.07115017622709274
ACH-000969,36314,0,0.16263443231582642
ACH-000969,387447,0,0.08447475731372833
ACH-000969,4263900,0,0.13171130418777466
ACH-000969,44450571,0,0.06404899060726166
ACH-000969,444795,0,0.1149614080786705
ACH-000969,448013,0,0.1770377904176712
ACH-000969,44819241,0,0.041928645223379135
ACH-000969,46191454,0,0.041637882590293884
ACH-000969,46843772,0,0.056309327483177185
ACH-000969,46883536,0,0.13353268802165985
ACH-000969,49806720,1,0.16551296412944794
ACH-000969,5113032,0,0.05380583181977272
ACH-000969,51371303,0,0.031437069177627563
ACH-000969,521106,0,0.11736266314983368
ACH-000969,5289247,0,0.12020470947027206
ACH-000969,5330286,0,0.0600212961435318
ACH-000969,5384616,0,0.08889709413051605
ACH-000969,5394,0,0.025378940626978874
ACH-000969,5717801,0,0.03420133888721466
ACH-000969,60750,0,0.0861879214644432
ACH-000969,6253,0,0.12573643028736115
ACH-000969,6505803,0,0.06984461098909378
ACH-000969,6918848,0,0.018297798931598663
ACH-000969,704473,0,0.08350862562656403
ACH-000969,9549184,0,0.35266825556755066
ACH-000969,9810884,0,0.24617968499660492
ACH-000969,9863776,0,0.12177137285470963
ACH-000969,9874913,0,0.07726380228996277
ACH-000969,9952773,0,0.10695505142211914
ACH-000969,9956222,0,0.020538873970508575
ACH-000970,10341154,0,0.008430753834545612
ACH-000970,11433190,0,0.5064948201179504
ACH-000970,11493598,0,0.00592344393953681
ACH-000970,11754511,0,0.0004254862433299422
ACH-000970,11977753,0,0.004941667430102825
ACH-000970,148124,0,0.0008201751043088734
ACH-000970,156422,0,0.00809750147163868
ACH-000970,24180719,0,0.2334965467453003
ACH-000970,24756910,0,0.00016413457342423499
ACH-000970,24894414,0,0.0013605989515781403
ACH-000970,25126798,0,0.014179576188325882
ACH-000970,25167777,0,3.638001362560317e-05
ACH-000970,25195352,0,6.784668221371248e-05
ACH-000970,300471,0,0.001388084259815514
ACH-000970,3796,0,0.0007184270652942359
ACH-000970,44143370,0,0.0007355795241892338
ACH-000970,5311,0,0.008180239237844944
ACH-000970,54685215,0,0.007510143797844648
ACH-000970,644241,0,0.1749788373708725
ACH-000970,6450551,0,0.007252910174429417
ACH-000970,65110,0,0.039787597954273224
ACH-000970,6918454,0,0.37800106406211853
ACH-000970,704473,0,0.00405120849609375
ACH-000970,9813758,0,0.0012488324427977204
ACH-000970,9931953,0,0.003478514961898327
ACH-000970,9956222,0,8.846288437780458e-06
ACH-000971,10074640,1,0.20302091538906097
ACH-000971,10109823,0,0.20515234768390656
ACH-000971,10113978,0,0.1563693881034851
ACH-000971,10127622,1,0.2639893889427185
ACH-000971,10196499,0,0.11225521564483643
ACH-000971,10341154,0,0.056769609451293945
ACH-000971,104842,0,0.023986438289284706
ACH-000971,11178236,0,0.006207981612533331
ACH-000971,11338033,0,0.028395993635058403
ACH-000971,11404337,0,0.34761518239974976
ACH-000971,11624601,0,0.034805599600076675
ACH-000971,11667893,0,0.054159779101610184
ACH-000971,16725726,1,0.27565300464630127
ACH-000971,16747388,1,0.8155626058578491
ACH-000971,24180719,0,0.24930797517299652
ACH-000971,24951314,0,0.03928038477897644
ACH-000971,2733526,0,0.02853497490286827
ACH-000971,300471,0,0.019348494708538055
ACH-000971,3385,1,0.12556779384613037
ACH-000971,42642645,0,0.38967955112457275
ACH-000971,444795,0,0.11843608319759369
ACH-000971,447912,1,0.08312062919139862
ACH-000971,46883536,0,0.13052977621555328
ACH-000971,49806720,0,0.12636877596378326
ACH-000971,5113032,0,0.05031748488545418
ACH-000971,5311497,1,0.07636257261037827
ACH-000971,5327091,0,0.040416281670331955
ACH-000971,53302361,0,0.22799046337604523
ACH-000971,5394,0,0.025881607085466385
ACH-000971,5460769,0,0.0931105837225914
ACH-000971,57339144,0,0.03546401858329773
ACH-000971,6445562,0,0.10720056295394897
ACH-000971,65110,0,0.04584728181362152
ACH-000971,8249,0,0.08589472621679306
ACH-000971,84691,0,0.04335002601146698
ACH-000971,9813758,0,0.2604845464229584
ACH-000971,9826528,0,0.6143490076065063
ACH-000971,9868037,1,0.11340442299842834
ACH-000971,9956119,0,0.13377223908901215
ACH-000971,9956222,0,0.025971388444304466
ACH-000973,10096043,1,0.18025346100330353
ACH-000973,10109823,0,0.04001934081315994
ACH-000973,10196499,0,0.26017582416534424
ACH-000973,104842,1,0.31253814697265625
ACH-000973,11282283,0,0.058461714535951614
ACH-000973,11609586,0,0.5261309146881104
ACH-000973,11634725,0,0.0014762072823941708
ACH-000973,11977753,0,0.191297248005867
ACH-000973,176167,0,0.006264542229473591
ACH-000973,23725625,1,0.5518770813941956
ACH-000973,24889392,0,0.013047946617007256
ACH-000973,2726824,0,0.2750036418437958
ACH-000973,300471,0,0.33086106181144714
ACH-000973,3463933,0,0.30227476358413696
ACH-000973,42640,0,0.205703005194664
ACH-000973,44182295,0,0.01701974682509899
ACH-000973,44462760,0,0.12217097729444504
ACH-000973,444795,0,0.07623852789402008
ACH-000973,44632017,0,0.5096076130867004
ACH-000973,447912,0,0.014663654379546642
ACH-000973,46191454,0,0.0012490139342844486
ACH-000973,46883536,0,0.00511329248547554
ACH-000973,46885626,0,0.010595663450658321
ACH-000973,51371303,0,0.18975941836833954
ACH-000973,5330286,0,0.04265834018588066
ACH-000973,5460769,0,0.3334167003631592
ACH-000973,560326,0,0.12314456701278687
ACH-000973,6253,0,0.1628812700510025
ACH-000973,6445533,0,0.09610738605260849
ACH-000973,6914657,0,0.0028560166247189045
ACH-000973,6918454,0,0.030723832547664642
ACH-000973,6918848,0,0.00028167638811282814
ACH-000973,704473,0,0.07844999432563782
ACH-000973,8249,0,0.006461980286985636
ACH-000973,9813758,0,0.004267721436917782
ACH-000973,9826528,1,0.020367402583360672
ACH-000973,9868037,0,0.03837527707219124
ACH-000973,9884685,0,0.0011374522000551224
ACH-000973,9903786,0,0.0002800534130074084
ACH-000973,9952773,0,0.0016014453722164035
ACH-000973,9956119,0,0.2093571573495865
ACH-000973,9956222,0,0.004342587664723396
ACH-000974,10184653,0,0.6041476130485535
ACH-000974,11625818,0,0.24786429107189178
ACH-000974,11634725,0,0.2551921308040619
ACH-000974,11960529,1,0.11985832452774048
ACH-000974,16725726,1,0.49888068437576294
ACH-000974,176167,1,0.3430120348930359
ACH-000974,2314623,0,0.4697543978691101
ACH-000974,25102847,0,0.16450044512748718
ACH-000974,25126798,0,0.17090733349323273
ACH-000974,25167777,0,0.06803633272647858
ACH-000974,2733526,1,0.25026971101760864
ACH-000974,3005532,0,0.5059686303138733
ACH-000974,31703,1,0.17626892030239105
ACH-000974,3385,0,0.049672625958919525
ACH-000974,36462,0,0.06213723495602608
ACH-000974,44143370,0,0.39362162351608276
ACH-000974,44224160,0,0.03561652451753616
ACH-000974,44450571,0,0.34960585832595825
ACH-000974,44551660,0,0.020421041175723076
ACH-000974,44632017,0,0.12564919888973236
ACH-000974,447912,0,0.055651452392339706
ACH-000974,49806720,0,0.41701140999794006
ACH-000974,5289247,0,0.2560238540172577
ACH-000974,5311497,1,0.2778538465499878
ACH-000974,5327091,1,0.243149071931839
ACH-000974,54685215,1,0.43007758259773254
ACH-000974,60750,1,0.2064688503742218
ACH-000974,644241,0,0.13580061495304108
ACH-000974,6445562,1,0.5552436709403992
ACH-000974,6505803,0,0.3943180441856384
ACH-000974,71271629,1,0.07884276658296585
ACH-000974,85668777,0,0.5510766506195068
ACH-000974,9813758,0,0.41423752903938293
ACH-000974,9884685,0,0.04570005461573601
ACH-000974,9903786,0,0.022579869255423546
ACH-000974,9911830,0,0.0719006359577179
ACH-000974,9914412,0,0.08362510055303574
ACH-000974,9938202,0,0.30974245071411133
ACH-000976,10077147,0,0.0015283564571291208
ACH-000976,10127622,1,0.022267336025834084
ACH-000976,10341154,0,0.027309227734804153
ACH-000976,10459196,0,0.006935149896889925
ACH-000976,11433190,0,0.03925001993775368
ACH-000976,11455910,0,0.022857703268527985
ACH-000976,11485656,1,0.0013001901097595692
ACH-000976,11609586,0,0.16480012238025665
ACH-000976,16720766,0,0.12027736008167267
ACH-000976,2314623,0,0.5752943158149719
ACH-000976,2375,0,0.061138350516557693
ACH-000976,24776445,0,0.023912345990538597
ACH-000976,24889392,0,0.00507374806329608
ACH-000976,25102847,0,0.00013296799443196505
ACH-000976,25167777,0,0.0006242406670935452
ACH-000976,4263900,0,0.0011742672650143504
ACH-000976,46907787,0,0.0014559972332790494
ACH-000976,46943432,0,0.0003127455129288137
ACH-000976,521106,0,0.00017440076044294983
ACH-000976,5280757,0,0.026409659534692764
ACH-000976,5330286,0,0.0010989541187882423
ACH-000976,53394750,1,0.0014513195492327213
ACH-000976,56965967,0,0.00011390114377718419
ACH-000976,5746,0,0.0027030971832573414
ACH-000976,6253,0,0.001805091742426157
ACH-000976,9826528,0,0.0013500474160537124
ACH-000976,9863776,1,0.00242307735607028
ACH-000976,9914412,0,0.0029211698565632105
ACH-000976,9956119,0,0.05615786835551262
ACH-000978,10109823,0,0.00011966816236963496
ACH-000978,10127622,0,0.0011231973767280579
ACH-000978,10341154,0,0.0002803092647809535
ACH-000978,10384072,0,9.696559573058039e-05
ACH-000978,10451420,0,0.1173519715666771
ACH-000978,11316960,0,0.0003869350184686482
ACH-000978,11327430,0,4.97908731631469e-05
ACH-000978,11433190,0,0.008793535642325878
ACH-000978,11634725,0,4.82609320897609e-05
ACH-000978,11640390,0,0.0007244286243803799
ACH-000978,11707110,0,0.001888043712824583
ACH-000978,11960529,0,0.00046489809756167233
ACH-000978,25022668,0,3.595159432734363e-05
ACH-000978,25257557,1,0.9909917116165161
ACH-000978,3005532,0,0.00013253040378913283
ACH-000978,3385,0,0.00021928770001977682
ACH-000978,44182295,0,8.070924377534539e-05
ACH-000978,44632017,0,0.00016339801368303597
ACH-000978,46843772,0,0.002403734251856804
ACH-000978,46883536,0,0.002312391996383667
ACH-000978,46885626,1,0.007096052169799805
ACH-000978,49806720,0,0.028019964694976807
ACH-000978,5113032,0,0.0020123261492699385
ACH-000978,5311497,0,2.5152441594400443e-05
ACH-000978,53302361,0,7.607737643411383e-05
ACH-000978,53340664,0,6.782120181014761e-05
ACH-000978,53394750,0,0.4328616261482239
ACH-000978,60750,0,4.374759737402201e-05
ACH-000978,6505803,0,2.1086807464598678e-05
ACH-000978,66577006,0,0.0040333932265639305
ACH-000978,6918289,0,0.001993456156924367
ACH-000978,6918848,0,0.0005619183066301048
ACH-000978,8249,0,0.011400315910577774
ACH-000978,84691,0,0.00013032142305746675
ACH-000978,9826528,0,0.00011037137301173061
ACH-000978,9868037,0,0.001978292828425765
ACH-000978,9903786,0,0.00037362638977356255
ACH-000978,9910224,0,0.010670658200979233
ACH-000978,9956222,0,0.0003627006954047829
ACH-000978,9967941,0,0.0029254367109388113
ACH-000979,10027278,0,0.01718222349882126
ACH-000979,10109823,0,0.06170225515961647
ACH-000979,10113978,0,0.08860403299331665
ACH-000979,10341154,1,0.12145701050758362
ACH-000979,10451420,0,0.0077875517308712006
ACH-000979,11282283,0,0.10845308750867844
ACH-000979,11485656,0,0.011502395384013653
ACH-000979,11707110,1,0.34604766964912415
ACH-000979,11977753,0,0.15506693720817566
ACH-000979,16720766,0,0.27469825744628906
ACH-000979,176158,1,0.35868507623672485
ACH-000979,176167,0,0.009513835422694683
ACH-000979,2375,0,0.09651552140712738
ACH-000979,24826799,0,0.004925094544887543
ACH-000979,3796,0,0.007089349441230297
ACH-000979,44819241,0,0.2262817919254303
ACH-000979,46907787,0,0.045845724642276764
ACH-000979,5113032,0,0.1896595060825348
ACH-000979,51371303,0,0.4267524480819702
ACH-000979,5311,0,0.03993535786867142
ACH-000979,5328940,0,0.10862809419631958
ACH-000979,5394,0,0.23349836468696594
ACH-000979,560326,0,0.07779306918382645
ACH-000979,60750,0,0.020905954763293266
ACH-000979,644241,0,0.06192862614989281
ACH-000979,6450551,0,0.01677408255636692
ACH-000979,66577006,0,0.007042492739856243
ACH-000979,6914657,0,0.005046546459197998
ACH-000979,6918289,0,0.18179844319820404
ACH-000979,85668777,1,0.3320331573486328
ACH-000979,9826528,0,0.06141742318868637
ACH-000980,10074640,0,0.0016607699217274785
ACH-000980,10096043,0,2.6143974537262693e-05
ACH-000980,10390396,0,0.0001991631870623678
ACH-000980,11327430,0,0.031971827149391174
ACH-000980,11338033,0,0.0002664577914401889
ACH-000980,11433190,0,0.04151833802461624
ACH-000980,11625818,0,0.010013746097683907
ACH-000980,11676786,0,6.184638914419338e-05
ACH-000980,11713159,0,0.00020419535576365888
ACH-000980,160355,0,0.0034321490675210953
ACH-000980,16095342,0,0.0069610984064638615
ACH-000980,16725726,0,0.33972564339637756
ACH-000980,216239,0,0.000655531941447407
ACH-000980,216326,0,0.1504102498292923
ACH-000980,25022668,0,0.00020036315254401416
ACH-000980,25257557,1,0.7156240344047546
ACH-000980,31703,0,0.00011435190390329808
ACH-000980,3385,0,0.0014176685363054276
ACH-000980,3796,0,0.00010781531454995275
ACH-000980,4261,0,0.00032103474950417876
ACH-000980,42640,0,0.03399652615189552
ACH-000980,44462760,0,0.0006475595873780549
ACH-000980,44551660,0,0.000673401344101876
ACH-000980,446378,0,0.0021731022279709578
ACH-000980,46191454,0,0.014935295097529888
ACH-000980,46224516,0,0.0008952547796070576
ACH-000980,46907787,0,0.0018588895909488201
ACH-000980,51371303,0,0.04995284229516983
ACH-000980,5278396,0,0.07577839493751526
ACH-000980,5289247,0,0.0007280122372321784
ACH-000980,5311510,0,0.0030175005085766315
ACH-000980,5330286,0,0.001355185522697866
ACH-000980,5494449,0,0.0019050717819482088
ACH-000980,60750,0,0.00024435296654701233
ACH-000980,637858,0,0.004542841110378504
ACH-000980,644241,1,0.010393904522061348
ACH-000980,65110,0,0.019187724217772484
ACH-000980,6918638,0,0.001600790536031127
ACH-000980,82146,0,0.0050813122652471066
ACH-000980,9549184,0,0.0185452438890934
ACH-000980,9813758,0,0.0022109276615083218
ACH-000980,9911830,1,0.007563427090644836
ACH-000980,9938202,1,0.04560137167572975
ACH-000981,10451420,1,0.9867293834686279
ACH-000981,11493598,1,0.8331364989280701
ACH-000981,11634725,1,0.728920578956604
ACH-000981,11667893,0,0.026632189750671387
ACH-000981,11754511,1,0.7855263948440552
ACH-000981,11977753,0,0.014174837619066238
ACH-000981,16725726,1,0.7315369248390198
ACH-000981,176158,0,0.03799689933657646
ACH-000981,216239,0,0.0992848202586174
ACH-000981,2314623,0,0.06777147948741913
ACH-000981,2375,0,0.1614450216293335
ACH-000981,24180719,0,0.16396722197532654
ACH-000981,24826799,0,0.18040584027767181
ACH-000981,24951314,1,0.8100005388259888
ACH-000981,25022668,0,0.04026085510849953
ACH-000981,25124816,0,0.019918140023946762
ACH-000981,25262965,0,0.1883026659488678
ACH-000981,3385,0,0.46058404445648193
ACH-000981,36462,0,0.04229960963129997
ACH-000981,42642645,0,0.4165177047252655
ACH-000981,44224160,0,0.27251094579696655
ACH-000981,46191454,1,0.8162462115287781
ACH-000981,46930998,0,0.07992035895586014
ACH-000981,46931012,1,0.943484365940094
ACH-000981,46943432,1,0.9778302311897278
ACH-000981,49836027,0,0.02362787164747715
ACH-000981,5311510,0,0.04002300649881363
ACH-000981,5384616,0,0.09839790314435959
ACH-000981,54685215,0,0.015427476726472378
ACH-000981,5746,0,0.025251448154449463
ACH-000981,644241,0,0.42370977997779846
ACH-000981,6918848,0,0.7760934829711914
ACH-000981,71271629,0,0.17255008220672607
ACH-000981,7251185,0,0.13889136910438538
ACH-000981,82146,0,0.039258599281311035
ACH-000981,84691,0,0.05148280784487724
ACH-000981,85668777,0,0.058447252959012985
ACH-000981,9810884,1,0.9669918417930603
ACH-000981,9910224,1,0.49412640929222107
ACH-000981,9943465,1,0.06992288678884506
ACH-000981,9967941,0,0.16015088558197021
ACH-000983,10127622,0,0.057920221239328384
ACH-000983,10172943,0,0.08480853587388992
ACH-000983,10184653,0,0.011684359982609749
ACH-000983,10302451,1,0.26812076568603516
ACH-000983,10451420,1,0.9213001132011414
ACH-000983,11316960,0,0.07000312954187393
ACH-000983,11338033,0,0.029443128034472466
ACH-000983,11364421,0,0.11024875193834305
ACH-000983,11640390,0,0.07558497786521912
ACH-000983,11647372,0,0.02190808393061161
ACH-000983,126565,0,0.25731855630874634
ACH-000983,1401,0,0.05934213474392891
ACH-000983,156422,0,0.016260771080851555
ACH-000983,16722836,1,0.4004102051258087
ACH-000983,20635522,0,0.15427635610103607
ACH-000983,23725625,0,0.1289627104997635
ACH-000983,24776445,0,0.10463938862085342
ACH-000983,2726824,0,0.018671004101634026
ACH-000983,3005532,0,0.03925575688481331
ACH-000983,36462,0,0.07240021228790283
ACH-000983,3796,0,0.01547055970877409
ACH-000983,387447,0,0.018146423622965813
ACH-000983,44551660,0,0.09997259825468063
ACH-000983,46191454,1,0.2612447738647461
ACH-000983,46883536,0,0.2976982891559601
ACH-000983,4993,0,0.021737273782491684
ACH-000983,5384616,0,0.01848234049975872
ACH-000983,560326,0,0.10767026245594025
ACH-000983,6253,0,0.22549231350421906
ACH-000983,6445562,0,0.029415259137749672
ACH-000983,6505803,0,0.009473409503698349
ACH-000983,65110,1,0.2308708131313324
ACH-000983,6914657,0,0.002419861499220133
ACH-000983,6918848,0,0.04081593081355095
ACH-000983,704473,0,0.20438580214977264
ACH-000983,76044,0,0.04035163298249245
ACH-000983,8249,0,0.06336559355258942
ACH-000983,85668777,0,0.008530336432158947
ACH-000983,9549184,1,0.857512354850769
ACH-000983,9826308,0,0.013915282674133778
ACH-000983,9858940,0,0.025831008329987526
ACH-000983,9874913,0,0.013166336342692375
ACH-000983,9884685,0,0.02762797102332115
ACH-000983,9943465,0,0.016077125445008278
ACH-000983,9952773,0,0.01927410252392292
ACH-000983,9956222,0,0.027124054729938507
ACH-000985,10451420,0,0.807003378868103
ACH-000985,10461815,0,0.08770749717950821
ACH-000985,104842,0,0.007465164642781019
ACH-000985,11282283,0,0.038732342422008514
ACH-000985,11327430,0,0.0022679262328892946
ACH-000985,11404337,0,0.3301163911819458
ACH-000985,11609586,0,0.012171145528554916
ACH-000985,11667893,0,0.07724828273057938
ACH-000985,11676786,1,0.8555010557174683
ACH-000985,11707110,1,0.9372578859329224
ACH-000985,11754511,0,0.024455297738313675
ACH-000985,11977753,0,0.02741900458931923
ACH-000985,156422,0,0.09347318857908249
ACH-000985,16747388,0,0.6980996131896973
ACH-000985,176870,0,0.07624398916959763
ACH-000985,208908,0,0.1178249716758728
ACH-000985,216326,0,0.01972106844186783
ACH-000985,24180719,1,0.2922295331954956
ACH-000985,24825971,0,0.012714594602584839
ACH-000985,25222038,1,0.05533769354224205
ACH-000985,25257557,1,0.9939682483673096
ACH-000985,25262965,0,0.002524508396163583
ACH-000985,300471,0,0.020004456862807274
ACH-000985,3005532,0,0.2393598109483719
ACH-000985,36314,0,0.0933225005865097
ACH-000985,444795,0,0.07406285405158997
ACH-000985,46224516,0,0.015577546320855618
ACH-000985,46907787,0,0.02382013387978077
ACH-000985,46930998,0,0.004812533035874367
ACH-000985,5328940,0,0.06631015986204147
ACH-000985,5717801,0,0.00160460255574435
ACH-000985,5746,0,0.027764249593019485
ACH-000985,60750,0,0.026193717494606972
ACH-000985,6253,0,0.05053037032485008
ACH-000985,637858,0,0.03424064442515373
ACH-000985,644241,0,0.13919100165367126
ACH-000985,9549184,0,0.8607063293457031
ACH-000985,9910224,0,0.023329073563218117
ACH-000985,9914412,0,0.009366126731038094
ACH-000985,9931953,0,0.014854059554636478
ACH-000985,9956222,0,0.006333691533654928
ACH-000986,10027278,0,0.00013227474119048566
ACH-000986,10077147,0,0.001678959932178259
ACH-000986,10184653,1,0.23016811907291412
ACH-000986,10341154,0,0.011494043283164501
ACH-000986,10451420,0,0.0020599705167114735
ACH-000986,10459196,0,0.0008246884099207819
ACH-000986,11152667,0,0.0005339472554624081
ACH-000986,11178236,0,0.021865760907530785
ACH-000986,11282283,1,0.07532761245965958
ACH-000986,11624601,0,0.034672901034355164
ACH-000986,11647372,0,0.00046460304292850196
ACH-000986,11754511,0,0.0015717990463599563
ACH-000986,11977753,0,0.003063343930989504
ACH-000986,126565,0,0.0007073628366924822
ACH-000986,176167,0,0.033894628286361694
ACH-000986,24180719,0,0.03497777879238129
ACH-000986,24889392,0,0.018494021147489548
ACH-000986,25126798,0,0.0387849435210228
ACH-000986,25257557,0,0.023687949404120445
ACH-000986,25262965,0,0.00677443016320467
ACH-000986,4263900,0,0.00045920192496851087
ACH-000986,42642645,0,0.00020215354743413627
ACH-000986,44182295,0,0.004295011516660452
ACH-000986,444795,0,0.048970356583595276
ACH-000986,46885626,0,0.0040161022916436195
ACH-000986,5280757,0,0.004169411025941372
ACH-000986,53394750,0,0.00243820040486753
ACH-000986,57339144,0,0.009703783318400383
ACH-000986,5746,0,0.00060231052339077
ACH-000986,644241,0,0.00210622139275074
ACH-000986,6445533,0,0.0054703145287930965
ACH-000986,6918454,0,0.004896958824247122
ACH-000986,8249,0,0.025195736438035965
ACH-000986,9826528,0,0.005499558988958597
ACH-000986,9874913,1,0.09017642587423325
ACH-000986,9943465,0,0.13025236129760742
ACH-000987,10109823,0,0.0001761643507052213
ACH-000987,10184653,0,0.05317765474319458
ACH-000987,11282283,0,0.002931431867182255
ACH-000987,11707110,1,0.8861680030822754
ACH-000987,126941,0,0.0019552295561879873
ACH-000987,148124,0,0.0009562788181938231
ACH-000987,16725726,0,0.00105942296795547
ACH-000987,16747388,0,0.00017869455041363835
ACH-000987,176158,0,0.006171375047415495
ACH-000987,176167,0,0.00019068675464950502
ACH-000987,23725625,0,0.004122485872358084
ACH-000987,24756910,0,7.464251666533528e-06
ACH-000987,24772860,0,7.422346470775665e-07
ACH-000987,24951314,0,1.1087529401265783e-06
ACH-000987,25167777,0,2.832291329468717e-06
ACH-000987,3005532,0,0.03325759246945381
ACH-000987,36462,0,0.0007436525775119662
ACH-000987,3796,0,0.00019090088608209044
ACH-000987,4263900,0,0.0004924193490296602
ACH-000987,46191454,0,7.493465091101825e-06
ACH-000987,46224516,0,3.658824653030024e-06
ACH-000987,51371303,0,0.003865413600578904
ACH-000987,5280757,1,0.02638126350939274
ACH-000987,54685215,0,0.0423421747982502
ACH-000987,5746,0,0.0020720174070447683
ACH-000987,6918848,0,3.5366326756047783e-06
ACH-000987,84691,0,0.018920019268989563
ACH-000987,85668777,0,0.048766039311885834
ACH-000987,9813758,0,5.122725633555092e-05
ACH-000987,9952773,0,4.36466871178709e-06
ACH-000987,9956119,0,0.002275769831612706
ACH-000987,9956222,0,1.1000311133102514e-06
ACH-000989,11338033,0,0.14092636108398438
ACH-000989,11485656,0,0.09409021586179733
ACH-000989,24756910,0,0.29489666223526
ACH-000989,25167777,0,0.09552108496427536
ACH-000989,3385,0,0.10773689299821854
ACH-000989,42642645,0,0.2243468314409256
ACH-000989,9868037,0,0.12508966028690338
ACH-000989,9884685,0,0.14304311573505402
ACH-000989,9952773,1,0.36950716376304626
ACH-000989,9956222,1,0.07446377724409103
ACH-000991,10184653,0,0.06463431566953659
ACH-000991,11152667,0,0.006732079666107893
ACH-000991,11338033,0,0.01744174212217331
ACH-000991,11493598,0,0.0266738161444664
ACH-000991,11617559,0,0.1520901620388031
ACH-000991,11977753,0,0.00878579169511795
ACH-000991,123631,0,0.029167845845222473
ACH-000991,16720766,0,0.025536436587572098
ACH-000991,25102847,0,0.06625140458345413
ACH-000991,25126798,0,0.06793315708637238
ACH-000991,25167777,0,0.18052954971790314
ACH-000991,25257557,1,0.5968703627586365
ACH-000991,44450571,0,0.037092216312885284
ACH-000991,44819241,0,0.04523035138845444
ACH-000991,46943432,0,0.07089424133300781
ACH-000991,49806720,0,0.10494042932987213
ACH-000991,51371303,0,0.05362919345498085
ACH-000991,5289247,1,0.01045375969260931
ACH-000991,5330286,0,0.004294312559068203
ACH-000991,6253,0,0.00865816418081522
ACH-000991,65110,0,0.02395821362733841
ACH-000991,66577006,0,0.1741691678762436
ACH-000991,6918848,0,0.03237311914563179
ACH-000991,8249,0,0.04965241253376007
ACH-000991,9884685,0,0.13059227168560028
ACH-000991,9911830,0,0.058127522468566895
ACH-000991,9967941,0,0.09308594465255737
ACH-000995,10184653,0,0.3410709500312805
ACH-000995,10384072,0,0.029116127640008926
ACH-000995,10459196,0,0.0031217278447002172
ACH-000995,104842,0,0.002512897364795208
ACH-000995,11327430,0,0.014554552733898163
ACH-000995,11624601,0,0.1361740082502365
ACH-000995,11960529,0,0.034981247037649155
ACH-000995,11977753,0,0.02027514949440956
ACH-000995,126941,1,0.028689151629805565
ACH-000995,176158,0,0.007218762766569853
ACH-000995,24180719,0,0.21330972015857697
ACH-000995,25262965,0,0.015750419348478317
ACH-000995,300471,0,0.01682104915380478
ACH-000995,44450571,0,0.2165914624929428
ACH-000995,44632017,1,0.0007839010795578361
ACH-000995,44819241,0,0.05280947685241699
ACH-000995,5327091,0,0.010067084804177284
ACH-000995,5328940,0,0.026662996038794518
ACH-000995,6253,0,0.0024390253238379955
ACH-000995,65110,0,0.015014796517789364
ACH-000995,6914657,0,0.0017641633749008179
ACH-000995,85668777,0,0.40940216183662415
ACH-000995,9826528,0,0.042323336005210876
ACH-000997,10127622,0,0.007532001938670874
ACH-000997,11282283,0,0.11219730973243713
ACH-000997,11373846,0,0.0019072743598371744
ACH-000997,11707110,0,0.006345096509903669
ACH-000997,11713159,0,0.06096737086772919
ACH-000997,11960529,0,0.0557771660387516
ACH-000997,148124,0,0.09805350750684738
ACH-000997,24772860,0,0.0002734076406341046
ACH-000997,24776445,0,0.09877197444438934
ACH-000997,24785538,0,0.07079091668128967
ACH-000997,3005532,1,0.05387827008962631
ACH-000997,31703,0,0.10698851943016052
ACH-000997,3218,0,0.0271648857742548
ACH-000997,3463933,0,0.050373587757349014
ACH-000997,3796,0,0.001805962179787457
ACH-000997,44551660,0,0.001316433772444725
ACH-000997,448013,0,0.188266322016716
ACH-000997,46191454,0,0.011768023483455181
ACH-000997,49806720,0,0.01634916663169861
ACH-000997,5280757,0,0.178594708442688
ACH-000997,5289247,0,0.001764329383149743
ACH-000997,5311497,0,0.07291709631681442
ACH-000997,53394750,0,0.4173479974269867
ACH-000997,6918638,0,0.0015848074108362198
ACH-000998,10096043,0,2.3885029349912656e-06
ACH-000998,10172943,0,1.2275372682779562e-05
ACH-000998,10196499,0,2.209989725088235e-05
ACH-000998,10390396,0,0.0001974941696971655
ACH-000998,11282283,0,0.04023728892207146
ACH-000998,11338033,0,1.619293834664859e-05
ACH-000998,11625818,0,0.003375776344910264
ACH-000998,11676786,0,0.0008855659980326891
ACH-000998,16038120,0,0.00023365880770143121
ACH-000998,16663089,0,1.6303218217217363e-05
ACH-000998,2314623,0,0.005570604000240564
ACH-000998,23725625,0,0.0001152780168922618
ACH-000998,24180719,0,0.00918922945857048
ACH-000998,24772860,0,2.086831045744475e-05
ACH-000998,24785538,0,8.867437281878665e-05
ACH-000998,24889392,0,0.004575409926474094
ACH-000998,25167777,0,6.472539098467678e-05
ACH-000998,25195352,0,3.953190753236413e-05
ACH-000998,3218,0,0.00011173359962413087
ACH-000998,387447,0,0.00014266156358644366
ACH-000998,446378,0,4.004902075394057e-05
ACH-000998,44819241,0,0.000738670991268009
ACH-000998,46224516,0,0.00045355173642747104
ACH-000998,46844147,0,0.00011616521805990487
ACH-000998,46885626,0,0.007555664051324129
ACH-000998,46907787,0,3.021105658262968e-05
ACH-000998,49821040,0,0.0003329573664814234
ACH-000998,4993,0,0.0003974365827161819
ACH-000998,5113032,0,0.001219144556671381
ACH-000998,5328940,0,0.0003166955430060625
ACH-000998,53340664,0,5.3521125664701685e-05
ACH-000998,5394,0,0.0009606082458049059
ACH-000998,54685215,0,7.269471825566143e-05
ACH-000998,560326,0,2.635495002323296e-05
ACH-000998,5717801,0,2.4621563170512673e-06
ACH-000998,6445533,0,0.0004540196096058935
ACH-000998,7251185,0,3.0701667128596455e-05
ACH-000998,82146,0,3.565437873476185e-05
ACH-000998,85668777,0,0.0375521183013916
ACH-000998,9858940,0,0.0017931320471689105
ACH-000998,9910224,0,0.005732051096856594
ACH-000998,9914412,0,3.0322646125569008e-05
ACH-000998,9952773,0,8.03638031356968e-05
ACH-000998,9956119,0,0.0018397419480606914
ACH-000999,10451420,1,0.3757174611091614
ACH-000999,11647372,0,0.09040659666061401
ACH-000999,11754511,0,0.05299273133277893
ACH-000999,16722836,0,0.11080963164567947
ACH-000999,24756910,0,0.09080587327480316
ACH-000999,24889392,0,0.14464665949344635
ACH-000999,25102847,0,0.03554985672235489
ACH-000999,25195352,0,0.10061700642108917
ACH-000999,44462760,0,0.020237864926457405
ACH-000999,44819241,0,0.009351502172648907
ACH-000999,49806720,0,0.32813560962677
ACH-000999,5113032,0,0.015443427488207817
ACH-000999,53340664,0,0.048916976898908615
ACH-000999,6918638,0,0.029950609430670738
ACH-000999,9810884,1,0.5858257412910461
ACH-000999,9911830,0,0.020748354494571686
ACH-000999,9952773,0,0.18591666221618652
ACH-001075,10074640,0,0.19966842234134674
ACH-001075,10096043,0,0.03132053092122078
ACH-001075,10196499,0,0.055126167833805084
ACH-001075,11282283,0,0.29111239314079285
ACH-001075,11455910,0,0.4563659131526947
ACH-001075,11493598,1,0.4467684328556061
ACH-001075,11754511,0,0.0839446410536766
ACH-001075,123631,1,0.568936824798584
ACH-001075,126565,0,0.09092864394187927
ACH-001075,126941,0,0.1031774953007698
ACH-001075,16722836,0,0.22339147329330444
ACH-001075,176158,0,0.11671214550733566
ACH-001075,176167,0,0.4619658589363098
ACH-001075,25195352,1,0.08510923385620117
ACH-001075,2733526,1,0.31151679158210754
ACH-001075,3005532,0,0.21765825152397156
ACH-001075,3385,1,0.11909854412078857
ACH-001075,3463933,0,0.43796801567077637
ACH-001075,42642645,0,0.04472187161445618
ACH-001075,44143370,1,0.463600754737854
ACH-001075,447912,0,0.1331997513771057
ACH-001075,44819241,1,0.22031402587890625
ACH-001075,5280757,1,0.2392013669013977
ACH-001075,53340664,1,0.06228799372911453
ACH-001075,53394750,1,0.8722643256187439
ACH-001075,5460769,0,0.13652890920639038
ACH-001075,6753378,0,0.27886152267456055
ACH-001075,6918454,1,0.6286064982414246
ACH-001075,8249,1,0.514955997467041
ACH-001075,9910224,0,0.09867258369922638
ACH-001075,9911830,0,0.04693718999624252
ACH-001075,9956119,0,0.4568033516407013
ACH-001106,10074640,1,0.3430361747741699
ACH-001106,10096043,0,0.007587173487991095
ACH-001106,10113978,0,0.011560165323317051
ACH-001106,10200390,1,0.07621358335018158
ACH-001106,10341154,0,0.2681059241294861
ACH-001106,104842,0,0.07766027003526688
ACH-001106,11404337,1,0.015503938309848309
ACH-001106,11634725,0,0.34244638681411743
ACH-001106,11667893,0,0.012610002420842648
ACH-001106,123631,0,0.009518110193312168
ACH-001106,126941,1,0.7636868953704834
ACH-001106,160355,0,0.038704317063093185
ACH-001106,16722836,1,0.9027868509292603
ACH-001106,24756910,1,0.6014386415481567
ACH-001106,24772860,0,0.43302953243255615
ACH-001106,24894414,1,0.8730006217956543
ACH-001106,24978538,1,0.8348383903503418
ACH-001106,3385,1,0.6117570400238037
ACH-001106,387447,0,0.012030201964080334
ACH-001106,4261,0,0.032163020223379135
ACH-001106,42640,0,0.023053443059325218
ACH-001106,44143370,1,0.17093446850776672
ACH-001106,44551660,1,0.7865986824035645
ACH-001106,44819241,1,0.12819205224514008
ACH-001106,5113032,1,0.29536423087120056
ACH-001106,5208,0,0.029542256146669388
ACH-001106,5278396,0,0.05940190702676773
ACH-001106,5384616,1,0.04913230240345001
ACH-001106,71271629,0,0.24794717133045197
ACH-001106,85668777,0,0.01679348759353161
ACH-001106,9549184,1,0.5934844017028809
ACH-001106,9826528,0,0.01860993728041649
ACH-001106,9903786,1,0.8560081720352173
ACH-001106,9956119,0,0.06121921166777611
ACH-001106,9967941,0,0.054449792951345444
ACH-001190,10027278,0,0.0021793788764625788
ACH-001190,10077147,0,0.0020772437565028667
ACH-001190,10113978,0,0.0027548568323254585
ACH-001190,10302451,0,0.03300775960087776
ACH-001190,104842,0,0.005934050306677818
ACH-001190,11404337,0,0.027783289551734924
ACH-001190,11647372,0,4.718903073808178e-05
ACH-001190,11960529,0,0.04488266259431839
ACH-001190,126941,0,0.013859248720109463
ACH-001190,1401,0,0.08023087680339813
ACH-001190,159324,1,0.0019274153746664524
ACH-001190,176870,0,0.05452452600002289
ACH-001190,2375,0,0.008851077407598495
ACH-001190,24756910,0,0.00022740516578778625
ACH-001190,24826799,0,0.00026939951931126416
ACH-001190,25022668,0,0.002262549474835396
ACH-001190,25102847,0,0.0005294880829751492
ACH-001190,25222038,0,0.004123079124838114
ACH-001190,2726824,0,0.20295493304729462
ACH-001190,2733526,0,0.06049878150224686
ACH-001190,3796,0,0.00620703399181366
ACH-001190,4261,0,0.004894208628684282
ACH-001190,44143370,0,0.0025009543169289827
ACH-001190,44450571,0,0.19643275439739227
ACH-001190,44551660,0,0.0001133898549596779
ACH-001190,447912,0,0.001756417565047741
ACH-001190,462382,0,0.53395015001297
ACH-001190,46883536,0,0.0022063932847231627
ACH-001190,46885626,0,0.0031933935824781656
ACH-001190,46931012,0,9.724032133817673e-05
ACH-001190,49806720,0,0.017693085595965385
ACH-001190,521106,0,0.0003734559868462384
ACH-001190,5329102,0,0.0004832221893593669
ACH-001190,53302361,0,0.0018635322339832783
ACH-001190,5330286,0,0.027969900518655777
ACH-001190,5394,0,0.04642542451620102
ACH-001190,5459322,0,0.16859294474124908
ACH-001190,5717801,0,0.00022073870059102774
ACH-001190,6914657,0,0.0005777026526629925
ACH-001190,6918848,0,0.00016197256627492607
ACH-001190,7251185,0,0.0023778476752340794
ACH-001190,8249,0,0.008660497143864632
ACH-001190,9868037,0,0.0032381450291723013
ACH-001190,9874913,0,0.009577032178640366
ACH-001190,9967941,0,0.012463959865272045
ACH-001306,10077147,0,0.09081470966339111
ACH-001306,10109823,0,0.010499994270503521
ACH-001306,10341154,0,0.05691923201084137
ACH-001306,10459196,0,0.04725492000579834
ACH-001306,11152667,0,0.030206844210624695
ACH-001306,11485656,0,0.013216632418334484
ACH-001306,11493598,0,0.008160805329680443
ACH-001306,11640390,0,0.03743187338113785
ACH-001306,11647372,0,0.00013296939141582698
ACH-001306,11754511,0,0.003155226819217205
ACH-001306,123631,0,0.048301685601472855
ACH-001306,148124,0,0.012668754905462265
ACH-001306,16747388,0,0.05650680512189865
ACH-001306,176167,0,0.0023318701423704624
ACH-001306,23725625,0,0.12859097123146057
ACH-001306,24776445,0,0.14432276785373688
ACH-001306,24826799,0,0.012299135327339172
ACH-001306,25124816,0,0.012320701964199543
ACH-001306,25167777,0,0.0006783750141039491
ACH-001306,25257557,0,0.19544266164302826
ACH-001306,2733526,0,0.04446553811430931
ACH-001306,300471,0,0.019294600933790207
ACH-001306,36462,0,0.029750416055321693
ACH-001306,3796,0,0.003379441099241376
ACH-001306,42642645,0,0.014984356239438057
ACH-001306,44551660,0,0.0005433720070868731
ACH-001306,46224516,0,0.0005651258979924023
ACH-001306,51371303,0,0.027536936104297638
ACH-001306,5327091,0,0.14489629864692688
ACH-001306,5394,0,0.059024300426244736
ACH-001306,560326,0,0.010799680836498737
ACH-001306,637858,0,0.10812018811702728
ACH-001306,644241,0,0.1625959277153015
ACH-001306,6445533,0,0.034077536314725876
ACH-001306,6505803,0,0.14395637810230255
ACH-001306,6918289,0,0.06677363067865372
ACH-001306,704473,0,0.028351370245218277
ACH-001306,85668777,0,0.05352417379617691
ACH-001306,9810884,0,0.012423047795891762
ACH-001306,9826528,0,0.9264066815376282
ACH-001306,9863776,0,0.682335376739502
ACH-001306,9910224,0,0.004147632047533989
ACH-001306,9943465,0,0.1003931313753128
ACH-001306,9952773,0,0.0005438295193016529
ACH-001307,10027278,0,0.31887635588645935
ACH-001307,10074640,0,0.04541761800646782
ACH-001307,10113978,0,0.47146865725517273
ACH-001307,10384072,0,0.12452299147844315
ACH-001307,11178236,0,0.06573933362960815
ACH-001307,11316960,0,0.14458654820919037
ACH-001307,11327430,0,0.058545708656311035
ACH-001307,11493598,0,0.0182900819927454
ACH-001307,11625818,0,0.02365780808031559
ACH-001307,126941,0,0.018250569701194763
ACH-001307,1401,0,0.12212686240673065
ACH-001307,156422,1,0.3108435869216919
ACH-001307,16747388,0,0.022804411128163338
ACH-001307,216326,0,0.03744804486632347
ACH-001307,24776445,1,0.0371735617518425
ACH-001307,25167777,0,0.0078756557777524
ACH-001307,25257557,1,0.5356795787811279
ACH-001307,2726824,0,0.1274239867925644
ACH-001307,3218,0,0.08735595643520355
ACH-001307,3463933,0,0.3208543360233307
ACH-001307,4263900,0,0.17655357718467712
ACH-001307,44137675,0,0.3530997335910797
ACH-001307,44551660,0,0.0011824544053524733
ACH-001307,446378,1,0.2991870939731598
ACH-001307,46930998,0,0.06968621164560318
ACH-001307,5289247,0,0.04494637995958328
ACH-001307,5311,0,0.018173987045884132
ACH-001307,53394750,0,0.03614751622080803
ACH-001307,56962337,0,0.036926496773958206
ACH-001307,56965967,0,0.011770629324018955
ACH-001307,637858,0,0.14838100969791412
ACH-001307,644241,1,0.06224379315972328
ACH-001307,6450816,0,0.007650068961083889
ACH-001307,6505803,0,0.41414615511894226
ACH-001307,6918289,0,0.09615740180015564
ACH-001307,6918638,0,0.0016193412011489272
ACH-001307,84691,0,0.08974913507699966
ACH-001307,9863776,0,0.10619377344846725
ACH-001307,9911830,0,0.029091618955135345
ACH-001307,9943465,0,0.14513583481311798
