cell_id,drug_id,label,prediction
ACH-000002,10027278,1,0.4210773706436157
ACH-000002,10074640,1,0.2859845459461212
ACH-000002,10077147,1,0.43354731798171997
ACH-000002,10109823,0,0.30181729793548584
ACH-000002,10113978,0,0.20093084871768951
ACH-000002,10127622,1,0.32415705919265747
ACH-000002,10172943,0,0.5127214193344116
ACH-000002,10184653,0,0.1784764528274536
ACH-000002,10302451,0,0.1341012418270111
ACH-000002,10341154,0,0.08719632774591446
ACH-000002,10368812,1,0.6412293910980225
ACH-000002,10377751,1,0.6195394992828369
ACH-000002,10384072,0,0.13327373564243317
ACH-000002,10459196,0,0.08380863815546036
ACH-000002,10461815,0,0.06478023529052734
ACH-000002,104741,0,0.230767622590065
ACH-000002,104842,1,0.5641199350357056
ACH-000002,107969,1,0.5312193036079407
ACH-000002,11152667,1,0.4952329397201538
ACH-000002,11175137,1,0.39416831731796265
ACH-000002,11178236,1,0.48741602897644043
ACH-000002,11282283,1,0.1734396368265152
ACH-000002,11327430,1,0.12215734273195267
ACH-000002,11338033,1,0.4719254970550537
ACH-000002,11364421,1,0.4682643711566925
ACH-000002,11373846,1,0.18949177861213684
ACH-000002,11455910,1,0.7331147193908691
ACH-000002,11467730,0,0.30098527669906616
ACH-000002,11485656,0,0.15279419720172882
ACH-000002,11488320,1,0.3867158591747284
ACH-000002,11493598,0,0.12514540553092957
ACH-000002,11507964,0,0.21503816545009613
ACH-000002,11511120,1,0.4569286108016968
ACH-000002,11609586,0,0.6372332572937012
ACH-000002,11617559,0,0.09519988298416138
ACH-000002,11624601,0,0.08281075954437256
ACH-000002,11625818,0,0.14934293925762177
ACH-000002,11626560,0,0.1806161105632782
ACH-000002,11626927,0,0.08738526701927185
ACH-000002,11634725,1,0.30009305477142334
ACH-000002,11640390,1,0.23534037172794342
ACH-000002,11647372,1,0.36909011006355286
ACH-000002,11667893,0,0.10117638111114502
ACH-000002,11676786,1,0.1632232517004013
ACH-000002,11713159,0,0.25104832649230957
ACH-000002,11754511,1,0.5469434857368469
ACH-000002,11754711,1,0.5282084941864014
ACH-000002,11784504,1,0.27372997999191284
ACH-000002,117918970,1,0.3590070903301239
ACH-000002,117996541,1,0.6714152693748474
ACH-000002,11844351,0,0.2570857107639313
ACH-000002,11960529,0,0.09841887652873993
ACH-000002,11977753,1,0.47463253140449524
ACH-000002,1206243,0,0.4298683702945709
ACH-000002,121596701,0,0.3520170748233795
ACH-000002,123631,0,0.10367920994758606
ACH-000002,126565,1,0.5260860919952393
ACH-000002,126941,1,0.2753561735153198
ACH-000002,13342,1,0.4652688801288605
ACH-000002,135398501,1,0.31858593225479126
ACH-000002,135398516,1,0.46515071392059326
ACH-000002,135410875,1,0.22007745504379272
ACH-000002,135418940,0,0.24361848831176758
ACH-000002,135421197,0,0.3087979555130005
ACH-000002,135423438,1,0.46127718687057495
ACH-000002,135440466,1,0.2323848009109497
ACH-000002,135499520,0,0.1618345081806183
ACH-000002,135539077,1,0.3744427263736725
ACH-000002,135564599,0,0.09638886153697968
ACH-000002,135565082,0,0.5381774306297302
ACH-000002,135659062,0,0.2939718961715698
ACH-000002,135691163,1,0.47322314977645874
ACH-000002,136240579,0,0.1280028522014618
ACH-000002,1401,0,0.16320109367370605
ACH-000002,148124,1,0.5814543962478638
ACH-000002,156414,1,0.3216818571090698
ACH-000002,156422,0,0.11177454143762589
ACH-000002,159324,1,0.7734646797180176
ACH-000002,15953870,0,0.166693776845932
ACH-000002,160355,0,0.21820944547653198
ACH-000002,16038120,1,0.2791362404823303
ACH-000002,16095342,0,0.1849600225687027
ACH-000002,16123056,0,0.13575026392936707
ACH-000002,16218924,0,0.15797381103038788
ACH-000002,16659841,0,0.2018144130706787
ACH-000002,16663089,0,0.2319270670413971
ACH-000002,16681698,1,0.4589639902114868
ACH-000002,16720766,1,0.2766112983226776
ACH-000002,16722836,1,0.4955078959465027
ACH-000002,16725726,0,0.1708858758211136
ACH-000002,16732433,1,0.122811459004879
ACH-000002,16747388,1,0.402839720249176
ACH-000002,16747683,1,0.5655491352081299
ACH-000002,176158,0,0.09498672932386398
ACH-000002,176167,0,0.37397313117980957
ACH-000002,176870,0,0.13432718813419342
ACH-000002,17755052,1,0.48582616448402405
ACH-000002,208908,0,0.11473522335290909
ACH-000002,216239,1,0.26611843705177307
ACH-000002,216326,0,0.061259232461452484
ACH-000002,2314623,0,0.09234780818223953
ACH-000002,23582824,1,0.7266094088554382
ACH-000002,23725625,0,0.11077629774808884
ACH-000002,2375,0,0.09059501439332962
ACH-000002,24180719,0,0.17278143763542175
ACH-000002,24737642,0,0.29202911257743835
ACH-000002,24739943,1,0.5991272330284119
ACH-000002,24756910,1,0.34392282366752625
ACH-000002,24770514,1,0.3572562336921692
ACH-000002,24771867,1,0.25381073355674744
ACH-000002,24772043,1,0.4885501265525818
ACH-000002,24772860,1,0.5192622542381287
ACH-000002,24776445,0,0.09525572508573532
ACH-000002,24785538,1,0.43664899468421936
ACH-000002,24826799,0,0.24107733368873596
ACH-000002,24889392,0,0.07292348146438599
ACH-000002,24894414,1,0.1541411280632019
ACH-000002,24951314,1,0.607868492603302
ACH-000002,24964624,0,0.30109792947769165
ACH-000002,24978538,1,0.34741759300231934
ACH-000002,25022668,0,0.4392275810241699
ACH-000002,25102847,0,0.3179652988910675
ACH-000002,25124816,0,0.10370919853448868
ACH-000002,25126798,0,0.08564340323209763
ACH-000002,25167777,1,0.4815913736820221
ACH-000002,25195294,1,0.7310985326766968
ACH-000002,25227436,1,0.5089991688728333
ACH-000002,25254071,1,0.4832783341407776
ACH-000002,25257557,0,0.2891542613506317
ACH-000002,25260757,1,0.3315196633338928
ACH-000002,25262792,1,0.4021185636520386
ACH-000002,25262965,1,0.3917763829231262
ACH-000002,2733526,0,0.1509123295545578
ACH-000002,300471,1,0.8098156452178955
ACH-000002,3005532,0,0.12626653909683228
ACH-000002,3062316,0,0.28152522444725037
ACH-000002,3101542,0,0.10523553937673569
ACH-000002,31703,1,0.6488900184631348
ACH-000002,3218,1,0.5371829867362976
ACH-000002,3372016,0,0.1378936916589737
ACH-000002,3385,1,0.7447238564491272
ACH-000002,3463933,1,0.639918863773346
ACH-000002,36314,1,0.596813976764679
ACH-000002,36462,1,0.7492724061012268
ACH-000002,3796,0,0.13824772834777832
ACH-000002,3827738,0,0.1424473077058792
ACH-000002,387447,1,0.6282989382743835
ACH-000002,4248455,0,0.2857684791088104
ACH-000002,4261,1,0.725975751876831
ACH-000002,42623900,0,0.2845096290111542
ACH-000002,42628507,1,0.5356811285018921
ACH-000002,42640,1,0.439488023519516
ACH-000002,42642645,1,0.438202828168869
ACH-000002,44137675,1,0.2942599654197693
ACH-000002,44143370,1,0.22747382521629333
ACH-000002,44182295,1,0.4032290577888489
ACH-000002,44224257,1,0.37353384494781494
ACH-000002,442972,0,0.24198688566684723
ACH-000002,44462760,0,0.2211727499961853
ACH-000002,444732,1,0.5303654670715332
ACH-000002,444795,1,0.2674819827079773
ACH-000002,44551660,1,0.5842137932777405
ACH-000002,44632017,1,0.44844746589660645
ACH-000002,446378,1,0.5910312533378601
ACH-000002,447912,0,0.2846692204475403
ACH-000002,448013,1,0.6847154498100281
ACH-000002,45258277,1,0.33748099207878113
ACH-000002,46006640,0,0.16347350180149078
ACH-000002,46191454,1,0.5785344839096069
ACH-000002,46192505,0,0.16779889166355133
ACH-000002,46224516,1,0.5418208241462708
ACH-000002,462382,1,0.5977542400360107
ACH-000002,46244454,1,0.5928210020065308
ACH-000002,46843648,1,0.5092483162879944
ACH-000002,46844147,0,0.29738736152648926
ACH-000002,46883536,0,0.07400090992450714
ACH-000002,46885626,1,0.4552061855792999
ACH-000002,46893585,0,0.22609399259090424
ACH-000002,46907787,1,0.3354509174823761
ACH-000002,46926973,0,0.18698793649673462
ACH-000002,46937430,0,0.10338898748159409
ACH-000002,46943432,1,0.2732727825641632
ACH-000002,479503,1,0.6679309010505676
ACH-000002,49806720,0,0.07998032122850418
ACH-000002,49831044,0,0.6668272018432617
ACH-000002,49847690,1,0.3106018602848053
ACH-000002,49850262,1,0.14492915570735931
ACH-000002,4993,0,0.5218855142593384
ACH-000002,5081913,1,0.5286760330200195
ACH-000002,51039095,1,0.3367401659488678
ACH-000002,5113032,0,0.08600536733865738
ACH-000002,51358113,1,0.5720661282539368
ACH-000002,51371303,0,0.1752968281507492
ACH-000002,521106,1,0.4373137652873993
ACH-000002,5278396,0,0.11505496501922607
ACH-000002,5280757,0,0.12966807186603546
ACH-000002,5284616,0,0.2820947766304016
ACH-000002,5287969,1,0.4461936354637146
ACH-000002,5291,0,0.13511334359645844
ACH-000002,52912189,1,0.39600616693496704
ACH-000002,52913813,0,0.19091466069221497
ACH-000002,5311,1,0.5385745167732239
ACH-000002,5311497,1,0.4090577960014343
ACH-000002,5311510,0,0.2684335708618164
ACH-000002,5328940,0,0.13246166706085205
ACH-000002,5329102,0,0.3281489312648773
ACH-000002,53302361,1,0.34475797414779663
ACH-000002,5330286,1,0.41017812490463257
ACH-000002,53315878,0,0.08207613974809647
ACH-000002,53340664,0,0.29338619112968445
ACH-000002,53340666,1,0.5255450010299683
ACH-000002,5351307,1,0.6122807860374451
ACH-000002,5360373,1,0.4015681743621826
ACH-000002,5394,0,0.07676113396883011
ACH-000002,5460033,1,0.5801399350166321
ACH-000002,54676905,0,0.0668225958943367
ACH-000002,54685215,0,0.05925906449556351
ACH-000002,5494449,0,0.34112119674682617
ACH-000002,560326,1,0.8162134885787964
ACH-000002,56599306,1,0.31895962357521057
ACH-000002,56962337,0,0.1399267315864563
ACH-000002,56965967,1,0.5920839905738831
ACH-000002,5717801,0,0.24669648706912994
ACH-000002,57339144,0,0.0747806653380394
ACH-000002,5746,1,0.761019766330719
ACH-000002,57519544,0,0.2441352754831314
ACH-000002,58423153,0,0.17396250367164612
ACH-000002,60750,1,0.7126511931419373
ACH-000002,6253,1,0.5695446729660034
ACH-000002,637858,1,0.6397501826286316
ACH-000002,644215,1,0.5067722201347351
ACH-000002,644241,0,0.13873586058616638
ACH-000002,644243,0,0.08398120105266571
ACH-000002,6445533,1,0.522966206073761
ACH-000002,6445562,1,0.23171265423297882
ACH-000002,6450551,0,0.208250492811203
ACH-000002,6450816,1,0.36487239599227905
ACH-000002,6473881,0,0.21219241619110107
ACH-000002,6505803,1,0.4038666784763336
ACH-000002,65110,1,0.40815502405166626
ACH-000002,66577038,0,0.10675732791423798
ACH-000002,68234129,1,0.39352402091026306
ACH-000002,68289010,0,0.09638321399688721
ACH-000002,6852167,1,0.48720934987068176
ACH-000002,6914657,1,0.34878474473953247
ACH-000002,6918289,1,0.3385760188102722
ACH-000002,6918454,1,0.35929903388023376
ACH-000002,6918638,1,0.5174025893211365
ACH-000002,6918837,1,0.5589795112609863
ACH-000002,6918848,1,0.6734517812728882
ACH-000002,69923936,1,0.41763052344322205
ACH-000002,704473,0,0.15482132136821747
ACH-000002,71271629,1,0.3939943313598633
ACH-000002,71299339,0,0.10568900406360626
ACH-000002,71729975,0,0.5363969206809998
ACH-000002,73265211,0,0.07898542284965515
ACH-000002,73265214,0,0.17674919962882996
ACH-000002,73707530,1,0.6582157015800476
ACH-000002,73755109,0,0.1881798803806305
ACH-000002,76044,1,0.38890835642814636
ACH-000002,76685059,0,0.3370687961578369
ACH-000002,77232197,1,0.595225989818573
ACH-000002,78243717,0,0.08947091549634933
ACH-000002,82146,1,0.5127848386764526
ACH-000002,8249,1,0.6566019058227539
ACH-000002,90488984,0,0.07355360686779022
ACH-000002,92577,0,0.10717326402664185
ACH-000002,9549184,0,0.22775201499462128
ACH-000002,9549289,1,0.46357667446136475
ACH-000002,9549297,0,0.13823270797729492
ACH-000002,97489,0,0.11763140559196472
ACH-000002,9826308,1,0.5054414868354797
ACH-000002,9826528,1,0.5470812916755676
ACH-000002,9829523,0,0.37941089272499084
ACH-000002,984170,0,0.15329499542713165
ACH-000002,9858940,0,0.46810200810432434
ACH-000002,9863776,1,0.7036029696464539
ACH-000002,9868037,0,0.29703569412231445
ACH-000002,9874913,0,0.19691815972328186
ACH-000002,9884685,1,0.2119329571723938
ACH-000002,9903786,1,0.49412769079208374
ACH-000002,9907093,0,0.20744049549102783
ACH-000002,9908783,0,0.08940008282661438
ACH-000002,9910224,0,0.07571221143007278
ACH-000002,9911830,0,0.076372429728508
ACH-000002,9914412,1,0.39699894189834595
ACH-000002,9926054,1,0.3474937677383423
ACH-000002,9931954,0,0.12816321849822998
ACH-000002,9938202,0,0.16194771230220795
ACH-000002,9952773,0,0.26097166538238525
ACH-000002,9956119,0,0.1102222353219986
ACH-000002,9956222,0,0.21772176027297974
ACH-000008,10027278,1,0.4045904278755188
ACH-000008,10074640,0,0.24060867726802826
ACH-000008,10077147,1,0.3888099789619446
ACH-000008,10109823,1,0.3348698616027832
ACH-000008,10113978,0,0.2260507047176361
ACH-000008,10127622,1,0.3683631718158722
ACH-000008,10172943,1,0.48030954599380493
ACH-000008,10184653,0,0.16484877467155457
ACH-000008,10302451,0,0.13580602407455444
ACH-000008,10341154,0,0.08808591961860657
ACH-000008,10368812,1,0.6803656220436096
ACH-000008,10377751,1,0.5825976729393005
ACH-000008,10384072,0,0.1299688220024109
ACH-000008,10459196,0,0.09245521575212479
ACH-000008,10461815,0,0.06980240345001221
ACH-000008,104741,0,0.2887243330478668
ACH-000008,104842,1,0.6366742253303528
ACH-000008,107969,1,0.5832783579826355
ACH-000008,11152667,1,0.5405178666114807
ACH-000008,11175137,0,0.4221193790435791
ACH-000008,11178236,1,0.4553695321083069
ACH-000008,11282283,0,0.2051166445016861
ACH-000008,11327430,1,0.11832638829946518
ACH-000008,11364421,1,0.43449583649635315
ACH-000008,11373846,0,0.1582515388727188
ACH-000008,11455910,1,0.7890143394470215
ACH-000008,11467730,1,0.3459675908088684
ACH-000008,11485656,0,0.16754566133022308
ACH-000008,11493598,0,0.14644089341163635
ACH-000008,11507964,0,0.20078596472740173
ACH-000008,11511120,0,0.49922430515289307
ACH-000008,11609586,0,0.5958410501480103
ACH-000008,11617559,0,0.100652776658535
ACH-000008,11624601,0,0.09290820360183716
ACH-000008,11625818,0,0.1599588543176651
ACH-000008,11626560,0,0.21044869720935822
ACH-000008,11626927,0,0.10463950037956238
ACH-000008,11634725,1,0.2939595878124237
ACH-000008,11640390,0,0.277815580368042
ACH-000008,11647372,1,0.3605482578277588
ACH-000008,11667893,0,0.0977679193019867
ACH-000008,11676786,1,0.18887552618980408
ACH-000008,11707110,1,0.34528785943984985
ACH-000008,11713159,0,0.264274537563324
ACH-000008,11754511,0,0.5486606359481812
ACH-000008,11754711,1,0.5426331758499146
ACH-000008,11784504,1,0.28167372941970825
ACH-000008,117918970,1,0.31391820311546326
ACH-000008,117996541,1,0.727612316608429
ACH-000008,11844351,0,0.22226770222187042
ACH-000008,11960529,0,0.10738229751586914
ACH-000008,11977753,1,0.5160483717918396
ACH-000008,1206243,0,0.3902297019958496
ACH-000008,121596701,1,0.4016490876674652
ACH-000008,123631,0,0.09915513545274734
ACH-000008,126565,1,0.5873662233352661
ACH-000008,126941,0,0.26865440607070923
ACH-000008,13342,1,0.53947514295578
ACH-000008,135398501,0,0.34131452441215515
ACH-000008,135398516,0,0.4762887954711914
ACH-000008,135410875,0,0.22497136890888214
ACH-000008,135418940,0,0.2789776921272278
ACH-000008,135421197,0,0.343360960483551
ACH-000008,135423438,0,0.4473458528518677
ACH-000008,135440466,1,0.2414495348930359
ACH-000008,135499520,0,0.18222084641456604
ACH-000008,135539077,1,0.45351529121398926
ACH-000008,135564599,1,0.09513119608163834
ACH-000008,135565082,1,0.4552241861820221
ACH-000008,135659062,0,0.28358784317970276
ACH-000008,135691163,0,0.5244547128677368
ACH-000008,136240579,0,0.1203804537653923
ACH-000008,1401,0,0.19488459825515747
ACH-000008,148124,1,0.6464462876319885
ACH-000008,156414,1,0.39169514179229736
ACH-000008,156422,0,0.13186150789260864
ACH-000008,159324,1,0.8038288950920105
ACH-000008,15953870,0,0.16813594102859497
ACH-000008,160355,0,0.25299638509750366
ACH-000008,16038120,1,0.27255430817604065
ACH-000008,16095342,1,0.23067882657051086
ACH-000008,16123056,0,0.1516273319721222
ACH-000008,16218924,0,0.18756291270256042
ACH-000008,16659841,0,0.1875700205564499
ACH-000008,16663089,1,0.25119543075561523
ACH-000008,16681698,1,0.5337927341461182
ACH-000008,16722836,0,0.5723877549171448
ACH-000008,16725726,0,0.24555963277816772
ACH-000008,16732433,0,0.13054709136486053
ACH-000008,16747388,1,0.36071711778640747
ACH-000008,176158,0,0.10008203238248825
ACH-000008,176167,1,0.3839047849178314
ACH-000008,176870,0,0.1539980173110962
ACH-000008,17755052,1,0.5418237447738647
ACH-000008,208908,0,0.12009575963020325
ACH-000008,216239,0,0.27840757369995117
ACH-000008,216326,0,0.05971447378396988
ACH-000008,2314623,0,0.08256539702415466
ACH-000008,23582824,1,0.7391863465309143
ACH-000008,23725625,0,0.11001365631818771
ACH-000008,2375,0,0.1100003719329834
ACH-000008,24180719,1,0.17936676740646362
ACH-000008,24737642,1,0.341195672750473
ACH-000008,24739943,1,0.6339384913444519
ACH-000008,24756910,1,0.41266998648643494
ACH-000008,24770514,1,0.41098177433013916
ACH-000008,24771867,0,0.2627374529838562
ACH-000008,24772043,1,0.5373847484588623
ACH-000008,24772860,0,0.5959763526916504
ACH-000008,24776445,0,0.10725219547748566
ACH-000008,24785538,1,0.41568827629089355
ACH-000008,24826799,0,0.22883391380310059
ACH-000008,24889392,0,0.08668244630098343
ACH-000008,24894414,0,0.14794325828552246
ACH-000008,24951314,1,0.7032241821289062
ACH-000008,24964624,0,0.3123987019062042
ACH-000008,24978538,0,0.3963952362537384
ACH-000008,25022668,1,0.4882139265537262
ACH-000008,25102847,0,0.2632177770137787
ACH-000008,25124816,0,0.114008329808712
ACH-000008,25126798,0,0.10773231089115143
ACH-000008,25167777,0,0.5113468170166016
ACH-000008,25195294,1,0.7418922185897827
ACH-000008,25226117,0,0.1823020577430725
ACH-000008,25226483,1,0.7487776279449463
ACH-000008,25227436,1,0.5058491826057434
ACH-000008,25254071,1,0.5324427485466003
ACH-000008,25257557,0,0.28243622183799744
ACH-000008,25260757,1,0.410174697637558
ACH-000008,25262792,1,0.44196486473083496
ACH-000008,25262965,1,0.43199941515922546
ACH-000008,2733526,0,0.1426166146993637
ACH-000008,300471,1,0.7926863431930542
ACH-000008,3005532,0,0.11215963214635849
ACH-000008,3062316,1,0.2635984420776367
ACH-000008,3101542,0,0.11588890105485916
ACH-000008,31703,1,0.7139573097229004
ACH-000008,3218,1,0.5972373485565186
ACH-000008,3372016,0,0.1509314924478531
ACH-000008,3385,0,0.7372934818267822
ACH-000008,3463933,1,0.668329119682312
ACH-000008,36314,1,0.6424448490142822
ACH-000008,36462,1,0.8036414384841919
ACH-000008,3796,0,0.14630529284477234
ACH-000008,3827738,0,0.15096700191497803
ACH-000008,387447,1,0.7081349492073059
ACH-000008,4248455,0,0.3289925754070282
ACH-000008,4261,1,0.7482714653015137
ACH-000008,42623900,1,0.30407294631004333
ACH-000008,42628507,0,0.5640097856521606
ACH-000008,42628535,0,0.3349691331386566
ACH-000008,42640,0,0.45153099298477173
ACH-000008,42642645,1,0.4724338948726654
ACH-000008,44137675,1,0.3312099874019623
ACH-000008,44143370,0,0.28425294160842896
ACH-000008,44182295,1,0.4433419704437256
ACH-000008,44224257,1,0.43205758929252625
ACH-000008,442972,0,0.2636338770389557
ACH-000008,44462760,1,0.2788079082965851
ACH-000008,444732,1,0.5077552199363708
ACH-000008,444795,0,0.24769575893878937
ACH-000008,44551660,1,0.6172443628311157
ACH-000008,446378,1,0.6784572601318359
ACH-000008,447912,0,0.3157609701156616
ACH-000008,448013,1,0.7120065093040466
ACH-000008,45258277,1,0.3216187059879303
ACH-000008,46006640,0,0.17551961541175842
ACH-000008,46191454,0,0.622996985912323
ACH-000008,46192505,0,0.181697815656662
ACH-000008,46224516,1,0.6125035285949707
ACH-000008,462382,1,0.6037478446960449
ACH-000008,46244454,1,0.648646891117096
ACH-000008,46843648,0,0.4789123237133026
ACH-000008,46843772,1,0.2792167365550995
ACH-000008,46844147,1,0.25442689657211304
ACH-000008,46883536,0,0.0860551968216896
ACH-000008,46885626,1,0.438091516494751
ACH-000008,46893585,0,0.2358693927526474
ACH-000008,46907787,1,0.3562568724155426
ACH-000008,46926973,0,0.18499040603637695
ACH-000008,46937430,0,0.10449610650539398
ACH-000008,46943432,0,0.2650657296180725
ACH-000008,479503,1,0.6639550924301147
ACH-000008,49806720,0,0.10657387971878052
ACH-000008,49831044,0,0.6792934536933899
ACH-000008,49847690,1,0.38288256525993347
ACH-000008,49850262,0,0.12355567514896393
ACH-000008,4993,0,0.5647608637809753
ACH-000008,5081913,1,0.5292099714279175
ACH-000008,51039095,0,0.28845468163490295
ACH-000008,5113032,0,0.08459140360355377
ACH-000008,51358113,1,0.604015052318573
ACH-000008,51371303,0,0.20477308332920074
ACH-000008,521106,0,0.42372938990592957
ACH-000008,5278396,0,0.10936787724494934
ACH-000008,5280757,0,0.14638249576091766
ACH-000008,5284616,1,0.2797468304634094
ACH-000008,5287969,1,0.45848512649536133
ACH-000008,5291,0,0.10429412126541138
ACH-000008,52912189,1,0.45671266317367554
ACH-000008,52913813,0,0.20311225950717926
ACH-000008,5311,1,0.5916458368301392
ACH-000008,5311497,1,0.45195892453193665
ACH-000008,5311510,0,0.29035595059394836
ACH-000008,5328940,0,0.16062895953655243
ACH-000008,5329102,1,0.2798776924610138
ACH-000008,53302361,1,0.3415805995464325
ACH-000008,5330286,1,0.4273941218852997
ACH-000008,53315878,0,0.10589867830276489
ACH-000008,53340664,0,0.31365901231765747
ACH-000008,53340666,1,0.5782692432403564
ACH-000008,5351307,1,0.6420223116874695
ACH-000008,5360373,1,0.43937182426452637
ACH-000008,5394,0,0.0919690653681755
ACH-000008,5460033,1,0.6423231363296509
ACH-000008,54676905,0,0.07170658558607101
ACH-000008,54685215,0,0.06489048898220062
ACH-000008,5494449,1,0.2962189316749573
ACH-000008,560326,1,0.8306013941764832
ACH-000008,56599306,1,0.30426692962646484
ACH-000008,56962337,0,0.16257499158382416
ACH-000008,56965967,1,0.6103419661521912
ACH-000008,5717801,1,0.2461431920528412
ACH-000008,57339144,0,0.07735404372215271
ACH-000008,57340680,1,0.34195223450660706
ACH-000008,5746,1,0.7802165150642395
ACH-000008,57519544,0,0.22345581650733948
ACH-000008,58423153,0,0.1567085087299347
ACH-000008,60750,1,0.7927919030189514
ACH-000008,6253,1,0.6347770690917969
ACH-000008,637858,1,0.6155038475990295
ACH-000008,644215,1,0.5361710786819458
ACH-000008,644241,0,0.14067904651165009
ACH-000008,644243,0,0.08769145607948303
ACH-000008,6445533,1,0.5667449235916138
ACH-000008,6445562,0,0.25127336382865906
ACH-000008,6450551,0,0.2042550891637802
ACH-000008,6450816,1,0.4184173345565796
ACH-000008,6473881,0,0.2336719036102295
ACH-000008,6505803,1,0.40501949191093445
ACH-000008,65110,1,0.4730422794818878
ACH-000008,66577038,0,0.11583641171455383
ACH-000008,68234129,0,0.33784380555152893
ACH-000008,68289010,0,0.11207465827465057
ACH-000008,6852167,1,0.4988495409488678
ACH-000008,6914657,1,0.3904992938041687
ACH-000008,6918289,1,0.37114188075065613
ACH-000008,6918454,1,0.35816413164138794
ACH-000008,6918638,1,0.4901730716228485
ACH-000008,6918837,1,0.5949767231941223
ACH-000008,6918848,1,0.717419445514679
ACH-000008,69923936,0,0.43116331100463867
ACH-000008,704473,0,0.16319188475608826
ACH-000008,71271629,1,0.36652711033821106
ACH-000008,71299339,0,0.11792013049125671
ACH-000008,71729975,1,0.5282648205757141
ACH-000008,73265211,0,0.07360460609197617
ACH-000008,73265214,0,0.1906604766845703
ACH-000008,73707530,0,0.7039695978164673
ACH-000008,73755109,0,0.19189098477363586
ACH-000008,76044,1,0.3799462914466858
ACH-000008,76685059,1,0.4296160936355591
ACH-000008,77232197,1,0.6144167184829712
ACH-000008,78243717,0,0.08046451956033707
ACH-000008,82146,0,0.5713385939598083
ACH-000008,8249,1,0.6600666046142578
ACH-000008,90488984,0,0.0685047134757042
ACH-000008,92577,0,0.12314286082983017
ACH-000008,9549184,1,0.22770839929580688
ACH-000008,9549289,1,0.4969009459018707
ACH-000008,9549297,0,0.12001443654298782
ACH-000008,97489,0,0.13152307271957397
ACH-000008,9826308,1,0.5154533386230469
ACH-000008,9826528,1,0.5834166407585144
ACH-000008,9829523,0,0.4197123348712921
ACH-000008,984170,0,0.16342207789421082
ACH-000008,9858940,0,0.5538985133171082
ACH-000008,9863776,1,0.6925727128982544
ACH-000008,9868037,0,0.317179799079895
ACH-000008,9874913,0,0.20011015236377716
ACH-000008,9884685,0,0.21808789670467377
ACH-000008,9903786,0,0.47573497891426086
ACH-000008,9908783,0,0.10972951352596283
ACH-000008,9910224,0,0.08431887626647949
ACH-000008,9911830,0,0.08134827762842178
ACH-000008,9914412,0,0.4253491759300232
ACH-000008,9926054,0,0.3769252300262451
ACH-000008,9931954,0,0.1176832914352417
ACH-000008,9938202,0,0.20335166156291962
ACH-000008,9952773,0,0.2991011142730713
ACH-000008,9956119,1,0.13473883271217346
ACH-000008,9956222,0,0.22800305485725403
ACH-000038,10027278,1,0.42105981707572937
ACH-000038,10077147,0,0.4386500120162964
ACH-000038,10109823,0,0.32051756978034973
ACH-000038,10113978,0,0.18914149701595306
ACH-000038,10127622,0,0.3701220452785492
ACH-000038,10172943,1,0.5103970766067505
ACH-000038,10184653,0,0.1655864268541336
ACH-000038,10302451,0,0.13799962401390076
ACH-000038,10341154,0,0.08546529710292816
ACH-000038,10368812,0,0.6507634520530701
ACH-000038,10384072,0,0.10120794922113419
ACH-000038,10459196,0,0.07641594111919403
ACH-000038,10461815,0,0.07004851847887039
ACH-000038,104741,0,0.24726393818855286
ACH-000038,104842,1,0.6111612319946289
ACH-000038,107969,0,0.5703991651535034
ACH-000038,11152667,1,0.52906334400177
ACH-000038,11175137,0,0.4108737111091614
ACH-000038,11327430,0,0.12491555511951447
ACH-000038,11364421,0,0.4677203297615051
ACH-000038,11455910,1,0.7415868639945984
ACH-000038,11467730,0,0.329228937625885
ACH-000038,11488320,0,0.39431583881378174
ACH-000038,11511120,1,0.49622827768325806
ACH-000038,11609586,1,0.6253271698951721
ACH-000038,11624601,0,0.08279315382242203
ACH-000038,11626560,0,0.19206391274929047
ACH-000038,11640390,0,0.22531265020370483
ACH-000038,11667893,0,0.10066879540681839
ACH-000038,11676786,1,0.15992294251918793
ACH-000038,11707110,0,0.32500389218330383
ACH-000038,11713159,0,0.268059641122818
ACH-000038,11754711,1,0.5084723234176636
ACH-000038,11784504,1,0.29223141074180603
ACH-000038,117918970,0,0.3211343288421631
ACH-000038,117996541,0,0.7161104679107666
ACH-000038,11844351,1,0.25186505913734436
ACH-000038,11960529,0,0.10485562682151794
ACH-000038,11977753,1,0.4500943720340729
ACH-000038,1206243,0,0.3988204002380371
ACH-000038,121596701,1,0.3513231873512268
ACH-000038,123631,0,0.10506024956703186
ACH-000038,126565,1,0.5255693197250366
ACH-000038,126941,0,0.264415979385376
ACH-000038,13342,1,0.5045465230941772
ACH-000038,135398501,0,0.3125731348991394
ACH-000038,135410875,0,0.20065613090991974
ACH-000038,135418940,0,0.2628667950630188
ACH-000038,135421197,1,0.31369394063949585
ACH-000038,135423438,0,0.46720531582832336
ACH-000038,135440466,0,0.2453339397907257
ACH-000038,135499520,0,0.15320003032684326
ACH-000038,135539077,1,0.41897422075271606
ACH-000038,135564599,0,0.09162408113479614
ACH-000038,135565082,0,0.4407009184360504
ACH-000038,135691163,0,0.5346351265907288
ACH-000038,136240579,0,0.12877684831619263
ACH-000038,1401,0,0.1786421537399292
ACH-000038,148124,0,0.595565140247345
ACH-000038,156414,0,0.36552006006240845
ACH-000038,156422,0,0.12841381132602692
ACH-000038,159324,1,0.7761301398277283
ACH-000038,15953870,0,0.17565104365348816
ACH-000038,160355,0,0.2176751047372818
ACH-000038,16038120,0,0.26086920499801636
ACH-000038,16095342,1,0.21405237913131714
ACH-000038,16123056,0,0.14638729393482208
ACH-000038,16218924,0,0.1532515436410904
ACH-000038,16659841,1,0.1631333976984024
ACH-000038,16663089,0,0.25656694173812866
ACH-000038,16681698,1,0.433369904756546
ACH-000038,16720766,0,0.2788849472999573
ACH-000038,16732433,1,0.1329529583454132
ACH-000038,16747683,1,0.5608447194099426
ACH-000038,176158,0,0.08622848987579346
ACH-000038,176870,0,0.14532436430454254
ACH-000038,17755052,1,0.49622422456741333
ACH-000038,208908,0,0.11964929103851318
ACH-000038,216326,0,0.059601783752441406
ACH-000038,2314623,0,0.09062231332063675
ACH-000038,23582824,1,0.7342394590377808
ACH-000038,23725625,0,0.10414908081293106
ACH-000038,2375,0,0.09650745987892151
ACH-000038,24180719,0,0.18281330168247223
ACH-000038,24737642,0,0.32190513610839844
ACH-000038,24739943,0,0.5747990608215332
ACH-000038,24770514,0,0.3953566551208496
ACH-000038,24771867,0,0.22514395415782928
ACH-000038,24772043,1,0.5513330101966858
ACH-000038,24776445,0,0.0934707522392273
ACH-000038,24785538,0,0.4353025257587433
ACH-000038,24826799,1,0.2522556185722351
ACH-000038,24964624,1,0.2724817395210266
ACH-000038,24978538,1,0.3808967173099518
ACH-000038,25022668,0,0.44614940881729126
ACH-000038,25124816,0,0.105925552546978
ACH-000038,25195294,1,0.7275093197822571
ACH-000038,25227436,1,0.5318333506584167
ACH-000038,25254071,1,0.5099973678588867
ACH-000038,25260757,1,0.3496309220790863
ACH-000038,25262792,1,0.4081140160560608
ACH-000038,25262965,1,0.40932366251945496
ACH-000038,2733526,1,0.13708184659481049
ACH-000038,300471,0,0.801994800567627
ACH-000038,3005532,0,0.12073711305856705
ACH-000038,3062316,1,0.30812034010887146
ACH-000038,3101542,0,0.11177540570497513
ACH-000038,31703,1,0.6609562635421753
ACH-000038,3218,0,0.5773475170135498
ACH-000038,3372016,1,0.14784421026706696
ACH-000038,3463933,1,0.6207680702209473
ACH-000038,36314,0,0.5860080718994141
ACH-000038,36462,1,0.7680010795593262
ACH-000038,3827738,0,0.14431583881378174
ACH-000038,387447,1,0.6417883038520813
ACH-000038,4248455,0,0.286895215511322
ACH-000038,4261,1,0.7695589661598206
ACH-000038,42623900,0,0.26720118522644043
ACH-000038,44137675,1,0.2994384467601776
ACH-000038,44182295,0,0.4264039695262909
ACH-000038,44224257,0,0.43172621726989746
ACH-000038,44462760,1,0.20572450757026672
ACH-000038,444732,1,0.5067269206047058
ACH-000038,444795,1,0.216778963804245
ACH-000038,44632017,0,0.39014872908592224
ACH-000038,446378,1,0.6289195418357849
ACH-000038,448013,1,0.6925455331802368
ACH-000038,45258277,1,0.36707407236099243
ACH-000038,46006640,0,0.16238345205783844
ACH-000038,46192505,0,0.17524372041225433
ACH-000038,46224516,1,0.5657551884651184
ACH-000038,46244454,1,0.5866381525993347
ACH-000038,46883536,0,0.08244401961565018
ACH-000038,46893585,1,0.23364463448524475
ACH-000038,46907787,1,0.2995182275772095
ACH-000038,46926973,0,0.19189053773880005
ACH-000038,46937430,0,0.10189533233642578
ACH-000038,479503,1,0.648177981376648
ACH-000038,49831044,0,0.5938524603843689
ACH-000038,49847690,1,0.3454006612300873
ACH-000038,5081913,1,0.5128571391105652
ACH-000038,51039095,0,0.3156495988368988
ACH-000038,51358113,1,0.5868582129478455
ACH-000038,51371303,0,0.19862879812717438
ACH-000038,521106,1,0.43327271938323975
ACH-000038,5278396,0,0.11769245564937592
ACH-000038,5280757,0,0.12372782826423645
ACH-000038,5284616,1,0.2446587085723877
ACH-000038,5287969,1,0.4538416862487793
ACH-000038,5291,0,0.1289762407541275
ACH-000038,52912189,0,0.40713247656822205
ACH-000038,52913813,1,0.20012234151363373
ACH-000038,5311,1,0.586999773979187
ACH-000038,5311497,0,0.411899596452713
ACH-000038,5311510,0,0.289815753698349
ACH-000038,5328940,0,0.13785088062286377
ACH-000038,5329102,0,0.31866270303726196
ACH-000038,53302361,1,0.38091474771499634
ACH-000038,5330286,0,0.4357852339744568
ACH-000038,53315878,0,0.08897415548563004
ACH-000038,53340666,1,0.5694230794906616
ACH-000038,5351307,1,0.650295615196228
ACH-000038,5360373,1,0.4064350426197052
ACH-000038,5394,0,0.08615483343601227
ACH-000038,5460033,0,0.5987209677696228
ACH-000038,54676905,0,0.05848555266857147
ACH-000038,54685215,0,0.06195259839296341
ACH-000038,5494449,0,0.3278231918811798
ACH-000038,560326,1,0.7973057627677917
ACH-000038,56599306,0,0.2824661433696747
ACH-000038,56962337,0,0.1335512399673462
ACH-000038,57339144,0,0.0772680714726448
ACH-000038,5746,1,0.7493448257446289
ACH-000038,57519544,0,0.2456345409154892
ACH-000038,58423153,0,0.15685346722602844
ACH-000038,60750,1,0.7628486752510071
ACH-000038,6253,0,0.5949933528900146
ACH-000038,637858,1,0.6256425380706787
ACH-000038,644215,1,0.5411347150802612
ACH-000038,644241,0,0.1497696191072464
ACH-000038,6445533,1,0.5339824557304382
ACH-000038,6450551,0,0.19594644010066986
ACH-000038,6505803,0,0.3459370732307434
ACH-000038,65110,1,0.3868465721607208
ACH-000038,66577038,0,0.10933305323123932
ACH-000038,68289010,0,0.10978108644485474
ACH-000038,6914657,1,0.3872975707054138
ACH-000038,6918289,1,0.3380218744277954
ACH-000038,6918454,0,0.3689916133880615
ACH-000038,6918837,1,0.5651485919952393
ACH-000038,71271629,0,0.3647578954696655
ACH-000038,71299339,0,0.11959552019834518
ACH-000038,71729975,0,0.5335384011268616
ACH-000038,73755109,0,0.19732533395290375
ACH-000038,76044,0,0.37900030612945557
ACH-000038,76685059,0,0.3749074637889862
ACH-000038,77232197,1,0.6229041218757629
ACH-000038,78243717,0,0.092668317258358
ACH-000038,82146,0,0.5102224946022034
ACH-000038,90488984,0,0.07163754105567932
ACH-000038,92577,0,0.10440704971551895
ACH-000038,9549184,1,0.2270302027463913
ACH-000038,9549289,0,0.47222262620925903
ACH-000038,9549297,0,0.12327757477760315
ACH-000038,9826308,0,0.5089757442474365
ACH-000038,9826528,1,0.5778442025184631
ACH-000038,9829523,0,0.34114938974380493
ACH-000038,984170,0,0.1521458476781845
ACH-000038,9858940,0,0.47010356187820435
ACH-000038,9863776,1,0.6943318843841553
ACH-000038,9908783,0,0.09690581262111664
ACH-000038,9914412,0,0.42200738191604614
ACH-000038,9931954,0,0.1135069951415062
ACH-000038,9938202,0,0.1892382651567459
ACH-000038,9956119,0,0.12090029567480087
ACH-000047,10027278,1,0.3759111166000366
ACH-000047,10074640,0,0.27209070324897766
ACH-000047,10077147,0,0.4415452778339386
ACH-000047,10109823,1,0.3147931694984436
ACH-000047,10113978,0,0.20256081223487854
ACH-000047,10127622,1,0.34963056445121765
ACH-000047,10172943,1,0.4790792167186737
ACH-000047,10184653,1,0.16646912693977356
ACH-000047,10302451,0,0.13085001707077026
ACH-000047,10341154,0,0.09071066230535507
ACH-000047,10377751,1,0.6201238632202148
ACH-000047,10384072,0,0.1177782267332077
ACH-000047,10459196,0,0.08491230010986328
ACH-000047,10461815,0,0.07254120707511902
ACH-000047,104842,1,0.599390983581543
ACH-000047,107969,1,0.562410831451416
ACH-000047,11152667,1,0.5291439890861511
ACH-000047,11175137,0,0.4123530089855194
ACH-000047,11178236,1,0.42071637511253357
ACH-000047,11282283,1,0.2065175622701645
ACH-000047,11327430,0,0.1296236217021942
ACH-000047,11338033,0,0.49153077602386475
ACH-000047,11364421,0,0.4462822675704956
ACH-000047,11373846,0,0.1703091263771057
ACH-000047,11455910,1,0.7406215071678162
ACH-000047,11467730,0,0.31516510248184204
ACH-000047,11485656,0,0.16616933047771454
ACH-000047,11493598,0,0.14008481800556183
ACH-000047,11507964,0,0.21580331027507782
ACH-000047,11511120,1,0.49435657262802124
ACH-000047,11609586,0,0.6484550833702087
ACH-000047,11617559,0,0.10756438225507736
ACH-000047,11624601,0,0.08788084983825684
ACH-000047,11625818,0,0.1530962586402893
ACH-000047,11626560,0,0.20001044869422913
ACH-000047,11626927,0,0.09199047833681107
ACH-000047,11634725,0,0.2817704677581787
ACH-000047,11640390,0,0.23575209081172943
ACH-000047,11647372,0,0.3340592384338379
ACH-000047,11667893,0,0.11150148510932922
ACH-000047,11676786,0,0.1710842251777649
ACH-000047,11713159,1,0.25333255529403687
ACH-000047,11754511,0,0.5807355046272278
ACH-000047,11754711,1,0.5425440073013306
ACH-000047,11784504,0,0.2843078076839447
ACH-000047,117918970,1,0.3487209975719452
ACH-000047,117996541,1,0.7278716564178467
ACH-000047,11844351,1,0.23729564249515533
ACH-000047,11960529,0,0.1109619289636612
ACH-000047,11977753,1,0.4573724567890167
ACH-000047,123631,0,0.1071956679224968
ACH-000047,126565,0,0.5133007764816284
ACH-000047,126941,0,0.2997494339942932
ACH-000047,13342,1,0.4970804750919342
ACH-000047,135398501,0,0.3102506697177887
ACH-000047,135398516,1,0.4370266795158386
ACH-000047,135410875,0,0.2325097620487213
ACH-000047,135421197,0,0.3173176348209381
ACH-000047,135423438,1,0.42768341302871704
ACH-000047,135440466,1,0.23788902163505554
ACH-000047,135499520,0,0.15796925127506256
ACH-000047,135539077,1,0.3990306854248047
ACH-000047,135564599,0,0.08991110324859619
ACH-000047,135659062,0,0.24825799465179443
ACH-000047,135691163,0,0.525484025478363
ACH-000047,136240579,0,0.13841760158538818
ACH-000047,1401,0,0.17764587700366974
ACH-000047,148124,0,0.5992937088012695
ACH-000047,156414,1,0.3451996445655823
ACH-000047,156422,0,0.1316635012626648
ACH-000047,159324,1,0.7761345505714417
ACH-000047,15953870,0,0.17109471559524536
ACH-000047,160355,1,0.2173958569765091
ACH-000047,16038120,1,0.2532796561717987
ACH-000047,16095342,0,0.21023356914520264
ACH-000047,16123056,1,0.14901821315288544
ACH-000047,16218924,0,0.16655099391937256
ACH-000047,16663089,1,0.24641640484333038
ACH-000047,16681698,1,0.44768017530441284
ACH-000047,16722836,1,0.5487143397331238
ACH-000047,16725726,0,0.19305525720119476
ACH-000047,16732433,0,0.13907556235790253
ACH-000047,16747388,0,0.35530057549476624
ACH-000047,176158,0,0.10049842298030853
ACH-000047,176167,0,0.37633365392684937
ACH-000047,176870,1,0.15521471202373505
ACH-000047,17755052,1,0.4973736107349396
ACH-000047,208908,0,0.1274448186159134
ACH-000047,216239,0,0.26059064269065857
ACH-000047,216326,0,0.06315907090902328
ACH-000047,2314623,0,0.0953589603304863
ACH-000047,23582824,1,0.728344202041626
ACH-000047,23725625,0,0.11665865033864975
ACH-000047,2375,0,0.10106907784938812
ACH-000047,24180719,0,0.1814504712820053
ACH-000047,24737642,1,0.32724326848983765
ACH-000047,24739943,1,0.5813307762145996
ACH-000047,24756910,1,0.40774786472320557
ACH-000047,24770514,1,0.40202027559280396
ACH-000047,24771867,0,0.24244719743728638
ACH-000047,24772043,0,0.5369598865509033
ACH-000047,24772860,0,0.5349062085151672
ACH-000047,24776445,0,0.10400744527578354
ACH-000047,24785538,1,0.3951888382434845
ACH-000047,24826799,0,0.23115858435630798
ACH-000047,24889392,0,0.08789733052253723
ACH-000047,24894414,0,0.16089557111263275
ACH-000047,24951314,1,0.682158350944519
ACH-000047,24964624,0,0.26577645540237427
ACH-000047,24978538,0,0.36447784304618835
ACH-000047,25022668,0,0.47559523582458496
ACH-000047,25102847,0,0.30722758173942566
ACH-000047,25124816,0,0.11387161165475845
ACH-000047,25126798,0,0.09628012031316757
ACH-000047,25167777,1,0.49368053674697876
ACH-000047,25195294,1,0.7170097827911377
ACH-000047,25227436,0,0.48418793082237244
ACH-000047,25254071,1,0.4830114245414734
ACH-000047,25257557,0,0.27351751923561096
ACH-000047,25262965,1,0.37998878955841064
ACH-000047,300471,0,0.8050430417060852
ACH-000047,3005532,0,0.11861241608858109
ACH-000047,3062316,1,0.2785339653491974
ACH-000047,3101542,0,0.11722119152545929
ACH-000047,31703,1,0.6427348852157593
ACH-000047,3218,1,0.5676433444023132
ACH-000047,3385,0,0.7061218023300171
ACH-000047,3463933,1,0.6344447135925293
ACH-000047,36314,0,0.5901345014572144
ACH-000047,36462,1,0.7626795172691345
ACH-000047,3796,0,0.148927703499794
ACH-000047,3827738,0,0.14566904306411743
ACH-000047,387447,1,0.6281311511993408
ACH-000047,4248455,0,0.3088018298149109
ACH-000047,4261,1,0.7951235175132751
ACH-000047,42623900,0,0.2695217430591583
ACH-000047,42628507,0,0.49038165807724
ACH-000047,42640,1,0.4139311909675598
ACH-000047,42642645,1,0.4740779399871826
ACH-000047,44137675,1,0.31151536107063293
ACH-000047,44143370,0,0.25462669134140015
ACH-000047,44182295,1,0.40529319643974304
ACH-000047,44224257,1,0.40132132172584534
ACH-000047,442972,0,0.23687222599983215
ACH-000047,444732,1,0.51921147108078
ACH-000047,444795,0,0.2506132423877716
ACH-000047,44551660,1,0.6179304718971252
ACH-000047,446378,1,0.6442421078681946
ACH-000047,447912,0,0.28154775500297546
ACH-000047,448013,1,0.6910823583602905
ACH-000047,45258277,0,0.35622692108154297
ACH-000047,46006640,0,0.16880343854427338
ACH-000047,46191454,0,0.5660422444343567
ACH-000047,46192505,0,0.18027864396572113
ACH-000047,46224516,0,0.5571085214614868
ACH-000047,462382,1,0.5721147060394287
ACH-000047,46244454,1,0.5748198628425598
ACH-000047,46843648,0,0.49363023042678833
ACH-000047,46844147,0,0.2672286331653595
ACH-000047,46883536,0,0.08412083238363266
ACH-000047,46885626,0,0.41428712010383606
ACH-000047,46907787,1,0.3031298518180847
ACH-000047,46926973,0,0.20773214101791382
ACH-000047,46937430,0,0.10383032262325287
ACH-000047,46943432,0,0.2659502625465393
ACH-000047,479503,1,0.6380508542060852
ACH-000047,49806720,0,0.09518478065729141
ACH-000047,49850262,0,0.13748538494110107
ACH-000047,4993,1,0.566774308681488
ACH-000047,5081913,1,0.47262856364250183
ACH-000047,51039095,0,0.29642224311828613
ACH-000047,5113032,0,0.09449024498462677
ACH-000047,51358113,1,0.5488950610160828
ACH-000047,51371303,0,0.19078686833381653
ACH-000047,521106,0,0.41642311215400696
ACH-000047,5278396,0,0.11825402081012726
ACH-000047,5280757,0,0.13321059942245483
ACH-000047,5284616,1,0.255816251039505
ACH-000047,5287969,1,0.42366883158683777
ACH-000047,5291,0,0.12576013803482056
ACH-000047,5311,1,0.587413489818573
ACH-000047,5311497,1,0.4233648180961609
ACH-000047,5311510,0,0.27685070037841797
ACH-000047,5328940,0,0.14031973481178284
ACH-000047,5329102,0,0.30927714705467224
ACH-000047,53302361,1,0.3468365967273712
ACH-000047,5330286,0,0.42281007766723633
ACH-000047,53340664,0,0.30009448528289795
ACH-000047,53340666,1,0.5721371173858643
ACH-000047,5360373,1,0.4090162217617035
ACH-000047,5460033,0,0.5736415982246399
ACH-000047,54676905,0,0.06520415097475052
ACH-000047,5494449,0,0.3189617693424225
ACH-000047,560326,1,0.8069612383842468
ACH-000047,56599306,1,0.2759568691253662
ACH-000047,56965967,0,0.5763369202613831
ACH-000047,5717801,0,0.24156585335731506
ACH-000047,5746,1,0.7414968013763428
ACH-000047,57519544,0,0.2635972201824188
ACH-000047,60750,1,0.7334190607070923
ACH-000047,6253,0,0.5850906372070312
ACH-000047,644215,1,0.5198420882225037
ACH-000047,644241,0,0.14183074235916138
ACH-000047,644243,0,0.0902518630027771
ACH-000047,6445533,1,0.5308642983436584
ACH-000047,6445562,1,0.22726275026798248
ACH-000047,6450551,0,0.21667218208312988
ACH-000047,6450816,0,0.34760531783103943
ACH-000047,6473881,1,0.21301575005054474
ACH-000047,6505803,0,0.3723648190498352
ACH-000047,65110,0,0.38453352451324463
ACH-000047,66577038,0,0.11641088873147964
ACH-000047,68234129,0,0.3612225353717804
ACH-000047,6852167,1,0.46009740233421326
ACH-000047,6918289,0,0.33726221323013306
ACH-000047,6918454,1,0.3645349442958832
ACH-000047,6918638,1,0.5007309317588806
ACH-000047,6918837,1,0.575180172920227
ACH-000047,6918848,1,0.6542145609855652
ACH-000047,69923936,1,0.39789414405822754
ACH-000047,704473,0,0.17100177705287933
ACH-000047,71299339,0,0.1254219114780426
ACH-000047,73265211,0,0.075348861515522
ACH-000047,73265214,1,0.1820903718471527
ACH-000047,73707530,1,0.6477141380310059
ACH-000047,73755109,0,0.2031346559524536
ACH-000047,76044,1,0.35688915848731995
ACH-000047,77232197,1,0.5988590717315674
ACH-000047,82146,0,0.5668768882751465
ACH-000047,8249,1,0.6550891995429993
ACH-000047,92577,0,0.11255358904600143
ACH-000047,9549184,1,0.22211378812789917
ACH-000047,9549289,1,0.47984686493873596
ACH-000047,9549297,0,0.1335168182849884
ACH-000047,97489,0,0.12688463926315308
ACH-000047,9826308,1,0.4887009859085083
ACH-000047,9826528,1,0.5461472868919373
ACH-000047,9829523,1,0.33631813526153564
ACH-000047,984170,0,0.15917034447193146
ACH-000047,9858940,1,0.47755321860313416
ACH-000047,9868037,0,0.3005874752998352
ACH-000047,9874913,0,0.19868209958076477
ACH-000047,9884685,1,0.2113122195005417
ACH-000047,9903786,0,0.5058784484863281
ACH-000047,9907093,0,0.22695329785346985
ACH-000047,9908783,0,0.10506264120340347
ACH-000047,9910224,0,0.08813432604074478
ACH-000047,9911830,0,0.08756275475025177
ACH-000047,9914412,0,0.41370636224746704
ACH-000047,9926054,0,0.3610168993473053
ACH-000047,9931954,0,0.11649847775697708
ACH-000047,9938202,0,0.1880541443824768
ACH-000047,9952773,0,0.27823546528816223
ACH-000047,9956119,0,0.12838473916053772
ACH-000047,9956222,0,0.22626328468322754
ACH-000054,10027278,1,0.35424572229385376
ACH-000054,10074640,0,0.23595866560935974
ACH-000054,10077147,1,0.38658028841018677
ACH-000054,10109823,1,0.3193998336791992
ACH-000054,10113978,0,0.18217609822750092
ACH-000054,10127622,1,0.3264751732349396
ACH-000054,10184653,0,0.17583875358104706
ACH-000054,10341154,0,0.08469205349683762
ACH-000054,10368812,1,0.5738310813903809
ACH-000054,10377751,0,0.606468677520752
ACH-000054,10384072,1,0.12771883606910706
ACH-000054,10459196,0,0.08854217082262039
ACH-000054,104741,0,0.23876377940177917
ACH-000054,104842,1,0.5538796186447144
ACH-000054,107969,1,0.5150408148765564
ACH-000054,11152667,1,0.4383609890937805
ACH-000054,11175137,1,0.35636335611343384
ACH-000054,11178236,1,0.38826462626457214
ACH-000054,11282283,0,0.19180184602737427
ACH-000054,11327430,0,0.1311963051557541
ACH-000054,11338033,1,0.4653012752532959
ACH-000054,11373846,0,0.16293959319591522
ACH-000054,11455910,1,0.7171690464019775
ACH-000054,11485656,0,0.16714763641357422
ACH-000054,11488320,1,0.3435790240764618
ACH-000054,11493598,0,0.13524538278579712
ACH-000054,11507964,0,0.19887100160121918
ACH-000054,11511120,1,0.39907538890838623
ACH-000054,11609586,1,0.652617871761322
ACH-000054,11617559,0,0.10595732182264328
ACH-000054,11624601,0,0.09337286651134491
ACH-000054,11625818,0,0.1625399887561798
ACH-000054,11634725,0,0.30266088247299194
ACH-000054,11640390,0,0.2487201988697052
ACH-000054,11647372,1,0.3129684627056122
ACH-000054,11667893,0,0.11942346394062042
ACH-000054,11707110,1,0.2881805896759033
ACH-000054,11713159,0,0.24394644796848297
ACH-000054,11754511,0,0.5223758816719055
ACH-000054,11784504,1,0.26662781834602356
ACH-000054,117918970,1,0.3535844683647156
ACH-000054,117996541,1,0.686026930809021
ACH-000054,11960529,0,0.11476729810237885
ACH-000054,11977753,1,0.4224008023738861
ACH-000054,1206243,1,0.40653786063194275
ACH-000054,121596701,1,0.3058699667453766
ACH-000054,126565,1,0.5067923665046692
ACH-000054,126941,0,0.247222900390625
ACH-000054,13342,1,0.4328369200229645
ACH-000054,135398501,0,0.29201894998550415
ACH-000054,135410875,0,0.20929409563541412
ACH-000054,135418940,0,0.2601897716522217
ACH-000054,135421197,0,0.3263532221317291
ACH-000054,135423438,1,0.400460809469223
ACH-000054,135440466,0,0.2334263175725937
ACH-000054,135499520,0,0.16901761293411255
ACH-000054,135539077,1,0.37108689546585083
ACH-000054,135564599,0,0.0946689322590828
ACH-000054,135565082,1,0.4500744342803955
ACH-000054,135659062,0,0.2606719732284546
ACH-000054,135691163,1,0.4494401812553406
ACH-000054,136240579,0,0.13096310198307037
ACH-000054,1401,0,0.17843478918075562
ACH-000054,148124,1,0.5929784774780273
ACH-000054,156414,1,0.3330332934856415
ACH-000054,156422,0,0.1346983015537262
ACH-000054,159324,1,0.7514147162437439
ACH-000054,15953870,1,0.17382380366325378
ACH-000054,16095342,1,0.19656150043010712
ACH-000054,16123056,0,0.15949121117591858
ACH-000054,16218924,1,0.16900712251663208
ACH-000054,16659841,0,0.19419950246810913
ACH-000054,16681698,1,0.41963979601860046
ACH-000054,16720766,1,0.2584698796272278
ACH-000054,16722836,0,0.4669875204563141
ACH-000054,16725726,0,0.19481904804706573
ACH-000054,16732433,0,0.1437809318304062
ACH-000054,16747388,0,0.342411607503891
ACH-000054,16747683,1,0.4973992109298706
ACH-000054,176158,0,0.10264190286397934
ACH-000054,176167,0,0.3427116572856903
ACH-000054,17755052,1,0.45212531089782715
ACH-000054,216326,0,0.06762716174125671
ACH-000054,2314623,0,0.09770581126213074
ACH-000054,23582824,1,0.6905168294906616
ACH-000054,23725625,1,0.11627380549907684
ACH-000054,2375,0,0.10078062117099762
ACH-000054,24180719,1,0.18124110996723175
ACH-000054,24737642,0,0.28645381331443787
ACH-000054,24739943,1,0.5524135828018188
ACH-000054,24756910,1,0.328283429145813
ACH-000054,24770514,1,0.3324587047100067
ACH-000054,24771867,0,0.2260536402463913
ACH-000054,24772043,1,0.47000575065612793
ACH-000054,24772860,0,0.49749892950057983
ACH-000054,24776445,0,0.10335282236337662
ACH-000054,24785538,1,0.39035314321517944
ACH-000054,24826799,0,0.22012606263160706
ACH-000054,24889392,0,0.09527594596147537
ACH-000054,24894414,0,0.15518687665462494
ACH-000054,24951314,1,0.5991199016571045
ACH-000054,24964624,0,0.2620839774608612
ACH-000054,24978538,0,0.32659149169921875
ACH-000054,25022668,1,0.4121004641056061
ACH-000054,25102847,0,0.2893798053264618
ACH-000054,25124816,0,0.11185868084430695
ACH-000054,25126798,0,0.09930583089590073
ACH-000054,25167777,1,0.417788565158844
ACH-000054,25195294,1,0.6684789657592773
ACH-000054,25227436,1,0.4976467192173004
ACH-000054,25254071,1,0.44431909918785095
ACH-000054,25257557,0,0.24912326037883759
ACH-000054,25260757,1,0.3114362955093384
ACH-000054,25262792,1,0.3546973764896393
ACH-000054,25262965,1,0.3635670244693756
ACH-000054,2733526,0,0.15654073655605316
ACH-000054,300471,1,0.7619448900222778
ACH-000054,3005532,0,0.12744589149951935
ACH-000054,3101542,0,0.12069252133369446
ACH-000054,31703,1,0.6152518391609192
ACH-000054,3218,1,0.5462860465049744
ACH-000054,3372016,1,0.14491593837738037
ACH-000054,3385,0,0.7192680239677429
ACH-000054,3463933,1,0.5483391880989075
ACH-000054,36462,1,0.7453111410140991
ACH-000054,3796,0,0.14879214763641357
ACH-000054,3827738,0,0.14319607615470886
ACH-000054,4248455,0,0.3021411895751953
ACH-000054,42623900,1,0.26486334204673767
ACH-000054,42628507,1,0.4664918780326843
ACH-000054,42640,0,0.40526336431503296
ACH-000054,42642645,1,0.3988165557384491
ACH-000054,44137675,0,0.30075427889823914
ACH-000054,44143370,1,0.24633166193962097
ACH-000054,44182295,1,0.35432299971580505
ACH-000054,44224257,1,0.3479951024055481
ACH-000054,444732,1,0.48128628730773926
ACH-000054,444795,0,0.252973735332489
ACH-000054,44551660,1,0.5685644745826721
ACH-000054,44632017,1,0.3382030427455902
ACH-000054,446378,1,0.5480917096138
ACH-000054,447912,0,0.28144270181655884
ACH-000054,448013,1,0.6290041208267212
ACH-000054,45258277,1,0.3421527147293091
ACH-000054,46006640,0,0.14634254574775696
ACH-000054,46191454,1,0.5311755537986755
ACH-000054,46192505,0,0.1831817924976349
ACH-000054,46224516,1,0.4981096684932709
ACH-000054,46244454,1,0.5580358505249023
ACH-000054,46843648,0,0.4363979399204254
ACH-000054,46883536,0,0.08596551418304443
ACH-000054,46885626,1,0.3944553732872009
ACH-000054,46893585,0,0.21608267724514008
ACH-000054,46907787,1,0.31165680289268494
ACH-000054,46926973,1,0.21929043531417847
ACH-000054,46937430,0,0.11679724603891373
ACH-000054,46943432,0,0.2433384358882904
ACH-000054,479503,1,0.6385514736175537
ACH-000054,49806720,0,0.0960240438580513
ACH-000054,49831044,1,0.6172543168067932
ACH-000054,49847690,1,0.3100896179676056
ACH-000054,49850262,0,0.13101105391979218
ACH-000054,5081913,1,0.47411811351776123
ACH-000054,51039095,1,0.27939680218696594
ACH-000054,5113032,0,0.09762374311685562
ACH-000054,51358113,1,0.5295444130897522
ACH-000054,51371303,0,0.19340860843658447
ACH-000054,521106,1,0.43047261238098145
ACH-000054,5278396,0,0.12419801205396652
ACH-000054,5280757,0,0.13292744755744934
ACH-000054,5287969,1,0.3981963098049164
ACH-000054,52912189,1,0.3797287046909332
ACH-000054,52913813,0,0.21262870728969574
ACH-000054,5311,1,0.526892364025116
ACH-000054,5311497,1,0.3473610281944275
ACH-000054,5328940,1,0.14116916060447693
ACH-000054,53302361,1,0.31319180130958557
ACH-000054,5330286,1,0.359159916639328
ACH-000054,53315878,0,0.09932965040206909
ACH-000054,53340664,1,0.2791430950164795
ACH-000054,53340666,1,0.484601229429245
ACH-000054,5360373,1,0.3606141209602356
ACH-000054,5394,0,0.08739711344242096
ACH-000054,5460033,1,0.5491694808006287
ACH-000054,54676905,0,0.07063976675271988
ACH-000054,54685215,0,0.06682676076889038
ACH-000054,560326,1,0.7481582164764404
ACH-000054,56599306,1,0.2420930415391922
ACH-000054,56962337,0,0.15276716649532318
ACH-000054,56965967,0,0.5438602566719055
ACH-000054,57339144,0,0.08692624419927597
ACH-000054,5746,1,0.7193934321403503
ACH-000054,57519544,1,0.2754476070404053
ACH-000054,58423153,0,0.15355676412582397
ACH-000054,60750,1,0.7261366248130798
ACH-000054,6253,1,0.5710775256156921
ACH-000054,637858,1,0.6009374260902405
ACH-000054,644241,0,0.1363908350467682
ACH-000054,644243,0,0.09570540487766266
ACH-000054,6445533,1,0.4929223656654358
ACH-000054,6445562,1,0.2159443348646164
ACH-000054,6450551,0,0.2088562399148941
ACH-000054,6450816,1,0.31030628085136414
ACH-000054,6505803,1,0.34975287318229675
ACH-000054,65110,1,0.3799053430557251
ACH-000054,66577038,0,0.12308456748723984
ACH-000054,68234129,0,0.33309364318847656
ACH-000054,68289010,0,0.113382488489151
ACH-000054,6852167,0,0.4316178262233734
ACH-000054,6914657,1,0.33002933859825134
ACH-000054,6918289,1,0.3234701454639435
ACH-000054,6918454,1,0.3018706738948822
ACH-000054,6918638,1,0.4730435013771057
ACH-000054,6918837,1,0.5315999388694763
ACH-000054,6918848,1,0.6384679079055786
ACH-000054,69923936,1,0.37563011050224304
ACH-000054,704473,0,0.1783592253923416
ACH-000054,71271629,0,0.3330521583557129
ACH-000054,71299339,0,0.11988130211830139
ACH-000054,71729975,1,0.46351325511932373
ACH-000054,73265211,0,0.08082936704158783
ACH-000054,73265214,0,0.16668321192264557
ACH-000054,73707530,1,0.6536966562271118
ACH-000054,73755109,0,0.19071295857429504
ACH-000054,76685059,0,0.3417143225669861
ACH-000054,77232197,1,0.5415142178535461
ACH-000054,78243717,0,0.1041027382016182
ACH-000054,82146,0,0.5271351933479309
ACH-000054,8249,0,0.6249772906303406
ACH-000054,90488984,0,0.0769013985991478
ACH-000054,92577,0,0.10582739114761353
ACH-000054,9549289,0,0.47230345010757446
ACH-000054,9549297,0,0.12473049759864807
ACH-000054,97489,0,0.1234331950545311
ACH-000054,9826528,1,0.5170654654502869
ACH-000054,9829523,1,0.3500429391860962
ACH-000054,984170,1,0.16462203860282898
ACH-000054,9858940,0,0.4792322516441345
ACH-000054,9863776,1,0.6355394124984741
ACH-000054,9868037,0,0.3061184585094452
ACH-000054,9874913,0,0.21648839116096497
ACH-000054,9884685,1,0.197864830493927
ACH-000054,9903786,0,0.4349157512187958
ACH-000054,9908783,0,0.10328726470470428
ACH-000054,9910224,0,0.08388690650463104
ACH-000054,9911830,0,0.09434954077005386
ACH-000054,9914412,1,0.40510672330856323
ACH-000054,9926054,0,0.3277914524078369
ACH-000054,9931954,1,0.12215446680784225
ACH-000054,9938202,0,0.17288634181022644
ACH-000054,9952773,0,0.26672202348709106
ACH-000054,9956119,1,0.13298913836479187
ACH-000054,9956222,0,0.24336843192577362
ACH-000059,10027278,1,0.42560693621635437
ACH-000059,10074640,1,0.2689938545227051
ACH-000059,10077147,1,0.4150635302066803
ACH-000059,10109823,1,0.3335254192352295
ACH-000059,10113978,0,0.21704164147377014
ACH-000059,10127622,0,0.3702182471752167
ACH-000059,10172943,1,0.5355523824691772
ACH-000059,10184653,0,0.15750277042388916
ACH-000059,10302451,1,0.13229268789291382
ACH-000059,10341154,0,0.09396351128816605
ACH-000059,10377751,1,0.6226809024810791
ACH-000059,10384072,0,0.13023197650909424
ACH-000059,10459196,0,0.08239420503377914
ACH-000059,10461815,0,0.06834298372268677
ACH-000059,104842,1,0.6238170862197876
ACH-000059,107969,1,0.5486192107200623
ACH-000059,11152667,1,0.5334498882293701
ACH-000059,11175137,1,0.42705807089805603
ACH-000059,11178236,1,0.42070505023002625
ACH-000059,11282283,1,0.18657830357551575
ACH-000059,11327430,0,0.1218872219324112
ACH-000059,11338033,1,0.48683708906173706
ACH-000059,11364421,1,0.44506239891052246
ACH-000059,11373846,1,0.15832187235355377
ACH-000059,11455910,1,0.774147629737854
ACH-000059,11467730,0,0.3439497947692871
ACH-000059,11485656,0,0.1746980994939804
ACH-000059,11493598,0,0.14761526882648468
ACH-000059,11507964,0,0.20197448134422302
ACH-000059,11511120,1,0.4731576442718506
ACH-000059,11609586,1,0.6571653485298157
ACH-000059,11617559,0,0.1091521829366684
ACH-000059,11624601,0,0.08870932459831238
ACH-000059,11625818,1,0.16305415332317352
ACH-000059,11626560,0,0.20310160517692566
ACH-000059,11626927,0,0.0977262407541275
ACH-000059,11634725,1,0.29891782999038696
ACH-000059,11640390,0,0.2652430534362793
ACH-000059,11647372,1,0.3766638934612274
ACH-000059,11667893,0,0.11465912312269211
ACH-000059,11676786,1,0.18062639236450195
ACH-000059,11713159,0,0.25240516662597656
ACH-000059,11754511,1,0.5395931601524353
ACH-000059,11754711,1,0.5157244205474854
ACH-000059,11784504,1,0.2821067273616791
ACH-000059,117918970,1,0.3588024079799652
ACH-000059,117996541,1,0.7015830278396606
ACH-000059,11844351,1,0.24594241380691528
ACH-000059,11960529,0,0.10735432803630829
ACH-000059,11977753,1,0.5099361538887024
ACH-000059,123631,0,0.0992456004023552
ACH-000059,126565,1,0.5911833643913269
ACH-000059,126941,1,0.2654111087322235
ACH-000059,13342,1,0.5426409840583801
ACH-000059,135398501,1,0.3659082055091858
ACH-000059,135398516,1,0.4846828579902649
ACH-000059,135410875,1,0.2168581187725067
ACH-000059,135421197,1,0.3316567838191986
ACH-000059,135423438,1,0.4753299653530121
ACH-000059,135440466,0,0.2376599758863449
ACH-000059,135499520,1,0.16600781679153442
ACH-000059,135539077,1,0.42452168464660645
ACH-000059,135564599,0,0.09091167896986008
ACH-000059,135659062,1,0.28717973828315735
ACH-000059,135691163,1,0.4992351233959198
ACH-000059,136240579,0,0.1398104578256607
ACH-000059,1401,0,0.1767423301935196
ACH-000059,148124,0,0.6528680920600891
ACH-000059,156414,1,0.36517855525016785
ACH-000059,156422,0,0.1303735375404358
ACH-000059,159324,1,0.8191842436790466
ACH-000059,15953870,1,0.1610354632139206
ACH-000059,160355,0,0.24736253917217255
ACH-000059,16038120,0,0.2683965861797333
ACH-000059,16095342,1,0.20056374371051788
ACH-000059,16123056,1,0.14969761669635773
ACH-000059,16218924,1,0.19228841364383698
ACH-000059,16663089,1,0.2813374996185303
ACH-000059,16681698,1,0.47494226694107056
ACH-000059,16722836,1,0.541700005531311
ACH-000059,16725726,0,0.20003345608711243
ACH-000059,16732433,0,0.13972093164920807
ACH-000059,16747388,1,0.37739017605781555
ACH-000059,176158,0,0.10242427885532379
ACH-000059,176167,1,0.4231506586074829
ACH-000059,176870,0,0.14874869585037231
ACH-000059,17755052,1,0.5049540400505066
ACH-000059,208908,0,0.12432919442653656
ACH-000059,216239,1,0.26280519366264343
ACH-000059,216326,0,0.0649440661072731
ACH-000059,2314623,0,0.09489607065916061
ACH-000059,23582824,1,0.7717636227607727
ACH-000059,23725625,1,0.11016955971717834
ACH-000059,2375,0,0.09615881741046906
ACH-000059,24180719,0,0.17147864401340485
ACH-000059,24737642,1,0.3233543634414673
ACH-000059,24739943,1,0.618323028087616
ACH-000059,24756910,1,0.3905670642852783
ACH-000059,24770514,1,0.3968987762928009
ACH-000059,24771867,1,0.261741578578949
ACH-000059,24772043,1,0.5157874226570129
ACH-000059,24772860,1,0.5527463555335999
ACH-000059,24776445,0,0.1057121753692627
ACH-000059,24785538,1,0.45098671317100525
ACH-000059,24826799,1,0.23137515783309937
ACH-000059,24889392,0,0.08714984357357025
ACH-000059,24894414,0,0.1542699635028839
ACH-000059,24951314,1,0.651026725769043
ACH-000059,24964624,1,0.33679118752479553
ACH-000059,24978538,1,0.3749943971633911
ACH-000059,25022668,0,0.4946352243423462
ACH-000059,25102847,1,0.30119210481643677
ACH-000059,25124816,0,0.1100141704082489
ACH-000059,25126798,0,0.09751074016094208
ACH-000059,25167777,1,0.5361511707305908
ACH-000059,25195294,1,0.7247863411903381
ACH-000059,25227436,1,0.5543496608734131
ACH-000059,25254071,1,0.5217952132225037
ACH-000059,25257557,1,0.28942224383354187
ACH-000059,25260757,1,0.3758186101913452
ACH-000059,25262965,1,0.43356817960739136
ACH-000059,300471,0,0.8101333379745483
ACH-000059,3005532,0,0.12860505282878876
ACH-000059,3062316,1,0.28533533215522766
ACH-000059,3101542,0,0.12447188049554825
ACH-000059,31703,1,0.7080609202384949
ACH-000059,3218,1,0.5747554898262024
ACH-000059,3385,1,0.7101498246192932
ACH-000059,3463933,1,0.6358497142791748
ACH-000059,36314,1,0.6577163934707642
ACH-000059,36462,1,0.8008506894111633
ACH-000059,3796,0,0.13742034137248993
ACH-000059,3827738,0,0.14221420884132385
ACH-000059,387447,1,0.6848792433738708
ACH-000059,4248455,0,0.3040381371974945
ACH-000059,4261,1,0.7634215950965881
ACH-000059,42623900,1,0.3203135132789612
ACH-000059,42628507,1,0.5623684525489807
ACH-000059,42640,0,0.4345475733280182
ACH-000059,42642645,1,0.45271724462509155
ACH-000059,44137675,1,0.3052055835723877
ACH-000059,44143370,1,0.24634994566440582
ACH-000059,44182295,1,0.43274742364883423
ACH-000059,44224257,1,0.45881861448287964
ACH-000059,442972,0,0.2601397931575775
ACH-000059,444732,1,0.5180931091308594
ACH-000059,444795,0,0.24741725623607635
ACH-000059,44551660,1,0.6447939276695251
ACH-000059,446378,1,0.6312975287437439
ACH-000059,447912,0,0.2964671552181244
ACH-000059,448013,1,0.7156688570976257
ACH-000059,45258277,1,0.3357292115688324
ACH-000059,46006640,0,0.16063888370990753
ACH-000059,46191454,1,0.6334238648414612
ACH-000059,46192505,0,0.19698341190814972
ACH-000059,46224516,1,0.6004228591918945
ACH-000059,46244454,1,0.6121324300765991
ACH-000059,46843648,1,0.4926910400390625
ACH-000059,46844147,1,0.2813345789909363
ACH-000059,46883536,0,0.08520271629095078
ACH-000059,46885626,1,0.4647457003593445
ACH-000059,46907787,1,0.3717767894268036
ACH-000059,46926973,0,0.2223758101463318
ACH-000059,46937430,0,0.10748240351676941
ACH-000059,46943432,1,0.26758086681365967
ACH-000059,479503,1,0.657451331615448
ACH-000059,49806720,0,0.09082695096731186
ACH-000059,49850262,1,0.13630764186382294
ACH-000059,4993,0,0.5520709156990051
ACH-000059,5081913,1,0.4931219518184662
ACH-000059,51039095,0,0.31220555305480957
ACH-000059,5113032,0,0.09296834468841553
ACH-000059,51358113,1,0.5721451044082642
ACH-000059,51371303,0,0.18834055960178375
ACH-000059,521106,1,0.44780388474464417
ACH-000059,5278396,0,0.11134915798902512
ACH-000059,5280757,0,0.1344744861125946
ACH-000059,5287969,1,0.463384747505188
ACH-000059,5291,1,0.1294940561056137
ACH-000059,5311,1,0.5882737040519714
ACH-000059,5311497,1,0.4618845283985138
ACH-000059,5311510,1,0.2670566439628601
ACH-000059,5328940,1,0.133310005068779
ACH-000059,5329102,0,0.29622676968574524
ACH-000059,53302361,1,0.34124574065208435
ACH-000059,5330286,1,0.43254515528678894
ACH-000059,53340664,1,0.3062826693058014
ACH-000059,53340666,1,0.5622427463531494
ACH-000059,5351307,1,0.6491020321846008
ACH-000059,5360373,1,0.45010003447532654
ACH-000059,5460033,1,0.5798814296722412
ACH-000059,54676905,0,0.06276600807905197
ACH-000059,5494449,1,0.2948981821537018
ACH-000059,560326,1,0.8062650561332703
ACH-000059,56599306,1,0.3364759683609009
ACH-000059,56965967,1,0.6328650116920471
ACH-000059,5717801,1,0.23578283190727234
ACH-000059,5746,1,0.7791743874549866
ACH-000059,57519544,0,0.28162989020347595
ACH-000059,60750,1,0.7781925201416016
ACH-000059,6253,1,0.6304240822792053
ACH-000059,644215,1,0.5297163724899292
ACH-000059,644241,1,0.14211110770702362
ACH-000059,644243,0,0.09338337182998657
ACH-000059,6445533,1,0.5466615557670593
ACH-000059,6445562,1,0.21953600645065308
ACH-000059,6450551,1,0.2365112602710724
ACH-000059,6450816,1,0.40787258744239807
ACH-000059,6473881,1,0.21006715297698975
ACH-000059,6505803,0,0.3806312084197998
ACH-000059,65110,1,0.4551653265953064
ACH-000059,66577038,0,0.11835568398237228
ACH-000059,68234129,1,0.37882402539253235
ACH-000059,6852167,1,0.4906555116176605
ACH-000059,6918289,1,0.3613891899585724
ACH-000059,6918454,1,0.35706761479377747
ACH-000059,6918638,1,0.526395857334137
ACH-000059,6918848,1,0.731452465057373
ACH-000059,69923936,1,0.42841801047325134
ACH-000059,704473,0,0.1902008205652237
ACH-000059,71299339,0,0.11974252760410309
ACH-000059,73265211,0,0.07284510135650635
ACH-000059,73265214,1,0.17435850203037262
ACH-000059,73707530,1,0.692751944065094
ACH-000059,73755109,0,0.19108259677886963
ACH-000059,76044,1,0.4344269931316376
ACH-000059,77232197,1,0.5948446393013
ACH-000059,82146,0,0.5592918395996094
ACH-000059,8249,1,0.6711202263832092
ACH-000059,92577,0,0.10684973746538162
ACH-000059,9549184,1,0.24341396987438202
ACH-000059,9549289,1,0.5529064536094666
ACH-000059,9549297,0,0.12079781293869019
ACH-000059,97489,1,0.14237511157989502
ACH-000059,9826308,1,0.49927881360054016
ACH-000059,9826528,1,0.5728625059127808
ACH-000059,9829523,0,0.431289404630661
ACH-000059,984170,0,0.15314915776252747
ACH-000059,9858940,1,0.5253236889839172
ACH-000059,9868037,0,0.29211241006851196
ACH-000059,9874913,0,0.21032081544399261
ACH-000059,9884685,1,0.22556279599666595
ACH-000059,9903786,1,0.5177047848701477
ACH-000059,9907093,0,0.24237266182899475
ACH-000059,9908783,1,0.10906867682933807
ACH-000059,9910224,0,0.08729997277259827
ACH-000059,9911830,1,0.08893632888793945
ACH-000059,9914412,1,0.4239804744720459
ACH-000059,9926054,1,0.37070339918136597
ACH-000059,9931954,1,0.11883992701768875
ACH-000059,9938202,0,0.18545904755592346
ACH-000059,9952773,1,0.32773730158805847
ACH-000059,9956119,0,0.12888219952583313
ACH-000059,9956222,1,0.2095227688550949
ACH-000070,10027278,1,0.3939724564552307
ACH-000070,10074640,1,0.3077651262283325
ACH-000070,10077147,1,0.4666093587875366
ACH-000070,10109823,1,0.2791766822338104
ACH-000070,10113978,0,0.1890335977077484
ACH-000070,10127622,0,0.299463152885437
ACH-000070,10172943,1,0.5058234333992004
ACH-000070,10184653,0,0.1632060408592224
ACH-000070,10302451,0,0.13362900912761688
ACH-000070,10341154,0,0.0843520238995552
ACH-000070,10368812,1,0.590640127658844
ACH-000070,10377751,1,0.5850574374198914
ACH-000070,10384072,1,0.10739022493362427
ACH-000070,10459196,0,0.07540931552648544
ACH-000070,10461815,0,0.06731271743774414
ACH-000070,104741,0,0.22365806996822357
ACH-000070,104842,1,0.5392885208129883
ACH-000070,107969,1,0.4794948995113373
ACH-000070,11152667,1,0.46811428666114807
ACH-000070,11175137,1,0.36936989426612854
ACH-000070,11178236,1,0.4080298840999603
ACH-000070,11282283,1,0.1699638068675995
ACH-000070,11327430,0,0.12293634563684464
ACH-000070,11338033,1,0.46353864669799805
ACH-000070,11364421,1,0.4472881257534027
ACH-000070,11373846,1,0.18410155177116394
ACH-000070,11455910,1,0.6880317330360413
ACH-000070,11467730,1,0.25338172912597656
ACH-000070,11485656,0,0.15103420615196228
ACH-000070,11488320,1,0.34236910939216614
ACH-000070,11493598,0,0.12922044098377228
ACH-000070,11507964,1,0.199041485786438
ACH-000070,11511120,1,0.4361853301525116
ACH-000070,11609586,1,0.6488736867904663
ACH-000070,11617559,0,0.09463923424482346
ACH-000070,11624601,0,0.089089035987854
ACH-000070,11625818,1,0.14502082765102386
ACH-000070,11626560,0,0.17633232474327087
ACH-000070,11626927,0,0.07980355620384216
ACH-000070,11634725,0,0.3018409013748169
ACH-000070,11640390,0,0.2235170602798462
ACH-000070,11647372,1,0.3102167844772339
ACH-000070,11667893,0,0.09894373267889023
ACH-000070,11676786,1,0.15619824826717377
ACH-000070,11713159,1,0.23016023635864258
ACH-000070,11754511,1,0.5293469429016113
ACH-000070,11754711,1,0.4635537564754486
ACH-000070,11784504,1,0.25450536608695984
ACH-000070,117918970,1,0.3300018310546875
ACH-000070,117996541,1,0.6862347722053528
ACH-000070,11844351,1,0.25811144709587097
ACH-000070,11960529,0,0.10382715612649918
ACH-000070,11977753,1,0.4001407325267792
ACH-000070,1206243,1,0.39852678775787354
ACH-000070,121596701,1,0.2986217141151428
ACH-000070,123631,0,0.10804519057273865
ACH-000070,126565,1,0.4865501821041107
ACH-000070,126941,1,0.2644956111907959
ACH-000070,13342,1,0.41785192489624023
ACH-000070,135398501,1,0.29638639092445374
ACH-000070,135398516,1,0.40203237533569336
ACH-000070,135418940,0,0.23368139564990997
ACH-000070,135421197,1,0.283428430557251
ACH-000070,135423438,1,0.44589659571647644
ACH-000070,135440466,1,0.21336401998996735
ACH-000070,135499520,1,0.14562273025512695
ACH-000070,135539077,1,0.31256845593452454
ACH-000070,135564599,0,0.09940535575151443
ACH-000070,135565082,1,0.4744237959384918
ACH-000070,135659062,1,0.27570414543151855
ACH-000070,135691163,1,0.4660879373550415
ACH-000070,136240579,0,0.12980712950229645
ACH-000070,1401,1,0.15717795491218567
ACH-000070,148124,1,0.5169747471809387
ACH-000070,156414,1,0.27893298864364624
ACH-000070,156422,0,0.10709020495414734
ACH-000070,159324,1,0.7565200924873352
ACH-000070,15953870,1,0.17024405300617218
ACH-000070,160355,1,0.191193625330925
ACH-000070,16038120,1,0.23283067345619202
ACH-000070,16095342,1,0.16269326210021973
ACH-000070,16123056,1,0.13977372646331787
ACH-000070,16218924,0,0.14818021655082703
ACH-000070,16659841,1,0.1802242398262024
ACH-000070,16663089,1,0.2183746099472046
ACH-000070,16681698,1,0.4084804356098175
ACH-000070,16720766,1,0.2280239313840866
ACH-000070,16722836,1,0.4660186469554901
ACH-000070,16725726,1,0.13845215737819672
ACH-000070,16732433,1,0.12229689210653305
ACH-000070,16747388,1,0.3648565411567688
ACH-000070,16747683,1,0.4979671239852905
ACH-000070,176158,0,0.09014251083135605
ACH-000070,176167,1,0.35596248507499695
ACH-000070,176870,0,0.13245581090450287
ACH-000070,17755052,1,0.41773730516433716
ACH-000070,208908,0,0.11979051679372787
ACH-000070,216239,1,0.2462175488471985
ACH-000070,216326,0,0.06419160962104797
ACH-000070,2314623,0,0.09595249593257904
ACH-000070,23582824,1,0.6940094828605652
ACH-000070,23725625,1,0.10926887392997742
ACH-000070,2375,0,0.09099680930376053
ACH-000070,24180719,1,0.16579455137252808
ACH-000070,24737642,0,0.2668669521808624
ACH-000070,24739943,1,0.5327926874160767
ACH-000070,24756910,1,0.32153448462486267
ACH-000070,24770514,1,0.3347588777542114
ACH-000070,24771867,1,0.22790344059467316
ACH-000070,24772043,1,0.46528053283691406
ACH-000070,24772860,1,0.47131264209747314
ACH-000070,24776445,0,0.0932987853884697
ACH-000070,24785538,1,0.40392473340034485
ACH-000070,24826799,1,0.22653834521770477
ACH-000070,24889392,0,0.06839198619127274
ACH-000070,24894414,0,0.13628481328487396
ACH-000070,24951314,1,0.589841902256012
ACH-000070,24964624,1,0.2537808418273926
ACH-000070,24978538,1,0.3041093051433563
ACH-000070,25022668,1,0.40488192439079285
ACH-000070,25102847,1,0.32114875316619873
ACH-000070,25124816,0,0.10949918627738953
ACH-000070,25126798,0,0.08628559112548828
ACH-000070,25167777,1,0.431654691696167
ACH-000070,25195294,1,0.7074570059776306
ACH-000070,25227436,1,0.489096075296402
ACH-000070,25254071,1,0.4126909375190735
ACH-000070,25257557,1,0.26346156001091003
ACH-000070,25260757,1,0.28267815709114075
ACH-000070,25262792,1,0.34867435693740845
ACH-000070,25262965,1,0.3402009904384613
ACH-000070,2733526,0,0.14666548371315002
ACH-000070,300471,1,0.8155995011329651
ACH-000070,3005532,0,0.13915471732616425
ACH-000070,3062316,1,0.29669445753097534
ACH-000070,3101542,0,0.10376374423503876
ACH-000070,31703,1,0.5809399485588074
ACH-000070,3218,1,0.48911866545677185
ACH-000070,3372016,0,0.134877547621727
ACH-000070,3385,1,0.7289770841598511
ACH-000070,3463933,1,0.590013861656189
ACH-000070,36314,1,0.5376117825508118
ACH-000070,36462,1,0.7125952243804932
ACH-000070,3796,1,0.14242242276668549
ACH-000070,3827738,0,0.1359952837228775
ACH-000070,387447,1,0.5585451722145081
ACH-000070,4248455,1,0.2664026618003845
ACH-000070,4261,1,0.7443494200706482
ACH-000070,42623900,1,0.25888997316360474
ACH-000070,42628507,1,0.4536174535751343
ACH-000070,42640,1,0.3678435981273651
ACH-000070,42642645,1,0.40910211205482483
ACH-000070,44137675,1,0.2679695188999176
ACH-000070,44143370,1,0.21212983131408691
ACH-000070,44182295,0,0.357032835483551
ACH-000070,442972,0,0.22008170187473297
ACH-000070,44462760,1,0.17040607333183289
ACH-000070,444732,1,0.5075103044509888
ACH-000070,444795,1,0.23159515857696533
ACH-000070,44551660,1,0.5770944356918335
ACH-000070,44632017,1,0.4255712330341339
ACH-000070,446378,1,0.5204540491104126
ACH-000070,447912,0,0.2592518627643585
ACH-000070,448013,1,0.6394762396812439
ACH-000070,45258277,1,0.324081152677536
ACH-000070,46006640,1,0.16288848221302032
ACH-000070,46191454,1,0.4999414086341858
ACH-000070,46192505,0,0.1615067571401596
ACH-000070,46224516,1,0.4874088168144226
ACH-000070,462382,1,0.537140429019928
ACH-000070,46244454,1,0.5183168053627014
ACH-000070,46843648,1,0.4854089319705963
ACH-000070,46844147,1,0.29433393478393555
ACH-000070,46883536,0,0.07705146074295044
ACH-000070,46885626,1,0.41222041845321655
ACH-000070,46893585,1,0.22489780187606812
ACH-000070,46907787,1,0.2586457133293152
ACH-000070,46926973,0,0.185819610953331
ACH-000070,46937430,0,0.1079949289560318
ACH-000070,46943432,1,0.25152748823165894
ACH-000070,479503,1,0.62253737449646
ACH-000070,49806720,0,0.0744260847568512
ACH-000070,49831044,1,0.5761341452598572
ACH-000070,49847690,1,0.28371816873550415
ACH-000070,49850262,1,0.14887161552906036
ACH-000070,4993,1,0.5417243242263794
ACH-000070,5081913,1,0.4787525236606598
ACH-000070,51039095,1,0.34063151478767395
ACH-000070,5113032,0,0.08972063660621643
ACH-000070,51358113,1,0.5228712558746338
ACH-000070,51371303,0,0.17845380306243896
ACH-000070,521106,1,0.415495902299881
ACH-000070,5278396,1,0.11399026960134506
ACH-000070,5280757,0,0.11274673789739609
ACH-000070,5284616,1,0.22795531153678894
ACH-000070,5287969,1,0.40495574474334717
ACH-000070,5291,0,0.14389988780021667
ACH-000070,52912189,1,0.3111592233181
ACH-000070,52913813,1,0.18112462759017944
ACH-000070,5311,1,0.5387663245201111
ACH-000070,5311497,1,0.3472015857696533
ACH-000070,5311510,0,0.25727608799934387
ACH-000070,5328940,1,0.13187140226364136
ACH-000070,5329102,1,0.3311564326286316
ACH-000070,53302361,1,0.3247939646244049
ACH-000070,5330286,1,0.3978433310985565
ACH-000070,53315878,0,0.0794680118560791
ACH-000070,53340664,1,0.279436856508255
ACH-000070,53340666,1,0.500892698764801
ACH-000070,5351307,1,0.5822560787200928
ACH-000070,5360373,1,0.32579976320266724
ACH-000070,5394,0,0.07732941955327988
ACH-000070,5460033,1,0.5317690968513489
ACH-000070,54676905,0,0.06699290871620178
ACH-000070,54685215,0,0.05972680076956749
ACH-000070,5494449,1,0.3105318248271942
ACH-000070,560326,1,0.7959279417991638
ACH-000070,56599306,1,0.2614509165287018
ACH-000070,56962337,0,0.12052306532859802
ACH-000070,56965967,1,0.522295355796814
ACH-000070,5717801,1,0.23239849507808685
ACH-000070,57339144,0,0.07780160009860992
ACH-000070,5746,1,0.704060971736908
ACH-000070,57519544,0,0.24757127463817596
ACH-000070,58423153,1,0.17589358985424042
ACH-000070,60750,1,0.6747723817825317
ACH-000070,6253,1,0.5236008167266846
ACH-000070,637858,1,0.6502329111099243
ACH-000070,644215,1,0.4892030954360962
ACH-000070,644241,0,0.14001095294952393
ACH-000070,644243,0,0.08832082152366638
ACH-000070,6445533,1,0.5021803975105286
ACH-000070,6445562,1,0.21192742884159088
ACH-000070,6450551,1,0.19768090546131134
ACH-000070,6450816,1,0.3126298487186432
ACH-000070,6473881,1,0.210933655500412
ACH-000070,6505803,0,0.3203297555446625
ACH-000070,65110,1,0.3354748487472534
ACH-000070,66577038,0,0.11140282452106476
ACH-000070,68234129,1,0.38304734230041504
ACH-000070,68289010,0,0.09907621890306473
ACH-000070,6852167,1,0.4548470675945282
ACH-000070,6914657,1,0.30763426423072815
ACH-000070,6918289,1,0.2767166197299957
ACH-000070,6918454,1,0.3320031762123108
ACH-000070,6918638,1,0.49959179759025574
ACH-000070,6918837,1,0.5250932574272156
ACH-000070,6918848,1,0.6122153401374817
ACH-000070,69923936,1,0.3900233507156372
ACH-000070,704473,0,0.16044862568378448
ACH-000070,71271629,1,0.3688499331474304
ACH-000070,71299339,0,0.11089681833982468
ACH-000070,71729975,1,0.5115148425102234
ACH-000070,73265211,1,0.08157576620578766
ACH-000070,73265214,1,0.16877983510494232
ACH-000070,73707530,1,0.6018665432929993
ACH-000070,73755109,0,0.18432067334651947
ACH-000070,76044,1,0.3536243736743927
ACH-000070,76685059,1,0.28057554364204407
ACH-000070,77232197,1,0.5511198043823242
ACH-000070,78243717,0,0.09157983958721161
ACH-000070,82146,0,0.4869609773159027
ACH-000070,8249,1,0.6069713830947876
ACH-000070,90488984,0,0.07941608875989914
ACH-000070,92577,0,0.10825259983539581
ACH-000070,9549184,1,0.2205674797296524
ACH-000070,9549289,1,0.3962356448173523
ACH-000070,9549297,0,0.1271386444568634
ACH-000070,97489,1,0.11408206820487976
ACH-000070,9826308,1,0.46003052592277527
ACH-000070,9826528,1,0.5573015809059143
ACH-000070,9829523,1,0.29788798093795776
ACH-000070,984170,1,0.14598362147808075
ACH-000070,9858940,1,0.38918259739875793
ACH-000070,9863776,1,0.682248055934906
ACH-000070,9868037,0,0.2847747802734375
ACH-000070,9874913,0,0.19706442952156067
ACH-000070,9884685,1,0.17773035168647766
ACH-000070,9903786,1,0.46360480785369873
ACH-000070,9907093,1,0.19600552320480347
ACH-000070,9908783,0,0.09010609239339828
ACH-000070,9910224,0,0.07889081537723541
ACH-000070,9911830,0,0.07295441627502441
ACH-000070,9914412,1,0.3791638910770416
ACH-000070,9926054,1,0.3244747817516327
ACH-000070,9931954,1,0.13306547701358795
ACH-000070,9938202,1,0.15122100710868835
ACH-000070,9952773,1,0.23545172810554504
ACH-000070,9956119,1,0.1067715436220169
ACH-000070,9956222,1,0.19938689470291138
ACH-000103,10027278,0,0.4377596974372864
ACH-000103,10074640,0,0.2819061279296875
ACH-000103,10077147,0,0.4546222984790802
ACH-000103,10109823,0,0.33935123682022095
ACH-000103,10113978,0,0.20457309484481812
ACH-000103,10127622,0,0.3325845003128052
ACH-000103,10184653,0,0.18279899656772614
ACH-000103,10341154,0,0.08729488402605057
ACH-000103,10368812,1,0.6737532615661621
ACH-000103,10377751,1,0.6290020942687988
ACH-000103,10384072,0,0.13609477877616882
ACH-000103,10459196,0,0.09012933820486069
ACH-000103,104741,0,0.25718140602111816
ACH-000103,104842,1,0.6095574498176575
ACH-000103,107969,0,0.5712088942527771
ACH-000103,11152667,1,0.5496551394462585
ACH-000103,11175137,0,0.4153898060321808
ACH-000103,11282283,1,0.19191856682300568
ACH-000103,11327430,0,0.12128662317991257
ACH-000103,11338033,1,0.4862152636051178
ACH-000103,11373846,0,0.18031422793865204
ACH-000103,11455910,1,0.7536051869392395
ACH-000103,11485656,0,0.15322615206241608
ACH-000103,11488320,0,0.42593008279800415
ACH-000103,11493598,0,0.13159167766571045
ACH-000103,11507964,0,0.2206551432609558
ACH-000103,11511120,1,0.5183080434799194
ACH-000103,11609586,0,0.6500421762466431
ACH-000103,11617559,0,0.09984347969293594
ACH-000103,11624601,0,0.07943664491176605
ACH-000103,11625818,0,0.15443408489227295
ACH-000103,11634725,0,0.2788071036338806
ACH-000103,11640390,0,0.23897765576839447
ACH-000103,11647372,1,0.39446577429771423
ACH-000103,11667893,0,0.09737364947795868
ACH-000103,11707110,1,0.36044222116470337
ACH-000103,11713159,0,0.27229949831962585
ACH-000103,11754511,0,0.5883560180664062
ACH-000103,11784504,0,0.2830914855003357
ACH-000103,117918970,0,0.3466819226741791
ACH-000103,117996541,0,0.6919650435447693
ACH-000103,11960529,0,0.1020698994398117
ACH-000103,11977753,0,0.544074296951294
ACH-000103,1206243,0,0.4191298484802246
ACH-000103,121596701,0,0.3907521963119507
ACH-000103,123631,0,0.10161373764276505
ACH-000103,126565,0,0.5627217292785645
ACH-000103,126941,0,0.28266188502311707
ACH-000103,13342,0,0.5248690843582153
ACH-000103,135398501,0,0.3455003798007965
ACH-000103,135398516,1,0.4955475926399231
ACH-000103,135410875,1,0.23000021278858185
ACH-000103,135418940,0,0.24641206860542297
ACH-000103,135421197,0,0.3276219069957733
ACH-000103,135423438,0,0.46440625190734863
ACH-000103,135440466,0,0.23406121134757996
ACH-000103,135499520,0,0.1657806932926178
ACH-000103,135539077,0,0.4107144773006439
ACH-000103,135564599,0,0.09046808630228043
ACH-000103,135565082,1,0.5241991877555847
ACH-000103,135659062,0,0.27778875827789307
ACH-000103,135691163,1,0.5191264152526855
ACH-000103,136240579,0,0.13058115541934967
ACH-000103,1401,0,0.17170824110507965
ACH-000103,148124,0,0.6164349913597107
ACH-000103,156414,1,0.3523741364479065
ACH-000103,156422,0,0.11812461167573929
ACH-000103,159324,0,0.7814033627510071
ACH-000103,15953870,0,0.15971235930919647
ACH-000103,16095342,0,0.20516830682754517
ACH-000103,16123056,0,0.13729703426361084
ACH-000103,16218924,0,0.17016322910785675
ACH-000103,16659841,0,0.18644581735134125
ACH-000103,16681698,1,0.4835541844367981
ACH-000103,16720766,1,0.3076879382133484
ACH-000103,16722836,0,0.5553523898124695
ACH-000103,16725726,0,0.19626285135746002
ACH-000103,16732433,0,0.11760079860687256
ACH-000103,16747388,0,0.4031307101249695
ACH-000103,16747683,1,0.6073058843612671
ACH-000103,176167,1,0.40328583121299744
ACH-000103,17755052,0,0.5461348295211792
ACH-000103,216326,0,0.06176550313830376
ACH-000103,2314623,0,0.08932796865701675
ACH-000103,23582824,1,0.7348772883415222
ACH-000103,23725625,0,0.11539039015769958
ACH-000103,2375,0,0.09672002494335175
ACH-000103,24180719,0,0.17458796501159668
ACH-000103,24737642,1,0.33555060625076294
ACH-000103,24739943,1,0.6131770610809326
ACH-000103,24770514,1,0.4319170415401459
ACH-000103,24771867,0,0.26527488231658936
ACH-000103,24772043,1,0.5373427271842957
ACH-000103,24772860,0,0.5733181834220886
ACH-000103,24776445,0,0.09523961693048477
ACH-000103,24785538,1,0.4324369728565216
ACH-000103,24826799,0,0.25875911116600037
ACH-000103,24889392,0,0.07611510157585144
ACH-000103,24964624,0,0.3135089874267578
ACH-000103,24978538,0,0.4034440517425537
ACH-000103,25022668,0,0.49101659655570984
ACH-000103,25102847,0,0.323158323764801
ACH-000103,25124816,0,0.10392693430185318
ACH-000103,25126798,0,0.09352146089076996
ACH-000103,25167777,1,0.540066123008728
ACH-000103,25195294,1,0.7494618892669678
ACH-000103,25227436,0,0.4946541488170624
ACH-000103,25254071,1,0.5417978763580322
ACH-000103,25260757,1,0.3846164643764496
ACH-000103,25262792,1,0.41246384382247925
ACH-000103,25262965,0,0.42035171389579773
ACH-000103,2733526,0,0.1426537185907364
ACH-000103,300471,1,0.816817045211792
ACH-000103,3005532,0,0.12046165019273758
ACH-000103,3101542,0,0.11115334928035736
ACH-000103,31703,1,0.6886007189750671
ACH-000103,3218,0,0.5736785531044006
ACH-000103,3372016,0,0.14723657071590424
ACH-000103,3463933,0,0.6611404418945312
ACH-000103,36462,0,0.773647129535675
ACH-000103,3796,0,0.13917654752731323
ACH-000103,3827738,0,0.15064458549022675
ACH-000103,4248455,0,0.3113538324832916
ACH-000103,42623900,0,0.30441349744796753
ACH-000103,42628507,1,0.564399003982544
ACH-000103,42642645,1,0.48994460701942444
ACH-000103,44137675,0,0.30608296394348145
ACH-000103,44143370,1,0.2579399347305298
ACH-000103,44182295,1,0.43912479281425476
ACH-000103,44224257,0,0.45102807879447937
ACH-000103,44462760,0,0.260856568813324
ACH-000103,444732,0,0.5348058342933655
ACH-000103,444795,0,0.2724396288394928
ACH-000103,44551660,1,0.6159939169883728
ACH-000103,44632017,0,0.4494418799877167
ACH-000103,446378,1,0.6680657267570496
ACH-000103,447912,0,0.3083263635635376
ACH-000103,448013,0,0.7173582315444946
ACH-000103,45258277,0,0.3501896858215332
ACH-000103,46006640,0,0.17585475742816925
ACH-000103,46191454,0,0.6242461800575256
ACH-000103,46192505,0,0.16778121888637543
ACH-000103,46224516,0,0.6015134453773499
ACH-000103,46244454,0,0.6350537538528442
ACH-000103,46843648,0,0.5324121117591858
ACH-000103,46883536,0,0.07820682972669601
ACH-000103,46885626,1,0.4761826992034912
ACH-000103,46893585,0,0.23822610080242157
ACH-000103,46907787,0,0.36209678649902344
ACH-000103,46926973,0,0.17439879477024078
ACH-000103,46937430,0,0.1006077453494072
ACH-000103,479503,1,0.6680263876914978
ACH-000103,49806720,0,0.08620759844779968
ACH-000103,49831044,1,0.6669856905937195
ACH-000103,49847690,1,0.35495859384536743
ACH-000103,5081913,1,0.5210712552070618
ACH-000103,51039095,0,0.3274715840816498
ACH-000103,51358113,1,0.6066514849662781
ACH-000103,51371303,0,0.18057958781719208
ACH-000103,521106,0,0.426289826631546
ACH-000103,5278396,0,0.10981271415948868
ACH-000103,5280757,0,0.1381692737340927
ACH-000103,5287969,0,0.4643382728099823
ACH-000103,52912189,0,0.4567475914955139
ACH-000103,52913813,0,0.20089522004127502
ACH-000103,5311,0,0.5918231010437012
ACH-000103,5311497,0,0.4715677797794342
ACH-000103,5328940,0,0.13784979283809662
ACH-000103,53302361,0,0.3737838566303253
ACH-000103,5330286,0,0.44176340103149414
ACH-000103,53315878,0,0.09307882189750671
ACH-000103,53340664,1,0.3197564482688904
ACH-000103,53340666,1,0.592527449131012
ACH-000103,5360373,1,0.46320295333862305
ACH-000103,5394,0,0.07738761603832245
ACH-000103,5460033,0,0.6067060828208923
ACH-000103,54676905,0,0.06476575136184692
ACH-000103,54685215,0,0.06325896829366684
ACH-000103,560326,0,0.8292015790939331
ACH-000103,56599306,0,0.3551507294178009
ACH-000103,56962337,0,0.14534446597099304
ACH-000103,56965967,0,0.6036798357963562
ACH-000103,57339144,0,0.0778169110417366
ACH-000103,5746,1,0.7834221720695496
ACH-000103,57519544,0,0.2271120250225067
ACH-000103,58423153,0,0.18650202453136444
ACH-000103,60750,1,0.7546616792678833
ACH-000103,6253,1,0.6029090881347656
ACH-000103,637858,1,0.6511958241462708
ACH-000103,644241,0,0.14111602306365967
ACH-000103,644243,0,0.08433409780263901
ACH-000103,6445533,1,0.5333873629570007
ACH-000103,6445562,0,0.2495039999485016
ACH-000103,6450551,0,0.2177179902791977
ACH-000103,6450816,0,0.4051930904388428
ACH-000103,6505803,0,0.4216805696487427
ACH-000103,65110,0,0.4384264647960663
ACH-000103,66577038,0,0.10559634119272232
ACH-000103,68234129,0,0.40395423769950867
ACH-000103,68289010,0,0.10016298294067383
ACH-000103,6852167,0,0.4875609576702118
ACH-000103,6914657,0,0.41751807928085327
ACH-000103,6918289,0,0.35829558968544006
ACH-000103,6918454,0,0.38114219903945923
ACH-000103,6918837,0,0.579008162021637
ACH-000103,69923936,1,0.44651558995246887
ACH-000103,71271629,0,0.432451456785202
ACH-000103,71299339,0,0.11999635398387909
ACH-000103,71729975,0,0.580274760723114
ACH-000103,73265211,0,0.07608870416879654
ACH-000103,73265214,0,0.19162383675575256
ACH-000103,73707530,1,0.6458262801170349
ACH-000103,73755109,1,0.19666172564029694
ACH-000103,76685059,0,0.3773542642593384
ACH-000103,77232197,1,0.6465736627578735
ACH-000103,78243717,0,0.08482018113136292
ACH-000103,82146,0,0.553026020526886
ACH-000103,90488984,0,0.06950696557760239
ACH-000103,92577,0,0.10562662780284882
ACH-000103,9549289,0,0.5130863189697266
ACH-000103,9549297,0,0.14144644141197205
ACH-000103,97489,0,0.1263333410024643
ACH-000103,9826528,1,0.5500230193138123
ACH-000103,9829523,0,0.4177519977092743
ACH-000103,984170,0,0.14890354871749878
ACH-000103,9858940,1,0.49073326587677
ACH-000103,9863776,1,0.7180178165435791
ACH-000103,9868037,0,0.3179047405719757
ACH-000103,9874913,0,0.18373481929302216
ACH-000103,9884685,1,0.23468193411827087
ACH-000103,9903786,0,0.5408872961997986
ACH-000103,9908783,0,0.09645329415798187
ACH-000103,9910224,0,0.07730812579393387
ACH-000103,9911830,0,0.07678273320198059
ACH-000103,9914412,0,0.42227548360824585
ACH-000103,9926054,1,0.37402355670928955
ACH-000103,9931954,0,0.11705899983644485
ACH-000103,9938202,0,0.1861325204372406
ACH-000103,9952773,0,0.2863062024116516
ACH-000103,9956119,0,0.12020465731620789
ACH-000103,9956222,0,0.22958017885684967
ACH-000113,10027278,1,0.4141489267349243
ACH-000113,10074640,1,0.27891528606414795
ACH-000113,10077147,1,0.44587060809135437
ACH-000113,10109823,1,0.31495580077171326
ACH-000113,10113978,0,0.2196177840232849
ACH-000113,10127622,1,0.3555971086025238
ACH-000113,10172943,1,0.4895584285259247
ACH-000113,10184653,0,0.17114780843257904
ACH-000113,10302451,0,0.13805557787418365
ACH-000113,10341154,0,0.0948038101196289
ACH-000113,10368812,1,0.6483178734779358
ACH-000113,10377751,1,0.5867916345596313
ACH-000113,10384072,0,0.12057692557573318
ACH-000113,10459196,0,0.09192405641078949
ACH-000113,10461815,0,0.0711258202791214
ACH-000113,104741,0,0.2641717195510864
ACH-000113,104842,1,0.5870382785797119
ACH-000113,107969,1,0.5685979127883911
ACH-000113,11152667,1,0.5265480279922485
ACH-000113,11175137,1,0.4062191843986511
ACH-000113,11178236,1,0.47073858976364136
ACH-000113,11282283,1,0.18958573043346405
ACH-000113,11327430,0,0.1281769722700119
ACH-000113,11338033,1,0.5114074945449829
ACH-000113,11364421,1,0.4668717682361603
ACH-000113,11373846,0,0.18617784976959229
ACH-000113,11455910,1,0.7566779851913452
ACH-000113,11467730,1,0.3188962936401367
ACH-000113,11485656,0,0.15502704679965973
ACH-000113,11488320,0,0.39819619059562683
ACH-000113,11493598,1,0.1307784467935562
ACH-000113,11507964,1,0.2160157561302185
ACH-000113,11511120,1,0.49562910199165344
ACH-000113,11609586,0,0.5956813097000122
ACH-000113,11617559,0,0.10056900233030319
ACH-000113,11624601,0,0.08380042761564255
ACH-000113,11625818,0,0.14765624701976776
ACH-000113,11626560,0,0.20897068083286285
ACH-000113,11626927,0,0.09064152836799622
ACH-000113,11634725,1,0.27906978130340576
ACH-000113,11640390,0,0.24024924635887146
ACH-000113,11647372,1,0.3635501265525818
ACH-000113,11667893,0,0.10134003311395645
ACH-000113,11676786,1,0.17585419118404388
ACH-000113,11707110,1,0.3461003601551056
ACH-000113,11713159,0,0.2564724385738373
ACH-000113,11754511,1,0.567848801612854
ACH-000113,11754711,1,0.5384829044342041
ACH-000113,11784504,1,0.2853109538555145
ACH-000113,117918970,0,0.32219213247299194
ACH-000113,117996541,1,0.7076417803764343
ACH-000113,11844351,0,0.2511499524116516
ACH-000113,11960529,0,0.10611547529697418
ACH-000113,11977753,1,0.4917280972003937
ACH-000113,1206243,1,0.41625624895095825
ACH-000113,121596701,1,0.3491743505001068
ACH-000113,123631,0,0.10898154973983765
ACH-000113,126941,1,0.2742922008037567
ACH-000113,13342,1,0.5263292193412781
ACH-000113,135398501,1,0.32050055265426636
ACH-000113,135398516,1,0.4555872976779938
ACH-000113,135410875,1,0.21385356783866882
ACH-000113,135418940,0,0.26031529903411865
ACH-000113,135421197,0,0.307067334651947
ACH-000113,135423438,1,0.4484434723854065
ACH-000113,135440466,1,0.22702652215957642
ACH-000113,135499520,0,0.1710040122270584
ACH-000113,135539077,1,0.39334073662757874
ACH-000113,135564599,0,0.09137003123760223
ACH-000113,135565082,1,0.4835638701915741
ACH-000113,135659062,1,0.26011016964912415
ACH-000113,135691163,1,0.5320255160331726
ACH-000113,136240579,0,0.13113753497600555
ACH-000113,1401,0,0.17945913970470428
ACH-000113,148124,0,0.6286565065383911
ACH-000113,156414,1,0.34103336930274963
ACH-000113,156422,0,0.12148523330688477
ACH-000113,159324,1,0.7630653381347656
ACH-000113,15953870,0,0.17371955513954163
ACH-000113,160355,1,0.21986515820026398
ACH-000113,16038120,1,0.27129849791526794
ACH-000113,16095342,0,0.20380212366580963
ACH-000113,16123056,0,0.1429610401391983
ACH-000113,16218924,0,0.1525479257106781
ACH-000113,16659841,0,0.18229202926158905
ACH-000113,16663089,1,0.2653367519378662
ACH-000113,16681698,1,0.4685865342617035
ACH-000113,16720766,1,0.30599865317344666
ACH-000113,16722836,1,0.5486289262771606
ACH-000113,16725726,0,0.1928097903728485
ACH-000113,16732433,0,0.13139723241329193
ACH-000113,16747388,1,0.3993680775165558
ACH-000113,16747683,1,0.5523123741149902
ACH-000113,176158,0,0.09601540863513947
ACH-000113,176167,1,0.39243489503860474
ACH-000113,176870,0,0.15174180269241333
ACH-000113,17755052,1,0.5143464803695679
ACH-000113,208908,0,0.12209681421518326
ACH-000113,216239,1,0.26963794231414795
ACH-000113,216326,0,0.06355684995651245
ACH-000113,2314623,0,0.09265796840190887
ACH-000113,23582824,1,0.7262416481971741
ACH-000113,23725625,1,0.11687541007995605
ACH-000113,2375,0,0.1029973030090332
ACH-000113,24180719,0,0.1765369176864624
ACH-000113,24737642,1,0.320354163646698
ACH-000113,24739943,1,0.5677524209022522
ACH-000113,24756910,1,0.39972323179244995
ACH-000113,24770514,1,0.40207403898239136
ACH-000113,24771867,1,0.23981286585330963
ACH-000113,24772043,1,0.5336468815803528
ACH-000113,24772860,1,0.5685077905654907
ACH-000113,24776445,0,0.10210160166025162
ACH-000113,24785538,1,0.41906672716140747
ACH-000113,24826799,1,0.24166160821914673
ACH-000113,24889392,0,0.08087620139122009
ACH-000113,24951314,1,0.6715869307518005
ACH-000113,24964624,0,0.28760233521461487
ACH-000113,25022668,1,0.48124751448631287
ACH-000113,25102847,0,0.2958100140094757
ACH-000113,25124816,0,0.11391715705394745
ACH-000113,25126798,0,0.09664664417505264
ACH-000113,25167777,1,0.489482045173645
ACH-000113,25195294,1,0.7171876430511475
ACH-000113,25227436,1,0.527693510055542
ACH-000113,25254071,1,0.5139482021331787
ACH-000113,25257557,1,0.2879563271999359
ACH-000113,25260757,1,0.3659341335296631
ACH-000113,25262792,1,0.38284510374069214
ACH-000113,25262965,1,0.40644094347953796
ACH-000113,2733526,0,0.14586159586906433
ACH-000113,300471,0,0.8018751740455627
ACH-000113,3005532,0,0.12756282091140747
ACH-000113,3062316,0,0.29653099179267883
ACH-000113,3101542,0,0.10825072973966599
ACH-000113,31703,1,0.6944357752799988
ACH-000113,3218,1,0.5622208714485168
ACH-000113,3372016,0,0.1424863040447235
ACH-000113,3385,1,0.7449948787689209
ACH-000113,3463933,1,0.6623091697692871
ACH-000113,36314,1,0.6430214643478394
ACH-000113,36462,1,0.7920398116111755
ACH-000113,3796,0,0.15073946118354797
ACH-000113,3827738,0,0.15069738030433655
ACH-000113,387447,1,0.6368516087532043
ACH-000113,4248455,1,0.30248501896858215
ACH-000113,4261,1,0.744308352470398
ACH-000113,42623900,1,0.27342095971107483
ACH-000113,42628507,1,0.5173244476318359
ACH-000113,42640,1,0.4346946179866791
ACH-000113,42642645,1,0.4720921814441681
ACH-000113,44137675,0,0.289063423871994
ACH-000113,44143370,1,0.2464885264635086
ACH-000113,44182295,1,0.44142529368400574
ACH-000113,44224257,1,0.43325933814048767
ACH-000113,442972,0,0.2581239640712738
ACH-000113,44462760,1,0.23368392884731293
ACH-000113,444732,1,0.5013436079025269
ACH-000113,444795,0,0.2582378685474396
ACH-000113,44551660,1,0.5802800059318542
ACH-000113,44632017,1,0.4088619649410248
ACH-000113,446378,1,0.6373459100723267
ACH-000113,447912,0,0.3095736801624298
ACH-000113,448013,1,0.7190742492675781
ACH-000113,45258277,1,0.3398424983024597
ACH-000113,46006640,1,0.1632227897644043
ACH-000113,46191454,1,0.5895460844039917
ACH-000113,46192505,0,0.17369294166564941
ACH-000113,46224516,1,0.567660391330719
ACH-000113,462382,1,0.574149489402771
ACH-000113,46244454,1,0.5975614786148071
ACH-000113,46843648,1,0.5136051177978516
ACH-000113,46844147,1,0.2787960171699524
ACH-000113,46883536,0,0.0827091857790947
ACH-000113,46893585,1,0.2290547490119934
ACH-000113,46907787,1,0.3277290463447571
ACH-000113,46926973,0,0.19750921428203583
ACH-000113,46937430,0,0.10830096155405045
ACH-000113,46943432,1,0.2746851146221161
ACH-000113,479503,1,0.6565498113632202
ACH-000113,49806720,0,0.092934250831604
ACH-000113,49831044,1,0.6221029758453369
ACH-000113,49847690,1,0.3492239713668823
ACH-000113,49850262,0,0.13987651467323303
ACH-000113,4993,1,0.525924026966095
ACH-000113,5081913,1,0.5329938530921936
ACH-000113,51039095,1,0.31850752234458923
ACH-000113,5113032,0,0.09272835403680801
ACH-000113,51358113,1,0.5939124822616577
ACH-000113,51371303,0,0.19196626543998718
ACH-000113,521106,1,0.42697757482528687
ACH-000113,5278396,0,0.12404444813728333
ACH-000113,5280757,0,0.13532057404518127
ACH-000113,5284616,0,0.2881223261356354
ACH-000113,5287969,1,0.4629456102848053
ACH-000113,5291,0,0.132559671998024
ACH-000113,52912189,1,0.420968621969223
ACH-000113,52913813,0,0.2019040584564209
ACH-000113,5311,1,0.5902343392372131
ACH-000113,5311497,1,0.4414442181587219
ACH-000113,5311510,0,0.29693228006362915
ACH-000113,5328940,0,0.14012791216373444
ACH-000113,5329102,1,0.3163208067417145
ACH-000113,53302361,1,0.35359475016593933
ACH-000113,5330286,0,0.43994420766830444
ACH-000113,53315878,0,0.09626483917236328
ACH-000113,53340664,1,0.31049641966819763
ACH-000113,53340666,1,0.5668284893035889
ACH-000113,5351307,1,0.6115813851356506
ACH-000113,5360373,1,0.42927855253219604
ACH-000113,5394,0,0.08627825975418091
ACH-000113,5460033,1,0.6053043007850647
ACH-000113,54676905,0,0.06640336662530899
ACH-000113,54685215,0,0.06326927244663239
ACH-000113,5494449,1,0.3213634490966797
ACH-000113,560326,1,0.803587019443512
ACH-000113,56599306,1,0.2903590798377991
ACH-000113,56962337,0,0.15319328010082245
ACH-000113,56965967,1,0.5838931798934937
ACH-000113,5717801,1,0.26027196645736694
ACH-000113,57339144,0,0.08288512378931046
ACH-000113,5746,1,0.7733485102653503
ACH-000113,57519544,0,0.24566416442394257
ACH-000113,58423153,0,0.17465561628341675
ACH-000113,60750,1,0.7591745853424072
ACH-000113,6253,1,0.6113988757133484
ACH-000113,637858,1,0.6220115423202515
ACH-000113,644215,1,0.5370585322380066
ACH-000113,644241,0,0.15376067161560059
ACH-000113,644243,0,0.09047608822584152
ACH-000113,6445533,1,0.5308483242988586
ACH-000113,6445562,1,0.22819304466247559
ACH-000113,6450551,0,0.20597292482852936
ACH-000113,6450816,1,0.37969303131103516
ACH-000113,6473881,1,0.22010457515716553
ACH-000113,6505803,1,0.394398033618927
ACH-000113,65110,1,0.45050135254859924
ACH-000113,66577038,0,0.11788258701562881
ACH-000113,68234129,0,0.37878313660621643
ACH-000113,68289010,0,0.10342366993427277
ACH-000113,6852167,1,0.4899267554283142
ACH-000113,6914657,1,0.39673635363578796
ACH-000113,6918289,0,0.3645881116390228
ACH-000113,6918638,1,0.50355064868927
ACH-000113,6918837,1,0.5653936266899109
ACH-000113,6918848,1,0.6630326509475708
ACH-000113,69923936,1,0.4305761754512787
ACH-000113,704473,0,0.1581924706697464
ACH-000113,71271629,1,0.38191983103752136
ACH-000113,71299339,0,0.11768226325511932
ACH-000113,71729975,0,0.5203350186347961
ACH-000113,73265211,0,0.07596506923437119
ACH-000113,73265214,1,0.1926940232515335
ACH-000113,73707530,1,0.6347804069519043
ACH-000113,73755109,0,0.1947849690914154
ACH-000113,76044,1,0.3952493667602539
ACH-000113,76685059,0,0.37667953968048096
ACH-000113,77232197,1,0.6164291501045227
ACH-000113,78243717,0,0.09563088417053223
ACH-000113,82146,1,0.5320178866386414
ACH-000113,8249,1,0.660877525806427
ACH-000113,90488984,0,0.07444629818201065
ACH-000113,92577,0,0.12088596820831299
ACH-000113,9549184,1,0.23785538971424103
ACH-000113,9549289,1,0.4652221202850342
ACH-000113,9549297,1,0.13217294216156006
ACH-000113,97489,0,0.12385541200637817
ACH-000113,9826308,1,0.5128807425498962
ACH-000113,9829523,1,0.3974054753780365
ACH-000113,984170,1,0.16053372621536255
ACH-000113,9858940,1,0.4632350206375122
ACH-000113,9863776,1,0.7365045547485352
ACH-000113,9868037,1,0.3067520260810852
ACH-000113,9874913,0,0.18608756363391876
ACH-000113,9884685,1,0.20938296616077423
ACH-000113,9903786,1,0.4973585307598114
ACH-000113,9907093,0,0.21369026601314545
ACH-000113,9908783,0,0.09577412158250809
ACH-000113,9910224,0,0.08612683415412903
ACH-000113,9911830,0,0.08003497868776321
ACH-000113,9914412,0,0.4136689007282257
ACH-000113,9926054,1,0.3689640760421753
ACH-000113,9931954,0,0.12343074381351471
ACH-000113,9938202,0,0.1921909898519516
ACH-000113,9952773,0,0.250260591506958
ACH-000113,9956119,0,0.12190701812505722
ACH-000113,9956222,1,0.21424217522144318
ACH-000117,10027278,1,0.4907316565513611
ACH-000117,10074640,0,0.27117347717285156
ACH-000117,10077147,0,0.42423301935195923
ACH-000117,10109823,1,0.3209637999534607
ACH-000117,10113978,1,0.1885974407196045
ACH-000117,10127622,0,0.36649376153945923
ACH-000117,10184653,1,0.13885897397994995
ACH-000117,10341154,0,0.07941865175962448
ACH-000117,10368812,1,0.7080645561218262
ACH-000117,10377751,0,0.5700176954269409
ACH-000117,10459196,0,0.06839811056852341
ACH-000117,104741,0,0.236298069357872
ACH-000117,104842,0,0.6712998747825623
ACH-000117,107969,1,0.5476354956626892
ACH-000117,11152667,0,0.5497109889984131
ACH-000117,11175137,0,0.380247563123703
ACH-000117,11178236,1,0.4473855495452881
ACH-000117,11282283,0,0.1448720544576645
ACH-000117,11327430,0,0.10385524481534958
ACH-000117,11338033,1,0.490255206823349
ACH-000117,11373846,0,0.15800674259662628
ACH-000117,11455910,1,0.7803707718849182
ACH-000117,11485656,0,0.14173634350299835
ACH-000117,11488320,1,0.36678123474121094
ACH-000117,11493598,0,0.13283905386924744
ACH-000117,11507964,0,0.18472400307655334
ACH-000117,11511120,1,0.49127596616744995
ACH-000117,11609586,0,0.6174054145812988
ACH-000117,11617559,0,0.09137875586748123
ACH-000117,11624601,0,0.08073318749666214
ACH-000117,11625818,0,0.14626367390155792
ACH-000117,11634725,0,0.3283429741859436
ACH-000117,11640390,0,0.23406006395816803
ACH-000117,11647372,1,0.3928679823875427
ACH-000117,11667893,0,0.09097945690155029
ACH-000117,11707110,0,0.35526594519615173
ACH-000117,11713159,1,0.2930595874786377
ACH-000117,11754511,0,0.5276656150817871
ACH-000117,11784504,1,0.2678300738334656
ACH-000117,117918970,0,0.3008628785610199
ACH-000117,117996541,0,0.7057269215583801
ACH-000117,11960529,0,0.09549546986818314
ACH-000117,11977753,1,0.5405901074409485
ACH-000117,1206243,0,0.3686419427394867
ACH-000117,121596701,0,0.36608800292015076
ACH-000117,123631,0,0.08541309088468552
ACH-000117,126565,0,0.5957200527191162
ACH-000117,126941,0,0.24316853284835815
ACH-000117,13342,1,0.5266957879066467
ACH-000117,135398501,1,0.3296940326690674
ACH-000117,135398516,0,0.47140347957611084
ACH-000117,135410875,0,0.19090621173381805
ACH-000117,135418940,0,0.25255200266838074
ACH-000117,135421197,0,0.30357739329338074
ACH-000117,135423438,0,0.47232785820961
ACH-000117,135440466,0,0.22580868005752563
ACH-000117,135499520,0,0.15898795425891876
ACH-000117,135539077,1,0.3974050283432007
ACH-000117,135564599,0,0.08476105332374573
ACH-000117,135565082,0,0.49050095677375793
ACH-000117,135659062,0,0.25417500734329224
ACH-000117,135691163,0,0.5033226013183594
ACH-000117,136240579,0,0.1129474863409996
ACH-000117,1401,0,0.17010441422462463
ACH-000117,148124,0,0.6165151000022888
ACH-000117,156414,1,0.34056806564331055
ACH-000117,156422,0,0.10960894078016281
ACH-000117,159324,1,0.8211645483970642
ACH-000117,15953870,0,0.14837056398391724
ACH-000117,16095342,0,0.18113070726394653
ACH-000117,16123056,0,0.13284948468208313
ACH-000117,16218924,1,0.16195173561573029
ACH-000117,16659841,0,0.16456538438796997
ACH-000117,16681698,1,0.5082118511199951
ACH-000117,16720766,0,0.26603519916534424
ACH-000117,16722836,0,0.595720648765564
ACH-000117,16725726,0,0.16629816591739655
ACH-000117,16732433,0,0.12000329792499542
ACH-000117,16747388,0,0.41902655363082886
ACH-000117,16747683,1,0.6215283870697021
ACH-000117,176158,0,0.08221238106489182
ACH-000117,176167,0,0.35926124453544617
ACH-000117,17755052,1,0.48653697967529297
ACH-000117,216326,0,0.057796940207481384
ACH-000117,2314623,0,0.08744681626558304
ACH-000117,23582824,1,0.7661422491073608
ACH-000117,23725625,0,0.09045204520225525
ACH-000117,2375,0,0.08934295922517776
ACH-000117,24180719,0,0.16936533153057098
ACH-000117,24737642,0,0.31147679686546326
ACH-000117,24739943,1,0.6063178777694702
ACH-000117,24756910,1,0.38516807556152344
ACH-000117,24770514,0,0.38125938177108765
ACH-000117,24771867,0,0.2558014988899231
ACH-000117,24772043,0,0.554124653339386
ACH-000117,24772860,0,0.6033790707588196
ACH-000117,24776445,0,0.09032786637544632
ACH-000117,24785538,1,0.46402814984321594
ACH-000117,24826799,0,0.25967729091644287
ACH-000117,24889392,0,0.06668847054243088
ACH-000117,24894414,0,0.12255959212779999
ACH-000117,24951314,1,0.6807299256324768
ACH-000117,24964624,1,0.31676819920539856
ACH-000117,24978538,0,0.39478856325149536
ACH-000117,25022668,1,0.4299648702144623
ACH-000117,25102847,0,0.26935237646102905
ACH-000117,25124816,0,0.0959404855966568
ACH-000117,25126798,0,0.088286854326725
ACH-000117,25167777,1,0.5420686602592468
ACH-000117,25195294,1,0.7299708724021912
ACH-000117,25226117,0,0.15358510613441467
ACH-000117,25226483,1,0.7350927591323853
ACH-000117,25227436,1,0.5329110622406006
ACH-000117,25254071,1,0.531840443611145
ACH-000117,25257557,0,0.2857728898525238
ACH-000117,25260757,1,0.37030988931655884
ACH-000117,25262792,1,0.43571898341178894
ACH-000117,25262965,1,0.425608366727829
ACH-000117,2733526,0,0.12947672605514526
ACH-000117,300471,0,0.8081088662147522
ACH-000117,3005532,1,0.11180844157934189
ACH-000117,3101542,0,0.09935593605041504
ACH-000117,31703,1,0.7046893835067749
ACH-000117,3218,1,0.554294228553772
ACH-000117,3372016,0,0.14254681766033173
ACH-000117,3385,0,0.7520677447319031
ACH-000117,3463933,1,0.6756181716918945
ACH-000117,36462,1,0.7798753976821899
ACH-000117,3796,0,0.1254098266363144
ACH-000117,3827738,0,0.1494409292936325
ACH-000117,4248455,0,0.27608737349510193
ACH-000117,42623900,1,0.2876947522163391
ACH-000117,42628507,0,0.5255874395370483
ACH-000117,42628535,0,0.3095143139362335
ACH-000117,42640,0,0.4509299397468567
ACH-000117,42642645,0,0.4756418466567993
ACH-000117,44137675,0,0.2703728973865509
ACH-000117,44143370,0,0.24469783902168274
ACH-000117,44182295,0,0.4616403877735138
ACH-000117,44224257,0,0.4693240523338318
ACH-000117,44462760,0,0.2278183251619339
ACH-000117,444732,0,0.5429555177688599
ACH-000117,444795,1,0.20692339539527893
ACH-000117,44551660,1,0.6268344521522522
ACH-000117,44632017,1,0.46227189898490906
ACH-000117,446378,1,0.6296287178993225
ACH-000117,447912,0,0.30493849515914917
ACH-000117,448013,1,0.6911861896514893
ACH-000117,45258277,0,0.3329649865627289
ACH-000117,46006640,0,0.15699224174022675
ACH-000117,46191454,0,0.5715059041976929
ACH-000117,46192505,0,0.16085369884967804
ACH-000117,46224516,1,0.5579647421836853
ACH-000117,46244454,1,0.6326985955238342
ACH-000117,46843648,0,0.46396738290786743
ACH-000117,46843772,0,0.31006920337677
ACH-000117,46883536,0,0.0775778740644455
ACH-000117,46885626,0,0.4295341670513153
ACH-000117,46893585,0,0.24646231532096863
ACH-000117,46907787,1,0.3429911136627197
ACH-000117,46926973,0,0.1763903796672821
ACH-000117,46937430,0,0.09254666417837143
ACH-000117,46943432,0,0.23430828750133514
ACH-000117,479503,1,0.6702520847320557
ACH-000117,49806720,0,0.06882815062999725
ACH-000117,49831044,0,0.64484041929245
ACH-000117,49847690,1,0.3584086000919342
ACH-000117,49850262,0,0.1312122792005539
ACH-000117,5081913,0,0.5710165500640869
ACH-000117,51039095,0,0.32867518067359924
ACH-000117,5113032,0,0.07851666957139969
ACH-000117,51358113,1,0.6554038524627686
ACH-000117,51371303,0,0.1930026412010193
ACH-000117,521106,1,0.45802146196365356
ACH-000117,5278396,0,0.09438811987638474
ACH-000117,5280757,1,0.10865813493728638
ACH-000117,5287969,1,0.47019168734550476
ACH-000117,52912189,1,0.4224938154220581
ACH-000117,52913813,0,0.1669510453939438
ACH-000117,5311,1,0.600571870803833
ACH-000117,5311497,1,0.4139082431793213
ACH-000117,5328940,0,0.11546038836240768
ACH-000117,53302361,1,0.389296293258667
ACH-000117,5330286,0,0.40972700715065
ACH-000117,53315878,0,0.07654837518930435
ACH-000117,53340664,0,0.35350918769836426
ACH-000117,53340666,1,0.5592608451843262
ACH-000117,5351307,0,0.6537609696388245
ACH-000117,5360373,1,0.40892842411994934
ACH-000117,5394,0,0.07491528242826462
ACH-000117,5460033,0,0.6263136267662048
ACH-000117,54676905,0,0.054831936955451965
ACH-000117,54685215,0,0.057067595422267914
ACH-000117,560326,1,0.8152424097061157
ACH-000117,56599306,0,0.3463747799396515
ACH-000117,56962337,0,0.11228654533624649
ACH-000117,56965967,0,0.5787209272384644
ACH-000117,57339144,0,0.07083689421415329
ACH-000117,57340680,1,0.35632362961769104
ACH-000117,5746,1,0.7804956436157227
ACH-000117,57519544,0,0.2218010574579239
ACH-000117,58423153,0,0.1547367125749588
ACH-000117,60750,1,0.8091164827346802
ACH-000117,6253,0,0.6416604518890381
ACH-000117,637858,1,0.6014759540557861
ACH-000117,644241,0,0.1412336826324463
ACH-000117,644243,0,0.08064272254705429
ACH-000117,6445533,1,0.5588098168373108
ACH-000117,6445562,0,0.23587368428707123
ACH-000117,6450551,0,0.181878000497818
ACH-000117,6450816,0,0.4247165620326996
ACH-000117,6505803,1,0.3310460150241852
ACH-000117,65110,0,0.40451115369796753
ACH-000117,66577038,0,0.10399672389030457
ACH-000117,68234129,0,0.3284897804260254
ACH-000117,68289010,0,0.10136653482913971
ACH-000117,6852167,1,0.5329495072364807
ACH-000117,6914657,0,0.3606248199939728
ACH-000117,6918289,1,0.3068315386772156
ACH-000117,6918454,0,0.3551224172115326
ACH-000117,6918638,1,0.5329847931861877
ACH-000117,6918837,1,0.5945087671279907
ACH-000117,6918848,1,0.7128561735153198
ACH-000117,69923936,0,0.47851377725601196
ACH-000117,704473,0,0.15902066230773926
ACH-000117,71271629,0,0.36190930008888245
ACH-000117,71299339,0,0.11880530416965485
ACH-000117,71729975,0,0.4847552478313446
ACH-000117,73265211,0,0.06749258935451508
ACH-000117,73265214,0,0.18355581164360046
ACH-000117,73707530,0,0.6318422555923462
ACH-000117,73755109,0,0.17183300852775574
ACH-000117,76685059,1,0.3662707507610321
ACH-000117,77232197,1,0.6629831194877625
ACH-000117,78243717,0,0.07859335094690323
ACH-000117,82146,0,0.5023027658462524
ACH-000117,8249,0,0.6588540077209473
ACH-000117,90488984,0,0.0642315223813057
ACH-000117,92577,0,0.09974123537540436
ACH-000117,9549289,0,0.4974654018878937
ACH-000117,9549297,0,0.11031972616910934
ACH-000117,97489,0,0.1221853643655777
ACH-000117,9826528,1,0.63800048828125
ACH-000117,9829523,1,0.36147651076316833
ACH-000117,984170,0,0.1271331012248993
ACH-000117,9858940,0,0.47625288367271423
ACH-000117,9863776,1,0.677122950553894
ACH-000117,9868037,0,0.31030577421188354
ACH-000117,9874913,0,0.18408112227916718
ACH-000117,9884685,0,0.21137095987796783
ACH-000117,9903786,0,0.4967634677886963
ACH-000117,9908783,0,0.09085137397050858
ACH-000117,9910224,0,0.07260196655988693
ACH-000117,9911830,0,0.07085192948579788
ACH-000117,9914412,0,0.3740256428718567
ACH-000117,9926054,0,0.38129711151123047
ACH-000117,9931954,0,0.10834692418575287
ACH-000117,9938202,0,0.18203207850456238
ACH-000117,9952773,0,0.27744364738464355
ACH-000117,9956119,0,0.11724652349948883
ACH-000117,9956222,1,0.1807708591222763
ACH-000132,10074640,0,0.23280104994773865
ACH-000132,10077147,1,0.3855501413345337
ACH-000132,10127622,1,0.36305344104766846
ACH-000132,10184653,1,0.16310930252075195
ACH-000132,10341154,0,0.07757142186164856
ACH-000132,10368812,1,0.6258156299591064
ACH-000132,10377751,0,0.5965339541435242
ACH-000132,10459196,0,0.07571566104888916
ACH-000132,104741,0,0.2394574135541916
ACH-000132,104842,1,0.6354078650474548
ACH-000132,107969,1,0.558195948600769
ACH-000132,11152667,1,0.520297646522522
ACH-000132,11175137,0,0.39001232385635376
ACH-000132,11178236,1,0.4216175079345703
ACH-000132,11282283,0,0.18904238939285278
ACH-000132,11327430,0,0.11429565399885178
ACH-000132,11338033,0,0.5021076202392578
ACH-000132,11373846,0,0.1500810831785202
ACH-000132,11455910,1,0.7617338299751282
ACH-000132,11485656,0,0.1493736058473587
ACH-000132,11488320,1,0.3749971389770508
ACH-000132,11493598,0,0.12951838970184326
ACH-000132,11507964,0,0.207100510597229
ACH-000132,11511120,1,0.4661368429660797
ACH-000132,11609586,0,0.643534779548645
ACH-000132,11617559,0,0.09047400206327438
ACH-000132,11624601,0,0.0829375758767128
ACH-000132,11625818,0,0.15564724802970886
ACH-000132,11634725,0,0.32223233580589294
ACH-000132,11647372,1,0.3658871650695801
ACH-000132,11667893,0,0.1034587174654007
ACH-000132,11707110,1,0.3295550048351288
ACH-000132,11754511,0,0.5621182918548584
ACH-000132,117918970,0,0.334214985370636
ACH-000132,117996541,1,0.719119668006897
ACH-000132,11960529,0,0.10574166476726532
ACH-000132,11977753,1,0.4907797574996948
ACH-000132,1206243,0,0.40276896953582764
ACH-000132,121596701,0,0.3519306480884552
ACH-000132,123631,0,0.0977831706404686
ACH-000132,126565,1,0.5507200360298157
ACH-000132,126941,0,0.26984816789627075
ACH-000132,13342,1,0.500199019908905
ACH-000132,135398501,0,0.30660945177078247
ACH-000132,135398516,1,0.44201022386550903
ACH-000132,135410875,0,0.22365981340408325
ACH-000132,135418940,1,0.26241335272789
ACH-000132,135423438,0,0.41370055079460144
ACH-000132,135440466,0,0.23937058448791504
ACH-000132,135499520,0,0.1646307408809662
ACH-000132,135564599,0,0.08859147876501083
ACH-000132,135565082,1,0.4317047894001007
ACH-000132,135659062,0,0.23599684238433838
ACH-000132,135691163,1,0.4812532663345337
ACH-000132,136240579,0,0.11154413223266602
ACH-000132,1401,0,0.1851481944322586
ACH-000132,148124,1,0.6376898288726807
ACH-000132,156414,1,0.3572074770927429
ACH-000132,156422,0,0.13065984845161438
ACH-000132,15953870,0,0.15542173385620117
ACH-000132,16095342,0,0.20769450068473816
ACH-000132,16123056,0,0.14282794296741486
ACH-000132,16218924,0,0.1607162058353424
ACH-000132,16659841,0,0.17683345079421997
ACH-000132,16722836,0,0.5636559128761292
ACH-000132,16725726,0,0.20431317389011383
ACH-000132,16732433,0,0.13038092851638794
ACH-000132,16747388,0,0.3720022737979889
ACH-000132,16747683,1,0.5726464986801147
ACH-000132,176158,0,0.08883742988109589
ACH-000132,176167,1,0.357516348361969
ACH-000132,17755052,1,0.4977111518383026
ACH-000132,216326,0,0.057210035622119904
ACH-000132,2314623,0,0.08711299300193787
ACH-000132,23582824,1,0.737945556640625
ACH-000132,23725625,0,0.09847353398799896
ACH-000132,2375,0,0.09637171030044556
ACH-000132,24180719,0,0.1861858367919922
ACH-000132,24737642,1,0.3304503560066223
ACH-000132,24739943,1,0.596533477306366
ACH-000132,24756910,1,0.368958979845047
ACH-000132,24770514,0,0.37093695998191833
ACH-000132,24771867,0,0.2587045729160309
ACH-000132,24772043,1,0.5435312986373901
ACH-000132,24772860,1,0.5802133083343506
ACH-000132,24776445,0,0.09541640430688858
ACH-000132,24889392,0,0.08803956210613251
ACH-000132,24894414,0,0.15618789196014404
ACH-000132,24951314,1,0.6722314953804016
ACH-000132,24964624,1,0.2974245846271515
ACH-000132,24978538,0,0.3808223307132721
ACH-000132,25102847,0,0.27800261974334717
ACH-000132,25126798,0,0.09207142144441605
ACH-000132,25167777,1,0.49312490224838257
ACH-000132,25195294,1,0.7232890725135803
ACH-000132,25226117,0,0.18017706274986267
ACH-000132,25226483,1,0.7298705577850342
ACH-000132,25227436,0,0.5355156660079956
ACH-000132,25254071,1,0.4905894100666046
ACH-000132,25257557,0,0.2579018473625183
ACH-000132,25260757,1,0.3602146506309509
ACH-000132,25262792,1,0.4098187983036041
ACH-000132,25262965,1,0.4076974391937256
ACH-000132,2733526,0,0.1450522541999817
ACH-000132,300471,1,0.7797268033027649
ACH-000132,3101542,0,0.10894852131605148
ACH-000132,31703,1,0.6732878684997559
ACH-000132,3372016,0,0.1373777836561203
ACH-000132,3385,0,0.7042146921157837
ACH-000132,3796,0,0.1332143247127533
ACH-000132,3827738,0,0.14520253241062164
ACH-000132,4248455,0,0.2906322181224823
ACH-000132,42628507,0,0.5103604793548584
ACH-000132,42628535,0,0.31960538029670715
ACH-000132,42640,1,0.4406585395336151
ACH-000132,42642645,1,0.453701376914978
ACH-000132,44137675,1,0.29723432660102844
ACH-000132,44143370,1,0.26132890582084656
ACH-000132,44182295,1,0.4272530674934387
ACH-000132,44224257,1,0.39795446395874023
ACH-000132,44462760,0,0.24653711915016174
ACH-000132,444732,1,0.5228163003921509
ACH-000132,444795,0,0.2438550591468811
ACH-000132,44551660,1,0.590363621711731
ACH-000132,447912,0,0.2838153839111328
ACH-000132,45258277,1,0.3594008982181549
ACH-000132,46006640,0,0.14621317386627197
ACH-000132,46191454,0,0.5671681761741638
ACH-000132,46192505,0,0.1636803150177002
ACH-000132,46224516,0,0.5410493612289429
ACH-000132,46244454,1,0.6307406425476074
ACH-000132,46843648,0,0.4486622214317322
ACH-000132,46843772,0,0.271401971578598
ACH-000132,46883536,0,0.0818069577217102
ACH-000132,46885626,0,0.39911505579948425
ACH-000132,46893585,0,0.22731970250606537
ACH-000132,46907787,0,0.34695032238960266
ACH-000132,46926973,0,0.17814570665359497
ACH-000132,46937430,0,0.0988958477973938
ACH-000132,46943432,0,0.24459390342235565
ACH-000132,49806720,0,0.08808068931102753
ACH-000132,49831044,0,0.6510785818099976
ACH-000132,49847690,1,0.3436453640460968
ACH-000132,49850262,0,0.12785422801971436
ACH-000132,5081913,1,0.5112767815589905
ACH-000132,51039095,0,0.2986712157726288
ACH-000132,5113032,0,0.08652245998382568
ACH-000132,51358113,1,0.5956302881240845
ACH-000132,51371303,0,0.19045187532901764
ACH-000132,5278396,0,0.10399207472801208
ACH-000132,5287969,1,0.4232498109340668
ACH-000132,52912189,1,0.41792061924934387
ACH-000132,52913813,1,0.19094081223011017
ACH-000132,5311,1,0.5674330592155457
ACH-000132,5328940,1,0.13224491477012634
ACH-000132,5330286,1,0.37762001156806946
ACH-000132,53315878,0,0.09258593618869781
ACH-000132,53340664,1,0.31206122040748596
ACH-000132,53340666,1,0.5335708856582642
ACH-000132,5351307,1,0.6198070049285889
ACH-000132,5394,0,0.0787176638841629
ACH-000132,5460033,0,0.5903187990188599
ACH-000132,54685215,0,0.0617043599486351
ACH-000132,56599306,0,0.30094459652900696
ACH-000132,56962337,0,0.14518041908740997
ACH-000132,56965967,1,0.5576030611991882
ACH-000132,57339144,0,0.07577351480722427
ACH-000132,57340680,1,0.33550041913986206
ACH-000132,57519544,0,0.23282648622989655
ACH-000132,58423153,0,0.14660446345806122
ACH-000132,60750,1,0.7653889656066895
ACH-000132,6253,1,0.603039562702179
ACH-000132,637858,1,0.6110384464263916
ACH-000132,644241,0,0.13000939786434174
ACH-000132,6445562,1,0.2398844063282013
ACH-000132,6450551,0,0.2003144770860672
ACH-000132,6450816,0,0.3647463619709015
ACH-000132,6505803,0,0.36996740102767944
ACH-000132,65110,0,0.3849196434020996
ACH-000132,66577038,0,0.11054523289203644
ACH-000132,68234129,0,0.3241530954837799
ACH-000132,68289010,0,0.0988733246922493
ACH-000132,6852167,1,0.5067232847213745
ACH-000132,6914657,1,0.36230406165122986
ACH-000132,6918289,1,0.3460741639137268
ACH-000132,6918454,1,0.3391394019126892
ACH-000132,6918638,1,0.49487394094467163
ACH-000132,6918837,1,0.5871926546096802
ACH-000132,6918848,1,0.6784322261810303
ACH-000132,69923936,0,0.42856794595718384
ACH-000132,704473,0,0.1572144478559494
ACH-000132,71271629,1,0.3614634871482849
ACH-000132,71299339,0,0.11671165376901627
ACH-000132,71729975,1,0.4899047613143921
ACH-000132,73265211,0,0.07110414654016495
ACH-000132,73265214,0,0.17349758744239807
ACH-000132,73707530,0,0.6577237248420715
ACH-000132,73755109,0,0.19079948961734772
ACH-000132,76685059,1,0.38022226095199585
ACH-000132,77232197,1,0.6153804659843445
ACH-000132,78243717,0,0.09008419513702393
ACH-000132,8249,0,0.6530780792236328
ACH-000132,90488984,0,0.06632045656442642
ACH-000132,9549289,1,0.49861830472946167
ACH-000132,9549297,0,0.11878468841314316
ACH-000132,97489,1,0.11855415999889374
ACH-000132,9826528,1,0.569553792476654
ACH-000132,984170,0,0.14185144007205963
ACH-000132,9858940,1,0.538071870803833
ACH-000132,9863776,1,0.664760410785675
ACH-000132,9868037,0,0.3100548982620239
ACH-000132,9874913,0,0.19045718014240265
ACH-000132,9884685,1,0.2137739062309265
ACH-000132,9903786,1,0.45730024576187134
ACH-000132,9908783,0,0.09849885106086731
ACH-000132,9910224,0,0.07537652552127838
ACH-000132,9911830,0,0.08046974986791611
ACH-000132,9914412,0,0.3957693576812744
ACH-000132,9926054,0,0.36067840456962585
ACH-000132,9931954,0,0.10752164572477341
ACH-000132,9938202,0,0.18087485432624817
ACH-000132,9952773,0,0.27825722098350525
ACH-000132,9956119,0,0.1298523247241974
ACH-000132,9956222,0,0.224802628159523
ACH-000137,10027278,1,0.45086798071861267
ACH-000137,10074640,1,0.3009176552295685
ACH-000137,10077147,1,0.4201018214225769
ACH-000137,10109823,1,0.29558926820755005
ACH-000137,10113978,0,0.18979325890541077
ACH-000137,10127622,0,0.376706063747406
ACH-000137,10172943,1,0.5129624605178833
ACH-000137,10184653,0,0.1601354479789734
ACH-000137,10302451,0,0.13482244312763214
ACH-000137,10341154,0,0.08298728615045547
ACH-000137,10368812,1,0.6563315987586975
ACH-000137,10377751,1,0.5834389925003052
ACH-000137,10384072,1,0.11257174611091614
ACH-000137,10459196,0,0.07808833569288254
ACH-000137,10461815,0,0.06708649545907974
ACH-000137,104741,0,0.23304852843284607
ACH-000137,104842,1,0.6026888489723206
ACH-000137,107969,1,0.5379772782325745
ACH-000137,11152667,1,0.5344704389572144
ACH-000137,11175137,1,0.39019638299942017
ACH-000137,11178236,1,0.464800089597702
ACH-000137,11282283,0,0.1722574383020401
ACH-000137,11327430,0,0.11952956765890121
ACH-000137,11338033,1,0.5099836587905884
ACH-000137,11364421,1,0.4730164408683777
ACH-000137,11373846,0,0.1857415735721588
ACH-000137,11455910,1,0.758457601070404
ACH-000137,11467730,0,0.3260047733783722
ACH-000137,11485656,0,0.149551123380661
ACH-000137,11488320,1,0.3917994499206543
ACH-000137,11493598,0,0.13369907438755035
ACH-000137,11507964,0,0.20713336765766144
ACH-000137,11511120,1,0.4775647521018982
ACH-000137,11609586,1,0.6047050952911377
ACH-000137,11617559,0,0.08677570521831512
ACH-000137,11624601,0,0.08493871986865997
ACH-000137,11625818,0,0.15122808516025543
ACH-000137,11626560,0,0.16830521821975708
ACH-000137,11626927,0,0.08557875454425812
ACH-000137,11634725,0,0.3186919689178467
ACH-000137,11640390,0,0.238905131816864
ACH-000137,11647372,1,0.36532196402549744
ACH-000137,11667893,0,0.09978808462619781
ACH-000137,11676786,1,0.16310887038707733
ACH-000137,11707110,1,0.36371830105781555
ACH-000137,11713159,1,0.2703935205936432
ACH-000137,11754511,0,0.5316608548164368
ACH-000137,11754711,1,0.48580530285835266
ACH-000137,11784504,0,0.2887665927410126
ACH-000137,117918970,1,0.3381046652793884
ACH-000137,117996541,1,0.656234860420227
ACH-000137,11844351,0,0.254462867975235
ACH-000137,11960529,0,0.09854912757873535
ACH-000137,11977753,1,0.46623000502586365
ACH-000137,1206243,1,0.40985584259033203
ACH-000137,121596701,1,0.3630102276802063
ACH-000137,123631,0,0.10417486727237701
ACH-000137,126565,1,0.5633454322814941
ACH-000137,126941,0,0.278557151556015
ACH-000137,13342,1,0.5177887678146362
ACH-000137,135398501,0,0.32385969161987305
ACH-000137,135398516,1,0.46754926443099976
ACH-000137,135410875,0,0.21290893852710724
ACH-000137,135418940,0,0.24178865551948547
ACH-000137,135421197,0,0.288679301738739
ACH-000137,135423438,0,0.47785723209381104
ACH-000137,135440466,1,0.23884296417236328
ACH-000137,135499520,0,0.1684112250804901
ACH-000137,135539077,1,0.4023812711238861
ACH-000137,135564599,0,0.09620702266693115
ACH-000137,135565082,1,0.4999021589756012
ACH-000137,135659062,0,0.27059778571128845
ACH-000137,135691163,1,0.5256239175796509
ACH-000137,136240579,1,0.12111745029687881
ACH-000137,1401,0,0.16635514795780182
ACH-000137,148124,1,0.6159552931785583
ACH-000137,156414,1,0.3521910011768341
ACH-000137,156422,0,0.11903002858161926
ACH-000137,159324,1,0.781183660030365
ACH-000137,15953870,1,0.17768898606300354
ACH-000137,160355,0,0.21064506471157074
ACH-000137,16038120,0,0.2706032991409302
ACH-000137,16095342,1,0.207722470164299
ACH-000137,16123056,0,0.14070911705493927
ACH-000137,16218924,0,0.15049369633197784
ACH-000137,16659841,1,0.18450231850147247
ACH-000137,16663089,1,0.2428608536720276
ACH-000137,16681698,1,0.4744315445423126
ACH-000137,16720766,1,0.2748429775238037
ACH-000137,16722836,1,0.561636745929718
ACH-000137,16725726,0,0.1683150827884674
ACH-000137,16732433,0,0.12582983076572418
ACH-000137,16747388,0,0.4176279306411743
ACH-000137,16747683,1,0.5718247890472412
ACH-000137,176158,0,0.0867588073015213
ACH-000137,176167,1,0.3632008731365204
ACH-000137,176870,0,0.12672723829746246
ACH-000137,17755052,1,0.49775752425193787
ACH-000137,208908,0,0.11363627761602402
ACH-000137,216239,1,0.29082000255584717
ACH-000137,216326,0,0.055764634162187576
ACH-000137,2314623,0,0.0820150375366211
ACH-000137,23582824,1,0.7141029834747314
ACH-000137,23725625,1,0.10256144404411316
ACH-000137,2375,0,0.09619198739528656
ACH-000137,24180719,1,0.17669956386089325
ACH-000137,24737642,1,0.3103305399417877
ACH-000137,24739943,1,0.5767296552658081
ACH-000137,24756910,1,0.3614969551563263
ACH-000137,24770514,1,0.36204177141189575
ACH-000137,24771867,0,0.23188374936580658
ACH-000137,24772043,1,0.5277937650680542
ACH-000137,24772860,1,0.5679831504821777
ACH-000137,24776445,0,0.09322479367256165
ACH-000137,24785538,1,0.45038390159606934
ACH-000137,24826799,1,0.26029956340789795
ACH-000137,24889392,0,0.07818211615085602
ACH-000137,24894414,0,0.13175742328166962
ACH-000137,24951314,1,0.661231279373169
ACH-000137,24964624,0,0.3018832802772522
ACH-000137,24978538,0,0.37519559264183044
ACH-000137,25022668,1,0.43268367648124695
ACH-000137,25102847,0,0.28560149669647217
ACH-000137,25124816,0,0.10835844278335571
ACH-000137,25126798,0,0.0852794423699379
ACH-000137,25167777,1,0.47729256749153137
ACH-000137,25195294,1,0.7221518158912659
ACH-000137,25226117,0,0.165471151471138
ACH-000137,25226483,1,0.6892297267913818
ACH-000137,25227436,1,0.5434194803237915
ACH-000137,25254071,1,0.5127301812171936
ACH-000137,25257557,1,0.286678671836853
ACH-000137,25260757,1,0.34931090474128723
ACH-000137,25262792,1,0.408165842294693
ACH-000137,25262965,0,0.39322301745414734
ACH-000137,2733526,0,0.13255703449249268
ACH-000137,300471,1,0.8237971067428589
ACH-000137,3005532,0,0.11604750156402588
ACH-000137,3062316,1,0.30753034353256226
ACH-000137,3101542,0,0.10523606836795807
ACH-000137,31703,1,0.6809757947921753
ACH-000137,3218,1,0.5370561480522156
ACH-000137,3372016,0,0.13672949373722076
ACH-000137,3385,1,0.7322044968605042
ACH-000137,3463933,1,0.6298125386238098
ACH-000137,36314,1,0.6164920330047607
ACH-000137,36462,1,0.7827916741371155
ACH-000137,3796,0,0.13520187139511108
ACH-000137,3827738,0,0.14311544597148895
ACH-000137,387447,1,0.6323792338371277
ACH-000137,4248455,0,0.26847633719444275
ACH-000137,4261,1,0.7274325489997864
ACH-000137,42623900,1,0.26625004410743713
ACH-000137,42628507,1,0.5086045861244202
ACH-000137,42628535,0,0.3160707354545593
ACH-000137,42640,0,0.44391366839408875
ACH-000137,42642645,1,0.4980771839618683
ACH-000137,44137675,1,0.2969217300415039
ACH-000137,44143370,0,0.2441977858543396
ACH-000137,44182295,0,0.4521600604057312
ACH-000137,44224257,0,0.4148397147655487
ACH-000137,442972,1,0.22654002904891968
ACH-000137,444732,1,0.516636312007904
ACH-000137,444795,0,0.2158380001783371
ACH-000137,44551660,1,0.5937191247940063
ACH-000137,44632017,1,0.41731080412864685
ACH-000137,446378,1,0.6130654811859131
ACH-000137,447912,0,0.2844819724559784
ACH-000137,448013,1,0.7048256993293762
ACH-000137,45258277,1,0.34677621722221375
ACH-000137,46006640,0,0.1687178909778595
ACH-000137,46191454,1,0.5830158591270447
ACH-000137,46192505,0,0.16319380700588226
ACH-000137,46224516,1,0.5441164374351501
ACH-000137,462382,1,0.5651827454566956
ACH-000137,46244454,1,0.6029715538024902
ACH-000137,46843648,0,0.4965347349643707
ACH-000137,46843772,1,0.3049713373184204
ACH-000137,46844147,0,0.29638153314590454
ACH-000137,46883536,0,0.08326926082372665
ACH-000137,46885626,1,0.4398166537284851
ACH-000137,46893585,0,0.23620149493217468
ACH-000137,46907787,1,0.3176391124725342
ACH-000137,46926973,0,0.17514578998088837
ACH-000137,46937430,0,0.09743718057870865
ACH-000137,46943432,0,0.2523205280303955
ACH-000137,479503,1,0.6772708296775818
ACH-000137,49806720,0,0.08163584023714066
ACH-000137,49831044,1,0.6274331212043762
ACH-000137,49847690,1,0.3172493278980255
ACH-000137,49850262,0,0.1251946985721588
ACH-000137,4993,1,0.5586498975753784
ACH-000137,5081913,1,0.5403324365615845
ACH-000137,51039095,1,0.3381776213645935
ACH-000137,5113032,0,0.0841207355260849
ACH-000137,51358113,1,0.5895659327507019
ACH-000137,51371303,0,0.1846720278263092
ACH-000137,521106,0,0.4410560429096222
ACH-000137,5278396,0,0.11147047579288483
ACH-000137,5280757,0,0.11407531797885895
ACH-000137,5284616,0,0.25111904740333557
ACH-000137,5287969,1,0.4739605486392975
ACH-000137,5291,0,0.13181829452514648
ACH-000137,52912189,1,0.3870101571083069
ACH-000137,52913813,0,0.20327143371105194
ACH-000137,5311,1,0.5570023655891418
ACH-000137,5311497,1,0.42033571004867554
ACH-000137,5311510,0,0.2815679609775543
ACH-000137,5328940,0,0.1400812715291977
ACH-000137,5329102,1,0.32111281156539917
ACH-000137,53302361,1,0.38131052255630493
ACH-000137,5330286,0,0.41913774609565735
ACH-000137,53315878,0,0.07998336851596832
ACH-000137,53340664,1,0.33086588978767395
ACH-000137,53340666,1,0.5398849248886108
ACH-000137,5351307,1,0.6325582265853882
ACH-000137,5360373,1,0.40642791986465454
ACH-000137,5394,0,0.08158277720212936
ACH-000137,5460033,1,0.6010206341743469
ACH-000137,54676905,0,0.06302139908075333
ACH-000137,54685215,0,0.059338487684726715
ACH-000137,5494449,0,0.3349466621875763
ACH-000137,560326,1,0.8024706244468689
ACH-000137,56599306,0,0.29624369740486145
ACH-000137,56962337,0,0.1312042474746704
ACH-000137,56965967,1,0.5731461048126221
ACH-000137,5717801,1,0.24712316691875458
ACH-000137,57339144,0,0.07025888562202454
ACH-000137,57340680,1,0.3720157742500305
ACH-000137,5746,1,0.785240650177002
ACH-000137,57519544,0,0.23308971524238586
ACH-000137,58423153,1,0.14878001809120178
ACH-000137,60750,1,0.7759828567504883
ACH-000137,6253,1,0.6222542524337769
ACH-000137,637858,1,0.6109943389892578
ACH-000137,644215,1,0.5036974549293518
ACH-000137,644241,0,0.14521244168281555
ACH-000137,644243,0,0.08140738308429718
ACH-000137,6445533,1,0.5281757712364197
ACH-000137,6445562,1,0.2383207231760025
ACH-000137,6450551,0,0.19249412417411804
ACH-000137,6450816,0,0.37313714623451233
ACH-000137,6473881,1,0.2197912186384201
ACH-000137,6505803,1,0.35789182782173157
ACH-000137,65110,0,0.4127424359321594
ACH-000137,66577038,0,0.10135707259178162
ACH-000137,68234129,1,0.3530709445476532
ACH-000137,68289010,0,0.09829457104206085
ACH-000137,6852167,1,0.547028124332428
ACH-000137,6914657,1,0.34502726793289185
ACH-000137,6918289,1,0.33826950192451477
ACH-000137,6918454,1,0.37797507643699646
ACH-000137,6918638,1,0.5090445876121521
ACH-000137,6918837,1,0.5473467707633972
ACH-000137,6918848,1,0.6345377564430237
ACH-000137,69923936,1,0.4378114640712738
ACH-000137,704473,0,0.15540778636932373
ACH-000137,71271629,1,0.3635288178920746
ACH-000137,71299339,0,0.11217106133699417
ACH-000137,71729975,1,0.5273957848548889
ACH-000137,73265211,0,0.07842977344989777
ACH-000137,73265214,1,0.17549657821655273
ACH-000137,73707530,1,0.6397212147712708
ACH-000137,73755109,0,0.18938113749027252
ACH-000137,76044,0,0.3831752836704254
ACH-000137,76685059,1,0.37672901153564453
ACH-000137,77232197,1,0.6130244135856628
ACH-000137,78243717,0,0.08523277193307877
ACH-000137,82146,0,0.5065966844558716
ACH-000137,8249,1,0.6761301755905151
ACH-000137,90488984,0,0.07280281186103821
ACH-000137,92577,0,0.10497681051492691
ACH-000137,9549184,1,0.22754226624965668
ACH-000137,9549289,0,0.4316791296005249
ACH-000137,9549297,0,0.13473117351531982
ACH-000137,97489,0,0.11204633861780167
ACH-000137,9826308,1,0.5325682163238525
ACH-000137,9826528,1,0.6013489961624146
ACH-000137,9829523,1,0.3612503111362457
ACH-000137,984170,0,0.14965753257274628
ACH-000137,9858940,1,0.4483584761619568
ACH-000137,9863776,1,0.713944137096405
ACH-000137,9868037,0,0.2923935651779175
ACH-000137,9874913,0,0.18577443063259125
ACH-000137,9884685,1,0.21986237168312073
ACH-000137,9903786,1,0.49860191345214844
ACH-000137,9907093,0,0.211775004863739
ACH-000137,9908783,0,0.09204944223165512
ACH-000137,9910224,0,0.07628832757472992
ACH-000137,9911830,0,0.07307455688714981
ACH-000137,9914412,0,0.4037996828556061
ACH-000137,9926054,1,0.3721862733364105
ACH-000137,9931954,1,0.1185636818408966
ACH-000137,9938202,0,0.17296233773231506
ACH-000137,9952773,0,0.24689316749572754
ACH-000137,9956119,0,0.10871261358261108
ACH-000137,9956222,0,0.2119520753622055
ACH-000159,10027278,1,0.4448108971118927
ACH-000159,10074640,0,0.28609180450439453
ACH-000159,10077147,0,0.4375563859939575
ACH-000159,10109823,1,0.3029968738555908
ACH-000159,10113978,0,0.19446876645088196
ACH-000159,10127622,1,0.3519051969051361
ACH-000159,10172943,1,0.5249415040016174
ACH-000159,10184653,0,0.15077681839466095
ACH-000159,10302451,1,0.11710641533136368
ACH-000159,10341154,0,0.07951498031616211
ACH-000159,10368812,1,0.6474981307983398
ACH-000159,10377751,0,0.5647707581520081
ACH-000159,10384072,0,0.11720366775989532
ACH-000159,10459196,0,0.08033907413482666
ACH-000159,10461815,0,0.06111205369234085
ACH-000159,104741,0,0.22820977866649628
ACH-000159,104842,1,0.6057854294776917
ACH-000159,107969,1,0.49526146054267883
ACH-000159,11152667,1,0.5396230816841125
ACH-000159,11175137,0,0.3942515254020691
ACH-000159,11178236,1,0.4658498764038086
ACH-000159,11282283,0,0.17835764586925507
ACH-000159,11327430,0,0.10782374441623688
ACH-000159,11338033,1,0.49385249614715576
ACH-000159,11364421,0,0.4572985768318176
ACH-000159,11373846,0,0.1661226600408554
ACH-000159,11455910,1,0.7598676681518555
ACH-000159,11467730,1,0.3389897048473358
ACH-000159,11485656,0,0.14693665504455566
ACH-000159,11488320,0,0.3890621066093445
ACH-000159,11493598,0,0.14253273606300354
ACH-000159,11507964,0,0.19926148653030396
ACH-000159,11511120,1,0.4671507477760315
ACH-000159,11609586,0,0.6634578108787537
ACH-000159,11617559,0,0.08018355816602707
ACH-000159,11624601,0,0.07922084629535675
ACH-000159,11625818,1,0.15798969566822052
ACH-000159,11626560,0,0.1693667620420456
ACH-000159,11626927,0,0.08886025846004486
ACH-000159,11634725,0,0.2984819710254669
ACH-000159,11640390,0,0.2531096637248993
ACH-000159,11647372,1,0.38413941860198975
ACH-000159,11667893,0,0.08500730991363525
ACH-000159,11676786,0,0.1572510153055191
ACH-000159,11707110,0,0.37591421604156494
ACH-000159,11713159,0,0.269662469625473
ACH-000159,11754511,0,0.5358902215957642
ACH-000159,11754711,0,0.4876256287097931
ACH-000159,11784504,1,0.281996488571167
ACH-000159,117918970,0,0.32556504011154175
ACH-000159,117996541,1,0.6628820300102234
ACH-000159,11844351,1,0.24508967995643616
ACH-000159,11960529,0,0.09890115261077881
ACH-000159,11977753,1,0.49667367339134216
ACH-000159,1206243,0,0.4030386507511139
ACH-000159,121596701,1,0.3525061011314392
ACH-000159,123631,0,0.09073188900947571
ACH-000159,126565,1,0.5728877782821655
ACH-000159,126941,0,0.2867279052734375
ACH-000159,13342,1,0.5167496204376221
ACH-000159,135398501,0,0.34233832359313965
ACH-000159,135398516,1,0.4934160113334656
ACH-000159,135410875,0,0.23038350045681
ACH-000159,135418940,0,0.23919066786766052
ACH-000159,135421197,0,0.2987775504589081
ACH-000159,135423438,1,0.4817288815975189
ACH-000159,135440466,1,0.22087079286575317
ACH-000159,135499520,0,0.16213440895080566
ACH-000159,135539077,1,0.3875679671764374
ACH-000159,135564599,0,0.09578276425600052
ACH-000159,135565082,0,0.48470538854599
ACH-000159,135659062,0,0.2858614921569824
ACH-000159,135691163,0,0.500598132610321
ACH-000159,136240579,0,0.10705062747001648
ACH-000159,1401,0,0.15382789075374603
ACH-000159,148124,0,0.5963599681854248
ACH-000159,156414,1,0.32587894797325134
ACH-000159,156422,0,0.10978428274393082
ACH-000159,159324,1,0.7878177762031555
ACH-000159,15953870,0,0.151768296957016
ACH-000159,160355,0,0.20659597218036652
ACH-000159,16038120,1,0.2622460424900055
ACH-000159,16095342,0,0.17862290143966675
ACH-000159,16123056,0,0.14080911874771118
ACH-000159,16218924,0,0.16321144998073578
ACH-000159,16659841,0,0.1722908318042755
ACH-000159,16663089,0,0.23124819993972778
ACH-000159,16681698,1,0.4794807732105255
ACH-000159,16720766,1,0.28910744190216064
ACH-000159,16722836,1,0.5323470234870911
ACH-000159,16725726,0,0.16605833172798157
ACH-000159,16732433,0,0.10605626553297043
ACH-000159,16747388,0,0.4229818880558014
ACH-000159,16747683,1,0.592896580696106
ACH-000159,176158,0,0.08542796969413757
ACH-000159,176167,0,0.3933844268321991
ACH-000159,176870,1,0.12924686074256897
ACH-000159,17755052,1,0.48900797963142395
ACH-000159,208908,1,0.11151953041553497
ACH-000159,216239,0,0.27859511971473694
ACH-000159,216326,0,0.05510692670941353
ACH-000159,2314623,0,0.07594551146030426
ACH-000159,23582824,1,0.7170164585113525
ACH-000159,23725625,0,0.09653200209140778
ACH-000159,2375,0,0.09920285642147064
ACH-000159,24180719,0,0.15634916722774506
ACH-000159,24737642,0,0.29037854075431824
ACH-000159,24739943,1,0.6042856574058533
ACH-000159,24756910,0,0.34844961762428284
ACH-000159,24770514,1,0.3685026168823242
ACH-000159,24771867,0,0.2663940191268921
ACH-000159,24772043,1,0.4927191138267517
ACH-000159,24772860,1,0.5600398182868958
ACH-000159,24776445,0,0.0878191664814949
ACH-000159,24785538,1,0.4354000985622406
ACH-000159,24826799,0,0.23227271437644958
ACH-000159,24889392,0,0.06959483027458191
ACH-000159,24894414,0,0.121949702501297
ACH-000159,24951314,1,0.6194287538528442
ACH-000159,24964624,1,0.311591237783432
ACH-000159,24978538,0,0.3710210621356964
ACH-000159,25022668,0,0.43617841601371765
ACH-000159,25102847,0,0.3024522066116333
ACH-000159,25124816,0,0.10646893084049225
ACH-000159,25126798,0,0.08354584127664566
ACH-000159,25167777,1,0.5032603740692139
ACH-000159,25195294,1,0.7430840134620667
ACH-000159,25226117,0,0.16493353247642517
ACH-000159,25226483,1,0.7072898745536804
ACH-000159,25227436,1,0.5025021433830261
ACH-000159,25254071,1,0.5090118646621704
ACH-000159,25257557,0,0.28364428877830505
ACH-000159,25260757,1,0.3234789967536926
ACH-000159,25262792,1,0.4048157036304474
ACH-000159,25262965,1,0.3967118561267853
ACH-000159,2733526,0,0.12852154672145844
ACH-000159,300471,1,0.8409847617149353
ACH-000159,3005532,0,0.10940834134817123
ACH-000159,3062316,1,0.28312668204307556
ACH-000159,3101542,0,0.10678411275148392
ACH-000159,31703,1,0.6834628582000732
ACH-000159,3218,1,0.5017620325088501
ACH-000159,3372016,0,0.14523789286613464
ACH-000159,3385,0,0.6891226768493652
ACH-000159,3463933,1,0.6477560997009277
ACH-000159,36314,1,0.6058964133262634
ACH-000159,36462,1,0.7861023545265198
ACH-000159,3796,0,0.1311342716217041
ACH-000159,3827738,0,0.15305347740650177
ACH-000159,387447,1,0.654133677482605
ACH-000159,4248455,0,0.24785691499710083
ACH-000159,4261,1,0.7344111204147339
ACH-000159,42623900,0,0.2994581162929535
ACH-000159,42628507,1,0.5070074200630188
ACH-000159,42628535,0,0.31095823645591736
ACH-000159,42640,0,0.4342588782310486
ACH-000159,42642645,1,0.4672473669052124
ACH-000159,44137675,1,0.29390257596969604
ACH-000159,44143370,1,0.23335185647010803
ACH-000159,44182295,0,0.4302561283111572
ACH-000159,44224257,0,0.402079701423645
ACH-000159,442972,1,0.21546226739883423
ACH-000159,44462760,0,0.23449201881885529
ACH-000159,444732,0,0.4864048957824707
ACH-000159,444795,0,0.20906104147434235
ACH-000159,44551660,1,0.640756368637085
ACH-000159,44632017,0,0.4118938446044922
ACH-000159,446378,1,0.6067187190055847
ACH-000159,447912,0,0.2837936282157898
ACH-000159,448013,1,0.7050168514251709
ACH-000159,45258277,0,0.3217797875404358
ACH-000159,46006640,0,0.1640988290309906
ACH-000159,46191454,0,0.5808968544006348
ACH-000159,46192505,0,0.15027177333831787
ACH-000159,46224516,1,0.5405750274658203
ACH-000159,462382,1,0.5906900763511658
ACH-000159,46244454,1,0.6037898659706116
ACH-000159,46843648,0,0.48627758026123047
ACH-000159,46843772,0,0.3045145273208618
ACH-000159,46844147,0,0.29407480359077454
ACH-000159,46883536,0,0.07752273231744766
ACH-000159,46885626,1,0.4478244483470917
ACH-000159,46893585,0,0.23212282359600067
ACH-000159,46907787,1,0.3194267749786377
ACH-000159,46926973,0,0.14273594319820404
ACH-000159,46937430,0,0.09657691419124603
ACH-000159,46943432,0,0.25770360231399536
ACH-000159,479503,1,0.6458076238632202
ACH-000159,49806720,0,0.0817570835351944
ACH-000159,49831044,0,0.6357372999191284
ACH-000159,49847690,0,0.31963926553726196
ACH-000159,49850262,1,0.12830565869808197
ACH-000159,4993,1,0.5367944836616516
ACH-000159,5081913,1,0.5202265977859497
ACH-000159,51039095,0,0.32789289951324463
ACH-000159,5113032,0,0.07598365843296051
ACH-000159,51358113,1,0.5885207056999207
ACH-000159,51371303,0,0.17508530616760254
ACH-000159,521106,0,0.4302900731563568
ACH-000159,5278396,0,0.09576567262411118
ACH-000159,5280757,0,0.10922423005104065
ACH-000159,5287969,1,0.4654272794723511
ACH-000159,5291,0,0.11480147391557693
ACH-000159,52912189,0,0.44206297397613525
ACH-000159,52913813,1,0.18347352743148804
ACH-000159,5311,1,0.5413450598716736
ACH-000159,5311497,1,0.4389149844646454
ACH-000159,5311510,0,0.264798641204834
ACH-000159,5328940,0,0.13088910281658173
ACH-000159,5329102,1,0.28596583008766174
ACH-000159,53302361,1,0.35250067710876465
ACH-000159,5330286,1,0.4112357795238495
ACH-000159,53315878,0,0.07522189617156982
ACH-000159,53340664,1,0.30991098284721375
ACH-000159,53340666,1,0.5347690582275391
ACH-000159,5351307,1,0.6229526400566101
ACH-000159,5360373,1,0.40634360909461975
ACH-000159,5394,0,0.07621442526578903
ACH-000159,5460033,1,0.5951048731803894
ACH-000159,54676905,0,0.06168645620346069
ACH-000159,54685215,0,0.06394062936306
ACH-000159,5494449,0,0.2983819842338562
ACH-000159,560326,1,0.7985062003135681
ACH-000159,56599306,0,0.32193517684936523
ACH-000159,56962337,0,0.12326230108737946
ACH-000159,56965967,0,0.5901317000389099
ACH-000159,5717801,0,0.2385374903678894
ACH-000159,57339144,0,0.06771814078092575
ACH-000159,57340680,1,0.35327959060668945
ACH-000159,5746,1,0.765653669834137
ACH-000159,57519544,0,0.19853919744491577
ACH-000159,58423153,0,0.1581200510263443
ACH-000159,60750,1,0.7566128969192505
ACH-000159,6253,1,0.6059003472328186
ACH-000159,637858,1,0.5830041766166687
ACH-000159,644215,1,0.5220984816551208
ACH-000159,644241,0,0.1329425424337387
ACH-000159,644243,0,0.08003604412078857
ACH-000159,6445533,1,0.5077784657478333
ACH-000159,6445562,1,0.23017200827598572
ACH-000159,6450551,0,0.20137245953083038
ACH-000159,6450816,0,0.36810502409935
ACH-000159,6473881,0,0.21096886694431305
ACH-000159,6505803,1,0.3494965434074402
ACH-000159,65110,0,0.4074011445045471
ACH-000159,66577038,0,0.0962287038564682
ACH-000159,68234129,0,0.3535768985748291
ACH-000159,68289010,0,0.09586501121520996
ACH-000159,6852167,1,0.5346425175666809
ACH-000159,6914657,1,0.3395686745643616
ACH-000159,6918289,1,0.3123950958251953
ACH-000159,6918454,1,0.33766043186187744
ACH-000159,6918638,1,0.4963018000125885
ACH-000159,6918837,1,0.5393074154853821
ACH-000159,6918848,1,0.6583181619644165
ACH-000159,69923936,1,0.44232892990112305
ACH-000159,704473,0,0.1467180699110031
ACH-000159,71271629,0,0.42003992199897766
ACH-000159,71299339,0,0.10760362446308136
ACH-000159,71729975,1,0.5779386758804321
ACH-000159,73265211,0,0.06949497014284134
ACH-000159,73265214,0,0.18572522699832916
ACH-000159,73707530,1,0.6422957181930542
ACH-000159,73755109,0,0.19366516172885895
ACH-000159,76044,0,0.3984920382499695
ACH-000159,76685059,0,0.3715706765651703
ACH-000159,77232197,0,0.6089298725128174
ACH-000159,78243717,0,0.07750437408685684
ACH-000159,82146,0,0.5028892159461975
ACH-000159,8249,1,0.6894641518592834
ACH-000159,90488984,0,0.06394633650779724
ACH-000159,92577,0,0.10421495139598846
ACH-000159,9549184,1,0.23150332272052765
ACH-000159,9549289,0,0.46119481325149536
ACH-000159,9549297,0,0.11874967068433762
ACH-000159,97489,0,0.1237354502081871
ACH-000159,9826308,1,0.5389069318771362
ACH-000159,9826528,1,0.5738286375999451
ACH-000159,9829523,1,0.40493446588516235
ACH-000159,984170,0,0.13323256373405457
ACH-000159,9858940,0,0.4693259000778198
ACH-000159,9863776,1,0.7072972059249878
ACH-000159,9868037,0,0.28347593545913696
ACH-000159,9874913,0,0.16728948056697845
ACH-000159,9884685,0,0.21883852779865265
ACH-000159,9903786,0,0.5162625312805176
ACH-000159,9907093,1,0.20463760197162628
ACH-000159,9908783,0,0.09810750186443329
ACH-000159,9910224,0,0.071914903819561
ACH-000159,9911830,0,0.06521330773830414
ACH-000159,9914412,0,0.3978520929813385
ACH-000159,9926054,1,0.3638199269771576
ACH-000159,9931954,0,0.11005493253469467
ACH-000159,9938202,0,0.16932861506938934
ACH-000159,9952773,0,0.2700456976890564
ACH-000159,9956119,0,0.10618273168802261
ACH-000159,9956222,0,0.21219635009765625
ACH-000169,10027278,1,0.3657776117324829
ACH-000169,10074640,0,0.24245372414588928
ACH-000169,10077147,0,0.3630562722682953
ACH-000169,10109823,0,0.2939301133155823
ACH-000169,10113978,0,0.19870996475219727
ACH-000169,10127622,1,0.3427291810512543
ACH-000169,10184653,0,0.16799184679985046
ACH-000169,10341154,0,0.08234785497188568
ACH-000169,10368812,1,0.6295734643936157
ACH-000169,10377751,0,0.6254178285598755
ACH-000169,10384072,0,0.12861353158950806
ACH-000169,10459196,0,0.08367069810628891
ACH-000169,104741,0,0.21576030552387238
ACH-000169,104842,1,0.5803735852241516
ACH-000169,107969,1,0.49596527218818665
ACH-000169,11152667,1,0.4794255197048187
ACH-000169,11175137,0,0.40806710720062256
ACH-000169,11178236,1,0.43986642360687256
ACH-000169,11282283,0,0.18245582282543182
ACH-000169,11327430,0,0.1250000149011612
ACH-000169,11338033,1,0.4311099052429199
ACH-000169,11373846,0,0.15303359925746918
ACH-000169,11455910,1,0.7221030592918396
ACH-000169,11485656,0,0.16766206920146942
ACH-000169,11488320,1,0.3585479259490967
ACH-000169,11493598,0,0.1396016925573349
ACH-000169,11507964,0,0.19959305226802826
ACH-000169,11511120,0,0.40693899989128113
ACH-000169,11609586,0,0.6827789545059204
ACH-000169,11617559,0,0.09974808245897293
ACH-000169,11624601,0,0.0956791490316391
ACH-000169,11625818,0,0.16504447162151337
ACH-000169,11634725,1,0.29655712842941284
ACH-000169,11640390,1,0.24741220474243164
ACH-000169,11647372,1,0.37779220938682556
ACH-000169,11667893,0,0.11690634489059448
ACH-000169,11707110,1,0.2865399718284607
ACH-000169,11713159,0,0.22711361944675446
ACH-000169,11754511,0,0.508021354675293
ACH-000169,11784504,0,0.27215811610221863
ACH-000169,117918970,1,0.36955907940864563
ACH-000169,117996541,1,0.7158161997795105
ACH-000169,11960529,0,0.10906650125980377
ACH-000169,11977753,1,0.42570754885673523
ACH-000169,1206243,0,0.3928265869617462
ACH-000169,121596701,0,0.3508621156215668
ACH-000169,123631,0,0.10277937352657318
ACH-000169,126565,0,0.5161758065223694
ACH-000169,126941,0,0.2480836659669876
ACH-000169,13342,1,0.45534002780914307
ACH-000169,135398501,0,0.3163907527923584
ACH-000169,135398516,1,0.4119260907173157
ACH-000169,135410875,0,0.21067488193511963
ACH-000169,135418940,0,0.2461828589439392
ACH-000169,135421197,0,0.3311261832714081
ACH-000169,135423438,1,0.4573622941970825
ACH-000169,135440466,1,0.22951503098011017
ACH-000169,135499520,0,0.16330525279045105
ACH-000169,135539077,1,0.40080705285072327
ACH-000169,135564599,0,0.09903877228498459
ACH-000169,135565082,1,0.47565630078315735
ACH-000169,135659062,0,0.30050668120384216
ACH-000169,135691163,1,0.4190331697463989
ACH-000169,136240579,0,0.1381419152021408
ACH-000169,1401,0,0.18447934091091156
ACH-000169,148124,1,0.5959416627883911
ACH-000169,156414,1,0.3510182797908783
ACH-000169,156422,0,0.1354372501373291
ACH-000169,159324,1,0.7900866270065308
ACH-000169,15953870,0,0.16621041297912598
ACH-000169,16095342,0,0.19273538887500763
ACH-000169,16123056,0,0.15153682231903076
ACH-000169,16218924,0,0.1859080046415329
ACH-000169,16659841,0,0.18724678456783295
ACH-000169,16681698,1,0.41656115651130676
ACH-000169,16720766,0,0.29294729232788086
ACH-000169,16722836,1,0.4661143720149994
ACH-000169,16725726,0,0.19577990472316742
ACH-000169,16732433,0,0.13342763483524323
ACH-000169,16747388,1,0.32280057668685913
ACH-000169,16747683,1,0.545380175113678
ACH-000169,176158,0,0.09869424253702164
ACH-000169,176167,0,0.3633876144886017
ACH-000169,17755052,1,0.46653857827186584
ACH-000169,216326,0,0.06803155690431595
ACH-000169,2314623,0,0.0932975709438324
ACH-000169,23582824,1,0.7426297664642334
ACH-000169,23725625,0,0.10720130056142807
ACH-000169,2375,0,0.09103114902973175
ACH-000169,24180719,0,0.16265535354614258
ACH-000169,24737642,0,0.28947949409484863
ACH-000169,24739943,1,0.5989747047424316
ACH-000169,24756910,1,0.31581607460975647
ACH-000169,24770514,0,0.3342685401439667
ACH-000169,24771867,0,0.25020307302474976
ACH-000169,24772043,1,0.4593595862388611
ACH-000169,24772860,1,0.47939735651016235
ACH-000169,24776445,0,0.09624885767698288
ACH-000169,24785538,1,0.4041339159011841
ACH-000169,24826799,0,0.20850872993469238
ACH-000169,24889392,0,0.09272803366184235
ACH-000169,24894414,0,0.15098552405834198
ACH-000169,24951314,1,0.5818434953689575
ACH-000169,24964624,1,0.2778060734272003
ACH-000169,24978538,1,0.32977065443992615
ACH-000169,25022668,0,0.41599801182746887
ACH-000169,25102847,0,0.2920331656932831
ACH-000169,25124816,0,0.10682623833417892
ACH-000169,25126798,0,0.09148150682449341
ACH-000169,25167777,1,0.48135414719581604
ACH-000169,25195294,1,0.7147783637046814
ACH-000169,25227436,0,0.50770503282547
ACH-000169,25254071,1,0.4714601933956146
ACH-000169,25257557,1,0.26784753799438477
ACH-000169,25260757,1,0.32315436005592346
ACH-000169,25262792,1,0.415646493434906
ACH-000169,25262965,0,0.41224709153175354
ACH-000169,2733526,0,0.16253405809402466
ACH-000169,300471,1,0.7834344506263733
ACH-000169,3005532,0,0.12678588926792145
ACH-000169,3101542,0,0.12464219331741333
ACH-000169,31703,1,0.6479647755622864
ACH-000169,3218,1,0.526367723941803
ACH-000169,3372016,0,0.150729238986969
ACH-000169,3385,0,0.6685783863067627
ACH-000169,3463933,1,0.5484263896942139
ACH-000169,36462,1,0.7622491717338562
ACH-000169,3796,0,0.140054851770401
ACH-000169,3827738,0,0.13540023565292358
ACH-000169,4248455,0,0.2811456620693207
ACH-000169,42623900,0,0.30456221103668213
ACH-000169,42628507,1,0.5116802453994751
ACH-000169,42640,1,0.4093058109283447
ACH-000169,42642645,1,0.4102155566215515
ACH-000169,44137675,0,0.3004705309867859
ACH-000169,44143370,1,0.2228086143732071
ACH-000169,44182295,1,0.3542560040950775
ACH-000169,44224257,1,0.36845147609710693
ACH-000169,44462760,0,0.21982575953006744
ACH-000169,444732,1,0.47933468222618103
ACH-000169,444795,0,0.23312526941299438
ACH-000169,44551660,0,0.5842002034187317
ACH-000169,44632017,1,0.36867666244506836
ACH-000169,446378,1,0.613116979598999
ACH-000169,447912,0,0.2555742859840393
ACH-000169,448013,1,0.6362935900688171
ACH-000169,45258277,1,0.33880868554115295
ACH-000169,46006640,0,0.16070139408111572
ACH-000169,46191454,0,0.5976095199584961
ACH-000169,46192505,0,0.1909927874803543
ACH-000169,46224516,1,0.5485355257987976
ACH-000169,46244454,1,0.5673296451568604
ACH-000169,46843648,0,0.43868929147720337
ACH-000169,46883536,0,0.07995318621397018
ACH-000169,46885626,0,0.45323944091796875
ACH-000169,46893585,0,0.2245013266801834
ACH-000169,46907787,1,0.3437231481075287
ACH-000169,46926973,1,0.22268910706043243
ACH-000169,46937430,0,0.11078572273254395
ACH-000169,46943432,1,0.2505815923213959
ACH-000169,479503,1,0.6216948628425598
ACH-000169,49806720,0,0.08899742364883423
ACH-000169,49831044,1,0.6445617079734802
ACH-000169,49847690,0,0.31609299778938293
ACH-000169,49850262,0,0.1351972371339798
ACH-000169,5081913,1,0.44640010595321655
ACH-000169,51039095,0,0.2872142791748047
ACH-000169,5113032,0,0.08968614041805267
ACH-000169,51358113,1,0.4934348165988922
ACH-000169,51371303,0,0.18458685278892517
ACH-000169,521106,0,0.44116511940956116
ACH-000169,5278396,0,0.1113022193312645
ACH-000169,5280757,0,0.13894914090633392
ACH-000169,5287969,1,0.42230239510536194
ACH-000169,52912189,1,0.4308835566043854
ACH-000169,52913813,0,0.18122561275959015
ACH-000169,5311,1,0.5079676508903503
ACH-000169,5311497,1,0.39345061779022217
ACH-000169,5328940,0,0.13658584654331207
ACH-000169,53302361,1,0.302942156791687
ACH-000169,5330286,0,0.379259318113327
ACH-000169,53315878,0,0.09934192150831223
ACH-000169,53340664,1,0.2773796021938324
ACH-000169,53340666,1,0.4934011995792389
ACH-000169,5351307,0,0.5910600423812866
ACH-000169,5360373,1,0.40972042083740234
ACH-000169,5394,0,0.08282164484262466
ACH-000169,5460033,0,0.5697524547576904
ACH-000169,54676905,0,0.0663042888045311
ACH-000169,54685215,0,0.06833941489458084
ACH-000169,560326,1,0.7824699282646179
ACH-000169,56599306,0,0.2854042947292328
ACH-000169,56962337,0,0.1457829773426056
ACH-000169,56965967,1,0.6000204682350159
ACH-000169,57339144,0,0.07995585352182388
ACH-000169,5746,1,0.7486279010772705
ACH-000169,57519544,1,0.2890789210796356
ACH-000169,58423153,0,0.1626308262348175
ACH-000169,60750,1,0.7274857759475708
ACH-000169,6253,1,0.5764861702919006
ACH-000169,637858,1,0.6327276229858398
ACH-000169,644241,0,0.12473881989717484
ACH-000169,644243,0,0.09365637600421906
ACH-000169,6445533,1,0.5090158581733704
ACH-000169,6445562,0,0.21663248538970947
ACH-000169,6450551,0,0.22266511619091034
ACH-000169,6450816,0,0.34859639406204224
ACH-000169,6505803,1,0.37225472927093506
ACH-000169,65110,0,0.4082389771938324
ACH-000169,66577038,0,0.119070865213871
ACH-000169,68234129,0,0.3318867087364197
ACH-000169,68289010,0,0.12225858867168427
ACH-000169,6852167,1,0.43911927938461304
ACH-000169,6914657,1,0.33256039023399353
ACH-000169,6918289,1,0.3452962040901184
ACH-000169,6918454,1,0.2886579632759094
ACH-000169,6918638,1,0.4609605371952057
ACH-000169,6918837,1,0.5524494647979736
ACH-000169,6918848,1,0.6824590563774109
ACH-000169,69923936,1,0.38021203875541687
ACH-000169,704473,0,0.19368386268615723
ACH-000169,71271629,1,0.3810160458087921
ACH-000169,71299339,0,0.10837502777576447
ACH-000169,71729975,1,0.5212011337280273
ACH-000169,73265211,0,0.07940821349620819
ACH-000169,73265214,0,0.15699973702430725
ACH-000169,73707530,1,0.6969916820526123
ACH-000169,73755109,0,0.1961132436990738
ACH-000169,76685059,1,0.36634209752082825
ACH-000169,77232197,1,0.5256665349006653
ACH-000169,78243717,0,0.09992914646863937
ACH-000169,82146,0,0.5278130769729614
ACH-000169,8249,0,0.620999276638031
ACH-000169,90488984,0,0.0753508135676384
ACH-000169,92577,0,0.10246314853429794
ACH-000169,9549289,1,0.5090709328651428
ACH-000169,9549297,0,0.11571747809648514
ACH-000169,97489,0,0.13139328360557556
ACH-000169,9826528,1,0.535171627998352
ACH-000169,9829523,0,0.39941492676734924
ACH-000169,984170,0,0.1564459204673767
ACH-000169,9858940,0,0.5231375694274902
ACH-000169,9863776,1,0.6263159513473511
ACH-000169,9868037,0,0.2720305919647217
ACH-000169,9874913,0,0.24060994386672974
ACH-000169,9884685,1,0.22374148666858673
ACH-000169,9903786,1,0.4719388484954834
ACH-000169,9908783,0,0.10607481747865677
ACH-000169,9910224,0,0.08225774019956589
ACH-000169,9911830,0,0.08677917718887329
ACH-000169,9914412,0,0.4009874761104584
ACH-000169,9926054,0,0.333986759185791
ACH-000169,9931954,0,0.129109188914299
ACH-000169,9938202,0,0.1635008007287979
ACH-000169,9952773,0,0.32127201557159424
ACH-000169,9956119,0,0.12078136950731277
ACH-000169,9956222,0,0.22547124326229095
ACH-000187,10074640,1,0.2803192436695099
ACH-000187,10377751,0,0.5764479637145996
ACH-000187,107969,0,0.5283335447311401
ACH-000187,11175137,1,0.42492157220840454
ACH-000187,11282283,0,0.1807027906179428
ACH-000187,11338033,1,0.45533788204193115
ACH-000187,11373846,1,0.17002789676189423
ACH-000187,11485656,0,0.15495581924915314
ACH-000187,11493598,0,0.13046598434448242
ACH-000187,11507964,0,0.20494718849658966
ACH-000187,11511120,1,0.4689745604991913
ACH-000187,11617559,0,0.10136651992797852
ACH-000187,11625818,0,0.15731017291545868
ACH-000187,11634725,0,0.2773909270763397
ACH-000187,11647372,1,0.3424306809902191
ACH-000187,11754511,1,0.5768992304801941
ACH-000187,135398501,1,0.3022671937942505
ACH-000187,135398516,1,0.3859666585922241
ACH-000187,135410875,1,0.2079378366470337
ACH-000187,135423438,1,0.4519001543521881
ACH-000187,135499520,0,0.14958703517913818
ACH-000187,135659062,0,0.266592413187027
ACH-000187,135691163,0,0.46232810616493225
ACH-000187,156414,1,0.3308814465999603
ACH-000187,16123056,0,0.14715829491615295
ACH-000187,16218924,0,0.15793399512767792
ACH-000187,16722836,1,0.5061419606208801
ACH-000187,16725726,1,0.17267544567584991
ACH-000187,16732433,0,0.13267658650875092
ACH-000187,16747388,0,0.3348652124404907
ACH-000187,176167,1,0.3547229766845703
ACH-000187,23582824,1,0.7118550539016724
ACH-000187,24737642,0,0.3020974397659302
ACH-000187,24739943,0,0.5500304698944092
ACH-000187,24770514,0,0.3796161115169525
ACH-000187,24771867,1,0.22505204379558563
ACH-000187,24772043,1,0.5019342303276062
ACH-000187,24772860,1,0.493405282497406
ACH-000187,24889392,0,0.0842430591583252
ACH-000187,25102847,0,0.32734230160713196
ACH-000187,25126798,0,0.09501338005065918
ACH-000187,25167777,1,0.47013935446739197
ACH-000187,25195294,1,0.7208771109580994
ACH-000187,25254071,1,0.4486944377422333
ACH-000187,25260757,1,0.31449320912361145
ACH-000187,3101542,0,0.11771659553050995
ACH-000187,3796,0,0.1319027543067932
ACH-000187,3827738,0,0.14364643394947052
ACH-000187,4248455,0,0.2939559817314148
ACH-000187,42628507,1,0.4610741436481476
ACH-000187,42642645,1,0.43257638812065125
ACH-000187,44143370,1,0.2331434041261673
ACH-000187,44224257,1,0.3953515291213989
ACH-000187,444732,1,0.4951648712158203
ACH-000187,44551660,1,0.5854570269584656
ACH-000187,447912,0,0.27267247438430786
ACH-000187,45258277,1,0.3296108543872833
ACH-000187,46006640,0,0.16209834814071655
ACH-000187,46191454,1,0.5478127002716064
ACH-000187,46192505,0,0.18385550379753113
ACH-000187,46843648,1,0.477140873670578
ACH-000187,46883536,0,0.0798211619257927
ACH-000187,46926973,0,0.20945344865322113
ACH-000187,46937430,0,0.1125529333949089
ACH-000187,49806720,0,0.08081279695034027
ACH-000187,5081913,1,0.44273239374160767
ACH-000187,51358113,1,0.510875403881073
ACH-000187,5287969,1,0.4033481776714325
ACH-000187,53340664,0,0.29136794805526733
ACH-000187,53340666,1,0.5500546097755432
ACH-000187,5351307,0,0.605665922164917
ACH-000187,56599306,0,0.26718777418136597
ACH-000187,56965967,0,0.5463926792144775
ACH-000187,57519544,0,0.2663862705230713
ACH-000187,6445562,1,0.21317680180072784
ACH-000187,6450816,1,0.34567052125930786
ACH-000187,66577038,0,0.1184864342212677
ACH-000187,68234129,0,0.34433427453041077
ACH-000187,6852167,1,0.43926748633384705
ACH-000187,6918837,1,0.558137059211731
ACH-000187,69923936,1,0.38653403520584106
ACH-000187,71299339,0,0.11930587887763977
ACH-000187,73265211,0,0.07734870165586472
ACH-000187,73265214,1,0.1809190958738327
ACH-000187,73707530,1,0.6340954303741455
ACH-000187,77232197,1,0.5638954639434814
ACH-000187,9549289,0,0.4446737766265869
ACH-000187,9549297,0,0.11623315513134003
ACH-000187,97489,0,0.12699030339717865
ACH-000187,9858940,0,0.43174657225608826
ACH-000187,9868037,0,0.2885437309741974
ACH-000187,9874913,0,0.2096838802099228
ACH-000187,9884685,1,0.19961285591125488
ACH-000187,9903786,1,0.47292470932006836
ACH-000187,9908783,0,0.09960631281137466
ACH-000187,9910224,0,0.08838845789432526
ACH-000187,9911830,0,0.08267685770988464
ACH-000187,9926054,1,0.3470743000507355
ACH-000187,9952773,0,0.28103843331336975
ACH-000187,9956222,0,0.20635193586349487
ACH-000211,10027278,1,0.38202622532844543
ACH-000211,10074640,1,0.23772764205932617
ACH-000211,10077147,1,0.3972998559474945
ACH-000211,10109823,1,0.3399008512496948
ACH-000211,10113978,1,0.21635308861732483
ACH-000211,10127622,0,0.3548213839530945
ACH-000211,10184653,0,0.15909935534000397
ACH-000211,10341154,0,0.08345083892345428
ACH-000211,10368812,1,0.644608736038208
ACH-000211,10377751,1,0.5828214883804321
ACH-000211,10384072,0,0.12017153948545456
ACH-000211,10459196,0,0.08189424127340317
ACH-000211,104741,0,0.25362545251846313
ACH-000211,104842,1,0.6009173393249512
ACH-000211,107969,1,0.5401870608329773
ACH-000211,11152667,1,0.5055590271949768
ACH-000211,11175137,1,0.4001145362854004
ACH-000211,11178236,1,0.4085032641887665
ACH-000211,11282283,1,0.19679777324199677
ACH-000211,11327430,0,0.113768570125103
ACH-000211,11338033,1,0.4897446036338806
ACH-000211,11373846,0,0.14957290887832642
ACH-000211,11455910,1,0.7631945013999939
ACH-000211,11485656,0,0.16389469802379608
ACH-000211,11488320,1,0.39665788412094116
ACH-000211,11493598,0,0.1466185599565506
ACH-000211,11507964,0,0.19373582303524017
ACH-000211,11511120,1,0.46799108386039734
ACH-000211,11609586,1,0.6415187120437622
ACH-000211,11617559,0,0.09805888682603836
ACH-000211,11624601,0,0.09003853797912598
ACH-000211,11625818,0,0.16254372894763947
ACH-000211,11634725,0,0.2917449474334717
ACH-000211,11640390,0,0.28293290734291077
ACH-000211,11647372,1,0.3377562463283539
ACH-000211,11667893,0,0.09884793311357498
ACH-000211,11707110,0,0.335147500038147
ACH-000211,11713159,0,0.25408825278282166
ACH-000211,11754511,0,0.5569177269935608
ACH-000211,11784504,0,0.2720239460468292
ACH-000211,117918970,1,0.31713995337486267
ACH-000211,117996541,1,0.7083326578140259
ACH-000211,11960529,0,0.10611932724714279
ACH-000211,11977753,1,0.49092864990234375
ACH-000211,1206243,1,0.3748731017112732
ACH-000211,121596701,1,0.3525116741657257
ACH-000211,123631,0,0.09958979487419128
ACH-000211,126565,1,0.5689067840576172
ACH-000211,126941,0,0.263721227645874
ACH-000211,13342,1,0.5160427689552307
ACH-000211,135398501,0,0.3532770574092865
ACH-000211,135398516,1,0.46732690930366516
ACH-000211,135410875,0,0.22601933777332306
ACH-000211,135418940,0,0.2599397599697113
ACH-000211,135421197,1,0.32987433671951294
ACH-000211,135423438,1,0.4367193281650543
ACH-000211,135440466,0,0.22442476451396942
ACH-000211,135499520,0,0.1711171716451645
ACH-000211,135539077,1,0.41042301058769226
ACH-000211,135564599,0,0.09405096620321274
ACH-000211,135565082,1,0.43928465247154236
ACH-000211,135659062,0,0.27057620882987976
ACH-000211,135691163,0,0.4834524691104889
ACH-000211,136240579,0,0.11561711132526398
ACH-000211,1401,0,0.18488550186157227
ACH-000211,148124,1,0.6298741698265076
ACH-000211,156414,1,0.3582090437412262
ACH-000211,156422,0,0.1268012970685959
ACH-000211,159324,1,0.7969937324523926
ACH-000211,15953870,0,0.15351052582263947
ACH-000211,16095342,0,0.20648141205310822
ACH-000211,16123056,0,0.15426473319530487
ACH-000211,16218924,0,0.18790076673030853
ACH-000211,16659841,1,0.18115544319152832
ACH-000211,16681698,1,0.49027425050735474
ACH-000211,16720766,1,0.3029513657093048
ACH-000211,16722836,0,0.5321280360221863
ACH-000211,16725726,0,0.2145463079214096
ACH-000211,16732433,0,0.1269764006137848
ACH-000211,16747388,0,0.3513686954975128
ACH-000211,16747683,1,0.5726893544197083
ACH-000211,176158,0,0.09620001167058945
ACH-000211,176167,0,0.40862640738487244
ACH-000211,17755052,1,0.49813953042030334
ACH-000211,216326,0,0.05995223671197891
ACH-000211,2314623,0,0.08425895869731903
ACH-000211,23582824,1,0.7285007834434509
ACH-000211,23725625,1,0.10758688300848007
ACH-000211,2375,0,0.1003396064043045
ACH-000211,24180719,0,0.17746683955192566
ACH-000211,24737642,1,0.30908817052841187
ACH-000211,24739943,1,0.5906123518943787
ACH-000211,24756910,1,0.38844597339630127
ACH-000211,24770514,0,0.39232102036476135
ACH-000211,24771867,0,0.2629240155220032
ACH-000211,24772043,1,0.5067631602287292
ACH-000211,24772860,1,0.5470942854881287
ACH-000211,24776445,0,0.10465192049741745
ACH-000211,24785538,1,0.4268895983695984
ACH-000211,24826799,0,0.2089105248451233
ACH-000211,24889392,0,0.08592958003282547
ACH-000211,24894414,0,0.1535702347755432
ACH-000211,24951314,1,0.6488567590713501
ACH-000211,24964624,0,0.314963161945343
ACH-000211,24978538,0,0.3613336980342865
ACH-000211,25102847,0,0.281383216381073
ACH-000211,25124816,0,0.11458825320005417
ACH-000211,25126798,0,0.10060103982686996
ACH-000211,25167777,1,0.5019167065620422
ACH-000211,25195294,1,0.7236878871917725
ACH-000211,25227436,1,0.5169642567634583
ACH-000211,25254071,1,0.483782023191452
ACH-000211,25257557,1,0.2663992643356323
ACH-000211,25260757,1,0.36533987522125244
ACH-000211,25262792,1,0.400958776473999
ACH-000211,25262965,1,0.401183158159256
ACH-000211,2733526,0,0.14848291873931885
ACH-000211,300471,1,0.8000866770744324
ACH-000211,3005532,0,0.1201644316315651
ACH-000211,3101542,0,0.1199474185705185
ACH-000211,31703,1,0.6749270558357239
ACH-000211,3218,1,0.5561748147010803
ACH-000211,3372016,0,0.151097372174263
ACH-000211,3385,1,0.6953625082969666
ACH-000211,3463933,1,0.6276183724403381
ACH-000211,36462,1,0.7814937829971313
ACH-000211,3796,0,0.14062140882015228
ACH-000211,3827738,0,0.1416383981704712
ACH-000211,4248455,0,0.30364152789115906
ACH-000211,42623900,1,0.3066900074481964
ACH-000211,42628507,1,0.5398440957069397
ACH-000211,42640,0,0.42177560925483704
ACH-000211,42642645,1,0.4322497248649597
ACH-000211,44137675,0,0.2987968623638153
ACH-000211,44143370,0,0.2604873478412628
ACH-000211,44182295,0,0.41026949882507324
ACH-000211,44224257,1,0.40901145339012146
ACH-000211,44462760,0,0.26664307713508606
ACH-000211,444732,1,0.482669472694397
ACH-000211,444795,0,0.24471130967140198
ACH-000211,44551660,1,0.6298487782478333
ACH-000211,44632017,1,0.3705253005027771
ACH-000211,446378,1,0.6303274035453796
ACH-000211,448013,1,0.6808100342750549
ACH-000211,45258277,1,0.3124919533729553
ACH-000211,46006640,0,0.16197840869426727
ACH-000211,46191454,1,0.5971171259880066
ACH-000211,46192505,0,0.17750519514083862
ACH-000211,46224516,1,0.5721674561500549
ACH-000211,46244454,1,0.608222484588623
ACH-000211,46843648,1,0.46477383375167847
ACH-000211,46883536,0,0.08315280079841614
ACH-000211,46885626,1,0.42450347542762756
ACH-000211,46893585,0,0.22060644626617432
ACH-000211,46907787,1,0.337747722864151
ACH-000211,46926973,0,0.17615275084972382
ACH-000211,46937430,0,0.10793346911668777
ACH-000211,46943432,1,0.25956711173057556
ACH-000211,479503,1,0.6241831183433533
ACH-000211,49806720,0,0.09975574910640717
ACH-000211,49831044,1,0.6650296449661255
ACH-000211,49847690,1,0.34815260767936707
ACH-000211,49850262,1,0.12604649364948273
ACH-000211,5081913,1,0.4674641191959381
ACH-000211,51039095,0,0.29209789633750916
ACH-000211,5113032,0,0.08482588082551956
ACH-000211,51358113,1,0.5562251210212708
ACH-000211,51371303,0,0.19014771282672882
ACH-000211,521106,1,0.4160824418067932
ACH-000211,5278396,0,0.10408622026443481
ACH-000211,5280757,0,0.13595075905323029
ACH-000211,5287969,1,0.4217626750469208
ACH-000211,52912189,1,0.45687633752822876
ACH-000211,52913813,0,0.18096694350242615
ACH-000211,5311,1,0.5714354515075684
ACH-000211,5311497,1,0.42966723442077637
ACH-000211,5328940,0,0.14467434585094452
ACH-000211,53302361,1,0.31703415513038635
ACH-000211,53315878,0,0.10009423643350601
ACH-000211,53340664,0,0.28812190890312195
ACH-000211,53340666,1,0.5496547818183899
ACH-000211,5351307,1,0.6239065527915955
ACH-000211,5360373,1,0.40889060497283936
ACH-000211,5394,0,0.08614755421876907
ACH-000211,5460033,1,0.5964956283569336
ACH-000211,54676905,0,0.06621825695037842
ACH-000211,54685215,0,0.06730017811059952
ACH-000211,560326,1,0.792844295501709
ACH-000211,56599306,0,0.31161072850227356
ACH-000211,56962337,0,0.15391846001148224
ACH-000211,56965967,0,0.597425103187561
ACH-000211,57339144,0,0.08117838203907013
ACH-000211,5746,1,0.7448661923408508
ACH-000211,57519544,0,0.22673580050468445
ACH-000211,58423153,0,0.1609841138124466
ACH-000211,60750,1,0.7537417411804199
ACH-000211,6253,1,0.6015310287475586
ACH-000211,637858,1,0.5953700542449951
ACH-000211,644241,0,0.13561631739139557
ACH-000211,644243,0,0.08940783143043518
ACH-000211,6445533,1,0.5343278646469116
ACH-000211,6445562,1,0.22609111666679382
ACH-000211,6450551,0,0.22316613793373108
ACH-000211,6450816,1,0.3963167369365692
ACH-000211,6505803,1,0.36666610836982727
ACH-000211,65110,1,0.4251600205898285
ACH-000211,66577038,0,0.11827505379915237
ACH-000211,68234129,1,0.36249229311943054
ACH-000211,68289010,0,0.11119851469993591
ACH-000211,6852167,1,0.4847598373889923
ACH-000211,6914657,1,0.3790833353996277
ACH-000211,6918454,0,0.32898417115211487
ACH-000211,6918638,1,0.4887509346008301
ACH-000211,6918837,1,0.5725346803665161
ACH-000211,6918848,1,0.6974254250526428
ACH-000211,69923936,1,0.40391069650650024
ACH-000211,704473,0,0.16510184109210968
ACH-000211,71271629,1,0.392058789730072
ACH-000211,71299339,0,0.11712031811475754
ACH-000211,71729975,1,0.5347738862037659
ACH-000211,73265211,0,0.07241252064704895
ACH-000211,73265214,1,0.1755935698747635
ACH-000211,73707530,1,0.6740971803665161
ACH-000211,73755109,0,0.1873340606689453
ACH-000211,76685059,0,0.40124082565307617
ACH-000211,77232197,1,0.5708983540534973
ACH-000211,78243717,0,0.08811711519956589
ACH-000211,82146,1,0.5409300327301025
ACH-000211,8249,1,0.6671192049980164
ACH-000211,90488984,0,0.06700072437524796
ACH-000211,92577,0,0.11275435239076614
ACH-000211,9549289,1,0.5134666562080383
ACH-000211,9549297,0,0.11459199339151382
ACH-000211,97489,0,0.12948544323444366
ACH-000211,9826528,1,0.5460038185119629
ACH-000211,9829523,0,0.4093196392059326
ACH-000211,984170,1,0.14917996525764465
ACH-000211,9858940,0,0.5407882332801819
ACH-000211,9863776,1,0.6666052341461182
ACH-000211,9868037,0,0.3027258813381195
ACH-000211,9874913,1,0.19192247092723846
ACH-000211,9884685,1,0.2005908042192459
ACH-000211,9903786,0,0.4713970124721527
ACH-000211,9908783,0,0.10999377071857452
ACH-000211,9910224,0,0.08167970180511475
ACH-000211,9911830,0,0.0814654678106308
ACH-000211,9914412,0,0.42115452885627747
ACH-000211,9926054,1,0.353315532207489
ACH-000211,9931954,0,0.1154872328042984
ACH-000211,9938202,0,0.1806010901927948
ACH-000211,9952773,0,0.30035263299942017
ACH-000211,9956119,1,0.13469792902469635
ACH-000211,9956222,0,0.22331033647060394
ACH-000218,10027278,1,0.38413867354393005
ACH-000218,10074640,0,0.24669845402240753
ACH-000218,10077147,1,0.3965330123901367
ACH-000218,10109823,0,0.3064114451408386
ACH-000218,10113978,0,0.19582585990428925
ACH-000218,10127622,1,0.32935547828674316
ACH-000218,10172943,1,0.4751623868942261
ACH-000218,10184653,0,0.1658877581357956
ACH-000218,10302451,0,0.13032113015651703
ACH-000218,10341154,0,0.08276687562465668
ACH-000218,10368812,1,0.638001024723053
ACH-000218,10377751,1,0.5835132002830505
ACH-000218,10384072,0,0.11851397901773453
ACH-000218,10459196,1,0.08369152247905731
ACH-000218,10461815,0,0.06633354723453522
ACH-000218,104741,0,0.24437637627124786
ACH-000218,104842,1,0.5707279443740845
ACH-000218,107969,1,0.5313909649848938
ACH-000218,11152667,1,0.47482383251190186
ACH-000218,11175137,1,0.3818265497684479
ACH-000218,11178236,1,0.4280920624732971
ACH-000218,11282283,0,0.184024840593338
ACH-000218,11327430,1,0.11613276600837708
ACH-000218,11338033,1,0.459214448928833
ACH-000218,11364421,1,0.41167697310447693
ACH-000218,11373846,1,0.15761221945285797
ACH-000218,11455910,1,0.7325658798217773
ACH-000218,11467730,1,0.2933429181575775
ACH-000218,11485656,0,0.15980929136276245
ACH-000218,11488320,1,0.3779688775539398
ACH-000218,11493598,0,0.14503124356269836
ACH-000218,11507964,1,0.2016441971063614
ACH-000218,11511120,1,0.4407274127006531
ACH-000218,11609586,0,0.6492919325828552
ACH-000218,11617559,0,0.0964469388127327
ACH-000218,11624601,0,0.08900453895330429
ACH-000218,11625818,1,0.1599203199148178
ACH-000218,11626560,0,0.19351674616336823
ACH-000218,11626927,0,0.08387655019760132
ACH-000218,11634725,1,0.2555607557296753
ACH-000218,11640390,1,0.2596728205680847
ACH-000218,11647372,1,0.3334881067276001
ACH-000218,11667893,0,0.10224124789237976
ACH-000218,11676786,1,0.1637917309999466
ACH-000218,11707110,1,0.304912269115448
ACH-000218,11713159,0,0.229963481426239
ACH-000218,11754511,1,0.49916210770606995
ACH-000218,11754711,1,0.4925871789455414
ACH-000218,11784504,1,0.27526846528053284
ACH-000218,117996541,1,0.6777957081794739
ACH-000218,11844351,0,0.2284417599439621
ACH-000218,11960529,0,0.10938697308301926
ACH-000218,11977753,1,0.449175089597702
ACH-000218,1206243,0,0.3909580111503601
ACH-000218,121596701,1,0.3334985673427582
ACH-000218,123631,0,0.0964801087975502
ACH-000218,126565,1,0.558040201663971
ACH-000218,126941,0,0.2616008520126343
ACH-000218,13342,1,0.49812638759613037
ACH-000218,135398501,1,0.3230542540550232
ACH-000218,135398516,1,0.4142981469631195
ACH-000218,135410875,0,0.20410142838954926
ACH-000218,135418940,0,0.24522948265075684
ACH-000218,135421197,0,0.3288373351097107
ACH-000218,135423438,1,0.45403021574020386
ACH-000218,135440466,1,0.20685121417045593
ACH-000218,135499520,0,0.16164998710155487
ACH-000218,135539077,1,0.3846834897994995
ACH-000218,135564599,0,0.09398723393678665
ACH-000218,135565082,0,0.44966891407966614
ACH-000218,135659062,1,0.28506025671958923
ACH-000218,135691163,1,0.48758649826049805
ACH-000218,136240579,0,0.128434419631958
ACH-000218,1401,1,0.1772775948047638
ACH-000218,148124,0,0.6186720728874207
ACH-000218,156414,1,0.349793940782547
ACH-000218,156422,0,0.12876412272453308
ACH-000218,159324,1,0.7710465788841248
ACH-000218,15953870,0,0.1602170318365097
ACH-000218,160355,1,0.23535622656345367
ACH-000218,16038120,1,0.24453352391719818
ACH-000218,16095342,1,0.1894904375076294
ACH-000218,16123056,0,0.14418257772922516
ACH-000218,16218924,0,0.17199957370758057
ACH-000218,16659841,0,0.17424917221069336
ACH-000218,16663089,0,0.2515001595020294
ACH-000218,16681698,1,0.427848219871521
ACH-000218,16720766,0,0.2819735109806061
ACH-000218,16722836,1,0.4971514940261841
ACH-000218,16725726,1,0.1877770572900772
ACH-000218,16732433,0,0.11898231506347656
ACH-000218,16747388,1,0.35021349787712097
ACH-000218,16747683,1,0.5365772843360901
ACH-000218,176158,0,0.09580425173044205
ACH-000218,176167,1,0.3669193983078003
ACH-000218,176870,0,0.14780683815479279
ACH-000218,17755052,1,0.45181602239608765
ACH-000218,208908,0,0.11482420563697815
ACH-000218,216239,0,0.24741846323013306
ACH-000218,216326,0,0.06353877484798431
ACH-000218,23582824,1,0.7051908373832703
ACH-000218,23725625,0,0.10447761416435242
ACH-000218,2375,0,0.10432533174753189
ACH-000218,24180719,0,0.14979960024356842
ACH-000218,24737642,0,0.29657119512557983
ACH-000218,24739943,1,0.5875342488288879
ACH-000218,24756910,1,0.35380613803863525
ACH-000218,24770514,0,0.3810105323791504
ACH-000218,24771867,1,0.21509461104869843
ACH-000218,24772043,1,0.4955410361289978
ACH-000218,24772860,1,0.5181602239608765
ACH-000218,24776445,0,0.0965406596660614
ACH-000218,24785538,1,0.37116941809654236
ACH-000218,24826799,0,0.2148762196302414
ACH-000218,24889392,0,0.08490880578756332
ACH-000218,24894414,1,0.14547111093997955
ACH-000218,24951314,1,0.6287937760353088
ACH-000218,24964624,1,0.26820677518844604
ACH-000218,24978538,0,0.3417881727218628
ACH-000218,25022668,0,0.4439210891723633
ACH-000218,25102847,0,0.28158557415008545
ACH-000218,25124816,0,0.10649197548627853
ACH-000218,25126798,0,0.09392406046390533
ACH-000218,25167777,1,0.438763827085495
ACH-000218,25195294,1,0.6877176761627197
ACH-000218,25226117,1,0.1482056826353073
ACH-000218,25226483,1,0.6633879542350769
ACH-000218,25227436,1,0.4889122545719147
ACH-000218,25254071,1,0.4836655259132385
ACH-000218,25257557,0,0.2622753381729126
ACH-000218,25260757,1,0.35649383068084717
ACH-000218,25262792,1,0.3767443001270294
ACH-000218,25262965,1,0.37553247809410095
ACH-000218,2733526,0,0.14747755229473114
ACH-000218,300471,0,0.8104665279388428
ACH-000218,3005532,0,0.12152910977602005
ACH-000218,3062316,0,0.25671958923339844
ACH-000218,3101542,0,0.12040341645479202
ACH-000218,31703,1,0.6682637333869934
ACH-000218,3218,0,0.5524373650550842
ACH-000218,3372016,0,0.15669754147529602
ACH-000218,3385,0,0.6879180073738098
ACH-000218,3463933,1,0.5742812752723694
ACH-000218,36314,1,0.6277628540992737
ACH-000218,36462,1,0.782075047492981
ACH-000218,3796,0,0.12976832687854767
ACH-000218,3827738,0,0.15024243295192719
ACH-000218,387447,1,0.6347067356109619
ACH-000218,4248455,0,0.2950725555419922
ACH-000218,4261,1,0.7400892376899719
ACH-000218,42623900,0,0.2814249098300934
ACH-000218,42628507,1,0.5146999359130859
ACH-000218,42628535,0,0.3289111256599426
ACH-000218,42640,0,0.3935149908065796
ACH-000218,42642645,1,0.42146024107933044
ACH-000218,44137675,1,0.29305896162986755
ACH-000218,44143370,1,0.2322399616241455
ACH-000218,44182295,1,0.38215744495391846
ACH-000218,44224257,1,0.4132998287677765
ACH-000218,442972,0,0.2503286302089691
ACH-000218,44462760,0,0.1990821361541748
ACH-000218,444732,0,0.4893168807029724
ACH-000218,444795,0,0.23771046102046967
ACH-000218,44551660,1,0.5784319043159485
ACH-000218,44632017,1,0.3633171617984772
ACH-000218,446378,1,0.607632577419281
ACH-000218,447912,0,0.29048818349838257
ACH-000218,448013,1,0.6915662884712219
ACH-000218,45258277,1,0.2988276183605194
ACH-000218,46006640,1,0.1583566963672638
ACH-000218,46191454,1,0.5981799960136414
ACH-000218,46192505,0,0.17176908254623413
ACH-000218,46224516,1,0.5502179265022278
ACH-000218,462382,0,0.5602940917015076
ACH-000218,46244454,1,0.5458372831344604
ACH-000218,46843648,1,0.4552290737628937
ACH-000218,46843772,0,0.27503544092178345
ACH-000218,46844147,1,0.2615300714969635
ACH-000218,46883536,0,0.08428499102592468
ACH-000218,46885626,1,0.430799663066864
ACH-000218,46893585,0,0.21956473588943481
ACH-000218,46907787,1,0.30274698138237
ACH-000218,46926973,0,0.19139602780342102
ACH-000218,46937430,0,0.10446248948574066
ACH-000218,46943432,1,0.25871607661247253
ACH-000218,479503,1,0.6324663162231445
ACH-000218,49806720,0,0.09197749197483063
ACH-000218,49831044,0,0.6101590991020203
ACH-000218,49847690,1,0.33446648716926575
ACH-000218,49850262,0,0.13367851078510284
ACH-000218,4993,0,0.5222925543785095
ACH-000218,5081913,1,0.4746514856815338
ACH-000218,51039095,0,0.2886892259120941
ACH-000218,5113032,0,0.08512614667415619
ACH-000218,51358113,1,0.5309216380119324
ACH-000218,51371303,0,0.18462462723255157
ACH-000218,521106,0,0.4148322343826294
ACH-000218,5278396,1,0.1050432100892067
ACH-000218,5280757,0,0.1335446983575821
ACH-000218,5284616,1,0.26303941011428833
ACH-000218,5287969,1,0.43661877512931824
ACH-000218,5291,0,0.11590732634067535
ACH-000218,52912189,1,0.41467252373695374
ACH-000218,52913813,1,0.19566407799720764
ACH-000218,5311,1,0.560929000377655
ACH-000218,5311497,1,0.4013611078262329
ACH-000218,5311510,0,0.2665843963623047
ACH-000218,5328940,0,0.14016146957874298
ACH-000218,5329102,1,0.2776775658130646
ACH-000218,53302361,1,0.31959980726242065
ACH-000218,5330286,1,0.3943537473678589
ACH-000218,53315878,0,0.09652645885944366
ACH-000218,53340664,0,0.2833150625228882
ACH-000218,53340666,1,0.5282436609268188
ACH-000218,5351307,1,0.5984146595001221
ACH-000218,5360373,1,0.40764036774635315
ACH-000218,5394,0,0.08574891090393066
ACH-000218,5460033,0,0.5956900715827942
ACH-000218,54676905,0,0.06560347974300385
ACH-000218,54685215,0,0.06973876059055328
ACH-000218,5494449,0,0.2817505896091461
ACH-000218,560326,1,0.7866700887680054
ACH-000218,56599306,0,0.2511845827102661
ACH-000218,56962337,0,0.14174480736255646
ACH-000218,56965967,1,0.5794053673744202
ACH-000218,5717801,0,0.23829501867294312
ACH-000218,57339144,0,0.08059186488389969
ACH-000218,57340680,1,0.33737000823020935
ACH-000218,5746,1,0.7644736766815186
ACH-000218,57519544,0,0.2500177323818207
ACH-000218,58423153,0,0.16348856687545776
ACH-000218,60750,1,0.7554473280906677
ACH-000218,6253,1,0.6003126502037048
ACH-000218,637858,0,0.596412718296051
ACH-000218,644215,1,0.47925010323524475
ACH-000218,644241,0,0.13270533084869385
ACH-000218,644243,0,0.08962811529636383
ACH-000218,6445533,1,0.5144376158714294
ACH-000218,6445562,1,0.20668759942054749
ACH-000218,6450551,0,0.21626991033554077
ACH-000218,6450816,1,0.35577070713043213
ACH-000218,6473881,0,0.22185689210891724
ACH-000218,6505803,1,0.3735397160053253
ACH-000218,65110,1,0.4225374460220337
ACH-000218,66577038,0,0.11127131432294846
ACH-000218,68234129,1,0.3227221667766571
ACH-000218,68289010,0,0.11103545874357224
ACH-000218,6852167,1,0.4312399923801422
ACH-000218,6914657,1,0.363231360912323
ACH-000218,6918289,1,0.3536371886730194
ACH-000218,6918454,1,0.3232099711894989
ACH-000218,6918638,1,0.4888645112514496
ACH-000218,6918837,1,0.5444563031196594
ACH-000218,6918848,1,0.6679784059524536
ACH-000218,69923936,1,0.38825204968452454
ACH-000218,704473,0,0.17494146525859833
ACH-000218,71271629,1,0.3757305443286896
ACH-000218,71299339,0,0.1140613704919815
ACH-000218,71729975,0,0.5202717781066895
ACH-000218,73265211,0,0.07121463119983673
ACH-000218,73265214,0,0.18656766414642334
ACH-000218,73707530,1,0.6572993397712708
ACH-000218,73755109,0,0.19641698896884918
ACH-000218,76044,1,0.3904300332069397
ACH-000218,76685059,1,0.37127700448036194
ACH-000218,77232197,1,0.5610730648040771
ACH-000218,78243717,0,0.09150978922843933
ACH-000218,82146,1,0.5350977182388306
ACH-000218,8249,1,0.6394202709197998
ACH-000218,90488984,0,0.0689331516623497
ACH-000218,92577,0,0.10190542787313461
ACH-000218,9549184,0,0.22042083740234375
ACH-000218,9549289,0,0.45516258478164673
ACH-000218,9549297,0,0.11314757168292999
ACH-000218,97489,0,0.1343180239200592
ACH-000218,9826308,1,0.453700989484787
ACH-000218,9826528,1,0.5286027789115906
ACH-000218,9829523,0,0.4070538580417633
ACH-000218,984170,0,0.14745832979679108
ACH-000218,9858940,0,0.4520776867866516
ACH-000218,9863776,1,0.689918041229248
ACH-000218,9868037,0,0.27671998739242554
ACH-000218,9874913,0,0.20249402523040771
ACH-000218,9884685,1,0.20365175604820251
ACH-000218,9903786,1,0.4572531580924988
ACH-000218,9907093,0,0.22376829385757446
ACH-000218,9908783,1,0.10569072514772415
ACH-000218,9910224,0,0.08183272182941437
ACH-000218,9911830,0,0.07946252077817917
ACH-000218,9914412,1,0.41168510913848877
ACH-000218,9926054,1,0.35555145144462585
ACH-000218,9931954,0,0.11338739097118378
ACH-000218,9952773,1,0.2807494103908539
ACH-000218,9956119,0,0.11885935068130493
ACH-000218,9956222,1,0.22003868222236633
ACH-000221,10027278,1,0.3998364806175232
ACH-000221,10074640,0,0.2628634572029114
ACH-000221,10077147,0,0.3996303975582123
ACH-000221,10109823,1,0.3385486900806427
ACH-000221,10113978,1,0.19261601567268372
ACH-000221,10127622,0,0.329114705324173
ACH-000221,10184653,0,0.16262538731098175
ACH-000221,10341154,0,0.07737130671739578
ACH-000221,10368812,1,0.6483314037322998
ACH-000221,10377751,1,0.5943071246147156
ACH-000221,10384072,0,0.10611012578010559
ACH-000221,104741,0,0.24689766764640808
ACH-000221,104842,1,0.5986203551292419
ACH-000221,107969,0,0.5093386173248291
ACH-000221,11152667,1,0.4627358019351959
ACH-000221,11175137,1,0.35944199562072754
ACH-000221,11178236,1,0.3769669830799103
ACH-000221,11282283,0,0.17087364196777344
ACH-000221,11327430,0,0.11179444193840027
ACH-000221,11338033,1,0.47931385040283203
ACH-000221,11373846,1,0.16155675053596497
ACH-000221,11455910,1,0.73346346616745
ACH-000221,11485656,0,0.15620549023151398
ACH-000221,11488320,0,0.3867036700248718
ACH-000221,11493598,0,0.14823698997497559
ACH-000221,11507964,0,0.18522334098815918
ACH-000221,11511120,1,0.44964343309402466
ACH-000221,11609586,0,0.683581531047821
ACH-000221,11617559,0,0.0947350561618805
ACH-000221,11624601,0,0.09297380596399307
ACH-000221,11625818,0,0.16931627690792084
ACH-000221,11634725,1,0.3116844594478607
ACH-000221,11640390,0,0.25777268409729004
ACH-000221,11647372,1,0.298420786857605
ACH-000221,11667893,0,0.09565218538045883
ACH-000221,11707110,1,0.3074389100074768
ACH-000221,11713159,1,0.24705196917057037
ACH-000221,11754511,1,0.5032320022583008
ACH-000221,11784504,1,0.2633388042449951
ACH-000221,117918970,0,0.30416709184646606
ACH-000221,117996541,1,0.7118064165115356
ACH-000221,11960529,0,0.10432350635528564
ACH-000221,11977753,1,0.46289747953414917
ACH-000221,1206243,1,0.3608211278915405
ACH-000221,121596701,1,0.3417937457561493
ACH-000221,123631,0,0.09701628983020782
ACH-000221,126565,1,0.5303662419319153
ACH-000221,126941,0,0.23545415699481964
ACH-000221,13342,1,0.4512455463409424
ACH-000221,135398501,1,0.32294386625289917
ACH-000221,135398516,1,0.42444443702697754
ACH-000221,135410875,0,0.19254165887832642
ACH-000221,135418940,0,0.2564648687839508
ACH-000221,135421197,0,0.33127614855766296
ACH-000221,135423438,0,0.4693707823753357
ACH-000221,135440466,0,0.22519569098949432
ACH-000221,135499520,0,0.1577298641204834
ACH-000221,135539077,1,0.38841313123703003
ACH-000221,135564599,0,0.09931419044733047
ACH-000221,135565082,0,0.42684030532836914
ACH-000221,135659062,0,0.2935843765735626
ACH-000221,135691163,0,0.4905732274055481
ACH-000221,136240579,0,0.12065159529447556
ACH-000221,1401,0,0.17957369983196259
ACH-000221,148124,1,0.5496992468833923
ACH-000221,156414,1,0.34832242131233215
ACH-000221,156422,0,0.11805548518896103
ACH-000221,159324,1,0.795581042766571
ACH-000221,15953870,0,0.1530534327030182
ACH-000221,16095342,1,0.19006462395191193
ACH-000221,16123056,1,0.15580269694328308
ACH-000221,16218924,0,0.18770922720432281
ACH-000221,16659841,0,0.16809707880020142
ACH-000221,16681698,1,0.45874083042144775
ACH-000221,16720766,0,0.24827739596366882
ACH-000221,16722836,0,0.5169178247451782
ACH-000221,16725726,0,0.17548274993896484
ACH-000221,16732433,0,0.12054580450057983
ACH-000221,16747388,1,0.3549312949180603
ACH-000221,16747683,1,0.5665450692176819
ACH-000221,176167,0,0.3436647057533264
ACH-000221,17755052,0,0.4372249245643616
ACH-000221,216326,0,0.06316936016082764
ACH-000221,2314623,0,0.08494949340820312
ACH-000221,23582824,1,0.7246543765068054
ACH-000221,23725625,0,0.09841419756412506
ACH-000221,2375,0,0.10103464871644974
ACH-000221,24180719,0,0.1715945452451706
ACH-000221,24737642,0,0.28574103116989136
ACH-000221,24739943,1,0.589314341545105
ACH-000221,24756910,1,0.34810614585876465
ACH-000221,24770514,1,0.35617053508758545
ACH-000221,24771867,0,0.22908557951450348
ACH-000221,24772043,1,0.49203675985336304
ACH-000221,24772860,1,0.5151073932647705
ACH-000221,24776445,0,0.09699210524559021
ACH-000221,24785538,1,0.39492741227149963
ACH-000221,24826799,1,0.22469325363636017
ACH-000221,24889392,0,0.0735967680811882
ACH-000221,24894414,0,0.12432661652565002
ACH-000221,24951314,1,0.6126610040664673
ACH-000221,24964624,0,0.27256953716278076
ACH-000221,24978538,0,0.3404780924320221
ACH-000221,25022668,1,0.4122540056705475
ACH-000221,25102847,0,0.27421241998672485
ACH-000221,25124816,0,0.10848160088062286
ACH-000221,25126798,0,0.09614364802837372
ACH-000221,25167777,1,0.45418834686279297
ACH-000221,25195294,0,0.6974607110023499
ACH-000221,25227436,0,0.4741761088371277
ACH-000221,25254071,1,0.4714809060096741
ACH-000221,25257557,1,0.2724043130874634
ACH-000221,25260757,1,0.3408111333847046
ACH-000221,25262792,1,0.4009418487548828
ACH-000221,25262965,1,0.3816598951816559
ACH-000221,2733526,0,0.14054247736930847
ACH-000221,300471,1,0.8100280165672302
ACH-000221,3005532,1,0.11473926901817322
ACH-000221,3101542,0,0.11574095487594604
ACH-000221,31703,1,0.6299372315406799
ACH-000221,3218,1,0.5183820128440857
ACH-000221,3372016,1,0.15307821333408356
ACH-000221,3385,1,0.6944990754127502
ACH-000221,3463933,1,0.5619065761566162
ACH-000221,36462,1,0.7442637085914612
ACH-000221,3796,0,0.14203673601150513
ACH-000221,3827738,0,0.1402132213115692
ACH-000221,4248455,0,0.2719597816467285
ACH-000221,42623900,0,0.28175589442253113
ACH-000221,42628507,1,0.5050721764564514
ACH-000221,42640,1,0.3599911034107208
ACH-000221,42642645,1,0.4203023612499237
ACH-000221,44137675,0,0.2944777309894562
ACH-000221,44143370,1,0.2558138966560364
ACH-000221,44182295,1,0.3808031678199768
ACH-000221,44224257,1,0.38649052381515503
ACH-000221,44462760,0,0.20494523644447327
ACH-000221,444732,0,0.4937412738800049
ACH-000221,444795,0,0.2031560242176056
ACH-000221,44551660,1,0.6139518022537231
ACH-000221,44632017,1,0.37624749541282654
ACH-000221,446378,1,0.5601067543029785
ACH-000221,447912,0,0.27718013525009155
ACH-000221,448013,1,0.6543376445770264
ACH-000221,45258277,1,0.29841148853302
ACH-000221,46006640,0,0.1609097272157669
ACH-000221,46191454,1,0.5524337291717529
ACH-000221,46192505,0,0.17380183935165405
ACH-000221,46224516,1,0.5299209356307983
ACH-000221,46244454,1,0.5544302463531494
ACH-000221,46843648,1,0.45140042901039124
ACH-000221,46883536,0,0.08434302359819412
ACH-000221,46885626,1,0.4385083317756653
ACH-000221,46893585,0,0.22882282733917236
ACH-000221,46907787,1,0.2719162702560425
ACH-000221,46926973,0,0.1807602494955063
ACH-000221,46937430,0,0.10452520102262497
ACH-000221,46943432,0,0.2572377920150757
ACH-000221,479503,1,0.630649745464325
ACH-000221,49806720,0,0.08557114005088806
ACH-000221,49831044,1,0.6130044460296631
ACH-000221,49847690,1,0.32489708065986633
ACH-000221,49850262,0,0.12786903977394104
ACH-000221,5081913,1,0.4759272336959839
ACH-000221,51039095,0,0.31365182995796204
ACH-000221,5113032,0,0.08055659383535385
ACH-000221,51358113,1,0.5614114999771118
ACH-000221,51371303,0,0.19538266956806183
ACH-000221,521106,1,0.43067315220832825
ACH-000221,5278396,0,0.10184544324874878
ACH-000221,5280757,0,0.12168287485837936
ACH-000221,5287969,1,0.42929980158805847
ACH-000221,52912189,0,0.3813081979751587
ACH-000221,52913813,0,0.17667250335216522
ACH-000221,5311,1,0.5422039031982422
ACH-000221,5311497,1,0.3531632721424103
ACH-000221,5328940,0,0.14144203066825867
ACH-000221,53302361,1,0.3350048363208771
ACH-000221,5330286,1,0.4006447196006775
ACH-000221,53315878,0,0.08484213799238205
ACH-000221,53340664,1,0.2970799505710602
ACH-000221,53340666,1,0.5188515782356262
ACH-000221,5351307,1,0.6136834025382996
ACH-000221,5360373,1,0.35493704676628113
ACH-000221,5394,0,0.08293583244085312
ACH-000221,5460033,0,0.5838096737861633
ACH-000221,54676905,0,0.06491027027368546
ACH-000221,54685215,0,0.06682081520557404
ACH-000221,560326,1,0.7749211192131042
ACH-000221,56599306,1,0.28002241253852844
ACH-000221,56962337,0,0.12622584402561188
ACH-000221,56965967,1,0.5229647755622864
ACH-000221,57339144,0,0.07461406290531158
ACH-000221,5746,1,0.7115756869316101
ACH-000221,57519544,0,0.23422978818416595
ACH-000221,58423153,0,0.14742109179496765
ACH-000221,60750,1,0.746120274066925
ACH-000221,6253,1,0.5685436129570007
ACH-000221,637858,1,0.5979421138763428
ACH-000221,644241,0,0.1434478461742401
ACH-000221,644243,0,0.08683128654956818
ACH-000221,6445533,1,0.5171090960502625
ACH-000221,6445562,1,0.24100419878959656
ACH-000221,6450551,1,0.19941844046115875
ACH-000221,6450816,1,0.3757570683956146
ACH-000221,6505803,0,0.3216950297355652
ACH-000221,65110,0,0.3727879226207733
ACH-000221,66577038,0,0.11221868544816971
ACH-000221,68234129,0,0.30947810411453247
ACH-000221,68289010,0,0.11536373943090439
ACH-000221,6852167,1,0.4477837085723877
ACH-000221,6914657,1,0.3338163197040558
ACH-000221,6918289,1,0.3020803928375244
ACH-000221,6918638,1,0.45129814743995667
ACH-000221,6918837,1,0.5372855067253113
ACH-000221,6918848,1,0.6628546714782715
ACH-000221,69923936,1,0.4085191488265991
ACH-000221,704473,0,0.17674285173416138
ACH-000221,71271629,0,0.3543052077293396
ACH-000221,71299339,0,0.11606685072183609
ACH-000221,71729975,1,0.52225261926651
ACH-000221,73265211,0,0.07569137215614319
ACH-000221,73265214,0,0.18142473697662354
ACH-000221,73707530,1,0.6544189453125
ACH-000221,73755109,0,0.18318207561969757
ACH-000221,76685059,0,0.3456231355667114
ACH-000221,77232197,1,0.5631001591682434
ACH-000221,78243717,0,0.07973672449588776
ACH-000221,82146,1,0.4958858788013458
ACH-000221,8249,0,0.621245265007019
ACH-000221,90488984,0,0.06898560374975204
ACH-000221,92577,0,0.10812582075595856
ACH-000221,9549289,1,0.4715728759765625
ACH-000221,9549297,1,0.10855063050985336
ACH-000221,97489,1,0.12925639748573303
ACH-000221,9826528,1,0.5797227025032043
ACH-000221,9829523,1,0.3415251076221466
ACH-000221,984170,0,0.14427459239959717
ACH-000221,9858940,0,0.4651390016078949
ACH-000221,9863776,1,0.6594206690788269
ACH-000221,9868037,0,0.3016074597835541
ACH-000221,9874913,0,0.20580162107944489
ACH-000221,9884685,1,0.1901252269744873
ACH-000221,9903786,1,0.4208804965019226
ACH-000221,9908783,0,0.10737244784832001
ACH-000221,9910224,0,0.07986406981945038
ACH-000221,9911830,0,0.07569235563278198
ACH-000221,9914412,0,0.3970971405506134
ACH-000221,9926054,1,0.34669962525367737
ACH-000221,9931954,0,0.1176033541560173
ACH-000221,9938202,0,0.17569756507873535
ACH-000221,9952773,1,0.300542414188385
ACH-000221,9956119,0,0.12580375373363495
ACH-000221,9956222,1,0.21689875423908234
ACH-000225,11626927,0,0.09938818216323853
ACH-000225,11676786,1,0.16805210709571838
ACH-000225,11713159,0,0.2818372845649719
ACH-000225,135398501,0,0.31353291869163513
ACH-000225,160355,0,0.22669653594493866
ACH-000225,16095342,0,0.19649580121040344
ACH-000225,176870,1,0.1459633857011795
ACH-000225,208908,1,0.1150737777352333
ACH-000225,216239,0,0.3009822368621826
ACH-000225,24826799,0,0.2407439649105072
ACH-000225,3005532,0,0.1158713549375534
ACH-000225,36462,1,0.7455676198005676
ACH-000225,387447,1,0.6847204566001892
ACH-000225,4261,1,0.7747375965118408
ACH-000225,44137675,0,0.30616074800491333
ACH-000225,442972,0,0.21870636940002441
ACH-000225,462382,1,0.5487974286079407
ACH-000225,46844147,1,0.25442448258399963
ACH-000225,46907787,1,0.3260746896266937
ACH-000225,479503,1,0.6760352253913879
ACH-000225,4993,1,0.5872126817703247
ACH-000225,5311497,1,0.37468546628952026
ACH-000225,53302361,1,0.36290672421455383
ACH-000225,560326,1,0.7788439989089966
ACH-000225,5717801,0,0.24285496771335602
ACH-000225,6473881,0,0.20016784965991974
ACH-000225,92577,0,0.10753219574689865
ACH-000225,9829523,1,0.351793110370636
ACH-000225,9907093,0,0.21374955773353577
ACH-000225,9956119,0,0.13140974938869476
ACH-000231,10027278,1,0.4869168996810913
ACH-000231,10074640,0,0.3166133463382721
ACH-000231,10077147,0,0.48168015480041504
ACH-000231,10109823,0,0.3221772015094757
ACH-000231,10113978,0,0.22152060270309448
ACH-000231,10127622,1,0.3570583760738373
ACH-000231,10172943,1,0.5645554661750793
ACH-000231,10184653,0,0.17061977088451385
ACH-000231,10302451,1,0.1326695680618286
ACH-000231,10341154,0,0.09492606669664383
ACH-000231,10368812,1,0.719452440738678
ACH-000231,10377751,1,0.5869545936584473
ACH-000231,10384072,0,0.12106959521770477
ACH-000231,10459196,0,0.08992890268564224
ACH-000231,10461815,0,0.07204626500606537
ACH-000231,104741,0,0.27344706654548645
ACH-000231,104842,1,0.6763452887535095
ACH-000231,107969,1,0.5937082171440125
ACH-000231,11152667,1,0.6171615719795227
ACH-000231,11175137,0,0.4409058690071106
ACH-000231,11178236,1,0.49922218918800354
ACH-000231,11282283,0,0.1939651221036911
ACH-000231,11327430,0,0.1266256868839264
ACH-000231,11338033,1,0.5264538526535034
ACH-000231,11364421,1,0.5167614221572876
ACH-000231,11373846,0,0.18505291640758514
ACH-000231,11455910,1,0.789051353931427
ACH-000231,11467730,0,0.40565216541290283
ACH-000231,11485656,0,0.16329386830329895
ACH-000231,11488320,1,0.44089967012405396
ACH-000231,11493598,0,0.13595713675022125
ACH-000231,11507964,0,0.22555340826511383
ACH-000231,11511120,1,0.5553858876228333
ACH-000231,11609586,0,0.6276503801345825
ACH-000231,11617559,0,0.10146869719028473
ACH-000231,11624601,0,0.08680833131074905
ACH-000231,11625818,0,0.15819713473320007
ACH-000231,11626560,0,0.2038337141275406
ACH-000231,11626927,0,0.08947262912988663
ACH-000231,11634725,0,0.2986803948879242
ACH-000231,11640390,0,0.2379995882511139
ACH-000231,11647372,1,0.42622554302215576
ACH-000231,11667893,0,0.10017985105514526
ACH-000231,11676786,0,0.1823040395975113
ACH-000231,11707110,1,0.38580161333084106
ACH-000231,11713159,0,0.2855704426765442
ACH-000231,11754511,0,0.584514856338501
ACH-000231,11754711,1,0.5558521747589111
ACH-000231,11784504,0,0.3078784644603729
ACH-000231,117918970,0,0.32975703477859497
ACH-000231,117996541,1,0.7249386310577393
ACH-000231,11844351,0,0.2858651876449585
ACH-000231,11960529,0,0.11030218005180359
ACH-000231,11977753,1,0.5342630743980408
ACH-000231,1206243,0,0.36510542035102844
ACH-000231,121596701,1,0.4197739362716675
ACH-000231,123631,0,0.10741838812828064
ACH-000231,126565,1,0.6048406362533569
ACH-000231,126941,0,0.2844182550907135
ACH-000231,13342,1,0.5887683033943176
ACH-000231,135398501,0,0.3498760759830475
ACH-000231,135398516,1,0.5093648433685303
ACH-000231,135410875,0,0.21659545600414276
ACH-000231,135418940,0,0.27235114574432373
ACH-000231,135421197,0,0.3323831558227539
ACH-000231,135423438,0,0.5012280344963074
ACH-000231,135440466,0,0.2500036656856537
ACH-000231,135499520,0,0.16798292100429535
ACH-000231,135539077,1,0.4457753598690033
ACH-000231,135565082,0,0.49515822529792786
ACH-000231,135659062,0,0.28539106249809265
ACH-000231,135691163,1,0.5625517964363098
ACH-000231,136240579,0,0.1348680853843689
ACH-000231,1401,0,0.1894673854112625
ACH-000231,148124,1,0.6559773683547974
ACH-000231,156414,0,0.3848881423473358
ACH-000231,156422,0,0.1310645490884781
ACH-000231,159324,0,0.8166635036468506
ACH-000231,15953870,0,0.17522285878658295
ACH-000231,160355,0,0.22090254724025726
ACH-000231,16038120,1,0.2968931198120117
ACH-000231,16095342,0,0.2231830507516861
ACH-000231,16123056,0,0.14825467765331268
ACH-000231,16218924,0,0.16976456344127655
ACH-000231,16659841,0,0.1724039912223816
ACH-000231,16663089,1,0.2442856729030609
ACH-000231,16681698,1,0.5153996348381042
ACH-000231,16720766,1,0.3180513083934784
ACH-000231,16722836,0,0.6248801946640015
ACH-000231,16725726,0,0.20449325442314148
ACH-000231,16732433,0,0.12563730776309967
ACH-000231,16747388,0,0.4162699580192566
ACH-000231,16747683,1,0.6353274583816528
ACH-000231,176158,0,0.09804387390613556
ACH-000231,176167,0,0.4117894768714905
ACH-000231,176870,0,0.1507323831319809
ACH-000231,17755052,1,0.5705453753471375
ACH-000231,208908,0,0.12693855166435242
ACH-000231,216239,0,0.30718448758125305
ACH-000231,216326,0,0.06381773203611374
ACH-000231,2314623,0,0.08928011357784271
ACH-000231,23582824,1,0.7481170296669006
ACH-000231,23725625,0,0.11209110915660858
ACH-000231,2375,0,0.10432334989309311
ACH-000231,24180719,0,0.17224164307117462
ACH-000231,24737642,1,0.3540557622909546
ACH-000231,24739943,0,0.6143097877502441
ACH-000231,24756910,1,0.4363465905189514
ACH-000231,24770514,0,0.4299701154232025
ACH-000231,24771867,0,0.26781150698661804
ACH-000231,24772043,0,0.5900483727455139
ACH-000231,24772860,1,0.6305193305015564
ACH-000231,24776445,0,0.10138312727212906
ACH-000231,24785538,1,0.45960456132888794
ACH-000231,24826799,0,0.2783662676811218
ACH-000231,24889392,0,0.08339372277259827
ACH-000231,24894414,0,0.1424020528793335
ACH-000231,24951314,1,0.7334564924240112
ACH-000231,24978538,0,0.4353983402252197
ACH-000231,25022668,0,0.4936099052429199
ACH-000231,25102847,0,0.32352086901664734
ACH-000231,25124816,0,0.11416631191968918
ACH-000231,25126798,0,0.09370824694633484
ACH-000231,25167777,1,0.5633554458618164
ACH-000231,25195294,1,0.7818055748939514
ACH-000231,25227436,1,0.5228245854377747
ACH-000231,25254071,1,0.581230640411377
ACH-000231,25257557,0,0.3321681022644043
ACH-000231,25260757,1,0.40110695362091064
ACH-000231,25262792,1,0.46200448274612427
ACH-000231,25262965,0,0.4623318910598755
ACH-000231,2733526,0,0.13686195015907288
ACH-000231,300471,1,0.8146005272865295
ACH-000231,3005532,0,0.1193835437297821
ACH-000231,3062316,1,0.30851465463638306
ACH-000231,3101542,0,0.11253824830055237
ACH-000231,31703,1,0.7404622435569763
ACH-000231,3218,1,0.5702674388885498
ACH-000231,3372016,0,0.1506318300962448
ACH-000231,3385,0,0.719439685344696
ACH-000231,3463933,1,0.6949977874755859
ACH-000231,36314,1,0.6476446390151978
ACH-000231,36462,1,0.8116481900215149
ACH-000231,3796,0,0.13977646827697754
ACH-000231,3827738,0,0.15639732778072357
ACH-000231,387447,1,0.6858673691749573
ACH-000231,4248455,0,0.30262982845306396
ACH-000231,4261,1,0.7459187507629395
ACH-000231,42623900,0,0.2982397675514221
ACH-000231,42628507,1,0.5534988045692444
ACH-000231,42640,0,0.4928723871707916
ACH-000231,42642645,1,0.5538367629051208
ACH-000231,44137675,1,0.31837525963783264
ACH-000231,44143370,0,0.2690219581127167
ACH-000231,44182295,1,0.5017986297607422
ACH-000231,44224257,1,0.5038471817970276
ACH-000231,442972,0,0.23416461050510406
ACH-000231,44462760,0,0.2572095990180969
ACH-000231,444732,0,0.5379457473754883
ACH-000231,444795,0,0.2343141883611679
ACH-000231,44551660,0,0.6425123810768127
ACH-000231,44632017,1,0.4461060166358948
ACH-000231,446378,1,0.6998394131660461
ACH-000231,447912,0,0.31342992186546326
ACH-000231,448013,1,0.7470234632492065
ACH-000231,45258277,0,0.35931840538978577
ACH-000231,46006640,0,0.18402934074401855
ACH-000231,46191454,1,0.6396533846855164
ACH-000231,46192505,0,0.17599724233150482
ACH-000231,46224516,1,0.631661057472229
ACH-000231,462382,1,0.5983763337135315
ACH-000231,46244454,1,0.6700120568275452
ACH-000231,46843648,0,0.5494585633277893
ACH-000231,46844147,0,0.31820443272590637
ACH-000231,46883536,0,0.0858139619231224
ACH-000231,46885626,0,0.48604151606559753
ACH-000231,46893585,0,0.26370611786842346
ACH-000231,46907787,1,0.3712984025478363
ACH-000231,46926973,0,0.19069083034992218
ACH-000231,46937430,0,0.10252732038497925
ACH-000231,46943432,0,0.2883659303188324
ACH-000231,479503,1,0.6777753233909607
ACH-000231,49806720,0,0.08926372230052948
ACH-000231,49831044,1,0.6459141969680786
ACH-000231,49847690,1,0.37173163890838623
ACH-000231,49850262,0,0.14178037643432617
ACH-000231,4993,1,0.5502797961235046
ACH-000231,5081913,1,0.5550147294998169
ACH-000231,51039095,0,0.34196335077285767
ACH-000231,5113032,0,0.0887736827135086
ACH-000231,51358113,1,0.6438952684402466
ACH-000231,51371303,0,0.20541854202747345
ACH-000231,521106,0,0.41328656673431396
ACH-000231,5278396,0,0.11605961620807648
ACH-000231,5280757,0,0.13190677762031555
ACH-000231,5284616,1,0.2647072374820709
ACH-000231,5287969,1,0.5138658285140991
ACH-000231,5291,0,0.1334698498249054
ACH-000231,52912189,1,0.4688897430896759
ACH-000231,52913813,1,0.20866146683692932
ACH-000231,5311,1,0.6288115978240967
ACH-000231,5311497,1,0.5095965266227722
ACH-000231,5311510,0,0.3030191957950592
ACH-000231,5328940,0,0.14583472907543182
ACH-000231,5329102,0,0.321859210729599
ACH-000231,53302361,1,0.40873128175735474
ACH-000231,53315878,0,0.09658168256282806
ACH-000231,53340664,0,0.36528322100639343
ACH-000231,53340666,0,0.6191263794898987
ACH-000231,5351307,1,0.6726632714271545
ACH-000231,5360373,1,0.4681117832660675
ACH-000231,5394,0,0.08690394461154938
ACH-000231,5460033,0,0.6348006725311279
ACH-000231,54676905,0,0.0636843666434288
ACH-000231,54685215,0,0.06483034789562225
ACH-000231,5494449,0,0.3436872959136963
ACH-000231,560326,1,0.8420574069023132
ACH-000231,56599306,0,0.34776055812835693
ACH-000231,56962337,0,0.14354205131530762
ACH-000231,56965967,0,0.5928661823272705
ACH-000231,5717801,0,0.22140765190124512
ACH-000231,57339144,0,0.07792561501264572
ACH-000231,5746,1,0.8044014573097229
ACH-000231,57519544,0,0.24278712272644043
ACH-000231,58423153,0,0.18029041588306427
ACH-000231,60750,1,0.801730751991272
ACH-000231,6253,0,0.6379991173744202
ACH-000231,637858,1,0.6203007102012634
ACH-000231,644215,1,0.5461375117301941
ACH-000231,644241,0,0.15586912631988525
ACH-000231,644243,0,0.08799237757921219
ACH-000231,6445533,1,0.5734235048294067
ACH-000231,6445562,0,0.2689043879508972
ACH-000231,6450551,0,0.19908998906612396
ACH-000231,6450816,1,0.43199622631073
ACH-000231,6473881,0,0.2137957215309143
ACH-000231,6505803,1,0.38333895802497864
ACH-000231,65110,1,0.4634868800640106
ACH-000231,66577038,0,0.11187099665403366
ACH-000231,68234129,1,0.36734840273857117
ACH-000231,68289010,0,0.11258749663829803
ACH-000231,6852167,1,0.5544010400772095
ACH-000231,6914657,1,0.4063594341278076
ACH-000231,6918289,1,0.36132094264030457
ACH-000231,6918454,1,0.40426692366600037
ACH-000231,6918638,1,0.5098989605903625
ACH-000231,6918837,1,0.603936493396759
ACH-000231,6918848,1,0.7059599161148071
ACH-000231,69923936,1,0.49768462777137756
ACH-000231,704473,0,0.1702478528022766
ACH-000231,71271629,0,0.42597880959510803
ACH-000231,71299339,0,0.12651300430297852
ACH-000231,71729975,0,0.5925660729408264
ACH-000231,73265211,0,0.07686389982700348
ACH-000231,73265214,0,0.19921287894248962
ACH-000231,73707530,1,0.6536485552787781
ACH-000231,73755109,0,0.20326995849609375
ACH-000231,76044,1,0.41996392607688904
ACH-000231,76685059,0,0.42028459906578064
ACH-000231,77232197,0,0.6681968569755554
ACH-000231,78243717,0,0.08762180060148239
ACH-000231,82146,0,0.5674946904182434
ACH-000231,8249,1,0.6746540665626526
ACH-000231,90488984,0,0.07350023090839386
ACH-000231,92577,0,0.1173228994011879
ACH-000231,9549184,1,0.2596889138221741
ACH-000231,9549289,1,0.47516557574272156
ACH-000231,9549297,0,0.13427022099494934
ACH-000231,97489,0,0.13026052713394165
ACH-000231,9826308,1,0.5574526190757751
ACH-000231,9826528,1,0.6200379133224487
ACH-000231,9829523,0,0.39377960562705994
ACH-000231,984170,0,0.1546737104654312
ACH-000231,9858940,0,0.5144933462142944
ACH-000231,9863776,1,0.7311713695526123
ACH-000231,9868037,0,0.31632885336875916
ACH-000231,9874913,0,0.193651482462883
ACH-000231,9884685,1,0.24248158931732178
ACH-000231,9903786,0,0.5468206405639648
ACH-000231,9907093,1,0.22063539922237396
ACH-000231,9908783,0,0.10135331004858017
ACH-000231,9910224,0,0.08922241628170013
ACH-000231,9911830,0,0.07933760434389114
ACH-000231,9914412,0,0.44293200969696045
ACH-000231,9926054,1,0.4210878908634186
ACH-000231,9931954,0,0.12303917109966278
ACH-000231,9938202,0,0.21002864837646484
ACH-000231,9952773,0,0.28191596269607544
ACH-000231,9956119,0,0.11714931577444077
ACH-000231,9956222,0,0.21711274981498718
ACH-000248,10027278,1,0.36971116065979004
ACH-000248,10074640,0,0.2608083486557007
ACH-000248,10077147,0,0.44580894708633423
ACH-000248,10109823,1,0.321645587682724
ACH-000248,10113978,0,0.20598554611206055
ACH-000248,10127622,0,0.30485063791275024
ACH-000248,10184653,1,0.1831105500459671
ACH-000248,10341154,0,0.08958791196346283
ACH-000248,10368812,1,0.638441801071167
ACH-000248,10377751,1,0.6033384799957275
ACH-000248,10384072,0,0.11940881609916687
ACH-000248,10459196,0,0.07714145630598068
ACH-000248,104741,0,0.2425103634595871
ACH-000248,104842,1,0.5424180030822754
ACH-000248,107969,1,0.5371763110160828
ACH-000248,11152667,1,0.4727984070777893
ACH-000248,11175137,1,0.4066011607646942
ACH-000248,11178236,1,0.4278165400028229
ACH-000248,11282283,0,0.18353068828582764
ACH-000248,11327430,0,0.12407251447439194
ACH-000248,11338033,1,0.43629562854766846
ACH-000248,11373846,0,0.1726822555065155
ACH-000248,11455910,1,0.6988609433174133
ACH-000248,11485656,0,0.16599208116531372
ACH-000248,11488320,1,0.3836062550544739
ACH-000248,11493598,0,0.13990402221679688
ACH-000248,11507964,0,0.2088126540184021
ACH-000248,11511120,1,0.4661208987236023
ACH-000248,11609586,1,0.6665856242179871
ACH-000248,11617559,0,0.10696494579315186
ACH-000248,11624601,0,0.08988264203071594
ACH-000248,11625818,0,0.16275779902935028
ACH-000248,11634725,0,0.2787522077560425
ACH-000248,11640390,0,0.2551220655441284
ACH-000248,11647372,1,0.31766870617866516
ACH-000248,11667893,0,0.1088874340057373
ACH-000248,11713159,0,0.2276242971420288
ACH-000248,11754511,0,0.5538188815116882
ACH-000248,11784504,1,0.25601017475128174
ACH-000248,117918970,0,0.3314230144023895
ACH-000248,117996541,1,0.692582368850708
ACH-000248,11960529,0,0.11116702109575272
ACH-000248,11977753,1,0.41795235872268677
ACH-000248,121596701,0,0.3355318009853363
ACH-000248,123631,0,0.10595396906137466
ACH-000248,126565,1,0.5076603889465332
ACH-000248,126941,1,0.272383451461792
ACH-000248,13342,1,0.45257362723350525
ACH-000248,135398501,1,0.3303934633731842
ACH-000248,135398516,1,0.39911189675331116
ACH-000248,135410875,1,0.2127702832221985
ACH-000248,135418940,0,0.25540152192115784
ACH-000248,135421197,1,0.3399936258792877
ACH-000248,135423438,1,0.4566550850868225
ACH-000248,135440466,0,0.21720629930496216
ACH-000248,135499520,0,0.15381929278373718
ACH-000248,135539077,1,0.35803914070129395
ACH-000248,135564599,0,0.09838225692510605
ACH-000248,135565082,1,0.47313523292541504
ACH-000248,135659062,0,0.2960612177848816
ACH-000248,135691163,1,0.4581935703754425
ACH-000248,136240579,0,0.14089654386043549
ACH-000248,1401,0,0.1862526386976242
ACH-000248,148124,1,0.5698537826538086
ACH-000248,156414,1,0.34071722626686096
ACH-000248,156422,0,0.1286279410123825
ACH-000248,159324,1,0.7709172964096069
ACH-000248,15953870,0,0.15720222890377045
ACH-000248,16095342,0,0.18589046597480774
ACH-000248,16123056,0,0.14524433016777039
ACH-000248,16218924,0,0.18164068460464478
ACH-000248,16659841,0,0.1946105808019638
ACH-000248,16681698,1,0.41807109117507935
ACH-000248,16722836,0,0.4958239197731018
ACH-000248,16725726,0,0.1853390783071518
ACH-000248,16732433,0,0.12715762853622437
ACH-000248,16747388,0,0.3278602957725525
ACH-000248,16747683,1,0.528015673160553
ACH-000248,176158,0,0.09882578998804092
ACH-000248,176167,1,0.37131527066230774
ACH-000248,17755052,1,0.45082494616508484
ACH-000248,216326,0,0.07102292776107788
ACH-000248,2314623,1,0.10507450252771378
ACH-000248,23582824,1,0.6894896626472473
ACH-000248,23725625,0,0.1153983622789383
ACH-000248,2375,0,0.09556203335523605
ACH-000248,24180719,0,0.1719435304403305
ACH-000248,24737642,0,0.3112192749977112
ACH-000248,24739943,1,0.5833075642585754
ACH-000248,24756910,1,0.37122681736946106
ACH-000248,24770514,1,0.3848262131214142
ACH-000248,24771867,0,0.23255261778831482
ACH-000248,24772043,1,0.4982781410217285
ACH-000248,24772860,1,0.48258137702941895
ACH-000248,24776445,0,0.10487759858369827
ACH-000248,24785538,0,0.39062967896461487
ACH-000248,24826799,0,0.21715398132801056
ACH-000248,24889392,0,0.08504407107830048
ACH-000248,24894414,0,0.17133376002311707
ACH-000248,24951314,1,0.6309592127799988
ACH-000248,24964624,1,0.28142815828323364
ACH-000248,24978538,0,0.3341767191886902
ACH-000248,25022668,0,0.46900346875190735
ACH-000248,25102847,0,0.31152477860450745
ACH-000248,25124816,0,0.10944307595491409
ACH-000248,25126798,0,0.09677698463201523
ACH-000248,25167777,1,0.4478242099285126
ACH-000248,25195294,1,0.7118589878082275
ACH-000248,25226117,0,0.17078422009944916
ACH-000248,25226483,1,0.6932588219642639
ACH-000248,25227436,1,0.5075203776359558
ACH-000248,25254071,1,0.4205782115459442
ACH-000248,25257557,0,0.27285221219062805
ACH-000248,25260757,1,0.34163787961006165
ACH-000248,25262792,1,0.3754672408103943
ACH-000248,25262965,1,0.3642435073852539
ACH-000248,2733526,0,0.16974492371082306
ACH-000248,300471,1,0.8037046790122986
ACH-000248,3005532,0,0.14266854524612427
ACH-000248,3101542,1,0.12147501856088638
ACH-000248,31703,1,0.6064513325691223
ACH-000248,3218,1,0.5483373403549194
ACH-000248,3372016,0,0.15497544407844543
ACH-000248,3385,0,0.7174608111381531
ACH-000248,3463933,1,0.5737701654434204
ACH-000248,36462,1,0.722524881362915
ACH-000248,3796,0,0.13720379769802094
ACH-000248,3827738,0,0.14111816883087158
ACH-000248,4248455,0,0.30573228001594543
ACH-000248,42623900,1,0.2988998591899872
ACH-000248,42628507,1,0.5250968337059021
ACH-000248,42628535,0,0.3733275234699249
ACH-000248,42640,0,0.393305242061615
ACH-000248,42642645,0,0.39910244941711426
ACH-000248,44137675,0,0.2845841646194458
ACH-000248,44143370,1,0.23051148653030396
ACH-000248,44182295,0,0.36629751324653625
ACH-000248,44224257,1,0.38882166147232056
ACH-000248,444732,1,0.5318751335144043
ACH-000248,444795,0,0.27840808033943176
ACH-000248,44551660,1,0.5770755410194397
ACH-000248,446378,1,0.5962206125259399
ACH-000248,447912,0,0.28424158692359924
ACH-000248,448013,1,0.6525437235832214
ACH-000248,45258277,1,0.30202195048332214
ACH-000248,46006640,0,0.16746975481510162
ACH-000248,46191454,0,0.5688859224319458
ACH-000248,46192505,0,0.18474680185317993
ACH-000248,46224516,1,0.5550596714019775
ACH-000248,46244454,1,0.5391510725021362
ACH-000248,46843648,0,0.4847099781036377
ACH-000248,46843772,0,0.2785548269748688
ACH-000248,46883536,0,0.079265296459198
ACH-000248,46885626,0,0.44413986802101135
ACH-000248,46893585,0,0.21658258140087128
ACH-000248,46907787,1,0.2974313795566559
ACH-000248,46926973,1,0.20250362157821655
ACH-000248,46937430,0,0.11495023220777512
ACH-000248,46943432,0,0.2798681855201721
ACH-000248,479503,1,0.6146456003189087
ACH-000248,49806720,0,0.08642791211605072
ACH-000248,49831044,0,0.6374245882034302
ACH-000248,49847690,1,0.3257996141910553
ACH-000248,49850262,0,0.1579514443874359
ACH-000248,5081913,1,0.4459010362625122
ACH-000248,51039095,0,0.31126895546913147
ACH-000248,5113032,0,0.0904165506362915
ACH-000248,51358113,1,0.50722736120224
ACH-000248,51371303,0,0.19119668006896973
ACH-000248,521106,1,0.3991658389568329
ACH-000248,5278396,0,0.1143486276268959
ACH-000248,5280757,0,0.14448441565036774
ACH-000248,5287969,1,0.38845810294151306
ACH-000248,52913813,0,0.1803702563047409
ACH-000248,5311,1,0.5781132578849792
ACH-000248,5311497,1,0.385556697845459
ACH-000248,5328940,0,0.13081514835357666
ACH-000248,53302361,0,0.3124074339866638
ACH-000248,5330286,0,0.40981218218803406
ACH-000248,53340664,0,0.27631592750549316
ACH-000248,53340666,1,0.5517281889915466
ACH-000248,5351307,1,0.6176840662956238
ACH-000248,5360373,1,0.38380739092826843
ACH-000248,5460033,0,0.566387951374054
ACH-000248,54676905,0,0.06845571100711823
ACH-000248,54685215,0,0.06924381852149963
ACH-000248,56599306,1,0.29346802830696106
ACH-000248,56965967,1,0.5711464881896973
ACH-000248,57340680,1,0.3730035722255707
ACH-000248,5746,1,0.7218015789985657
ACH-000248,57519544,1,0.2668093740940094
ACH-000248,58423153,0,0.18405435979366302
ACH-000248,60750,1,0.6875832676887512
ACH-000248,6253,1,0.5372433662414551
ACH-000248,637858,1,0.6482638120651245
ACH-000248,644241,0,0.14189115166664124
ACH-000248,644243,0,0.09631521254777908
ACH-000248,6445533,1,0.538531482219696
ACH-000248,6445562,1,0.2089480608701706
ACH-000248,6450551,0,0.2370421290397644
ACH-000248,6450816,1,0.3650429844856262
ACH-000248,6505803,1,0.38341864943504333
ACH-000248,65110,1,0.3814193308353424
ACH-000248,66577038,0,0.12342638522386551
ACH-000248,68234129,0,0.38473111391067505
ACH-000248,68289010,0,0.11361349374055862
ACH-000248,6852167,1,0.4225805997848511
ACH-000248,6918289,1,0.3456355035305023
ACH-000248,6918454,0,0.3335408866405487
ACH-000248,6918638,1,0.5147719979286194
ACH-000248,6918837,1,0.5758301615715027
ACH-000248,6918848,1,0.6745859980583191
ACH-000248,69923936,1,0.37524500489234924
ACH-000248,704473,0,0.18382644653320312
ACH-000248,71271629,0,0.4003281891345978
ACH-000248,71299339,0,0.12186481058597565
ACH-000248,71729975,0,0.5333558320999146
ACH-000248,73265211,0,0.0793633759021759
ACH-000248,73265214,0,0.18364553153514862
ACH-000248,73707530,1,0.6598353385925293
ACH-000248,73755109,0,0.18888932466506958
ACH-000248,76685059,0,0.326110303401947
ACH-000248,77232197,1,0.5476419925689697
ACH-000248,82146,0,0.546172022819519
ACH-000248,8249,1,0.6228443384170532
ACH-000248,92577,0,0.11029640585184097
ACH-000248,9549289,1,0.45718809962272644
ACH-000248,9549297,0,0.12336014211177826
ACH-000248,97489,0,0.13382436335086823
ACH-000248,9826528,1,0.518508791923523
ACH-000248,9829523,0,0.3419818878173828
ACH-000248,984170,1,0.15585725009441376
ACH-000248,9858940,1,0.4560350179672241
ACH-000248,9868037,0,0.3012268841266632
ACH-000248,9874913,1,0.22199441492557526
ACH-000248,9884685,0,0.18704184889793396
ACH-000248,9903786,0,0.4699057936668396
ACH-000248,9908783,0,0.10274117439985275
ACH-000248,9910224,0,0.08706564456224442
ACH-000248,9911830,0,0.08469691127538681
ACH-000248,9914412,0,0.4137781858444214
ACH-000248,9926054,1,0.34091275930404663
ACH-000248,9931954,0,0.13355574011802673
ACH-000248,9938202,0,0.17159537971019745
ACH-000248,9952773,0,0.29340651631355286
ACH-000248,9956119,0,0.12666037678718567
ACH-000248,9956222,1,0.21543923020362854
ACH-000249,10027278,0,0.40772438049316406
ACH-000249,10074640,0,0.26095813512802124
ACH-000249,10077147,0,0.42540496587753296
ACH-000249,10109823,0,0.333482950925827
ACH-000249,10113978,0,0.19317100942134857
ACH-000249,10127622,1,0.3895381689071655
ACH-000249,10172943,0,0.5011029839515686
ACH-000249,10184653,0,0.18225687742233276
ACH-000249,10302451,0,0.15102533996105194
ACH-000249,10341154,0,0.08922955393791199
ACH-000249,10368812,1,0.6226658225059509
ACH-000249,10377751,0,0.6543360948562622
ACH-000249,10459196,0,0.07823650538921356
ACH-000249,10461815,0,0.07737882435321808
ACH-000249,104741,0,0.2471514195203781
ACH-000249,104842,1,0.6071012616157532
ACH-000249,107969,1,0.5406022667884827
ACH-000249,11152667,1,0.49891042709350586
ACH-000249,11175137,0,0.41347768902778625
ACH-000249,11178236,1,0.398324191570282
ACH-000249,11282283,0,0.1802571564912796
ACH-000249,11327430,0,0.13341884315013885
ACH-000249,11338033,0,0.5536607503890991
ACH-000249,11364421,0,0.4715951383113861
ACH-000249,11373846,0,0.20021679997444153
ACH-000249,11455910,1,0.7389921545982361
ACH-000249,11467730,0,0.2922073006629944
ACH-000249,11485656,0,0.15204574167728424
ACH-000249,11488320,0,0.38063353300094604
ACH-000249,11493598,0,0.12542332708835602
ACH-000249,11507964,0,0.2007758766412735
ACH-000249,11511120,1,0.4834568500518799
ACH-000249,11609586,0,0.67734694480896
ACH-000249,11617559,0,0.09723560512065887
ACH-000249,11624601,0,0.08092524856328964
ACH-000249,11625818,0,0.15901610255241394
ACH-000249,11626560,0,0.21698421239852905
ACH-000249,11626927,0,0.09242065250873566
ACH-000249,11634725,0,0.36180293560028076
ACH-000249,11640390,0,0.22469709813594818
ACH-000249,11647372,0,0.3504074811935425
ACH-000249,11667893,0,0.11849290877580643
ACH-000249,11676786,1,0.16853825747966766
ACH-000249,11707110,1,0.31015366315841675
ACH-000249,11713159,0,0.27804529666900635
ACH-000249,11754511,0,0.583007276058197
ACH-000249,11754711,0,0.521619439125061
ACH-000249,11784504,0,0.2625412940979004
ACH-000249,117918970,0,0.3507159948348999
ACH-000249,117996541,0,0.7771233320236206
ACH-000249,11844351,0,0.2509234547615051
ACH-000249,11960529,0,0.10279593616724014
ACH-000249,11977753,1,0.4490658640861511
ACH-000249,1206243,0,0.4364498555660248
ACH-000249,121596701,1,0.3373934030532837
ACH-000249,123631,0,0.11677265912294388
ACH-000249,126565,1,0.4899037480354309
ACH-000249,126941,0,0.25623053312301636
ACH-000249,13342,0,0.440762460231781
ACH-000249,135398501,0,0.2846572697162628
ACH-000249,135398516,0,0.4063088893890381
ACH-000249,135410875,0,0.216462641954422
ACH-000249,135418940,0,0.2853657305240631
ACH-000249,135421197,0,0.32902562618255615
ACH-000249,135423438,0,0.4452623426914215
ACH-000249,135440466,1,0.27198293805122375
ACH-000249,135499520,0,0.15586213767528534
ACH-000249,135539077,0,0.4299977123737335
ACH-000249,135564599,0,0.0847795307636261
ACH-000249,135565082,1,0.45601314306259155
ACH-000249,135659062,0,0.22394239902496338
ACH-000249,135691163,1,0.507258951663971
ACH-000249,136240579,0,0.13993826508522034
ACH-000249,1401,0,0.1860048472881317
ACH-000249,148124,0,0.5581821203231812
ACH-000249,156414,1,0.37668970227241516
ACH-000249,156422,0,0.13069461286067963
ACH-000249,159324,0,0.7629415392875671
ACH-000249,15953870,0,0.17579622566699982
ACH-000249,160355,0,0.2202301323413849
ACH-000249,16038120,0,0.24686212837696075
ACH-000249,16095342,0,0.2201508730649948
ACH-000249,16123056,0,0.14934144914150238
ACH-000249,16218924,0,0.14938874542713165
ACH-000249,16659841,0,0.18385019898414612
ACH-000249,16663089,0,0.28281474113464355
ACH-000249,16681698,1,0.4561159014701843
ACH-000249,16722836,0,0.5620377659797668
ACH-000249,16725726,0,0.1890125423669815
ACH-000249,16732433,0,0.14579100906848907
ACH-000249,16747388,0,0.401923805475235
ACH-000249,16747683,1,0.5581340789794922
ACH-000249,176158,0,0.09042366594076157
ACH-000249,176167,0,0.33643850684165955
ACH-000249,176870,0,0.15384317934513092
ACH-000249,17755052,1,0.4931212067604065
ACH-000249,208908,0,0.12187611311674118
ACH-000249,216239,0,0.30780741572380066
ACH-000249,216326,0,0.06569240242242813
ACH-000249,2314623,0,0.09980051219463348
ACH-000249,23582824,1,0.7683644890785217
ACH-000249,23725625,0,0.10805091261863708
ACH-000249,2375,0,0.09381134808063507
ACH-000249,24180719,0,0.20985153317451477
ACH-000249,24737642,0,0.336373507976532
ACH-000249,24739943,1,0.5902377963066101
ACH-000249,24756910,0,0.37589606642723083
ACH-000249,24770514,0,0.3431501090526581
ACH-000249,24771867,1,0.24604208767414093
ACH-000249,24772043,1,0.5394664406776428
ACH-000249,24772860,0,0.5564826130867004
ACH-000249,24776445,0,0.1015726700425148
ACH-000249,24785538,0,0.4414311647415161
ACH-000249,24826799,0,0.25350725650787354
ACH-000249,24889392,0,0.08636799454689026
ACH-000249,24894414,0,0.15924891829490662
ACH-000249,24951314,0,0.6502251625061035
ACH-000249,24964624,0,0.27902916073799133
ACH-000249,24978538,0,0.36950379610061646
ACH-000249,25022668,0,0.4370826482772827
ACH-000249,25102847,0,0.2931266725063324
ACH-000249,25124816,0,0.10599201172590256
ACH-000249,25126798,0,0.09903921186923981
ACH-000249,25167777,1,0.4737663269042969
ACH-000249,25195294,1,0.7092687487602234
ACH-000249,25226117,0,0.1744740605354309
ACH-000249,25226483,1,0.6999379992485046
ACH-000249,25227436,0,0.572868287563324
ACH-000249,25254071,1,0.47071054577827454
ACH-000249,25257557,0,0.2784610986709595
ACH-000249,25260757,1,0.3383484482765198
ACH-000249,25262792,1,0.41624578833580017
ACH-000249,25262965,0,0.43090593814849854
ACH-000249,2733526,0,0.15040969848632812
ACH-000249,300471,0,0.7663040161132812
ACH-000249,3005532,0,0.12545815110206604
ACH-000249,3062316,0,0.3211183547973633
ACH-000249,3101542,0,0.10310407727956772
ACH-000249,31703,1,0.6289064288139343
ACH-000249,3218,0,0.5524120330810547
ACH-000249,3372016,0,0.13108479976654053
ACH-000249,3385,0,0.7417593598365784
ACH-000249,3463933,0,0.6146104335784912
ACH-000249,36314,0,0.5574278235435486
ACH-000249,36462,0,0.7050512433052063
ACH-000249,3796,0,0.1693173497915268
ACH-000249,3827738,0,0.13710661232471466
ACH-000249,387447,1,0.6461290717124939
ACH-000249,4248455,0,0.2708570957183838
ACH-000249,4261,0,0.8080315589904785
ACH-000249,42623900,0,0.2728444039821625
ACH-000249,42628507,0,0.4847545623779297
ACH-000249,42628535,0,0.3647802472114563
ACH-000249,42640,0,0.3901408910751343
ACH-000249,42642645,1,0.45940709114074707
ACH-000249,44137675,0,0.30000078678131104
ACH-000249,44143370,0,0.2860073745250702
ACH-000249,44182295,1,0.4068719744682312
ACH-000249,44224257,1,0.3727240562438965
ACH-000249,442972,0,0.23540093004703522
ACH-000249,44462760,0,0.22264936566352844
ACH-000249,444732,1,0.5375862717628479
ACH-000249,444795,0,0.24633421003818512
ACH-000249,44551660,0,0.5590873956680298
ACH-000249,446378,0,0.587409257888794
ACH-000249,447912,0,0.27331143617630005
ACH-000249,448013,0,0.6472609043121338
ACH-000249,45258277,0,0.38952818512916565
ACH-000249,46006640,0,0.1376863718032837
ACH-000249,46191454,0,0.5172051787376404
ACH-000249,46192505,0,0.17583708465099335
ACH-000249,46224516,0,0.5251640677452087
ACH-000249,462382,0,0.5113428831100464
ACH-000249,46244454,1,0.60174560546875
ACH-000249,46843648,0,0.49878397583961487
ACH-000249,46843772,0,0.2593255639076233
ACH-000249,46844147,0,0.2544386386871338
ACH-000249,46883536,0,0.0828956589102745
ACH-000249,46885626,0,0.39261099696159363
ACH-000249,46893585,0,0.22979015111923218
ACH-000249,46907787,0,0.3131023049354553
ACH-000249,46926973,0,0.2341674566268921
ACH-000249,46937430,0,0.11015792936086655
ACH-000249,46943432,0,0.26491621136665344
ACH-000249,479503,1,0.6888018846511841
ACH-000249,49806720,0,0.08436569571495056
ACH-000249,49831044,1,0.6260032057762146
ACH-000249,49847690,0,0.3494081199169159
ACH-000249,49850262,0,0.13760416209697723
ACH-000249,4993,0,0.5767328143119812
ACH-000249,5081913,1,0.5370647311210632
ACH-000249,51039095,0,0.3144818842411041
ACH-000249,5113032,0,0.09643418341875076
ACH-000249,51371303,0,0.2073354870080948
ACH-000249,521106,0,0.47250616550445557
ACH-000249,5278396,0,0.1359814554452896
ACH-000249,5280757,0,0.12925377488136292
ACH-000249,5284616,0,0.27405011653900146
ACH-000249,5287969,1,0.4176363945007324
ACH-000249,5291,0,0.13745298981666565
ACH-000249,52912189,1,0.36751338839530945
ACH-000249,52913813,0,0.19646655023097992
ACH-000249,5311,1,0.5596542954444885
ACH-000249,5311497,0,0.3465286195278168
ACH-000249,5311510,0,0.29817473888397217
ACH-000249,5328940,0,0.12931309640407562
ACH-000249,5329102,0,0.3406234383583069
ACH-000249,53302361,0,0.3803679049015045
ACH-000249,5330286,0,0.4227418303489685
ACH-000249,53315878,0,0.09055878967046738
ACH-000249,53340664,0,0.3285972476005554
ACH-000249,53340666,0,0.5342580676078796
ACH-000249,5351307,1,0.6152197122573853
ACH-000249,5360373,0,0.3841056525707245
ACH-000249,5394,0,0.08038336783647537
ACH-000249,5460033,0,0.5491490960121155
ACH-000249,54676905,0,0.06124803423881531
ACH-000249,54685215,0,0.06033025309443474
ACH-000249,5494449,0,0.30074748396873474
ACH-000249,560326,0,0.7238031625747681
ACH-000249,56599306,0,0.281215101480484
ACH-000249,56962337,0,0.13758349418640137
ACH-000249,56965967,0,0.5072247982025146
ACH-000249,5717801,0,0.22498387098312378
ACH-000249,57339144,0,0.08121855556964874
ACH-000249,57340680,0,0.36818528175354004
ACH-000249,5746,1,0.7187064290046692
ACH-000249,57519544,0,0.29716646671295166
ACH-000249,58423153,0,0.15046682953834534
ACH-000249,60750,1,0.7267188429832458
ACH-000249,6253,1,0.5506376624107361
ACH-000249,637858,1,0.6551247835159302
ACH-000249,644215,0,0.5873129963874817
ACH-000249,644241,0,0.16584745049476624
ACH-000249,6445533,1,0.5450604557991028
ACH-000249,6445562,0,0.2557983696460724
ACH-000249,6450551,0,0.19670848548412323
ACH-000249,6450816,0,0.3518724739551544
ACH-000249,6473881,0,0.20146287977695465
ACH-000249,6505803,0,0.37773168087005615
ACH-000249,65110,0,0.359481543302536
ACH-000249,66577038,0,0.12280837446451187
ACH-000249,68234129,0,0.334331214427948
ACH-000249,68289010,0,0.109371617436409
ACH-000249,6852167,0,0.4806753695011139
ACH-000249,6914657,1,0.37799134850502014
ACH-000249,6918289,0,0.35647401213645935
ACH-000249,6918454,1,0.3704073131084442
ACH-000249,6918638,1,0.45773234963417053
ACH-000249,6918837,1,0.5872846841812134
ACH-000249,6918848,0,0.650722861289978
ACH-000249,69923936,0,0.4402671456336975
ACH-000249,704473,0,0.18212901055812836
ACH-000249,71271629,0,0.3349316716194153
ACH-000249,71299339,0,0.11669783294200897
ACH-000249,71729975,1,0.45392218232154846
ACH-000249,73265211,0,0.078592948615551
ACH-000249,73265214,0,0.18494915962219238
ACH-000249,73707530,0,0.6627947688102722
ACH-000249,73755109,0,0.17735612392425537
ACH-000249,76044,0,0.3627376854419708
ACH-000249,76685059,0,0.32017621397972107
ACH-000249,77232197,0,0.6153645515441895
ACH-000249,78243717,0,0.10708567500114441
ACH-000249,82146,0,0.504647433757782
ACH-000249,8249,0,0.6178762316703796
ACH-000249,90488984,0,0.07403295487165451
ACH-000249,92577,0,0.11847808957099915
ACH-000249,9549184,0,0.1918700635433197
ACH-000249,9549289,0,0.5298728346824646
ACH-000249,9549297,0,0.1307525783777237
ACH-000249,97489,0,0.12165214121341705
ACH-000249,9826308,0,0.4918822944164276
ACH-000249,9826528,1,0.603095293045044
ACH-000249,9829523,0,0.29774272441864014
ACH-000249,984170,0,0.1730671375989914
ACH-000249,9858940,0,0.4952327013015747
ACH-000249,9863776,1,0.6695438623428345
ACH-000249,9868037,0,0.3322238028049469
ACH-000249,9874913,0,0.21820862591266632
ACH-000249,9884685,0,0.2147877961397171
ACH-000249,9903786,0,0.43491092324256897
ACH-000249,9907093,0,0.23442712426185608
ACH-000249,9908783,0,0.0919940397143364
ACH-000249,9910224,0,0.08775153756141663
ACH-000249,9911830,0,0.08815237134695053
ACH-000249,9914412,0,0.40793877840042114
ACH-000249,9926054,0,0.33214256167411804
ACH-000249,9931954,0,0.11728273332118988
ACH-000249,9938202,0,0.1810055524110794
ACH-000249,9952773,0,0.25860947370529175
ACH-000249,9956119,0,0.13403792679309845
ACH-000249,9956222,0,0.2369929403066635
ACH-000257,10077147,0,0.45865684747695923
ACH-000257,10127622,0,0.34074705839157104
ACH-000257,10184653,0,0.17755159735679626
ACH-000257,10341154,0,0.08680464327335358
ACH-000257,10368812,1,0.6739169955253601
ACH-000257,10384072,0,0.12833060324192047
ACH-000257,10459196,0,0.10582319647073746
ACH-000257,104741,0,0.30710750818252563
ACH-000257,104842,1,0.6323292851448059
ACH-000257,11152667,1,0.5632749199867249
ACH-000257,11327430,0,0.12110304087400436
ACH-000257,11455910,1,0.7875580787658691
ACH-000257,11488320,0,0.4293486177921295
ACH-000257,11609586,0,0.5782092809677124
ACH-000257,11624601,0,0.08508499711751938
ACH-000257,11667893,0,0.09542852640151978
ACH-000257,11707110,0,0.3784627914428711
ACH-000257,117918970,0,0.3109659254550934
ACH-000257,117996541,1,0.708906352519989
ACH-000257,11960529,0,0.10878082364797592
ACH-000257,11977753,1,0.5621503591537476
ACH-000257,1206243,1,0.40334662795066833
ACH-000257,121596701,1,0.400553822517395
ACH-000257,123631,0,0.1084635779261589
ACH-000257,126565,1,0.6170085072517395
ACH-000257,126941,1,0.2796366512775421
ACH-000257,13342,1,0.5753327012062073
ACH-000257,135418940,0,0.25812074542045593
ACH-000257,135440466,0,0.22532349824905396
ACH-000257,135564599,0,0.09473951160907745
ACH-000257,135565082,1,0.4608795940876007
ACH-000257,136240579,0,0.11772481352090836
ACH-000257,1401,0,0.1815464347600937
ACH-000257,148124,0,0.6517060399055481
ACH-000257,156422,0,0.12282765656709671
ACH-000257,15953870,0,0.17045126855373383
ACH-000257,16095342,0,0.21636652946472168
ACH-000257,16659841,0,0.16673630475997925
ACH-000257,16747683,1,0.5829374194145203
ACH-000257,176158,0,0.09889032691717148
ACH-000257,17755052,1,0.554617166519165
ACH-000257,216326,0,0.0617997869849205
ACH-000257,2314623,0,0.08484731614589691
ACH-000257,23725625,1,0.11515172570943832
ACH-000257,2375,0,0.12051424384117126
ACH-000257,24180719,0,0.16033080220222473
ACH-000257,24776445,0,0.09790095686912537
ACH-000257,24964624,0,0.29099535942077637
ACH-000257,24978538,1,0.41748127341270447
ACH-000257,25227436,0,0.4790324866771698
ACH-000257,25262792,1,0.41022273898124695
ACH-000257,25262965,1,0.42765387892723083
ACH-000257,2733526,0,0.1330830603837967
ACH-000257,300471,0,0.8089800477027893
ACH-000257,31703,1,0.7395581603050232
ACH-000257,3372016,0,0.14066432416439056
ACH-000257,44137675,0,0.3181356191635132
ACH-000257,44182295,0,0.48957812786102295
ACH-000257,44462760,0,0.24752849340438843
ACH-000257,444795,0,0.25480368733406067
ACH-000257,44632017,1,0.4180377423763275
ACH-000257,46224516,1,0.5910766124725342
ACH-000257,46244454,1,0.651012659072876
ACH-000257,46883536,0,0.09129531681537628
ACH-000257,46893585,0,0.25139319896698
ACH-000257,46907787,0,0.34052953124046326
ACH-000257,49831044,1,0.6059406995773315
ACH-000257,49847690,1,0.3632480502128601
ACH-000257,51039095,0,0.31106820702552795
ACH-000257,51371303,0,0.1925162971019745
ACH-000257,5278396,0,0.11126140505075455
ACH-000257,52912189,1,0.43846219778060913
ACH-000257,52913813,0,0.22138731181621552
ACH-000257,5311,1,0.6236892342567444
ACH-000257,5328940,0,0.15859250724315643
ACH-000257,5330286,0,0.4494883120059967
ACH-000257,53315878,0,0.0972956195473671
ACH-000257,5394,0,0.08454766869544983
ACH-000257,5460033,1,0.6630839705467224
ACH-000257,54685215,0,0.06618266552686691
ACH-000257,56962337,0,0.15441198647022247
ACH-000257,57339144,0,0.07786127179861069
ACH-000257,58423153,0,0.16372421383857727
ACH-000257,60750,1,0.7898527383804321
ACH-000257,6253,0,0.6237345933914185
ACH-000257,637858,0,0.6095818281173706
ACH-000257,644241,0,0.1512843519449234
ACH-000257,6450551,0,0.1825987845659256
ACH-000257,6505803,0,0.41443464159965515
ACH-000257,65110,0,0.47081342339515686
ACH-000257,68289010,0,0.09353824704885483
ACH-000257,6914657,1,0.4115379750728607
ACH-000257,6918289,0,0.37435927987098694
ACH-000257,6918454,0,0.4121062159538269
ACH-000257,71271629,0,0.36721092462539673
ACH-000257,71729975,0,0.5408725142478943
ACH-000257,73755109,0,0.2080441117286682
ACH-000257,76685059,0,0.4083087146282196
ACH-000257,78243717,0,0.0828358381986618
ACH-000257,90488984,0,0.07044500857591629
ACH-000257,9826528,0,0.601061999797821
ACH-000257,984170,0,0.1531006246805191
ACH-000257,9858940,0,0.46519050002098083
ACH-000257,9863776,1,0.7611427307128906
ACH-000257,9914412,0,0.4269433319568634
ACH-000257,9931954,0,0.11548949033021927
ACH-000257,9938202,0,0.21432626247406006
ACH-000257,9956119,0,0.11901362985372543
ACH-000290,10027278,0,0.3823619782924652
ACH-000290,10074640,0,0.303676575422287
ACH-000290,10077147,1,0.4431939125061035
ACH-000290,10109823,0,0.33861133456230164
ACH-000290,10113978,0,0.18013226985931396
ACH-000290,10127622,0,0.32228532433509827
ACH-000290,10172943,1,0.5250104069709778
ACH-000290,10184653,0,0.1810562014579773
ACH-000290,10302451,0,0.1393793821334839
ACH-000290,10341154,0,0.08376515656709671
ACH-000290,10368812,1,0.6177516579627991
ACH-000290,10377751,0,0.635915994644165
ACH-000290,10384072,1,0.11783904582262039
ACH-000290,10459196,0,0.08079524338245392
ACH-000290,10461815,0,0.07021749019622803
ACH-000290,104741,0,0.21761932969093323
ACH-000290,104842,1,0.5607864260673523
ACH-000290,107969,0,0.49555158615112305
ACH-000290,11152667,1,0.4653582274913788
ACH-000290,11175137,0,0.39334481954574585
ACH-000290,11178236,0,0.418844610452652
ACH-000290,11282283,0,0.17356279492378235
ACH-000290,11327430,0,0.12673039734363556
ACH-000290,11338033,1,0.49188488721847534
ACH-000290,11364421,1,0.4503246545791626
ACH-000290,11373846,0,0.17718297243118286
ACH-000290,11455910,1,0.7041258811950684
ACH-000290,11467730,0,0.2871682345867157
ACH-000290,11485656,0,0.1671813428401947
ACH-000290,11488320,0,0.383657842874527
ACH-000290,11493598,0,0.14187081158161163
ACH-000290,11507964,0,0.20119908452033997
ACH-000290,11511120,1,0.43498051166534424
ACH-000290,11609586,1,0.7218537330627441
ACH-000290,11617559,0,0.10149665176868439
ACH-000290,11624601,0,0.08956842869520187
ACH-000290,11625818,0,0.18087323009967804
ACH-000290,11626560,0,0.19983415305614471
ACH-000290,11626927,0,0.0922415480017662
ACH-000290,11634725,0,0.3281797468662262
ACH-000290,11640390,0,0.22851839661598206
ACH-000290,11647372,0,0.3406370282173157
ACH-000290,11667893,0,0.11181623488664627
ACH-000290,11676786,0,0.15843719244003296
ACH-000290,11707110,0,0.30228811502456665
ACH-000290,11713159,0,0.2511160671710968
ACH-000290,11754511,1,0.5543445944786072
ACH-000290,11754711,0,0.4873073399066925
ACH-000290,11784504,1,0.26982879638671875
ACH-000290,117918970,0,0.3778393268585205
ACH-000290,117996541,1,0.663263738155365
ACH-000290,11844351,0,0.27134037017822266
ACH-000290,11960529,0,0.10924232751131058
ACH-000290,11977753,1,0.39870917797088623
ACH-000290,1206243,1,0.41617250442504883
ACH-000290,121596701,1,0.29949623346328735
ACH-000290,123631,0,0.11679444462060928
ACH-000290,126565,1,0.47087129950523376
ACH-000290,126941,1,0.26513102650642395
ACH-000290,13342,1,0.4394071698188782
ACH-000290,135398501,1,0.3111039102077484
ACH-000290,135398516,1,0.41704607009887695
ACH-000290,135410875,1,0.21465462446212769
ACH-000290,135418940,0,0.23783241212368011
ACH-000290,135421197,0,0.3401833772659302
ACH-000290,135423438,1,0.47543153166770935
ACH-000290,135440466,0,0.2500675916671753
ACH-000290,135499520,0,0.16023553907871246
ACH-000290,135539077,0,0.3747280538082123
ACH-000290,135564599,0,0.09821832925081253
ACH-000290,135565082,1,0.4760735332965851
ACH-000290,135659062,0,0.29094764590263367
ACH-000290,135691163,0,0.46346208453178406
ACH-000290,136240579,0,0.1333635002374649
ACH-000290,1401,0,0.17382535338401794
ACH-000290,148124,1,0.5440165996551514
ACH-000290,156414,1,0.3518929183483124
ACH-000290,156422,0,0.13036282360553741
ACH-000290,159324,1,0.7757387757301331
ACH-000290,15953870,0,0.17488881945610046
ACH-000290,160355,0,0.2145088016986847
ACH-000290,16038120,0,0.24002602696418762
ACH-000290,16095342,0,0.1895143687725067
ACH-000290,16123056,0,0.16664442420005798
ACH-000290,16218924,0,0.18334704637527466
ACH-000290,16659841,0,0.19087161123752594
ACH-000290,16663089,0,0.23736391961574554
ACH-000290,16681698,1,0.3997810184955597
ACH-000290,16720766,1,0.23984862864017487
ACH-000290,16722836,1,0.4860636591911316
ACH-000290,16725726,0,0.1590273678302765
ACH-000290,16732433,0,0.1373404562473297
ACH-000290,16747388,0,0.37230783700942993
ACH-000290,16747683,1,0.5377694964408875
ACH-000290,176158,0,0.09803599119186401
ACH-000290,176167,0,0.3580044209957123
ACH-000290,176870,0,0.15188995003700256
ACH-000290,17755052,0,0.41968926787376404
ACH-000290,208908,0,0.12091858685016632
ACH-000290,216239,0,0.2682453393936157
ACH-000290,216326,0,0.06501300632953644
ACH-000290,2314623,0,0.09469542652368546
ACH-000290,23582824,1,0.7052568197250366
ACH-000290,23725625,1,0.11039107292890549
ACH-000290,2375,0,0.09483832865953445
ACH-000290,24180719,1,0.1871064305305481
ACH-000290,24737642,0,0.2797766923904419
ACH-000290,24739943,0,0.586843729019165
ACH-000290,24756910,0,0.3234619200229645
ACH-000290,24770514,1,0.3324502110481262
ACH-000290,24771867,0,0.23174850642681122
ACH-000290,24772043,0,0.49786457419395447
ACH-000290,24772860,1,0.48846349120140076
ACH-000290,24776445,0,0.09711897373199463
ACH-000290,24785538,1,0.4249528646469116
ACH-000290,24826799,0,0.24081479012966156
ACH-000290,24889392,0,0.08660950511693954
ACH-000290,24894414,0,0.14077681303024292
ACH-000290,24951314,0,0.5764889717102051
ACH-000290,24964624,0,0.26948606967926025
ACH-000290,24978538,1,0.32896187901496887
ACH-000290,25022668,0,0.41257473826408386
ACH-000290,25102847,0,0.32182565331459045
ACH-000290,25124816,0,0.10975939780473709
ACH-000290,25126798,0,0.09226980060338974
ACH-000290,25167777,1,0.4549529552459717
ACH-000290,25195294,1,0.7057655453681946
ACH-000290,25227436,0,0.5131956338882446
ACH-000290,25257557,0,0.28790390491485596
ACH-000290,25260757,1,0.28877660632133484
ACH-000290,25262792,1,0.38675329089164734
ACH-000290,25262965,1,0.37153151631355286
ACH-000290,2733526,0,0.15049123764038086
ACH-000290,300471,0,0.8051820397377014
ACH-000290,3005532,0,0.13283184170722961
ACH-000290,3062316,0,0.2883239984512329
ACH-000290,3101542,0,0.12778428196907043
ACH-000290,31703,1,0.5959871411323547
ACH-000290,3218,0,0.5663713216781616
ACH-000290,3372016,0,0.1568533331155777
ACH-000290,3385,0,0.6978500485420227
ACH-000290,3463933,0,0.5636481046676636
ACH-000290,36314,1,0.5365556478500366
ACH-000290,36462,1,0.7266276478767395
ACH-000290,3796,0,0.13835281133651733
ACH-000290,3827738,0,0.14588981866836548
ACH-000290,387447,1,0.6145948171615601
ACH-000290,4248455,0,0.28885599970817566
ACH-000290,4261,1,0.7470149993896484
ACH-000290,42623900,0,0.26848235726356506
ACH-000290,42628507,1,0.48488369584083557
ACH-000290,42640,0,0.4254290461540222
ACH-000290,42642645,1,0.4522881507873535
ACH-000290,44137675,0,0.3028043508529663
ACH-000290,44143370,0,0.25617876648902893
ACH-000290,44182295,0,0.36936327815055847
ACH-000290,44224257,1,0.3977621793746948
ACH-000290,442972,0,0.2121608853340149
ACH-000290,444732,1,0.4981701374053955
ACH-000290,444795,0,0.23665501177310944
ACH-000290,44551660,1,0.6457088589668274
ACH-000290,44632017,0,0.3410376012325287
ACH-000290,446378,1,0.5356445908546448
ACH-000290,447912,0,0.2605655789375305
ACH-000290,448013,1,0.6171643137931824
ACH-000290,45258277,1,0.3523642122745514
ACH-000290,46006640,0,0.1574810892343521
ACH-000290,46191454,1,0.5706486105918884
ACH-000290,46192505,0,0.19469307363033295
ACH-000290,46224516,1,0.5266045331954956
ACH-000290,462382,0,0.5265397429466248
ACH-000290,46244454,1,0.5107504725456238
ACH-000290,46843648,1,0.4987560510635376
ACH-000290,46844147,0,0.29508501291275024
ACH-000290,46883536,0,0.08186674863100052
ACH-000290,46885626,1,0.48291653394699097
ACH-000290,46893585,0,0.22238054871559143
ACH-000290,46907787,0,0.29133090376853943
ACH-000290,46926973,0,0.21236595511436462
ACH-000290,46937430,0,0.11758937686681747
ACH-000290,46943432,0,0.27021801471710205
ACH-000290,479503,1,0.6455535292625427
ACH-000290,49806720,0,0.08065120875835419
ACH-000290,49831044,0,0.6238452196121216
ACH-000290,49847690,1,0.2926509380340576
ACH-000290,49850262,0,0.1365049183368683
ACH-000290,4993,1,0.5776950716972351
ACH-000290,5081913,1,0.4646989107131958
ACH-000290,51039095,1,0.3386484384536743
ACH-000290,5113032,0,0.09418869018554688
ACH-000290,51371303,0,0.1884842962026596
ACH-000290,521106,0,0.4438492953777313
ACH-000290,5278396,0,0.11930530518293381
ACH-000290,5280757,0,0.11518171429634094
ACH-000290,5284616,1,0.23240891098976135
ACH-000290,5287969,1,0.41428685188293457
ACH-000290,5291,0,0.14604689180850983
ACH-000290,52912189,1,0.3979354500770569
ACH-000290,52913813,0,0.21361695230007172
ACH-000290,5311,1,0.5369426608085632
ACH-000290,5311497,1,0.35895538330078125
ACH-000290,5311510,0,0.25484633445739746
ACH-000290,5328940,1,0.13562321662902832
ACH-000290,5329102,0,0.32438647747039795
ACH-000290,53302361,0,0.3500847816467285
ACH-000290,5330286,1,0.40502193570137024
ACH-000290,53315878,0,0.08677919954061508
ACH-000290,53340664,0,0.3045429587364197
ACH-000290,53340666,1,0.5109059810638428
ACH-000290,5351307,1,0.6338908672332764
ACH-000290,5360373,1,0.3503310978412628
ACH-000290,5394,0,0.0862208902835846
ACH-000290,5460033,1,0.5714761018753052
ACH-000290,54676905,0,0.06600481271743774
ACH-000290,54685215,0,0.06579236686229706
ACH-000290,5494449,1,0.3073326051235199
ACH-000290,560326,1,0.7553980350494385
ACH-000290,56599306,0,0.2816673815250397
ACH-000290,56962337,0,0.12928813695907593
ACH-000290,56965967,1,0.5608445405960083
ACH-000290,5717801,0,0.23673686385154724
ACH-000290,57339144,0,0.08174749463796616
ACH-000290,5746,1,0.7203010320663452
ACH-000290,57519544,0,0.2775232195854187
ACH-000290,58423153,0,0.1653275191783905
ACH-000290,60750,1,0.7047843337059021
ACH-000290,6253,0,0.5530156493186951
ACH-000290,637858,0,0.594884991645813
ACH-000290,644215,1,0.5382676720619202
ACH-000290,644241,0,0.14045259356498718
ACH-000290,6445533,1,0.49088212847709656
ACH-000290,6445562,1,0.24057796597480774
ACH-000290,6450551,0,0.22299163043498993
ACH-000290,6450816,0,0.3235967755317688
ACH-000290,6473881,0,0.20129714906215668
ACH-000290,6505803,0,0.3353690207004547
ACH-000290,65110,0,0.3348543643951416
ACH-000290,66577038,0,0.11240199953317642
ACH-000290,68234129,1,0.35029011964797974
ACH-000290,68289010,0,0.12114806473255157
ACH-000290,6852167,1,0.46208786964416504
ACH-000290,6914657,1,0.3387335240840912
ACH-000290,6918289,1,0.3075830340385437
ACH-000290,6918454,0,0.3092586100101471
ACH-000290,6918638,0,0.48069608211517334
ACH-000290,6918837,1,0.5289968252182007
ACH-000290,6918848,0,0.6220656633377075
ACH-000290,69923936,1,0.3883568346500397
ACH-000290,704473,0,0.1895982176065445
ACH-000290,71271629,0,0.3956018090248108
ACH-000290,71299339,0,0.11825979501008987
ACH-000290,71729975,1,0.5534250140190125
ACH-000290,73265211,0,0.08339638262987137
ACH-000290,73265214,0,0.16879191994667053
ACH-000290,73707530,1,0.671682596206665
ACH-000290,73755109,0,0.18948803842067719
ACH-000290,76044,0,0.3750440776348114
ACH-000290,76685059,0,0.33848634362220764
ACH-000290,77232197,1,0.5548006296157837
ACH-000290,78243717,0,0.10283268243074417
ACH-000290,82146,0,0.5133472681045532
ACH-000290,8249,0,0.6898074150085449
ACH-000290,90488984,0,0.07730477303266525
ACH-000290,92577,0,0.09873121231794357
ACH-000290,9549184,0,0.21659508347511292
ACH-000290,9549289,0,0.5055543184280396
ACH-000290,9549297,0,0.13051462173461914
ACH-000290,97489,1,0.12589722871780396
ACH-000290,9826308,1,0.4836418926715851
ACH-000290,9826528,0,0.5171927809715271
ACH-000290,9829523,0,0.3254799246788025
ACH-000290,984170,0,0.1579747200012207
ACH-000290,9858940,1,0.4533087909221649
ACH-000290,9863776,0,0.6421135663986206
ACH-000290,9868037,0,0.2788051962852478
ACH-000290,9874913,0,0.21341904997825623
ACH-000290,9884685,1,0.21554727852344513
ACH-000290,9903786,1,0.48342737555503845
ACH-000290,9907093,0,0.23695099353790283
ACH-000290,9908783,0,0.10410398989915848
ACH-000290,9910224,0,0.08234041184186935
ACH-000290,9911830,0,0.08804042637348175
ACH-000290,9914412,1,0.44088706374168396
ACH-000290,9926054,0,0.34294435381889343
ACH-000290,9931954,1,0.12382926046848297
ACH-000290,9938202,0,0.16743019223213196
ACH-000290,9952773,0,0.30728933215141296
ACH-000290,9956119,0,0.12385181337594986
ACH-000290,9956222,0,0.23700858652591705
ACH-000291,10027278,1,0.3819834589958191
ACH-000291,10074640,0,0.2538510859012604
ACH-000291,10077147,0,0.4136454164981842
ACH-000291,10113978,0,0.22307394444942474
ACH-000291,10127622,1,0.31795236468315125
ACH-000291,10184653,0,0.16657371819019318
ACH-000291,10341154,0,0.09259914606809616
ACH-000291,10368812,1,0.6301245093345642
ACH-000291,10377751,1,0.586861789226532
ACH-000291,10459196,0,0.0998973697423935
ACH-000291,104741,0,0.27062126994132996
ACH-000291,104842,1,0.5590037107467651
ACH-000291,107969,1,0.5297949314117432
ACH-000291,11152667,1,0.4697548747062683
ACH-000291,11175137,0,0.37877243757247925
ACH-000291,11178236,1,0.46530935168266296
ACH-000291,11282283,0,0.19195245206356049
ACH-000291,11327430,0,0.12686164677143097
ACH-000291,11338033,1,0.45684778690338135
ACH-000291,11373846,0,0.16486632823944092
ACH-000291,11455910,1,0.7288979291915894
ACH-000291,11485656,0,0.16426654160022736
ACH-000291,11488320,0,0.3738604187965393
ACH-000291,11493598,0,0.13593655824661255
ACH-000291,11507964,0,0.20958346128463745
ACH-000291,11511120,1,0.4320697486400604
ACH-000291,11609586,0,0.62372225522995
ACH-000291,11617559,0,0.10779929161071777
ACH-000291,11624601,0,0.09502451121807098
ACH-000291,11625818,0,0.15655916929244995
ACH-000291,11634725,0,0.25671905279159546
ACH-000291,11640390,0,0.2580201029777527
ACH-000291,11647372,1,0.3586737811565399
ACH-000291,11667893,0,0.10735106468200684
ACH-000291,11707110,1,0.3160111606121063
ACH-000291,11713159,0,0.23243118822574615
ACH-000291,11754511,1,0.52977454662323
ACH-000291,11784504,0,0.2772165536880493
ACH-000291,117918970,0,0.3187890350818634
ACH-000291,117996541,0,0.7162769436836243
ACH-000291,11960529,0,0.11696797609329224
ACH-000291,11977753,1,0.4858095645904541
ACH-000291,1206243,0,0.38088855147361755
ACH-000291,121596701,1,0.3422130346298218
ACH-000291,123631,0,0.10600956529378891
ACH-000291,126565,1,0.5651818513870239
ACH-000291,126941,0,0.2356816679239273
ACH-000291,13342,1,0.49209046363830566
ACH-000291,135398501,1,0.3226347863674164
ACH-000291,135398516,1,0.42376407980918884
ACH-000291,135410875,0,0.19538861513137817
ACH-000291,135418940,0,0.272363543510437
ACH-000291,135423438,0,0.43614110350608826
ACH-000291,135440466,1,0.21032734215259552
ACH-000291,135499520,0,0.17436575889587402
ACH-000291,135539077,0,0.3712683618068695
ACH-000291,135564599,1,0.09841369092464447
ACH-000291,135565082,0,0.46167343854904175
ACH-000291,135659062,0,0.2816157639026642
ACH-000291,135691163,0,0.47309476137161255
ACH-000291,136240579,0,0.13455720245838165
ACH-000291,1401,0,0.18455199897289276
ACH-000291,148124,1,0.6078383326530457
ACH-000291,156414,0,0.3177241384983063
ACH-000291,156422,0,0.12392877787351608
ACH-000291,159324,1,0.7489482760429382
ACH-000291,15953870,0,0.16575153172016144
ACH-000291,16095342,0,0.1869514137506485
ACH-000291,16123056,0,0.15314550697803497
ACH-000291,16218924,0,0.1707015335559845
ACH-000291,16659841,0,0.18154920637607574
ACH-000291,16681698,1,0.44367915391921997
ACH-000291,16722836,1,0.48279067873954773
ACH-000291,16725726,0,0.21020746231079102
ACH-000291,16732433,0,0.1302843689918518
ACH-000291,16747388,1,0.3620493412017822
ACH-000291,16747683,1,0.5288243889808655
ACH-000291,176167,1,0.38981926441192627
ACH-000291,17755052,1,0.49548402428627014
ACH-000291,216326,0,0.07118043303489685
ACH-000291,2314623,0,0.09461577981710434
ACH-000291,23582824,1,0.7140997052192688
ACH-000291,23725625,0,0.11869166046380997
ACH-000291,2375,0,0.10842549055814743
ACH-000291,24180719,0,0.15747103095054626
ACH-000291,24737642,0,0.29017555713653564
ACH-000291,24739943,0,0.5591450929641724
ACH-000291,24756910,1,0.3566546142101288
ACH-000291,24770514,1,0.3832310736179352
ACH-000291,24771867,0,0.2390872687101364
ACH-000291,24772043,1,0.4695073068141937
ACH-000291,24772860,1,0.5314649939537048
ACH-000291,24776445,0,0.10466748476028442
ACH-000291,24826799,0,0.2199193686246872
ACH-000291,24889392,0,0.08374974876642227
ACH-000291,24894414,0,0.15076802670955658
ACH-000291,24951314,1,0.6068298816680908
ACH-000291,24964624,1,0.27599871158599854
ACH-000291,24978538,1,0.35143178701400757
ACH-000291,25022668,0,0.4503282308578491
ACH-000291,25102847,0,0.2918033003807068
ACH-000291,25124816,0,0.11831068247556686
ACH-000291,25126798,0,0.10045897960662842
ACH-000291,25167777,1,0.4641735851764679
ACH-000291,25195294,1,0.6976913809776306
ACH-000291,25226117,0,0.15627454221248627
ACH-000291,25226483,1,0.6714630722999573
ACH-000291,25227436,1,0.47533756494522095
ACH-000291,25254071,1,0.5029134750366211
ACH-000291,25257557,0,0.27842098474502563
ACH-000291,25260757,1,0.3467540144920349
ACH-000291,25262792,1,0.3746987581253052
ACH-000291,25262965,1,0.4067673981189728
ACH-000291,2733526,0,0.1541534811258316
ACH-000291,300471,1,0.7818920016288757
ACH-000291,3005532,0,0.12756292521953583
ACH-000291,3101542,0,0.11873633414506912
ACH-000291,31703,1,0.6800413131713867
ACH-000291,3218,1,0.5341492891311646
ACH-000291,3372016,0,0.15230855345726013
ACH-000291,3385,0,0.7219011187553406
ACH-000291,36462,1,0.7899661064147949
ACH-000291,3796,0,0.1525431126356125
ACH-000291,3827738,0,0.15318891406059265
ACH-000291,4248455,0,0.30439937114715576
ACH-000291,42623900,0,0.28278833627700806
ACH-000291,42628507,1,0.5053952932357788
ACH-000291,42628535,0,0.3344215154647827
ACH-000291,42640,0,0.41842034459114075
ACH-000291,42642645,1,0.408163458108902
ACH-000291,44137675,0,0.28870928287506104
ACH-000291,44143370,0,0.22872069478034973
ACH-000291,44182295,1,0.38913315534591675
ACH-000291,44224257,0,0.3994184136390686
ACH-000291,44462760,1,0.23024019598960876
ACH-000291,444732,1,0.4548957049846649
ACH-000291,444795,0,0.25397250056266785
ACH-000291,44551660,1,0.564056396484375
ACH-000291,446378,1,0.6167199015617371
ACH-000291,447912,0,0.31361114978790283
ACH-000291,448013,1,0.6945967674255371
ACH-000291,45258277,0,0.2950379550457001
ACH-000291,46006640,0,0.15860816836357117
ACH-000291,46191454,1,0.5875105857849121
ACH-000291,46192505,0,0.1829744279384613
ACH-000291,46224516,0,0.545920729637146
ACH-000291,46244454,1,0.5825365781784058
ACH-000291,46843648,1,0.470926970243454
ACH-000291,46843772,0,0.2743862271308899
ACH-000291,46883536,0,0.0855761393904686
ACH-000291,46885626,1,0.41449153423309326
ACH-000291,46893585,0,0.23591738939285278
ACH-000291,46907787,1,0.32802221179008484
ACH-000291,46926973,0,0.2112998366355896
ACH-000291,46937430,0,0.1154664009809494
ACH-000291,46943432,0,0.26936984062194824
ACH-000291,479503,1,0.61680668592453
ACH-000291,49806720,0,0.10095576196908951
ACH-000291,49831044,0,0.6069924831390381
ACH-000291,49847690,1,0.33867934346199036
ACH-000291,49850262,0,0.14091350138187408
ACH-000291,5081913,1,0.4931584894657135
ACH-000291,51039095,0,0.30014336109161377
ACH-000291,5113032,0,0.09470648318529129
ACH-000291,51358113,1,0.5535944104194641
ACH-000291,51371303,0,0.19634979963302612
ACH-000291,521106,0,0.403742253780365
ACH-000291,5278396,0,0.11894642561674118
ACH-000291,5280757,0,0.14632488787174225
ACH-000291,5287969,1,0.44597405195236206
ACH-000291,52912189,1,0.43609553575515747
ACH-000291,52913813,0,0.18875104188919067
ACH-000291,5311,1,0.5456804633140564
ACH-000291,5311497,1,0.4173312783241272
ACH-000291,5328940,0,0.14639341831207275
ACH-000291,53302361,0,0.3127080500125885
ACH-000291,5330286,0,0.40946725010871887
ACH-000291,53315878,0,0.10489580035209656
ACH-000291,53340664,0,0.2830609083175659
ACH-000291,53340666,1,0.5190489888191223
ACH-000291,5351307,1,0.5589095950126648
ACH-000291,5360373,1,0.4146846532821655
ACH-000291,5394,0,0.08917735517024994
ACH-000291,5460033,0,0.6071724891662598
ACH-000291,54676905,0,0.07297460734844208
ACH-000291,54685215,0,0.06937830150127411
ACH-000291,560326,1,0.7990316152572632
ACH-000291,56599306,0,0.2720075249671936
ACH-000291,56962337,0,0.16144871711730957
ACH-000291,56965967,0,0.5684632658958435
ACH-000291,57339144,0,0.08686363697052002
ACH-000291,57340680,1,0.33184364438056946
ACH-000291,5746,1,0.7477321624755859
ACH-000291,57519544,0,0.2597888708114624
ACH-000291,58423153,0,0.18190135061740875
ACH-000291,60750,1,0.7475740313529968
ACH-000291,6253,0,0.5942320227622986
ACH-000291,637858,0,0.5844956636428833
ACH-000291,644241,0,0.14343954622745514
ACH-000291,644243,0,0.0969671830534935
ACH-000291,6445533,1,0.49839192628860474
ACH-000291,6445562,1,0.213344007730484
ACH-000291,6450551,0,0.20784693956375122
ACH-000291,6450816,0,0.37123820185661316
ACH-000291,6505803,1,0.38993147015571594
ACH-000291,65110,0,0.45913225412368774
ACH-000291,66577038,0,0.12741641700267792
ACH-000291,68234129,0,0.35060733556747437
ACH-000291,68289010,0,0.11454275995492935
ACH-000291,6852167,1,0.4310917854309082
ACH-000291,6914657,1,0.3652265667915344
ACH-000291,6918289,1,0.3519987165927887
ACH-000291,6918454,1,0.3304397761821747
ACH-000291,6918638,1,0.45451319217681885
ACH-000291,6918837,1,0.5309383273124695
ACH-000291,6918848,1,0.6721623539924622
ACH-000291,69923936,1,0.4091544449329376
ACH-000291,704473,0,0.17154131829738617
ACH-000291,71271629,0,0.3711470067501068
ACH-000291,71299339,0,0.11505623161792755
ACH-000291,71729975,0,0.518517792224884
ACH-000291,73265211,0,0.07699612528085709
ACH-000291,73265214,0,0.1857232302427292
ACH-000291,73707530,1,0.631003201007843
ACH-000291,73755109,0,0.20350398123264313
ACH-000291,76685059,0,0.375217080116272
ACH-000291,77232197,1,0.5702952742576599
ACH-000291,78243717,0,0.09578567743301392
ACH-000291,82146,0,0.5310606956481934
ACH-000291,8249,1,0.6194921731948853
ACH-000291,90488984,0,0.075360007584095
ACH-000291,92577,0,0.11925502121448517
ACH-000291,9549289,1,0.4606425166130066
ACH-000291,9549297,0,0.11866240203380585
ACH-000291,97489,0,0.13225288689136505
ACH-000291,9826528,1,0.5372604727745056
ACH-000291,9829523,0,0.441262811422348
ACH-000291,984170,0,0.15765632688999176
ACH-000291,9858940,1,0.48327475786209106
ACH-000291,9863776,0,0.7038465738296509
ACH-000291,9868037,0,0.30429455637931824
ACH-000291,9874913,0,0.20286768674850464
ACH-000291,9884685,0,0.19891691207885742
ACH-000291,9903786,0,0.4496774971485138
ACH-000291,9908783,0,0.10549043864011765
ACH-000291,9910224,0,0.0885731503367424
ACH-000291,9911830,0,0.08628600090742111
ACH-000291,9914412,0,0.3998508155345917
ACH-000291,9926054,0,0.3531191945075989
ACH-000291,9931954,0,0.12977604568004608
ACH-000291,9938202,0,0.18870161473751068
ACH-000291,9952773,0,0.2715767025947571
ACH-000291,9956119,0,0.12471546977758408
ACH-000291,9956222,0,0.2159416675567627
ACH-000320,10027278,1,0.4744766056537628
ACH-000320,10074640,1,0.2996320426464081
ACH-000320,10077147,1,0.43933114409446716
ACH-000320,10109823,1,0.3373996615409851
ACH-000320,10113978,0,0.21765191853046417
ACH-000320,10127622,1,0.36178725957870483
ACH-000320,10172943,1,0.552544116973877
ACH-000320,10184653,0,0.18610307574272156
ACH-000320,10302451,0,0.13709618151187897
ACH-000320,10341154,0,0.08505422621965408
ACH-000320,10368812,1,0.7466443777084351
ACH-000320,10384072,0,0.13689766824245453
ACH-000320,10459196,0,0.08977769315242767
ACH-000320,10461815,0,0.07120655477046967
ACH-000320,104741,0,0.28522905707359314
ACH-000320,104842,1,0.6379554867744446
ACH-000320,107969,1,0.5965344905853271
ACH-000320,11152667,1,0.5954582691192627
ACH-000320,11175137,0,0.44059130549430847
ACH-000320,11178236,1,0.5322586297988892
ACH-000320,11282283,0,0.20788048207759857
ACH-000320,11327430,0,0.11974012106657028
ACH-000320,11338033,1,0.5295339822769165
ACH-000320,11364421,1,0.5235570073127747
ACH-000320,11373846,0,0.17940792441368103
ACH-000320,11455910,1,0.7917883396148682
ACH-000320,11467730,1,0.39973536133766174
ACH-000320,11485656,0,0.1719968169927597
ACH-000320,11488320,1,0.49498897790908813
ACH-000320,11493598,0,0.15469862520694733
ACH-000320,11507964,1,0.2177104353904724
ACH-000320,11511120,1,0.5633398294448853
ACH-000320,11609586,0,0.6225889921188354
ACH-000320,11617559,0,0.09905324131250381
ACH-000320,11624601,0,0.09087443351745605
ACH-000320,11625818,0,0.1681496948003769
ACH-000320,11626560,0,0.20189665257930756
ACH-000320,11626927,0,0.0993066355586052
ACH-000320,11634725,1,0.27582430839538574
ACH-000320,11640390,1,0.3070994019508362
ACH-000320,11647372,1,0.4193541705608368
ACH-000320,11667893,0,0.1000649482011795
ACH-000320,11676786,1,0.19568566977977753
ACH-000320,11707110,1,0.4075886309146881
ACH-000320,11713159,0,0.2787991464138031
ACH-000320,11754511,1,0.5607012510299683
ACH-000320,11754711,1,0.600578784942627
ACH-000320,11784504,1,0.30014193058013916
ACH-000320,117918970,1,0.3448783755302429
ACH-000320,117996541,1,0.6857573986053467
ACH-000320,11844351,1,0.275121808052063
ACH-000320,11960529,0,0.10704632103443146
ACH-000320,11977753,1,0.5600663423538208
ACH-000320,1206243,1,0.3751590847969055
ACH-000320,121596701,1,0.4549923241138458
ACH-000320,123631,0,0.10728602856397629
ACH-000320,126565,1,0.6480280756950378
ACH-000320,126941,0,0.2808949947357178
ACH-000320,13342,1,0.6275299191474915
ACH-000320,135398501,0,0.4201914966106415
ACH-000320,135398516,1,0.5662435293197632
ACH-000320,135410875,1,0.23341645300388336
ACH-000320,135418940,0,0.25389209389686584
ACH-000320,135421197,1,0.35246309638023376
ACH-000320,135423438,0,0.527678370475769
ACH-000320,135440466,1,0.24806052446365356
ACH-000320,135499520,0,0.17082522809505463
ACH-000320,135539077,1,0.4940454959869385
ACH-000320,135564599,1,0.10325177758932114
ACH-000320,135565082,1,0.5142813920974731
ACH-000320,135659062,0,0.32198649644851685
ACH-000320,135691163,1,0.5661059021949768
ACH-000320,136240579,1,0.12953826785087585
ACH-000320,1401,0,0.19686837494373322
ACH-000320,148124,1,0.6809053421020508
ACH-000320,156414,0,0.44298386573791504
ACH-000320,156422,0,0.13864360749721527
ACH-000320,159324,1,0.8149622678756714
ACH-000320,15953870,0,0.16940684616565704
ACH-000320,160355,0,0.284932017326355
ACH-000320,16038120,1,0.34565961360931396
ACH-000320,16095342,0,0.25179120898246765
ACH-000320,16123056,0,0.14785432815551758
ACH-000320,16218924,0,0.20060600340366364
ACH-000320,16659841,0,0.17973856627941132
ACH-000320,16663089,1,0.2779599130153656
ACH-000320,16681698,1,0.5397174954414368
ACH-000320,16720766,0,0.35394904017448425
ACH-000320,16722836,1,0.609149158000946
ACH-000320,16725726,0,0.2350383698940277
ACH-000320,16732433,1,0.11228889226913452
ACH-000320,16747388,1,0.4134148359298706
ACH-000320,16747683,1,0.6507932543754578
ACH-000320,176158,0,0.10313218832015991
ACH-000320,176167,1,0.4625622034072876
ACH-000320,176870,0,0.15096278488636017
ACH-000320,17755052,1,0.57203209400177
ACH-000320,208908,0,0.12983942031860352
ACH-000320,216239,1,0.2996894419193268
ACH-000320,216326,0,0.05967789888381958
ACH-000320,2314623,0,0.08017110079526901
ACH-000320,23582824,1,0.7309854626655579
ACH-000320,23725625,0,0.11512712389230728
ACH-000320,2375,0,0.10937531292438507
ACH-000320,24180719,0,0.1611926555633545
ACH-000320,24737642,0,0.35677239298820496
ACH-000320,24739943,0,0.6544215679168701
ACH-000320,24756910,1,0.4613034725189209
ACH-000320,24770514,0,0.4754166007041931
ACH-000320,24771867,0,0.2600254714488983
ACH-000320,24772043,1,0.5683327317237854
ACH-000320,24772860,1,0.6252530217170715
ACH-000320,24776445,0,0.10179448127746582
ACH-000320,24785538,1,0.4383270740509033
ACH-000320,24826799,0,0.2644386291503906
ACH-000320,24889392,0,0.09164220094680786
ACH-000320,24894414,0,0.15898007154464722
ACH-000320,24951314,1,0.725295901298523
ACH-000320,24964624,0,0.36816179752349854
ACH-000320,24978538,0,0.43206948041915894
ACH-000320,25022668,1,0.546398937702179
ACH-000320,25102847,0,0.31747642159461975
ACH-000320,25124816,0,0.11973856389522552
ACH-000320,25126798,0,0.0962655171751976
ACH-000320,25167777,1,0.5436950325965881
ACH-000320,25195294,1,0.7800555229187012
ACH-000320,25227436,0,0.5326920747756958
ACH-000320,25254071,1,0.585681140422821
ACH-000320,25257557,1,0.3339409828186035
ACH-000320,25260757,0,0.47244176268577576
ACH-000320,25262792,1,0.4861448407173157
ACH-000320,25262965,1,0.46466395258903503
ACH-000320,2733526,0,0.14304141700267792
ACH-000320,300471,1,0.8494780659675598
ACH-000320,3005532,0,0.12097901105880737
ACH-000320,3062316,1,0.2936408221721649
ACH-000320,3101542,0,0.12452609837055206
ACH-000320,31703,1,0.74896639585495
ACH-000320,3218,1,0.5814480781555176
ACH-000320,3372016,0,0.16459038853645325
ACH-000320,3385,1,0.6703125834465027
ACH-000320,3463933,1,0.6580079197883606
ACH-000320,36314,1,0.6905122399330139
ACH-000320,36462,0,0.8042810559272766
ACH-000320,3796,0,0.12939023971557617
ACH-000320,3827738,0,0.1589145064353943
ACH-000320,387447,1,0.7281171083450317
ACH-000320,4248455,0,0.3212062418460846
ACH-000320,4261,1,0.7373121380805969
ACH-000320,42623900,1,0.33844301104545593
ACH-000320,42628507,1,0.6406288146972656
ACH-000320,42640,1,0.4966908097267151
ACH-000320,42642645,1,0.5534465312957764
ACH-000320,44137675,0,0.35211408138275146
ACH-000320,44143370,1,0.28004011511802673
ACH-000320,44182295,1,0.5019174218177795
ACH-000320,44224257,1,0.5264076590538025
ACH-000320,442972,0,0.26981544494628906
ACH-000320,44462760,1,0.28506961464881897
ACH-000320,444732,1,0.5249013304710388
ACH-000320,444795,0,0.25100237131118774
ACH-000320,44551660,1,0.6530266404151917
ACH-000320,44632017,1,0.41304439306259155
ACH-000320,446378,1,0.7208804488182068
ACH-000320,447912,0,0.32121121883392334
ACH-000320,448013,1,0.7574887871742249
ACH-000320,45258277,1,0.3158707022666931
ACH-000320,46006640,0,0.1924428641796112
ACH-000320,46191454,1,0.697968065738678
ACH-000320,46192505,0,0.1757349818944931
ACH-000320,46224516,1,0.6772894859313965
ACH-000320,462382,1,0.6749044060707092
ACH-000320,46244454,1,0.6670395731925964
ACH-000320,46843648,1,0.5575171113014221
ACH-000320,46844147,0,0.3271644413471222
ACH-000320,46883536,0,0.09265726804733276
ACH-000320,46885626,1,0.531887948513031
ACH-000320,46893585,0,0.26109349727630615
ACH-000320,46907787,0,0.3819432854652405
ACH-000320,46926973,0,0.16586874425411224
ACH-000320,46937430,0,0.09837593138217926
ACH-000320,46943432,1,0.3122197091579437
ACH-000320,479503,0,0.6858317255973816
ACH-000320,49806720,0,0.10526000708341599
ACH-000320,49831044,1,0.6988243460655212
ACH-000320,49847690,1,0.3722548186779022
ACH-000320,49850262,1,0.13237783312797546
ACH-000320,4993,1,0.5352396965026855
ACH-000320,5081913,1,0.530472993850708
ACH-000320,51039095,1,0.33718258142471313
ACH-000320,5113032,0,0.08112180233001709
ACH-000320,51358113,1,0.6016488671302795
ACH-000320,51371303,0,0.18844810128211975
ACH-000320,521106,1,0.43242713809013367
ACH-000320,5278396,0,0.10382819175720215
ACH-000320,5280757,0,0.15074656903743744
ACH-000320,5287969,1,0.5132417678833008
ACH-000320,5291,0,0.12900711596012115
ACH-000320,52912189,0,0.5144417881965637
ACH-000320,52913813,0,0.21224194765090942
ACH-000320,5311,1,0.6291975975036621
ACH-000320,5311497,0,0.5444463491439819
ACH-000320,5311510,0,0.29854413866996765
ACH-000320,5328940,0,0.17262963950634003
ACH-000320,5329102,1,0.31162121891975403
ACH-000320,53302361,0,0.3949853181838989
ACH-000320,5330286,0,0.48761099576950073
ACH-000320,53315878,0,0.10976971685886383
ACH-000320,53340664,1,0.3452271819114685
ACH-000320,53340666,1,0.6337910890579224
ACH-000320,5351307,1,0.6844024062156677
ACH-000320,5360373,1,0.5012718439102173
ACH-000320,5394,0,0.08753693103790283
ACH-000320,5460033,1,0.6819074749946594
ACH-000320,54676905,0,0.06744449585676193
ACH-000320,54685215,0,0.07242781668901443
ACH-000320,5494449,1,0.3596968650817871
ACH-000320,560326,0,0.8429619669914246
ACH-000320,56599306,0,0.35580816864967346
ACH-000320,56962337,0,0.1614179164171219
ACH-000320,56965967,1,0.6537495255470276
ACH-000320,5717801,0,0.24456001818180084
ACH-000320,57339144,0,0.07851766049861908
ACH-000320,5746,1,0.8181215524673462
ACH-000320,57519544,0,0.225111186504364
ACH-000320,58423153,0,0.18633624911308289
ACH-000320,60750,1,0.7828855514526367
ACH-000320,6253,1,0.61370450258255
ACH-000320,637858,1,0.6179659366607666
ACH-000320,644215,1,0.543819010257721
ACH-000320,644241,0,0.14571958780288696
ACH-000320,644243,0,0.08583337813615799
ACH-000320,6445533,1,0.5851547718048096
ACH-000320,6445562,1,0.26806241273880005
ACH-000320,6450551,0,0.2332645058631897
ACH-000320,6450816,1,0.48828646540641785
ACH-000320,6473881,0,0.24830009043216705
ACH-000320,6505803,1,0.43769633769989014
ACH-000320,65110,1,0.48898932337760925
ACH-000320,66577038,0,0.10960938781499863
ACH-000320,68234129,1,0.40826427936553955
ACH-000320,68289010,0,0.11136116832494736
ACH-000320,6852167,1,0.5561671257019043
ACH-000320,6914657,1,0.4414624571800232
ACH-000320,6918289,1,0.41575175523757935
ACH-000320,6918454,1,0.4094221591949463
ACH-000320,6918638,1,0.5074353218078613
ACH-000320,6918837,1,0.5976595878601074
ACH-000320,6918848,1,0.7361078858375549
ACH-000320,69923936,1,0.4712268114089966
ACH-000320,704473,0,0.16493986546993256
ACH-000320,71271629,0,0.4420355558395386
ACH-000320,71299339,0,0.12040994316339493
ACH-000320,71729975,1,0.6196033358573914
ACH-000320,73265211,0,0.07948260754346848
ACH-000320,73265214,0,0.2030036896467209
ACH-000320,73707530,1,0.6814261674880981
ACH-000320,73755109,0,0.20335857570171356
ACH-000320,76044,1,0.43695709109306335
ACH-000320,76685059,0,0.47288915514945984
ACH-000320,77232197,1,0.6509391069412231
ACH-000320,78243717,0,0.08223164826631546
ACH-000320,82146,1,0.583728551864624
ACH-000320,8249,1,0.7230172157287598
ACH-000320,90488984,0,0.06962577998638153
ACH-000320,92577,0,0.10643916577100754
ACH-000320,9549184,1,0.2987554669380188
ACH-000320,9549289,0,0.49207204580307007
ACH-000320,9549297,0,0.13767021894454956
ACH-000320,97489,0,0.13528254628181458
ACH-000320,9826308,1,0.5505293011665344
ACH-000320,9826528,1,0.5856947898864746
ACH-000320,9829523,0,0.5066326856613159
ACH-000320,984170,1,0.15415510535240173
ACH-000320,9858940,0,0.5497439503669739
ACH-000320,9863776,1,0.724579393863678
ACH-000320,9868037,0,0.3041357696056366
ACH-000320,9874913,0,0.19878140091896057
ACH-000320,9884685,1,0.25594568252563477
ACH-000320,9903786,1,0.5408480167388916
ACH-000320,9907093,0,0.24766013026237488
ACH-000320,9908783,0,0.11304402351379395
ACH-000320,9910224,0,0.0816401019692421
ACH-000320,9911830,0,0.07821070402860641
ACH-000320,9914412,1,0.48937124013900757
ACH-000320,9926054,1,0.4184034764766693
ACH-000320,9931954,0,0.11910638213157654
ACH-000320,9938202,0,0.20026807487010956
ACH-000320,9952773,0,0.30706503987312317
ACH-000320,9956119,0,0.12083947658538818
ACH-000320,9956222,1,0.2473604381084442
ACH-000323,10027278,1,0.44236376881599426
ACH-000323,10074640,0,0.28607508540153503
ACH-000323,10077147,1,0.46383315324783325
ACH-000323,10109823,0,0.29758578538894653
ACH-000323,10113978,1,0.20445223152637482
ACH-000323,10127622,0,0.35256877541542053
ACH-000323,10184653,0,0.16940873861312866
ACH-000323,10341154,0,0.08842597156763077
ACH-000323,10368812,1,0.6854813694953918
ACH-000323,10377751,0,0.5301945209503174
ACH-000323,10384072,0,0.10167732834815979
ACH-000323,10459196,0,0.07429312914609909
ACH-000323,104741,0,0.2540123760700226
ACH-000323,104842,1,0.6237784624099731
ACH-000323,107969,1,0.5778013467788696
ACH-000323,11152667,1,0.5580313205718994
ACH-000323,11175137,0,0.4267849326133728
ACH-000323,11178236,1,0.4797188639640808
ACH-000323,11282283,0,0.18328072130680084
ACH-000323,11327430,0,0.12081173062324524
ACH-000323,11338033,1,0.52638840675354
ACH-000323,11373846,0,0.1739317625761032
ACH-000323,11455910,1,0.7473800778388977
ACH-000323,11485656,0,0.14906738698482513
ACH-000323,11488320,0,0.40598875284194946
ACH-000323,11493598,0,0.13158856332302094
ACH-000323,11507964,0,0.20770396292209625
ACH-000323,11511120,1,0.5207043886184692
ACH-000323,11609586,1,0.6077616214752197
ACH-000323,11617559,0,0.09166687726974487
ACH-000323,11624601,0,0.08107957243919373
ACH-000323,11625818,0,0.14952853322029114
ACH-000323,11634725,0,0.27341973781585693
ACH-000323,11640390,0,0.2499399036169052
ACH-000323,11647372,1,0.3877061605453491
ACH-000323,11667893,0,0.09408227354288101
ACH-000323,11707110,1,0.34754058718681335
ACH-000323,11713159,0,0.2572391927242279
ACH-000323,11754511,1,0.5624405145645142
ACH-000323,11784504,1,0.28101208806037903
ACH-000323,117918970,1,0.3040526509284973
ACH-000323,117996541,1,0.6967359185218811
ACH-000323,11960529,0,0.10686277598142624
ACH-000323,11977753,1,0.460906445980072
ACH-000323,1206243,1,0.36259838938713074
ACH-000323,121596701,1,0.36940324306488037
ACH-000323,123631,0,0.10423295199871063
ACH-000323,126565,1,0.5907899737358093
ACH-000323,126941,0,0.28203362226486206
ACH-000323,13342,1,0.5700660347938538
ACH-000323,135398501,0,0.3299986720085144
ACH-000323,135398516,1,0.4562140703201294
ACH-000323,135410875,0,0.20114019513130188
ACH-000323,135418940,0,0.26246318221092224
ACH-000323,135421197,0,0.3158687353134155
ACH-000323,135423438,1,0.4621937572956085
ACH-000323,135440466,0,0.22804798185825348
ACH-000323,135499520,0,0.14695070683956146
ACH-000323,135539077,1,0.40756964683532715
ACH-000323,135564599,0,0.09206810593605042
ACH-000323,135565082,1,0.4469938278198242
ACH-000323,135659062,0,0.2559988796710968
ACH-000323,135691163,0,0.514811098575592
ACH-000323,136240579,1,0.11947394907474518
ACH-000323,1401,0,0.19110877811908722
ACH-000323,148124,1,0.6554057002067566
ACH-000323,156414,1,0.36893796920776367
ACH-000323,156422,0,0.13136351108551025
ACH-000323,159324,1,0.782295823097229
ACH-000323,15953870,1,0.16895337402820587
ACH-000323,16095342,0,0.20945940911769867
ACH-000323,16123056,0,0.1371004581451416
ACH-000323,16218924,0,0.14709699153900146
ACH-000323,16659841,1,0.15942026674747467
ACH-000323,16681698,1,0.45488592982292175
ACH-000323,16720766,1,0.30424821376800537
ACH-000323,16722836,1,0.5887683629989624
ACH-000323,16725726,0,0.1931004822254181
ACH-000323,16732433,0,0.1242300420999527
ACH-000323,16747388,0,0.3937273323535919
ACH-000323,16747683,1,0.5559097528457642
ACH-000323,176158,0,0.08483335375785828
ACH-000323,176167,0,0.39780715107917786
ACH-000323,17755052,1,0.4993045926094055
ACH-000323,216326,0,0.059753090143203735
ACH-000323,2314623,0,0.09164828062057495
ACH-000323,23582824,1,0.7109023332595825
ACH-000323,23725625,0,0.10376060009002686
ACH-000323,2375,0,0.09686189889907837
ACH-000323,24180719,0,0.165273517370224
ACH-000323,24737642,0,0.32422786951065063
ACH-000323,24739943,1,0.577728807926178
ACH-000323,24756910,1,0.4088885188102722
ACH-000323,24770514,0,0.4089505076408386
ACH-000323,24771867,0,0.2236061990261078
ACH-000323,24772043,1,0.5717530250549316
ACH-000323,24772860,1,0.5872895121574402
ACH-000323,24776445,0,0.09535861015319824
ACH-000323,24785538,0,0.4228695034980774
ACH-000323,24826799,1,0.24107229709625244
ACH-000323,24889392,0,0.08584580570459366
ACH-000323,24894414,0,0.15008464455604553
ACH-000323,24951314,1,0.7140489816665649
ACH-000323,24964624,1,0.29292523860931396
ACH-000323,24978538,0,0.37989214062690735
ACH-000323,25022668,1,0.47491273283958435
ACH-000323,25102847,0,0.2904358208179474
ACH-000323,25124816,0,0.10858779400587082
ACH-000323,25126798,0,0.0880664587020874
ACH-000323,25167777,1,0.47802284359931946
ACH-000323,25195294,1,0.7514228224754333
ACH-000323,25227436,1,0.5438254475593567
ACH-000323,25254071,1,0.49808546900749207
ACH-000323,25257557,0,0.2923694849014282
ACH-000323,25260757,1,0.39115944504737854
ACH-000323,25262792,1,0.4173193871974945
ACH-000323,25262965,1,0.41473984718322754
ACH-000323,2733526,0,0.1431282013654709
ACH-000323,300471,1,0.8077777028083801
ACH-000323,3005532,0,0.1237129345536232
ACH-000323,3101542,0,0.10812932252883911
ACH-000323,31703,1,0.6994451284408569
ACH-000323,3218,1,0.5841225385665894
ACH-000323,3372016,0,0.14407384395599365
ACH-000323,3385,1,0.7430144548416138
ACH-000323,3463933,0,0.6619614362716675
ACH-000323,36462,1,0.7751091718673706
ACH-000323,3796,0,0.11840159446001053
ACH-000323,3827738,0,0.1538216769695282
ACH-000323,4248455,0,0.29743561148643494
ACH-000323,42623900,0,0.2828342914581299
ACH-000323,42628507,1,0.5259543061256409
ACH-000323,42640,0,0.44700291752815247
ACH-000323,42642645,1,0.5031535625457764
ACH-000323,44137675,1,0.2876516878604889
ACH-000323,44143370,1,0.24690380692481995
ACH-000323,44182295,0,0.46405842900276184
ACH-000323,44224257,0,0.4673357307910919
ACH-000323,44462760,0,0.2112901210784912
ACH-000323,444732,1,0.5196053385734558
ACH-000323,444795,0,0.23077178001403809
ACH-000323,44551660,0,0.5819874405860901
ACH-000323,44632017,1,0.406637966632843
ACH-000323,447912,0,0.29942864179611206
ACH-000323,448013,1,0.7129812240600586
ACH-000323,45258277,0,0.32814767956733704
ACH-000323,46006640,0,0.1600242704153061
ACH-000323,46191454,0,0.5997341871261597
ACH-000323,46192505,0,0.16880926489830017
ACH-000323,46224516,1,0.5983167886734009
ACH-000323,46244454,1,0.6047505140304565
ACH-000323,46843648,0,0.511560320854187
ACH-000323,46883536,0,0.07957866787910461
ACH-000323,46885626,0,0.43337133526802063
ACH-000323,46893585,0,0.2351817637681961
ACH-000323,46907787,1,0.3278648853302002
ACH-000323,46926973,0,0.17940190434455872
ACH-000323,46937430,0,0.10195780545473099
ACH-000323,46943432,0,0.2668462097644806
ACH-000323,479503,1,0.6347835659980774
ACH-000323,49806720,0,0.08552601933479309
ACH-000323,49831044,1,0.5999943017959595
ACH-000323,49850262,0,0.13588470220565796
ACH-000323,5081913,1,0.5320221185684204
ACH-000323,51039095,1,0.3168640732765198
ACH-000323,5113032,0,0.08359822630882263
ACH-000323,51358113,1,0.5836541652679443
ACH-000323,51371303,0,0.19560934603214264
ACH-000323,521106,0,0.39007529616355896
ACH-000323,5278396,0,0.11194726824760437
ACH-000323,5280757,0,0.13282090425491333
ACH-000323,5287969,1,0.4547121524810791
ACH-000323,52912189,1,0.407845139503479
ACH-000323,52913813,0,0.19368180632591248
ACH-000323,5311,1,0.6356330513954163
ACH-000323,5311497,0,0.4585496485233307
ACH-000323,5328940,0,0.13454875349998474
ACH-000323,53302361,1,0.36946791410446167
ACH-000323,5330286,0,0.4490920305252075
ACH-000323,53315878,0,0.09517102688550949
ACH-000323,53340664,1,0.3286678194999695
ACH-000323,53340666,1,0.602989137172699
ACH-000323,5351307,1,0.6465356945991516
ACH-000323,5360373,1,0.4251764118671417
ACH-000323,5394,0,0.08656564354896545
ACH-000323,5460033,1,0.638639509677887
ACH-000323,54676905,0,0.05736410245299339
ACH-000323,54685215,0,0.06246679648756981
ACH-000323,560326,1,0.8226799368858337
ACH-000323,56599306,0,0.28403806686401367
ACH-000323,56962337,0,0.14055487513542175
ACH-000323,56965967,0,0.5891921520233154
ACH-000323,57339144,0,0.07904428988695145
ACH-000323,5746,1,0.7746285200119019
ACH-000323,57519544,0,0.23545922338962555
ACH-000323,58423153,0,0.16601410508155823
ACH-000323,60750,1,0.755294144153595
ACH-000323,6253,1,0.588543713092804
ACH-000323,637858,1,0.6034382581710815
ACH-000323,644241,0,0.14471222460269928
ACH-000323,644243,0,0.08918832242488861
ACH-000323,6445533,1,0.5786507725715637
ACH-000323,6445562,0,0.23000243306159973
ACH-000323,6450551,0,0.19427677989006042
ACH-000323,6450816,0,0.40149155259132385
ACH-000323,6505803,1,0.36758163571357727
ACH-000323,65110,1,0.4228839576244354
ACH-000323,66577038,0,0.114251047372818
ACH-000323,68234129,0,0.3542940020561218
ACH-000323,68289010,0,0.10202877968549728
ACH-000323,6852167,1,0.5253154635429382
ACH-000323,6914657,1,0.39685070514678955
ACH-000323,6918289,1,0.36514711380004883
ACH-000323,6918454,1,0.3828805387020111
ACH-000323,6918638,1,0.5326841473579407
ACH-000323,6918837,1,0.5984452366828918
ACH-000323,6918848,1,0.6719194054603577
ACH-000323,69923936,1,0.44362255930900574
ACH-000323,704473,0,0.16589069366455078
ACH-000323,71271629,1,0.3882989287376404
ACH-000323,71299339,0,0.11537536978721619
ACH-000323,71729975,1,0.5384212136268616
ACH-000323,73265211,0,0.07084310799837112
ACH-000323,73265214,0,0.19151902198791504
ACH-000323,73707530,1,0.6290609240531921
ACH-000323,73755109,0,0.18661537766456604
ACH-000323,76685059,1,0.3993687629699707
ACH-000323,77232197,1,0.6304705739021301
ACH-000323,78243717,0,0.09414190798997879
ACH-000323,82146,0,0.5264778137207031
ACH-000323,8249,1,0.670072078704834
ACH-000323,90488984,0,0.07040275633335114
ACH-000323,92577,0,0.10694809257984161
ACH-000323,9549289,1,0.4123861789703369
ACH-000323,9549297,0,0.11757168173789978
ACH-000323,97489,0,0.12009268999099731
ACH-000323,9826528,1,0.5788219571113586
ACH-000323,9829523,1,0.3851696848869324
ACH-000323,984170,0,0.1462632417678833
ACH-000323,9858940,1,0.4727153480052948
ACH-000323,9863776,1,0.685167670249939
ACH-000323,9868037,0,0.28624987602233887
ACH-000323,9874913,0,0.1846563220024109
ACH-000323,9884685,1,0.21538889408111572
ACH-000323,9903786,0,0.4871664047241211
ACH-000323,9908783,0,0.09334278106689453
ACH-000323,9910224,0,0.08325688540935516
ACH-000323,9911830,0,0.07345295697450638
ACH-000323,9914412,1,0.43606826663017273
ACH-000323,9926054,0,0.3910506069660187
ACH-000323,9931954,0,0.11575847119092941
ACH-000323,9938202,0,0.19065754115581512
ACH-000323,9952773,0,0.2558307945728302
ACH-000323,9956119,0,0.11534789204597473
ACH-000323,9956222,0,0.21670971810817719
ACH-000335,10027278,0,0.4060715436935425
ACH-000335,10074640,0,0.2649078071117401
ACH-000335,10077147,0,0.3992461860179901
ACH-000335,10109823,0,0.28382280468940735
ACH-000335,10113978,0,0.19081880152225494
ACH-000335,10127622,1,0.3440279960632324
ACH-000335,10172943,0,0.5042374134063721
ACH-000335,10184653,0,0.16137568652629852
ACH-000335,10302451,0,0.135438933968544
ACH-000335,10341154,0,0.08110016584396362
ACH-000335,10368812,1,0.6395965218544006
ACH-000335,10377751,0,0.5956339240074158
ACH-000335,10384072,0,0.11116715520620346
ACH-000335,10459196,0,0.07266847789287567
ACH-000335,10461815,0,0.06756404042243958
ACH-000335,104741,0,0.23319558799266815
ACH-000335,104842,1,0.5657522082328796
ACH-000335,107969,1,0.5023942589759827
ACH-000335,11152667,1,0.4650149941444397
ACH-000335,11175137,1,0.38405129313468933
ACH-000335,11178236,1,0.4283483028411865
ACH-000335,11282283,1,0.1633378118276596
ACH-000335,11327430,0,0.11806756258010864
ACH-000335,11338033,1,0.4679200053215027
ACH-000335,11364421,0,0.4294776916503906
ACH-000335,11373846,0,0.17364096641540527
ACH-000335,11455910,1,0.7101784944534302
ACH-000335,11467730,0,0.27012211084365845
ACH-000335,11485656,0,0.15478679537773132
ACH-000335,11488320,1,0.35749319195747375
ACH-000335,11493598,0,0.13307316601276398
ACH-000335,11507964,0,0.19163203239440918
ACH-000335,11511120,1,0.42379030585289
ACH-000335,11609586,0,0.6665867567062378
ACH-000335,11617559,0,0.09261041134595871
ACH-000335,11624601,0,0.08682752400636673
ACH-000335,11625818,0,0.15531699359416962
ACH-000335,11626560,0,0.18063251674175262
ACH-000335,11626927,0,0.08112319558858871
ACH-000335,11634725,0,0.2955050766468048
ACH-000335,11640390,0,0.2559951841831207
ACH-000335,11647372,0,0.3475405275821686
ACH-000335,11667893,0,0.10749949514865875
ACH-000335,11676786,1,0.16318614780902863
ACH-000335,11713159,0,0.2345508486032486
ACH-000335,11754511,0,0.5072543025016785
ACH-000335,11754711,0,0.47696995735168457
ACH-000335,11784504,0,0.26260584592819214
ACH-000335,117918970,0,0.3417016267776489
ACH-000335,117996541,0,0.7032647728919983
ACH-000335,11844351,0,0.24247945845127106
ACH-000335,11960529,0,0.10549142211675644
ACH-000335,11977753,1,0.41671112179756165
ACH-000335,121596701,1,0.33198389410972595
ACH-000335,123631,0,0.10015010088682175
ACH-000335,126565,1,0.5363685488700867
ACH-000335,126941,0,0.24152320623397827
ACH-000335,13342,1,0.46572020649909973
ACH-000335,135398501,0,0.31729432940483093
ACH-000335,135398516,1,0.4111121594905853
ACH-000335,135410875,1,0.19341464340686798
ACH-000335,135418940,0,0.2606945037841797
ACH-000335,135421197,0,0.3046052157878876
ACH-000335,135423438,1,0.4710769057273865
ACH-000335,135440466,0,0.22796973586082458
ACH-000335,135499520,0,0.14610496163368225
ACH-000335,135539077,0,0.3855869472026825
ACH-000335,135564599,0,0.09419013559818268
ACH-000335,135565082,1,0.4596790671348572
ACH-000335,135659062,0,0.2737770974636078
ACH-000335,135691163,1,0.45037326216697693
ACH-000335,136240579,0,0.12945295870304108
ACH-000335,1401,1,0.17410114407539368
ACH-000335,148124,1,0.5765796899795532
ACH-000335,156414,0,0.3429150879383087
ACH-000335,156422,0,0.12452343851327896
ACH-000335,159324,0,0.7678897976875305
ACH-000335,15953870,0,0.15873849391937256
ACH-000335,160355,0,0.22896897792816162
ACH-000335,16038120,0,0.24868668615818024
ACH-000335,16095342,1,0.18465624749660492
ACH-000335,16123056,0,0.1403723955154419
ACH-000335,16218924,0,0.16160757839679718
ACH-000335,16659841,1,0.17293840646743774
ACH-000335,16663089,0,0.26462966203689575
ACH-000335,16681698,1,0.41721370816230774
ACH-000335,16722836,0,0.48839840292930603
ACH-000335,16725726,0,0.1750110685825348
ACH-000335,16732433,1,0.12404976040124893
ACH-000335,16747388,0,0.3738436996936798
ACH-000335,16747683,1,0.5382912755012512
ACH-000335,176158,0,0.08994468301534653
ACH-000335,176167,0,0.36312565207481384
ACH-000335,176870,0,0.13290394842624664
ACH-000335,17755052,1,0.4561939835548401
ACH-000335,208908,0,0.1150856763124466
ACH-000335,216239,0,0.2567042410373688
ACH-000335,216326,0,0.06325163692235947
ACH-000335,2314623,0,0.09168672561645508
ACH-000335,23582824,1,0.7271554470062256
ACH-000335,23725625,0,0.10141288489103317
ACH-000335,2375,0,0.09436122328042984
ACH-000335,24180719,0,0.15992815792560577
ACH-000335,24737642,0,0.27987805008888245
ACH-000335,24739943,1,0.5764233469963074
ACH-000335,24756910,1,0.3300486207008362
ACH-000335,24770514,1,0.34173980355262756
ACH-000335,24771867,0,0.22527705132961273
ACH-000335,24772043,1,0.4675036072731018
ACH-000335,24772860,0,0.5128690600395203
ACH-000335,24776445,0,0.0932399109005928
ACH-000335,24785538,0,0.40686488151550293
ACH-000335,24826799,0,0.2279517948627472
ACH-000335,24889392,0,0.08161977678537369
ACH-000335,24894414,0,0.1415119767189026
ACH-000335,24951314,1,0.5863794088363647
ACH-000335,24964624,1,0.28230583667755127
ACH-000335,24978538,0,0.3391038775444031
ACH-000335,25022668,0,0.4233291745185852
ACH-000335,25102847,0,0.2802376449108124
ACH-000335,25124816,0,0.10762118548154831
ACH-000335,25126798,0,0.0861760675907135
ACH-000335,25167777,1,0.44340550899505615
ACH-000335,25195294,1,0.6900020837783813
ACH-000335,25226117,0,0.14865557849407196
ACH-000335,25226483,1,0.6754909753799438
ACH-000335,25227436,0,0.529090404510498
ACH-000335,25254071,1,0.4438953399658203
ACH-000335,25257557,0,0.26631930470466614
ACH-000335,25260757,1,0.32495591044425964
ACH-000335,25262792,1,0.39447978138923645
ACH-000335,25262965,1,0.39862027764320374
ACH-000335,2733526,0,0.15107889473438263
ACH-000335,300471,1,0.792780876159668
ACH-000335,3005532,0,0.12543979287147522
ACH-000335,3062316,0,0.2844493091106415
ACH-000335,3101542,0,0.11278881877660751
ACH-000335,31703,1,0.6262655854225159
ACH-000335,3218,0,0.5169106125831604
ACH-000335,3372016,0,0.1440967470407486
ACH-000335,3385,0,0.694823145866394
ACH-000335,3463933,1,0.5637616515159607
ACH-000335,36314,0,0.5978619456291199
ACH-000335,36462,0,0.7244583964347839
ACH-000335,3796,0,0.13162589073181152
ACH-000335,3827738,0,0.13778549432754517
ACH-000335,387447,1,0.6264622807502747
ACH-000335,4248455,0,0.259692907333374
ACH-000335,4261,1,0.766618013381958
ACH-000335,42623900,0,0.2855694591999054
ACH-000335,42628507,0,0.49225685000419617
ACH-000335,42628535,0,0.3333248794078827
ACH-000335,42640,0,0.38843613862991333
ACH-000335,42642645,1,0.41587021946907043
ACH-000335,44137675,0,0.2898601293563843
ACH-000335,44143370,0,0.21965408325195312
ACH-000335,44182295,1,0.3731861412525177
ACH-000335,44224257,1,0.3805162310600281
ACH-000335,442972,0,0.23919959366321564
ACH-000335,444732,1,0.48422878980636597
ACH-000335,444795,0,0.2238064408302307
ACH-000335,44551660,0,0.5522355437278748
ACH-000335,446378,1,0.5780649781227112
ACH-000335,447912,0,0.2708528935909271
ACH-000335,448013,0,0.6480000615119934
ACH-000335,45258277,1,0.3219473659992218
ACH-000335,46006640,0,0.14312376081943512
ACH-000335,46191454,1,0.5456125140190125
ACH-000335,46192505,0,0.1739221066236496
ACH-000335,46224516,1,0.5195968747138977
ACH-000335,462382,0,0.5405016541481018
ACH-000335,46244454,1,0.5580904483795166
ACH-000335,46843648,0,0.4525739252567291
ACH-000335,46843772,0,0.25904759764671326
ACH-000335,46844147,0,0.26870259642601013
ACH-000335,46883536,0,0.0814267098903656
ACH-000335,46885626,0,0.42306721210479736
ACH-000335,46893585,0,0.23434560000896454
ACH-000335,46907787,0,0.30132466554641724
ACH-000335,46926973,0,0.20407934486865997
ACH-000335,46937430,0,0.10282515734434128
ACH-000335,46943432,0,0.248955637216568
ACH-000335,479503,0,0.6290217041969299
ACH-000335,49806720,0,0.08251333981752396
ACH-000335,49831044,1,0.6031752824783325
ACH-000335,49847690,0,0.3110851049423218
ACH-000335,49850262,0,0.1338849514722824
ACH-000335,4993,1,0.5433074831962585
ACH-000335,5081913,1,0.48287323117256165
ACH-000335,51039095,1,0.30515095591545105
ACH-000335,5113032,0,0.08513088524341583
ACH-000335,51358113,1,0.5290271639823914
ACH-000335,51371303,0,0.18950527906417847
ACH-000335,521106,0,0.43453556299209595
ACH-000335,5278396,0,0.1087798997759819
ACH-000335,5280757,0,0.12636670470237732
ACH-000335,5284616,0,0.25234439969062805
ACH-000335,5287969,1,0.4109897315502167
ACH-000335,5291,0,0.13322007656097412
ACH-000335,52913813,0,0.1754947155714035
ACH-000335,5311,1,0.5266869068145752
ACH-000335,5311497,0,0.3719066381454468
ACH-000335,5311510,0,0.26845160126686096
ACH-000335,5328940,1,0.12717506289482117
ACH-000335,5329102,0,0.2987774908542633
ACH-000335,53302361,0,0.33931559324264526
ACH-000335,5330286,1,0.39808326959609985
ACH-000335,53340664,1,0.2985781729221344
ACH-000335,53340666,1,0.4965243339538574
ACH-000335,5351307,1,0.5865557789802551
ACH-000335,5360373,0,0.38900455832481384
ACH-000335,5460033,0,0.5713650584220886
ACH-000335,54676905,0,0.06137119606137276
ACH-000335,54685215,0,0.06596248596906662
ACH-000335,5494449,0,0.2750372588634491
ACH-000335,560326,0,0.767439067363739
ACH-000335,56599306,0,0.2668473720550537
ACH-000335,56965967,0,0.5454095005989075
ACH-000335,5717801,0,0.215275377035141
ACH-000335,57340680,0,0.34896668791770935
ACH-000335,5746,1,0.7220638990402222
ACH-000335,57519544,0,0.2750588655471802
ACH-000335,58423153,0,0.1620711088180542
ACH-000335,60750,1,0.7113662362098694
ACH-000335,6253,1,0.5361811518669128
ACH-000335,637858,1,0.6070547103881836
ACH-000335,644215,0,0.490583211183548
ACH-000335,644241,0,0.14101719856262207
ACH-000335,644243,0,0.09026370197534561
ACH-000335,6445533,0,0.5140555500984192
ACH-000335,6445562,0,0.20720724761486053
ACH-000335,6450551,0,0.2078029364347458
ACH-000335,6450816,0,0.3605135381221771
ACH-000335,6473881,0,0.20982766151428223
ACH-000335,6505803,1,0.3514329791069031
ACH-000335,65110,1,0.3746999502182007
ACH-000335,66577038,0,0.11489837616682053
ACH-000335,68234129,0,0.33635765314102173
ACH-000335,68289010,0,0.1094878613948822
ACH-000335,6852167,0,0.4580093026161194
ACH-000335,6918289,1,0.3400985300540924
ACH-000335,6918454,1,0.3215734660625458
ACH-000335,6918638,1,0.4580124616622925
ACH-000335,6918837,1,0.5415228009223938
ACH-000335,6918848,1,0.6473508477210999
ACH-000335,69923936,0,0.4074237048625946
ACH-000335,704473,0,0.1810229867696762
ACH-000335,71271629,0,0.36119118332862854
ACH-000335,71299339,0,0.10636583715677261
ACH-000335,71729975,1,0.4899713397026062
ACH-000335,73265211,0,0.0743853822350502
ACH-000335,73265214,0,0.17415180802345276
ACH-000335,73707530,0,0.6583237648010254
ACH-000335,73755109,0,0.1815456598997116
ACH-000335,76044,0,0.3797593116760254
ACH-000335,76685059,0,0.3348357677459717
ACH-000335,77232197,1,0.5606740117073059
ACH-000335,82146,0,0.499720960855484
ACH-000335,8249,0,0.6175588369369507
ACH-000335,92577,0,0.10039215534925461
ACH-000335,9549184,0,0.21105362474918365
ACH-000335,9549289,1,0.4597479999065399
ACH-000335,9549297,0,0.11472713947296143
ACH-000335,97489,0,0.12463610619306564
ACH-000335,9826308,0,0.4517227113246918
ACH-000335,9826528,1,0.5518932342529297
ACH-000335,9829523,0,0.37558114528656006
ACH-000335,984170,0,0.14919008314609528
ACH-000335,9858940,0,0.4653913676738739
ACH-000335,9868037,0,0.2844637930393219
ACH-000335,9874913,0,0.2128491848707199
ACH-000335,9884685,1,0.20745673775672913
ACH-000335,9903786,0,0.43195414543151855
ACH-000335,9907093,0,0.23347273468971252
ACH-000335,9908783,0,0.09823818504810333
ACH-000335,9910224,0,0.07971116900444031
ACH-000335,9911830,0,0.07849390059709549
ACH-000335,9914412,1,0.3976551294326782
ACH-000335,9926054,0,0.3351653814315796
ACH-000335,9931954,0,0.11959495395421982
ACH-000335,9938202,0,0.16180317103862762
ACH-000335,9952773,0,0.2763473689556122
ACH-000335,9956119,0,0.11419238150119781
ACH-000335,9956222,0,0.21313439309597015
ACH-000350,10027278,0,0.4541880488395691
ACH-000350,10074640,0,0.26642918586730957
ACH-000350,10077147,0,0.44776076078414917
ACH-000350,10109823,0,0.3335919678211212
ACH-000350,10113978,0,0.19941012561321259
ACH-000350,10127622,1,0.3694298565387726
ACH-000350,10184653,1,0.18171554803848267
ACH-000350,10341154,0,0.08569405227899551
ACH-000350,10368812,1,0.7193382382392883
ACH-000350,10377751,0,0.5986330509185791
ACH-000350,10384072,0,0.11183259636163712
ACH-000350,10459196,0,0.07238291949033737
ACH-000350,104741,0,0.25917333364486694
ACH-000350,104842,0,0.6560033559799194
ACH-000350,107969,1,0.6038466691970825
ACH-000350,11152667,1,0.5769422054290771
ACH-000350,11175137,0,0.4490104913711548
ACH-000350,11178236,1,0.4596640467643738
ACH-000350,11282283,0,0.1908906102180481
ACH-000350,11327430,0,0.12128625810146332
ACH-000350,11338033,0,0.5666865706443787
ACH-000350,11373846,0,0.17645083367824554
ACH-000350,11455910,1,0.7717053890228271
ACH-000350,11485656,0,0.15547062456607819
ACH-000350,11488320,0,0.4419236183166504
ACH-000350,11493598,0,0.14230641722679138
ACH-000350,11507964,0,0.20348738133907318
ACH-000350,11511120,1,0.5534892678260803
ACH-000350,11609586,0,0.6296098232269287
ACH-000350,11617559,0,0.09297353029251099
ACH-000350,11624601,0,0.077963687479496
ACH-000350,11625818,0,0.15679994225502014
ACH-000350,11634725,0,0.2972181439399719
ACH-000350,11640390,0,0.26496079564094543
ACH-000350,11647372,0,0.3907727599143982
ACH-000350,11667893,0,0.09709269553422928
ACH-000350,11707110,1,0.35772815346717834
ACH-000350,11713159,0,0.27133646607398987
ACH-000350,11754511,0,0.5746980309486389
ACH-000350,11784504,0,0.2752135097980499
ACH-000350,117918970,0,0.32218143343925476
ACH-000350,117996541,0,0.7224966287612915
ACH-000350,11960529,0,0.10185044258832932
ACH-000350,11977753,0,0.5052712559700012
ACH-000350,1206243,0,0.3959040343761444
ACH-000350,121596701,0,0.39629846811294556
ACH-000350,123631,0,0.10270803421735764
ACH-000350,126565,0,0.5956968069076538
ACH-000350,126941,0,0.2791490852832794
ACH-000350,13342,0,0.5690922141075134
ACH-000350,135398501,0,0.3605492115020752
ACH-000350,135398516,0,0.4806440770626068
ACH-000350,135410875,0,0.2104448527097702
ACH-000350,135418940,0,0.261440634727478
ACH-000350,135421197,0,0.34235796332359314
ACH-000350,135423438,0,0.4745178520679474
ACH-000350,135440466,0,0.24718213081359863
ACH-000350,135499520,0,0.14725852012634277
ACH-000350,135539077,1,0.4569908380508423
ACH-000350,135564599,0,0.08529924601316452
ACH-000350,135565082,0,0.4727450907230377
ACH-000350,135659062,0,0.2588179111480713
ACH-000350,135691163,0,0.5285067558288574
ACH-000350,136240579,0,0.12969443202018738
ACH-000350,1401,0,0.1923503428697586
ACH-000350,148124,0,0.6639389395713806
ACH-000350,156414,0,0.4217766523361206
ACH-000350,156422,0,0.13573232293128967
ACH-000350,159324,1,0.8226146697998047
ACH-000350,15953870,0,0.1653585582971573
ACH-000350,16095342,0,0.23119798302650452
ACH-000350,16123056,0,0.1365179568529129
ACH-000350,16218924,0,0.16902796924114227
ACH-000350,16659841,0,0.17247635126113892
ACH-000350,16681698,1,0.49816179275512695
ACH-000350,16720766,0,0.3099942207336426
ACH-000350,16722836,0,0.6038774251937866
ACH-000350,16725726,0,0.2074827253818512
ACH-000350,16732433,0,0.1188095211982727
ACH-000350,16747388,0,0.3892548978328705
ACH-000350,16747683,1,0.6140303611755371
ACH-000350,176158,0,0.08827923238277435
ACH-000350,176167,1,0.404487669467926
ACH-000350,17755052,0,0.5167953968048096
ACH-000350,216326,0,0.05988457426428795
ACH-000350,2314623,0,0.08836054056882858
ACH-000350,23582824,0,0.7591410875320435
ACH-000350,23725625,0,0.10659928619861603
ACH-000350,2375,0,0.09555144608020782
ACH-000350,24180719,0,0.17503172159194946
ACH-000350,24737642,0,0.35254356265068054
ACH-000350,24739943,1,0.6379619836807251
ACH-000350,24756910,1,0.44598478078842163
ACH-000350,24770514,0,0.44461557269096375
ACH-000350,24771867,0,0.23777765035629272
ACH-000350,24772043,0,0.5828827619552612
ACH-000350,24772860,0,0.600400984287262
ACH-000350,24776445,0,0.09744620323181152
ACH-000350,24785538,1,0.45125827193260193
ACH-000350,24826799,0,0.2476775199174881
ACH-000350,24889392,0,0.08742821216583252
ACH-000350,24894414,0,0.16102184355258942
ACH-000350,24951314,1,0.7412065267562866
ACH-000350,24964624,0,0.322871595621109
ACH-000350,24978538,0,0.396369993686676
ACH-000350,25022668,0,0.5139860510826111
ACH-000350,25102847,0,0.28598588705062866
ACH-000350,25124816,0,0.1027338057756424
ACH-000350,25126798,0,0.09539463371038437
ACH-000350,25167777,1,0.5085734724998474
ACH-000350,25195294,1,0.7741724252700806
ACH-000350,25227436,0,0.5591622591018677
ACH-000350,25254071,0,0.5110935568809509
ACH-000350,25257557,0,0.29668906331062317
ACH-000350,25260757,0,0.44557899236679077
ACH-000350,25262792,0,0.4658057391643524
ACH-000350,25262965,0,0.4428853392601013
ACH-000350,2733526,0,0.14408428966999054
ACH-000350,300471,1,0.8296074271202087
ACH-000350,3005532,0,0.12309207767248154
ACH-000350,3101542,0,0.11154693365097046
ACH-000350,31703,1,0.7087205052375793
ACH-000350,3218,0,0.6067869663238525
ACH-000350,3372016,0,0.15137985348701477
ACH-000350,3385,0,0.7254821062088013
ACH-000350,3463933,1,0.6564652323722839
ACH-000350,36462,0,0.7559629678726196
ACH-000350,3796,0,0.1235804334282875
ACH-000350,3827738,0,0.14663252234458923
ACH-000350,4248455,0,0.31124913692474365
ACH-000350,42623900,0,0.31018581986427307
ACH-000350,42628507,1,0.5882925987243652
ACH-000350,42640,0,0.4315253794193268
ACH-000350,42642645,1,0.5127302408218384
ACH-000350,44137675,0,0.3132215440273285
ACH-000350,44143370,0,0.2815549671649933
ACH-000350,44182295,1,0.462104856967926
ACH-000350,44224257,0,0.48821547627449036
ACH-000350,44462760,0,0.23176471889019012
ACH-000350,444732,1,0.5629734992980957
ACH-000350,444795,0,0.24257266521453857
ACH-000350,44551660,0,0.6182197332382202
ACH-000350,44632017,0,0.4218505620956421
ACH-000350,446378,1,0.6837283968925476
ACH-000350,447912,0,0.30296698212623596
ACH-000350,448013,0,0.7060326337814331
ACH-000350,45258277,0,0.3580893576145172
ACH-000350,46006640,0,0.1624734103679657
ACH-000350,46191454,0,0.6138091683387756
ACH-000350,46192505,0,0.17073789238929749
ACH-000350,46224516,1,0.6370596885681152
ACH-000350,46244454,0,0.6406362056732178
ACH-000350,46843648,0,0.5200685858726501
ACH-000350,46883536,0,0.08113638311624527
ACH-000350,46885626,0,0.4566441476345062
ACH-000350,46893585,0,0.23182278871536255
ACH-000350,46907787,1,0.3491678535938263
ACH-000350,46926973,0,0.1800602823495865
ACH-000350,46937430,0,0.10058542340993881
ACH-000350,46943432,0,0.28349795937538147
ACH-000350,479503,1,0.6840061545372009
ACH-000350,49806720,0,0.08697252720594406
ACH-000350,49831044,0,0.6786264777183533
ACH-000350,49847690,1,0.3796710968017578
ACH-000350,49850262,0,0.1351231038570404
ACH-000350,5081913,0,0.5418855547904968
ACH-000350,51039095,0,0.30362385511398315
ACH-000350,5113032,0,0.08125530183315277
ACH-000350,51358113,0,0.6216995120048523
ACH-000350,51371303,0,0.19479872286319733
ACH-000350,521106,0,0.4531453251838684
ACH-000350,5278396,0,0.11133729666471481
ACH-000350,5280757,0,0.14042207598686218
ACH-000350,5287969,1,0.45391544699668884
ACH-000350,52912189,0,0.4393368065357208
ACH-000350,52913813,0,0.19983625411987305
ACH-000350,5311,0,0.6589386463165283
ACH-000350,5311497,0,0.4600917398929596
ACH-000350,5328940,0,0.13775862753391266
ACH-000350,53302361,1,0.3818301260471344
ACH-000350,5330286,0,0.46049273014068604
ACH-000350,53315878,0,0.10158220678567886
ACH-000350,53340664,0,0.33578231930732727
ACH-000350,53340666,0,0.6358507871627808
ACH-000350,5351307,1,0.6993626952171326
ACH-000350,5360373,1,0.44850146770477295
ACH-000350,5394,0,0.0817394107580185
ACH-000350,5460033,0,0.6281933784484863
ACH-000350,54676905,0,0.05677211657166481
ACH-000350,54685215,0,0.06421547383069992
ACH-000350,560326,1,0.8114894032478333
ACH-000350,56599306,0,0.30632421374320984
ACH-000350,56962337,0,0.1405353546142578
ACH-000350,56965967,0,0.6215350031852722
ACH-000350,57339144,0,0.08147095888853073
ACH-000350,5746,1,0.7877177596092224
ACH-000350,57519544,0,0.2390432208776474
ACH-000350,58423153,0,0.16964773833751678
ACH-000350,60750,0,0.76881343126297
ACH-000350,6253,0,0.5916357636451721
ACH-000350,637858,0,0.6489068269729614
ACH-000350,644241,0,0.14746367931365967
ACH-000350,644243,0,0.08783404529094696
ACH-000350,6445533,1,0.613222599029541
ACH-000350,6445562,1,0.24626371264457703
ACH-000350,6450551,0,0.21927990019321442
ACH-000350,6450816,0,0.4347400665283203
ACH-000350,6505803,1,0.39471501111984253
ACH-000350,65110,0,0.4229740798473358
ACH-000350,66577038,0,0.11283279955387115
ACH-000350,68234129,0,0.37324225902557373
ACH-000350,68289010,0,0.10574136674404144
ACH-000350,6852167,0,0.5225051045417786
ACH-000350,6914657,0,0.434233695268631
ACH-000350,6918289,0,0.3859339654445648
ACH-000350,6918454,1,0.4034242331981659
ACH-000350,6918638,1,0.5507320165634155
ACH-000350,6918837,1,0.6396934390068054
ACH-000350,6918848,1,0.733913242816925
ACH-000350,69923936,0,0.4583072364330292
ACH-000350,704473,0,0.16918937861919403
ACH-000350,71271629,0,0.39406025409698486
ACH-000350,71299339,0,0.12060754746198654
ACH-000350,71729975,0,0.528272271156311
ACH-000350,73265211,0,0.07157490402460098
ACH-000350,73265214,0,0.19385775923728943
ACH-000350,73707530,0,0.6792047619819641
ACH-000350,73755109,0,0.18028274178504944
ACH-000350,76685059,0,0.3941713571548462
ACH-000350,77232197,0,0.6484137773513794
ACH-000350,78243717,0,0.09182626754045486
ACH-000350,82146,0,0.5446664094924927
ACH-000350,8249,0,0.6883581876754761
ACH-000350,90488984,0,0.06775904446840286
ACH-000350,92577,0,0.10334546118974686
ACH-000350,9549289,0,0.5029531717300415
ACH-000350,9549297,0,0.1218155026435852
ACH-000350,97489,0,0.13323594629764557
ACH-000350,9826528,1,0.6012719869613647
ACH-000350,9829523,0,0.38465991616249084
ACH-000350,984170,0,0.15275925397872925
ACH-000350,9858940,0,0.5175333023071289
ACH-000350,9863776,1,0.6734634041786194
ACH-000350,9868037,0,0.3053606152534485
ACH-000350,9874913,0,0.1956547498703003
ACH-000350,9884685,0,0.23449824750423431
ACH-000350,9903786,0,0.4935157001018524
ACH-000350,9908783,0,0.09816677868366241
ACH-000350,9910224,0,0.08102752268314362
ACH-000350,9911830,0,0.07384982705116272
ACH-000350,9914412,0,0.456862211227417
ACH-000350,9926054,0,0.38775163888931274
ACH-000350,9931954,0,0.11031170934438705
ACH-000350,9938202,0,0.19333511590957642
ACH-000350,9952773,0,0.2857624292373657
ACH-000350,9956119,0,0.12573818862438202
ACH-000350,9956222,0,0.23780453205108643
ACH-000355,10027278,0,0.4105660319328308
ACH-000355,10074640,0,0.21144865453243256
ACH-000355,10077147,0,0.37221238017082214
ACH-000355,10109823,0,0.37094932794570923
ACH-000355,10113978,0,0.19644398987293243
ACH-000355,10127622,0,0.36670881509780884
ACH-000355,10172943,1,0.4482611119747162
ACH-000355,10184653,0,0.16691897809505463
ACH-000355,10302451,0,0.14151905477046967
ACH-000355,10341154,0,0.07562294602394104
ACH-000355,10368812,1,0.6572319865226746
ACH-000355,10377751,0,0.6165277361869812
ACH-000355,10384072,0,0.12339352816343307
ACH-000355,10459196,1,0.09672732651233673
ACH-000355,10461815,0,0.07325935363769531
ACH-000355,104741,0,0.29520729184150696
ACH-000355,104842,0,0.6242900490760803
ACH-000355,107969,0,0.5504580736160278
ACH-000355,11152667,1,0.45220494270324707
ACH-000355,11175137,1,0.37490564584732056
ACH-000355,11178236,1,0.44667768478393555
ACH-000355,11282283,1,0.1648426204919815
ACH-000355,11327430,0,0.10921230912208557
ACH-000355,11338033,1,0.5461729168891907
ACH-000355,11364421,1,0.4122236669063568
ACH-000355,11373846,0,0.15779687464237213
ACH-000355,11455910,1,0.7740058898925781
ACH-000355,11467730,0,0.29152995347976685
ACH-000355,11485656,0,0.1467135101556778
ACH-000355,11488320,0,0.39318639039993286
ACH-000355,11493598,0,0.13925984501838684
ACH-000355,11507964,0,0.17662180960178375
ACH-000355,11511120,1,0.4681376814842224
ACH-000355,11609586,0,0.6193796396255493
ACH-000355,11617559,0,0.09778447449207306
ACH-000355,11624601,0,0.08842622488737106
ACH-000355,11625818,0,0.17234016954898834
ACH-000355,11626560,0,0.2272438406944275
ACH-000355,11626927,0,0.11039067804813385
ACH-000355,11634725,0,0.33498311042785645
ACH-000355,11640390,0,0.2758032977581024
ACH-000355,11647372,0,0.3500490188598633
ACH-000355,11667893,0,0.09695371985435486
ACH-000355,11676786,0,0.2017785608768463
ACH-000355,11707110,0,0.30635300278663635
ACH-000355,11713159,0,0.2844896912574768
ACH-000355,11754511,1,0.5736846923828125
ACH-000355,11754711,1,0.5196596384048462
ACH-000355,11784504,0,0.26270416378974915
ACH-000355,117918970,1,0.2986466586589813
ACH-000355,117996541,1,0.7622944712638855
ACH-000355,11844351,0,0.22220385074615479
ACH-000355,11960529,0,0.10323931276798248
ACH-000355,11977753,1,0.5625530481338501
ACH-000355,1206243,1,0.42993253469467163
ACH-000355,121596701,1,0.35559535026550293
ACH-000355,123631,0,0.10199727863073349
ACH-000355,126565,0,0.5716812610626221
ACH-000355,126941,1,0.21128758788108826
ACH-000355,13342,1,0.4578694701194763
ACH-000355,135398501,0,0.3233603239059448
ACH-000355,135398516,1,0.41003066301345825
ACH-000355,135410875,1,0.20239177346229553
ACH-000355,135418940,0,0.2737446427345276
ACH-000355,135421197,0,0.3386053442955017
ACH-000355,135423438,0,0.445589154958725
ACH-000355,135440466,0,0.23687051236629486
ACH-000355,135499520,0,0.1944633573293686
ACH-000355,135539077,0,0.43632885813713074
ACH-000355,135564599,0,0.08639191091060638
ACH-000355,135565082,0,0.42650991678237915
ACH-000355,135659062,0,0.24142886698246002
ACH-000355,135691163,1,0.49236559867858887
ACH-000355,136240579,0,0.10694675147533417
ACH-000355,1401,0,0.20173324644565582
ACH-000355,148124,0,0.5667435526847839
ACH-000355,156414,0,0.3974337875843048
ACH-000355,156422,0,0.12262962758541107
ACH-000355,159324,1,0.7798697352409363
ACH-000355,15953870,0,0.14832714200019836
ACH-000355,160355,0,0.24854150414466858
ACH-000355,16038120,0,0.24558091163635254
ACH-000355,16095342,0,0.2040054202079773
ACH-000355,16123056,0,0.16214628517627716
ACH-000355,16218924,0,0.18178877234458923
ACH-000355,16659841,0,0.18344567716121674
ACH-000355,16663089,0,0.2787443697452545
ACH-000355,16681698,1,0.5287158489227295
ACH-000355,16720766,0,0.28822845220565796
ACH-000355,16722836,0,0.5370813012123108
ACH-000355,16725726,0,0.22369931638240814
ACH-000355,16732433,0,0.131120964884758
ACH-000355,16747388,0,0.38676127791404724
ACH-000355,16747683,1,0.5843475461006165
ACH-000355,176158,0,0.09694720804691315
ACH-000355,176167,0,0.328767329454422
ACH-000355,176870,0,0.1595873236656189
ACH-000355,17755052,0,0.49038898944854736
ACH-000355,208908,0,0.11427139490842819
ACH-000355,216239,0,0.3231087625026703
ACH-000355,216326,0,0.06278455257415771
ACH-000355,2314623,0,0.08648592978715897
ACH-000355,23582824,1,0.7670571208000183
ACH-000355,23725625,0,0.10503038763999939
ACH-000355,2375,0,0.11634179204702377
ACH-000355,24180719,1,0.20477186143398285
ACH-000355,24737642,0,0.3142165243625641
ACH-000355,24739943,1,0.6125943064689636
ACH-000355,24756910,1,0.3846050202846527
ACH-000355,24770514,0,0.4049196243286133
ACH-000355,24771867,1,0.251056969165802
ACH-000355,24772043,1,0.4963080883026123
ACH-000355,24772860,1,0.6000308990478516
ACH-000355,24776445,0,0.10072732716798782
ACH-000355,24785538,0,0.42811423540115356
ACH-000355,24826799,0,0.23993627727031708
ACH-000355,24889392,0,0.07936679571866989
ACH-000355,24894414,0,0.14226722717285156
ACH-000355,24951314,1,0.6246534585952759
ACH-000355,24964624,0,0.3043745458126068
ACH-000355,24978538,0,0.3862924575805664
ACH-000355,25022668,0,0.454662561416626
ACH-000355,25102847,0,0.23508933186531067
ACH-000355,25124816,0,0.1107870414853096
ACH-000355,25126798,0,0.12325237691402435
ACH-000355,25167777,0,0.48307400941848755
ACH-000355,25195294,1,0.7021483778953552
ACH-000355,25226117,0,0.1662658005952835
ACH-000355,25226483,1,0.7336105704307556
ACH-000355,25227436,1,0.5479252934455872
ACH-000355,25254071,1,0.5246015191078186
ACH-000355,25257557,0,0.2665570080280304
ACH-000355,25260757,1,0.3847188949584961
ACH-000355,25262792,1,0.42864468693733215
ACH-000355,25262965,0,0.4446031153202057
ACH-000355,2733526,0,0.14788120985031128
ACH-000355,300471,0,0.7555471658706665
ACH-000355,3005532,0,0.12329715490341187
ACH-000355,3062316,0,0.2720049023628235
ACH-000355,3101542,0,0.11213541030883789
ACH-000355,31703,1,0.6829369068145752
ACH-000355,3218,0,0.5824712514877319
ACH-000355,3372016,0,0.14848551154136658
ACH-000355,3385,1,0.7205892205238342
ACH-000355,3463933,1,0.6187331080436707
ACH-000355,36314,1,0.5818362832069397
ACH-000355,36462,0,0.7447289824485779
ACH-000355,3796,0,0.17256735265254974
ACH-000355,3827738,0,0.15673962235450745
ACH-000355,387447,1,0.7032429575920105
ACH-000355,4248455,0,0.2943255603313446
ACH-000355,4261,1,0.7729551792144775
ACH-000355,42623900,0,0.29279470443725586
ACH-000355,42628507,1,0.5129611492156982
ACH-000355,42628535,0,0.33606189489364624
ACH-000355,42640,1,0.4112740457057953
ACH-000355,42642645,1,0.4136259853839874
ACH-000355,44137675,0,0.2958860397338867
ACH-000355,44143370,0,0.29915347695350647
ACH-000355,44182295,0,0.39943987131118774
ACH-000355,44224257,1,0.4191427528858185
ACH-000355,442972,0,0.24544775485992432
ACH-000355,44462760,0,0.27042150497436523
ACH-000355,444732,1,0.46727901697158813
ACH-000355,444795,0,0.23984797298908234
ACH-000355,44551660,1,0.5954208970069885
ACH-000355,44632017,0,0.34784021973609924
ACH-000355,446378,1,0.6163866519927979
ACH-000355,447912,0,0.33186236023902893
ACH-000355,448013,0,0.625395655632019
ACH-000355,45258277,1,0.33090612292289734
ACH-000355,46006640,0,0.13555003702640533
ACH-000355,46191454,1,0.525891900062561
ACH-000355,46192505,0,0.18251106142997742
ACH-000355,46224516,1,0.5451585650444031
ACH-000355,462382,0,0.5234968662261963
ACH-000355,46244454,1,0.606413722038269
ACH-000355,46843648,1,0.43203485012054443
ACH-000355,46843772,0,0.24813707172870636
ACH-000355,46844147,0,0.22134488821029663
ACH-000355,46883536,0,0.09317822754383087
ACH-000355,46885626,1,0.3790142834186554
ACH-000355,46893585,0,0.2490493655204773
ACH-000355,46907787,0,0.3216167986392975
ACH-000355,46926973,0,0.19767439365386963
ACH-000355,46937430,0,0.11409387737512589
ACH-000355,46943432,0,0.2533450126647949
ACH-000355,479503,0,0.6661947965621948
ACH-000355,49806720,0,0.09817299991846085
ACH-000355,49831044,1,0.6512980461120605
ACH-000355,49847690,1,0.36829695105552673
ACH-000355,49850262,0,0.12349243462085724
ACH-000355,4993,1,0.5764393210411072
ACH-000355,5081913,1,0.5481747388839722
ACH-000355,51039095,1,0.2774977684020996
ACH-000355,5113032,0,0.08849123120307922
ACH-000355,51358113,1,0.6424736380577087
ACH-000355,51371303,0,0.20459292829036713
ACH-000355,521106,0,0.482428640127182
ACH-000355,5278396,1,0.10496344417333603
ACH-000355,5280757,0,0.13781823217868805
ACH-000355,5284616,0,0.27804553508758545
ACH-000355,5287969,1,0.42753374576568604
ACH-000355,5291,0,0.10454796254634857
ACH-000355,52912189,0,0.43481889367103577
ACH-000355,52913813,0,0.18416786193847656
ACH-000355,5311,1,0.5746506452560425
ACH-000355,5311497,0,0.34710386395454407
ACH-000355,5311510,0,0.2923368513584137
ACH-000355,5328940,0,0.1456633061170578
ACH-000355,5329102,0,0.2831314504146576
ACH-000355,53302361,0,0.3570456802845001
ACH-000355,5330286,0,0.4176759123802185
ACH-000355,53315878,0,0.09939196705818176
ACH-000355,53340664,0,0.3227914273738861
ACH-000355,53340666,1,0.5425358414649963
ACH-000355,5351307,1,0.6141071319580078
ACH-000355,5360373,0,0.4159482419490814
ACH-000355,5394,0,0.08330681920051575
ACH-000355,5460033,1,0.6552895307540894
ACH-000355,54676905,0,0.07223738729953766
ACH-000355,54685215,0,0.06624294817447662
ACH-000355,5494449,1,0.23852360248565674
ACH-000355,560326,1,0.7282488942146301
ACH-000355,56599306,0,0.28786924481391907
ACH-000355,56962337,0,0.13872462511062622
ACH-000355,56965967,0,0.5399945378303528
ACH-000355,5717801,0,0.2842123508453369
ACH-000355,57339144,0,0.08306766301393509
ACH-000355,57340680,1,0.3251018226146698
ACH-000355,5746,1,0.7336729168891907
ACH-000355,57519544,0,0.2216736525297165
ACH-000355,58423153,0,0.148518905043602
ACH-000355,60750,1,0.7885358333587646
ACH-000355,6253,0,0.6038215756416321
ACH-000355,637858,0,0.5803567171096802
ACH-000355,644215,1,0.5920728445053101
ACH-000355,644241,0,0.15013523399829865
ACH-000355,644243,0,0.09334034472703934
ACH-000355,6445533,1,0.5353351831436157
ACH-000355,6445562,0,0.24533241987228394
ACH-000355,6450551,0,0.19301483035087585
ACH-000355,6450816,1,0.4269202947616577
ACH-000355,6473881,0,0.20756928622722626
ACH-000355,6505803,1,0.38701844215393066
ACH-000355,65110,1,0.41874173283576965
ACH-000355,66577038,0,0.12524472177028656
ACH-000355,68234129,0,0.3009592890739441
ACH-000355,68289010,0,0.10917098075151443
ACH-000355,6852167,1,0.4580836892127991
ACH-000355,6918289,0,0.36360540986061096
ACH-000355,6918454,0,0.33674463629722595
ACH-000355,6918638,1,0.444587767124176
ACH-000355,6918837,1,0.5600493550300598
ACH-000355,6918848,1,0.6906658411026001
ACH-000355,69923936,1,0.44692671298980713
ACH-000355,704473,0,0.1491282433271408
ACH-000355,71271629,0,0.30746543407440186
ACH-000355,71299339,0,0.12134532630443573
ACH-000355,71729975,1,0.4198593199253082
ACH-000355,73265211,0,0.07581651955842972
ACH-000355,73265214,0,0.20084981620311737
ACH-000355,73707530,0,0.6840080618858337
ACH-000355,73755109,0,0.1702435165643692
ACH-000355,76044,1,0.3798734247684479
ACH-000355,76685059,0,0.3614785373210907
ACH-000355,77232197,1,0.630303680896759
ACH-000355,78243717,0,0.08920944482088089
ACH-000355,82146,0,0.48791027069091797
ACH-000355,8249,1,0.6741926074028015
ACH-000355,90488984,0,0.06918622553348541
ACH-000355,92577,0,0.11698997765779495
ACH-000355,9549184,0,0.19471080601215363
ACH-000355,9549289,0,0.5679797530174255
ACH-000355,9549297,0,0.11127208173274994
ACH-000355,97489,1,0.13214781880378723
ACH-000355,9826308,1,0.5366995334625244
ACH-000355,9826528,0,0.5879788994789124
ACH-000355,9829523,0,0.40270525217056274
ACH-000355,984170,0,0.1554296314716339
ACH-000355,9858940,1,0.5136372447013855
ACH-000355,9863776,0,0.6515288949012756
ACH-000355,9868037,0,0.34483206272125244
ACH-000355,9874913,0,0.20043225586414337
ACH-000355,9884685,1,0.20866183936595917
ACH-000355,9903786,1,0.3906084895133972
ACH-000355,9907093,0,0.20925413072109222
ACH-000355,9908783,0,0.11067983508110046
ACH-000355,9910224,0,0.07338619977235794
ACH-000355,9911830,0,0.08640854805707932
ACH-000355,9914412,0,0.4020029604434967
ACH-000355,9926054,0,0.3402816951274872
ACH-000355,9931954,0,0.11460059881210327
ACH-000355,9938202,0,0.19276298582553864
ACH-000355,9952773,0,0.29192471504211426
ACH-000355,9956119,0,0.15353383123874664
ACH-000355,9956222,0,0.21813930571079254
ACH-000362,10027278,1,0.4071984887123108
ACH-000362,10074640,1,0.25336945056915283
ACH-000362,10077147,1,0.41379696130752563
ACH-000362,10109823,1,0.332457035779953
ACH-000362,10113978,1,0.2319634109735489
ACH-000362,10127622,0,0.34986501932144165
ACH-000362,10172943,1,0.49138882756233215
ACH-000362,10184653,0,0.16536195576190948
ACH-000362,10302451,0,0.1270585060119629
ACH-000362,10341154,0,0.0892484188079834
ACH-000362,10368812,1,0.6711692214012146
ACH-000362,10377751,1,0.6135537624359131
ACH-000362,10384072,0,0.12215035408735275
ACH-000362,10459196,0,0.08665502816438675
ACH-000362,10461815,0,0.07052667438983917
ACH-000362,104741,0,0.26968562602996826
ACH-000362,104842,1,0.6558494567871094
ACH-000362,107969,1,0.5719544887542725
ACH-000362,11152667,1,0.5625808238983154
ACH-000362,11175137,1,0.42830154299736023
ACH-000362,11178236,1,0.4629051983356476
ACH-000362,11282283,1,0.1959601491689682
ACH-000362,11327430,0,0.11882133036851883
ACH-000362,11338033,1,0.4958127439022064
ACH-000362,11364421,1,0.45375269651412964
ACH-000362,11373846,1,0.16348612308502197
ACH-000362,11455910,1,0.7813162803649902
ACH-000362,11467730,1,0.3660764992237091
ACH-000362,11485656,1,0.16179051995277405
ACH-000362,11488320,1,0.41956356167793274
ACH-000362,11493598,1,0.14511051774024963
ACH-000362,11507964,1,0.2034488171339035
ACH-000362,11511120,1,0.5234800577163696
ACH-000362,11609586,1,0.6520918011665344
ACH-000362,11617559,0,0.10513294488191605
ACH-000362,11624601,0,0.08701152354478836
ACH-000362,11625818,1,0.15625491738319397
ACH-000362,11626560,0,0.20510874688625336
ACH-000362,11626927,0,0.0956336036324501
ACH-000362,11634725,1,0.28117799758911133
ACH-000362,11640390,0,0.24430853128433228
ACH-000362,11647372,1,0.36780479550361633
ACH-000362,11667893,0,0.09932053834199905
ACH-000362,11676786,1,0.17997956275939941
ACH-000362,11707110,1,0.328485369682312
ACH-000362,11713159,1,0.27116358280181885
ACH-000362,11754511,1,0.582786500453949
ACH-000362,11754711,1,0.5654997229576111
ACH-000362,11784504,1,0.2822417616844177
ACH-000362,117918970,1,0.3246041536331177
ACH-000362,117996541,1,0.7585335373878479
ACH-000362,11844351,0,0.24049869179725647
ACH-000362,11960529,0,0.10429436713457108
ACH-000362,11977753,1,0.5408943295478821
ACH-000362,1206243,1,0.4040561318397522
ACH-000362,121596701,1,0.39269986748695374
ACH-000362,123631,0,0.09875320643186569
ACH-000362,126565,1,0.5541796088218689
ACH-000362,126941,1,0.29664069414138794
ACH-000362,13342,1,0.5280214548110962
ACH-000362,135398501,1,0.3318164050579071
ACH-000362,135398516,1,0.47601908445358276
ACH-000362,135410875,1,0.233942449092865
ACH-000362,135418940,0,0.25687655806541443
ACH-000362,135421197,0,0.3362272381782532
ACH-000362,135423438,1,0.45411163568496704
ACH-000362,135440466,1,0.2340523600578308
ACH-000362,135499520,0,0.16039346158504486
ACH-000362,135539077,1,0.4433401823043823
ACH-000362,135564599,0,0.08877404779195786
ACH-000362,135565082,1,0.4558466076850891
ACH-000362,135659062,1,0.2636382579803467
ACH-000362,135691163,1,0.5249991416931152
ACH-000362,136240579,0,0.13015082478523254
ACH-000362,1401,0,0.18881556391716003
ACH-000362,148124,1,0.6152065992355347
ACH-000362,156414,1,0.3757709264755249
ACH-000362,156422,0,0.12716040015220642
ACH-000362,159324,1,0.8142382502555847
ACH-000362,15953870,1,0.1546262502670288
ACH-000362,160355,1,0.23828984797000885
ACH-000362,16038120,1,0.2729658782482147
ACH-000362,16095342,1,0.2149200290441513
ACH-000362,16123056,0,0.15002159774303436
ACH-000362,16218924,0,0.18045885860919952
ACH-000362,16659841,1,0.17052097618579865
ACH-000362,16663089,1,0.2467460036277771
ACH-000362,16681698,1,0.4962908625602722
ACH-000362,16722836,1,0.5744773745536804
ACH-000362,16725726,1,0.21171583235263824
ACH-000362,16732433,1,0.13158145546913147
ACH-000362,16747388,1,0.36869359016418457
ACH-000362,16747683,1,0.6142144203186035
ACH-000362,176158,0,0.09958634525537491
ACH-000362,176167,1,0.3908887505531311
ACH-000362,176870,0,0.15493011474609375
ACH-000362,17755052,1,0.5354586243629456
ACH-000362,208908,0,0.12355051934719086
ACH-000362,216326,0,0.06221269071102142
ACH-000362,2314623,0,0.08978522568941116
ACH-000362,23582824,1,0.7746395468711853
ACH-000362,23725625,0,0.1098213866353035
ACH-000362,2375,0,0.09932257235050201
ACH-000362,24180719,0,0.18590565025806427
ACH-000362,24737642,0,0.3385171592235565
ACH-000362,24739943,1,0.6262233257293701
ACH-000362,24756910,1,0.4291306734085083
ACH-000362,24770514,1,0.42505937814712524
ACH-000362,24771867,1,0.27414214611053467
ACH-000362,24772043,1,0.5528232455253601
ACH-000362,24772860,1,0.5716379284858704
ACH-000362,24776445,0,0.10372329503297806
ACH-000362,24785538,1,0.41547828912734985
ACH-000362,24826799,1,0.23237285017967224
ACH-000362,24889392,1,0.08047284185886383
ACH-000362,24894414,1,0.15733762085437775
ACH-000362,24951314,1,0.6970399618148804
ACH-000362,24964624,1,0.2938075661659241
ACH-000362,24978538,1,0.3986446261405945
ACH-000362,25022668,1,0.49302804470062256
ACH-000362,25102847,1,0.2915519177913666
ACH-000362,25124816,0,0.11008714884519577
ACH-000362,25126798,1,0.10044216364622116
ACH-000362,25167777,1,0.5672591924667358
ACH-000362,25195294,1,0.7473376393318176
ACH-000362,25227436,1,0.4951058328151703
ACH-000362,25254071,1,0.543891429901123
ACH-000362,25257557,1,0.29151755571365356
ACH-000362,25260757,1,0.38580870628356934
ACH-000362,25262792,1,0.42565128207206726
ACH-000362,25262965,1,0.43142762780189514
ACH-000362,2733526,0,0.14470040798187256
ACH-000362,300471,0,0.8016213178634644
ACH-000362,3005532,0,0.11527108401060104
ACH-000362,3062316,1,0.2622656226158142
ACH-000362,3101542,0,0.11672519147396088
ACH-000362,31703,1,0.6949273943901062
ACH-000362,3218,1,0.5746423602104187
ACH-000362,3372016,0,0.15111395716667175
ACH-000362,3385,1,0.7134450078010559
ACH-000362,3463933,1,0.6880934834480286
ACH-000362,36314,1,0.6048673987388611
ACH-000362,36462,1,0.7788609862327576
ACH-000362,3796,1,0.1485062837600708
ACH-000362,3827738,0,0.1514023393392563
ACH-000362,387447,1,0.6934878826141357
ACH-000362,4248455,0,0.30781033635139465
ACH-000362,42623900,1,0.2984752357006073
ACH-000362,42628507,1,0.544570803642273
ACH-000362,42640,1,0.4428160786628723
ACH-000362,42642645,1,0.48028919100761414
ACH-000362,44137675,1,0.30719608068466187
ACH-000362,44143370,1,0.269204705953598
ACH-000362,44182295,1,0.4272039830684662
ACH-000362,44224257,1,0.43913131952285767
ACH-000362,442972,0,0.23883087933063507
ACH-000362,44462760,1,0.2731480598449707
ACH-000362,444732,0,0.5227702856063843
ACH-000362,444795,1,0.24636071920394897
ACH-000362,44551660,1,0.6463444232940674
ACH-000362,44632017,1,0.4224468767642975
ACH-000362,446378,1,0.6857888698577881
ACH-000362,447912,1,0.30334264039993286
ACH-000362,448013,1,0.707750678062439
ACH-000362,45258277,1,0.3509935438632965
ACH-000362,46006640,0,0.17378610372543335
ACH-000362,46191454,1,0.6088981032371521
ACH-000362,46192505,0,0.1841326504945755
ACH-000362,46224516,1,0.6066181063652039
ACH-000362,462382,1,0.6137948036193848
ACH-000362,46244454,1,0.6318371891975403
ACH-000362,46843648,1,0.4933830499649048
ACH-000362,46844147,1,0.26562583446502686
ACH-000362,46883536,0,0.08173714578151703
ACH-000362,46885626,1,0.44095489382743835
ACH-000362,46893585,1,0.23273858428001404
ACH-000362,46907787,1,0.35028135776519775
ACH-000362,46926973,1,0.19916532933712006
ACH-000362,46937430,0,0.10075709223747253
ACH-000362,46943432,1,0.2724960744380951
ACH-000362,479503,1,0.6448625922203064
ACH-000362,49806720,1,0.09482686966657639
ACH-000362,49831044,1,0.6491304636001587
ACH-000362,49847690,1,0.3727543354034424
ACH-000362,49850262,1,0.13644252717494965
ACH-000362,4993,1,0.5814914703369141
ACH-000362,5081913,1,0.503474235534668
ACH-000362,51039095,1,0.28882017731666565
ACH-000362,5113032,0,0.08813878893852234
ACH-000362,51358113,1,0.6008491516113281
ACH-000362,51371303,0,0.1949230432510376
ACH-000362,521106,0,0.42738157510757446
ACH-000362,5278396,0,0.10874396562576294
ACH-000362,5280757,0,0.13953188061714172
ACH-000362,5284616,1,0.2629568874835968
ACH-000362,5287969,1,0.4548463225364685
ACH-000362,5291,0,0.11040402203798294
ACH-000362,52912189,1,0.47813117504119873
ACH-000362,52913813,0,0.18420307338237762
ACH-000362,5311,1,0.5967732071876526
ACH-000362,5311497,1,0.46338751912117004
ACH-000362,5311510,0,0.2881414294242859
ACH-000362,5328940,0,0.14250856637954712
ACH-000362,5329102,1,0.2947291433811188
ACH-000362,53302361,1,0.35507431626319885
ACH-000362,5330286,1,0.4414846897125244
ACH-000362,53315878,0,0.09972815215587616
ACH-000362,53340664,1,0.3121921122074127
ACH-000362,53340666,1,0.5939663648605347
ACH-000362,5351307,1,0.6551228165626526
ACH-000362,5394,0,0.08639752864837646
ACH-000362,5460033,1,0.6304788589477539
ACH-000362,54676905,0,0.06350602954626083
ACH-000362,54685215,0,0.06590019911527634
ACH-000362,5494449,1,0.3058270215988159
ACH-000362,560326,1,0.8188480138778687
ACH-000362,56599306,1,0.33307698369026184
ACH-000362,56962337,0,0.14518631994724274
ACH-000362,56965967,1,0.6258552074432373
ACH-000362,5717801,1,0.24536077678203583
ACH-000362,57339144,0,0.07871899008750916
ACH-000362,5746,1,0.7654609680175781
ACH-000362,57519544,0,0.2437654286623001
ACH-000362,58423153,1,0.1656758040189743
ACH-000362,60750,1,0.7633347511291504
ACH-000362,6253,1,0.6010738015174866
ACH-000362,637858,1,0.6493102312088013
ACH-000362,644215,1,0.5400590300559998
ACH-000362,644241,0,0.14222095906734467
ACH-000362,644243,1,0.08617237210273743
ACH-000362,6445533,1,0.5543157458305359
ACH-000362,6445562,1,0.24802082777023315
ACH-000362,6450551,0,0.2111687809228897
ACH-000362,6450816,1,0.41342025995254517
ACH-000362,6473881,0,0.20666421949863434
ACH-000362,6505803,1,0.39269280433654785
ACH-000362,65110,1,0.44011354446411133
ACH-000362,66577038,0,0.11649017781019211
ACH-000362,68234129,1,0.34683287143707275
ACH-000362,68289010,0,0.11676902323961258
ACH-000362,6852167,1,0.4640655815601349
ACH-000362,6914657,1,0.4172215163707733
ACH-000362,6918289,1,0.35441622138023376
ACH-000362,6918454,0,0.3677235543727875
ACH-000362,6918638,1,0.5076937675476074
ACH-000362,6918837,1,0.6069082617759705
ACH-000362,6918848,1,0.7157851457595825
ACH-000362,69923936,1,0.4345369338989258
ACH-000362,704473,1,0.1717955619096756
ACH-000362,71271629,1,0.42281103134155273
ACH-000362,71299339,0,0.12170574069023132
ACH-000362,71729975,0,0.5602585673332214
ACH-000362,73265211,1,0.07229631394147873
ACH-000362,73265214,1,0.19072303175926208
ACH-000362,73755109,1,0.1901545524597168
ACH-000362,76044,1,0.3907983601093292
ACH-000362,76685059,1,0.3900817334651947
ACH-000362,77232197,1,0.6363587379455566
ACH-000362,78243717,0,0.08488724380731583
ACH-000362,82146,0,0.5663759112358093
ACH-000362,8249,1,0.6798064708709717
ACH-000362,90488984,0,0.06788527220487595
ACH-000362,92577,0,0.11727900803089142
ACH-000362,9549184,0,0.22841006517410278
ACH-000362,9549289,1,0.5384288430213928
ACH-000362,9549297,1,0.12659655511379242
ACH-000362,97489,0,0.13247433304786682
ACH-000362,9826308,1,0.5278614163398743
ACH-000362,9826528,1,0.571529746055603
ACH-000362,9829523,1,0.3939806818962097
ACH-000362,984170,1,0.15573325753211975
ACH-000362,9858940,0,0.5309309959411621
ACH-000362,9863776,1,0.6980790495872498
ACH-000362,9868037,1,0.3117164373397827
ACH-000362,9874913,0,0.1982477754354477
ACH-000362,9884685,1,0.22151733934879303
ACH-000362,9903786,1,0.5366441011428833
ACH-000362,9907093,0,0.21768014132976532
ACH-000362,9908783,0,0.10844751447439194
ACH-000362,9910224,0,0.08648506551980972
ACH-000362,9911830,1,0.0827513262629509
ACH-000362,9914412,1,0.41531139612197876
ACH-000362,9926054,1,0.36532819271087646
ACH-000362,9931954,0,0.11655544489622116
ACH-000362,9938202,0,0.1936076134443283
ACH-000362,9952773,1,0.3158873915672302
ACH-000362,9956119,0,0.13229280710220337
ACH-000362,9956222,1,0.21689994633197784
ACH-000363,10027278,1,0.3772315979003906
ACH-000363,10074640,1,0.25614431500434875
ACH-000363,10077147,0,0.4071613550186157
ACH-000363,10109823,0,0.3472406566143036
ACH-000363,10113978,0,0.17898376286029816
ACH-000363,10127622,0,0.33768975734710693
ACH-000363,10172943,0,0.4884485602378845
ACH-000363,10184653,0,0.1633635014295578
ACH-000363,10302451,0,0.13051611185073853
ACH-000363,10341154,0,0.08195504546165466
ACH-000363,10368812,0,0.6178568601608276
ACH-000363,10377751,1,0.630422055721283
ACH-000363,10384072,0,0.11714108288288116
ACH-000363,10459196,0,0.07995769381523132
ACH-000363,10461815,0,0.07014086097478867
ACH-000363,104741,0,0.23662398755550385
ACH-000363,104842,1,0.5772035121917725
ACH-000363,107969,1,0.5243118405342102
ACH-000363,11152667,1,0.472484827041626
ACH-000363,11175137,1,0.39905473589897156
ACH-000363,11178236,1,0.4121408760547638
ACH-000363,11282283,1,0.18380209803581238
ACH-000363,11327430,0,0.12047674506902695
ACH-000363,11338033,1,0.49587884545326233
ACH-000363,11364421,0,0.426234632730484
ACH-000363,11373846,0,0.15543785691261292
ACH-000363,11455910,1,0.7245307564735413
ACH-000363,11467730,0,0.298221617937088
ACH-000363,11485656,0,0.16154445707798004
ACH-000363,11488320,0,0.3782425820827484
ACH-000363,11493598,0,0.14201787114143372
ACH-000363,11507964,0,0.20604634284973145
ACH-000363,11511120,1,0.4454418420791626
ACH-000363,11609586,0,0.701528012752533
ACH-000363,11617559,0,0.10113625228404999
ACH-000363,11624601,0,0.08582623302936554
ACH-000363,11625818,0,0.17399385571479797
ACH-000363,11626560,0,0.20505782961845398
ACH-000363,11626927,0,0.09960291534662247
ACH-000363,11634725,0,0.3324303925037384
ACH-000363,11640390,1,0.24346598982810974
ACH-000363,11647372,1,0.34615981578826904
ACH-000363,11667893,0,0.10876728594303131
ACH-000363,11676786,0,0.16600903868675232
ACH-000363,11707110,0,0.3005731403827667
ACH-000363,11713159,0,0.2642563581466675
ACH-000363,11754511,0,0.569474458694458
ACH-000363,11754711,0,0.5135299563407898
ACH-000363,11784504,0,0.272375226020813
ACH-000363,117918970,0,0.3447597026824951
ACH-000363,117996541,0,0.7005665898323059
ACH-000363,11844351,0,0.23851054906845093
ACH-000363,11960529,0,0.10991420596837997
ACH-000363,11977753,1,0.46321967244148254
ACH-000363,121596701,0,0.31677380204200745
ACH-000363,123631,0,0.10230650752782822
ACH-000363,126565,0,0.49474266171455383
ACH-000363,126941,0,0.2560524642467499
ACH-000363,13342,0,0.44553694128990173
ACH-000363,135398501,1,0.3223939836025238
ACH-000363,135398516,1,0.4218514859676361
ACH-000363,135410875,0,0.22242428362369537
ACH-000363,135418940,0,0.2580835819244385
ACH-000363,135421197,0,0.3319705128669739
ACH-000363,135423438,1,0.4449254274368286
ACH-000363,135440466,1,0.23928670585155487
ACH-000363,135499520,0,0.16966184973716736
ACH-000363,135539077,1,0.39020806550979614
ACH-000363,135564599,0,0.09066601097583771
ACH-000363,135565082,0,0.44183245301246643
ACH-000363,135659062,0,0.26266947388648987
ACH-000363,135691163,0,0.4723941385746002
ACH-000363,136240579,0,0.12462037056684494
ACH-000363,1401,0,0.1760619729757309
ACH-000363,148124,0,0.5593845844268799
ACH-000363,156414,0,0.348077654838562
ACH-000363,156422,0,0.1263442188501358
ACH-000363,159324,1,0.7755239605903625
ACH-000363,15953870,0,0.1568995714187622
ACH-000363,160355,0,0.22823354601860046
ACH-000363,16038120,1,0.24369078874588013
ACH-000363,16095342,0,0.188669353723526
ACH-000363,16123056,0,0.15799957513809204
ACH-000363,16218924,0,0.18734197318553925
ACH-000363,16659841,0,0.19438786804676056
ACH-000363,16663089,0,0.2472868263721466
ACH-000363,16681698,1,0.4461784064769745
ACH-000363,16722836,1,0.5098140239715576
ACH-000363,16725726,0,0.1862984299659729
ACH-000363,16732433,0,0.1377035528421402
ACH-000363,16747388,1,0.3727896809577942
ACH-000363,16747683,1,0.5721079111099243
ACH-000363,176158,0,0.09732222557067871
ACH-000363,176167,1,0.36102667450904846
ACH-000363,176870,0,0.15154778957366943
ACH-000363,17755052,1,0.4657512307167053
ACH-000363,208908,0,0.12228284776210785
ACH-000363,216239,0,0.2828168272972107
ACH-000363,216326,0,0.0666121169924736
ACH-000363,2314623,0,0.09177160263061523
ACH-000363,23582824,1,0.7214349508285522
ACH-000363,23725625,0,0.1081882193684578
ACH-000363,2375,0,0.10000117123126984
ACH-000363,24180719,0,0.18940457701683044
ACH-000363,24737642,0,0.31311264634132385
ACH-000363,24739943,1,0.6173354983329773
ACH-000363,24756910,1,0.35098180174827576
ACH-000363,24770514,0,0.37609001994132996
ACH-000363,24771867,0,0.25416862964630127
ACH-000363,24772043,1,0.49759796261787415
ACH-000363,24772860,1,0.5278061032295227
ACH-000363,24776445,0,0.09816060960292816
ACH-000363,24785538,1,0.42822274565696716
ACH-000363,24826799,0,0.22747547924518585
ACH-000363,24889392,0,0.08323048055171967
ACH-000363,24894414,1,0.14567482471466064
ACH-000363,24951314,1,0.6035834550857544
ACH-000363,24964624,1,0.2875401973724365
ACH-000363,24978538,1,0.35491058230400085
ACH-000363,25022668,0,0.4417092502117157
ACH-000363,25102847,0,0.28864240646362305
ACH-000363,25124816,0,0.10746153444051743
ACH-000363,25126798,0,0.10037924349308014
ACH-000363,25167777,1,0.4852454960346222
ACH-000363,25195294,1,0.7082920074462891
ACH-000363,25226117,1,0.18200184404850006
ACH-000363,25226483,1,0.7202154397964478
ACH-000363,25227436,1,0.5175488591194153
ACH-000363,25254071,1,0.45987841486930847
ACH-000363,25257557,1,0.26824861764907837
ACH-000363,25260757,1,0.3233586251735687
ACH-000363,25262792,1,0.38930052518844604
ACH-000363,25262965,1,0.3970699608325958
ACH-000363,2733526,0,0.14911648631095886
ACH-000363,300471,0,0.7985588312149048
ACH-000363,3005532,0,0.1253771185874939
ACH-000363,3062316,0,0.2758789360523224
ACH-000363,3101542,0,0.12238584458827972
ACH-000363,31703,1,0.6179932355880737
ACH-000363,3218,0,0.5649833083152771
ACH-000363,3372016,0,0.1574804186820984
ACH-000363,3385,1,0.7036514282226562
ACH-000363,3463933,0,0.5791948437690735
ACH-000363,36314,0,0.550398588180542
ACH-000363,36462,1,0.7381319403648376
ACH-000363,3796,0,0.1478429138660431
ACH-000363,3827738,0,0.1459052413702011
ACH-000363,387447,1,0.6514049768447876
ACH-000363,4248455,0,0.28918594121932983
ACH-000363,4261,1,0.7732630968093872
ACH-000363,42623900,0,0.2927672863006592
ACH-000363,42628507,1,0.5026422142982483
ACH-000363,42628535,0,0.3526252806186676
ACH-000363,42640,0,0.4004654884338379
ACH-000363,42642645,1,0.41973134875297546
ACH-000363,44137675,0,0.3007258176803589
ACH-000363,44143370,1,0.2584812343120575
ACH-000363,44182295,0,0.37671545147895813
ACH-000363,44224257,0,0.39509302377700806
ACH-000363,442972,0,0.23138342797756195
ACH-000363,44462760,0,0.2305193841457367
ACH-000363,444732,1,0.4983520209789276
ACH-000363,444795,0,0.2418738305568695
ACH-000363,44551660,1,0.6223626732826233
ACH-000363,446378,1,0.5902478098869324
ACH-000363,447912,0,0.2840854823589325
ACH-000363,448013,1,0.6385455131530762
ACH-000363,45258277,1,0.3364405333995819
ACH-000363,46006640,0,0.15091247856616974
ACH-000363,46191454,1,0.5706214904785156
ACH-000363,46192505,0,0.1873348504304886
ACH-000363,46224516,1,0.5392561554908752
ACH-000363,462382,1,0.549304187297821
ACH-000363,46244454,0,0.5683896541595459
ACH-000363,46843648,0,0.4705326557159424
ACH-000363,46843772,0,0.2820054292678833
ACH-000363,46844147,1,0.2602154314517975
ACH-000363,46883536,0,0.08536646515130997
ACH-000363,46885626,1,0.43080902099609375
ACH-000363,46893585,0,0.22493678331375122
ACH-000363,46907787,1,0.3016819655895233
ACH-000363,46926973,0,0.19778157770633698
ACH-000363,46937430,0,0.1127721518278122
ACH-000363,46943432,1,0.2645021975040436
ACH-000363,479503,1,0.6434111595153809
ACH-000363,49806720,0,0.08780789375305176
ACH-000363,49831044,0,0.6552334427833557
ACH-000363,49847690,0,0.334333598613739
ACH-000363,49850262,0,0.1374426782131195
ACH-000363,4993,0,0.5659053921699524
ACH-000363,5081913,1,0.47754794359207153
ACH-000363,51039095,0,0.3136013150215149
ACH-000363,5113032,0,0.09435280412435532
ACH-000363,51358113,1,0.5657421350479126
ACH-000363,51371303,0,0.1928706020116806
ACH-000363,521106,0,0.4454870820045471
ACH-000363,5278396,0,0.11070816963911057
ACH-000363,5280757,0,0.1273534595966339
ACH-000363,5284616,0,0.24456936120986938
ACH-000363,5287969,1,0.39893868565559387
ACH-000363,5291,0,0.12262585014104843
ACH-000363,52912189,1,0.4139993190765381
ACH-000363,52913813,0,0.18957948684692383
ACH-000363,5311,1,0.5433849096298218
ACH-000363,5311497,0,0.36891669034957886
ACH-000363,5311510,0,0.2647511065006256
ACH-000363,5328940,0,0.13084036111831665
ACH-000363,5329102,0,0.2960541248321533
ACH-000363,53302361,0,0.3396996259689331
ACH-000363,5330286,0,0.40123799443244934
ACH-000363,53315878,0,0.09448490291833878
ACH-000363,53340664,1,0.29686588048934937
ACH-000363,53340666,1,0.5270788073539734
ACH-000363,5351307,1,0.6329182982444763
ACH-000363,5360373,1,0.3882105052471161
ACH-000363,5394,0,0.08211077749729156
ACH-000363,5460033,0,0.5707288980484009
ACH-000363,54676905,0,0.06514155864715576
ACH-000363,54685215,0,0.06843637675046921
ACH-000363,5494449,0,0.27932894229888916
ACH-000363,560326,1,0.763588547706604
ACH-000363,56599306,0,0.2970324754714966
ACH-000363,56962337,0,0.14093051850795746
ACH-000363,56965967,1,0.5629933476448059
ACH-000363,5717801,0,0.23615172505378723
ACH-000363,57339144,0,0.08376085758209229
ACH-000363,57340680,1,0.3534276485443115
ACH-000363,5746,1,0.7161164879798889
ACH-000363,57519544,0,0.2544277310371399
ACH-000363,58423153,0,0.1695866733789444
ACH-000363,60750,1,0.744961142539978
ACH-000363,6253,0,0.585015058517456
ACH-000363,637858,1,0.5964705944061279
ACH-000363,644215,0,0.5505205392837524
ACH-000363,644241,0,0.1386503428220749
ACH-000363,644243,0,0.0936281681060791
ACH-000363,6445533,1,0.5020820498466492
ACH-000363,6445562,0,0.22585228085517883
ACH-000363,6450551,0,0.22426055371761322
ACH-000363,6450816,0,0.344744473695755
ACH-000363,6473881,0,0.20026443898677826
ACH-000363,6505803,0,0.3635938763618469
ACH-000363,65110,1,0.3648746907711029
ACH-000363,66577038,0,0.11669264733791351
ACH-000363,68234129,0,0.3477977514266968
ACH-000363,68289010,0,0.11432351917028427
ACH-000363,6852167,1,0.4450312554836273
ACH-000363,6914657,1,0.37359845638275146
ACH-000363,6918289,0,0.32568079233169556
ACH-000363,6918454,0,0.3266972005367279
ACH-000363,6918638,1,0.46494096517562866
ACH-000363,6918837,1,0.5504907965660095
ACH-000363,6918848,1,0.6604464650154114
ACH-000363,69923936,1,0.40622618794441223
ACH-000363,704473,0,0.1712292581796646
ACH-000363,71271629,1,0.3803822696208954
ACH-000363,71299339,0,0.12293591350317001
ACH-000363,71729975,1,0.5329263806343079
ACH-000363,73265211,0,0.0765807181596756
ACH-000363,73265214,0,0.1757715344429016
ACH-000363,73707530,1,0.676570475101471
ACH-000363,73755109,0,0.1978325992822647
ACH-000363,76044,0,0.38089892268180847
ACH-000363,76685059,1,0.34644538164138794
ACH-000363,77232197,1,0.5895453691482544
ACH-000363,82146,0,0.5287559032440186
ACH-000363,8249,1,0.6801446676254272
ACH-000363,92577,0,0.10298024117946625
ACH-000363,9549184,0,0.20881733298301697
ACH-000363,9549289,0,0.5365809798240662
ACH-000363,9549297,0,0.11888954043388367
ACH-000363,97489,1,0.13209451735019684
ACH-000363,9826308,0,0.49794554710388184
ACH-000363,9826528,0,0.5427569150924683
ACH-000363,9829523,0,0.34231653809547424
ACH-000363,984170,0,0.14816993474960327
ACH-000363,9858940,0,0.4994819760322571
ACH-000363,9863776,1,0.6559984683990479
ACH-000363,9868037,0,0.31812742352485657
ACH-000363,9874913,0,0.19958017766475677
ACH-000363,9884685,1,0.20613107085227966
ACH-000363,9903786,1,0.4574020802974701
ACH-000363,9907093,0,0.22504593431949615
ACH-000363,9908783,0,0.107862189412117
ACH-000363,9910224,0,0.0784926638007164
ACH-000363,9911830,0,0.08506279438734055
ACH-000363,9914412,0,0.40524160861968994
ACH-000363,9926054,1,0.34338074922561646
ACH-000363,9931954,0,0.1179443895816803
ACH-000363,9938202,0,0.17770814895629883
ACH-000363,9952773,0,0.31600749492645264
ACH-000363,9956119,0,0.13453491032123566
ACH-000363,9956222,1,0.22201545536518097
ACH-000369,10077147,1,0.41574200987815857
ACH-000369,10127622,0,0.2903260588645935
ACH-000369,10184653,1,0.16526196897029877
ACH-000369,10341154,1,0.08410651981830597
ACH-000369,10368812,1,0.6151637434959412
ACH-000369,10384072,1,0.12862235307693481
ACH-000369,10459196,0,0.0878191664814949
ACH-000369,104741,0,0.23985981941223145
ACH-000369,104842,1,0.6046112179756165
ACH-000369,11152667,1,0.4824521541595459
ACH-000369,11327430,1,0.11579762399196625
ACH-000369,11455910,1,0.7492386102676392
ACH-000369,11488320,1,0.3707667589187622
ACH-000369,11609586,1,0.6739963889122009
ACH-000369,11624601,0,0.08713822066783905
ACH-000369,11667893,0,0.09516149759292603
ACH-000369,11707110,1,0.32096847891807556
ACH-000369,117918970,1,0.32959479093551636
ACH-000369,117996541,1,0.6999716758728027
ACH-000369,11960529,0,0.10590077191591263
ACH-000369,11977753,1,0.4795876741409302
ACH-000369,1206243,1,0.4115840494632721
ACH-000369,121596701,1,0.33516818284988403
ACH-000369,123631,0,0.09456738829612732
ACH-000369,126565,1,0.5353010892868042
ACH-000369,126941,0,0.27208563685417175
ACH-000369,13342,1,0.45323869585990906
ACH-000369,135418940,0,0.2382802814245224
ACH-000369,135440466,1,0.21192018687725067
ACH-000369,135564599,0,0.09400328993797302
ACH-000369,135565082,0,0.47584787011146545
ACH-000369,136240579,1,0.12473061680793762
ACH-000369,1401,1,0.16285012662410736
ACH-000369,148124,1,0.579984188079834
ACH-000369,156422,0,0.11409983783960342
ACH-000369,15953870,1,0.1488409787416458
ACH-000369,16095342,1,0.17640964686870575
ACH-000369,16659841,1,0.1753365695476532
ACH-000369,16720766,0,0.2679010033607483
ACH-000369,16747683,1,0.5587076544761658
ACH-000369,176158,1,0.09846239537000656
ACH-000369,17755052,1,0.4469964802265167
ACH-000369,216326,1,0.06141132488846779
ACH-000369,2314623,0,0.08805421739816666
ACH-000369,23725625,0,0.1039065569639206
ACH-000369,2375,0,0.10293861478567123
ACH-000369,24180719,1,0.15388107299804688
ACH-000369,24776445,0,0.09586305171251297
ACH-000369,24964624,1,0.26227501034736633
ACH-000369,24978538,1,0.33895885944366455
ACH-000369,25227436,1,0.4364822804927826
ACH-000369,25262792,1,0.37552544474601746
ACH-000369,25262965,1,0.36384379863739014
ACH-000369,2733526,0,0.14171113073825836
ACH-000369,300471,1,0.8056160807609558
ACH-000369,31703,1,0.6555535197257996
ACH-000369,3372016,1,0.14878107607364655
ACH-000369,44137675,1,0.29995179176330566
ACH-000369,44182295,1,0.3700852394104004
ACH-000369,444795,0,0.24050137400627136
ACH-000369,44632017,1,0.42781615257263184
ACH-000369,46224516,1,0.5112894177436829
ACH-000369,46244454,1,0.559013843536377
ACH-000369,46883536,0,0.08052010089159012
ACH-000369,46893585,1,0.21666982769966125
ACH-000369,46907787,0,0.298232764005661
ACH-000369,49831044,0,0.6167446970939636
ACH-000369,49847690,1,0.3146198093891144
ACH-000369,51039095,1,0.29041799902915955
ACH-000369,51371303,1,0.17575550079345703
ACH-000369,5278396,1,0.10291420668363571
ACH-000369,52912189,1,0.39826616644859314
ACH-000369,52913813,1,0.19096747040748596
ACH-000369,5311,1,0.5438377857208252
ACH-000369,5328940,1,0.13715064525604248
ACH-000369,5330286,1,0.385486900806427
ACH-000369,53315878,0,0.08226613700389862
ACH-000369,5394,0,0.08005324751138687
ACH-000369,5460033,1,0.5754660964012146
ACH-000369,54685215,0,0.06596884876489639
ACH-000369,56962337,0,0.12962093949317932
ACH-000369,57339144,0,0.07333564758300781
ACH-000369,58423153,1,0.15721260011196136
ACH-000369,60750,1,0.7260714769363403
ACH-000369,6253,0,0.5731664896011353
ACH-000369,637858,1,0.6213337182998657
ACH-000369,644241,0,0.1329525262117386
ACH-000369,6450551,1,0.19548682868480682
ACH-000369,6505803,1,0.3709660470485687
ACH-000369,65110,1,0.39902961254119873
ACH-000369,68289010,0,0.10467266291379929
ACH-000369,6914657,0,0.3388892710208893
ACH-000369,6918289,1,0.31584060192108154
ACH-000369,6918454,1,0.3255004584789276
ACH-000369,71271629,1,0.3865073323249817
ACH-000369,71729975,1,0.5243548154830933
ACH-000369,73755109,0,0.1943548172712326
ACH-000369,76685059,1,0.3248223662376404
ACH-000369,78243717,0,0.07933387160301208
ACH-000369,90488984,0,0.06695780903100967
ACH-000369,9826528,1,0.5370234251022339
ACH-000369,984170,1,0.14441287517547607
ACH-000369,9858940,0,0.44435158371925354
ACH-000369,9863776,1,0.7119641304016113
ACH-000369,9914412,1,0.3802388608455658
ACH-000369,9931954,0,0.1149756908416748
ACH-000369,9938202,1,0.1732310652732849
ACH-000369,9956119,1,0.11358769983053207
ACH-000381,10027278,1,0.40960583090782166
ACH-000381,10074640,0,0.274170845746994
ACH-000381,10077147,0,0.4665375351905823
ACH-000381,10109823,1,0.3090553879737854
ACH-000381,10113978,0,0.19658854603767395
ACH-000381,10127622,0,0.2971421778202057
ACH-000381,10184653,0,0.17137828469276428
ACH-000381,10341154,0,0.0863194465637207
ACH-000381,10368812,1,0.6247225999832153
ACH-000381,10377751,1,0.562271773815155
ACH-000381,10384072,0,0.12373083084821701
ACH-000381,10459196,0,0.09051430225372314
ACH-000381,104741,0,0.2749437391757965
ACH-000381,104842,0,0.6005916595458984
ACH-000381,107969,1,0.5373105406761169
ACH-000381,11152667,1,0.5046755075454712
ACH-000381,11175137,0,0.36160698533058167
ACH-000381,11178236,1,0.46699443459510803
ACH-000381,11282283,0,0.18306773900985718
ACH-000381,11327430,0,0.12727175652980804
ACH-000381,11338033,1,0.46180254220962524
ACH-000381,11373846,0,0.1731739044189453
ACH-000381,11455910,1,0.725468635559082
ACH-000381,11485656,0,0.16637127101421356
ACH-000381,11488320,0,0.36686205863952637
ACH-000381,11493598,0,0.13952530920505524
ACH-000381,11507964,0,0.19874128699302673
ACH-000381,11511120,0,0.4727362394332886
ACH-000381,11609586,0,0.6422253847122192
ACH-000381,11617559,0,0.10995576530694962
ACH-000381,11624601,0,0.0938989445567131
ACH-000381,11625818,0,0.1593606024980545
ACH-000381,11634725,1,0.2780706286430359
ACH-000381,11640390,1,0.24787911772727966
ACH-000381,11647372,1,0.34349003434181213
ACH-000381,11667893,0,0.1068161353468895
ACH-000381,11707110,1,0.31118786334991455
ACH-000381,11713159,0,0.26695287227630615
ACH-000381,11754511,0,0.5625093579292297
ACH-000381,11784504,1,0.2681654989719391
ACH-000381,117918970,0,0.3371252417564392
ACH-000381,117996541,0,0.6969587206840515
ACH-000381,11960529,0,0.11851546168327332
ACH-000381,11977753,1,0.4763282835483551
ACH-000381,1206243,0,0.36361315846443176
ACH-000381,121596701,1,0.35118362307548523
ACH-000381,123631,0,0.11384443193674088
ACH-000381,126565,0,0.5473039150238037
ACH-000381,126941,0,0.27731379866600037
ACH-000381,13342,0,0.48432785272598267
ACH-000381,135398501,1,0.3106819987297058
ACH-000381,135398516,1,0.3954808712005615
ACH-000381,135410875,0,0.2126353681087494
ACH-000381,135418940,0,0.2589532434940338
ACH-000381,135421197,1,0.3257538974285126
ACH-000381,135423438,0,0.42670542001724243
ACH-000381,135440466,0,0.2298886626958847
ACH-000381,135499520,0,0.15892073512077332
ACH-000381,135539077,1,0.36888614296913147
ACH-000381,135564599,0,0.09682115167379379
ACH-000381,135565082,0,0.45472872257232666
ACH-000381,135659062,0,0.26530370116233826
ACH-000381,135691163,1,0.4948594570159912
ACH-000381,136240579,0,0.12731045484542847
ACH-000381,1401,0,0.1828618347644806
ACH-000381,148124,0,0.5751399397850037
ACH-000381,156414,0,0.3391392230987549
ACH-000381,156422,0,0.13166585564613342
ACH-000381,159324,1,0.7631226778030396
ACH-000381,15953870,0,0.16587187349796295
ACH-000381,16095342,0,0.19646644592285156
ACH-000381,16123056,0,0.15620797872543335
ACH-000381,16218924,0,0.16958428919315338
ACH-000381,16659841,0,0.1740928441286087
ACH-000381,16681698,1,0.45407843589782715
ACH-000381,16722836,0,0.5300718545913696
ACH-000381,16725726,0,0.18954195082187653
ACH-000381,16732433,0,0.133489191532135
ACH-000381,16747388,0,0.3674638271331787
ACH-000381,16747683,1,0.5240851640701294
ACH-000381,176158,0,0.10434119403362274
ACH-000381,176167,1,0.3517361581325531
ACH-000381,17755052,1,0.4921569228172302
ACH-000381,216326,0,0.06669816374778748
ACH-000381,2314623,0,0.09908771514892578
ACH-000381,23582824,1,0.6785125732421875
ACH-000381,23725625,0,0.11831570416688919
ACH-000381,2375,0,0.10790176689624786
ACH-000381,24180719,0,0.17496734857559204
ACH-000381,24737642,0,0.29731398820877075
ACH-000381,24739943,0,0.5536928176879883
ACH-000381,24756910,1,0.3926064968109131
ACH-000381,24770514,1,0.39318224787712097
ACH-000381,24771867,0,0.22860710322856903
ACH-000381,24772043,0,0.5127363801002502
ACH-000381,24772860,1,0.5489695072174072
ACH-000381,24776445,0,0.10500157624483109
ACH-000381,24785538,1,0.36546412110328674
ACH-000381,24826799,0,0.2504221200942993
ACH-000381,24889392,0,0.08837125450372696
ACH-000381,24894414,0,0.1493794471025467
ACH-000381,24951314,1,0.6689204573631287
ACH-000381,24964624,0,0.2669232487678528
ACH-000381,24978538,0,0.3731474280357361
ACH-000381,25022668,1,0.44639816880226135
ACH-000381,25102847,0,0.3102472126483917
ACH-000381,25124816,0,0.11825049668550491
ACH-000381,25126798,0,0.09887059777975082
ACH-000381,25167777,1,0.4616777002811432
ACH-000381,25195294,1,0.7150064706802368
ACH-000381,25226117,0,0.15614108741283417
ACH-000381,25226483,1,0.6711599230766296
ACH-000381,25227436,0,0.46677854657173157
ACH-000381,25254071,1,0.48293155431747437
ACH-000381,25257557,0,0.27739372849464417
ACH-000381,25260757,0,0.33249783515930176
ACH-000381,25262792,0,0.3637411892414093
ACH-000381,25262965,0,0.362896591424942
ACH-000381,2733526,0,0.14678482711315155
ACH-000381,300471,0,0.7801498174667358
ACH-000381,3005532,0,0.12486423552036285
ACH-000381,3101542,0,0.11885622143745422
ACH-000381,31703,1,0.639014482498169
ACH-000381,3218,1,0.543372392654419
ACH-000381,3372016,0,0.14787524938583374
ACH-000381,3385,1,0.7359169125556946
ACH-000381,3463933,1,0.6242899894714355
ACH-000381,36462,0,0.7410805821418762
ACH-000381,3796,0,0.14038953185081482
ACH-000381,3827738,0,0.16304796934127808
ACH-000381,4248455,0,0.3051097095012665
ACH-000381,42623900,1,0.2649470269680023
ACH-000381,42628507,1,0.463094562292099
ACH-000381,42628535,0,0.30549830198287964
ACH-000381,42640,0,0.45499667525291443
ACH-000381,42642645,1,0.45883581042289734
ACH-000381,44137675,0,0.30437251925468445
ACH-000381,44143370,0,0.2435498833656311
ACH-000381,44182295,0,0.3987784683704376
ACH-000381,44224257,0,0.40150269865989685
ACH-000381,44462760,0,0.21405857801437378
ACH-000381,444732,1,0.5096719264984131
ACH-000381,444795,0,0.2482026368379593
ACH-000381,44551660,1,0.6079505681991577
ACH-000381,446378,1,0.6114487051963806
ACH-000381,447912,0,0.31722408533096313
ACH-000381,448013,1,0.6560410261154175
ACH-000381,45258277,0,0.3295508325099945
ACH-000381,46006640,0,0.16314470767974854
ACH-000381,46191454,0,0.5187191963195801
ACH-000381,46192505,0,0.17999285459518433
ACH-000381,46224516,1,0.528552770614624
ACH-000381,46244454,0,0.5870490670204163
ACH-000381,46843648,0,0.46871817111968994
ACH-000381,46843772,0,0.2686140537261963
ACH-000381,46883536,0,0.088011734187603
ACH-000381,46885626,1,0.41179636120796204
ACH-000381,46893585,0,0.239050954580307
ACH-000381,46907787,0,0.3000692129135132
ACH-000381,46926973,0,0.20234382152557373
ACH-000381,46937430,0,0.10818737745285034
ACH-000381,46943432,0,0.2483004480600357
ACH-000381,479503,1,0.6253941059112549
ACH-000381,49806720,0,0.09244786202907562
ACH-000381,49831044,1,0.5724397897720337
ACH-000381,49847690,0,0.31613031029701233
ACH-000381,49850262,0,0.13954615592956543
ACH-000381,5081913,1,0.5037657618522644
ACH-000381,51039095,0,0.28981468081474304
ACH-000381,5113032,0,0.09340167790651321
ACH-000381,51358113,1,0.5684053301811218
ACH-000381,51371303,0,0.20148912072181702
ACH-000381,521106,1,0.3874660134315491
ACH-000381,5278396,0,0.11451999843120575
ACH-000381,5280757,0,0.12733300030231476
ACH-000381,5287969,1,0.42648619413375854
ACH-000381,52912189,0,0.37144774198532104
ACH-000381,52913813,0,0.21118789911270142
ACH-000381,5311,0,0.6011638045310974
ACH-000381,5311497,1,0.39772072434425354
ACH-000381,5328940,0,0.14235819876194
ACH-000381,53302361,0,0.35687723755836487
ACH-000381,5330286,0,0.4085444211959839
ACH-000381,53315878,0,0.09395243227481842
ACH-000381,53340664,0,0.31539401412010193
ACH-000381,53340666,0,0.5641960501670837
ACH-000381,5351307,1,0.6033638715744019
ACH-000381,5360373,1,0.38075339794158936
ACH-000381,5394,0,0.09056330472230911
ACH-000381,5460033,0,0.6237596869468689
ACH-000381,54676905,0,0.07064789533615112
ACH-000381,54685215,0,0.06720265001058578
ACH-000381,560326,0,0.7999637722969055
ACH-000381,56599306,0,0.26590514183044434
ACH-000381,56962337,0,0.13429974019527435
ACH-000381,56965967,0,0.5506417155265808
ACH-000381,57339144,0,0.08445149660110474
ACH-000381,57340680,0,0.3424373269081116
ACH-000381,5746,1,0.7353314161300659
ACH-000381,57519544,0,0.2501397430896759
ACH-000381,58423153,0,0.15957006812095642
ACH-000381,60750,1,0.7317794561386108
ACH-000381,6253,0,0.5569311380386353
ACH-000381,637858,1,0.6171579360961914
ACH-000381,644241,0,0.14417126774787903
ACH-000381,644243,0,0.09347241371870041
ACH-000381,6445533,1,0.5324545502662659
ACH-000381,6445562,1,0.226308211684227
ACH-000381,6450551,0,0.19231222569942474
ACH-000381,6450816,1,0.35923922061920166
ACH-000381,6505803,0,0.3444872498512268
ACH-000381,65110,0,0.386131227016449
ACH-000381,66577038,0,0.12088660895824432
ACH-000381,68234129,0,0.3449037969112396
ACH-000381,68289010,0,0.11250168085098267
ACH-000381,6852167,1,0.467858225107193
ACH-000381,6914657,0,0.3646910488605499
ACH-000381,6918289,0,0.3107741177082062
ACH-000381,6918454,0,0.3310389220714569
ACH-000381,6918638,1,0.5217528343200684
ACH-000381,6918837,1,0.5590248107910156
ACH-000381,6918848,1,0.6474855542182922
ACH-000381,69923936,1,0.41650527715682983
ACH-000381,704473,0,0.17267142236232758
ACH-000381,71271629,0,0.37116724252700806
ACH-000381,71299339,0,0.13252536952495575
ACH-000381,71729975,1,0.5121594071388245
ACH-000381,73265211,0,0.08068083971738815
ACH-000381,73265214,0,0.19237492978572845
ACH-000381,73707530,0,0.6134500503540039
ACH-000381,73755109,0,0.19017119705677032
ACH-000381,76685059,1,0.3418325185775757
ACH-000381,77232197,0,0.6159828901290894
ACH-000381,78243717,0,0.09413611888885498
ACH-000381,82146,0,0.5528702139854431
ACH-000381,8249,1,0.6529395580291748
ACH-000381,90488984,0,0.07631891220808029
ACH-000381,92577,0,0.11116428673267365
ACH-000381,9549289,0,0.42539677023887634
ACH-000381,9549297,0,0.13193412125110626
ACH-000381,97489,0,0.1212681382894516
ACH-000381,9826528,0,0.5371387600898743
ACH-000381,9829523,0,0.34571704268455505
ACH-000381,984170,0,0.156300351023674
ACH-000381,9858940,1,0.43942078948020935
ACH-000381,9863776,0,0.6462287306785583
ACH-000381,9868037,0,0.32109972834587097
ACH-000381,9874913,0,0.20463618636131287
ACH-000381,9884685,0,0.2036004513502121
ACH-000381,9903786,1,0.49345317482948303
ACH-000381,9908783,0,0.10616963356733322
ACH-000381,9910224,0,0.0864052101969719
ACH-000381,9911830,0,0.09141787886619568
ACH-000381,9914412,0,0.41465964913368225
ACH-000381,9926054,0,0.36314857006073
ACH-000381,9931954,0,0.1234571784734726
ACH-000381,9938202,0,0.184479221701622
ACH-000381,9952773,0,0.2629311978816986
ACH-000381,9956119,0,0.129070445895195
ACH-000381,9956222,0,0.22566711902618408
ACH-000400,10077147,0,0.43573734164237976
ACH-000400,10127622,1,0.34867027401924133
ACH-000400,10184653,0,0.16794122755527496
ACH-000400,10341154,0,0.0816524550318718
ACH-000400,10368812,1,0.6501802206039429
ACH-000400,10459196,0,0.0773298591375351
ACH-000400,104741,0,0.24725964665412903
ACH-000400,104842,1,0.6138478517532349
ACH-000400,11152667,1,0.5244048833847046
ACH-000400,11327430,0,0.11320357769727707
ACH-000400,11455910,1,0.7500349879264832
ACH-000400,11488320,1,0.4014693796634674
ACH-000400,11609586,0,0.6368183493614197
ACH-000400,11624601,0,0.08339208364486694
ACH-000400,11667893,0,0.08735813945531845
ACH-000400,11707110,1,0.32928717136383057
ACH-000400,117918970,1,0.3013819456100464
ACH-000400,117996541,1,0.7073255181312561
ACH-000400,11960529,0,0.09817107766866684
ACH-000400,11977753,1,0.44152817130088806
ACH-000400,1206243,0,0.3970063030719757
ACH-000400,121596701,1,0.34839650988578796
ACH-000400,123631,0,0.10182070732116699
ACH-000400,126565,1,0.5146408081054688
ACH-000400,126941,0,0.28324976563453674
ACH-000400,13342,1,0.48526301980018616
ACH-000400,135418940,0,0.2515783905982971
ACH-000400,135440466,1,0.232479527592659
ACH-000400,135564599,0,0.09329618513584137
ACH-000400,135565082,1,0.4579126536846161
ACH-000400,136240579,0,0.11533775180578232
ACH-000400,1401,0,0.1756523698568344
ACH-000400,148124,1,0.5688896775245667
ACH-000400,156422,0,0.11894701421260834
ACH-000400,15953870,0,0.17727147042751312
ACH-000400,16095342,1,0.20267605781555176
ACH-000400,16659841,1,0.17682966589927673
ACH-000400,16720766,1,0.2456350177526474
ACH-000400,16747683,1,0.5761800408363342
ACH-000400,176158,0,0.08474119007587433
ACH-000400,17755052,1,0.4751826226711273
ACH-000400,216326,0,0.05643569305539131
ACH-000400,2314623,0,0.0828571692109108
ACH-000400,23725625,0,0.09718986600637436
ACH-000400,2375,0,0.09635014086961746
ACH-000400,24180719,0,0.1761673539876938
ACH-000400,24776445,0,0.09278953820466995
ACH-000400,24964624,0,0.2715979218482971
ACH-000400,24978538,1,0.36320993304252625
ACH-000400,25226117,1,0.16314342617988586
ACH-000400,25226483,1,0.7043529152870178
ACH-000400,25227436,0,0.5263977646827698
ACH-000400,25262792,1,0.42343583703041077
ACH-000400,25262965,1,0.39049234986305237
ACH-000400,2733526,0,0.13602091372013092
ACH-000400,300471,1,0.8096147775650024
ACH-000400,31703,1,0.6506590843200684
ACH-000400,3372016,0,0.13899771869182587
ACH-000400,42628535,0,0.3494119346141815
ACH-000400,44137675,0,0.29214513301849365
ACH-000400,44182295,1,0.4186823070049286
ACH-000400,44462760,0,0.2083347737789154
ACH-000400,444795,0,0.23053550720214844
ACH-000400,44632017,1,0.390298068523407
ACH-000400,46224516,1,0.5694448351860046
ACH-000400,46244454,1,0.5847030878067017
ACH-000400,46843772,0,0.31723567843437195
ACH-000400,46883536,1,0.0776296928524971
ACH-000400,46893585,0,0.23360010981559753
ACH-000400,46907787,0,0.2925291955471039
ACH-000400,49831044,1,0.6264174580574036
ACH-000400,49847690,0,0.3389727771282196
ACH-000400,51039095,1,0.3377411365509033
ACH-000400,51371303,0,0.1954246312379837
ACH-000400,5278396,0,0.10974061489105225
ACH-000400,52912189,0,0.3768550455570221
ACH-000400,52913813,0,0.2004721313714981
ACH-000400,5311,1,0.5789566040039062
ACH-000400,5328940,0,0.14280636608600616
ACH-000400,5330286,1,0.41334864497184753
ACH-000400,53315878,0,0.08500709384679794
ACH-000400,5394,0,0.0808190405368805
ACH-000400,5460033,1,0.5960547924041748
ACH-000400,54685215,0,0.05769871920347214
ACH-000400,56962337,0,0.12611433863639832
ACH-000400,57339144,0,0.0720507800579071
ACH-000400,57340680,1,0.37318605184555054
ACH-000400,58423153,0,0.1581030786037445
ACH-000400,60750,1,0.7650142312049866
ACH-000400,6253,1,0.6015325784683228
ACH-000400,637858,1,0.6050927042961121
ACH-000400,644241,0,0.14376908540725708
ACH-000400,6450551,0,0.19156281650066376
ACH-000400,6505803,1,0.3514760732650757
ACH-000400,65110,0,0.37821242213249207
ACH-000400,68289010,0,0.10260479152202606
ACH-000400,6914657,0,0.34341979026794434
ACH-000400,6918289,0,0.3213825225830078
ACH-000400,6918454,1,0.3525373041629791
ACH-000400,71271629,0,0.3656955063343048
ACH-000400,71729975,1,0.5534444451332092
ACH-000400,73755109,0,0.18220888078212738
ACH-000400,76685059,1,0.35038360953330994
ACH-000400,78243717,0,0.0855727270245552
ACH-000400,90488984,0,0.07101374864578247
ACH-000400,9826528,1,0.579952597618103
ACH-000400,984170,0,0.15137536823749542
ACH-000400,9858940,0,0.4519653022289276
ACH-000400,9863776,1,0.6970329880714417
ACH-000400,9914412,1,0.4211518168449402
ACH-000400,9931954,0,0.11343581974506378
ACH-000400,9938202,0,0.18512076139450073
ACH-000400,9956119,0,0.11283275485038757
ACH-000421,10027278,1,0.4519841969013214
ACH-000421,10074640,0,0.2567637860774994
ACH-000421,10077147,0,0.4082585573196411
ACH-000421,10109823,0,0.33603549003601074
ACH-000421,10113978,0,0.17272666096687317
ACH-000421,10127622,1,0.35551536083221436
ACH-000421,10184653,0,0.17125806212425232
ACH-000421,10341154,0,0.07458583265542984
ACH-000421,10368812,1,0.6393912434577942
ACH-000421,10377751,1,0.5712389349937439
ACH-000421,10384072,0,0.10537543892860413
ACH-000421,10459196,0,0.08254000544548035
ACH-000421,104741,0,0.2591342628002167
ACH-000421,104842,1,0.671953558921814
ACH-000421,107969,1,0.5705721974372864
ACH-000421,11152667,1,0.5150900483131409
ACH-000421,11175137,0,0.35737016797065735
ACH-000421,11178236,1,0.4520801603794098
ACH-000421,11282283,0,0.1684827357530594
ACH-000421,11327430,0,0.11588507145643234
ACH-000421,11338033,1,0.533955454826355
ACH-000421,11373846,0,0.17944619059562683
ACH-000421,11455910,1,0.7758449912071228
ACH-000421,11485656,0,0.13560840487480164
ACH-000421,11488320,1,0.3744348883628845
ACH-000421,11493598,0,0.12585584819316864
ACH-000421,11507964,0,0.20281562209129333
ACH-000421,11511120,1,0.4835476577281952
ACH-000421,11609586,0,0.6348655223846436
ACH-000421,11617559,0,0.0847671702504158
ACH-000421,11624601,0,0.08288881927728653
ACH-000421,11625818,0,0.15968382358551025
ACH-000421,11634725,1,0.36496439576148987
ACH-000421,11640390,0,0.2169230580329895
ACH-000421,11647372,1,0.3631935119628906
ACH-000421,11667893,0,0.08945003896951675
ACH-000421,11707110,1,0.32349058985710144
ACH-000421,11713159,0,0.3122715353965759
ACH-000421,11754511,0,0.5537455081939697
ACH-000421,11784504,0,0.29174843430519104
ACH-000421,117918970,0,0.2994104027748108
ACH-000421,117996541,0,0.7388037443161011
ACH-000421,11960529,0,0.10123668611049652
ACH-000421,11977753,1,0.4994443953037262
ACH-000421,1206243,0,0.410495400428772
ACH-000421,121596701,0,0.36524274945259094
ACH-000421,123631,0,0.10087406635284424
ACH-000421,126565,0,0.5301360487937927
ACH-000421,126941,0,0.24694415926933289
ACH-000421,13342,0,0.45799824595451355
ACH-000421,135398501,0,0.27039283514022827
ACH-000421,135398516,1,0.4195270538330078
ACH-000421,135410875,0,0.20214450359344482
ACH-000421,135418940,0,0.2768556475639343
ACH-000421,135421197,0,0.3336678445339203
ACH-000421,135423438,0,0.44064420461654663
ACH-000421,135440466,0,0.2573228180408478
ACH-000421,135499520,0,0.16975750029087067
ACH-000421,135539077,1,0.4323011338710785
ACH-000421,135565082,0,0.43794378638267517
ACH-000421,135659062,0,0.24024847149848938
ACH-000421,135691163,0,0.5339863300323486
ACH-000421,136240579,0,0.10711300373077393
ACH-000421,1401,0,0.18328723311424255
ACH-000421,148124,0,0.579182505607605
ACH-000421,156414,1,0.37010475993156433
ACH-000421,156422,0,0.12054798007011414
ACH-000421,159324,1,0.7861789464950562
ACH-000421,15953870,0,0.16717566549777985
ACH-000421,16095342,0,0.21424444019794464
ACH-000421,16123056,0,0.15079021453857422
ACH-000421,16218924,0,0.14430728554725647
ACH-000421,16659841,0,0.1615126132965088
ACH-000421,16681698,1,0.49617108702659607
ACH-000421,16720766,0,0.253488689661026
ACH-000421,16722836,0,0.5904133319854736
ACH-000421,16725726,0,0.1833980232477188
ACH-000421,16732433,0,0.1244155764579773
ACH-000421,16747388,0,0.41696280241012573
ACH-000421,16747683,1,0.5772479772567749
ACH-000421,176158,0,0.08183792978525162
ACH-000421,176167,1,0.29294219613075256
ACH-000421,17755052,0,0.48404988646507263
ACH-000421,216326,0,0.05757566913962364
ACH-000421,2314623,0,0.08429792523384094
ACH-000421,23582824,1,0.7360256314277649
ACH-000421,23725625,0,0.09389901906251907
ACH-000421,2375,0,0.1019805520772934
ACH-000421,24180719,0,0.1993471384048462
ACH-000421,24737642,0,0.3258551061153412
ACH-000421,24739943,1,0.599927544593811
ACH-000421,24756910,1,0.3644542992115021
ACH-000421,24770514,0,0.3617067039012909
ACH-000421,24771867,0,0.2418849617242813
ACH-000421,24772043,1,0.5590893626213074
ACH-000421,24772860,1,0.6063122749328613
ACH-000421,24776445,0,0.08876955509185791
ACH-000421,24785538,1,0.45305466651916504
ACH-000421,24826799,0,0.2699110209941864
ACH-000421,24889392,0,0.07468016445636749
ACH-000421,24894414,0,0.12476707994937897
ACH-000421,24951314,1,0.6781272888183594
ACH-000421,24978538,0,0.4000347852706909
ACH-000421,25022668,0,0.38258564472198486
ACH-000421,25102847,0,0.27130037546157837
ACH-000421,25124816,0,0.09736587852239609
ACH-000421,25126798,0,0.09749557077884674
ACH-000421,25167777,1,0.472842276096344
ACH-000421,25195294,1,0.7198978066444397
ACH-000421,25227436,0,0.5099788904190063
ACH-000421,25254071,1,0.5432143807411194
ACH-000421,25257557,1,0.2801862955093384
ACH-000421,25260757,1,0.3489004969596863
ACH-000421,25262792,1,0.43320465087890625
ACH-000421,25262965,0,0.4144120216369629
ACH-000421,2733526,0,0.13092413544654846
ACH-000421,300471,1,0.7536627650260925
ACH-000421,3005532,0,0.10624997317790985
ACH-000421,3101542,0,0.09763575345277786
ACH-000421,31703,1,0.6775218844413757
ACH-000421,3218,1,0.5628076791763306
ACH-000421,3372016,0,0.13513198494911194
ACH-000421,3385,0,0.7459235191345215
ACH-000421,3463933,1,0.6345580816268921
ACH-000421,36462,0,0.7600414156913757
ACH-000421,3796,0,0.14462964236736298
ACH-000421,3827738,0,0.1585288792848587
ACH-000421,4248455,0,0.28047651052474976
ACH-000421,42623900,0,0.2601279020309448
ACH-000421,42628507,1,0.47322678565979004
ACH-000421,42640,0,0.435622900724411
ACH-000421,42642645,1,0.4934752881526947
ACH-000421,44137675,0,0.30541443824768066
ACH-000421,44143370,0,0.2944285571575165
ACH-000421,44182295,1,0.43616536259651184
ACH-000421,44224257,1,0.39717358350753784
ACH-000421,44462760,0,0.21670129895210266
ACH-000421,444732,1,0.5321885943412781
ACH-000421,444795,0,0.20924152433872223
ACH-000421,44551660,1,0.5870931148529053
ACH-000421,44632017,0,0.3931144177913666
ACH-000421,446378,1,0.6041538715362549
ACH-000421,447912,0,0.30001476407051086
ACH-000421,448013,1,0.665388286113739
ACH-000421,45258277,0,0.39131131768226624
ACH-000421,46006640,0,0.15003065764904022
ACH-000421,46191454,0,0.52676922082901
ACH-000421,46192505,0,0.15536266565322876
ACH-000421,46224516,0,0.5179986953735352
ACH-000421,46244454,0,0.6222692728042603
ACH-000421,46843648,0,0.4587000906467438
ACH-000421,46883536,0,0.08266013115644455
ACH-000421,46885626,1,0.3971380889415741
ACH-000421,46893585,0,0.25020191073417664
ACH-000421,46907787,0,0.31140950322151184
ACH-000421,46926973,0,0.1702410876750946
ACH-000421,46937430,0,0.0978570431470871
ACH-000421,46943432,0,0.23559847474098206
ACH-000421,479503,1,0.6961809992790222
ACH-000421,49806720,0,0.07854466885328293
ACH-000421,49831044,0,0.5986616611480713
ACH-000421,49847690,0,0.34945622086524963
ACH-000421,49850262,0,0.1269766092300415
ACH-000421,5081913,1,0.582746684551239
ACH-000421,51039095,0,0.3088255822658539
ACH-000421,5113032,0,0.08174152672290802
ACH-000421,51371303,0,0.20949721336364746
ACH-000421,521106,1,0.4617241322994232
ACH-000421,5278396,0,0.11035528033971786
ACH-000421,5280757,0,0.1161557286977768
ACH-000421,5287969,1,0.4750436246395111
ACH-000421,52912189,1,0.374115914106369
ACH-000421,52913813,0,0.2075624018907547
ACH-000421,5311,1,0.5688675045967102
ACH-000421,5311497,0,0.3481079339981079
ACH-000421,5328940,0,0.14137117564678192
ACH-000421,53302361,0,0.4061791002750397
ACH-000421,53315878,0,0.07941689342260361
ACH-000421,53340664,0,0.35777753591537476
ACH-000421,53340666,1,0.5345695614814758
ACH-000421,5351307,1,0.623595118522644
ACH-000421,5360373,1,0.3817673325538635
ACH-000421,5394,0,0.07863769680261612
ACH-000421,5460033,0,0.6304439902305603
ACH-000421,54676905,0,0.061846572905778885
ACH-000421,54685215,0,0.058072932064533234
ACH-000421,560326,1,0.758925199508667
ACH-000421,56599306,0,0.2783111035823822
ACH-000421,56962337,0,0.1234097108244896
ACH-000421,56965967,0,0.49775266647338867
ACH-000421,57339144,0,0.06899750232696533
ACH-000421,5746,1,0.7565340399742126
ACH-000421,57519544,0,0.20778584480285645
ACH-000421,58423153,0,0.12758183479309082
ACH-000421,60750,1,0.7908551096916199
ACH-000421,6253,0,0.6123877763748169
ACH-000421,637858,0,0.5991514325141907
ACH-000421,644241,0,0.14985013008117676
ACH-000421,644243,0,0.08316797763109207
ACH-000421,6445533,1,0.5427153706550598
ACH-000421,6445562,1,0.28578367829322815
ACH-000421,6450551,0,0.15164020657539368
ACH-000421,6450816,1,0.36538293957710266
ACH-000421,6505803,0,0.33906081318855286
ACH-000421,65110,0,0.3696800470352173
ACH-000421,66577038,0,0.10353634506464005
ACH-000421,68234129,0,0.27300623059272766
ACH-000421,68289010,0,0.10017690062522888
ACH-000421,6852167,0,0.5233674645423889
ACH-000421,6914657,0,0.33905044198036194
ACH-000421,6918289,0,0.31246456503868103
ACH-000421,6918454,1,0.34632575511932373
ACH-000421,6918638,1,0.46880295872688293
ACH-000421,6918837,1,0.5642062425613403
ACH-000421,6918848,1,0.6465806365013123
ACH-000421,69923936,0,0.4707503914833069
ACH-000421,704473,0,0.15097010135650635
ACH-000421,71271629,0,0.3038645386695862
ACH-000421,71299339,0,0.12122633308172226
ACH-000421,71729975,0,0.46686407923698425
ACH-000421,73265211,0,0.07602585852146149
ACH-000421,73265214,0,0.19825658202171326
ACH-000421,73707530,0,0.6428684592247009
ACH-000421,73755109,0,0.18356043100357056
ACH-000421,76685059,0,0.3565397262573242
ACH-000421,77232197,1,0.6605838537216187
ACH-000421,78243717,0,0.07879074662923813
ACH-000421,82146,0,0.4908600151538849
ACH-000421,8249,1,0.6366435885429382
ACH-000421,90488984,0,0.06894519925117493
ACH-000421,92577,0,0.10752670466899872
ACH-000421,9549289,1,0.4869501292705536
ACH-000421,9549297,0,0.12097036838531494
ACH-000421,97489,0,0.11546172201633453
ACH-000421,9826528,1,0.6165145039558411
ACH-000421,9829523,0,0.306870698928833
ACH-000421,984170,0,0.1471705436706543
ACH-000421,9858940,0,0.4811326861381531
ACH-000421,9863776,1,0.6838933825492859
ACH-000421,9868037,0,0.33721479773521423
ACH-000421,9874913,0,0.1857614368200302
ACH-000421,9884685,1,0.2233506739139557
ACH-000421,9903786,0,0.4357529580593109
ACH-000421,9908783,0,0.09206316620111465
ACH-000421,9910224,0,0.07478702813386917
ACH-000421,9911830,0,0.07320354878902435
ACH-000421,9914412,0,0.39211732149124146
ACH-000421,9926054,0,0.380376398563385
ACH-000421,9931954,0,0.10823841392993927
ACH-000421,9938202,0,0.19689832627773285
ACH-000421,9952773,0,0.2464560866355896
ACH-000421,9956119,0,0.12787389755249023
ACH-000421,9956222,0,0.23145855963230133
ACH-000427,10027278,0,0.47397109866142273
ACH-000427,10074640,0,0.30910438299179077
ACH-000427,10077147,0,0.4568359851837158
ACH-000427,10109823,0,0.2905695140361786
ACH-000427,10113978,0,0.19779033958911896
ACH-000427,10127622,0,0.33756619691848755
ACH-000427,10184653,1,0.17672023177146912
ACH-000427,10341154,0,0.08642834424972534
ACH-000427,10368812,1,0.681662380695343
ACH-000427,10377751,1,0.6131007671356201
ACH-000427,10384072,0,0.12663881480693817
ACH-000427,10459196,0,0.08184545487165451
ACH-000427,104741,0,0.2538866102695465
ACH-000427,104842,1,0.642586886882782
ACH-000427,107969,1,0.5441258549690247
ACH-000427,11152667,1,0.5739949345588684
ACH-000427,11175137,0,0.43677034974098206
ACH-000427,11178236,1,0.4477123022079468
ACH-000427,11282283,0,0.176992267370224
ACH-000427,11327430,0,0.1136540025472641
ACH-000427,11338033,0,0.5666514039039612
ACH-000427,11373846,0,0.1962922066450119
ACH-000427,11455910,1,0.7794069647789001
ACH-000427,11485656,0,0.1580236554145813
ACH-000427,11488320,1,0.43094414472579956
ACH-000427,11493598,0,0.13678191602230072
ACH-000427,11507964,0,0.2089938372373581
ACH-000427,11609586,0,0.6601515412330627
ACH-000427,11617559,0,0.0849861204624176
ACH-000427,11624601,0,0.07736047357320786
ACH-000427,11625818,0,0.14662642776966095
ACH-000427,11626560,0,0.1896083652973175
ACH-000427,11626927,0,0.0831296443939209
ACH-000427,11634725,0,0.31176361441612244
ACH-000427,11640390,0,0.23246119916439056
ACH-000427,11647372,1,0.389433890581131
ACH-000427,11667893,0,0.09077776968479156
ACH-000427,11707110,0,0.38550248742103577
ACH-000427,11713159,0,0.26880335807800293
ACH-000427,11754511,0,0.5438194870948792
ACH-000427,11784504,0,0.2800009548664093
ACH-000427,117918970,0,0.34225285053253174
ACH-000427,117996541,1,0.7102780938148499
ACH-000427,11960529,0,0.09690763056278229
ACH-000427,11977753,1,0.47853678464889526
ACH-000427,121596701,1,0.3758118748664856
ACH-000427,123631,0,0.10236722230911255
ACH-000427,126565,0,0.5440078973770142
ACH-000427,126941,0,0.31789782643318176
ACH-000427,13342,1,0.5138197541236877
ACH-000427,135398501,0,0.3269125819206238
ACH-000427,135398516,0,0.5069669485092163
ACH-000427,135410875,1,0.242268368601799
ACH-000427,135418940,0,0.2438899427652359
ACH-000427,135421197,0,0.31589633226394653
ACH-000427,135423438,0,0.49738794565200806
ACH-000427,135440466,0,0.24218890070915222
ACH-000427,135499520,0,0.149053692817688
ACH-000427,135539077,1,0.41864004731178284
ACH-000427,135564599,0,0.08964881300926208
ACH-000427,135565082,0,0.516663670539856
ACH-000427,135659062,0,0.2845743000507355
ACH-000427,135691163,0,0.5397456288337708
ACH-000427,136240579,0,0.12212461978197098
ACH-000427,1401,0,0.15616191923618317
ACH-000427,148124,0,0.5949044823646545
ACH-000427,156422,0,0.11423991620540619
ACH-000427,159324,1,0.8214929699897766
ACH-000427,15953870,0,0.1715240776538849
ACH-000427,16038120,0,0.27885037660598755
ACH-000427,16095342,0,0.19572080671787262
ACH-000427,16123056,0,0.13196022808551788
ACH-000427,16218924,0,0.15574787557125092
ACH-000427,16659841,0,0.18866969645023346
ACH-000427,16681698,1,0.5157303810119629
ACH-000427,16722836,0,0.553493857383728
ACH-000427,16725726,0,0.1642540544271469
ACH-000427,16732433,0,0.1055992841720581
ACH-000427,16747388,0,0.42101070284843445
ACH-000427,16747683,1,0.6367339491844177
ACH-000427,176158,0,0.09172060340642929
ACH-000427,176167,0,0.386143296957016
ACH-000427,17755052,1,0.4970759451389313
ACH-000427,216326,0,0.056679073721170425
ACH-000427,2314623,0,0.07970264554023743
ACH-000427,23725625,0,0.10071051120758057
ACH-000427,2375,0,0.0989505797624588
ACH-000427,24180719,0,0.15820083022117615
ACH-000427,24737642,0,0.316368967294693
ACH-000427,24756910,1,0.3801458179950714
ACH-000427,24770514,1,0.374514102935791
ACH-000427,24771867,0,0.2629241347312927
ACH-000427,24772043,0,0.5541108846664429
ACH-000427,24772860,1,0.58738112449646
ACH-000427,24776445,0,0.09176956117153168
ACH-000427,24785538,0,0.46814051270484924
ACH-000427,24826799,0,0.2549099922180176
ACH-000427,24889392,0,0.06885682046413422
ACH-000427,24894414,0,0.13451600074768066
ACH-000427,24951314,1,0.6916435360908508
ACH-000427,24964624,1,0.30390170216560364
ACH-000427,24978538,0,0.3731406033039093
ACH-000427,25022668,0,0.46004799008369446
ACH-000427,25102847,0,0.32449111342430115
ACH-000427,25124816,0,0.10329847782850266
ACH-000427,25126798,0,0.08745720982551575
ACH-000427,25167777,1,0.5073856115341187
ACH-000427,25195294,1,0.7817633152008057
ACH-000427,25226117,0,0.17104004323482513
ACH-000427,25226483,1,0.7435826659202576
ACH-000427,25227436,1,0.518994927406311
ACH-000427,25254071,1,0.5076760053634644
ACH-000427,25257557,0,0.2967250943183899
ACH-000427,25260757,0,0.37575697898864746
ACH-000427,25262792,1,0.46827432513237
ACH-000427,25262965,1,0.42448073625564575
ACH-000427,2733526,0,0.13150592148303986
ACH-000427,300471,0,0.8476076126098633
ACH-000427,3005532,0,0.12141197919845581
ACH-000427,3101542,0,0.10013676434755325
ACH-000427,31703,1,0.6813005208969116
ACH-000427,3218,0,0.5560181736946106
ACH-000427,3372016,0,0.13577166199684143
ACH-000427,3385,0,0.7165236473083496
ACH-000427,3463933,1,0.6965752243995667
ACH-000427,36462,0,0.7401126623153687
ACH-000427,3796,0,0.14228564500808716
ACH-000427,3827738,0,0.150187149643898
ACH-000427,387447,1,0.6585049033164978
ACH-000427,4248455,0,0.27419283986091614
ACH-000427,42623900,0,0.28280094265937805
ACH-000427,42628507,0,0.5576062798500061
ACH-000427,42628535,0,0.36987966299057007
ACH-000427,42640,0,0.4306418299674988
ACH-000427,42642645,1,0.5009686946868896
ACH-000427,44137675,0,0.31721699237823486
ACH-000427,44143370,0,0.2686155140399933
ACH-000427,44182295,0,0.43698450922966003
ACH-000427,44224257,1,0.42266708612442017
ACH-000427,44462760,0,0.2196696698665619
ACH-000427,444732,1,0.5721067786216736
ACH-000427,444795,0,0.24993206560611725
ACH-000427,44551660,0,0.6407400965690613
ACH-000427,446378,1,0.6102662086486816
ACH-000427,447912,0,0.27364030480384827
ACH-000427,448013,0,0.7090815305709839
ACH-000427,45258277,0,0.3572959005832672
ACH-000427,46006640,0,0.16328905522823334
ACH-000427,46191454,0,0.5892921686172485
ACH-000427,46192505,0,0.14597466588020325
ACH-000427,46224516,1,0.5891620516777039
ACH-000427,462382,0,0.6038327813148499
ACH-000427,46244454,1,0.6380980014801025
ACH-000427,46843648,0,0.5400821566581726
ACH-000427,46843772,0,0.31316184997558594
ACH-000427,46883536,0,0.07789476215839386
ACH-000427,46885626,0,0.4764416515827179
ACH-000427,46893585,0,0.24421922862529755
ACH-000427,46907787,0,0.3321641981601715
ACH-000427,46926973,0,0.1675170511007309
ACH-000427,46937430,0,0.0961422547698021
ACH-000427,46943432,0,0.28207525610923767
ACH-000427,479503,1,0.720155656337738
ACH-000427,49806720,0,0.07985284179449081
ACH-000427,49831044,0,0.6831417679786682
ACH-000427,49847690,0,0.334614098072052
ACH-000427,49850262,0,0.14064393937587738
ACH-000427,5081913,1,0.582930862903595
ACH-000427,51039095,0,0.34859415888786316
ACH-000427,5113032,0,0.08260997384786606
ACH-000427,51371303,0,0.18232151865959167
ACH-000427,521106,0,0.45244142413139343
ACH-000427,5278396,0,0.10637567937374115
ACH-000427,5280757,0,0.11346077173948288
ACH-000427,5284616,1,0.2670642137527466
ACH-000427,5287969,1,0.47216904163360596
ACH-000427,52912189,1,0.4193122088909149
ACH-000427,52913813,1,0.2068687230348587
ACH-000427,5311,1,0.5927605628967285
ACH-000427,5311497,1,0.4330637753009796
ACH-000427,5328940,0,0.14211784303188324
ACH-000427,53302361,0,0.3904833495616913
ACH-000427,5330286,0,0.4300883412361145
ACH-000427,53340664,0,0.32996615767478943
ACH-000427,53340666,0,0.570370614528656
ACH-000427,5351307,1,0.6803972125053406
ACH-000427,5360373,1,0.4021639823913574
ACH-000427,5394,0,0.07405906170606613
ACH-000427,5460033,0,0.5741863250732422
ACH-000427,54676905,0,0.06459695100784302
ACH-000427,54685215,0,0.060011930763721466
ACH-000427,560326,1,0.8172594308853149
ACH-000427,56599306,0,0.2999880015850067
ACH-000427,56962337,0,0.12130279093980789
ACH-000427,56965967,0,0.5891326665878296
ACH-000427,57339144,0,0.06978227198123932
ACH-000427,57340680,1,0.3988652229309082
ACH-000427,5746,1,0.7803475260734558
ACH-000427,57519544,0,0.22849033772945404
ACH-000427,58423153,0,0.17509996891021729
ACH-000427,60750,1,0.745635449886322
ACH-000427,6253,1,0.5713710188865662
ACH-000427,637858,0,0.6377761960029602
ACH-000427,644241,0,0.14130799472332
ACH-000427,644243,0,0.07746212929487228
ACH-000427,6445533,1,0.5725377798080444
ACH-000427,6445562,1,0.2613851726055145
ACH-000427,6450551,0,0.20964430272579193
ACH-000427,6450816,0,0.36557143926620483
ACH-000427,6473881,0,0.21452997624874115
ACH-000427,6505803,1,0.39117223024368286
ACH-000427,65110,0,0.3864731788635254
ACH-000427,66577038,0,0.09565329551696777
ACH-000427,68234129,0,0.36020809412002563
ACH-000427,68289010,0,0.09456218034029007
ACH-000427,6852167,0,0.5069707632064819
ACH-000427,6914657,1,0.35345134139060974
ACH-000427,6918289,1,0.3373446464538574
ACH-000427,6918454,1,0.38574299216270447
ACH-000427,6918638,1,0.5299355387687683
ACH-000427,6918837,1,0.5983895063400269
ACH-000427,6918848,1,0.7002426981925964
ACH-000427,69923936,0,0.47163131833076477
ACH-000427,704473,0,0.15128420293331146
ACH-000427,71271629,0,0.4181087911128998
ACH-000427,71299339,0,0.10378920286893845
ACH-000427,71729975,0,0.5635526776313782
ACH-000427,73265211,0,0.07307213544845581
ACH-000427,73265214,0,0.20106756687164307
ACH-000427,73707530,0,0.6952646970748901
ACH-000427,73755109,0,0.18281249701976776
ACH-000427,76685059,1,0.3308151662349701
ACH-000427,77232197,1,0.6453933119773865
ACH-000427,82146,0,0.5406331419944763
ACH-000427,8249,0,0.6771183609962463
ACH-000427,92577,0,0.10977604985237122
ACH-000427,9549289,0,0.4705866575241089
ACH-000427,9549297,0,0.13659340143203735
ACH-000427,97489,0,0.12641699612140656
ACH-000427,9826528,1,0.6134138703346252
ACH-000427,9829523,0,0.33666351437568665
ACH-000427,984170,0,0.15245421230793
ACH-000427,9858940,1,0.4698528051376343
ACH-000427,9863776,0,0.7238582372665405
ACH-000427,9868037,0,0.28841719031333923
ACH-000427,9874913,1,0.18523354828357697
ACH-000427,9884685,0,0.2254677712917328
ACH-000427,9903786,0,0.5095714330673218
ACH-000427,9907093,0,0.2104066014289856
ACH-000427,9908783,0,0.09154091775417328
ACH-000427,9910224,0,0.07529847323894501
ACH-000427,9911830,0,0.06746917217969894
ACH-000427,9914412,0,0.43078848719596863
ACH-000427,9926054,0,0.3633246421813965
ACH-000427,9931954,0,0.11031008511781693
ACH-000427,9938202,0,0.1773589700460434
ACH-000427,9952773,1,0.24622130393981934
ACH-000427,9956119,0,0.10214340686798096
ACH-000427,9956222,0,0.2232491374015808
ACH-000432,10027278,1,0.40836820006370544
ACH-000432,10074640,1,0.2692442536354065
ACH-000432,10077147,1,0.4280596971511841
ACH-000432,10109823,1,0.32042863965034485
ACH-000432,10113978,0,0.19243964552879333
ACH-000432,10127622,1,0.3554016649723053
ACH-000432,10172943,1,0.5087118744850159
ACH-000432,10184653,0,0.17584499716758728
ACH-000432,10302451,1,0.1348414272069931
ACH-000432,10341154,0,0.08385134488344193
ACH-000432,10368812,1,0.6591142416000366
ACH-000432,10377751,1,0.6330696940422058
ACH-000432,10384072,1,0.12469414621591568
ACH-000432,10459196,1,0.08063503354787827
ACH-000432,10461815,0,0.07188180088996887
ACH-000432,104741,0,0.25708743929862976
ACH-000432,104842,1,0.6205037832260132
ACH-000432,107969,1,0.5620096921920776
ACH-000432,11152667,1,0.509343147277832
ACH-000432,11175137,1,0.40804043412208557
ACH-000432,11178236,1,0.42359989881515503
ACH-000432,11282283,1,0.18240690231323242
ACH-000432,11327430,1,0.12365452200174332
ACH-000432,11338033,1,0.5053972005844116
ACH-000432,11364421,1,0.46042385697364807
ACH-000432,11373846,0,0.1809590756893158
ACH-000432,11455910,1,0.7517877817153931
ACH-000432,11467730,1,0.30950286984443665
ACH-000432,11485656,0,0.1661985069513321
ACH-000432,11488320,0,0.3944554626941681
ACH-000432,11493598,0,0.13670974969863892
ACH-000432,11507964,0,0.2037602663040161
ACH-000432,11511120,1,0.4907754063606262
ACH-000432,11609586,1,0.6587308645248413
ACH-000432,11617559,0,0.1015823483467102
ACH-000432,11624601,0,0.08692938834428787
ACH-000432,11625818,0,0.15713512897491455
ACH-000432,11626560,1,0.19804640114307404
ACH-000432,11626927,0,0.09163064509630203
ACH-000432,11634725,1,0.32143333554267883
ACH-000432,11640390,0,0.25501158833503723
ACH-000432,11647372,1,0.3427821099758148
ACH-000432,11667893,0,0.11084530502557755
ACH-000432,11676786,1,0.17395293712615967
ACH-000432,11707110,1,0.31892576813697815
ACH-000432,11713159,0,0.2622579038143158
ACH-000432,11754511,1,0.5753766298294067
ACH-000432,11754711,1,0.5305414795875549
ACH-000432,11784504,1,0.27004456520080566
ACH-000432,117918970,1,0.35410767793655396
ACH-000432,117996541,1,0.7250147461891174
ACH-000432,11844351,1,0.25099465250968933
ACH-000432,11960529,0,0.10584785044193268
ACH-000432,11977753,1,0.4573996067047119
ACH-000432,1206243,1,0.41574370861053467
ACH-000432,121596701,1,0.362008661031723
ACH-000432,123631,1,0.1070825606584549
ACH-000432,126565,1,0.5365256667137146
ACH-000432,126941,1,0.28215500712394714
ACH-000432,13342,1,0.48621833324432373
ACH-000432,135398501,1,0.3154923617839813
ACH-000432,135398516,1,0.4276827871799469
ACH-000432,135418940,0,0.25289756059646606
ACH-000432,135421197,0,0.334944486618042
ACH-000432,135423438,1,0.4505368173122406
ACH-000432,135440466,1,0.2618292272090912
ACH-000432,135499520,1,0.1609318107366562
ACH-000432,135539077,1,0.4196762442588806
ACH-000432,135564599,1,0.08961358666419983
ACH-000432,135565082,1,0.4784521758556366
ACH-000432,135659062,1,0.25958451628685
ACH-000432,135691163,1,0.5135107636451721
ACH-000432,136240579,0,0.13053029775619507
ACH-000432,1401,1,0.1869187206029892
ACH-000432,148124,1,0.5971118807792664
ACH-000432,156414,1,0.37870895862579346
ACH-000432,156422,0,0.1325599104166031
ACH-000432,159324,1,0.7936585545539856
ACH-000432,15953870,1,0.17027364671230316
ACH-000432,160355,0,0.2291204184293747
ACH-000432,16038120,1,0.261090487241745
ACH-000432,16095342,1,0.22025980055332184
ACH-000432,16123056,1,0.14648182690143585
ACH-000432,16218924,1,0.17130538821220398
ACH-000432,16659841,0,0.19132007658481598
ACH-000432,16663089,0,0.24598552286624908
ACH-000432,16681698,1,0.48374736309051514
ACH-000432,16720766,1,0.26786959171295166
ACH-000432,16722836,1,0.5727118849754333
ACH-000432,16725726,0,0.20048737525939941
ACH-000432,16732433,0,0.13499732315540314
ACH-000432,16747388,1,0.36892929673194885
ACH-000432,16747683,1,0.5731106400489807
ACH-000432,176158,0,0.0992194414138794
ACH-000432,176167,1,0.35000407695770264
ACH-000432,176870,0,0.1501787155866623
ACH-000432,17755052,1,0.48978132009506226
ACH-000432,208908,0,0.12217944115400314
ACH-000432,216239,1,0.28722211718559265
ACH-000432,216326,0,0.061242539435625076
ACH-000432,2314623,0,0.09224823117256165
ACH-000432,23582824,1,0.731900691986084
ACH-000432,23725625,1,0.1094219833612442
ACH-000432,2375,0,0.09800393134355545
ACH-000432,24180719,1,0.190805584192276
ACH-000432,24737642,1,0.3389049768447876
ACH-000432,24739943,1,0.6242291331291199
ACH-000432,24756910,1,0.3960880637168884
ACH-000432,24770514,1,0.3719358444213867
ACH-000432,24771867,1,0.2380743771791458
ACH-000432,24772043,1,0.5481433272361755
ACH-000432,24772860,1,0.555920422077179
ACH-000432,24776445,0,0.10271497815847397
ACH-000432,24785538,1,0.4196516275405884
ACH-000432,24889392,0,0.08640088140964508
ACH-000432,24894414,0,0.15802954137325287
ACH-000432,24951314,1,0.68532395362854
ACH-000432,24964624,1,0.2949540913105011
ACH-000432,24978538,1,0.37057408690452576
ACH-000432,25022668,1,0.4614109992980957
ACH-000432,25102847,1,0.2990686297416687
ACH-000432,25124816,0,0.10819859802722931
ACH-000432,25126798,0,0.09775934368371964
ACH-000432,25167777,1,0.4770766794681549
ACH-000432,25195294,1,0.7190569043159485
ACH-000432,25227436,1,0.5196969509124756
ACH-000432,25254071,1,0.4798188805580139
ACH-000432,25257557,1,0.28171083331108093
ACH-000432,25260757,1,0.37077978253364563
ACH-000432,25262792,1,0.4123741090297699
ACH-000432,25262965,1,0.39996469020843506
ACH-000432,2733526,0,0.14596249163150787
ACH-000432,300471,1,0.7928125262260437
ACH-000432,3005532,0,0.115557000041008
ACH-000432,3062316,1,0.29041236639022827
ACH-000432,3101542,0,0.11144080013036728
ACH-000432,31703,1,0.6445143222808838
ACH-000432,3218,1,0.5853772759437561
ACH-000432,3372016,0,0.14047110080718994
ACH-000432,3385,1,0.7247290015220642
ACH-000432,3463933,1,0.6210035085678101
ACH-000432,36314,1,0.5920249223709106
ACH-000432,36462,1,0.7350806593894958
ACH-000432,3796,0,0.14607392251491547
ACH-000432,3827738,0,0.14428861439228058
ACH-000432,387447,1,0.6459952592849731
ACH-000432,4248455,1,0.3091491758823395
ACH-000432,4261,1,0.7735898494720459
ACH-000432,42623900,0,0.27980849146842957
ACH-000432,42628507,1,0.5194116234779358
ACH-000432,42640,1,0.42681950330734253
ACH-000432,42642645,1,0.4747665226459503
ACH-000432,44137675,0,0.32803988456726074
ACH-000432,44143370,1,0.2756178677082062
ACH-000432,44182295,1,0.4175083637237549
ACH-000432,44224257,1,0.40892887115478516
ACH-000432,442972,0,0.23898117244243622
ACH-000432,44462760,1,0.22698628902435303
ACH-000432,444732,1,0.5622495412826538
ACH-000432,444795,1,0.25822368264198303
ACH-000432,44551660,1,0.6031253933906555
ACH-000432,44632017,1,0.4053601920604706
ACH-000432,446378,1,0.6328678727149963
ACH-000432,447912,0,0.27971816062927246
ACH-000432,448013,1,0.6741892695426941
ACH-000432,45258277,1,0.3486168384552002
ACH-000432,46006640,1,0.15690843760967255
ACH-000432,46191454,1,0.5611507892608643
ACH-000432,46192505,0,0.18083252012729645
ACH-000432,46224516,1,0.5629339814186096
ACH-000432,462382,0,0.557978630065918
ACH-000432,46244454,1,0.5912889242172241
ACH-000432,46843648,1,0.490482360124588
ACH-000432,46844147,1,0.26939719915390015
ACH-000432,46883536,0,0.08276641368865967
ACH-000432,46885626,1,0.43509602546691895
ACH-000432,46893585,1,0.22638799250125885
ACH-000432,46907787,1,0.32037580013275146
ACH-000432,46926973,0,0.2113533616065979
ACH-000432,46937430,0,0.1015043556690216
ACH-000432,46943432,1,0.2642724812030792
ACH-000432,479503,1,0.6871102452278137
ACH-000432,49806720,0,0.08878545463085175
ACH-000432,49831044,0,0.6521214842796326
ACH-000432,49847690,1,0.3486862778663635
ACH-000432,49850262,1,0.13603675365447998
ACH-000432,4993,1,0.5871513485908508
ACH-000432,5081913,1,0.5076804757118225
ACH-000432,51039095,1,0.315798282623291
ACH-000432,5113032,0,0.091114342212677
ACH-000432,51358113,1,0.5741758346557617
ACH-000432,51371303,0,0.1954103410243988
ACH-000432,521106,1,0.43048569560050964
ACH-000432,5278396,1,0.11430215835571289
ACH-000432,5280757,0,0.13386304676532745
ACH-000432,5284616,1,0.2682670056819916
ACH-000432,5287969,1,0.4250335395336151
ACH-000432,5291,1,0.1264689713716507
ACH-000432,52912189,1,0.38008758425712585
ACH-000432,52913813,0,0.209069162607193
ACH-000432,5311,1,0.5904182195663452
ACH-000432,5311497,1,0.3890939950942993
ACH-000432,5311510,1,0.27872151136398315
ACH-000432,5328940,1,0.13870029151439667
ACH-000432,5329102,1,0.3254099488258362
ACH-000432,53302361,1,0.3730784058570862
ACH-000432,5330286,1,0.4186286926269531
ACH-000432,53315878,0,0.0939299613237381
ACH-000432,53340664,1,0.32370057702064514
ACH-000432,53340666,1,0.5634114146232605
ACH-000432,5351307,1,0.636286199092865
ACH-000432,5394,0,0.08286109566688538
ACH-000432,5460033,1,0.5949377417564392
ACH-000432,54676905,0,0.06576380878686905
ACH-000432,54685215,0,0.0617680549621582
ACH-000432,5494449,1,0.3248257637023926
ACH-000432,560326,1,0.7876987457275391
ACH-000432,56599306,1,0.29024800658226013
ACH-000432,56962337,0,0.14043034613132477
ACH-000432,56965967,1,0.5621958374977112
ACH-000432,5717801,1,0.2434871941804886
ACH-000432,57339144,0,0.07690763473510742
ACH-000432,57519544,0,0.2664640247821808
ACH-000432,58423153,1,0.15791597962379456
ACH-000432,60750,1,0.7422499656677246
ACH-000432,6253,1,0.5779492855072021
ACH-000432,637858,1,0.644070565700531
ACH-000432,644215,1,0.5301815271377563
ACH-000432,644241,1,0.14479465782642365
ACH-000432,644243,0,0.0879245325922966
ACH-000432,6445533,1,0.5630468130111694
ACH-000432,6445562,1,0.24131962656974792
ACH-000432,6450551,1,0.2061006873846054
ACH-000432,6450816,1,0.3812931180000305
ACH-000432,6473881,1,0.22084331512451172
ACH-000432,6505803,1,0.3936566710472107
ACH-000432,65110,1,0.37325167655944824
ACH-000432,66577038,0,0.1144179031252861
ACH-000432,68234129,1,0.347754567861557
ACH-000432,68289010,0,0.11014032363891602
ACH-000432,6852167,1,0.4791954755783081
ACH-000432,6914657,1,0.38216981291770935
ACH-000432,6918289,1,0.3535817265510559
ACH-000432,6918454,1,0.3623274564743042
ACH-000432,6918638,1,0.503409743309021
ACH-000432,6918837,1,0.5949984192848206
ACH-000432,6918848,1,0.6830613017082214
ACH-000432,69923936,1,0.4147084355354309
ACH-000432,704473,0,0.1734461486339569
ACH-000432,71271629,1,0.365486741065979
ACH-000432,71299339,0,0.11952831596136093
ACH-000432,71729975,1,0.49956396222114563
ACH-000432,73265211,0,0.07716936618089676
ACH-000432,73265214,1,0.186325803399086
ACH-000432,73707530,1,0.686302661895752
ACH-000432,73755109,0,0.18291901051998138
ACH-000432,76044,1,0.35527873039245605
ACH-000432,76685059,0,0.3509499430656433
ACH-000432,77232197,1,0.6109793186187744
ACH-000432,78243717,0,0.08857469260692596
ACH-000432,82146,0,0.568693995475769
ACH-000432,8249,0,0.6432017087936401
ACH-000432,90488984,0,0.07007884979248047
ACH-000432,92577,0,0.10822254419326782
ACH-000432,9549184,1,0.21442574262619019
ACH-000432,9549289,1,0.49436983466148376
ACH-000432,9549297,0,0.13424049317836761
ACH-000432,97489,0,0.12090422958135605
ACH-000432,9826308,1,0.4944116771221161
ACH-000432,9826528,1,0.5691395401954651
ACH-000432,9829523,0,0.3329981565475464
ACH-000432,984170,1,0.16210031509399414
ACH-000432,9858940,0,0.49199238419532776
ACH-000432,9863776,1,0.6711482405662537
ACH-000432,9868037,1,0.3076467514038086
ACH-000432,9874913,0,0.21084921061992645
ACH-000432,9884685,1,0.21674475073814392
ACH-000432,9903786,1,0.46455875039100647
ACH-000432,9907093,0,0.2297741174697876
ACH-000432,9908783,0,0.10137741267681122
ACH-000432,9910224,0,0.08171860873699188
ACH-000432,9911830,1,0.08669262379407883
ACH-000432,9914412,1,0.42275187373161316
ACH-000432,9926054,1,0.35955166816711426
ACH-000432,9931954,1,0.11444197595119476
ACH-000432,9938202,0,0.18412522971630096
ACH-000432,9952773,1,0.28482043743133545
ACH-000432,9956119,1,0.12964053452014923
ACH-000432,9956222,1,0.23489943146705627
ACH-000440,10027278,1,0.4235989451408386
ACH-000440,10074640,1,0.3073224127292633
ACH-000440,10077147,0,0.4522011876106262
ACH-000440,10109823,1,0.30249518156051636
ACH-000440,10113978,0,0.1830424666404724
ACH-000440,10127622,0,0.3398246765136719
ACH-000440,10172943,0,0.5205662250518799
ACH-000440,10184653,0,0.17277400195598602
ACH-000440,10302451,0,0.14076054096221924
ACH-000440,10341154,0,0.07764673233032227
ACH-000440,10368812,1,0.6440830826759338
ACH-000440,10377751,1,0.6061336398124695
ACH-000440,10384072,0,0.10319766402244568
ACH-000440,10459196,0,0.07536613196134567
ACH-000440,10461815,0,0.0671895295381546
ACH-000440,104741,0,0.2455187886953354
ACH-000440,104842,1,0.6186791658401489
ACH-000440,107969,1,0.5304093360900879
ACH-000440,11152667,1,0.5319110751152039
ACH-000440,11175137,1,0.40892544388771057
ACH-000440,11178236,1,0.4638044834136963
ACH-000440,11282283,0,0.17719201743602753
ACH-000440,11327430,0,0.12079248577356339
ACH-000440,11338033,1,0.5184363722801208
ACH-000440,11364421,0,0.4718564748764038
ACH-000440,11373846,0,0.18893669545650482
ACH-000440,11455910,1,0.7227206230163574
ACH-000440,11467730,0,0.3125933110713959
ACH-000440,11485656,0,0.1451709121465683
ACH-000440,11488320,1,0.3825443387031555
ACH-000440,11493598,0,0.1304495632648468
ACH-000440,11507964,1,0.19246648252010345
ACH-000440,11511120,1,0.49816787242889404
ACH-000440,11609586,0,0.6482412219047546
ACH-000440,11617559,0,0.089436836540699
ACH-000440,11624601,0,0.08821465820074081
ACH-000440,11625818,0,0.152300164103508
ACH-000440,11626560,0,0.18331283330917358
ACH-000440,11626927,0,0.08065731078386307
ACH-000440,11634725,0,0.32840636372566223
ACH-000440,11640390,0,0.211285799741745
ACH-000440,11647372,1,0.3535517454147339
ACH-000440,11667893,0,0.09707163274288177
ACH-000440,11676786,0,0.15495413541793823
ACH-000440,11707110,0,0.31129348278045654
ACH-000440,11713159,0,0.2664857506752014
ACH-000440,11754511,1,0.5485724806785583
ACH-000440,11754711,0,0.4776909351348877
ACH-000440,11784504,1,0.2592388391494751
ACH-000440,117918970,0,0.333100289106369
ACH-000440,117996541,0,0.7281396985054016
ACH-000440,11844351,0,0.2715303599834442
ACH-000440,11960529,0,0.10079142451286316
ACH-000440,11977753,1,0.4200863242149353
ACH-000440,1206243,1,0.3956908583641052
ACH-000440,121596701,1,0.35403886437416077
ACH-000440,123631,0,0.10691387206315994
ACH-000440,126565,0,0.5000148415565491
ACH-000440,126941,1,0.26619505882263184
ACH-000440,13342,1,0.470367431640625
ACH-000440,135398501,1,0.2931162714958191
ACH-000440,135398516,1,0.4082182049751282
ACH-000440,135410875,1,0.19616810977458954
ACH-000440,135418940,0,0.25773584842681885
ACH-000440,135421197,0,0.3099876344203949
ACH-000440,135423438,1,0.46833738684654236
ACH-000440,135440466,0,0.24263988435268402
ACH-000440,135499520,0,0.15181408822536469
ACH-000440,135539077,1,0.38631829619407654
ACH-000440,135564599,0,0.09585732221603394
ACH-000440,135565082,0,0.44584038853645325
ACH-000440,135659062,1,0.26525503396987915
ACH-000440,135691163,1,0.5013700723648071
ACH-000440,136240579,0,0.1315338909626007
ACH-000440,1401,0,0.17948102951049805
ACH-000440,148124,0,0.5525171160697937
ACH-000440,156414,1,0.35693445801734924
ACH-000440,156422,0,0.12140727043151855
ACH-000440,159324,1,0.7797046899795532
ACH-000440,15953870,0,0.18387983739376068
ACH-000440,160355,0,0.19634024798870087
ACH-000440,16038120,0,0.2432190328836441
ACH-000440,16095342,1,0.20764736831188202
ACH-000440,16123056,0,0.1410411149263382
ACH-000440,16218924,0,0.15159785747528076
ACH-000440,16659841,0,0.16294381022453308
ACH-000440,16663089,0,0.2138354629278183
ACH-000440,16681698,1,0.4422944188117981
ACH-000440,16720766,0,0.2384195327758789
ACH-000440,16722836,1,0.5634419322013855
ACH-000440,16725726,1,0.16809706389904022
ACH-000440,16732433,1,0.12360509485006332
ACH-000440,16747388,1,0.3800875246524811
ACH-000440,16747683,1,0.5483149290084839
ACH-000440,176158,0,0.08572801947593689
ACH-000440,176167,1,0.3319518566131592
ACH-000440,176870,0,0.1345534324645996
ACH-000440,17755052,1,0.4646357297897339
ACH-000440,208908,0,0.11796051263809204
ACH-000440,216239,0,0.29129543900489807
ACH-000440,216326,0,0.05866225063800812
ACH-000440,2314623,0,0.08654048293828964
ACH-000440,23582824,1,0.7266063690185547
ACH-000440,23725625,0,0.10100863873958588
ACH-000440,2375,0,0.09368609637022018
ACH-000440,24180719,0,0.17887501418590546
ACH-000440,24737642,0,0.3151257038116455
ACH-000440,24739943,1,0.5843548774719238
ACH-000440,24756910,1,0.3581591844558716
ACH-000440,24770514,1,0.3628832697868347
ACH-000440,24771867,0,0.2281632274389267
ACH-000440,24772043,1,0.5462226867675781
ACH-000440,24772860,1,0.5589150190353394
ACH-000440,24776445,0,0.09166722744703293
ACH-000440,24785538,0,0.42714154720306396
ACH-000440,24826799,1,0.2571820616722107
ACH-000440,24889392,0,0.0766902044415474
ACH-000440,24894414,0,0.12467706203460693
ACH-000440,24951314,1,0.6847731471061707
ACH-000440,24964624,0,0.25765857100486755
ACH-000440,24978538,0,0.36716240644454956
ACH-000440,25022668,0,0.40866413712501526
ACH-000440,25102847,0,0.3251648545265198
ACH-000440,25124816,0,0.10070903599262238
ACH-000440,25126798,0,0.09044284373521805
ACH-000440,25167777,1,0.4642806053161621
ACH-000440,25195294,1,0.7463939189910889
ACH-000440,25227436,0,0.5100217461585999
ACH-000440,25254071,1,0.473903089761734
ACH-000440,25257557,1,0.28743776679039
ACH-000440,25260757,1,0.3337893784046173
ACH-000440,25262792,1,0.4176149368286133
ACH-000440,25262965,1,0.38479727506637573
ACH-000440,2733526,0,0.13297998905181885
ACH-000440,300471,0,0.8025658130645752
ACH-000440,3005532,0,0.12318310886621475
ACH-000440,3062316,0,0.30612704157829285
ACH-000440,3101542,0,0.10285720974206924
ACH-000440,31703,1,0.6320101618766785
ACH-000440,3218,1,0.5603248476982117
ACH-000440,3372016,0,0.13658443093299866
ACH-000440,3385,1,0.7344792485237122
ACH-000440,3463933,1,0.6266940236091614
ACH-000440,36314,0,0.5377914905548096
ACH-000440,36462,0,0.7342286109924316
ACH-000440,3796,0,0.13359178602695465
ACH-000440,3827738,1,0.14703504741191864
ACH-000440,387447,0,0.6045011281967163
ACH-000440,4248455,0,0.28689008951187134
ACH-000440,4261,1,0.7579180598258972
ACH-000440,42623900,0,0.2700802981853485
ACH-000440,42628507,1,0.4742318093776703
ACH-000440,42640,1,0.43156400322914124
ACH-000440,42642645,1,0.5061699151992798
ACH-000440,44137675,1,0.2971947491168976
ACH-000440,44143370,1,0.26837608218193054
ACH-000440,44182295,0,0.41154560446739197
ACH-000440,44224257,1,0.4126322865486145
ACH-000440,442972,0,0.20218300819396973
ACH-000440,44462760,1,0.19453933835029602
ACH-000440,444732,1,0.5194359421730042
ACH-000440,444795,0,0.20535005629062653
ACH-000440,44551660,1,0.6044573783874512
ACH-000440,44632017,1,0.4103165566921234
ACH-000440,446378,1,0.6077012419700623
ACH-000440,447912,0,0.27237603068351746
ACH-000440,448013,1,0.6344830989837646
ACH-000440,45258277,1,0.3596273362636566
ACH-000440,46006640,1,0.17158395051956177
ACH-000440,46191454,1,0.5510478019714355
ACH-000440,46192505,0,0.16400952637195587
ACH-000440,46224516,1,0.5616757273674011
ACH-000440,462382,0,0.5139192938804626
ACH-000440,46244454,1,0.5716592073440552
ACH-000440,46843648,1,0.500598132610321
ACH-000440,46844147,0,0.2920350134372711
ACH-000440,46883536,0,0.07914291322231293
ACH-000440,46885626,1,0.4514137804508209
ACH-000440,46893585,0,0.24768847227096558
ACH-000440,46907787,1,0.28884848952293396
ACH-000440,46926973,0,0.19023360311985016
ACH-000440,46937430,0,0.10061392933130264
ACH-000440,46943432,1,0.2524004578590393
ACH-000440,479503,1,0.6507077217102051
ACH-000440,49806720,0,0.07344374060630798
ACH-000440,49831044,1,0.5822362303733826
ACH-000440,49847690,1,0.32111433148384094
ACH-000440,49850262,1,0.1343923807144165
ACH-000440,4993,0,0.562949001789093
ACH-000440,5081913,1,0.525824785232544
ACH-000440,51039095,0,0.3328450918197632
ACH-000440,5113032,0,0.08300723135471344
ACH-000440,51358113,1,0.5824639797210693
ACH-000440,51371303,0,0.2019716054201126
ACH-000440,521106,1,0.43624091148376465
ACH-000440,5278396,0,0.11308646202087402
ACH-000440,5280757,0,0.11311756074428558
ACH-000440,5284616,0,0.2212766855955124
ACH-000440,5287969,1,0.43331611156463623
ACH-000440,5291,0,0.13009145855903625
ACH-000440,52912189,1,0.33481714129447937
ACH-000440,52913813,0,0.21166202425956726
ACH-000440,5311,1,0.5882963538169861
ACH-000440,5311497,1,0.3736775517463684
ACH-000440,5311510,0,0.2819812595844269
ACH-000440,5328940,0,0.14506946504116058
ACH-000440,5329102,0,0.3282433748245239
ACH-000440,53302361,1,0.3788408041000366
ACH-000440,5330286,0,0.4225821793079376
ACH-000440,53315878,0,0.08413027226924896
ACH-000440,53340664,1,0.34123098850250244
ACH-000440,53340666,1,0.555029034614563
ACH-000440,5351307,1,0.6432468295097351
ACH-000440,5360373,0,0.354899525642395
ACH-000440,5394,0,0.08016294986009598
ACH-000440,5460033,0,0.6195376515388489
ACH-000440,54676905,0,0.06312794238328934
ACH-000440,54685215,0,0.05681131035089493
ACH-000440,5494449,0,0.32740700244903564
ACH-000440,560326,1,0.812402069568634
ACH-000440,56599306,0,0.27659642696380615
ACH-000440,56962337,0,0.11737428605556488
ACH-000440,56965967,1,0.5371960401535034
ACH-000440,5717801,1,0.22436495125293732
ACH-000440,57339144,0,0.0699157565832138
ACH-000440,5746,1,0.7455116510391235
ACH-000440,57519544,0,0.24237355589866638
ACH-000440,58423153,0,0.1535743623971939
ACH-000440,60750,1,0.7408465147018433
ACH-000440,6253,0,0.5690229535102844
ACH-000440,637858,1,0.6596168875694275
ACH-000440,644215,0,0.5367918014526367
ACH-000440,644241,0,0.14283215999603271
ACH-000440,644243,0,0.08272968232631683
ACH-000440,6445533,1,0.544151246547699
ACH-000440,6445562,1,0.25873371958732605
ACH-000440,6450551,0,0.17609353363513947
ACH-000440,6450816,1,0.3533204197883606
ACH-000440,6473881,0,0.2085341066122055
ACH-000440,6505803,0,0.32322174310684204
ACH-000440,65110,0,0.34621110558509827
ACH-000440,66577038,0,0.10202046483755112
ACH-000440,68234129,0,0.33316224813461304
ACH-000440,68289010,0,0.10350342094898224
ACH-000440,6852167,1,0.5170145034790039
ACH-000440,6914657,1,0.32818007469177246
ACH-000440,6918289,0,0.2977789342403412
ACH-000440,6918454,0,0.34146803617477417
ACH-000440,6918638,1,0.4800107181072235
ACH-000440,6918837,1,0.553404688835144
ACH-000440,6918848,1,0.6252686977386475
ACH-000440,69923936,1,0.42581334710121155
ACH-000440,704473,0,0.1682186871767044
ACH-000440,71271629,1,0.3547907769680023
ACH-000440,71299339,0,0.11455417424440384
ACH-000440,71729975,1,0.526335597038269
ACH-000440,73265211,0,0.07919710129499435
ACH-000440,73265214,1,0.18331438302993774
ACH-000440,73707530,1,0.6360007524490356
ACH-000440,73755109,0,0.1763192117214203
ACH-000440,76044,0,0.36132365465164185
ACH-000440,76685059,1,0.3424539864063263
ACH-000440,77232197,1,0.6144698858261108
ACH-000440,78243717,0,0.08283749967813492
ACH-000440,82146,0,0.5032733678817749
ACH-000440,8249,1,0.6326068043708801
ACH-000440,90488984,0,0.07561592757701874
ACH-000440,92577,0,0.10567592084407806
ACH-000440,9549184,0,0.21293094754219055
ACH-000440,9549289,0,0.4271683990955353
ACH-000440,9549297,0,0.12313316017389297
ACH-000440,97489,0,0.11327117681503296
ACH-000440,9826308,0,0.5077410340309143
ACH-000440,9826528,0,0.591143012046814
ACH-000440,9829523,0,0.28881725668907166
ACH-000440,984170,0,0.1526818722486496
ACH-000440,9858940,1,0.4401945471763611
ACH-000440,9863776,1,0.6557093858718872
ACH-000440,9868037,0,0.29934564232826233
ACH-000440,9874913,0,0.20401985943317413
ACH-000440,9884685,1,0.21359728276729584
ACH-000440,9903786,1,0.47739851474761963
ACH-000440,9907093,0,0.2031770497560501
ACH-000440,9908783,0,0.08965333551168442
ACH-000440,9910224,0,0.0799999088048935
ACH-000440,9911830,0,0.0747871920466423
ACH-000440,9914412,0,0.4224904179573059
ACH-000440,9926054,1,0.35671359300613403
ACH-000440,9931954,0,0.11849727481603622
ACH-000440,9938202,0,0.17613010108470917
ACH-000440,9952773,1,0.2525922656059265
ACH-000440,9956119,0,0.11062983423471451
ACH-000440,9956222,1,0.22131863236427307
ACH-000470,10027278,0,0.3388800323009491
ACH-000470,10074640,0,0.24209463596343994
ACH-000470,10077147,0,0.3954331576824188
ACH-000470,10109823,0,0.3127049207687378
ACH-000470,10113978,0,0.18763919174671173
ACH-000470,10127622,1,0.3201737403869629
ACH-000470,10184653,1,0.16616258025169373
ACH-000470,10341154,0,0.08433700352907181
ACH-000470,10368812,0,0.5792278051376343
ACH-000470,10377751,1,0.6086612343788147
ACH-000470,10384072,0,0.12641075253486633
ACH-000470,10459196,0,0.08959444612264633
ACH-000470,104741,0,0.25903111696243286
ACH-000470,104842,1,0.5712765455245972
ACH-000470,107969,0,0.557125449180603
ACH-000470,11152667,1,0.4774588346481323
ACH-000470,11175137,0,0.35439005494117737
ACH-000470,11178236,0,0.40267428755760193
ACH-000470,11327430,0,0.12372355908155441
ACH-000470,11338033,0,0.42153486609458923
ACH-000470,11373846,0,0.141854390501976
ACH-000470,11455910,0,0.715168297290802
ACH-000470,11485656,0,0.17540720105171204
ACH-000470,11488320,1,0.36411190032958984
ACH-000470,11493598,0,0.1429257094860077
ACH-000470,11507964,0,0.2172415852546692
ACH-000470,11511120,0,0.43005111813545227
ACH-000470,11609586,0,0.6643373966217041
ACH-000470,11617559,0,0.11613211035728455
ACH-000470,11624601,0,0.09836466610431671
ACH-000470,11625818,1,0.15918102860450745
ACH-000470,11634725,0,0.24530887603759766
ACH-000470,11640390,0,0.25516489148139954
ACH-000470,11647372,1,0.32257071137428284
ACH-000470,11667893,0,0.12381117045879364
ACH-000470,11707110,1,0.294085830450058
ACH-000470,11713159,0,0.23043903708457947
ACH-000470,11754511,0,0.523911714553833
ACH-000470,11784504,0,0.29240697622299194
ACH-000470,117918970,0,0.3596879243850708
ACH-000470,117996541,0,0.6894063353538513
ACH-000470,11960529,0,0.12437703460454941
ACH-000470,11977753,1,0.41641488671302795
ACH-000470,1206243,0,0.37341997027397156
ACH-000470,121596701,0,0.32447558641433716
ACH-000470,123631,0,0.10656461864709854
ACH-000470,126565,0,0.5278334617614746
ACH-000470,126941,0,0.26782938838005066
ACH-000470,13342,0,0.5096087455749512
ACH-000470,135398501,0,0.3106845021247864
ACH-000470,135398516,1,0.42122024297714233
ACH-000470,135410875,0,0.22177037596702576
ACH-000470,135418940,0,0.2528465688228607
ACH-000470,135421197,0,0.32212814688682556
ACH-000470,135423438,0,0.39417439699172974
ACH-000470,135440466,0,0.21630658209323883
ACH-000470,135499520,0,0.16146261990070343
ACH-000470,135539077,0,0.3755900263786316
ACH-000470,135564599,0,0.09801187366247177
ACH-000470,135565082,0,0.3897285759449005
ACH-000470,135659062,0,0.26271432638168335
ACH-000470,135691163,0,0.4681676924228668
ACH-000470,136240579,0,0.13586029410362244
ACH-000470,1401,0,0.18497134745121002
ACH-000470,148124,0,0.6437287330627441
ACH-000470,156414,0,0.3278064727783203
ACH-000470,156422,0,0.1425614207983017
ACH-000470,159324,1,0.7523478865623474
ACH-000470,15953870,0,0.16233664751052856
ACH-000470,16095342,0,0.2045436054468155
ACH-000470,16123056,0,0.15367498993873596
ACH-000470,16218924,0,0.1823321133852005
ACH-000470,16659841,0,0.16457486152648926
ACH-000470,16681698,1,0.4101712703704834
ACH-000470,16720766,0,0.2861100137233734
ACH-000470,16722836,0,0.5025899410247803
ACH-000470,16725726,0,0.21722619235515594
ACH-000470,16732433,0,0.13919128477573395
ACH-000470,16747388,0,0.3054865002632141
ACH-000470,16747683,1,0.4962245225906372
ACH-000470,176158,0,0.10904305428266525
ACH-000470,176167,1,0.38367006182670593
ACH-000470,17755052,0,0.4668293595314026
ACH-000470,216326,0,0.06525405496358871
ACH-000470,2314623,0,0.0946129634976387
ACH-000470,23582824,1,0.6752545237541199
ACH-000470,23725625,0,0.11444509774446487
ACH-000470,2375,0,0.10808886587619781
ACH-000470,24180719,0,0.1586625874042511
ACH-000470,24737642,0,0.2967519462108612
ACH-000470,24739943,0,0.5418811440467834
ACH-000470,24756910,0,0.3699714243412018
ACH-000470,24770514,0,0.3791804909706116
ACH-000470,24771867,0,0.22783011198043823
ACH-000470,24772043,0,0.5085867047309875
ACH-000470,24772860,0,0.5237039923667908
ACH-000470,24776445,0,0.10549073666334152
ACH-000470,24785538,0,0.3734952509403229
ACH-000470,24826799,0,0.2101079523563385
ACH-000470,24889392,0,0.10250981897115707
ACH-000470,24894414,0,0.15905793011188507
ACH-000470,24951314,0,0.6506459712982178
ACH-000470,24964624,0,0.2564612030982971
ACH-000470,24978538,0,0.3525279760360718
ACH-000470,25022668,0,0.4383978545665741
ACH-000470,25102847,0,0.3122323155403137
ACH-000470,25124816,0,0.1161971241235733
ACH-000470,25126798,0,0.09358964115381241
ACH-000470,25167777,1,0.4398784041404724
ACH-000470,25195294,0,0.6660881638526917
ACH-000470,25227436,0,0.4302750527858734
ACH-000470,25254071,1,0.4571820795536041
ACH-000470,25257557,0,0.2548089027404785
ACH-000470,25260757,0,0.33791518211364746
ACH-000470,25262792,1,0.33679258823394775
ACH-000470,25262965,0,0.3521270155906677
ACH-000470,2733526,0,0.1477515548467636
ACH-000470,300471,0,0.7807751297950745
ACH-000470,3005532,0,0.11575361341238022
ACH-000470,3101542,0,0.13097675144672394
ACH-000470,31703,1,0.6318404674530029
ACH-000470,3218,0,0.559016227722168
ACH-000470,3372016,0,0.15310418605804443
ACH-000470,3385,0,0.6395671367645264
ACH-000470,3463933,1,0.5737195611000061
ACH-000470,36462,0,0.7694445252418518
ACH-000470,3796,0,0.135837584733963
ACH-000470,3827738,0,0.1514178067445755
ACH-000470,4248455,0,0.32657089829444885
ACH-000470,42623900,0,0.27147865295410156
ACH-000470,42628507,0,0.4817262291908264
ACH-000470,42640,0,0.44709959626197815
ACH-000470,42642645,0,0.4390155076980591
ACH-000470,44137675,0,0.3108264207839966
ACH-000470,44143370,0,0.23604269325733185
ACH-000470,44182295,1,0.384793221950531
ACH-000470,44224257,0,0.4057539701461792
ACH-000470,44462760,0,0.22986339032649994
ACH-000470,444732,1,0.4623541533946991
ACH-000470,444795,0,0.2538256347179413
ACH-000470,44551660,0,0.5942369699478149
ACH-000470,44632017,0,0.3620987832546234
ACH-000470,446378,0,0.6265852451324463
ACH-000470,448013,0,0.6649075746536255
ACH-000470,45258277,0,0.316409170627594
ACH-000470,46006640,0,0.16288568079471588
ACH-000470,46191454,0,0.5901294946670532
ACH-000470,46192505,0,0.17991170287132263
ACH-000470,46224516,0,0.5411837100982666
ACH-000470,46244454,0,0.5540987849235535
ACH-000470,46843648,0,0.44461339712142944
ACH-000470,46883536,0,0.08912353962659836
ACH-000470,46885626,0,0.42241165041923523
ACH-000470,46893585,0,0.2156917154788971
ACH-000470,46907787,0,0.3249346911907196
ACH-000470,46926973,0,0.2113228589296341
ACH-000470,46937430,0,0.10453152656555176
ACH-000470,46943432,0,0.26017650961875916
ACH-000470,479503,1,0.5830997824668884
ACH-000470,49806720,0,0.10610409826040268
ACH-000470,49831044,0,0.5830698609352112
ACH-000470,49847690,0,0.3198312520980835
ACH-000470,49850262,0,0.1288362443447113
ACH-000470,5081913,1,0.41976889967918396
ACH-000470,51039095,0,0.2775565981864929
ACH-000470,5113032,0,0.09512065351009369
ACH-000470,51358113,1,0.47850489616394043
ACH-000470,51371303,0,0.19051970541477203
ACH-000470,521106,0,0.38320600986480713
ACH-000470,5278396,0,0.10728532820940018
ACH-000470,5280757,0,0.14180071651935577
ACH-000470,5287969,1,0.39972907304763794
ACH-000470,52912189,0,0.4253961443901062
ACH-000470,52913813,0,0.21455182135105133
ACH-000470,5311,0,0.5522829294204712
ACH-000470,5311497,0,0.42732611298561096
ACH-000470,5328940,0,0.14808078110218048
ACH-000470,53302361,0,0.31067967414855957
ACH-000470,5330286,1,0.3646366000175476
ACH-000470,53315878,0,0.10850904881954193
ACH-000470,53340664,0,0.2808573544025421
ACH-000470,53340666,0,0.5170748829841614
ACH-000470,5351307,1,0.5637651681900024
ACH-000470,5360373,1,0.39692094922065735
ACH-000470,5394,0,0.09284155070781708
ACH-000470,5460033,0,0.5741156339645386
ACH-000470,54676905,0,0.06852584332227707
ACH-000470,54685215,0,0.07181759923696518
ACH-000470,560326,1,0.8132458925247192
ACH-000470,56599306,0,0.25730231404304504
ACH-000470,56962337,0,0.1646883189678192
ACH-000470,56965967,0,0.56242835521698
ACH-000470,57339144,0,0.0839357078075409
ACH-000470,5746,1,0.72029048204422
ACH-000470,57519544,0,0.27395111322402954
ACH-000470,58423153,0,0.16252146661281586
ACH-000470,60750,0,0.7112970352172852
ACH-000470,6253,0,0.5658730268478394
ACH-000470,637858,0,0.6192371845245361
ACH-000470,644241,0,0.12173058092594147
ACH-000470,644243,0,0.0923750251531601
ACH-000470,6445533,1,0.48292288184165955
ACH-000470,6445562,1,0.21498697996139526
ACH-000470,6450551,0,0.22305063903331757
ACH-000470,6450816,0,0.3264065086841583
ACH-000470,6505803,0,0.34897562861442566
ACH-000470,65110,0,0.3731665015220642
ACH-000470,66577038,0,0.11624967306852341
ACH-000470,68234129,0,0.33741649985313416
ACH-000470,68289010,0,0.11537403613328934
ACH-000470,6852167,0,0.428975373506546
ACH-000470,6914657,0,0.3596865236759186
ACH-000470,6918289,0,0.3247210681438446
ACH-000470,6918454,1,0.300441712141037
ACH-000470,6918638,1,0.45383313298225403
ACH-000470,6918837,1,0.5203974843025208
ACH-000470,6918848,1,0.6387238502502441
ACH-000470,69923936,0,0.35925018787384033
ACH-000470,704473,0,0.18246814608573914
ACH-000470,71271629,0,0.38561680912971497
ACH-000470,71299339,0,0.12305933237075806
ACH-000470,71729975,0,0.5409438610076904
ACH-000470,73265211,0,0.07455902546644211
ACH-000470,73265214,0,0.17372849583625793
ACH-000470,73707530,1,0.626873791217804
ACH-000470,73755109,0,0.21584969758987427
ACH-000470,76685059,0,0.4012834131717682
ACH-000470,77232197,0,0.5425606369972229
ACH-000470,78243717,0,0.09257163107395172
ACH-000470,82146,0,0.5773523449897766
ACH-000470,8249,1,0.6223040819168091
ACH-000470,90488984,0,0.07057589292526245
ACH-000470,92577,0,0.10057256370782852
ACH-000470,9549289,0,0.44863030314445496
ACH-000470,9549297,0,0.12116685509681702
ACH-000470,97489,0,0.12862718105316162
ACH-000470,9826528,1,0.4915326237678528
ACH-000470,9829523,0,0.3842466175556183
ACH-000470,984170,0,0.14974214136600494
ACH-000470,9858940,0,0.504138708114624
ACH-000470,9863776,0,0.6524513959884644
ACH-000470,9868037,0,0.27905037999153137
ACH-000470,9874913,0,0.21097421646118164
ACH-000470,9884685,0,0.20278802514076233
ACH-000470,9903786,0,0.4606722593307495
ACH-000470,9908783,0,0.11353341490030289
ACH-000470,9910224,0,0.08848147094249725
ACH-000470,9911830,0,0.09920282661914825
ACH-000470,9914412,0,0.4155307710170746
ACH-000470,9926054,0,0.36519855260849
ACH-000470,9931954,0,0.11147642135620117
ACH-000470,9938202,0,0.1916617751121521
ACH-000470,9952773,0,0.2864495813846588
ACH-000470,9956119,0,0.13031502068042755
ACH-000470,9956222,0,0.2371637225151062
ACH-000480,10027278,1,0.41358259320259094
ACH-000480,10074640,0,0.25194039940834045
ACH-000480,10077147,1,0.4111745059490204
ACH-000480,10109823,0,0.31920820474624634
ACH-000480,10113978,1,0.1996876299381256
ACH-000480,10127622,0,0.37095463275909424
ACH-000480,10184653,0,0.13947123289108276
ACH-000480,10341154,0,0.08001317083835602
ACH-000480,10368812,1,0.6280262470245361
ACH-000480,10377751,0,0.5789021253585815
ACH-000480,10384072,0,0.10322552919387817
ACH-000480,10459196,0,0.07605736702680588
ACH-000480,104741,0,0.23873218894004822
ACH-000480,104842,1,0.5619483590126038
ACH-000480,107969,1,0.477685809135437
ACH-000480,11152667,1,0.5036970973014832
ACH-000480,11175137,1,0.37183430790901184
ACH-000480,11178236,1,0.4689634442329407
ACH-000480,11282283,1,0.17183591425418854
ACH-000480,11327430,0,0.1066017746925354
ACH-000480,11338033,0,0.46323901414871216
ACH-000480,11373846,0,0.14332889020442963
ACH-000480,11455910,1,0.7159791588783264
ACH-000480,11485656,0,0.14340299367904663
ACH-000480,11488320,1,0.35065093636512756
ACH-000480,11493598,0,0.13624729216098785
ACH-000480,11507964,0,0.1731538623571396
ACH-000480,11511120,1,0.43701669573783875
ACH-000480,11609586,0,0.6233886480331421
ACH-000480,11617559,0,0.09815898537635803
ACH-000480,11624601,0,0.08950866013765335
ACH-000480,11625818,0,0.15596158802509308
ACH-000480,11634725,0,0.27278396487236023
ACH-000480,11640390,1,0.24597565829753876
ACH-000480,11647372,1,0.37816122174263
ACH-000480,11667893,0,0.10696937888860703
ACH-000480,11707110,1,0.32032284140586853
ACH-000480,11754511,1,0.541356086730957
ACH-000480,11784504,0,0.24500103294849396
ACH-000480,117918970,1,0.32271549105644226
ACH-000480,117996541,1,0.6805354356765747
ACH-000480,11960529,0,0.10635069757699966
ACH-000480,11977753,1,0.510197639465332
ACH-000480,1206243,1,0.35953643918037415
ACH-000480,121596701,1,0.3311309814453125
ACH-000480,123631,0,0.09580247104167938
ACH-000480,126565,1,0.5890682935714722
ACH-000480,126941,0,0.24028387665748596
ACH-000480,13342,1,0.5275723934173584
ACH-000480,135398501,0,0.33853206038475037
ACH-000480,135398516,1,0.4304020404815674
ACH-000480,135410875,0,0.1975356489419937
ACH-000480,135418940,0,0.27074509859085083
ACH-000480,135421197,0,0.2681537866592407
ACH-000480,135423438,1,0.4328515827655792
ACH-000480,135440466,0,0.2021554708480835
ACH-000480,135499520,0,0.16949929296970367
ACH-000480,135539077,1,0.35397765040397644
ACH-000480,135564599,0,0.09161130338907242
ACH-000480,135565082,1,0.41895851492881775
ACH-000480,135659062,0,0.23716579377651215
ACH-000480,135691163,1,0.446281373500824
ACH-000480,136240579,0,0.11820642650127411
ACH-000480,1401,1,0.17834697663784027
ACH-000480,148124,0,0.5977625250816345
ACH-000480,156414,1,0.30743566155433655
ACH-000480,156422,0,0.11934264749288559
ACH-000480,159324,1,0.7314296364784241
ACH-000480,15953870,1,0.144295334815979
ACH-000480,16095342,0,0.18281033635139465
ACH-000480,16123056,0,0.14389590919017792
ACH-000480,16218924,0,0.1619844138622284
ACH-000480,16659841,1,0.15361209213733673
ACH-000480,16681698,1,0.4325016438961029
ACH-000480,16720766,1,0.2979254424571991
ACH-000480,16722836,1,0.5333194732666016
ACH-000480,16725726,0,0.19273129105567932
ACH-000480,16732433,0,0.13701064884662628
ACH-000480,16747388,0,0.4091790020465851
ACH-000480,16747683,1,0.5288936495780945
ACH-000480,176158,0,0.08870969712734222
ACH-000480,176167,0,0.3890862762928009
ACH-000480,17755052,1,0.5149726867675781
ACH-000480,216326,0,0.05946152284741402
ACH-000480,2314623,0,0.08620669692754745
ACH-000480,23582824,1,0.7305506467819214
ACH-000480,23725625,0,0.09969937056303024
ACH-000480,2375,0,0.09797021001577377
ACH-000480,24180719,0,0.1707705557346344
ACH-000480,24737642,0,0.2912938892841339
ACH-000480,24739943,1,0.5097343921661377
ACH-000480,24756910,1,0.35575881600379944
ACH-000480,24770514,1,0.36927321553230286
ACH-000480,24771867,0,0.24394406378269196
ACH-000480,24772043,1,0.47880226373672485
ACH-000480,24772860,0,0.5723029375076294
ACH-000480,24776445,0,0.09844513237476349
ACH-000480,24785538,1,0.3942550718784332
ACH-000480,24826799,1,0.22631113231182098
ACH-000480,24889392,0,0.08517179638147354
ACH-000480,24894414,0,0.12929895520210266
ACH-000480,24951314,1,0.6090801954269409
ACH-000480,24964624,1,0.29817983508110046
ACH-000480,24978538,1,0.3791152536869049
ACH-000480,25022668,1,0.43834158778190613
ACH-000480,25102847,0,0.289049357175827
ACH-000480,25124816,0,0.1121428832411766
ACH-000480,25126798,0,0.09223617613315582
ACH-000480,25167777,1,0.5092526078224182
ACH-000480,25195294,1,0.6828218102455139
ACH-000480,25226117,1,0.16608938574790955
ACH-000480,25226483,1,0.6665377616882324
ACH-000480,25227436,1,0.5435519218444824
ACH-000480,25254071,1,0.4900897741317749
ACH-000480,25257557,0,0.2636715769767761
ACH-000480,25260757,1,0.3208947777748108
ACH-000480,25262792,1,0.3535637855529785
ACH-000480,25262965,1,0.3976002633571625
ACH-000480,2733526,0,0.1348821371793747
ACH-000480,300471,1,0.7975379824638367
ACH-000480,3005532,0,0.11940169334411621
ACH-000480,3101542,0,0.11796829104423523
ACH-000480,31703,1,0.6756284236907959
ACH-000480,3218,1,0.5237933397293091
ACH-000480,3372016,0,0.14367669820785522
ACH-000480,3385,0,0.7218016386032104
ACH-000480,3463933,1,0.6289370656013489
ACH-000480,36462,1,0.7841569185256958
ACH-000480,3796,0,0.126465305685997
ACH-000480,3827738,0,0.15256856381893158
ACH-000480,4248455,1,0.2641178071498871
ACH-000480,42623900,0,0.2934444844722748
ACH-000480,42628507,1,0.44993799924850464
ACH-000480,42628535,0,0.2894410192966461
ACH-000480,42640,0,0.45897433161735535
ACH-000480,42642645,1,0.43539339303970337
ACH-000480,44137675,0,0.24635009467601776
ACH-000480,44143370,0,0.22778955101966858
ACH-000480,44182295,1,0.41598623991012573
ACH-000480,44224257,0,0.4429362416267395
ACH-000480,44462760,1,0.2511189877986908
ACH-000480,444732,0,0.40833425521850586
ACH-000480,444795,0,0.19650399684906006
ACH-000480,44551660,0,0.5930169820785522
ACH-000480,44632017,1,0.3683284521102905
ACH-000480,446378,1,0.6253023147583008
ACH-000480,447912,0,0.3137088418006897
ACH-000480,448013,1,0.6496921181678772
ACH-000480,45258277,1,0.2987722158432007
ACH-000480,46006640,0,0.14831048250198364
ACH-000480,46191454,0,0.5605388879776001
ACH-000480,46192505,1,0.1772659868001938
ACH-000480,46224516,1,0.5225398540496826
ACH-000480,46244454,1,0.6015384793281555
ACH-000480,46843648,0,0.4295324981212616
ACH-000480,46843772,0,0.2657226026058197
ACH-000480,46883536,0,0.08659467846155167
ACH-000480,46885626,0,0.3962159752845764
ACH-000480,46907787,1,0.32581856846809387
ACH-000480,46926973,0,0.19355297088623047
ACH-000480,46937430,0,0.1053125187754631
ACH-000480,46943432,1,0.2436295598745346
ACH-000480,479503,1,0.5526381731033325
ACH-000480,49806720,0,0.08624928444623947
ACH-000480,49831044,1,0.5676006078720093
ACH-000480,49847690,0,0.3273791968822479
ACH-000480,49850262,0,0.12051209807395935
ACH-000480,5081913,1,0.49679628014564514
ACH-000480,51039095,1,0.29395776987075806
ACH-000480,5113032,0,0.08603445440530777
ACH-000480,51358113,1,0.5709497928619385
ACH-000480,51371303,0,0.19477464258670807
ACH-000480,521106,0,0.419362872838974
ACH-000480,5278396,0,0.09558527916669846
ACH-000480,5280757,0,0.1196722611784935
ACH-000480,5287969,1,0.4067109227180481
ACH-000480,52912189,0,0.4370879530906677
ACH-000480,52913813,0,0.1650279313325882
ACH-000480,5311,1,0.5441673994064331
ACH-000480,5311497,1,0.42740118503570557
ACH-000480,5328940,0,0.12298522889614105
ACH-000480,53302361,1,0.33958950638771057
ACH-000480,5330286,1,0.3973066210746765
ACH-000480,53315878,0,0.09046269953250885
ACH-000480,53340664,0,0.3159066140651703
ACH-000480,53340666,1,0.5151476263999939
ACH-000480,5360373,1,0.410448282957077
ACH-000480,5394,0,0.08835252374410629
ACH-000480,5460033,1,0.6289574503898621
ACH-000480,54676905,0,0.060176603496074677
ACH-000480,54685215,0,0.06526391208171844
ACH-000480,560326,1,0.7925769090652466
ACH-000480,56599306,1,0.31652164459228516
ACH-000480,56962337,0,0.13207808136940002
ACH-000480,56965967,0,0.5653057098388672
ACH-000480,57339144,0,0.07764263451099396
ACH-000480,57340680,1,0.3211228549480438
ACH-000480,5746,1,0.7445582151412964
ACH-000480,57519544,0,0.24201583862304688
ACH-000480,58423153,0,0.15976117551326752
ACH-000480,60750,1,0.7824004888534546
ACH-000480,6253,0,0.6122528910636902
ACH-000480,637858,1,0.5714083313941956
ACH-000480,644241,0,0.13689999282360077
ACH-000480,644243,0,0.08993213623762131
ACH-000480,6445533,1,0.4690302610397339
ACH-000480,6445562,0,0.20333564281463623
ACH-000480,6450551,0,0.20065546035766602
ACH-000480,6450816,0,0.38768690824508667
ACH-000480,6505803,0,0.3121521770954132
ACH-000480,65110,0,0.42837873101234436
ACH-000480,66577038,0,0.11211448162794113
ACH-000480,68234129,0,0.3484461307525635
ACH-000480,6852167,0,0.5121822953224182
ACH-000480,6914657,0,0.35949045419692993
ACH-000480,6918289,1,0.31644272804260254
ACH-000480,6918454,1,0.30856597423553467
ACH-000480,6918638,1,0.4535839557647705
ACH-000480,6918837,0,0.5056423544883728
ACH-000480,6918848,1,0.6193608045578003
ACH-000480,69923936,1,0.4263868033885956
ACH-000480,704473,0,0.1645991951227188
ACH-000480,71271629,0,0.38609039783477783
ACH-000480,71299339,0,0.11802597343921661
ACH-000480,71729975,1,0.49408531188964844
ACH-000480,73265211,0,0.06927017867565155
ACH-000480,73265214,0,0.17211821675300598
ACH-000480,73707530,0,0.5659806728363037
ACH-000480,73755109,0,0.17815279960632324
ACH-000480,76685059,1,0.3973509967327118
ACH-000480,77232197,1,0.6078125834465027
ACH-000480,78243717,0,0.08994056284427643
ACH-000480,82146,0,0.48263314366340637
ACH-000480,8249,1,0.6786516904830933
ACH-000480,90488984,0,0.06758353859186172
ACH-000480,92577,0,0.10264547914266586
ACH-000480,9549289,1,0.4654091000556946
ACH-000480,9549297,0,0.1032785102725029
ACH-000480,97489,0,0.11919160932302475
ACH-000480,9826528,1,0.5454332828521729
ACH-000480,9829523,0,0.4292851984500885
ACH-000480,984170,0,0.13012737035751343
ACH-000480,9858940,1,0.46305766701698303
ACH-000480,9863776,1,0.6353192925453186
ACH-000480,9868037,0,0.30764079093933105
ACH-000480,9874913,0,0.1811036467552185
ACH-000480,9884685,0,0.20211175084114075
ACH-000480,9903786,0,0.49567466974258423
ACH-000480,9908783,0,0.10060281306505203
ACH-000480,9910224,0,0.08056630194187164
ACH-000480,9911830,0,0.087193064391613
ACH-000480,9914412,0,0.3857879638671875
ACH-000480,9926054,0,0.3366602957248688
ACH-000480,9931954,0,0.10992224514484406
ACH-000480,9938202,0,0.16986654698848724
ACH-000480,9952773,0,0.27707892656326294
ACH-000480,9956119,0,0.1250067502260208
ACH-000480,9956222,0,0.19161103665828705
ACH-000482,10027278,1,0.4337933361530304
ACH-000482,10074640,0,0.2700117826461792
ACH-000482,10077147,0,0.4194507300853729
ACH-000482,10109823,1,0.3437926173210144
ACH-000482,10113978,0,0.21658000349998474
ACH-000482,10127622,0,0.36774367094039917
ACH-000482,10184653,0,0.16744723916053772
ACH-000482,10341154,0,0.08584101498126984
ACH-000482,10368812,1,0.6945476531982422
ACH-000482,10377751,1,0.6018360257148743
ACH-000482,10459196,0,0.09495749324560165
ACH-000482,104741,0,0.2849668264389038
ACH-000482,104842,1,0.6111311316490173
ACH-000482,107969,1,0.5790989995002747
ACH-000482,11152667,1,0.5126050114631653
ACH-000482,11175137,0,0.40563341975212097
ACH-000482,11178236,1,0.4576858878135681
ACH-000482,11282283,0,0.18448668718338013
ACH-000482,11327430,0,0.11553728580474854
ACH-000482,11338033,1,0.5467607975006104
ACH-000482,11373846,0,0.16813239455223083
ACH-000482,11455910,1,0.7741076350212097
ACH-000482,11485656,0,0.1574009209871292
ACH-000482,11488320,1,0.4443042278289795
ACH-000482,11493598,0,0.1430257260799408
ACH-000482,11507964,0,0.21013665199279785
ACH-000482,11511120,0,0.5052635669708252
ACH-000482,11609586,0,0.6060013771057129
ACH-000482,11617559,0,0.09622885286808014
ACH-000482,11624601,0,0.08617991954088211
ACH-000482,11625818,0,0.15931639075279236
ACH-000482,11634725,0,0.2737998068332672
ACH-000482,11640390,1,0.2830171585083008
ACH-000482,11647372,1,0.38071170449256897
ACH-000482,11667893,0,0.09565293043851852
ACH-000482,11707110,0,0.36493226885795593
ACH-000482,11713159,0,0.25412166118621826
ACH-000482,11754511,1,0.5505969524383545
ACH-000482,11784504,1,0.2952318489551544
ACH-000482,117918970,0,0.3009462058544159
ACH-000482,117996541,1,0.7380773425102234
ACH-000482,11960529,0,0.10567136108875275
ACH-000482,11977753,1,0.5420299768447876
ACH-000482,1206243,0,0.38993552327156067
ACH-000482,121596701,0,0.3701283037662506
ACH-000482,123631,0,0.1036541759967804
ACH-000482,126565,1,0.6156033873558044
ACH-000482,126941,0,0.2278280258178711
ACH-000482,13342,1,0.5644283890724182
ACH-000482,135398501,1,0.36908936500549316
ACH-000482,135398516,1,0.5118731260299683
ACH-000482,135410875,0,0.1981896609067917
ACH-000482,135418940,0,0.2615680694580078
ACH-000482,135421197,1,0.32965734601020813
ACH-000482,135423438,0,0.4850766956806183
ACH-000482,135440466,0,0.2233990877866745
ACH-000482,135499520,0,0.18012817203998566
ACH-000482,135539077,1,0.43901485204696655
ACH-000482,135564599,0,0.09147750586271286
ACH-000482,135565082,0,0.4494105279445648
ACH-000482,135659062,0,0.2697913348674774
ACH-000482,135691163,0,0.5398712158203125
ACH-000482,136240579,0,0.12150297313928604
ACH-000482,1401,0,0.19002455472946167
ACH-000482,148124,1,0.6434316635131836
ACH-000482,156414,0,0.38687384128570557
ACH-000482,156422,0,0.12350709736347198
ACH-000482,159324,1,0.7897593975067139
ACH-000482,15953870,1,0.16458892822265625
ACH-000482,16095342,0,0.21220001578330994
ACH-000482,16123056,0,0.1512933224439621
ACH-000482,16218924,0,0.1757524460554123
ACH-000482,16659841,1,0.17219574749469757
ACH-000482,16681698,1,0.5085645914077759
ACH-000482,16722836,0,0.5550760626792908
ACH-000482,16725726,0,0.21173729002475739
ACH-000482,16732433,0,0.11428260058164597
ACH-000482,16747388,0,0.39940640330314636
ACH-000482,16747683,1,0.6012253761291504
ACH-000482,176158,0,0.09723258763551712
ACH-000482,176167,1,0.42845022678375244
ACH-000482,17755052,1,0.5167034864425659
ACH-000482,216326,0,0.06127511337399483
ACH-000482,2314623,0,0.08214031159877777
ACH-000482,23582824,1,0.7546166181564331
ACH-000482,23725625,0,0.10877370089292526
ACH-000482,2375,0,0.11133365333080292
ACH-000482,24180719,0,0.15920305252075195
ACH-000482,24737642,0,0.3087567687034607
ACH-000482,24739943,0,0.5962854623794556
ACH-000482,24756910,1,0.4127635955810547
ACH-000482,24770514,0,0.4314909279346466
ACH-000482,24771867,0,0.23805463314056396
ACH-000482,24772043,0,0.5379452109336853
ACH-000482,24772860,0,0.6022637486457825
ACH-000482,24776445,0,0.0990317314863205
ACH-000482,24785538,1,0.42796364426612854
ACH-000482,24826799,0,0.23893806338310242
ACH-000482,24889392,0,0.08009303361177444
ACH-000482,24894414,0,0.14587163925170898
ACH-000482,24951314,1,0.662510871887207
ACH-000482,24964624,1,0.3143107295036316
ACH-000482,24978538,0,0.38549959659576416
ACH-000482,25022668,0,0.4968852698802948
ACH-000482,25102847,0,0.2743310034275055
ACH-000482,25124816,0,0.11688796430826187
ACH-000482,25126798,0,0.10104850679636002
ACH-000482,25167777,1,0.4985569715499878
ACH-000482,25195294,1,0.736291229724884
ACH-000482,25226117,0,0.17832183837890625
ACH-000482,25226483,0,0.7288979887962341
ACH-000482,25227436,0,0.5204328298568726
ACH-000482,25254071,1,0.5596402883529663
ACH-000482,25257557,0,0.30036601424217224
ACH-000482,25260757,1,0.42100241780281067
ACH-000482,25262792,1,0.4396265745162964
ACH-000482,25262965,1,0.4574427902698517
ACH-000482,2733526,0,0.14066986739635468
ACH-000482,300471,1,0.8202992081642151
ACH-000482,3005532,0,0.12315289676189423
ACH-000482,3101542,0,0.11372597515583038
ACH-000482,31703,1,0.7292193174362183
ACH-000482,3218,1,0.5681905150413513
ACH-000482,3372016,0,0.15371975302696228
ACH-000482,3385,0,0.6822003126144409
ACH-000482,3463933,1,0.6437700390815735
ACH-000482,36462,0,0.8016156554222107
ACH-000482,3796,0,0.15520574152469635
ACH-000482,3827738,0,0.14952194690704346
ACH-000482,4248455,0,0.301124632358551
ACH-000482,42623900,1,0.2876245379447937
ACH-000482,42628507,1,0.5804882645606995
ACH-000482,42628535,0,0.36401841044425964
ACH-000482,42640,0,0.41972818970680237
ACH-000482,42642645,1,0.4776611030101776
ACH-000482,44137675,0,0.3019272983074188
ACH-000482,44143370,0,0.27063891291618347
ACH-000482,44182295,0,0.45699313282966614
ACH-000482,44224257,1,0.48496493697166443
ACH-000482,44462760,0,0.25174716114997864
ACH-000482,444732,0,0.4699264466762543
ACH-000482,444795,0,0.2442246824502945
ACH-000482,44551660,1,0.6206741333007812
ACH-000482,44632017,1,0.3720860481262207
ACH-000482,446378,1,0.6547850370407104
ACH-000482,447912,0,0.31662583351135254
ACH-000482,448013,1,0.725073516368866
ACH-000482,45258277,0,0.2983778119087219
ACH-000482,46006640,0,0.1585221290588379
ACH-000482,46191454,1,0.6344626545906067
ACH-000482,46192505,0,0.16919249296188354
ACH-000482,46224516,1,0.6059694886207581
ACH-000482,46244454,1,0.6170129179954529
ACH-000482,46843648,0,0.5183176398277283
ACH-000482,46843772,1,0.31574490666389465
ACH-000482,46883536,0,0.08907557278871536
ACH-000482,46885626,1,0.4486564099788666
ACH-000482,46893585,0,0.2412378489971161
ACH-000482,46907787,0,0.3338066637516022
ACH-000482,46926973,0,0.18337886035442352
ACH-000482,46937430,0,0.10759755223989487
ACH-000482,46943432,0,0.2925716042518616
ACH-000482,479503,1,0.6678378582000732
ACH-000482,49806720,0,0.10074426233768463
ACH-000482,49831044,0,0.6536093950271606
ACH-000482,49847690,1,0.3661963641643524
ACH-000482,49850262,0,0.12688885629177094
ACH-000482,5081913,0,0.5244171619415283
ACH-000482,51039095,0,0.32819920778274536
ACH-000482,5113032,0,0.08529789000749588
ACH-000482,51358113,1,0.6202215552330017
ACH-000482,51371303,0,0.19209913909435272
ACH-000482,521106,1,0.43477997183799744
ACH-000482,5278396,0,0.10986315459012985
ACH-000482,5280757,0,0.13951535522937775
ACH-000482,5287969,1,0.48761066794395447
ACH-000482,52912189,1,0.49774476885795593
ACH-000482,52913813,0,0.19173182547092438
ACH-000482,5311,1,0.5988702774047852
ACH-000482,5311497,1,0.45596951246261597
ACH-000482,5328940,0,0.1537400633096695
ACH-000482,53302361,0,0.36120671033859253
ACH-000482,5330286,0,0.45369115471839905
ACH-000482,53315878,0,0.10280896723270416
ACH-000482,53340664,0,0.31946688890457153
ACH-000482,53340666,0,0.5742716789245605
ACH-000482,5351307,1,0.6325394511222839
ACH-000482,5360373,1,0.4436967968940735
ACH-000482,5394,0,0.08434849977493286
ACH-000482,5460033,0,0.6345192790031433
ACH-000482,54676905,0,0.06597340106964111
ACH-000482,54685215,0,0.06712237745523453
ACH-000482,560326,1,0.7911604642868042
ACH-000482,56599306,0,0.2952502369880676
ACH-000482,56962337,0,0.15557876229286194
ACH-000482,56965967,0,0.5719062685966492
ACH-000482,57339144,0,0.08202526718378067
ACH-000482,57340680,1,0.37641531229019165
ACH-000482,5746,1,0.7750340104103088
ACH-000482,57519544,0,0.23170199990272522
ACH-000482,58423153,1,0.17582890391349792
ACH-000482,60750,1,0.7904306650161743
ACH-000482,6253,1,0.6276764273643494
ACH-000482,637858,1,0.5702177286148071
ACH-000482,644241,0,0.15191751718521118
ACH-000482,644243,0,0.08897390961647034
ACH-000482,6445533,1,0.5408563017845154
ACH-000482,6445562,1,0.2440897524356842
ACH-000482,6450551,0,0.2196653187274933
ACH-000482,6450816,1,0.4357356131076813
ACH-000482,6505803,1,0.40239810943603516
ACH-000482,65110,0,0.4627489745616913
ACH-000482,66577038,0,0.11814852803945541
ACH-000482,68234129,0,0.3573015034198761
ACH-000482,68289010,0,0.10955548286437988
ACH-000482,6852167,0,0.4874281883239746
ACH-000482,6914657,0,0.4131622314453125
ACH-000482,6918289,1,0.38672304153442383
ACH-000482,6918454,0,0.3828716576099396
ACH-000482,6918638,1,0.44949424266815186
ACH-000482,6918837,1,0.5571357607841492
ACH-000482,6918848,0,0.701609194278717
ACH-000482,69923936,0,0.4564109146595001
ACH-000482,704473,0,0.15903691947460175
ACH-000482,71271629,1,0.37402021884918213
ACH-000482,71299339,0,0.11307188868522644
ACH-000482,71729975,0,0.5404220223426819
ACH-000482,73265211,0,0.07265842705965042
ACH-000482,73265214,0,0.19727014005184174
ACH-000482,73707530,0,0.6509579420089722
ACH-000482,73755109,1,0.19838044047355652
ACH-000482,76685059,0,0.41837242245674133
ACH-000482,77232197,1,0.6167983412742615
ACH-000482,78243717,0,0.08946932107210159
ACH-000482,82146,0,0.5156862139701843
ACH-000482,8249,1,0.6730010509490967
ACH-000482,90488984,0,0.06775957345962524
ACH-000482,92577,0,0.11448301374912262
ACH-000482,9549289,0,0.5147350430488586
ACH-000482,9549297,0,0.11730509996414185
ACH-000482,97489,0,0.13581649959087372
ACH-000482,9826528,1,0.5911587476730347
ACH-000482,9829523,0,0.46216922998428345
ACH-000482,984170,0,0.15136881172657013
ACH-000482,9858940,0,0.5141369104385376
ACH-000482,9863776,1,0.7410987019538879
ACH-000482,9868037,0,0.30136963725090027
ACH-000482,9874913,0,0.1861078143119812
ACH-000482,9884685,1,0.2159043848514557
ACH-000482,9903786,0,0.43378615379333496
ACH-000482,9908783,0,0.10617867857217789
ACH-000482,9910224,0,0.08119995146989822
ACH-000482,9911830,0,0.07689106464385986
ACH-000482,9914412,0,0.4424858093261719
ACH-000482,9926054,0,0.38825637102127075
ACH-000482,9931954,0,0.11458132416009903
ACH-000482,9938202,0,0.2031327188014984
ACH-000482,9952773,0,0.27101030945777893
ACH-000482,9956119,0,0.1246718317270279
ACH-000482,9956222,0,0.21931517124176025
ACH-000515,10027278,1,0.40093931555747986
ACH-000515,10074640,1,0.3007719814777374
ACH-000515,10109823,0,0.2713232636451721
ACH-000515,10113978,0,0.20322509109973907
ACH-000515,10172943,1,0.5072094798088074
ACH-000515,10302451,0,0.13992932438850403
ACH-000515,10377751,0,0.5958933234214783
ACH-000515,10461815,0,0.07425845414400101
ACH-000515,107969,1,0.5385805368423462
ACH-000515,11175137,1,0.3990282416343689
ACH-000515,11178236,1,0.46833673119544983
ACH-000515,11282283,0,0.19615353643894196
ACH-000515,11338033,1,0.49500954151153564
ACH-000515,11364421,1,0.46199411153793335
ACH-000515,11373846,0,0.19439847767353058
ACH-000515,11467730,0,0.2887987494468689
ACH-000515,11485656,0,0.17202210426330566
ACH-000515,11493598,0,0.1424456387758255
ACH-000515,11507964,0,0.21703681349754333
ACH-000515,11511120,1,0.48052701354026794
ACH-000515,11617559,0,0.10509815812110901
ACH-000515,11625818,0,0.15579375624656677
ACH-000515,11626560,0,0.18142667412757874
ACH-000515,11626927,0,0.08227512985467911
ACH-000515,11634725,0,0.2936607003211975
ACH-000515,11640390,1,0.24864915013313293
ACH-000515,11647372,1,0.3451574742794037
ACH-000515,11676786,0,0.15925689041614532
ACH-000515,11713159,0,0.2486475110054016
ACH-000515,11754511,1,0.5312198400497437
ACH-000515,11754711,0,0.5168513655662537
ACH-000515,11784504,0,0.2777639627456665
ACH-000515,11844351,0,0.25471076369285583
ACH-000515,135398501,0,0.3175942301750183
ACH-000515,135398516,1,0.4370381534099579
ACH-000515,135410875,0,0.21476395428180695
ACH-000515,135421197,1,0.3072144091129303
ACH-000515,135423438,1,0.45293524861335754
ACH-000515,135440466,0,0.24356119334697723
ACH-000515,135499520,0,0.14464376866817474
ACH-000515,135539077,1,0.3907543420791626
ACH-000515,135659062,0,0.28720277547836304
ACH-000515,135691163,0,0.49654749035835266
ACH-000515,156414,1,0.3473682999610901
ACH-000515,159324,1,0.7774776816368103
ACH-000515,160355,0,0.22637298703193665
ACH-000515,16038120,0,0.26047131419181824
ACH-000515,16095342,0,0.2091609686613083
ACH-000515,16123056,0,0.14838387072086334
ACH-000515,16218924,0,0.16454651951789856
ACH-000515,16663089,0,0.24250534176826477
ACH-000515,16681698,1,0.4296759366989136
ACH-000515,16722836,1,0.5218090415000916
ACH-000515,16725726,0,0.17868448793888092
ACH-000515,16732433,0,0.1370486468076706
ACH-000515,16747388,0,0.3732757568359375
ACH-000515,176167,0,0.37624678015708923
ACH-000515,176870,0,0.14353172481060028
ACH-000515,208908,0,0.12816521525382996
ACH-000515,216239,0,0.25984442234039307
ACH-000515,23582824,1,0.710330605506897
ACH-000515,2375,0,0.10005655884742737
ACH-000515,24737642,0,0.30278506875038147
ACH-000515,24739943,1,0.5806836485862732
ACH-000515,24756910,1,0.3713243901729584
ACH-000515,24770514,0,0.37616652250289917
ACH-000515,24771867,0,0.23271802067756653
ACH-000515,24772043,1,0.5121898651123047
ACH-000515,24772860,1,0.5237915515899658
ACH-000515,24785538,1,0.38703009486198425
ACH-000515,24826799,0,0.23980797827243805
ACH-000515,24889392,0,0.09137780219316483
ACH-000515,24894414,0,0.15484833717346191
ACH-000515,24951314,1,0.6651588678359985
ACH-000515,25022668,0,0.44637712836265564
ACH-000515,25102847,0,0.3217328190803528
ACH-000515,25124816,0,0.11836255341768265
ACH-000515,25126798,0,0.08524980396032333
ACH-000515,25167777,1,0.4586329758167267
ACH-000515,25195294,1,0.7349485754966736
ACH-000515,25254071,1,0.4491007924079895
ACH-000515,25257557,0,0.27783700823783875
ACH-000515,25260757,1,0.3374093770980835
ACH-000515,3005532,0,0.1281706839799881
ACH-000515,3062316,0,0.2893834710121155
ACH-000515,3101542,0,0.11842997372150421
ACH-000515,31703,0,0.6291387677192688
ACH-000515,3218,0,0.5283071994781494
ACH-000515,3385,1,0.7399876713752747
ACH-000515,3463933,0,0.6163966059684753
ACH-000515,36314,0,0.6006736755371094
ACH-000515,36462,0,0.7294318079948425
ACH-000515,3796,0,0.1321289837360382
ACH-000515,3827738,0,0.14908525347709656
ACH-000515,387447,1,0.6117116808891296
ACH-000515,4248455,0,0.2888282835483551
ACH-000515,4261,1,0.7594606876373291
ACH-000515,42623900,0,0.27236977219581604
ACH-000515,42628507,1,0.49805423617362976
ACH-000515,42640,1,0.41798800230026245
ACH-000515,42642645,1,0.47908031940460205
ACH-000515,44137675,0,0.3177978992462158
ACH-000515,44143370,1,0.22370855510234833
ACH-000515,44224257,1,0.38001784682273865
ACH-000515,442972,0,0.2366488128900528
ACH-000515,444732,1,0.524975597858429
ACH-000515,44551660,1,0.5890680551528931
ACH-000515,446378,1,0.6141703724861145
ACH-000515,447912,0,0.28289175033569336
ACH-000515,448013,1,0.6746581196784973
ACH-000515,45258277,1,0.3528319001197815
ACH-000515,46006640,0,0.175338014960289
ACH-000515,46191454,1,0.5550453066825867
ACH-000515,46192505,0,0.180979385972023
ACH-000515,46224516,1,0.5508464574813843
ACH-000515,462382,1,0.5789202451705933
ACH-000515,46843648,1,0.4980177581310272
ACH-000515,46844147,0,0.2861959934234619
ACH-000515,46883536,0,0.08656491339206696
ACH-000515,46885626,1,0.43823713064193726
ACH-000515,46907787,0,0.2912372648715973
ACH-000515,46926973,0,0.21184276044368744
ACH-000515,46937430,0,0.10535319149494171
ACH-000515,46943432,1,0.2626296877861023
ACH-000515,479503,1,0.6470733284950256
ACH-000515,49806720,0,0.09071715176105499
ACH-000515,49850262,1,0.14205695688724518
ACH-000515,4993,0,0.5504940748214722
ACH-000515,5081913,1,0.5029665231704712
ACH-000515,5113032,0,0.09378279000520706
ACH-000515,51358113,1,0.5326332449913025
ACH-000515,521106,1,0.42453765869140625
ACH-000515,5280757,0,0.13269293308258057
ACH-000515,5284616,0,0.24947790801525116
ACH-000515,5287969,1,0.4321106970310211
ACH-000515,5291,0,0.14625220000743866
ACH-000515,5311497,1,0.41466212272644043
ACH-000515,5311510,0,0.29197847843170166
ACH-000515,5329102,0,0.3229528069496155
ACH-000515,53302361,0,0.3525330424308777
ACH-000515,53340664,0,0.30496910214424133
ACH-000515,53340666,1,0.5558646321296692
ACH-000515,5351307,1,0.6228970289230347
ACH-000515,5360373,1,0.38436952233314514
ACH-000515,54676905,0,0.06604508310556412
ACH-000515,5494449,0,0.3296874761581421
ACH-000515,560326,1,0.8232552409172058
ACH-000515,56599306,0,0.25923973321914673
ACH-000515,56965967,0,0.5833574533462524
ACH-000515,5717801,0,0.23092128336429596
ACH-000515,5746,1,0.7441427111625671
ACH-000515,57519544,0,0.27837419509887695
ACH-000515,60750,1,0.6967228055000305
ACH-000515,644215,1,0.4839552938938141
ACH-000515,644243,0,0.09199882298707962
ACH-000515,6445533,1,0.5446401834487915
ACH-000515,6445562,1,0.22541645169258118
ACH-000515,6450816,1,0.3433874249458313
ACH-000515,6473881,0,0.21987994015216827
ACH-000515,66577038,0,0.11856666952371597
ACH-000515,68234129,0,0.38085538148880005
ACH-000515,6852167,1,0.4929957091808319
ACH-000515,6918638,1,0.5135371685028076
ACH-000515,6918837,1,0.5674189925193787
ACH-000515,6918848,1,0.6438611149787903
ACH-000515,69923936,1,0.4074767529964447
ACH-000515,704473,0,0.18723143637180328
ACH-000515,71299339,0,0.11923416703939438
ACH-000515,73265211,0,0.08491546660661697
ACH-000515,73265214,1,0.1799800544977188
ACH-000515,73707530,1,0.6433590650558472
ACH-000515,76044,1,0.3653903901576996
ACH-000515,77232197,1,0.5860273838043213
ACH-000515,82146,0,0.5541017055511475
ACH-000515,8249,1,0.6585603952407837
ACH-000515,92577,0,0.1119966208934784
ACH-000515,9549184,0,0.2250298261642456
ACH-000515,9549289,0,0.40344542264938354
ACH-000515,9549297,0,0.13819997012615204
ACH-000515,97489,0,0.12219325453042984
ACH-000515,9826308,1,0.47462770342826843
ACH-000515,9829523,0,0.3409653306007385
ACH-000515,9858940,1,0.45886698365211487
ACH-000515,9868037,0,0.29780569672584534
ACH-000515,9874913,0,0.21771842241287231
ACH-000515,9884685,1,0.21422596275806427
ACH-000515,9903786,0,0.5036092400550842
ACH-000515,9907093,0,0.24030762910842896
ACH-000515,9908783,0,0.10249771177768707
ACH-000515,9910224,0,0.09285999834537506
ACH-000515,9911830,0,0.08516689389944077
ACH-000515,9926054,0,0.3572549521923065
ACH-000515,9952773,0,0.263001412153244
ACH-000515,9956119,0,0.11376607418060303
ACH-000515,9956222,0,0.23599392175674438
ACH-000525,10027278,1,0.36741697788238525
ACH-000525,10074640,0,0.2209387570619583
ACH-000525,10109823,0,0.3412382900714874
ACH-000525,10113978,0,0.20435675978660583
ACH-000525,10172943,0,0.4994930326938629
ACH-000525,10302451,0,0.1255376636981964
ACH-000525,10377751,0,0.6387631893157959
ACH-000525,10461815,0,0.06688912212848663
ACH-000525,107969,1,0.5637463927268982
ACH-000525,11175137,1,0.4098157584667206
ACH-000525,11178236,1,0.35624125599861145
ACH-000525,11282283,0,0.18391315639019012
ACH-000525,11338033,1,0.4739804267883301
ACH-000525,11364421,0,0.3878905773162842
ACH-000525,11373846,0,0.13904862105846405
ACH-000525,11467730,0,0.30858689546585083
ACH-000525,11485656,0,0.18147587776184082
ACH-000525,11493598,0,0.1539900004863739
ACH-000525,11507964,0,0.20332513749599457
ACH-000525,11511120,1,0.46855443716049194
ACH-000525,11617559,0,0.11179675906896591
ACH-000525,11625818,0,0.16899171471595764
ACH-000525,11626560,0,0.207628533244133
ACH-000525,11626927,0,0.1011553481221199
ACH-000525,11634725,0,0.3060595691204071
ACH-000525,11640390,1,0.2588147819042206
ACH-000525,11647372,1,0.3389604985713959
ACH-000525,11676786,0,0.1744062304496765
ACH-000525,11713159,0,0.24024726450443268
ACH-000525,11754511,1,0.5630063414573669
ACH-000525,11754711,1,0.529323399066925
ACH-000525,11784504,1,0.2803145945072174
ACH-000525,11844351,0,0.21800093352794647
ACH-000525,135398501,0,0.32864823937416077
ACH-000525,135398516,1,0.4475138187408447
ACH-000525,135410875,0,0.2445061206817627
ACH-000525,135421197,0,0.3619840443134308
ACH-000525,135423438,1,0.4313163459300995
ACH-000525,135440466,0,0.23724131286144257
ACH-000525,135499520,0,0.16759933531284332
ACH-000525,135539077,1,0.4120258092880249
ACH-000525,135659062,0,0.2786133289337158
ACH-000525,135691163,1,0.47877874970436096
ACH-000525,156414,1,0.3691670596599579
ACH-000525,159324,1,0.8385236859321594
ACH-000525,160355,0,0.24709556996822357
ACH-000525,16038120,0,0.23774603009223938
ACH-000525,16095342,1,0.19546827673912048
ACH-000525,16123056,0,0.15519802272319794
ACH-000525,16218924,0,0.20803964138031006
ACH-000525,16663089,1,0.23548386991024017
ACH-000525,16681698,1,0.4955630600452423
ACH-000525,16722836,1,0.5168464183807373
ACH-000525,16725726,1,0.19977004826068878
ACH-000525,16732433,0,0.13217732310295105
ACH-000525,16747388,0,0.2921217381954193
ACH-000525,176167,0,0.35355979204177856
ACH-000525,176870,0,0.1636091023683548
ACH-000525,208908,0,0.12362933158874512
ACH-000525,216239,1,0.2554622292518616
ACH-000525,23582824,1,0.7755071520805359
ACH-000525,2375,0,0.09972067177295685
ACH-000525,24737642,0,0.3174556791782379
ACH-000525,24739943,1,0.6449441313743591
ACH-000525,24756910,1,0.3893432021141052
ACH-000525,24770514,1,0.3876645863056183
ACH-000525,24771867,1,0.2683407664299011
ACH-000525,24772043,1,0.5212163329124451
ACH-000525,24772860,1,0.5100995302200317
ACH-000525,24785538,1,0.4256911277770996
ACH-000525,24826799,0,0.202509805560112
ACH-000525,24889392,0,0.08702633529901505
ACH-000525,24894414,0,0.15931549668312073
ACH-000525,25022668,0,0.4664575159549713
ACH-000525,25102847,0,0.28621432185173035
ACH-000525,25124816,0,0.10434342920780182
ACH-000525,25126798,0,0.10718188434839249
ACH-000525,25167777,1,0.5239381194114685
ACH-000525,25195294,0,0.7373835444450378
ACH-000525,25254071,1,0.4758818745613098
ACH-000525,25257557,0,0.25924673676490784
ACH-000525,25260757,1,0.3655923008918762
ACH-000525,3005532,0,0.11855755001306534
ACH-000525,3062316,0,0.23614074289798737
ACH-000525,3101542,0,0.12746195495128632
ACH-000525,31703,1,0.6570681929588318
ACH-000525,3218,0,0.5919418334960938
ACH-000525,3385,0,0.6564741730690002
ACH-000525,3463933,0,0.6084199547767639
ACH-000525,36314,0,0.5730668306350708
ACH-000525,36462,0,0.752701997756958
ACH-000525,3796,0,0.15118902921676636
ACH-000525,3827738,0,0.1364082247018814
ACH-000525,387447,0,0.6961255669593811
ACH-000525,4248455,0,0.31967875361442566
ACH-000525,4261,1,0.8140047788619995
ACH-000525,42623900,0,0.30140388011932373
ACH-000525,42628507,1,0.5400685667991638
ACH-000525,42640,1,0.3868088722229004
ACH-000525,42642645,1,0.4172031879425049
ACH-000525,44137675,0,0.31665265560150146
ACH-000525,44143370,0,0.26441657543182373
ACH-000525,44224257,1,0.403449684381485
ACH-000525,442972,0,0.2285287082195282
ACH-000525,444732,1,0.5499064326286316
ACH-000525,44551660,1,0.6629394888877869
ACH-000525,446378,1,0.6231584548950195
ACH-000525,447912,0,0.26422104239463806
ACH-000525,448013,1,0.6469481587409973
ACH-000525,45258277,1,0.3555135428905487
ACH-000525,46006640,0,0.15749850869178772
ACH-000525,46191454,1,0.5772044658660889
ACH-000525,46192505,0,0.1897221803665161
ACH-000525,46224516,1,0.5707990527153015
ACH-000525,462382,0,0.5998048782348633
ACH-000525,46843648,0,0.43410399556159973
ACH-000525,46844147,1,0.23842841386795044
ACH-000525,46883536,0,0.08106477558612823
ACH-000525,46885626,1,0.4346621036529541
ACH-000525,46907787,0,0.33020827174186707
ACH-000525,46926973,0,0.21344377100467682
ACH-000525,46937430,0,0.10774388909339905
ACH-000525,46943432,0,0.25916069746017456
ACH-000525,479503,1,0.6574783325195312
ACH-000525,49806720,0,0.09281516075134277
ACH-000525,49850262,0,0.13762593269348145
ACH-000525,4993,1,0.616935133934021
ACH-000525,5081913,1,0.44826364517211914
ACH-000525,5113032,0,0.08969723433256149
ACH-000525,51358113,1,0.5552510619163513
ACH-000525,521106,0,0.43625393509864807
ACH-000525,5280757,0,0.1380634605884552
ACH-000525,5284616,0,0.24899902939796448
ACH-000525,5287969,1,0.41408392786979675
ACH-000525,5291,0,0.10450583696365356
ACH-000525,5311497,1,0.3886447250843048
ACH-000525,5311510,0,0.24076196551322937
ACH-000525,5329102,0,0.2736241817474365
ACH-000525,53302361,0,0.31233301758766174
ACH-000525,53340664,0,0.27807125449180603
ACH-000525,53340666,1,0.5656111836433411
ACH-000525,5351307,1,0.6626217365264893
ACH-000525,5360373,0,0.40339961647987366
ACH-000525,54676905,0,0.0670069009065628
ACH-000525,5494449,1,0.2689875364303589
ACH-000525,560326,1,0.7916879653930664
ACH-000525,56599306,1,0.29539889097213745
ACH-000525,56965967,0,0.5774678587913513
ACH-000525,5717801,0,0.22149153053760529
ACH-000525,5746,1,0.738154411315918
ACH-000525,57519544,0,0.2619338929653168
ACH-000525,60750,1,0.747611403465271
ACH-000525,644215,1,0.5165305733680725
ACH-000525,644243,0,0.09030142426490784
ACH-000525,6445533,1,0.5613645315170288
ACH-000525,6445562,1,0.22847573459148407
ACH-000525,6450816,1,0.36693042516708374
ACH-000525,6473881,0,0.19297032058238983
ACH-000525,66577038,0,0.11499792337417603
ACH-000525,68234129,1,0.3286782205104828
ACH-000525,6852167,1,0.4156292974948883
ACH-000525,6918638,1,0.5141640305519104
ACH-000525,6918837,1,0.6169040203094482
ACH-000525,6918848,1,0.7397602200508118
ACH-000525,69923936,1,0.3891363739967346
ACH-000525,704473,0,0.18951039016246796
ACH-000525,71299339,0,0.1244242936372757
ACH-000525,73265211,0,0.07237009704113007
ACH-000525,73265214,1,0.17800481617450714
ACH-000525,73707530,1,0.7346514463424683
ACH-000525,76044,0,0.3779909610748291
ACH-000525,77232197,1,0.5584322810173035
ACH-000525,82146,0,0.5812300443649292
ACH-000525,8249,1,0.6386419534683228
ACH-000525,92577,0,0.1119428277015686
ACH-000525,9549184,0,0.2025364637374878
ACH-000525,9549289,0,0.6086472868919373
ACH-000525,9549297,1,0.11359803378582001
ACH-000525,97489,0,0.15093539655208588
ACH-000525,9826308,0,0.4379359185695648
ACH-000525,9829523,0,0.33646219968795776
ACH-000525,9858940,0,0.5312539935112
ACH-000525,9868037,0,0.28802624344825745
ACH-000525,9874913,0,0.22134464979171753
ACH-000525,9884685,1,0.21543344855308533
ACH-000525,9903786,1,0.4622611105442047
ACH-000525,9907093,0,0.23088158667087555
ACH-000525,9908783,0,0.11928685754537582
ACH-000525,9910224,0,0.08415680378675461
ACH-000525,9911830,0,0.09128230810165405
ACH-000525,9926054,1,0.3568562865257263
ACH-000525,9952773,0,0.34479889273643494
ACH-000525,9956119,0,0.14399103820323944
ACH-000525,9956222,0,0.22601400315761566
ACH-000527,10027278,0,0.42419806122779846
ACH-000527,10074640,0,0.26454973220825195
ACH-000527,10077147,0,0.41805553436279297
ACH-000527,10109823,0,0.3288748264312744
ACH-000527,10113978,0,0.2095852941274643
ACH-000527,10127622,0,0.36144277453422546
ACH-000527,10184653,1,0.1843113750219345
ACH-000527,10341154,0,0.08542139828205109
ACH-000527,10368812,1,0.6589941382408142
ACH-000527,10377751,1,0.6132316589355469
ACH-000527,10459196,0,0.08628277480602264
ACH-000527,104741,0,0.2648461163043976
ACH-000527,104842,1,0.6252911686897278
ACH-000527,107969,1,0.5857136845588684
ACH-000527,11152667,1,0.5470782518386841
ACH-000527,11175137,0,0.41305506229400635
ACH-000527,11178236,1,0.4815082252025604
ACH-000527,11282283,0,0.2001166194677353
ACH-000527,11327430,0,0.1289542317390442
ACH-000527,11338033,1,0.5189692974090576
ACH-000527,11373846,0,0.18403427302837372
ACH-000527,11455910,1,0.766222357749939
ACH-000527,11485656,0,0.15742699801921844
ACH-000527,11488320,1,0.42045268416404724
ACH-000527,11493598,0,0.1295645534992218
ACH-000527,11507964,0,0.21724526584148407
ACH-000527,11511120,1,0.5161293745040894
ACH-000527,11609586,0,0.6138754487037659
ACH-000527,11617559,0,0.09739650785923004
ACH-000527,11624601,0,0.08679098635911942
ACH-000527,11625818,0,0.15359443426132202
ACH-000527,11634725,0,0.31033656001091003
ACH-000527,11640390,0,0.2514507472515106
ACH-000527,11647372,1,0.3741298019886017
ACH-000527,11667893,0,0.10324111580848694
ACH-000527,11707110,1,0.3528697192668915
ACH-000527,11713159,0,0.2783060371875763
ACH-000527,11754511,0,0.5800846815109253
ACH-000527,11784504,0,0.2863443195819855
ACH-000527,117918970,0,0.3463818430900574
ACH-000527,117996541,1,0.7260259985923767
ACH-000527,11960529,0,0.10341887921094894
ACH-000527,11977753,1,0.5118680596351624
ACH-000527,1206243,0,0.403996080160141
ACH-000527,121596701,1,0.3935941755771637
ACH-000527,123631,0,0.11117956042289734
ACH-000527,126565,1,0.5535591244697571
ACH-000527,126941,0,0.26784440875053406
ACH-000527,13342,1,0.5196413397789001
ACH-000527,135398501,1,0.32530805468559265
ACH-000527,135398516,1,0.4671667516231537
ACH-000527,135410875,0,0.21885502338409424
ACH-000527,135418940,0,0.2659870386123657
ACH-000527,135421197,0,0.32978397607803345
ACH-000527,135423438,0,0.4475000202655792
ACH-000527,135440466,0,0.25263527035713196
ACH-000527,135499520,0,0.16901814937591553
ACH-000527,135539077,1,0.44759830832481384
ACH-000527,135564599,0,0.09326192736625671
ACH-000527,135565082,0,0.4852672815322876
ACH-000527,135659062,0,0.26480671763420105
ACH-000527,135691163,0,0.5250520706176758
ACH-000527,136240579,0,0.12979866564273834
ACH-000527,1401,0,0.19096194207668304
ACH-000527,148124,1,0.628713071346283
ACH-000527,156414,1,0.38912805914878845
ACH-000527,156422,0,0.1313123255968094
ACH-000527,159324,1,0.7886490821838379
ACH-000527,15953870,0,0.17747198045253754
ACH-000527,16095342,0,0.23440881073474884
ACH-000527,16123056,0,0.14418062567710876
ACH-000527,16218924,0,0.16746698319911957
ACH-000527,16659841,0,0.18774628639221191
ACH-000527,16681698,1,0.508833110332489
ACH-000527,16720766,0,0.30720481276512146
ACH-000527,16722836,1,0.5727037191390991
ACH-000527,16725726,1,0.21269245445728302
ACH-000527,16732433,0,0.1269538849592209
ACH-000527,16747388,0,0.3889043629169464
ACH-000527,16747683,1,0.5948033332824707
ACH-000527,176158,0,0.09683724492788315
ACH-000527,176167,0,0.3806556165218353
ACH-000527,17755052,1,0.5495468378067017
ACH-000527,216326,0,0.059420131146907806
ACH-000527,2314623,0,0.08845598995685577
ACH-000527,23582824,1,0.7382867932319641
ACH-000527,23725625,0,0.11493851244449615
ACH-000527,2375,0,0.09932709485292435
ACH-000527,24180719,0,0.18928909301757812
ACH-000527,24737642,0,0.33886703848838806
ACH-000527,24739943,1,0.6003400683403015
ACH-000527,24756910,1,0.41098636388778687
ACH-000527,24770514,0,0.4145263135433197
ACH-000527,24771867,1,0.2588840425014496
ACH-000527,24772043,1,0.5551143288612366
ACH-000527,24772860,0,0.5852163434028625
ACH-000527,24776445,0,0.1019740030169487
ACH-000527,24785538,0,0.43697383999824524
ACH-000527,24826799,0,0.25442010164260864
ACH-000527,24889392,0,0.08755633980035782
ACH-000527,24894414,0,0.16783924400806427
ACH-000527,24951314,1,0.6973165273666382
ACH-000527,24964624,1,0.30660414695739746
ACH-000527,24978538,1,0.40188366174697876
ACH-000527,25022668,0,0.4792248606681824
ACH-000527,25102847,0,0.2960265278816223
ACH-000527,25124816,0,0.10905247926712036
ACH-000527,25126798,0,0.09636815637350082
ACH-000527,25167777,1,0.5118996500968933
ACH-000527,25195294,1,0.7520390152931213
ACH-000527,25226117,0,0.19196990132331848
ACH-000527,25226483,1,0.7449455261230469
ACH-000527,25227436,1,0.5272510051727295
ACH-000527,25254071,1,0.5206748247146606
ACH-000527,25257557,0,0.29224154353141785
ACH-000527,25260757,1,0.39052724838256836
ACH-000527,25262792,1,0.4302237629890442
ACH-000527,25262965,1,0.4217097759246826
ACH-000527,2733526,0,0.1494157612323761
ACH-000527,300471,1,0.7912459969520569
ACH-000527,3005532,0,0.12206713855266571
ACH-000527,3101542,0,0.10861162096261978
ACH-000527,31703,1,0.6854508519172668
ACH-000527,3218,0,0.5710630416870117
ACH-000527,3372016,0,0.14123563468456268
ACH-000527,3385,1,0.719002902507782
ACH-000527,3463933,1,0.6503472328186035
ACH-000527,36462,0,0.767468273639679
ACH-000527,3796,0,0.14456835389137268
ACH-000527,3827738,0,0.14390036463737488
ACH-000527,4248455,0,0.3137562870979309
ACH-000527,42623900,0,0.2884352207183838
ACH-000527,42628507,1,0.5535105466842651
ACH-000527,42628535,0,0.3538241982460022
ACH-000527,42640,0,0.4606589078903198
ACH-000527,42642645,1,0.4996063709259033
ACH-000527,44137675,0,0.32361313700675964
ACH-000527,44143370,0,0.2756003737449646
ACH-000527,44182295,1,0.44673046469688416
ACH-000527,44224257,0,0.41927123069763184
ACH-000527,44462760,0,0.25973692536354065
ACH-000527,444732,1,0.5317524671554565
ACH-000527,444795,0,0.2627907991409302
ACH-000527,44551660,1,0.5903737545013428
ACH-000527,44632017,0,0.411606103181839
ACH-000527,446378,1,0.672012984752655
ACH-000527,447912,0,0.3060925006866455
ACH-000527,448013,1,0.697422444820404
ACH-000527,45258277,0,0.3659578263759613
ACH-000527,46006640,0,0.17114166915416718
ACH-000527,46191454,1,0.5975170135498047
ACH-000527,46192505,0,0.16845491528511047
ACH-000527,46224516,1,0.5914934873580933
ACH-000527,46244454,1,0.6515530943870544
ACH-000527,46843648,0,0.5108379125595093
ACH-000527,46843772,0,0.28947901725769043
ACH-000527,46883536,0,0.08365482836961746
ACH-000527,46885626,1,0.4417954981327057
ACH-000527,46893585,0,0.23626138269901276
ACH-000527,46907787,1,0.35259199142456055
ACH-000527,46926973,0,0.1853933483362198
ACH-000527,46937430,0,0.10310348123311996
ACH-000527,46943432,0,0.27108222246170044
ACH-000527,479503,1,0.6809020042419434
ACH-000527,49806720,0,0.09400799125432968
ACH-000527,49831044,1,0.6627475023269653
ACH-000527,49847690,0,0.35282766819000244
ACH-000527,49850262,1,0.133270263671875
ACH-000527,5081913,1,0.5290549397468567
ACH-000527,51039095,0,0.3079985976219177
ACH-000527,5113032,0,0.08671428263187408
ACH-000527,51358113,1,0.6076266169548035
ACH-000527,51371303,0,0.19446048140525818
ACH-000527,521106,0,0.43854963779449463
ACH-000527,5278396,0,0.1223306804895401
ACH-000527,5280757,0,0.14185106754302979
ACH-000527,5287969,1,0.45746785402297974
ACH-000527,52912189,1,0.41544264554977417
ACH-000527,52913813,0,0.21378837525844574
ACH-000527,5311,1,0.5910719037055969
ACH-000527,5311497,1,0.4436156153678894
ACH-000527,5328940,1,0.15233473479747772
ACH-000527,53302361,0,0.3714175522327423
ACH-000527,5330286,0,0.426867812871933
ACH-000527,53315878,0,0.0978001207113266
ACH-000527,53340664,0,0.324588805437088
ACH-000527,53340666,1,0.5791960954666138
ACH-000527,5360373,1,0.4381864368915558
ACH-000527,5394,0,0.08180158585309982
ACH-000527,5460033,0,0.6177157163619995
ACH-000527,54676905,0,0.0664624273777008
ACH-000527,54685215,0,0.06158246845006943
ACH-000527,560326,1,0.8077982068061829
ACH-000527,56599306,0,0.3179038166999817
ACH-000527,56962337,0,0.15454745292663574
ACH-000527,56965967,0,0.5799598693847656
ACH-000527,57339144,0,0.07875083386898041
ACH-000527,57340680,0,0.3795855641365051
ACH-000527,5746,1,0.7755606174468994
ACH-000527,57519544,0,0.23963217437267303
ACH-000527,58423153,0,0.15885654091835022
ACH-000527,60750,1,0.7588761448860168
ACH-000527,6253,0,0.5977147817611694
ACH-000527,637858,1,0.6528265476226807
ACH-000527,644241,0,0.14817136526107788
ACH-000527,644243,0,0.08623393625020981
ACH-000527,6445533,1,0.5637409687042236
ACH-000527,6445562,1,0.26165303587913513
ACH-000527,6450551,0,0.20532123744487762
ACH-000527,6450816,0,0.4012959897518158
ACH-000527,6505803,0,0.40289199352264404
ACH-000527,65110,0,0.4334656596183777
ACH-000527,66577038,0,0.11494739353656769
ACH-000527,68234129,0,0.3723584711551666
ACH-000527,68289010,0,0.10210945457220078
ACH-000527,6852167,1,0.5200898051261902
ACH-000527,6914657,1,0.39080071449279785
ACH-000527,6918289,1,0.3675794303417206
ACH-000527,6918454,1,0.38328537344932556
ACH-000527,6918638,1,0.49810582399368286
ACH-000527,6918837,1,0.5950888991355896
ACH-000527,6918848,1,0.6897945404052734
ACH-000527,69923936,1,0.44230738282203674
ACH-000527,704473,0,0.16105081140995026
ACH-000527,71271629,0,0.3729042112827301
ACH-000527,71299339,0,0.12019505351781845
ACH-000527,71729975,0,0.5354142189025879
ACH-000527,73265211,0,0.08018335700035095
ACH-000527,73265214,0,0.18257181346416473
ACH-000527,73707530,1,0.6617399454116821
ACH-000527,73755109,0,0.19404226541519165
ACH-000527,76685059,1,0.3915089964866638
ACH-000527,77232197,1,0.6278412342071533
ACH-000527,78243717,0,0.09077128022909164
ACH-000527,82146,0,0.5486046075820923
ACH-000527,8249,1,0.6642947793006897
ACH-000527,90488984,0,0.07393021136522293
ACH-000527,92577,0,0.1142345443367958
ACH-000527,9549289,1,0.4919700026512146
ACH-000527,9549297,0,0.13967926800251007
ACH-000527,97489,0,0.1192626804113388
ACH-000527,9826528,1,0.578212559223175
ACH-000527,9829523,0,0.37507596611976624
ACH-000527,984170,0,0.16554199159145355
ACH-000527,9858940,1,0.5335143208503723
ACH-000527,9863776,1,0.6930832266807556
ACH-000527,9868037,0,0.3269801139831543
ACH-000527,9874913,0,0.2018931657075882
ACH-000527,9884685,1,0.23011130094528198
ACH-000527,9903786,0,0.4968739151954651
ACH-000527,9908783,0,0.09793592244386673
ACH-000527,9910224,0,0.08253117650747299
ACH-000527,9911830,0,0.08086279779672623
ACH-000527,9914412,1,0.4311882257461548
ACH-000527,9926054,0,0.3748997449874878
ACH-000527,9931954,0,0.12164810299873352
ACH-000527,9938202,0,0.1883068084716797
ACH-000527,9952773,0,0.26981228590011597
ACH-000527,9956119,0,0.12661805748939514
ACH-000527,9956222,0,0.24046935141086578
ACH-000528,10027278,1,0.43170106410980225
ACH-000528,10074640,1,0.26587656140327454
ACH-000528,10077147,0,0.4294465482234955
ACH-000528,10109823,1,0.324081152677536
ACH-000528,10113978,0,0.23224717378616333
ACH-000528,10127622,0,0.35369187593460083
ACH-000528,10184653,0,0.17072421312332153
ACH-000528,10341154,0,0.08790407329797745
ACH-000528,10368812,1,0.694940447807312
ACH-000528,10377751,1,0.6084349155426025
ACH-000528,10384072,0,0.12202683836221695
ACH-000528,10459196,0,0.08350636810064316
ACH-000528,104741,0,0.26493769884109497
ACH-000528,104842,1,0.6497387290000916
ACH-000528,107969,0,0.5620166063308716
ACH-000528,11152667,1,0.542220950126648
ACH-000528,11175137,0,0.42446765303611755
ACH-000528,11178236,1,0.45203232765197754
ACH-000528,11282283,1,0.18092228472232819
ACH-000528,11327430,0,0.11692348122596741
ACH-000528,11338033,1,0.5449113845825195
ACH-000528,11373846,0,0.17700332403182983
ACH-000528,11455910,1,0.7829742431640625
ACH-000528,11485656,0,0.16344575583934784
ACH-000528,11493598,0,0.14564913511276245
ACH-000528,11507964,0,0.20170268416404724
ACH-000528,11511120,1,0.5149202942848206
ACH-000528,11609586,0,0.6471617221832275
ACH-000528,11617559,0,0.0942470133304596
ACH-000528,11624601,0,0.08403097838163376
ACH-000528,11625818,0,0.15876926481723785
ACH-000528,11634725,0,0.30421531200408936
ACH-000528,11640390,1,0.27825912833213806
ACH-000528,11647372,1,0.3769637644290924
ACH-000528,11707110,1,0.35638582706451416
ACH-000528,11754511,1,0.5871198773384094
ACH-000528,11784504,1,0.2819359004497528
ACH-000528,117918970,0,0.32137981057167053
ACH-000528,117996541,1,0.7465605735778809
ACH-000528,11960529,0,0.10270203649997711
ACH-000528,11977753,1,0.5194034576416016
ACH-000528,1206243,0,0.42347508668899536
ACH-000528,121596701,0,0.37657827138900757
ACH-000528,123631,0,0.1023096963763237
ACH-000528,126565,0,0.5887404680252075
ACH-000528,126941,0,0.2880469858646393
ACH-000528,13342,1,0.5341277122497559
ACH-000528,135398501,0,0.3479771316051483
ACH-000528,135398516,1,0.487871378660202
ACH-000528,135410875,0,0.22763751447200775
ACH-000528,135418940,0,0.2502431869506836
ACH-000528,135421197,0,0.3338330090045929
ACH-000528,135423438,0,0.4744463562965393
ACH-000528,135440466,1,0.24571028351783752
ACH-000528,135499520,0,0.1584378033876419
ACH-000528,135539077,1,0.4383383095264435
ACH-000528,135564599,0,0.09066633135080338
ACH-000528,135565082,1,0.4797581732273102
ACH-000528,135659062,0,0.27281221747398376
ACH-000528,135691163,1,0.5146900415420532
ACH-000528,136240579,0,0.12005145847797394
ACH-000528,1401,0,0.18963952362537384
ACH-000528,148124,0,0.6258357763290405
ACH-000528,156414,1,0.38249221444129944
ACH-000528,159324,1,0.8271403908729553
ACH-000528,15953870,0,0.1540563702583313
ACH-000528,16095342,0,0.2092881202697754
ACH-000528,16123056,0,0.15000173449516296
ACH-000528,16218924,0,0.1773173063993454
ACH-000528,16659841,0,0.1818791627883911
ACH-000528,16681698,1,0.5220928192138672
ACH-000528,16722836,0,0.5658352375030518
ACH-000528,16725726,1,0.20050297677516937
ACH-000528,16732433,0,0.12238635122776031
ACH-000528,16747388,0,0.3829619586467743
ACH-000528,16747683,0,0.6155412793159485
ACH-000528,176158,0,0.09606657922267914
ACH-000528,176167,0,0.40078622102737427
ACH-000528,17755052,1,0.4993276000022888
ACH-000528,216326,0,0.06067166477441788
ACH-000528,2314623,0,0.08489722013473511
ACH-000528,23582824,1,0.7764383554458618
ACH-000528,23725625,0,0.10760541260242462
ACH-000528,2375,0,0.10090131312608719
ACH-000528,24180719,0,0.1840924620628357
ACH-000528,24737642,0,0.32040175795555115
ACH-000528,24739943,1,0.6385219693183899
ACH-000528,24756910,1,0.41313162446022034
ACH-000528,24770514,0,0.4044288396835327
ACH-000528,24771867,1,0.2656531035900116
ACH-000528,24772043,1,0.5381024479866028
ACH-000528,24772860,1,0.5735251903533936
ACH-000528,24776445,0,0.10218476504087448
ACH-000528,24785538,1,0.4442545771598816
ACH-000528,24826799,0,0.23213791847229004
ACH-000528,24889392,0,0.07749804854393005
ACH-000528,24894414,0,0.1567351073026657
ACH-000528,24951314,1,0.6781474947929382
ACH-000528,24964624,1,0.31988823413848877
ACH-000528,24978538,0,0.3721015453338623
ACH-000528,25022668,1,0.49259671568870544
ACH-000528,25102847,0,0.27674904465675354
ACH-000528,25124816,0,0.11472535878419876
ACH-000528,25126798,0,0.09859979897737503
ACH-000528,25167777,1,0.5273004770278931
ACH-000528,25195294,1,0.7576434016227722
ACH-000528,25226117,0,0.1828717589378357
ACH-000528,25226483,1,0.7759791612625122
ACH-000528,25227436,0,0.5319333672523499
ACH-000528,25254071,1,0.5118237733840942
ACH-000528,25257557,0,0.29076439142227173
ACH-000528,25260757,1,0.4003009796142578
ACH-000528,25262792,1,0.44842493534088135
ACH-000528,25262965,0,0.4417595863342285
ACH-000528,2733526,0,0.1480165421962738
ACH-000528,300471,1,0.8202866911888123
ACH-000528,3005532,0,0.11902652680873871
ACH-000528,3101542,0,0.11220277845859528
ACH-000528,31703,1,0.6998310685157776
ACH-000528,3218,0,0.5660510659217834
ACH-000528,3372016,0,0.14592154324054718
ACH-000528,3385,1,0.7109618782997131
ACH-000528,3463933,1,0.6815894842147827
ACH-000528,36462,1,0.7540245652198792
ACH-000528,3796,0,0.14904406666755676
ACH-000528,3827738,0,0.14735005795955658
ACH-000528,4248455,0,0.2930904030799866
ACH-000528,42623900,0,0.30046695470809937
ACH-000528,42628507,1,0.5653845071792603
ACH-000528,42628535,0,0.35517364740371704
ACH-000528,42640,1,0.41830748319625854
ACH-000528,42642645,1,0.4697263538837433
ACH-000528,44137675,0,0.3125911056995392
ACH-000528,44143370,0,0.2662862241268158
ACH-000528,44182295,0,0.4413520097732544
ACH-000528,44224257,1,0.434309184551239
ACH-000528,44462760,0,0.2546268105506897
ACH-000528,444732,1,0.5407483577728271
ACH-000528,444795,0,0.25122272968292236
ACH-000528,44551660,1,0.636387288570404
ACH-000528,44632017,1,0.4117092490196228
ACH-000528,446378,1,0.6591615080833435
ACH-000528,447912,0,0.2927108108997345
ACH-000528,448013,1,0.7034425139427185
ACH-000528,45258277,1,0.34008297324180603
ACH-000528,46006640,0,0.15643857419490814
ACH-000528,46191454,1,0.5822814106941223
ACH-000528,46192505,0,0.18059709668159485
ACH-000528,46224516,0,0.5913639068603516
ACH-000528,46244454,1,0.6171699166297913
ACH-000528,46843648,0,0.5004516243934631
ACH-000528,46843772,0,0.28270018100738525
ACH-000528,46883536,0,0.0814063549041748
ACH-000528,46885626,1,0.44111156463623047
ACH-000528,46893585,0,0.23207718133926392
ACH-000528,46907787,1,0.3405706584453583
ACH-000528,46926973,0,0.1870913952589035
ACH-000528,46937430,0,0.10291843116283417
ACH-000528,46943432,0,0.2779850959777832
ACH-000528,479503,1,0.6820732951164246
ACH-000528,49806720,0,0.09402504563331604
ACH-000528,49831044,0,0.6777439713478088
ACH-000528,49847690,1,0.3543359339237213
ACH-000528,49850262,0,0.13601671159267426
ACH-000528,5081913,1,0.5222569704055786
ACH-000528,51039095,0,0.3210738003253937
ACH-000528,5113032,0,0.08705281466245651
ACH-000528,51358113,1,0.5974382758140564
ACH-000528,51371303,0,0.18905623257160187
ACH-000528,521106,0,0.4469201862812042
ACH-000528,5278396,0,0.10840193927288055
ACH-000528,5280757,0,0.13751249015331268
ACH-000528,5287969,1,0.4581245183944702
ACH-000528,52912189,1,0.45906874537467957
ACH-000528,52913813,0,0.18121802806854248
ACH-000528,5311,1,0.6044795513153076
ACH-000528,5311497,1,0.4401816129684448
ACH-000528,5328940,1,0.14149083197116852
ACH-000528,53302361,1,0.36027684807777405
ACH-000528,5330286,1,0.4534868597984314
ACH-000528,53315878,0,0.09618362039327621
ACH-000528,53340664,0,0.3119170069694519
ACH-000528,53340666,1,0.5883796215057373
ACH-000528,5351307,1,0.6562236547470093
ACH-000528,5360373,1,0.43839922547340393
ACH-000528,5394,0,0.08269719779491425
ACH-000528,5460033,1,0.6267958283424377
ACH-000528,54676905,0,0.06415405869483948
ACH-000528,54685215,0,0.06510324776172638
ACH-000528,560326,1,0.7904298901557922
ACH-000528,56599306,0,0.3141516447067261
ACH-000528,56962337,0,0.1430860459804535
ACH-000528,56965967,0,0.611446738243103
ACH-000528,57339144,0,0.07827222347259521
ACH-000528,57340680,1,0.3719615638256073
ACH-000528,5746,1,0.7666758298873901
ACH-000528,57519544,0,0.23735253512859344
ACH-000528,58423153,0,0.16832897067070007
ACH-000528,60750,1,0.7399744391441345
ACH-000528,637858,1,0.6235968470573425
ACH-000528,644241,0,0.14823803305625916
ACH-000528,644243,0,0.08784250169992447
ACH-000528,6445533,1,0.581893801689148
ACH-000528,6445562,1,0.2460656464099884
ACH-000528,6450551,1,0.21684794127941132
ACH-000528,6450816,1,0.42997393012046814
ACH-000528,6505803,0,0.4057058095932007
ACH-000528,65110,0,0.4240529537200928
ACH-000528,66577038,0,0.11977323889732361
ACH-000528,68234129,0,0.3604587912559509
ACH-000528,68289010,0,0.11143903434276581
ACH-000528,6852167,0,0.49441850185394287
ACH-000528,6914657,0,0.4072859585285187
ACH-000528,6918289,1,0.37095221877098083
ACH-000528,6918454,0,0.38503095507621765
ACH-000528,6918638,1,0.5233871936798096
ACH-000528,6918837,1,0.616216778755188
ACH-000528,6918848,1,0.7279207706451416
ACH-000528,69923936,1,0.4466531574726105
ACH-000528,704473,0,0.16379621624946594
ACH-000528,71271629,0,0.4078575670719147
ACH-000528,71299339,0,0.11224120855331421
ACH-000528,71729975,1,0.5234560966491699
ACH-000528,73265211,0,0.07378837466239929
ACH-000528,73265214,0,0.19311179220676422
ACH-000528,73707530,1,0.7029299139976501
ACH-000528,73755109,1,0.183588907122612
ACH-000528,76685059,0,0.3723694682121277
ACH-000528,77232197,1,0.6180644631385803
ACH-000528,78243717,0,0.08575889468193054
ACH-000528,82146,0,0.5467817783355713
ACH-000528,8249,1,0.6852661371231079
ACH-000528,90488984,0,0.0677337646484375
ACH-000528,92577,0,0.11837531626224518
ACH-000528,9549289,1,0.5274448394775391
ACH-000528,9549297,0,0.12690946459770203
ACH-000528,97489,1,0.1300908774137497
ACH-000528,9826528,1,0.599597156047821
ACH-000528,9829523,1,0.4053727984428406
ACH-000528,984170,0,0.1565554291009903
ACH-000528,9858940,1,0.5257124304771423
ACH-000528,9863776,1,0.7036603689193726
ACH-000528,9868037,0,0.2917872965335846
ACH-000528,9874913,0,0.19413894414901733
ACH-000528,9884685,1,0.21726399660110474
ACH-000528,9903786,1,0.47854769229888916
ACH-000528,9908783,0,0.10655941814184189
ACH-000528,9910224,0,0.08169272541999817
ACH-000528,9911830,0,0.07482807338237762
ACH-000528,9914412,1,0.4246467649936676
ACH-000528,9926054,0,0.36630937457084656
ACH-000528,9931954,0,0.11949461698532104
ACH-000528,9938202,0,0.18346142768859863
ACH-000528,9952773,0,0.3017672300338745
ACH-000528,9956119,0,0.12973998486995697
ACH-000528,9956222,0,0.2210635393857956
ACH-000551,10027278,1,0.454178124666214
ACH-000551,10074640,1,0.27779245376586914
ACH-000551,10077147,0,0.4344043731689453
ACH-000551,10109823,0,0.3190092146396637
ACH-000551,10113978,0,0.20015491545200348
ACH-000551,10127622,1,0.335930734872818
ACH-000551,10172943,1,0.5177842378616333
ACH-000551,10184653,0,0.17544114589691162
ACH-000551,10302451,1,0.12620161473751068
ACH-000551,10341154,0,0.08946234732866287
ACH-000551,10368812,1,0.6783288717269897
ACH-000551,10377751,0,0.6132528781890869
ACH-000551,10384072,0,0.1376127153635025
ACH-000551,10459196,0,0.09246930480003357
ACH-000551,10461815,0,0.07134449481964111
ACH-000551,104741,0,0.2804809808731079
ACH-000551,104842,1,0.6592897176742554
ACH-000551,107969,1,0.5963687896728516
ACH-000551,11152667,1,0.5670879483222961
ACH-000551,11175137,1,0.4037448465824127
ACH-000551,11178236,1,0.46992969512939453
ACH-000551,11282283,1,0.20010167360305786
ACH-000551,11327430,0,0.12533709406852722
ACH-000551,11338033,1,0.5272219777107239
ACH-000551,11364421,1,0.4785190224647522
ACH-000551,11373846,0,0.17862266302108765
ACH-000551,11455910,1,0.7907430529594421
ACH-000551,11467730,0,0.3725948631763458
ACH-000551,11485656,0,0.16700081527233124
ACH-000551,11488320,1,0.43120306730270386
ACH-000551,11493598,0,0.14433647692203522
ACH-000551,11507964,0,0.22752320766448975
ACH-000551,11511120,1,0.5264624357223511
ACH-000551,11609586,1,0.6413507461547852
ACH-000551,11617559,0,0.10221844911575317
ACH-000551,11624601,0,0.08375879377126694
ACH-000551,11625818,0,0.15987858176231384
ACH-000551,11626560,1,0.1981583833694458
ACH-000551,11626927,0,0.0890783965587616
ACH-000551,11634725,1,0.2862907648086548
ACH-000551,11640390,0,0.24456140398979187
ACH-000551,11647372,1,0.3825458884239197
ACH-000551,11667893,0,0.10192279517650604
ACH-000551,11676786,1,0.17779888212680817
ACH-000551,11707110,1,0.3672500550746918
ACH-000551,11713159,0,0.28224918246269226
ACH-000551,11754511,1,0.5487350225448608
ACH-000551,11754711,1,0.5382318496704102
ACH-000551,11784504,0,0.31157270073890686
ACH-000551,117918970,1,0.34282973408699036
ACH-000551,117996541,1,0.7152761816978455
ACH-000551,11844351,1,0.2540208399295807
ACH-000551,11960529,0,0.11058980226516724
ACH-000551,11977753,1,0.544396698474884
ACH-000551,1206243,1,0.4206845462322235
ACH-000551,121596701,1,0.396099716424942
ACH-000551,123631,0,0.10159727931022644
ACH-000551,126565,0,0.5746179223060608
ACH-000551,126941,0,0.2929387390613556
ACH-000551,13342,1,0.545232892036438
ACH-000551,135398501,1,0.3342200815677643
ACH-000551,135398516,1,0.48789557814598083
ACH-000551,135410875,0,0.23170256614685059
ACH-000551,135418940,0,0.2629837989807129
ACH-000551,135421197,0,0.338725745677948
ACH-000551,135423438,1,0.4669908881187439
ACH-000551,135440466,0,0.2435319423675537
ACH-000551,135499520,0,0.16054993867874146
ACH-000551,135539077,1,0.4508897066116333
ACH-000551,135564599,0,0.08964535593986511
ACH-000551,135565082,0,0.49118444323539734
ACH-000551,135659062,0,0.2787308096885681
ACH-000551,135691163,1,0.5705423951148987
ACH-000551,136240579,0,0.13359040021896362
ACH-000551,1401,0,0.17471496760845184
ACH-000551,148124,0,0.6427284479141235
ACH-000551,156414,1,0.38619762659072876
ACH-000551,156422,0,0.129679337143898
ACH-000551,159324,1,0.8155578374862671
ACH-000551,15953870,0,0.16645438969135284
ACH-000551,160355,0,0.22828705608844757
ACH-000551,16038120,0,0.2783508896827698
ACH-000551,16095342,0,0.21619853377342224
ACH-000551,16123056,0,0.14336833357810974
ACH-000551,16218924,0,0.17876054346561432
ACH-000551,16659841,1,0.17863872647285461
ACH-000551,16663089,1,0.2341667264699936
ACH-000551,16681698,1,0.5131937861442566
ACH-000551,16720766,0,0.30848297476768494
ACH-000551,16722836,1,0.5802273154258728
ACH-000551,16725726,0,0.19996686279773712
ACH-000551,16732433,1,0.11939214915037155
ACH-000551,16747388,1,0.41313326358795166
ACH-000551,16747683,1,0.635261058807373
ACH-000551,176158,0,0.10531247407197952
ACH-000551,176167,1,0.3847735524177551
ACH-000551,176870,0,0.15531571209430695
ACH-000551,17755052,0,0.5392122864723206
ACH-000551,208908,0,0.12338361144065857
ACH-000551,216239,0,0.309872031211853
ACH-000551,216326,0,0.06265395134687424
ACH-000551,2314623,0,0.08698303997516632
ACH-000551,23582824,1,0.7481376528739929
ACH-000551,23725625,0,0.11048180609941483
ACH-000551,2375,0,0.11198602616786957
ACH-000551,24180719,0,0.1636621654033661
ACH-000551,24737642,0,0.3414108455181122
ACH-000551,24739943,1,0.6503084301948547
ACH-000551,24756910,1,0.4202028214931488
ACH-000551,24770514,1,0.4334050714969635
ACH-000551,24771867,1,0.25590425729751587
ACH-000551,24772043,1,0.5663220286369324
ACH-000551,24772860,1,0.6078164577484131
ACH-000551,24776445,0,0.10050603002309799
ACH-000551,24785538,0,0.4274873435497284
ACH-000551,24826799,0,0.2622659504413605
ACH-000551,24889392,0,0.08170172572135925
ACH-000551,24894414,0,0.14896051585674286
ACH-000551,24951314,1,0.7111705541610718
ACH-000551,24964624,0,0.2991052269935608
ACH-000551,24978538,0,0.41831958293914795
ACH-000551,25022668,0,0.4806980490684509
ACH-000551,25102847,1,0.3135354816913605
ACH-000551,25124816,0,0.10704949498176575
ACH-000551,25126798,0,0.09474284946918488
ACH-000551,25167777,1,0.5278584361076355
ACH-000551,25195294,1,0.7487159371376038
ACH-000551,25226117,0,0.1790318638086319
ACH-000551,25226483,1,0.7390605807304382
ACH-000551,25227436,0,0.4776807427406311
ACH-000551,25254071,1,0.5597094893455505
ACH-000551,25257557,0,0.2996905446052551
ACH-000551,25260757,1,0.40243878960609436
ACH-000551,25262792,1,0.43072354793548584
ACH-000551,25262965,1,0.42207053303718567
ACH-000551,2733526,0,0.135407492518425
ACH-000551,300471,1,0.8220669031143188
ACH-000551,3005532,0,0.1106073260307312
ACH-000551,3062316,1,0.27751636505126953
ACH-000551,3101542,0,0.11424971371889114
ACH-000551,31703,1,0.7094504833221436
ACH-000551,3218,0,0.5685394406318665
ACH-000551,3372016,0,0.15843965113162994
ACH-000551,3385,1,0.7072198390960693
ACH-000551,3463933,1,0.6676290035247803
ACH-000551,36314,1,0.6310821771621704
ACH-000551,36462,0,0.7866473197937012
ACH-000551,3796,0,0.1392568051815033
ACH-000551,3827738,0,0.16424867510795593
ACH-000551,387447,1,0.6842636466026306
ACH-000551,4248455,0,0.3026634156703949
ACH-000551,4261,1,0.746838390827179
ACH-000551,42623900,0,0.28960120677948
ACH-000551,42628507,1,0.5532667636871338
ACH-000551,42628535,0,0.3483717441558838
ACH-000551,42640,0,0.4461926817893982
ACH-000551,42642645,1,0.5111904144287109
ACH-000551,44137675,0,0.3407224118709564
ACH-000551,44143370,1,0.26939448714256287
ACH-000551,44182295,1,0.45209547877311707
ACH-000551,44224257,1,0.4552830755710602
ACH-000551,442972,0,0.23498351871967316
ACH-000551,44462760,1,0.24330681562423706
ACH-000551,444732,1,0.5519514083862305
ACH-000551,444795,0,0.2491229623556137
ACH-000551,44551660,1,0.6326655149459839
ACH-000551,44632017,1,0.4309544563293457
ACH-000551,446378,1,0.6667785048484802
ACH-000551,447912,0,0.3182509243488312
ACH-000551,448013,1,0.7422308325767517
ACH-000551,45258277,1,0.36273422837257385
ACH-000551,46006640,1,0.16825012862682343
ACH-000551,46191454,1,0.6171362400054932
ACH-000551,46192505,0,0.16234679520130157
ACH-000551,46224516,1,0.602949321269989
ACH-000551,462382,1,0.5972936749458313
ACH-000551,46244454,1,0.6510696411132812
ACH-000551,46843648,1,0.518278181552887
ACH-000551,46843772,0,0.31141820549964905
ACH-000551,46844147,0,0.2893025577068329
ACH-000551,46883536,0,0.0895567238330841
ACH-000551,46885626,1,0.46104997396469116
ACH-000551,46893585,0,0.2437921166419983
ACH-000551,46907787,0,0.3450090289115906
ACH-000551,46926973,0,0.18679063022136688
ACH-000551,46937430,0,0.09678492695093155
ACH-000551,46943432,1,0.2818509340286255
ACH-000551,479503,1,0.6993634700775146
ACH-000551,49806720,1,0.09463471174240112
ACH-000551,49831044,0,0.6612513065338135
ACH-000551,49847690,1,0.36702749133110046
ACH-000551,49850262,0,0.13750697672367096
ACH-000551,4993,0,0.558067798614502
ACH-000551,5081913,1,0.5596449971199036
ACH-000551,51039095,1,0.30157679319381714
ACH-000551,5113032,0,0.08783954381942749
ACH-000551,51358113,1,0.6438547968864441
ACH-000551,51371303,0,0.1937657743692398
ACH-000551,521106,0,0.4459805190563202
ACH-000551,5278396,0,0.11271186172962189
ACH-000551,5280757,0,0.1331324726343155
ACH-000551,5284616,0,0.26511237025260925
ACH-000551,5287969,1,0.49546027183532715
ACH-000551,5291,1,0.11596579849720001
ACH-000551,52912189,1,0.46671953797340393
ACH-000551,52913813,0,0.223510280251503
ACH-000551,5311,1,0.6072119474411011
ACH-000551,5311497,0,0.4663343131542206
ACH-000551,5311510,1,0.30552518367767334
ACH-000551,5328940,0,0.1469435840845108
ACH-000551,5329102,0,0.30525580048561096
ACH-000551,5330286,0,0.43580201268196106
ACH-000551,53315878,0,0.09459192305803299
ACH-000551,53340664,1,0.3323337435722351
ACH-000551,53340666,1,0.5953078269958496
ACH-000551,5351307,1,0.6590997576713562
ACH-000551,5360373,0,0.46062925457954407
ACH-000551,5394,0,0.08266206830739975
ACH-000551,5460033,0,0.6181343197822571
ACH-000551,54676905,0,0.06450500339269638
ACH-000551,54685215,0,0.0693695917725563
ACH-000551,5494449,1,0.3392190635204315
ACH-000551,560326,1,0.8193461298942566
ACH-000551,56599306,1,0.30651867389678955
ACH-000551,56962337,0,0.1421031504869461
ACH-000551,56965967,1,0.6073406338691711
ACH-000551,5717801,1,0.24474196135997772
ACH-000551,57339144,0,0.0773395448923111
ACH-000551,57340680,1,0.36535003781318665
ACH-000551,5746,1,0.788122296333313
ACH-000551,57519544,1,0.23705533146858215
ACH-000551,58423153,0,0.1714933216571808
ACH-000551,60750,1,0.7843770980834961
ACH-000551,6253,0,0.615710973739624
ACH-000551,637858,1,0.6278684139251709
ACH-000551,644215,1,0.5190265774726868
ACH-000551,644243,0,0.08486253768205643
ACH-000551,6445533,1,0.5555845499038696
ACH-000551,6445562,1,0.25293827056884766
ACH-000551,6450551,1,0.20750953257083893
ACH-000551,6450816,1,0.3894772529602051
ACH-000551,6473881,0,0.21412554383277893
ACH-000551,6505803,1,0.40054118633270264
ACH-000551,65110,1,0.4414867162704468
ACH-000551,66577038,0,0.10620541125535965
ACH-000551,68234129,0,0.3426540791988373
ACH-000551,68289010,0,0.10830039530992508
ACH-000551,6852167,1,0.483671098947525
ACH-000551,6914657,1,0.4060685634613037
ACH-000551,6918289,0,0.3588273525238037
ACH-000551,6918454,1,0.39434048533439636
ACH-000551,6918638,1,0.5118310451507568
ACH-000551,6918837,1,0.5951915979385376
ACH-000551,6918848,1,0.7154821753501892
ACH-000551,69923936,1,0.4657024145126343
ACH-000551,704473,0,0.16394026577472687
ACH-000551,71271629,0,0.4131382703781128
ACH-000551,71299339,0,0.12363425642251968
ACH-000551,71729975,1,0.5600894689559937
ACH-000551,73265211,0,0.07362182438373566
ACH-000551,73265214,1,0.20891709625720978
ACH-000551,73707530,1,0.6749618649482727
ACH-000551,73755109,0,0.20748920738697052
ACH-000551,76044,1,0.40684086084365845
ACH-000551,76685059,0,0.38256755471229553
ACH-000551,77232197,1,0.6651381254196167
ACH-000551,78243717,0,0.08384733647108078
ACH-000551,82146,0,0.5810239315032959
ACH-000551,8249,1,0.683731734752655
ACH-000551,90488984,0,0.06729789823293686
ACH-000551,92577,0,0.1099638044834137
ACH-000551,9549184,1,0.2410193532705307
ACH-000551,9549289,1,0.49346181750297546
ACH-000551,9549297,0,0.1355760097503662
ACH-000551,97489,0,0.13739140331745148
ACH-000551,9826308,1,0.5436185598373413
ACH-000551,9826528,1,0.5876256227493286
ACH-000551,9829523,0,0.39078667759895325
ACH-000551,984170,1,0.1546705663204193
ACH-000551,9858940,1,0.5048967599868774
ACH-000551,9863776,1,0.7291899919509888
ACH-000551,9868037,1,0.3203330338001251
ACH-000551,9874913,0,0.19065271317958832
ACH-000551,9884685,1,0.24320317804813385
ACH-000551,9903786,1,0.5235000252723694
ACH-000551,9907093,0,0.21891026198863983
ACH-000551,9908783,0,0.10840242356061935
ACH-000551,9910224,0,0.084353506565094
ACH-000551,9911830,1,0.08096081763505936
ACH-000551,9914412,0,0.4276137351989746
ACH-000551,9926054,0,0.3976662755012512
ACH-000551,9931954,0,0.10813426226377487
ACH-000551,9938202,0,0.2082875519990921
ACH-000551,9952773,0,0.28548577427864075
ACH-000551,9956119,0,0.11917131394147873
ACH-000551,9956222,0,0.2395307719707489
ACH-000573,10027278,0,0.43701091408729553
ACH-000573,10074640,0,0.2535954713821411
ACH-000573,10077147,0,0.4404442608356476
ACH-000573,10109823,0,0.3776646852493286
ACH-000573,10113978,0,0.19887718558311462
ACH-000573,10127622,0,0.3444656431674957
ACH-000573,10184653,0,0.18624737858772278
ACH-000573,10341154,0,0.0864565521478653
ACH-000573,10368812,1,0.665215253829956
ACH-000573,10377751,0,0.6317325234413147
ACH-000573,10459196,0,0.07289596647024155
ACH-000573,104741,0,0.26894763112068176
ACH-000573,104842,1,0.6697368621826172
ACH-000573,107969,0,0.6105484962463379
ACH-000573,11152667,1,0.5452170372009277
ACH-000573,11175137,0,0.4060114026069641
ACH-000573,11178236,1,0.4397249221801758
ACH-000573,11282283,0,0.17824941873550415
ACH-000573,11327430,0,0.12278105318546295
ACH-000573,11338033,1,0.5324032306671143
ACH-000573,11373846,0,0.18755516409873962
ACH-000573,11455910,1,0.7588589191436768
ACH-000573,11485656,0,0.14556525647640228
ACH-000573,11488320,0,0.4084794819355011
ACH-000573,11493598,0,0.1270848959684372
ACH-000573,11507964,0,0.21240107715129852
ACH-000573,11511120,1,0.5496522784233093
ACH-000573,11609586,0,0.6507444977760315
ACH-000573,11617559,0,0.10500330477952957
ACH-000573,11624601,0,0.08306089043617249
ACH-000573,11625818,0,0.16345849633216858
ACH-000573,11634725,0,0.3530915379524231
ACH-000573,11640390,0,0.19676990807056427
ACH-000573,11647372,1,0.3497776389122009
ACH-000573,11667893,0,0.09915833920240402
ACH-000573,11707110,1,0.3066708743572235
ACH-000573,11713159,0,0.31414589285850525
ACH-000573,11754511,0,0.6181035041809082
ACH-000573,11784504,0,0.27508750557899475
ACH-000573,117918970,0,0.29986026883125305
ACH-000573,117996541,1,0.7602341771125793
ACH-000573,11960529,0,0.1031050905585289
ACH-000573,11977753,1,0.5247325897216797
ACH-000573,1206243,0,0.3880416750907898
ACH-000573,121596701,0,0.3851228952407837
ACH-000573,123631,0,0.10231359302997589
ACH-000573,126565,1,0.48472413420677185
ACH-000573,126941,0,0.2685524821281433
ACH-000573,13342,1,0.45539429783821106
ACH-000573,135398501,0,0.29164931178092957
ACH-000573,135398516,0,0.41691914200782776
ACH-000573,135410875,0,0.2151031643152237
ACH-000573,135418940,0,0.29750412702560425
ACH-000573,135421197,0,0.35048961639404297
ACH-000573,135423438,0,0.4335790276527405
ACH-000573,135440466,0,0.25606438517570496
ACH-000573,135499520,0,0.15836389362812042
ACH-000573,135539077,1,0.4265463352203369
ACH-000573,135564599,0,0.08528909832239151
ACH-000573,135565082,1,0.4492482542991638
ACH-000573,135659062,0,0.2350129336118698
ACH-000573,135691163,1,0.5338201522827148
ACH-000573,136240579,0,0.13518215715885162
ACH-000573,1401,0,0.1949470490217209
ACH-000573,148124,1,0.565232515335083
ACH-000573,156414,1,0.3787848949432373
ACH-000573,156422,0,0.1235012486577034
ACH-000573,159324,1,0.8086150288581848
ACH-000573,15953870,0,0.1574026644229889
ACH-000573,16095342,0,0.22521929442882538
ACH-000573,16123056,0,0.14552591741085052
ACH-000573,16218924,0,0.17059409618377686
ACH-000573,16659841,0,0.17064908146858215
ACH-000573,16681698,1,0.49310779571533203
ACH-000573,16720766,0,0.27025195956230164
ACH-000573,16722836,0,0.6199287176132202
ACH-000573,16725726,0,0.1937737911939621
ACH-000573,16732433,0,0.13518446683883667
ACH-000573,16747388,0,0.3889084756374359
ACH-000573,16747683,1,0.6247122883796692
ACH-000573,17755052,1,0.5291689038276672
ACH-000573,216326,0,0.06587239354848862
ACH-000573,2314623,0,0.09739010035991669
ACH-000573,23582824,1,0.7730267643928528
ACH-000573,23725625,1,0.10450039803981781
ACH-000573,2375,0,0.09356535971164703
ACH-000573,24180719,0,0.22160080075263977
ACH-000573,24737642,0,0.3709782660007477
ACH-000573,24739943,1,0.6159202456474304
ACH-000573,24756910,1,0.4329831302165985
ACH-000573,24770514,1,0.43250176310539246
ACH-000573,24771867,0,0.26525282859802246
ACH-000573,24772043,1,0.5997222065925598
ACH-000573,24772860,1,0.5921539664268494
ACH-000573,24776445,0,0.10310259461402893
ACH-000573,24785538,0,0.45986422896385193
ACH-000573,24826799,0,0.273705393075943
ACH-000573,24889392,0,0.07596238702535629
ACH-000573,24894414,0,0.1564655303955078
ACH-000573,24951314,1,0.7243838906288147
ACH-000573,24964624,0,0.27852576971054077
ACH-000573,24978538,0,0.42907923460006714
ACH-000573,25022668,0,0.4449359178543091
ACH-000573,25102847,0,0.30751267075538635
ACH-000573,25124816,0,0.09444693475961685
ACH-000573,25126798,0,0.10564138740301132
ACH-000573,25167777,1,0.553066074848175
ACH-000573,25195294,1,0.7462217807769775
ACH-000573,25227436,0,0.5078819990158081
ACH-000573,25254071,1,0.510995090007782
ACH-000573,25257557,0,0.29456818103790283
ACH-000573,25260757,1,0.37991464138031006
ACH-000573,25262792,1,0.42674943804740906
ACH-000573,25262965,1,0.4107775390148163
ACH-000573,2733526,0,0.14358074963092804
ACH-000573,300471,1,0.7603731155395508
ACH-000573,3005532,0,0.11574580520391464
ACH-000573,3101542,0,0.10676219314336777
ACH-000573,31703,1,0.6419944763183594
ACH-000573,3218,1,0.6165249943733215
ACH-000573,3372016,0,0.1488872617483139
ACH-000573,3385,0,0.753750741481781
ACH-000573,3463933,1,0.6610057950019836
ACH-000573,36462,1,0.7230618000030518
ACH-000573,3796,0,0.13973845541477203
ACH-000573,3827738,0,0.14910712838172913
ACH-000573,4248455,0,0.3233690857887268
ACH-000573,42623900,0,0.2873232364654541
ACH-000573,42628507,0,0.5099769830703735
ACH-000573,42640,0,0.4380926191806793
ACH-000573,42642645,0,0.49185559153556824
ACH-000573,44137675,1,0.2945394217967987
ACH-000573,44143370,0,0.31544607877731323
ACH-000573,44182295,1,0.42832207679748535
ACH-000573,44224257,0,0.43874987959861755
ACH-000573,44462760,0,0.24561554193496704
ACH-000573,444732,0,0.5871238112449646
ACH-000573,444795,0,0.24272093176841736
ACH-000573,44551660,0,0.6044319272041321
ACH-000573,44632017,1,0.4580666720867157
ACH-000573,446378,1,0.6636567711830139
ACH-000573,447912,0,0.3157219886779785
ACH-000573,448013,1,0.6552435159683228
ACH-000573,45258277,1,0.4008064568042755
ACH-000573,46006640,0,0.1659168154001236
ACH-000573,46191454,0,0.5529958009719849
ACH-000573,46192505,0,0.16996802389621735
ACH-000573,46224516,0,0.577690839767456
ACH-000573,46244454,1,0.6456741690635681
ACH-000573,46843648,0,0.4912581443786621
ACH-000573,46883536,0,0.0818498358130455
ACH-000573,46885626,1,0.4259888529777527
ACH-000573,46893585,0,0.2442437708377838
ACH-000573,46907787,0,0.32302653789520264
ACH-000573,46926973,1,0.19326244294643402
ACH-000573,46937430,0,0.10410959273576736
ACH-000573,46943432,0,0.2708100974559784
ACH-000573,479503,1,0.6707560420036316
ACH-000573,49806720,0,0.07597225904464722
ACH-000573,49831044,0,0.6384789347648621
ACH-000573,49847690,0,0.3895719647407532
ACH-000573,49850262,0,0.1501283049583435
ACH-000573,5081913,1,0.5472159385681152
ACH-000573,51039095,0,0.30387067794799805
ACH-000573,5113032,0,0.08796011656522751
ACH-000573,51358113,1,0.6711475253105164
ACH-000573,51371303,0,0.22379441559314728
ACH-000573,521106,0,0.45283806324005127
ACH-000573,5278396,0,0.11684722453355789
ACH-000573,5280757,0,0.13224083185195923
ACH-000573,5287969,0,0.4304230511188507
ACH-000573,52912189,1,0.3742365539073944
ACH-000573,52913813,1,0.19318422675132751
ACH-000573,5311,1,0.6280967593193054
ACH-000573,5311497,1,0.3784463703632355
ACH-000573,5328940,0,0.12865449488162994
ACH-000573,53302361,0,0.40604668855667114
ACH-000573,5330286,0,0.4242435395717621
ACH-000573,53315878,0,0.08953983336687088
ACH-000573,53340664,0,0.358430951833725
ACH-000573,53340666,0,0.6131899952888489
ACH-000573,5351307,1,0.6800076365470886
ACH-000573,5360373,1,0.4144124388694763
ACH-000573,5394,0,0.08075595647096634
ACH-000573,5460033,1,0.6122574806213379
ACH-000573,54676905,0,0.059064727276563644
ACH-000573,54685215,0,0.06266218423843384
ACH-000573,560326,1,0.8047429919242859
ACH-000573,56599306,1,0.3511008322238922
ACH-000573,56962337,0,0.1265265941619873
ACH-000573,56965967,0,0.5259521007537842
ACH-000573,57339144,0,0.07908668369054794
ACH-000573,5746,1,0.7421313524246216
ACH-000573,57519544,0,0.22866423428058624
ACH-000573,58423153,0,0.15443983674049377
ACH-000573,60750,1,0.7823976874351501
ACH-000573,6253,1,0.6049771904945374
ACH-000573,637858,1,0.6693854928016663
ACH-000573,644241,0,0.1638941764831543
ACH-000573,644243,0,0.08702504634857178
ACH-000573,6445533,1,0.5702258348464966
ACH-000573,6445562,0,0.2821747660636902
ACH-000573,6450551,0,0.1844383329153061
ACH-000573,6450816,0,0.40539705753326416
ACH-000573,6505803,1,0.35619765520095825
ACH-000573,65110,0,0.3750489354133606
ACH-000573,66577038,0,0.11267147958278656
ACH-000573,68234129,0,0.3255828022956848
ACH-000573,68289010,0,0.11018328368663788
ACH-000573,6852167,1,0.4726637899875641
ACH-000573,6914657,0,0.4184190034866333
ACH-000573,6918289,1,0.31855273246765137
ACH-000573,6918454,0,0.3793286681175232
ACH-000573,6918638,1,0.5016531944274902
ACH-000573,6918837,0,0.6189742088317871
ACH-000573,6918848,1,0.7009596228599548
ACH-000573,69923936,0,0.4636167883872986
ACH-000573,704473,0,0.16608263552188873
ACH-000573,71271629,0,0.3757152557373047
ACH-000573,71299339,0,0.13902170956134796
ACH-000573,71729975,1,0.5032396912574768
ACH-000573,73265211,0,0.07789729535579681
ACH-000573,73265214,0,0.20375888049602509
ACH-000573,73707530,0,0.6449443697929382
ACH-000573,73755109,0,0.179733008146286
ACH-000573,76685059,0,0.33668020367622375
ACH-000573,77232197,1,0.674403190612793
ACH-000573,78243717,0,0.08457475155591965
ACH-000573,82146,0,0.5373256802558899
ACH-000573,8249,0,0.6500696539878845
ACH-000573,90488984,0,0.07106625288724899
ACH-000573,92577,0,0.11489450931549072
ACH-000573,9549289,0,0.5469880104064941
ACH-000573,9549297,0,0.12949557602405548
ACH-000573,97489,0,0.12862227857112885
ACH-000573,9826528,1,0.5992856621742249
ACH-000573,9829523,0,0.261522114276886
ACH-000573,984170,0,0.15130946040153503
ACH-000573,9858940,0,0.5020847916603088
ACH-000573,9863776,1,0.6557337641716003
ACH-000573,9868037,0,0.3769790232181549
ACH-000573,9874913,0,0.1951211392879486
ACH-000573,9884685,0,0.22711291909217834
ACH-000573,9903786,0,0.49247822165489197
ACH-000573,9908783,0,0.09744196385145187
ACH-000573,9910224,0,0.0872352346777916
ACH-000573,9911830,0,0.08266741782426834
ACH-000573,9914412,0,0.401034414768219
ACH-000573,9926054,0,0.3711529076099396
ACH-000573,9931954,0,0.1111334040760994
ACH-000573,9938202,0,0.20428712666034698
ACH-000573,9952773,0,0.2969101667404175
ACH-000573,9956119,0,0.14326779544353485
ACH-000573,9956222,0,0.23178523778915405
ACH-000595,10027278,1,0.42787179350852966
ACH-000595,10074640,0,0.2853965163230896
ACH-000595,10077147,0,0.49914470314979553
ACH-000595,10109823,0,0.3614407777786255
ACH-000595,10113978,0,0.16771748661994934
ACH-000595,10127622,1,0.3503614068031311
ACH-000595,10184653,0,0.20175623893737793
ACH-000595,10341154,0,0.07770878821611404
ACH-000595,10368812,1,0.6539093255996704
ACH-000595,10377751,1,0.5970824360847473
ACH-000595,10384072,0,0.10119261592626572
ACH-000595,10459196,0,0.07122814655303955
ACH-000595,104741,0,0.24775299429893494
ACH-000595,104842,1,0.6009050607681274
ACH-000595,107969,1,0.5790719985961914
ACH-000595,11152667,1,0.5312683582305908
ACH-000595,11175137,1,0.4172978401184082
ACH-000595,11178236,1,0.4476586878299713
ACH-000595,11282283,0,0.19829615950584412
ACH-000595,11327430,0,0.12689152359962463
ACH-000595,11338033,0,0.5173980593681335
ACH-000595,11373846,0,0.18248797953128815
ACH-000595,11455910,1,0.7137314081192017
ACH-000595,11485656,0,0.14270879328250885
ACH-000595,11488320,1,0.41755175590515137
ACH-000595,11493598,0,0.122298464179039
ACH-000595,11507964,0,0.2104581743478775
ACH-000595,11511120,1,0.5447894334793091
ACH-000595,11609586,0,0.6763155460357666
ACH-000595,11617559,0,0.09676697850227356
ACH-000595,11624601,0,0.0832054391503334
ACH-000595,11625818,0,0.16037288308143616
ACH-000595,11634725,0,0.3115961253643036
ACH-000595,11640390,0,0.2255120426416397
ACH-000595,11647372,1,0.3428041338920593
ACH-000595,11667893,0,0.09953750669956207
ACH-000595,11707110,1,0.31698179244995117
ACH-000595,11713159,0,0.2873229682445526
ACH-000595,11754511,0,0.6172347664833069
ACH-000595,11784504,0,0.26682257652282715
ACH-000595,117918970,1,0.3238479793071747
ACH-000595,117996541,1,0.7043868899345398
ACH-000595,11960529,0,0.10311303287744522
ACH-000595,1206243,1,0.3684110641479492
ACH-000595,121596701,1,0.3750159442424774
ACH-000595,123631,0,0.11521177738904953
ACH-000595,126565,1,0.506463885307312
ACH-000595,126941,0,0.2670281231403351
ACH-000595,13342,1,0.48314228653907776
ACH-000595,135398501,0,0.30852946639060974
ACH-000595,135398516,0,0.4200684130191803
ACH-000595,135410875,0,0.20572015643119812
ACH-000595,135418940,0,0.2472941130399704
ACH-000595,135421197,0,0.35717543959617615
ACH-000595,135423438,1,0.45670950412750244
ACH-000595,135440466,0,0.24870574474334717
ACH-000595,135499520,0,0.14768162369728088
ACH-000595,135539077,1,0.4131830036640167
ACH-000595,135565082,1,0.4342573285102844
ACH-000595,135659062,0,0.2519632577896118
ACH-000595,135691163,0,0.5317442417144775
ACH-000595,136240579,0,0.12454044818878174
ACH-000595,1401,0,0.19196605682373047
ACH-000595,148124,1,0.5686016082763672
ACH-000595,156414,1,0.3808148205280304
ACH-000595,156422,0,0.1300998330116272
ACH-000595,159324,1,0.748346745967865
ACH-000595,15953870,0,0.1753712147474289
ACH-000595,16095342,1,0.21987268328666687
ACH-000595,16123056,0,0.14431405067443848
ACH-000595,16218924,0,0.15209908783435822
ACH-000595,16659841,0,0.1647695153951645
ACH-000595,16681698,1,0.4475075602531433
ACH-000595,16720766,1,0.2648548185825348
ACH-000595,16722836,0,0.5891726016998291
ACH-000595,16725726,0,0.18635690212249756
ACH-000595,16732433,0,0.12563472986221313
ACH-000595,16747388,0,0.38932275772094727
ACH-000595,16747683,1,0.5393370389938354
ACH-000595,176158,0,0.08420354127883911
ACH-000595,176167,0,0.35306939482688904
ACH-000595,17755052,1,0.49629586935043335
ACH-000595,216326,0,0.06334060430526733
ACH-000595,2314623,0,0.09867945313453674
ACH-000595,23582824,1,0.6752246618270874
ACH-000595,23725625,1,0.11174274235963821
ACH-000595,2375,0,0.09148267656564713
ACH-000595,24180719,0,0.19644169509410858
ACH-000595,24737642,0,0.3446137309074402
ACH-000595,24739943,1,0.5743473172187805
ACH-000595,24756910,1,0.43200433254241943
ACH-000595,24770514,1,0.4256391227245331
ACH-000595,24771867,0,0.22633585333824158
ACH-000595,24772043,1,0.5727089643478394
ACH-000595,24772860,1,0.5499063730239868
ACH-000595,24776445,0,0.0914127305150032
ACH-000595,24785538,0,0.40863150358200073
ACH-000595,24826799,0,0.26187485456466675
ACH-000595,24889392,0,0.08433999121189117
ACH-000595,24894414,0,0.1648542732000351
ACH-000595,24951314,1,0.704135000705719
ACH-000595,24978538,0,0.38031983375549316
ACH-000595,25022668,0,0.47248396277427673
ACH-000595,25102847,0,0.32161256670951843
ACH-000595,25124816,0,0.10366921871900558
ACH-000595,25126798,0,0.09861742705106735
ACH-000595,25167777,1,0.46225255727767944
ACH-000595,25195294,1,0.7447871565818787
ACH-000595,25227436,0,0.5184749364852905
ACH-000595,25254071,1,0.48199930787086487
ACH-000595,25257557,0,0.3039889335632324
ACH-000595,25260757,1,0.369927316904068
ACH-000595,25262792,1,0.3993070125579834
ACH-000595,25262965,0,0.3914259374141693
ACH-000595,2733526,0,0.14980211853981018
ACH-000595,300471,1,0.8005109429359436
ACH-000595,3005532,0,0.12936604022979736
ACH-000595,3101542,0,0.10689868032932281
ACH-000595,31703,1,0.6248618960380554
ACH-000595,3218,1,0.5871033668518066
ACH-000595,3372016,0,0.14140473306179047
ACH-000595,3385,0,0.7153570652008057
ACH-000595,3463933,1,0.5825979113578796
ACH-000595,36462,1,0.7256817817687988
ACH-000595,3796,0,0.12969887256622314
ACH-000595,3827738,0,0.14734426140785217
ACH-000595,4248455,0,0.3180555999279022
ACH-000595,42623900,0,0.28597956895828247
ACH-000595,42628507,1,0.5146929621696472
ACH-000595,42640,0,0.4211982488632202
ACH-000595,42642645,1,0.5015725493431091
ACH-000595,44137675,0,0.3033892512321472
ACH-000595,44143370,0,0.29582154750823975
ACH-000595,44182295,1,0.42695295810699463
ACH-000595,44224257,1,0.4215896427631378
ACH-000595,44462760,0,0.2074342519044876
ACH-000595,444732,1,0.5517492294311523
ACH-000595,444795,0,0.24631048738956451
ACH-000595,44551660,0,0.5755881071090698
ACH-000595,44632017,1,0.4130418002605438
ACH-000595,446378,1,0.6385347247123718
ACH-000595,447912,0,0.28781014680862427
ACH-000595,448013,1,0.6730126142501831
ACH-000595,45258277,1,0.35763421654701233
ACH-000595,46006640,0,0.17310288548469543
ACH-000595,46191454,0,0.5556440353393555
ACH-000595,46192505,0,0.1668689250946045
ACH-000595,46224516,1,0.5773825645446777
ACH-000595,46244454,1,0.5900977849960327
ACH-000595,46843648,0,0.5336005687713623
ACH-000595,46883536,0,0.0798591747879982
ACH-000595,46885626,0,0.43704724311828613
ACH-000595,46893585,0,0.229280024766922
ACH-000595,46907787,1,0.2957964539527893
ACH-000595,46926973,0,0.17173366248607635
ACH-000595,46937430,0,0.1094801276922226
ACH-000595,46943432,0,0.2864648401737213
ACH-000595,479503,1,0.6350436210632324
ACH-000595,49806720,0,0.08126446604728699
ACH-000595,49831044,1,0.586305558681488
ACH-000595,49847690,1,0.36336663365364075
ACH-000595,49850262,0,0.1491284817457199
ACH-000595,5081913,1,0.4981909990310669
ACH-000595,51039095,0,0.3182556629180908
ACH-000595,5113032,0,0.08337198942899704
ACH-000595,51358113,1,0.585273802280426
ACH-000595,51371303,0,0.191542387008667
ACH-000595,521106,0,0.41196557879447937
ACH-000595,5278396,0,0.1154910996556282
ACH-000595,5280757,0,0.13714256882667542
ACH-000595,5287969,1,0.4229983985424042
ACH-000595,52912189,1,0.338741660118103
ACH-000595,52913813,0,0.2038159966468811
ACH-000595,5311,1,0.6238526105880737
ACH-000595,5311497,1,0.401222825050354
ACH-000595,5328940,0,0.14155294001102448
ACH-000595,53302361,1,0.3869457244873047
ACH-000595,53315878,0,0.092473104596138
ACH-000595,53340664,0,0.3332558870315552
ACH-000595,53340666,1,0.6125271916389465
ACH-000595,5351307,1,0.648771345615387
ACH-000595,5360373,1,0.3943352699279785
ACH-000595,5394,0,0.07760999351739883
ACH-000595,5460033,1,0.599148690700531
ACH-000595,54676905,0,0.06040067598223686
ACH-000595,54685215,0,0.062043216079473495
ACH-000595,560326,1,0.7887623906135559
ACH-000595,56599306,0,0.2990870177745819
ACH-000595,56962337,0,0.13692331314086914
ACH-000595,56965967,0,0.5276000499725342
ACH-000595,57339144,0,0.08227764070034027
ACH-000595,5746,1,0.7309725880622864
ACH-000595,57519544,0,0.2325395941734314
ACH-000595,58423153,0,0.16152364015579224
ACH-000595,60750,1,0.7280707359313965
ACH-000595,6253,1,0.5592989921569824
ACH-000595,637858,1,0.6720196604728699
ACH-000595,644241,0,0.14836767315864563
ACH-000595,644243,0,0.0905773863196373
ACH-000595,6445533,1,0.5704311728477478
ACH-000595,6445562,1,0.2684136927127838
ACH-000595,6450551,0,0.19334083795547485
ACH-000595,6450816,0,0.38682621717453003
ACH-000595,6505803,1,0.3662332594394684
ACH-000595,65110,1,0.35267916321754456
ACH-000595,66577038,0,0.11473891884088516
ACH-000595,68234129,0,0.3711996376514435
ACH-000595,68289010,0,0.09522312134504318
ACH-000595,6852167,0,0.5025796890258789
ACH-000595,6914657,1,0.4088795781135559
ACH-000595,6918289,0,0.3366602957248688
ACH-000595,6918454,1,0.3779345750808716
ACH-000595,6918638,1,0.5129340291023254
ACH-000595,6918837,1,0.593537449836731
ACH-000595,6918848,1,0.6464738249778748
ACH-000595,69923936,0,0.4402376115322113
ACH-000595,704473,0,0.15622921288013458
ACH-000595,71271629,0,0.37027445435523987
ACH-000595,71299339,0,0.13354024291038513
ACH-000595,71729975,1,0.5544422268867493
ACH-000595,73265211,0,0.0801512822508812
ACH-000595,73265214,0,0.1907404661178589
ACH-000595,73707530,0,0.5978257060050964
ACH-000595,73755109,0,0.19041253626346588
ACH-000595,76685059,0,0.3518260717391968
ACH-000595,77232197,1,0.6446952819824219
ACH-000595,78243717,0,0.09388997405767441
ACH-000595,82146,0,0.5147511959075928
ACH-000595,8249,1,0.6563113927841187
ACH-000595,90488984,0,0.07477536797523499
ACH-000595,92577,0,0.0993882343173027
ACH-000595,9549289,1,0.43779346346855164
ACH-000595,9549297,0,0.13095338642597198
ACH-000595,97489,0,0.11587595194578171
ACH-000595,9826528,1,0.5618237853050232
ACH-000595,9829523,0,0.3054088354110718
ACH-000595,984170,0,0.14703065156936646
ACH-000595,9858940,0,0.45836588740348816
ACH-000595,9863776,1,0.6611599326133728
ACH-000595,9868037,0,0.3337203860282898
ACH-000595,9874913,0,0.2011161595582962
ACH-000595,9884685,0,0.21701224148273468
ACH-000595,9903786,0,0.4840448200702667
ACH-000595,9908783,0,0.09017609059810638
ACH-000595,9910224,0,0.07723432034254074
ACH-000595,9911830,0,0.0767766460776329
ACH-000595,9914412,0,0.45030704140663147
ACH-000595,9926054,0,0.3821973502635956
ACH-000595,9931954,0,0.11996786296367645
ACH-000595,9938202,0,0.1846240758895874
ACH-000595,9952773,0,0.2547341585159302
ACH-000595,9956119,0,0.13007424771785736
ACH-000595,9956222,0,0.24819912016391754
ACH-000599,10027278,1,0.47959962487220764
ACH-000599,10074640,0,0.2697508633136749
ACH-000599,10077147,0,0.42674514651298523
ACH-000599,10109823,0,0.3395325541496277
ACH-000599,10113978,0,0.18842044472694397
ACH-000599,10127622,1,0.39499297738075256
ACH-000599,10184653,1,0.1631002426147461
ACH-000599,10341154,0,0.08001122623682022
ACH-000599,10368812,1,0.7018217444419861
ACH-000599,10377751,1,0.5607098340988159
ACH-000599,10384072,0,0.10840388387441635
ACH-000599,10459196,0,0.07858480513095856
ACH-000599,104741,0,0.2682192921638489
ACH-000599,104842,1,0.6687094569206238
ACH-000599,107969,0,0.6004237532615662
ACH-000599,11152667,1,0.5793471932411194
ACH-000599,11175137,0,0.42008936405181885
ACH-000599,11178236,1,0.48923060297966003
ACH-000599,11282283,0,0.18357670307159424
ACH-000599,11327430,0,0.1133609488606453
ACH-000599,11338033,1,0.5354934930801392
ACH-000599,11373846,0,0.1596689671278
ACH-000599,11455910,1,0.7946222424507141
ACH-000599,11485656,0,0.14392992854118347
ACH-000599,11488320,1,0.4151347577571869
ACH-000599,11493598,0,0.12670260667800903
ACH-000599,11507964,0,0.20911291241645813
ACH-000599,11511120,0,0.5297669172286987
ACH-000599,11609586,0,0.6137755513191223
ACH-000599,11617559,0,0.09192413836717606
ACH-000599,11624601,0,0.08123738318681717
ACH-000599,11625818,0,0.15170423686504364
ACH-000599,11634725,0,0.3156474828720093
ACH-000599,11640390,1,0.23812149465084076
ACH-000599,11647372,1,0.416525661945343
ACH-000599,11667893,0,0.09479261189699173
ACH-000599,11707110,1,0.36530759930610657
ACH-000599,11713159,0,0.3083028197288513
ACH-000599,11754511,1,0.582765519618988
ACH-000599,11784504,0,0.300927072763443
ACH-000599,117918970,1,0.3156976103782654
ACH-000599,117996541,1,0.7160577774047852
ACH-000599,11960529,0,0.09991340339183807
ACH-000599,11977753,1,0.5571379661560059
ACH-000599,1206243,0,0.3958980143070221
ACH-000599,121596701,0,0.4122087061405182
ACH-000599,123631,0,0.0981341302394867
ACH-000599,126565,1,0.5892207026481628
ACH-000599,126941,0,0.26701703667640686
ACH-000599,13342,1,0.5565454959869385
ACH-000599,135398501,0,0.3228452503681183
ACH-000599,135398516,1,0.4941202998161316
ACH-000599,135410875,0,0.21261514723300934
ACH-000599,135418940,0,0.260917603969574
ACH-000599,135421197,0,0.3290719985961914
ACH-000599,135423438,0,0.4710535407066345
ACH-000599,135440466,1,0.25204920768737793
ACH-000599,135499520,0,0.16033883392810822
ACH-000599,135539077,1,0.47524937987327576
ACH-000599,135564599,0,0.08987624198198318
ACH-000599,135565082,1,0.45472225546836853
ACH-000599,135659062,0,0.2500905990600586
ACH-000599,135691163,0,0.5629699230194092
ACH-000599,136240579,0,0.10828901082277298
ACH-000599,1401,0,0.1833578497171402
ACH-000599,148124,1,0.6399107575416565
ACH-000599,156414,0,0.39291802048683167
ACH-000599,156422,0,0.12664616107940674
ACH-000599,159324,1,0.7913820743560791
ACH-000599,15953870,1,0.16366620361804962
ACH-000599,16095342,0,0.22139358520507812
ACH-000599,16123056,0,0.14031189680099487
ACH-000599,16218924,0,0.1535908579826355
ACH-000599,16659841,0,0.16134770214557648
ACH-000599,16681698,1,0.517815351486206
ACH-000599,16720766,1,0.3174613416194916
ACH-000599,16722836,0,0.6165185570716858
ACH-000599,16725726,0,0.20951922237873077
ACH-000599,16732433,0,0.13109923899173737
ACH-000599,16747388,0,0.43268904089927673
ACH-000599,16747683,1,0.6207635402679443
ACH-000599,176158,0,0.08421768248081207
ACH-000599,176167,0,0.3792145848274231
ACH-000599,17755052,1,0.5617581605911255
ACH-000599,216326,0,0.056399594992399216
ACH-000599,2314623,0,0.08481990545988083
ACH-000599,23582824,1,0.7406936883926392
ACH-000599,23725625,0,0.0996306911110878
ACH-000599,2375,0,0.09928333014249802
ACH-000599,24180719,0,0.18679508566856384
ACH-000599,24737642,0,0.3503808379173279
ACH-000599,24739943,1,0.6155500411987305
ACH-000599,24756910,1,0.43265965580940247
ACH-000599,24770514,1,0.43374404311180115
ACH-000599,24771867,0,0.25660720467567444
ACH-000599,24772043,1,0.5768428444862366
ACH-000599,24772860,1,0.6314986944198608
ACH-000599,24776445,0,0.09036050736904144
ACH-000599,24785538,1,0.4619583785533905
ACH-000599,24826799,0,0.2652062177658081
ACH-000599,24889392,0,0.0804649144411087
ACH-000599,24894414,0,0.14307940006256104
ACH-000599,24951314,1,0.7121927738189697
ACH-000599,24964624,0,0.3166749179363251
ACH-000599,24978538,0,0.4281667172908783
ACH-000599,25022668,0,0.4806973934173584
ACH-000599,25102847,0,0.26258915662765503
ACH-000599,25124816,0,0.10539785027503967
ACH-000599,25126798,0,0.09800249338150024
ACH-000599,25167777,1,0.5346972942352295
ACH-000599,25195294,1,0.7529792785644531
ACH-000599,25227436,1,0.5569486021995544
ACH-000599,25254071,1,0.575359046459198
ACH-000599,25257557,1,0.3037225604057312
ACH-000599,25260757,1,0.40366801619529724
ACH-000599,25262792,1,0.4558064043521881
ACH-000599,25262965,1,0.465065062046051
ACH-000599,2733526,0,0.13434651494026184
ACH-000599,300471,1,0.7912388443946838
ACH-000599,3005532,0,0.11431803554296494
ACH-000599,3101542,0,0.1052226796746254
ACH-000599,31703,1,0.7250044345855713
ACH-000599,3218,1,0.5984236598014832
ACH-000599,3372016,0,0.141595721244812
ACH-000599,3385,1,0.7278213500976562
ACH-000599,3463933,1,0.6719784140586853
ACH-000599,36462,1,0.7956265807151794
ACH-000599,3796,0,0.13135865330696106
ACH-000599,3827738,0,0.15466785430908203
ACH-000599,4248455,0,0.29829418659210205
ACH-000599,42623900,0,0.29454171657562256
ACH-000599,42628507,1,0.5479068756103516
ACH-000599,42640,0,0.4683479368686676
ACH-000599,42642645,1,0.5185266733169556
ACH-000599,44137675,0,0.31262698769569397
ACH-000599,44143370,1,0.28583696484565735
ACH-000599,44182295,1,0.4824574887752533
ACH-000599,44224257,0,0.4671470522880554
ACH-000599,44462760,0,0.2593614459037781
ACH-000599,444732,1,0.5250627398490906
ACH-000599,444795,0,0.2276168018579483
ACH-000599,44551660,1,0.597834050655365
ACH-000599,44632017,1,0.41435086727142334
ACH-000599,446378,1,0.6890530586242676
ACH-000599,447912,0,0.31518250703811646
ACH-000599,448013,1,0.7361613512039185
ACH-000599,45258277,0,0.3703078627586365
ACH-000599,46006640,0,0.15985313057899475
ACH-000599,46191454,1,0.6143770813941956
ACH-000599,46192505,0,0.17144949734210968
ACH-000599,46224516,0,0.6034183502197266
ACH-000599,46244454,1,0.675487756729126
ACH-000599,46843648,0,0.5022839903831482
ACH-000599,46883536,0,0.08431149274110794
ACH-000599,46885626,1,0.43158087134361267
ACH-000599,46893585,0,0.25515738129615784
ACH-000599,46907787,0,0.36439570784568787
ACH-000599,46926973,0,0.17409223318099976
ACH-000599,46937430,0,0.09584584087133408
ACH-000599,46943432,0,0.260016530752182
ACH-000599,479503,1,0.6693852543830872
ACH-000599,49806720,0,0.08889970183372498
ACH-000599,49831044,1,0.6350288987159729
ACH-000599,49847690,0,0.3926181197166443
ACH-000599,49850262,0,0.1268499493598938
ACH-000599,5081913,1,0.5723159909248352
ACH-000599,51039095,0,0.3079929053783417
ACH-000599,5113032,0,0.08256082981824875
ACH-000599,51358113,1,0.6565739512443542
ACH-000599,51371303,0,0.19358102977275848
ACH-000599,521106,0,0.44217854738235474
ACH-000599,5278396,0,0.10312803089618683
ACH-000599,5280757,0,0.13181036710739136
ACH-000599,5287969,1,0.4881269335746765
ACH-000599,52912189,0,0.46304309368133545
ACH-000599,52913813,0,0.1883358657360077
ACH-000599,5311,1,0.6084201335906982
ACH-000599,5311497,1,0.4693203866481781
ACH-000599,5328940,0,0.142770454287529
ACH-000599,53302361,1,0.408244252204895
ACH-000599,5330286,1,0.4468059241771698
ACH-000599,53315878,0,0.09249619394540787
ACH-000599,53340664,0,0.3547533452510834
ACH-000599,53340666,1,0.6015519499778748
ACH-000599,5351307,1,0.6641280651092529
ACH-000599,5360373,1,0.4718239903450012
ACH-000599,5394,0,0.08045644313097
ACH-000599,5460033,0,0.6400154232978821
ACH-000599,54676905,0,0.058849722146987915
ACH-000599,54685215,0,0.06054417043924332
ACH-000599,560326,1,0.8072493076324463
ACH-000599,56599306,0,0.3277408480644226
ACH-000599,56962337,0,0.14022709429264069
ACH-000599,56965967,0,0.5810095071792603
ACH-000599,57339144,0,0.07496906816959381
ACH-000599,5746,1,0.7839276790618896
ACH-000599,57519544,0,0.22100093960762024
ACH-000599,58423153,0,0.15529441833496094
ACH-000599,60750,1,0.805876612663269
ACH-000599,6253,1,0.6274204850196838
ACH-000599,637858,1,0.6165517568588257
ACH-000599,644241,0,0.14336010813713074
ACH-000599,644243,0,0.08523733168840408
ACH-000599,6445533,1,0.5736454129219055
ACH-000599,6445562,1,0.27392271161079407
ACH-000599,6450551,0,0.18296946585178375
ACH-000599,6450816,0,0.4270670711994171
ACH-000599,6505803,0,0.38502106070518494
ACH-000599,65110,1,0.44251713156700134
ACH-000599,66577038,0,0.10840604454278946
ACH-000599,68234129,0,0.3276572525501251
ACH-000599,68289010,0,0.0977301299571991
ACH-000599,6852167,1,0.5400968790054321
ACH-000599,6914657,1,0.4211054742336273
ACH-000599,6918289,1,0.3674542307853699
ACH-000599,6918454,1,0.38927215337753296
ACH-000599,6918638,1,0.5092354416847229
ACH-000599,6918837,1,0.609420657157898
ACH-000599,6918848,1,0.6930273175239563
ACH-000599,69923936,1,0.4950035810470581
ACH-000599,704473,0,0.15030349791049957
ACH-000599,71271629,0,0.3626730740070343
ACH-000599,71299339,0,0.12165501713752747
ACH-000599,71729975,1,0.5310633182525635
ACH-000599,73265211,0,0.07043403387069702
ACH-000599,73265214,0,0.19171904027462006
ACH-000599,73707530,1,0.6531861424446106
ACH-000599,73755109,0,0.1960250288248062
ACH-000599,76685059,1,0.41859546303749084
ACH-000599,77232197,0,0.6927083134651184
ACH-000599,78243717,0,0.08484914898872375
ACH-000599,82146,0,0.5285654664039612
ACH-000599,8249,1,0.6929911375045776
ACH-000599,90488984,0,0.06566593796014786
ACH-000599,92577,0,0.10285846143960953
ACH-000599,9549289,0,0.49183326959609985
ACH-000599,9549297,0,0.12185696512460709
ACH-000599,97489,0,0.11986622959375381
ACH-000599,9826528,1,0.6172479391098022
ACH-000599,9829523,0,0.40258094668388367
ACH-000599,984170,0,0.14247316122055054
ACH-000599,9858940,0,0.5316091179847717
ACH-000599,9863776,1,0.7022131085395813
ACH-000599,9868037,0,0.32617682218551636
ACH-000599,9874913,0,0.18576966226100922
ACH-000599,9884685,1,0.2410006821155548
ACH-000599,9903786,1,0.5097855925559998
ACH-000599,9908783,0,0.09494826942682266
ACH-000599,9910224,0,0.07427851855754852
ACH-000599,9911830,0,0.0750906690955162
ACH-000599,9914412,0,0.42057010531425476
ACH-000599,9926054,0,0.41006916761398315
ACH-000599,9931954,0,0.1086171567440033
ACH-000599,9938202,0,0.20002737641334534
ACH-000599,9952773,0,0.2747126817703247
ACH-000599,9956119,0,0.12950284779071808
ACH-000599,9956222,0,0.21329458057880402
ACH-000605,10027278,1,0.4290715456008911
ACH-000605,10074640,0,0.24289724230766296
ACH-000605,10077147,0,0.43381837010383606
ACH-000605,10109823,0,0.34403055906295776
ACH-000605,10113978,0,0.17412173748016357
ACH-000605,10127622,0,0.34003618359565735
ACH-000605,10172943,1,0.4603196680545807
ACH-000605,10184653,1,0.160736545920372
ACH-000605,10302451,0,0.12644393742084503
ACH-000605,10341154,0,0.07588452100753784
ACH-000605,10368812,0,0.6449981331825256
ACH-000605,10384072,0,0.10612698644399643
ACH-000605,10459196,0,0.07816619426012039
ACH-000605,10461815,0,0.06625258922576904
ACH-000605,104741,0,0.2701645493507385
ACH-000605,104842,0,0.6027398109436035
ACH-000605,11152667,1,0.4901677966117859
ACH-000605,11175137,0,0.35762274265289307
ACH-000605,11178236,1,0.46711406111717224
ACH-000605,11282283,0,0.17745910584926605
ACH-000605,11327430,0,0.11064960062503815
ACH-000605,11364421,1,0.41305187344551086
ACH-000605,11373846,0,0.1469721496105194
ACH-000605,11455910,0,0.7299407720565796
ACH-000605,11467730,0,0.307566374540329
ACH-000605,11485656,0,0.1408766210079193
ACH-000605,11488320,1,0.36811333894729614
ACH-000605,11493598,0,0.12820494174957275
ACH-000605,11507964,0,0.1971920132637024
ACH-000605,11511120,1,0.47059041261672974
ACH-000605,11609586,0,0.6025876998901367
ACH-000605,11617559,0,0.09881603717803955
ACH-000605,11624601,0,0.08629561215639114
ACH-000605,11625818,0,0.15592190623283386
ACH-000605,11626560,0,0.19561247527599335
ACH-000605,11626927,0,0.09286784380674362
ACH-000605,11634725,0,0.27943336963653564
ACH-000605,11640390,0,0.24703890085220337
ACH-000605,11647372,1,0.3673265874385834
ACH-000605,11667893,0,0.10281411558389664
ACH-000605,11676786,0,0.18946905434131622
ACH-000605,11707110,0,0.3187231719493866
ACH-000605,11713159,0,0.28003108501434326
ACH-000605,11754511,0,0.5644030570983887
ACH-000605,11754711,0,0.5149502158164978
ACH-000605,11784504,0,0.2747413218021393
ACH-000605,117996541,1,0.6976802945137024
ACH-000605,11844351,0,0.229274719953537
ACH-000605,11960529,0,0.11013299226760864
ACH-000605,11977753,1,0.5274965763092041
ACH-000605,1206243,0,0.3573887348175049
ACH-000605,121596701,0,0.3578857481479645
ACH-000605,123631,0,0.09702777862548828
ACH-000605,126565,0,0.5822040438652039
ACH-000605,126941,0,0.2302282601594925
ACH-000605,13342,1,0.5101646184921265
ACH-000605,135398501,1,0.32471951842308044
ACH-000605,135398516,0,0.4148685932159424
ACH-000605,135418940,0,0.2736683487892151
ACH-000605,135421197,0,0.31280243396759033
ACH-000605,135423438,1,0.4129296839237213
ACH-000605,135440466,0,0.2153688669204712
ACH-000605,135539077,1,0.3814815282821655
ACH-000605,135564599,0,0.08885222673416138
ACH-000605,135565082,0,0.41021376848220825
ACH-000605,135659062,0,0.22699280083179474
ACH-000605,135691163,0,0.49054276943206787
ACH-000605,136240579,0,0.11456909775733948
ACH-000605,1401,0,0.18427561223506927
ACH-000605,148124,0,0.6208049058914185
ACH-000605,156414,1,0.3398769497871399
ACH-000605,156422,0,0.12549065053462982
ACH-000605,159324,1,0.7512868642807007
ACH-000605,15953870,0,0.15100304782390594
ACH-000605,160355,0,0.22313308715820312
ACH-000605,16038120,0,0.2474321722984314
ACH-000605,16095342,0,0.199769988656044
ACH-000605,16123056,0,0.14028753340244293
ACH-000605,16218924,0,0.15647077560424805
ACH-000605,16659841,0,0.15445339679718018
ACH-000605,16663089,0,0.26513025164604187
ACH-000605,16681698,1,0.45478084683418274
ACH-000605,16720766,0,0.28013744950294495
ACH-000605,16722836,0,0.5581768155097961
ACH-000605,16725726,0,0.20621061325073242
ACH-000605,16747388,0,0.3902660608291626
ACH-000605,16747683,1,0.527553379535675
ACH-000605,176158,0,0.08901269733905792
ACH-000605,176167,0,0.3600042164325714
ACH-000605,176870,1,0.15508370101451874
ACH-000605,17755052,0,0.5072761178016663
ACH-000605,208908,1,0.11674404889345169
ACH-000605,216239,0,0.3011799454689026
ACH-000605,216326,0,0.060143765062093735
ACH-000605,2314623,0,0.09118188917636871
ACH-000605,23582824,1,0.7059576511383057
ACH-000605,23725625,0,0.1017390564084053
ACH-000605,2375,0,0.10220206528902054
ACH-000605,24180719,0,0.17040510475635529
ACH-000605,24737642,0,0.3146573305130005
ACH-000605,24739943,1,0.5358108282089233
ACH-000605,24756910,0,0.39920294284820557
ACH-000605,24772043,1,0.5210720300674438
ACH-000605,24772860,1,0.5931755900382996
ACH-000605,24776445,0,0.09556689858436584
ACH-000605,24785538,0,0.4165545403957367
ACH-000605,24826799,0,0.2446371465921402
ACH-000605,24889392,0,0.08635357022285461
ACH-000605,24894414,0,0.14516332745552063
ACH-000605,24951314,0,0.6726400256156921
ACH-000605,24964624,0,0.28871089220046997
ACH-000605,24978538,0,0.3953477144241333
ACH-000605,25022668,0,0.44612595438957214
ACH-000605,25102847,0,0.2841094434261322
ACH-000605,25124816,0,0.10328195989131927
ACH-000605,25126798,0,0.09951383620500565
ACH-000605,25167777,1,0.4619223475456238
ACH-000605,25195294,1,0.6971969604492188
ACH-000605,25227436,0,0.5115435719490051
ACH-000605,25254071,1,0.5111790299415588
ACH-000605,25257557,1,0.270638108253479
ACH-000605,25260757,1,0.37393784523010254
ACH-000605,25262792,1,0.3763676583766937
ACH-000605,25262965,1,0.39194393157958984
ACH-000605,2733526,0,0.13700371980667114
ACH-000605,300471,1,0.7707731127738953
ACH-000605,3005532,0,0.11842653155326843
ACH-000605,3062316,1,0.282083660364151
ACH-000605,31703,1,0.6759607791900635
ACH-000605,3218,1,0.5705815553665161
ACH-000605,3372016,0,0.14444085955619812
ACH-000605,3385,1,0.7290477752685547
ACH-000605,3463933,1,0.6089355945587158
ACH-000605,36314,1,0.6195294260978699
ACH-000605,36462,0,0.7688351273536682
ACH-000605,3796,0,0.12123718112707138
ACH-000605,387447,1,0.6407217979431152
ACH-000605,4261,0,0.744216799736023
ACH-000605,42623900,0,0.2827804982662201
ACH-000605,42628507,0,0.48793524503707886
ACH-000605,42640,0,0.4474110007286072
ACH-000605,42642645,1,0.44719770550727844
ACH-000605,44137675,0,0.27247726917266846
ACH-000605,44143370,0,0.2584103047847748
ACH-000605,44182295,0,0.4245089590549469
ACH-000605,442972,0,0.2219599336385727
ACH-000605,44462760,0,0.2240114063024521
ACH-000605,444795,0,0.229519322514534
ACH-000605,44551660,1,0.5670658349990845
ACH-000605,44632017,0,0.381658673286438
ACH-000605,446378,1,0.6383066177368164
ACH-000605,447912,0,0.33177417516708374
ACH-000605,448013,1,0.6709814667701721
ACH-000605,45258277,1,0.32357338070869446
ACH-000605,46191454,0,0.5519782900810242
ACH-000605,46192505,0,0.16775012016296387
ACH-000605,46224516,0,0.5357292294502258
ACH-000605,462382,0,0.5354709029197693
ACH-000605,46244454,1,0.6169111132621765
ACH-000605,46843648,0,0.44739094376564026
ACH-000605,46844147,0,0.2493392676115036
ACH-000605,46883536,1,0.08718828111886978
ACH-000605,46885626,0,0.3875580430030823
ACH-000605,46893585,0,0.24382701516151428
ACH-000605,46907787,0,0.32374662160873413
ACH-000605,46926973,0,0.1832876354455948
ACH-000605,46937430,0,0.10102392733097076
ACH-000605,46943432,0,0.24730455875396729
ACH-000605,479503,1,0.6040210723876953
ACH-000605,49806720,0,0.08647161722183228
ACH-000605,49831044,0,0.576580286026001
ACH-000605,49847690,0,0.3567289412021637
ACH-000605,49850262,0,0.12865164875984192
ACH-000605,4993,0,0.5213282704353333
ACH-000605,5081913,1,0.5168589353561401
ACH-000605,51039095,0,0.2889474630355835
ACH-000605,5113032,0,0.08437900245189667
ACH-000605,51358113,1,0.6115460395812988
ACH-000605,51371303,0,0.19888553023338318
ACH-000605,521106,1,0.41147953271865845
ACH-000605,5278396,0,0.09817418456077576
ACH-000605,5280757,0,0.132698655128479
ACH-000605,5284616,1,0.24755549430847168
ACH-000605,5291,0,0.11404390633106232
ACH-000605,52912189,0,0.4067998230457306
ACH-000605,52913813,0,0.1836492419242859
ACH-000605,5311,1,0.6052959561347961
ACH-000605,5311497,0,0.40050578117370605
ACH-000605,5311510,0,0.2892201244831085
ACH-000605,5328940,0,0.1339474767446518
ACH-000605,5329102,0,0.27640825510025024
ACH-000605,53302361,0,0.3647339344024658
ACH-000605,5330286,0,0.4008099436759949
ACH-000605,53315878,0,0.09495599567890167
ACH-000605,53340664,0,0.32484015822410583
ACH-000605,53340666,1,0.5615710020065308
ACH-000605,5351307,1,0.6000968217849731
ACH-000605,5360373,1,0.41408392786979675
ACH-000605,5394,0,0.0832100361585617
ACH-000605,5460033,0,0.6328909397125244
ACH-000605,54676905,0,0.06090649589896202
ACH-000605,54685215,0,0.06333412975072861
ACH-000605,5494449,0,0.2783987522125244
ACH-000605,560326,1,0.7918439507484436
ACH-000605,56599306,1,0.28409793972969055
ACH-000605,56962337,0,0.13622461259365082
ACH-000605,56965967,0,0.5322642922401428
ACH-000605,5717801,0,0.2523336708545685
ACH-000605,57339144,0,0.08125706017017365
ACH-000605,5746,1,0.7479302883148193
ACH-000605,57519544,0,0.22570188343524933
ACH-000605,58423153,0,0.15666106343269348
ACH-000605,60750,1,0.7826218008995056
ACH-000605,6253,0,0.6054341197013855
ACH-000605,637858,0,0.5896490216255188
ACH-000605,644215,0,0.5286641120910645
ACH-000605,644241,0,0.1377587914466858
ACH-000605,644243,0,0.09172742813825607
ACH-000605,6445533,1,0.5282993316650391
ACH-000605,6445562,1,0.22722938656806946
ACH-000605,6450551,0,0.18571411073207855
ACH-000605,6450816,0,0.3973296284675598
ACH-000605,6473881,0,0.2086830884218216
ACH-000605,6505803,1,0.3490481376647949
ACH-000605,65110,0,0.40160998702049255
ACH-000605,66577038,0,0.11223412305116653
ACH-000605,68234129,0,0.32784196734428406
ACH-000605,68289010,0,0.09929326176643372
ACH-000605,6852167,0,0.4908902943134308
ACH-000605,6914657,0,0.39468643069267273
ACH-000605,6918289,1,0.335549533367157
ACH-000605,6918454,0,0.33212241530418396
ACH-000605,6918638,0,0.48994094133377075
ACH-000605,6918848,0,0.6558425426483154
ACH-000605,69923936,0,0.4389427602291107
ACH-000605,704473,0,0.15568652749061584
ACH-000605,71271629,0,0.33839666843414307
ACH-000605,71729975,0,0.4651331901550293
ACH-000605,73265211,0,0.07026287913322449
ACH-000605,73265214,0,0.18859389424324036
ACH-000605,73707530,0,0.5749533772468567
ACH-000605,73755109,0,0.18723486363887787
ACH-000605,76044,1,0.3888486623764038
ACH-000605,76685059,0,0.3801802396774292
ACH-000605,77232197,1,0.6457644701004028
ACH-000605,78243717,0,0.08896797150373459
ACH-000605,82146,0,0.5037036538124084
ACH-000605,8249,1,0.6407657861709595
ACH-000605,90488984,0,0.0658411979675293
ACH-000605,92577,0,0.09595375508069992
ACH-000605,9549184,0,0.21930670738220215
ACH-000605,9549289,1,0.4556615948677063
ACH-000605,9549297,0,0.1089218333363533
ACH-000605,97489,0,0.12046074867248535
ACH-000605,9826308,1,0.5509957075119019
ACH-000605,9826528,1,0.5456510782241821
ACH-000605,9829523,0,0.3858933448791504
ACH-000605,984170,0,0.13118793070316315
ACH-000605,9858940,0,0.47395792603492737
ACH-000605,9863776,0,0.64813232421875
ACH-000605,9868037,0,0.33450889587402344
ACH-000605,9874913,0,0.18359114229679108
ACH-000605,9884685,1,0.20661740005016327
ACH-000605,9903786,0,0.4368220269680023
ACH-000605,9907093,0,0.20469877123832703
ACH-000605,9908783,0,0.09760452806949615
ACH-000605,9910224,0,0.07679527252912521
ACH-000605,9911830,0,0.085912324488163
ACH-000605,9914412,0,0.40203991532325745
ACH-000605,9926054,1,0.3793568015098572
ACH-000605,9931954,0,0.10397969186306
ACH-000605,9938202,0,0.1922297179698944
ACH-000605,9952773,0,0.25700250267982483
ACH-000605,9956119,0,0.13441069424152374
ACH-000605,9956222,0,0.21279765665531158
ACH-000614,10027278,0,0.4045701324939728
ACH-000614,10074640,1,0.2500973045825958
ACH-000614,10077147,0,0.397899866104126
ACH-000614,10109823,0,0.34825992584228516
ACH-000614,10113978,0,0.22889499366283417
ACH-000614,10127622,1,0.39050328731536865
ACH-000614,10184653,0,0.1710854470729828
ACH-000614,10341154,0,0.08707845956087112
ACH-000614,10368812,1,0.6859543323516846
ACH-000614,10377751,1,0.6400120854377747
ACH-000614,10384072,0,0.12469227612018585
ACH-000614,10459196,0,0.08397646993398666
ACH-000614,104741,0,0.257167249917984
ACH-000614,104842,1,0.6458631157875061
ACH-000614,107969,1,0.5822588205337524
ACH-000614,11152667,1,0.5557858347892761
ACH-000614,11175137,1,0.45519933104515076
ACH-000614,11178236,1,0.45053502917289734
ACH-000614,11282283,1,0.19547049701213837
ACH-000614,11327430,0,0.11908523738384247
ACH-000614,11338033,1,0.516639769077301
ACH-000614,11373846,0,0.17216606438159943
ACH-000614,11455910,1,0.7882857918739319
ACH-000614,11485656,0,0.16317544877529144
ACH-000614,11488320,1,0.4276236593723297
ACH-000614,11493598,0,0.14085468649864197
ACH-000614,11507964,0,0.19890382885932922
ACH-000614,11511120,1,0.5238082408905029
ACH-000614,11609586,0,0.6412760615348816
ACH-000614,11617559,0,0.10067813098430634
ACH-000614,11624601,0,0.08566270768642426
ACH-000614,11625818,0,0.1556224822998047
ACH-000614,11634725,1,0.31364503502845764
ACH-000614,11640390,0,0.25634726881980896
ACH-000614,11647372,1,0.3681536316871643
ACH-000614,11667893,0,0.104849673807621
ACH-000614,11707110,1,0.3368763029575348
ACH-000614,11713159,1,0.2735549211502075
ACH-000614,11754511,0,0.5860564708709717
ACH-000614,11784504,0,0.27583375573158264
ACH-000614,117918970,0,0.34837332367897034
ACH-000614,117996541,1,0.7578124403953552
ACH-000614,11960529,0,0.09629634767770767
ACH-000614,11977753,1,0.5190274119377136
ACH-000614,1206243,0,0.41788309812545776
ACH-000614,121596701,1,0.3945484459400177
ACH-000614,123631,0,0.10057903826236725
ACH-000614,126565,1,0.5516246557235718
ACH-000614,126941,0,0.283747136592865
ACH-000614,13342,1,0.5268447399139404
ACH-000614,135398501,1,0.34094738960266113
ACH-000614,135398516,0,0.482512891292572
ACH-000614,135410875,0,0.2371646910905838
ACH-000614,135418940,0,0.26013174653053284
ACH-000614,135421197,0,0.3450104594230652
ACH-000614,135423438,0,0.46675777435302734
ACH-000614,135440466,0,0.2556019127368927
ACH-000614,135499520,0,0.17133189737796783
ACH-000614,135539077,1,0.4723323881626129
ACH-000614,135564599,1,0.08786014467477798
ACH-000614,135565082,0,0.4699481725692749
ACH-000614,135659062,0,0.2662501335144043
ACH-000614,135691163,0,0.5232464671134949
ACH-000614,136240579,0,0.13287822902202606
ACH-000614,1401,0,0.19229638576507568
ACH-000614,148124,1,0.6296132802963257
ACH-000614,156414,1,0.41166967153549194
ACH-000614,156422,0,0.1321285367012024
ACH-000614,159324,1,0.8154640197753906
ACH-000614,15953870,0,0.16581900417804718
ACH-000614,16095342,0,0.23803573846817017
ACH-000614,16123056,0,0.14729423820972443
ACH-000614,16218924,0,0.1819417029619217
ACH-000614,16659841,0,0.18551158905029297
ACH-000614,16681698,1,0.5140783190727234
ACH-000614,16722836,0,0.5859343409538269
ACH-000614,16725726,0,0.2237735539674759
ACH-000614,16732433,0,0.13505125045776367
ACH-000614,16747388,1,0.3744765818119049
ACH-000614,16747683,1,0.6211047172546387
ACH-000614,176158,0,0.09582819044589996
ACH-000614,176167,1,0.39285963773727417
ACH-000614,17755052,1,0.5430923104286194
ACH-000614,216326,0,0.05816618353128433
ACH-000614,2314623,0,0.08707759529352188
ACH-000614,23582824,1,0.7835674285888672
ACH-000614,23725625,0,0.108766108751297
ACH-000614,2375,0,0.09457568824291229
ACH-000614,24180719,1,0.19525282084941864
ACH-000614,24737642,0,0.35328006744384766
ACH-000614,24739943,1,0.6405851244926453
ACH-000614,24756910,1,0.42793378233909607
ACH-000614,24770514,1,0.4116987884044647
ACH-000614,24771867,0,0.27282971143722534
ACH-000614,24772043,1,0.5583397746086121
ACH-000614,24772860,1,0.5752267837524414
ACH-000614,24776445,0,0.10570729523897171
ACH-000614,24785538,0,0.45452219247817993
ACH-000614,24826799,0,0.2338535189628601
ACH-000614,24889392,0,0.0867239460349083
ACH-000614,24894414,0,0.16251948475837708
ACH-000614,24951314,1,0.6997212171554565
ACH-000614,24964624,0,0.31887510418891907
ACH-000614,24978538,0,0.393289178609848
ACH-000614,25022668,0,0.5088554620742798
ACH-000614,25102847,0,0.2905366122722626
ACH-000614,25124816,0,0.1072586253285408
ACH-000614,25126798,0,0.10283935815095901
ACH-000614,25167777,1,0.551154613494873
ACH-000614,25195294,1,0.7522399425506592
ACH-000614,25226117,0,0.19919453561306
ACH-000614,25226483,0,0.7686054706573486
ACH-000614,25227436,1,0.5495206713676453
ACH-000614,25254071,1,0.5342428684234619
ACH-000614,25257557,0,0.2917889654636383
ACH-000614,25260757,1,0.39826834201812744
ACH-000614,25262792,1,0.4548009932041168
ACH-000614,25262965,1,0.449341356754303
ACH-000614,2733526,0,0.14761357009410858
ACH-000614,300471,1,0.7912099361419678
ACH-000614,3005532,0,0.11917507648468018
ACH-000614,3101542,0,0.11349556595087051
ACH-000614,31703,1,0.6980599164962769
ACH-000614,3218,1,0.5967562794685364
ACH-000614,3372016,0,0.14612643420696259
ACH-000614,3385,1,0.7193139791488647
ACH-000614,3463933,1,0.6711142063140869
ACH-000614,36462,0,0.7826823592185974
ACH-000614,3796,0,0.15210016071796417
ACH-000614,3827738,0,0.13908305764198303
ACH-000614,4248455,0,0.3134180009365082
ACH-000614,42623900,0,0.3117453455924988
ACH-000614,42628507,1,0.5726173520088196
ACH-000614,42628535,0,0.3683116137981415
ACH-000614,42640,0,0.4405105412006378
ACH-000614,42642645,1,0.4909471571445465
ACH-000614,44137675,1,0.3211278021335602
ACH-000614,44143370,1,0.28990501165390015
ACH-000614,44182295,1,0.43905556201934814
ACH-000614,44224257,0,0.44246792793273926
ACH-000614,44462760,1,0.28457266092300415
ACH-000614,444732,0,0.5273508429527283
ACH-000614,444795,0,0.25494328141212463
ACH-000614,44551660,1,0.6409844756126404
ACH-000614,44632017,1,0.4081851541996002
ACH-000614,446378,1,0.6808851957321167
ACH-000614,447912,0,0.293173611164093
ACH-000614,448013,1,0.695374071598053
ACH-000614,45258277,1,0.3611210584640503
ACH-000614,46006640,0,0.16933055222034454
ACH-000614,46191454,0,0.6245431303977966
ACH-000614,46192505,1,0.18879789113998413
ACH-000614,46224516,1,0.6237431168556213
ACH-000614,46244454,1,0.6355035901069641
ACH-000614,46843648,0,0.5030774474143982
ACH-000614,46843772,0,0.27869781851768494
ACH-000614,46883536,0,0.08026846498250961
ACH-000614,46885626,0,0.4545011520385742
ACH-000614,46893585,0,0.22511406242847443
ACH-000614,46907787,1,0.3685353994369507
ACH-000614,46926973,0,0.20908673107624054
ACH-000614,46937430,0,0.10137064009904861
ACH-000614,46943432,0,0.2692509591579437
ACH-000614,479503,1,0.6704167127609253
ACH-000614,49806720,0,0.09472440928220749
ACH-000614,49831044,0,0.6907094717025757
ACH-000614,49847690,1,0.38314658403396606
ACH-000614,49850262,0,0.1294151395559311
ACH-000614,5081913,1,0.503972053527832
ACH-000614,51039095,0,0.2997221350669861
ACH-000614,5113032,0,0.08568456768989563
ACH-000614,51358113,1,0.6024724841117859
ACH-000614,51371303,0,0.19409950077533722
ACH-000614,521106,0,0.4560862183570862
ACH-000614,5278396,0,0.11402259021997452
ACH-000614,5280757,0,0.14136181771755219
ACH-000614,5287969,0,0.4467921257019043
ACH-000614,52912189,1,0.47088193893432617
ACH-000614,52913813,0,0.19245225191116333
ACH-000614,5311,1,0.5963296890258789
ACH-000614,5311497,1,0.45141008496284485
ACH-000614,5328940,0,0.14681954681873322
ACH-000614,53302361,1,0.35689955949783325
ACH-000614,5330286,0,0.4428448975086212
ACH-000614,53315878,0,0.1014399379491806
ACH-000614,53340664,1,0.31809842586517334
ACH-000614,53340666,1,0.5906391739845276
ACH-000614,5351307,1,0.6715320348739624
ACH-000614,5360373,1,0.451376348733902
ACH-000614,5394,0,0.0853489339351654
ACH-000614,5460033,0,0.6166554093360901
ACH-000614,54676905,0,0.0644964948296547
ACH-000614,54685215,0,0.061485372483730316
ACH-000614,560326,1,0.8004841208457947
ACH-000614,56599306,0,0.33808448910713196
ACH-000614,56962337,0,0.15150588750839233
ACH-000614,56965967,1,0.626656174659729
ACH-000614,57339144,0,0.07756930589675903
ACH-000614,57340680,1,0.3776938021183014
ACH-000614,5746,1,0.7738723754882812
ACH-000614,57519544,0,0.25860595703125
ACH-000614,58423153,0,0.15929563343524933
ACH-000614,60750,0,0.7701354622840881
ACH-000614,6253,0,0.6179559230804443
ACH-000614,637858,1,0.656797468662262
ACH-000614,644241,0,0.14701959490776062
ACH-000614,644243,0,0.08550649136304855
ACH-000614,6445533,1,0.5748461484909058
ACH-000614,6445562,1,0.25740161538124084
ACH-000614,6450551,0,0.2195134460926056
ACH-000614,6450816,1,0.42559394240379333
ACH-000614,6505803,1,0.41199585795402527
ACH-000614,65110,0,0.4449475109577179
ACH-000614,66577038,0,0.11457382887601852
ACH-000614,68234129,0,0.3597666919231415
ACH-000614,68289010,0,0.11539868265390396
ACH-000614,6852167,1,0.503879189491272
ACH-000614,6914657,1,0.41681787371635437
ACH-000614,6918289,1,0.38121485710144043
ACH-000614,6918454,1,0.36900684237480164
ACH-000614,6918638,1,0.5001925230026245
ACH-000614,6918837,0,0.6176446676254272
ACH-000614,6918848,1,0.717408299446106
ACH-000614,69923936,0,0.42803624272346497
ACH-000614,704473,0,0.1771465539932251
ACH-000614,71271629,0,0.3927456736564636
ACH-000614,71299339,0,0.11721742898225784
ACH-000614,71729975,1,0.5377510190010071
ACH-000614,73265211,0,0.07268690317869186
ACH-000614,73265214,0,0.18403062224388123
ACH-000614,73707530,0,0.7201741933822632
ACH-000614,73755109,0,0.17998115718364716
ACH-000614,76685059,0,0.4100969135761261
ACH-000614,77232197,1,0.6178142428398132
ACH-000614,78243717,0,0.08884412050247192
ACH-000614,82146,0,0.5562496185302734
ACH-000614,8249,1,0.6711583137512207
ACH-000614,90488984,0,0.06745262444019318
ACH-000614,92577,0,0.11828484386205673
ACH-000614,9549289,1,0.5711387395858765
ACH-000614,9549297,0,0.12674081325531006
ACH-000614,97489,1,0.13037659227848053
ACH-000614,9826528,1,0.5738608837127686
ACH-000614,9829523,0,0.38793298602104187
ACH-000614,984170,0,0.16807039082050323
ACH-000614,9858940,0,0.5635818243026733
ACH-000614,9863776,1,0.6870913505554199
ACH-000614,9868037,0,0.3117067217826843
ACH-000614,9874913,0,0.211812824010849
ACH-000614,9903786,0,0.510853111743927
ACH-000614,9908783,0,0.10282444953918457
ACH-000614,9910224,0,0.08565574884414673
ACH-000614,9911830,0,0.08551112562417984
ACH-000614,9914412,0,0.43847164511680603
ACH-000614,9926054,1,0.36471953988075256
ACH-000614,9931954,0,0.1156296357512474
ACH-000614,9938202,0,0.19124509394168854
ACH-000614,9952773,0,0.31216543912887573
ACH-000614,9956119,0,0.13600952923297882
ACH-000614,9956222,1,0.22421979904174805
ACH-000621,10027278,1,0.44849398732185364
ACH-000621,10074640,0,0.27800488471984863
ACH-000621,10077147,1,0.4031578302383423
ACH-000621,10109823,1,0.30496224761009216
ACH-000621,10113978,0,0.20489896833896637
ACH-000621,10127622,0,0.3476376533508301
ACH-000621,10184653,0,0.14884290099143982
ACH-000621,10341154,0,0.08003763854503632
ACH-000621,10368812,1,0.6830548644065857
ACH-000621,10377751,1,0.5374999642372131
ACH-000621,10384072,0,0.1182684376835823
ACH-000621,10459196,0,0.08834380656480789
ACH-000621,104741,0,0.24301323294639587
ACH-000621,104842,1,0.6137421727180481
ACH-000621,107969,1,0.5187333822250366
ACH-000621,11152667,1,0.5173951387405396
ACH-000621,11175137,0,0.36606359481811523
ACH-000621,11178236,1,0.4785318672657013
ACH-000621,11282283,0,0.17339053750038147
ACH-000621,11327430,0,0.10788749158382416
ACH-000621,11338033,1,0.4633335769176483
ACH-000621,11373846,0,0.15295036137104034
ACH-000621,11455910,1,0.7757628560066223
ACH-000621,11485656,0,0.15339075028896332
ACH-000621,11488320,1,0.38603681325912476
ACH-000621,11493598,0,0.1427464634180069
ACH-000621,11507964,0,0.19852718710899353
ACH-000621,11511120,1,0.44101637601852417
ACH-000621,11609586,0,0.6118918657302856
ACH-000621,11617559,0,0.08837813138961792
ACH-000621,11624601,0,0.09045413136482239
ACH-000621,11625818,0,0.15368863940238953
ACH-000621,11634725,0,0.2704360783100128
ACH-000621,11640390,0,0.2676573097705841
ACH-000621,11647372,0,0.3927721083164215
ACH-000621,11667893,0,0.09002740681171417
ACH-000621,11707110,0,0.3713618516921997
ACH-000621,11713159,0,0.2520332932472229
ACH-000621,11754511,0,0.48906710743904114
ACH-000621,11784504,0,0.29279252886772156
ACH-000621,117918970,0,0.31112760305404663
ACH-000621,117996541,1,0.659619152545929
ACH-000621,11960529,0,0.10292283445596695
ACH-000621,11977753,1,0.5243749022483826
ACH-000621,1206243,1,0.3678882420063019
ACH-000621,121596701,1,0.3679928481578827
ACH-000621,123631,0,0.0915321633219719
ACH-000621,126565,0,0.6252118945121765
ACH-000621,126941,0,0.2459467500448227
ACH-000621,13342,0,0.5503015518188477
ACH-000621,135398501,0,0.34620681405067444
ACH-000621,135398516,1,0.49150049686431885
ACH-000621,135410875,0,0.1963883936405182
ACH-000621,135418940,0,0.2381519228219986
ACH-000621,135421197,0,0.30630820989608765
ACH-000621,135423438,1,0.4783444404602051
ACH-000621,135440466,0,0.21250039339065552
ACH-000621,135499520,0,0.17077727615833282
ACH-000621,135539077,0,0.3992573916912079
ACH-000621,135564599,0,0.10178741812705994
ACH-000621,135565082,0,0.48278120160102844
ACH-000621,135659062,0,0.3072342574596405
ACH-000621,135691163,0,0.5063366293907166
ACH-000621,136240579,0,0.10908094048500061
ACH-000621,1401,0,0.1681012064218521
ACH-000621,148124,0,0.644095778465271
ACH-000621,156414,0,0.3307531476020813
ACH-000621,156422,0,0.11556065082550049
ACH-000621,159324,1,0.7923290729522705
ACH-000621,15953870,0,0.15930679440498352
ACH-000621,16095342,0,0.18661056458950043
ACH-000621,16123056,0,0.14481337368488312
ACH-000621,16218924,0,0.16984756290912628
ACH-000621,16659841,0,0.16487723588943481
ACH-000621,16681698,1,0.4812878668308258
ACH-000621,16720766,1,0.2984691560268402
ACH-000621,16722836,0,0.5273438096046448
ACH-000621,16725726,0,0.18678367137908936
ACH-000621,16732433,0,0.1128811314702034
ACH-000621,16747388,0,0.4032304584980011
ACH-000621,16747683,1,0.577541172504425
ACH-000621,176158,0,0.09096449613571167
ACH-000621,176167,0,0.3998170495033264
ACH-000621,17755052,0,0.48885709047317505
ACH-000621,216326,0,0.057735297828912735
ACH-000621,2314623,0,0.0768553838133812
ACH-000621,23582824,1,0.7138100266456604
ACH-000621,23725625,0,0.09812585264444351
ACH-000621,2375,0,0.10319352895021439
ACH-000621,24180719,0,0.14396558701992035
ACH-000621,24737642,1,0.28181779384613037
ACH-000621,24739943,1,0.5819159150123596
ACH-000621,24756910,1,0.3499281704425812
ACH-000621,24770514,1,0.37176740169525146
ACH-000621,24771867,0,0.23840077221393585
ACH-000621,24772043,1,0.48966580629348755
ACH-000621,24772860,0,0.5641210675239563
ACH-000621,24776445,0,0.0912858173251152
ACH-000621,24785538,0,0.41300442814826965
ACH-000621,24826799,0,0.22980709373950958
ACH-000621,24889392,0,0.07476741820573807
ACH-000621,24894414,0,0.11955716460943222
ACH-000621,24951314,1,0.6245489120483398
ACH-000621,24964624,0,0.3069908916950226
ACH-000621,24978538,0,0.3628803491592407
ACH-000621,25022668,0,0.43234720826148987
ACH-000621,25102847,0,0.27490493655204773
ACH-000621,25124816,0,0.11174716055393219
ACH-000621,25126798,0,0.08797167241573334
ACH-000621,25167777,1,0.48001572489738464
ACH-000621,25195294,1,0.7194249033927917
ACH-000621,25227436,0,0.49224552512168884
ACH-000621,25254071,1,0.5562533736228943
ACH-000621,25257557,0,0.28843677043914795
ACH-000621,25260757,1,0.3621945381164551
ACH-000621,25262792,1,0.41647103428840637
ACH-000621,25262965,1,0.41669487953186035
ACH-000621,2733526,0,0.13120955228805542
ACH-000621,300471,0,0.8231351375579834
ACH-000621,3005532,0,0.11049458384513855
ACH-000621,3101542,0,0.11191108822822571
ACH-000621,31703,1,0.7300207018852234
ACH-000621,3218,1,0.5146834850311279
ACH-000621,3372016,0,0.14880789816379547
ACH-000621,3385,0,0.700661838054657
ACH-000621,3463933,1,0.6304624676704407
ACH-000621,36462,1,0.8261389136314392
ACH-000621,3796,0,0.1289166361093521
ACH-000621,3827738,0,0.15429845452308655
ACH-000621,4248455,0,0.27155086398124695
ACH-000621,42623900,0,0.28986966609954834
ACH-000621,42628507,1,0.5327863097190857
ACH-000621,42640,0,0.43758052587509155
ACH-000621,42642645,1,0.4576673209667206
ACH-000621,44137675,0,0.29469871520996094
ACH-000621,44143370,0,0.2285027951002121
ACH-000621,44182295,0,0.4435638189315796
ACH-000621,44224257,1,0.4373018741607666
ACH-000621,44462760,0,0.23004433512687683
ACH-000621,444732,1,0.46310603618621826
ACH-000621,444795,1,0.20429357886314392
ACH-000621,44551660,0,0.6183581352233887
ACH-000621,44632017,1,0.3889290392398834
ACH-000621,446378,0,0.6231744885444641
ACH-000621,447912,0,0.3004400432109833
ACH-000621,448013,0,0.733726978302002
ACH-000621,45258277,1,0.2902573347091675
ACH-000621,46006640,0,0.16495826840400696
ACH-000621,46191454,0,0.6230427622795105
ACH-000621,46192505,0,0.16568414866924286
ACH-000621,46224516,0,0.5583918690681458
ACH-000621,46244454,1,0.605308473110199
ACH-000621,46843648,0,0.4660896062850952
ACH-000621,46883536,0,0.082441046833992
ACH-000621,46885626,1,0.4562940299510956
ACH-000621,46893585,0,0.2408149093389511
ACH-000621,46907787,1,0.3421209156513214
ACH-000621,46926973,0,0.16459263861179352
ACH-000621,46937430,0,0.09715759009122849
ACH-000621,46943432,0,0.2505987584590912
ACH-000621,479503,1,0.6409963965415955
ACH-000621,49806720,0,0.09069135785102844
ACH-000621,49831044,1,0.6250979900360107
ACH-000621,49847690,0,0.3334600031375885
ACH-000621,49850262,0,0.12081573903560638
ACH-000621,5081913,1,0.5254549980163574
ACH-000621,51039095,0,0.3245663642883301
ACH-000621,5113032,0,0.07825511693954468
ACH-000621,51358113,1,0.5798627734184265
ACH-000621,51371303,0,0.17795401811599731
ACH-000621,521106,0,0.4214820861816406
ACH-000621,5278396,0,0.0959206372499466
ACH-000621,5280757,0,0.1218097135424614
ACH-000621,5287969,1,0.5028485655784607
ACH-000621,52912189,1,0.4788179397583008
ACH-000621,52913813,0,0.18260636925697327
ACH-000621,5311,0,0.5447636842727661
ACH-000621,5311497,1,0.4561595320701599
ACH-000621,5328940,0,0.14643016457557678
ACH-000621,53302361,1,0.3409726023674011
ACH-000621,5330286,0,0.40671437978744507
ACH-000621,53315878,0,0.08647984266281128
ACH-000621,53340664,0,0.30678805708885193
ACH-000621,53340666,1,0.5233777165412903
ACH-000621,5351307,1,0.596003532409668
ACH-000621,5360373,0,0.4223794639110565
ACH-000621,5394,0,0.08288122713565826
ACH-000621,5460033,0,0.6316590905189514
ACH-000621,54676905,0,0.06524592638015747
ACH-000621,54685215,0,0.06410278379917145
ACH-000621,560326,1,0.8044983148574829
ACH-000621,56599306,0,0.2987583577632904
ACH-000621,56962337,0,0.13875268399715424
ACH-000621,56965967,0,0.5971885323524475
ACH-000621,57339144,0,0.07096079736948013
ACH-000621,5746,1,0.7906463146209717
ACH-000621,57519544,0,0.21444153785705566
ACH-000621,58423153,0,0.1586674004793167
ACH-000621,60750,1,0.7915891408920288
ACH-000621,6253,0,0.6362814903259277
ACH-000621,637858,1,0.547061562538147
ACH-000621,644241,0,0.13152331113815308
ACH-000621,644243,0,0.08339405804872513
ACH-000621,6445533,1,0.5115025043487549
ACH-000621,6445562,0,0.234030082821846
ACH-000621,6450551,0,0.1916365921497345
ACH-000621,6450816,0,0.4002106487751007
ACH-000621,6505803,1,0.35723042488098145
ACH-000621,65110,0,0.46684402227401733
ACH-000621,66577038,0,0.10445071011781693
ACH-000621,68234129,0,0.32586008310317993
ACH-000621,68289010,0,0.10433882474899292
ACH-000621,6852167,0,0.5147795677185059
ACH-000621,6914657,1,0.33981940150260925
ACH-000621,6918289,0,0.3342262804508209
ACH-000621,6918454,0,0.32919612526893616
ACH-000621,6918638,1,0.4851321280002594
ACH-000621,6918837,1,0.5305452942848206
ACH-000621,6918848,1,0.6823225021362305
ACH-000621,69923936,0,0.4399838447570801
ACH-000621,704473,0,0.15742293000221252
ACH-000621,71271629,0,0.37461167573928833
ACH-000621,71299339,0,0.10658670216798782
ACH-000621,71729975,1,0.5474149584770203
ACH-000621,73265211,0,0.07027670741081238
ACH-000621,73265214,0,0.18074578046798706
ACH-000621,73707530,1,0.6355575919151306
ACH-000621,73755109,0,0.19920122623443604
ACH-000621,76685059,0,0.41862884163856506
ACH-000621,77232197,1,0.595435380935669
ACH-000621,78243717,0,0.07691352814435959
ACH-000621,82146,0,0.504856288433075
ACH-000621,8249,1,0.6617214679718018
ACH-000621,90488984,0,0.06584395468235016
ACH-000621,92577,0,0.10365001857280731
ACH-000621,9549289,1,0.43762341141700745
ACH-000621,9549297,0,0.11085978150367737
ACH-000621,97489,0,0.12383341044187546
ACH-000621,9826528,0,0.5816324353218079
ACH-000621,9829523,1,0.4755135178565979
ACH-000621,984170,0,0.13602221012115479
ACH-000621,9858940,1,0.4849911034107208
ACH-000621,9863776,1,0.7198655009269714
ACH-000621,9868037,0,0.27031922340393066
ACH-000621,9874913,0,0.18318282067775726
ACH-000621,9884685,0,0.2136460244655609
ACH-000621,9903786,0,0.48590773344039917
ACH-000621,9908783,0,0.1012544184923172
ACH-000621,9910224,0,0.07534008473157883
ACH-000621,9911830,0,0.07116875052452087
ACH-000621,9914412,1,0.39953237771987915
ACH-000621,9926054,0,0.3882664740085602
ACH-000621,9931954,0,0.11455529928207397
ACH-000621,9938202,0,0.1819024682044983
ACH-000621,9952773,0,0.2740084230899811
ACH-000621,9956119,0,0.11121867597103119
ACH-000621,9956222,0,0.20164965093135834
ACH-000624,10027278,1,0.3535132110118866
ACH-000624,10074640,1,0.23339003324508667
ACH-000624,10077147,0,0.3955848515033722
ACH-000624,10109823,1,0.33075782656669617
ACH-000624,10113978,0,0.2048460841178894
ACH-000624,10127622,0,0.30306071043014526
ACH-000624,10184653,0,0.16954876482486725
ACH-000624,10341154,0,0.0840950459241867
ACH-000624,10368812,1,0.6181929707527161
ACH-000624,10377751,1,0.6126193404197693
ACH-000624,10384072,1,0.11395313590765
ACH-000624,10459196,0,0.07711287587881088
ACH-000624,104741,0,0.23793074488639832
ACH-000624,104842,1,0.5729762315750122
ACH-000624,107969,1,0.5001862049102783
ACH-000624,11152667,1,0.4477181136608124
ACH-000624,11175137,1,0.388333797454834
ACH-000624,11178236,1,0.3950423300266266
ACH-000624,11282283,0,0.17438776791095734
ACH-000624,11327430,0,0.12194187939167023
ACH-000624,11338033,1,0.44643089175224304
ACH-000624,11373846,0,0.15975800156593323
ACH-000624,11455910,1,0.692242443561554
ACH-000624,11485656,0,0.1625593602657318
ACH-000624,11488320,1,0.35361117124557495
ACH-000624,11493598,0,0.14336271584033966
ACH-000624,11507964,0,0.18108215928077698
ACH-000624,11511120,1,0.42645788192749023
ACH-000624,11609586,1,0.70787513256073
ACH-000624,11617559,0,0.10609474033117294
ACH-000624,11624601,0,0.09340473264455795
ACH-000624,11625818,0,0.17087846994400024
ACH-000624,11634725,0,0.29594382643699646
ACH-000624,11640390,0,0.24491716921329498
ACH-000624,11647372,1,0.3052051365375519
ACH-000624,11667893,0,0.10745586454868317
ACH-000624,11707110,0,0.2589082717895508
ACH-000624,11713159,0,0.2338070571422577
ACH-000624,11754511,0,0.5325886011123657
ACH-000624,11784504,0,0.24185524880886078
ACH-000624,117918970,0,0.3263518810272217
ACH-000624,117996541,1,0.7192304730415344
ACH-000624,11960529,0,0.11157295107841492
ACH-000624,11977753,1,0.4303733706474304
ACH-000624,1206243,1,0.37409695982933044
ACH-000624,121596701,1,0.32040613889694214
ACH-000624,123631,0,0.10140974074602127
ACH-000624,126565,1,0.4924672245979309
ACH-000624,126941,0,0.2512648403644562
ACH-000624,13342,1,0.42017796635627747
ACH-000624,135398501,1,0.3096745014190674
ACH-000624,135398516,1,0.36001843214035034
ACH-000624,135410875,1,0.19938822090625763
ACH-000624,135418940,0,0.2669278383255005
ACH-000624,135421197,0,0.344981849193573
ACH-000624,135423438,1,0.43490132689476013
ACH-000624,135440466,0,0.21777066588401794
ACH-000624,135499520,0,0.1575634479522705
ACH-000624,135539077,1,0.36135992407798767
ACH-000624,135564599,0,0.09362878650426865
ACH-000624,135659062,0,0.2775894105434418
ACH-000624,135691163,1,0.4186740219593048
ACH-000624,136240579,0,0.1378796249628067
ACH-000624,1401,0,0.18866369128227234
ACH-000624,148124,1,0.5467749834060669
ACH-000624,156414,1,0.34122347831726074
ACH-000624,156422,0,0.1287318617105484
ACH-000624,159324,1,0.7810512185096741
ACH-000624,15953870,0,0.15299655497074127
ACH-000624,16095342,0,0.18271082639694214
ACH-000624,16123056,0,0.1581626832485199
ACH-000624,16218924,0,0.18852652609348297
ACH-000624,16659841,1,0.18473495543003082
ACH-000624,16681698,1,0.41079846024513245
ACH-000624,16720766,1,0.25610843300819397
ACH-000624,16722836,1,0.4699546694755554
ACH-000624,16725726,0,0.1862608641386032
ACH-000624,16732433,0,0.13706475496292114
ACH-000624,16747388,0,0.31627246737480164
ACH-000624,16747683,1,0.5302736759185791
ACH-000624,176158,0,0.09776633977890015
ACH-000624,176167,0,0.3377787470817566
ACH-000624,17755052,0,0.4358111321926117
ACH-000624,216326,0,0.07214526832103729
ACH-000624,2314623,0,0.10008248686790466
ACH-000624,23582824,1,0.7322229146957397
ACH-000624,23725625,1,0.11058776080608368
ACH-000624,2375,0,0.0947222039103508
ACH-000624,24180719,0,0.18209728598594666
ACH-000624,24737642,0,0.2892534136772156
ACH-000624,24739943,1,0.5848969221115112
ACH-000624,24756910,1,0.3415478467941284
ACH-000624,24770514,1,0.3624618351459503
ACH-000624,24771867,0,0.23553374409675598
ACH-000624,24772043,1,0.4665709137916565
ACH-000624,24772860,1,0.47700294852256775
ACH-000624,24776445,0,0.1031210795044899
ACH-000624,24785538,0,0.37484773993492126
ACH-000624,24826799,0,0.21023549139499664
ACH-000624,24889392,0,0.08435306698083878
ACH-000624,24894414,0,0.15125960111618042
ACH-000624,24951314,1,0.5981525182723999
ACH-000624,24964624,0,0.2582962214946747
ACH-000624,24978538,0,0.3281799554824829
ACH-000624,25022668,0,0.4267222285270691
ACH-000624,25102847,0,0.2840191721916199
ACH-000624,25124816,0,0.10591882467269897
ACH-000624,25126798,0,0.10262540727853775
ACH-000624,25167777,1,0.46694672107696533
ACH-000624,25195294,1,0.6911124587059021
ACH-000624,25227436,0,0.49062827229499817
ACH-000624,25254071,1,0.428825706243515
ACH-000624,25257557,1,0.256265789270401
ACH-000624,25260757,1,0.3191615641117096
ACH-000624,25262792,1,0.3757501244544983
ACH-000624,25262965,1,0.3723580241203308
ACH-000624,2733526,0,0.1632743775844574
ACH-000624,300471,1,0.7689618468284607
ACH-000624,3005532,0,0.13268989324569702
ACH-000624,3101542,0,0.12678386270999908
ACH-000624,31703,1,0.600848376750946
ACH-000624,3218,1,0.5547230243682861
ACH-000624,3372016,0,0.15815193951129913
ACH-000624,3385,1,0.714680552482605
ACH-000624,3463933,1,0.5583299994468689
ACH-000624,36462,1,0.7188717722892761
ACH-000624,3796,0,0.13870872557163239
ACH-000624,3827738,0,0.14006079733371735
ACH-000624,4248455,0,0.30103600025177
ACH-000624,42623900,0,0.2937288284301758
ACH-000624,42628507,1,0.4861745834350586
ACH-000624,42640,0,0.38133856654167175
ACH-000624,42642645,1,0.3807898163795471
ACH-000624,44137675,0,0.27689510583877563
ACH-000624,44143370,1,0.2370193600654602
ACH-000624,44182295,0,0.33305779099464417
ACH-000624,44224257,1,0.3744232654571533
ACH-000624,44462760,0,0.204015851020813
ACH-000624,444732,1,0.4965944290161133
ACH-000624,444795,0,0.2395058423280716
ACH-000624,44551660,1,0.589884340763092
ACH-000624,44632017,1,0.35235750675201416
ACH-000624,446378,1,0.5732892751693726
ACH-000624,447912,0,0.2840673327445984
ACH-000624,448013,1,0.596916913986206
ACH-000624,45258277,1,0.3202194273471832
ACH-000624,46006640,1,0.15646050870418549
ACH-000624,46191454,1,0.5385589599609375
ACH-000624,46192505,0,0.2002107948064804
ACH-000624,46224516,1,0.5293408632278442
ACH-000624,46244454,1,0.5351863503456116
ACH-000624,46843648,1,0.4302652180194855
ACH-000624,46883536,0,0.08098515123128891
ACH-000624,46885626,1,0.418381929397583
ACH-000624,46893585,0,0.22337070107460022
ACH-000624,46907787,0,0.2912726104259491
ACH-000624,46926973,1,0.21878592669963837
ACH-000624,46937430,0,0.11619152873754501
ACH-000624,46943432,0,0.2476276308298111
ACH-000624,479503,1,0.6015733480453491
ACH-000624,49806720,0,0.08484227955341339
ACH-000624,49831044,1,0.6149056553840637
ACH-000624,49847690,1,0.32188349962234497
ACH-000624,49850262,1,0.145387664437294
ACH-000624,5081913,1,0.4395793080329895
ACH-000624,51039095,0,0.2801553010940552
ACH-000624,5113032,0,0.09191647917032242
ACH-000624,51358113,1,0.5183655023574829
ACH-000624,51371303,0,0.20321179926395416
ACH-000624,521106,1,0.4172605574131012
ACH-000624,5278396,0,0.11258940398693085
ACH-000624,5280757,0,0.1345369517803192
ACH-000624,5287969,1,0.376994252204895
ACH-000624,52912189,1,0.37329673767089844
ACH-000624,52913813,0,0.17649301886558533
ACH-000624,5311,1,0.5535990595817566
ACH-000624,5311497,1,0.3407154977321625
ACH-000624,5328940,0,0.13059192895889282
ACH-000624,53302361,1,0.3053980767726898
ACH-000624,5330286,0,0.3919580280780792
ACH-000624,53315878,0,0.09882502257823944
ACH-000624,53340664,0,0.278192937374115
ACH-000624,53340666,1,0.5197067260742188
ACH-000624,5351307,1,0.6104901432991028
ACH-000624,5360373,1,0.36868536472320557
ACH-000624,5394,0,0.08740221709012985
ACH-000624,5460033,1,0.578753650188446
ACH-000624,54676905,0,0.06672525405883789
ACH-000624,54685215,0,0.06999719887971878
ACH-000624,560326,1,0.7757394313812256
ACH-000624,56599306,1,0.26918813586235046
ACH-000624,56962337,0,0.13387541472911835
ACH-000624,56965967,0,0.5594163537025452
ACH-000624,57339144,0,0.08754480630159378
ACH-000624,5746,1,0.7098199129104614
ACH-000624,57519544,1,0.27452552318573
ACH-000624,58423153,0,0.16397374868392944
ACH-000624,60750,1,0.7189008593559265
ACH-000624,6253,1,0.5541716814041138
ACH-000624,637858,1,0.6264108419418335
ACH-000624,644241,0,0.1395958811044693
ACH-000624,644243,0,0.09684227406978607
ACH-000624,6445533,1,0.5179464221000671
ACH-000624,6445562,1,0.2070254385471344
ACH-000624,6450551,0,0.21716801822185516
ACH-000624,6450816,1,0.3532313108444214
ACH-000624,6505803,1,0.3436657190322876
ACH-000624,65110,1,0.3764563202857971
ACH-000624,66577038,0,0.12643663585186005
ACH-000624,68234129,1,0.3299069106578827
ACH-000624,68289010,0,0.1263742297887802
ACH-000624,6852167,1,0.4013599753379822
ACH-000624,6914657,1,0.35452935099601746
ACH-000624,6918289,1,0.31631550192832947
ACH-000624,6918454,0,0.2938649654388428
ACH-000624,6918638,1,0.4893484115600586
ACH-000624,6918837,1,0.5619508028030396
ACH-000624,6918848,1,0.6747590899467468
ACH-000624,69923936,1,0.37605002522468567
ACH-000624,704473,0,0.19493669271469116
ACH-000624,71271629,0,0.3752691447734833
ACH-000624,71299339,0,0.12358533591032028
ACH-000624,71729975,1,0.49971917271614075
ACH-000624,73265211,0,0.0779186561703682
ACH-000624,73265214,0,0.17364849150180817
ACH-000624,73707530,1,0.6782474517822266
ACH-000624,73755109,0,0.17589248716831207
ACH-000624,76685059,1,0.32547125220298767
ACH-000624,77232197,1,0.542116641998291
ACH-000624,78243717,0,0.09899386763572693
ACH-000624,82146,0,0.5218592286109924
ACH-000624,8249,1,0.6170802712440491
ACH-000624,90488984,0,0.07588587701320648
ACH-000624,92577,1,0.10749475657939911
ACH-000624,9549289,1,0.5155893564224243
ACH-000624,9549297,0,0.11195235699415207
ACH-000624,97489,0,0.13544805347919464
ACH-000624,9826528,1,0.5177981853485107
ACH-000624,9829523,0,0.3354816734790802
ACH-000624,984170,0,0.1551828533411026
ACH-000624,9858940,0,0.46672141551971436
ACH-000624,9863776,1,0.6015315055847168
ACH-000624,9868037,0,0.30949413776397705
ACH-000624,9874913,0,0.224339097738266
ACH-000624,9884685,0,0.18987630307674408
ACH-000624,9903786,1,0.4422804117202759
ACH-000624,9908783,0,0.10830551385879517
ACH-000624,9910224,0,0.08609677851200104
ACH-000624,9911830,0,0.0867014080286026
ACH-000624,9914412,0,0.39842700958251953
ACH-000624,9926054,1,0.31474965810775757
ACH-000624,9931954,0,0.12878233194351196
ACH-000624,9938202,0,0.16865290701389313
ACH-000624,9952773,0,0.3246597349643707
ACH-000624,9956119,0,0.13662147521972656
ACH-000624,9956222,0,0.21794579923152924
ACH-000637,10027278,1,0.3988991379737854
ACH-000637,10074640,0,0.2637559175491333
ACH-000637,10077147,0,0.39984625577926636
ACH-000637,10109823,0,0.35490864515304565
ACH-000637,10113978,0,0.20268520712852478
ACH-000637,10127622,0,0.39390456676483154
ACH-000637,10184653,0,0.18399208784103394
ACH-000637,10341154,0,0.08690918236970901
ACH-000637,10368812,1,0.6725199818611145
ACH-000637,10377751,0,0.6171793341636658
ACH-000637,10384072,0,0.11441925168037415
ACH-000637,10459196,0,0.08171037584543228
ACH-000637,104741,0,0.25279301404953003
ACH-000637,104842,1,0.6370072364807129
ACH-000637,107969,1,0.5788858532905579
ACH-000637,11152667,1,0.5184069871902466
ACH-000637,11175137,0,0.4354797899723053
ACH-000637,11178236,1,0.4006643295288086
ACH-000637,11282283,0,0.2058366984128952
ACH-000637,11327430,0,0.1297408640384674
ACH-000637,11338033,1,0.5313681960105896
ACH-000637,11373846,0,0.16678635776042938
ACH-000637,11455910,1,0.7576492428779602
ACH-000637,11485656,0,0.16584424674510956
ACH-000637,11488320,1,0.41997796297073364
ACH-000637,11493598,0,0.1411198526620865
ACH-000637,11507964,0,0.21234557032585144
ACH-000637,11511120,1,0.49504512548446655
ACH-000637,11609586,1,0.6556288003921509
ACH-000637,11617559,0,0.1012137234210968
ACH-000637,11624601,0,0.09298563003540039
ACH-000637,11625818,0,0.17308665812015533
ACH-000637,11634725,0,0.33363866806030273
ACH-000637,11640390,0,0.2570137679576874
ACH-000637,11647372,1,0.3513230085372925
ACH-000637,11667893,0,0.1128704696893692
ACH-000637,11707110,0,0.322806179523468
ACH-000637,11713159,0,0.26149609684944153
ACH-000637,11754511,0,0.5654221773147583
ACH-000637,11784504,0,0.2837952673435211
ACH-000637,117918970,0,0.3306998312473297
ACH-000637,117996541,0,0.7403925657272339
ACH-000637,11960529,0,0.11056067049503326
ACH-000637,11977753,1,0.45404210686683655
ACH-000637,1206243,0,0.3808573782444
ACH-000637,121596701,0,0.3754847049713135
ACH-000637,123631,0,0.11394008249044418
ACH-000637,126565,1,0.5504199266433716
ACH-000637,126941,0,0.25237610936164856
ACH-000637,13342,1,0.519177258014679
ACH-000637,135398501,0,0.32723137736320496
ACH-000637,135398516,1,0.4447985887527466
ACH-000637,135410875,0,0.20674200356006622
ACH-000637,135418940,0,0.27952975034713745
ACH-000637,135421197,0,0.3566512167453766
ACH-000637,135423438,1,0.4583357274532318
ACH-000637,135440466,0,0.2683566212654114
ACH-000637,135499520,0,0.17482207715511322
ACH-000637,135539077,1,0.4584749639034271
ACH-000637,135564599,0,0.09747035801410675
ACH-000637,135565082,0,0.44300341606140137
ACH-000637,135659062,0,0.26565900444984436
ACH-000637,135691163,1,0.5122862458229065
ACH-000637,136240579,0,0.13338562846183777
ACH-000637,1401,0,0.21431609988212585
ACH-000637,148124,1,0.6389557123184204
ACH-000637,156414,1,0.41029277443885803
ACH-000637,156422,0,0.14818017184734344
ACH-000637,159324,0,0.7978846430778503
ACH-000637,15953870,0,0.18478092551231384
ACH-000637,16095342,0,0.2486770749092102
ACH-000637,16123056,0,0.1618977189064026
ACH-000637,16218924,0,0.1780366450548172
ACH-000637,16659841,0,0.1867392361164093
ACH-000637,16681698,1,0.4705793559551239
ACH-000637,16720766,0,0.2895313501358032
ACH-000637,16722836,0,0.593026340007782
ACH-000637,16725726,0,0.23110447824001312
ACH-000637,16732433,0,0.14592576026916504
ACH-000637,16747388,0,0.35656484961509705
ACH-000637,16747683,1,0.5788706541061401
ACH-000637,176158,0,0.09590432047843933
ACH-000637,176167,1,0.3724203109741211
ACH-000637,17755052,1,0.5073634386062622
ACH-000637,216326,0,0.06334618479013443
ACH-000637,2314623,0,0.09183917194604874
ACH-000637,23582824,1,0.7453529834747314
ACH-000637,23725625,0,0.1078951358795166
ACH-000637,2375,0,0.09809476137161255
ACH-000637,24180719,0,0.20519815385341644
ACH-000637,24737642,1,0.35939085483551025
ACH-000637,24739943,1,0.6078239679336548
ACH-000637,24756910,1,0.38843777775764465
ACH-000637,24770514,1,0.3720547556877136
ACH-000637,24771867,1,0.23867882788181305
ACH-000637,24772043,1,0.5772050023078918
ACH-000637,24772860,1,0.5685455203056335
ACH-000637,24776445,0,0.10541635006666183
ACH-000637,24785538,0,0.44456762075424194
ACH-000637,24826799,0,0.24433104693889618
ACH-000637,24889392,0,0.09977080672979355
ACH-000637,24894414,0,0.16023550927639008
ACH-000637,24951314,1,0.6929355263710022
ACH-000637,24964624,0,0.30316561460494995
ACH-000637,24978538,0,0.38271522521972656
ACH-000637,25022668,0,0.45802295207977295
ACH-000637,25102847,0,0.2865418791770935
ACH-000637,25124816,0,0.10950449109077454
ACH-000637,25126798,0,0.10395515710115433
ACH-000637,25167777,1,0.48849543929100037
ACH-000637,25195294,1,0.7312517762184143
ACH-000637,25227436,0,0.5607619285583496
ACH-000637,25254071,1,0.515731155872345
ACH-000637,25257557,0,0.29416927695274353
ACH-000637,25260757,1,0.3963714838027954
ACH-000637,25262792,1,0.45000219345092773
ACH-000637,25262965,1,0.4425722360610962
ACH-000637,2733526,0,0.1540961116552353
ACH-000637,300471,1,0.7751961350440979
ACH-000637,3005532,0,0.12327872216701508
ACH-000637,3101542,1,0.12108515202999115
ACH-000637,31703,1,0.6847971677780151
ACH-000637,3218,1,0.6136362552642822
ACH-000637,3372016,0,0.1514204442501068
ACH-000637,3385,0,0.7141000628471375
ACH-000637,3463933,1,0.5950326919555664
ACH-000637,36462,0,0.7824199199676514
ACH-000637,3796,0,0.14545251429080963
ACH-000637,3827738,1,0.138294517993927
ACH-000637,4248455,0,0.3256363868713379
ACH-000637,42623900,0,0.2929933965206146
ACH-000637,42628507,1,0.5479589104652405
ACH-000637,42640,0,0.42498350143432617
ACH-000637,42642645,1,0.4903559684753418
ACH-000637,44137675,0,0.3239872455596924
ACH-000637,44143370,0,0.3060523569583893
ACH-000637,44182295,1,0.4401415288448334
ACH-000637,44224257,1,0.44223347306251526
ACH-000637,44462760,0,0.24260008335113525
ACH-000637,444732,1,0.5284909605979919
ACH-000637,444795,0,0.24131682515144348
ACH-000637,44551660,1,0.6045278310775757
ACH-000637,44632017,0,0.3754478693008423
ACH-000637,446378,1,0.6468005180358887
ACH-000637,447912,0,0.2794405519962311
ACH-000637,448013,1,0.6876320838928223
ACH-000637,45258277,1,0.34931766986846924
ACH-000637,46006640,0,0.16563518345355988
ACH-000637,46191454,0,0.6336032748222351
ACH-000637,46192505,0,0.19527293741703033
ACH-000637,46224516,1,0.6080837249755859
ACH-000637,46244454,1,0.6128091216087341
ACH-000637,46843648,0,0.5021985173225403
ACH-000637,46883536,0,0.08622920513153076
ACH-000637,46885626,0,0.45634207129478455
ACH-000637,46893585,0,0.23488563299179077
ACH-000637,46907787,1,0.3461962640285492
ACH-000637,46926973,0,0.2154090404510498
ACH-000637,46937430,0,0.11411014199256897
ACH-000637,46943432,0,0.2815873324871063
ACH-000637,479503,1,0.6688414812088013
ACH-000637,49806720,0,0.09624335169792175
ACH-000637,49831044,0,0.6673553586006165
ACH-000637,49847690,0,0.37288200855255127
ACH-000637,49850262,0,0.1293749362230301
ACH-000637,5081913,1,0.4869181215763092
ACH-000637,51039095,0,0.31714296340942383
ACH-000637,5113032,0,0.09269315004348755
ACH-000637,51358113,1,0.5752923488616943
ACH-000637,51371303,0,0.2112586945295334
ACH-000637,521106,0,0.4187881052494049
ACH-000637,5278396,0,0.1244707852602005
ACH-000637,5280757,0,0.14965319633483887
ACH-000637,5287969,1,0.4482104778289795
ACH-000637,52912189,1,0.43724325299263
ACH-000637,52913813,0,0.21222499012947083
ACH-000637,5311,1,0.5904812216758728
ACH-000637,5311497,1,0.4143129587173462
ACH-000637,5328940,0,0.1537289321422577
ACH-000637,53302361,1,0.3643043041229248
ACH-000637,5330286,1,0.42678216099739075
ACH-000637,53315878,0,0.1098373606801033
ACH-000637,53340664,0,0.3285053074359894
ACH-000637,53340666,1,0.5633041858673096
ACH-000637,5351307,1,0.6510370969772339
ACH-000637,5360373,1,0.41340968012809753
ACH-000637,5394,0,0.09093576669692993
ACH-000637,5460033,0,0.5973002314567566
ACH-000637,54676905,0,0.06437022984027863
ACH-000637,54685215,0,0.06406385451555252
ACH-000637,560326,1,0.7865349650382996
ACH-000637,56599306,1,0.30464422702789307
ACH-000637,56962337,0,0.16474616527557373
ACH-000637,56965967,0,0.5559656023979187
ACH-000637,57339144,0,0.08260251581668854
ACH-000637,5746,1,0.7619134187698364
ACH-000637,57519544,0,0.27079710364341736
ACH-000637,58423153,0,0.15995579957962036
ACH-000637,60750,1,0.7851622700691223
ACH-000637,6253,0,0.6266647577285767
ACH-000637,637858,1,0.6147546172142029
ACH-000637,644241,0,0.14911869168281555
ACH-000637,644243,0,0.0948575884103775
ACH-000637,6445533,1,0.5644595623016357
ACH-000637,6445562,0,0.26569586992263794
ACH-000637,6450551,0,0.2102217972278595
ACH-000637,6450816,0,0.39723771810531616
ACH-000637,6505803,1,0.3783831000328064
ACH-000637,65110,1,0.4171268939971924
ACH-000637,66577038,0,0.12242135405540466
ACH-000637,68234129,0,0.33356431126594543
ACH-000637,68289010,0,0.12360911816358566
ACH-000637,6852167,0,0.5007564425468445
ACH-000637,6914657,1,0.38589346408843994
ACH-000637,6918289,1,0.37584438920021057
ACH-000637,6918454,1,0.3597163259983063
ACH-000637,6918638,1,0.4640708565711975
ACH-000637,6918837,1,0.5961258411407471
ACH-000637,6918848,1,0.6896926164627075
ACH-000637,69923936,1,0.4220888018608093
ACH-000637,704473,0,0.19058094918727875
ACH-000637,71271629,0,0.35401788353919983
ACH-000637,71299339,0,0.12180802971124649
ACH-000637,71729975,0,0.5297795534133911
ACH-000637,73265211,0,0.08008607476949692
ACH-000637,73265214,0,0.17327798902988434
ACH-000637,73707530,1,0.6899957060813904
ACH-000637,73755109,0,0.19306474924087524
ACH-000637,76685059,0,0.4214891195297241
ACH-000637,77232197,1,0.5893502235412598
ACH-000637,78243717,0,0.09689921885728836
ACH-000637,82146,0,0.5497034192085266
ACH-000637,8249,1,0.636496901512146
ACH-000637,90488984,0,0.07501628994941711
ACH-000637,92577,0,0.11073023080825806
ACH-000637,9549289,1,0.5220808982849121
ACH-000637,9549297,0,0.12202787399291992
ACH-000637,97489,0,0.1284337192773819
ACH-000637,9826528,1,0.579982578754425
ACH-000637,9829523,1,0.35809963941574097
ACH-000637,984170,0,0.16802598536014557
ACH-000637,9858940,0,0.5492889285087585
ACH-000637,9863776,1,0.6740689277648926
ACH-000637,9868037,0,0.3091607093811035
ACH-000637,9874913,0,0.21766310930252075
ACH-000637,9884685,1,0.22614187002182007
ACH-000637,9903786,0,0.4433974623680115
ACH-000637,9908783,0,0.10651414096355438
ACH-000637,9910224,0,0.08967720717191696
ACH-000637,9911830,0,0.0883401557803154
ACH-000637,9914412,0,0.45208242535591125
ACH-000637,9926054,0,0.37822985649108887
ACH-000637,9931954,0,0.11996240168809891
ACH-000637,9938202,0,0.20102953910827637
ACH-000637,9952773,0,0.31031662225723267
ACH-000637,9956119,0,0.13872264325618744
ACH-000637,9956222,0,0.2475380152463913
ACH-000641,10077147,1,0.43116524815559387
ACH-000641,10127622,0,0.3594991862773895
ACH-000641,10184653,0,0.17060884833335876
ACH-000641,10341154,0,0.08823968470096588
ACH-000641,10368812,1,0.6860242486000061
ACH-000641,10384072,0,0.12188934534788132
ACH-000641,10459196,0,0.08020327240228653
ACH-000641,104741,0,0.24177244305610657
ACH-000641,104842,1,0.6175081133842468
ACH-000641,11152667,1,0.5198161602020264
ACH-000641,11327430,0,0.11896321177482605
ACH-000641,11455910,1,0.7408860325813293
ACH-000641,11488320,0,0.3788895308971405
ACH-000641,11609586,0,0.6661692261695862
ACH-000641,11624601,0,0.08517993986606598
ACH-000641,11667893,0,0.1129414513707161
ACH-000641,11707110,0,0.3168454170227051
ACH-000641,117918970,0,0.3459109663963318
ACH-000641,117996541,1,0.7172544598579407
ACH-000641,11960529,0,0.1069139838218689
ACH-000641,11977753,1,0.5097205638885498
ACH-000641,1206243,0,0.37341049313545227
ACH-000641,121596701,1,0.36785829067230225
ACH-000641,123631,0,0.10227056592702866
ACH-000641,126565,1,0.5843421220779419
ACH-000641,126941,1,0.25182804465293884
ACH-000641,13342,1,0.5083060264587402
ACH-000641,135418940,0,0.27117082476615906
ACH-000641,135440466,0,0.2400168478488922
ACH-000641,135564599,0,0.08831950277090073
ACH-000641,135565082,1,0.4949306845664978
ACH-000641,136240579,0,0.13371233642101288
ACH-000641,1401,0,0.19451956450939178
ACH-000641,148124,0,0.6280949115753174
ACH-000641,156422,0,0.13255561888217926
ACH-000641,15953870,0,0.15347658097743988
ACH-000641,16095342,1,0.20711126923561096
ACH-000641,16659841,1,0.18823760747909546
ACH-000641,16720766,1,0.2885677218437195
ACH-000641,16747683,1,0.5641458034515381
ACH-000641,176158,0,0.09550007432699203
ACH-000641,17755052,1,0.5104285478591919
ACH-000641,216326,0,0.06629258394241333
ACH-000641,2314623,0,0.10046659409999847
ACH-000641,23725625,0,0.11082223057746887
ACH-000641,2375,0,0.09041042625904083
ACH-000641,24180719,0,0.19350282847881317
ACH-000641,24776445,0,0.10432744771242142
ACH-000641,24964624,0,0.33099687099456787
ACH-000641,24978538,1,0.383819043636322
ACH-000641,25227436,0,0.5797989964485168
ACH-000641,25262792,1,0.414559006690979
ACH-000641,25262965,1,0.4311000108718872
ACH-000641,2733526,0,0.15446776151657104
ACH-000641,300471,0,0.7703949809074402
ACH-000641,31703,1,0.6868062615394592
ACH-000641,3372016,0,0.14531944692134857
ACH-000641,44137675,0,0.27469801902770996
ACH-000641,44182295,0,0.4232597053050995
ACH-000641,44462760,0,0.26073381304740906
ACH-000641,444795,0,0.2530893087387085
ACH-000641,44632017,1,0.41405829787254333
ACH-000641,46224516,1,0.578978955745697
ACH-000641,46244454,1,0.6127725839614868
ACH-000641,46883536,0,0.08035764843225479
ACH-000641,46893585,1,0.24157705903053284
ACH-000641,46907787,1,0.37811559438705444
ACH-000641,49831044,1,0.6635518670082092
ACH-000641,49847690,0,0.36423319578170776
ACH-000641,51039095,0,0.3148680031299591
ACH-000641,51371303,1,0.20064112544059753
ACH-000641,5278396,0,0.10958844423294067
ACH-000641,52912189,1,0.43918365240097046
ACH-000641,52913813,0,0.17839425802230835
ACH-000641,5311,1,0.6008291840553284
ACH-000641,5328940,0,0.1248372495174408
ACH-000641,5330286,0,0.4219313859939575
ACH-000641,53315878,0,0.1040843054652214
ACH-000641,5394,0,0.08550268411636353
ACH-000641,5460033,1,0.5939229130744934
ACH-000641,54685215,0,0.06338027864694595
ACH-000641,56962337,0,0.1419038623571396
ACH-000641,57339144,0,0.08654093742370605
ACH-000641,58423153,0,0.17942580580711365
ACH-000641,60750,1,0.770741879940033
ACH-000641,6253,1,0.6113640666007996
ACH-000641,637858,1,0.6189766526222229
ACH-000641,644241,0,0.14387920498847961
ACH-000641,6450551,0,0.22041484713554382
ACH-000641,6505803,0,0.3819100260734558
ACH-000641,65110,1,0.4257727861404419
ACH-000641,68289010,0,0.11680708080530167
ACH-000641,6914657,1,0.39963915944099426
ACH-000641,6918289,0,0.3645842373371124
ACH-000641,6918454,0,0.3315761089324951
ACH-000641,71271629,1,0.3908376693725586
ACH-000641,71729975,1,0.480192095041275
ACH-000641,73755109,0,0.16553154587745667
ACH-000641,76685059,0,0.37957289814949036
ACH-000641,78243717,0,0.10022051632404327
ACH-000641,90488984,0,0.07179396599531174
ACH-000641,9826528,0,0.5552940964698792
ACH-000641,984170,0,0.15075336396694183
ACH-000641,9858940,0,0.506256639957428
ACH-000641,9863776,1,0.6322782635688782
ACH-000641,9914412,0,0.418129563331604
ACH-000641,9931954,0,0.11974280327558517
ACH-000641,9938202,0,0.17915526032447815
ACH-000641,9956119,0,0.14149045944213867
ACH-000643,10027278,1,0.39578449726104736
ACH-000643,10074640,0,0.24986617267131805
ACH-000643,10077147,0,0.3823307752609253
ACH-000643,10109823,0,0.29556387662887573
ACH-000643,10113978,0,0.1711999922990799
ACH-000643,10127622,1,0.3568139374256134
ACH-000643,10184653,1,0.15885013341903687
ACH-000643,10341154,0,0.07814132422208786
ACH-000643,10368812,1,0.5700287222862244
ACH-000643,10377751,1,0.5131362676620483
ACH-000643,10384072,0,0.09284611791372299
ACH-000643,10459196,0,0.07813175767660141
ACH-000643,104741,0,0.25306782126426697
ACH-000643,104842,1,0.5662140250205994
ACH-000643,107969,1,0.5211589336395264
ACH-000643,11152667,1,0.4558531641960144
ACH-000643,11175137,0,0.35481664538383484
ACH-000643,11178236,1,0.4438057243824005
ACH-000643,11282283,0,0.18201330304145813
ACH-000643,11327430,0,0.12095334380865097
ACH-000643,11338033,1,0.5282863974571228
ACH-000643,11373846,0,0.15795820951461792
ACH-000643,11455910,1,0.7099500298500061
ACH-000643,11485656,0,0.13255570828914642
ACH-000643,11488320,1,0.35048049688339233
ACH-000643,11493598,0,0.13210485875606537
ACH-000643,11507964,0,0.1984071582555771
ACH-000643,11511120,1,0.4214377999305725
ACH-000643,11609586,0,0.605267345905304
ACH-000643,11617559,0,0.08237019926309586
ACH-000643,11624601,0,0.08571355789899826
ACH-000643,11625818,0,0.158648282289505
ACH-000643,11634725,0,0.31168967485427856
ACH-000643,11640390,0,0.2319871187210083
ACH-000643,11647372,1,0.33160027861595154
ACH-000643,11667893,0,0.09325914829969406
ACH-000643,11707110,0,0.30420607328414917
ACH-000643,11713159,0,0.267424076795578
ACH-000643,11754511,0,0.5009473562240601
ACH-000643,11784504,0,0.2824948728084564
ACH-000643,117918970,1,0.28845325112342834
ACH-000643,117996541,1,0.708763062953949
ACH-000643,11960529,0,0.10925848037004471
ACH-000643,11977753,1,0.4470120370388031
ACH-000643,1206243,1,0.3899109661579132
ACH-000643,121596701,0,0.32505562901496887
ACH-000643,123631,0,0.10398012399673462
ACH-000643,126565,1,0.5230966210365295
ACH-000643,126941,0,0.23539164662361145
ACH-000643,13342,1,0.44857868552207947
ACH-000643,135398501,0,0.2800111770629883
ACH-000643,135398516,1,0.39736706018447876
ACH-000643,135410875,0,0.18300218880176544
ACH-000643,135418940,0,0.2914802134037018
ACH-000643,135421197,0,0.28500816226005554
ACH-000643,135423438,0,0.4157436788082123
ACH-000643,135440466,0,0.21740412712097168
ACH-000643,135499520,0,0.16063028573989868
ACH-000643,135539077,1,0.38216903805732727
ACH-000643,135564599,0,0.09689612686634064
ACH-000643,135565082,0,0.3772273361682892
ACH-000643,135659062,0,0.23302963376045227
ACH-000643,135691163,1,0.48949775099754333
ACH-000643,136240579,0,0.10576606541872025
ACH-000643,1401,0,0.17464551329612732
ACH-000643,148124,1,0.5605552792549133
ACH-000643,156414,1,0.32804015278816223
ACH-000643,156422,0,0.12119127810001373
ACH-000643,159324,0,0.721268892288208
ACH-000643,15953870,0,0.1698266565799713
ACH-000643,16095342,0,0.19153277575969696
ACH-000643,16123056,0,0.14949452877044678
ACH-000643,16218924,0,0.13339228928089142
ACH-000643,16659841,0,0.1542813628911972
ACH-000643,16681698,1,0.4160361588001251
ACH-000643,16720766,0,0.2706270217895508
ACH-000643,16722836,0,0.49790453910827637
ACH-000643,16725726,0,0.1776704490184784
ACH-000643,16732433,0,0.13363079726696014
ACH-000643,16747388,0,0.4081345498561859
ACH-000643,16747683,1,0.49110063910484314
ACH-000643,176158,0,0.07792520523071289
ACH-000643,176167,0,0.32236799597740173
ACH-000643,17755052,1,0.4628053605556488
ACH-000643,216326,0,0.0589657686650753
ACH-000643,2314623,0,0.08633261173963547
ACH-000643,23582824,1,0.6982173323631287
ACH-000643,23725625,0,0.09518846869468689
ACH-000643,2375,0,0.10581590235233307
ACH-000643,24180719,0,0.1766733080148697
ACH-000643,24737642,1,0.27754291892051697
ACH-000643,24739943,1,0.5265407562255859
ACH-000643,24756910,1,0.3162895441055298
ACH-000643,24770514,1,0.3462076783180237
ACH-000643,24771867,0,0.20636120438575745
ACH-000643,24772043,1,0.47781434655189514
ACH-000643,24772860,0,0.5525211095809937
ACH-000643,24776445,0,0.0882808268070221
ACH-000643,24785538,0,0.3937095105648041
ACH-000643,24826799,0,0.21997840702533722
ACH-000643,24889392,0,0.08163756132125854
ACH-000643,24894414,0,0.12237483263015747
ACH-000643,24951314,1,0.6034459471702576
ACH-000643,24964624,0,0.24435211718082428
ACH-000643,24978538,0,0.3500297963619232
ACH-000643,25022668,0,0.37648114562034607
ACH-000643,25102847,0,0.24965988099575043
ACH-000643,25124816,0,0.10603847354650497
ACH-000643,25126798,0,0.09261256456375122
ACH-000643,25167777,1,0.40798237919807434
ACH-000643,25195294,1,0.6813809871673584
ACH-000643,25227436,0,0.5274680852890015
ACH-000643,25254071,1,0.47949644923210144
ACH-000643,25257557,1,0.24803590774536133
ACH-000643,25260757,1,0.31695666909217834
ACH-000643,25262792,1,0.3713061809539795
ACH-000643,25262965,0,0.3783503770828247
ACH-000643,2733526,0,0.1371626853942871
ACH-000643,300471,0,0.7738797664642334
ACH-000643,3005532,0,0.11992480605840683
ACH-000643,3101542,0,0.10550868511199951
ACH-000643,31703,1,0.6456753015518188
ACH-000643,3218,1,0.5140695571899414
ACH-000643,3372016,0,0.13991773128509521
ACH-000643,3385,0,0.7640587091445923
ACH-000643,3463933,1,0.5790376663208008
ACH-000643,36462,0,0.7602857947349548
ACH-000643,3796,0,0.13445061445236206
ACH-000643,3827738,0,0.15387721359729767
ACH-000643,4248455,0,0.2485165297985077
ACH-000643,42623900,0,0.2530035078525543
ACH-000643,42628507,1,0.4332205057144165
ACH-000643,42640,0,0.3651965260505676
ACH-000643,42642645,1,0.4205339550971985
ACH-000643,44137675,0,0.2684311866760254
ACH-000643,44143370,0,0.24175089597702026
ACH-000643,44182295,1,0.3879809081554413
ACH-000643,44224257,0,0.34461167454719543
ACH-000643,44462760,0,0.18099559843540192
ACH-000643,444732,1,0.43060556054115295
ACH-000643,444795,0,0.1871047466993332
ACH-000643,44551660,1,0.530624508857727
ACH-000643,44632017,0,0.3365907073020935
ACH-000643,447912,0,0.3020417392253876
ACH-000643,448013,1,0.6531729698181152
ACH-000643,45258277,1,0.3345552086830139
ACH-000643,46006640,0,0.14034681022167206
ACH-000643,46191454,0,0.5103205442428589
ACH-000643,46192505,0,0.15891407430171967
ACH-000643,46224516,0,0.4779817759990692
ACH-000643,46244454,1,0.5808528065681458
ACH-000643,46843648,0,0.428854376077652
ACH-000643,46883536,0,0.08781921863555908
ACH-000643,46885626,1,0.34857308864593506
ACH-000643,46893585,0,0.23776525259017944
ACH-000643,46907787,0,0.25746074318885803
ACH-000643,46926973,0,0.17245660722255707
ACH-000643,46937430,0,0.108160600066185
ACH-000643,46943432,0,0.22977964580059052
ACH-000643,479503,1,0.6018452048301697
ACH-000643,49806720,0,0.08769431710243225
ACH-000643,49831044,0,0.5366324186325073
ACH-000643,49847690,1,0.3130417466163635
ACH-000643,49850262,0,0.11801522225141525
ACH-000643,5081913,1,0.5426458716392517
ACH-000643,51039095,0,0.2809007167816162
ACH-000643,5113032,0,0.08419479429721832
ACH-000643,51358113,1,0.6031836867332458
ACH-000643,51371303,0,0.20436054468154907
ACH-000643,521106,0,0.4230225086212158
ACH-000643,5278396,0,0.1142817810177803
ACH-000643,5280757,0,0.12069080770015717
ACH-000643,5287969,1,0.43626895546913147
ACH-000643,52912189,0,0.36389121413230896
ACH-000643,52913813,0,0.1839350312948227
ACH-000643,5311,0,0.5223740339279175
ACH-000643,5311497,0,0.34002673625946045
ACH-000643,5328940,0,0.1416139006614685
ACH-000643,53302361,0,0.3380417227745056
ACH-000643,5330286,0,0.38483914732933044
ACH-000643,53315878,0,0.08463039994239807
ACH-000643,53340664,0,0.2956177592277527
ACH-000643,53340666,1,0.48551619052886963
ACH-000643,5351307,1,0.5718175172805786
ACH-000643,5360373,0,0.35914936661720276
ACH-000643,5394,0,0.08698879927396774
ACH-000643,5460033,0,0.6047232151031494
ACH-000643,54676905,0,0.060440197587013245
ACH-000643,54685215,0,0.0639711394906044
ACH-000643,560326,1,0.7556489706039429
ACH-000643,56599306,1,0.21848393976688385
ACH-000643,56962337,0,0.13470003008842468
ACH-000643,56965967,0,0.5007166266441345
ACH-000643,57339144,0,0.07587345689535141
ACH-000643,5746,1,0.7071171998977661
ACH-000643,57519544,0,0.21820612251758575
ACH-000643,58423153,0,0.13323958218097687
ACH-000643,60750,1,0.7631057500839233
ACH-000643,6253,0,0.5814014673233032
ACH-000643,637858,1,0.5598155856132507
ACH-000643,644241,0,0.1431591659784317
ACH-000643,644243,0,0.0914650410413742
ACH-000643,6445533,1,0.4929775893688202
ACH-000643,6445562,1,0.22589093446731567
ACH-000643,6450551,0,0.16465303301811218
ACH-000643,6450816,0,0.3139672875404358
ACH-000643,6505803,1,0.3071209788322449
ACH-000643,65110,1,0.3913429081439972
ACH-000643,66577038,0,0.11117048561573029
ACH-000643,68234129,0,0.28385818004608154
ACH-000643,68289010,0,0.09971796721220016
ACH-000643,6852167,0,0.4826118052005768
ACH-000643,6914657,0,0.3173372149467468
ACH-000643,6918289,0,0.313644140958786
ACH-000643,6918454,1,0.3333587944507599
ACH-000643,6918638,1,0.4402368664741516
ACH-000643,6918837,1,0.5060556530952454
ACH-000643,6918848,1,0.5718351602554321
ACH-000643,69923936,0,0.42287084460258484
ACH-000643,704473,0,0.15625733137130737
ACH-000643,71271629,0,0.29602381587028503
ACH-000643,71299339,0,0.11039453744888306
ACH-000643,71729975,0,0.4630511999130249
ACH-000643,73265211,0,0.07484456151723862
ACH-000643,73265214,0,0.17888665199279785
ACH-000643,73707530,0,0.5891154408454895
ACH-000643,73755109,0,0.1948578655719757
ACH-000643,76685059,0,0.3512440025806427
ACH-000643,77232197,1,0.6054793000221252
ACH-000643,78243717,0,0.09393580257892609
ACH-000643,82146,0,0.43575727939605713
ACH-000643,8249,1,0.6383211016654968
ACH-000643,90488984,0,0.07264634221792221
ACH-000643,92577,0,0.10789073258638382
ACH-000643,9549289,1,0.4042847156524658
ACH-000643,9549297,0,0.10259535163640976
ACH-000643,97489,0,0.11612523347139359
ACH-000643,9826528,1,0.5783348083496094
ACH-000643,9829523,0,0.3447193205356598
ACH-000643,984170,0,0.14245043694972992
ACH-000643,9858940,0,0.4371584951877594
ACH-000643,9863776,1,0.6670409440994263
ACH-000643,9868037,0,0.32183128595352173
ACH-000643,9874913,0,0.17786289751529694
ACH-000643,9884685,1,0.1972099095582962
ACH-000643,9903786,0,0.39291366934776306
ACH-000643,9908783,0,0.09511978924274445
ACH-000643,9910224,0,0.0775161013007164
ACH-000643,9911830,0,0.07263799011707306
ACH-000643,9914412,0,0.37790364027023315
ACH-000643,9926054,0,0.3459928631782532
ACH-000643,9931954,0,0.11432578414678574
ACH-000643,9938202,0,0.1779487282037735
ACH-000643,9952773,0,0.2309805452823639
ACH-000643,9956119,0,0.11846155673265457
ACH-000643,9956222,0,0.22027067840099335
ACH-000654,10027278,1,0.42290401458740234
ACH-000654,10074640,1,0.2623051702976227
ACH-000654,10077147,0,0.4474043548107147
ACH-000654,10109823,0,0.3746766149997711
ACH-000654,10113978,0,0.2397952377796173
ACH-000654,10127622,0,0.3745640218257904
ACH-000654,10172943,1,0.5370175242424011
ACH-000654,10184653,0,0.17168544232845306
ACH-000654,10302451,0,0.13328894972801208
ACH-000654,10341154,0,0.0946081131696701
ACH-000654,10368812,1,0.7203021049499512
ACH-000654,10377751,0,0.6157777905464172
ACH-000654,10384072,0,0.13186419010162354
ACH-000654,10459196,0,0.07968710362911224
ACH-000654,10461815,0,0.06982865929603577
ACH-000654,104741,0,0.2505837678909302
ACH-000654,104842,1,0.645837664604187
ACH-000654,107969,1,0.5829850435256958
ACH-000654,11152667,1,0.5900816917419434
ACH-000654,11175137,0,0.46823614835739136
ACH-000654,11178236,1,0.43678009510040283
ACH-000654,11282283,0,0.2183702439069748
ACH-000654,11327430,0,0.12013448029756546
ACH-000654,11338033,1,0.5204480886459351
ACH-000654,11364421,0,0.4764445722103119
ACH-000654,11373846,0,0.1537492424249649
ACH-000654,11455910,1,0.7882599234580994
ACH-000654,11467730,0,0.38625267148017883
ACH-000654,11485656,0,0.1783350706100464
ACH-000654,11488320,0,0.45838606357574463
ACH-000654,11493598,0,0.15273517370224
ACH-000654,11507964,0,0.20591548085212708
ACH-000654,11511120,1,0.5495407581329346
ACH-000654,11609586,0,0.6705369353294373
ACH-000654,11617559,0,0.10964956879615784
ACH-000654,11624601,0,0.08768933266401291
ACH-000654,11625818,0,0.16890449821949005
ACH-000654,11626560,0,0.22666241228580475
ACH-000654,11626927,0,0.11460313200950623
ACH-000654,11634725,0,0.29273781180381775
ACH-000654,11640390,0,0.29996442794799805
ACH-000654,11647372,1,0.3907889425754547
ACH-000654,11667893,0,0.10597821325063705
ACH-000654,11676786,0,0.19767044484615326
ACH-000654,11707110,0,0.38619035482406616
ACH-000654,11713159,0,0.26900070905685425
ACH-000654,11754511,0,0.6157415509223938
ACH-000654,11754711,1,0.6140117049217224
ACH-000654,11784504,1,0.279276043176651
ACH-000654,117918970,0,0.34762895107269287
ACH-000654,117996541,0,0.6969459056854248
ACH-000654,11844351,0,0.24980416893959045
ACH-000654,11960529,0,0.10590877383947372
ACH-000654,11977753,1,0.5533411502838135
ACH-000654,1206243,1,0.36722302436828613
ACH-000654,121596701,1,0.4010761082172394
ACH-000654,123631,0,0.10362888127565384
ACH-000654,126565,0,0.6221129894256592
ACH-000654,126941,1,0.29830706119537354
ACH-000654,13342,1,0.6088038086891174
ACH-000654,135398501,0,0.41589149832725525
ACH-000654,135398516,1,0.5403752326965332
ACH-000654,135410875,1,0.2485872358083725
ACH-000654,135418940,0,0.2510536313056946
ACH-000654,135421197,1,0.3575180172920227
ACH-000654,135423438,1,0.4667729437351227
ACH-000654,135440466,0,0.24281074106693268
ACH-000654,135499520,0,0.16973917186260223
ACH-000654,135539077,1,0.4544277489185333
ACH-000654,135564599,0,0.09235301613807678
ACH-000654,135565082,1,0.49327147006988525
ACH-000654,135659062,0,0.2825843095779419
ACH-000654,135691163,1,0.5135713815689087
ACH-000654,136240579,0,0.1297888159751892
ACH-000654,1401,0,0.19760069251060486
ACH-000654,148124,0,0.6964277029037476
ACH-000654,156414,1,0.401524156332016
ACH-000654,156422,0,0.13717560470104218
ACH-000654,159324,1,0.8314412832260132
ACH-000654,15953870,0,0.15510287880897522
ACH-000654,160355,1,0.2793284058570862
ACH-000654,16038120,0,0.30650198459625244
ACH-000654,16095342,0,0.23288637399673462
ACH-000654,16123056,0,0.1529979258775711
ACH-000654,16218924,0,0.21047592163085938
ACH-000654,16659841,0,0.19208921492099762
ACH-000654,16663089,0,0.30029502511024475
ACH-000654,16681698,1,0.5306993722915649
ACH-000654,16720766,1,0.3542907238006592
ACH-000654,16722836,0,0.60362309217453
ACH-000654,16725726,0,0.2369164526462555
ACH-000654,16732433,1,0.13542810082435608
ACH-000654,16747388,0,0.36723971366882324
ACH-000654,16747683,1,0.6359784007072449
ACH-000654,176158,0,0.10286588966846466
ACH-000654,176167,0,0.4830428957939148
ACH-000654,176870,0,0.1667303889989853
ACH-000654,17755052,1,0.5482510328292847
ACH-000654,208908,0,0.13520288467407227
ACH-000654,216239,0,0.2651005685329437
ACH-000654,216326,0,0.06230134516954422
ACH-000654,2314623,0,0.09002978354692459
ACH-000654,23582824,1,0.7585042119026184
ACH-000654,23725625,0,0.11738970130681992
ACH-000654,2375,0,0.09497327357530594
ACH-000654,24180719,0,0.18777737021446228
ACH-000654,24737642,0,0.3653176426887512
ACH-000654,24739943,0,0.6370851993560791
ACH-000654,24756910,1,0.4674992859363556
ACH-000654,24770514,1,0.4608040750026703
ACH-000654,24771867,0,0.29455816745758057
ACH-000654,24772043,1,0.5665169358253479
ACH-000654,24772860,1,0.5837595462799072
ACH-000654,24776445,0,0.1134786382317543
ACH-000654,24785538,0,0.47183123230934143
ACH-000654,24826799,0,0.22350619733333588
ACH-000654,24889392,0,0.09430516511201859
ACH-000654,24894414,0,0.1815401166677475
ACH-000654,24951314,1,0.7198565602302551
ACH-000654,24964624,0,0.3851570785045624
ACH-000654,24978538,0,0.3999706208705902
ACH-000654,25022668,0,0.5675159096717834
ACH-000654,25102847,0,0.3208436369895935
ACH-000654,25124816,0,0.11653582751750946
ACH-000654,25126798,0,0.10464546084403992
ACH-000654,25167777,1,0.58562833070755
ACH-000654,25195294,1,0.7733671069145203
ACH-000654,25227436,0,0.5655949115753174
ACH-000654,25254071,1,0.5243368744850159
ACH-000654,25257557,0,0.3065203130245209
ACH-000654,25260757,1,0.44001898169517517
ACH-000654,25262792,1,0.4456993043422699
ACH-000654,25262965,1,0.445090115070343
ACH-000654,2733526,0,0.15454760193824768
ACH-000654,300471,1,0.8274334669113159
ACH-000654,3005532,0,0.128733828663826
ACH-000654,3062316,0,0.2847875952720642
ACH-000654,3101542,0,0.12891548871994019
ACH-000654,31703,1,0.7288024425506592
ACH-000654,3218,1,0.6063119173049927
ACH-000654,3372016,0,0.16365492343902588
ACH-000654,3385,1,0.6906051635742188
ACH-000654,3463933,1,0.6808431148529053
ACH-000654,36314,0,0.6945120692253113
ACH-000654,36462,1,0.8027487993240356
ACH-000654,3796,0,0.13148801028728485
ACH-000654,3827738,0,0.14337460696697235
ACH-000654,387447,1,0.7142165899276733
ACH-000654,4248455,0,0.34081411361694336
ACH-000654,4261,0,0.7738628387451172
ACH-000654,42623900,0,0.3601183593273163
ACH-000654,42628507,1,0.6231039762496948
ACH-000654,42640,0,0.4745442569255829
ACH-000654,42642645,1,0.4950895309448242
ACH-000654,44137675,0,0.3152145743370056
ACH-000654,44143370,1,0.2838182747364044
ACH-000654,44182295,0,0.4827883541584015
ACH-000654,44224257,1,0.5053629875183105
ACH-000654,442972,0,0.27492180466651917
ACH-000654,44462760,0,0.3173409402370453
ACH-000654,444732,1,0.5380380749702454
ACH-000654,444795,0,0.2708846926689148
ACH-000654,44551660,0,0.6787088513374329
ACH-000654,44632017,1,0.4295680820941925
ACH-000654,446378,1,0.7063183188438416
ACH-000654,447912,0,0.3043230473995209
ACH-000654,448013,0,0.7317701578140259
ACH-000654,45258277,1,0.32564276456832886
ACH-000654,46006640,0,0.17926964163780212
ACH-000654,46191454,1,0.6739895939826965
ACH-000654,46192505,0,0.19684340059757233
ACH-000654,46224516,1,0.6660486459732056
ACH-000654,462382,1,0.6839627623558044
ACH-000654,46244454,1,0.6531847715377808
ACH-000654,46843648,1,0.5344653725624084
ACH-000654,46844147,0,0.283525675535202
ACH-000654,46883536,0,0.08451414853334427
ACH-000654,46885626,0,0.48802608251571655
ACH-000654,46893585,0,0.22627748548984528
ACH-000654,46907787,1,0.4082338511943817
ACH-000654,46926973,0,0.18498198688030243
ACH-000654,46937430,0,0.10969429463148117
ACH-000654,46943432,1,0.2975180447101593
ACH-000654,479503,1,0.6441550254821777
ACH-000654,49806720,0,0.1023750826716423
ACH-000654,49831044,0,0.7308569550514221
ACH-000654,49847690,1,0.39219409227371216
ACH-000654,49850262,0,0.1394030749797821
ACH-000654,4993,0,0.5836595892906189
ACH-000654,5081913,1,0.47006288170814514
ACH-000654,51039095,0,0.3215641677379608
ACH-000654,5113032,0,0.08981835097074509
ACH-000654,51358113,1,0.5717356204986572
ACH-000654,51371303,0,0.18493804335594177
ACH-000654,521106,0,0.41594770550727844
ACH-000654,5278396,0,0.10683504492044449
ACH-000654,5280757,0,0.15208829939365387
ACH-000654,5284616,1,0.29075726866722107
ACH-000654,5287969,1,0.4515828788280487
ACH-000654,5291,0,0.1239323616027832
ACH-000654,52912189,1,0.5351496934890747
ACH-000654,52913813,0,0.1852749139070511
ACH-000654,5311,1,0.644520103931427
ACH-000654,5311497,1,0.5345919132232666
ACH-000654,5311510,0,0.26698625087738037
ACH-000654,5328940,0,0.1465938687324524
ACH-000654,5329102,0,0.2922506034374237
ACH-000654,53302361,0,0.3409704566001892
ACH-000654,5330286,0,0.47061917185783386
ACH-000654,53315878,0,0.11634179204702377
ACH-000654,53340664,1,0.3084155321121216
ACH-000654,53340666,1,0.637424886226654
ACH-000654,5351307,1,0.6905860304832458
ACH-000654,5360373,1,0.4848942756652832
ACH-000654,5394,0,0.08794405311346054
ACH-000654,5460033,0,0.6160266995429993
ACH-000654,54676905,0,0.06292833387851715
ACH-000654,54685215,0,0.07004507631063461
ACH-000654,5494449,0,0.3145144283771515
ACH-000654,560326,1,0.8270787596702576
ACH-000654,56599306,0,0.39687350392341614
ACH-000654,56962337,0,0.17045672237873077
ACH-000654,56965967,1,0.6755329966545105
ACH-000654,5717801,0,0.24603573977947235
ACH-000654,57339144,0,0.08878111094236374
ACH-000654,5746,1,0.7906176447868347
ACH-000654,57519544,0,0.24467836320400238
ACH-000654,58423153,0,0.19828802347183228
ACH-000654,60750,1,0.7658665776252747
ACH-000654,6253,0,0.6278179287910461
ACH-000654,637858,1,0.6224469542503357
ACH-000654,644215,1,0.5984266400337219
ACH-000654,644241,0,0.14108651876449585
ACH-000654,644243,0,0.09328613430261612
ACH-000654,6445533,1,0.5922446846961975
ACH-000654,6445562,0,0.24071843922138214
ACH-000654,6450551,0,0.2570401430130005
ACH-000654,6450816,0,0.47278738021850586
ACH-000654,6473881,0,0.222068652510643
ACH-000654,6505803,0,0.4159870147705078
ACH-000654,65110,0,0.47520697116851807
ACH-000654,66577038,0,0.12322055548429489
ACH-000654,68234129,0,0.43794524669647217
ACH-000654,68289010,0,0.11823272705078125
ACH-000654,6852167,1,0.5395568013191223
ACH-000654,6914657,1,0.4616217017173767
ACH-000654,6918289,0,0.38998228311538696
ACH-000654,6918454,0,0.38811272382736206
ACH-000654,6918638,1,0.5596766471862793
ACH-000654,6918837,1,0.6420633792877197
ACH-000654,6918848,1,0.7654418349266052
ACH-000654,69923936,1,0.4358959197998047
ACH-000654,704473,0,0.17742222547531128
ACH-000654,71271629,1,0.4742470979690552
ACH-000654,71299339,0,0.12798219919204712
ACH-000654,71729975,1,0.6003180742263794
ACH-000654,73265211,0,0.07337106019258499
ACH-000654,73265214,0,0.17955198884010315
ACH-000654,73707530,1,0.6946620345115662
ACH-000654,73755109,0,0.190467968583107
ACH-000654,76044,1,0.4466443955898285
ACH-000654,76685059,0,0.45813891291618347
ACH-000654,77232197,1,0.6117343306541443
ACH-000654,78243717,0,0.09327777475118637
ACH-000654,82146,0,0.5905434489250183
ACH-000654,8249,1,0.7177234888076782
ACH-000654,90488984,0,0.0673770159482956
ACH-000654,92577,0,0.11335132271051407
ACH-000654,9549184,0,0.2734139859676361
ACH-000654,9549289,0,0.570749819278717
ACH-000654,9549297,0,0.12656232714653015
ACH-000654,97489,0,0.13973771035671234
ACH-000654,9826308,1,0.5266264081001282
ACH-000654,9826528,0,0.5618256330490112
ACH-000654,9829523,0,0.46187475323677063
ACH-000654,984170,0,0.15098661184310913
ACH-000654,9858940,1,0.5889453887939453
ACH-000654,9863776,1,0.6857084035873413
ACH-000654,9868037,0,0.3015255331993103
ACH-000654,9874913,0,0.19401636719703674
ACH-000654,9884685,1,0.22751635313034058
ACH-000654,9903786,1,0.5538846254348755
ACH-000654,9907093,0,0.25357377529144287
ACH-000654,9908783,0,0.11407267302274704
ACH-000654,9910224,0,0.0878271535038948
ACH-000654,9911830,0,0.08623836934566498
ACH-000654,9914412,0,0.47039106488227844
ACH-000654,9926054,1,0.38943761587142944
ACH-000654,9931954,0,0.11870904266834259
ACH-000654,9938202,0,0.19321030378341675
ACH-000654,9952773,0,0.3491366505622864
ACH-000654,9956119,0,0.14257806539535522
ACH-000654,9956222,0,0.23041559755802155
ACH-000655,10027278,1,0.4744561016559601
ACH-000655,10074640,0,0.29668039083480835
ACH-000655,10077147,1,0.4721742570400238
ACH-000655,10109823,1,0.3377879559993744
ACH-000655,10113978,0,0.21839088201522827
ACH-000655,10127622,0,0.35414445400238037
ACH-000655,10172943,1,0.5465211868286133
ACH-000655,10184653,0,0.18262189626693726
ACH-000655,10302451,0,0.14025528728961945
ACH-000655,10341154,0,0.09693999588489532
ACH-000655,10368812,1,0.7114555835723877
ACH-000655,10377751,1,0.5774608254432678
ACH-000655,10384072,0,0.12465554475784302
ACH-000655,10459196,0,0.08999695628881454
ACH-000655,10461815,0,0.07157088071107864
ACH-000655,104741,0,0.2765391767024994
ACH-000655,104842,1,0.6550675630569458
ACH-000655,107969,1,0.6171078085899353
ACH-000655,11152667,1,0.5785797834396362
ACH-000655,11175137,1,0.4393453001976013
ACH-000655,11178236,1,0.4737478792667389
ACH-000655,11282283,0,0.1902821809053421
ACH-000655,11327430,0,0.12701189517974854
ACH-000655,11338033,1,0.5527760982513428
ACH-000655,11364421,1,0.5127370357513428
ACH-000655,11373846,0,0.19251488149166107
ACH-000655,11455910,1,0.7855656743049622
ACH-000655,11467730,1,0.3812183737754822
ACH-000655,11485656,0,0.1550743728876114
ACH-000655,11488320,1,0.44280996918678284
ACH-000655,11493598,0,0.12769562005996704
ACH-000655,11507964,0,0.23138347268104553
ACH-000655,11511120,1,0.5504675507545471
ACH-000655,11609586,0,0.6018642783164978
ACH-000655,11617559,0,0.0948425680398941
ACH-000655,11624601,0,0.07866107672452927
ACH-000655,11625818,0,0.15224775671958923
ACH-000655,11626560,0,0.21766425669193268
ACH-000655,11626927,0,0.08731967210769653
ACH-000655,11634725,0,0.29533103108406067
ACH-000655,11640390,0,0.2402859628200531
ACH-000655,11647372,1,0.400995135307312
ACH-000655,11667893,0,0.09360624849796295
ACH-000655,11676786,0,0.17428049445152283
ACH-000655,11707110,0,0.3846758008003235
ACH-000655,11713159,0,0.27390745282173157
ACH-000655,11754511,0,0.5895485281944275
ACH-000655,11754711,1,0.5652320981025696
ACH-000655,11784504,1,0.30557751655578613
ACH-000655,117918970,0,0.30713796615600586
ACH-000655,117996541,1,0.7075044512748718
ACH-000655,11844351,1,0.27469301223754883
ACH-000655,11960529,0,0.10539361834526062
ACH-000655,11977753,1,0.5253662467002869
ACH-000655,1206243,0,0.39027926325798035
ACH-000655,121596701,1,0.4060555100440979
ACH-000655,123631,0,0.10577988624572754
ACH-000655,126565,1,0.5927766561508179
ACH-000655,126941,0,0.2819893956184387
ACH-000655,13342,1,0.5655941963195801
ACH-000655,135398501,0,0.33557450771331787
ACH-000655,135398516,1,0.49408698081970215
ACH-000655,135410875,1,0.2137463241815567
ACH-000655,135418940,0,0.26858100295066833
ACH-000655,135421197,0,0.3443462550640106
ACH-000655,135423438,1,0.4743933379650116
ACH-000655,135440466,1,0.24521096050739288
ACH-000655,135499520,0,0.16696137189865112
ACH-000655,135539077,1,0.43669599294662476
ACH-000655,135564599,0,0.0887567549943924
ACH-000655,135565082,1,0.51753830909729
ACH-000655,135659062,0,0.2635193169116974
ACH-000655,135691163,1,0.572568416595459
ACH-000655,136240579,0,0.1272161453962326
ACH-000655,1401,0,0.18344822525978088
ACH-000655,148124,1,0.6668383479118347
ACH-000655,156414,0,0.3826505243778229
ACH-000655,156422,0,0.12573480606079102
ACH-000655,159324,1,0.8039678931236267
ACH-000655,15953870,0,0.17993801832199097
ACH-000655,160355,0,0.22182899713516235
ACH-000655,16038120,1,0.29237139225006104
ACH-000655,16095342,1,0.22451327741146088
ACH-000655,16123056,0,0.13952340185642242
ACH-000655,16218924,0,0.1552431732416153
ACH-000655,16659841,1,0.1870848536491394
ACH-000655,16663089,0,0.24942617118358612
ACH-000655,16681698,1,0.5192493796348572
ACH-000655,16722836,1,0.6146524548530579
ACH-000655,16725726,0,0.2036498337984085
ACH-000655,16732433,0,0.12107789516448975
ACH-000655,16747388,0,0.40800464153289795
ACH-000655,16747683,1,0.6235741972923279
ACH-000655,176158,0,0.09449227154254913
ACH-000655,176167,0,0.3994356095790863
ACH-000655,176870,0,0.15762045979499817
ACH-000655,17755052,1,0.5494382381439209
ACH-000655,208908,0,0.12175437808036804
ACH-000655,216239,0,0.308445543050766
ACH-000655,216326,0,0.06182633340358734
ACH-000655,2314623,0,0.08984445780515671
ACH-000655,23582824,1,0.7370749711990356
ACH-000655,23725625,0,0.11171166598796844
ACH-000655,2375,0,0.1017957478761673
ACH-000655,24180719,0,0.1727980524301529
ACH-000655,24737642,0,0.35941746830940247
ACH-000655,24739943,1,0.6142928004264832
ACH-000655,24756910,1,0.4369937777519226
ACH-000655,24770514,1,0.4427952468395233
ACH-000655,24771867,0,0.24719418585300446
ACH-000655,24772043,1,0.6011224389076233
ACH-000655,24772860,1,0.6177182793617249
ACH-000655,24776445,0,0.10063840448856354
ACH-000655,24785538,0,0.4616217017173767
ACH-000655,24826799,0,0.2729102373123169
ACH-000655,24889392,0,0.0790715292096138
ACH-000655,24894414,0,0.15731629729270935
ACH-000655,24951314,1,0.7383934855461121
ACH-000655,24964624,0,0.31620949506759644
ACH-000655,24978538,0,0.4173247516155243
ACH-000655,25022668,1,0.4933781027793884
ACH-000655,25102847,0,0.30245092511177063
ACH-000655,25124816,0,0.10548631846904755
ACH-000655,25126798,0,0.09699932485818863
ACH-000655,25167777,1,0.5217027068138123
ACH-000655,25195294,1,0.7766508460044861
ACH-000655,25226117,0,0.1764800101518631
ACH-000655,25226483,1,0.7286167740821838
ACH-000655,25227436,0,0.5304580330848694
ACH-000655,25254071,1,0.5658902525901794
ACH-000655,25257557,1,0.323923796415329
ACH-000655,25260757,1,0.4263738989830017
ACH-000655,25262792,1,0.454586386680603
ACH-000655,25262965,0,0.4441077411174774
ACH-000655,2733526,0,0.13865910470485687
ACH-000655,300471,1,0.8050615787506104
ACH-000655,3005532,0,0.11906270682811737
ACH-000655,3062316,1,0.30894267559051514
ACH-000655,3101542,0,0.10467012226581573
ACH-000655,31703,1,0.7342298030853271
ACH-000655,3218,1,0.6151207089424133
ACH-000655,3372016,0,0.14564478397369385
ACH-000655,3385,1,0.7432511448860168
ACH-000655,3463933,1,0.6941128969192505
ACH-000655,36314,1,0.6615128517150879
ACH-000655,36462,1,0.8030048608779907
ACH-000655,3796,0,0.13802999258041382
ACH-000655,3827738,0,0.1515524834394455
ACH-000655,387447,1,0.6750625967979431
ACH-000655,4248455,0,0.32422497868537903
ACH-000655,4261,1,0.7190003991127014
ACH-000655,42623900,0,0.2825985550880432
ACH-000655,42628507,1,0.5755247473716736
ACH-000655,42628535,0,0.3726509213447571
ACH-000655,42640,1,0.4712333083152771
ACH-000655,42642645,1,0.5265571475028992
ACH-000655,44137675,1,0.3094087839126587
ACH-000655,44143370,1,0.2834642231464386
ACH-000655,44182295,0,0.49452710151672363
ACH-000655,44224257,1,0.4824169874191284
ACH-000655,442972,0,0.25826987624168396
ACH-000655,44462760,0,0.24227844178676605
ACH-000655,444732,1,0.5734871029853821
ACH-000655,444795,0,0.2688893675804138
ACH-000655,44551660,0,0.5943622589111328
ACH-000655,446378,1,0.6838114857673645
ACH-000655,447912,0,0.3189001679420471
ACH-000655,448013,1,0.7615616917610168
ACH-000655,45258277,1,0.35136255621910095
ACH-000655,46006640,0,0.16963063180446625
ACH-000655,46191454,1,0.6419917345046997
ACH-000655,46192505,0,0.1642787903547287
ACH-000655,46224516,1,0.6246932148933411
ACH-000655,462382,1,0.5981538891792297
ACH-000655,46244454,1,0.6604227423667908
ACH-000655,46843648,0,0.5549119710922241
ACH-000655,46843772,0,0.33294811844825745
ACH-000655,46844147,1,0.30508676171302795
ACH-000655,46883536,0,0.08049537986516953
ACH-000655,46885626,1,0.45953765511512756
ACH-000655,46893585,0,0.24370013177394867
ACH-000655,46907787,0,0.3672295808792114
ACH-000655,46926973,0,0.17793427407741547
ACH-000655,46937430,0,0.10286577045917511
ACH-000655,46943432,0,0.2885259985923767
ACH-000655,479503,1,0.7096617817878723
ACH-000655,49806720,0,0.08787661045789719
ACH-000655,49831044,1,0.662754476070404
ACH-000655,49847690,1,0.383272260427475
ACH-000655,49850262,0,0.14506353437900543
ACH-000655,4993,1,0.5452755689620972
ACH-000655,5081913,1,0.5722705721855164
ACH-000655,51039095,1,0.34578007459640503
ACH-000655,5113032,0,0.0879359096288681
ACH-000655,51358113,1,0.6555876135826111
ACH-000655,51371303,0,0.19874368607997894
ACH-000655,521106,0,0.4008469879627228
ACH-000655,5278396,0,0.1228288933634758
ACH-000655,5280757,0,0.1363907754421234
ACH-000655,5284616,0,0.2998228371143341
ACH-000655,5287969,1,0.5110918879508972
ACH-000655,5291,0,0.12886002659797668
ACH-000655,52912189,1,0.4456370770931244
ACH-000655,52913813,0,0.21453642845153809
ACH-000655,5311,1,0.6520102620124817
ACH-000655,5311497,1,0.4740810990333557
ACH-000655,5311510,0,0.3025299310684204
ACH-000655,5328940,0,0.14598771929740906
ACH-000655,5329102,1,0.3288736939430237
ACH-000655,53302361,1,0.3987191319465637
ACH-000655,5330286,1,0.46269017457962036
ACH-000655,53315878,0,0.09568493068218231
ACH-000655,53340664,1,0.345461368560791
ACH-000655,53340666,1,0.631989061832428
ACH-000655,5351307,1,0.6777021288871765
ACH-000655,5360373,1,0.4591819643974304
ACH-000655,5394,0,0.0818253755569458
ACH-000655,5460033,1,0.6162967681884766
ACH-000655,54676905,0,0.06366050988435745
ACH-000655,54685215,0,0.060607217252254486
ACH-000655,5494449,0,0.36221441626548767
ACH-000655,560326,1,0.8331742882728577
ACH-000655,56599306,0,0.3252717852592468
ACH-000655,56962337,0,0.14919769763946533
ACH-000655,56965967,1,0.5707331299781799
ACH-000655,5717801,0,0.24054162204265594
ACH-000655,57339144,0,0.07978248596191406
ACH-000655,57340680,1,0.39510899782180786
ACH-000655,5746,1,0.8098437786102295
ACH-000655,57519544,0,0.22624866664409637
ACH-000655,58423153,0,0.1765664666891098
ACH-000655,60750,1,0.7988763451576233
ACH-000655,6253,1,0.6473650336265564
ACH-000655,637858,1,0.6074380874633789
ACH-000655,644215,1,0.5683742761611938
ACH-000655,644241,0,0.15707390010356903
ACH-000655,644243,0,0.08717922866344452
ACH-000655,6445533,1,0.5963366627693176
ACH-000655,6445562,1,0.2657191753387451
ACH-000655,6450551,0,0.19925063848495483
ACH-000655,6450816,1,0.42460769414901733
ACH-000655,6473881,0,0.22749724984169006
ACH-000655,6505803,1,0.42600950598716736
ACH-000655,65110,0,0.47202789783477783
ACH-000655,66577038,0,0.1115226000547409
ACH-000655,68234129,0,0.36010733246803284
ACH-000655,68289010,0,0.10164423286914825
ACH-000655,6852167,1,0.5225675702095032
ACH-000655,6914657,1,0.42773690819740295
ACH-000655,6918289,1,0.3864779770374298
ACH-000655,6918454,0,0.41879525780677795
ACH-000655,6918638,1,0.5414335131645203
ACH-000655,6918837,1,0.6256354451179504
ACH-000655,6918848,1,0.7175452709197998
ACH-000655,69923936,1,0.4812295734882355
ACH-000655,704473,0,0.15856562554836273
ACH-000655,71271629,0,0.39643314480781555
ACH-000655,71299339,0,0.12129580229520798
ACH-000655,71729975,1,0.5608171224594116
ACH-000655,73265211,0,0.0743160992860794
ACH-000655,73265214,0,0.20356370508670807
ACH-000655,73707530,1,0.653689444065094
ACH-000655,73755109,0,0.19821490347385406
ACH-000655,76044,1,0.41761723160743713
ACH-000655,76685059,0,0.40270933508872986
ACH-000655,77232197,1,0.6621361374855042
ACH-000655,78243717,0,0.09089988470077515
ACH-000655,82146,0,0.558419942855835
ACH-000655,8249,0,0.6599772572517395
ACH-000655,90488984,0,0.06971447914838791
ACH-000655,92577,0,0.11822669953107834
ACH-000655,9549184,1,0.250616192817688
ACH-000655,9549289,1,0.47518616914749146
ACH-000655,9549297,0,0.1384982168674469
ACH-000655,97489,0,0.12676270306110382
ACH-000655,9826308,1,0.5314978361129761
ACH-000655,9826528,1,0.6078426241874695
ACH-000655,9829523,1,0.38466373085975647
ACH-000655,984170,0,0.1579085886478424
ACH-000655,9858940,0,0.4990832805633545
ACH-000655,9863776,1,0.7511105537414551
ACH-000655,9868037,0,0.31826770305633545
ACH-000655,9874913,0,0.17796014249324799
ACH-000655,9884685,1,0.2336941808462143
ACH-000655,9903786,0,0.5005933046340942
ACH-000655,9907093,0,0.2112312912940979
ACH-000655,9908783,0,0.09285559505224228
ACH-000655,9910224,0,0.08445445448160172
ACH-000655,9911830,0,0.07408324629068375
ACH-000655,9914412,0,0.43961912393569946
ACH-000655,9926054,1,0.4135414958000183
ACH-000655,9931954,0,0.11453284323215485
ACH-000655,9938202,0,0.21451999247074127
ACH-000655,9952773,0,0.2570326626300812
ACH-000655,9956119,0,0.11995737999677658
ACH-000655,9956222,0,0.22972372174263
ACH-000657,10027278,1,0.3766739070415497
ACH-000657,10074640,1,0.25510549545288086
ACH-000657,10077147,0,0.3945235311985016
ACH-000657,10109823,1,0.304359495639801
ACH-000657,10113978,1,0.20145180821418762
ACH-000657,10127622,0,0.3284412920475006
ACH-000657,10184653,0,0.1535351574420929
ACH-000657,10341154,0,0.08460258692502975
ACH-000657,10368812,1,0.6032915115356445
ACH-000657,10377751,1,0.6224120259284973
ACH-000657,10384072,0,0.11009325087070465
ACH-000657,10459196,0,0.07523567974567413
ACH-000657,104741,0,0.22481769323349
ACH-000657,104842,1,0.5689175128936768
ACH-000657,107969,1,0.4812453091144562
ACH-000657,11152667,1,0.4474073052406311
ACH-000657,11175137,1,0.375210165977478
ACH-000657,11178236,1,0.39805009961128235
ACH-000657,11282283,1,0.16167651116847992
ACH-000657,11327430,0,0.1180230975151062
ACH-000657,11338033,1,0.46136730909347534
ACH-000657,11373846,1,0.16298337280750275
ACH-000657,11455910,1,0.7159854173660278
ACH-000657,11485656,0,0.1561647653579712
ACH-000657,11488320,1,0.34312400221824646
ACH-000657,11493598,0,0.13734814524650574
ACH-000657,11507964,1,0.1888643503189087
ACH-000657,11511120,1,0.41153445839881897
ACH-000657,11609586,1,0.6710723638534546
ACH-000657,11617559,0,0.10049376636743546
ACH-000657,11624601,0,0.09114295244216919
ACH-000657,11625818,1,0.15989631414413452
ACH-000657,11634725,1,0.30931031703948975
ACH-000657,11640390,0,0.2269977629184723
ACH-000657,11647372,1,0.31694644689559937
ACH-000657,11667893,0,0.10755566507577896
ACH-000657,11707110,1,0.28881964087486267
ACH-000657,11713159,0,0.24052517116069794
ACH-000657,11754511,1,0.5149469971656799
ACH-000657,11784504,1,0.25612786412239075
ACH-000657,117918970,1,0.33044326305389404
ACH-000657,117996541,1,0.7248954772949219
ACH-000657,11960529,0,0.10499200969934464
ACH-000657,11977753,1,0.4391310513019562
ACH-000657,1206243,1,0.4038751423358917
ACH-000657,121596701,0,0.3021835386753082
ACH-000657,123631,0,0.09908080846071243
ACH-000657,126565,1,0.4877060353755951
ACH-000657,126941,1,0.24399714171886444
ACH-000657,13342,1,0.41374656558036804
ACH-000657,135398501,1,0.29440146684646606
ACH-000657,135398516,1,0.39614421129226685
ACH-000657,135410875,1,0.19497938454151154
ACH-000657,135418940,0,0.25700676441192627
ACH-000657,135421197,1,0.3071148097515106
ACH-000657,135423438,1,0.44420626759529114
ACH-000657,135440466,0,0.21761180460453033
ACH-000657,135499520,0,0.15642498433589935
ACH-000657,135539077,1,0.3534652888774872
ACH-000657,135564599,0,0.09207075834274292
ACH-000657,135565082,1,0.45757603645324707
ACH-000657,135659062,1,0.2670542001724243
ACH-000657,135691163,0,0.44001781940460205
ACH-000657,136240579,0,0.13291382789611816
ACH-000657,1401,0,0.17004820704460144
ACH-000657,148124,1,0.5317335724830627
ACH-000657,156414,1,0.30553367733955383
ACH-000657,156422,0,0.11428482085466385
ACH-000657,159324,1,0.781762957572937
ACH-000657,15953870,0,0.15494556725025177
ACH-000657,16095342,1,0.16646508872509003
ACH-000657,16123056,0,0.1517878621816635
ACH-000657,16218924,0,0.16870859265327454
ACH-000657,16659841,0,0.18126709759235382
ACH-000657,16681698,1,0.41477957367897034
ACH-000657,16720766,1,0.24947141110897064
ACH-000657,16722836,1,0.46716681122779846
ACH-000657,16725726,1,0.16003887355327606
ACH-000657,16732433,0,0.13452079892158508
ACH-000657,16747388,1,0.3642565906047821
ACH-000657,16747683,1,0.5395867824554443
ACH-000657,176158,0,0.09418884664773941
ACH-000657,176167,1,0.3393019437789917
ACH-000657,17755052,1,0.42868033051490784
ACH-000657,216326,0,0.06613533943891525
ACH-000657,2314623,0,0.09598522633314133
ACH-000657,23582824,1,0.7558012008666992
ACH-000657,23725625,0,0.10164793580770493
ACH-000657,2375,0,0.09131696075201035
ACH-000657,24180719,0,0.1772182136774063
ACH-000657,24737642,0,0.2684735357761383
ACH-000657,24739943,1,0.5731595158576965
ACH-000657,24756910,1,0.3113262355327606
ACH-000657,24770514,0,0.3205310106277466
ACH-000657,24771867,1,0.24340622127056122
ACH-000657,24772043,1,0.4636417031288147
ACH-000657,24772860,1,0.4824516177177429
ACH-000657,24776445,0,0.09830807149410248
ACH-000657,24785538,1,0.4007223844528198
ACH-000657,24826799,1,0.21556143462657928
ACH-000657,24889392,0,0.07317326962947845
ACH-000657,24894414,0,0.13705016672611237
ACH-000657,24951314,1,0.5582830309867859
ACH-000657,24964624,0,0.260040819644928
ACH-000657,24978538,0,0.32229548692703247
ACH-000657,25022668,1,0.3940715193748474
ACH-000657,25102847,1,0.28567004203796387
ACH-000657,25124816,0,0.10489530861377716
ACH-000657,25126798,0,0.09099782258272171
ACH-000657,25167777,1,0.4770888388156891
ACH-000657,25195294,1,0.6828053593635559
ACH-000657,25226117,0,0.14912818372249603
ACH-000657,25226483,1,0.6886548399925232
ACH-000657,25227436,1,0.4965951144695282
ACH-000657,25254071,1,0.4457041323184967
ACH-000657,25257557,1,0.25761693716049194
ACH-000657,25260757,1,0.28669896721839905
ACH-000657,25262792,1,0.3716575503349304
ACH-000657,25262965,1,0.3774451017379761
ACH-000657,2733526,0,0.15177492797374725
ACH-000657,300471,1,0.7900662422180176
ACH-000657,3005532,0,0.12503767013549805
ACH-000657,3101542,0,0.11377666890621185
ACH-000657,31703,1,0.6062301397323608
ACH-000657,3218,1,0.517604649066925
ACH-000657,3372016,0,0.1482393443584442
ACH-000657,3385,1,0.73698890209198
ACH-000657,3463933,1,0.5931421518325806
ACH-000657,36462,1,0.7347925901412964
ACH-000657,3796,0,0.1450558304786682
ACH-000657,3827738,0,0.13958853483200073
ACH-000657,4248455,0,0.2667543888092041
ACH-000657,42623900,1,0.26660898327827454
ACH-000657,42628507,1,0.46596208214759827
ACH-000657,42628535,0,0.3231757581233978
ACH-000657,42640,0,0.3706824779510498
ACH-000657,42642645,1,0.38302892446517944
ACH-000657,44137675,1,0.26756158471107483
ACH-000657,44143370,1,0.22516244649887085
ACH-000657,44182295,0,0.3465004563331604
ACH-000657,44224257,1,0.34789377450942993
ACH-000657,44462760,0,0.19796398282051086
ACH-000657,444732,1,0.48794472217559814
ACH-000657,444795,0,0.22470620274543762
ACH-000657,44551660,1,0.5967222452163696
ACH-000657,44632017,1,0.38983020186424255
ACH-000657,446378,1,0.5378968119621277
ACH-000657,447912,0,0.27315112948417664
ACH-000657,448013,1,0.6288312077522278
ACH-000657,45258277,1,0.3246743977069855
ACH-000657,46006640,1,0.15038615465164185
ACH-000657,46191454,1,0.5264337062835693
ACH-000657,46192505,0,0.18091821670532227
ACH-000657,46224516,1,0.4921968877315521
ACH-000657,46244454,1,0.537658154964447
ACH-000657,46843648,1,0.44269874691963196
ACH-000657,46843772,0,0.2636060416698456
ACH-000657,46883536,0,0.07860826700925827
ACH-000657,46885626,1,0.40545693039894104
ACH-000657,46893585,0,0.2208944410085678
ACH-000657,46907787,1,0.28685587644577026
ACH-000657,46926973,0,0.220166876912117
ACH-000657,46937430,0,0.1116822361946106
ACH-000657,46943432,1,0.24574978649616241
ACH-000657,479503,1,0.6205446124076843
ACH-000657,49806720,0,0.07801926881074905
ACH-000657,49831044,1,0.6117989420890808
ACH-000657,49847690,1,0.3101777136325836
ACH-000657,49850262,0,0.13740722835063934
ACH-000657,5081913,1,0.47891804575920105
ACH-000657,51039095,1,0.30158284306526184
ACH-000657,5113032,0,0.09060022979974747
ACH-000657,51358113,1,0.5451704263687134
ACH-000657,51371303,1,0.19230924546718597
ACH-000657,521106,1,0.4477759599685669
ACH-000657,5278396,0,0.111761175096035
ACH-000657,5280757,0,0.11919781565666199
ACH-000657,5287969,1,0.40548667311668396
ACH-000657,52912189,0,0.38393834233283997
ACH-000657,52913813,0,0.16694991290569305
ACH-000657,5311,1,0.5094797611236572
ACH-000657,5311497,1,0.3388940393924713
ACH-000657,5328940,0,0.12104085832834244
ACH-000657,53302361,1,0.3170356750488281
ACH-000657,5330286,0,0.3814041018486023
ACH-000657,53315878,0,0.08200439065694809
ACH-000657,53340664,1,0.2814987599849701
ACH-000657,53340666,1,0.47731420397758484
ACH-000657,5351307,1,0.5861409902572632
ACH-000657,5360373,1,0.35515230894088745
ACH-000657,5394,0,0.08147463947534561
ACH-000657,5460033,1,0.5645526051521301
ACH-000657,54676905,0,0.06312984973192215
ACH-000657,54685215,0,0.06353490054607391
ACH-000657,560326,1,0.7697449326515198
ACH-000657,56599306,1,0.2811056971549988
ACH-000657,56962337,0,0.12530969083309174
ACH-000657,56965967,1,0.5573065280914307
ACH-000657,57339144,0,0.07853928953409195
ACH-000657,57340680,1,0.332632839679718
ACH-000657,5746,1,0.7070345878601074
ACH-000657,57519544,0,0.27340784668922424
ACH-000657,58423153,0,0.15968377888202667
ACH-000657,60750,1,0.7272275686264038
ACH-000657,6253,1,0.5695868134498596
ACH-000657,637858,1,0.6140725016593933
ACH-000657,644241,0,0.14010754227638245
ACH-000657,644243,0,0.08960786461830139
ACH-000657,6445533,1,0.4892725944519043
ACH-000657,6445562,1,0.20905037224292755
ACH-000657,6450551,1,0.2037271112203598
ACH-000657,6450816,1,0.33376920223236084
ACH-000657,6505803,1,0.3286153972148895
ACH-000657,65110,0,0.36854466795921326
ACH-000657,66577038,0,0.11763311922550201
ACH-000657,68234129,1,0.3259248733520508
ACH-000657,68289010,0,0.11691727489233017
ACH-000657,6852167,1,0.42028123140335083
ACH-000657,6914657,1,0.3206671178340912
ACH-000657,6918289,1,0.2969725430011749
ACH-000657,6918454,1,0.3082959055900574
ACH-000657,6918638,1,0.46989336609840393
ACH-000657,6918837,1,0.5373674035072327
ACH-000657,6918848,1,0.6527731418609619
ACH-000657,69923936,1,0.3926640748977661
ACH-000657,704473,0,0.1821867674589157
ACH-000657,71271629,0,0.3678993880748749
ACH-000657,71299339,0,0.11047127842903137
ACH-000657,71729975,1,0.4844340980052948
ACH-000657,73265211,1,0.07543431222438812
ACH-000657,73265214,0,0.1668184995651245
ACH-000657,73755109,0,0.1794392466545105
ACH-000657,76685059,1,0.30726122856140137
ACH-000657,77232197,1,0.5562577247619629
ACH-000657,78243717,0,0.09409221261739731
ACH-000657,82146,0,0.49438703060150146
ACH-000657,8249,1,0.6299158334732056
ACH-000657,90488984,0,0.0731341540813446
ACH-000657,92577,0,0.10792171210050583
ACH-000657,9549289,1,0.4964334964752197
ACH-000657,9549297,1,0.11336962878704071
ACH-000657,97489,1,0.1264239251613617
ACH-000657,9826528,0,0.551603376865387
ACH-000657,9829523,1,0.3310593366622925
ACH-000657,984170,1,0.14765869081020355
ACH-000657,9858940,1,0.4549579918384552
ACH-000657,9863776,1,0.6563482880592346
ACH-000657,9868037,0,0.2954801917076111
ACH-000657,9874913,0,0.21096737682819366
ACH-000657,9884685,1,0.18931588530540466
ACH-000657,9903786,1,0.4526401162147522
ACH-000657,9908783,0,0.10050681233406067
ACH-000657,9910224,0,0.0834529846906662
ACH-000657,9911830,0,0.0826176330447197
ACH-000657,9914412,0,0.3676756024360657
ACH-000657,9926054,1,0.3143463134765625
ACH-000657,9931954,1,0.12511767446994781
ACH-000657,9938202,1,0.16076937317848206
ACH-000657,9952773,0,0.2901485562324524
ACH-000657,9956119,1,0.11972030252218246
ACH-000657,9956222,1,0.20041333138942719
ACH-000665,10027278,1,0.3623962700366974
ACH-000665,10074640,0,0.28155267238616943
ACH-000665,10077147,1,0.43526458740234375
ACH-000665,10109823,1,0.28205451369285583
ACH-000665,10113978,1,0.2066287398338318
ACH-000665,10127622,1,0.3433280289173126
ACH-000665,10184653,1,0.16570433974266052
ACH-000665,10341154,0,0.09101280570030212
ACH-000665,10368812,1,0.6139575839042664
ACH-000665,10377751,1,0.553452730178833
ACH-000665,10384072,0,0.10967963188886642
ACH-000665,10459196,0,0.08254349231719971
ACH-000665,104741,0,0.24905486404895782
ACH-000665,104842,1,0.5431381464004517
ACH-000665,107969,1,0.5407653450965881
ACH-000665,11152667,1,0.4833829402923584
ACH-000665,11175137,0,0.3850557208061218
ACH-000665,11178236,1,0.428528755903244
ACH-000665,11282283,0,0.1986534297466278
ACH-000665,11327430,0,0.12643425166606903
ACH-000665,11338033,1,0.4394901394844055
ACH-000665,11373846,0,0.1711811125278473
ACH-000665,11455910,1,0.7053192853927612
ACH-000665,11485656,0,0.16857567429542542
ACH-000665,11488320,1,0.37091967463493347
ACH-000665,11493598,0,0.1444273144006729
ACH-000665,11507964,0,0.21404042840003967
ACH-000665,11511120,0,0.4507884681224823
ACH-000665,11609586,0,0.6139870285987854
ACH-000665,11617559,0,0.10379448533058167
ACH-000665,11624601,0,0.09623488783836365
ACH-000665,11625818,1,0.15350781381130219
ACH-000665,11634725,0,0.25122565031051636
ACH-000665,11640390,0,0.2607630491256714
ACH-000665,11647372,1,0.3187219798564911
ACH-000665,11667893,0,0.1107943132519722
ACH-000665,11707110,1,0.30231842398643494
ACH-000665,11713159,0,0.21909990906715393
ACH-000665,11754511,0,0.5254002213478088
ACH-000665,11784504,1,0.2792842388153076
ACH-000665,117918970,0,0.32161086797714233
ACH-000665,117996541,1,0.6771796345710754
ACH-000665,11960529,0,0.11620505899190903
ACH-000665,11977753,1,0.3717308044433594
ACH-000665,1206243,0,0.3598357141017914
ACH-000665,121596701,1,0.32948577404022217
ACH-000665,123631,0,0.10935303568840027
ACH-000665,126565,1,0.5427616834640503
ACH-000665,126941,0,0.2810400724411011
ACH-000665,13342,1,0.5135712027549744
ACH-000665,135398501,1,0.3154909610748291
ACH-000665,135398516,1,0.41107556223869324
ACH-000665,135410875,0,0.21069972217082977
ACH-000665,135418940,0,0.2524600028991699
ACH-000665,135421197,0,0.30773401260375977
ACH-000665,135423438,0,0.44435715675354004
ACH-000665,135440466,0,0.21983863413333893
ACH-000665,135499520,0,0.15747353434562683
ACH-000665,135539077,1,0.3652045428752899
ACH-000665,135564599,0,0.10383272171020508
ACH-000665,135565082,1,0.42061254382133484
ACH-000665,135659062,0,0.2783535122871399
ACH-000665,135691163,0,0.4968976378440857
ACH-000665,136240579,0,0.13486884534358978
ACH-000665,1401,0,0.1879863142967224
ACH-000665,148124,1,0.6136005520820618
ACH-000665,156414,0,0.33395516872406006
ACH-000665,156422,0,0.13745027780532837
ACH-000665,159324,1,0.7373128533363342
ACH-000665,15953870,0,0.17696347832679749
ACH-000665,16095342,0,0.2080918401479721
ACH-000665,16123056,0,0.14819397032260895
ACH-000665,16218924,0,0.16043971478939056
ACH-000665,16659841,0,0.16842296719551086
ACH-000665,16681698,1,0.4014507830142975
ACH-000665,16720766,0,0.27575966715812683
ACH-000665,16722836,1,0.5271122455596924
ACH-000665,16725726,0,0.19469749927520752
ACH-000665,16732433,0,0.13334672152996063
ACH-000665,16747388,0,0.33498406410217285
ACH-000665,16747683,1,0.4798230826854706
ACH-000665,176158,0,0.0968874916434288
ACH-000665,176167,0,0.37558257579803467
ACH-000665,17755052,1,0.4589967429637909
ACH-000665,216326,0,0.06361264735460281
ACH-000665,2314623,0,0.09503307938575745
ACH-000665,23582824,0,0.6543183326721191
ACH-000665,23725625,0,0.11170551925897598
ACH-000665,2375,0,0.1042817160487175
ACH-000665,24180719,0,0.15887314081192017
ACH-000665,24737642,0,0.30324026942253113
ACH-000665,24739943,1,0.5344595909118652
ACH-000665,24756910,1,0.36722129583358765
ACH-000665,24770514,1,0.35875463485717773
ACH-000665,24771867,0,0.20328517258167267
ACH-000665,24772043,0,0.5143378973007202
ACH-000665,24772860,1,0.504490852355957
ACH-000665,24776445,0,0.10447806119918823
ACH-000665,24785538,1,0.3587218225002289
ACH-000665,24826799,0,0.2187177836894989
ACH-000665,24889392,0,0.09463737159967422
ACH-000665,24894414,0,0.1502155363559723
ACH-000665,24951314,1,0.6543366312980652
ACH-000665,24964624,0,0.2583808898925781
ACH-000665,24978538,0,0.33484238386154175
ACH-000665,25022668,1,0.44737982749938965
ACH-000665,25102847,0,0.29933321475982666
ACH-000665,25124816,0,0.12110661715269089
ACH-000665,25126798,0,0.09049055725336075
ACH-000665,25167777,1,0.4111471474170685
ACH-000665,25195294,1,0.6772825717926025
ACH-000665,25226117,0,0.15854406356811523
ACH-000665,25226483,0,0.6357482075691223
ACH-000665,25227436,0,0.4835548996925354
ACH-000665,25254071,0,0.4447666108608246
ACH-000665,25257557,0,0.26762983202934265
ACH-000665,25260757,0,0.33671852946281433
ACH-000665,25262792,1,0.34645944833755493
ACH-000665,25262965,1,0.35121479630470276
ACH-000665,2733526,0,0.1487569659948349
ACH-000665,300471,0,0.8030518293380737
ACH-000665,3005532,0,0.1227225735783577
ACH-000665,3101542,0,0.12040745466947556
ACH-000665,31703,1,0.6324325203895569
ACH-000665,3218,1,0.5444366931915283
ACH-000665,3372016,1,0.1466188132762909
ACH-000665,3385,0,0.7050718069076538
ACH-000665,3463933,1,0.5777115821838379
ACH-000665,36462,1,0.7719679474830627
ACH-000665,3796,1,0.13500787317752838
ACH-000665,3827738,0,0.14615263044834137
ACH-000665,4248455,0,0.30141308903694153
ACH-000665,42623900,1,0.2632594704627991
ACH-000665,42628507,1,0.47250500321388245
ACH-000665,42628535,0,0.3123736083507538
ACH-000665,42640,0,0.407186359167099
ACH-000665,42642645,1,0.45198267698287964
ACH-000665,44137675,1,0.3023979067802429
ACH-000665,44143370,1,0.2284127175807953
ACH-000665,44182295,1,0.3988181948661804
ACH-000665,44224257,1,0.4003902077674866
ACH-000665,444732,1,0.4800008535385132
ACH-000665,444795,0,0.23443959653377533
ACH-000665,44551660,1,0.5651565194129944
ACH-000665,44632017,1,0.37408921122550964
ACH-000665,446378,1,0.6177091002464294
ACH-000665,447912,0,0.27265340089797974
ACH-000665,448013,1,0.6885785460472107
ACH-000665,45258277,0,0.2892000079154968
ACH-000665,46006640,0,0.17047812044620514
ACH-000665,46191454,1,0.5787542462348938
ACH-000665,46192505,0,0.17810052633285522
ACH-000665,46224516,1,0.5413322448730469
ACH-000665,46244454,1,0.519329845905304
ACH-000665,46843648,0,0.4755432605743408
ACH-000665,46843772,0,0.28102946281433105
ACH-000665,46883536,0,0.08530211448669434
ACH-000665,46885626,1,0.4234880208969116
ACH-000665,46893585,0,0.21473269164562225
ACH-000665,46907787,1,0.28169968724250793
ACH-000665,46926973,0,0.2021404355764389
ACH-000665,46937430,0,0.10642799735069275
ACH-000665,46943432,0,0.26371049880981445
ACH-000665,479503,1,0.5929147005081177
ACH-000665,49806720,1,0.09859994798898697
ACH-000665,49831044,1,0.5559189915657043
ACH-000665,49847690,0,0.3178875744342804
ACH-000665,49850262,0,0.13310225307941437
ACH-000665,5081913,0,0.4417307376861572
ACH-000665,51039095,0,0.3052700161933899
ACH-000665,5113032,0,0.08996299654245377
ACH-000665,51358113,0,0.4726400375366211
ACH-000665,51371303,0,0.1938551366329193
ACH-000665,521106,1,0.36395135521888733
ACH-000665,5278396,0,0.11520886421203613
ACH-000665,5280757,0,0.13729214668273926
ACH-000665,5287969,1,0.41469335556030273
ACH-000665,52912189,1,0.35912492871284485
ACH-000665,52913813,1,0.20510268211364746
ACH-000665,5311,1,0.5616315603256226
ACH-000665,5311497,1,0.41580766439437866
ACH-000665,5328940,0,0.1467331200838089
ACH-000665,53302361,1,0.32184696197509766
ACH-000665,5330286,1,0.40484675765037537
ACH-000665,53315878,0,0.09955240041017532
ACH-000665,53340664,0,0.28899046778678894
ACH-000665,53340666,0,0.5311580896377563
ACH-000665,5351307,1,0.5715541839599609
ACH-000665,5360373,1,0.37797242403030396
ACH-000665,5394,0,0.09797286987304688
ACH-000665,5460033,0,0.5853744745254517
ACH-000665,54676905,0,0.06821247190237045
ACH-000665,54685215,0,0.06802832335233688
ACH-000665,560326,1,0.8090932965278625
ACH-000665,56599306,0,0.24172934889793396
ACH-000665,56962337,0,0.15311098098754883
ACH-000665,56965967,0,0.5516483783721924
ACH-000665,57339144,0,0.08047979325056076
ACH-000665,57340680,0,0.3394196331501007
ACH-000665,5746,1,0.7312164902687073
ACH-000665,57519544,0,0.26461198925971985
ACH-000665,58423153,0,0.16174648702144623
ACH-000665,60750,1,0.7106525301933289
ACH-000665,6253,1,0.5656125545501709
ACH-000665,637858,1,0.6102176308631897
ACH-000665,644241,0,0.1403188407421112
ACH-000665,644243,0,0.09309633076190948
ACH-000665,6445533,1,0.5098192095756531
ACH-000665,6445562,1,0.20583976805210114
ACH-000665,6450551,0,0.2098950445652008
ACH-000665,6450816,1,0.34285464882850647
ACH-000665,6505803,1,0.3521633744239807
ACH-000665,65110,0,0.39075320959091187
ACH-000665,66577038,0,0.11736591905355453
ACH-000665,68234129,0,0.3471827805042267
ACH-000665,68289010,0,0.11411187797784805
ACH-000665,6852167,0,0.4592258036136627
ACH-000665,6914657,1,0.35135579109191895
ACH-000665,6918289,1,0.3431492745876312
ACH-000665,6918454,1,0.3332216739654541
ACH-000665,6918638,1,0.468515545129776
ACH-000665,6918837,1,0.5251293182373047
ACH-000665,6918848,1,0.6063929200172424
ACH-000665,69923936,1,0.3615790009498596
ACH-000665,704473,0,0.18225203454494476
ACH-000665,71271629,1,0.3696248233318329
ACH-000665,71299339,0,0.11616397649049759
ACH-000665,71729975,0,0.5357422828674316
ACH-000665,73265211,0,0.07679858803749084
ACH-000665,73265214,0,0.1816386878490448
ACH-000665,73707530,1,0.6236850619316101
ACH-000665,73755109,0,0.20479373633861542
ACH-000665,76685059,1,0.38223424553871155
ACH-000665,77232197,0,0.5306710004806519
ACH-000665,78243717,0,0.09343113750219345
ACH-000665,82146,1,0.5484998822212219
ACH-000665,8249,0,0.6127569079399109
ACH-000665,90488984,0,0.07522055506706238
ACH-000665,92577,0,0.11275309324264526
ACH-000665,9549289,0,0.3765508830547333
ACH-000665,9549297,0,0.12137032300233841
ACH-000665,97489,0,0.12321691960096359
ACH-000665,9826528,1,0.5210781693458557
ACH-000665,9829523,1,0.36466184258461
ACH-000665,984170,0,0.15880852937698364
ACH-000665,9858940,0,0.435831755399704
ACH-000665,9863776,1,0.6833430528640747
ACH-000665,9868037,0,0.2661753296852112
ACH-000665,9874913,0,0.2068873792886734
ACH-000665,9884685,1,0.19272327423095703
ACH-000665,9903786,1,0.4561401903629303
ACH-000665,9908783,0,0.10508306324481964
ACH-000665,9910224,0,0.09231795370578766
ACH-000665,9911830,0,0.08559583872556686
ACH-000665,9914412,0,0.42183828353881836
ACH-000665,9926054,1,0.36731716990470886
ACH-000665,9931954,0,0.12237408012151718
ACH-000665,9938202,0,0.1845729798078537
ACH-000665,9952773,0,0.255954384803772
ACH-000665,9956119,0,0.1170855164527893
ACH-000665,9956222,0,0.2209329605102539
ACH-000668,10027278,0,0.3933475911617279
ACH-000668,10074640,0,0.2552862763404846
ACH-000668,10077147,0,0.3755500018596649
ACH-000668,10109823,1,0.294107586145401
ACH-000668,10113978,0,0.20897530019283295
ACH-000668,10127622,1,0.3236323297023773
ACH-000668,10184653,0,0.1496455818414688
ACH-000668,10341154,0,0.08560843765735626
ACH-000668,10368812,1,0.6314387321472168
ACH-000668,10377751,1,0.6101120710372925
ACH-000668,10384072,0,0.13633398711681366
ACH-000668,10459196,0,0.09184850007295609
ACH-000668,104741,0,0.23811087012290955
ACH-000668,104842,1,0.5886857509613037
ACH-000668,107969,1,0.5023733973503113
ACH-000668,11152667,1,0.4909137189388275
ACH-000668,11175137,1,0.36895880103111267
ACH-000668,11178236,1,0.41788530349731445
ACH-000668,11282283,0,0.18343085050582886
ACH-000668,11327430,0,0.11611294001340866
ACH-000668,11338033,1,0.4677661657333374
ACH-000668,11373846,0,0.1542997807264328
ACH-000668,11455910,1,0.7642486691474915
ACH-000668,11485656,0,0.1681600660085678
ACH-000668,11488320,1,0.37611833214759827
ACH-000668,11493598,0,0.14735780656337738
ACH-000668,11507964,0,0.2031608670949936
ACH-000668,11511120,1,0.42100462317466736
ACH-000668,11609586,0,0.6357835531234741
ACH-000668,11617559,0,0.09537496417760849
ACH-000668,11624601,0,0.08951293677091599
ACH-000668,11625818,1,0.1572907716035843
ACH-000668,11634725,0,0.2749227285385132
ACH-000668,11640390,0,0.27221956849098206
ACH-000668,11647372,1,0.347566694021225
ACH-000668,11667893,0,0.10117334127426147
ACH-000668,11707110,1,0.34525397419929504
ACH-000668,11713159,1,0.22861599922180176
ACH-000668,11754511,1,0.48481428623199463
ACH-000668,11784504,1,0.2883108854293823
ACH-000668,117918970,0,0.3427373170852661
ACH-000668,117996541,1,0.6781968474388123
ACH-000668,11960529,0,0.1079845055937767
ACH-000668,11977753,1,0.48985156416893005
ACH-000668,1206243,1,0.41251784563064575
ACH-000668,121596701,1,0.3275104761123657
ACH-000668,123631,0,0.0931890606880188
ACH-000668,126565,0,0.5757354497909546
ACH-000668,126941,0,0.2568501830101013
ACH-000668,13342,1,0.5044894218444824
ACH-000668,135398501,1,0.334457665681839
ACH-000668,135398516,1,0.46464768052101135
ACH-000668,135410875,0,0.21349984407424927
ACH-000668,135418940,0,0.23721899092197418
ACH-000668,135421197,0,0.30210572481155396
ACH-000668,135423438,1,0.4510730803012848
ACH-000668,135440466,0,0.20919199287891388
ACH-000668,135499520,0,0.17088519036769867
ACH-000668,135539077,1,0.37918010354042053
ACH-000668,135564599,0,0.09359340369701385
ACH-000668,135565082,0,0.4866589903831482
ACH-000668,135659062,0,0.3008105158805847
ACH-000668,135691163,0,0.4780648648738861
ACH-000668,136240579,0,0.12503494322299957
ACH-000668,1401,0,0.1626550406217575
ACH-000668,148124,1,0.633251965045929
ACH-000668,156414,1,0.3200991451740265
ACH-000668,156422,0,0.1167389377951622
ACH-000668,159324,1,0.8060775995254517
ACH-000668,15953870,0,0.1555853635072708
ACH-000668,16095342,0,0.17380087077617645
ACH-000668,16123056,0,0.1464252471923828
ACH-000668,16218924,0,0.18934185802936554
ACH-000668,16659841,1,0.18981926143169403
ACH-000668,16681698,1,0.4786428213119507
ACH-000668,16720766,1,0.29440149664878845
ACH-000668,16722836,0,0.4783875644207001
ACH-000668,16725726,1,0.17928747832775116
ACH-000668,16732433,0,0.11660914123058319
ACH-000668,16747388,0,0.35983383655548096
ACH-000668,16747683,1,0.5853886604309082
ACH-000668,176158,0,0.10435574501752853
ACH-000668,176167,0,0.3937683701515198
ACH-000668,17755052,1,0.46031269431114197
ACH-000668,216326,0,0.06193417310714722
ACH-000668,2314623,0,0.08203992247581482
ACH-000668,23582824,1,0.7389241456985474
ACH-000668,23725625,0,0.1060427650809288
ACH-000668,2375,0,0.10753330588340759
ACH-000668,24180719,0,0.14456655085086823
ACH-000668,24737642,0,0.2755376398563385
ACH-000668,24739943,1,0.6057949662208557
ACH-000668,24756910,1,0.3264596164226532
ACH-000668,24770514,1,0.36005890369415283
ACH-000668,24771867,0,0.25655898451805115
ACH-000668,24772043,1,0.46720147132873535
ACH-000668,24772860,1,0.5298935174942017
ACH-000668,24776445,0,0.09881386160850525
ACH-000668,24785538,1,0.4056912660598755
ACH-000668,24826799,0,0.2111862748861313
ACH-000668,24889392,0,0.07608067989349365
ACH-000668,24894414,0,0.13294124603271484
ACH-000668,24951314,1,0.5982142686843872
ACH-000668,24964624,1,0.29051586985588074
ACH-000668,24978538,0,0.34068870544433594
ACH-000668,25022668,0,0.4298882782459259
ACH-000668,25102847,0,0.2822089195251465
ACH-000668,25124816,0,0.11138443648815155
ACH-000668,25126798,0,0.0877533107995987
ACH-000668,25167777,1,0.48333123326301575
ACH-000668,25195294,1,0.7080774903297424
ACH-000668,25227436,1,0.46507418155670166
ACH-000668,25254071,1,0.49083995819091797
ACH-000668,25257557,0,0.2613491117954254
ACH-000668,25260757,1,0.3373717665672302
ACH-000668,25262792,1,0.38374558091163635
ACH-000668,25262965,1,0.38605979084968567
ACH-000668,2733526,0,0.13965553045272827
ACH-000668,300471,1,0.8303176760673523
ACH-000668,3005532,0,0.1122446209192276
ACH-000668,3101542,0,0.11663445830345154
ACH-000668,31703,1,0.685510516166687
ACH-000668,3218,0,0.5048678517341614
ACH-000668,3372016,1,0.15419107675552368
ACH-000668,3385,1,0.6729430556297302
ACH-000668,3463933,1,0.617974579334259
ACH-000668,36462,0,0.795360267162323
ACH-000668,3796,0,0.14330299198627472
ACH-000668,3827738,0,0.14647017419338226
ACH-000668,4248455,0,0.2718964219093323
ACH-000668,42623900,0,0.28495416045188904
ACH-000668,42628507,1,0.523558497428894
ACH-000668,42640,0,0.4069274067878723
ACH-000668,42642645,1,0.41686078906059265
ACH-000668,44137675,1,0.3023189902305603
ACH-000668,44143370,1,0.21374277770519257
ACH-000668,44182295,1,0.3977694511413574
ACH-000668,44224257,1,0.3908582627773285
ACH-000668,44462760,0,0.23239566385746002
ACH-000668,444732,1,0.47494351863861084
ACH-000668,444795,0,0.23049785196781158
ACH-000668,44551660,1,0.6195176839828491
ACH-000668,44632017,0,0.39514702558517456
ACH-000668,446378,1,0.598676323890686
ACH-000668,447912,0,0.2830886244773865
ACH-000668,448013,1,0.7029897570610046
ACH-000668,45258277,1,0.3041430711746216
ACH-000668,46006640,0,0.15867237746715546
ACH-000668,46191454,1,0.5945383310317993
ACH-000668,46192505,0,0.16532540321350098
ACH-000668,46224516,1,0.537685215473175
ACH-000668,46244454,1,0.576607346534729
ACH-000668,46843648,0,0.45228150486946106
ACH-000668,46883536,0,0.08469186723232269
ACH-000668,46885626,1,0.44024786353111267
ACH-000668,46893585,0,0.22047147154808044
ACH-000668,46907787,1,0.32656463980674744
ACH-000668,46926973,0,0.18406207859516144
ACH-000668,46937430,0,0.1011766791343689
ACH-000668,46943432,1,0.25222504138946533
ACH-000668,479503,1,0.6604068279266357
ACH-000668,49806720,0,0.09424606710672379
ACH-000668,49831044,1,0.6585809588432312
ACH-000668,49847690,1,0.3108762502670288
ACH-000668,49850262,0,0.12692368030548096
ACH-000668,5081913,1,0.493478924036026
ACH-000668,51039095,0,0.310879111289978
ACH-000668,5113032,0,0.08671920746564865
ACH-000668,51358113,1,0.5450220704078674
ACH-000668,51371303,0,0.17405001819133759
ACH-000668,521106,0,0.4444097876548767
ACH-000668,5278396,0,0.10460331290960312
ACH-000668,5280757,0,0.12204349786043167
ACH-000668,5287969,1,0.4575451910495758
ACH-000668,52912189,0,0.4534236490726471
ACH-000668,52913813,1,0.19419695436954498
ACH-000668,5311,1,0.523166835308075
ACH-000668,5311497,1,0.4207928776741028
ACH-000668,5328940,0,0.13863755762577057
ACH-000668,53302361,0,0.3085046112537384
ACH-000668,5330286,0,0.3836882412433624
ACH-000668,53315878,0,0.08848556131124496
ACH-000668,53340664,1,0.27448779344558716
ACH-000668,53340666,1,0.5002934336662292
ACH-000668,5351307,0,0.5886480212211609
ACH-000668,5360373,1,0.4102685749530792
ACH-000668,5394,0,0.08052191883325577
ACH-000668,5460033,1,0.5792443752288818
ACH-000668,54676905,0,0.06864284723997116
ACH-000668,54685215,0,0.06815110892057419
ACH-000668,560326,1,0.8042087554931641
ACH-000668,56599306,0,0.2840251624584198
ACH-000668,56962337,0,0.14230655133724213
ACH-000668,56965967,1,0.6035128831863403
ACH-000668,57339144,0,0.07502254098653793
ACH-000668,5746,1,0.7699417471885681
ACH-000668,57519544,0,0.23858249187469482
ACH-000668,58423153,1,0.16529783606529236
ACH-000668,60750,1,0.7556719779968262
ACH-000668,6253,0,0.611760139465332
ACH-000668,637858,1,0.5826465487480164
ACH-000668,644241,0,0.12777350842952728
ACH-000668,644243,0,0.08447733521461487
ACH-000668,6445533,1,0.49492987990379333
ACH-000668,6445562,0,0.20876577496528625
ACH-000668,6450551,0,0.22324424982070923
ACH-000668,6450816,1,0.35131943225860596
ACH-000668,6505803,1,0.3701842725276947
ACH-000668,65110,1,0.43849751353263855
ACH-000668,66577038,0,0.10934210568666458
ACH-000668,68234129,0,0.33971235156059265
ACH-000668,68289010,0,0.10822221636772156
ACH-000668,6852167,1,0.4570397436618805
ACH-000668,6914657,1,0.3296292722225189
ACH-000668,6918289,1,0.32939890027046204
ACH-000668,6918454,1,0.3255424201488495
ACH-000668,6918638,1,0.478306382894516
ACH-000668,6918837,1,0.5326758623123169
ACH-000668,6918848,1,0.6904767751693726
ACH-000668,69923936,1,0.40253883600234985
ACH-000668,704473,0,0.16497525572776794
ACH-000668,71271629,0,0.40010297298431396
ACH-000668,71299339,0,0.10633164644241333
ACH-000668,71729975,0,0.5274052023887634
ACH-000668,73265211,0,0.0716925859451294
ACH-000668,73265214,0,0.17397135496139526
ACH-000668,73707530,1,0.6759816408157349
ACH-000668,73755109,0,0.20190125703811646
ACH-000668,76685059,0,0.37196677923202515
ACH-000668,77232197,1,0.5498888492584229
ACH-000668,78243717,0,0.08367105573415756
ACH-000668,82146,0,0.5407117605209351
ACH-000668,8249,1,0.6572741866111755
ACH-000668,90488984,0,0.06777875870466232
ACH-000668,92577,0,0.1095895916223526
ACH-000668,9549289,1,0.47026148438453674
ACH-000668,9549297,0,0.11888809502124786
ACH-000668,97489,0,0.13237251341342926
ACH-000668,9826528,1,0.564130425453186
ACH-000668,9829523,0,0.4346005618572235
ACH-000668,984170,0,0.1464788317680359
ACH-000668,9858940,0,0.4946976602077484
ACH-000668,9863776,1,0.7145268321037292
ACH-000668,9868037,0,0.2686118185520172
ACH-000668,9874913,0,0.19332286715507507
ACH-000668,9884685,1,0.2039186954498291
ACH-000668,9903786,0,0.4759034812450409
ACH-000668,9908783,0,0.10913734138011932
ACH-000668,9910224,0,0.07856453955173492
ACH-000668,9911830,0,0.07692260295152664
ACH-000668,9914412,0,0.3817019760608673
ACH-000668,9926054,1,0.34707894921302795
ACH-000668,9931954,0,0.11727561056613922
ACH-000668,9938202,0,0.1744738519191742
ACH-000668,9952773,0,0.2939048409461975
ACH-000668,9956119,0,0.11159146577119827
ACH-000668,9956222,0,0.2110944539308548
ACH-000684,10027278,1,0.3661161959171295
ACH-000684,10074640,0,0.24064628779888153
ACH-000684,10077147,0,0.3807127773761749
ACH-000684,10109823,0,0.31915348768234253
ACH-000684,10113978,0,0.1985558271408081
ACH-000684,10127622,1,0.3533707857131958
ACH-000684,10184653,0,0.1538899838924408
ACH-000684,10341154,0,0.08401741832494736
ACH-000684,10368812,1,0.60150545835495
ACH-000684,10377751,0,0.6281682848930359
ACH-000684,10384072,0,0.1214534342288971
ACH-000684,10459196,0,0.08287392556667328
ACH-000684,104741,0,0.23840738832950592
ACH-000684,104842,1,0.5874152183532715
ACH-000684,107969,1,0.5049004554748535
ACH-000684,11152667,1,0.46619778871536255
ACH-000684,11175137,0,0.3787802457809448
ACH-000684,11178236,1,0.39688581228256226
ACH-000684,11282283,0,0.18309246003627777
ACH-000684,11327430,0,0.12108612060546875
ACH-000684,11338033,0,0.478084921836853
ACH-000684,11373846,0,0.16080313920974731
ACH-000684,11455910,1,0.7364839315414429
ACH-000684,11485656,0,0.16046544909477234
ACH-000684,11488320,1,0.34582996368408203
ACH-000684,11493598,0,0.1430772840976715
ACH-000684,11507964,0,0.19153256714344025
ACH-000684,11511120,1,0.4203667640686035
ACH-000684,11609586,1,0.6612200736999512
ACH-000684,11617559,0,0.09875372797250748
ACH-000684,11624601,0,0.08882436156272888
ACH-000684,11625818,0,0.16199198365211487
ACH-000684,11634725,0,0.3220544755458832
ACH-000684,11640390,0,0.24406415224075317
ACH-000684,11647372,1,0.3233467936515808
ACH-000684,11667893,0,0.10837557166814804
ACH-000684,11713159,0,0.24966856837272644
ACH-000684,11754511,0,0.5303484797477722
ACH-000684,11784504,0,0.26056602597236633
ACH-000684,117918970,0,0.342956006526947
ACH-000684,117996541,1,0.7277342081069946
ACH-000684,11960529,0,0.10745144635438919
ACH-000684,11977753,1,0.44973382353782654
ACH-000684,1206243,0,0.4231704771518707
ACH-000684,121596701,1,0.3136015236377716
ACH-000684,123631,0,0.09747190773487091
ACH-000684,126565,0,0.5128627419471741
ACH-000684,126941,0,0.25400424003601074
ACH-000684,13342,0,0.43809226155281067
ACH-000684,135398501,0,0.301719069480896
ACH-000684,135398516,0,0.3976135551929474
ACH-000684,135410875,0,0.21307985484600067
ACH-000684,135421197,0,0.3085010051727295
ACH-000684,135423438,1,0.42203378677368164
ACH-000684,135440466,0,0.23688632249832153
ACH-000684,135499520,0,0.16990743577480316
ACH-000684,135539077,1,0.3803178071975708
ACH-000684,135564599,0,0.08966980129480362
ACH-000684,135659062,0,0.2572456896305084
ACH-000684,135691163,0,0.46652981638908386
ACH-000684,136240579,0,0.1304296851158142
ACH-000684,1401,0,0.17417371273040771
ACH-000684,148124,0,0.5685247778892517
ACH-000684,156414,1,0.32735177874565125
ACH-000684,156422,0,0.12335442006587982
ACH-000684,159324,0,0.781108021736145
ACH-000684,15953870,0,0.15938015282154083
ACH-000684,16095342,1,0.19253438711166382
ACH-000684,16123056,0,0.15195968747138977
ACH-000684,16218924,0,0.17681659758090973
ACH-000684,16659841,0,0.18743033707141876
ACH-000684,16681698,1,0.4475209414958954
ACH-000684,16722836,0,0.5044101476669312
ACH-000684,16725726,0,0.18953843414783478
ACH-000684,16732433,0,0.13751120865345
ACH-000684,16747388,0,0.3569983243942261
ACH-000684,16747683,1,0.5477506518363953
ACH-000684,176158,0,0.0974445790052414
ACH-000684,176167,0,0.33756282925605774
ACH-000684,17755052,0,0.46259698271751404
ACH-000684,216326,0,0.062426697462797165
ACH-000684,2314623,0,0.08885467797517776
ACH-000684,23582824,1,0.7542306780815125
ACH-000684,23725625,0,0.10517114400863647
ACH-000684,2375,0,0.09963636845350266
ACH-000684,24180719,0,0.18541023135185242
ACH-000684,24737642,0,0.3040514886379242
ACH-000684,24739943,1,0.591073751449585
ACH-000684,24756910,1,0.33243629336357117
ACH-000684,24770514,1,0.3414004445075989
ACH-000684,24771867,0,0.24845720827579498
ACH-000684,24772043,1,0.47830942273139954
ACH-000684,24772860,1,0.5184990167617798
ACH-000684,24776445,0,0.10229674726724625
ACH-000684,24785538,0,0.40256547927856445
ACH-000684,24826799,0,0.21895387768745422
ACH-000684,24889392,0,0.08211403340101242
ACH-000684,24894414,0,0.13985255360603333
ACH-000684,24951314,1,0.604732096195221
ACH-000684,24964624,0,0.27371495962142944
ACH-000684,24978538,0,0.3455873131752014
ACH-000684,25022668,0,0.4167279303073883
ACH-000684,25102847,0,0.2794022560119629
ACH-000684,25124816,0,0.10567566752433777
ACH-000684,25126798,0,0.0976279005408287
ACH-000684,25167777,0,0.47368741035461426
ACH-000684,25195294,1,0.6844069361686707
ACH-000684,25227436,1,0.5070542693138123
ACH-000684,25254071,1,0.45881929993629456
ACH-000684,25257557,0,0.250500351190567
ACH-000684,25260757,1,0.31096792221069336
ACH-000684,25262792,1,0.37261492013931274
ACH-000684,25262965,0,0.3801130950450897
ACH-000684,2733526,0,0.14394736289978027
ACH-000684,300471,1,0.7836843729019165
ACH-000684,3005532,0,0.11468928307294846
ACH-000684,3101542,0,0.11554908007383347
ACH-000684,31703,1,0.6326167583465576
ACH-000684,3218,1,0.5421599745750427
ACH-000684,3372016,0,0.14793190360069275
ACH-000684,3385,0,0.7250310778617859
ACH-000684,3463933,1,0.5973007678985596
ACH-000684,36462,0,0.7563249468803406
ACH-000684,3796,0,0.15097860991954803
ACH-000684,3827738,0,0.14082974195480347
ACH-000684,4248455,0,0.28189605474472046
ACH-000684,42623900,0,0.28062528371810913
ACH-000684,42628507,0,0.4672355055809021
ACH-000684,42640,0,0.3891432285308838
ACH-000684,42642645,1,0.40966281294822693
ACH-000684,44137675,1,0.29835039377212524
ACH-000684,44143370,1,0.24624599516391754
ACH-000684,44182295,1,0.36766961216926575
ACH-000684,44224257,0,0.3612709045410156
ACH-000684,444732,0,0.4916512072086334
ACH-000684,444795,0,0.2272217720746994
ACH-000684,44551660,0,0.6043485403060913
ACH-000684,44632017,1,0.37828317284584045
ACH-000684,446378,0,0.5801718235015869
ACH-000684,447912,0,0.28128781914711
ACH-000684,448013,1,0.6407212018966675
ACH-000684,45258277,1,0.3419991433620453
ACH-000684,46006640,0,0.14825597405433655
ACH-000684,46191454,0,0.5377380847930908
ACH-000684,46192505,0,0.18090033531188965
ACH-000684,46224516,0,0.5093818306922913
ACH-000684,46244454,1,0.5646473169326782
ACH-000684,46843648,0,0.4310202896595001
ACH-000684,46883536,0,0.08249365538358688
ACH-000684,46885626,0,0.3986647427082062
ACH-000684,46893585,0,0.21817359328269958
ACH-000684,46907787,1,0.30079907178878784
ACH-000684,46926973,0,0.20962800085544586
ACH-000684,46937430,0,0.10628516972064972
ACH-000684,46943432,0,0.2407614290714264
ACH-000684,479503,1,0.6468459963798523
ACH-000684,49806720,0,0.08811259269714355
ACH-000684,49831044,1,0.6375879049301147
ACH-000684,49847690,0,0.33135178685188293
ACH-000684,49850262,0,0.12762708961963654
ACH-000684,5081913,1,0.4841008484363556
ACH-000684,51039095,0,0.2883032560348511
ACH-000684,5113032,0,0.09066293388605118
ACH-000684,51358113,1,0.555687665939331
ACH-000684,51371303,0,0.19701838493347168
ACH-000684,521106,1,0.45553353428840637
ACH-000684,5278396,0,0.11333917826414108
ACH-000684,5280757,0,0.12491869181394577
ACH-000684,5287969,1,0.4072710871696472
ACH-000684,52912189,1,0.39814096689224243
ACH-000684,52913813,1,0.19228872656822205
ACH-000684,5311,0,0.5284674763679504
ACH-000684,5311497,0,0.35264644026756287
ACH-000684,5328940,0,0.13044393062591553
ACH-000684,53302361,1,0.3225797116756439
ACH-000684,5330286,0,0.377688467502594
ACH-000684,53340664,0,0.29015052318573
ACH-000684,53340666,0,0.4976692795753479
ACH-000684,5351307,1,0.5938708186149597
ACH-000684,5360373,1,0.3733461797237396
ACH-000684,5460033,0,0.5669817328453064
ACH-000684,54676905,0,0.06604213267564774
ACH-000684,54685215,0,0.06408664584159851
ACH-000684,560326,1,0.7688001990318298
ACH-000684,56599306,0,0.27770036458969116
ACH-000684,56965967,0,0.5536434650421143
ACH-000684,5746,1,0.7294026017189026
ACH-000684,57519544,0,0.2587816119194031
ACH-000684,58423153,0,0.15225836634635925
ACH-000684,60750,1,0.7522073984146118
ACH-000684,6253,1,0.5971129536628723
ACH-000684,637858,1,0.6214140057563782
ACH-000684,644241,0,0.1394655853509903
ACH-000684,644243,0,0.09032443165779114
ACH-000684,6445533,1,0.49961555004119873
ACH-000684,6445562,0,0.2154027372598648
ACH-000684,6450551,0,0.20692037045955658
ACH-000684,6450816,0,0.33589041233062744
ACH-000684,6505803,1,0.345790833234787
ACH-000684,65110,0,0.3853675425052643
ACH-000684,66577038,0,0.11419791728258133
ACH-000684,68234129,0,0.3253350853919983
ACH-000684,68289010,0,0.11556927859783173
ACH-000684,6852167,0,0.45223385095596313
ACH-000684,6914657,0,0.33982086181640625
ACH-000684,6918289,1,0.31476497650146484
ACH-000684,6918454,0,0.31285491585731506
ACH-000684,6918638,1,0.46225082874298096
ACH-000684,6918837,1,0.5460370779037476
ACH-000684,6918848,1,0.6606555581092834
ACH-000684,69923936,1,0.38695529103279114
ACH-000684,704473,0,0.17594529688358307
ACH-000684,71271629,0,0.35306671261787415
ACH-000684,71299339,0,0.11569271981716156
ACH-000684,73265211,0,0.07410011440515518
ACH-000684,73265214,0,0.1716771423816681
ACH-000684,73707530,0,0.6727731823921204
ACH-000684,73755109,0,0.18583285808563232
ACH-000684,76685059,0,0.3401719033718109
ACH-000684,77232197,1,0.561756432056427
ACH-000684,78243717,0,0.08834312111139297
ACH-000684,82146,0,0.5291776061058044
ACH-000684,8249,0,0.6291719079017639
ACH-000684,90488984,0,0.06977473944425583
ACH-000684,92577,0,0.1115965023636818
ACH-000684,9549289,1,0.5250276327133179
ACH-000684,9549297,0,0.11596890538930893
ACH-000684,97489,0,0.1292232871055603
ACH-000684,9826528,1,0.5533692836761475
ACH-000684,9829523,1,0.34308019280433655
ACH-000684,984170,0,0.15621666610240936
ACH-000684,9858940,0,0.48693469166755676
ACH-000684,9863776,1,0.6611842513084412
ACH-000684,9868037,0,0.30572327971458435
ACH-000684,9874913,0,0.20256635546684265
ACH-000684,9884685,0,0.20328043401241302
ACH-000684,9903786,0,0.4514285624027252
ACH-000684,9908783,0,0.1063183918595314
ACH-000684,9910224,0,0.08349642157554626
ACH-000684,9911830,0,0.08541715145111084
ACH-000684,9914412,0,0.37867552042007446
ACH-000684,9926054,0,0.32501065731048584
ACH-000684,9931954,0,0.11439313739538193
ACH-000684,9938202,0,0.17462913691997528
ACH-000684,9952773,0,0.29967910051345825
ACH-000684,9956119,0,0.1308046281337738
ACH-000684,9956222,0,0.21918246150016785
ACH-000689,10077147,0,0.4101872444152832
ACH-000689,10127622,0,0.34592533111572266
ACH-000689,10184653,0,0.16331158578395844
ACH-000689,10341154,0,0.07777726650238037
ACH-000689,10368812,1,0.5828948020935059
ACH-000689,10384072,0,0.10799642652273178
ACH-000689,10459196,0,0.08400461077690125
ACH-000689,104741,0,0.24692215025424957
ACH-000689,104842,1,0.5895440578460693
ACH-000689,107969,1,0.5166997313499451
ACH-000689,11152667,1,0.4786045253276825
ACH-000689,11175137,1,0.3645038902759552
ACH-000689,11327430,0,0.1297365128993988
ACH-000689,11338033,1,0.4938887059688568
ACH-000689,11373846,0,0.16085760295391083
ACH-000689,11455910,1,0.7142248749732971
ACH-000689,11488320,0,0.34237605333328247
ACH-000689,11511120,1,0.4328968822956085
ACH-000689,11609586,0,0.6679205298423767
ACH-000689,11624601,0,0.09099304676055908
ACH-000689,11625818,1,0.1670486032962799
ACH-000689,11647372,1,0.33143916726112366
ACH-000689,11667893,0,0.09956253319978714
ACH-000689,11707110,1,0.2746782600879669
ACH-000689,11754511,1,0.5117102861404419
ACH-000689,117918970,1,0.3410220742225647
ACH-000689,117996541,1,0.7251596450805664
ACH-000689,11960529,0,0.11423944681882858
ACH-000689,11977753,1,0.38422998785972595
ACH-000689,1206243,0,0.3963538706302643
ACH-000689,121596701,0,0.32418695092201233
ACH-000689,123631,0,0.10834748297929764
ACH-000689,126565,0,0.4867111146450043
ACH-000689,126941,0,0.23393623530864716
ACH-000689,13342,0,0.42758774757385254
ACH-000689,135410875,0,0.19375188648700714
ACH-000689,135418940,0,0.27422282099723816
ACH-000689,135423438,1,0.4383293092250824
ACH-000689,135440466,0,0.2454274445772171
ACH-000689,135499520,0,0.16116875410079956
ACH-000689,135564599,0,0.09802847355604172
ACH-000689,135565082,0,0.4169161319732666
ACH-000689,135691163,1,0.5038964748382568
ACH-000689,136240579,0,0.12087152898311615
ACH-000689,1401,0,0.177192822098732
ACH-000689,148124,0,0.5331681370735168
ACH-000689,156414,1,0.3455454111099243
ACH-000689,156422,0,0.1296432912349701
ACH-000689,15953870,0,0.1745259016752243
ACH-000689,16095342,0,0.19563210010528564
ACH-000689,16123056,0,0.15680548548698425
ACH-000689,16218924,0,0.16001193225383759
ACH-000689,16659841,1,0.15644699335098267
ACH-000689,16720766,0,0.2532665729522705
ACH-000689,16732433,0,0.13094128668308258
ACH-000689,16747683,1,0.5065323114395142
ACH-000689,176158,0,0.08608262985944748
ACH-000689,176167,0,0.30693259835243225
ACH-000689,17755052,1,0.4527876377105713
ACH-000689,216326,0,0.06073937192559242
ACH-000689,2314623,0,0.08952134847640991
ACH-000689,23582824,1,0.7030565738677979
ACH-000689,23725625,0,0.10149913281202316
ACH-000689,2375,0,0.10606762766838074
ACH-000689,24180719,0,0.174427330493927
ACH-000689,24737642,1,0.27972638607025146
ACH-000689,24739943,1,0.5575358867645264
ACH-000689,24770514,0,0.3396073877811432
ACH-000689,24771867,0,0.22253093123435974
ACH-000689,24772043,1,0.48940277099609375
ACH-000689,24776445,0,0.08996525406837463
ACH-000689,24964624,0,0.2313409447669983
ACH-000689,24978538,1,0.34507420659065247
ACH-000689,25126798,0,0.09502672404050827
ACH-000689,25195294,1,0.6904301643371582
ACH-000689,25227436,1,0.4827719032764435
ACH-000689,25254071,1,0.4584074020385742
ACH-000689,25260757,1,0.29213932156562805
ACH-000689,25262792,1,0.37451452016830444
ACH-000689,25262965,0,0.36663514375686646
ACH-000689,2733526,0,0.14099200069904327
ACH-000689,300471,1,0.7665403485298157
ACH-000689,3101542,0,0.11304209381341934
ACH-000689,31703,1,0.6192173361778259
ACH-000689,3372016,0,0.15094946324825287
ACH-000689,3827738,0,0.15016479790210724
ACH-000689,4248455,0,0.2720111012458801
ACH-000689,44137675,0,0.31144359707832336
ACH-000689,44182295,1,0.3650897741317749
ACH-000689,44224257,0,0.35432347655296326
ACH-000689,44462760,0,0.18212728202342987
ACH-000689,444732,1,0.4590027332305908
ACH-000689,444795,0,0.19787515699863434
ACH-000689,44551660,1,0.5765819549560547
ACH-000689,44632017,0,0.33386799693107605
ACH-000689,45258277,0,0.3821495771408081
ACH-000689,46006640,0,0.155464768409729
ACH-000689,46192505,0,0.16758736968040466
ACH-000689,46224516,1,0.49160832166671753
ACH-000689,46244454,1,0.5454444289207458
ACH-000689,46883536,0,0.08618714660406113
ACH-000689,46885626,1,0.3954620659351349
ACH-000689,46893585,0,0.22742997109889984
ACH-000689,46907787,1,0.25170648097991943
ACH-000689,46926973,0,0.19112685322761536
ACH-000689,46937430,0,0.11060094088315964
ACH-000689,49831044,1,0.5467922687530518
ACH-000689,49847690,1,0.31385016441345215
ACH-000689,5081913,1,0.4998566210269928
ACH-000689,51039095,1,0.27314940094947815
ACH-000689,51358113,1,0.5522599220275879
ACH-000689,51371303,0,0.20566995441913605
ACH-000689,5278396,0,0.11515826731920242
ACH-000689,5287969,1,0.4366317391395569
ACH-000689,52912189,1,0.34778136014938354
ACH-000689,52913813,0,0.2091585248708725
ACH-000689,5311,1,0.5335699915885925
ACH-000689,5328940,0,0.1396017223596573
ACH-000689,5330286,0,0.37839019298553467
ACH-000689,53315878,0,0.08336629718542099
ACH-000689,53340666,1,0.49916306138038635
ACH-000689,5351307,1,0.5869020819664001
ACH-000689,5394,0,0.08611828088760376
ACH-000689,5460033,0,0.5827217102050781
ACH-000689,54685215,0,0.0658484548330307
ACH-000689,56599306,0,0.22519433498382568
ACH-000689,56962337,0,0.12490467727184296
ACH-000689,57339144,0,0.07531490921974182
ACH-000689,57519544,0,0.24230027198791504
ACH-000689,58423153,0,0.13534875214099884
ACH-000689,60750,0,0.743118405342102
ACH-000689,6253,0,0.5667873620986938
ACH-000689,637858,1,0.6246412396430969
ACH-000689,644241,0,0.1396445780992508
ACH-000689,6450551,0,0.17656393349170685
ACH-000689,6450816,0,0.2992119789123535
ACH-000689,6505803,1,0.2901027798652649
ACH-000689,65110,0,0.3568587601184845
ACH-000689,66577038,0,0.1097763255238533
ACH-000689,68289010,0,0.11676234006881714
ACH-000689,6914657,0,0.3102312982082367
ACH-000689,6918289,0,0.2853009104728699
ACH-000689,6918454,0,0.3005065619945526
ACH-000689,6918837,1,0.522125244140625
ACH-000689,71271629,1,0.3154791295528412
ACH-000689,71299339,0,0.12161507457494736
ACH-000689,71729975,1,0.48784056305885315
ACH-000689,73755109,0,0.20133867859840393
ACH-000689,76685059,1,0.3382434546947479
ACH-000689,77232197,1,0.5791799426078796
ACH-000689,78243717,0,0.09105871617794037
ACH-000689,90488984,0,0.07413384318351746
ACH-000689,9549289,1,0.47349125146865845
ACH-000689,9549297,0,0.10957162082195282
ACH-000689,9826528,1,0.5746215581893921
ACH-000689,984170,0,0.15309695899486542
ACH-000689,9858940,0,0.44260698556900024
ACH-000689,9863776,1,0.6361700296401978
ACH-000689,9908783,0,0.1048714742064476
ACH-000689,9914412,0,0.40122321248054504
ACH-000689,9926054,0,0.3578205108642578
ACH-000689,9931954,0,0.11667949706315994
ACH-000689,9938202,0,0.18504773080348969
ACH-000689,9952773,0,0.26750269532203674
ACH-000689,9956119,0,0.12224459648132324
ACH-000693,10027278,1,0.414105087518692
ACH-000693,10074640,0,0.2938156723976135
ACH-000693,10077147,1,0.41587942838668823
ACH-000693,10109823,1,0.3079787492752075
ACH-000693,10113978,0,0.1969064325094223
ACH-000693,10127622,0,0.3426395356655121
ACH-000693,10184653,1,0.15500220656394958
ACH-000693,10341154,0,0.08842172473669052
ACH-000693,10368812,1,0.657058596611023
ACH-000693,10377751,0,0.6552548408508301
ACH-000693,10384072,0,0.12781694531440735
ACH-000693,10459196,0,0.07710544764995575
ACH-000693,104741,0,0.21988169848918915
ACH-000693,104842,1,0.5885059833526611
ACH-000693,107969,1,0.5128216743469238
ACH-000693,11152667,1,0.49225637316703796
ACH-000693,11175137,0,0.4106890857219696
ACH-000693,11178236,1,0.4093974530696869
ACH-000693,11282283,0,0.16639265418052673
ACH-000693,11327430,0,0.12093169242143631
ACH-000693,11338033,1,0.4784081280231476
ACH-000693,11373846,0,0.17027775943279266
ACH-000693,11455910,1,0.7317612767219543
ACH-000693,11485656,0,0.16982026398181915
ACH-000693,11488320,1,0.37619853019714355
ACH-000693,11493598,0,0.14172996580600739
ACH-000693,11507964,0,0.20406603813171387
ACH-000693,11511120,1,0.43713802099227905
ACH-000693,11609586,1,0.6880942583084106
ACH-000693,11617559,0,0.10165731608867645
ACH-000693,11624601,0,0.08375760167837143
ACH-000693,11625818,0,0.16172228753566742
ACH-000693,11634725,0,0.3121865391731262
ACH-000693,11640390,0,0.25207245349884033
ACH-000693,11647372,1,0.3686015009880066
ACH-000693,11667893,0,0.11559426039457321
ACH-000693,11707110,0,0.33913469314575195
ACH-000693,11713159,1,0.24071505665779114
ACH-000693,11754511,0,0.5282163619995117
ACH-000693,11784504,1,0.27788686752319336
ACH-000693,117918970,0,0.3791579008102417
ACH-000693,117996541,1,0.6935161352157593
ACH-000693,11960529,0,0.10611143708229065
ACH-000693,11977753,1,0.45167216658592224
ACH-000693,1206243,0,0.41662800312042236
ACH-000693,121596701,1,0.32100555300712585
ACH-000693,123631,1,0.0989726260304451
ACH-000693,126565,0,0.5372698307037354
ACH-000693,126941,0,0.2611594498157501
ACH-000693,13342,1,0.4945239722728729
ACH-000693,135398501,0,0.35332244634628296
ACH-000693,135398516,1,0.4716239869594574
ACH-000693,135410875,0,0.21592840552330017
ACH-000693,135418940,0,0.24939638376235962
ACH-000693,135421197,0,0.3104894161224365
ACH-000693,135423438,1,0.4825686812400818
ACH-000693,135440466,0,0.23637205362319946
ACH-000693,135499520,0,0.1577315628528595
ACH-000693,135539077,1,0.3808072507381439
ACH-000693,135564599,0,0.0890931636095047
ACH-000693,135565082,0,0.5089937448501587
ACH-000693,135659062,0,0.2837459146976471
ACH-000693,135691163,1,0.4518592059612274
ACH-000693,136240579,0,0.14138643443584442
ACH-000693,1401,0,0.16432249546051025
ACH-000693,148124,1,0.6087971329689026
ACH-000693,156414,1,0.33684271574020386
ACH-000693,156422,0,0.12229737639427185
ACH-000693,159324,1,0.8129538893699646
ACH-000693,15953870,1,0.16036678850650787
ACH-000693,16095342,1,0.17883728444576263
ACH-000693,16123056,0,0.14520825445652008
ACH-000693,16218924,1,0.18700972199440002
ACH-000693,16659841,0,0.19800683856010437
ACH-000693,16681698,1,0.4385409653186798
ACH-000693,16720766,0,0.2784254550933838
ACH-000693,16722836,0,0.4974364936351776
ACH-000693,16725726,0,0.16725069284439087
ACH-000693,16732433,0,0.13134978711605072
ACH-000693,16747388,0,0.38528499007225037
ACH-000693,16747683,1,0.5954709053039551
ACH-000693,176158,0,0.10153447091579437
ACH-000693,176167,0,0.4159163534641266
ACH-000693,17755052,1,0.46200090646743774
ACH-000693,216326,0,0.06487628817558289
ACH-000693,2314623,0,0.09404029697179794
ACH-000693,23582824,1,0.7687005996704102
ACH-000693,23725625,0,0.10672412067651749
ACH-000693,2375,0,0.09052092581987381
ACH-000693,24180719,0,0.16351453959941864
ACH-000693,24737642,0,0.2853732705116272
ACH-000693,24739943,1,0.6167382597923279
ACH-000693,24756910,1,0.33619388937950134
ACH-000693,24770514,1,0.34831276535987854
ACH-000693,24771867,0,0.2574027478694916
ACH-000693,24772043,1,0.49348050355911255
ACH-000693,24772860,1,0.523490846157074
ACH-000693,24776445,0,0.09891306608915329
ACH-000693,24785538,1,0.46911805868148804
ACH-000693,24826799,1,0.23570537567138672
ACH-000693,24889392,0,0.0803597941994667
ACH-000693,24894414,0,0.1458996832370758
ACH-000693,24951314,1,0.5913195013999939
ACH-000693,24964624,0,0.315015584230423
ACH-000693,24978538,0,0.3473970592021942
ACH-000693,25022668,1,0.4465007185935974
ACH-000693,25102847,1,0.32473084330558777
ACH-000693,25124816,0,0.10552138090133667
ACH-000693,25126798,0,0.08425029367208481
ACH-000693,25167777,1,0.5176790356636047
ACH-000693,25195294,1,0.7155542969703674
ACH-000693,25227436,1,0.5280330777168274
ACH-000693,25254071,1,0.46865102648735046
ACH-000693,25257557,1,0.28433823585510254
ACH-000693,25260757,1,0.3252107501029968
ACH-000693,25262792,1,0.4087287485599518
ACH-000693,25262965,1,0.4118466079235077
ACH-000693,2733526,0,0.14865833520889282
ACH-000693,300471,1,0.8177840709686279
ACH-000693,3005532,0,0.12749987840652466
ACH-000693,3101542,0,0.12107814848423004
ACH-000693,31703,1,0.6451785564422607
ACH-000693,3218,1,0.5425974130630493
ACH-000693,3372016,0,0.15585598349571228
ACH-000693,3385,1,0.689445972442627
ACH-000693,3463933,1,0.6112618446350098
ACH-000693,36462,1,0.7525684237480164
ACH-000693,3796,0,0.13539129495620728
ACH-000693,3827738,0,0.13676469027996063
ACH-000693,4248455,0,0.2751617431640625
ACH-000693,42623900,1,0.2991379201412201
ACH-000693,42628507,1,0.5362467169761658
ACH-000693,42640,1,0.4229867160320282
ACH-000693,42642645,1,0.43938830494880676
ACH-000693,44137675,0,0.29448401927948
ACH-000693,44143370,1,0.21999578177928925
ACH-000693,44182295,0,0.39708927273750305
ACH-000693,44224257,1,0.42759913206100464
ACH-000693,44462760,0,0.2214086949825287
ACH-000693,444732,1,0.5114045739173889
ACH-000693,444795,1,0.2459135800600052
ACH-000693,44551660,1,0.6421884298324585
ACH-000693,44632017,1,0.4020422101020813
ACH-000693,446378,1,0.577558159828186
ACH-000693,447912,0,0.2679988443851471
ACH-000693,448013,1,0.6642903685569763
ACH-000693,45258277,1,0.3388670086860657
ACH-000693,46006640,0,0.15067699551582336
ACH-000693,46191454,1,0.6052178740501404
ACH-000693,46192505,0,0.18719050288200378
ACH-000693,46224516,1,0.5563126802444458
ACH-000693,46244454,1,0.5725420713424683
ACH-000693,46843648,0,0.4969117045402527
ACH-000693,46883536,0,0.07976962625980377
ACH-000693,46885626,0,0.4779389798641205
ACH-000693,46893585,0,0.23018896579742432
ACH-000693,46907787,1,0.3396947979927063
ACH-000693,46926973,1,0.2217038869857788
ACH-000693,46937430,0,0.10448189079761505
ACH-000693,46943432,0,0.2657678723335266
ACH-000693,479503,1,0.6588556170463562
ACH-000693,49806720,0,0.07855582237243652
ACH-000693,49831044,1,0.6801290512084961
ACH-000693,49847690,1,0.3102206587791443
ACH-000693,49850262,0,0.1402706354856491
ACH-000693,5081913,1,0.47699815034866333
ACH-000693,51039095,0,0.3427201509475708
ACH-000693,5113032,0,0.09292862564325333
ACH-000693,51358113,1,0.5495038628578186
ACH-000693,51371303,0,0.18341951072216034
ACH-000693,521106,0,0.4508659541606903
ACH-000693,5278396,0,0.11177213490009308
ACH-000693,5280757,0,0.11897139251232147
ACH-000693,5287969,1,0.42943134903907776
ACH-000693,52912189,1,0.4598659574985504
ACH-000693,52913813,0,0.1856924593448639
ACH-000693,5311,1,0.5457513332366943
ACH-000693,5311497,1,0.41127869486808777
ACH-000693,5328940,0,0.12032079696655273
ACH-000693,53302361,1,0.3463861048221588
ACH-000693,5330286,1,0.4109427034854889
ACH-000693,53315878,0,0.0876370519399643
ACH-000693,53340664,1,0.30285170674324036
ACH-000693,53340666,1,0.5125086307525635
ACH-000693,5351307,0,0.638971209526062
ACH-000693,5360373,1,0.40236759185791016
ACH-000693,5394,0,0.0789676308631897
ACH-000693,5460033,1,0.548110842704773
ACH-000693,54676905,0,0.06026891991496086
ACH-000693,54685215,0,0.0658339112997055
ACH-000693,560326,0,0.7984304428100586
ACH-000693,56599306,1,0.32570433616638184
ACH-000693,56962337,0,0.13203057646751404
ACH-000693,56965967,0,0.6048429608345032
ACH-000693,57339144,0,0.0801413431763649
ACH-000693,5746,1,0.7451832890510559
ACH-000693,57519544,1,0.2905426025390625
ACH-000693,58423153,0,0.18826475739479065
ACH-000693,60750,1,0.733901858329773
ACH-000693,6253,1,0.5867266654968262
ACH-000693,637858,1,0.6045146584510803
ACH-000693,644241,0,0.1381179243326187
ACH-000693,644243,0,0.08890777826309204
ACH-000693,6445533,1,0.5108391642570496
ACH-000693,6445562,1,0.2065352350473404
ACH-000693,6450551,0,0.2437681406736374
ACH-000693,6450816,1,0.365710973739624
ACH-000693,6505803,1,0.36347508430480957
ACH-000693,65110,1,0.38050955533981323
ACH-000693,66577038,0,0.11212236434221268
ACH-000693,68234129,0,0.38593655824661255
ACH-000693,68289010,0,0.1187938004732132
ACH-000693,6852167,1,0.47246795892715454
ACH-000693,6914657,1,0.3577854037284851
ACH-000693,6918289,1,0.3310815691947937
ACH-000693,6918454,0,0.33560752868652344
ACH-000693,6918638,1,0.4929005205631256
ACH-000693,6918837,1,0.5608209371566772
ACH-000693,6918848,1,0.6929460763931274
ACH-000693,69923936,1,0.4137405455112457
ACH-000693,704473,0,0.18865501880645752
ACH-000693,71271629,0,0.42822232842445374
ACH-000693,71299339,0,0.1099134087562561
ACH-000693,71729975,1,0.53614342212677
ACH-000693,73265211,0,0.07403859496116638
ACH-000693,73265214,0,0.16686871647834778
ACH-000693,73707530,1,0.6922732591629028
ACH-000693,73755109,0,0.187459796667099
ACH-000693,76685059,0,0.3513520359992981
ACH-000693,77232197,1,0.5730066895484924
ACH-000693,78243717,0,0.09957987815141678
ACH-000693,82146,1,0.5319788455963135
ACH-000693,8249,1,0.6589188575744629
ACH-000693,90488984,0,0.06978075206279755
ACH-000693,92577,0,0.09822006523609161
ACH-000693,9549289,0,0.5408888459205627
ACH-000693,9549297,0,0.12441986054182053
ACH-000693,97489,0,0.13452653586864471
ACH-000693,9826528,0,0.5496016144752502
ACH-000693,9829523,0,0.3836429715156555
ACH-000693,9858940,0,0.5015272498130798
ACH-000693,9863776,1,0.6702862977981567
ACH-000693,9868037,0,0.28198492527008057
ACH-000693,9874913,0,0.2064499855041504
ACH-000693,9884685,1,0.21792301535606384
ACH-000693,9903786,1,0.4819636344909668
ACH-000693,9908783,0,0.10315804183483124
ACH-000693,9910224,0,0.08089640736579895
ACH-000693,9911830,0,0.08545392751693726
ACH-000693,9914412,0,0.41186562180519104
ACH-000693,9926054,1,0.34624043107032776
ACH-000693,9931954,0,0.11802315711975098
ACH-000693,9938202,0,0.16645249724388123
ACH-000693,9952773,0,0.3182213306427002
ACH-000693,9956119,0,0.1141110360622406
ACH-000693,9956222,0,0.2095225304365158
ACH-000699,10027278,1,0.40582025051116943
ACH-000699,10074640,0,0.2566639482975006
ACH-000699,10077147,0,0.3753500282764435
ACH-000699,10109823,0,0.3287029564380646
ACH-000699,10113978,1,0.2138095200061798
ACH-000699,10127622,0,0.39571040868759155
ACH-000699,10184653,0,0.16698302328586578
ACH-000699,10341154,0,0.08177734911441803
ACH-000699,10368812,1,0.6769089698791504
ACH-000699,10377751,0,0.6199975609779358
ACH-000699,10384072,0,0.12016035616397858
ACH-000699,10459196,0,0.07942792773246765
ACH-000699,104741,0,0.23858632147312164
ACH-000699,104842,1,0.6438534259796143
ACH-000699,107969,1,0.5524824857711792
ACH-000699,11152667,1,0.5346811413764954
ACH-000699,11175137,1,0.43281057476997375
ACH-000699,11178236,1,0.4246937036514282
ACH-000699,11282283,0,0.18790677189826965
ACH-000699,11327430,0,0.11649050563573837
ACH-000699,11338033,1,0.506955087184906
ACH-000699,11373846,0,0.16121134161949158
ACH-000699,11455910,1,0.7738785147666931
ACH-000699,11485656,0,0.15817733108997345
ACH-000699,11488320,1,0.4115050137042999
ACH-000699,11493598,0,0.1415126621723175
ACH-000699,11507964,0,0.20027421414852142
ACH-000699,11511120,1,0.4834297299385071
ACH-000699,11609586,0,0.6619243025779724
ACH-000699,11617559,0,0.09178061038255692
ACH-000699,11624601,0,0.08596577495336533
ACH-000699,11625818,0,0.16325989365577698
ACH-000699,11634725,0,0.3197031617164612
ACH-000699,11640390,0,0.26948511600494385
ACH-000699,11647372,0,0.3744800388813019
ACH-000699,11667893,0,0.10145360976457596
ACH-000699,11707110,1,0.3341200351715088
ACH-000699,11713159,0,0.2564382553100586
ACH-000699,11754511,0,0.5605412721633911
ACH-000699,11784504,1,0.28490257263183594
ACH-000699,117918970,0,0.34135866165161133
ACH-000699,117996541,1,0.729913055896759
ACH-000699,11960529,0,0.10079358518123627
ACH-000699,11977753,1,0.4719114899635315
ACH-000699,1206243,0,0.4167257249355316
ACH-000699,121596701,1,0.3784903585910797
ACH-000699,123631,0,0.10000640898942947
ACH-000699,126565,0,0.5723153948783875
ACH-000699,126941,0,0.2694026529788971
ACH-000699,13342,1,0.5352334380149841
ACH-000699,135398501,0,0.34120577573776245
ACH-000699,135398516,0,0.4887298345565796
ACH-000699,135410875,0,0.22411316633224487
ACH-000699,135418940,0,0.2530813217163086
ACH-000699,135421197,0,0.32982033491134644
ACH-000699,135423438,1,0.4725089967250824
ACH-000699,135440466,0,0.25501593947410583
ACH-000699,135499520,0,0.16779641807079315
ACH-000699,135539077,0,0.45897233486175537
ACH-000699,135564599,0,0.09272205084562302
ACH-000699,135565082,1,0.47398558259010315
ACH-000699,135659062,0,0.26986467838287354
ACH-000699,135691163,1,0.4933502972126007
ACH-000699,136240579,0,0.12154263257980347
ACH-000699,1401,0,0.19522620737552643
ACH-000699,148124,0,0.6483290195465088
ACH-000699,156414,1,0.3924674689769745
ACH-000699,156422,0,0.1329817771911621
ACH-000699,159324,1,0.813101589679718
ACH-000699,15953870,0,0.16237826645374298
ACH-000699,16095342,0,0.2268313765525818
ACH-000699,16123056,0,0.14985018968582153
ACH-000699,16218924,0,0.176969513297081
ACH-000699,16659841,0,0.1787547469139099
ACH-000699,16681698,1,0.48165225982666016
ACH-000699,16722836,0,0.5712311863899231
ACH-000699,16725726,0,0.21428510546684265
ACH-000699,16732433,0,0.1323796510696411
ACH-000699,16747388,0,0.36118000745773315
ACH-000699,16747683,1,0.6019368171691895
ACH-000699,176158,0,0.09121213853359222
ACH-000699,176167,0,0.39821523427963257
ACH-000699,17755052,1,0.507748007774353
ACH-000699,216326,0,0.05695216730237007
ACH-000699,2314623,0,0.08336455374956131
ACH-000699,23582824,1,0.7708296775817871
ACH-000699,23725625,0,0.10110805928707123
ACH-000699,2375,0,0.09278647601604462
ACH-000699,24180719,0,0.1934630572795868
ACH-000699,24737642,0,0.3361303508281708
ACH-000699,24739943,1,0.6225900053977966
ACH-000699,24756910,0,0.37830644845962524
ACH-000699,24770514,1,0.3672134578227997
ACH-000699,24771867,0,0.265624463558197
ACH-000699,24772043,1,0.544194757938385
ACH-000699,24772860,0,0.5649346709251404
ACH-000699,24776445,0,0.0966709777712822
ACH-000699,24785538,0,0.46722105145454407
ACH-000699,24826799,0,0.23195675015449524
ACH-000699,24889392,0,0.08724480122327805
ACH-000699,24894414,0,0.15461216866970062
ACH-000699,24951314,0,0.6595322489738464
ACH-000699,24964624,1,0.3200837969779968
ACH-000699,24978538,0,0.3806127607822418
ACH-000699,25022668,0,0.4631342887878418
ACH-000699,25102847,0,0.2757432758808136
ACH-000699,25124816,0,0.10637544840574265
ACH-000699,25126798,0,0.09481789916753769
ACH-000699,25167777,0,0.5352369546890259
ACH-000699,25195294,1,0.7262547612190247
ACH-000699,25226117,0,0.19066788256168365
ACH-000699,25226483,0,0.7530860304832458
ACH-000699,25227436,0,0.558700442314148
ACH-000699,25254071,1,0.5190265774726868
ACH-000699,25257557,0,0.28867271542549133
ACH-000699,25260757,1,0.3853439390659332
ACH-000699,25262792,1,0.4477446973323822
ACH-000699,25262965,1,0.44659802317619324
ACH-000699,2733526,0,0.14807428419589996
ACH-000699,300471,1,0.7897818684577942
ACH-000699,3005532,0,0.11570696532726288
ACH-000699,3101542,0,0.11700493842363358
ACH-000699,31703,1,0.695580244064331
ACH-000699,3218,1,0.5841386318206787
ACH-000699,3372016,0,0.14539624750614166
ACH-000699,3385,0,0.6671501398086548
ACH-000699,3463933,1,0.6282904744148254
ACH-000699,36462,0,0.7824447154998779
ACH-000699,3796,0,0.13869836926460266
ACH-000699,4248455,0,0.2974484860897064
ACH-000699,42623900,0,0.3099933862686157
ACH-000699,42628507,0,0.56036776304245
ACH-000699,42628535,0,0.357914000749588
ACH-000699,42640,0,0.44382402300834656
ACH-000699,42642645,1,0.4845897853374481
ACH-000699,44137675,0,0.31296417117118835
ACH-000699,44143370,0,0.27281421422958374
ACH-000699,44182295,0,0.43575453758239746
ACH-000699,44462760,0,0.267117440700531
ACH-000699,444732,1,0.5097980499267578
ACH-000699,444795,0,0.23616375029087067
ACH-000699,44551660,0,0.6166542768478394
ACH-000699,44632017,1,0.3851843476295471
ACH-000699,446378,1,0.6595624685287476
ACH-000699,447912,0,0.2646612226963043
ACH-000699,448013,0,0.6924028992652893
ACH-000699,45258277,1,0.36341631412506104
ACH-000699,46006640,1,0.16341419517993927
ACH-000699,46191454,0,0.6364156603813171
ACH-000699,46192505,0,0.18673431873321533
ACH-000699,46224516,1,0.5997564792633057
ACH-000699,46244454,1,0.6115226745605469
ACH-000699,46843648,0,0.482970654964447
ACH-000699,46843772,0,0.28981682658195496
ACH-000699,46883536,0,0.07984572649002075
ACH-000699,46885626,0,0.46295538544654846
ACH-000699,46893585,0,0.23380236327648163
ACH-000699,46907787,1,0.3687795400619507
ACH-000699,46926973,0,0.19305391609668732
ACH-000699,46937430,0,0.10156966745853424
ACH-000699,46943432,0,0.26914533972740173
ACH-000699,479503,1,0.6652167439460754
ACH-000699,49806720,0,0.09093117713928223
ACH-000699,49831044,1,0.6774563789367676
ACH-000699,49847690,1,0.35652244091033936
ACH-000699,49850262,0,0.12572501599788666
ACH-000699,5081913,1,0.478039026260376
ACH-000699,51039095,0,0.3147726058959961
ACH-000699,5113032,0,0.08573827892541885
ACH-000699,51358113,1,0.5525296330451965
ACH-000699,51371303,0,0.189991757273674
ACH-000699,521106,0,0.4406825006008148
ACH-000699,5278396,0,0.1072266548871994
ACH-000699,5280757,0,0.13853828608989716
ACH-000699,5287969,1,0.4511905014514923
ACH-000699,52912189,0,0.4788373112678528
ACH-000699,52913813,1,0.1883043497800827
ACH-000699,5311,0,0.557163655757904
ACH-000699,5311497,1,0.44285568594932556
ACH-000699,5328940,0,0.14197951555252075
ACH-000699,53302361,1,0.35701534152030945
ACH-000699,5330286,0,0.4233141243457794
ACH-000699,53315878,0,0.09874603897333145
ACH-000699,53340664,1,0.31898078322410583
ACH-000699,53340666,0,0.5441468954086304
ACH-000699,5351307,1,0.6422740817070007
ACH-000699,5360373,1,0.4496716260910034
ACH-000699,5394,0,0.08258222788572311
ACH-000699,5460033,0,0.6013526320457458
ACH-000699,54676905,0,0.06067896634340286
ACH-000699,54685215,0,0.06297483295202255
ACH-000699,560326,1,0.7884752750396729
ACH-000699,56599306,1,0.3366273045539856
ACH-000699,56962337,0,0.15033064782619476
ACH-000699,56965967,0,0.6001972556114197
ACH-000699,57339144,0,0.07406926900148392
ACH-000699,57340680,1,0.3637291193008423
ACH-000699,5746,1,0.7717841863632202
ACH-000699,57519544,0,0.2489461749792099
ACH-000699,58423153,0,0.15972095727920532
ACH-000699,60750,0,0.7631345987319946
ACH-000699,6253,1,0.6089087724685669
ACH-000699,637858,0,0.6210713386535645
ACH-000699,644241,0,0.13613830506801605
ACH-000699,644243,0,0.08595815300941467
ACH-000699,6445533,1,0.5444208979606628
ACH-000699,6445562,0,0.2504875361919403
ACH-000699,6450551,0,0.21551142632961273
ACH-000699,6450816,0,0.4113381803035736
ACH-000699,6505803,0,0.38697290420532227
ACH-000699,65110,0,0.4205878674983978
ACH-000699,66577038,0,0.11182761192321777
ACH-000699,68234129,0,0.34966784715652466
ACH-000699,68289010,0,0.11694760620594025
ACH-000699,6852167,0,0.5081288814544678
ACH-000699,6914657,1,0.38438084721565247
ACH-000699,6918289,0,0.3739166259765625
ACH-000699,6918454,0,0.3497758209705353
ACH-000699,6918638,1,0.4687349498271942
ACH-000699,6918837,1,0.5892390012741089
ACH-000699,6918848,0,0.69983971118927
ACH-000699,69923936,1,0.4215152859687805
ACH-000699,704473,0,0.17863363027572632
ACH-000699,71271629,0,0.39646297693252563
ACH-000699,71299339,0,0.10964588820934296
ACH-000699,71729975,1,0.536009669303894
ACH-000699,73265211,0,0.074210986495018
ACH-000699,73265214,0,0.1692432016134262
ACH-000699,73707530,0,0.7121908068656921
ACH-000699,73755109,0,0.18443965911865234
ACH-000699,76685059,0,0.42011696100234985
ACH-000699,77232197,1,0.5886492729187012
ACH-000699,78243717,0,0.08657725900411606
ACH-000699,82146,0,0.5450435280799866
ACH-000699,8249,1,0.6604458689689636
ACH-000699,90488984,0,0.06767621636390686
ACH-000699,92577,0,0.10581087321043015
ACH-000699,9549289,1,0.5583551526069641
ACH-000699,9549297,1,0.1224270761013031
ACH-000699,97489,0,0.12500770390033722
ACH-000699,9826528,1,0.5733839869499207
ACH-000699,9829523,1,0.42221593856811523
ACH-000699,984170,0,0.1546737402677536
ACH-000699,9858940,1,0.5587185621261597
ACH-000699,9863776,1,0.676101803779602
ACH-000699,9868037,0,0.2814137041568756
ACH-000699,9874913,0,0.20139144361019135
ACH-000699,9884685,0,0.23618561029434204
ACH-000699,9903786,0,0.4857483506202698
ACH-000699,9908783,0,0.10511057823896408
ACH-000699,9910224,0,0.07985888421535492
ACH-000699,9911830,0,0.07837847620248795
ACH-000699,9914412,0,0.42908787727355957
ACH-000699,9926054,0,0.36226528882980347
ACH-000699,9931954,0,0.11410193145275116
ACH-000699,9938202,0,0.1823931634426117
ACH-000699,9952773,0,0.3267354667186737
ACH-000699,9956119,0,0.1291213035583496
ACH-000699,9956222,0,0.23129096627235413
ACH-000722,10027278,0,0.41142538189888
ACH-000722,10074640,0,0.24978452920913696
ACH-000722,10077147,0,0.446189820766449
ACH-000722,10109823,0,0.33364245295524597
ACH-000722,10113978,0,0.19727936387062073
ACH-000722,10127622,1,0.3282671868801117
ACH-000722,10172943,0,0.4871516525745392
ACH-000722,10184653,0,0.16270379722118378
ACH-000722,10302451,0,0.12698815762996674
ACH-000722,10341154,0,0.0834953635931015
ACH-000722,10368812,0,0.6276876330375671
ACH-000722,10377751,0,0.5952173471450806
ACH-000722,10384072,0,0.11757238209247589
ACH-000722,10459196,0,0.08190133422613144
ACH-000722,10461815,0,0.06793151795864105
ACH-000722,104741,0,0.26534080505371094
ACH-000722,104842,1,0.6246399283409119
ACH-000722,107969,0,0.5326145887374878
ACH-000722,11152667,1,0.5202349424362183
ACH-000722,11175137,0,0.3935639560222626
ACH-000722,11178236,1,0.427557110786438
ACH-000722,11282283,0,0.17803554236888885
ACH-000722,11327430,0,0.1163615956902504
ACH-000722,11338033,1,0.5028097629547119
ACH-000722,11364421,0,0.4194406270980835
ACH-000722,11373846,0,0.15979042649269104
ACH-000722,11455910,0,0.7395609021186829
ACH-000722,11467730,0,0.3056718409061432
ACH-000722,11485656,0,0.15737564861774445
ACH-000722,11488320,0,0.3700902760028839
ACH-000722,11493598,0,0.13576360046863556
ACH-000722,11507964,0,0.18554376065731049
ACH-000722,11511120,0,0.47980767488479614
ACH-000722,11609586,0,0.6813780069351196
ACH-000722,11617559,0,0.10095028579235077
ACH-000722,11624601,0,0.08433708548545837
ACH-000722,11625818,0,0.1608613133430481
ACH-000722,11626560,0,0.20212407410144806
ACH-000722,11626927,0,0.0969768688082695
ACH-000722,11634725,0,0.30460530519485474
ACH-000722,11640390,1,0.23318608105182648
ACH-000722,11647372,1,0.3482573330402374
ACH-000722,11667893,0,0.09917021542787552
ACH-000722,11676786,0,0.17232514917850494
ACH-000722,11707110,1,0.31262966990470886
ACH-000722,11713159,0,0.27965596318244934
ACH-000722,11754511,0,0.5759725570678711
ACH-000722,11754711,0,0.512215793132782
ACH-000722,11784504,0,0.2587240934371948
ACH-000722,117918970,0,0.33494243025779724
ACH-000722,117996541,0,0.7279866933822632
ACH-000722,11844351,0,0.2372179627418518
ACH-000722,11960529,0,0.1096424087882042
ACH-000722,11977753,1,0.4923042356967926
ACH-000722,1206243,0,0.3989928364753723
ACH-000722,121596701,0,0.3431161940097809
ACH-000722,123631,0,0.10208491235971451
ACH-000722,126565,1,0.5231403708457947
ACH-000722,126941,0,0.28024154901504517
ACH-000722,13342,0,0.47282543778419495
ACH-000722,135398501,0,0.30584588646888733
ACH-000722,135398516,0,0.41600942611694336
ACH-000722,135410875,0,0.22418998181819916
ACH-000722,135418940,0,0.27191224694252014
ACH-000722,135421197,0,0.329833984375
ACH-000722,135423438,0,0.4291798174381256
ACH-000722,135440466,1,0.23099717497825623
ACH-000722,135499520,0,0.1592765599489212
ACH-000722,135539077,0,0.3833775818347931
ACH-000722,135564599,0,0.08766312152147293
ACH-000722,135565082,0,0.4336308538913727
ACH-000722,135659062,0,0.2514479160308838
ACH-000722,135691163,0,0.47362861037254333
ACH-000722,136240579,0,0.11882761865854263
ACH-000722,1401,0,0.17559069395065308
ACH-000722,148124,0,0.5679426789283752
ACH-000722,156414,0,0.34294161200523376
ACH-000722,156422,0,0.12253232300281525
ACH-000722,159324,0,0.787437379360199
ACH-000722,15953870,0,0.15082129836082458
ACH-000722,160355,0,0.21143066883087158
ACH-000722,16038120,1,0.2278188169002533
ACH-000722,16095342,0,0.18419431149959564
ACH-000722,16123056,0,0.15164348483085632
ACH-000722,16218924,0,0.17162318527698517
ACH-000722,16659841,0,0.1747002899646759
ACH-000722,16663089,0,0.23954732716083527
ACH-000722,16681698,0,0.47976693511009216
ACH-000722,16720766,0,0.2693121135234833
ACH-000722,16722836,0,0.528268575668335
ACH-000722,16725726,0,0.18732570111751556
ACH-000722,16732433,1,0.13130593299865723
ACH-000722,16747388,0,0.3735544681549072
ACH-000722,16747683,1,0.5704991817474365
ACH-000722,176158,0,0.0943046510219574
ACH-000722,176167,0,0.35163402557373047
ACH-000722,176870,0,0.15709884464740753
ACH-000722,17755052,1,0.49765264987945557
ACH-000722,208908,0,0.11943678557872772
ACH-000722,216239,0,0.2874760925769806
ACH-000722,216326,0,0.06287830322980881
ACH-000722,2314623,0,0.09219767898321152
ACH-000722,23582824,1,0.7390289306640625
ACH-000722,23725625,0,0.10745193064212799
ACH-000722,2375,0,0.10148932784795761
ACH-000722,24180719,0,0.18547017872333527
ACH-000722,24737642,0,0.2951233685016632
ACH-000722,24739943,0,0.5904882550239563
ACH-000722,24756910,1,0.38752666115760803
ACH-000722,24770514,0,0.38655149936676025
ACH-000722,24771867,0,0.26260313391685486
ACH-000722,24772043,0,0.5148804783821106
ACH-000722,24772860,0,0.5680391788482666
ACH-000722,24776445,0,0.09961110353469849
ACH-000722,24785538,1,0.40947940945625305
ACH-000722,24826799,0,0.23442767560482025
ACH-000722,24889392,0,0.07990304380655289
ACH-000722,24894414,0,0.14431555569171906
ACH-000722,24951314,1,0.6579087972640991
ACH-000722,24964624,1,0.27692386507987976
ACH-000722,24978538,0,0.3779149055480957
ACH-000722,25022668,0,0.4487164616584778
ACH-000722,25102847,0,0.2932261824607849
ACH-000722,25124816,0,0.10794521868228912
ACH-000722,25126798,0,0.10043809562921524
ACH-000722,25167777,0,0.5114755034446716
ACH-000722,25195294,1,0.731704831123352
ACH-000722,25226117,1,0.1639198660850525
ACH-000722,25226483,1,0.7146933674812317
ACH-000722,25227436,1,0.4926484525203705
ACH-000722,25254071,1,0.4712875783443451
ACH-000722,25257557,0,0.26826104521751404
ACH-000722,25260757,1,0.32393962144851685
ACH-000722,25262792,1,0.38892656564712524
ACH-000722,25262965,1,0.39225584268569946
ACH-000722,2733526,0,0.1442939192056656
ACH-000722,300471,0,0.7832735776901245
ACH-000722,3005532,0,0.12185288220643997
ACH-000722,3062316,0,0.265351265668869
ACH-000722,3101542,0,0.11433543264865875
ACH-000722,31703,1,0.6429004669189453
ACH-000722,3218,1,0.5680740475654602
ACH-000722,3372016,0,0.1459553986787796
ACH-000722,3385,0,0.7305468916893005
ACH-000722,3463933,0,0.6577905416488647
ACH-000722,36314,0,0.5665831565856934
ACH-000722,36462,0,0.7361356019973755
ACH-000722,3796,0,0.14163604378700256
ACH-000722,3827738,0,0.15542320907115936
ACH-000722,387447,0,0.6411047577857971
ACH-000722,4248455,0,0.2973371744155884
ACH-000722,4261,1,0.781411349773407
ACH-000722,42623900,1,0.28314805030822754
ACH-000722,42628507,0,0.47838014364242554
ACH-000722,42628535,0,0.3193105161190033
ACH-000722,42640,0,0.4466754198074341
ACH-000722,42642645,0,0.4452412724494934
ACH-000722,44137675,0,0.28947946429252625
ACH-000722,44143370,0,0.25669044256210327
ACH-000722,44182295,1,0.3964986503124237
ACH-000722,44224257,1,0.4023401141166687
ACH-000722,442972,0,0.20784735679626465
ACH-000722,44462760,0,0.23868414759635925
ACH-000722,444732,1,0.5083972811698914
ACH-000722,444795,0,0.24656888842582703
ACH-000722,44551660,0,0.6309316754341125
ACH-000722,44632017,0,0.3899538218975067
ACH-000722,446378,1,0.6042104959487915
ACH-000722,447912,0,0.30749669671058655
ACH-000722,448013,0,0.6327148675918579
ACH-000722,45258277,0,0.3552367091178894
ACH-000722,46006640,0,0.1526613086462021
ACH-000722,46191454,0,0.5179266333580017
ACH-000722,46192505,0,0.17755889892578125
ACH-000722,46224516,1,0.5368906259536743
ACH-000722,462382,0,0.5484264492988586
ACH-000722,46244454,1,0.6155502200126648
ACH-000722,46843648,0,0.45958709716796875
ACH-000722,46843772,0,0.25875985622406006
ACH-000722,46844147,0,0.24673157930374146
ACH-000722,46883536,0,0.08107172697782516
ACH-000722,46885626,0,0.4061858057975769
ACH-000722,46893585,0,0.23541808128356934
ACH-000722,46907787,1,0.3145942986011505
ACH-000722,46926973,0,0.19232845306396484
ACH-000722,46937430,0,0.10848905146121979
ACH-000722,46943432,0,0.24833860993385315
ACH-000722,49806720,0,0.08538072556257248
ACH-000722,49831044,0,0.6188719868659973
ACH-000722,49847690,0,0.3347366154193878
ACH-000722,49850262,0,0.13666650652885437
ACH-000722,4993,0,0.5792690515518188
ACH-000722,5081913,1,0.5163335204124451
ACH-000722,51039095,0,0.2829516530036926
ACH-000722,5113032,0,0.08832351118326187
ACH-000722,51358113,1,0.6086495518684387
ACH-000722,51371303,0,0.20329061150550842
ACH-000722,521106,0,0.42727339267730713
ACH-000722,5278396,0,0.10597649961709976
ACH-000722,5280757,0,0.12006096541881561
ACH-000722,5284616,1,0.23230713605880737
ACH-000722,5287969,1,0.40786072611808777
ACH-000722,5291,0,0.1163843497633934
ACH-000722,52912189,0,0.4062560796737671
ACH-000722,52913813,0,0.18978184461593628
ACH-000722,5311,1,0.5960230827331543
ACH-000722,5311497,0,0.39090636372566223
ACH-000722,5311510,0,0.2843432128429413
ACH-000722,5328940,0,0.12739750742912292
ACH-000722,5329102,0,0.28908246755599976
ACH-000722,53302361,0,0.3521351218223572
ACH-000722,5330286,0,0.4062062203884125
ACH-000722,53315878,0,0.08828211575746536
ACH-000722,53340664,0,0.3162234127521515
ACH-000722,53340666,1,0.5614331960678101
ACH-000722,5351307,1,0.6359162926673889
ACH-000722,5360373,0,0.38617053627967834
ACH-000722,5394,0,0.08357122540473938
ACH-000722,5460033,0,0.6003898978233337
ACH-000722,54676905,0,0.06432914733886719
ACH-000722,54685215,0,0.06470891833305359
ACH-000722,5494449,0,0.2670183479785919
ACH-000722,560326,1,0.801983654499054
ACH-000722,56599306,0,0.29265087842941284
ACH-000722,56962337,0,0.12684288620948792
ACH-000722,56965967,0,0.5611552000045776
ACH-000722,5717801,0,0.2530403137207031
ACH-000722,57339144,0,0.08105985820293427
ACH-000722,57340680,1,0.344012975692749
ACH-000722,5746,1,0.726184606552124
ACH-000722,57519544,0,0.23949715495109558
ACH-000722,58423153,0,0.15657059848308563
ACH-000722,60750,0,0.7481231689453125
ACH-000722,6253,0,0.5728166103363037
ACH-000722,637858,0,0.6357585787773132
ACH-000722,644215,0,0.5507614016532898
ACH-000722,644241,0,0.13976894319057465
ACH-000722,644243,0,0.0893525630235672
ACH-000722,6445533,1,0.5400567650794983
ACH-000722,6445562,0,0.23171044886112213
ACH-000722,6450551,0,0.2028939127922058
ACH-000722,6450816,0,0.3599858582019806
ACH-000722,6473881,0,0.18930178880691528
ACH-000722,6505803,0,0.33749714493751526
ACH-000722,65110,0,0.37892305850982666
ACH-000722,66577038,0,0.11515430361032486
ACH-000722,68234129,0,0.33776503801345825
ACH-000722,68289010,0,0.10750290006399155
ACH-000722,6852167,0,0.47588491439819336
ACH-000722,6914657,1,0.3709390163421631
ACH-000722,6918289,1,0.3026562035083771
ACH-000722,6918454,1,0.3251752257347107
ACH-000722,6918638,1,0.521300733089447
ACH-000722,6918837,1,0.585235059261322
ACH-000722,6918848,1,0.675497829914093
ACH-000722,69923936,0,0.43877974152565
ACH-000722,704473,0,0.16382703185081482
ACH-000722,71271629,0,0.3912945091724396
ACH-000722,71299339,0,0.1266339272260666
ACH-000722,71729975,0,0.5073353052139282
ACH-000722,73265211,0,0.072616808116436
ACH-000722,73265214,0,0.18946771323680878
ACH-000722,73707530,0,0.6571916937828064
ACH-000722,73755109,0,0.17905789613723755
ACH-000722,76044,0,0.38028377294540405
ACH-000722,76685059,1,0.3381962180137634
ACH-000722,77232197,1,0.6331990361213684
ACH-000722,78243717,0,0.0917523130774498
ACH-000722,82146,0,0.5360490679740906
ACH-000722,8249,1,0.6680091619491577
ACH-000722,90488984,0,0.0691743865609169
ACH-000722,92577,0,0.11085434257984161
ACH-000722,9549184,0,0.19936302304267883
ACH-000722,9549289,0,0.5110589861869812
ACH-000722,9549297,0,0.11917101591825485
ACH-000722,97489,0,0.12832705676555634
ACH-000722,9826308,0,0.5386447906494141
ACH-000722,9826528,1,0.5630995631217957
ACH-000722,9829523,0,0.3274630904197693
ACH-000722,984170,0,0.14781677722930908
ACH-000722,9858940,0,0.4805523753166199
ACH-000722,9863776,1,0.6325019001960754
ACH-000722,9868037,0,0.3308640420436859
ACH-000722,9874913,0,0.19628408551216125
ACH-000722,9884685,0,0.2072283774614334
ACH-000722,9903786,0,0.48751792311668396
ACH-000722,9907093,0,0.21490661799907684
ACH-000722,9908783,0,0.1027742326259613
ACH-000722,9910224,0,0.0802430808544159
ACH-000722,9911830,0,0.08332393318414688
ACH-000722,9914412,0,0.4051855206489563
ACH-000722,9926054,0,0.34580904245376587
ACH-000722,9931954,0,0.1150798425078392
ACH-000722,9938202,0,0.18105344474315643
ACH-000722,9952773,0,0.28680625557899475
ACH-000722,9956119,0,0.13347026705741882
ACH-000722,9956222,0,0.2165546417236328
ACH-000745,10027278,1,0.44415226578712463
ACH-000745,10074640,1,0.2578817903995514
ACH-000745,10077147,1,0.42120814323425293
ACH-000745,10109823,1,0.382525771856308
ACH-000745,10113978,0,0.17468293011188507
ACH-000745,10127622,1,0.4309004545211792
ACH-000745,10172943,1,0.4942529797554016
ACH-000745,10184653,0,0.17359565198421478
ACH-000745,10302451,0,0.14538554847240448
ACH-000745,10341154,0,0.07089812308549881
ACH-000745,10368812,1,0.678595781326294
ACH-000745,10377751,1,0.5990871787071228
ACH-000745,10384072,0,0.0880274698138237
ACH-000745,10459196,0,0.06812117993831635
ACH-000745,10461815,0,0.06848535686731339
ACH-000745,104741,0,0.2648018002510071
ACH-000745,104842,1,0.6444706320762634
ACH-000745,107969,1,0.5976934432983398
ACH-000745,11152667,1,0.5258714556694031
ACH-000745,11175137,1,0.4253685474395752
ACH-000745,11178236,1,0.43354254961013794
ACH-000745,11282283,1,0.17269635200500488
ACH-000745,11327430,0,0.10636529326438904
ACH-000745,11338033,1,0.5552324652671814
ACH-000745,11364421,1,0.47183844447135925
ACH-000745,11373846,1,0.16614148020744324
ACH-000745,11455910,1,0.761403501033783
ACH-000745,11467730,1,0.3471672832965851
ACH-000745,11485656,0,0.12805652618408203
ACH-000745,11488320,0,0.4128263294696808
ACH-000745,11493598,0,0.12230002880096436
ACH-000745,11507964,1,0.19446446001529694
ACH-000745,11511120,1,0.5385779142379761
ACH-000745,11609586,0,0.6072137951850891
ACH-000745,11617559,0,0.08634786307811737
ACH-000745,11624601,0,0.08233211189508438
ACH-000745,11625818,1,0.15427111089229584
ACH-000745,11626560,0,0.20885628461837769
ACH-000745,11626927,0,0.09813226014375687
ACH-000745,11634725,1,0.3688192069530487
ACH-000745,11640390,1,0.22942066192626953
ACH-000745,11647372,1,0.3618835210800171
ACH-000745,11667893,0,0.09217503666877747
ACH-000745,11676786,1,0.18169854581356049
ACH-000745,11713159,1,0.3140397071838379
ACH-000745,11754511,1,0.6090622544288635
ACH-000745,11754711,1,0.5294296741485596
ACH-000745,11784504,1,0.26684099435806274
ACH-000745,117918970,1,0.2832498252391815
ACH-000745,117996541,1,0.7672227025032043
ACH-000745,11844351,0,0.2466154843568802
ACH-000745,11960529,0,0.09203819930553436
ACH-000745,11977753,1,0.5085842609405518
ACH-000745,1206243,1,0.391362726688385
ACH-000745,121596701,1,0.38422736525535583
ACH-000745,123631,0,0.10041122883558273
ACH-000745,126565,1,0.5316331386566162
ACH-000745,126941,0,0.2312600016593933
ACH-000745,13342,1,0.48821592330932617
ACH-000745,135398501,1,0.30756285786628723
ACH-000745,135398516,1,0.457456111907959
ACH-000745,135410875,1,0.1983085572719574
ACH-000745,135418940,0,0.27705392241477966
ACH-000745,135421197,1,0.3309441804885864
ACH-000745,135423438,1,0.46156951785087585
ACH-000745,135440466,1,0.2598729133605957
ACH-000745,135499520,0,0.17096441984176636
ACH-000745,135539077,1,0.456620454788208
ACH-000745,135564599,0,0.08930766582489014
ACH-000745,135565082,1,0.39947113394737244
ACH-000745,135659062,1,0.22115907073020935
ACH-000745,135691163,1,0.5406482815742493
ACH-000745,136240579,0,0.10668611526489258
ACH-000745,1401,0,0.20180535316467285
ACH-000745,148124,0,0.5720363259315491
ACH-000745,156414,1,0.39980417490005493
ACH-000745,156422,0,0.12127652764320374
ACH-000745,159324,1,0.7688219547271729
ACH-000745,15953870,0,0.16600975394248962
ACH-000745,160355,1,0.2368881106376648
ACH-000745,16038120,1,0.2791808545589447
ACH-000745,16095342,1,0.2344156801700592
ACH-000745,16123056,0,0.14111147820949554
ACH-000745,16218924,0,0.1462477296590805
ACH-000745,16659841,1,0.15715059638023376
ACH-000745,16663089,1,0.268477201461792
ACH-000745,16681698,1,0.4991026520729065
ACH-000745,16720766,1,0.268055260181427
ACH-000745,16722836,1,0.6360252499580383
ACH-000745,16725726,1,0.20854468643665314
ACH-000745,16732433,0,0.1305878609418869
ACH-000745,16747388,1,0.4109855592250824
ACH-000745,16747683,1,0.5836799740791321
ACH-000745,176158,0,0.07357791066169739
ACH-000745,176167,1,0.3386087119579315
ACH-000745,176870,0,0.1500459760427475
ACH-000745,17755052,1,0.5187389850616455
ACH-000745,208908,0,0.11488549411296844
ACH-000745,216239,1,0.3509461283683777
ACH-000745,216326,0,0.05451764166355133
ACH-000745,2314623,0,0.08581262081861496
ACH-000745,23582824,1,0.7481449842453003
ACH-000745,23725625,0,0.09172704070806503
ACH-000745,2375,0,0.0908878892660141
ACH-000745,24180719,0,0.22295531630516052
ACH-000745,24737642,0,0.36618542671203613
ACH-000745,24739943,1,0.5894584655761719
ACH-000745,24756910,1,0.42410239577293396
ACH-000745,24770514,1,0.3983684480190277
ACH-000745,24772043,1,0.5962029695510864
ACH-000745,24772860,1,0.6185234785079956
ACH-000745,24776445,0,0.08893261104822159
ACH-000745,24785538,1,0.4874293804168701
ACH-000745,24826799,0,0.26329103112220764
ACH-000745,24889392,0,0.07652182132005692
ACH-000745,24894414,0,0.14316292107105255
ACH-000745,24951314,1,0.7049727439880371
ACH-000745,24964624,1,0.3019338548183441
ACH-000745,24978538,0,0.4104847013950348
ACH-000745,25022668,0,0.45224249362945557
ACH-000745,25102847,1,0.26433658599853516
ACH-000745,25124816,0,0.09764588624238968
ACH-000745,25126798,0,0.10783321410417557
ACH-000745,25167777,1,0.5005276799201965
ACH-000745,25195294,1,0.7269816994667053
ACH-000745,25227436,1,0.5889894366264343
ACH-000745,25254071,1,0.5236462354660034
ACH-000745,25257557,1,0.2923840582370758
ACH-000745,25260757,1,0.3985828757286072
ACH-000745,25262792,1,0.4549720883369446
ACH-000745,25262965,1,0.4529762864112854
ACH-000745,2733526,0,0.13813084363937378
ACH-000745,300471,1,0.7649810910224915
ACH-000745,3005532,0,0.12207318842411041
ACH-000745,3062316,1,0.3284214735031128
ACH-000745,3101542,0,0.09682753682136536
ACH-000745,31703,1,0.6650631427764893
ACH-000745,3218,1,0.6146999001502991
ACH-000745,3372016,0,0.13006116449832916
ACH-000745,3385,1,0.7319904565811157
ACH-000745,3463933,1,0.6294931173324585
ACH-000745,36314,1,0.5484585762023926
ACH-000745,36462,1,0.7493176460266113
ACH-000745,3796,0,0.14456026256084442
ACH-000745,3827738,0,0.140025794506073
ACH-000745,387447,1,0.6846954226493835
ACH-000745,4248455,1,0.30447056889533997
ACH-000745,4261,1,0.788374125957489
ACH-000745,42623900,1,0.29094693064689636
ACH-000745,42628507,1,0.5318580269813538
ACH-000745,42640,1,0.4210662543773651
ACH-000745,42642645,1,0.49899986386299133
ACH-000745,44137675,1,0.28479695320129395
ACH-000745,44143370,1,0.3379272222518921
ACH-000745,44182295,1,0.45860299468040466
ACH-000745,44224257,1,0.4516354501247406
ACH-000745,442972,0,0.21426551043987274
ACH-000745,44462760,1,0.25029367208480835
ACH-000745,444732,1,0.5238791108131409
ACH-000745,444795,0,0.22347405552864075
ACH-000745,44551660,1,0.5804993510246277
ACH-000745,44632017,1,0.40520980954170227
ACH-000745,446378,1,0.650850236415863
ACH-000745,447912,1,0.2909320890903473
ACH-000745,448013,1,0.6596898436546326
ACH-000745,45258277,1,0.3645848333835602
ACH-000745,46006640,1,0.1599956452846527
ACH-000745,46191454,1,0.5717538595199585
ACH-000745,46192505,0,0.1657813936471939
ACH-000745,46224516,1,0.5810936093330383
ACH-000745,462382,1,0.5337727665901184
ACH-000745,46244454,1,0.6320433020591736
ACH-000745,46843648,1,0.49637308716773987
ACH-000745,46844147,1,0.26520535349845886
ACH-000745,46883536,0,0.08029981702566147
ACH-000745,46885626,1,0.41235750913619995
ACH-000745,46893585,1,0.24985459446907043
ACH-000745,46907787,1,0.3191984295845032
ACH-000745,46926973,0,0.172945037484169
ACH-000745,46937430,0,0.10302577167749405
ACH-000745,46943432,1,0.2678076922893524
ACH-000745,479503,1,0.6550747156143188
ACH-000745,49806720,1,0.07840858399868011
ACH-000745,49831044,0,0.6240612864494324
ACH-000745,49847690,1,0.405428409576416
ACH-000745,49850262,1,0.12790419161319733
ACH-000745,4993,0,0.5832297801971436
ACH-000745,5081913,1,0.5409337282180786
ACH-000745,51039095,1,0.3316357135772705
ACH-000745,5113032,0,0.07934565097093582
ACH-000745,51358113,1,0.6578839421272278
ACH-000745,51371303,0,0.21027310192584991
ACH-000745,521106,1,0.4572097361087799
ACH-000745,5278396,0,0.10260401666164398
ACH-000745,5280757,0,0.13190904259681702
ACH-000745,5284616,1,0.2593786120414734
ACH-000745,5287969,1,0.4286048710346222
ACH-000745,5291,0,0.10994472354650497
ACH-000745,52912189,1,0.3830293118953705
ACH-000745,52913813,1,0.174805149435997
ACH-000745,5311,1,0.5992851853370667
ACH-000745,5311497,1,0.3777381479740143
ACH-000745,5311510,0,0.2959206700325012
ACH-000745,5328940,0,0.1397574543952942
ACH-000745,5329102,1,0.3242662250995636
ACH-000745,53302361,1,0.4108145534992218
ACH-000745,5330286,0,0.4344095289707184
ACH-000745,53315878,0,0.09040030837059021
ACH-000745,53340664,1,0.3688156306743622
ACH-000745,53340666,1,0.5749662518501282
ACH-000745,5351307,1,0.6568332314491272
ACH-000745,5360373,1,0.40120863914489746
ACH-000745,5394,0,0.07655098289251328
ACH-000745,5460033,1,0.6228366494178772
ACH-000745,54676905,0,0.057965926826000214
ACH-000745,54685215,0,0.05461562052369118
ACH-000745,5494449,0,0.32351645827293396
ACH-000745,560326,1,0.7664293646812439
ACH-000745,56599306,0,0.3332144320011139
ACH-000745,56962337,0,0.13303707540035248
ACH-000745,56965967,1,0.4976446032524109
ACH-000745,5717801,1,0.23746374249458313
ACH-000745,57339144,0,0.07316329330205917
ACH-000745,5746,1,0.7327917218208313
ACH-000745,57519544,0,0.21194212138652802
ACH-000745,58423153,0,0.14472483098506927
ACH-000745,60750,1,0.796179473400116
ACH-000745,6253,1,0.617748498916626
ACH-000745,637858,1,0.6425825357437134
ACH-000745,644215,1,0.6235322952270508
ACH-000745,644241,0,0.15353195369243622
ACH-000745,644243,0,0.08508774638175964
ACH-000745,6445533,1,0.5676524639129639
ACH-000745,6445562,1,0.29676178097724915
ACH-000745,6450551,0,0.17536643147468567
ACH-000745,6450816,1,0.42866942286491394
ACH-000745,6473881,1,0.20645220577716827
ACH-000745,6505803,0,0.35634705424308777
ACH-000745,65110,1,0.36091703176498413
ACH-000745,66577038,0,0.10838843882083893
ACH-000745,68234129,1,0.32673680782318115
ACH-000745,68289010,0,0.09659712016582489
ACH-000745,6852167,1,0.5335668325424194
ACH-000745,6914657,1,0.40170207619667053
ACH-000745,6918289,1,0.3469391465187073
ACH-000745,6918454,1,0.3742012083530426
ACH-000745,6918638,1,0.4446730315685272
ACH-000745,6918837,1,0.5886940956115723
ACH-000745,6918848,1,0.6529290676116943
ACH-000745,69923936,1,0.46989375352859497
ACH-000745,704473,0,0.1491069793701172
ACH-000745,71271629,1,0.30994853377342224
ACH-000745,71299339,0,0.12171362340450287
ACH-000745,71729975,1,0.4739319980144501
ACH-000745,73265211,0,0.07333806157112122
ACH-000745,73265214,1,0.19017250835895538
ACH-000745,73707530,1,0.6343144178390503
ACH-000745,73755109,0,0.17206230759620667
ACH-000745,76044,1,0.36847686767578125
ACH-000745,76685059,1,0.3837106227874756
ACH-000745,77232197,1,0.6713964343070984
ACH-000745,78243717,0,0.08307865262031555
ACH-000745,82146,0,0.4757891595363617
ACH-000745,8249,1,0.6376172304153442
ACH-000745,90488984,0,0.06767912209033966
ACH-000745,92577,0,0.10471586883068085
ACH-000745,9549184,0,0.22348034381866455
ACH-000745,9549289,0,0.5222529768943787
ACH-000745,9549297,1,0.1116943210363388
ACH-000745,97489,1,0.11322636157274246
ACH-000745,9826308,1,0.5659468173980713
ACH-000745,9826528,1,0.6228437423706055
ACH-000745,9829523,1,0.31418025493621826
ACH-000745,984170,0,0.14131593704223633
ACH-000745,9858940,1,0.5181453824043274
ACH-000745,9863776,1,0.6682206988334656
ACH-000745,9868037,0,0.3494625389575958
ACH-000745,9874913,0,0.19146846234798431
ACH-000745,9884685,1,0.21518900990486145
ACH-000745,9903786,1,0.42476144433021545
ACH-000745,9907093,0,0.2035941779613495
ACH-000745,9908783,0,0.08753764629364014
ACH-000745,9910224,0,0.07275962829589844
ACH-000745,9911830,0,0.0737886130809784
ACH-000745,9914412,0,0.4201066792011261
ACH-000745,9926054,1,0.37901708483695984
ACH-000745,9931954,0,0.10763540118932724
ACH-000745,9938202,0,0.19546179473400116
ACH-000745,9952773,1,0.2605486214160919
ACH-000745,9956119,0,0.14158132672309875
ACH-000745,9956222,1,0.2142362743616104
ACH-000776,10027278,1,0.3693614602088928
ACH-000776,10074640,1,0.24359050393104553
ACH-000776,10077147,1,0.40555432438850403
ACH-000776,10109823,0,0.31367868185043335
ACH-000776,10113978,0,0.17960546910762787
ACH-000776,10127622,1,0.33688852190971375
ACH-000776,10172943,1,0.4633950889110565
ACH-000776,10184653,0,0.15747447311878204
ACH-000776,10302451,0,0.1349603235721588
ACH-000776,10341154,0,0.07949637621641159
ACH-000776,10368812,1,0.5905041098594666
ACH-000776,10377751,1,0.5953162908554077
ACH-000776,10384072,1,0.10117471218109131
ACH-000776,10459196,0,0.06879410147666931
ACH-000776,10461815,0,0.0668364018201828
ACH-000776,104741,0,0.23143337666988373
ACH-000776,104842,1,0.5843258500099182
ACH-000776,107969,1,0.528619647026062
ACH-000776,11152667,1,0.46623849868774414
ACH-000776,11175137,1,0.3836517333984375
ACH-000776,11178236,1,0.3970046043395996
ACH-000776,11282283,0,0.17423050105571747
ACH-000776,11327430,0,0.11945857852697372
ACH-000776,11338033,1,0.47563543915748596
ACH-000776,11364421,1,0.4008559286594391
ACH-000776,11373846,0,0.15377742052078247
ACH-000776,11455910,1,0.7037822008132935
ACH-000776,11467730,0,0.2701959013938904
ACH-000776,11485656,0,0.14471763372421265
ACH-000776,11488320,1,0.3381640315055847
ACH-000776,11493598,0,0.12574531137943268
ACH-000776,11507964,0,0.1899716556072235
ACH-000776,11511120,1,0.4451325833797455
ACH-000776,11609586,0,0.635243833065033
ACH-000776,11617559,0,0.09624198079109192
ACH-000776,11624601,0,0.08445742726325989
ACH-000776,11625818,0,0.14901897311210632
ACH-000776,11626560,0,0.18717627227306366
ACH-000776,11626927,0,0.08664026856422424
ACH-000776,11634725,1,0.3131901025772095
ACH-000776,11640390,0,0.22567962110042572
ACH-000776,11647372,1,0.3126458525657654
ACH-000776,11667893,0,0.10411839187145233
ACH-000776,11676786,1,0.1595875769853592
ACH-000776,11707110,1,0.2830328643321991
ACH-000776,11713159,0,0.25132644176483154
ACH-000776,11754511,0,0.5452163815498352
ACH-000776,11754711,1,0.4826074242591858
ACH-000776,11784504,0,0.25152233242988586
ACH-000776,117918970,0,0.32575422525405884
ACH-000776,117996541,1,0.7258671522140503
ACH-000776,11844351,1,0.22140884399414062
ACH-000776,11960529,0,0.1042652353644371
ACH-000776,11977753,1,0.43612509965896606
ACH-000776,1206243,1,0.38729166984558105
ACH-000776,121596701,1,0.30826690793037415
ACH-000776,123631,0,0.09976661205291748
ACH-000776,126565,1,0.487677663564682
ACH-000776,126941,1,0.24412325024604797
ACH-000776,13342,1,0.4347653090953827
ACH-000776,135398501,0,0.2846498191356659
ACH-000776,135398516,1,0.3770143389701843
ACH-000776,135410875,0,0.19043973088264465
ACH-000776,135418940,0,0.25977131724357605
ACH-000776,135421197,0,0.3015138804912567
ACH-000776,135423438,0,0.3981354832649231
ACH-000776,135440466,0,0.22230219841003418
ACH-000776,135499520,0,0.15133513510227203
ACH-000776,135539077,1,0.3568146526813507
ACH-000776,135564599,0,0.08491072803735733
ACH-000776,135565082,1,0.41927921772003174
ACH-000776,135659062,0,0.2258431613445282
ACH-000776,135691163,0,0.4447683095932007
ACH-000776,136240579,0,0.12364516407251358
ACH-000776,1401,0,0.1780899465084076
ACH-000776,148124,1,0.5693157315254211
ACH-000776,156414,1,0.31962788105010986
ACH-000776,156422,0,0.12136383354663849
ACH-000776,159324,1,0.767296552658081
ACH-000776,15953870,0,0.1616559475660324
ACH-000776,160355,0,0.2107132226228714
ACH-000776,16038120,0,0.21709774434566498
ACH-000776,16095342,0,0.18473626673221588
ACH-000776,16123056,0,0.13961993157863617
ACH-000776,16218924,0,0.15466506779193878
ACH-000776,16659841,0,0.17298059165477753
ACH-000776,16663089,0,0.23837372660636902
ACH-000776,16681698,1,0.4204958379268646
ACH-000776,16720766,1,0.24499507248401642
ACH-000776,16722836,1,0.5140587091445923
ACH-000776,16725726,0,0.17418146133422852
ACH-000776,16732433,0,0.1359325349330902
ACH-000776,16747388,0,0.34555262327194214
ACH-000776,16747683,1,0.5151373744010925
ACH-000776,176158,0,0.08633320033550262
ACH-000776,176167,0,0.334781676530838
ACH-000776,176870,0,0.14142262935638428
ACH-000776,17755052,0,0.4455457925796509
ACH-000776,208908,0,0.11521989107131958
ACH-000776,216239,0,0.264505535364151
ACH-000776,216326,0,0.05996514856815338
ACH-000776,2314623,0,0.09771063923835754
ACH-000776,23582824,1,0.7279702425003052
ACH-000776,23725625,0,0.1015515848994255
ACH-000776,2375,0,0.08806519955396652
ACH-000776,24180719,0,0.1845775693655014
ACH-000776,24737642,0,0.29659315943717957
ACH-000776,24739943,1,0.5476183891296387
ACH-000776,24770514,0,0.3564579486846924
ACH-000776,24771867,0,0.22910699248313904
ACH-000776,24772043,1,0.513704240322113
ACH-000776,24772860,1,0.5186339616775513
ACH-000776,24776445,0,0.09527099132537842
ACH-000776,24785538,1,0.4140358567237854
ACH-000776,24826799,0,0.22043681144714355
ACH-000776,24889392,0,0.08026793599128723
ACH-000776,24894414,0,0.15111659467220306
ACH-000776,24951314,1,0.6390232443809509
ACH-000776,24964624,1,0.25864216685295105
ACH-000776,24978538,0,0.34084662795066833
ACH-000776,25022668,1,0.4092625677585602
ACH-000776,25102847,0,0.27812787890434265
ACH-000776,25124816,0,0.09791199117898941
ACH-000776,25126798,0,0.09146704524755478
ACH-000776,25167777,1,0.45799073576927185
ACH-000776,25195294,1,0.6975538730621338
ACH-000776,25226117,0,0.1540243774652481
ACH-000776,25226483,1,0.6836677193641663
ACH-000776,25227436,1,0.5140870213508606
ACH-000776,25254071,1,0.42365655303001404
ACH-000776,25257557,1,0.2467269003391266
ACH-000776,25260757,1,0.3140415549278259
ACH-000776,25262792,1,0.36005693674087524
ACH-000776,25262965,1,0.36001095175743103
ACH-000776,2733526,0,0.14833898842334747
ACH-000776,300471,1,0.7683635354042053
ACH-000776,3005532,1,0.1261013001203537
ACH-000776,3062316,1,0.2764822244644165
ACH-000776,3101542,0,0.10570409148931503
ACH-000776,31703,1,0.5973257422447205
ACH-000776,3218,1,0.5624392032623291
ACH-000776,3372016,0,0.13841120898723602
ACH-000776,3385,1,0.7468730211257935
ACH-000776,3463933,1,0.600517988204956
ACH-000776,36314,1,0.5565871000289917
ACH-000776,36462,1,0.7197284698486328
ACH-000776,3796,0,0.13194337487220764
ACH-000776,3827738,0,0.13694189488887787
ACH-000776,387447,1,0.5951653718948364
ACH-000776,4248455,0,0.2941649258136749
ACH-000776,4261,1,0.7705304622650146
ACH-000776,42623900,1,0.26366540789604187
ACH-000776,42628507,1,0.4635278284549713
ACH-000776,42628535,0,0.31478172540664673
ACH-000776,42640,0,0.3992089033126831
ACH-000776,42642645,1,0.41299599409103394
ACH-000776,44137675,0,0.26637503504753113
ACH-000776,44143370,0,0.24060769379138947
ACH-000776,44182295,1,0.373227059841156
ACH-000776,44224257,1,0.3649958670139313
ACH-000776,442972,0,0.2183220237493515
ACH-000776,44462760,1,0.20137880742549896
ACH-000776,444732,1,0.5069413781166077
ACH-000776,444795,0,0.23671267926692963
ACH-000776,44551660,1,0.5701779723167419
ACH-000776,44632017,1,0.40032199025154114
ACH-000776,446378,1,0.5796127915382385
ACH-000776,447912,0,0.27954331040382385
ACH-000776,448013,1,0.613039493560791
ACH-000776,45258277,1,0.34106162190437317
ACH-000776,46006640,0,0.14736072719097137
ACH-000776,46191454,1,0.5152010917663574
ACH-000776,46192505,0,0.16867156326770782
ACH-000776,46224516,1,0.5132255554199219
ACH-000776,462382,1,0.5259449481964111
ACH-000776,46244454,1,0.5590149164199829
ACH-000776,46843648,0,0.4435279965400696
ACH-000776,46843772,0,0.2587035596370697
ACH-000776,46844147,0,0.2380840927362442
ACH-000776,46883536,0,0.07689863443374634
ACH-000776,46885626,1,0.38013437390327454
ACH-000776,46893585,0,0.21587532758712769
ACH-000776,46907787,1,0.29155662655830383
ACH-000776,46926973,0,0.199308842420578
ACH-000776,46937430,0,0.105359748005867
ACH-000776,46943432,0,0.23224009573459625
ACH-000776,479503,1,0.6131993532180786
ACH-000776,49806720,0,0.07632444053888321
ACH-000776,49831044,1,0.5965927243232727
ACH-000776,49847690,1,0.3201499283313751
ACH-000776,49850262,1,0.1331321746110916
ACH-000776,4993,1,0.5669978857040405
ACH-000776,5081913,1,0.47768864035606384
ACH-000776,51039095,0,0.29491135478019714
ACH-000776,5113032,0,0.08804991841316223
ACH-000776,51358113,1,0.5522699356079102
ACH-000776,51371303,0,0.19305670261383057
ACH-000776,521106,0,0.4212241768836975
ACH-000776,5278396,0,0.11261530965566635
ACH-000776,5280757,0,0.12224536389112473
ACH-000776,5284616,0,0.22807104885578156
ACH-000776,5287969,1,0.37652647495269775
ACH-000776,5291,0,0.12006355077028275
ACH-000776,52912189,1,0.3416913151741028
ACH-000776,52913813,0,0.1816636174917221
ACH-000776,5311,1,0.5719717144966125
ACH-000776,5311497,1,0.34190624952316284
ACH-000776,5311510,0,0.26381126046180725
ACH-000776,5328940,1,0.12235783040523529
ACH-000776,5329102,0,0.2926557660102844
ACH-000776,53302361,1,0.32635605335235596
ACH-000776,5330286,1,0.37607383728027344
ACH-000776,53315878,0,0.08710164576768875
ACH-000776,53340664,0,0.2915082573890686
ACH-000776,53340666,1,0.5215929746627808
ACH-000776,5351307,1,0.6033614873886108
ACH-000776,5360373,1,0.35319188237190247
ACH-000776,5394,0,0.07888218760490417
ACH-000776,5460033,1,0.5742578506469727
ACH-000776,54676905,0,0.05892519652843475
ACH-000776,54685215,0,0.057147156447172165
ACH-000776,5494449,1,0.27716657519340515
ACH-000776,560326,1,0.7939906716346741
ACH-000776,56599306,0,0.27356472611427307
ACH-000776,56962337,0,0.1293363720178604
ACH-000776,56965967,0,0.5390346646308899
ACH-000776,5717801,0,0.23106683790683746
ACH-000776,57339144,0,0.07935872673988342
ACH-000776,57340680,1,0.3341359794139862
ACH-000776,5746,1,0.7073017954826355
ACH-000776,57519544,0,0.25235188007354736
ACH-000776,58423153,0,0.1515103429555893
ACH-000776,60750,1,0.7275219559669495
ACH-000776,6253,1,0.5712418556213379
ACH-000776,637858,1,0.6427779793739319
ACH-000776,644215,1,0.5295329093933105
ACH-000776,644241,0,0.13312821090221405
ACH-000776,644243,0,0.08879163861274719
ACH-000776,6445533,1,0.5283054113388062
ACH-000776,6445562,1,0.21372158825397491
ACH-000776,6450551,0,0.19519348442554474
ACH-000776,6450816,1,0.3318054974079132
ACH-000776,6473881,0,0.19796313345432281
ACH-000776,6505803,0,0.3273431658744812
ACH-000776,65110,0,0.34602436423301697
ACH-000776,66577038,0,0.11562328040599823
ACH-000776,68234129,1,0.3357030749320984
ACH-000776,68289010,0,0.1019376739859581
ACH-000776,6852167,0,0.45405033230781555
ACH-000776,6914657,1,0.34162813425064087
ACH-000776,6918289,1,0.300945520401001
ACH-000776,6918454,1,0.3191307783126831
ACH-000776,6918837,1,0.566890299320221
ACH-000776,6918848,1,0.6412959694862366
ACH-000776,69923936,1,0.385239839553833
ACH-000776,704473,0,0.16918621957302094
ACH-000776,71271629,0,0.3370986580848694
ACH-000776,71299339,0,0.1173807680606842
ACH-000776,71729975,1,0.46093684434890747
ACH-000776,73265211,0,0.07297444343566895
ACH-000776,73265214,1,0.16169457137584686
ACH-000776,73707530,1,0.6212440133094788
ACH-000776,73755109,0,0.17483289539813995
ACH-000776,76044,0,0.3578610420227051
ACH-000776,76685059,0,0.32281363010406494
ACH-000776,77232197,1,0.5820108652114868
ACH-000776,78243717,0,0.09604042768478394
ACH-000776,82146,0,0.502972424030304
ACH-000776,90488984,0,0.07168781012296677
ACH-000776,92577,0,0.1011226624250412
ACH-000776,9549184,0,0.18739458918571472
ACH-000776,9549289,0,0.463398277759552
ACH-000776,9549297,0,0.11344105750322342
ACH-000776,97489,0,0.11403515934944153
ACH-000776,9826308,1,0.48947346210479736
ACH-000776,9826528,1,0.547528088092804
ACH-000776,9829523,1,0.29394468665122986
ACH-000776,984170,1,0.14414334297180176
ACH-000776,9858940,0,0.46671685576438904
ACH-000776,9863776,1,0.6226367354393005
ACH-000776,9868037,0,0.30982112884521484
ACH-000776,9874913,0,0.19954198598861694
ACH-000776,9884685,1,0.1864732950925827
ACH-000776,9903786,0,0.4392330050468445
ACH-000776,9907093,0,0.21152363717556
ACH-000776,9908783,0,0.09186043590307236
ACH-000776,9910224,0,0.07824116945266724
ACH-000776,9911830,0,0.08079534769058228
ACH-000776,9914412,0,0.37805697321891785
ACH-000776,9926054,0,0.326418936252594
ACH-000776,9931954,0,0.11549842357635498
ACH-000776,9938202,0,0.16690360009670258
ACH-000776,9952773,0,0.2681557536125183
ACH-000776,9956119,0,0.1253363937139511
ACH-000776,9956222,0,0.20681984722614288
ACH-000778,10027278,1,0.483944833278656
ACH-000778,10074640,0,0.2782633602619171
ACH-000778,10077147,1,0.42809534072875977
ACH-000778,10109823,1,0.3324134647846222
ACH-000778,10113978,0,0.20355284214019775
ACH-000778,10127622,1,0.38118976354599
ACH-000778,10184653,1,0.17255617678165436
ACH-000778,10341154,0,0.08394139260053635
ACH-000778,10368812,1,0.7162734866142273
ACH-000778,10377751,0,0.5801286697387695
ACH-000778,10384072,1,0.10904578864574432
ACH-000778,10459196,0,0.08118123561143875
ACH-000778,104741,0,0.269546240568161
ACH-000778,104842,1,0.6531192064285278
ACH-000778,107969,1,0.5805865526199341
ACH-000778,11152667,1,0.5498447418212891
ACH-000778,11175137,1,0.4152320623397827
ACH-000778,11178236,1,0.49546191096305847
ACH-000778,11282283,0,0.17089389264583588
ACH-000778,11327430,0,0.11836907267570496
ACH-000778,11338033,1,0.5431997776031494
ACH-000778,11373846,0,0.18501856923103333
ACH-000778,11455910,1,0.7818700671195984
ACH-000778,11485656,0,0.14395567774772644
ACH-000778,11488320,1,0.42071670293807983
ACH-000778,11493598,0,0.13203755021095276
ACH-000778,11507964,0,0.20425672829151154
ACH-000778,11511120,1,0.5213229060173035
ACH-000778,11609586,1,0.5947348475456238
ACH-000778,11617559,0,0.08950763195753098
ACH-000778,11624601,0,0.08373638242483139
ACH-000778,11625818,0,0.15795668959617615
ACH-000778,11634725,0,0.3295850157737732
ACH-000778,11640390,0,0.25082430243492126
ACH-000778,11647372,1,0.3980538845062256
ACH-000778,11667893,0,0.09594946354627609
ACH-000778,11707110,1,0.3601296544075012
ACH-000778,11713159,0,0.29162994027137756
ACH-000778,11754511,0,0.5645326972007751
ACH-000778,11784504,1,0.2845776677131653
ACH-000778,117918970,0,0.30008357763290405
ACH-000778,117996541,1,0.7310123443603516
ACH-000778,11960529,0,0.10149137675762177
ACH-000778,11977753,1,0.5488021373748779
ACH-000778,1206243,1,0.3878798186779022
ACH-000778,121596701,1,0.40982741117477417
ACH-000778,123631,0,0.1023835837841034
ACH-000778,126565,1,0.614005446434021
ACH-000778,126941,0,0.2505607306957245
ACH-000778,13342,1,0.5415995121002197
ACH-000778,135398501,0,0.33781304955482483
ACH-000778,135398516,1,0.46598583459854126
ACH-000778,135410875,0,0.1962808072566986
ACH-000778,135418940,0,0.2806483507156372
ACH-000778,135421197,0,0.32433855533599854
ACH-000778,135423438,0,0.48965999484062195
ACH-000778,135440466,0,0.24847836792469025
ACH-000778,135499520,0,0.17214027047157288
ACH-000778,135539077,1,0.44825479388237
ACH-000778,135564599,0,0.0933477059006691
ACH-000778,135565082,1,0.4924561381340027
ACH-000778,135659062,0,0.2612062990665436
ACH-000778,135691163,0,0.5451761484146118
ACH-000778,136240579,0,0.12092798948287964
ACH-000778,1401,0,0.19433817267417908
ACH-000778,148124,1,0.6329932808876038
ACH-000778,156414,1,0.39317238330841064
ACH-000778,156422,0,0.12443945556879044
ACH-000778,159324,1,0.797500729560852
ACH-000778,15953870,0,0.16725865006446838
ACH-000778,16095342,1,0.2241165190935135
ACH-000778,16123056,0,0.1439797282218933
ACH-000778,16218924,0,0.15339860320091248
ACH-000778,16659841,1,0.17395168542861938
ACH-000778,16681698,1,0.5080629587173462
ACH-000778,16720766,1,0.3048177659511566
ACH-000778,16722836,0,0.6139408946037292
ACH-000778,16725726,0,0.20483864843845367
ACH-000778,16732433,0,0.1272626519203186
ACH-000778,16747388,0,0.43619439005851746
ACH-000778,16747683,1,0.6079965829849243
ACH-000778,176158,0,0.08594396710395813
ACH-000778,176167,0,0.3639165461063385
ACH-000778,17755052,1,0.5389323234558105
ACH-000778,216326,0,0.061019547283649445
ACH-000778,2314623,0,0.08681546151638031
ACH-000778,23582824,1,0.7566671371459961
ACH-000778,23725625,1,0.10111770033836365
ACH-000778,2375,1,0.09989145398139954
ACH-000778,24180719,1,0.18882638216018677
ACH-000778,24737642,1,0.35573434829711914
ACH-000778,24739943,1,0.6108810901641846
ACH-000778,24756910,1,0.40818777680397034
ACH-000778,24770514,1,0.4053478538990021
ACH-000778,24771867,0,0.23791418969631195
ACH-000778,24772043,1,0.5606814622879028
ACH-000778,24772860,1,0.6235697865486145
ACH-000778,24776445,0,0.09531877934932709
ACH-000778,24785538,1,0.4585171639919281
ACH-000778,24826799,0,0.2730434834957123
ACH-000778,24889392,0,0.07907312363386154
ACH-000778,24894414,0,0.1402168720960617
ACH-000778,24951314,1,0.7022178769111633
ACH-000778,24964624,0,0.32261818647384644
ACH-000778,24978538,1,0.41760262846946716
ACH-000778,25022668,1,0.4650215804576874
ACH-000778,25102847,0,0.27661412954330444
ACH-000778,25124816,0,0.10547851026058197
ACH-000778,25126798,0,0.09893015027046204
ACH-000778,25167777,1,0.5109942555427551
ACH-000778,25195294,1,0.7420865297317505
ACH-000778,25227436,1,0.5817320942878723
ACH-000778,25254071,1,0.5724186897277832
ACH-000778,25257557,0,0.30791598558425903
ACH-000778,25260757,0,0.4182041883468628
ACH-000778,25262792,1,0.46205905079841614
ACH-000778,25262965,1,0.4630354642868042
ACH-000778,2733526,0,0.13996990025043488
ACH-000778,300471,1,0.7955045104026794
ACH-000778,3005532,0,0.12005601823329926
ACH-000778,3101542,0,0.10417746007442474
ACH-000778,31703,1,0.7333503365516663
ACH-000778,3218,1,0.5709837675094604
ACH-000778,3372016,0,0.14238199591636658
ACH-000778,3385,0,0.7623104453086853
ACH-000778,3463933,1,0.6526311039924622
ACH-000778,36462,1,0.7924933433532715
ACH-000778,3796,0,0.13948407769203186
ACH-000778,3827738,0,0.15291504561901093
ACH-000778,4248455,0,0.2850884795188904
ACH-000778,42623900,1,0.2984720766544342
ACH-000778,42628507,1,0.5480172634124756
ACH-000778,42640,0,0.44191744923591614
ACH-000778,42642645,1,0.50113844871521
ACH-000778,44137675,0,0.29538559913635254
ACH-000778,44143370,0,0.2792172431945801
ACH-000778,44182295,1,0.4815670847892761
ACH-000778,44224257,0,0.46955606341362
ACH-000778,444732,1,0.534871518611908
ACH-000778,444795,1,0.22295573353767395
ACH-000778,44551660,0,0.5822657942771912
ACH-000778,44632017,1,0.4177156686782837
ACH-000778,446378,1,0.6627936363220215
ACH-000778,447912,0,0.32280850410461426
ACH-000778,448013,1,0.7257509231567383
ACH-000778,45258277,0,0.3461773693561554
ACH-000778,46006640,0,0.15849192440509796
ACH-000778,46191454,0,0.6016976237297058
ACH-000778,46192505,0,0.17465971410274506
ACH-000778,46224516,1,0.5923418402671814
ACH-000778,46244454,1,0.652299702167511
ACH-000778,46843648,0,0.5045470595359802
ACH-000778,46883536,0,0.08608753234148026
ACH-000778,46885626,0,0.43543070554733276
ACH-000778,46893585,1,0.264737069606781
ACH-000778,46907787,1,0.3468952178955078
ACH-000778,46926973,0,0.18840022385120392
ACH-000778,46937430,0,0.10180023312568665
ACH-000778,46943432,0,0.26927313208580017
ACH-000778,479503,1,0.6915876269340515
ACH-000778,49806720,0,0.08406391739845276
ACH-000778,49831044,1,0.6455805897712708
ACH-000778,49847690,1,0.37729817628860474
ACH-000778,49850262,0,0.13489805161952972
ACH-000778,5081913,1,0.5806530714035034
ACH-000778,51039095,0,0.33526748418807983
ACH-000778,5113032,0,0.08528498560190201
ACH-000778,51358113,1,0.662752091884613
ACH-000778,51371303,0,0.20711645483970642
ACH-000778,521106,1,0.447489857673645
ACH-000778,5278396,0,0.1120140552520752
ACH-000778,5280757,0,0.1351841539144516
ACH-000778,5287969,1,0.49911293387413025
ACH-000778,52912189,1,0.42948710918426514
ACH-000778,52913813,0,0.18622124195098877
ACH-000778,5311,1,0.6073480844497681
ACH-000778,5311497,1,0.42923471331596375
ACH-000778,5328940,1,0.1417037695646286
ACH-000778,53302361,1,0.40654197335243225
ACH-000778,5330286,1,0.4587743878364563
ACH-000778,53315878,0,0.09310483932495117
ACH-000778,53340664,0,0.3585023880004883
ACH-000778,53340666,1,0.5839241147041321
ACH-000778,5351307,1,0.647236168384552
ACH-000778,5360373,1,0.4538511037826538
ACH-000778,5394,0,0.08232077956199646
ACH-000778,5460033,1,0.6554550528526306
ACH-000778,54676905,0,0.06116088479757309
ACH-000778,54685215,0,0.061543893069028854
ACH-000778,560326,1,0.7913984060287476
ACH-000778,56599306,0,0.3194895088672638
ACH-000778,56962337,0,0.13825872540473938
ACH-000778,56965967,0,0.5671358704566956
ACH-000778,57339144,0,0.07603386044502258
ACH-000778,5746,1,0.798373281955719
ACH-000778,57519544,0,0.2321500927209854
ACH-000778,58423153,1,0.16118170320987701
ACH-000778,60750,1,0.8133625388145447
ACH-000778,6253,1,0.6388484835624695
ACH-000778,637858,1,0.5986648797988892
ACH-000778,644241,0,0.1612476110458374
ACH-000778,644243,0,0.08896971493959427
ACH-000778,6445533,1,0.5754769444465637
ACH-000778,6445562,1,0.2608615756034851
ACH-000778,6450551,0,0.18028146028518677
ACH-000778,6450816,0,0.4444996118545532
ACH-000778,6505803,1,0.393452912569046
ACH-000778,65110,1,0.4613668918609619
ACH-000778,66577038,0,0.11314091831445694
ACH-000778,68234129,0,0.33544620871543884
ACH-000778,68289010,0,0.10677729547023773
ACH-000778,6852167,0,0.5405290722846985
ACH-000778,6914657,1,0.3996671140193939
ACH-000778,6918289,1,0.38405919075012207
ACH-000778,6918454,1,0.40292638540267944
ACH-000778,6918638,1,0.49907806515693665
ACH-000778,6918837,1,0.5950782299041748
ACH-000778,6918848,1,0.6957477331161499
ACH-000778,69923936,0,0.4897820055484772
ACH-000778,704473,0,0.16165895760059357
ACH-000778,71271629,1,0.3496374487876892
ACH-000778,71299339,0,0.11897552013397217
ACH-000778,71729975,1,0.48937392234802246
ACH-000778,73265211,0,0.07626454532146454
ACH-000778,73265214,0,0.19895070791244507
ACH-000778,73707530,0,0.6509992480278015
ACH-000778,73755109,0,0.18063858151435852
ACH-000778,76685059,1,0.395154744386673
ACH-000778,77232197,1,0.6704056262969971
ACH-000778,78243717,0,0.08687561005353928
ACH-000778,82146,1,0.5139251947402954
ACH-000778,8249,1,0.659045398235321
ACH-000778,90488984,0,0.07141023129224777
ACH-000778,92577,0,0.11126013100147247
ACH-000778,9549289,1,0.4857209026813507
ACH-000778,9549297,0,0.12209305912256241
ACH-000778,97489,0,0.12216751277446747
ACH-000778,9826528,1,0.6330884099006653
ACH-000778,9829523,1,0.401926726102829
ACH-000778,984170,1,0.15016143023967743
ACH-000778,9858940,0,0.4896223545074463
ACH-000778,9863776,1,0.7189409136772156
ACH-000778,9868037,0,0.33374378085136414
ACH-000778,9874913,0,0.19143855571746826
ACH-000778,9884685,1,0.22809654474258423
ACH-000778,9903786,0,0.47057318687438965
ACH-000778,9908783,0,0.09445859491825104
ACH-000778,9910224,0,0.08034060895442963
ACH-000778,9911830,0,0.07460729777812958
ACH-000778,9914412,1,0.41756880283355713
ACH-000778,9926054,0,0.3897775411605835
ACH-000778,9931954,0,0.11889398843050003
ACH-000778,9938202,0,0.1966528296470642
ACH-000778,9952773,1,0.26802387833595276
ACH-000778,9956119,0,0.12471229583024979
ACH-000778,9956222,0,0.21364276111125946
ACH-000783,10027278,1,0.4371946156024933
ACH-000783,10074640,0,0.2941913306713104
ACH-000783,10077147,0,0.4504057466983795
ACH-000783,10109823,0,0.3105809986591339
ACH-000783,10113978,0,0.21784105896949768
ACH-000783,10127622,0,0.37257081270217896
ACH-000783,10184653,0,0.16800497472286224
ACH-000783,10341154,0,0.08860963582992554
ACH-000783,10368812,1,0.6895429491996765
ACH-000783,10377751,0,0.5757612586021423
ACH-000783,10384072,0,0.11334478855133057
ACH-000783,10459196,0,0.08104568719863892
ACH-000783,104741,1,0.26011499762535095
ACH-000783,104842,1,0.6259709000587463
ACH-000783,107969,1,0.57701575756073
ACH-000783,11152667,0,0.5555051565170288
ACH-000783,11175137,1,0.441355437040329
ACH-000783,11178236,1,0.4596325159072876
ACH-000783,11282283,0,0.1770515739917755
ACH-000783,11327430,0,0.11656183004379272
ACH-000783,11338033,1,0.5214491486549377
ACH-000783,11373846,0,0.17933949828147888
ACH-000783,11455910,1,0.7727015614509583
ACH-000783,11485656,0,0.15968964993953705
ACH-000783,11488320,1,0.42764076590538025
ACH-000783,11493598,0,0.13516609370708466
ACH-000783,11507964,0,0.21107392013072968
ACH-000783,11511120,1,0.5235522389411926
ACH-000783,11609586,0,0.6060610413551331
ACH-000783,11617559,0,0.09537635743618011
ACH-000783,11624601,0,0.08398786187171936
ACH-000783,11625818,0,0.14925648272037506
ACH-000783,11634725,0,0.2976069450378418
ACH-000783,11640390,0,0.2559051811695099
ACH-000783,11647372,1,0.3792497217655182
ACH-000783,11667893,0,0.0934295654296875
ACH-000783,11707110,0,0.3657877743244171
ACH-000783,11713159,0,0.2620173692703247
ACH-000783,11754511,0,0.5770446062088013
ACH-000783,11784504,0,0.28390395641326904
ACH-000783,117918970,0,0.31693872809410095
ACH-000783,117996541,1,0.7218385338783264
ACH-000783,11960529,0,0.0998426079750061
ACH-000783,11977753,1,0.4782937169075012
ACH-000783,1206243,0,0.39060738682746887
ACH-000783,121596701,0,0.37778735160827637
ACH-000783,123631,0,0.10605721175670624
ACH-000783,126565,1,0.5696605443954468
ACH-000783,126941,0,0.2849121689796448
ACH-000783,13342,1,0.5457980036735535
ACH-000783,135398501,1,0.3432078957557678
ACH-000783,135398516,1,0.5151032209396362
ACH-000783,135410875,0,0.2260856032371521
ACH-000783,135418940,0,0.252627968788147
ACH-000783,135421197,1,0.3222031593322754
ACH-000783,135423438,1,0.48546460270881653
ACH-000783,135440466,0,0.24470771849155426
ACH-000783,135499520,0,0.16529783606529236
ACH-000783,135539077,1,0.4290412664413452
ACH-000783,135564599,0,0.09422274678945541
ACH-000783,135565082,0,0.4812697172164917
ACH-000783,135659062,0,0.27958422899246216
ACH-000783,135691163,1,0.5232017636299133
ACH-000783,136240579,0,0.11752375960350037
ACH-000783,1401,0,0.18379329144954681
ACH-000783,148124,1,0.6203533411026001
ACH-000783,156414,1,0.37398287653923035
ACH-000783,156422,0,0.12220814824104309
ACH-000783,159324,0,0.8039702773094177
ACH-000783,15953870,0,0.17021366953849792
ACH-000783,16095342,0,0.20979146659374237
ACH-000783,16123056,0,0.1442522406578064
ACH-000783,16218924,0,0.16260872781276703
ACH-000783,16659841,0,0.18322496116161346
ACH-000783,16681698,1,0.4990469515323639
ACH-000783,16720766,0,0.295073002576828
ACH-000783,16722836,0,0.5760844945907593
ACH-000783,16725726,1,0.1945418119430542
ACH-000783,16732433,0,0.12218961119651794
ACH-000783,16747388,0,0.39417749643325806
ACH-000783,16747683,0,0.6016935706138611
ACH-000783,176158,0,0.09026911109685898
ACH-000783,176167,0,0.41111305356025696
ACH-000783,17755052,0,0.522556483745575
ACH-000783,216326,0,0.05754368379712105
ACH-000783,2314623,0,0.0875421017408371
ACH-000783,23582824,1,0.7353093028068542
ACH-000783,23725625,0,0.10655796527862549
ACH-000783,2375,0,0.09489257633686066
ACH-000783,24180719,0,0.18067608773708344
ACH-000783,24737642,0,0.3164023458957672
ACH-000783,24739943,1,0.6113547086715698
ACH-000783,24756910,1,0.4119555354118347
ACH-000783,24770514,1,0.38341084122657776
ACH-000783,24771867,0,0.2573451101779938
ACH-000783,24772043,1,0.5643231868743896
ACH-000783,24772860,1,0.5802997350692749
ACH-000783,24776445,0,0.09717235714197159
ACH-000783,24785538,0,0.4532023072242737
ACH-000783,24826799,0,0.24605420231819153
ACH-000783,24889392,0,0.07732389867305756
ACH-000783,24894414,0,0.15173432230949402
ACH-000783,24951314,1,0.6871839165687561
ACH-000783,24964624,0,0.3131689429283142
ACH-000783,24978538,0,0.3801543116569519
ACH-000783,25022668,0,0.4890797734260559
ACH-000783,25102847,0,0.28907129168510437
ACH-000783,25124816,0,0.11396865546703339
ACH-000783,25126798,0,0.0918082445859909
ACH-000783,25167777,1,0.5223544836044312
ACH-000783,25195294,1,0.7566845417022705
ACH-000783,25227436,1,0.534553587436676
ACH-000783,25254071,1,0.5155819058418274
ACH-000783,25257557,0,0.3025606870651245
ACH-000783,25260757,1,0.3791063725948334
ACH-000783,25262792,1,0.44360849261283875
ACH-000783,25262965,1,0.4377610385417938
ACH-000783,2733526,0,0.14573580026626587
ACH-000783,300471,0,0.8122991919517517
ACH-000783,3005532,0,0.12442124634981155
ACH-000783,3101542,0,0.10686757415533066
ACH-000783,31703,1,0.6882988810539246
ACH-000783,3218,1,0.5823810696601868
ACH-000783,3372016,0,0.13902299106121063
ACH-000783,3385,0,0.7269307374954224
ACH-000783,3463933,1,0.6826794743537903
ACH-000783,36462,1,0.775985062122345
ACH-000783,3796,0,0.1443251371383667
ACH-000783,3827738,0,0.1423330008983612
ACH-000783,4248455,0,0.3033147156238556
ACH-000783,42623900,1,0.2829969823360443
ACH-000783,42628507,1,0.5662137269973755
ACH-000783,42640,0,0.4533586800098419
ACH-000783,42642645,0,0.49969154596328735
ACH-000783,44137675,1,0.30773064494132996
ACH-000783,44143370,0,0.26472681760787964
ACH-000783,44182295,0,0.45779043436050415
ACH-000783,44224257,1,0.4478539526462555
ACH-000783,44462760,0,0.2469409555196762
ACH-000783,444732,1,0.5298436284065247
ACH-000783,444795,1,0.25857388973236084
ACH-000783,44551660,1,0.6371234655380249
ACH-000783,44632017,1,0.4234946072101593
ACH-000783,446378,1,0.6519492864608765
ACH-000783,447912,0,0.2844434380531311
ACH-000783,448013,1,0.7081072330474854
ACH-000783,45258277,1,0.3323645293712616
ACH-000783,46006640,0,0.17679491639137268
ACH-000783,46191454,0,0.6118490099906921
ACH-000783,46192505,0,0.1733694076538086
ACH-000783,46224516,0,0.604735791683197
ACH-000783,46244454,1,0.6229905486106873
ACH-000783,46843648,0,0.5360212326049805
ACH-000783,46883536,0,0.07672420889139175
ACH-000783,46885626,1,0.46625062823295593
ACH-000783,46893585,0,0.23322513699531555
ACH-000783,46907787,1,0.34031856060028076
ACH-000783,46926973,0,0.1819884032011032
ACH-000783,46937430,0,0.10477589815855026
ACH-000783,46943432,0,0.28455546498298645
ACH-000783,479503,1,0.6664018034934998
ACH-000783,49806720,0,0.088069386780262
ACH-000783,49831044,0,0.66842120885849
ACH-000783,49847690,0,0.3514556884765625
ACH-000783,49850262,0,0.13401120901107788
ACH-000783,5081913,1,0.5221773386001587
ACH-000783,51039095,0,0.3367098867893219
ACH-000783,5113032,0,0.08398004621267319
ACH-000783,51358113,1,0.5970785021781921
ACH-000783,51371303,0,0.19247791171073914
ACH-000783,521106,0,0.4087156653404236
ACH-000783,5278396,0,0.11044210195541382
ACH-000783,5280757,0,0.13111500442028046
ACH-000783,5287969,1,0.4578799605369568
ACH-000783,52912189,1,0.44240716099739075
ACH-000783,52913813,0,0.18844014406204224
ACH-000783,5311,1,0.5963112711906433
ACH-000783,5311497,1,0.46285301446914673
ACH-000783,5328940,0,0.13811923563480377
ACH-000783,53302361,1,0.37298789620399475
ACH-000783,5330286,1,0.44961977005004883
ACH-000783,53315878,0,0.090581014752388
ACH-000783,53340664,0,0.33072564005851746
ACH-000783,53340666,1,0.579261064529419
ACH-000783,5351307,1,0.6579025983810425
ACH-000783,5360373,1,0.419590026140213
ACH-000783,5394,0,0.08383253961801529
ACH-000783,5460033,1,0.6100189089775085
ACH-000783,54676905,0,0.06326228380203247
ACH-000783,54685215,0,0.059543389827013016
ACH-000783,560326,1,0.8251004219055176
ACH-000783,56599306,1,0.32631951570510864
ACH-000783,56962337,0,0.14455999433994293
ACH-000783,56965967,0,0.5969057679176331
ACH-000783,57339144,0,0.07550493627786636
ACH-000783,5746,1,0.7650778889656067
ACH-000783,57519544,0,0.23261456191539764
ACH-000783,58423153,0,0.16975803673267365
ACH-000783,60750,1,0.7584457993507385
ACH-000783,6253,1,0.6023616790771484
ACH-000783,637858,1,0.625706672668457
ACH-000783,644241,0,0.14667131006717682
ACH-000783,644243,0,0.083457350730896
ACH-000783,6445533,1,0.5645134449005127
ACH-000783,6445562,0,0.25060567259788513
ACH-000783,6450551,0,0.21020691096782684
ACH-000783,6450816,1,0.40981748700141907
ACH-000783,6505803,1,0.3878183960914612
ACH-000783,65110,1,0.41405048966407776
ACH-000783,66577038,0,0.11183226853609085
ACH-000783,68234129,0,0.38710418343544006
ACH-000783,68289010,0,0.10576529800891876
ACH-000783,6852167,1,0.517488956451416
ACH-000783,6914657,0,0.387294203042984
ACH-000783,6918289,1,0.356731116771698
ACH-000783,6918454,0,0.38686925172805786
ACH-000783,6918638,1,0.5054680705070496
ACH-000783,6918837,1,0.5939444899559021
ACH-000783,6918848,1,0.6912121176719666
ACH-000783,69923936,1,0.44669830799102783
ACH-000783,704473,0,0.15970946848392487
ACH-000783,71271629,0,0.4003198742866516
ACH-000783,71299339,0,0.1108708456158638
ACH-000783,71729975,0,0.5613604187965393
ACH-000783,73265211,0,0.07452283799648285
ACH-000783,73265214,0,0.18504373729228973
ACH-000783,73707530,1,0.683163046836853
ACH-000783,73755109,0,0.18477268517017365
ACH-000783,76685059,0,0.3884062170982361
ACH-000783,77232197,1,0.6239533424377441
ACH-000783,78243717,0,0.0877150148153305
ACH-000783,82146,1,0.542822003364563
ACH-000783,8249,1,0.6768453121185303
ACH-000783,90488984,0,0.07107894122600555
ACH-000783,92577,0,0.1143387034535408
ACH-000783,9549289,1,0.4792957901954651
ACH-000783,9549297,1,0.13000917434692383
ACH-000783,97489,0,0.1207798644900322
ACH-000783,9826528,0,0.5877970457077026
ACH-000783,9829523,0,0.38039347529411316
ACH-000783,984170,0,0.1556355357170105
ACH-000783,9858940,1,0.5083909034729004
ACH-000783,9863776,1,0.710301399230957
ACH-000783,9868037,0,0.29369398951530457
ACH-000783,9874913,0,0.1929066926240921
ACH-000783,9884685,1,0.21577969193458557
ACH-000783,9903786,0,0.49916061758995056
ACH-000783,9908783,0,0.09607765823602676
ACH-000783,9910224,0,0.08052682131528854
ACH-000783,9911830,0,0.07398492842912674
ACH-000783,9914412,0,0.4351853132247925
ACH-000783,9926054,0,0.38063934445381165
ACH-000783,9931954,0,0.12360840290784836
ACH-000783,9938202,0,0.18385764956474304
ACH-000783,9952773,0,0.26976269483566284
ACH-000783,9956119,0,0.11721114814281464
ACH-000783,9956222,0,0.21091006696224213
ACH-000784,10027278,1,0.3957211673259735
ACH-000784,10074640,0,0.2693871259689331
ACH-000784,10077147,0,0.4161517024040222
ACH-000784,10109823,1,0.3252470791339874
ACH-000784,10113978,0,0.20814958214759827
ACH-000784,10127622,0,0.35350099205970764
ACH-000784,10184653,0,0.16391868889331818
ACH-000784,10341154,0,0.08615900576114655
ACH-000784,10368812,1,0.6940920948982239
ACH-000784,10377751,0,0.6398985981941223
ACH-000784,10384072,0,0.12648282945156097
ACH-000784,10459196,0,0.08395157009363174
ACH-000784,104741,0,0.24068638682365417
ACH-000784,104842,1,0.5916268825531006
ACH-000784,107969,1,0.5288674235343933
ACH-000784,11152667,1,0.5081068873405457
ACH-000784,11175137,1,0.44312238693237305
ACH-000784,11178236,1,0.41072773933410645
ACH-000784,11282283,0,0.17929507791996002
ACH-000784,11327430,0,0.1169445812702179
ACH-000784,11338033,1,0.47823432087898254
ACH-000784,11373846,0,0.1571047157049179
ACH-000784,11455910,1,0.7436718344688416
ACH-000784,11485656,0,0.17448708415031433
ACH-000784,11488320,0,0.41001492738723755
ACH-000784,11493598,0,0.15019705891609192
ACH-000784,11507964,0,0.19963307678699493
ACH-000784,11511120,1,0.4709579050540924
ACH-000784,11609586,0,0.6863080263137817
ACH-000784,11617559,0,0.1050361916422844
ACH-000784,11624601,0,0.08876321464776993
ACH-000784,11625818,0,0.1671595722436905
ACH-000784,11634725,0,0.28458184003829956
ACH-000784,11640390,0,0.2822142243385315
ACH-000784,11647372,1,0.3737219274044037
ACH-000784,11667893,0,0.11145317554473877
ACH-000784,11707110,0,0.3217008411884308
ACH-000784,11713159,0,0.2292497605085373
ACH-000784,11754511,0,0.5450574159622192
ACH-000784,11784504,0,0.26876091957092285
ACH-000784,117918970,0,0.35586392879486084
ACH-000784,117996541,1,0.7165256142616272
ACH-000784,11960529,0,0.10933589190244675
ACH-000784,11977753,1,0.4614475667476654
ACH-000784,1206243,0,0.39265376329421997
ACH-000784,121596701,0,0.350848525762558
ACH-000784,123631,0,0.10024451464414597
ACH-000784,126565,0,0.5732060074806213
ACH-000784,126941,0,0.24931393563747406
ACH-000784,13342,1,0.5252671241760254
ACH-000784,135398501,0,0.38212957978248596
ACH-000784,135398516,0,0.47440508008003235
ACH-000784,135410875,0,0.21653887629508972
ACH-000784,135418940,0,0.24337650835514069
ACH-000784,135421197,0,0.3312475383281708
ACH-000784,135423438,0,0.4954180121421814
ACH-000784,135499520,0,0.16823451220989227
ACH-000784,135539077,1,0.4091373085975647
ACH-000784,135564599,0,0.09272696822881699
ACH-000784,135565082,0,0.48123520612716675
ACH-000784,135659062,0,0.29436853528022766
ACH-000784,135691163,1,0.4691650867462158
ACH-000784,136240579,0,0.13804730772972107
ACH-000784,1401,0,0.18934546411037445
ACH-000784,148124,1,0.624091386795044
ACH-000784,156414,1,0.37369346618652344
ACH-000784,156422,0,0.1336725354194641
ACH-000784,159324,1,0.8099603652954102
ACH-000784,15953870,0,0.1549426019191742
ACH-000784,16095342,1,0.1969459503889084
ACH-000784,16123056,0,0.14912599325180054
ACH-000784,16218924,0,0.20248576998710632
ACH-000784,16659841,0,0.19065874814987183
ACH-000784,16681698,1,0.45526987314224243
ACH-000784,16720766,0,0.3031669855117798
ACH-000784,16722836,0,0.5214852690696716
ACH-000784,16725726,0,0.20509855449199677
ACH-000784,16732433,0,0.12326032668352127
ACH-000784,16747388,0,0.34500858187675476
ACH-000784,16747683,1,0.590110182762146
ACH-000784,176158,0,0.10330188274383545
ACH-000784,176167,0,0.43139180541038513
ACH-000784,17755052,1,0.4803515076637268
ACH-000784,216326,0,0.0671553909778595
ACH-000784,2314623,0,0.09088105708360672
ACH-000784,23582824,1,0.7529004216194153
ACH-000784,23725625,0,0.1117127388715744
ACH-000784,2375,0,0.09843461960554123
ACH-000784,24180719,0,0.16133005917072296
ACH-000784,24737642,0,0.31916120648384094
ACH-000784,24739943,1,0.6236057281494141
ACH-000784,24756910,1,0.3826254904270172
ACH-000784,24770514,1,0.3885694742202759
ACH-000784,24771867,0,0.25391408801078796
ACH-000784,24772043,1,0.5038554668426514
ACH-000784,24772860,0,0.5303472876548767
ACH-000784,24776445,0,0.10124658048152924
ACH-000784,24785538,0,0.43980175256729126
ACH-000784,24826799,0,0.22282835841178894
ACH-000784,24889392,0,0.08921894431114197
ACH-000784,24894414,0,0.1584649384021759
ACH-000784,24951314,1,0.6270647048950195
ACH-000784,24964624,0,0.3222847878932953
ACH-000784,24978538,0,0.3497004806995392
ACH-000784,25022668,1,0.5017582774162292
ACH-000784,25102847,0,0.2993010878562927
ACH-000784,25124816,0,0.11425015330314636
ACH-000784,25126798,0,0.09773457795381546
ACH-000784,25167777,1,0.5139071345329285
ACH-000784,25195294,1,0.7267166376113892
ACH-000784,25227436,1,0.5389935374259949
ACH-000784,25254071,1,0.4847589433193207
ACH-000784,25257557,0,0.29104921221733093
ACH-000784,25260757,1,0.37896597385406494
ACH-000784,25262792,1,0.4334215819835663
ACH-000784,25262965,1,0.4434906542301178
ACH-000784,2733526,1,0.15720923244953156
ACH-000784,300471,1,0.8188626766204834
ACH-000784,3005532,0,0.13321296870708466
ACH-000784,3101542,0,0.12979751825332642
ACH-000784,31703,1,0.6759666204452515
ACH-000784,3218,1,0.56015944480896
ACH-000784,3372016,0,0.1620057374238968
ACH-000784,3385,0,0.6422492861747742
ACH-000784,3463933,1,0.5832187533378601
ACH-000784,36462,1,0.7687833309173584
ACH-000784,3796,0,0.14474274218082428
ACH-000784,3827738,0,0.13695286214351654
ACH-000784,4248455,0,0.2958664894104004
ACH-000784,42623900,0,0.3221476078033447
ACH-000784,42628507,1,0.568915843963623
ACH-000784,42640,0,0.4061225652694702
ACH-000784,42642645,1,0.44186949729919434
ACH-000784,44137675,0,0.302021324634552
ACH-000784,44143370,0,0.2416592687368393
ACH-000784,44182295,0,0.3975910544395447
ACH-000784,44224257,1,0.4685550332069397
ACH-000784,44462760,0,0.24511362612247467
ACH-000784,444732,1,0.49423912167549133
ACH-000784,444795,0,0.2560889720916748
ACH-000784,44551660,0,0.6358619928359985
ACH-000784,44632017,1,0.37552177906036377
ACH-000784,446378,1,0.6364818215370178
ACH-000784,447912,0,0.268819123506546
ACH-000784,448013,1,0.6755175590515137
ACH-000784,45258277,0,0.31662583351135254
ACH-000784,46006640,0,0.1616218239068985
ACH-000784,46191454,0,0.6368343234062195
ACH-000784,46192505,0,0.19511428475379944
ACH-000784,46224516,1,0.6060003638267517
ACH-000784,46244454,1,0.5669824481010437
ACH-000784,46843648,0,0.49219363927841187
ACH-000784,46883536,0,0.0834072083234787
ACH-000784,46885626,0,0.48421353101730347
ACH-000784,46893585,0,0.2281922996044159
ACH-000784,46907787,1,0.3456096053123474
ACH-000784,46926973,0,0.2112087905406952
ACH-000784,46937430,0,0.1112850233912468
ACH-000784,46943432,0,0.29153087735176086
ACH-000784,479503,1,0.6422107815742493
ACH-000784,49806720,0,0.09283171594142914
ACH-000784,49831044,1,0.6851292252540588
ACH-000784,49847690,0,0.35261422395706177
ACH-000784,49850262,0,0.14130179584026337
ACH-000784,5081913,1,0.4450218677520752
ACH-000784,51039095,0,0.3231510519981384
ACH-000784,5113032,0,0.0904373750090599
ACH-000784,51358113,1,0.5238204002380371
ACH-000784,51371303,0,0.18518467247486115
ACH-000784,521106,0,0.44144314527511597
ACH-000784,5278396,0,0.10386991500854492
ACH-000784,5280757,0,0.14357773959636688
ACH-000784,5287969,1,0.4227553606033325
ACH-000784,52912189,0,0.4785188138484955
ACH-000784,52913813,0,0.17799076437950134
ACH-000784,5311,1,0.5742442607879639
ACH-000784,5311497,1,0.43921971321105957
ACH-000784,5328940,0,0.1323297768831253
ACH-000784,53302361,1,0.33324360847473145
ACH-000784,5330286,0,0.4333847761154175
ACH-000784,53315878,0,0.10744626075029373
ACH-000784,53340664,0,0.3006761372089386
ACH-000784,53340666,1,0.5525027513504028
ACH-000784,5351307,1,0.6407060623168945
ACH-000784,5360373,1,0.43528449535369873
ACH-000784,5394,0,0.08370208740234375
ACH-000784,5460033,0,0.5731812119483948
ACH-000784,54676905,0,0.06567174941301346
ACH-000784,54685215,0,0.07154842466115952
ACH-000784,560326,1,0.7891675233840942
ACH-000784,56599306,0,0.3232656419277191
ACH-000784,56962337,0,0.14803233742713928
ACH-000784,56965967,0,0.609847366809845
ACH-000784,57339144,0,0.08629649132490158
ACH-000784,5746,1,0.7582561373710632
ACH-000784,57519544,0,0.2785075902938843
ACH-000784,58423153,0,0.19832056760787964
ACH-000784,60750,1,0.7472519874572754
ACH-000784,6253,1,0.5906909108161926
ACH-000784,637858,0,0.6109317541122437
ACH-000784,644241,0,0.137015700340271
ACH-000784,644243,0,0.0946873277425766
ACH-000784,6445533,1,0.5329094529151917
ACH-000784,6445562,1,0.21252617239952087
ACH-000784,6450551,0,0.2610555589199066
ACH-000784,6450816,0,0.4129622280597687
ACH-000784,6505803,1,0.39746323227882385
ACH-000784,65110,0,0.4125395715236664
ACH-000784,66577038,0,0.12088769674301147
ACH-000784,68234129,0,0.39136481285095215
ACH-000784,68289010,0,0.12440908700227737
ACH-000784,6852167,0,0.45391830801963806
ACH-000784,6914657,1,0.4014742970466614
ACH-000784,6918289,0,0.379642128944397
ACH-000784,6918454,0,0.3356834352016449
ACH-000784,6918638,1,0.4649936854839325
ACH-000784,6918837,1,0.573441207408905
ACH-000784,6918848,1,0.713926374912262
ACH-000784,69923936,1,0.4073376953601837
ACH-000784,704473,0,0.1879420429468155
ACH-000784,71271629,1,0.4250832498073578
ACH-000784,71299339,0,0.11547838896512985
ACH-000784,71729975,0,0.5561606884002686
ACH-000784,73265211,0,0.07474552094936371
ACH-000784,73265214,0,0.1762993186712265
ACH-000784,73707530,0,0.7029910683631897
ACH-000784,73755109,0,0.18787117302417755
ACH-000784,76685059,1,0.38427433371543884
ACH-000784,77232197,1,0.5598644614219666
ACH-000784,78243717,1,0.098804771900177
ACH-000784,82146,0,0.5564753413200378
ACH-000784,8249,0,0.6507494449615479
ACH-000784,92577,0,0.10382599383592606
ACH-000784,9549289,1,0.5598984360694885
ACH-000784,9549297,0,0.11665670573711395
ACH-000784,97489,0,0.14471790194511414
ACH-000784,9826528,1,0.5417197942733765
ACH-000784,9829523,0,0.4355466365814209
ACH-000784,984170,0,0.15066589415073395
ACH-000784,9858940,0,0.520804226398468
ACH-000784,9863776,1,0.6717143058776855
ACH-000784,9868037,0,0.27589893341064453
ACH-000784,9874913,0,0.21561671793460846
ACH-000784,9884685,1,0.22008556127548218
ACH-000784,9903786,0,0.4764900803565979
ACH-000784,9908783,0,0.11329974234104156
ACH-000784,9910224,0,0.08305831253528595
ACH-000784,9911830,0,0.08583091199398041
ACH-000784,9914412,0,0.437735915184021
ACH-000784,9926054,0,0.3537841737270355
ACH-000784,9931954,0,0.12152941524982452
ACH-000784,9938202,0,0.1794797033071518
ACH-000784,9952773,0,0.33614832162857056
ACH-000784,9956119,0,0.12732145190238953
ACH-000784,9956222,0,0.2142925262451172
ACH-000790,10027278,1,0.40214183926582336
ACH-000790,10074640,0,0.25130394101142883
ACH-000790,10077147,0,0.365509033203125
ACH-000790,10109823,0,0.2883860766887665
ACH-000790,10113978,0,0.19741855561733246
ACH-000790,10127622,0,0.34662166237831116
ACH-000790,10172943,0,0.44413137435913086
ACH-000790,10184653,0,0.1524558663368225
ACH-000790,10302451,0,0.11698918044567108
ACH-000790,10341154,0,0.08136593550443649
ACH-000790,10368812,1,0.6058557033538818
ACH-000790,10377751,1,0.5778270959854126
ACH-000790,10384072,0,0.12794046103954315
ACH-000790,10459196,1,0.08964714407920837
ACH-000790,10461815,0,0.06578893959522247
ACH-000790,104741,0,0.25085991621017456
ACH-000790,104842,0,0.6136915683746338
ACH-000790,107969,1,0.5327786207199097
ACH-000790,11152667,1,0.5023948550224304
ACH-000790,11175137,0,0.3363669216632843
ACH-000790,11178236,1,0.42836976051330566
ACH-000790,11282283,1,0.18920771777629852
ACH-000790,11327430,0,0.11472497880458832
ACH-000790,11338033,0,0.47494378685951233
ACH-000790,11364421,0,0.40657171607017517
ACH-000790,11373846,0,0.1651143878698349
ACH-000790,11455910,1,0.7759026885032654
ACH-000790,11467730,0,0.3178490698337555
ACH-000790,11485656,0,0.1581510603427887
ACH-000790,11488320,1,0.3710460960865021
ACH-000790,11493598,0,0.14597657322883606
ACH-000790,11507964,0,0.2068806290626526
ACH-000790,11511120,1,0.43763113021850586
ACH-000790,11609586,0,0.6083329319953918
ACH-000790,11617559,0,0.09137770533561707
ACH-000790,11624601,0,0.09070456773042679
ACH-000790,11625818,0,0.15227781236171722
ACH-000790,11626560,0,0.16266368329524994
ACH-000790,11626927,0,0.09072693437337875
ACH-000790,11634725,0,0.2876972258090973
ACH-000790,11640390,0,0.25475260615348816
ACH-000790,11647372,0,0.3297990560531616
ACH-000790,11667893,0,0.09814853966236115
ACH-000790,11676786,0,0.16748346388339996
ACH-000790,11707110,0,0.3447069525718689
ACH-000790,11713159,0,0.2590974271297455
ACH-000790,11754511,0,0.49086177349090576
ACH-000790,11754711,1,0.46003472805023193
ACH-000790,11784504,0,0.29779261350631714
ACH-000790,117918970,0,0.3244900107383728
ACH-000790,117996541,0,0.6723289489746094
ACH-000790,11844351,0,0.21734383702278137
ACH-000790,11960529,0,0.1053231731057167
ACH-000790,11977753,1,0.4723453223705292
ACH-000790,1206243,0,0.4148407578468323
ACH-000790,121596701,0,0.35057225823402405
ACH-000790,123631,0,0.09626978635787964
ACH-000790,126565,1,0.5686008930206299
ACH-000790,126941,0,0.2816968262195587
ACH-000790,13342,1,0.5047180652618408
ACH-000790,135398501,0,0.30661019682884216
ACH-000790,135398516,1,0.46072936058044434
ACH-000790,135410875,0,0.2286992073059082
ACH-000790,135418940,0,0.2477441281080246
ACH-000790,135421197,0,0.29337388277053833
ACH-000790,135423438,0,0.42422932386398315
ACH-000790,135440466,0,0.22403119504451752
ACH-000790,135499520,0,0.17340107262134552
ACH-000790,135539077,1,0.3992498517036438
ACH-000790,135564599,0,0.09626516699790955
ACH-000790,135565082,0,0.46547165513038635
ACH-000790,135659062,0,0.2691204249858856
ACH-000790,135691163,0,0.5240289568901062
ACH-000790,136240579,0,0.11566421389579773
ACH-000790,1401,0,0.16406062245368958
ACH-000790,148124,0,0.6295758485794067
ACH-000790,156414,0,0.3301807641983032
ACH-000790,156422,0,0.11929204314947128
ACH-000790,159324,1,0.7832944393157959
ACH-000790,15953870,0,0.1629500687122345
ACH-000790,160355,0,0.21021157503128052
ACH-000790,16038120,0,0.2485314905643463
ACH-000790,16095342,0,0.20703400671482086
ACH-000790,16123056,0,0.14630073308944702
ACH-000790,16218924,0,0.1627967208623886
ACH-000790,16659841,0,0.1734648495912552
ACH-000790,16663089,0,0.2121293544769287
ACH-000790,16681698,1,0.4844837784767151
ACH-000790,16720766,0,0.2791028320789337
ACH-000790,16722836,1,0.5347780585289001
ACH-000790,16725726,0,0.18718022108078003
ACH-000790,16732433,0,0.12135101109743118
ACH-000790,16747388,1,0.37675681710243225
ACH-000790,16747683,1,0.561233639717102
ACH-000790,176158,0,0.09682538360357285
ACH-000790,176167,0,0.34601476788520813
ACH-000790,176870,0,0.13523277640342712
ACH-000790,17755052,0,0.4829765856266022
ACH-000790,208908,0,0.1108032688498497
ACH-000790,216239,0,0.26956671476364136
ACH-000790,216326,0,0.05485351011157036
ACH-000790,2314623,0,0.07657349109649658
ACH-000790,23582824,1,0.7143152952194214
ACH-000790,23725625,0,0.09999578446149826
ACH-000790,2375,0,0.10813921689987183
ACH-000790,24180719,0,0.16441908478736877
ACH-000790,24737642,0,0.2980199456214905
ACH-000790,24739943,1,0.5815994143486023
ACH-000790,24756910,1,0.3456214666366577
ACH-000790,24770514,0,0.35076841711997986
ACH-000790,24771867,0,0.23909211158752441
ACH-000790,24772043,1,0.5064521431922913
ACH-000790,24772860,1,0.5587686896324158
ACH-000790,24776445,0,0.09817162901163101
ACH-000790,24785538,0,0.3999459445476532
ACH-000790,24826799,0,0.23125620186328888
ACH-000790,24889392,0,0.07895255833864212
ACH-000790,24894414,0,0.12747542560100555
ACH-000790,24951314,1,0.649602472782135
ACH-000790,24964624,1,0.2773059904575348
ACH-000790,24978538,0,0.36862558126449585
ACH-000790,25022668,0,0.40335655212402344
ACH-000790,25102847,0,0.27920472621917725
ACH-000790,25126798,0,0.08784668892621994
ACH-000790,25167777,1,0.46486589312553406
ACH-000790,25195294,1,0.6840059757232666
ACH-000790,25226117,0,0.16210320591926575
ACH-000790,25226483,1,0.6897283792495728
ACH-000790,25227436,0,0.45695239305496216
ACH-000790,25254071,1,0.5183743834495544
ACH-000790,25257557,1,0.2565780282020569
ACH-000790,25260757,0,0.34482625126838684
ACH-000790,25262792,1,0.3734544813632965
ACH-000790,25262965,0,0.36096248030662537
ACH-000790,2733526,0,0.12652234733104706
ACH-000790,300471,0,0.8074513673782349
ACH-000790,3005532,0,0.09732772409915924
ACH-000790,3062316,0,0.2581682801246643
ACH-000790,3101542,0,0.10925669223070145
ACH-000790,31703,1,0.6820428967475891
ACH-000790,3218,0,0.5211221575737
ACH-000790,3372016,0,0.14105020463466644
ACH-000790,3385,1,0.7000800967216492
ACH-000790,3463933,1,0.6306284070014954
ACH-000790,36314,0,0.6116408705711365
ACH-000790,36462,0,0.7960367798805237
ACH-000790,3796,0,0.14098097383975983
ACH-000790,3827738,0,0.15204977989196777
ACH-000790,387447,1,0.6587733626365662
ACH-000790,4248455,0,0.27812936902046204
ACH-000790,4261,1,0.7289430499076843
ACH-000790,42623900,0,0.258696049451828
ACH-000790,42628507,0,0.4854986071586609
ACH-000790,42628535,0,0.2692697048187256
ACH-000790,42640,0,0.4328172504901886
ACH-000790,42642645,1,0.4629976451396942
ACH-000790,44137675,0,0.31463706493377686
ACH-000790,44143370,1,0.24351175129413605
ACH-000790,44182295,0,0.4190914034843445
ACH-000790,44224257,1,0.37529781460762024
ACH-000790,442972,0,0.2250758856534958
ACH-000790,44462760,0,0.22840645909309387
ACH-000790,444732,1,0.49406832456588745
ACH-000790,444795,0,0.21432901918888092
ACH-000790,44551660,0,0.6014392971992493
ACH-000790,44632017,1,0.4014187455177307
ACH-000790,446378,1,0.6080306768417358
ACH-000790,447912,0,0.2868444323539734
ACH-000790,448013,1,0.7101139426231384
ACH-000790,45258277,1,0.3290577530860901
ACH-000790,46006640,0,0.1644650250673294
ACH-000790,46191454,0,0.5742005109786987
ACH-000790,46192505,0,0.15183553099632263
ACH-000790,46224516,1,0.5156605839729309
ACH-000790,462382,0,0.577567994594574
ACH-000790,46244454,0,0.5974722504615784
ACH-000790,46843648,0,0.43968871235847473
ACH-000790,46843772,0,0.2884920537471771
ACH-000790,46844147,0,0.26025572419166565
ACH-000790,46883536,0,0.08680418133735657
ACH-000790,46885626,1,0.40806812047958374
ACH-000790,46893585,0,0.2238556295633316
ACH-000790,46907787,1,0.31565821170806885
ACH-000790,46926973,0,0.16865263879299164
ACH-000790,46937430,0,0.09182799607515335
ACH-000790,46943432,1,0.2383931279182434
ACH-000790,479503,1,0.6702044606208801
ACH-000790,49806720,0,0.09539825469255447
ACH-000790,49831044,0,0.6188587546348572
ACH-000790,49847690,0,0.3158811628818512
ACH-000790,49850262,0,0.11539410799741745
ACH-000790,4993,0,0.5689399242401123
ACH-000790,5081913,1,0.5201430320739746
ACH-000790,51039095,1,0.2913137674331665
ACH-000790,5113032,0,0.0831817090511322
ACH-000790,51358113,1,0.5726503729820251
ACH-000790,51371303,0,0.18488413095474243
ACH-000790,521106,0,0.42653924226760864
ACH-000790,5278396,0,0.10332083702087402
ACH-000790,5280757,0,0.11795679479837418
ACH-000790,5284616,0,0.2302812784910202
ACH-000790,5287969,1,0.4713890254497528
ACH-000790,5291,0,0.10174646973609924
ACH-000790,52912189,0,0.4167274534702301
ACH-000790,52913813,0,0.21248097717761993
ACH-000790,5311,1,0.5239362120628357
ACH-000790,5311497,0,0.4081350266933441
ACH-000790,5311510,0,0.2763644754886627
ACH-000790,5328940,0,0.14996372163295746
ACH-000790,5329102,0,0.2758980691432953
ACH-000790,53302361,0,0.34412679076194763
ACH-000790,5330286,1,0.3668985962867737
ACH-000790,53315878,0,0.08303584903478622
ACH-000790,53340664,1,0.30129602551460266
ACH-000790,53340666,1,0.5023780465126038
ACH-000790,5351307,1,0.5806896686553955
ACH-000790,5360373,0,0.39782071113586426
ACH-000790,5394,0,0.0853266716003418
ACH-000790,5460033,0,0.6009695529937744
ACH-000790,54676905,0,0.06733044236898422
ACH-000790,54685215,0,0.06403353065252304
ACH-000790,5494449,0,0.30549156665802
ACH-000790,560326,1,0.8005377054214478
ACH-000790,56599306,0,0.2691424489021301
ACH-000790,56962337,0,0.14078089594841003
ACH-000790,56965967,1,0.5660717487335205
ACH-000790,5717801,0,0.2403533011674881
ACH-000790,57339144,0,0.06661509722471237
ACH-000790,57340680,1,0.31111130118370056
ACH-000790,5746,1,0.7740551233291626
ACH-000790,57519544,0,0.21543581783771515
ACH-000790,58423153,0,0.13490185141563416
ACH-000790,60750,0,0.7731611132621765
ACH-000790,6253,0,0.6228578090667725
ACH-000790,637858,1,0.5903627276420593
ACH-000790,644215,1,0.4531540274620056
ACH-000790,644241,0,0.1320633888244629
ACH-000790,644243,0,0.07844223827123642
ACH-000790,6445533,1,0.4924964904785156
ACH-000790,6445562,1,0.2315206676721573
ACH-000790,6450551,0,0.1834583431482315
ACH-000790,6450816,1,0.3432213366031647
ACH-000790,6473881,0,0.23481184244155884
ACH-000790,6505803,1,0.3500032424926758
ACH-000790,65110,0,0.41876891255378723
ACH-000790,66577038,0,0.09828007221221924
ACH-000790,68234129,1,0.30805742740631104
ACH-000790,68289010,0,0.10316728800535202
ACH-000790,6852167,0,0.49103182554244995
ACH-000790,6914657,0,0.3223734498023987
ACH-000790,6918289,0,0.31671562790870667
ACH-000790,6918454,0,0.33571895956993103
ACH-000790,6918638,1,0.4720965027809143
ACH-000790,6918837,1,0.5190334320068359
ACH-000790,6918848,1,0.6476335525512695
ACH-000790,69923936,1,0.40256258845329285
ACH-000790,704473,0,0.1547899842262268
ACH-000790,71271629,0,0.3561854660511017
ACH-000790,71299339,0,0.10993383824825287
ACH-000790,71729975,1,0.5136058926582336
ACH-000790,73265211,0,0.07374437898397446
ACH-000790,73265214,0,0.18213510513305664
ACH-000790,73707530,1,0.6452299952507019
ACH-000790,73755109,0,0.19947165250778198
ACH-000790,76044,1,0.3510449528694153
ACH-000790,76685059,0,0.3866657316684723
ACH-000790,77232197,1,0.5820558071136475
ACH-000790,78243717,0,0.07211700826883316
ACH-000790,82146,0,0.5411031246185303
ACH-000790,8249,1,0.652341902256012
ACH-000790,90488984,0,0.06566141545772552
ACH-000790,92577,0,0.10965872555971146
ACH-000790,9549184,1,0.21418339014053345
ACH-000790,9549289,0,0.4425314664840698
ACH-000790,9549297,0,0.12764106690883636
ACH-000790,97489,0,0.11797479540109634
ACH-000790,9826308,1,0.5089574456214905
ACH-000790,9826528,1,0.5688140392303467
ACH-000790,9829523,0,0.38835909962654114
ACH-000790,984170,1,0.1480482965707779
ACH-000790,9858940,0,0.4710671305656433
ACH-000790,9863776,1,0.7176623940467834
ACH-000790,9868037,0,0.2853953540325165
ACH-000790,9874913,1,0.17858342826366425
ACH-000790,9884685,1,0.2124720960855484
ACH-000790,9903786,0,0.478039026260376
ACH-000790,9907093,0,0.19697949290275574
ACH-000790,9908783,0,0.10500132292509079
ACH-000790,9910224,0,0.07917707413434982
ACH-000790,9911830,0,0.07721889019012451
ACH-000790,9914412,0,0.37951117753982544
ACH-000790,9926054,1,0.3606901168823242
ACH-000790,9931954,0,0.10556934028863907
ACH-000790,9938202,0,0.18352243304252625
ACH-000790,9952773,0,0.2536385953426361
ACH-000790,9956119,1,0.11360837519168854
ACH-000790,9956222,0,0.22972100973129272
ACH-000795,10074640,1,0.25769758224487305
ACH-000795,10077147,1,0.42042437195777893
ACH-000795,10127622,1,0.3310494124889374
ACH-000795,10184653,1,0.1580106019973755
ACH-000795,10302451,0,0.12392488121986389
ACH-000795,10341154,1,0.0858570858836174
ACH-000795,10368812,1,0.6287047266960144
ACH-000795,10377751,1,0.6138012409210205
ACH-000795,10384072,0,0.12346726655960083
ACH-000795,10459196,0,0.08309123665094376
ACH-000795,10461815,0,0.06651274859905243
ACH-000795,104741,0,0.23041509091854095
ACH-000795,104842,1,0.6099677085876465
ACH-000795,107969,1,0.5043255090713501
ACH-000795,11152667,1,0.49223652482032776
ACH-000795,11175137,1,0.38777652382850647
ACH-000795,11178236,1,0.3991064727306366
ACH-000795,11282283,1,0.18149198591709137
ACH-000795,11327430,0,0.12069667130708694
ACH-000795,11338033,1,0.47202035784721375
ACH-000795,11364421,1,0.4191453456878662
ACH-000795,11373846,1,0.16115246713161469
ACH-000795,11455910,1,0.7462552785873413
ACH-000795,11467730,0,0.30520904064178467
ACH-000795,11485656,0,0.16247406601905823
ACH-000795,11488320,0,0.3605923354625702
ACH-000795,11493598,0,0.1404998004436493
ACH-000795,11507964,1,0.19579105079174042
ACH-000795,11511120,1,0.4407401978969574
ACH-000795,11609586,0,0.6931791305541992
ACH-000795,11617559,0,0.10026006400585175
ACH-000795,11624601,0,0.08755072206258774
ACH-000795,11625818,0,0.16505080461502075
ACH-000795,11634725,1,0.3092399537563324
ACH-000795,11647372,1,0.33725470304489136
ACH-000795,11667893,0,0.10318563133478165
ACH-000795,11676786,1,0.16831669211387634
ACH-000795,11707110,1,0.31537148356437683
ACH-000795,11754511,1,0.5397640466690063
ACH-000795,117918970,1,0.342158704996109
ACH-000795,117996541,1,0.7074987292289734
ACH-000795,11960529,0,0.10672709345817566
ACH-000795,11977753,1,0.48412689566612244
ACH-000795,1206243,1,0.4019104838371277
ACH-000795,121596701,1,0.3287805914878845
ACH-000795,123631,1,0.09771737456321716
ACH-000795,126565,1,0.528685450553894
ACH-000795,126941,1,0.26183733344078064
ACH-000795,13342,1,0.4548902213573456
ACH-000795,135398501,1,0.31325042247772217
ACH-000795,135398516,1,0.41903451085090637
ACH-000795,135410875,1,0.21278472244739532
ACH-000795,135418940,0,0.24982120096683502
ACH-000795,135423438,1,0.44824689626693726
ACH-000795,135440466,0,0.2292241007089615
ACH-000795,135499520,1,0.16189856827259064
ACH-000795,135564599,0,0.09180381894111633
ACH-000795,135565082,1,0.47487080097198486
ACH-000795,135659062,0,0.2781190574169159
ACH-000795,135691163,1,0.47657811641693115
ACH-000795,136240579,0,0.12929630279541016
ACH-000795,1401,0,0.1658029556274414
ACH-000795,148124,1,0.5759117007255554
ACH-000795,156414,1,0.32593265175819397
ACH-000795,156422,0,0.11905297636985779
ACH-000795,15953870,0,0.15540699660778046
ACH-000795,16095342,1,0.17796024680137634
ACH-000795,16123056,0,0.15411752462387085
ACH-000795,16218924,0,0.1786901354789734
ACH-000795,16659841,0,0.18415002524852753
ACH-000795,16720766,1,0.2709263563156128
ACH-000795,16722836,1,0.49940887093544006
ACH-000795,16725726,1,0.17315270006656647
ACH-000795,16732433,0,0.1295538693666458
ACH-000795,16747388,1,0.36883604526519775
ACH-000795,16747683,1,0.572715163230896
ACH-000795,176158,0,0.09740401804447174
ACH-000795,176167,1,0.3561061918735504
ACH-000795,17755052,0,0.46729928255081177
ACH-000795,216239,0,0.26382941007614136
ACH-000795,216326,0,0.06519091129302979
ACH-000795,2314623,0,0.09171454608440399
ACH-000795,23582824,1,0.7476569414138794
ACH-000795,23725625,1,0.10633640736341476
ACH-000795,2375,0,0.0971309021115303
ACH-000795,24180719,0,0.1734352707862854
ACH-000795,24737642,1,0.29441794753074646
ACH-000795,24739943,1,0.6000943183898926
ACH-000795,24756910,1,0.3453267216682434
ACH-000795,24770514,1,0.3612748980522156
ACH-000795,24771867,1,0.2572084963321686
ACH-000795,24772043,1,0.4774492681026459
ACH-000795,24772860,1,0.512310266494751
ACH-000795,24776445,0,0.09783388674259186
ACH-000795,24889392,0,0.07634622603654861
ACH-000795,24894414,0,0.13764770328998566
ACH-000795,24951314,1,0.6045969128608704
ACH-000795,24964624,0,0.28318965435028076
ACH-000795,24978538,1,0.3497893214225769
ACH-000795,25102847,0,0.2994454801082611
ACH-000795,25126798,0,0.0956503301858902
ACH-000795,25167777,1,0.4987962543964386
ACH-000795,25195294,1,0.712184727191925
ACH-000795,25227436,1,0.4915079176425934
ACH-000795,25254071,1,0.48728135228157043
ACH-000795,25257557,1,0.2697600722312927
ACH-000795,25260757,1,0.31058257818222046
ACH-000795,25262792,1,0.38252535462379456
ACH-000795,25262965,1,0.39000704884529114
ACH-000795,2733526,0,0.14475448429584503
ACH-000795,300471,1,0.7968087196350098
ACH-000795,3101542,0,0.11627853661775589
ACH-000795,31703,1,0.6508623361587524
ACH-000795,3372016,1,0.15388989448547363
ACH-000795,3385,0,0.7061343789100647
ACH-000795,36314,1,0.572806715965271
ACH-000795,3796,0,0.14432793855667114
ACH-000795,3827738,0,0.14364546537399292
ACH-000795,4248455,1,0.27961981296539307
ACH-000795,4261,1,0.7607520818710327
ACH-000795,42628507,1,0.4851321280002594
ACH-000795,42640,1,0.394864946603775
ACH-000795,42642645,1,0.41842734813690186
ACH-000795,44137675,0,0.29788118600845337
ACH-000795,44143370,1,0.24023547768592834
ACH-000795,44182295,1,0.3775458335876465
ACH-000795,44224257,1,0.376101553440094
ACH-000795,44462760,1,0.2177058756351471
ACH-000795,444732,1,0.5070825815200806
ACH-000795,44551660,1,0.6276765465736389
ACH-000795,44632017,1,0.40224578976631165
ACH-000795,45258277,1,0.3419891595840454
ACH-000795,46006640,0,0.15536504983901978
ACH-000795,46191454,1,0.5498490333557129
ACH-000795,46192505,0,0.17931583523750305
ACH-000795,46224516,1,0.5285722613334656
ACH-000795,46244454,1,0.5745732188224792
ACH-000795,46843648,1,0.4596528112888336
ACH-000795,46883536,1,0.08136128634214401
ACH-000795,46885626,1,0.42432910203933716
ACH-000795,46893585,1,0.22466032207012177
ACH-000795,46907787,1,0.31407660245895386
ACH-000795,46926973,0,0.19997747242450714
ACH-000795,46937430,0,0.10824920237064362
ACH-000795,46943432,1,0.25023046135902405
ACH-000795,49806720,0,0.08405736833810806
ACH-000795,49831044,1,0.6370896697044373
ACH-000795,49847690,1,0.3331209123134613
ACH-000795,49850262,1,0.1380385160446167
ACH-000795,4993,0,0.5612344741821289
ACH-000795,5081913,1,0.4812401533126831
ACH-000795,51039095,1,0.29656144976615906
ACH-000795,5113032,0,0.08925729990005493
ACH-000795,51358113,1,0.5656427145004272
ACH-000795,51371303,0,0.18659788370132446
ACH-000795,5278396,0,0.10955541580915451
ACH-000795,5287969,1,0.4362882673740387
ACH-000795,5291,0,0.11649661511182785
ACH-000795,52912189,1,0.4242139160633087
ACH-000795,52913813,0,0.18607696890830994
ACH-000795,5311,1,0.5462766885757446
ACH-000795,5328940,0,0.12878850102424622
ACH-000795,5330286,1,0.4001643657684326
ACH-000795,53315878,0,0.08646903187036514
ACH-000795,53340664,1,0.29101046919822693
ACH-000795,53340666,1,0.5245965123176575
ACH-000795,5351307,1,0.6087960600852966
ACH-000795,5394,0,0.08100913465023041
ACH-000795,5460033,0,0.5574811100959778
ACH-000795,54685215,0,0.06639275699853897
ACH-000795,56599306,1,0.2951129376888275
ACH-000795,56962337,0,0.130064457654953
ACH-000795,56965967,0,0.5724272727966309
ACH-000795,5717801,0,0.22587913274765015
ACH-000795,57339144,0,0.07906133681535721
ACH-000795,57519544,0,0.25478672981262207
ACH-000795,58423153,1,0.16583387553691864
ACH-000795,60750,0,0.7533086538314819
ACH-000795,6253,1,0.6016842126846313
ACH-000795,637858,1,0.6168906092643738
ACH-000795,644241,0,0.13874532282352448
ACH-000795,6445562,1,0.2194298356771469
ACH-000795,6450551,0,0.20635882019996643
ACH-000795,6450816,1,0.3476470112800598
ACH-000795,6505803,0,0.3452647626399994
ACH-000795,65110,1,0.4004230499267578
ACH-000795,66577038,0,0.11339093744754791
ACH-000795,68234129,1,0.3363802433013916
ACH-000795,68289010,0,0.11523663997650146
ACH-000795,6852167,1,0.45471304655075073
ACH-000795,6914657,1,0.35034477710723877
ACH-000795,6918289,0,0.30684414505958557
ACH-000795,6918454,1,0.3202463686466217
ACH-000795,6918638,1,0.4977338910102844
ACH-000795,6918848,1,0.6852850317955017
ACH-000795,69923936,1,0.4141797721385956
ACH-000795,704473,0,0.17464971542358398
ACH-000795,71271629,1,0.39113649725914
ACH-000795,71299339,0,0.11950232088565826
ACH-000795,71729975,1,0.5195474624633789
ACH-000795,73265211,1,0.07394062727689743
ACH-000795,73265214,1,0.1748814433813095
ACH-000795,73707530,1,0.6698276996612549
ACH-000795,73755109,0,0.18989335000514984
ACH-000795,76685059,0,0.3361608684062958
ACH-000795,77232197,1,0.5777428150177002
ACH-000795,78243717,0,0.088890939950943
ACH-000795,8249,0,0.6446875929832458
ACH-000795,90488984,0,0.06991271674633026
ACH-000795,9549184,1,0.20337529480457306
ACH-000795,9549289,1,0.5167866945266724
ACH-000795,9549297,1,0.1186041533946991
ACH-000795,97489,0,0.13376671075820923
ACH-000795,9826308,1,0.4867815375328064
ACH-000795,9826528,1,0.5562219023704529
ACH-000795,984170,0,0.14832712709903717
ACH-000795,9858940,1,0.4744611084461212
ACH-000795,9863776,1,0.6747052669525146
ACH-000795,9868037,0,0.3009483218193054
ACH-000795,9874913,0,0.20172010362148285
ACH-000795,9884685,1,0.2092466950416565
ACH-000795,9903786,1,0.4868384301662445
ACH-000795,9908783,0,0.105512335896492
ACH-000795,9910224,0,0.08201393485069275
ACH-000795,9911830,0,0.08092062175273895
ACH-000795,9914412,1,0.39020827412605286
ACH-000795,9926054,1,0.3426734507083893
ACH-000795,9931954,0,0.1191827729344368
ACH-000795,9938202,0,0.1733238399028778
ACH-000795,9952773,1,0.30385980010032654
ACH-000795,9956119,0,0.12412585318088531
ACH-000795,9956222,1,0.21581771969795227
ACH-000816,10027278,0,0.40445199608802795
ACH-000816,10074640,0,0.27125000953674316
ACH-000816,10077147,1,0.45707619190216064
ACH-000816,10109823,0,0.3667890727519989
ACH-000816,10113978,0,0.18389730155467987
ACH-000816,10127622,0,0.3546786606311798
ACH-000816,10172943,1,0.5148356556892395
ACH-000816,10184653,0,0.18658581376075745
ACH-000816,10302451,0,0.14737164974212646
ACH-000816,10341154,0,0.08264882862567902
ACH-000816,10368812,1,0.6515012979507446
ACH-000816,10377751,0,0.6500744819641113
ACH-000816,10384072,0,0.10468880832195282
ACH-000816,10459196,0,0.07098109275102615
ACH-000816,10461815,0,0.07332837581634521
ACH-000816,104741,0,0.25045332312583923
ACH-000816,104842,1,0.610179603099823
ACH-000816,107969,1,0.5604424476623535
ACH-000816,11152667,1,0.5057686567306519
ACH-000816,11175137,1,0.4477183222770691
ACH-000816,11282283,0,0.17088405787944794
ACH-000816,11327430,0,0.12356302887201309
ACH-000816,11338033,1,0.5327150225639343
ACH-000816,11364421,1,0.4705365002155304
ACH-000816,11373846,0,0.18161866068840027
ACH-000816,11455910,1,0.7166611552238464
ACH-000816,11467730,0,0.3140642046928406
ACH-000816,11485656,0,0.1521885097026825
ACH-000816,11488320,1,0.39796528220176697
ACH-000816,11493598,0,0.131880983710289
ACH-000816,11507964,0,0.1972084790468216
ACH-000816,11511120,1,0.5156896114349365
ACH-000816,11609586,0,0.7100199460983276
ACH-000816,11617559,0,0.10400520265102386
ACH-000816,11624601,0,0.08214032649993896
ACH-000816,11625818,0,0.1714552342891693
ACH-000816,11626560,0,0.2197195589542389
ACH-000816,11626927,0,0.09383270889520645
ACH-000816,11634725,0,0.35225117206573486
ACH-000816,11640390,0,0.21252107620239258
ACH-000816,11647372,1,0.34666576981544495
ACH-000816,11667893,0,0.11046439409255981
ACH-000816,11676786,0,0.16671599447727203
ACH-000816,11707110,0,0.281558096408844
ACH-000816,11713159,0,0.28840672969818115
ACH-000816,11754511,1,0.6197829246520996
ACH-000816,11754711,0,0.5423200726509094
ACH-000816,11784504,0,0.2565789520740509
ACH-000816,117918970,1,0.35101380944252014
ACH-000816,117996541,1,0.7516762614250183
ACH-000816,11844351,0,0.26319122314453125
ACH-000816,11960529,0,0.10273423045873642
ACH-000816,11977753,1,0.45096778869628906
ACH-000816,1206243,1,0.4247839152812958
ACH-000816,121596701,1,0.3445182740688324
ACH-000816,123631,0,0.10965979844331741
ACH-000816,126565,1,0.44936275482177734
ACH-000816,126941,1,0.27289777994155884
ACH-000816,13342,1,0.4241069555282593
ACH-000816,135398501,1,0.2965320646762848
ACH-000816,135410875,1,0.2156248688697815
ACH-000816,135418940,0,0.26928597688674927
ACH-000816,135421197,0,0.35610511898994446
ACH-000816,135423438,1,0.46812155842781067
ACH-000816,135440466,0,0.2665162980556488
ACH-000816,135499520,0,0.1488567292690277
ACH-000816,135539077,0,0.4229109585285187
ACH-000816,135564599,0,0.08607152849435806
ACH-000816,135565082,0,0.4364967346191406
ACH-000816,135659062,0,0.24332912266254425
ACH-000816,135691163,1,0.496528685092926
ACH-000816,136240579,0,0.13699838519096375
ACH-000816,1401,0,0.1900240033864975
ACH-000816,148124,1,0.5114080309867859
ACH-000816,156414,1,0.3927048444747925
ACH-000816,156422,0,0.13163726031780243
ACH-000816,159324,0,0.7786579132080078
ACH-000816,15953870,0,0.16223964095115662
ACH-000816,160355,0,0.23020702600479126
ACH-000816,16038120,1,0.24909506738185883
ACH-000816,16095342,1,0.2065509408712387
ACH-000816,16123056,0,0.15201008319854736
ACH-000816,16218924,0,0.16970549523830414
ACH-000816,16659841,1,0.18001188337802887
ACH-000816,16663089,0,0.264105886220932
ACH-000816,16681698,1,0.4357977509498596
ACH-000816,16720766,0,0.2537473738193512
ACH-000816,16722836,1,0.5575321316719055
ACH-000816,16725726,0,0.18156945705413818
ACH-000816,16732433,0,0.14635202288627625
ACH-000816,16747388,0,0.3862702548503876
ACH-000816,16747683,1,0.5784503221511841
ACH-000816,176158,0,0.0896344855427742
ACH-000816,176167,1,0.33014851808547974
ACH-000816,176870,0,0.16314996778964996
ACH-000816,17755052,1,0.4816676378250122
ACH-000816,208908,0,0.12390507012605667
ACH-000816,216239,0,0.31837254762649536
ACH-000816,216326,0,0.0665239691734314
ACH-000816,2314623,0,0.10373638570308685
ACH-000816,23582824,1,0.7536594271659851
ACH-000816,23725625,0,0.10746853798627853
ACH-000816,2375,0,0.09178619086742401
ACH-000816,24180719,0,0.2221824824810028
ACH-000816,24737642,0,0.33909857273101807
ACH-000816,24739943,1,0.6221681833267212
ACH-000816,24756910,1,0.4019448459148407
ACH-000816,24770514,1,0.3965260684490204
ACH-000816,24771867,1,0.2458549439907074
ACH-000816,24772043,1,0.552200198173523
ACH-000816,24772860,0,0.5395597815513611
ACH-000816,24776445,0,0.09857288748025894
ACH-000816,24785538,0,0.4458823800086975
ACH-000816,24826799,0,0.25567948818206787
ACH-000816,24889392,0,0.08319785445928574
ACH-000816,24894414,0,0.1600375920534134
ACH-000816,24951314,1,0.6555947065353394
ACH-000816,24964624,1,0.27208858728408813
ACH-000816,24978538,1,0.3775053322315216
ACH-000816,25022668,0,0.4620376527309418
ACH-000816,25102847,0,0.29700788855552673
ACH-000816,25124816,0,0.10088513791561127
ACH-000816,25126798,0,0.1066988930106163
ACH-000816,25167777,1,0.5020915865898132
ACH-000816,25195294,1,0.7334176898002625
ACH-000816,25226117,0,0.17914971709251404
ACH-000816,25226483,1,0.7269952893257141
ACH-000816,25227436,1,0.5560826063156128
ACH-000816,25254071,1,0.45530906319618225
ACH-000816,25257557,0,0.2920195460319519
ACH-000816,25260757,1,0.3350963890552521
ACH-000816,25262792,1,0.424560546875
ACH-000816,25262965,1,0.41909924149513245
ACH-000816,2733526,0,0.15609072148799896
ACH-000816,300471,1,0.7693642973899841
ACH-000816,3005532,0,0.13663189113140106
ACH-000816,3062316,0,0.30127036571502686
ACH-000816,3101542,0,0.11654169857501984
ACH-000816,31703,1,0.588670551776886
ACH-000816,3218,0,0.6134247779846191
ACH-000816,3372016,0,0.1509915441274643
ACH-000816,3385,0,0.7357760667800903
ACH-000816,3463933,1,0.6067718863487244
ACH-000816,36314,1,0.5007103681564331
ACH-000816,36462,0,0.6790401935577393
ACH-000816,3796,0,0.1446216106414795
ACH-000816,3827738,0,0.14516311883926392
ACH-000816,387447,1,0.629917323589325
ACH-000816,4248455,0,0.2992018461227417
ACH-000816,4261,1,0.809956431388855
ACH-000816,42623900,0,0.2879660129547119
ACH-000816,42628507,1,0.501763105392456
ACH-000816,42628535,0,0.38652461767196655
ACH-000816,42640,0,0.4005940556526184
ACH-000816,42642645,1,0.46069684624671936
ACH-000816,44137675,0,0.2965925335884094
ACH-000816,44143370,0,0.2975212335586548
ACH-000816,44182295,0,0.3797098696231842
ACH-000816,44224257,1,0.4136529862880707
ACH-000816,442972,0,0.20866112411022186
ACH-000816,44462760,0,0.21932730078697205
ACH-000816,444732,1,0.5492390990257263
ACH-000816,444795,0,0.2533613443374634
ACH-000816,44551660,1,0.6068282127380371
ACH-000816,44632017,1,0.37866896390914917
ACH-000816,446378,1,0.6046907305717468
ACH-000816,447912,0,0.286218523979187
ACH-000816,448013,1,0.6102902293205261
ACH-000816,45258277,1,0.39520689845085144
ACH-000816,46006640,0,0.15384109318256378
ACH-000816,46192505,0,0.20006445050239563
ACH-000816,46224516,1,0.565238893032074
ACH-000816,462382,1,0.5072343349456787
ACH-000816,46244454,1,0.5730211734771729
ACH-000816,46843648,1,0.5022423267364502
ACH-000816,46843772,0,0.2768010199069977
ACH-000816,46844147,0,0.2650052011013031
ACH-000816,46883536,0,0.08025985956192017
ACH-000816,46885626,1,0.4357597231864929
ACH-000816,46893585,0,0.23296190798282623
ACH-000816,46907787,0,0.29607564210891724
ACH-000816,46926973,0,0.22845394909381866
ACH-000816,46937430,0,0.11412053555250168
ACH-000816,46943432,0,0.2749654948711395
ACH-000816,479503,0,0.6454800963401794
ACH-000816,49806720,0,0.07699813693761826
ACH-000816,49831044,1,0.624583899974823
ACH-000816,49847690,1,0.3643335700035095
ACH-000816,49850262,0,0.14930778741836548
ACH-000816,4993,0,0.5944879055023193
ACH-000816,5081913,1,0.5001638531684875
ACH-000816,51039095,1,0.3079575002193451
ACH-000816,5113032,0,0.09308652579784393
ACH-000816,51358113,1,0.5997982621192932
ACH-000816,51371303,0,0.20896434783935547
ACH-000816,521106,0,0.46357426047325134
ACH-000816,5278396,0,0.11894965171813965
ACH-000816,5280757,0,0.13052605092525482
ACH-000816,5284616,0,0.2573864758014679
ACH-000816,5287969,1,0.38453078269958496
ACH-000816,5291,0,0.13342081010341644
ACH-000816,52912189,1,0.36789488792419434
ACH-000816,52913813,0,0.18631845712661743
ACH-000816,5311,1,0.5998191237449646
ACH-000816,5311497,0,0.3510766327381134
ACH-000816,5311510,0,0.2889502942562103
ACH-000816,5328940,0,0.12454009056091309
ACH-000816,5329102,0,0.3388085961341858
ACH-000816,53302361,0,0.3876151144504547
ACH-000816,5330286,0,0.4440133273601532
ACH-000816,53315878,0,0.09135749936103821
ACH-000816,53340664,0,0.3340120315551758
ACH-000816,53340666,1,0.5860451459884644
ACH-000816,5351307,1,0.6826037764549255
ACH-000816,5360373,0,0.38962143659591675
ACH-000816,5394,0,0.08170551806688309
ACH-000816,5460033,1,0.5865025520324707
ACH-000816,54676905,0,0.06102808564901352
ACH-000816,54685215,0,0.06302271038293839
ACH-000816,5494449,1,0.3100000321865082
ACH-000816,560326,1,0.7523013353347778
ACH-000816,56599306,0,0.30872222781181335
ACH-000816,56962337,0,0.12319846451282501
ACH-000816,56965967,0,0.5430096387863159
ACH-000816,5717801,0,0.24626177549362183
ACH-000816,57339144,0,0.08552928268909454
ACH-000816,57340680,1,0.3986774682998657
ACH-000816,5746,1,0.6967346668243408
ACH-000816,57519544,0,0.2818985879421234
ACH-000816,58423153,0,0.1646227240562439
ACH-000816,60750,0,0.7224748730659485
ACH-000816,6253,0,0.5391701459884644
ACH-000816,637858,1,0.6716814637184143
ACH-000816,644215,1,0.6088200211524963
ACH-000816,644241,0,0.15685027837753296
ACH-000816,644243,0,0.09449712187051773
ACH-000816,6445533,1,0.5590711236000061
ACH-000816,6445562,1,0.26002171635627747
ACH-000816,6450551,0,0.2101248949766159
ACH-000816,6450816,1,0.3712766468524933
ACH-000816,6473881,1,0.17738710343837738
ACH-000816,6505803,0,0.364361047744751
ACH-000816,65110,1,0.33197739720344543
ACH-000816,66577038,0,0.11912788450717926
ACH-000816,68234129,0,0.34243136644363403
ACH-000816,68289010,0,0.1174907460808754
ACH-000816,6852167,0,0.44880765676498413
ACH-000816,6914657,1,0.41728949546813965
ACH-000816,6918289,0,0.3359358608722687
ACH-000816,6918454,0,0.3536894917488098
ACH-000816,6918638,0,0.4976133108139038
ACH-000816,6918837,1,0.6086264252662659
ACH-000816,6918848,1,0.6556293368339539
ACH-000816,69923936,1,0.4331507384777069
ACH-000816,704473,0,0.1886114925146103
ACH-000816,71271629,0,0.3750092089176178
ACH-000816,71299339,0,0.13042768836021423
ACH-000816,71729975,0,0.5094553232192993
ACH-000816,73265211,0,0.07808506488800049
ACH-000816,73265214,0,0.19113026559352875
ACH-000816,73707530,1,0.6867367029190063
ACH-000816,73755109,0,0.1742417812347412
ACH-000816,76044,1,0.3725326955318451
ACH-000816,76685059,0,0.3126969635486603
ACH-000816,77232197,1,0.6431980133056641
ACH-000816,78243717,0,0.10542265325784683
ACH-000816,82146,0,0.5151994824409485
ACH-000816,8249,1,0.6702319383621216
ACH-000816,90488984,0,0.07426275312900543
ACH-000816,92577,0,0.10609567165374756
ACH-000816,9549184,0,0.20042799413204193
ACH-000816,9549289,1,0.5581269860267639
ACH-000816,9549297,0,0.1254262924194336
ACH-000816,97489,0,0.12920114398002625
ACH-000816,9826308,1,0.5128502249717712
ACH-000816,9826528,0,0.5554206371307373
ACH-000816,9829523,0,0.27569496631622314
ACH-000816,984170,0,0.16074010729789734
ACH-000816,9858940,1,0.48164495825767517
ACH-000816,9863776,1,0.6157265305519104
ACH-000816,9868037,0,0.34061330556869507
ACH-000816,9874913,0,0.2221429944038391
ACH-000816,9903786,1,0.47683730721473694
ACH-000816,9907093,0,0.23316289484500885
ACH-000816,9908783,0,0.09805089980363846
ACH-000816,9910224,0,0.08429746329784393
ACH-000816,9911830,0,0.08914335072040558
ACH-000816,9914412,1,0.42824670672416687
ACH-000816,9926054,1,0.3451012969017029
ACH-000816,9931954,0,0.11958477646112442
ACH-000816,9938202,0,0.1827961802482605
ACH-000816,9952773,0,0.31267866492271423
ACH-000816,9956119,0,0.14427541196346283
ACH-000816,9956222,0,0.22548115253448486
ACH-000818,10027278,0,0.43099573254585266
ACH-000818,10074640,0,0.2786526083946228
ACH-000818,10077147,0,0.4113404452800751
ACH-000818,10109823,0,0.3026081323623657
ACH-000818,10113978,0,0.21254278719425201
ACH-000818,10127622,0,0.34917017817497253
ACH-000818,10184653,0,0.16944296658039093
ACH-000818,10341154,0,0.08391691744327545
ACH-000818,10368812,0,0.6673145294189453
ACH-000818,10377751,0,0.5789400339126587
ACH-000818,10384072,0,0.12187764048576355
ACH-000818,10459196,0,0.08556724339723587
ACH-000818,104741,0,0.27844685316085815
ACH-000818,104842,0,0.6591314673423767
ACH-000818,107969,1,0.5654621720314026
ACH-000818,11152667,0,0.5513682961463928
ACH-000818,11175137,1,0.4006289541721344
ACH-000818,11178236,1,0.4802432060241699
ACH-000818,11282283,0,0.17798396944999695
ACH-000818,11327430,0,0.12027395516633987
ACH-000818,11338033,0,0.538036048412323
ACH-000818,11373846,0,0.18482926487922668
ACH-000818,11455910,1,0.7856080532073975
ACH-000818,11485656,0,0.16234683990478516
ACH-000818,11488320,0,0.42211684584617615
ACH-000818,11493598,0,0.14582876861095428
ACH-000818,11507964,0,0.2034958451986313
ACH-000818,11511120,1,0.5178415775299072
ACH-000818,11609586,0,0.6251392960548401
ACH-000818,11617559,0,0.09528917819261551
ACH-000818,11624601,0,0.08755248039960861
ACH-000818,11625818,0,0.16175438463687897
ACH-000818,11634725,0,0.3150525689125061
ACH-000818,11640390,0,0.2512195408344269
ACH-000818,11647372,1,0.3671046197414398
ACH-000818,11667893,0,0.09039243310689926
ACH-000818,11707110,0,0.34114953875541687
ACH-000818,11713159,0,0.28156164288520813
ACH-000818,11754511,0,0.55722576379776
ACH-000818,11784504,0,0.2892345190048218
ACH-000818,117918970,0,0.318586528301239
ACH-000818,117996541,0,0.7300772666931152
ACH-000818,11960529,0,0.10532400757074356
ACH-000818,11977753,1,0.4929589331150055
ACH-000818,1206243,0,0.4093797206878662
ACH-000818,121596701,0,0.37759026885032654
ACH-000818,123631,0,0.10585762560367584
ACH-000818,126565,0,0.5545715689659119
ACH-000818,126941,0,0.2889738380908966
ACH-000818,13342,0,0.5258182287216187
ACH-000818,135398501,0,0.31674736738204956
ACH-000818,135398516,1,0.4738013744354248
ACH-000818,135410875,0,0.2299039363861084
ACH-000818,135418940,0,0.26425549387931824
ACH-000818,135421197,0,0.325212299823761
ACH-000818,135423438,1,0.4729343056678772
ACH-000818,135440466,0,0.25466108322143555
ACH-000818,135499520,0,0.1626170426607132
ACH-000818,135539077,0,0.451475590467453
ACH-000818,135564599,0,0.09279853105545044
ACH-000818,135565082,0,0.46901798248291016
ACH-000818,135659062,0,0.28211843967437744
ACH-000818,135691163,0,0.5416552424430847
ACH-000818,136240579,0,0.11690699309110641
ACH-000818,1401,0,0.18871912360191345
ACH-000818,148124,0,0.6000274419784546
ACH-000818,156414,1,0.39652836322784424
ACH-000818,156422,0,0.12672190368175507
ACH-000818,159324,0,0.8167160153388977
ACH-000818,15953870,0,0.1673687845468521
ACH-000818,16095342,0,0.21825310587882996
ACH-000818,16123056,0,0.15307557582855225
ACH-000818,16218924,0,0.17999118566513062
ACH-000818,16659841,0,0.17229123413562775
ACH-000818,16681698,1,0.5117195248603821
ACH-000818,16720766,0,0.290957510471344
ACH-000818,16722836,0,0.583651065826416
ACH-000818,16725726,0,0.19300074875354767
ACH-000818,16732433,0,0.12155962735414505
ACH-000818,16747388,0,0.39997169375419617
ACH-000818,16747683,0,0.6237203478813171
ACH-000818,176158,0,0.0970374196767807
ACH-000818,176167,1,0.35873502492904663
ACH-000818,17755052,0,0.5123661756515503
ACH-000818,216326,0,0.05778298154473305
ACH-000818,2314623,0,0.08210232108831406
ACH-000818,23582824,1,0.7428762316703796
ACH-000818,23725625,0,0.10406234860420227
ACH-000818,2375,0,0.10809307545423508
ACH-000818,24180719,0,0.18716701865196228
ACH-000818,24737642,0,0.3170628845691681
ACH-000818,24739943,1,0.6429235339164734
ACH-000818,24756910,0,0.3952513635158539
ACH-000818,24770514,0,0.3860276937484741
ACH-000818,24771867,0,0.2596123218536377
ACH-000818,24772043,1,0.5653095245361328
ACH-000818,24772860,0,0.6003029942512512
ACH-000818,24776445,0,0.09839008748531342
ACH-000818,24785538,0,0.4172406494617462
ACH-000818,24826799,0,0.25715938210487366
ACH-000818,24889392,0,0.07751064747571945
ACH-000818,24894414,0,0.13636791706085205
ACH-000818,24951314,0,0.690362811088562
ACH-000818,24964624,0,0.28602683544158936
ACH-000818,24978538,0,0.4059617221355438
ACH-000818,25022668,0,0.4491369426250458
ACH-000818,25102847,0,0.2816544771194458
ACH-000818,25124816,0,0.11221106350421906
ACH-000818,25126798,0,0.09390849620103836
ACH-000818,25167777,1,0.5269458293914795
ACH-000818,25195294,1,0.7396761178970337
ACH-000818,25226117,0,0.17839471995830536
ACH-000818,25226483,0,0.760440468788147
ACH-000818,25227436,0,0.49358421564102173
ACH-000818,25254071,1,0.518739640712738
ACH-000818,25257557,0,0.2893050014972687
ACH-000818,25260757,1,0.3709130585193634
ACH-000818,25262792,1,0.429341584444046
ACH-000818,25262965,1,0.41061025857925415
ACH-000818,2733526,0,0.13689696788787842
ACH-000818,300471,1,0.805054247379303
ACH-000818,3005532,0,0.10890376567840576
ACH-000818,3101542,0,0.11049631237983704
ACH-000818,31703,1,0.6762272119522095
ACH-000818,3218,0,0.5723363757133484
ACH-000818,3372016,0,0.14944861829280853
ACH-000818,3385,1,0.718270480632782
ACH-000818,3463933,0,0.6790120601654053
ACH-000818,36462,0,0.7573038935661316
ACH-000818,3796,0,0.1422940045595169
ACH-000818,3827738,0,0.16052070260047913
ACH-000818,4248455,0,0.29341593384742737
ACH-000818,42623900,0,0.2758696973323822
ACH-000818,42628507,1,0.5236827731132507
ACH-000818,42628535,0,0.33271050453186035
ACH-000818,42640,0,0.45843014121055603
ACH-000818,42642645,0,0.5163350105285645
ACH-000818,44137675,0,0.33765679597854614
ACH-000818,44143370,0,0.277546763420105
ACH-000818,44182295,0,0.44348257780075073
ACH-000818,44224257,0,0.43664512038230896
ACH-000818,44462760,0,0.2497919797897339
ACH-000818,444732,1,0.525826632976532
ACH-000818,444795,0,0.22520720958709717
ACH-000818,44551660,1,0.6468037366867065
ACH-000818,44632017,0,0.38849231600761414
ACH-000818,446378,0,0.6584610342979431
ACH-000818,447912,0,0.29887068271636963
ACH-000818,448013,0,0.6846623420715332
ACH-000818,45258277,0,0.357660710811615
ACH-000818,46006640,0,0.17225691676139832
ACH-000818,46191454,0,0.5785471796989441
ACH-000818,46192505,0,0.16772928833961487
ACH-000818,46224516,1,0.585177481174469
ACH-000818,46244454,0,0.6187368035316467
ACH-000818,46843648,0,0.49687573313713074
ACH-000818,46843772,0,0.29528218507766724
ACH-000818,46883536,0,0.0860319659113884
ACH-000818,46885626,0,0.4606158137321472
ACH-000818,46893585,0,0.24563942849636078
ACH-000818,46907787,0,0.31398823857307434
ACH-000818,46926973,0,0.1794375330209732
ACH-000818,46937430,0,0.09967418015003204
ACH-000818,46943432,0,0.2639019191265106
ACH-000818,479503,1,0.6862047910690308
ACH-000818,49806720,0,0.09103722870349884
ACH-000818,49831044,0,0.6433886885643005
ACH-000818,49847690,0,0.33870187401771545
ACH-000818,49850262,0,0.1252848207950592
ACH-000818,5081913,1,0.5504160523414612
ACH-000818,51039095,0,0.30438974499702454
ACH-000818,5113032,0,0.0841398611664772
ACH-000818,51358113,1,0.6097466349601746
ACH-000818,51371303,0,0.20492582023143768
ACH-000818,521106,0,0.4391559660434723
ACH-000818,5278396,0,0.11162440478801727
ACH-000818,5280757,0,0.12233578413724899
ACH-000818,5287969,1,0.46537479758262634
ACH-000818,52912189,1,0.4264572560787201
ACH-000818,52913813,0,0.21649134159088135
ACH-000818,5311,0,0.5810011029243469
ACH-000818,5311497,0,0.4310109615325928
ACH-000818,5328940,0,0.14529375731945038
ACH-000818,53302361,0,0.38845881819725037
ACH-000818,5330286,0,0.43241459131240845
ACH-000818,53315878,0,0.08740483969449997
ACH-000818,53340664,0,0.34579944610595703
ACH-000818,53340666,1,0.568338930606842
ACH-000818,5351307,1,0.6509882807731628
ACH-000818,5360373,0,0.4185631275177002
ACH-000818,5394,0,0.08603668957948685
ACH-000818,5460033,0,0.6598142385482788
ACH-000818,54676905,0,0.06398343294858932
ACH-000818,54685215,0,0.06532076001167297
ACH-000818,560326,0,0.805435061454773
ACH-000818,56599306,1,0.30494391918182373
ACH-000818,56962337,0,0.13152733445167542
ACH-000818,56965967,0,0.5950583815574646
ACH-000818,57339144,0,0.07060842216014862
ACH-000818,57340680,0,0.3521980345249176
ACH-000818,5746,1,0.7603392601013184
ACH-000818,57519544,0,0.2185543179512024
ACH-000818,58423153,0,0.14835132658481598
ACH-000818,60750,0,0.7646408677101135
ACH-000818,6253,0,0.5878302454948425
ACH-000818,637858,0,0.6125670075416565
ACH-000818,644241,0,0.1483079195022583
ACH-000818,644243,0,0.08054295182228088
ACH-000818,6445533,1,0.5442652702331543
ACH-000818,6445562,0,0.26103517413139343
ACH-000818,6450551,0,0.18844932317733765
ACH-000818,6450816,0,0.38992610573768616
ACH-000818,6505803,0,0.35822728276252747
ACH-000818,65110,0,0.39967837929725647
ACH-000818,66577038,0,0.10839290916919708
ACH-000818,68234129,0,0.32885515689849854
ACH-000818,68289010,0,0.11293118447065353
ACH-000818,6852167,0,0.4991579055786133
ACH-000818,6914657,0,0.36728399991989136
ACH-000818,6918289,1,0.33117690682411194
ACH-000818,6918454,0,0.3744559586048126
ACH-000818,6918638,0,0.47880685329437256
ACH-000818,6918837,1,0.5750628113746643
ACH-000818,6918848,0,0.6818298697471619
ACH-000818,69923936,1,0.44584065675735474
ACH-000818,704473,0,0.16344669461250305
ACH-000818,71271629,0,0.3934924006462097
ACH-000818,71299339,0,0.11562402546405792
ACH-000818,71729975,0,0.5415319204330444
ACH-000818,73265211,0,0.07687480747699738
ACH-000818,73265214,0,0.19987985491752625
ACH-000818,73707530,1,0.695864200592041
ACH-000818,73755109,0,0.18572106957435608
ACH-000818,76685059,0,0.3772442936897278
ACH-000818,77232197,1,0.6407309174537659
ACH-000818,78243717,0,0.07787273079156876
ACH-000818,82146,0,0.5610405802726746
ACH-000818,8249,0,0.7063459753990173
ACH-000818,90488984,0,0.07057260721921921
ACH-000818,92577,0,0.1165810376405716
ACH-000818,9549289,1,0.4804368019104004
ACH-000818,9549297,0,0.13187569379806519
ACH-000818,97489,1,0.12222547084093094
ACH-000818,9826528,0,0.5965678691864014
ACH-000818,9829523,0,0.3634401857852936
ACH-000818,984170,0,0.16020354628562927
ACH-000818,9858940,1,0.5035046339035034
ACH-000818,9863776,1,0.6815330386161804
ACH-000818,9868037,0,0.3052263855934143
ACH-000818,9874913,0,0.1914842575788498
ACH-000818,9884685,1,0.23411525785923004
ACH-000818,9903786,0,0.5121718645095825
ACH-000818,9908783,0,0.1090218648314476
ACH-000818,9910224,0,0.08218874782323837
ACH-000818,9911830,0,0.07527239620685577
ACH-000818,9914412,0,0.42454394698143005
ACH-000818,9926054,0,0.3718738257884979
ACH-000818,9931954,0,0.1151273250579834
ACH-000818,9938202,0,0.19231760501861572
ACH-000818,9952773,0,0.2962159812450409
ACH-000818,9956119,0,0.11982204020023346
ACH-000818,9956222,0,0.2342446893453598
ACH-000823,10027278,1,0.41599947214126587
ACH-000823,10074640,0,0.25150030851364136
ACH-000823,10077147,1,0.4046477675437927
ACH-000823,10109823,1,0.3309447765350342
ACH-000823,10113978,0,0.1880001276731491
ACH-000823,10127622,0,0.3543536067008972
ACH-000823,10184653,1,0.17088639736175537
ACH-000823,10341154,0,0.07931216061115265
ACH-000823,10368812,1,0.6702078580856323
ACH-000823,10377751,0,0.6299108862876892
ACH-000823,10384072,0,0.10811559110879898
ACH-000823,10459196,0,0.07270949333906174
ACH-000823,104741,0,0.25197261571884155
ACH-000823,104842,1,0.6241127252578735
ACH-000823,107969,1,0.5632109045982361
ACH-000823,11152667,1,0.507897138595581
ACH-000823,11175137,1,0.40660595893859863
ACH-000823,11178236,0,0.46562546491622925
ACH-000823,11282283,0,0.16606898605823517
ACH-000823,11327430,0,0.1176351010799408
ACH-000823,11338033,1,0.5083643794059753
ACH-000823,11373846,0,0.17551977932453156
ACH-000823,11455910,1,0.7422038912773132
ACH-000823,11485656,0,0.1457122564315796
ACH-000823,11488320,1,0.38771966099739075
ACH-000823,11493598,0,0.13634200394153595
ACH-000823,11507964,0,0.19087830185890198
ACH-000823,11511120,1,0.4930901825428009
ACH-000823,11609586,1,0.6463974714279175
ACH-000823,11617559,0,0.09580119699239731
ACH-000823,11624601,0,0.08028323203325272
ACH-000823,11625818,0,0.1573997437953949
ACH-000823,11634725,0,0.32670652866363525
ACH-000823,11640390,0,0.23994582891464233
ACH-000823,11647372,1,0.36158329248428345
ACH-000823,11667893,0,0.10271166265010834
ACH-000823,11713159,0,0.27560868859291077
ACH-000823,11754511,0,0.5630806684494019
ACH-000823,11784504,1,0.25881409645080566
ACH-000823,117918970,0,0.32970407605171204
ACH-000823,117996541,1,0.7463303804397583
ACH-000823,11960529,0,0.10015932470560074
ACH-000823,11977753,1,0.4900803864002228
ACH-000823,121596701,1,0.3616073727607727
ACH-000823,123631,1,0.09834889322519302
ACH-000823,126565,1,0.5362409353256226
ACH-000823,126941,0,0.2541923522949219
ACH-000823,13342,1,0.4764326214790344
ACH-000823,135398501,0,0.319881796836853
ACH-000823,135398516,1,0.42283087968826294
ACH-000823,135410875,1,0.2037501335144043
ACH-000823,135421197,1,0.32172155380249023
ACH-000823,135423438,1,0.4567636549472809
ACH-000823,135499520,0,0.15378068387508392
ACH-000823,135539077,1,0.4217155873775482
ACH-000823,135564599,0,0.08471781760454178
ACH-000823,135659062,0,0.2458629012107849
ACH-000823,135691163,1,0.4849592447280884
ACH-000823,136240579,0,0.13097873330116272
ACH-000823,1401,0,0.18741589784622192
ACH-000823,148124,1,0.5844453573226929
ACH-000823,156414,1,0.3813852071762085
ACH-000823,156422,0,0.12515980005264282
ACH-000823,159324,1,0.7939953207969666
ACH-000823,15953870,1,0.15363876521587372
ACH-000823,16095342,0,0.20961646735668182
ACH-000823,16123056,0,0.14033934473991394
ACH-000823,16218924,0,0.165150448679924
ACH-000823,16659841,0,0.1710924655199051
ACH-000823,16681698,1,0.45284560322761536
ACH-000823,16722836,1,0.5624842643737793
ACH-000823,16725726,1,0.19257746636867523
ACH-000823,16732433,0,0.13145814836025238
ACH-000823,16747388,1,0.38711240887641907
ACH-000823,16747683,1,0.5792587995529175
ACH-000823,176158,0,0.08735198527574539
ACH-000823,176167,1,0.34490135312080383
ACH-000823,17755052,0,0.4869052469730377
ACH-000823,216326,0,0.06201968714594841
ACH-000823,2314623,0,0.09318184852600098
ACH-000823,23582824,1,0.767345666885376
ACH-000823,23725625,0,0.10219372808933258
ACH-000823,2375,0,0.09188670665025711
ACH-000823,24180719,0,0.1946016401052475
ACH-000823,24737642,0,0.334188848733902
ACH-000823,24739943,1,0.6195859909057617
ACH-000823,24756910,0,0.39044877886772156
ACH-000823,24770514,1,0.39241844415664673
ACH-000823,24771867,0,0.23741894960403442
ACH-000823,24772043,1,0.5319364070892334
ACH-000823,24772860,1,0.5678050518035889
ACH-000823,24776445,0,0.09408655762672424
ACH-000823,24785538,0,0.43916255235671997
ACH-000823,24826799,0,0.24784882366657257
ACH-000823,24889392,0,0.07993584871292114
ACH-000823,24894414,0,0.1487475335597992
ACH-000823,24951314,0,0.6697295904159546
ACH-000823,24964624,0,0.29048946499824524
ACH-000823,24978538,0,0.3838139474391937
ACH-000823,25022668,1,0.4531227946281433
ACH-000823,25102847,0,0.277753621339798
ACH-000823,25124816,0,0.0980437621474266
ACH-000823,25126798,0,0.09627794474363327
ACH-000823,25167777,1,0.5001499652862549
ACH-000823,25195294,1,0.7146424651145935
ACH-000823,25226117,0,0.16855740547180176
ACH-000823,25226483,1,0.7272098064422607
ACH-000823,25227436,1,0.5481898188591003
ACH-000823,25254071,1,0.49040865898132324
ACH-000823,25257557,0,0.2780149281024933
ACH-000823,25260757,1,0.3775303363800049
ACH-000823,25262792,1,0.4237263798713684
ACH-000823,25262965,1,0.42229610681533813
ACH-000823,300471,1,0.7875069975852966
ACH-000823,3005532,0,0.12185072898864746
ACH-000823,3101542,1,0.10932977497577667
ACH-000823,31703,1,0.6515906453132629
ACH-000823,3218,1,0.5769156217575073
ACH-000823,3372016,0,0.14554432034492493
ACH-000823,3385,0,0.7425007224082947
ACH-000823,3463933,1,0.6216512322425842
ACH-000823,36462,1,0.721488893032074
ACH-000823,3796,1,0.13716597855091095
ACH-000823,3827738,1,0.1461290568113327
ACH-000823,4248455,0,0.28748562932014465
ACH-000823,42623900,1,0.2973923981189728
ACH-000823,42628507,1,0.5235033631324768
ACH-000823,42628535,0,0.35202980041503906
ACH-000823,42640,0,0.4186994731426239
ACH-000823,42642645,1,0.4597918391227722
ACH-000823,44137675,0,0.2908506691455841
ACH-000823,44143370,1,0.2632855772972107
ACH-000823,44182295,1,0.4067065715789795
ACH-000823,44224257,1,0.43356701731681824
ACH-000823,444732,0,0.5295652151107788
ACH-000823,444795,0,0.23176664113998413
ACH-000823,44551660,1,0.5948213934898376
ACH-000823,446378,1,0.6326649188995361
ACH-000823,447912,0,0.2970944046974182
ACH-000823,448013,1,0.6422023773193359
ACH-000823,45258277,1,0.3666059374809265
ACH-000823,46006640,0,0.15057794749736786
ACH-000823,46191454,1,0.5577305555343628
ACH-000823,46192505,0,0.18195520341396332
ACH-000823,46224516,1,0.568854570388794
ACH-000823,46244454,1,0.5941441655158997
ACH-000823,46843648,0,0.4693213701248169
ACH-000823,46843772,0,0.2711968421936035
ACH-000823,46883536,0,0.08019400388002396
ACH-000823,46885626,1,0.4265546202659607
ACH-000823,46893585,0,0.23868796229362488
ACH-000823,46907787,1,0.31991395354270935
ACH-000823,46926973,0,0.20642490684986115
ACH-000823,46937430,0,0.09975863993167877
ACH-000823,46943432,0,0.2588028311729431
ACH-000823,479503,1,0.6620946526527405
ACH-000823,49806720,0,0.07823523879051208
ACH-000823,49831044,0,0.6413976550102234
ACH-000823,49847690,1,0.3526751399040222
ACH-000823,49850262,0,0.1363474577665329
ACH-000823,5081913,1,0.5247517228126526
ACH-000823,51039095,0,0.3023911118507385
ACH-000823,5113032,0,0.08596275746822357
ACH-000823,51358113,1,0.6048128008842468
ACH-000823,51371303,0,0.20156802237033844
ACH-000823,521106,1,0.47541773319244385
ACH-000823,5278396,0,0.10963468253612518
ACH-000823,5280757,0,0.1320619136095047
ACH-000823,5287969,1,0.41690027713775635
ACH-000823,52913813,0,0.18107013404369354
ACH-000823,5311,1,0.5884523391723633
ACH-000823,5311497,1,0.37787744402885437
ACH-000823,5328940,1,0.1255134642124176
ACH-000823,53302361,1,0.37504053115844727
ACH-000823,5330286,0,0.4267677366733551
ACH-000823,53340664,1,0.32994869351387024
ACH-000823,53340666,1,0.5626388788223267
ACH-000823,5351307,1,0.6475228667259216
ACH-000823,5360373,1,0.41792982816696167
ACH-000823,5460033,1,0.6284976005554199
ACH-000823,54676905,0,0.05786563456058502
ACH-000823,54685215,0,0.06188137084245682
ACH-000823,560326,1,0.779546856880188
ACH-000823,56599306,1,0.30493390560150146
ACH-000823,56965967,1,0.583737313747406
ACH-000823,57340680,1,0.3692075312137604
ACH-000823,5746,1,0.7452688813209534
ACH-000823,57519544,0,0.25544536113739014
ACH-000823,58423153,0,0.1587095856666565
ACH-000823,60750,1,0.7498016953468323
ACH-000823,6253,1,0.5685134530067444
ACH-000823,644241,0,0.14781951904296875
ACH-000823,6445533,1,0.550413966178894
ACH-000823,6445562,1,0.23673979938030243
ACH-000823,6450551,0,0.19899345934391022
ACH-000823,6450816,1,0.39833706617355347
ACH-000823,6505803,0,0.37249892950057983
ACH-000823,65110,1,0.37818676233291626
ACH-000823,66577038,0,0.11255353689193726
ACH-000823,68234129,0,0.34469643235206604
ACH-000823,68289010,0,0.11185281723737717
ACH-000823,6852167,1,0.4731505811214447
ACH-000823,6918289,1,0.3508853018283844
ACH-000823,6918454,0,0.3601152002811432
ACH-000823,6918638,0,0.4909341633319855
ACH-000823,6918837,1,0.5874550342559814
ACH-000823,6918848,0,0.684553861618042
ACH-000823,69923936,1,0.42989683151245117
ACH-000823,704473,0,0.17517589032649994
ACH-000823,71271629,0,0.35703009366989136
ACH-000823,71299339,0,0.1188158243894577
ACH-000823,73265211,0,0.07422666996717453
ACH-000823,73265214,1,0.18727676570415497
ACH-000823,73707530,1,0.6738129258155823
ACH-000823,73755109,0,0.1698814332485199
ACH-000823,76685059,0,0.34586548805236816
ACH-000823,77232197,1,0.6377097964286804
ACH-000823,82146,0,0.5166348814964294
ACH-000823,8249,0,0.6577320694923401
ACH-000823,92577,0,0.10162235051393509
ACH-000823,9549289,1,0.5352569818496704
ACH-000823,9549297,0,0.1188315600156784
ACH-000823,97489,0,0.12535342574119568
ACH-000823,9826528,1,0.580416738986969
ACH-000823,9829523,0,0.3536088764667511
ACH-000823,984170,0,0.15073786675930023
ACH-000823,9858940,0,0.48713165521621704
ACH-000823,9868037,0,0.3244291841983795
ACH-000823,9874913,0,0.20564362406730652
ACH-000823,9884685,1,0.21845297515392303
ACH-000823,9903786,1,0.46894571185112
ACH-000823,9908783,0,0.09624780714511871
ACH-000823,9910224,0,0.07855870574712753
ACH-000823,9911830,0,0.07987629622220993
ACH-000823,9914412,0,0.40451526641845703
ACH-000823,9926054,1,0.34535104036331177
ACH-000823,9931954,0,0.11425906419754028
ACH-000823,9938202,0,0.17855480313301086
ACH-000823,9952773,1,0.2981778681278229
ACH-000823,9956119,0,0.13087312877178192
ACH-000823,9956222,0,0.21790935099124908
ACH-000843,10027278,1,0.36206352710723877
ACH-000843,10074640,0,0.24785521626472473
ACH-000843,10077147,1,0.4366864264011383
ACH-000843,10109823,0,0.3248128592967987
ACH-000843,10113978,0,0.19727084040641785
ACH-000843,10127622,0,0.32796016335487366
ACH-000843,10184653,1,0.1749120056629181
ACH-000843,10341154,0,0.0904739573597908
ACH-000843,10368812,1,0.5762832760810852
ACH-000843,10377751,1,0.581821084022522
ACH-000843,10459196,0,0.08425147831439972
ACH-000843,104741,0,0.2600688636302948
ACH-000843,104842,1,0.5772883892059326
ACH-000843,107969,1,0.5430221557617188
ACH-000843,11152667,1,0.4831297993659973
ACH-000843,11175137,1,0.37735575437545776
ACH-000843,11178236,1,0.44862738251686096
ACH-000843,11282283,0,0.19727961719036102
ACH-000843,11327430,0,0.1361226737499237
ACH-000843,11338033,1,0.45554637908935547
ACH-000843,11373846,0,0.17183902859687805
ACH-000843,11455910,1,0.6997595429420471
ACH-000843,11485656,0,0.15935018658638
ACH-000843,11488320,1,0.34618791937828064
ACH-000843,11493598,0,0.13017743825912476
ACH-000843,11507964,0,0.2027609646320343
ACH-000843,11511120,1,0.4554881155490875
ACH-000843,11609586,1,0.6489956974983215
ACH-000843,11617559,0,0.11239184439182281
ACH-000843,11624601,0,0.09257197380065918
ACH-000843,11625818,0,0.1604425460100174
ACH-000843,11634725,0,0.29279226064682007
ACH-000843,11640390,0,0.2192273885011673
ACH-000843,11647372,1,0.3258170783519745
ACH-000843,11667893,0,0.1151571273803711
ACH-000843,11707110,1,0.27109473943710327
ACH-000843,11713159,0,0.2652692496776581
ACH-000843,11754511,1,0.5870417952537537
ACH-000843,11784504,0,0.26499417424201965
ACH-000843,117918970,0,0.33425408601760864
ACH-000843,117996541,1,0.7195438146591187
ACH-000843,11960529,0,0.11886139959096909
ACH-000843,11977753,1,0.4489939212799072
ACH-000843,1206243,0,0.36926546692848206
ACH-000843,121596701,1,0.3278891444206238
ACH-000843,123631,1,0.11508305370807648
ACH-000843,126565,1,0.49285587668418884
ACH-000843,126941,1,0.2689010500907898
ACH-000843,13342,1,0.4501347243785858
ACH-000843,135398501,1,0.27984127402305603
ACH-000843,135398516,1,0.3506346344947815
ACH-000843,135410875,1,0.21080535650253296
ACH-000843,135418940,0,0.28210681676864624
ACH-000843,135421197,0,0.3228539228439331
ACH-000843,135423438,0,0.3924993574619293
ACH-000843,135440466,0,0.23236559331417084
ACH-000843,135499520,0,0.16110973060131073
ACH-000843,135539077,1,0.36832016706466675
ACH-000843,135564599,0,0.09193966537714005
ACH-000843,135565082,1,0.4160915017127991
ACH-000843,135659062,0,0.2345420867204666
ACH-000843,135691163,0,0.4748966097831726
ACH-000843,136240579,0,0.1381361484527588
ACH-000843,1401,0,0.18765714764595032
ACH-000843,148124,1,0.5702313780784607
ACH-000843,156414,0,0.3330349028110504
ACH-000843,156422,0,0.13642902672290802
ACH-000843,159324,1,0.7321498394012451
ACH-000843,15953870,0,0.17078974843025208
ACH-000843,16095342,1,0.20608776807785034
ACH-000843,16123056,0,0.1579124629497528
ACH-000843,16218924,0,0.16107697784900665
ACH-000843,16659841,0,0.1700468510389328
ACH-000843,16681698,1,0.40491414070129395
ACH-000843,16720766,1,0.27482831478118896
ACH-000843,16722836,1,0.5267176628112793
ACH-000843,16725726,1,0.19844333827495575
ACH-000843,16732433,0,0.1517850160598755
ACH-000843,16747388,0,0.3506438732147217
ACH-000843,16747683,1,0.49347981810569763
ACH-000843,176167,1,0.32630833983421326
ACH-000843,17755052,1,0.4983287453651428
ACH-000843,216326,0,0.069010429084301
ACH-000843,2314623,0,0.10532289743423462
ACH-000843,23582824,1,0.6889567375183105
ACH-000843,23725625,0,0.11849521100521088
ACH-000843,2375,0,0.10062000155448914
ACH-000843,24180719,0,0.19488586485385895
ACH-000843,24737642,0,0.31720981001853943
ACH-000843,24739943,1,0.5263341069221497
ACH-000843,24756910,1,0.3812057673931122
ACH-000843,24770514,0,0.38753145933151245
ACH-000843,24771867,0,0.22754305601119995
ACH-000843,24772043,1,0.5066304206848145
ACH-000843,24772860,1,0.5265346169471741
ACH-000843,24776445,0,0.1060156300663948
ACH-000843,24785538,0,0.36512291431427
ACH-000843,24826799,0,0.2365189492702484
ACH-000843,24889392,0,0.09473295509815216
ACH-000843,24894414,0,0.15953105688095093
ACH-000843,24951314,1,0.6569600701332092
ACH-000843,24964624,1,0.24907225370407104
ACH-000843,24978538,0,0.37654152512550354
ACH-000843,25022668,1,0.4344837963581085
ACH-000843,25102847,0,0.30778756737709045
ACH-000843,25124816,0,0.11180531978607178
ACH-000843,25126798,0,0.10295615345239639
ACH-000843,25167777,1,0.46144720911979675
ACH-000843,25195294,1,0.6794528365135193
ACH-000843,25226117,0,0.16049069166183472
ACH-000843,25226483,1,0.6472441554069519
ACH-000843,25227436,1,0.493124395608902
ACH-000843,25254071,1,0.45642024278640747
ACH-000843,25257557,1,0.26104557514190674
ACH-000843,25260757,1,0.3093617856502533
ACH-000843,25262792,1,0.3278229236602783
ACH-000843,25262965,1,0.35188961029052734
ACH-000843,2733526,0,0.1524839997291565
ACH-000843,300471,1,0.7402991652488708
ACH-000843,3005532,0,0.12679292261600494
ACH-000843,3101542,0,0.11876500397920609
ACH-000843,31703,1,0.6095477938652039
ACH-000843,3218,1,0.5661593675613403
ACH-000843,3372016,0,0.14673076570034027
ACH-000843,3385,1,0.7449207305908203
ACH-000843,3463933,1,0.5954576730728149
ACH-000843,36462,1,0.7412223815917969
ACH-000843,3796,0,0.14311246573925018
ACH-000843,3827738,0,0.154089093208313
ACH-000843,4248455,0,0.3135932981967926
ACH-000843,42623900,0,0.2700860798358917
ACH-000843,42628507,1,0.42261219024658203
ACH-000843,42628535,0,0.30696970224380493
ACH-000843,42640,0,0.44059720635414124
ACH-000843,42642645,1,0.43785810470581055
ACH-000843,44137675,0,0.2900237739086151
ACH-000843,44143370,0,0.25558507442474365
ACH-000843,44182295,1,0.38055914640426636
ACH-000843,44224257,1,0.3789191246032715
ACH-000843,44462760,0,0.21561099588871002
ACH-000843,444732,1,0.4877340495586395
ACH-000843,444795,0,0.24141943454742432
ACH-000843,44551660,1,0.5706888437271118
ACH-000843,44632017,1,0.36511892080307007
ACH-000843,446378,1,0.61961829662323
ACH-000843,447912,0,0.31069308519363403
ACH-000843,448013,1,0.6292209625244141
ACH-000843,45258277,1,0.3522416651248932
ACH-000843,46006640,0,0.15588636696338654
ACH-000843,46191454,1,0.5047641396522522
ACH-000843,46192505,0,0.18647460639476776
ACH-000843,46224516,1,0.5122581720352173
ACH-000843,46244454,1,0.5688324570655823
ACH-000843,46843648,0,0.4484129548072815
ACH-000843,46843772,0,0.2446398288011551
ACH-000843,46883536,0,0.08763247728347778
ACH-000843,46885626,1,0.38043031096458435
ACH-000843,46893585,0,0.22958695888519287
ACH-000843,46907787,1,0.29620036482810974
ACH-000843,46926973,0,0.2215203046798706
ACH-000843,46937430,0,0.11477475613355637
ACH-000843,46943432,0,0.24048322439193726
ACH-000843,479503,1,0.5903639197349548
ACH-000843,49806720,0,0.09125402569770813
ACH-000843,49831044,1,0.5464495420455933
ACH-000843,49847690,0,0.33333152532577515
ACH-000843,49850262,0,0.14120982587337494
ACH-000843,5081913,1,0.4695241153240204
ACH-000843,51039095,1,0.2737497389316559
ACH-000843,5113032,0,0.09922461211681366
ACH-000843,51358113,1,0.5448967218399048
ACH-000843,51371303,0,0.21287208795547485
ACH-000843,521106,0,0.39194539189338684
ACH-000843,5278396,0,0.12705382704734802
ACH-000843,5280757,0,0.13262072205543518
ACH-000843,5287969,1,0.3926275968551636
ACH-000843,52912189,1,0.35490402579307556
ACH-000843,52913813,0,0.20745763182640076
ACH-000843,5311,1,0.5767496824264526
ACH-000843,5311497,1,0.3740692436695099
ACH-000843,5328940,1,0.1350843906402588
ACH-000843,53302361,1,0.3374783396720886
ACH-000843,5330286,1,0.39479437470436096
ACH-000843,53315878,0,0.09975660592317581
ACH-000843,53340664,0,0.30644989013671875
ACH-000843,53340666,0,0.544586718082428
ACH-000843,5351307,1,0.5753064751625061
ACH-000843,5360373,1,0.38846248388290405
ACH-000843,5394,0,0.09332230687141418
ACH-000843,5460033,0,0.5981988310813904
ACH-000843,54676905,0,0.06609845161437988
ACH-000843,54685215,0,0.06760925054550171
ACH-000843,560326,1,0.7773370146751404
ACH-000843,56599306,1,0.2628231644630432
ACH-000843,56962337,0,0.14232613146305084
ACH-000843,56965967,0,0.533474862575531
ACH-000843,57339144,0,0.08812913298606873
ACH-000843,57340680,1,0.3180291950702667
ACH-000843,5746,1,0.7102013230323792
ACH-000843,57519544,0,0.26971644163131714
ACH-000843,58423153,0,0.15575861930847168
ACH-000843,60750,1,0.7310799360275269
ACH-000843,6253,1,0.5745905041694641
ACH-000843,637858,0,0.6291303038597107
ACH-000843,644241,0,0.1497136652469635
ACH-000843,644243,0,0.09825577586889267
ACH-000843,6445533,1,0.5045804381370544
ACH-000843,6445562,1,0.2190113067626953
ACH-000843,6450551,0,0.19018419086933136
ACH-000843,6450816,1,0.32850006222724915
ACH-000843,6505803,1,0.3342585861682892
ACH-000843,65110,1,0.38070666790008545
ACH-000843,66577038,0,0.12590442597866058
ACH-000843,68234129,0,0.3315049111843109
ACH-000843,68289010,0,0.11633838713169098
ACH-000843,6852167,1,0.4449003338813782
ACH-000843,6914657,1,0.3727657198905945
ACH-000843,6918289,1,0.3127155303955078
ACH-000843,6918454,1,0.3236888647079468
ACH-000843,6918638,1,0.48592597246170044
ACH-000843,6918837,1,0.5473848581314087
ACH-000843,6918848,1,0.614801824092865
ACH-000843,69923936,1,0.38793718814849854
ACH-000843,704473,0,0.181257426738739
ACH-000843,71271629,1,0.35863035917282104
ACH-000843,71299339,0,0.1361244171857834
ACH-000843,71729975,1,0.48316141963005066
ACH-000843,73265211,0,0.08017278462648392
ACH-000843,73265214,0,0.18216747045516968
ACH-000843,73707530,1,0.6030099987983704
ACH-000843,73755109,0,0.1921241581439972
ACH-000843,76685059,0,0.34043383598327637
ACH-000843,77232197,1,0.5919326543807983
ACH-000843,78243717,0,0.10261556506156921
ACH-000843,82146,0,0.54356449842453
ACH-000843,8249,1,0.6332734227180481
ACH-000843,90488984,0,0.07850383967161179
ACH-000843,92577,0,0.11365412175655365
ACH-000843,9549289,1,0.45534732937812805
ACH-000843,9549297,0,0.1270977258682251
ACH-000843,97489,0,0.12153609842061996
ACH-000843,9826528,1,0.5195174217224121
ACH-000843,9829523,0,0.3089789152145386
ACH-000843,984170,0,0.16177894175052643
ACH-000843,9858940,0,0.450016587972641
ACH-000843,9863776,1,0.6241631507873535
ACH-000843,9868037,0,0.3358718752861023
ACH-000843,9874913,0,0.20680928230285645
ACH-000843,9884685,1,0.20432618260383606
ACH-000843,9903786,1,0.4856642186641693
ACH-000843,9908783,0,0.10307449102401733
ACH-000843,9910224,0,0.09322962909936905
ACH-000843,9911830,0,0.09566900879144669
ACH-000843,9914412,0,0.4022122621536255
ACH-000843,9926054,1,0.3428446054458618
ACH-000843,9931954,0,0.12224938720464706
ACH-000843,9938202,0,0.18619444966316223
ACH-000843,9952773,1,0.27352240681648254
ACH-000843,9956119,0,0.13831590116024017
ACH-000843,9956222,0,0.23033997416496277
ACH-000853,10027278,1,0.3609152138233185
ACH-000853,10074640,0,0.23522676527500153
ACH-000853,10077147,0,0.38429367542266846
ACH-000853,10109823,0,0.32805773615837097
ACH-000853,10113978,0,0.18429329991340637
ACH-000853,10127622,0,0.32775741815567017
ACH-000853,10184653,0,0.18368543684482574
ACH-000853,10341154,0,0.07967901229858398
ACH-000853,10368812,1,0.5918474793434143
ACH-000853,10377751,0,0.6055672764778137
ACH-000853,10384072,0,0.11152612417936325
ACH-000853,10459196,0,0.07806572318077087
ACH-000853,104741,0,0.2398381531238556
ACH-000853,104842,1,0.5511577129364014
ACH-000853,107969,1,0.4895341396331787
ACH-000853,11152667,1,0.42926695942878723
ACH-000853,11175137,1,0.3812822103500366
ACH-000853,11178236,1,0.4118391275405884
ACH-000853,11282283,1,0.17698174715042114
ACH-000853,11327430,0,0.12460505962371826
ACH-000853,11338033,1,0.4782696068286896
ACH-000853,11373846,0,0.16827218234539032
ACH-000853,11455910,1,0.690660297870636
ACH-000853,11485656,0,0.14962534606456757
ACH-000853,11488320,1,0.35042911767959595
ACH-000853,11493598,0,0.1303473860025406
ACH-000853,11507964,0,0.18289369344711304
ACH-000853,11511120,1,0.410510778427124
ACH-000853,11609586,1,0.6810762882232666
ACH-000853,11617559,0,0.09456736594438553
ACH-000853,11624601,0,0.09089857339859009
ACH-000853,11625818,0,0.16789884865283966
ACH-000853,11634725,0,0.34408795833587646
ACH-000853,11640390,0,0.23860545456409454
ACH-000853,11647372,1,0.3145208954811096
ACH-000853,11667893,0,0.10910844057798386
ACH-000853,11707110,1,0.2660347819328308
ACH-000853,11713159,0,0.251430869102478
ACH-000853,11754511,0,0.5376442074775696
ACH-000853,11784504,0,0.2396119385957718
ACH-000853,117918970,0,0.3336308002471924
ACH-000853,117996541,1,0.7349721789360046
ACH-000853,11960529,0,0.1082342341542244
ACH-000853,11977753,1,0.4159265458583832
ACH-000853,1206243,1,0.3924896717071533
ACH-000853,121596701,1,0.3308752477169037
ACH-000853,123631,0,0.11195886135101318
ACH-000853,126565,0,0.48111116886138916
ACH-000853,126941,0,0.2296573519706726
ACH-000853,13342,1,0.3849527835845947
ACH-000853,135398501,0,0.28808528184890747
ACH-000853,135398516,1,0.3565275967121124
ACH-000853,135410875,0,0.19598646461963654
ACH-000853,135418940,0,0.28876709938049316
ACH-000853,135421197,0,0.32576510310173035
ACH-000853,135423438,0,0.42436739802360535
ACH-000853,135440466,1,0.23846083879470825
ACH-000853,135499520,0,0.1620548963546753
ACH-000853,135539077,1,0.3746161162853241
ACH-000853,135564599,0,0.09689231216907501
ACH-000853,135565082,0,0.44425055384635925
ACH-000853,135659062,0,0.25573834776878357
ACH-000853,135691163,1,0.43025511503219604
ACH-000853,136240579,0,0.1263323575258255
ACH-000853,1401,0,0.18802154064178467
ACH-000853,148124,1,0.5210368037223816
ACH-000853,156414,1,0.344527006149292
ACH-000853,156422,0,0.12790840864181519
ACH-000853,159324,1,0.7431785464286804
ACH-000853,15953870,0,0.1639891117811203
ACH-000853,16095342,1,0.19899405539035797
ACH-000853,16123056,0,0.15574318170547485
ACH-000853,16218924,0,0.1607402116060257
ACH-000853,16659841,0,0.18378345668315887
ACH-000853,16681698,1,0.41137275099754333
ACH-000853,16720766,0,0.24955739080905914
ACH-000853,16722836,0,0.47800058126449585
ACH-000853,16725726,0,0.19267362356185913
ACH-000853,16732433,0,0.14015264809131622
ACH-000853,16747388,0,0.34682512283325195
ACH-000853,16747683,1,0.49957895278930664
ACH-000853,176158,0,0.08854315429925919
ACH-000853,176167,0,0.31064149737358093
ACH-000853,17755052,1,0.45279520750045776
ACH-000853,216326,0,0.06612417101860046
ACH-000853,2314623,0,0.09659968316555023
ACH-000853,23582824,1,0.7164016962051392
ACH-000853,23725625,0,0.10473548620939255
ACH-000853,2375,0,0.09313110262155533
ACH-000853,24180719,0,0.19660747051239014
ACH-000853,24737642,1,0.304142564535141
ACH-000853,24739943,1,0.5586413741111755
ACH-000853,24756910,1,0.3141660988330841
ACH-000853,24770514,1,0.3221881687641144
ACH-000853,24771867,0,0.22820371389389038
ACH-000853,24772043,1,0.4575556814670563
ACH-000853,24772860,1,0.49527671933174133
ACH-000853,24776445,0,0.09774009883403778
ACH-000853,24785538,0,0.40035173296928406
ACH-000853,24826799,0,0.21897666156291962
ACH-000853,24889392,0,0.08762376755475998
ACH-000853,24894414,0,0.14706522226333618
ACH-000853,24951314,1,0.5838894248008728
ACH-000853,24964624,1,0.26559799909591675
ACH-000853,24978538,0,0.3318312168121338
ACH-000853,25022668,0,0.3951088786125183
ACH-000853,25102847,0,0.2860742211341858
ACH-000853,25124816,0,0.10363078862428665
ACH-000853,25126798,0,0.10275968164205551
ACH-000853,25167777,1,0.4256277084350586
ACH-000853,25195294,1,0.6866739392280579
ACH-000853,25227436,1,0.5499482154846191
ACH-000853,25254071,1,0.4324756860733032
ACH-000853,25257557,0,0.2557961642742157
ACH-000853,25260757,1,0.3126358091831207
ACH-000853,25262792,1,0.39042916893959045
ACH-000853,25262965,1,0.383132666349411
ACH-000853,2733526,0,0.16041536629199982
ACH-000853,300471,1,0.7445513010025024
ACH-000853,3005532,0,0.135369211435318
ACH-000853,3101542,0,0.11325123906135559
ACH-000853,31703,1,0.595611572265625
ACH-000853,3218,1,0.5341095328330994
ACH-000853,3372016,0,0.13908986747264862
ACH-000853,3385,0,0.7513450980186462
ACH-000853,3463933,1,0.5371978282928467
ACH-000853,36462,1,0.7029892802238464
ACH-000853,3796,0,0.14877668023109436
ACH-000853,3827738,0,0.13780465722084045
ACH-000853,4248455,0,0.2769457697868347
ACH-000853,42623900,0,0.28805434703826904
ACH-000853,42628507,1,0.45873358845710754
ACH-000853,42640,1,0.3795253038406372
ACH-000853,42642645,1,0.3822455108165741
ACH-000853,44137675,1,0.2772568166255951
ACH-000853,44143370,1,0.2608988881111145
ACH-000853,44182295,0,0.33998429775238037
ACH-000853,44224257,1,0.32941073179244995
ACH-000853,44462760,0,0.20299187302589417
ACH-000853,444732,1,0.48076218366622925
ACH-000853,444795,0,0.23274943232536316
ACH-000853,44551660,0,0.5414031147956848
ACH-000853,44632017,1,0.3448026180267334
ACH-000853,446378,1,0.5356172323226929
ACH-000853,447912,0,0.27741023898124695
ACH-000853,448013,1,0.5878013968467712
ACH-000853,45258277,1,0.3403432071208954
ACH-000853,46006640,0,0.13971461355686188
ACH-000853,46191454,1,0.5078793168067932
ACH-000853,46192505,0,0.1820077896118164
ACH-000853,46224516,1,0.4962961673736572
ACH-000853,46244454,1,0.5619099140167236
ACH-000853,46843648,1,0.4277159869670868
ACH-000853,46883536,0,0.08220168203115463
ACH-000853,46885626,0,0.39143887162208557
ACH-000853,46893585,1,0.23549465835094452
ACH-000853,46907787,0,0.28983399271965027
ACH-000853,46926973,0,0.210688054561615
ACH-000853,46937430,0,0.11851736903190613
ACH-000853,46943432,0,0.2439597249031067
ACH-000853,479503,1,0.6220529675483704
ACH-000853,49806720,0,0.08378634601831436
ACH-000853,49831044,1,0.6077792048454285
ACH-000853,49847690,1,0.314608097076416
ACH-000853,49850262,0,0.13668373227119446
ACH-000853,5081913,1,0.4851541221141815
ACH-000853,51039095,0,0.2949022054672241
ACH-000853,5113032,0,0.09137330949306488
ACH-000853,51358113,1,0.5508885979652405
ACH-000853,51371303,1,0.206674262881279
ACH-000853,521106,0,0.4360017776489258
ACH-000853,5278396,0,0.1187056303024292
ACH-000853,5280757,0,0.13433866202831268
ACH-000853,5287969,1,0.3831833302974701
ACH-000853,52912189,0,0.3385293185710907
ACH-000853,52913813,0,0.17852117121219635
ACH-000853,5311,1,0.5181117057800293
ACH-000853,5311497,1,0.30364561080932617
ACH-000853,5328940,0,0.13847798109054565
ACH-000853,53302361,1,0.3189309239387512
ACH-000853,5330286,1,0.37346014380455017
ACH-000853,53315878,0,0.0952657163143158
ACH-000853,53340664,0,0.2851099371910095
ACH-000853,53340666,1,0.479866087436676
ACH-000853,5351307,1,0.5744984745979309
ACH-000853,5360373,1,0.3479020595550537
ACH-000853,5394,0,0.08384889364242554
ACH-000853,5460033,1,0.5711264610290527
ACH-000853,54676905,0,0.06742146611213684
ACH-000853,54685215,0,0.0634443536400795
ACH-000853,560326,1,0.7358995676040649
ACH-000853,56599306,0,0.2596628963947296
ACH-000853,56962337,0,0.136038675904274
ACH-000853,56965967,0,0.5034397840499878
ACH-000853,57339144,0,0.08230464905500412
ACH-000853,5746,1,0.6940469145774841
ACH-000853,57519544,0,0.2665548026561737
ACH-000853,58423153,1,0.15181517601013184
ACH-000853,60750,1,0.7126004099845886
ACH-000853,6253,1,0.5346338152885437
ACH-000853,637858,1,0.6113412380218506
ACH-000853,644241,0,0.14393287897109985
ACH-000853,644243,0,0.096836619079113
ACH-000853,6445533,1,0.5107237100601196
ACH-000853,6445562,1,0.23211699724197388
ACH-000853,6450551,0,0.19201011955738068
ACH-000853,6450816,1,0.33141446113586426
ACH-000853,6505803,1,0.3437410295009613
ACH-000853,65110,0,0.3656544089317322
ACH-000853,66577038,0,0.12142232805490494
ACH-000853,68234129,0,0.318014919757843
ACH-000853,68289010,0,0.11449135839939117
ACH-000853,6852167,1,0.43767696619033813
ACH-000853,6914657,1,0.31944701075553894
ACH-000853,6918289,1,0.3248281180858612
ACH-000853,6918454,0,0.29380565881729126
ACH-000853,6918638,1,0.4413154125213623
ACH-000853,6918837,1,0.5391295552253723
ACH-000853,6918848,1,0.6243548393249512
ACH-000853,69923936,1,0.3870585858821869
ACH-000853,704473,0,0.18457302451133728
ACH-000853,71271629,0,0.31631627678871155
ACH-000853,71299339,0,0.11428135633468628
ACH-000853,71729975,1,0.44744673371315
ACH-000853,73265211,0,0.08336036652326584
ACH-000853,73265214,0,0.16864192485809326
ACH-000853,73707530,1,0.6509126424789429
ACH-000853,73755109,0,0.17105141282081604
ACH-000853,76685059,1,0.31315115094184875
ACH-000853,77232197,1,0.5530688166618347
ACH-000853,78243717,0,0.10198560357093811
ACH-000853,82146,0,0.487077921628952
ACH-000853,8249,1,0.5950097441673279
ACH-000853,90488984,0,0.07734730839729309
ACH-000853,92577,0,0.11045655608177185
ACH-000853,9549289,1,0.49593690037727356
ACH-000853,9549297,0,0.11252418905496597
ACH-000853,97489,0,0.12070473283529282
ACH-000853,9826528,1,0.5421434044837952
ACH-000853,9829523,0,0.3182750642299652
ACH-000853,984170,0,0.15975648164749146
ACH-000853,9858940,1,0.4687478244304657
ACH-000853,9863776,1,0.600657045841217
ACH-000853,9868037,0,0.33011022210121155
ACH-000853,9874913,0,0.22084571421146393
ACH-000853,9884685,1,0.19344231486320496
ACH-000853,9903786,0,0.4066065847873688
ACH-000853,9908783,0,0.09711050242185593
ACH-000853,9910224,0,0.08222772926092148
ACH-000853,9911830,0,0.08575893193483353
ACH-000853,9914412,0,0.39749863743782043
ACH-000853,9926054,1,0.30439960956573486
ACH-000853,9931954,0,0.12637381255626678
ACH-000853,9938202,1,0.1626543402671814
ACH-000853,9952773,0,0.27731451392173767
ACH-000853,9956119,0,0.13373638689517975
ACH-000853,9956222,0,0.23436641693115234
ACH-000913,10027278,1,0.38917845487594604
ACH-000913,10074640,1,0.2776731550693512
ACH-000913,10077147,0,0.4361729323863983
ACH-000913,10109823,1,0.3344949781894684
ACH-000913,10113978,1,0.22256682813167572
ACH-000913,10127622,0,0.3527374863624573
ACH-000913,10184653,0,0.18433824181556702
ACH-000913,10341154,0,0.09124276041984558
ACH-000913,10368812,1,0.6715091466903687
ACH-000913,10377751,0,0.6049943566322327
ACH-000913,10384072,0,0.11973404139280319
ACH-000913,10459196,0,0.0869678184390068
ACH-000913,104741,0,0.2726288139820099
ACH-000913,104842,1,0.6233536005020142
ACH-000913,107969,1,0.5731350779533386
ACH-000913,11152667,1,0.5366359353065491
ACH-000913,11175137,1,0.44603997468948364
ACH-000913,11178236,1,0.4272851049900055
ACH-000913,11282283,0,0.21349401772022247
ACH-000913,11327430,0,0.1328740119934082
ACH-000913,11338033,1,0.5121288299560547
ACH-000913,11373846,0,0.1771300733089447
ACH-000913,11455910,1,0.7576732635498047
ACH-000913,11485656,0,0.17734991014003754
ACH-000913,11488320,1,0.43399304151535034
ACH-000913,11493598,0,0.14832201600074768
ACH-000913,11507964,0,0.21178826689720154
ACH-000913,11511120,1,0.5203338265419006
ACH-000913,11609586,1,0.6748872399330139
ACH-000913,11617559,0,0.10958049446344376
ACH-000913,11624601,0,0.09620855748653412
ACH-000913,11625818,0,0.17141813039779663
ACH-000913,11634725,0,0.2986815571784973
ACH-000913,11640390,0,0.2659565806388855
ACH-000913,11647372,1,0.3364817798137665
ACH-000913,11667893,0,0.10763025283813477
ACH-000913,11707110,1,0.319484680891037
ACH-000913,11713159,0,0.25395986437797546
ACH-000913,11754511,0,0.5723860859870911
ACH-000913,11784504,1,0.2853710651397705
ACH-000913,117918970,0,0.3370693624019623
ACH-000913,117996541,1,0.7504640817642212
ACH-000913,11960529,0,0.11248891800642014
ACH-000913,11977753,1,0.4621431529521942
ACH-000913,121596701,1,0.38481059670448303
ACH-000913,123631,0,0.11435029655694962
ACH-000913,126565,1,0.5410134792327881
ACH-000913,126941,0,0.27778464555740356
ACH-000913,13342,1,0.5189367532730103
ACH-000913,135398501,1,0.33876466751098633
ACH-000913,135398516,1,0.46445780992507935
ACH-000913,135410875,1,0.2228657454252243
ACH-000913,135418940,0,0.27138715982437134
ACH-000913,135421197,0,0.3699308931827545
ACH-000913,135423438,0,0.4793926477432251
ACH-000913,135440466,0,0.25813689827919006
ACH-000913,135499520,0,0.16210845112800598
ACH-000913,135539077,1,0.46264925599098206
ACH-000913,135564599,0,0.10134390741586685
ACH-000913,135565082,1,0.44175073504447937
ACH-000913,135659062,0,0.2962086498737335
ACH-000913,135691163,1,0.5373208522796631
ACH-000913,136240579,0,0.1401645690202713
ACH-000913,1401,0,0.20227527618408203
ACH-000913,148124,1,0.6032031178474426
ACH-000913,156414,1,0.4084940254688263
ACH-000913,156422,0,0.14278343319892883
ACH-000913,159324,1,0.7975097298622131
ACH-000913,15953870,0,0.17760491371154785
ACH-000913,16095342,0,0.23480598628520966
ACH-000913,16123056,0,0.1653100550174713
ACH-000913,16218924,0,0.1886477768421173
ACH-000913,16659841,1,0.17728513479232788
ACH-000913,16681698,1,0.46901723742485046
ACH-000913,16722836,1,0.5631572008132935
ACH-000913,16725726,0,0.21998295187950134
ACH-000913,16732433,0,0.13793738186359406
ACH-000913,16747388,0,0.35490289330482483
ACH-000913,16747683,1,0.5848144888877869
ACH-000913,176158,0,0.10191337019205093
ACH-000913,176167,0,0.3955194354057312
ACH-000913,17755052,1,0.5167755484580994
ACH-000913,216326,0,0.06620344519615173
ACH-000913,2314623,0,0.09531280398368835
ACH-000913,23582824,1,0.7356071472167969
ACH-000913,23725625,0,0.11696429550647736
ACH-000913,2375,0,0.10402249544858932
ACH-000913,24180719,0,0.18861661851406097
ACH-000913,24737642,1,0.3393796384334564
ACH-000913,24739943,1,0.6245694756507874
ACH-000913,24756910,1,0.4200884997844696
ACH-000913,24770514,1,0.40963175892829895
ACH-000913,24771867,0,0.24974827468395233
ACH-000913,24772043,1,0.5464727282524109
ACH-000913,24772860,0,0.5450819730758667
ACH-000913,24776445,0,0.10683613270521164
ACH-000913,24785538,1,0.3972289264202118
ACH-000913,24826799,1,0.23412492871284485
ACH-000913,24889392,0,0.09282711893320084
ACH-000913,24894414,0,0.16106384992599487
ACH-000913,24951314,1,0.6837995648384094
ACH-000913,24964624,0,0.2895640432834625
ACH-000913,24978538,1,0.3793756067752838
ACH-000913,25022668,1,0.49836990237236023
ACH-000913,25102847,0,0.3074561655521393
ACH-000913,25124816,0,0.11949136108160019
ACH-000913,25126798,0,0.10456293076276779
ACH-000913,25167777,1,0.5061336159706116
ACH-000913,25195294,1,0.7422240972518921
ACH-000913,25226117,0,0.1843668818473816
ACH-000913,25226483,1,0.7287793755531311
ACH-000913,25227436,1,0.5109075307846069
ACH-000913,25254071,1,0.5151281952857971
ACH-000913,25257557,1,0.30068132281303406
ACH-000913,25260757,1,0.3799315094947815
ACH-000913,25262792,1,0.4308464527130127
ACH-000913,25262965,1,0.42897775769233704
ACH-000913,2733526,0,0.1564435511827469
ACH-000913,300471,1,0.7891964912414551
ACH-000913,3005532,0,0.1272292286157608
ACH-000913,3101542,0,0.12506885826587677
ACH-000913,31703,1,0.6710086464881897
ACH-000913,3218,1,0.5856788158416748
ACH-000913,3372016,0,0.16113132238388062
ACH-000913,3385,1,0.6990004777908325
ACH-000913,3463933,1,0.6118497252464294
ACH-000913,36462,1,0.7765151858329773
ACH-000913,3796,0,0.1492573320865631
ACH-000913,3827738,0,0.14528274536132812
ACH-000913,4248455,0,0.3233080208301544
ACH-000913,42623900,1,0.30430489778518677
ACH-000913,42628507,1,0.5511345267295837
ACH-000913,42628535,0,0.3744024336338043
ACH-000913,42640,1,0.40938708186149597
ACH-000913,42642645,0,0.4911954402923584
ACH-000913,44137675,0,0.34331291913986206
ACH-000913,44143370,0,0.2849062383174896
ACH-000913,44182295,0,0.41840294003486633
ACH-000913,44224257,1,0.42630577087402344
ACH-000913,44462760,0,0.2392583191394806
ACH-000913,444732,1,0.5169979929924011
ACH-000913,444795,0,0.24721738696098328
ACH-000913,44551660,1,0.6342343688011169
ACH-000913,446378,1,0.6520532965660095
ACH-000913,447912,0,0.28693675994873047
ACH-000913,448013,1,0.7029997110366821
ACH-000913,45258277,1,0.3421826660633087
ACH-000913,46006640,0,0.18238088488578796
ACH-000913,46191454,0,0.6188886165618896
ACH-000913,46192505,0,0.19901801645755768
ACH-000913,46224516,1,0.6195182800292969
ACH-000913,46244454,1,0.5935052037239075
ACH-000913,46843648,0,0.5241243839263916
ACH-000913,46843772,0,0.28943824768066406
ACH-000913,46883536,0,0.08785462379455566
ACH-000913,46885626,1,0.4682684540748596
ACH-000913,46893585,0,0.23453980684280396
ACH-000913,46907787,1,0.31776338815689087
ACH-000913,46926973,0,0.21449458599090576
ACH-000913,46937430,0,0.11317946016788483
ACH-000913,46943432,0,0.2873152792453766
ACH-000913,479503,1,0.6472612619400024
ACH-000913,49806720,0,0.10283716768026352
ACH-000913,49831044,1,0.6420144438743591
ACH-000913,49847690,1,0.3697759509086609
ACH-000913,49850262,1,0.13846801221370697
ACH-000913,5081913,1,0.46627727150917053
ACH-000913,51039095,0,0.30126523971557617
ACH-000913,5113032,0,0.09139443933963776
ACH-000913,51371303,0,0.20624180138111115
ACH-000913,521106,1,0.40643078088760376
ACH-000913,5278396,0,0.12282408773899078
ACH-000913,5280757,0,0.14924906194210052
ACH-000913,5287969,1,0.45284971594810486
ACH-000913,52912189,1,0.44163376092910767
ACH-000913,52913813,0,0.20587657392024994
ACH-000913,5311,1,0.5945153832435608
ACH-000913,5311497,1,0.4431474804878235
ACH-000913,5328940,0,0.16044923663139343
ACH-000913,53302361,1,0.3515698313713074
ACH-000913,5330286,0,0.46284160017967224
ACH-000913,53315878,0,0.1088540256023407
ACH-000913,53340664,0,0.31216996908187866
ACH-000913,53340666,1,0.5885388255119324
ACH-000913,5351307,1,0.6479718089103699
ACH-000913,5360373,1,0.4258883595466614
ACH-000913,5394,0,0.09400833398103714
ACH-000913,5460033,1,0.609965980052948
ACH-000913,54676905,0,0.06795119494199753
ACH-000913,54685215,0,0.07049232721328735
ACH-000913,560326,1,0.8030752539634705
ACH-000913,56599306,0,0.29212895035743713
ACH-000913,56962337,0,0.15893201529979706
ACH-000913,56965967,0,0.5870140194892883
ACH-000913,57339144,0,0.08428964763879776
ACH-000913,57340680,1,0.36899393796920776
ACH-000913,5746,1,0.7444718480110168
ACH-000913,57519544,0,0.27077463269233704
ACH-000913,58423153,1,0.17221957445144653
ACH-000913,60750,1,0.74519944190979
ACH-000913,6253,0,0.5833949446678162
ACH-000913,637858,1,0.6434361934661865
ACH-000913,644241,0,0.153167262673378
ACH-000913,6445533,1,0.5630627870559692
ACH-000913,6445562,1,0.25609248876571655
ACH-000913,6450551,0,0.21329066157341003
ACH-000913,6450816,1,0.39597854018211365
ACH-000913,6505803,1,0.3841001093387604
ACH-000913,65110,1,0.42322930693626404
ACH-000913,66577038,0,0.12468691170215607
ACH-000913,68234129,0,0.3609282672405243
ACH-000913,68289010,0,0.1303727775812149
ACH-000913,6852167,0,0.4728841781616211
ACH-000913,6914657,1,0.40578946471214294
ACH-000913,6918289,1,0.3655906915664673
ACH-000913,6918454,0,0.36814433336257935
ACH-000913,6918638,1,0.4729771912097931
ACH-000913,6918837,1,0.5950970649719238
ACH-000913,6918848,1,0.6920329928398132
ACH-000913,69923936,1,0.418780654668808
ACH-000913,704473,0,0.19504643976688385
ACH-000913,71271629,0,0.39894095063209534
ACH-000913,71299339,0,0.12483781576156616
ACH-000913,71729975,1,0.5791612267494202
ACH-000913,73265211,0,0.08040432631969452
ACH-000913,73265214,0,0.18901120126247406
ACH-000913,73707530,1,0.7018767595291138
ACH-000913,73755109,0,0.19817574322223663
ACH-000913,76685059,1,0.40131765604019165
ACH-000913,77232197,1,0.5922320485115051
ACH-000913,82146,0,0.575886070728302
ACH-000913,8249,0,0.6549197435379028
ACH-000913,92577,0,0.11942420154809952
ACH-000913,9549289,1,0.507337212562561
ACH-000913,9549297,0,0.12746432423591614
ACH-000913,97489,0,0.13637469708919525
ACH-000913,9826528,1,0.5561329126358032
ACH-000913,9829523,1,0.3794308006763458
ACH-000913,984170,0,0.17272406816482544
ACH-000913,9858940,1,0.5265997648239136
ACH-000913,9863776,1,0.6892856955528259
ACH-000913,9868037,0,0.30890795588493347
ACH-000913,9874913,0,0.22363027930259705
ACH-000913,9884685,1,0.22430406510829926
ACH-000913,9903786,0,0.49120888113975525
ACH-000913,9908783,0,0.1142871081829071
ACH-000913,9910224,0,0.09518707543611526
ACH-000913,9911830,0,0.08706942200660706
ACH-000913,9914412,1,0.4622594714164734
ACH-000913,9926054,0,0.3765788972377777
ACH-000913,9931954,0,0.1293959617614746
ACH-000913,9938202,0,0.1974315196275711
ACH-000913,9952773,0,0.31624120473861694
ACH-000913,9956119,0,0.1338089555501938
ACH-000913,9956222,0,0.24558790028095245
ACH-000920,10077147,0,0.48980385065078735
ACH-000920,10127622,0,0.3493471145629883
ACH-000920,10184653,0,0.1831914484500885
ACH-000920,10341154,0,0.10032928735017776
ACH-000920,10368812,1,0.6589170098304749
ACH-000920,10384072,0,0.11738400161266327
ACH-000920,10459196,0,0.09766235202550888
ACH-000920,104741,0,0.2657262980937958
ACH-000920,104842,1,0.6022130250930786
ACH-000920,107969,1,0.5455401539802551
ACH-000920,11152667,1,0.583621621131897
ACH-000920,11327430,0,0.1410689502954483
ACH-000920,11455910,1,0.7472859621047974
ACH-000920,11488320,0,0.42112869024276733
ACH-000920,11609586,1,0.5742045640945435
ACH-000920,11624601,0,0.09306047856807709
ACH-000920,11667893,0,0.10014446079730988
ACH-000920,11707110,1,0.3718581199645996
ACH-000920,117918970,0,0.31566137075424194
ACH-000920,117996541,1,0.7048569321632385
ACH-000920,11960529,0,0.11672504991292953
ACH-000920,11977753,1,0.4819454848766327
ACH-000920,1206243,1,0.37336423993110657
ACH-000920,121596701,1,0.38509976863861084
ACH-000920,123631,0,0.12478440999984741
ACH-000920,126565,1,0.6104949712753296
ACH-000920,126941,1,0.3029724359512329
ACH-000920,13342,1,0.5799390077590942
ACH-000920,135410875,1,0.216929093003273
ACH-000920,135418940,0,0.2585658133029938
ACH-000920,135440466,0,0.225408136844635
ACH-000920,135499520,1,0.17151084542274475
ACH-000920,135564599,0,0.10774601995944977
ACH-000920,135565082,1,0.4702814519405365
ACH-000920,136240579,0,0.13516195118427277
ACH-000920,1401,0,0.1962648332118988
ACH-000920,148124,1,0.6600304245948792
ACH-000920,156422,0,0.13258366286754608
ACH-000920,15953870,0,0.19131560623645782
ACH-000920,16095342,0,0.21868911385536194
ACH-000920,16659841,0,0.17698073387145996
ACH-000920,16720766,1,0.32583001255989075
ACH-000920,16732433,0,0.12801696360111237
ACH-000920,16747683,1,0.5245799422264099
ACH-000920,176158,0,0.09744033217430115
ACH-000920,17755052,0,0.5247989296913147
ACH-000920,216326,0,0.06749686598777771
ACH-000920,2314623,0,0.09344909340143204
ACH-000920,23725625,1,0.12870700657367706
ACH-000920,2375,0,0.10733567178249359
ACH-000920,24180719,0,0.17149539291858673
ACH-000920,24770514,1,0.40595823526382446
ACH-000920,24771867,1,0.24232323467731476
ACH-000920,24776445,0,0.10485898703336716
ACH-000920,24964624,0,0.29134276509284973
ACH-000920,24978538,1,0.3719498813152313
ACH-000920,25227436,0,0.5209226012229919
ACH-000920,25262792,1,0.39733651280403137
ACH-000920,25262965,1,0.4127460718154907
ACH-000920,2733526,0,0.15018996596336365
ACH-000920,300471,1,0.8272978067398071
ACH-000920,3101542,0,0.11339791119098663
ACH-000920,31703,1,0.7241101264953613
ACH-000920,3372016,0,0.1401611715555191
ACH-000920,3827738,1,0.15522576868534088
ACH-000920,4248455,1,0.29888415336608887
ACH-000920,44137675,0,0.2920341491699219
ACH-000920,44182295,1,0.47465842962265015
ACH-000920,44224257,1,0.4358864724636078
ACH-000920,44462760,1,0.22613830864429474
ACH-000920,444732,1,0.49065104126930237
ACH-000920,444795,1,0.23623168468475342
ACH-000920,44632017,1,0.4331929385662079
ACH-000920,46006640,1,0.1889268457889557
ACH-000920,46224516,1,0.5868659615516663
ACH-000920,46244454,1,0.6081311106681824
ACH-000920,46883536,0,0.08646688610315323
ACH-000920,46893585,0,0.24316813051700592
ACH-000920,46907787,0,0.3306143581867218
ACH-000920,49831044,0,0.5859705805778503
ACH-000920,49847690,1,0.32740941643714905
ACH-000920,51039095,1,0.3310370445251465
ACH-000920,51371303,0,0.19720518589019775
ACH-000920,5278396,0,0.13014061748981476
ACH-000920,5287969,1,0.4890325367450714
ACH-000920,52912189,1,0.40677112340927124
ACH-000920,52913813,0,0.2132064551115036
ACH-000920,5311,1,0.6182763576507568
ACH-000920,5328940,1,0.15912699699401855
ACH-000920,5330286,1,0.4739997088909149
ACH-000920,53315878,0,0.10479135066270828
ACH-000920,5394,0,0.09523510187864304
ACH-000920,5460033,1,0.6318742036819458
ACH-000920,54685215,0,0.0683072879910469
ACH-000920,56962337,0,0.16369162499904633
ACH-000920,57339144,0,0.08475799858570099
ACH-000920,58423153,1,0.17671573162078857
ACH-000920,60750,1,0.7507491111755371
ACH-000920,6253,1,0.6074397563934326
ACH-000920,637858,1,0.6345360279083252
ACH-000920,644241,1,0.15496130287647247
ACH-000920,6450551,1,0.20323623716831207
ACH-000920,6505803,0,0.381024569272995
ACH-000920,65110,1,0.4691748023033142
ACH-000920,68289010,0,0.10398059338331223
ACH-000920,6914657,1,0.3781919777393341
ACH-000920,6918289,1,0.3705208897590637
ACH-000920,6918454,0,0.4099448621273041
ACH-000920,6918837,1,0.5686078667640686
ACH-000920,71271629,0,0.41521456837654114
ACH-000920,71299339,0,0.12187767028808594
ACH-000920,71729975,1,0.5612295269966125
ACH-000920,73755109,0,0.1998922973871231
ACH-000920,76685059,0,0.40773746371269226
ACH-000920,78243717,0,0.09707152098417282
ACH-000920,90488984,0,0.0859634131193161
ACH-000920,9826528,1,0.5938794016838074
ACH-000920,984170,1,0.16450394690036774
ACH-000920,9858940,0,0.45043790340423584
ACH-000920,9863776,1,0.7432713508605957
ACH-000920,9914412,0,0.43967920541763306
ACH-000920,9931954,0,0.14473719894886017
ACH-000920,9938202,0,0.18588019907474518
ACH-000920,9956119,0,0.11370638757944107
ACH-000936,10027278,1,0.3862977623939514
ACH-000936,10074640,0,0.2649697959423065
ACH-000936,10077147,0,0.39032211899757385
ACH-000936,10109823,1,0.37315866351127625
ACH-000936,10113978,0,0.19379301369190216
ACH-000936,10127622,1,0.3737729787826538
ACH-000936,10184653,1,0.16560335457324982
ACH-000936,10341154,0,0.07724947482347488
ACH-000936,10368812,1,0.6498318314552307
ACH-000936,10377751,1,0.5642175078392029
ACH-000936,10384072,0,0.10552911460399628
ACH-000936,10459196,0,0.08734073489904404
ACH-000936,104741,0,0.243318110704422
ACH-000936,104842,1,0.5592097640037537
ACH-000936,107969,1,0.50711590051651
ACH-000936,11152667,1,0.45202985405921936
ACH-000936,11175137,1,0.37485039234161377
ACH-000936,11178236,1,0.37698104977607727
ACH-000936,11282283,0,0.17768758535385132
ACH-000936,11327430,0,0.11157207190990448
ACH-000936,11338033,1,0.5055263042449951
ACH-000936,11373846,0,0.1546180248260498
ACH-000936,11455910,1,0.7512065768241882
ACH-000936,11485656,0,0.147928848862648
ACH-000936,11488320,0,0.39304158091545105
ACH-000936,11493598,0,0.1407877653837204
ACH-000936,11507964,0,0.1824842095375061
ACH-000936,11511120,1,0.43326690793037415
ACH-000936,11609586,0,0.6427136063575745
ACH-000936,11617559,0,0.08988603949546814
ACH-000936,11624601,0,0.09077092260122299
ACH-000936,11625818,0,0.1629132330417633
ACH-000936,11634725,1,0.29969584941864014
ACH-000936,11640390,0,0.2573038637638092
ACH-000936,11647372,1,0.3101365864276886
ACH-000936,11667893,0,0.08685321360826492
ACH-000936,11707110,1,0.3199615180492401
ACH-000936,11713159,0,0.24375295639038086
ACH-000936,11754511,0,0.5084100365638733
ACH-000936,11784504,1,0.26682376861572266
ACH-000936,117918970,0,0.2945566773414612
ACH-000936,117996541,1,0.6727626919746399
ACH-000936,11960529,0,0.09831918776035309
ACH-000936,11977753,1,0.4954163730144501
ACH-000936,1206243,0,0.4033083915710449
ACH-000936,121596701,1,0.3193095624446869
ACH-000936,123631,1,0.09898912906646729
ACH-000936,126565,1,0.5421572923660278
ACH-000936,126941,0,0.22549909353256226
ACH-000936,13342,1,0.467372864484787
ACH-000936,135398501,0,0.32092180848121643
ACH-000936,135398516,1,0.44828489422798157
ACH-000936,135410875,1,0.191806823015213
ACH-000936,135418940,0,0.23006358742713928
ACH-000936,135421197,0,0.3260937035083771
ACH-000936,135423438,0,0.4661882519721985
ACH-000936,135440466,1,0.22344167530536652
ACH-000936,135499520,0,0.179285928606987
ACH-000936,135539077,1,0.3953934907913208
ACH-000936,135564599,0,0.09979738295078278
ACH-000936,135565082,0,0.42901554703712463
ACH-000936,135659062,0,0.3015267550945282
ACH-000936,135691163,1,0.5205777883529663
ACH-000936,136240579,0,0.10511472821235657
ACH-000936,1401,0,0.17550644278526306
ACH-000936,148124,1,0.5717477798461914
ACH-000936,156414,0,0.340756356716156
ACH-000936,156422,0,0.11394236236810684
ACH-000936,159324,1,0.7675009965896606
ACH-000936,15953870,0,0.1693904548883438
ACH-000936,16095342,1,0.18984462320804596
ACH-000936,16123056,0,0.15714670717716217
ACH-000936,16218924,0,0.18100090324878693
ACH-000936,16659841,1,0.17499502003192902
ACH-000936,16681698,1,0.4646645784378052
ACH-000936,16720766,0,0.26495903730392456
ACH-000936,16722836,0,0.49336233735084534
ACH-000936,16725726,1,0.1835998296737671
ACH-000936,16732433,0,0.12321490794420242
ACH-000936,16747388,0,0.3728374242782593
ACH-000936,16747683,1,0.5429661870002747
ACH-000936,176158,0,0.08705591410398483
ACH-000936,176167,0,0.3724433481693268
ACH-000936,17755052,1,0.43759670853614807
ACH-000936,216326,0,0.060951925814151764
ACH-000936,2314623,0,0.07851186394691467
ACH-000936,23582824,1,0.7034525275230408
ACH-000936,23725625,0,0.1057499423623085
ACH-000936,2375,0,0.10435830801725388
ACH-000936,24180719,0,0.17533984780311584
ACH-000936,24737642,0,0.2791465222835541
ACH-000936,24739943,1,0.5679364204406738
ACH-000936,24756910,1,0.3530201315879822
ACH-000936,24770514,0,0.3655679225921631
ACH-000936,24771867,0,0.22476212680339813
ACH-000936,24772043,0,0.4750674366950989
ACH-000936,24772860,1,0.5078124403953552
ACH-000936,24776445,0,0.09194076061248779
ACH-000936,24785538,0,0.3985006809234619
ACH-000936,24826799,0,0.21404708921909332
ACH-000936,24889392,0,0.0728619322180748
ACH-000936,24894414,0,0.12695631384849548
ACH-000936,24951314,1,0.5828679203987122
ACH-000936,24964624,0,0.271074503660202
ACH-000936,24978538,0,0.3132624328136444
ACH-000936,25022668,1,0.44183120131492615
ACH-000936,25102847,0,0.23797528445720673
ACH-000936,25124816,0,0.11519484221935272
ACH-000936,25126798,0,0.10735180974006653
ACH-000936,25167777,1,0.4371996819972992
ACH-000936,25195294,1,0.6764775514602661
ACH-000936,25227436,1,0.5079431533813477
ACH-000936,25254071,1,0.5012305974960327
ACH-000936,25257557,0,0.2756076455116272
ACH-000936,25260757,1,0.34441158175468445
ACH-000936,25262792,1,0.38999056816101074
ACH-000936,25262965,1,0.4002102315425873
ACH-000936,2733526,0,0.14013642072677612
ACH-000936,300471,1,0.814457356929779
ACH-000936,3005532,0,0.12222134321928024
ACH-000936,3101542,0,0.11596613377332687
ACH-000936,31703,1,0.6683826446533203
ACH-000936,3218,1,0.5499470233917236
ACH-000936,3372016,0,0.1488456428050995
ACH-000936,3385,1,0.6908398866653442
ACH-000936,3463933,1,0.5609312653541565
ACH-000936,36462,1,0.799340009689331
ACH-000936,3796,1,0.15129519999027252
ACH-000936,3827738,0,0.13850972056388855
ACH-000936,4248455,0,0.29074519872665405
ACH-000936,42623900,0,0.27596375346183777
ACH-000936,42628507,1,0.5236577987670898
ACH-000936,42640,0,0.34911802411079407
ACH-000936,42642645,1,0.4157944321632385
ACH-000936,44137675,0,0.2873724102973938
ACH-000936,44143370,0,0.26999783515930176
ACH-000936,44182295,1,0.3907129168510437
ACH-000936,44224257,1,0.404084712266922
ACH-000936,44462760,1,0.2235153317451477
ACH-000936,444732,1,0.44673264026641846
ACH-000936,444795,0,0.21159246563911438
ACH-000936,44551660,1,0.60483717918396
ACH-000936,44632017,1,0.3288731276988983
ACH-000936,446378,1,0.5580711960792542
ACH-000936,447912,0,0.2771521210670471
ACH-000936,448013,1,0.6877887845039368
ACH-000936,45258277,0,0.30243363976478577
ACH-000936,46006640,0,0.16228818893432617
ACH-000936,46191454,1,0.5888257026672363
ACH-000936,46192505,0,0.1839461624622345
ACH-000936,46224516,1,0.5330875515937805
ACH-000936,46244454,1,0.5342188477516174
ACH-000936,46843648,0,0.46154072880744934
ACH-000936,46883536,0,0.08244585990905762
ACH-000936,46885626,1,0.4386385679244995
ACH-000936,46893585,0,0.21519571542739868
ACH-000936,46907787,1,0.278218537569046
ACH-000936,46926973,0,0.16463899612426758
ACH-000936,46937430,0,0.11278514564037323
ACH-000936,46943432,0,0.26218381524086
ACH-000936,479503,1,0.6338794827461243
ACH-000936,49806720,0,0.0966724380850792
ACH-000936,49831044,1,0.6169453859329224
ACH-000936,49847690,1,0.354025274515152
ACH-000936,49850262,0,0.12046772241592407
ACH-000936,5081913,1,0.49024519324302673
ACH-000936,51039095,1,0.32518601417541504
ACH-000936,5113032,0,0.08131024986505508
ACH-000936,51358113,1,0.5558470487594604
ACH-000936,51371303,0,0.1801133006811142
ACH-000936,521106,1,0.46089014410972595
ACH-000936,5278396,0,0.10572361201047897
ACH-000936,5280757,0,0.12677618861198425
ACH-000936,5287969,1,0.45054465532302856
ACH-000936,52912189,0,0.42858007550239563
ACH-000936,52913813,1,0.1830100566148758
ACH-000936,5311,1,0.5270596146583557
ACH-000936,5311497,1,0.3712793290615082
ACH-000936,5328940,1,0.15439462661743164
ACH-000936,53302361,1,0.3198661208152771
ACH-000936,5330286,1,0.4128090739250183
ACH-000936,53315878,0,0.09201044589281082
ACH-000936,53340664,1,0.28510692715644836
ACH-000936,53340666,1,0.5111023783683777
ACH-000936,5351307,1,0.6023548245429993
ACH-000936,5360373,1,0.3687743842601776
ACH-000936,5394,0,0.0842861533164978
ACH-000936,5460033,0,0.5753586888313293
ACH-000936,54676905,0,0.0701209157705307
ACH-000936,54685215,0,0.06482323259115219
ACH-000936,560326,1,0.7433649897575378
ACH-000936,56599306,0,0.2661285698413849
ACH-000936,56962337,0,0.1456664502620697
ACH-000936,56965967,0,0.5388868451118469
ACH-000936,57339144,0,0.0794573575258255
ACH-000936,5746,1,0.740272581577301
ACH-000936,57519544,0,0.20869535207748413
ACH-000936,58423153,0,0.15104754269123077
ACH-000936,60750,1,0.7761572599411011
ACH-000936,6253,1,0.6183470487594604
ACH-000936,637858,1,0.5705664157867432
ACH-000936,644241,0,0.14155247807502747
ACH-000936,644243,0,0.08936510980129242
ACH-000936,6445533,1,0.4963430166244507
ACH-000936,6445562,1,0.25309938192367554
ACH-000936,6450551,0,0.21145720779895782
ACH-000936,6450816,0,0.3756659924983978
ACH-000936,6505803,1,0.34869399666786194
ACH-000936,65110,0,0.41989865899086
ACH-000936,66577038,0,0.11621157824993134
ACH-000936,68234129,0,0.3234851658344269
ACH-000936,68289010,0,0.1035289615392685
ACH-000936,6852167,0,0.4526391923427582
ACH-000936,6914657,1,0.35882291197776794
ACH-000936,6918289,1,0.33089661598205566
ACH-000936,6918454,1,0.32652613520622253
ACH-000936,6918638,1,0.4478658139705658
ACH-000936,6918837,1,0.5198228359222412
ACH-000936,6918848,1,0.647652268409729
ACH-000936,69923936,1,0.40540531277656555
ACH-000936,704473,0,0.14967885613441467
ACH-000936,71271629,0,0.3354127109050751
ACH-000936,71299339,0,0.11278489232063293
ACH-000936,71729975,0,0.5185489058494568
ACH-000936,73265211,0,0.0743117406964302
ACH-000936,73265214,0,0.17699401080608368
ACH-000936,73707530,1,0.6528707146644592
ACH-000936,73755109,0,0.1905234158039093
ACH-000936,76685059,1,0.3827142119407654
ACH-000936,77232197,1,0.5568825602531433
ACH-000936,78243717,0,0.08355623483657837
ACH-000936,82146,0,0.46503838896751404
ACH-000936,8249,1,0.6494003534317017
ACH-000936,90488984,0,0.06996727734804153
ACH-000936,92577,0,0.11033227294683456
ACH-000936,9549289,1,0.4854738116264343
ACH-000936,9549297,0,0.10839786380529404
ACH-000936,97489,0,0.1267210841178894
ACH-000936,9826528,1,0.5731571912765503
ACH-000936,9829523,0,0.41200774908065796
ACH-000936,984170,1,0.14785175025463104
ACH-000936,9858940,0,0.4683137834072113
ACH-000936,9863776,1,0.7108825445175171
ACH-000936,9868037,0,0.2843147814273834
ACH-000936,9874913,0,0.1884097009897232
ACH-000936,9884685,1,0.19287307560443878
ACH-000936,9903786,1,0.4287540912628174
ACH-000936,9908783,0,0.10327187180519104
ACH-000936,9910224,0,0.07235412299633026
ACH-000936,9911830,0,0.07057923823595047
ACH-000936,9914412,0,0.40818360447883606
ACH-000936,9926054,0,0.351481556892395
ACH-000936,9931954,0,0.11888445913791656
ACH-000936,9938202,0,0.18057389557361603
ACH-000936,9952773,0,0.29269757866859436
ACH-000936,9956119,0,0.13764552772045135
ACH-000936,9956222,0,0.21231742203235626
ACH-000939,10027278,1,0.37080344557762146
ACH-000939,10074640,0,0.263104647397995
ACH-000939,10077147,1,0.41212010383605957
ACH-000939,10109823,1,0.3048976957798004
ACH-000939,10113978,0,0.2145097553730011
ACH-000939,10127622,0,0.3195926547050476
ACH-000939,10172943,1,0.5074942708015442
ACH-000939,10184653,0,0.17581763863563538
ACH-000939,10302451,0,0.1361648142337799
ACH-000939,10341154,0,0.08919231593608856
ACH-000939,10368812,1,0.6500162482261658
ACH-000939,10377751,0,0.6128833293914795
ACH-000939,10384072,0,0.1356186717748642
ACH-000939,10459196,0,0.09785853326320648
ACH-000939,10461815,0,0.07306455075740814
ACH-000939,104741,0,0.2632427215576172
ACH-000939,104842,1,0.6084424257278442
ACH-000939,107969,1,0.5524513721466064
ACH-000939,11152667,1,0.5067893266677856
ACH-000939,11175137,1,0.42031070590019226
ACH-000939,11178236,1,0.42168501019477844
ACH-000939,11282283,0,0.1974063366651535
ACH-000939,11327430,0,0.12700362503528595
ACH-000939,11338033,1,0.4744721055030823
ACH-000939,11364421,1,0.44482091069221497
ACH-000939,11373846,0,0.1698598563671112
ACH-000939,11455910,1,0.765629231929779
ACH-000939,11467730,0,0.31072068214416504
ACH-000939,11485656,0,0.17989283800125122
ACH-000939,11488320,1,0.40249648690223694
ACH-000939,11493598,0,0.14604394137859344
ACH-000939,11507964,0,0.21439488232135773
ACH-000939,11511120,1,0.4731573164463043
ACH-000939,11609586,0,0.6482967734336853
ACH-000939,11617559,0,0.10531281679868698
ACH-000939,11624601,0,0.09497181326150894
ACH-000939,11625818,0,0.1618431657552719
ACH-000939,11626560,0,0.20679180324077606
ACH-000939,11626927,0,0.09128297120332718
ACH-000939,11634725,0,0.2850014269351959
ACH-000939,11640390,0,0.2680293619632721
ACH-000939,11647372,1,0.33302024006843567
ACH-000939,11667893,0,0.10585009306669235
ACH-000939,11676786,0,0.17429736256599426
ACH-000939,11707110,0,0.3105999529361725
ACH-000939,11713159,1,0.2286970019340515
ACH-000939,11754511,0,0.5346810221672058
ACH-000939,11754711,1,0.5309850573539734
ACH-000939,11784504,1,0.28661447763442993
ACH-000939,117918970,1,0.34493690729141235
ACH-000939,117996541,1,0.7319414019584656
ACH-000939,11844351,0,0.2388199418783188
ACH-000939,11960529,0,0.112188920378685
ACH-000939,1206243,1,0.40796536207199097
ACH-000939,121596701,1,0.3551025092601776
ACH-000939,123631,0,0.10589729994535446
ACH-000939,126565,1,0.5309198498725891
ACH-000939,126941,0,0.2802591919898987
ACH-000939,13342,1,0.4819351136684418
ACH-000939,135398501,1,0.31223687529563904
ACH-000939,135398516,1,0.43554842472076416
ACH-000939,135410875,0,0.22594685852527618
ACH-000939,135418940,0,0.2411448061466217
ACH-000939,135421197,0,0.3585595488548279
ACH-000939,135423438,1,0.4655264616012573
ACH-000939,135440466,0,0.24047161638736725
ACH-000939,135499520,0,0.16963917016983032
ACH-000939,135539077,1,0.42143136262893677
ACH-000939,135565082,1,0.4717690348625183
ACH-000939,135659062,0,0.30986741185188293
ACH-000939,135691163,1,0.5144702196121216
ACH-000939,136240579,0,0.13429008424282074
ACH-000939,1401,0,0.1895495504140854
ACH-000939,148124,1,0.6030867695808411
ACH-000939,156414,1,0.37457555532455444
ACH-000939,156422,0,0.13533832132816315
ACH-000939,159324,1,0.8047751784324646
ACH-000939,15953870,0,0.17523492872714996
ACH-000939,160355,1,0.239996075630188
ACH-000939,16038120,1,0.25578218698501587
ACH-000939,16095342,0,0.203263059258461
ACH-000939,16123056,1,0.15662813186645508
ACH-000939,16218924,0,0.18867738544940948
ACH-000939,16659841,1,0.19771051406860352
ACH-000939,16663089,1,0.2286553680896759
ACH-000939,16681698,1,0.47914838790893555
ACH-000939,16720766,1,0.2769869863986969
ACH-000939,16722836,0,0.518112301826477
ACH-000939,16725726,0,0.20466488599777222
ACH-000939,16732433,0,0.12641027569770813
ACH-000939,16747388,0,0.32436108589172363
ACH-000939,16747683,1,0.5710246562957764
ACH-000939,176158,0,0.10869244486093521
ACH-000939,176167,0,0.36618733406066895
ACH-000939,176870,0,0.15303000807762146
ACH-000939,17755052,1,0.46466064453125
ACH-000939,208908,0,0.12127573788166046
ACH-000939,216239,1,0.2490594983100891
ACH-000939,216326,0,0.06608021259307861
ACH-000939,2314623,0,0.0940614715218544
ACH-000939,23582824,1,0.7187026143074036
ACH-000939,23725625,1,0.11577190458774567
ACH-000939,2375,0,0.10957527905702591
ACH-000939,24180719,0,0.16546164453029633
ACH-000939,24737642,0,0.3176128566265106
ACH-000939,24739943,1,0.6397431492805481
ACH-000939,24756910,0,0.37259605526924133
ACH-000939,24770514,1,0.37343060970306396
ACH-000939,24771867,1,0.24752265214920044
ACH-000939,24772043,1,0.522403359413147
ACH-000939,24772860,1,0.5203555226325989
ACH-000939,24776445,0,0.1046375259757042
ACH-000939,24785538,1,0.3840993046760559
ACH-000939,24826799,0,0.2222740799188614
ACH-000939,24889392,0,0.08600065112113953
ACH-000939,24894414,0,0.1556374728679657
ACH-000939,24951314,1,0.6583741903305054
ACH-000939,24978538,0,0.34287717938423157
ACH-000939,25022668,1,0.46220120787620544
ACH-000939,25102847,0,0.2889134883880615
ACH-000939,25124816,0,0.1158418133854866
ACH-000939,25126798,0,0.1003933995962143
ACH-000939,25167777,1,0.4651976525783539
ACH-000939,25195294,1,0.7332054376602173
ACH-000939,25227436,0,0.46787768602371216
ACH-000939,25254071,1,0.4923052191734314
ACH-000939,25257557,0,0.28020140528678894
ACH-000939,25260757,1,0.3572014570236206
ACH-000939,25262792,1,0.4186092019081116
ACH-000939,2733526,0,0.15575942397117615
ACH-000939,300471,1,0.7996967434883118
ACH-000939,3005532,0,0.12179411947727203
ACH-000939,3062316,1,0.25824519991874695
ACH-000939,3101542,0,0.11935411393642426
ACH-000939,31703,1,0.6645057797431946
ACH-000939,3218,1,0.5656376481056213
ACH-000939,3372016,0,0.1536182463169098
ACH-000939,3385,0,0.6938909292221069
ACH-000939,3463933,1,0.6143736243247986
ACH-000939,36314,1,0.6019688248634338
ACH-000939,36462,1,0.7756427526473999
ACH-000939,3796,0,0.15784144401550293
ACH-000939,3827738,0,0.1480465978384018
ACH-000939,387447,1,0.6665586233139038
ACH-000939,4248455,1,0.31565430760383606
ACH-000939,4261,1,0.7568638920783997
ACH-000939,42623900,0,0.2779434025287628
ACH-000939,42628507,1,0.5392779111862183
ACH-000939,42640,0,0.4039142429828644
ACH-000939,42642645,1,0.4487138092517853
ACH-000939,44137675,1,0.3402981460094452
ACH-000939,44143370,0,0.25305676460266113
ACH-000939,44182295,0,0.3892819881439209
ACH-000939,44224257,1,0.3881181478500366
ACH-000939,442972,0,0.26101458072662354
ACH-000939,44462760,0,0.2247452586889267
ACH-000939,444732,1,0.5313650965690613
ACH-000939,444795,0,0.27011024951934814
ACH-000939,44551660,0,0.6181729435920715
ACH-000939,44632017,1,0.38712722063064575
ACH-000939,446378,1,0.6298955082893372
ACH-000939,447912,0,0.2730463445186615
ACH-000939,448013,1,0.6983529329299927
ACH-000939,45258277,1,0.32552990317344666
ACH-000939,46006640,0,0.17554789781570435
ACH-000939,46191454,0,0.5991973876953125
ACH-000939,46192505,0,0.18590301275253296
ACH-000939,46224516,0,0.5799421668052673
ACH-000939,462382,1,0.5842661261558533
ACH-000939,46244454,1,0.5571359992027283
ACH-000939,46843648,0,0.4913415312767029
ACH-000939,46844147,0,0.2714017927646637
ACH-000939,46883536,0,0.08311652392148972
ACH-000939,46885626,0,0.4554969072341919
ACH-000939,46893585,0,0.21738269925117493
ACH-000939,46907787,1,0.3150712251663208
ACH-000939,46937430,0,0.10875730216503143
ACH-000939,46943432,0,0.2701953649520874
ACH-000939,479503,1,0.6817505955696106
ACH-000939,49806720,0,0.10102100670337677
ACH-000939,49831044,1,0.6537783741950989
ACH-000939,49847690,1,0.34370267391204834
ACH-000939,49850262,0,0.14026957750320435
ACH-000939,4993,0,0.5646260976791382
ACH-000939,5081913,1,0.47991812229156494
ACH-000939,51039095,0,0.3057245910167694
ACH-000939,5113032,0,0.09150557965040207
ACH-000939,51358113,1,0.5299413204193115
ACH-000939,51371303,0,0.1892346739768982
ACH-000939,521106,0,0.4165214002132416
ACH-000939,5278396,0,0.1175481453537941
ACH-000939,5280757,0,0.14238132536411285
ACH-000939,5287969,1,0.44783151149749756
ACH-000939,5291,0,0.12125591188669205
ACH-000939,52912189,1,0.40791282057762146
ACH-000939,52913813,0,0.21474967896938324
ACH-000939,5311,1,0.56786048412323
ACH-000939,5311497,1,0.4062737822532654
ACH-000939,5311510,0,0.2587393522262573
ACH-000939,5328940,1,0.1547621339559555
ACH-000939,5329102,0,0.3031746447086334
ACH-000939,53302361,1,0.3252929747104645
ACH-000939,53315878,0,0.10106882452964783
ACH-000939,53340664,0,0.2877306044101715
ACH-000939,53340666,1,0.5490156412124634
ACH-000939,5351307,1,0.6222754716873169
ACH-000939,5360373,1,0.4023303687572479
ACH-000939,5394,0,0.08791973441839218
ACH-000939,5460033,1,0.5938738584518433
ACH-000939,54676905,0,0.07588350772857666
ACH-000939,54685215,0,0.06689819693565369
ACH-000939,5494449,1,0.3066272735595703
ACH-000939,560326,1,0.8068941831588745
ACH-000939,56599306,1,0.26285669207572937
ACH-000939,56962337,0,0.15357695519924164
ACH-000939,56965967,0,0.587683916091919
ACH-000939,5717801,0,0.233612522482872
ACH-000939,57339144,0,0.08052601665258408
ACH-000939,5746,1,0.7613205313682556
ACH-000939,57519544,0,0.2626485824584961
ACH-000939,58423153,0,0.16550101339817047
ACH-000939,60750,1,0.733045220375061
ACH-000939,6253,1,0.5847133994102478
ACH-000939,637858,1,0.6348841786384583
ACH-000939,644215,1,0.49422958493232727
ACH-000939,644241,0,0.13567125797271729
ACH-000939,644243,0,0.09040020406246185
ACH-000939,6445533,1,0.5526441931724548
ACH-000939,6445562,1,0.23832784593105316
ACH-000939,6450551,0,0.21803250908851624
ACH-000939,6450816,1,0.35781726241111755
ACH-000939,6473881,1,0.23332282900810242
ACH-000939,6505803,1,0.412680447101593
ACH-000939,65110,0,0.4114280045032501
ACH-000939,66577038,0,0.12014821171760559
ACH-000939,68234129,0,0.33256101608276367
ACH-000939,68289010,0,0.11932466924190521
ACH-000939,6852167,0,0.43421390652656555
ACH-000939,6914657,1,0.36069339513778687
ACH-000939,6918289,1,0.3620055615901947
ACH-000939,6918454,1,0.3394547700881958
ACH-000939,6918638,0,0.4879288673400879
ACH-000939,6918837,1,0.5848094820976257
ACH-000939,6918848,0,0.6939425468444824
ACH-000939,69923936,1,0.3923183083534241
ACH-000939,704473,0,0.18105043470859528
ACH-000939,71271629,1,0.3802794814109802
ACH-000939,71299339,0,0.1154732033610344
ACH-000939,71729975,1,0.5438268780708313
ACH-000939,73265211,0,0.07780285179615021
ACH-000939,73265214,0,0.1878189742565155
ACH-000939,73707530,1,0.72184157371521
ACH-000939,73755109,0,0.20180027186870575
ACH-000939,76044,1,0.35815227031707764
ACH-000939,76685059,0,0.36587095260620117
ACH-000939,77232197,1,0.559518039226532
ACH-000939,78243717,0,0.0912020355463028
ACH-000939,82146,0,0.5887430310249329
ACH-000939,8249,1,0.6305885314941406
ACH-000939,90488984,0,0.07454118877649307
ACH-000939,92577,0,0.11941851675510406
ACH-000939,9549184,0,0.21882757544517517
ACH-000939,9549289,1,0.47122204303741455
ACH-000939,9549297,0,0.1300598829984665
ACH-000939,97489,0,0.13435722887516022
ACH-000939,9826308,1,0.4480058252811432
ACH-000939,9829523,1,0.3751937448978424
ACH-000939,984170,1,0.17219850420951843
ACH-000939,9858940,0,0.5055843591690063
ACH-000939,9863776,1,0.711105227470398
ACH-000939,9868037,0,0.277889609336853
ACH-000939,9874913,0,0.22709497809410095
ACH-000939,9884685,1,0.2072017341852188
ACH-000939,9903786,0,0.4719379246234894
ACH-000939,9907093,0,0.23622365295886993
ACH-000939,9908783,0,0.111037977039814
ACH-000939,9910224,0,0.08665793389081955
ACH-000939,9911830,0,0.08498609811067581
ACH-000939,9914412,1,0.4240608811378479
ACH-000939,9926054,0,0.3631281852722168
ACH-000939,9931954,0,0.12943612039089203
ACH-000939,9938202,0,0.19166035950183868
ACH-000939,9952773,0,0.29768604040145874
ACH-000939,9956119,0,0.12430183589458466
ACH-000939,9956222,1,0.23000596463680267
ACH-000949,10027278,1,0.40319007635116577
ACH-000949,10074640,0,0.25699055194854736
ACH-000949,10077147,0,0.42773139476776123
ACH-000949,10109823,0,0.3026849925518036
ACH-000949,10113978,0,0.22374778985977173
ACH-000949,10127622,0,0.3707514703273773
ACH-000949,10184653,0,0.16421064734458923
ACH-000949,10341154,0,0.08837328851222992
ACH-000949,10368812,1,0.6516167521476746
ACH-000949,10377751,0,0.5653715133666992
ACH-000949,10384072,0,0.1123228594660759
ACH-000949,10459196,0,0.08732311427593231
ACH-000949,104741,0,0.26976314187049866
ACH-000949,104842,1,0.5992715358734131
ACH-000949,107969,1,0.5565303564071655
ACH-000949,11152667,1,0.5496013760566711
ACH-000949,11175137,1,0.41100552678108215
ACH-000949,11178236,1,0.479104608297348
ACH-000949,11282283,0,0.2006094604730606
ACH-000949,11327430,0,0.12104460597038269
ACH-000949,11338033,1,0.4950970709323883
ACH-000949,11373846,0,0.16822563111782074
ACH-000949,11455910,1,0.7578349113464355
ACH-000949,11485656,0,0.15683774650096893
ACH-000949,11488320,0,0.39641258120536804
ACH-000949,11493598,0,0.13655611872673035
ACH-000949,11507964,0,0.2015085220336914
ACH-000949,11511120,1,0.5005670785903931
ACH-000949,11609586,0,0.6015122532844543
ACH-000949,11617559,0,0.09852021932601929
ACH-000949,11624601,0,0.08850829303264618
ACH-000949,11625818,0,0.14828820526599884
ACH-000949,11634725,0,0.2641841173171997
ACH-000949,11640390,0,0.26867783069610596
ACH-000949,11647372,0,0.37030938267707825
ACH-000949,11667893,0,0.10411703586578369
ACH-000949,11707110,1,0.33579379320144653
ACH-000949,11713159,0,0.25801217555999756
ACH-000949,11754511,0,0.5651671886444092
ACH-000949,11784504,1,0.2757095694541931
ACH-000949,117918970,0,0.3244251310825348
ACH-000949,117996541,0,0.7239376306533813
ACH-000949,11960529,0,0.1096499040722847
ACH-000949,11977753,1,0.48380231857299805
ACH-000949,1206243,0,0.3853839635848999
ACH-000949,121596701,1,0.3672255575656891
ACH-000949,123631,0,0.1069798469543457
ACH-000949,126565,1,0.6027802228927612
ACH-000949,126941,0,0.2813029885292053
ACH-000949,13342,1,0.5679507255554199
ACH-000949,135398501,0,0.3315901458263397
ACH-000949,135398516,0,0.45773983001708984
ACH-000949,135410875,0,0.2205786556005478
ACH-000949,135418940,0,0.26568683981895447
ACH-000949,135421197,0,0.30380627512931824
ACH-000949,135423438,0,0.44287121295928955
ACH-000949,135440466,0,0.22527749836444855
ACH-000949,135499520,0,0.1672011762857437
ACH-000949,135539077,0,0.41673848032951355
ACH-000949,135564599,0,0.09532646834850311
ACH-000949,135565082,0,0.4327736794948578
ACH-000949,135659062,0,0.25239628553390503
ACH-000949,135691163,0,0.5164369940757751
ACH-000949,136240579,0,0.12472373247146606
ACH-000949,1401,0,0.1948687583208084
ACH-000949,148124,1,0.6533126831054688
ACH-000949,156414,1,0.3606893718242645
ACH-000949,156422,0,0.13360033929347992
ACH-000949,159324,0,0.7546279430389404
ACH-000949,15953870,0,0.162372425198555
ACH-000949,16095342,0,0.218948632478714
ACH-000949,16123056,0,0.1452435851097107
ACH-000949,16218924,0,0.1539904922246933
ACH-000949,16659841,0,0.16126574575901031
ACH-000949,16681698,1,0.46879518032073975
ACH-000949,16720766,0,0.3317541480064392
ACH-000949,16722836,0,0.5716783404350281
ACH-000949,16725726,0,0.21963165700435638
ACH-000949,16732433,0,0.13205958902835846
ACH-000949,16747388,0,0.37895044684410095
ACH-000949,16747683,1,0.5364049673080444
ACH-000949,176158,0,0.09242373704910278
ACH-000949,176167,0,0.40374404191970825
ACH-000949,17755052,0,0.5315179228782654
ACH-000949,216326,0,0.06000405550003052
ACH-000949,2314623,0,0.0889100581407547
ACH-000949,23582824,1,0.7191228270530701
ACH-000949,23725625,0,0.11172299832105637
ACH-000949,2375,0,0.10567864030599594
ACH-000949,24180719,0,0.17362914979457855
ACH-000949,24737642,0,0.33082810044288635
ACH-000949,24739943,1,0.554110586643219
ACH-000949,24756910,1,0.4169398844242096
ACH-000949,24770514,1,0.40757161378860474
ACH-000949,24771867,0,0.24226881563663483
ACH-000949,24772043,1,0.5342057943344116
ACH-000949,24772860,1,0.5879338979721069
ACH-000949,24776445,0,0.10241883993148804
ACH-000949,24785538,0,0.3945734202861786
ACH-000949,24826799,0,0.22710447013378143
ACH-000949,24889392,0,0.09292122721672058
ACH-000949,24894414,0,0.1586562693119049
ACH-000949,24951314,1,0.6921259760856628
ACH-000949,24964624,0,0.29460373520851135
ACH-000949,24978538,0,0.3852195739746094
ACH-000949,25022668,0,0.49525192379951477
ACH-000949,25102847,0,0.28537604212760925
ACH-000949,25124816,0,0.1207466647028923
ACH-000949,25126798,0,0.0961461067199707
ACH-000949,25167777,0,0.48973968625068665
ACH-000949,25195294,1,0.7159250378608704
ACH-000949,25227436,0,0.5420688986778259
ACH-000949,25254071,1,0.5114197731018066
ACH-000949,25257557,0,0.27578839659690857
ACH-000949,25260757,1,0.37941765785217285
ACH-000949,25262792,1,0.38548946380615234
ACH-000949,25262965,0,0.4173227548599243
ACH-000949,2733526,0,0.1467612385749817
ACH-000949,300471,0,0.7939996123313904
ACH-000949,3005532,0,0.12339206039905548
ACH-000949,3101542,0,0.11324096471071243
ACH-000949,31703,1,0.7092723250389099
ACH-000949,3218,0,0.5525012612342834
ACH-000949,3372016,0,0.14068467915058136
ACH-000949,3385,0,0.7113878130912781
ACH-000949,3463933,1,0.6566702723503113
ACH-000949,36462,0,0.794526219367981
ACH-000949,3796,0,0.14331959187984467
ACH-000949,3827738,0,0.15373414754867554
ACH-000949,4248455,0,0.2975344657897949
ACH-000949,42623900,0,0.29113897681236267
ACH-000949,42628507,1,0.5080932378768921
ACH-000949,42640,0,0.4545592963695526
ACH-000949,42642645,0,0.4849839210510254
ACH-000949,44137675,0,0.29328933358192444
ACH-000949,44143370,0,0.2446247637271881
ACH-000949,44182295,1,0.4535800814628601
ACH-000949,44224257,0,0.4455258250236511
ACH-000949,44462760,0,0.25306814908981323
ACH-000949,444732,1,0.4686031937599182
ACH-000949,444795,0,0.242258682847023
ACH-000949,44551660,0,0.5795497298240662
ACH-000949,44632017,1,0.38101086020469666
ACH-000949,446378,1,0.6772458553314209
ACH-000949,447912,0,0.3056952953338623
ACH-000949,448013,1,0.7113849520683289
ACH-000949,45258277,1,0.32677775621414185
ACH-000949,46006640,0,0.16230976581573486
ACH-000949,46191454,0,0.5891481637954712
ACH-000949,46192505,0,0.17696812748908997
ACH-000949,46224516,0,0.5796829462051392
ACH-000949,46244454,1,0.6068885922431946
ACH-000949,46843648,0,0.48123639822006226
ACH-000949,46883536,0,0.08663498610258102
ACH-000949,46885626,0,0.40541553497314453
ACH-000949,46893585,0,0.23507040739059448
ACH-000949,46907787,0,0.33851757645606995
ACH-000949,46926973,0,0.19340947270393372
ACH-000949,46937430,0,0.10357038676738739
ACH-000949,46943432,0,0.2634584903717041
ACH-000949,479503,1,0.6191376447677612
ACH-000949,49806720,0,0.10242241621017456
ACH-000949,49831044,0,0.5944217443466187
ACH-000949,49847690,0,0.3516796827316284
ACH-000949,49850262,0,0.1301240622997284
ACH-000949,5081913,1,0.5006541609764099
ACH-000949,51039095,0,0.2973567545413971
ACH-000949,5113032,0,0.08940882235765457
ACH-000949,51358113,1,0.559126079082489
ACH-000949,51371303,0,0.19534556567668915
ACH-000949,521106,0,0.40852952003479004
ACH-000949,5278396,0,0.11130259931087494
ACH-000949,5280757,0,0.14225135743618011
ACH-000949,5287969,1,0.4446865916252136
ACH-000949,52912189,0,0.43205714225769043
ACH-000949,52913813,0,0.1917077749967575
ACH-000949,5311,1,0.5947238802909851
ACH-000949,5311497,1,0.46971645951271057
ACH-000949,5328940,0,0.1456003040075302
ACH-000949,53302361,0,0.34761154651641846
ACH-000949,5330286,0,0.43672460317611694
ACH-000949,53315878,0,0.1049303486943245
ACH-000949,53340664,0,0.31411945819854736
ACH-000949,53340666,1,0.5708005428314209
ACH-000949,5351307,1,0.5925184488296509
ACH-000949,5360373,1,0.4480063021183014
ACH-000949,5394,0,0.09179509431123734
ACH-000949,5460033,0,0.6389003992080688
ACH-000949,54676905,0,0.06511425971984863
ACH-000949,54685215,0,0.06616967171430588
ACH-000949,560326,0,0.8038222193717957
ACH-000949,56599306,1,0.2833482027053833
ACH-000949,56962337,0,0.1587163358926773
ACH-000949,56965967,0,0.5889991521835327
ACH-000949,57339144,0,0.08105193078517914
ACH-000949,5746,1,0.7737244367599487
ACH-000949,57519544,0,0.2486085742712021
ACH-000949,58423153,0,0.16338902711868286
ACH-000949,60750,1,0.7536115050315857
ACH-000949,6253,0,0.5935124754905701
ACH-000949,637858,1,0.6237754821777344
ACH-000949,644241,0,0.1456194519996643
ACH-000949,6445533,1,0.5395456552505493
ACH-000949,6445562,0,0.22541925311088562
ACH-000949,6450551,0,0.20363664627075195
ACH-000949,6450816,0,0.3978694975376129
ACH-000949,6505803,1,0.38291555643081665
ACH-000949,65110,0,0.45379287004470825
ACH-000949,66577038,0,0.11967968940734863
ACH-000949,68234129,0,0.3655957579612732
ACH-000949,68289010,0,0.10684637725353241
ACH-000949,6852167,1,0.518599271774292
ACH-000949,6914657,1,0.39952826499938965
ACH-000949,6918289,0,0.37972477078437805
ACH-000949,6918454,1,0.36914560198783875
ACH-000949,6918638,1,0.4860784113407135
ACH-000949,6918837,1,0.5660001039505005
ACH-000949,6918848,1,0.6530585885047913
ACH-000949,69923936,0,0.4247644543647766
ACH-000949,704473,0,0.16607880592346191
ACH-000949,71271629,0,0.3835657835006714
ACH-000949,71299339,0,0.11832622438669205
ACH-000949,71729975,0,0.517998993396759
ACH-000949,73265211,0,0.07307375222444534
ACH-000949,73265214,0,0.19089439511299133
ACH-000949,73707530,0,0.6303173303604126
ACH-000949,73755109,0,0.19148112833499908
ACH-000949,76685059,0,0.41914525628089905
ACH-000949,77232197,1,0.6085740327835083
ACH-000949,78243717,0,0.09299053996801376
ACH-000949,82146,0,0.550402045249939
ACH-000949,8249,1,0.6616719365119934
ACH-000949,90488984,0,0.0717691034078598
ACH-000949,92577,0,0.11794371157884598
ACH-000949,9549289,1,0.45329752564430237
ACH-000949,9549297,1,0.12222470343112946
ACH-000949,97489,0,0.121529221534729
ACH-000949,9826528,1,0.5654988884925842
ACH-000949,9829523,0,0.43530547618865967
ACH-000949,984170,0,0.15586917102336884
ACH-000949,9858940,0,0.49156177043914795
ACH-000949,9863776,0,0.7055238485336304
ACH-000949,9868037,0,0.29535502195358276
ACH-000949,9874913,1,0.1936519294977188
ACH-000949,9884685,0,0.21050326526165009
ACH-000949,9903786,0,0.5012751221656799
ACH-000949,9908783,0,0.10158892720937729
ACH-000949,9910224,0,0.08815958350896835
ACH-000949,9911830,0,0.08275677263736725
ACH-000949,9914412,0,0.4241332709789276
ACH-000949,9926054,0,0.36870718002319336
ACH-000949,9931954,0,0.12029983848333359
ACH-000949,9938202,0,0.19025300443172455
ACH-000949,9952773,0,0.25823086500167847
ACH-000949,9956119,0,0.12684887647628784
ACH-000949,9956222,1,0.2152334451675415
ACH-000955,10074640,1,0.2805624008178711
ACH-000955,10077147,1,0.4523333013057709
ACH-000955,10127622,1,0.33712589740753174
ACH-000955,10184653,0,0.15640777349472046
ACH-000955,10341154,0,0.08224513381719589
ACH-000955,10368812,1,0.6694688200950623
ACH-000955,10377751,1,0.5849072337150574
ACH-000955,10384072,0,0.11076517403125763
ACH-000955,10459196,0,0.0812644362449646
ACH-000955,104741,0,0.231601282954216
ACH-000955,104842,1,0.5966640114784241
ACH-000955,107969,0,0.5085270404815674
ACH-000955,11152667,1,0.5206886529922485
ACH-000955,11175137,1,0.41872698068618774
ACH-000955,11178236,1,0.4191875755786896
ACH-000955,11282283,1,0.1749507039785385
ACH-000955,11327430,0,0.11028766632080078
ACH-000955,11338033,1,0.46279585361480713
ACH-000955,11373846,0,0.15543147921562195
ACH-000955,11455910,1,0.7311636209487915
ACH-000955,11485656,0,0.16059112548828125
ACH-000955,11488320,1,0.38811764121055603
ACH-000955,11493598,0,0.14327824115753174
ACH-000955,11507964,0,0.18956544995307922
ACH-000955,11511120,1,0.4741438627243042
ACH-000955,11609586,0,0.6706870794296265
ACH-000955,11617559,0,0.0957845076918602
ACH-000955,11624601,0,0.08859483152627945
ACH-000955,11625818,0,0.15511710941791534
ACH-000955,11634725,1,0.2608068883419037
ACH-000955,11647372,1,0.35720938444137573
ACH-000955,11667893,0,0.09860587865114212
ACH-000955,11707110,1,0.32559776306152344
ACH-000955,11754511,0,0.5543836951255798
ACH-000955,117918970,0,0.32826098799705505
ACH-000955,117996541,1,0.694377064704895
ACH-000955,11960529,0,0.10621312260627747
ACH-000955,11977753,1,0.4400748014450073
ACH-000955,1206243,1,0.37160155177116394
ACH-000955,121596701,1,0.33749455213546753
ACH-000955,123631,0,0.09985505044460297
ACH-000955,126565,1,0.5850544571876526
ACH-000955,126941,1,0.2823425829410553
ACH-000955,13342,1,0.5389738082885742
ACH-000955,135398501,1,0.3535827100276947
ACH-000955,135398516,1,0.4555758833885193
ACH-000955,135410875,1,0.21558481454849243
ACH-000955,135418940,0,0.21980907022953033
ACH-000955,135423438,0,0.47413939237594604
ACH-000955,135440466,0,0.21247802674770355
ACH-000955,135499520,0,0.16303928196430206
ACH-000955,135564599,0,0.09655993431806564
ACH-000955,135565082,1,0.45061492919921875
ACH-000955,135659062,0,0.2804946303367615
ACH-000955,135691163,0,0.45811036229133606
ACH-000955,136240579,0,0.1195911169052124
ACH-000955,1401,0,0.18779627978801727
ACH-000955,148124,1,0.622933030128479
ACH-000955,156414,1,0.33654919266700745
ACH-000955,156422,0,0.12583227455615997
ACH-000955,15953870,0,0.15561515092849731
ACH-000955,16095342,1,0.18341761827468872
ACH-000955,16123056,0,0.1477411687374115
ACH-000955,16218924,0,0.17067059874534607
ACH-000955,16659841,0,0.17591510713100433
ACH-000955,16720766,1,0.275962233543396
ACH-000955,16722836,1,0.5324423313140869
ACH-000955,16725726,1,0.18498119711875916
ACH-000955,16732433,0,0.12047263979911804
ACH-000955,16747388,1,0.3354686498641968
ACH-000955,16747683,1,0.5347074270248413
ACH-000955,176167,0,0.41536739468574524
ACH-000955,17755052,1,0.4473881423473358
ACH-000955,216326,0,0.06161858141422272
ACH-000955,2314623,0,0.08915343135595322
ACH-000955,23582824,1,0.7161684632301331
ACH-000955,23725625,0,0.10721778869628906
ACH-000955,2375,0,0.09523537755012512
ACH-000955,24180719,0,0.16113583743572235
ACH-000955,24737642,0,0.2942407727241516
ACH-000955,24739943,1,0.572274923324585
ACH-000955,24756910,1,0.37705397605895996
ACH-000955,24770514,1,0.36685875058174133
ACH-000955,24771867,1,0.23955531418323517
ACH-000955,24772043,0,0.5176141262054443
ACH-000955,24772860,1,0.5244654417037964
ACH-000955,24776445,0,0.0971943661570549
ACH-000955,24889392,0,0.08323274552822113
ACH-000955,24894414,0,0.14910627901554108
ACH-000955,24951314,1,0.6489434838294983
ACH-000955,24964624,1,0.2939108908176422
ACH-000955,24978538,0,0.32960203289985657
ACH-000955,25102847,0,0.29822108149528503
ACH-000955,25126798,0,0.09063844382762909
ACH-000955,25167777,1,0.4848729372024536
ACH-000955,25195294,1,0.7324464917182922
ACH-000955,25226117,0,0.16616488993167877
ACH-000955,25226483,1,0.7076197862625122
ACH-000955,25227436,1,0.5112510919570923
ACH-000955,25254071,1,0.4741140604019165
ACH-000955,25257557,1,0.282012939453125
ACH-000955,25260757,1,0.3512490391731262
ACH-000955,25262792,1,0.40017348527908325
ACH-000955,25262965,0,0.40168634057044983
ACH-000955,2733526,0,0.14973701536655426
ACH-000955,300471,1,0.8235812187194824
ACH-000955,3101542,0,0.11964766681194305
ACH-000955,31703,1,0.6757104396820068
ACH-000955,3372016,0,0.14324666559696198
ACH-000955,3385,1,0.6645159721374512
ACH-000955,3796,0,0.1363055408000946
ACH-000955,3827738,0,0.14148977398872375
ACH-000955,4248455,0,0.2921466529369354
ACH-000955,42628507,1,0.5242747664451599
ACH-000955,42628535,0,0.33850622177124023
ACH-000955,42640,0,0.42914125323295593
ACH-000955,42642645,1,0.45388519763946533
ACH-000955,44137675,0,0.2754334807395935
ACH-000955,44143370,0,0.22517083585262299
ACH-000955,44182295,1,0.413264662027359
ACH-000955,44224257,1,0.44611313939094543
ACH-000955,44462760,0,0.22236844897270203
ACH-000955,444732,1,0.4949409067630768
ACH-000955,444795,0,0.24437329173088074
ACH-000955,44551660,1,0.6324682235717773
ACH-000955,44632017,1,0.39113739132881165
ACH-000955,447912,0,0.2610902190208435
ACH-000955,45258277,1,0.2956591546535492
ACH-000955,46006640,0,0.16898559033870697
ACH-000955,46191454,1,0.5969133973121643
ACH-000955,46192505,0,0.1855086237192154
ACH-000955,46224516,0,0.5716580748558044
ACH-000955,46244454,1,0.5409252643585205
ACH-000955,46843648,1,0.4865648150444031
ACH-000955,46843772,0,0.28537121415138245
ACH-000955,46883536,0,0.07635562866926193
ACH-000955,46885626,1,0.4511333405971527
ACH-000955,46893585,0,0.2194281816482544
ACH-000955,46907787,0,0.3232327997684479
ACH-000955,46926973,0,0.18720819056034088
ACH-000955,46937430,0,0.10620851069688797
ACH-000955,46943432,1,0.2703242897987366
ACH-000955,49806720,0,0.08762292563915253
ACH-000955,49831044,1,0.6213479042053223
ACH-000955,49847690,0,0.3200870156288147
ACH-000955,49850262,0,0.13852865993976593
ACH-000955,5081913,1,0.4425663650035858
ACH-000955,51039095,0,0.32990169525146484
ACH-000955,5113032,0,0.08606723695993423
ACH-000955,51358113,1,0.5014157891273499
ACH-000955,51371303,0,0.177265003323555
ACH-000955,5278396,0,0.09782784432172775
ACH-000955,5287969,1,0.42257195711135864
ACH-000955,52912189,1,0.4261273443698883
ACH-000955,52913813,0,0.1772860437631607
ACH-000955,5311,1,0.5913543701171875
ACH-000955,5328940,0,0.13270820677280426
ACH-000955,5330286,1,0.428373783826828
ACH-000955,53315878,0,0.09555090963840485
ACH-000955,53340664,0,0.2973460555076599
ACH-000955,53340666,0,0.5565250515937805
ACH-000955,5351307,1,0.6233417391777039
ACH-000955,5394,0,0.08427603542804718
ACH-000955,5460033,0,0.5965898633003235
ACH-000955,54685215,0,0.06397736817598343
ACH-000955,56599306,0,0.2954030930995941
ACH-000955,56962337,0,0.13972514867782593
ACH-000955,56965967,1,0.5917127728462219
ACH-000955,57339144,0,0.07947937399148941
ACH-000955,57340680,1,0.37235531210899353
ACH-000955,57519544,0,0.24923275411128998
ACH-000955,58423153,0,0.17435124516487122
ACH-000955,60750,1,0.7303822040557861
ACH-000955,6253,1,0.5846752524375916
ACH-000955,637858,1,0.6111088395118713
ACH-000955,644241,0,0.12805284559726715
ACH-000955,6445562,1,0.20945292711257935
ACH-000955,6450551,0,0.22842809557914734
ACH-000955,6450816,1,0.39733749628067017
ACH-000955,6505803,0,0.3694275915622711
ACH-000955,65110,0,0.39069610834121704
ACH-000955,66577038,0,0.11682207137346268
ACH-000955,68234129,0,0.37612003087997437
ACH-000955,68289010,0,0.1096973717212677
ACH-000955,6852167,1,0.48962071537971497
ACH-000955,6914657,1,0.36895421147346497
ACH-000955,6918289,1,0.34673717617988586
ACH-000955,6918454,1,0.3287713825702667
ACH-000955,6918638,1,0.5163968801498413
ACH-000955,6918837,1,0.5681706666946411
ACH-000955,6918848,1,0.6755788326263428
ACH-000955,69923936,0,0.3988970220088959
ACH-000955,704473,0,0.16868937015533447
ACH-000955,71271629,1,0.4200427234172821
ACH-000955,71299339,0,0.11292027682065964
ACH-000955,71729975,1,0.5630343556404114
ACH-000955,73265211,0,0.07228495925664902
ACH-000955,73265214,0,0.17373350262641907
ACH-000955,73707530,1,0.6571301221847534
ACH-000955,73755109,0,0.18191109597682953
ACH-000955,76685059,1,0.38378238677978516
ACH-000955,77232197,1,0.5574758648872375
ACH-000955,78243717,0,0.09154456108808517
ACH-000955,8249,0,0.6482734680175781
ACH-000955,9549289,0,0.46251145005226135
ACH-000955,9549297,0,0.1173974797129631
ACH-000955,97489,0,0.12400247901678085
ACH-000955,9826528,1,0.5404044985771179
ACH-000955,984170,0,0.14139780402183533
ACH-000955,9858940,1,0.4664016664028168
ACH-000955,9863776,1,0.683769702911377
ACH-000955,9868037,0,0.25235581398010254
ACH-000955,9874913,0,0.1982693076133728
ACH-000955,9884685,0,0.19403673708438873
ACH-000955,9903786,1,0.47997036576271057
ACH-000955,9908783,0,0.10252558439970016
ACH-000955,9910224,0,0.07811833173036575
ACH-000955,9911830,0,0.07815757393836975
ACH-000955,9914412,0,0.42521175742149353
ACH-000955,9926054,0,0.3567862808704376
ACH-000955,9931954,0,0.12409177422523499
ACH-000955,9938202,0,0.17007331550121307
ACH-000955,9952773,0,0.2876957654953003
ACH-000955,9956119,0,0.11896982789039612
ACH-000955,9956222,1,0.1997932642698288
ACH-000965,10074640,0,0.24699999392032623
ACH-000965,10077147,1,0.3801272213459015
ACH-000965,10127622,1,0.36181893944740295
ACH-000965,10172943,1,0.47653329372406006
ACH-000965,10184653,1,0.1432221680879593
ACH-000965,10302451,1,0.11679214239120483
ACH-000965,10341154,0,0.08171027153730392
ACH-000965,10368812,1,0.6291660666465759
ACH-000965,10377751,0,0.5602765679359436
ACH-000965,10384072,0,0.1170421838760376
ACH-000965,10459196,0,0.0888371542096138
ACH-000965,10461815,0,0.06197714805603027
ACH-000965,104741,0,0.24267539381980896
ACH-000965,104842,1,0.6286324858665466
ACH-000965,107969,1,0.510426938533783
ACH-000965,11152667,1,0.5216892957687378
ACH-000965,11175137,1,0.3717895746231079
ACH-000965,11178236,1,0.42388680577278137
ACH-000965,11282283,0,0.1757536083459854
ACH-000965,11327430,0,0.10552427917718887
ACH-000965,11338033,1,0.4865288734436035
ACH-000965,11364421,1,0.3972347378730774
ACH-000965,11373846,0,0.14744991064071655
ACH-000965,11467730,1,0.3373810350894928
ACH-000965,11485656,0,0.14986340701580048
ACH-000965,11488320,1,0.36800315976142883
ACH-000965,11493598,0,0.14244522154331207
ACH-000965,11507964,0,0.1890842616558075
ACH-000965,11511120,1,0.44056472182273865
ACH-000965,11617559,0,0.0884159579873085
ACH-000965,11624601,0,0.08386801928281784
ACH-000965,11625818,0,0.15618711709976196
ACH-000965,11626560,0,0.17523586750030518
ACH-000965,11626927,0,0.09863045066595078
ACH-000965,11634725,1,0.2997702956199646
ACH-000965,11647372,0,0.35493263602256775
ACH-000965,11667893,0,0.08855997025966644
ACH-000965,11676786,0,0.16840443015098572
ACH-000965,11707110,1,0.3429020643234253
ACH-000965,11713159,0,0.2681563198566437
ACH-000965,11754511,0,0.5077989101409912
ACH-000965,11754711,1,0.4502965211868286
ACH-000965,11844351,1,0.21714283525943756
ACH-000965,11960529,0,0.10058198869228363
ACH-000965,11977753,1,0.5108960270881653
ACH-000965,1206243,1,0.4065803587436676
ACH-000965,121596701,1,0.3345640301704407
ACH-000965,123631,0,0.08864876627922058
ACH-000965,126565,1,0.5638081431388855
ACH-000965,126941,0,0.27245083451271057
ACH-000965,13342,1,0.5004667639732361
ACH-000965,135398501,0,0.30539214611053467
ACH-000965,135398516,0,0.4586174190044403
ACH-000965,135410875,0,0.2238592952489853
ACH-000965,135418940,0,0.25168928503990173
ACH-000965,135423438,1,0.43554776906967163
ACH-000965,135440466,1,0.21864847838878632
ACH-000965,135499520,0,0.18090780079364777
ACH-000965,135564599,0,0.09040755033493042
ACH-000965,135565082,1,0.4524880349636078
ACH-000965,135659062,0,0.2704991400241852
ACH-000965,135691163,1,0.5079500079154968
ACH-000965,136240579,0,0.10516439378261566
ACH-000965,1401,0,0.16172516345977783
ACH-000965,148124,1,0.609091579914093
ACH-000965,156414,1,0.3244582712650299
ACH-000965,156422,0,0.11362086236476898
ACH-000965,160355,0,0.20141497254371643
ACH-000965,16038120,1,0.23261137306690216
ACH-000965,16095342,0,0.1844787746667862
ACH-000965,16123056,1,0.14770811796188354
ACH-000965,16218924,0,0.1695057600736618
ACH-000965,16659841,0,0.17217892408370972
ACH-000965,16663089,1,0.2242935597896576
ACH-000965,16722836,0,0.5367351770401001
ACH-000965,16725726,0,0.1835453361272812
ACH-000965,16732433,0,0.12194640189409256
ACH-000965,16747388,0,0.386874258518219
ACH-000965,176158,0,0.08909057825803757
ACH-000965,176167,0,0.34842875599861145
ACH-000965,176870,0,0.1358170062303543
ACH-000965,17755052,0,0.4868418872356415
ACH-000965,208908,0,0.10679357498884201
ACH-000965,216239,0,0.27745333313941956
ACH-000965,216326,0,0.054362744092941284
ACH-000965,23582824,1,0.7371274828910828
ACH-000965,23725625,0,0.09422963857650757
ACH-000965,2375,0,0.10532467067241669
ACH-000965,24180719,0,0.16922129690647125
ACH-000965,24737642,0,0.2985328137874603
ACH-000965,24739943,1,0.5893073081970215
ACH-000965,24756910,1,0.34167057275772095
ACH-000965,24770514,1,0.34921085834503174
ACH-000965,24771867,1,0.25846120715141296
ACH-000965,24772043,1,0.5067776441574097
ACH-000965,24772860,1,0.5729150176048279
ACH-000965,24776445,0,0.09420797228813171
ACH-000965,24826799,0,0.22210250794887543
ACH-000965,24889392,0,0.07335928827524185
ACH-000965,24894414,0,0.11668918281793594
ACH-000965,24951314,1,0.6357836723327637
ACH-000965,24964624,0,0.28094983100891113
ACH-000965,24978538,0,0.371911883354187
ACH-000965,25102847,1,0.2620268762111664
ACH-000965,25126798,0,0.09330080449581146
ACH-000965,25167777,1,0.5015531778335571
ACH-000965,25195294,1,0.7045350074768066
ACH-000965,25226117,0,0.15943533182144165
ACH-000965,25254071,1,0.5291736125946045
ACH-000965,25257557,1,0.26008501648902893
ACH-000965,25260757,1,0.3233521580696106
ACH-000965,25262792,1,0.3900185823440552
ACH-000965,25262965,1,0.3908960223197937
ACH-000965,2733526,0,0.1251695603132248
ACH-000965,300471,1,0.8043143153190613
ACH-000965,3005532,0,0.10370148718357086
ACH-000965,3062316,1,0.2606573700904846
ACH-000965,3101542,0,0.10939610749483109
ACH-000965,31703,1,0.7029767036437988
ACH-000965,3372016,1,0.14312602579593658
ACH-000965,3385,1,0.7191961407661438
ACH-000965,36314,1,0.6013730764389038
ACH-000965,36462,1,0.8143287897109985
ACH-000965,3796,1,0.14400815963745117
ACH-000965,3827738,1,0.15254129469394684
ACH-000965,387447,1,0.6716334819793701
ACH-000965,4248455,1,0.2678576409816742
ACH-000965,4261,1,0.7392966151237488
ACH-000965,42628507,1,0.4806358218193054
ACH-000965,42628535,0,0.2831852436065674
ACH-000965,42640,1,0.43588805198669434
ACH-000965,42642645,1,0.4466698467731476
ACH-000965,44137675,0,0.2863451838493347
ACH-000965,44143370,1,0.25087180733680725
ACH-000965,44182295,1,0.42291197180747986
ACH-000965,44224257,1,0.40607941150665283
ACH-000965,442972,0,0.21347855031490326
ACH-000965,44462760,0,0.2503686249256134
ACH-000965,444732,1,0.47043612599372864
ACH-000965,444795,1,0.20708100497722626
ACH-000965,44551660,0,0.6451314687728882
ACH-000965,447912,0,0.2935747504234314
ACH-000965,45258277,1,0.32735225558280945
ACH-000965,46006640,1,0.15743237733840942
ACH-000965,46191454,0,0.5777633786201477
ACH-000965,46192505,0,0.16172948479652405
ACH-000965,46224516,1,0.5271446108818054
ACH-000965,462382,1,0.5464097857475281
ACH-000965,46843648,0,0.4349687099456787
ACH-000965,46843772,1,0.2865203320980072
ACH-000965,46844147,0,0.25406011939048767
ACH-000965,46883536,0,0.08066671341657639
ACH-000965,46885626,0,0.41879984736442566
ACH-000965,46893585,0,0.22431668639183044
ACH-000965,46907787,1,0.32412680983543396
ACH-000965,46926973,0,0.16621683537960052
ACH-000965,46937430,0,0.098434217274189
ACH-000965,46943432,0,0.23712754249572754
ACH-000965,479503,1,0.6503190398216248
ACH-000965,49806720,0,0.08814455568790436
ACH-000965,49831044,0,0.6383747458457947
ACH-000965,49847690,1,0.33791929483413696
ACH-000965,49850262,0,0.11481252312660217
ACH-000965,4993,0,0.5555204153060913
ACH-000965,5081913,1,0.5340415835380554
ACH-000965,51039095,0,0.2972491383552551
ACH-000965,5113032,0,0.08083119988441467
ACH-000965,51358113,1,0.6084223985671997
ACH-000965,5278396,0,0.09763069450855255
ACH-000965,5284616,1,0.22348792850971222
ACH-000965,5287969,1,0.46259424090385437
ACH-000965,5291,0,0.09786716103553772
ACH-000965,52912189,0,0.46041542291641235
ACH-000965,52913813,0,0.1916586309671402
ACH-000965,5311,1,0.5342220664024353
ACH-000965,5311497,1,0.4112641215324402
ACH-000965,5311510,0,0.26800546050071716
ACH-000965,5328940,0,0.13276492059230804
ACH-000965,5329102,1,0.260560542345047
ACH-000965,53302361,1,0.33644893765449524
ACH-000965,5330286,1,0.3748795688152313
ACH-000965,53315878,0,0.08043955266475677
ACH-000965,53340664,1,0.30702105164527893
ACH-000965,53340666,1,0.5099307298660278
ACH-000965,5351307,1,0.6089959144592285
ACH-000965,5394,0,0.08432125300168991
ACH-000965,5460033,0,0.597396969795227
ACH-000965,54685215,0,0.0612499862909317
ACH-000965,5494449,1,0.2685037851333618
ACH-000965,560326,1,0.7929347157478333
ACH-000965,56599306,1,0.29884329438209534
ACH-000965,56962337,0,0.1301855593919754
ACH-000965,56965967,1,0.5718595385551453
ACH-000965,5717801,0,0.24865420162677765
ACH-000965,57339144,0,0.06858684867620468
ACH-000965,57519544,1,0.2068009227514267
ACH-000965,58423153,0,0.13959911465644836
ACH-000965,60750,1,0.8048397898674011
ACH-000965,6253,1,0.6546540260314941
ACH-000965,637858,1,0.5667558908462524
ACH-000965,644215,1,0.5053145885467529
ACH-000965,644241,0,0.13107192516326904
ACH-000965,644243,0,0.0799926221370697
ACH-000965,6445562,1,0.23740078508853912
ACH-000965,6450551,0,0.19066974520683289
ACH-000965,6450816,0,0.3467860221862793
ACH-000965,6473881,0,0.2028888463973999
ACH-000965,6505803,1,0.33329346776008606
ACH-000965,66577038,0,0.09850555658340454
ACH-000965,68234129,0,0.29826557636260986
ACH-000965,68289010,0,0.10323112457990646
ACH-000965,6852167,0,0.4970768392086029
ACH-000965,6914657,1,0.33002597093582153
ACH-000965,6918289,1,0.30739930272102356
ACH-000965,6918454,1,0.31720247864723206
ACH-000965,6918638,1,0.4787045121192932
ACH-000965,6918837,1,0.5340117812156677
ACH-000965,6918848,1,0.6595682501792908
ACH-000965,69923936,0,0.42326343059539795
ACH-000965,704473,0,0.15313030779361725
ACH-000965,71271629,0,0.37065666913986206
ACH-000965,71299339,0,0.1109393760561943
ACH-000965,71729975,1,0.522368311882019
ACH-000965,73265211,0,0.06689783185720444
ACH-000965,73265214,0,0.18081235885620117
ACH-000965,73707530,0,0.6588744521141052
ACH-000965,73755109,0,0.1872195601463318
ACH-000965,76044,1,0.38646724820137024
ACH-000965,76685059,0,0.3860892057418823
ACH-000965,77232197,1,0.6000471115112305
ACH-000965,78243717,0,0.07632540911436081
ACH-000965,8249,1,0.6733143329620361
ACH-000965,90488984,0,0.06354143470525742
ACH-000965,92577,0,0.11165397614240646
ACH-000965,9549184,1,0.20619115233421326
ACH-000965,9549289,1,0.49641409516334534
ACH-000965,9549297,0,0.11077621579170227
ACH-000965,97489,0,0.12483826279640198
ACH-000965,9826308,1,0.5417381525039673
ACH-000965,9826528,1,0.5805903077125549
ACH-000965,9829523,1,0.3834131062030792
ACH-000965,9858940,1,0.4795582890510559
ACH-000965,9863776,1,0.7074721455574036
ACH-000965,9868037,0,0.28825974464416504
ACH-000965,9874913,0,0.17281997203826904
ACH-000965,9884685,0,0.2072993963956833
ACH-000965,9903786,1,0.5020074248313904
ACH-000965,9907093,0,0.1949508637189865
ACH-000965,9908783,0,0.10220462083816528
ACH-000965,9910224,0,0.0763273611664772
ACH-000965,9911830,0,0.0743098184466362
ACH-000965,9914412,1,0.3736603558063507
ACH-000965,9926054,0,0.35288915038108826
ACH-000965,9952773,0,0.28390398621559143
ACH-000965,9956119,0,0.12074711173772812
ACH-000965,9956222,0,0.19972476363182068
ACH-000970,10074640,0,0.24071738123893738
ACH-000970,10077147,0,0.39797985553741455
ACH-000970,10127622,1,0.3512876033782959
ACH-000970,10184653,0,0.1554480791091919
ACH-000970,10341154,0,0.08387646079063416
ACH-000970,10368812,1,0.6355124711990356
ACH-000970,10377751,1,0.5613059997558594
ACH-000970,10384072,0,0.10729323327541351
ACH-000970,10459196,0,0.0745292603969574
ACH-000970,104741,0,0.23693601787090302
ACH-000970,104842,1,0.6088861227035522
ACH-000970,107969,1,0.5323874950408936
ACH-000970,11152667,1,0.4988979697227478
ACH-000970,11175137,0,0.40432584285736084
ACH-000970,11178236,1,0.38999462127685547
ACH-000970,11282283,0,0.19266828894615173
ACH-000970,11327430,0,0.11618619412183762
ACH-000970,11338033,1,0.46519947052001953
ACH-000970,11373846,0,0.1407318264245987
ACH-000970,11455910,1,0.7428159117698669
ACH-000970,11485656,0,0.16270038485527039
ACH-000970,11488320,1,0.37656253576278687
ACH-000970,11493598,0,0.14737772941589355
ACH-000970,11507964,0,0.19328546524047852
ACH-000970,11511120,0,0.4602654278278351
ACH-000970,11609586,0,0.6555392742156982
ACH-000970,11617559,0,0.10206150263547897
ACH-000970,11624601,0,0.09347517788410187
ACH-000970,11625818,0,0.16385714709758759
ACH-000970,11634725,0,0.29053133726119995
ACH-000970,11647372,1,0.3235655426979065
ACH-000970,11667893,0,0.10215934365987778
ACH-000970,11707110,1,0.3048892021179199
ACH-000970,11754511,0,0.5431938767433167
ACH-000970,117918970,0,0.3111210763454437
ACH-000970,117996541,0,0.7087683081626892
ACH-000970,11960529,0,0.1080111488699913
ACH-000970,11977753,1,0.4613765478134155
ACH-000970,1206243,1,0.347657710313797
ACH-000970,121596701,1,0.3420867621898651
ACH-000970,123631,0,0.09895095974206924
ACH-000970,126565,1,0.5442920327186584
ACH-000970,126941,1,0.2649817168712616
ACH-000970,13342,1,0.4954466223716736
ACH-000970,135398501,0,0.3288766145706177
ACH-000970,135398516,0,0.4260275959968567
ACH-000970,135410875,1,0.2092200219631195
ACH-000970,135418940,0,0.25346657633781433
ACH-000970,135423438,0,0.42885881662368774
ACH-000970,135440466,0,0.22261878848075867
ACH-000970,135499520,0,0.1617753952741623
ACH-000970,135564599,0,0.09468697756528854
ACH-000970,135565082,1,0.4166930615901947
ACH-000970,135659062,0,0.2662282884120941
ACH-000970,135691163,0,0.4730367064476013
ACH-000970,136240579,0,0.11936315894126892
ACH-000970,1401,0,0.19132749736309052
ACH-000970,148124,1,0.6076496243476868
ACH-000970,156414,0,0.3514486253261566
ACH-000970,156422,0,0.13245797157287598
ACH-000970,15953870,0,0.15815818309783936
ACH-000970,16095342,0,0.20075081288814545
ACH-000970,16123056,0,0.1552300602197647
ACH-000970,16218924,0,0.18295398354530334
ACH-000970,16659841,0,0.17488984763622284
ACH-000970,16720766,1,0.2756594121456146
ACH-000970,16722836,0,0.5372974276542664
ACH-000970,16725726,0,0.2020433247089386
ACH-000970,16732433,0,0.13746291399002075
ACH-000970,16747388,0,0.3328437805175781
ACH-000970,16747683,1,0.5496516227722168
ACH-000970,176167,0,0.37625789642333984
ACH-000970,17755052,1,0.4714711010456085
ACH-000970,216326,0,0.061689767986536026
ACH-000970,2314623,0,0.09233309328556061
ACH-000970,23582824,1,0.7177831530570984
ACH-000970,23725625,0,0.10301961749792099
ACH-000970,2375,0,0.09535308182239532
ACH-000970,24180719,0,0.18177016079425812
ACH-000970,24737642,0,0.31250613927841187
ACH-000970,24739943,1,0.5799701809883118
ACH-000970,24756910,1,0.37243160605430603
ACH-000970,24770514,1,0.3710746169090271
ACH-000970,24771867,0,0.24199585616588593
ACH-000970,24772043,0,0.5210585594177246
ACH-000970,24772860,1,0.5177642703056335
ACH-000970,24776445,0,0.10335929691791534
ACH-000970,24889392,0,0.08809377253055573
ACH-000970,24894414,0,0.1496247798204422
ACH-000970,24951314,1,0.6529867053031921
ACH-000970,24964624,1,0.2864944636821747
ACH-000970,24978538,0,0.34879693388938904
ACH-000970,25102847,0,0.27271556854248047
ACH-000970,25126798,0,0.09881716221570969
ACH-000970,25167777,1,0.4879366159439087
ACH-000970,25195294,1,0.7121020555496216
ACH-000970,25226117,0,0.17133106291294098
ACH-000970,25226483,1,0.7119226455688477
ACH-000970,25227436,0,0.5134149193763733
ACH-000970,25254071,1,0.46961644291877747
ACH-000970,25257557,0,0.260747492313385
ACH-000970,25260757,0,0.3488691449165344
ACH-000970,25262792,1,0.38947972655296326
ACH-000970,25262965,0,0.38421085476875305
ACH-000970,2733526,0,0.15115030109882355
ACH-000970,300471,1,0.7893471717834473
ACH-000970,3101542,0,0.12173216044902802
ACH-000970,31703,1,0.6516872048377991
ACH-000970,3372016,0,0.15296028554439545
ACH-000970,3385,0,0.7151381969451904
ACH-000970,3796,0,0.13271452486515045
ACH-000970,3827738,0,0.13962313532829285
ACH-000970,4248455,0,0.3015381395816803
ACH-000970,42628507,1,0.5103313326835632
ACH-000970,42628535,0,0.32533031702041626
ACH-000970,42640,0,0.39612632989883423
ACH-000970,42642645,1,0.4234125018119812
ACH-000970,44137675,0,0.29017966985702515
ACH-000970,44143370,0,0.2556156814098358
ACH-000970,44182295,1,0.39302781224250793
ACH-000970,44224257,1,0.3982209861278534
ACH-000970,44462760,1,0.23107300698757172
ACH-000970,444732,1,0.4964344799518585
ACH-000970,444795,0,0.22663532197475433
ACH-000970,44551660,0,0.6219722628593445
ACH-000970,44632017,1,0.3774873912334442
ACH-000970,447912,0,0.28108957409858704
ACH-000970,45258277,0,0.30628472566604614
ACH-000970,46006640,0,0.16674794256687164
ACH-000970,46191454,0,0.5847046375274658
ACH-000970,46192505,0,0.18636192381381989
ACH-000970,46224516,0,0.5625758767127991
ACH-000970,46244454,1,0.5777450203895569
ACH-000970,46843648,0,0.45122069120407104
ACH-000970,46843772,0,0.2710249423980713
ACH-000970,46883536,0,0.08210854977369308
ACH-000970,46885626,1,0.4175053536891937
ACH-000970,46893585,0,0.21438738703727722
ACH-000970,46907787,0,0.312775582075119
ACH-000970,46926973,0,0.19320635497570038
ACH-000970,46937430,0,0.10976282507181168
ACH-000970,46943432,0,0.2501135766506195
ACH-000970,49806720,0,0.09272473305463791
ACH-000970,49831044,1,0.6332545280456543
ACH-000970,49847690,1,0.3480285406112671
ACH-000970,49850262,0,0.12757569551467896
ACH-000970,5081913,1,0.44812166690826416
ACH-000970,51039095,0,0.28327760100364685
ACH-000970,5113032,0,0.08653342723846436
ACH-000970,51358113,1,0.5332017540931702
ACH-000970,51371303,0,0.19314336776733398
ACH-000970,5278396,0,0.10560750961303711
ACH-000970,5287969,1,0.4085354804992676
ACH-000970,52912189,1,0.4214351773262024
ACH-000970,52913813,0,0.1777876764535904
ACH-000970,5311,1,0.5699713230133057
ACH-000970,5328940,1,0.1371726095676422
ACH-000970,5330286,0,0.39687541127204895
ACH-000970,53315878,0,0.09860464185476303
ACH-000970,53340664,0,0.2850993275642395
ACH-000970,53340666,1,0.5433331727981567
ACH-000970,5351307,1,0.6248745322227478
ACH-000970,5394,0,0.08936800807714462
ACH-000970,5460033,0,0.5857810974121094
ACH-000970,54685215,0,0.06558825075626373
ACH-000970,56599306,0,0.29512718319892883
ACH-000970,56962337,0,0.14630866050720215
ACH-000970,56965967,0,0.5839605331420898
ACH-000970,57339144,0,0.08167639374732971
ACH-000970,57340680,1,0.3247196078300476
ACH-000970,57519544,0,0.24528338015079498
ACH-000970,58423153,0,0.1557609885931015
ACH-000970,60750,1,0.7582874298095703
ACH-000970,6253,1,0.6043071746826172
ACH-000970,637858,1,0.6003360152244568
ACH-000970,644241,0,0.1324021965265274
ACH-000970,6445562,0,0.22013874351978302
ACH-000970,6450551,0,0.21096211671829224
ACH-000970,6450816,0,0.3722948133945465
ACH-000970,6505803,1,0.3388068974018097
ACH-000970,65110,0,0.4025651216506958
ACH-000970,66577038,0,0.12024639546871185
ACH-000970,68234129,0,0.33385518193244934
ACH-000970,68289010,0,0.11817359179258347
ACH-000970,6852167,1,0.45956480503082275
ACH-000970,6914657,1,0.36303460597991943
ACH-000970,6918289,0,0.3259201943874359
ACH-000970,6918454,1,0.31939059495925903
ACH-000970,6918638,1,0.4977068603038788
ACH-000970,6918837,1,0.5779691934585571
ACH-000970,6918848,1,0.681037187576294
ACH-000970,69923936,0,0.3868412673473358
ACH-000970,704473,0,0.18240807950496674
ACH-000970,71271629,0,0.3760993778705597
ACH-000970,71299339,0,0.12069200724363327
ACH-000970,71729975,0,0.533909022808075
ACH-000970,73265211,0,0.07231531292200089
ACH-000970,73265214,0,0.1660960614681244
ACH-000970,73707530,0,0.6623276472091675
ACH-000970,73755109,0,0.18757735192775726
ACH-000970,76685059,1,0.38406902551651
ACH-000970,77232197,1,0.5613628029823303
ACH-000970,78243717,0,0.09146656841039658
ACH-000970,8249,0,0.6481214761734009
ACH-000970,90488984,0,0.07009242475032806
ACH-000970,9549289,0,0.47960367798805237
ACH-000970,9549297,0,0.10827577859163284
ACH-000970,97489,0,0.12728117406368256
ACH-000970,9826528,1,0.5412386059761047
ACH-000970,984170,0,0.14724494516849518
ACH-000970,9858940,0,0.5108949542045593
ACH-000970,9863776,1,0.6424857974052429
ACH-000970,9868037,0,0.2923825979232788
ACH-000970,9874913,0,0.2038567066192627
ACH-000970,9884685,1,0.19327642023563385
ACH-000970,9903786,0,0.4711025357246399
ACH-000970,9908783,0,0.10928568989038467
ACH-000970,9910224,0,0.08499731123447418
ACH-000970,9911830,0,0.08388900756835938
ACH-000970,9914412,0,0.4075673818588257
ACH-000970,9926054,0,0.3523745834827423
ACH-000970,9931954,0,0.1183927059173584
ACH-000970,9938202,0,0.17939265072345734
ACH-000970,9952773,0,0.31225550174713135
ACH-000970,9956119,0,0.1331619918346405
ACH-000970,9956222,0,0.21236728131771088
ACH-000978,10027278,1,0.4149872064590454
ACH-000978,10074640,0,0.26859569549560547
ACH-000978,10077147,0,0.42331668734550476
ACH-000978,10109823,0,0.31043511629104614
ACH-000978,10113978,0,0.21260966360569
ACH-000978,10127622,0,0.3435329794883728
ACH-000978,10184653,0,0.16410765051841736
ACH-000978,10341154,0,0.0859190821647644
ACH-000978,10368812,1,0.6809465885162354
ACH-000978,10377751,0,0.6067758202552795
ACH-000978,10384072,0,0.1169203445315361
ACH-000978,10459196,0,0.08209401369094849
ACH-000978,104741,0,0.23280483484268188
ACH-000978,104842,0,0.6284744143486023
ACH-000978,107969,1,0.5263484120368958
ACH-000978,11152667,1,0.5138530135154724
ACH-000978,11175137,1,0.41677215695381165
ACH-000978,11178236,1,0.42004603147506714
ACH-000978,11282283,0,0.1757533848285675
ACH-000978,11327430,0,0.11767883598804474
ACH-000978,11338033,1,0.4833102524280548
ACH-000978,11373846,0,0.16797709465026855
ACH-000978,11455910,1,0.7606996893882751
ACH-000978,11485656,0,0.15942218899726868
ACH-000978,11493598,0,0.13947930932044983
ACH-000978,11507964,0,0.1970207393169403
ACH-000978,11511120,1,0.46894949674606323
ACH-000978,11609586,0,0.6629683971405029
ACH-000978,11617559,0,0.0953492596745491
ACH-000978,11624601,0,0.08918539434671402
ACH-000978,11625818,0,0.1609220802783966
ACH-000978,11634725,0,0.306546688079834
ACH-000978,11640390,0,0.25664809346199036
ACH-000978,11647372,1,0.3509346842765808
ACH-000978,11667893,0,0.10027831792831421
ACH-000978,11707110,0,0.3236580491065979
ACH-000978,11713159,0,0.2385048270225525
ACH-000978,11754511,1,0.5431293845176697
ACH-000978,11784504,0,0.27141791582107544
ACH-000978,117918970,0,0.3356097340583801
ACH-000978,117996541,0,0.7228532433509827
ACH-000978,11960529,0,0.10372251272201538
ACH-000978,11977753,1,0.46954089403152466
ACH-000978,1206243,0,0.40875887870788574
ACH-000978,121596701,0,0.35813769698143005
ACH-000978,123631,0,0.09768878668546677
ACH-000978,126565,0,0.5675205588340759
ACH-000978,126941,0,0.26852256059646606
ACH-000978,13342,1,0.48744767904281616
ACH-000978,135398501,0,0.32557210326194763
ACH-000978,135398516,1,0.4407520592212677
ACH-000978,135410875,0,0.2070987969636917
ACH-000978,135418940,0,0.23874713480472565
ACH-000978,135421197,0,0.3324955105781555
ACH-000978,135423438,0,0.47593945264816284
ACH-000978,135440466,0,0.23958070576190948
ACH-000978,135499520,0,0.1634794920682907
ACH-000978,135539077,0,0.4059143364429474
ACH-000978,135564599,0,0.09665245562791824
ACH-000978,135565082,0,0.49213117361068726
ACH-000978,135659062,0,0.2837260365486145
ACH-000978,135691163,1,0.49127402901649475
ACH-000978,136240579,0,0.1275491714477539
ACH-000978,1401,0,0.18502205610275269
ACH-000978,148124,1,0.6044310927391052
ACH-000978,156414,1,0.3525427579879761
ACH-000978,156422,0,0.12523753941059113
ACH-000978,159324,1,0.8118491768836975
ACH-000978,15953870,0,0.15936493873596191
ACH-000978,16095342,0,0.19736851751804352
ACH-000978,16123056,0,0.14980736374855042
ACH-000978,16218924,0,0.1679401695728302
ACH-000978,16659841,0,0.18476690351963043
ACH-000978,16681698,1,0.4660704433917999
ACH-000978,16720766,0,0.2766779363155365
ACH-000978,16722836,0,0.536719560623169
ACH-000978,16725726,0,0.18583518266677856
ACH-000978,16732433,0,0.12746161222457886
ACH-000978,16747388,0,0.3538646697998047
ACH-000978,16747683,0,0.5663490295410156
ACH-000978,176158,0,0.09264015406370163
ACH-000978,176167,0,0.3602641522884369
ACH-000978,17755052,1,0.4587327837944031
ACH-000978,216326,0,0.06158293038606644
ACH-000978,2314623,0,0.09122637659311295
ACH-000978,23582824,1,0.7640301585197449
ACH-000978,23725625,0,0.10479516535997391
ACH-000978,2375,0,0.09503085166215897
ACH-000978,24180719,0,0.1776830404996872
ACH-000978,24737642,0,0.3212833106517792
ACH-000978,24739943,1,0.6085847616195679
ACH-000978,24756910,1,0.36566609144210815
ACH-000978,24770514,1,0.36550235748291016
ACH-000978,24771867,1,0.24472974240779877
ACH-000978,24772043,1,0.504330575466156
ACH-000978,24772860,1,0.5211690664291382
ACH-000978,24776445,0,0.09744469076395035
ACH-000978,24785538,1,0.4241858720779419
ACH-000978,24826799,0,0.22993837296962738
ACH-000978,24889392,0,0.07969900965690613
ACH-000978,24894414,0,0.14995110034942627
ACH-000978,24951314,1,0.6411234140396118
ACH-000978,24964624,1,0.29560357332229614
ACH-000978,24978538,0,0.342609703540802
ACH-000978,25022668,0,0.4519726037979126
ACH-000978,25102847,0,0.27666231989860535
ACH-000978,25124816,0,0.10814162343740463
ACH-000978,25126798,0,0.09596254676580429
ACH-000978,25167777,1,0.4916134774684906
ACH-000978,25195294,1,0.7305817008018494
ACH-000978,25226117,0,0.1555463820695877
ACH-000978,25226483,0,0.7154970765113831
ACH-000978,25227436,1,0.5350359678268433
ACH-000978,25254071,1,0.5121926069259644
ACH-000978,25257557,0,0.2829347550868988
ACH-000978,25260757,1,0.3551126718521118
ACH-000978,25262792,1,0.4301113486289978
ACH-000978,25262965,1,0.4215735197067261
ACH-000978,2733526,0,0.1510133147239685
ACH-000978,300471,1,0.7985981702804565
ACH-000978,3005532,0,0.12280216813087463
ACH-000978,3101542,0,0.11484698951244354
ACH-000978,31703,1,0.689858615398407
ACH-000978,3218,1,0.5578584671020508
ACH-000978,3372016,0,0.14715902507305145
ACH-000978,3385,0,0.7145188450813293
ACH-000978,3463933,1,0.6165294647216797
ACH-000978,36462,0,0.7774572968482971
ACH-000978,3796,0,0.1418589949607849
ACH-000978,3827738,0,0.13840657472610474
ACH-000978,4248455,0,0.29163599014282227
ACH-000978,42623900,0,0.29183530807495117
ACH-000978,42628507,1,0.5258467197418213
ACH-000978,42628535,0,0.3361271321773529
ACH-000978,42640,0,0.3986874222755432
ACH-000978,42642645,1,0.44492533802986145
ACH-000978,44137675,0,0.29873034358024597
ACH-000978,44143370,0,0.242723286151886
ACH-000978,44182295,0,0.40436607599258423
ACH-000978,44224257,1,0.4021761119365692
ACH-000978,44462760,0,0.21132861077785492
ACH-000978,444732,1,0.5398215055465698
ACH-000978,444795,0,0.24005244672298431
ACH-000978,44551660,1,0.6101507544517517
ACH-000978,44632017,1,0.4265175759792328
ACH-000978,446378,1,0.6167421936988831
ACH-000978,447912,0,0.2703586518764496
ACH-000978,448013,1,0.696795642375946
ACH-000978,45258277,1,0.3430441617965698
ACH-000978,46006640,0,0.16051363945007324
ACH-000978,46191454,0,0.5827924013137817
ACH-000978,46192505,0,0.1888493150472641
ACH-000978,46224516,1,0.5596597790718079
ACH-000978,46244454,1,0.5616667866706848
ACH-000978,46843648,0,0.47334250807762146
ACH-000978,46843772,0,0.27220410108566284
ACH-000978,46883536,0,0.07892686873674393
ACH-000978,46885626,1,0.4366599917411804
ACH-000978,46893585,0,0.22687944769859314
ACH-000978,46907787,0,0.3262758255004883
ACH-000978,46926973,0,0.1996334344148636
ACH-000978,46937430,0,0.10357102751731873
ACH-000978,46943432,0,0.26016804575920105
ACH-000978,479503,1,0.6719772219657898
ACH-000978,49806720,0,0.08517163246870041
ACH-000978,49831044,0,0.648791491985321
ACH-000978,49847690,1,0.34600919485092163
ACH-000978,49850262,0,0.13999612629413605
ACH-000978,5081913,1,0.48701798915863037
ACH-000978,51039095,0,0.32008442282676697
ACH-000978,5113032,0,0.08718763291835785
ACH-000978,51358113,1,0.5459810495376587
ACH-000978,51371303,0,0.18401847779750824
ACH-000978,521106,0,0.43736836314201355
ACH-000978,5278396,0,0.10626582056283951
ACH-000978,5280757,0,0.13581767678260803
ACH-000978,5287969,1,0.4588625729084015
ACH-000978,52912189,0,0.4174005091190338
ACH-000978,52913813,0,0.17910128831863403
ACH-000978,5311,0,0.576305091381073
ACH-000978,5311497,1,0.3969758450984955
ACH-000978,5328940,0,0.13815918564796448
ACH-000978,53302361,0,0.34413447976112366
ACH-000978,5330286,0,0.43032026290893555
ACH-000978,53315878,0,0.09263355284929276
ACH-000978,53340664,1,0.2999015152454376
ACH-000978,53340666,1,0.5497003197669983
ACH-000978,5351307,1,0.6247323155403137
ACH-000978,5360373,1,0.41557371616363525
ACH-000978,5394,0,0.08487199991941452
ACH-000978,5460033,0,0.5929635167121887
ACH-000978,54676905,0,0.06610358506441116
ACH-000978,54685215,0,0.06215290725231171
ACH-000978,560326,1,0.798527717590332
ACH-000978,56599306,0,0.29086577892303467
ACH-000978,56962337,0,0.13731984794139862
ACH-000978,56965967,0,0.5795619487762451
ACH-000978,57339144,0,0.07720694690942764
ACH-000978,57340680,1,0.36651769280433655
ACH-000978,5746,1,0.783515453338623
ACH-000978,57519544,0,0.2563455104827881
ACH-000978,58423153,0,0.16673611104488373
ACH-000978,60750,1,0.7540708780288696
ACH-000978,6253,0,0.5998412370681763
ACH-000978,637858,0,0.6360892057418823
ACH-000978,644241,0,0.13953669369220734
ACH-000978,644243,0,0.09128690510988235
ACH-000978,6445533,1,0.5627976655960083
ACH-000978,6445562,0,0.23129838705062866
ACH-000978,6450551,0,0.20544983446598053
ACH-000978,6450816,0,0.39640501141548157
ACH-000978,6505803,0,0.39227408170700073
ACH-000978,65110,0,0.41745367646217346
ACH-000978,66577038,0,0.11557615548372269
ACH-000978,68234129,0,0.340449720621109
ACH-000978,68289010,0,0.11491932719945908
ACH-000978,6852167,0,0.4864444434642792
ACH-000978,6914657,1,0.3708570897579193
ACH-000978,6918289,1,0.3613295555114746
ACH-000978,6918454,0,0.34608179330825806
ACH-000978,6918638,1,0.5202776193618774
ACH-000978,6918837,1,0.5960171818733215
ACH-000978,6918848,1,0.7024425268173218
ACH-000978,69923936,0,0.41651052236557007
ACH-000978,704473,0,0.1737450808286667
ACH-000978,71271629,0,0.37544524669647217
ACH-000978,71299339,0,0.1140483170747757
ACH-000978,71729975,0,0.508360743522644
ACH-000978,73265211,0,0.07601483166217804
ACH-000978,73265214,0,0.174819678068161
ACH-000978,73707530,1,0.6896467208862305
ACH-000978,73755109,0,0.18216776847839355
ACH-000978,77232197,1,0.5754203796386719
ACH-000978,78243717,0,0.08736874908208847
ACH-000978,82146,0,0.5405628085136414
ACH-000978,8249,1,0.627274215221405
ACH-000978,92577,0,0.10829046368598938
ACH-000978,9549289,1,0.5108767747879028
ACH-000978,9549297,0,0.12279181182384491
ACH-000978,97489,0,0.12973444163799286
ACH-000978,9826528,1,0.5717693567276001
ACH-000978,9829523,0,0.38452640175819397
ACH-000978,984170,0,0.1522533893585205
ACH-000978,9858940,1,0.47614169120788574
ACH-000978,9863776,0,0.708367645740509
ACH-000978,9868037,0,0.2745696008205414
ACH-000978,9874913,0,0.2089315950870514
ACH-000978,9884685,1,0.2120824158191681
ACH-000978,9903786,0,0.4725997745990753
ACH-000978,9908783,0,0.10265355557203293
ACH-000978,9910224,0,0.0814899429678917
ACH-000978,9911830,0,0.07712987810373306
ACH-000978,9914412,0,0.40327775478363037
ACH-000978,9926054,0,0.3557480275630951
ACH-000978,9931954,0,0.12603159248828888
ACH-000978,9938202,0,0.17392617464065552
ACH-000978,9952773,0,0.2999870181083679
ACH-000978,9956119,0,0.1252077966928482
ACH-000978,9956222,0,0.20782305300235748
ACH-000998,10027278,0,0.3912590444087982
ACH-000998,10074640,0,0.2647612392902374
ACH-000998,10077147,0,0.44384244084358215
ACH-000998,10109823,0,0.31679242849349976
ACH-000998,10113978,0,0.23294736444950104
ACH-000998,10127622,0,0.32900866866111755
ACH-000998,10172943,0,0.5127356648445129
ACH-000998,10184653,1,0.18700630962848663
ACH-000998,10302451,0,0.13651520013809204
ACH-000998,10341154,0,0.09718350321054459
ACH-000998,10368812,0,0.6698907613754272
ACH-000998,10377751,0,0.6222547888755798
ACH-000998,10384072,0,0.13224978744983673
ACH-000998,10459196,0,0.0839177668094635
ACH-000998,10461815,0,0.07581257820129395
ACH-000998,104741,0,0.26233139634132385
ACH-000998,104842,1,0.6376307010650635
ACH-000998,107969,1,0.5784878134727478
ACH-000998,11152667,1,0.5516475439071655
ACH-000998,11175137,0,0.4421740174293518
ACH-000998,11178236,0,0.4387661814689636
ACH-000998,11282283,0,0.20539866387844086
ACH-000998,11327430,0,0.13433998823165894
ACH-000998,11338033,0,0.5038829445838928
ACH-000998,11364421,0,0.4666462242603302
ACH-000998,11373846,0,0.18289676308631897
ACH-000998,11455910,1,0.7586899995803833
ACH-000998,11467730,0,0.33378344774246216
ACH-000998,11485656,0,0.18198882043361664
ACH-000998,11488320,1,0.4203071594238281
ACH-000998,11493598,0,0.1451737880706787
ACH-000998,11507964,0,0.22030989825725555
ACH-000998,11511120,0,0.5222576856613159
ACH-000998,11609586,1,0.6610559225082397
ACH-000998,11617559,0,0.11167940497398376
ACH-000998,11624601,0,0.09196385741233826
ACH-000998,11625818,0,0.16244028508663177
ACH-000998,11626560,0,0.22152571380138397
ACH-000998,11626927,0,0.09182766079902649
ACH-000998,11634725,0,0.2908504605293274
ACH-000998,11640390,0,0.26107487082481384
ACH-000998,11647372,0,0.35740748047828674
ACH-000998,11667893,0,0.1101023331284523
ACH-000998,11676786,0,0.17332547903060913
ACH-000998,11707110,0,0.3228311538696289
ACH-000998,11713159,0,0.2482014149427414
ACH-000998,11754511,1,0.5988929867744446
ACH-000998,11754711,0,0.584945023059845
ACH-000998,11784504,0,0.2806948125362396
ACH-000998,117918970,0,0.33857491612434387
ACH-000998,117996541,0,0.7355214357376099
ACH-000998,11844351,0,0.2595674991607666
ACH-000998,11960529,0,0.11583252251148224
ACH-000998,11977753,1,0.4658149480819702
ACH-000998,121596701,0,0.3731538653373718
ACH-000998,123631,0,0.11206750571727753
ACH-000998,126565,0,0.548927366733551
ACH-000998,126941,0,0.3147861957550049
ACH-000998,13342,1,0.5279442071914673
ACH-000998,135398501,1,0.33382776379585266
ACH-000998,135398516,0,0.4452609717845917
ACH-000998,135410875,0,0.24128153920173645
ACH-000998,135418940,0,0.25993141531944275
ACH-000998,135421197,0,0.3567552864551544
ACH-000998,135423438,0,0.4445790946483612
ACH-000998,135440466,0,0.24809794127941132
ACH-000998,135499520,0,0.15782001614570618
ACH-000998,135539077,0,0.42029544711112976
ACH-000998,135564599,0,0.09321951866149902
ACH-000998,135565082,0,0.48565736413002014
ACH-000998,135659062,0,0.2796242833137512
ACH-000998,135691163,0,0.5033504366874695
ACH-000998,136240579,0,0.14509381353855133
ACH-000998,1401,0,0.201435849070549
ACH-000998,148124,0,0.641478419303894
ACH-000998,156414,1,0.3794952630996704
ACH-000998,156422,0,0.14031440019607544
ACH-000998,159324,0,0.8211129307746887
ACH-000998,15953870,0,0.16956576704978943
ACH-000998,160355,0,0.24395620822906494
ACH-000998,16038120,0,0.27236029505729675
ACH-000998,16095342,0,0.2216828167438507
ACH-000998,16123056,0,0.15391704440116882
ACH-000998,16218924,0,0.18913967907428741
ACH-000998,16659841,0,0.19362160563468933
ACH-000998,16663089,0,0.2462376356124878
ACH-000998,16681698,0,0.4813227355480194
ACH-000998,16722836,0,0.5731334686279297
ACH-000998,16725726,0,0.21371793746948242
ACH-000998,16732433,0,0.13486312329769135
ACH-000998,16747388,0,0.33614152669906616
ACH-000998,16747683,1,0.5929763317108154
ACH-000998,176158,0,0.1089092269539833
ACH-000998,176167,0,0.3925699293613434
ACH-000998,176870,0,0.16705161333084106
ACH-000998,17755052,0,0.5014194250106812
ACH-000998,208908,0,0.13361696898937225
ACH-000998,216239,0,0.2577338218688965
ACH-000998,216326,0,0.06988510489463806
ACH-000998,2314623,0,0.09921441972255707
ACH-000998,23582824,0,0.7426032423973083
ACH-000998,23725625,0,0.12068556994199753
ACH-000998,2375,0,0.09887208789587021
ACH-000998,24180719,0,0.18713794648647308
ACH-000998,24737642,0,0.3501569926738739
ACH-000998,24739943,0,0.6366254091262817
ACH-000998,24756910,1,0.42436569929122925
ACH-000998,24770514,0,0.4108639359474182
ACH-000998,24771867,0,0.2644703686237335
ACH-000998,24772043,0,0.5657113790512085
ACH-000998,24772860,1,0.5450345873832703
ACH-000998,24776445,0,0.11247851699590683
ACH-000998,24785538,0,0.40997642278671265
ACH-000998,24826799,0,0.23361176252365112
ACH-000998,24889392,0,0.09128174930810928
ACH-000998,24894414,0,0.1816270351409912
ACH-000998,24951314,1,0.7137290835380554
ACH-000998,24964624,0,0.2988817095756531
ACH-000998,24978538,0,0.3774419128894806
ACH-000998,25022668,0,0.4957347810268402
ACH-000998,25102847,0,0.3259084224700928
ACH-000998,25124816,0,0.11452232301235199
ACH-000998,25126798,0,0.1001286655664444
ACH-000998,25167777,0,0.5258151888847351
ACH-000998,25195294,1,0.7508991956710815
ACH-000998,25226117,0,0.19430354237556458
ACH-000998,25226483,0,0.7640330791473389
ACH-000998,25227436,0,0.49830713868141174
ACH-000998,25254071,0,0.4781957268714905
ACH-000998,25257557,0,0.289201945066452
ACH-000998,25260757,0,0.393715500831604
ACH-000998,25262792,0,0.4128137528896332
ACH-000998,25262965,0,0.4025886654853821
ACH-000998,2733526,0,0.16146071255207062
ACH-000998,300471,1,0.8017772436141968
ACH-000998,3005532,0,0.12359930574893951
ACH-000998,3062316,0,0.26899558305740356
ACH-000998,3101542,0,0.12206463515758514
ACH-000998,31703,1,0.6681176424026489
ACH-000998,3218,0,0.5965911746025085
ACH-000998,3372016,0,0.15517471730709076
ACH-000998,3385,1,0.709485650062561
ACH-000998,3463933,0,0.6578459143638611
ACH-000998,36314,0,0.630662202835083
ACH-000998,36462,0,0.7526821494102478
ACH-000998,3796,0,0.1416081339120865
ACH-000998,3827738,0,0.14988717436790466
ACH-000998,387447,1,0.660618245601654
ACH-000998,4248455,0,0.33916929364204407
ACH-000998,4261,1,0.7718766927719116
ACH-000998,42623900,0,0.30342304706573486
ACH-000998,42628507,0,0.5507817268371582
ACH-000998,42628535,0,0.3721558153629303
ACH-000998,42640,0,0.442477285861969
ACH-000998,42642645,0,0.4782954156398773
ACH-000998,44137675,0,0.3267955183982849
ACH-000998,44143370,0,0.2689700424671173
ACH-000998,44182295,0,0.4265148937702179
ACH-000998,44224257,0,0.4337330162525177
ACH-000998,442972,0,0.2639990746974945
ACH-000998,44462760,0,0.24643731117248535
ACH-000998,444732,0,0.577010452747345
ACH-000998,444795,0,0.27939659357070923
ACH-000998,44551660,0,0.6268544793128967
ACH-000998,446378,0,0.6847661733627319
ACH-000998,447912,0,0.2866872251033783
ACH-000998,448013,0,0.6963162422180176
ACH-000998,45258277,0,0.3472077250480652
ACH-000998,46006640,0,0.17730697989463806
ACH-000998,46191454,0,0.5993172526359558
ACH-000998,46192505,0,0.1893978863954544
ACH-000998,46224516,0,0.6085960268974304
ACH-000998,462382,0,0.6249030232429504
ACH-000998,46244454,1,0.6008355617523193
ACH-000998,46843648,0,0.5108441710472107
ACH-000998,46843772,0,0.27946704626083374
ACH-000998,46844147,0,0.27155330777168274
ACH-000998,46883536,0,0.0830921083688736
ACH-000998,46885626,1,0.45744937658309937
ACH-000998,46893585,0,0.22495852410793304
ACH-000998,46907787,0,0.34680137038230896
ACH-000998,46926973,0,0.21361708641052246
ACH-000998,46937430,0,0.11100839823484421
ACH-000998,46943432,0,0.28476524353027344
ACH-000998,479503,0,0.6702290177345276
ACH-000998,49806720,0,0.09639721363782883
ACH-000998,49831044,0,0.6707434058189392
ACH-000998,49847690,0,0.3614034950733185
ACH-000998,49850262,0,0.15443576872348785
ACH-000998,4993,0,0.5936087369918823
ACH-000998,5081913,1,0.4779333770275116
ACH-000998,51039095,0,0.3103620111942291
ACH-000998,5113032,0,0.09772574156522751
ACH-000998,51358113,1,0.5474361181259155
ACH-000998,51371303,0,0.20221708714962006
ACH-000998,521106,0,0.4031316936016083
ACH-000998,5278396,0,0.12256952375173569
ACH-000998,5280757,0,0.15013974905014038
ACH-000998,5284616,0,0.2749822437763214
ACH-000998,5287969,0,0.43362852931022644
ACH-000998,5291,0,0.12789998948574066
ACH-000998,52912189,0,0.42268964648246765
ACH-000998,52913813,0,0.20768600702285767
ACH-000998,5311,1,0.62275630235672
ACH-000998,5311497,0,0.4500046968460083
ACH-000998,5311510,0,0.28029969334602356
ACH-000998,5328940,0,0.141795814037323
ACH-000998,5329102,0,0.3164595663547516
ACH-000998,53302361,0,0.34680765867233276
ACH-000998,5330286,0,0.43890056014060974
ACH-000998,53315878,0,0.10927450656890869
ACH-000998,53340664,0,0.310219407081604
ACH-000998,53340666,0,0.6033000349998474
ACH-000998,5351307,1,0.6503209471702576
ACH-000998,5360373,0,0.4365679621696472
ACH-000998,5394,0,0.08824924379587173
ACH-000998,5460033,0,0.6097589135169983
ACH-000998,54676905,0,0.06657256931066513
ACH-000998,54685215,0,0.07054324448108673
ACH-000998,5494449,0,0.32403564453125
ACH-000998,560326,0,0.8168579339981079
ACH-000998,56599306,0,0.3139892816543579
ACH-000998,56962337,0,0.15744167566299438
ACH-000998,56965967,0,0.6188914775848389
ACH-000998,5717801,0,0.23027151823043823
ACH-000998,57339144,0,0.08617375791072845
ACH-000998,57340680,0,0.3638126850128174
ACH-000998,5746,1,0.7679771184921265
ACH-000998,57519544,0,0.2681765854358673
ACH-000998,58423153,0,0.18231159448623657
ACH-000998,60750,0,0.7293616533279419
ACH-000998,6253,1,0.5835646986961365
ACH-000998,637858,0,0.652513325214386
ACH-000998,644215,0,0.5369096994400024
ACH-000998,644241,0,0.14677615463733673
ACH-000998,644243,0,0.09336907416582108
ACH-000998,6445533,0,0.5813145041465759
ACH-000998,6445562,1,0.23485638201236725
ACH-000998,6450551,0,0.2267531156539917
ACH-000998,6450816,0,0.3965693712234497
ACH-000998,6473881,0,0.22413985431194305
ACH-000998,6505803,0,0.4086490273475647
ACH-000998,65110,0,0.4114442765712738
ACH-000998,66577038,0,0.12719550728797913
ACH-000998,68234129,0,0.37954795360565186
ACH-000998,68289010,0,0.12323151528835297
ACH-000998,6852167,0,0.46001341938972473
ACH-000998,6914657,1,0.4115820527076721
ACH-000998,6918289,0,0.3654176592826843
ACH-000998,6918454,0,0.3795352578163147
ACH-000998,6918638,1,0.5383539795875549
ACH-000998,6918837,0,0.627651572227478
ACH-000998,6918848,1,0.7301352024078369
ACH-000998,69923936,1,0.40941357612609863
ACH-000998,704473,0,0.18574891984462738
ACH-000998,71271629,0,0.43991097807884216
ACH-000998,71299339,0,0.12594443559646606
ACH-000998,71729975,1,0.5511692762374878
ACH-000998,73265211,0,0.07960685342550278
ACH-000998,73265214,0,0.1916869580745697
ACH-000998,73707530,0,0.6974068284034729
ACH-000998,73755109,0,0.19438078999519348
ACH-000998,76044,0,0.3857885003089905
ACH-000998,76685059,0,0.37084418535232544
ACH-000998,77232197,0,0.5939393639564514
ACH-000998,82146,0,0.6127768158912659
ACH-000998,8249,1,0.6630774140357971
ACH-000998,92577,0,0.11912641674280167
ACH-000998,9549184,0,0.22898182272911072
ACH-000998,9549289,0,0.5005663633346558
ACH-000998,9549297,0,0.13940879702568054
ACH-000998,97489,0,0.133428156375885
ACH-000998,9826308,0,0.4667859375476837
ACH-000998,9826528,0,0.5580382347106934
ACH-000998,9829523,0,0.3593670427799225
ACH-000998,984170,0,0.16711857914924622
ACH-000998,9858940,0,0.5233649015426636
ACH-000998,9863776,1,0.6823139190673828
ACH-000998,9868037,0,0.29927560687065125
ACH-000998,9874913,0,0.2128296196460724
ACH-000998,9884685,0,0.2219749242067337
ACH-000998,9903786,0,0.5180524587631226
ACH-000998,9907093,0,0.2391468584537506
ACH-000998,9908783,0,0.11135929822921753
ACH-000998,9910224,0,0.09477653354406357
ACH-000998,9911830,0,0.08708687126636505
ACH-000998,9914412,0,0.4381773769855499
ACH-000998,9926054,0,0.3666861355304718
ACH-000998,9931954,0,0.12691321969032288
ACH-000998,9938202,0,0.19315780699253082
ACH-000998,9952773,1,0.31600886583328247
ACH-000998,9956119,0,0.13192753493785858
ACH-000998,9956222,0,0.24434508383274078
ACH-000999,10074640,0,0.259761244058609
ACH-000999,10127622,0,0.3293897211551666
ACH-000999,10184653,0,0.16460590064525604
ACH-000999,10368812,1,0.6051434874534607
ACH-000999,10377751,0,0.5300114750862122
ACH-000999,104741,0,0.25878944993019104
ACH-000999,104842,1,0.5787893533706665
ACH-000999,107969,1,0.5619213581085205
ACH-000999,11152667,0,0.5247147679328918
ACH-000999,11175137,1,0.34600862860679626
ACH-000999,11178236,1,0.4852614104747772
ACH-000999,11282283,0,0.21007752418518066
ACH-000999,11338033,1,0.44343289732933044
ACH-000999,11373846,0,0.16518810391426086
ACH-000999,11485656,0,0.1561373472213745
ACH-000999,11488320,0,0.3619175851345062
ACH-000999,11493598,0,0.13513049483299255
ACH-000999,11507964,0,0.22095023095607758
ACH-000999,11511120,1,0.46650680899620056
ACH-000999,11617559,0,0.10155726224184036
ACH-000999,11625818,0,0.14224129915237427
ACH-000999,11634725,0,0.23583164811134338
ACH-000999,11647372,1,0.3646920919418335
ACH-000999,11707110,0,0.35053691267967224
ACH-000999,11754511,0,0.538994312286377
ACH-000999,1206243,0,0.36556127667427063
ACH-000999,121596701,0,0.35193222761154175
ACH-000999,135398501,1,0.31972217559814453
ACH-000999,135398516,1,0.4382222592830658
ACH-000999,135410875,0,0.21446636319160461
ACH-000999,135418940,0,0.24504879117012024
ACH-000999,135423438,1,0.39958131313323975
ACH-000999,135440466,0,0.20598623156547546
ACH-000999,135499520,0,0.15885597467422485
ACH-000999,135565082,0,0.45344072580337524
ACH-000999,135659062,0,0.2569352686405182
ACH-000999,135691163,0,0.5199714303016663
ACH-000999,156414,1,0.31051725149154663
ACH-000999,16095342,0,0.19983668625354767
ACH-000999,16123056,0,0.13633029162883759
ACH-000999,16218924,0,0.1518581062555313
ACH-000999,16659841,0,0.1586812436580658
ACH-000999,16720766,0,0.3075791597366333
ACH-000999,16722836,1,0.5355855226516724
ACH-000999,16725726,1,0.19581153988838196
ACH-000999,16732433,0,0.11964558064937592
ACH-000999,16747388,0,0.3788912296295166
ACH-000999,16747683,1,0.5034565329551697
ACH-000999,176167,1,0.390841007232666
ACH-000999,17755052,0,0.5128579139709473
ACH-000999,23582824,1,0.6529437899589539
ACH-000999,23725625,0,0.11554383486509323
ACH-000999,2375,0,0.10854992270469666
ACH-000999,24180719,0,0.14631281793117523
ACH-000999,24737642,1,0.30212345719337463
ACH-000999,24739943,1,0.5171505808830261
ACH-000999,24756910,1,0.3975349962711334
ACH-000999,24770514,0,0.41703784465789795
ACH-000999,24771867,1,0.22447650134563446
ACH-000999,24772043,1,0.5076327919960022
ACH-000999,24772860,0,0.5563176870346069
ACH-000999,24889392,0,0.08878389000892639
ACH-000999,24894414,0,0.15161187946796417
ACH-000999,24951314,1,0.6838473677635193
ACH-000999,25102847,0,0.3156752586364746
ACH-000999,25126798,0,0.08930153399705887
ACH-000999,25167777,1,0.44319429993629456
ACH-000999,25195294,1,0.6984596252441406
ACH-000999,25254071,1,0.5007806420326233
ACH-000999,25257557,1,0.2656576335430145
ACH-000999,25260757,1,0.35657191276550293
ACH-000999,25262792,0,0.3280116021633148
ACH-000999,2733526,0,0.13617220520973206
ACH-000999,3101542,0,0.10998907685279846
ACH-000999,31703,1,0.6843824982643127
ACH-000999,3372016,0,0.14318646490573883
ACH-000999,3385,0,0.7016717791557312
ACH-000999,3796,1,0.12643995881080627
ACH-000999,3827738,0,0.16232487559318542
ACH-000999,4248455,0,0.30055493116378784
ACH-000999,42628507,1,0.4715617299079895
ACH-000999,42640,1,0.45504939556121826
ACH-000999,42642645,1,0.4666217267513275
ACH-000999,44143370,1,0.22508296370506287
ACH-000999,44182295,0,0.43281593918800354
ACH-000999,44224257,1,0.40714529156684875
ACH-000999,44462760,0,0.2210332453250885
ACH-000999,444732,1,0.4784923791885376
ACH-000999,44551660,1,0.5657948851585388
ACH-000999,44632017,0,0.4187377691268921
ACH-000999,447912,0,0.3173360228538513
ACH-000999,45258277,1,0.3172557055950165
ACH-000999,46006640,0,0.16742047667503357
ACH-000999,46191454,1,0.5541571378707886
ACH-000999,46192505,0,0.14840248227119446
ACH-000999,46224516,1,0.5310086011886597
ACH-000999,46843648,0,0.46384432911872864
ACH-000999,46883536,0,0.08725596964359283
ACH-000999,46885626,1,0.39171239733695984
ACH-000999,46893585,0,0.22157111763954163
ACH-000999,46907787,0,0.3262229263782501
ACH-000999,46926973,0,0.16722379624843597
ACH-000999,46937430,0,0.09847129136323929
ACH-000999,46943432,0,0.24807122349739075
ACH-000999,49806720,0,0.09940279275178909
ACH-000999,49831044,0,0.5575857758522034
ACH-000999,49847690,1,0.3322671949863434
ACH-000999,49850262,0,0.13190357387065887
ACH-000999,5081913,1,0.5024975538253784
ACH-000999,51039095,0,0.278546005487442
ACH-000999,5113032,0,0.08551427721977234
ACH-000999,51358113,1,0.5512089133262634
ACH-000999,5287969,1,0.4550756514072418
ACH-000999,52912189,0,0.40042024850845337
ACH-000999,52913813,0,0.21619561314582825
ACH-000999,53315878,0,0.09444231539964676
ACH-000999,53340664,1,0.29641586542129517
ACH-000999,53340666,1,0.5597493648529053
ACH-000999,5351307,1,0.55535489320755
ACH-000999,5394,0,0.0867111086845398
ACH-000999,5460033,0,0.6020413637161255
ACH-000999,54685215,0,0.06801848858594894
ACH-000999,56599306,0,0.26599979400634766
ACH-000999,56962337,0,0.15020307898521423
ACH-000999,56965967,1,0.5765581727027893
ACH-000999,57339144,0,0.07996346801519394
ACH-000999,57519544,0,0.2168971449136734
ACH-000999,58423153,0,0.16094981133937836
ACH-000999,60750,0,0.7423670887947083
ACH-000999,637858,1,0.6102060675621033
ACH-000999,6445562,1,0.2101556807756424
ACH-000999,6450816,1,0.35180702805519104
ACH-000999,66577038,0,0.1100289598107338
ACH-000999,68234129,1,0.3629571199417114
ACH-000999,68289010,0,0.09472718834877014
ACH-000999,6852167,1,0.4964998960494995
ACH-000999,6914657,1,0.3680965304374695
ACH-000999,6918638,1,0.5138788819313049
ACH-000999,6918837,1,0.5317264199256897
ACH-000999,6918848,0,0.6418507695198059
ACH-000999,69923936,1,0.40484872460365295
ACH-000999,704473,0,0.1502796858549118
ACH-000999,71271629,0,0.3777010142803192
ACH-000999,71299339,0,0.12397141009569168
ACH-000999,71729975,0,0.512264609336853
ACH-000999,73265211,0,0.07298161834478378
ACH-000999,73265214,0,0.19123011827468872
ACH-000999,73707530,1,0.5556676387786865
ACH-000999,76685059,0,0.38730770349502563
ACH-000999,77232197,1,0.5976666808128357
ACH-000999,78243717,0,0.08596626669168472
ACH-000999,8249,0,0.6443768739700317
ACH-000999,90488984,0,0.07000312954187393
ACH-000999,9549289,1,0.366112619638443
ACH-000999,9549297,0,0.12780793011188507
ACH-000999,97489,0,0.12028621882200241
ACH-000999,9858940,0,0.4478265941143036
ACH-000999,9863776,0,0.6992526054382324
ACH-000999,9868037,0,0.2935175895690918
ACH-000999,9874913,0,0.177703857421875
ACH-000999,9884685,1,0.21212291717529297
ACH-000999,9903786,1,0.5120773911476135
ACH-000999,9908783,0,0.09985968470573425
ACH-000999,9910224,0,0.08393141627311707
ACH-000999,9911830,0,0.08197000622749329
ACH-000999,9926054,1,0.38816747069358826
ACH-000999,9952773,0,0.22504457831382751
ACH-000999,9956119,0,0.1155339926481247
ACH-000999,9956222,1,0.23129431903362274
ACH-001106,10027278,1,0.36222144961357117
ACH-001106,10074640,1,0.2627312242984772
ACH-001106,10077147,1,0.42520755529403687
ACH-001106,10109823,1,0.3367367088794708
ACH-001106,10113978,0,0.1889113187789917
ACH-001106,10127622,0,0.33359798789024353
ACH-001106,10172943,1,0.44963181018829346
ACH-001106,10184653,0,0.18201863765716553
ACH-001106,10302451,0,0.1332891881465912
ACH-001106,10341154,0,0.0839124470949173
ACH-001106,10368812,1,0.6172415018081665
ACH-001106,10377751,1,0.6025222539901733
ACH-001106,10384072,0,0.12792269885540009
ACH-001106,10459196,0,0.09006267040967941
ACH-001106,10461815,0,0.07147647440433502
ACH-001106,104741,0,0.28593096137046814
ACH-001106,104842,1,0.5466271638870239
ACH-001106,107969,1,0.5735546350479126
ACH-001106,11152667,1,0.4811023771762848
ACH-001106,11175137,1,0.3824436664581299
ACH-001106,11178236,1,0.45220357179641724
ACH-001106,11282283,1,0.20096023380756378
ACH-001106,11327430,0,0.12413570284843445
ACH-001106,11338033,1,0.4783715009689331
ACH-001106,11364421,1,0.4444415271282196
ACH-001106,11373846,0,0.17209672927856445
ACH-001106,11467730,0,0.3039897084236145
ACH-001106,11485656,0,0.16779227554798126
ACH-001106,11488320,1,0.40786948800086975
ACH-001106,11493598,0,0.14824022352695465
ACH-001106,11507964,0,0.21358364820480347
ACH-001106,11511120,1,0.48886144161224365
ACH-001106,11617559,0,0.11094912886619568
ACH-001106,11624601,0,0.08933120965957642
ACH-001106,11625818,0,0.1621573567390442
ACH-001106,11626560,0,0.2029460221529007
ACH-001106,11634725,1,0.28069719672203064
ACH-001106,11640390,0,0.2590363919734955
ACH-001106,11647372,1,0.3141940236091614
ACH-001106,11667893,0,0.10410771518945694
ACH-001106,11676786,1,0.17726461589336395
ACH-001106,11707110,0,0.3093816936016083
ACH-001106,11713159,0,0.2607651948928833
ACH-001106,11754511,1,0.5594674944877625
ACH-001106,11754711,1,0.5461666584014893
ACH-001106,11784504,1,0.27147382497787476
ACH-001106,117918970,0,0.33803245425224304
ACH-001106,11844351,0,0.23516498506069183
ACH-001106,11960529,0,0.11038313806056976
ACH-001106,11977753,1,0.44846951961517334
ACH-001106,1206243,1,0.4191012680530548
ACH-001106,121596701,1,0.3451825976371765
ACH-001106,123631,0,0.11133469641208649
ACH-001106,126565,1,0.5091398358345032
ACH-001106,126941,1,0.277324914932251
ACH-001106,13342,1,0.4757428467273712
ACH-001106,135398501,1,0.32745757699012756
ACH-001106,135398516,1,0.4518558979034424
ACH-001106,135418940,0,0.2570001780986786
ACH-001106,135421197,1,0.33069556951522827
ACH-001106,135423438,1,0.43876391649246216
ACH-001106,135440466,0,0.24143613874912262
ACH-001106,135499520,0,0.1682102531194687
ACH-001106,135539077,1,0.40869393944740295
ACH-001106,135564599,0,0.09630388021469116
ACH-001106,135565082,1,0.4532504677772522
ACH-001106,135659062,1,0.28334787487983704
ACH-001106,135691163,1,0.5336353182792664
ACH-001106,136240579,0,0.1269664764404297
ACH-001106,1401,0,0.179380863904953
ACH-001106,148124,1,0.5595777034759521
ACH-001106,156414,1,0.3649023771286011
ACH-001106,159324,1,0.7384085655212402
ACH-001106,160355,0,0.2565443813800812
ACH-001106,16038120,1,0.2744206488132477
ACH-001106,16095342,1,0.21529215574264526
ACH-001106,16123056,0,0.15105150640010834
ACH-001106,16218924,0,0.18401257693767548
ACH-001106,16659841,0,0.18520565330982208
ACH-001106,16663089,1,0.24530382454395294
ACH-001106,16681698,1,0.451580673456192
ACH-001106,16720766,0,0.27483096718788147
ACH-001106,16722836,1,0.5224753618240356
ACH-001106,16725726,0,0.20857550203800201
ACH-001106,16732433,0,0.13082119822502136
ACH-001106,16747388,1,0.3649028539657593
ACH-001106,16747683,1,0.5445374846458435
ACH-001106,176158,0,0.10277590155601501
ACH-001106,176167,1,0.37063097953796387
ACH-001106,176870,0,0.1646755486726761
ACH-001106,17755052,1,0.5011135935783386
ACH-001106,208908,0,0.12660479545593262
ACH-001106,216326,0,0.06252174079418182
ACH-001106,2314623,0,0.0909796953201294
ACH-001106,23582824,1,0.6671546101570129
ACH-001106,23725625,1,0.11980787664651871
ACH-001106,2375,0,0.11017943173646927
ACH-001106,24180719,0,0.18993793427944183
ACH-001106,24737642,0,0.3207675814628601
ACH-001106,24739943,1,0.6019105911254883
ACH-001106,24756910,1,0.40983107686042786
ACH-001106,24770514,1,0.4106875956058502
ACH-001106,24771867,1,0.2320006936788559
ACH-001106,24772043,1,0.5188207030296326
ACH-001106,24772860,1,0.5391396284103394
ACH-001106,24776445,0,0.10168758034706116
ACH-001106,24785538,1,0.37074872851371765
ACH-001106,24826799,0,0.23653028905391693
ACH-001106,24889392,0,0.08531355857849121
ACH-001106,24894414,0,0.15939000248908997
ACH-001106,24951314,1,0.6535597443580627
ACH-001106,24964624,0,0.27531689405441284
ACH-001106,24978538,1,0.3706307113170624
ACH-001106,25022668,1,0.4871004521846771
ACH-001106,25102847,1,0.2873544692993164
ACH-001106,25124816,0,0.11644754558801651
ACH-001106,25126798,0,0.10435978323221207
ACH-001106,25167777,1,0.453531414270401
ACH-001106,25195294,1,0.6840620636940002
ACH-001106,25254071,1,0.465495765209198
ACH-001106,25257557,1,0.27466094493865967
ACH-001106,25260757,1,0.3594520390033722
ACH-001106,25262792,1,0.3617251217365265
ACH-001106,25262965,1,0.36723726987838745
ACH-001106,2733526,0,0.14806441962718964
ACH-001106,300471,1,0.8030438423156738
ACH-001106,3005532,0,0.12473030388355255
ACH-001106,3062316,0,0.2685272693634033
ACH-001106,3101542,0,0.12113464623689651
ACH-001106,31703,1,0.6103724241256714
ACH-001106,3218,1,0.5867334604263306
ACH-001106,3372016,0,0.15513281524181366
ACH-001106,3385,1,0.7080576419830322
ACH-001106,3463933,1,0.5958740711212158
ACH-001106,36314,1,0.5618666410446167
ACH-001106,36462,1,0.7371265292167664
ACH-001106,3796,0,0.15193380415439606
ACH-001106,3827738,1,0.1537836641073227
ACH-001106,387447,1,0.633510947227478
ACH-001106,4248455,1,0.32738354802131653
ACH-001106,4261,1,0.7503991723060608
ACH-001106,42623900,1,0.27919551730155945
ACH-001106,42628507,1,0.5279803276062012
ACH-001106,42640,1,0.4245443344116211
ACH-001106,42642645,1,0.45552927255630493
ACH-001106,44137675,0,0.33317241072654724
ACH-001106,44143370,1,0.2713462710380554
ACH-001106,44182295,1,0.38658544421195984
ACH-001106,44224257,1,0.4066050946712494
ACH-001106,44462760,0,0.24042348563671112
ACH-001106,444732,1,0.49949589371681213
ACH-001106,444795,0,0.27355241775512695
ACH-001106,44551660,1,0.6080387830734253
ACH-001106,44632017,1,0.36699414253234863
ACH-001106,446378,1,0.6132990121841431
ACH-001106,447912,0,0.302602618932724
ACH-001106,448013,1,0.6694956421852112
ACH-001106,45258277,1,0.3262217044830322
ACH-001106,46006640,1,0.1778085082769394
ACH-001106,46191454,1,0.5842714309692383
ACH-001106,46192505,0,0.17980524897575378
ACH-001106,46224516,1,0.5718459486961365
ACH-001106,46843648,1,0.49971434473991394
ACH-001106,46883536,0,0.08717283606529236
ACH-001106,46885626,1,0.44587090611457825
ACH-001106,46893585,0,0.2210984081029892
ACH-001106,46907787,1,0.28556564450263977
ACH-001106,46926973,0,0.18657472729682922
ACH-001106,46937430,0,0.10836567729711533
ACH-001106,46943432,1,0.2905958890914917
ACH-001106,479503,1,0.639571487903595
ACH-001106,49806720,0,0.10252033919095993
ACH-001106,49831044,0,0.6382516622543335
ACH-001106,49847690,1,0.34432023763656616
ACH-001106,49850262,1,0.13261225819587708
ACH-001106,5081913,1,0.48254162073135376
ACH-001106,51039095,0,0.2888663709163666
ACH-001106,5113032,0,0.08980394899845123
ACH-001106,51358113,1,0.5445161461830139
ACH-001106,521106,1,0.4243200123310089
ACH-001106,5278396,0,0.11302755028009415
ACH-001106,5280757,0,0.14254987239837646
ACH-001106,5284616,1,0.27236300706863403
ACH-001106,5287969,1,0.403961181640625
ACH-001106,5291,0,0.11825292557477951
ACH-001106,52912189,1,0.3950912058353424
ACH-001106,52913813,0,0.21616293489933014
ACH-001106,5311,1,0.5656934976577759
ACH-001106,5311497,1,0.40943437814712524
ACH-001106,5311510,0,0.29298585653305054
ACH-001106,5328940,0,0.15003733336925507
ACH-001106,5329102,1,0.314505398273468
ACH-001106,53302361,1,0.3466961085796356
ACH-001106,5330286,1,0.418420672416687
ACH-001106,53315878,0,0.10016622394323349
ACH-001106,53340664,1,0.3000674545764923
ACH-001106,53340666,1,0.5601604580879211
ACH-001106,5351307,1,0.6187248826026917
ACH-001106,5360373,1,0.396331250667572
ACH-001106,5394,0,0.08990651369094849
ACH-001106,5460033,1,0.6034536361694336
ACH-001106,54676905,0,0.07175996899604797
ACH-001106,54685215,0,0.06873542070388794
ACH-001106,5494449,1,0.3362490236759186
ACH-001106,560326,1,0.8010053634643555
ACH-001106,56599306,1,0.2815820872783661
ACH-001106,56962337,0,0.15576283633708954
ACH-001106,56965967,1,0.5745084285736084
ACH-001106,57339144,0,0.08255874365568161
ACH-001106,5746,1,0.713920533657074
ACH-001106,57519544,0,0.23454636335372925
ACH-001106,58423153,0,0.1693793535232544
ACH-001106,60750,1,0.7173479199409485
ACH-001106,6253,1,0.5515549182891846
ACH-001106,637858,1,0.6545882821083069
ACH-001106,644215,1,0.5191286206245422
ACH-001106,644241,0,0.14283683896064758
ACH-001106,644243,0,0.0887349471449852
ACH-001106,6445533,1,0.5008811354637146
ACH-001106,6445562,1,0.23785169422626495
ACH-001106,6450551,0,0.22046604752540588
ACH-001106,6450816,1,0.3531695008277893
ACH-001106,6505803,1,0.38355666399002075
ACH-001106,65110,1,0.3807018995285034
ACH-001106,66577038,0,0.11174002289772034
ACH-001106,68234129,1,0.3911839425563812
ACH-001106,68289010,0,0.11050332337617874
ACH-001106,6852167,1,0.42944636940956116
ACH-001106,6914657,1,0.4029039740562439
ACH-001106,6918289,1,0.33804023265838623
ACH-001106,6918454,1,0.3583607077598572
ACH-001106,6918638,1,0.46093642711639404
ACH-001106,6918837,1,0.5355219841003418
ACH-001106,6918848,1,0.6435895562171936
ACH-001106,69923936,1,0.38320544362068176
ACH-001106,704473,0,0.1632220596075058
ACH-001106,71271629,1,0.37204092741012573
ACH-001106,71299339,0,0.12491241097450256
ACH-001106,71729975,1,0.5515781044960022
ACH-001106,73265211,0,0.08039198815822601
ACH-001106,73265214,1,0.19591064751148224
ACH-001106,73707530,1,0.6632360219955444
ACH-001106,73755109,0,0.19981692731380463
ACH-001106,76044,1,0.34651848673820496
ACH-001106,76685059,0,0.3619946837425232
ACH-001106,77232197,1,0.6037037372589111
ACH-001106,78243717,0,0.08617758750915527
ACH-001106,82146,0,0.5688546895980835
ACH-001106,8249,1,0.6836604475975037
ACH-001106,90488984,0,0.07351130992174149
ACH-001106,92577,0,0.11072669178247452
ACH-001106,9549184,1,0.2426939606666565
ACH-001106,9549289,1,0.4838782846927643
ACH-001106,9549297,1,0.13478197157382965
ACH-001106,97489,0,0.12721502780914307
ACH-001106,9826308,1,0.5050449371337891
ACH-001106,9826528,1,0.51753169298172
ACH-001106,9829523,0,0.3748621940612793
ACH-001106,9858940,1,0.4648891091346741
ACH-001106,9863776,1,0.6801777482032776
ACH-001106,9868037,1,0.3230200707912445
ACH-001106,9874913,0,0.20012305676937103
ACH-001106,9884685,1,0.20941460132598877
ACH-001106,9903786,1,0.49209064245224
ACH-001106,9908783,0,0.10982175171375275
ACH-001106,9910224,0,0.0823313519358635
ACH-001106,9911830,0,0.08606527000665665
ACH-001106,9914412,1,0.4297880232334137
ACH-001106,9926054,1,0.3551785945892334
ACH-001106,9938202,0,0.18942463397979736
ACH-001106,9952773,1,0.2846197187900543
ACH-001106,9956119,0,0.13498319685459137
ACH-001106,9956222,1,0.24230967462062836
